timestamp,open,high,low,close,volume
2025-05-12 10:00:00,0.4668,0.4684,0.4623,0.4649,5538172.0
2025-05-12 11:00:00,0.4648,0.466,0.4533,0.4549,6605483.9
2025-05-12 12:00:00,0.4548,0.465,0.4545,0.4631,6138764.1
2025-05-12 13:00:00,0.4631,0.4682,0.4547,0.4588,6594419.9
2025-05-12 14:00:00,0.4589,0.4613,0.442,0.4444,14279968.0
2025-05-12 15:00:00,0.4445,0.4465,0.4367,0.4397,10572805.1
2025-05-12 16:00:00,0.4396,0.4438,0.4364,0.4424,6135908.1
2025-05-12 17:00:00,0.4424,0.4467,0.434,0.4362,4748134.7
2025-05-12 18:00:00,0.4362,0.4379,0.4154,0.4234,18841287.1
2025-05-12 19:00:00,0.4235,0.4318,0.4225,0.4267,7511605.3
2025-05-12 20:00:00,0.4267,0.4327,0.4239,0.4306,4889634.5
2025-05-12 21:00:00,0.4305,0.4317,0.4281,0.4301,2679746.8
2025-05-12 22:00:00,0.4301,0.4339,0.4286,0.4314,2601749.3
2025-05-12 23:00:00,0.4315,0.4347,0.4293,0.4304,2622471.9
2025-05-13 00:00:00,0.4305,0.4308,0.421,0.4218,3669192.6
2025-05-13 01:00:00,0.4218,0.4243,0.4179,0.4209,3415076.9
2025-05-13 02:00:00,0.4209,0.4228,0.4129,0.4183,6680812.2
2025-05-13 03:00:00,0.4184,0.4194,0.4065,0.4091,5962306.7
2025-05-13 04:00:00,0.409,0.4178,0.4077,0.4171,3522881.8
2025-05-13 05:00:00,0.4171,0.4194,0.4126,0.4152,2367600.5
2025-05-13 06:00:00,0.4154,0.4192,0.4152,0.4169,2728558.0
2025-05-13 07:00:00,0.4169,0.4228,0.4163,0.4192,2643347.3
2025-05-13 08:00:00,0.4192,0.4241,0.4192,0.4227,2348435.2
2025-05-13 09:00:00,0.4227,0.4294,0.4225,0.4285,3444793.0
2025-05-13 10:00:00,0.4285,0.4287,0.4235,0.426,2858894.8
2025-05-13 11:00:00,0.426,0.4305,0.425,0.4283,4130886.1
2025-05-13 12:00:00,0.4283,0.4307,0.4238,0.4274,10002233.7
2025-05-13 13:00:00,0.4273,0.4303,0.4245,0.4271,4589254.1
2025-05-13 14:00:00,0.4271,0.4276,0.4204,0.4246,4049633.3
2025-05-13 15:00:00,0.4246,0.4321,0.4235,0.4315,3340119.1
2025-05-13 16:00:00,0.4315,0.4441,0.4305,0.4415,9103864.0
2025-05-13 17:00:00,0.4415,0.4488,0.4411,0.4449,6303099.7
2025-05-13 18:00:00,0.4449,0.4513,0.4436,0.451,8313763.9
2025-05-13 19:00:00,0.451,0.4649,0.4467,0.4553,14786651.6
2025-05-13 20:00:00,0.4552,0.4643,0.4491,0.4613,8999109.8
2025-05-13 21:00:00,0.4614,0.4626,0.4561,0.4573,4873216.1
2025-05-13 22:00:00,0.4573,0.4599,0.4529,0.4548,4325611.8
2025-05-13 23:00:00,0.4548,0.4575,0.4513,0.4571,6989192.3
2025-05-14 00:00:00,0.457,0.4591,0.4537,0.4564,3827250.7
2025-05-14 01:00:00,0.4564,0.4616,0.4517,0.453,4583439.5
2025-05-14 02:00:00,0.4529,0.4531,0.4454,0.4489,5187805.7
2025-05-14 03:00:00,0.449,0.4502,0.4451,0.45,1687840.1
2025-05-14 04:00:00,0.45,0.4561,0.4463,0.4561,2484450.1
2025-05-14 05:00:00,0.4562,0.4577,0.4523,0.4552,2255149.8
2025-05-14 06:00:00,0.4553,0.4561,0.4502,0.451,2030330.5
2025-05-14 07:00:00,0.4511,0.4511,0.4422,0.4432,3488841.6
2025-05-14 08:00:00,0.4432,0.445,0.4303,0.4308,9628239.7
2025-05-14 09:00:00,0.4309,0.4356,0.4284,0.4337,6511993.3
2025-05-14 10:00:00,0.4338,0.441,0.4338,0.4362,5588970.2
2025-05-14 11:00:00,0.4363,0.4429,0.4363,0.4388,3137143.0
2025-05-14 12:00:00,0.4389,0.4406,0.4317,0.4331,3764792.2
2025-05-14 13:00:00,0.4331,0.4369,0.427,0.4326,5025500.2
2025-05-14 14:00:00,0.4326,0.4326,0.4238,0.4279,5076565.5
2025-05-14 15:00:00,0.4279,0.43,0.4245,0.4299,2657872.1
2025-05-14 16:00:00,0.4298,0.4302,0.4236,0.4265,5120876.5
2025-05-14 17:00:00,0.4265,0.4277,0.4204,0.4276,2881770.5
2025-05-14 18:00:00,0.4276,0.4303,0.4262,0.4298,3099390.6
2025-05-14 19:00:00,0.4297,0.4301,0.4275,0.4292,1621288.3
2025-05-14 20:00:00,0.4292,0.4306,0.4282,0.4285,1928389.4
2025-05-14 21:00:00,0.4286,0.4301,0.4251,0.4293,1385781.5
2025-05-14 22:00:00,0.4293,0.4295,0.4238,0.425,900736.8
2025-05-14 23:00:00,0.425,0.4274,0.4216,0.4265,1888591.6
2025-05-15 00:00:00,0.4266,0.4352,0.4266,0.4322,2704479.5
2025-05-15 01:00:00,0.4321,0.4328,0.4183,0.4207,4805746.6
2025-05-15 02:00:00,0.4206,0.4279,0.4199,0.426,2845050.4
2025-05-15 03:00:00,0.4261,0.4284,0.4223,0.423,1507368.5
2025-05-15 04:00:00,0.423,0.4266,0.422,0.4253,1403986.0
2025-05-15 05:00:00,0.4252,0.4258,0.4174,0.4182,2517726.3
2025-05-15 06:00:00,0.4182,0.4227,0.4137,0.4175,4291292.8
2025-05-15 07:00:00,0.4175,0.4181,0.4055,0.4065,7033038.1
2025-05-15 08:00:00,0.4064,0.4175,0.4063,0.4171,3993091.8
2025-05-15 09:00:00,0.417,0.4175,0.4081,0.4125,3610472.8
2025-05-15 10:00:00,0.4124,0.4129,0.4037,0.4083,2701700.7
2025-05-15 11:00:00,0.4083,0.4139,0.4076,0.4115,2329715.7
2025-05-15 12:00:00,0.4115,0.4167,0.4087,0.4123,6521477.2
2025-05-15 13:00:00,0.4123,0.416,0.4013,0.4067,7320777.5
2025-05-15 14:00:00,0.4067,0.4087,0.3953,0.3994,8497577.9
2025-05-15 15:00:00,0.3993,0.4153,0.3984,0.4145,9059648.9
2025-05-15 16:00:00,0.4145,0.4218,0.4114,0.4217,8729571.9
2025-05-15 17:00:00,0.4217,0.4234,0.4148,0.4157,4967427.2
2025-05-15 18:00:00,0.4156,0.4162,0.4011,0.4028,4265091.2
2025-05-15 19:00:00,0.4027,0.4062,0.3989,0.4021,4074143.1
2025-05-15 20:00:00,0.4022,0.4056,0.397,0.4006,7847989.1
2025-05-15 21:00:00,0.4006,0.4012,0.3905,0.3994,3941428.3
2025-05-15 22:00:00,0.3993,0.403,0.3954,0.3957,2750080.8
2025-05-15 23:00:00,0.3956,0.3982,0.3874,0.3982,4015311.8
2025-05-16 00:00:00,0.3982,0.4021,0.3969,0.3984,3887044.3
2025-05-16 01:00:00,0.3985,0.4032,0.3948,0.4026,2568784.0
2025-05-16 02:00:00,0.4026,0.4076,0.401,0.405,5922567.3
2025-05-16 03:00:00,0.405,0.4078,0.4035,0.4064,2762973.3
2025-05-16 04:00:00,0.4065,0.4087,0.4027,0.4053,1862335.9
2025-05-16 05:00:00,0.4054,0.4108,0.4053,0.4091,2171819.9
2025-05-16 06:00:00,0.4092,0.4149,0.4085,0.4129,2757920.5
2025-05-16 07:00:00,0.413,0.4156,0.4098,0.4122,4096894.1
2025-05-16 08:00:00,0.4122,0.4142,0.4033,0.4059,3841301.1
2025-05-16 09:00:00,0.406,0.4141,0.4057,0.4132,3141428.5
2025-05-16 10:00:00,0.4133,0.4169,0.4117,0.4167,2899047.8
2025-05-16 11:00:00,0.4168,0.4176,0.4112,0.4125,3474370.8
2025-05-16 12:00:00,0.4126,0.4144,0.4081,0.4081,2987268.0
2025-05-16 13:00:00,0.408,0.4131,0.4073,0.4125,3676275.5
2025-05-16 14:00:00,0.4124,0.4124,0.4033,0.4067,4816844.8
2025-05-16 15:00:00,0.4068,0.4113,0.4068,0.41,2940908.2
2025-05-16 16:00:00,0.41,0.4127,0.4023,0.4075,3114308.4
2025-05-16 17:00:00,0.4075,0.4092,0.4009,0.4023,1971884.1
2025-05-16 18:00:00,0.4023,0.4042,0.4003,0.4028,1824637.2
2025-05-16 19:00:00,0.4028,0.4051,0.4011,0.4025,2068493.8
2025-05-16 20:00:00,0.4024,0.403,0.3949,0.3976,3824674.3
2025-05-16 21:00:00,0.3975,0.4006,0.3949,0.3966,2067085.2
2025-05-16 22:00:00,0.3965,0.3969,0.3853,0.3895,4172247.0
2025-05-16 23:00:00,0.3894,0.3939,0.3892,0.3898,1406469.7
2025-05-17 00:00:00,0.3898,0.391,0.3806,0.3825,6493419.7
2025-05-17 01:00:00,0.3824,0.3824,0.3713,0.3746,5460243.1
2025-05-17 02:00:00,0.3745,0.3796,0.3706,0.3782,3182728.2
2025-05-17 03:00:00,0.3783,0.381,0.3739,0.3809,1635715.2
2025-05-17 04:00:00,0.3809,0.3852,0.3789,0.3824,1589927.3
2025-05-17 05:00:00,0.3825,0.3836,0.3757,0.3765,1754667.3
2025-05-17 06:00:00,0.3764,0.3798,0.3752,0.3788,1320317.5
2025-05-17 07:00:00,0.3788,0.3816,0.3749,0.3778,2134481.7
2025-05-17 08:00:00,0.3779,0.38,0.3746,0.3749,2001210.1
2025-05-17 09:00:00,0.375,0.3773,0.3721,0.3762,2354131.7
2025-05-17 10:00:00,0.3764,0.3803,0.3755,0.3784,1793134.0
2025-05-17 11:00:00,0.3786,0.3798,0.3745,0.3774,1504540.0
2025-05-17 12:00:00,0.3774,0.3789,0.3754,0.3758,1096026.7
2025-05-17 13:00:00,0.3759,0.3785,0.3707,0.3731,1780849.1
2025-05-17 14:00:00,0.373,0.3809,0.3729,0.3802,1954351.1
2025-05-17 15:00:00,0.3802,0.3806,0.3764,0.3765,2131454.3
2025-05-17 16:00:00,0.3765,0.3776,0.3687,0.3744,3471663.7
2025-05-17 17:00:00,0.3743,0.3785,0.3735,0.3755,1297667.6
2025-05-17 18:00:00,0.3754,0.3803,0.3721,0.3722,4540208.3
2025-05-17 19:00:00,0.3722,0.3764,0.3708,0.3728,951620.0
2025-05-17 20:00:00,0.3728,0.3826,0.3722,0.3795,2529091.5
2025-05-17 21:00:00,0.3796,0.3809,0.3768,0.3793,1589379.4
2025-05-17 22:00:00,0.3792,0.3793,0.3699,0.3738,2299418.5
2025-05-17 23:00:00,0.3738,0.378,0.3724,0.3759,1216441.2
2025-05-18 00:00:00,0.3761,0.3785,0.374,0.3778,1051748.8
2025-05-18 01:00:00,0.3779,0.3795,0.3747,0.3783,674207.2
2025-05-18 02:00:00,0.3782,0.3787,0.3751,0.3762,588897.1
2025-05-18 03:00:00,0.3762,0.3781,0.3726,0.3753,2728229.7
2025-05-18 04:00:00,0.3753,0.3792,0.3751,0.3787,1109566.6
2025-05-18 05:00:00,0.3787,0.3893,0.3785,0.3889,3342903.5
2025-05-18 06:00:00,0.3889,0.3907,0.3851,0.3872,2902607.9
2025-05-18 07:00:00,0.387,0.393,0.3858,0.3919,1616987.5
2025-05-18 08:00:00,0.392,0.3985,0.3914,0.3963,3698495.5
2025-05-18 09:00:00,0.3963,0.3985,0.3907,0.3919,3527676.2
2025-05-18 10:00:00,0.3919,0.3935,0.3886,0.3905,2741110.3
2025-05-18 11:00:00,0.3905,0.3919,0.386,0.3865,3140247.2
2025-05-18 12:00:00,0.3864,0.3902,0.3837,0.3898,3056156.9
2025-05-18 13:00:00,0.3897,0.3959,0.3878,0.3951,2958080.9
2025-05-18 14:00:00,0.3952,0.4035,0.394,0.4011,4054940.7
2025-05-18 15:00:00,0.4012,0.4079,0.3986,0.4051,4720567.3
2025-05-18 16:00:00,0.4052,0.4073,0.402,0.4042,4937397.6
2025-05-18 17:00:00,0.4042,0.4043,0.3875,0.3883,4802176.3
2025-05-18 18:00:00,0.3884,0.3893,0.3794,0.3842,6351477.6
2025-05-18 19:00:00,0.3841,0.3855,0.3744,0.3749,4073827.6
2025-05-18 20:00:00,0.3749,0.378,0.3659,0.3769,10747108.5
2025-05-18 21:00:00,0.3769,0.3848,0.3769,0.3804,3108430.6
2025-05-18 22:00:00,0.3804,0.3882,0.3758,0.3879,2140176.4
2025-05-18 23:00:00,0.3878,0.3977,0.3842,0.3952,2307657.1
2025-05-19 00:00:00,0.3953,0.3999,0.3843,0.3853,4480763.2
2025-05-19 01:00:00,0.3854,0.387,0.38,0.3805,2733915.0
2025-05-19 02:00:00,0.3804,0.3818,0.3758,0.3769,3376966.1
2025-05-19 03:00:00,0.3769,0.3774,0.3731,0.375,2149377.8
2025-05-19 04:00:00,0.3751,0.3784,0.3664,0.3696,3168834.8
2025-05-19 05:00:00,0.3697,0.3715,0.3675,0.3703,3727890.3
2025-05-19 06:00:00,0.3703,0.3749,0.3641,0.3645,3050608.2
2025-05-19 07:00:00,0.3645,0.3753,0.3642,0.3744,2878606.7
2025-05-19 08:00:00,0.3743,0.3779,0.3707,0.3735,2045878.3
2025-05-19 09:00:00,0.3734,0.3758,0.3702,0.3706,3012466.2
2025-05-19 10:00:00,0.3705,0.3749,0.3681,0.3723,2820891.4
2025-05-19 11:00:00,0.3723,0.3735,0.3711,0.3725,810300.8
2025-05-19 12:00:00,0.3724,0.3733,0.3679,0.3702,2078205.1
2025-05-19 13:00:00,0.3703,0.3811,0.3695,0.3776,3652698.3
2025-05-19 14:00:00,0.3777,0.3825,0.3762,0.3802,2816173.1
2025-05-19 15:00:00,0.3802,0.388,0.3798,0.3844,3743759.4
2025-05-19 16:00:00,0.3843,0.3888,0.3799,0.3884,2463552.1
2025-05-19 17:00:00,0.3883,0.3963,0.3878,0.3892,4303827.1
2025-05-19 18:00:00,0.3891,0.3919,0.3829,0.3866,1954944.9
2025-05-19 19:00:00,0.3867,0.3919,0.3854,0.3905,2515295.3
2025-05-19 20:00:00,0.3905,0.3918,0.3881,0.3895,1934864.0
2025-05-19 21:00:00,0.3895,0.3915,0.3862,0.3913,1182175.8
2025-05-19 22:00:00,0.3912,0.3912,0.387,0.3886,1155077.8
2025-05-19 23:00:00,0.3886,0.393,0.3884,0.3919,1162588.1
2025-05-20 00:00:00,0.392,0.4,0.3873,0.3886,4560435.1
2025-05-20 01:00:00,0.3885,0.3972,0.3876,0.395,2049419.1
2025-05-20 02:00:00,0.3951,0.4016,0.3948,0.3967,3252591.8
2025-05-20 03:00:00,0.3967,0.3995,0.3941,0.3962,2517095.5
2025-05-20 04:00:00,0.3962,0.3994,0.3925,0.3987,1770586.5
2025-05-20 05:00:00,0.3988,0.4021,0.3966,0.3968,2402612.4
2025-05-20 06:00:00,0.3969,0.3976,0.3927,0.3951,1317189.9
2025-05-20 07:00:00,0.3952,0.3958,0.3891,0.3911,2340357.4
2025-05-20 08:00:00,0.391,0.3944,0.3887,0.3935,1800820.1
2025-05-20 09:00:00,0.3935,0.3953,0.3915,0.392,1575176.1
2025-05-20 10:00:00,0.3922,0.3935,0.3874,0.3898,2807099.3
2025-05-20 11:00:00,0.3898,0.3926,0.3856,0.3908,1930438.8
2025-05-20 12:00:00,0.3908,0.3911,0.3834,0.3853,2730489.5
2025-05-20 13:00:00,0.3854,0.3877,0.3828,0.3848,2620070.4
2025-05-20 14:00:00,0.3848,0.3882,0.3835,0.3845,1579419.8
2025-05-20 15:00:00,0.3846,0.3897,0.3841,0.3874,1976765.3
2025-05-20 16:00:00,0.3874,0.3892,0.3841,0.3844,1426208.0
2025-05-20 17:00:00,0.3845,0.3927,0.384,0.3901,1821672.9
2025-05-20 18:00:00,0.3902,0.3912,0.3797,0.3809,2816599.9
2025-05-20 19:00:00,0.3809,0.3922,0.38,0.3904,2090244.1
2025-05-20 20:00:00,0.3904,0.3955,0.3875,0.3935,3544799.7
2025-05-20 21:00:00,0.3936,0.397,0.3921,0.3945,2026151.1
2025-05-20 22:00:00,0.3946,0.3959,0.3888,0.3922,1674535.6
2025-05-20 23:00:00,0.3922,0.3968,0.3914,0.3937,1534258.3
2025-05-21 00:00:00,0.3938,0.3971,0.3926,0.3941,1785588.9
2025-05-21 01:00:00,0.394,0.3979,0.3932,0.3939,1627312.5
2025-05-21 02:00:00,0.3938,0.3983,0.3896,0.398,1359935.6
2025-05-21 03:00:00,0.3979,0.4027,0.3974,0.3993,4455989.0
2025-05-21 04:00:00,0.3993,0.4016,0.3954,0.3982,2850160.1
2025-05-21 05:00:00,0.3981,0.4064,0.3974,0.4049,3155826.7
2025-05-21 06:00:00,0.4051,0.408,0.4009,0.4041,3176832.2
2025-05-21 07:00:00,0.4042,0.4047,0.3948,0.3964,4737106.9
2025-05-21 08:00:00,0.3964,0.3988,0.3954,0.3958,1498376.0
2025-05-21 09:00:00,0.3959,0.3976,0.3923,0.3934,4220756.5
2025-05-21 10:00:00,0.3934,0.3967,0.3922,0.3952,1714996.4
2025-05-21 11:00:00,0.3954,0.4026,0.3951,0.3986,1703393.0
2025-05-21 12:00:00,0.3985,0.4011,0.3967,0.3982,1223653.9
2025-05-21 13:00:00,0.3983,0.4014,0.3952,0.3993,2707258.5
2025-05-21 14:00:00,0.3993,0.4042,0.3954,0.4042,3555635.3
2025-05-21 15:00:00,0.4041,0.4055,0.4003,0.4043,5644188.8
2025-05-21 16:00:00,0.4044,0.4183,0.402,0.4161,9560136.6
2025-05-21 17:00:00,0.4161,0.4176,0.3914,0.3962,24992474.3
2025-05-21 18:00:00,0.3963,0.4038,0.3941,0.3979,4704416.2
2025-05-21 19:00:00,0.3979,0.4085,0.3963,0.4073,4004540.6
2025-05-21 20:00:00,0.4072,0.4086,0.4026,0.4053,2147225.8
2025-05-21 21:00:00,0.4054,0.4063,0.4029,0.4033,1477378.8
2025-05-21 22:00:00,0.4033,0.4123,0.4029,0.412,1480310.7
2025-05-21 23:00:00,0.4121,0.4198,0.4096,0.411,7309559.1
2025-05-22 00:00:00,0.4112,0.4183,0.4095,0.418,3318685.1
2025-05-22 01:00:00,0.4181,0.421,0.414,0.4152,4024678.2
2025-05-22 02:00:00,0.4152,0.4192,0.4142,0.4177,2757672.0
2025-05-22 03:00:00,0.4178,0.4242,0.415,0.4204,4473711.0
2025-05-22 04:00:00,0.4204,0.4257,0.4184,0.4246,6282169.2
2025-05-22 05:00:00,0.4246,0.4263,0.4188,0.4191,3245841.2
2025-05-22 06:00:00,0.4192,0.4213,0.4175,0.4194,2766306.4
2025-05-22 07:00:00,0.4195,0.4267,0.4178,0.4243,7325044.8
2025-05-22 08:00:00,0.4243,0.4305,0.4227,0.4286,4600450.7
2025-05-22 09:00:00,0.4286,0.4333,0.4276,0.4295,8105666.4
2025-05-22 10:00:00,0.4295,0.4299,0.4247,0.4258,3008741.6
2025-05-22 11:00:00,0.4257,0.4266,0.4215,0.4241,3173079.6
2025-05-22 12:00:00,0.424,0.4264,0.4222,0.4255,2871932.1
2025-05-22 13:00:00,0.4256,0.4263,0.421,0.4225,2814810.5
2025-05-22 14:00:00,0.4225,0.4326,0.4224,0.4303,5618328.5
2025-05-22 15:00:00,0.4304,0.4388,0.4296,0.4327,6660690.0
2025-05-22 16:00:00,0.4328,0.4375,0.4295,0.4302,4154163.1
2025-05-22 17:00:00,0.4303,0.4339,0.4291,0.4308,2150034.3
2025-05-22 18:00:00,0.4308,0.4324,0.4287,0.4311,2424135.3
2025-05-22 19:00:00,0.4311,0.4312,0.4239,0.4256,2987165.7
2025-05-22 20:00:00,0.4257,0.4299,0.4246,0.4255,4115801.5
2025-05-22 21:00:00,0.4254,0.4254,0.4215,0.4228,2697756.8
2025-05-22 22:00:00,0.4229,0.428,0.4228,0.4245,1867815.3
2025-05-22 23:00:00,0.4246,0.4302,0.4246,0.4291,1244742.9
2025-05-23 00:00:00,0.4292,0.4322,0.4265,0.4296,3454577.3
2025-05-23 01:00:00,0.4295,0.4356,0.4264,0.4331,3655840.0
2025-05-23 02:00:00,0.4331,0.4445,0.4326,0.4383,7443939.2
2025-05-23 03:00:00,0.4382,0.4448,0.4381,0.444,3317384.0
2025-05-23 04:00:00,0.4439,0.4447,0.4299,0.4349,5344502.1
2025-05-23 05:00:00,0.4348,0.4372,0.4303,0.4353,2507002.5
2025-05-23 06:00:00,0.4353,0.4359,0.4233,0.4261,5666677.3
2025-05-23 07:00:00,0.4261,0.4305,0.4254,0.4265,2086305.2
2025-05-23 08:00:00,0.4266,0.4323,0.4255,0.4305,2102442.5
2025-05-23 09:00:00,0.4305,0.4356,0.4291,0.4345,2393381.5
2025-05-23 10:00:00,0.4346,0.4346,0.4276,0.4311,2045076.7
2025-05-23 11:00:00,0.4312,0.4314,0.4069,0.4104,16005735.1
2025-05-23 12:00:00,0.4105,0.411,0.3956,0.4049,17582603.5
2025-05-23 13:00:00,0.405,0.4129,0.4027,0.4129,6238344.6
2025-05-23 14:00:00,0.4129,0.4163,0.4102,0.4138,5544803.6
2025-05-23 15:00:00,0.4138,0.4155,0.4065,0.4072,3287553.2
2025-05-23 16:00:00,0.4073,0.4096,0.4032,0.4082,4528384.8
2025-05-23 17:00:00,0.4082,0.4138,0.408,0.4116,2208331.1
2025-05-23 18:00:00,0.4116,0.4132,0.407,0.4078,2114439.2
2025-05-23 19:00:00,0.4077,0.411,0.4054,0.4064,1897024.3
2025-05-23 20:00:00,0.4064,0.4066,0.3999,0.4009,2896522.7
2025-05-23 21:00:00,0.4009,0.4038,0.398,0.3994,2052797.1
2025-05-23 22:00:00,0.3994,0.4026,0.3969,0.3969,1583848.7
2025-05-23 23:00:00,0.3968,0.3977,0.388,0.3908,3868090.5
2025-05-24 00:00:00,0.3908,0.3956,0.3881,0.3909,2186919.9
2025-05-24 01:00:00,0.3908,0.3949,0.3901,0.3913,2296833.4
2025-05-24 02:00:00,0.3913,0.3968,0.3899,0.3967,1630190.9
2025-05-24 03:00:00,0.3966,0.4002,0.3958,0.3986,1137774.5
2025-05-24 04:00:00,0.3986,0.4019,0.3968,0.3995,1179981.7
2025-05-24 05:00:00,0.3995,0.3998,0.3957,0.3976,1128829.7
2025-05-24 06:00:00,0.3976,0.3988,0.3946,0.3969,862794.1
2025-05-24 07:00:00,0.397,0.3991,0.3945,0.3954,804027.9
2025-05-24 08:00:00,0.3955,0.3971,0.3928,0.3966,2115492.0
2025-05-24 09:00:00,0.3966,0.3976,0.3951,0.3955,1001784.9
2025-05-24 10:00:00,0.3955,0.4009,0.3946,0.399,1758307.1
2025-05-24 11:00:00,0.399,0.4008,0.3967,0.3972,1553531.7
2025-05-24 12:00:00,0.3973,0.3987,0.3952,0.3983,1431755.8
2025-05-24 13:00:00,0.3984,0.3991,0.3954,0.3954,961928.9
2025-05-24 14:00:00,0.3954,0.3994,0.395,0.399,1052895.8
2025-05-24 15:00:00,0.399,0.4003,0.3957,0.3976,890791.5
2025-05-24 16:00:00,0.3977,0.3981,0.3942,0.397,900303.1
2025-05-24 17:00:00,0.397,0.3992,0.3957,0.3964,640624.5
2025-05-24 18:00:00,0.3964,0.3986,0.3942,0.3946,671604.8
2025-05-24 19:00:00,0.3946,0.396,0.394,0.3955,672667.6
2025-05-24 20:00:00,0.3956,0.3965,0.3943,0.395,694272.5
2025-05-24 21:00:00,0.3951,0.3951,0.39,0.3936,1307080.0
2025-05-24 22:00:00,0.3936,0.3936,0.3907,0.3912,619657.1
2025-05-24 23:00:00,0.3911,0.3934,0.3894,0.3922,956852.0
2025-05-25 00:00:00,0.3921,0.395,0.3846,0.3863,2889994.6
2025-05-25 01:00:00,0.3862,0.3887,0.3831,0.3868,2482542.9
2025-05-25 02:00:00,0.3869,0.3897,0.3834,0.3893,1018699.1
2025-05-25 03:00:00,0.3893,0.3908,0.3892,0.3895,582630.6
2025-05-25 04:00:00,0.3895,0.39,0.3869,0.3894,595972.4
2025-05-25 05:00:00,0.3894,0.3905,0.388,0.3903,373852.7
2025-05-25 06:00:00,0.3902,0.3903,0.3873,0.389,760608.9
2025-05-25 07:00:00,0.3889,0.3889,0.3829,0.3846,1649103.1
2025-05-25 08:00:00,0.3847,0.3847,0.3774,0.3794,2582614.8
2025-05-25 09:00:00,0.3794,0.3816,0.378,0.3815,1625634.2
2025-05-25 10:00:00,0.3814,0.3832,0.3805,0.3807,647912.0
2025-05-25 11:00:00,0.3806,0.3826,0.3799,0.3814,560216.5
2025-05-25 12:00:00,0.3814,0.3851,0.3793,0.385,1213388.6
2025-05-25 13:00:00,0.385,0.3874,0.3827,0.3849,1425050.2
2025-05-25 14:00:00,0.3848,0.3857,0.3808,0.382,613310.2
2025-05-25 15:00:00,0.3821,0.3828,0.3752,0.3825,2952328.7
2025-05-25 16:00:00,0.3825,0.3825,0.3775,0.3812,1398608.4
2025-05-25 17:00:00,0.3812,0.3833,0.3803,0.3819,552276.6
2025-05-25 18:00:00,0.382,0.384,0.3813,0.3824,920587.0
2025-05-25 19:00:00,0.3823,0.3865,0.3817,0.3846,1566427.6
2025-05-25 20:00:00,0.3846,0.385,0.3819,0.3835,754477.1
2025-05-25 21:00:00,0.3834,0.3852,0.3805,0.382,639754.4
2025-05-25 22:00:00,0.3821,0.3934,0.3815,0.3928,2781871.3
2025-05-25 23:00:00,0.3928,0.3946,0.39,0.3939,1170098.2
2025-05-26 00:00:00,0.394,0.4016,0.3934,0.4011,2513932.8
2025-05-26 01:00:00,0.4012,0.4021,0.3972,0.3997,1962465.0
2025-05-26 02:00:00,0.3997,0.3998,0.3955,0.3964,1079982.1
2025-05-26 03:00:00,0.3963,0.4007,0.3954,0.398,3169494.0
2025-05-26 04:00:00,0.3981,0.4,0.3971,0.3985,2517507.7
2025-05-26 05:00:00,0.3984,0.4007,0.3973,0.4,2118660.3
2025-05-26 06:00:00,0.3999,0.4044,0.3997,0.4034,1991957.3
2025-05-26 07:00:00,0.4035,0.4066,0.4034,0.406,3184113.5
2025-05-26 08:00:00,0.4061,0.4068,0.4014,0.4022,2003577.3
2025-05-26 09:00:00,0.4023,0.4047,0.4,0.4011,2441940.7
2025-05-26 10:00:00,0.4011,0.4027,0.3986,0.3999,981234.6
2025-05-26 11:00:00,0.3999,0.4008,0.3984,0.3993,927256.9
2025-05-26 12:00:00,0.3993,0.4019,0.3978,0.4008,1331893.6
2025-05-26 13:00:00,0.4008,0.4022,0.3934,0.3956,2626179.9
2025-05-26 14:00:00,0.3956,0.3968,0.3923,0.3936,6773984.1
2025-05-26 15:00:00,0.3937,0.3993,0.3915,0.3974,8147837.5
2025-05-26 16:00:00,0.3975,0.3999,0.3905,0.3927,3235282.6
2025-05-26 17:00:00,0.3925,0.3947,0.3871,0.3887,2346778.1
2025-05-26 18:00:00,0.3886,0.3924,0.3873,0.3903,934316.5
2025-05-26 19:00:00,0.3901,0.3915,0.3891,0.3909,695522.5
2025-05-26 20:00:00,0.3908,0.394,0.3892,0.3938,1099933.2
2025-05-26 21:00:00,0.3937,0.3944,0.3918,0.393,809048.8
2025-05-26 22:00:00,0.3931,0.3967,0.3904,0.3906,1317108.2
2025-05-26 23:00:00,0.3905,0.3926,0.3891,0.3923,709556.2
2025-05-27 00:00:00,0.3923,0.3944,0.3882,0.3885,794365.8
2025-05-27 01:00:00,0.3884,0.3884,0.3798,0.3838,2488692.6
2025-05-27 02:00:00,0.3838,0.387,0.3834,0.3861,910549.3
2025-05-27 03:00:00,0.386,0.3909,0.386,0.388,1069972.1
2025-05-27 04:00:00,0.388,0.3902,0.3869,0.3873,811212.7
2025-05-27 05:00:00,0.3873,0.3903,0.3849,0.3896,903321.8
2025-05-27 06:00:00,0.3898,0.3988,0.3898,0.3925,3735772.7
2025-05-27 07:00:00,0.3925,0.3982,0.3925,0.397,1994932.5
2025-05-27 08:00:00,0.3971,0.4055,0.3971,0.4041,4755581.4
2025-05-27 09:00:00,0.4042,0.4058,0.4012,0.4048,2889338.8
2025-05-27 10:00:00,0.4049,0.405,0.4018,0.4042,2563418.6
2025-05-27 11:00:00,0.4042,0.4093,0.402,0.409,2513751.1
2025-05-27 12:00:00,0.4089,0.4096,0.4051,0.4077,2887945.8
2025-05-27 13:00:00,0.4078,0.4141,0.4063,0.4071,7102651.0
2025-05-27 14:00:00,0.4071,0.4094,0.3992,0.4039,4619851.7
2025-05-27 15:00:00,0.404,0.4081,0.4021,0.4057,4149691.1
2025-05-27 16:00:00,0.4058,0.4091,0.4031,0.4074,3170672.6
2025-05-27 17:00:00,0.4074,0.4147,0.4074,0.4125,4109262.8
2025-05-27 18:00:00,0.4124,0.4144,0.4097,0.4102,2476872.3
2025-05-27 19:00:00,0.4101,0.4109,0.4079,0.4087,2103670.4
2025-05-27 20:00:00,0.4087,0.4109,0.4055,0.4068,2095482.5
2025-05-27 21:00:00,0.4068,0.4097,0.403,0.4043,1796389.4
2025-05-27 22:00:00,0.4044,0.4054,0.4004,0.4023,987882.2
2025-05-27 23:00:00,0.4023,0.4034,0.4006,0.4019,808844.9
2025-05-28 00:00:00,0.402,0.4035,0.3979,0.4035,1646699.4
2025-05-28 01:00:00,0.4036,0.4043,0.3993,0.3998,1851694.1
2025-05-28 02:00:00,0.3997,0.4005,0.3962,0.3995,2080225.5
2025-05-28 03:00:00,0.3996,0.4045,0.3985,0.4036,1372042.9
2025-05-28 04:00:00,0.4036,0.4063,0.4006,0.4054,2375344.5
2025-05-28 05:00:00,0.4053,0.4064,0.403,0.4051,1627476.7
2025-05-28 06:00:00,0.4051,0.4052,0.399,0.3993,1430464.8
2025-05-28 07:00:00,0.3993,0.4042,0.3986,0.401,2118301.6
2025-05-28 08:00:00,0.4011,0.4062,0.3998,0.4061,2318896.0
2025-05-28 09:00:00,0.4062,0.407,0.4011,0.4028,1587020.1
2025-05-28 10:00:00,0.4028,0.4097,0.3988,0.4088,3078032.4
2025-05-28 11:00:00,0.4089,0.4112,0.4068,0.4104,3494703.8
2025-05-28 12:00:00,0.4105,0.4175,0.4105,0.4138,5675557.0
2025-05-28 13:00:00,0.4139,0.415,0.4069,0.407,6078989.9
2025-05-28 14:00:00,0.4069,0.4083,0.4004,0.4008,5668447.7
2025-05-28 15:00:00,0.4007,0.4023,0.3956,0.3993,4987849.6
2025-05-28 16:00:00,0.3994,0.4047,0.3986,0.4026,2229387.3
2025-05-28 17:00:00,0.4027,0.4067,0.3992,0.4011,2513118.7
2025-05-28 18:00:00,0.4011,0.4033,0.3961,0.3964,2035239.6
2025-05-28 19:00:00,0.3963,0.4002,0.3904,0.391,3823856.6
2025-05-28 20:00:00,0.391,0.3958,0.3894,0.3955,3355371.2
2025-05-28 21:00:00,0.3955,0.4002,0.3943,0.4,1789754.8
2025-05-28 22:00:00,0.4,0.4003,0.397,0.3993,855647.3
2025-05-28 23:00:00,0.3993,0.4112,0.3992,0.4097,3195589.3
2025-05-29 00:00:00,0.4097,0.4245,0.4087,0.4244,7070647.6
2025-05-29 01:00:00,0.4245,0.4303,0.4169,0.4284,9064712.4
2025-05-29 02:00:00,0.4285,0.4409,0.4253,0.4395,13749150.4
2025-05-29 03:00:00,0.4394,0.4417,0.4319,0.4325,8497408.8
2025-05-29 04:00:00,0.4325,0.4337,0.4198,0.4257,6672268.5
2025-05-29 05:00:00,0.4258,0.4275,0.4225,0.4242,3335565.3
2025-05-29 06:00:00,0.4241,0.4264,0.4235,0.4261,2262690.6
2025-05-29 07:00:00,0.4262,0.4274,0.4227,0.4249,2575544.0
2025-05-29 08:00:00,0.4251,0.4265,0.4213,0.4219,3244672.4
2025-05-29 09:00:00,0.4219,0.4221,0.4186,0.4214,2689772.1
2025-05-29 10:00:00,0.4214,0.4224,0.4177,0.4198,2640627.3
2025-05-29 11:00:00,0.4198,0.4205,0.4165,0.4177,2367396.3
2025-05-29 12:00:00,0.4176,0.4177,0.4119,0.4143,3198947.4
2025-05-29 13:00:00,0.4142,0.4182,0.4116,0.413,3843795.4
2025-05-29 14:00:00,0.413,0.4163,0.4064,0.4158,6530338.3
2025-05-29 15:00:00,0.4159,0.4181,0.4088,0.4094,4286203.7
2025-05-29 16:00:00,0.4094,0.4121,0.4057,0.4063,3591607.8
2025-05-29 17:00:00,0.4062,0.4138,0.4056,0.4116,3549417.6
2025-05-29 18:00:00,0.4117,0.4159,0.4073,0.4079,2764923.6
2025-05-29 19:00:00,0.408,0.4099,0.4031,0.4042,3135402.7
2025-05-29 20:00:00,0.4042,0.4072,0.4018,0.4033,3128575.5
2025-05-29 21:00:00,0.4034,0.4089,0.4029,0.4082,1447594.1
2025-05-29 22:00:00,0.4082,0.4094,0.4029,0.403,1662511.2
2025-05-29 23:00:00,0.403,0.4047,0.3935,0.3964,5340718.6
2025-05-30 00:00:00,0.3964,0.3993,0.3681,0.3739,24833660.4
2025-05-30 01:00:00,0.374,0.3805,0.3727,0.3764,8578862.0
2025-05-30 02:00:00,0.3764,0.3837,0.3761,0.381,6236210.2
2025-05-30 03:00:00,0.381,0.3836,0.3792,0.3817,3540903.4
2025-05-30 04:00:00,0.3816,0.3816,0.3768,0.3777,3626846.2
2025-05-30 05:00:00,0.3777,0.3811,0.3761,0.3808,4253490.8
2025-05-30 06:00:00,0.3807,0.3812,0.3665,0.3689,11050105.7
2025-05-30 07:00:00,0.3689,0.3745,0.3689,0.371,5016333.5
2025-05-30 08:00:00,0.371,0.374,0.3683,0.3696,4242075.3
2025-05-30 09:00:00,0.3695,0.3728,0.3671,0.3722,4433916.5
2025-05-30 10:00:00,0.3721,0.3726,0.3682,0.3719,3758219.7
2025-05-30 11:00:00,0.3718,0.3738,0.3688,0.3705,4173283.0
2025-05-30 12:00:00,0.3707,0.3725,0.3638,0.37,4781675.6
2025-05-30 13:00:00,0.3699,0.3708,0.3606,0.3615,7298542.5
2025-05-30 14:00:00,0.3616,0.3673,0.361,0.3648,5875012.8
2025-05-30 15:00:00,0.3647,0.3675,0.3609,0.3616,4478154.9
2025-05-30 16:00:00,0.3616,0.3634,0.3485,0.3521,14918715.1
2025-05-30 17:00:00,0.3521,0.356,0.3518,0.355,4452745.7
2025-05-30 18:00:00,0.3551,0.3591,0.3543,0.3562,4645627.5
2025-05-30 19:00:00,0.3561,0.3584,0.3546,0.3553,4602389.0
2025-05-30 20:00:00,0.3552,0.356,0.3519,0.3521,2953496.4
2025-05-30 21:00:00,0.3521,0.353,0.3491,0.3497,3537000.1
2025-05-30 22:00:00,0.3496,0.3501,0.3365,0.3366,8697693.5
2025-05-30 23:00:00,0.3367,0.3401,0.3314,0.3334,9724434.1
2025-05-31 00:00:00,0.3334,0.3346,0.3234,0.3256,9482273.5
2025-05-31 01:00:00,0.3256,0.3288,0.3197,0.3243,9680199.9
2025-05-31 02:00:00,0.3242,0.3286,0.3221,0.3237,3539750.5
2025-05-31 03:00:00,0.3237,0.3297,0.3217,0.3285,2833216.7
2025-05-31 04:00:00,0.3285,0.332,0.3255,0.3313,3926876.9
2025-05-31 05:00:00,0.3312,0.3332,0.3264,0.3264,2908030.9
2025-05-31 06:00:00,0.3265,0.3312,0.3262,0.3292,1939280.9
2025-05-31 07:00:00,0.3292,0.3331,0.328,0.3327,1977568.3
2025-05-31 08:00:00,0.3326,0.3338,0.3298,0.3328,3160980.3
2025-05-31 09:00:00,0.3327,0.3353,0.3315,0.3348,3513076.2
2025-05-31 10:00:00,0.3349,0.34,0.3341,0.3389,3386003.6
2025-05-31 11:00:00,0.3389,0.3396,0.3363,0.3384,1653680.8
2025-05-31 12:00:00,0.3383,0.343,0.3373,0.3428,2014167.9
2025-05-31 13:00:00,0.3428,0.3474,0.3374,0.3382,6343990.7
2025-05-31 14:00:00,0.3382,0.3412,0.3378,0.3403,2516043.8
2025-05-31 15:00:00,0.3403,0.3437,0.3387,0.3403,4000494.1
2025-05-31 16:00:00,0.3403,0.3451,0.3392,0.3441,2164444.7
2025-05-31 17:00:00,0.344,0.3442,0.3394,0.3398,2004519.5
2025-05-31 18:00:00,0.3399,0.3432,0.3396,0.3428,1395982.4
2025-05-31 19:00:00,0.3428,0.3445,0.342,0.3426,1144063.9
2025-05-31 20:00:00,0.3426,0.3436,0.3412,0.343,821689.6
2025-05-31 21:00:00,0.3431,0.3453,0.3427,0.3433,3380959.5
2025-05-31 22:00:00,0.3433,0.3435,0.3398,0.3399,1005904.0
2025-05-31 23:00:00,0.3398,0.3428,0.3389,0.3397,2037542.6
2025-06-01 00:00:00,0.3397,0.3401,0.3364,0.3386,2526063.4
2025-06-01 01:00:00,0.3385,0.3395,0.3342,0.3363,2215004.7
2025-06-01 02:00:00,0.3362,0.339,0.3334,0.3383,1280592.5
2025-06-01 03:00:00,0.3383,0.339,0.3351,0.3375,736320.5
2025-06-01 04:00:00,0.3374,0.3418,0.3363,0.3412,1417556.1
2025-06-01 05:00:00,0.3412,0.3428,0.3388,0.3402,1288709.2
2025-06-01 06:00:00,0.3402,0.3405,0.3385,0.3391,629954.4
2025-06-01 07:00:00,0.339,0.3399,0.3379,0.3386,599948.2
2025-06-01 08:00:00,0.3385,0.339,0.336,0.3366,1415645.0
2025-06-01 09:00:00,0.3366,0.3374,0.3299,0.3328,4191237.4
2025-06-01 10:00:00,0.3327,0.3349,0.332,0.3342,1598712.4
2025-06-01 11:00:00,0.3341,0.3369,0.333,0.3353,1368522.0
2025-06-01 12:00:00,0.3353,0.3359,0.331,0.3323,1513191.4
2025-06-01 13:00:00,0.3322,0.3357,0.3318,0.3336,1540498.6
2025-06-01 14:00:00,0.3337,0.3402,0.3337,0.3375,2253624.0
2025-06-01 15:00:00,0.3376,0.3402,0.3367,0.3394,1308615.2
2025-06-01 16:00:00,0.3394,0.3441,0.3388,0.3416,3686705.7
2025-06-01 17:00:00,0.3416,0.3427,0.3399,0.3406,1628080.3
2025-06-01 18:00:00,0.3407,0.3407,0.333,0.3366,4145358.3
2025-06-01 19:00:00,0.3366,0.338,0.3363,0.3379,947369.6
2025-06-01 20:00:00,0.3379,0.3412,0.3371,0.339,929772.9
2025-06-01 21:00:00,0.339,0.3418,0.3387,0.3417,906056.4
2025-06-01 22:00:00,0.3416,0.3443,0.3413,0.3425,1086426.4
2025-06-01 23:00:00,0.3425,0.3446,0.3415,0.3426,1336249.8
2025-06-02 00:00:00,0.3427,0.3446,0.3414,0.3432,2653485.7
2025-06-02 01:00:00,0.3432,0.3462,0.3424,0.3427,1124701.4
2025-06-02 02:00:00,0.3429,0.3431,0.3381,0.3387,1994073.4
2025-06-02 03:00:00,0.3388,0.3398,0.3356,0.3379,1645145.2
2025-06-02 04:00:00,0.3381,0.3397,0.3372,0.3376,915832.3
2025-06-02 05:00:00,0.3377,0.3401,0.3358,0.338,1035045.2
2025-06-02 06:00:00,0.338,0.3419,0.3364,0.3399,1716320.6
2025-06-02 07:00:00,0.3398,0.3442,0.3398,0.3415,1903163.0
2025-06-02 08:00:00,0.3416,0.3427,0.3361,0.3374,2875233.7
2025-06-02 09:00:00,0.3374,0.3374,0.3338,0.3347,1748917.6
2025-06-02 10:00:00,0.3347,0.3364,0.3331,0.335,2522101.0
2025-06-02 11:00:00,0.3349,0.3367,0.3339,0.3355,1744686.0
2025-06-02 12:00:00,0.3354,0.3397,0.334,0.3391,2553932.7
2025-06-02 13:00:00,0.3392,0.3435,0.337,0.3393,2494954.0
2025-06-02 14:00:00,0.3393,0.3456,0.3384,0.3435,3686239.7
2025-06-02 15:00:00,0.3435,0.348,0.3418,0.3461,4463453.3
2025-06-02 16:00:00,0.3461,0.3464,0.3423,0.3453,2419845.0
2025-06-02 17:00:00,0.3454,0.3459,0.3427,0.3443,1956793.5
2025-06-02 18:00:00,0.3444,0.347,0.3428,0.3436,1747815.7
2025-06-02 19:00:00,0.3437,0.3451,0.3387,0.3411,3113510.8
2025-06-02 20:00:00,0.3413,0.3468,0.3413,0.3459,2898011.6
2025-06-02 21:00:00,0.3459,0.352,0.3459,0.352,2380388.1
2025-06-02 22:00:00,0.3519,0.3573,0.3519,0.3554,3512865.3
2025-06-02 23:00:00,0.3555,0.3601,0.3552,0.3579,3079828.7
2025-06-03 00:00:00,0.358,0.3641,0.3571,0.3625,3542456.4
2025-06-03 01:00:00,0.3625,0.3692,0.3617,0.3676,3749135.2
2025-06-03 02:00:00,0.3676,0.3679,0.3607,0.3619,2949187.6
2025-06-03 03:00:00,0.3619,0.363,0.3584,0.3595,1917224.5
2025-06-03 04:00:00,0.3596,0.3597,0.3557,0.3568,1727410.9
2025-06-03 05:00:00,0.3568,0.3641,0.3564,0.3636,2008155.4
2025-06-03 06:00:00,0.3635,0.3656,0.3617,0.3655,1336937.1
2025-06-03 07:00:00,0.3656,0.366,0.3622,0.3626,1242911.4
2025-06-03 08:00:00,0.3626,0.3633,0.3578,0.3613,2563380.5
2025-06-03 09:00:00,0.3612,0.3648,0.3604,0.3638,1144052.0
2025-06-03 10:00:00,0.3638,0.3666,0.3629,0.3651,1536691.9
2025-06-03 11:00:00,0.3652,0.3671,0.3617,0.363,2560586.0
2025-06-03 12:00:00,0.3632,0.3666,0.3618,0.3654,2828958.2
2025-06-03 13:00:00,0.3655,0.3714,0.3655,0.3707,3474512.1
2025-06-03 14:00:00,0.3708,0.3731,0.3675,0.3726,3135504.2
2025-06-03 15:00:00,0.3726,0.3734,0.3673,0.3682,2780357.2
2025-06-03 16:00:00,0.3682,0.369,0.3665,0.3671,2153207.2
2025-06-03 17:00:00,0.367,0.3721,0.3666,0.3699,2056471.2
2025-06-03 18:00:00,0.3699,0.3699,0.3659,0.368,3242678.8
2025-06-03 19:00:00,0.3679,0.3705,0.3674,0.369,1131538.4
2025-06-03 20:00:00,0.3691,0.3696,0.3629,0.3639,1696428.1
2025-06-03 21:00:00,0.3639,0.3643,0.3581,0.3596,2444650.5
2025-06-03 22:00:00,0.3597,0.3632,0.3588,0.3618,1196852.7
2025-06-03 23:00:00,0.3618,0.3622,0.3585,0.3597,2739928.3
2025-06-04 00:00:00,0.3597,0.3623,0.3577,0.3617,2209430.9
2025-06-04 01:00:00,0.3617,0.3667,0.3617,0.3637,1832703.5
2025-06-04 02:00:00,0.3639,0.366,0.3627,0.3628,637508.5
2025-06-04 03:00:00,0.3629,0.3705,0.3622,0.3689,5970835.3
2025-06-04 04:00:00,0.369,0.3698,0.3671,0.3694,1199772.5
2025-06-04 05:00:00,0.3695,0.3713,0.3669,0.3678,1504562.6
2025-06-04 06:00:00,0.3678,0.3691,0.3664,0.3677,1719838.1
2025-06-04 07:00:00,0.3677,0.3694,0.3667,0.3675,1255003.4
2025-06-04 08:00:00,0.3675,0.3737,0.3671,0.3722,2364508.0
2025-06-04 09:00:00,0.3723,0.3735,0.3668,0.3674,2709108.6
2025-06-04 10:00:00,0.3674,0.3675,0.3622,0.3634,3027835.0
2025-06-04 11:00:00,0.3633,0.3653,0.3611,0.3613,2665965.7
2025-06-04 12:00:00,0.3613,0.3634,0.3597,0.361,4253829.3
2025-06-04 13:00:00,0.3609,0.3632,0.3594,0.3602,2395135.4
2025-06-04 14:00:00,0.3601,0.3668,0.3568,0.3659,4631024.8
2025-06-04 15:00:00,0.366,0.3727,0.3652,0.3721,4622304.7
2025-06-04 16:00:00,0.3722,0.3727,0.3671,0.3698,4001873.1
2025-06-04 17:00:00,0.3697,0.3699,0.3639,0.3654,2293285.8
2025-06-04 18:00:00,0.3656,0.3682,0.3644,0.3649,1319231.0
2025-06-04 19:00:00,0.3649,0.3663,0.3616,0.3617,1836127.3
2025-06-04 20:00:00,0.3617,0.3617,0.3547,0.3573,3666071.3
2025-06-04 21:00:00,0.3574,0.3632,0.3546,0.3618,3342453.9
2025-06-04 22:00:00,0.3617,0.3664,0.3603,0.3605,5773851.3
2025-06-04 23:00:00,0.3603,0.3609,0.3579,0.359,1304634.7
2025-06-05 00:00:00,0.3591,0.3608,0.3567,0.3602,1292930.6
2025-06-05 01:00:00,0.36,0.3631,0.356,0.3576,1214580.7
2025-06-05 02:00:00,0.3576,0.3644,0.3576,0.3609,3013126.4
2025-06-05 03:00:00,0.3611,0.3629,0.3596,0.3618,1222594.8
2025-06-05 04:00:00,0.3619,0.3629,0.3606,0.3611,1033016.5
2025-06-05 05:00:00,0.3612,0.3614,0.356,0.3575,1241403.9
2025-06-05 06:00:00,0.3576,0.3598,0.3509,0.3526,6020541.8
2025-06-05 07:00:00,0.3527,0.3575,0.3519,0.3541,2795609.0
2025-06-05 08:00:00,0.3543,0.3558,0.3531,0.3539,1214045.5
2025-06-05 09:00:00,0.354,0.3567,0.3529,0.355,1419304.5
2025-06-05 10:00:00,0.3549,0.3555,0.3496,0.3524,1908198.5
2025-06-05 11:00:00,0.3523,0.3527,0.3493,0.3515,1881895.9
2025-06-05 12:00:00,0.3516,0.3618,0.3505,0.3605,4504831.5
2025-06-05 13:00:00,0.3604,0.3608,0.3477,0.3488,4405774.3
2025-06-05 14:00:00,0.3489,0.3539,0.3463,0.3509,3525168.6
2025-06-05 15:00:00,0.3507,0.354,0.3492,0.3524,2003779.0
2025-06-05 16:00:00,0.3524,0.3528,0.3448,0.3459,3486022.5
2025-06-05 17:00:00,0.3462,0.3488,0.3436,0.3457,3449921.9
2025-06-05 18:00:00,0.3456,0.3465,0.3421,0.3429,5719930.6
2025-06-05 19:00:00,0.3428,0.3432,0.3304,0.3326,9104597.6
2025-06-05 20:00:00,0.3327,0.3334,0.317,0.3177,13573560.8
2025-06-05 21:00:00,0.3177,0.3257,0.3171,0.3244,11626518.6
2025-06-05 22:00:00,0.3244,0.3248,0.3208,0.3231,3061189.4
2025-06-05 23:00:00,0.3232,0.3259,0.3227,0.3232,2414737.5
2025-06-06 00:00:00,0.3233,0.3288,0.3224,0.3287,2361424.6
2025-06-06 01:00:00,0.3287,0.3297,0.3256,0.3269,2122592.2
2025-06-06 02:00:00,0.3269,0.3293,0.3239,0.329,2163712.4
2025-06-06 03:00:00,0.3291,0.3327,0.3277,0.3324,1755523.5
2025-06-06 04:00:00,0.3325,0.3336,0.3305,0.3326,1160195.7
2025-06-06 05:00:00,0.3326,0.3346,0.3308,0.333,1328599.9
2025-06-06 06:00:00,0.333,0.3345,0.3314,0.3334,4679029.7
2025-06-06 07:00:00,0.3334,0.3351,0.3317,0.3326,1538132.2
2025-06-06 08:00:00,0.3326,0.3345,0.3325,0.3335,1244110.1
2025-06-06 09:00:00,0.3335,0.3365,0.332,0.332,4977336.4
2025-06-06 10:00:00,0.3321,0.3337,0.3305,0.3324,1376352.0
2025-06-06 11:00:00,0.3324,0.3355,0.3318,0.3336,1987698.5
2025-06-06 12:00:00,0.3336,0.3383,0.3327,0.3346,6246982.7
2025-06-06 13:00:00,0.3346,0.3443,0.3346,0.3403,9143510.4
2025-06-06 14:00:00,0.3403,0.3439,0.339,0.3439,2520736.4
2025-06-06 15:00:00,0.3439,0.3467,0.3395,0.3408,2484043.3
2025-06-06 16:00:00,0.3407,0.3424,0.3375,0.3379,2044452.2
2025-06-06 17:00:00,0.3379,0.3385,0.3344,0.3374,3395198.2
2025-06-06 18:00:00,0.3374,0.3386,0.3326,0.3328,2309748.7
2025-06-06 19:00:00,0.3328,0.3345,0.3316,0.3325,1248714.7
2025-06-06 20:00:00,0.3327,0.3363,0.3321,0.3348,1089519.0
2025-06-06 21:00:00,0.3348,0.3348,0.3318,0.3335,677056.0
2025-06-06 22:00:00,0.3334,0.3336,0.331,0.3329,1199414.4
2025-06-06 23:00:00,0.3329,0.3335,0.3313,0.3316,902149.0
2025-06-07 00:00:00,0.3316,0.3373,0.3313,0.3371,1314039.5
2025-06-07 01:00:00,0.3371,0.3379,0.3342,0.3351,1285865.3
2025-06-07 02:00:00,0.3351,0.3385,0.3345,0.338,992299.6
2025-06-07 03:00:00,0.3378,0.3428,0.3373,0.3409,1632747.3
2025-06-07 04:00:00,0.341,0.3413,0.3386,0.3402,1222912.1
2025-06-07 05:00:00,0.3403,0.3424,0.34,0.3416,761117.5
2025-06-07 06:00:00,0.3417,0.3441,0.34,0.3441,1087098.5
2025-06-07 07:00:00,0.3441,0.3446,0.3418,0.3443,1063057.5
2025-06-07 08:00:00,0.3443,0.3458,0.3419,0.3423,2181257.1
2025-06-07 09:00:00,0.3424,0.3435,0.3407,0.3415,938317.4
2025-06-07 10:00:00,0.3415,0.344,0.3409,0.3438,1642054.1
2025-06-07 11:00:00,0.3438,0.3447,0.3429,0.3439,1288869.3
2025-06-07 12:00:00,0.3439,0.3468,0.3437,0.3446,2470335.8
2025-06-07 13:00:00,0.3446,0.3479,0.344,0.3462,1791154.7
2025-06-07 14:00:00,0.3461,0.3489,0.3449,0.3479,1189257.8
2025-06-07 15:00:00,0.3479,0.3493,0.3464,0.3475,1555971.1
2025-06-07 16:00:00,0.3476,0.3487,0.3439,0.3439,1473562.8
2025-06-07 17:00:00,0.3439,0.3446,0.3427,0.3431,1560380.7
2025-06-07 18:00:00,0.3431,0.3468,0.3429,0.3459,1101282.2
2025-06-07 19:00:00,0.3459,0.348,0.3458,0.3461,948811.3
2025-06-07 20:00:00,0.3462,0.3473,0.3456,0.346,475608.9
2025-06-07 21:00:00,0.346,0.3474,0.3457,0.3472,629847.1
2025-06-07 22:00:00,0.3472,0.3498,0.3464,0.3484,1131074.2
2025-06-07 23:00:00,0.3485,0.3485,0.3471,0.3478,685487.2
2025-06-08 00:00:00,0.3479,0.348,0.3453,0.3453,1065003.6
2025-06-08 01:00:00,0.3453,0.347,0.3439,0.3464,1205637.8
2025-06-08 02:00:00,0.3463,0.3463,0.3445,0.3446,970163.8
2025-06-08 03:00:00,0.3446,0.345,0.3437,0.3437,641579.1
2025-06-08 04:00:00,0.3437,0.3453,0.3429,0.3448,1191366.0
2025-06-08 05:00:00,0.3448,0.345,0.3421,0.3425,889191.4
2025-06-08 06:00:00,0.3425,0.3444,0.3422,0.3428,1313630.7
2025-06-08 07:00:00,0.3427,0.3436,0.3411,0.3415,1247173.1
2025-06-08 08:00:00,0.3416,0.3434,0.3416,0.3424,762554.7
2025-06-08 09:00:00,0.3424,0.3427,0.3376,0.3391,3214143.7
2025-06-08 10:00:00,0.3392,0.3414,0.338,0.3405,1511381.5
2025-06-08 11:00:00,0.3405,0.3456,0.3405,0.3448,2007542.8
2025-06-08 12:00:00,0.3448,0.3454,0.3421,0.3434,1059172.9
2025-06-08 13:00:00,0.3435,0.3486,0.3425,0.3445,1441743.3
2025-06-08 14:00:00,0.3446,0.3474,0.344,0.3453,1620216.2
2025-06-08 15:00:00,0.3453,0.3469,0.3446,0.345,760944.4
2025-06-08 16:00:00,0.3451,0.3493,0.3447,0.3479,1429185.8
2025-06-08 17:00:00,0.3479,0.3496,0.3461,0.3462,1029835.4
2025-06-08 18:00:00,0.3463,0.3474,0.3452,0.3471,717402.8
2025-06-08 19:00:00,0.3471,0.3482,0.346,0.3472,832028.7
2025-06-08 20:00:00,0.3473,0.3483,0.3462,0.3467,764505.9
2025-06-08 21:00:00,0.3467,0.3491,0.3467,0.3482,591578.7
2025-06-08 22:00:00,0.3482,0.3484,0.3431,0.3436,2237672.1
2025-06-08 23:00:00,0.3435,0.3435,0.3413,0.3423,1270583.8
2025-06-09 00:00:00,0.3422,0.3432,0.3404,0.3427,1526546.8
2025-06-09 01:00:00,0.3426,0.3433,0.3405,0.3408,823274.6
2025-06-09 02:00:00,0.3408,0.3428,0.34,0.3404,829760.9
2025-06-09 03:00:00,0.3404,0.341,0.3382,0.341,1263566.1
2025-06-09 04:00:00,0.3409,0.3416,0.3382,0.3386,608436.3
2025-06-09 05:00:00,0.3386,0.3386,0.3362,0.3363,1032438.9
2025-06-09 06:00:00,0.3364,0.3395,0.3357,0.3393,1029286.2
2025-06-09 07:00:00,0.3392,0.3394,0.3373,0.3394,1383372.1
2025-06-09 08:00:00,0.3394,0.3425,0.3383,0.3423,1160598.6
2025-06-09 09:00:00,0.3423,0.3493,0.3415,0.3474,2534737.5
2025-06-09 10:00:00,0.3475,0.3517,0.3469,0.3486,4877123.6
2025-06-09 11:00:00,0.3487,0.3506,0.3477,0.3494,2062074.6
2025-06-09 12:00:00,0.3494,0.3512,0.3482,0.3508,1086912.2
2025-06-09 13:00:00,0.3507,0.351,0.3447,0.3456,2333338.1
2025-06-09 14:00:00,0.3456,0.3502,0.3453,0.3486,1626173.6
2025-06-09 15:00:00,0.3486,0.3518,0.3484,0.3493,1565930.3
2025-06-09 16:00:00,0.3493,0.3567,0.3493,0.3536,3789557.9
2025-06-09 17:00:00,0.3537,0.3565,0.3535,0.3555,1663435.0
2025-06-09 18:00:00,0.3556,0.3566,0.3537,0.3554,1816436.4
2025-06-09 19:00:00,0.3554,0.3558,0.3523,0.3535,1131436.6
2025-06-09 20:00:00,0.3536,0.3548,0.3532,0.3541,1223945.1
2025-06-09 21:00:00,0.3542,0.3648,0.3542,0.3644,4265814.0
2025-06-09 22:00:00,0.3645,0.3694,0.3635,0.369,3246499.2
2025-06-09 23:00:00,0.3691,0.3698,0.3663,0.3689,2211468.2
2025-06-10 00:00:00,0.3688,0.3754,0.3681,0.3717,4702329.6
2025-06-10 01:00:00,0.3717,0.3759,0.3695,0.3739,3220788.3
2025-06-10 02:00:00,0.3739,0.374,0.3697,0.3703,2301682.7
2025-06-10 03:00:00,0.3705,0.3708,0.3666,0.3678,2612490.8
2025-06-10 04:00:00,0.3678,0.3684,0.3645,0.3666,1809735.4
2025-06-10 05:00:00,0.3666,0.3689,0.3639,0.365,3054578.0
2025-06-10 06:00:00,0.3651,0.3656,0.3619,0.3645,2194506.2
2025-06-10 07:00:00,0.3645,0.3667,0.3625,0.3665,1341591.5
2025-06-10 08:00:00,0.3666,0.3682,0.3644,0.3657,1696494.4
2025-06-10 09:00:00,0.3657,0.3708,0.3649,0.3706,1363516.7
2025-06-10 10:00:00,0.3706,0.3711,0.367,0.3702,1840002.4
2025-06-10 11:00:00,0.3702,0.3926,0.368,0.3918,12508852.3
2025-06-10 12:00:00,0.3917,0.4051,0.3912,0.4005,16049186.1
2025-06-10 13:00:00,0.4006,0.4033,0.3937,0.3986,8872996.5
2025-06-10 14:00:00,0.3985,0.4005,0.3896,0.3915,6094398.9
2025-06-10 15:00:00,0.3913,0.3971,0.3883,0.3963,7128886.2
2025-06-10 16:00:00,0.3963,0.4049,0.3963,0.398,7455925.4
2025-06-10 17:00:00,0.398,0.4057,0.3976,0.4013,5619845.2
2025-06-10 18:00:00,0.4013,0.4038,0.3974,0.4019,3819238.6
2025-06-10 19:00:00,0.402,0.4068,0.4006,0.4026,4993253.1
2025-06-10 20:00:00,0.4027,0.4031,0.3999,0.4027,2152232.2
2025-06-10 21:00:00,0.4028,0.4066,0.3984,0.405,3591736.1
2025-06-10 22:00:00,0.405,0.4192,0.4049,0.4128,7327148.6
2025-06-10 23:00:00,0.4129,0.4143,0.41,0.4143,3361753.0
2025-06-11 00:00:00,0.4143,0.4189,0.4066,0.4073,6172636.9
2025-06-11 01:00:00,0.4072,0.4079,0.4023,0.4034,3610738.0
2025-06-11 02:00:00,0.4034,0.4074,0.4027,0.4051,3473024.8
2025-06-11 03:00:00,0.405,0.4081,0.4046,0.4051,1672031.8
2025-06-11 04:00:00,0.405,0.4077,0.4044,0.4066,1471930.8
2025-06-11 05:00:00,0.4066,0.4093,0.4051,0.4076,2507164.3
2025-06-11 06:00:00,0.4076,0.4084,0.4044,0.4067,1790952.0
2025-06-11 07:00:00,0.4068,0.41,0.4059,0.4075,2817630.5
2025-06-11 08:00:00,0.4075,0.408,0.4021,0.4029,2018014.4
2025-06-11 09:00:00,0.403,0.4034,0.3978,0.3983,2895158.7
2025-06-11 10:00:00,0.3984,0.4016,0.3962,0.4011,5110616.5
2025-06-11 11:00:00,0.4011,0.402,0.3977,0.4011,2505489.6
2025-06-11 12:00:00,0.4012,0.4123,0.4001,0.4089,7196536.4
2025-06-11 13:00:00,0.4088,0.4171,0.4071,0.4122,6867745.7
2025-06-11 14:00:00,0.4122,0.4208,0.4103,0.4168,6493909.6
2025-06-11 15:00:00,0.4169,0.4266,0.4151,0.42,6225690.1
2025-06-11 16:00:00,0.4199,0.4214,0.4142,0.42,4740897.1
2025-06-11 17:00:00,0.42,0.4201,0.4107,0.4112,3445684.0
2025-06-11 18:00:00,0.411,0.4123,0.4075,0.4091,4039520.2
2025-06-11 19:00:00,0.409,0.4095,0.4041,0.4062,2255219.4
2025-06-11 20:00:00,0.4062,0.4086,0.4031,0.4058,2130722.2
2025-06-11 21:00:00,0.4059,0.4084,0.3982,0.3987,2260487.9
2025-06-11 22:00:00,0.3986,0.4009,0.3935,0.3948,4424021.1
2025-06-11 23:00:00,0.3948,0.3987,0.3943,0.3974,1978535.0
2025-06-12 00:00:00,0.3974,0.4014,0.3946,0.4006,2463517.4
2025-06-12 01:00:00,0.4005,0.4011,0.3938,0.3986,2209654.9
2025-06-12 02:00:00,0.3985,0.4014,0.3967,0.3976,2879864.4
2025-06-12 03:00:00,0.3977,0.3979,0.3927,0.3948,2615947.1
2025-06-12 04:00:00,0.3948,0.395,0.3904,0.3926,2189978.0
2025-06-12 05:00:00,0.3926,0.3929,0.3894,0.3906,1574051.7
2025-06-12 06:00:00,0.3905,0.3919,0.3874,0.3894,2092403.9
2025-06-12 07:00:00,0.3893,0.3902,0.384,0.3844,2703552.0
2025-06-12 08:00:00,0.3843,0.3873,0.3816,0.3864,3362531.8
2025-06-12 09:00:00,0.3863,0.3876,0.3844,0.3856,1376417.5
2025-06-12 10:00:00,0.3855,0.3864,0.3816,0.3832,1942606.6
2025-06-12 11:00:00,0.3832,0.3839,0.3785,0.3792,2881716.7
2025-06-12 12:00:00,0.3794,0.3852,0.3777,0.3829,4197079.1
2025-06-12 13:00:00,0.3829,0.3887,0.3825,0.3868,3169943.1
2025-06-12 14:00:00,0.3869,0.3909,0.3863,0.3898,3173924.5
2025-06-12 15:00:00,0.3898,0.3907,0.3787,0.38,4493498.8
2025-06-12 16:00:00,0.38,0.3867,0.3796,0.3855,2230047.4
2025-06-12 17:00:00,0.3856,0.3913,0.3847,0.3872,3301652.1
2025-06-12 18:00:00,0.3871,0.3874,0.3808,0.383,2350282.0
2025-06-12 19:00:00,0.383,0.3845,0.3738,0.3747,2942702.1
2025-06-12 20:00:00,0.3746,0.3775,0.3653,0.368,6394867.8
2025-06-12 21:00:00,0.368,0.3711,0.3672,0.3682,3143901.6
2025-06-12 22:00:00,0.3681,0.3713,0.3663,0.3673,2115800.7
2025-06-12 23:00:00,0.3672,0.3694,0.366,0.366,2046730.1
2025-06-13 00:00:00,0.3661,0.3666,0.3415,0.3446,22198727.4
2025-06-13 01:00:00,0.3445,0.3446,0.3311,0.3331,15680689.4
2025-06-13 02:00:00,0.3331,0.3351,0.33,0.3345,7220002.9
2025-06-13 03:00:00,0.3345,0.3441,0.3341,0.3417,7378237.3
2025-06-13 04:00:00,0.3417,0.3417,0.3374,0.3386,4531763.5
2025-06-13 05:00:00,0.3385,0.3407,0.3374,0.3378,3669126.8
2025-06-13 06:00:00,0.3379,0.3403,0.334,0.3403,4803816.6
2025-06-13 07:00:00,0.3402,0.3409,0.337,0.3381,6080563.4
2025-06-13 08:00:00,0.3382,0.3436,0.3377,0.3408,9446927.5
2025-06-13 09:00:00,0.3408,0.3421,0.338,0.3388,5751664.3
2025-06-13 10:00:00,0.3389,0.3396,0.3362,0.3393,4156538.9
2025-06-13 11:00:00,0.3393,0.3404,0.3351,0.3404,3665184.9
2025-06-13 12:00:00,0.3404,0.3427,0.3369,0.3376,4808726.3
2025-06-13 13:00:00,0.3376,0.3412,0.335,0.3373,6126009.8
2025-06-13 14:00:00,0.3373,0.3395,0.3336,0.3386,5599596.5
2025-06-13 15:00:00,0.3387,0.347,0.3374,0.3438,10423309.3
2025-06-13 16:00:00,0.3439,0.3517,0.3426,0.3476,5528717.9
2025-06-13 17:00:00,0.3476,0.3478,0.3405,0.3444,3396157.1
2025-06-13 18:00:00,0.3443,0.3449,0.3359,0.3379,4434521.2
2025-06-13 19:00:00,0.3378,0.3408,0.3364,0.339,3090562.3
2025-06-13 20:00:00,0.3391,0.3448,0.3382,0.3429,2747575.0
2025-06-13 21:00:00,0.343,0.3446,0.3407,0.3431,1162555.9
2025-06-13 22:00:00,0.3432,0.3474,0.3432,0.3454,1393131.1
2025-06-13 23:00:00,0.3454,0.3496,0.345,0.3487,1541811.3
2025-06-14 00:00:00,0.3487,0.3499,0.3455,0.346,5531983.7
2025-06-14 01:00:00,0.3459,0.3474,0.3436,0.3456,1896485.1
2025-06-14 02:00:00,0.3455,0.3476,0.3443,0.3448,963173.1
2025-06-14 03:00:00,0.3449,0.3469,0.3443,0.3447,1273071.1
2025-06-14 04:00:00,0.3447,0.3475,0.3444,0.3461,1349051.0
2025-06-14 05:00:00,0.3461,0.3478,0.3447,0.3465,658130.0
2025-06-14 06:00:00,0.3466,0.3471,0.3433,0.3434,3697490.0
2025-06-14 07:00:00,0.3435,0.3451,0.3412,0.3438,1480036.6
2025-06-14 08:00:00,0.3439,0.3439,0.3412,0.343,1264626.9
2025-06-14 09:00:00,0.3431,0.3431,0.3395,0.3396,1802813.1
2025-06-14 10:00:00,0.3397,0.3419,0.3391,0.3401,1385659.3
2025-06-14 11:00:00,0.3402,0.3416,0.3395,0.3404,968653.4
2025-06-14 12:00:00,0.3403,0.3406,0.3383,0.3405,1020299.7
2025-06-14 13:00:00,0.3404,0.343,0.3382,0.3393,1750059.0
2025-06-14 14:00:00,0.3393,0.34,0.3369,0.3376,1161029.6
2025-06-14 15:00:00,0.3377,0.3387,0.333,0.3343,3820395.2
2025-06-14 16:00:00,0.3342,0.3354,0.3271,0.3281,5318890.2
2025-06-14 17:00:00,0.3282,0.3353,0.3279,0.3333,3449797.9
2025-06-14 18:00:00,0.3332,0.3358,0.3287,0.3318,1867971.0
2025-06-14 19:00:00,0.332,0.3339,0.3307,0.3312,1530379.6
2025-06-14 20:00:00,0.3313,0.3319,0.3272,0.3309,3603486.3
2025-06-14 21:00:00,0.3308,0.3356,0.3296,0.3347,3106651.7
2025-06-14 22:00:00,0.3348,0.3366,0.333,0.3336,996615.1
2025-06-14 23:00:00,0.3336,0.3345,0.3331,0.3333,1009126.2
2025-06-15 00:00:00,0.3333,0.3362,0.3333,0.3357,1843237.3
2025-06-15 01:00:00,0.3356,0.3362,0.3327,0.3331,861668.8
2025-06-15 02:00:00,0.3332,0.3354,0.3324,0.3324,1218595.5
2025-06-15 03:00:00,0.3324,0.3332,0.3313,0.3321,1151145.4
2025-06-15 04:00:00,0.3321,0.334,0.3318,0.3331,1557355.3
2025-06-15 05:00:00,0.3331,0.3347,0.3302,0.3344,1570511.6
2025-06-15 06:00:00,0.3345,0.3349,0.3287,0.329,2627859.6
2025-06-15 07:00:00,0.3289,0.3296,0.3273,0.3278,2023061.1
2025-06-15 08:00:00,0.3278,0.3282,0.3253,0.3267,3065395.3
2025-06-15 09:00:00,0.3266,0.3266,0.3236,0.324,3939657.9
2025-06-15 10:00:00,0.3239,0.3277,0.3237,0.3277,1800580.8
2025-06-15 11:00:00,0.3277,0.3282,0.325,0.3271,2308046.2
2025-06-15 12:00:00,0.3271,0.3288,0.3261,0.3287,1221355.0
2025-06-15 13:00:00,0.3287,0.3311,0.3275,0.3307,2616241.2
2025-06-15 14:00:00,0.3307,0.3341,0.3262,0.3338,4650872.6
2025-06-15 15:00:00,0.3339,0.3347,0.3291,0.3297,4680707.0
2025-06-15 16:00:00,0.3297,0.3321,0.3276,0.3293,3327342.9
2025-06-15 17:00:00,0.3292,0.3309,0.3264,0.3289,3636867.4
2025-06-15 18:00:00,0.329,0.3291,0.3257,0.3271,2520241.9
2025-06-15 19:00:00,0.327,0.329,0.3239,0.3256,3365330.5
2025-06-15 20:00:00,0.3257,0.3259,0.3197,0.3217,4455487.3
2025-06-15 21:00:00,0.3217,0.3222,0.3191,0.3222,2090162.7
2025-06-15 22:00:00,0.3219,0.3289,0.3212,0.3273,2690711.0
2025-06-15 23:00:00,0.3272,0.3284,0.3254,0.3278,1512379.9
2025-06-16 00:00:00,0.3278,0.3288,0.3245,0.3261,2120154.6
2025-06-16 01:00:00,0.3262,0.3298,0.3217,0.3296,2606367.1
2025-06-16 02:00:00,0.3297,0.3339,0.3295,0.332,3318983.6
2025-06-16 03:00:00,0.3321,0.3327,0.3295,0.3295,1379157.2
2025-06-16 04:00:00,0.3295,0.3342,0.3292,0.3328,2772904.6
2025-06-16 05:00:00,0.3329,0.3382,0.3316,0.3364,2804263.8
2025-06-16 06:00:00,0.3364,0.3393,0.3357,0.337,4154739.4
2025-06-16 07:00:00,0.337,0.3444,0.337,0.3408,6830782.9
2025-06-16 08:00:00,0.3408,0.3408,0.338,0.3406,2504174.5
2025-06-16 09:00:00,0.3407,0.3408,0.3381,0.3388,4726666.9
2025-06-16 10:00:00,0.3389,0.3399,0.3354,0.3368,2922886.6
2025-06-16 11:00:00,0.3367,0.338,0.3334,0.3371,2789128.7
2025-06-16 12:00:00,0.337,0.3381,0.3343,0.3364,2890199.5
2025-06-16 13:00:00,0.3364,0.3403,0.335,0.3396,2752084.8
2025-06-16 14:00:00,0.3396,0.3422,0.3379,0.3384,5697271.0
2025-06-16 15:00:00,0.3384,0.3395,0.3352,0.3355,1998099.8
2025-06-16 16:00:00,0.3355,0.3384,0.3338,0.3344,2193215.8
2025-06-16 17:00:00,0.3344,0.3369,0.3333,0.3354,2603909.5
2025-06-16 18:00:00,0.3355,0.3389,0.3352,0.3387,2099637.6
2025-06-16 19:00:00,0.3387,0.34,0.3359,0.3375,4793635.8
2025-06-16 20:00:00,0.3374,0.3403,0.3351,0.339,4904692.6
2025-06-16 21:00:00,0.339,0.3398,0.3365,0.3387,1511038.3
2025-06-16 22:00:00,0.3387,0.3402,0.3228,0.3258,10321841.0
2025-06-16 23:00:00,0.3258,0.3288,0.3173,0.3185,8703997.4
2025-06-17 00:00:00,0.3185,0.3236,0.3111,0.3233,11604733.8
2025-06-17 01:00:00,0.3234,0.3253,0.3198,0.3203,3497912.6
2025-06-17 02:00:00,0.3203,0.3254,0.3189,0.3247,4625189.8
2025-06-17 03:00:00,0.3246,0.3263,0.3223,0.3233,2525889.3
2025-06-17 04:00:00,0.3233,0.3241,0.32,0.321,3525453.8
2025-06-17 05:00:00,0.3209,0.3216,0.3167,0.3177,2937892.7
2025-06-17 06:00:00,0.3177,0.3191,0.3162,0.3169,2047845.3
2025-06-17 07:00:00,0.3168,0.3185,0.3167,0.3168,1893885.2
2025-06-17 08:00:00,0.3168,0.3173,0.3135,0.3143,2838592.1
2025-06-17 09:00:00,0.3144,0.3154,0.3114,0.3138,5208899.6
2025-06-17 10:00:00,0.3137,0.3141,0.3108,0.3137,3426323.1
2025-06-17 11:00:00,0.3136,0.3136,0.31,0.3119,1878996.7
2025-06-17 12:00:00,0.3118,0.3137,0.3101,0.3109,2395689.3
2025-06-17 13:00:00,0.3108,0.3129,0.3097,0.3107,3198196.1
2025-06-17 14:00:00,0.3108,0.3148,0.3093,0.3095,3156460.6
2025-06-17 15:00:00,0.3095,0.3096,0.3026,0.3056,11452511.6
2025-06-17 16:00:00,0.3056,0.3057,0.2996,0.2999,9078090.1
2025-06-17 17:00:00,0.2999,0.3053,0.299,0.3021,4701220.6
2025-06-17 18:00:00,0.3021,0.305,0.2999,0.3038,8554506.6
2025-06-17 19:00:00,0.3038,0.3122,0.3035,0.3095,7559107.7
2025-06-17 20:00:00,0.3094,0.3108,0.3056,0.3057,3043256.8
2025-06-17 21:00:00,0.3057,0.3072,0.3032,0.3045,2382043.7
2025-06-17 22:00:00,0.3045,0.3047,0.3006,0.3013,1518627.4
2025-06-17 23:00:00,0.3012,0.3055,0.3012,0.3033,1059733.7
2025-06-18 00:00:00,0.3034,0.3071,0.3031,0.3057,1629200.6
2025-06-18 01:00:00,0.3056,0.3076,0.3039,0.3042,1545629.8
2025-06-18 02:00:00,0.3042,0.3057,0.3024,0.3044,2311683.7
2025-06-18 03:00:00,0.3044,0.308,0.3041,0.3077,2166969.6
2025-06-18 04:00:00,0.3078,0.3111,0.3073,0.3097,1878647.2
2025-06-18 05:00:00,0.3097,0.3106,0.3083,0.3085,1016964.2
2025-06-18 06:00:00,0.3085,0.3097,0.3048,0.3058,2068567.1
2025-06-18 07:00:00,0.3057,0.3071,0.3049,0.3062,1274110.0
2025-06-18 08:00:00,0.3062,0.3077,0.3022,0.3033,3449317.0
2025-06-18 09:00:00,0.3033,0.3042,0.3007,0.3017,2204693.4
2025-06-18 10:00:00,0.3018,0.3019,0.2952,0.2961,5615365.0
2025-06-18 11:00:00,0.2961,0.3006,0.295,0.3005,3739390.7
2025-06-18 12:00:00,0.3005,0.3009,0.2965,0.297,3522958.9
2025-06-18 13:00:00,0.2968,0.2972,0.2899,0.2961,8093110.2
2025-06-18 14:00:00,0.2962,0.3022,0.2947,0.2974,10352433.5
2025-06-18 15:00:00,0.2975,0.2997,0.2948,0.2977,3386320.7
2025-06-18 16:00:00,0.2977,0.2985,0.2949,0.2963,2647192.5
2025-06-18 17:00:00,0.2962,0.2995,0.2933,0.2988,4074863.4
2025-06-18 18:00:00,0.2988,0.3019,0.2964,0.2965,8775289.8
2025-06-18 19:00:00,0.2964,0.3021,0.2959,0.2986,4051582.3
2025-06-18 20:00:00,0.2987,0.3092,0.2978,0.308,4794844.6
2025-06-18 21:00:00,0.3082,0.3093,0.3044,0.3082,3816997.4
2025-06-18 22:00:00,0.3081,0.3092,0.3064,0.3073,1783235.3
2025-06-18 23:00:00,0.3072,0.3089,0.305,0.3072,1624478.6
2025-06-19 00:00:00,0.3072,0.3109,0.3059,0.3084,2553534.5
2025-06-19 01:00:00,0.3084,0.3085,0.3053,0.3063,2280158.1
2025-06-19 02:00:00,0.3063,0.3086,0.3056,0.3068,1364534.9
2025-06-19 03:00:00,0.3069,0.3102,0.3069,0.3095,1757249.6
2025-06-19 04:00:00,0.3095,0.3104,0.3074,0.3093,1376747.2
2025-06-19 05:00:00,0.3094,0.3116,0.3079,0.3081,1542950.2
2025-06-19 06:00:00,0.3081,0.3093,0.3069,0.3072,1248503.5
2025-06-19 07:00:00,0.3073,0.3083,0.3062,0.3065,1297305.0
2025-06-19 08:00:00,0.3066,0.3079,0.306,0.306,1401796.9
2025-06-19 09:00:00,0.306,0.3098,0.3057,0.3091,2617243.6
2025-06-19 10:00:00,0.3091,0.3097,0.3069,0.3077,1472079.6
2025-06-19 11:00:00,0.3077,0.3077,0.3043,0.3046,1796862.3
2025-06-19 12:00:00,0.3046,0.3062,0.3033,0.3048,1475844.2
2025-06-19 13:00:00,0.3048,0.3051,0.3009,0.3017,2213326.7
2025-06-19 14:00:00,0.3018,0.3029,0.2988,0.2994,3315414.8
2025-06-19 15:00:00,0.2993,0.3011,0.2983,0.2999,2463930.0
2025-06-19 16:00:00,0.2999,0.3018,0.2975,0.2976,1688287.7
2025-06-19 17:00:00,0.2978,0.3033,0.2966,0.3012,4413375.4
2025-06-19 18:00:00,0.301,0.3037,0.298,0.2996,2624612.4
2025-06-19 19:00:00,0.2997,0.3007,0.2984,0.2991,1038825.4
2025-06-19 20:00:00,0.2992,0.3006,0.2972,0.2982,1402055.2
2025-06-19 21:00:00,0.2981,0.301,0.2979,0.3002,2614793.5
2025-06-19 22:00:00,0.3003,0.3038,0.3003,0.3025,2765503.4
2025-06-19 23:00:00,0.3025,0.3035,0.3007,0.3014,1628474.2
2025-06-20 00:00:00,0.3015,0.304,0.3012,0.3031,1577042.1
2025-06-20 01:00:00,0.3031,0.3034,0.3008,0.3025,1107134.5
2025-06-20 02:00:00,0.3026,0.3027,0.2996,0.3004,1030257.9
2025-06-20 03:00:00,0.3003,0.3008,0.2988,0.3001,1670340.8
2025-06-20 04:00:00,0.3,0.3003,0.2965,0.2968,2338274.9
2025-06-20 05:00:00,0.2968,0.299,0.2963,0.299,2811352.7
2025-06-20 06:00:00,0.299,0.3011,0.2987,0.3004,1166632.4
2025-06-20 07:00:00,0.3003,0.3077,0.2998,0.3072,6986280.2
2025-06-20 08:00:00,0.3073,0.3104,0.306,0.3068,4024959.7
2025-06-20 09:00:00,0.3069,0.3083,0.3055,0.307,1746950.5
2025-06-20 10:00:00,0.307,0.3097,0.3062,0.3081,2452840.3
2025-06-20 11:00:00,0.3081,0.3091,0.307,0.3085,2124105.6
2025-06-20 12:00:00,0.3085,0.3092,0.3071,0.308,1688265.4
2025-06-20 13:00:00,0.3082,0.3099,0.3056,0.3072,2140449.6
2025-06-20 14:00:00,0.3071,0.3081,0.2969,0.2971,8146959.9
2025-06-20 15:00:00,0.2972,0.3008,0.2971,0.2988,3281292.9
2025-06-20 16:00:00,0.2989,0.2993,0.2935,0.2943,5428630.4
2025-06-20 17:00:00,0.2942,0.2953,0.2839,0.293,17660020.5
2025-06-20 18:00:00,0.2929,0.2952,0.2913,0.293,3849770.9
2025-06-20 19:00:00,0.293,0.293,0.2896,0.2907,2321296.6
2025-06-20 20:00:00,0.2907,0.2945,0.2906,0.2915,4756578.7
2025-06-20 21:00:00,0.2915,0.2917,0.2885,0.2887,2117831.7
2025-06-20 22:00:00,0.2887,0.2888,0.2845,0.2857,3968235.5
2025-06-20 23:00:00,0.2856,0.2872,0.2834,0.2865,1995592.6
2025-06-21 00:00:00,0.2866,0.2891,0.2863,0.2871,2355170.6
2025-06-21 01:00:00,0.2871,0.2922,0.287,0.2913,2138388.6
2025-06-21 02:00:00,0.2914,0.2917,0.2891,0.2895,1221056.2
2025-06-21 03:00:00,0.2896,0.2917,0.2892,0.2893,988215.2
2025-06-21 04:00:00,0.2892,0.2895,0.2881,0.2885,869625.9
2025-06-21 05:00:00,0.2885,0.2901,0.288,0.2889,915246.8
2025-06-21 06:00:00,0.289,0.2894,0.2878,0.2884,1280086.5
2025-06-21 07:00:00,0.2885,0.2885,0.287,0.288,1212183.5
2025-06-21 08:00:00,0.2879,0.2908,0.2879,0.2899,3804317.4
2025-06-21 09:00:00,0.2899,0.2905,0.2879,0.2899,1641753.1
2025-06-21 10:00:00,0.2899,0.2909,0.2875,0.2883,1952223.0
2025-06-21 11:00:00,0.2882,0.289,0.2877,0.2881,1026233.3
2025-06-21 12:00:00,0.2881,0.2887,0.2851,0.2852,1832825.4
2025-06-21 13:00:00,0.2851,0.2864,0.2807,0.2816,4565561.3
2025-06-21 14:00:00,0.2816,0.2868,0.2809,0.2846,11176943.5
2025-06-21 15:00:00,0.2847,0.2875,0.2826,0.2846,2879551.1
2025-06-21 16:00:00,0.2846,0.2856,0.2814,0.2821,1666512.9
2025-06-21 17:00:00,0.282,0.2838,0.2788,0.2803,4418921.9
2025-06-21 18:00:00,0.2804,0.2814,0.2773,0.2778,2802951.6
2025-06-21 19:00:00,0.2777,0.2789,0.2766,0.2774,2765620.6
2025-06-21 20:00:00,0.2774,0.2818,0.2764,0.2808,3188704.1
2025-06-21 21:00:00,0.2809,0.2814,0.2689,0.2712,9777878.2
2025-06-21 22:00:00,0.2713,0.2757,0.2711,0.274,3019081.2
2025-06-21 23:00:00,0.274,0.2753,0.2675,0.275,7983552.8
2025-06-22 00:00:00,0.275,0.281,0.2733,0.2787,5380606.8
2025-06-22 01:00:00,0.2788,0.28,0.2736,0.2737,2709767.3
2025-06-22 02:00:00,0.2738,0.2762,0.2703,0.2721,3391056.9
2025-06-22 03:00:00,0.272,0.2735,0.2685,0.2703,2332642.6
2025-06-22 04:00:00,0.2703,0.2743,0.2692,0.2719,1771311.6
2025-06-22 05:00:00,0.2718,0.2745,0.2704,0.2722,1629714.2
2025-06-22 06:00:00,0.2721,0.2747,0.2709,0.2731,1442721.9
2025-06-22 07:00:00,0.2732,0.2778,0.2688,0.2698,5265867.9
2025-06-22 08:00:00,0.2699,0.2712,0.268,0.2704,2458183.6
2025-06-22 09:00:00,0.2704,0.2712,0.2646,0.265,6430516.6
2025-06-22 10:00:00,0.265,0.2704,0.2646,0.2693,3406838.1
2025-06-22 11:00:00,0.2691,0.2724,0.2686,0.27,2975990.3
2025-06-22 12:00:00,0.27,0.272,0.2658,0.2696,3575538.0
2025-06-22 13:00:00,0.2696,0.2705,0.2559,0.2608,24334650.0
2025-06-22 14:00:00,0.2608,0.2673,0.2568,0.2667,13815800.5
2025-06-22 15:00:00,0.2666,0.2668,0.261,0.2619,5825894.9
2025-06-22 16:00:00,0.2619,0.2643,0.2604,0.2613,4461854.7
2025-06-22 17:00:00,0.2612,0.2646,0.2591,0.2623,3278603.4
2025-06-22 18:00:00,0.2623,0.2642,0.2609,0.2621,1830345.5
2025-06-22 19:00:00,0.2621,0.2631,0.2603,0.261,2006269.3
2025-06-22 20:00:00,0.261,0.2639,0.2526,0.2628,9673466.7
2025-06-22 21:00:00,0.2628,0.2648,0.2593,0.2599,2511182.7
2025-06-22 22:00:00,0.26,0.2678,0.2598,0.2677,5154718.5
2025-06-22 23:00:00,0.2678,0.2682,0.2664,0.2678,1962800.3
2025-06-23 00:00:00,0.2678,0.2722,0.2675,0.27,3425907.4
2025-06-23 01:00:00,0.27,0.2725,0.2696,0.2724,2249639.4
2025-06-23 02:00:00,0.2724,0.2734,0.2717,0.273,1378551.7
2025-06-23 03:00:00,0.273,0.2747,0.2723,0.2724,1486028.8
2025-06-23 04:00:00,0.2725,0.274,0.2692,0.2698,2305817.9
2025-06-23 05:00:00,0.2699,0.2705,0.2677,0.2699,5177266.6
2025-06-23 06:00:00,0.2699,0.2713,0.2684,0.2702,2569502.3
2025-06-23 07:00:00,0.2702,0.2721,0.2669,0.2678,6041435.9
2025-06-23 08:00:00,0.2678,0.2697,0.2668,0.2692,3462159.5
2025-06-23 09:00:00,0.2693,0.2716,0.2686,0.2709,2486916.8
2025-06-23 10:00:00,0.2708,0.2709,0.2682,0.2695,1672419.6
2025-06-23 11:00:00,0.2696,0.2705,0.2682,0.2697,1579928.5
2025-06-23 12:00:00,0.2697,0.2737,0.2685,0.2737,1806611.6
2025-06-23 13:00:00,0.2737,0.2787,0.2689,0.2772,8338396.2
2025-06-23 14:00:00,0.2772,0.2794,0.2728,0.2732,5214446.0
2025-06-23 15:00:00,0.2732,0.2746,0.2695,0.2702,2601361.0
2025-06-23 16:00:00,0.2703,0.2715,0.2645,0.2677,8950467.9
2025-06-23 17:00:00,0.2677,0.2797,0.2667,0.2791,9205908.9
2025-06-23 18:00:00,0.2791,0.2866,0.2791,0.285,9325333.9
2025-06-23 19:00:00,0.2849,0.2889,0.2849,0.2877,4454566.0
2025-06-23 20:00:00,0.2879,0.2973,0.2879,0.291,10234622.2
2025-06-23 21:00:00,0.291,0.2923,0.2895,0.2905,2865549.6
2025-06-23 22:00:00,0.2905,0.3048,0.2905,0.3029,12518983.2
2025-06-23 23:00:00,0.303,0.3046,0.3014,0.3016,3884488.3
2025-06-24 00:00:00,0.3017,0.3034,0.2983,0.3007,5062010.5
2025-06-24 01:00:00,0.3008,0.3029,0.2996,0.3029,2446490.2
2025-06-24 02:00:00,0.3028,0.3062,0.3025,0.3038,5492977.0
2025-06-24 03:00:00,0.3039,0.3078,0.3036,0.307,3247122.8
2025-06-24 04:00:00,0.307,0.308,0.3044,0.306,2355107.2
2025-06-24 05:00:00,0.3059,0.3138,0.3052,0.3135,3839675.5
2025-06-24 06:00:00,0.3135,0.318,0.3135,0.3164,4643370.4
2025-06-24 07:00:00,0.3163,0.3165,0.3088,0.309,5042157.7
2025-06-24 08:00:00,0.309,0.3132,0.3063,0.312,8117103.6
2025-06-24 09:00:00,0.3119,0.3162,0.3108,0.3139,3789313.9
2025-06-24 10:00:00,0.3138,0.3164,0.3131,0.3152,2384552.8
2025-06-24 11:00:00,0.3152,0.3168,0.3122,0.3147,5865865.5
2025-06-24 12:00:00,0.3146,0.3157,0.3131,0.315,2760178.9
2025-06-24 13:00:00,0.3149,0.3159,0.3113,0.3145,7227094.7
2025-06-24 14:00:00,0.3144,0.3187,0.3144,0.3168,6329598.6
2025-06-24 15:00:00,0.3169,0.3228,0.3169,0.3224,6309561.1
2025-06-24 16:00:00,0.3224,0.3352,0.3208,0.3347,10858467.2
2025-06-24 17:00:00,0.3347,0.3351,0.3244,0.3248,10377010.4
2025-06-24 18:00:00,0.3249,0.3258,0.3208,0.3222,5080774.7
2025-06-24 19:00:00,0.3223,0.3231,0.3168,0.3194,4553512.6
2025-06-24 20:00:00,0.3195,0.321,0.3175,0.3208,2884863.0
2025-06-24 21:00:00,0.3208,0.3209,0.3168,0.3184,1509878.4
2025-06-24 22:00:00,0.3183,0.3183,0.3135,0.3148,3544138.7
2025-06-24 23:00:00,0.3147,0.3154,0.3123,0.3153,1921813.6
2025-06-25 00:00:00,0.3153,0.3165,0.3121,0.3155,3455344.3
2025-06-25 01:00:00,0.3154,0.316,0.3127,0.314,1727333.0
2025-06-25 02:00:00,0.3141,0.3155,0.3131,0.3136,2261578.5
2025-06-25 03:00:00,0.3136,0.3152,0.3126,0.3134,1747238.6
2025-06-25 04:00:00,0.3134,0.315,0.3122,0.3127,1406264.3
2025-06-25 05:00:00,0.3128,0.3132,0.3089,0.3089,3164157.5
2025-06-25 06:00:00,0.3089,0.3115,0.3083,0.311,2315169.3
2025-06-25 07:00:00,0.311,0.3115,0.3092,0.3102,2080386.9
2025-06-25 08:00:00,0.3102,0.3107,0.3056,0.3079,3228834.2
2025-06-25 09:00:00,0.3079,0.3102,0.3063,0.3074,4511122.1
2025-06-25 10:00:00,0.3073,0.3097,0.3061,0.3094,1572074.3
2025-06-25 11:00:00,0.3093,0.3164,0.3091,0.3157,4544941.7
2025-06-25 12:00:00,0.3157,0.3162,0.3118,0.3161,3704247.0
2025-06-25 13:00:00,0.3161,0.3197,0.3147,0.317,6465530.3
2025-06-25 14:00:00,0.3169,0.3187,0.3106,0.3166,7557770.7
2025-06-25 15:00:00,0.3166,0.3176,0.3124,0.3154,6530259.3
2025-06-25 16:00:00,0.3154,0.3169,0.3119,0.3152,5786875.3
2025-06-25 17:00:00,0.3151,0.3252,0.3146,0.3169,8029379.3
2025-06-25 18:00:00,0.3168,0.3172,0.3125,0.3135,1840459.2
2025-06-25 19:00:00,0.3134,0.316,0.3126,0.3142,2343188.4
2025-06-25 20:00:00,0.3143,0.3169,0.3133,0.3164,1182921.0
2025-06-25 21:00:00,0.3163,0.3184,0.3127,0.3127,1685680.8
2025-06-25 22:00:00,0.3128,0.3128,0.3089,0.31,2044790.0
2025-06-25 23:00:00,0.3099,0.3104,0.3081,0.3088,1732139.6
2025-06-26 00:00:00,0.3089,0.3105,0.3081,0.309,1514430.7
2025-06-26 01:00:00,0.309,0.3156,0.3066,0.3121,3429227.5
2025-06-26 02:00:00,0.3122,0.3147,0.3082,0.3103,8995433.6
2025-06-26 03:00:00,0.3102,0.3157,0.305,0.3067,7153361.1
2025-06-26 04:00:00,0.3069,0.3074,0.3029,0.3047,2820569.4
2025-06-26 05:00:00,0.3047,0.3048,0.3019,0.3043,1424538.3
2025-06-26 06:00:00,0.3042,0.3074,0.3035,0.307,2146154.1
2025-06-26 07:00:00,0.3069,0.3093,0.3059,0.3086,2298726.8
2025-06-26 08:00:00,0.3086,0.3097,0.3052,0.3057,1362215.1
2025-06-26 09:00:00,0.3058,0.3069,0.3024,0.3031,2230935.3
2025-06-26 10:00:00,0.3031,0.3039,0.3015,0.3033,2085095.0
2025-06-26 11:00:00,0.3033,0.3034,0.3008,0.3016,1931454.1
2025-06-26 12:00:00,0.3017,0.302,0.2968,0.2976,5537723.6
2025-06-26 13:00:00,0.2976,0.2988,0.2945,0.2955,2742596.0
2025-06-26 14:00:00,0.2955,0.3047,0.2945,0.3016,5755454.5
2025-06-26 15:00:00,0.3016,0.3051,0.3007,0.3045,4552668.8
2025-06-26 16:00:00,0.3045,0.3068,0.3038,0.3068,3823855.1
2025-06-26 17:00:00,0.3068,0.3088,0.3034,0.3036,3412331.6
2025-06-26 18:00:00,0.3036,0.3043,0.3015,0.3029,1809701.3
2025-06-26 19:00:00,0.3031,0.3078,0.302,0.3054,1723356.4
2025-06-26 20:00:00,0.3054,0.3108,0.3042,0.3086,2326447.8
2025-06-26 21:00:00,0.3085,0.3085,0.3019,0.3025,1450519.7
2025-06-26 22:00:00,0.3025,0.3043,0.3004,0.3013,1443534.1
2025-06-26 23:00:00,0.3013,0.3039,0.3001,0.3037,3175270.1
2025-06-27 00:00:00,0.3037,0.3046,0.2993,0.2995,1353336.2
2025-06-27 01:00:00,0.2997,0.3047,0.298,0.3035,3609125.6
2025-06-27 02:00:00,0.3036,0.3058,0.3024,0.3049,994743.8
2025-06-27 03:00:00,0.3049,0.3052,0.3031,0.3043,1156817.8
2025-06-27 04:00:00,0.3043,0.3087,0.3032,0.3067,2298515.3
2025-06-27 05:00:00,0.3067,0.3086,0.3028,0.3031,1490653.9
2025-06-27 06:00:00,0.3031,0.3053,0.3025,0.3042,896534.0
2025-06-27 07:00:00,0.3042,0.3064,0.3029,0.3037,1422944.3
2025-06-27 08:00:00,0.3039,0.3101,0.3027,0.3078,2507917.8
2025-06-27 09:00:00,0.3079,0.3079,0.3053,0.3062,2221062.6
2025-06-27 10:00:00,0.3062,0.3064,0.3023,0.3027,1203260.3
2025-06-27 11:00:00,0.3027,0.3034,0.3018,0.3029,1064273.8
2025-06-27 12:00:00,0.3028,0.3037,0.298,0.2983,4397286.6
2025-06-27 13:00:00,0.2983,0.301,0.298,0.3007,2039770.8
2025-06-27 14:00:00,0.3006,0.3033,0.2993,0.3033,2607941.8
2025-06-27 15:00:00,0.3034,0.3137,0.3018,0.312,10867695.9
2025-06-27 16:00:00,0.312,0.3155,0.3071,0.3131,6462135.1
2025-06-27 17:00:00,0.313,0.3134,0.3077,0.3088,2935990.4
2025-06-27 18:00:00,0.3089,0.3096,0.3037,0.3047,1873420.9
2025-06-27 19:00:00,0.3047,0.3062,0.3034,0.3048,1515506.0
2025-06-27 20:00:00,0.3047,0.3079,0.3038,0.3074,2257825.6
2025-06-27 21:00:00,0.3075,0.3084,0.3056,0.3058,1056762.2
2025-06-27 22:00:00,0.3058,0.3073,0.3056,0.3064,710078.7
2025-06-27 23:00:00,0.3064,0.3065,0.3044,0.3057,686986.4
2025-06-28 00:00:00,0.3057,0.3063,0.3036,0.3039,741943.7
2025-06-28 01:00:00,0.3039,0.3064,0.3031,0.3062,795381.1
2025-06-28 02:00:00,0.3064,0.3066,0.3037,0.304,755941.8
2025-06-28 03:00:00,0.304,0.3045,0.3026,0.3028,709173.1
2025-06-28 04:00:00,0.3027,0.3035,0.3014,0.3016,608315.0
2025-06-28 05:00:00,0.3016,0.3033,0.3015,0.3026,1046952.0
2025-06-28 06:00:00,0.3026,0.3035,0.3021,0.3035,715275.2
2025-06-28 07:00:00,0.3036,0.3056,0.3032,0.3049,1004776.2
2025-06-28 08:00:00,0.305,0.3053,0.3012,0.3016,2186498.6
2025-06-28 09:00:00,0.3017,0.3038,0.3012,0.3036,819764.8
2025-06-28 10:00:00,0.3036,0.3046,0.302,0.3026,1156710.5
2025-06-28 11:00:00,0.3027,0.3042,0.3023,0.3029,773114.5
2025-06-28 12:00:00,0.3029,0.3029,0.301,0.3018,1260163.4
2025-06-28 13:00:00,0.3019,0.3029,0.3009,0.3024,1027462.3
2025-06-28 14:00:00,0.3025,0.3048,0.3022,0.3029,1016227.8
2025-06-28 15:00:00,0.303,0.3057,0.3016,0.3053,1637410.4
2025-06-28 16:00:00,0.3052,0.3084,0.3032,0.3034,3298061.8
2025-06-28 17:00:00,0.3036,0.308,0.3023,0.3064,2497222.0
2025-06-28 18:00:00,0.3066,0.3075,0.305,0.3074,1431135.8
2025-06-28 19:00:00,0.3075,0.3086,0.3058,0.3062,1682794.7
2025-06-28 20:00:00,0.3063,0.3079,0.3056,0.3058,693905.6
2025-06-28 21:00:00,0.3058,0.3098,0.3057,0.3098,869071.8
2025-06-28 22:00:00,0.3098,0.3132,0.3091,0.312,1396332.4
2025-06-28 23:00:00,0.312,0.3138,0.311,0.3111,1884758.1
2025-06-29 00:00:00,0.3112,0.3124,0.3095,0.3115,1803677.8
2025-06-29 01:00:00,0.3115,0.3115,0.3078,0.3081,961058.7
2025-06-29 02:00:00,0.3081,0.3089,0.3066,0.3083,532580.8
2025-06-29 03:00:00,0.3083,0.3085,0.3049,0.3052,977246.8
2025-06-29 04:00:00,0.3053,0.3069,0.3051,0.3068,525044.1
2025-06-29 05:00:00,0.3068,0.3075,0.3055,0.3069,758121.0
2025-06-29 06:00:00,0.3069,0.3084,0.3065,0.3082,660331.4
2025-06-29 07:00:00,0.3083,0.3096,0.3072,0.3096,1450591.4
2025-06-29 08:00:00,0.3097,0.3125,0.3096,0.3115,1428833.9
2025-06-29 09:00:00,0.3116,0.3131,0.3102,0.3118,1909899.2
2025-06-29 10:00:00,0.3118,0.3126,0.3085,0.3095,2144555.3
2025-06-29 11:00:00,0.3095,0.3102,0.3084,0.3098,1030046.3
2025-06-29 12:00:00,0.3098,0.312,0.3081,0.3109,2261260.3
2025-06-29 13:00:00,0.311,0.3119,0.3079,0.3079,1433691.7
2025-06-29 14:00:00,0.308,0.309,0.3067,0.3068,1987533.3
2025-06-29 15:00:00,0.3068,0.3153,0.3062,0.3146,12792591.5
2025-06-29 16:00:00,0.3147,0.3334,0.3146,0.3318,34605953.4
2025-06-29 17:00:00,0.3318,0.3399,0.3255,0.3392,15355009.0
2025-06-29 18:00:00,0.3392,0.344,0.3358,0.3388,16487206.8
2025-06-29 19:00:00,0.3388,0.3489,0.3374,0.3476,11773463.7
2025-06-29 20:00:00,0.3476,0.3508,0.345,0.3486,10522836.8
2025-06-29 21:00:00,0.3486,0.3707,0.3405,0.3707,15701319.2
2025-06-29 22:00:00,0.3705,0.3901,0.3699,0.38,35345552.7
2025-06-29 23:00:00,0.3801,0.3828,0.3668,0.3671,19905829.0
2025-06-30 00:00:00,0.3671,0.3692,0.3628,0.366,11225097.2
2025-06-30 01:00:00,0.3661,0.3665,0.3609,0.3631,4982126.3
2025-06-30 02:00:00,0.3631,0.3643,0.3562,0.3566,4851170.6
2025-06-30 03:00:00,0.3567,0.3631,0.3552,0.361,4255535.6
2025-06-30 04:00:00,0.3609,0.3614,0.3569,0.3599,4082712.3
2025-06-30 05:00:00,0.3599,0.3632,0.3591,0.3603,4039226.7
2025-06-30 06:00:00,0.3603,0.3614,0.3541,0.3565,5642989.4
2025-06-30 07:00:00,0.3565,0.38,0.3563,0.3733,19510238.6
2025-06-30 08:00:00,0.3733,0.3764,0.3619,0.3636,15724030.8
2025-06-30 09:00:00,0.3636,0.364,0.3577,0.3578,8267532.5
2025-06-30 10:00:00,0.3578,0.3608,0.3562,0.3602,5458777.6
2025-06-30 11:00:00,0.3602,0.3728,0.3592,0.3658,12966570.3
2025-06-30 12:00:00,0.3657,0.3725,0.3564,0.3593,18115251.8
2025-06-30 13:00:00,0.3592,0.3604,0.3495,0.3533,13508364.6
2025-06-30 14:00:00,0.3534,0.3552,0.347,0.3501,10212667.3
2025-06-30 15:00:00,0.3501,0.3578,0.3362,0.3399,31872758.2
2025-06-30 16:00:00,0.3397,0.345,0.3361,0.3433,15628609.3
2025-06-30 17:00:00,0.3433,0.3489,0.3433,0.3444,6685869.3
2025-06-30 18:00:00,0.3443,0.3468,0.3366,0.3374,6796943.3
2025-06-30 19:00:00,0.3373,0.3465,0.3368,0.3444,5721666.1
2025-06-30 20:00:00,0.3444,0.3471,0.3433,0.3441,4542722.5
2025-06-30 21:00:00,0.3442,0.3482,0.3424,0.3439,5334892.3
2025-06-30 22:00:00,0.3438,0.3455,0.342,0.3447,2891943.2
2025-06-30 23:00:00,0.3447,0.3475,0.3444,0.3453,3893196.3
2025-07-01 00:00:00,0.3453,0.3469,0.3427,0.3435,5617909.9
2025-07-01 01:00:00,0.3436,0.3443,0.3406,0.3407,3715494.6
2025-07-01 02:00:00,0.3406,0.3406,0.336,0.337,5032113.6
2025-07-01 03:00:00,0.3369,0.339,0.332,0.333,7817639.3
2025-07-01 04:00:00,0.333,0.3338,0.3258,0.326,7195989.6
2025-07-01 05:00:00,0.3261,0.3267,0.3219,0.3235,8061010.5
2025-07-01 06:00:00,0.3235,0.3267,0.322,0.3251,4932395.8
2025-07-01 07:00:00,0.3252,0.3276,0.3212,0.327,6304351.8
2025-07-01 08:00:00,0.327,0.327,0.3225,0.3242,3837625.2
2025-07-01 09:00:00,0.3242,0.3269,0.3236,0.3265,3321714.9
2025-07-01 10:00:00,0.3265,0.3303,0.3252,0.3281,10278217.6
2025-07-01 11:00:00,0.328,0.3281,0.3247,0.3267,4151115.7
2025-07-01 12:00:00,0.3268,0.3296,0.3261,0.3275,5330705.6
2025-07-01 13:00:00,0.3275,0.3292,0.3242,0.3287,5678721.5
2025-07-01 14:00:00,0.3287,0.3305,0.326,0.3284,5186934.5
2025-07-01 15:00:00,0.3284,0.3285,0.3249,0.3269,3521878.1
2025-07-01 16:00:00,0.3269,0.3301,0.3264,0.3272,4244019.3
2025-07-01 17:00:00,0.3272,0.3279,0.325,0.3258,1652729.5
2025-07-01 18:00:00,0.326,0.326,0.3236,0.3242,2606005.4
2025-07-01 19:00:00,0.3241,0.3292,0.3235,0.3269,3231886.2
2025-07-01 20:00:00,0.3268,0.329,0.3241,0.3283,3149735.3
2025-07-01 21:00:00,0.3284,0.3288,0.326,0.3287,1985443.2
2025-07-01 22:00:00,0.3286,0.3289,0.3263,0.3272,1486827.5
2025-07-01 23:00:00,0.3272,0.3276,0.3249,0.3273,1678776.3
2025-07-02 00:00:00,0.3272,0.3278,0.3246,0.3251,2211714.4
2025-07-02 01:00:00,0.325,0.3284,0.3223,0.3264,4093082.5
2025-07-02 02:00:00,0.3265,0.3305,0.325,0.3305,2502456.9
2025-07-02 03:00:00,0.3305,0.3367,0.3293,0.3301,11018695.8
2025-07-02 04:00:00,0.3301,0.3407,0.3241,0.3403,9142363.5
2025-07-02 05:00:00,0.3402,0.3443,0.3368,0.3427,13122158.8
2025-07-02 06:00:00,0.3426,0.3511,0.3382,0.3504,12248175.5
2025-07-02 07:00:00,0.3504,0.3511,0.3421,0.3484,12926684.4
2025-07-02 08:00:00,0.3485,0.349,0.3427,0.3442,7187592.7
2025-07-02 09:00:00,0.3443,0.3457,0.339,0.3411,8976089.3
2025-07-02 10:00:00,0.3412,0.3426,0.338,0.3413,4572819.7
2025-07-02 11:00:00,0.3414,0.3427,0.3379,0.3392,3324362.2
2025-07-02 12:00:00,0.3392,0.3466,0.3391,0.3439,5816584.2
2025-07-02 13:00:00,0.3439,0.3487,0.3431,0.3437,6419089.3
2025-07-02 14:00:00,0.3437,0.3456,0.341,0.3447,4274917.2
2025-07-02 15:00:00,0.3447,0.349,0.3432,0.344,10565060.0
2025-07-02 16:00:00,0.3439,0.3572,0.343,0.3547,13578432.9
2025-07-02 17:00:00,0.3547,0.3573,0.3491,0.3512,9434351.8
2025-07-02 18:00:00,0.3513,0.3548,0.3503,0.3539,2933390.8
2025-07-02 19:00:00,0.3539,0.3544,0.3509,0.3525,4256609.1
2025-07-02 20:00:00,0.3525,0.3543,0.3497,0.35,4671745.7
2025-07-02 21:00:00,0.35,0.3531,0.3499,0.3523,1910479.1
2025-07-02 22:00:00,0.3524,0.3541,0.3501,0.3504,2096497.7
2025-07-02 23:00:00,0.3504,0.3504,0.3462,0.3479,3284389.0
2025-07-03 00:00:00,0.3479,0.3529,0.3474,0.3509,3672112.1
2025-07-03 01:00:00,0.3508,0.3586,0.3496,0.3558,3739968.3
2025-07-03 02:00:00,0.3558,0.3572,0.3508,0.3567,3697585.1
2025-07-03 03:00:00,0.3568,0.3594,0.3528,0.3535,3945043.2
2025-07-03 04:00:00,0.3536,0.3569,0.3531,0.3551,3410876.2
2025-07-03 05:00:00,0.3551,0.3637,0.3543,0.3592,5262187.5
2025-07-03 06:00:00,0.3592,0.3627,0.3572,0.3595,3998864.6
2025-07-03 07:00:00,0.3593,0.3606,0.3573,0.358,5169756.6
2025-07-03 08:00:00,0.358,0.3588,0.3554,0.3555,4078276.0
2025-07-03 09:00:00,0.3555,0.3593,0.3541,0.3559,4467528.3
2025-07-03 10:00:00,0.3559,0.3562,0.3486,0.3495,5118341.3
2025-07-03 11:00:00,0.3495,0.3509,0.348,0.3506,2220929.7
2025-07-03 12:00:00,0.3506,0.3546,0.3449,0.3484,7738908.2
2025-07-03 13:00:00,0.3483,0.3554,0.3457,0.3526,8362995.7
2025-07-03 14:00:00,0.3525,0.3544,0.3466,0.3484,6592322.8
2025-07-03 15:00:00,0.3483,0.349,0.3384,0.3417,7363450.1
2025-07-03 16:00:00,0.3417,0.345,0.3413,0.3434,4065490.2
2025-07-03 17:00:00,0.3434,0.3451,0.3429,0.3435,1804814.3
2025-07-03 18:00:00,0.3436,0.3449,0.3426,0.3432,1100936.9
2025-07-03 19:00:00,0.3433,0.3455,0.3432,0.3438,1285530.0
2025-07-03 20:00:00,0.3438,0.3458,0.3433,0.3456,1568947.9
2025-07-03 21:00:00,0.3456,0.3467,0.3433,0.3448,2102093.8
2025-07-03 22:00:00,0.3447,0.3455,0.3442,0.3453,1137981.3
2025-07-03 23:00:00,0.3452,0.3464,0.343,0.3436,1202964.9
2025-07-04 00:00:00,0.3436,0.3452,0.3417,0.3442,1843502.9
2025-07-04 01:00:00,0.3441,0.3476,0.344,0.3455,1111489.0
2025-07-04 02:00:00,0.3455,0.3461,0.339,0.3395,3450511.7
2025-07-04 03:00:00,0.3396,0.3417,0.3389,0.34,2328507.5
2025-07-04 04:00:00,0.34,0.3412,0.3373,0.3376,4206524.1
2025-07-04 05:00:00,0.3376,0.3394,0.3352,0.3354,2051748.0
2025-07-04 06:00:00,0.3355,0.3355,0.3302,0.3312,4682973.8
2025-07-04 07:00:00,0.3313,0.3323,0.3282,0.3288,3365976.6
2025-07-04 08:00:00,0.3289,0.3314,0.3271,0.3304,3317520.9
2025-07-04 09:00:00,0.3303,0.333,0.3302,0.3312,3206828.3
2025-07-04 10:00:00,0.3311,0.3323,0.3289,0.329,2539820.7
2025-07-04 11:00:00,0.329,0.33,0.328,0.3294,1663402.3
2025-07-04 12:00:00,0.3294,0.3308,0.3278,0.3291,1648553.8
2025-07-04 13:00:00,0.329,0.3305,0.3259,0.327,3404563.1
2025-07-04 14:00:00,0.327,0.3275,0.3222,0.325,7023187.2
2025-07-04 15:00:00,0.325,0.3256,0.3206,0.3211,3666654.1
2025-07-04 16:00:00,0.321,0.3216,0.3136,0.317,10403241.3
2025-07-04 17:00:00,0.3169,0.3208,0.3164,0.3199,3099770.7
2025-07-04 18:00:00,0.3199,0.3204,0.3185,0.3193,2153834.8
2025-07-04 19:00:00,0.3193,0.3202,0.3176,0.319,1160642.7
2025-07-04 20:00:00,0.3189,0.3214,0.3186,0.3204,1708468.6
2025-07-04 21:00:00,0.3204,0.3217,0.3192,0.3215,1588261.4
2025-07-04 22:00:00,0.3215,0.3248,0.3209,0.3241,4144678.8
2025-07-04 23:00:00,0.3241,0.3246,0.3225,0.3244,1590932.8
2025-07-05 00:00:00,0.3244,0.3288,0.3243,0.3269,3444190.1
2025-07-05 01:00:00,0.3269,0.3269,0.3203,0.3222,4155080.2
2025-07-05 02:00:00,0.3221,0.3241,0.3205,0.3234,1707419.4
2025-07-05 03:00:00,0.3234,0.3242,0.3226,0.3233,1118924.2
2025-07-05 04:00:00,0.3233,0.3236,0.3207,0.3209,1300989.1
2025-07-05 05:00:00,0.3209,0.3232,0.3204,0.3231,850256.5
2025-07-05 06:00:00,0.3232,0.3266,0.3228,0.3265,1187129.0
2025-07-05 07:00:00,0.3266,0.3266,0.3246,0.3253,1183875.9
2025-07-05 08:00:00,0.3254,0.3266,0.3244,0.3266,654784.0
2025-07-05 09:00:00,0.3266,0.3301,0.3242,0.3295,2056729.9
2025-07-05 10:00:00,0.3295,0.3302,0.3257,0.3257,996952.3
2025-07-05 11:00:00,0.3258,0.3265,0.3245,0.3245,1422400.2
2025-07-05 12:00:00,0.3246,0.3251,0.3228,0.3244,1324097.4
2025-07-05 13:00:00,0.3243,0.3248,0.3225,0.3231,1142835.4
2025-07-05 14:00:00,0.3231,0.3258,0.3225,0.3258,1100799.6
2025-07-05 15:00:00,0.3258,0.3281,0.3246,0.3253,2337193.3
2025-07-05 16:00:00,0.3253,0.3262,0.3222,0.3249,2188244.6
2025-07-05 17:00:00,0.3249,0.3259,0.3225,0.3231,968610.2
2025-07-05 18:00:00,0.3231,0.3232,0.3205,0.3211,1167632.3
2025-07-05 19:00:00,0.3211,0.3234,0.3202,0.3231,872395.2
2025-07-05 20:00:00,0.323,0.3248,0.3223,0.3245,987164.5
2025-07-05 21:00:00,0.3245,0.3271,0.3244,0.3266,703063.1
2025-07-05 22:00:00,0.3266,0.3307,0.3258,0.3305,2059516.9
2025-07-05 23:00:00,0.3305,0.3328,0.3274,0.3281,2589378.5
2025-07-06 00:00:00,0.3282,0.3285,0.326,0.3275,1215812.2
2025-07-06 01:00:00,0.3275,0.3275,0.3251,0.3258,549077.8
2025-07-06 02:00:00,0.3258,0.3267,0.3246,0.3248,661230.5
2025-07-06 03:00:00,0.3247,0.3251,0.3233,0.3241,534642.5
2025-07-06 04:00:00,0.3241,0.3251,0.3229,0.3232,641523.0
2025-07-06 05:00:00,0.3232,0.3235,0.3218,0.322,1163668.5
2025-07-06 06:00:00,0.3221,0.3248,0.322,0.3247,1514326.2
2025-07-06 07:00:00,0.3247,0.3259,0.324,0.3244,836952.1
2025-07-06 08:00:00,0.3244,0.3272,0.3224,0.3257,2600916.1
2025-07-06 09:00:00,0.3257,0.3271,0.3237,0.3242,1680471.7
2025-07-06 10:00:00,0.3242,0.326,0.3236,0.3238,2658545.4
2025-07-06 11:00:00,0.3239,0.3248,0.323,0.3248,1315366.3
2025-07-06 12:00:00,0.3249,0.3282,0.3238,0.328,1508387.8
2025-07-06 13:00:00,0.328,0.3359,0.3275,0.3336,5080198.3
2025-07-06 14:00:00,0.3337,0.3347,0.3283,0.3319,3222165.6
2025-07-06 15:00:00,0.332,0.3337,0.3299,0.3327,1928167.4
2025-07-06 16:00:00,0.3327,0.3337,0.3304,0.3322,2207544.1
2025-07-06 17:00:00,0.3323,0.3323,0.33,0.3316,667887.1
2025-07-06 18:00:00,0.3316,0.3318,0.3279,0.3296,1822202.3
2025-07-06 19:00:00,0.3297,0.3334,0.3296,0.333,1547989.5
2025-07-06 20:00:00,0.333,0.3344,0.3326,0.3331,1336762.4
2025-07-06 21:00:00,0.3331,0.3389,0.333,0.3367,2857638.7
2025-07-06 22:00:00,0.3367,0.3391,0.3358,0.336,2057095.8
2025-07-06 23:00:00,0.3361,0.3362,0.3322,0.3345,1958230.6
2025-07-07 00:00:00,0.3345,0.3349,0.3321,0.3339,890089.3
2025-07-07 01:00:00,0.334,0.3348,0.3326,0.3337,897641.2
2025-07-07 02:00:00,0.3337,0.337,0.3337,0.3351,909382.4
2025-07-07 03:00:00,0.3352,0.3375,0.3334,0.3339,1582062.3
2025-07-07 04:00:00,0.3338,0.3349,0.3332,0.3333,1011999.4
2025-07-07 05:00:00,0.3334,0.3342,0.3323,0.3326,1487188.1
2025-07-07 06:00:00,0.3326,0.334,0.3313,0.3318,1036111.5
2025-07-07 07:00:00,0.3318,0.3376,0.3308,0.3372,5055446.5
2025-07-07 08:00:00,0.3372,0.3388,0.3348,0.3382,2899231.0
2025-07-07 09:00:00,0.3382,0.3382,0.3344,0.335,1156424.6
2025-07-07 10:00:00,0.335,0.335,0.3304,0.3305,5646123.7
2025-07-07 11:00:00,0.3306,0.333,0.33,0.332,1678632.7
2025-07-07 12:00:00,0.3321,0.3336,0.3303,0.3333,1689903.9
2025-07-07 13:00:00,0.3333,0.3357,0.3322,0.3351,2620067.1
2025-07-07 14:00:00,0.3351,0.3352,0.3277,0.3291,3557924.5
2025-07-07 15:00:00,0.3291,0.3305,0.3278,0.3287,1695473.6
2025-07-07 16:00:00,0.3288,0.3311,0.3255,0.3276,4485233.1
2025-07-07 17:00:00,0.3277,0.3308,0.3272,0.3298,2416918.9
2025-07-07 18:00:00,0.3298,0.3303,0.3263,0.33,1825719.9
2025-07-07 19:00:00,0.33,0.3333,0.3298,0.3307,1570247.4
2025-07-07 20:00:00,0.3306,0.3306,0.3262,0.3273,1560833.0
2025-07-07 21:00:00,0.3273,0.3292,0.3258,0.3285,1763911.8
2025-07-07 22:00:00,0.3286,0.3291,0.3253,0.3268,760649.8
2025-07-07 23:00:00,0.3268,0.3293,0.3268,0.3288,785341.5
2025-07-08 00:00:00,0.3288,0.3303,0.3271,0.3286,2206421.9
2025-07-08 01:00:00,0.3285,0.3285,0.3257,0.3265,881436.7
2025-07-08 02:00:00,0.3264,0.3284,0.325,0.3255,1723745.6
2025-07-08 03:00:00,0.3256,0.3273,0.3255,0.3258,573689.2
2025-07-08 04:00:00,0.3258,0.3259,0.3228,0.3258,1335191.8
2025-07-08 05:00:00,0.3259,0.3266,0.3249,0.3266,947459.4
2025-07-08 06:00:00,0.3267,0.3289,0.3264,0.3275,1147588.3
2025-07-08 07:00:00,0.3275,0.3281,0.3262,0.328,1243769.3
2025-07-08 08:00:00,0.3281,0.3282,0.3247,0.3248,1458756.6
2025-07-08 09:00:00,0.3249,0.3274,0.3246,0.3268,995744.5
2025-07-08 10:00:00,0.3268,0.3315,0.3265,0.3314,2594498.2
2025-07-08 11:00:00,0.3315,0.3361,0.3313,0.3355,4768188.8
2025-07-08 12:00:00,0.3356,0.3365,0.3333,0.3356,2094399.5
2025-07-08 13:00:00,0.3356,0.3379,0.3337,0.3364,2340046.5
2025-07-08 14:00:00,0.3365,0.3369,0.3311,0.3318,2419057.6
2025-07-08 15:00:00,0.3318,0.333,0.3306,0.3318,1382815.2
2025-07-08 16:00:00,0.3319,0.3356,0.3306,0.334,2125316.8
2025-07-08 17:00:00,0.334,0.3426,0.3338,0.3394,5062972.5
2025-07-08 18:00:00,0.3395,0.3409,0.3383,0.3408,2933136.3
2025-07-08 19:00:00,0.3408,0.3408,0.3367,0.3382,1931894.7
2025-07-08 20:00:00,0.3382,0.3396,0.3361,0.3361,3033952.6
2025-07-08 21:00:00,0.336,0.3388,0.336,0.3375,1326841.6
2025-07-08 22:00:00,0.3375,0.3383,0.3363,0.337,1295737.5
2025-07-08 23:00:00,0.337,0.339,0.3358,0.3382,1989676.8
2025-07-09 00:00:00,0.3383,0.3387,0.3361,0.3366,1933482.0
2025-07-09 01:00:00,0.3366,0.3386,0.3345,0.3355,2235796.2
2025-07-09 02:00:00,0.3356,0.3361,0.3346,0.3349,1824574.7
2025-07-09 03:00:00,0.335,0.3363,0.3341,0.3353,1729452.8
2025-07-09 04:00:00,0.3353,0.337,0.334,0.3359,1221657.0
2025-07-09 05:00:00,0.3359,0.3413,0.3352,0.3391,4142403.0
2025-07-09 06:00:00,0.3391,0.3402,0.3375,0.3401,2422152.4
2025-07-09 07:00:00,0.34,0.3415,0.3392,0.3409,2285258.6
2025-07-09 08:00:00,0.3409,0.3419,0.3393,0.3409,2823186.4
2025-07-09 09:00:00,0.3409,0.3412,0.3374,0.3381,1931377.8
2025-07-09 10:00:00,0.3381,0.3402,0.337,0.3395,1879629.4
2025-07-09 11:00:00,0.3396,0.3414,0.339,0.3401,2343429.5
2025-07-09 12:00:00,0.3402,0.3449,0.3398,0.3421,4840276.9
2025-07-09 13:00:00,0.3421,0.3439,0.3389,0.3397,4167355.3
2025-07-09 14:00:00,0.3396,0.3429,0.3366,0.339,6668321.7
2025-07-09 15:00:00,0.3389,0.3408,0.3377,0.3384,3542634.8
2025-07-09 16:00:00,0.3385,0.3409,0.338,0.3401,5317573.3
2025-07-09 17:00:00,0.3401,0.3403,0.3369,0.3386,2886591.2
2025-07-09 18:00:00,0.3387,0.3447,0.3384,0.3435,4868178.7
2025-07-09 19:00:00,0.3436,0.3545,0.3429,0.3534,12732715.1
2025-07-09 20:00:00,0.3533,0.3556,0.3483,0.3514,8154630.5
2025-07-09 21:00:00,0.3514,0.3588,0.3512,0.3555,7781528.5
2025-07-09 22:00:00,0.3555,0.3586,0.3551,0.3573,3190351.6
2025-07-09 23:00:00,0.3572,0.3572,0.3547,0.3554,1925334.3
2025-07-10 00:00:00,0.3554,0.3569,0.3512,0.3514,2364238.9
2025-07-10 01:00:00,0.3514,0.3544,0.3514,0.3534,1220588.2
2025-07-10 02:00:00,0.3535,0.3586,0.3534,0.3582,2074184.6
2025-07-10 03:00:00,0.3582,0.3589,0.3566,0.3582,2778844.8
2025-07-10 04:00:00,0.3582,0.3592,0.3557,0.3592,3427700.6
2025-07-10 05:00:00,0.3593,0.3601,0.3561,0.3564,5372106.2
2025-07-10 06:00:00,0.3564,0.3615,0.3545,0.361,3786639.4
2025-07-10 07:00:00,0.3609,0.3635,0.3598,0.3616,3745707.7
2025-07-10 08:00:00,0.3616,0.3626,0.3588,0.3622,2457812.5
2025-07-10 09:00:00,0.3623,0.3633,0.3592,0.36,1949483.8
2025-07-10 10:00:00,0.36,0.3638,0.358,0.3617,2586611.2
2025-07-10 11:00:00,0.3616,0.3616,0.359,0.3598,1992301.3
2025-07-10 12:00:00,0.3599,0.36,0.3563,0.3588,3261021.5
2025-07-10 13:00:00,0.3587,0.3639,0.3583,0.3616,3581938.6
2025-07-10 14:00:00,0.3616,0.362,0.3572,0.3611,4751727.7
2025-07-10 15:00:00,0.3611,0.3611,0.3566,0.358,1988073.9
2025-07-10 16:00:00,0.3581,0.3692,0.3576,0.3689,7344990.6
2025-07-10 17:00:00,0.3688,0.3759,0.3672,0.3749,7550465.8
2025-07-10 18:00:00,0.375,0.3756,0.3702,0.3737,4574842.7
2025-07-10 19:00:00,0.3737,0.3747,0.3714,0.3736,2182299.5
2025-07-10 20:00:00,0.3736,0.3771,0.3729,0.3765,7751724.2
2025-07-10 21:00:00,0.3764,0.3913,0.3762,0.3894,17565855.8
2025-07-10 22:00:00,0.3893,0.3975,0.3887,0.3973,6906909.6
2025-07-10 23:00:00,0.3974,0.3994,0.3947,0.3963,6450570.3
2025-07-11 00:00:00,0.3964,0.3991,0.3887,0.3946,8821401.8
2025-07-11 01:00:00,0.3945,0.4086,0.3942,0.4086,8565574.4
2025-07-11 02:00:00,0.4086,0.411,0.406,0.4103,5762513.3
2025-07-11 03:00:00,0.4103,0.418,0.4075,0.4161,5015096.2
2025-07-11 04:00:00,0.4161,0.421,0.412,0.4209,8734160.3
2025-07-11 05:00:00,0.4209,0.4319,0.4202,0.4269,12795236.1
2025-07-11 06:00:00,0.427,0.4332,0.4118,0.4129,12997052.2
2025-07-11 07:00:00,0.4129,0.4177,0.409,0.4118,10001096.2
2025-07-11 08:00:00,0.4119,0.4191,0.4118,0.419,4982198.0
2025-07-11 09:00:00,0.419,0.4259,0.4172,0.4207,7356089.0
2025-07-11 10:00:00,0.4207,0.4208,0.4168,0.4173,4571773.4
2025-07-11 11:00:00,0.4175,0.4182,0.4116,0.4124,4512475.1
2025-07-11 12:00:00,0.4125,0.4159,0.4096,0.4148,3898569.0
2025-07-11 13:00:00,0.4148,0.4177,0.4098,0.4159,5589856.8
2025-07-11 14:00:00,0.4159,0.4224,0.4134,0.4163,7665674.8
2025-07-11 15:00:00,0.4162,0.4193,0.4046,0.4064,8656187.3
2025-07-11 16:00:00,0.4065,0.415,0.4043,0.4139,7672031.8
2025-07-11 17:00:00,0.4138,0.42,0.4129,0.4193,3704101.6
2025-07-11 18:00:00,0.4192,0.4199,0.4162,0.418,2105104.7
2025-07-11 19:00:00,0.4181,0.4218,0.416,0.4209,2705531.3
2025-07-11 20:00:00,0.4208,0.4212,0.4134,0.4135,2503165.2
2025-07-11 21:00:00,0.4136,0.4153,0.406,0.4094,4164277.7
2025-07-11 22:00:00,0.4094,0.4109,0.3962,0.4022,7370659.5
2025-07-11 23:00:00,0.4023,0.408,0.402,0.4052,3076535.0
2025-07-12 00:00:00,0.4053,0.4085,0.3981,0.4016,4827450.1
2025-07-12 01:00:00,0.4016,0.4097,0.4016,0.4078,2529665.8
2025-07-12 02:00:00,0.4078,0.4131,0.4075,0.4086,1966044.8
2025-07-12 03:00:00,0.4085,0.4109,0.4068,0.4083,1924248.6
2025-07-12 04:00:00,0.4083,0.4086,0.3984,0.3993,3909459.4
2025-07-12 05:00:00,0.3995,0.4027,0.3961,0.4004,3044472.9
2025-07-12 06:00:00,0.4003,0.4044,0.3976,0.4029,2223987.8
2025-07-12 07:00:00,0.4028,0.4059,0.4016,0.4046,1992625.2
2025-07-12 08:00:00,0.4045,0.4063,0.4012,0.4027,1825925.6
2025-07-12 09:00:00,0.4027,0.4062,0.4012,0.4061,1748657.4
2025-07-12 10:00:00,0.4061,0.4061,0.403,0.404,1485103.2
2025-07-12 11:00:00,0.4041,0.4048,0.4013,0.403,2064758.4
2025-07-12 12:00:00,0.4029,0.4045,0.3905,0.3953,5032425.1
2025-07-12 13:00:00,0.3953,0.3953,0.3873,0.3931,5769284.7
2025-07-12 14:00:00,0.3932,0.3961,0.39,0.3906,2752910.8
2025-07-12 15:00:00,0.3905,0.3911,0.3822,0.3857,5577986.1
2025-07-12 16:00:00,0.3857,0.3921,0.3839,0.3893,2696920.7
2025-07-12 17:00:00,0.3893,0.3959,0.3883,0.3954,1994544.3
2025-07-12 18:00:00,0.3954,0.3967,0.3935,0.3958,1061525.7
2025-07-12 19:00:00,0.3958,0.3965,0.3932,0.3963,1045367.2
2025-07-12 20:00:00,0.3963,0.3964,0.3906,0.3906,2311232.5
2025-07-12 21:00:00,0.3907,0.3968,0.3904,0.3968,1276817.7
2025-07-12 22:00:00,0.3968,0.4003,0.3943,0.3991,2010404.7
2025-07-12 23:00:00,0.399,0.4011,0.3968,0.3997,1295883.9
2025-07-13 00:00:00,0.3998,0.4018,0.3974,0.3993,1243370.4
2025-07-13 01:00:00,0.3994,0.4035,0.3993,0.4017,1683422.6
2025-07-13 02:00:00,0.4016,0.4033,0.398,0.4029,1708398.3
2025-07-13 03:00:00,0.4029,0.4031,0.4001,0.4026,1136908.3
2025-07-13 04:00:00,0.4027,0.4084,0.4013,0.4081,1995666.8
2025-07-13 05:00:00,0.4082,0.4088,0.4048,0.4054,1807291.1
2025-07-13 06:00:00,0.4054,0.413,0.4054,0.4105,3159683.8
2025-07-13 07:00:00,0.4105,0.4147,0.4082,0.4133,4022632.9
2025-07-13 08:00:00,0.4132,0.4145,0.4089,0.4119,3395406.2
2025-07-13 09:00:00,0.412,0.4135,0.4072,0.4088,2105366.0
2025-07-13 10:00:00,0.4088,0.4111,0.4058,0.4067,1601383.6
2025-07-13 11:00:00,0.4068,0.4163,0.4067,0.4157,2209961.5
2025-07-13 12:00:00,0.4158,0.4215,0.413,0.4186,5562511.3
2025-07-13 13:00:00,0.4185,0.4216,0.4143,0.4169,4313598.5
2025-07-13 14:00:00,0.4169,0.4216,0.41,0.4127,7443362.8
2025-07-13 15:00:00,0.4128,0.4174,0.4115,0.4137,3882552.7
2025-07-13 16:00:00,0.4138,0.4171,0.4114,0.4116,2254237.8
2025-07-13 17:00:00,0.4115,0.4168,0.4097,0.4162,3539162.4
2025-07-13 18:00:00,0.4162,0.4202,0.4149,0.4176,2704657.1
2025-07-13 19:00:00,0.4176,0.4199,0.4151,0.4153,1954836.6
2025-07-13 20:00:00,0.4153,0.4177,0.4133,0.4171,1737027.3
2025-07-13 21:00:00,0.417,0.4171,0.4079,0.4108,3788249.2
2025-07-13 22:00:00,0.4108,0.4118,0.407,0.4091,1693881.5
2025-07-13 23:00:00,0.409,0.4113,0.4077,0.4105,1355958.3
2025-07-14 00:00:00,0.4105,0.4132,0.4081,0.41,2764772.0
2025-07-14 01:00:00,0.41,0.4167,0.4084,0.4164,2446759.4
2025-07-14 02:00:00,0.4164,0.424,0.4141,0.418,4924279.7
2025-07-14 03:00:00,0.4181,0.4316,0.4174,0.4269,7144195.0
2025-07-14 04:00:00,0.4269,0.4337,0.4251,0.4324,5150354.2
2025-07-14 05:00:00,0.4323,0.4323,0.418,0.4234,7542785.7
2025-07-14 06:00:00,0.4234,0.4238,0.4168,0.4185,4193924.8
2025-07-14 07:00:00,0.4185,0.4251,0.4184,0.4233,6945544.2
2025-07-14 08:00:00,0.4234,0.4237,0.4154,0.4192,4882473.5
2025-07-14 09:00:00,0.4192,0.4271,0.4177,0.4225,5289534.7
2025-07-14 10:00:00,0.4224,0.4262,0.4183,0.4255,4034596.6
2025-07-14 11:00:00,0.4255,0.4267,0.4192,0.4202,3619404.5
2025-07-14 12:00:00,0.4201,0.4216,0.4172,0.4208,2727757.6
2025-07-14 13:00:00,0.4208,0.4239,0.4174,0.4212,4247986.5
2025-07-14 14:00:00,0.4212,0.425,0.4094,0.4138,8460871.3
2025-07-14 15:00:00,0.4137,0.4137,0.4029,0.4073,10473196.0
2025-07-14 16:00:00,0.4071,0.4128,0.402,0.4114,5819705.2
2025-07-14 17:00:00,0.4113,0.4116,0.4073,0.4096,2198235.8
2025-07-14 18:00:00,0.4096,0.4096,0.4031,0.4034,2644522.3
2025-07-14 19:00:00,0.4033,0.4053,0.4017,0.404,1923530.6
2025-07-14 20:00:00,0.4039,0.4066,0.3986,0.4053,3222341.6
2025-07-14 21:00:00,0.4052,0.4084,0.4044,0.4075,1876384.4
2025-07-14 22:00:00,0.4074,0.4074,0.4018,0.4038,3240482.5
2025-07-14 23:00:00,0.4038,0.4038,0.401,0.4027,1907832.4
2025-07-15 00:00:00,0.4027,0.4062,0.3969,0.3985,3359734.3
2025-07-15 01:00:00,0.3985,0.4025,0.3944,0.3984,3588773.8
2025-07-15 02:00:00,0.3984,0.4007,0.3953,0.397,3211776.0
2025-07-15 03:00:00,0.397,0.3971,0.3903,0.3955,5558387.7
2025-07-15 04:00:00,0.3955,0.4023,0.3909,0.402,3972444.8
2025-07-15 05:00:00,0.4021,0.4028,0.3993,0.4013,2666424.6
2025-07-15 06:00:00,0.4013,0.4048,0.4002,0.4028,2891173.1
2025-07-15 07:00:00,0.4027,0.4052,0.3976,0.3985,3938548.8
2025-07-15 08:00:00,0.3985,0.4008,0.3954,0.3988,2328550.2
2025-07-15 09:00:00,0.3989,0.4027,0.3986,0.3992,1769885.0
2025-07-15 10:00:00,0.3992,0.4021,0.3988,0.4015,1126286.3
2025-07-15 11:00:00,0.4015,0.4027,0.3975,0.4013,1999756.3
2025-07-15 12:00:00,0.4013,0.4071,0.3974,0.4052,5813060.2
2025-07-15 13:00:00,0.4053,0.4162,0.4047,0.4126,6998538.8
2025-07-15 14:00:00,0.4126,0.4154,0.397,0.4011,14031318.6
2025-07-15 15:00:00,0.4011,0.4157,0.3997,0.4139,6211650.2
2025-07-15 16:00:00,0.414,0.4211,0.4135,0.4191,6941358.2
2025-07-15 17:00:00,0.4189,0.4293,0.4181,0.4292,6386593.8
2025-07-15 18:00:00,0.4293,0.4317,0.4193,0.4252,9943822.1
2025-07-15 19:00:00,0.4251,0.4305,0.4193,0.4202,7170044.8
2025-07-15 20:00:00,0.42,0.4238,0.4179,0.4192,3567435.6
2025-07-15 21:00:00,0.4192,0.4297,0.4187,0.4261,2491590.5
2025-07-15 22:00:00,0.4262,0.4269,0.4226,0.4269,2861515.6
2025-07-15 23:00:00,0.427,0.4438,0.4269,0.4366,18474821.8
2025-07-16 00:00:00,0.4366,0.4413,0.4305,0.4409,6510983.5
2025-07-16 01:00:00,0.4409,0.4436,0.4382,0.44,9041770.6
2025-07-16 02:00:00,0.4399,0.44,0.4237,0.4263,6109681.3
2025-07-16 03:00:00,0.4264,0.4319,0.4252,0.4283,3012824.3
2025-07-16 04:00:00,0.4285,0.4329,0.4251,0.4324,3702282.2
2025-07-16 05:00:00,0.4325,0.439,0.4324,0.4358,4033060.5
2025-07-16 06:00:00,0.4358,0.4368,0.4328,0.4355,2477973.0
2025-07-16 07:00:00,0.4354,0.4476,0.4336,0.4402,9345999.0
2025-07-16 08:00:00,0.4402,0.4405,0.4333,0.4352,7032104.5
2025-07-16 09:00:00,0.4352,0.4394,0.4309,0.4346,4657850.6
2025-07-16 10:00:00,0.4346,0.4361,0.431,0.4312,2921894.3
2025-07-16 11:00:00,0.4312,0.4347,0.4298,0.4316,3092062.2
2025-07-16 12:00:00,0.4316,0.4389,0.4301,0.436,5333083.3
2025-07-16 13:00:00,0.436,0.4428,0.4329,0.4419,8004422.1
2025-07-16 14:00:00,0.4419,0.4527,0.4375,0.4494,19362914.2
2025-07-16 15:00:00,0.4495,0.455,0.4395,0.4432,15149005.1
2025-07-16 16:00:00,0.4431,0.4509,0.4399,0.4504,11623144.1
2025-07-16 17:00:00,0.4504,0.4524,0.444,0.4499,8293151.7
2025-07-16 18:00:00,0.45,0.4543,0.446,0.4479,7995715.0
2025-07-16 19:00:00,0.448,0.4518,0.4468,0.45,4473532.8
2025-07-16 20:00:00,0.45,0.4586,0.4497,0.4525,9106908.1
2025-07-16 21:00:00,0.4526,0.458,0.45,0.4531,6727458.2
2025-07-16 22:00:00,0.453,0.4566,0.4424,0.4437,5069048.3
2025-07-16 23:00:00,0.4437,0.4442,0.4373,0.4404,5652001.6
2025-07-17 00:00:00,0.4405,0.4486,0.4392,0.4423,4946402.3
2025-07-17 01:00:00,0.4422,0.4457,0.431,0.4357,6424854.6
2025-07-17 02:00:00,0.4356,0.4387,0.4338,0.4372,3419910.9
2025-07-17 03:00:00,0.4373,0.4374,0.4279,0.4302,3952507.8
2025-07-17 04:00:00,0.4301,0.4351,0.4289,0.4349,3430238.7
2025-07-17 05:00:00,0.4349,0.4402,0.4321,0.4402,3022197.7
2025-07-17 06:00:00,0.4402,0.4496,0.4375,0.4453,6290953.1
2025-07-17 07:00:00,0.4452,0.4502,0.4401,0.4473,6128988.7
2025-07-17 08:00:00,0.4473,0.4525,0.444,0.4492,9504188.3
2025-07-17 09:00:00,0.4492,0.457,0.447,0.4524,6897788.5
2025-07-17 10:00:00,0.4523,0.4533,0.4476,0.4492,4839905.2
2025-07-17 11:00:00,0.4493,0.4494,0.444,0.4441,4595781.9
2025-07-17 12:00:00,0.444,0.4499,0.4392,0.4477,6005923.2
2025-07-17 13:00:00,0.4477,0.4503,0.4405,0.4485,7879703.3
2025-07-17 14:00:00,0.4484,0.4519,0.4454,0.4497,5686103.7
2025-07-17 15:00:00,0.4498,0.4509,0.4425,0.4485,4877581.4
2025-07-17 16:00:00,0.4484,0.4495,0.4322,0.4369,10963192.3
2025-07-17 17:00:00,0.437,0.4428,0.4356,0.4421,6369203.0
2025-07-17 18:00:00,0.4422,0.4441,0.4392,0.4414,4741828.4
2025-07-17 19:00:00,0.4414,0.4454,0.4342,0.4347,5589014.3
2025-07-17 20:00:00,0.4347,0.439,0.4294,0.4384,7117695.7
2025-07-17 21:00:00,0.4385,0.4497,0.4382,0.4448,9354833.1
2025-07-17 22:00:00,0.4449,0.4534,0.4434,0.4491,5374557.0
2025-07-17 23:00:00,0.4492,0.4564,0.4472,0.4497,7929313.4
2025-07-18 00:00:00,0.4496,0.4617,0.4464,0.4601,10450397.3
2025-07-18 01:00:00,0.4601,0.4664,0.4578,0.4653,12433131.5
2025-07-18 02:00:00,0.4654,0.4655,0.4589,0.4609,9118644.0
2025-07-18 03:00:00,0.4609,0.4617,0.455,0.4576,5032658.3
2025-07-18 04:00:00,0.4575,0.4734,0.4568,0.4731,10637699.5
2025-07-18 05:00:00,0.473,0.4826,0.4719,0.4821,13569996.4
2025-07-18 06:00:00,0.4821,0.4821,0.4695,0.4778,9038008.5
2025-07-18 07:00:00,0.4779,0.4857,0.4721,0.4724,11326797.0
2025-07-18 08:00:00,0.4724,0.4792,0.466,0.4736,20283727.0
2025-07-18 09:00:00,0.4735,0.4764,0.4677,0.4728,8003209.5
2025-07-18 10:00:00,0.4728,0.4728,0.4636,0.4718,5044835.4
2025-07-18 11:00:00,0.4718,0.473,0.4628,0.4697,5589896.2
2025-07-18 12:00:00,0.4697,0.4836,0.4683,0.4833,7033428.8
2025-07-18 13:00:00,0.4833,0.4911,0.4794,0.4886,16720619.3
2025-07-18 14:00:00,0.4886,0.4968,0.4745,0.4908,24434869.0
2025-07-18 15:00:00,0.4908,0.4908,0.469,0.4702,16829896.6
2025-07-18 16:00:00,0.4702,0.4736,0.4636,0.4688,9611579.6
2025-07-18 17:00:00,0.4688,0.4763,0.4661,0.4711,4661479.8
2025-07-18 18:00:00,0.4712,0.4714,0.461,0.4619,5407221.7
2025-07-18 19:00:00,0.4618,0.4629,0.4519,0.4552,8980233.0
2025-07-18 20:00:00,0.4552,0.4557,0.4393,0.4495,13201083.8
2025-07-18 21:00:00,0.4494,0.4585,0.4489,0.4522,5073970.1
2025-07-18 22:00:00,0.4522,0.4578,0.4483,0.449,4570644.1
2025-07-18 23:00:00,0.4491,0.4525,0.4446,0.4524,5426363.4
2025-07-19 00:00:00,0.4523,0.4542,0.4413,0.4415,2947370.3
2025-07-19 01:00:00,0.4415,0.4511,0.4376,0.4487,4564995.0
2025-07-19 02:00:00,0.4488,0.4548,0.4454,0.4544,3191292.0
2025-07-19 03:00:00,0.4545,0.4708,0.4545,0.4697,7406016.1
2025-07-19 04:00:00,0.4696,0.4772,0.4642,0.4683,4410526.9
2025-07-19 05:00:00,0.4684,0.4712,0.4626,0.4643,2314935.0
2025-07-19 06:00:00,0.4642,0.4667,0.4607,0.4619,2758757.3
2025-07-19 07:00:00,0.4619,0.4643,0.4578,0.4589,2426059.6
2025-07-19 08:00:00,0.4589,0.46,0.4554,0.458,2963891.5
2025-07-19 09:00:00,0.458,0.4611,0.4551,0.4565,2659093.1
2025-07-19 10:00:00,0.4565,0.4591,0.454,0.4558,2476698.9
2025-07-19 11:00:00,0.4558,0.4582,0.4517,0.4534,2774999.2
2025-07-19 12:00:00,0.4534,0.4582,0.4509,0.458,2409872.9
2025-07-19 13:00:00,0.4581,0.4584,0.4522,0.454,2433367.6
2025-07-19 14:00:00,0.4541,0.455,0.4473,0.4482,4153140.8
2025-07-19 15:00:00,0.4481,0.456,0.4478,0.4527,3387173.7
2025-07-19 16:00:00,0.4527,0.4575,0.4495,0.4547,3067829.7
2025-07-19 17:00:00,0.4548,0.4549,0.448,0.4502,4782138.4
2025-07-19 18:00:00,0.4502,0.455,0.4496,0.4532,2065693.0
2025-07-19 19:00:00,0.4533,0.465,0.4531,0.4631,5464476.3
2025-07-19 20:00:00,0.4631,0.4654,0.4606,0.4616,2407466.0
2025-07-19 21:00:00,0.4615,0.463,0.4552,0.462,2649430.6
2025-07-19 22:00:00,0.462,0.4666,0.4594,0.4622,1848107.4
2025-07-19 23:00:00,0.4622,0.4653,0.4605,0.4648,1935757.8
2025-07-20 00:00:00,0.4648,0.4661,0.4585,0.4597,5027323.5
2025-07-20 01:00:00,0.4596,0.4649,0.4581,0.4588,4053559.4
2025-07-20 02:00:00,0.4588,0.4638,0.4572,0.4622,3317240.3
2025-07-20 03:00:00,0.4622,0.4714,0.4601,0.4684,3905134.0
2025-07-20 04:00:00,0.4683,0.4732,0.4626,0.4659,4031239.9
2025-07-20 05:00:00,0.466,0.4727,0.4621,0.4715,3551946.4
2025-07-20 06:00:00,0.4715,0.472,0.4665,0.467,4080313.6
2025-07-20 07:00:00,0.4671,0.4761,0.4671,0.4723,4578248.3
2025-07-20 08:00:00,0.4723,0.4846,0.4723,0.4833,5786159.3
2025-07-20 09:00:00,0.4833,0.4898,0.4799,0.4837,9965064.5
2025-07-20 10:00:00,0.4836,0.4882,0.4791,0.4793,6075889.1
2025-07-20 11:00:00,0.4796,0.4882,0.4784,0.4848,4814628.8
2025-07-20 12:00:00,0.4849,0.4882,0.4816,0.4848,4649071.8
2025-07-20 13:00:00,0.4848,0.4889,0.4818,0.4889,3764781.1
2025-07-20 14:00:00,0.4889,0.4904,0.4808,0.4898,6433904.6
2025-07-20 15:00:00,0.4898,0.4994,0.4866,0.4979,9665734.3
2025-07-20 16:00:00,0.4979,0.5099,0.4925,0.5043,15789818.7
2025-07-20 17:00:00,0.5044,0.5045,0.4909,0.4922,12117734.8
2025-07-20 18:00:00,0.4923,0.4962,0.4878,0.4936,6461506.4
2025-07-20 19:00:00,0.4936,0.498,0.4919,0.4919,3586129.4
2025-07-20 20:00:00,0.492,0.4927,0.4868,0.4895,4242176.8
2025-07-20 21:00:00,0.4894,0.49,0.4828,0.49,5181912.8
2025-07-20 22:00:00,0.49,0.4906,0.4736,0.485,8594346.8
2025-07-20 23:00:00,0.485,0.4867,0.4805,0.4832,3585177.2
2025-07-21 00:00:00,0.4832,0.4837,0.4739,0.483,4939572.0
2025-07-21 01:00:00,0.4831,0.4862,0.4746,0.4801,4565872.3
2025-07-21 02:00:00,0.4802,0.4856,0.4796,0.4849,3168657.2
2025-07-21 03:00:00,0.4849,0.4927,0.4845,0.4917,4642156.0
2025-07-21 04:00:00,0.4918,0.4926,0.4886,0.4897,3532724.4
2025-07-21 05:00:00,0.4897,0.4922,0.4861,0.4921,3920200.2
2025-07-21 06:00:00,0.4921,0.4977,0.4899,0.4939,5868384.9
2025-07-21 07:00:00,0.494,0.4985,0.4939,0.4948,8364733.9
2025-07-21 08:00:00,0.4948,0.498,0.4889,0.4916,6082551.6
2025-07-21 09:00:00,0.4915,0.4933,0.4881,0.4917,5139650.7
2025-07-21 10:00:00,0.4917,0.4974,0.4877,0.4961,4944774.5
2025-07-21 11:00:00,0.496,0.5011,0.4938,0.4947,6218341.6
2025-07-21 12:00:00,0.4946,0.4954,0.4904,0.4914,6363193.0
2025-07-21 13:00:00,0.4914,0.5005,0.4854,0.4983,9434898.4
2025-07-21 14:00:00,0.4984,0.5065,0.4938,0.5049,17810706.0
2025-07-21 15:00:00,0.5047,0.5105,0.4966,0.4982,12391040.2
2025-07-21 16:00:00,0.4982,0.4992,0.481,0.4865,16211573.6
2025-07-21 17:00:00,0.4866,0.4909,0.4827,0.4881,6588253.4
2025-07-21 18:00:00,0.4881,0.4951,0.4812,0.4827,6500103.0
2025-07-21 19:00:00,0.4826,0.4878,0.477,0.4806,7158448.6
2025-07-21 20:00:00,0.4806,0.4853,0.4783,0.4809,5288844.1
2025-07-21 21:00:00,0.4808,0.485,0.479,0.4807,3092764.1
2025-07-21 22:00:00,0.4807,0.4894,0.4804,0.485,3535008.0
2025-07-21 23:00:00,0.485,0.4892,0.4817,0.4857,2291398.9
2025-07-22 00:00:00,0.4858,0.4893,0.4789,0.4789,4148886.3
2025-07-22 01:00:00,0.4788,0.4894,0.4646,0.4878,13397101.4
2025-07-22 02:00:00,0.4879,0.4889,0.4737,0.4754,5269888.9
2025-07-22 03:00:00,0.4753,0.4774,0.4662,0.4707,9795166.8
2025-07-22 04:00:00,0.4707,0.4719,0.4571,0.4576,9714035.0
2025-07-22 05:00:00,0.4576,0.4677,0.4573,0.4615,8534890.2
2025-07-22 06:00:00,0.4616,0.4673,0.4591,0.4638,4503044.2
2025-07-22 07:00:00,0.4638,0.4716,0.4633,0.4647,7486312.4
2025-07-22 08:00:00,0.4646,0.4647,0.4536,0.4613,8992952.5
2025-07-22 09:00:00,0.4612,0.4642,0.4538,0.462,7073011.8
2025-07-22 10:00:00,0.4619,0.4811,0.4615,0.4753,7966994.8
2025-07-22 11:00:00,0.4754,0.4754,0.4648,0.4696,5881166.7
2025-07-22 12:00:00,0.4697,0.4706,0.4646,0.4674,3167263.8
2025-07-22 13:00:00,0.4674,0.4737,0.4631,0.4663,10140739.3
2025-07-22 14:00:00,0.4663,0.4829,0.4599,0.482,10666902.0
2025-07-22 15:00:00,0.4822,0.4854,0.4771,0.4785,7215056.6
2025-07-22 16:00:00,0.4785,0.4864,0.4766,0.4783,6606477.1
2025-07-22 17:00:00,0.4782,0.4791,0.47,0.4728,5752833.7
2025-07-22 18:00:00,0.4727,0.4804,0.4681,0.4775,8084293.9
2025-07-22 19:00:00,0.4774,0.4779,0.4644,0.4664,5487086.3
2025-07-22 20:00:00,0.4664,0.4752,0.465,0.4728,5897045.5
2025-07-22 21:00:00,0.4729,0.4752,0.4706,0.4739,1938196.8
2025-07-22 22:00:00,0.474,0.4778,0.4738,0.4761,2453232.2
2025-07-22 23:00:00,0.4762,0.4843,0.4757,0.482,6338042.8
2025-07-23 00:00:00,0.4821,0.4833,0.4728,0.4732,4183642.2
2025-07-23 01:00:00,0.4732,0.4766,0.47,0.4738,3172171.0
2025-07-23 02:00:00,0.4739,0.477,0.4716,0.4746,3969929.8
2025-07-23 03:00:00,0.4747,0.4776,0.4707,0.4718,3937357.8
2025-07-23 04:00:00,0.4719,0.4784,0.4706,0.4781,2422373.0
2025-07-23 05:00:00,0.4781,0.4784,0.4722,0.4732,2480439.6
2025-07-23 06:00:00,0.4732,0.4739,0.4646,0.4674,5100309.4
2025-07-23 07:00:00,0.4673,0.4717,0.4595,0.4618,7284645.1
2025-07-23 08:00:00,0.4618,0.4663,0.4605,0.4659,3437753.9
2025-07-23 09:00:00,0.4658,0.4671,0.4547,0.4565,7298218.9
2025-07-23 10:00:00,0.4566,0.4573,0.4523,0.4569,6718367.1
2025-07-23 11:00:00,0.4568,0.4587,0.4541,0.457,3654029.5
2025-07-23 12:00:00,0.4569,0.459,0.4447,0.4459,10483927.5
2025-07-23 13:00:00,0.446,0.448,0.4287,0.4349,28658243.7
2025-07-23 14:00:00,0.4349,0.4429,0.4333,0.4418,9449001.7
2025-07-23 15:00:00,0.4417,0.4453,0.4352,0.4435,6363832.0
2025-07-23 16:00:00,0.4433,0.4433,0.4309,0.4317,7631341.2
2025-07-23 17:00:00,0.4317,0.4345,0.4239,0.4326,12971161.7
2025-07-23 18:00:00,0.4327,0.4363,0.4319,0.436,4179520.3
2025-07-23 19:00:00,0.4359,0.4365,0.4315,0.4323,3048837.5
2025-07-23 20:00:00,0.4322,0.4352,0.42,0.429,10170992.5
2025-07-23 21:00:00,0.4291,0.4329,0.416,0.431,10433873.0
2025-07-23 22:00:00,0.4309,0.4361,0.4276,0.4337,3641840.2
2025-07-23 23:00:00,0.4337,0.4365,0.4325,0.4336,1888541.1
2025-07-24 00:00:00,0.4337,0.4429,0.4323,0.4427,4505003.1
2025-07-24 01:00:00,0.4428,0.4435,0.4365,0.4419,2624077.1
2025-07-24 02:00:00,0.4419,0.4423,0.438,0.4399,1563759.3
2025-07-24 03:00:00,0.44,0.4439,0.4371,0.4372,1823043.9
2025-07-24 04:00:00,0.4373,0.4396,0.4285,0.4296,3042206.5
2025-07-24 05:00:00,0.4295,0.4299,0.415,0.4166,7815585.7
2025-07-24 06:00:00,0.4167,0.4256,0.4068,0.414,10531619.2
2025-07-24 07:00:00,0.4141,0.4227,0.4086,0.4219,7298063.2
2025-07-24 08:00:00,0.4218,0.4305,0.4183,0.4289,4789039.7
2025-07-24 09:00:00,0.4289,0.431,0.4251,0.429,5070435.2
2025-07-24 10:00:00,0.4291,0.4326,0.4218,0.428,4464627.2
2025-07-24 11:00:00,0.428,0.4369,0.4279,0.4356,5360346.9
2025-07-24 12:00:00,0.4356,0.4371,0.4307,0.4336,3861210.2
2025-07-24 13:00:00,0.4336,0.4375,0.4311,0.4316,5017625.6
2025-07-24 14:00:00,0.4318,0.4475,0.4274,0.4464,7085220.8
2025-07-24 15:00:00,0.4465,0.4495,0.4395,0.4416,6190630.7
2025-07-24 16:00:00,0.4417,0.442,0.4293,0.4325,5189222.2
2025-07-24 17:00:00,0.4326,0.4422,0.4317,0.4394,4162892.0
2025-07-24 18:00:00,0.4393,0.4412,0.4355,0.4402,3194479.8
2025-07-24 19:00:00,0.4402,0.4434,0.437,0.4373,2679899.9
2025-07-24 20:00:00,0.4373,0.4418,0.4365,0.4408,1536523.8
2025-07-24 21:00:00,0.4408,0.441,0.4331,0.4354,1916911.2
2025-07-24 22:00:00,0.4355,0.4385,0.4325,0.435,2292363.0
2025-07-24 23:00:00,0.4349,0.4349,0.4285,0.4307,3035870.7
2025-07-25 00:00:00,0.4308,0.4309,0.4229,0.4264,4509594.7
2025-07-25 01:00:00,0.4264,0.4313,0.4226,0.4299,2833514.3
2025-07-25 02:00:00,0.4299,0.4315,0.4195,0.4205,4392828.3
2025-07-25 03:00:00,0.4204,0.4246,0.4133,0.4207,6337784.0
2025-07-25 04:00:00,0.4206,0.427,0.4156,0.4266,4663362.2
2025-07-25 05:00:00,0.4266,0.4277,0.4203,0.4212,2822202.7
2025-07-25 06:00:00,0.4212,0.4258,0.418,0.4236,3845493.7
2025-07-25 07:00:00,0.4236,0.4289,0.4184,0.4236,3721941.8
2025-07-25 08:00:00,0.4236,0.431,0.4233,0.4297,5086099.7
2025-07-25 09:00:00,0.4297,0.4392,0.428,0.4386,5904380.4
2025-07-25 10:00:00,0.4387,0.4418,0.4364,0.4392,3870327.6
2025-07-25 11:00:00,0.4392,0.4435,0.4391,0.4411,3406392.2
2025-07-25 12:00:00,0.4411,0.4431,0.437,0.4401,3841336.5
2025-07-25 13:00:00,0.4401,0.4432,0.4361,0.4413,4896402.5
2025-07-25 14:00:00,0.4413,0.4423,0.4277,0.4281,9959600.7
2025-07-25 15:00:00,0.428,0.4324,0.4225,0.4288,7473255.9
2025-07-25 16:00:00,0.4287,0.433,0.4247,0.4321,5170020.1
2025-07-25 17:00:00,0.432,0.438,0.4276,0.4276,10600592.7
2025-07-25 18:00:00,0.4276,0.4302,0.4269,0.4287,2455093.6
2025-07-25 19:00:00,0.4286,0.4327,0.4272,0.429,1814789.5
2025-07-25 20:00:00,0.429,0.4405,0.4287,0.4394,3620653.3
2025-07-25 21:00:00,0.4394,0.4436,0.4394,0.4421,3189139.6
2025-07-25 22:00:00,0.4422,0.4444,0.4413,0.4424,2140442.6
2025-07-25 23:00:00,0.4424,0.4449,0.4407,0.4431,2907427.4
2025-07-26 00:00:00,0.4431,0.4438,0.4405,0.4426,1735737.4
2025-07-26 01:00:00,0.4427,0.4439,0.4398,0.4401,1940620.5
2025-07-26 02:00:00,0.4401,0.449,0.4401,0.4468,3445296.2
2025-07-26 03:00:00,0.4468,0.4519,0.4449,0.4509,3465282.2
2025-07-26 04:00:00,0.4508,0.4522,0.4453,0.446,7910600.8
2025-07-26 05:00:00,0.446,0.4491,0.4449,0.4484,1252759.5
2025-07-26 06:00:00,0.4484,0.449,0.4455,0.4464,2300941.3
2025-07-26 07:00:00,0.4463,0.4495,0.4463,0.4474,1228101.8
2025-07-26 08:00:00,0.4475,0.4511,0.4466,0.4485,1895067.8
2025-07-26 09:00:00,0.4485,0.449,0.4464,0.4478,1415072.5
2025-07-26 10:00:00,0.4479,0.4513,0.4469,0.4485,1904756.3
2025-07-26 11:00:00,0.4486,0.4506,0.4455,0.4458,2192654.1
2025-07-26 12:00:00,0.4458,0.4476,0.4427,0.4472,2105449.0
2025-07-26 13:00:00,0.4473,0.4503,0.4457,0.4477,3528603.1
2025-07-26 14:00:00,0.4478,0.4501,0.4458,0.4468,3253003.6
2025-07-26 15:00:00,0.4467,0.4503,0.4452,0.4501,2119062.9
2025-07-26 16:00:00,0.4501,0.4531,0.4482,0.4498,3304216.2
2025-07-26 17:00:00,0.4498,0.4512,0.4478,0.4495,2194688.6
2025-07-26 18:00:00,0.4496,0.4561,0.4478,0.4543,3108844.3
2025-07-26 19:00:00,0.4543,0.4569,0.4537,0.4553,1582819.6
2025-07-26 20:00:00,0.4553,0.4557,0.4529,0.4532,1063556.1
2025-07-26 21:00:00,0.4532,0.4551,0.4512,0.4544,1244430.3
2025-07-26 22:00:00,0.4545,0.4578,0.4507,0.451,2501483.1
2025-07-26 23:00:00,0.451,0.4515,0.448,0.4487,1615101.9
2025-07-27 00:00:00,0.4488,0.4496,0.4467,0.4496,2016609.2
2025-07-27 01:00:00,0.4497,0.4541,0.4478,0.4514,2242160.3
2025-07-27 02:00:00,0.4513,0.4572,0.45,0.4554,2221976.2
2025-07-27 03:00:00,0.4555,0.4563,0.4522,0.4524,1755430.0
2025-07-27 04:00:00,0.4524,0.4553,0.4518,0.4553,923978.9
2025-07-27 05:00:00,0.4554,0.4596,0.4547,0.456,2952052.8
2025-07-27 06:00:00,0.4561,0.4566,0.4523,0.4538,1832950.0
2025-07-27 07:00:00,0.4538,0.4556,0.4508,0.4511,1886577.1
2025-07-27 08:00:00,0.4511,0.4517,0.4486,0.4494,3065784.5
2025-07-27 09:00:00,0.4494,0.4494,0.4464,0.4474,3842570.5
2025-07-27 10:00:00,0.4473,0.4581,0.4473,0.4568,4536832.3
2025-07-27 11:00:00,0.4569,0.458,0.4508,0.4519,3300289.5
2025-07-27 12:00:00,0.4519,0.4542,0.4482,0.4539,2807387.4
2025-07-27 13:00:00,0.4537,0.4567,0.4499,0.4508,2564087.6
2025-07-27 14:00:00,0.4507,0.4535,0.4485,0.4508,4097781.2
2025-07-27 15:00:00,0.4508,0.452,0.448,0.4519,2525028.7
2025-07-27 16:00:00,0.4518,0.4598,0.4514,0.4532,7129247.1
2025-07-27 17:00:00,0.4532,0.4558,0.4503,0.4551,3060502.6
2025-07-27 18:00:00,0.455,0.4581,0.4539,0.4559,2383592.9
2025-07-27 19:00:00,0.4558,0.4562,0.4529,0.454,1527607.7
2025-07-27 20:00:00,0.454,0.4567,0.4527,0.4538,3066891.9
2025-07-27 21:00:00,0.4539,0.456,0.4508,0.456,1956696.5
2025-07-27 22:00:00,0.4559,0.4632,0.4557,0.4612,4171189.1
2025-07-27 23:00:00,0.4612,0.4612,0.4568,0.4606,2507694.7
2025-07-28 00:00:00,0.4607,0.4661,0.4573,0.4575,4755073.2
2025-07-28 01:00:00,0.4575,0.4578,0.4516,0.4531,3126398.5
2025-07-28 02:00:00,0.453,0.4647,0.4518,0.4619,3738670.3
2025-07-28 03:00:00,0.462,0.4646,0.4603,0.462,2626351.0
2025-07-28 04:00:00,0.462,0.4732,0.4592,0.4721,11122629.5
2025-07-28 05:00:00,0.4721,0.479,0.471,0.4744,9453446.8
2025-07-28 06:00:00,0.4745,0.4777,0.4721,0.4755,3783053.4
2025-07-28 07:00:00,0.4755,0.4755,0.4678,0.4712,5710828.3
2025-07-28 08:00:00,0.4711,0.4729,0.4656,0.4685,3954464.5
2025-07-28 09:00:00,0.4684,0.4769,0.4679,0.4718,7917542.0
2025-07-28 10:00:00,0.472,0.4735,0.468,0.4707,2791330.2
2025-07-28 11:00:00,0.4708,0.471,0.4664,0.4701,2638760.3
2025-07-28 12:00:00,0.4702,0.471,0.4655,0.4664,4406093.2
2025-07-28 13:00:00,0.4666,0.4671,0.4548,0.4567,8399729.1
2025-07-28 14:00:00,0.4568,0.4582,0.4447,0.4479,8920588.7
2025-07-28 15:00:00,0.4478,0.4539,0.4455,0.4481,5419195.8
2025-07-28 16:00:00,0.448,0.4505,0.4439,0.4469,6253715.7
2025-07-28 17:00:00,0.4468,0.4477,0.4415,0.443,3134620.4
2025-07-28 18:00:00,0.4431,0.4432,0.434,0.4366,8595777.0
2025-07-28 19:00:00,0.4364,0.4406,0.4324,0.4371,4266574.6
2025-07-28 20:00:00,0.4372,0.438,0.43,0.4333,3445356.6
2025-07-28 21:00:00,0.4333,0.4366,0.4296,0.4336,2808328.5
2025-07-28 22:00:00,0.4335,0.4361,0.4281,0.4321,3204435.0
2025-07-28 23:00:00,0.4322,0.4345,0.4307,0.4343,2113628.9
2025-07-29 00:00:00,0.4344,0.4402,0.4266,0.431,6852994.2
2025-07-29 01:00:00,0.4311,0.434,0.4267,0.4271,2349403.2
2025-07-29 02:00:00,0.4272,0.4277,0.4218,0.4235,3650048.2
2025-07-29 03:00:00,0.4236,0.4324,0.4236,0.431,2633970.7
2025-07-29 04:00:00,0.4311,0.4333,0.4279,0.4285,1867036.5
2025-07-29 05:00:00,0.4285,0.4395,0.4284,0.4395,2431366.0
2025-07-29 06:00:00,0.4396,0.4466,0.438,0.4453,4445102.5
2025-07-29 07:00:00,0.4454,0.4505,0.4428,0.4492,5612242.7
2025-07-29 08:00:00,0.4493,0.4493,0.4437,0.4479,2338674.8
2025-07-29 09:00:00,0.448,0.4495,0.4428,0.4433,3592918.6
2025-07-29 10:00:00,0.4433,0.4436,0.4331,0.4334,3634017.0
2025-07-29 11:00:00,0.4333,0.4377,0.433,0.4351,2703539.9
2025-07-29 12:00:00,0.4352,0.4409,0.4345,0.4374,3200166.6
2025-07-29 13:00:00,0.4373,0.4413,0.431,0.4323,3321298.2
2025-07-29 14:00:00,0.4323,0.4325,0.4193,0.4223,9460591.8
2025-07-29 15:00:00,0.4223,0.4257,0.4198,0.4231,5164758.1
2025-07-29 16:00:00,0.4231,0.4243,0.4168,0.4238,5808709.5
2025-07-29 17:00:00,0.4238,0.4295,0.4228,0.4243,3707636.5
2025-07-29 18:00:00,0.4242,0.4251,0.421,0.4238,1561692.1
2025-07-29 19:00:00,0.4237,0.427,0.4189,0.4199,4224572.7
2025-07-29 20:00:00,0.42,0.4238,0.4148,0.42,4822904.8
2025-07-29 21:00:00,0.4199,0.4276,0.4175,0.4253,2731352.0
2025-07-29 22:00:00,0.4253,0.426,0.4207,0.4242,2083051.4
2025-07-29 23:00:00,0.4243,0.4254,0.4226,0.425,1437445.6
2025-07-30 00:00:00,0.425,0.4251,0.4177,0.4212,2555052.0
2025-07-30 01:00:00,0.4212,0.4252,0.4157,0.4219,2537488.6
2025-07-30 02:00:00,0.422,0.4265,0.4206,0.4251,1999918.4
2025-07-30 03:00:00,0.4251,0.4267,0.4231,0.4236,1032830.5
2025-07-30 04:00:00,0.4236,0.4257,0.4193,0.4202,1591762.5
2025-07-30 05:00:00,0.4202,0.4245,0.4181,0.4226,2511323.5
2025-07-30 06:00:00,0.4225,0.4249,0.421,0.4236,1268995.0
2025-07-30 07:00:00,0.4235,0.425,0.4185,0.4199,2569230.2
2025-07-30 08:00:00,0.4199,0.423,0.4169,0.4209,1982410.0
2025-07-30 09:00:00,0.4209,0.4213,0.412,0.4138,4782509.1
2025-07-30 10:00:00,0.4139,0.4175,0.4105,0.4115,2658421.6
2025-07-30 11:00:00,0.4116,0.4141,0.402,0.4063,7472873.6
2025-07-30 12:00:00,0.4064,0.4103,0.4027,0.4074,5775816.7
2025-07-30 13:00:00,0.4074,0.4094,0.404,0.4071,4396207.3
2025-07-30 14:00:00,0.407,0.4175,0.4047,0.4159,4341368.2
2025-07-30 15:00:00,0.4159,0.4164,0.4104,0.4142,3148264.6
2025-07-30 16:00:00,0.4143,0.4209,0.4126,0.4181,4144548.0
2025-07-30 17:00:00,0.4182,0.4213,0.4169,0.4203,2127789.3
2025-07-30 18:00:00,0.4204,0.423,0.4087,0.4092,7461003.1
2025-07-30 19:00:00,0.4091,0.4137,0.3933,0.4129,18457296.5
2025-07-30 20:00:00,0.4128,0.4178,0.4113,0.4128,4690833.4
2025-07-30 21:00:00,0.4128,0.4151,0.4068,0.4102,2177233.4
2025-07-30 22:00:00,0.4101,0.4116,0.4075,0.4093,2071831.9
2025-07-30 23:00:00,0.4092,0.417,0.4092,0.4154,1467615.2
2025-07-31 00:00:00,0.4155,0.4204,0.413,0.42,2773381.4
2025-07-31 01:00:00,0.42,0.4219,0.418,0.4203,1504320.4
2025-07-31 02:00:00,0.4203,0.4238,0.4191,0.4232,1432539.3
2025-07-31 03:00:00,0.4231,0.4255,0.4226,0.4245,2130828.3
2025-07-31 04:00:00,0.4246,0.427,0.4232,0.4266,1530250.0
2025-07-31 05:00:00,0.4266,0.4286,0.4256,0.4258,2212389.1
2025-07-31 06:00:00,0.4258,0.4307,0.4244,0.4295,2101025.7
2025-07-31 07:00:00,0.4295,0.4316,0.4274,0.4298,2106540.6
2025-07-31 08:00:00,0.4298,0.4315,0.4284,0.4302,1830847.2
2025-07-31 09:00:00,0.4302,0.4302,0.4284,0.4291,1261209.1
2025-07-31 10:00:00,0.4292,0.4301,0.4274,0.4274,2323425.4
2025-07-31 11:00:00,0.4275,0.4278,0.4221,0.4237,3411380.6
2025-07-31 12:00:00,0.4238,0.4242,0.4161,0.418,4750419.5
2025-07-31 13:00:00,0.4179,0.4181,0.4085,0.4117,6528509.3
2025-07-31 14:00:00,0.4118,0.4132,0.4033,0.4051,5309542.0
2025-07-31 15:00:00,0.4051,0.4116,0.404,0.4103,3084136.5
2025-07-31 16:00:00,0.4102,0.42,0.4091,0.4166,3294332.7
2025-07-31 17:00:00,0.4166,0.417,0.408,0.4092,4831325.9
2025-07-31 18:00:00,0.4091,0.4121,0.4048,0.4086,3014342.8
2025-07-31 19:00:00,0.4087,0.4093,0.4054,0.4063,3793368.0
2025-07-31 20:00:00,0.4063,0.4074,0.4025,0.4053,3488341.6
2025-07-31 21:00:00,0.4052,0.4089,0.4008,0.4049,3892738.7
2025-07-31 22:00:00,0.4049,0.4049,0.3975,0.3991,5181489.0
2025-07-31 23:00:00,0.3991,0.4032,0.3951,0.3978,3679581.9
2025-08-01 00:00:00,0.3978,0.3982,0.3837,0.3944,13888984.8
2025-08-01 01:00:00,0.3943,0.3964,0.3881,0.3926,4675889.2
2025-08-01 02:00:00,0.3925,0.3978,0.3914,0.3971,3469109.8
2025-08-01 03:00:00,0.3971,0.399,0.395,0.3964,2412732.6
2025-08-01 04:00:00,0.3963,0.3963,0.391,0.3912,3303059.6
2025-08-01 05:00:00,0.3912,0.3941,0.3869,0.3893,4877326.7
2025-08-01 06:00:00,0.3892,0.3909,0.3844,0.3893,6629852.5
2025-08-01 07:00:00,0.3892,0.3912,0.3861,0.3888,3812695.6
2025-08-01 08:00:00,0.3887,0.3887,0.3784,0.3839,11778148.8
2025-08-01 09:00:00,0.3838,0.3896,0.3837,0.385,6640011.7
2025-08-01 10:00:00,0.385,0.3885,0.3845,0.3872,4324951.0
2025-08-01 11:00:00,0.3872,0.3902,0.3848,0.3897,3923844.3
2025-08-01 12:00:00,0.3896,0.3945,0.3871,0.3913,8755984.9
2025-08-01 13:00:00,0.3912,0.3934,0.3774,0.3808,9221460.9
2025-08-01 14:00:00,0.3805,0.3924,0.3772,0.3905,9694777.8
2025-08-01 15:00:00,0.3907,0.3913,0.3835,0.3883,4542861.4
2025-08-01 16:00:00,0.3883,0.3914,0.3811,0.3824,4720893.1
2025-08-01 17:00:00,0.3825,0.386,0.3789,0.3816,4886533.0
2025-08-01 18:00:00,0.3815,0.3861,0.3779,0.3822,4067364.4
2025-08-01 19:00:00,0.3821,0.3878,0.381,0.387,4977849.8
2025-08-01 20:00:00,0.3871,0.3884,0.3768,0.384,5902774.3
2025-08-01 21:00:00,0.384,0.3876,0.3834,0.3844,2830567.2
2025-08-01 22:00:00,0.3845,0.3848,0.3671,0.3739,12260591.4
2025-08-01 23:00:00,0.3739,0.3792,0.3729,0.3774,2212696.7
2025-08-02 00:00:00,0.3774,0.3817,0.3768,0.3814,2931927.5
2025-08-02 01:00:00,0.3814,0.383,0.3789,0.3819,1519537.3
2025-08-02 02:00:00,0.3819,0.3825,0.3806,0.3816,1166560.1
2025-08-02 03:00:00,0.3817,0.3823,0.3802,0.3807,794226.1
2025-08-02 04:00:00,0.3809,0.3815,0.3792,0.3806,1018761.0
2025-08-02 05:00:00,0.3805,0.3814,0.3793,0.3801,1305301.6
2025-08-02 06:00:00,0.3801,0.3803,0.3696,0.3707,4253637.7
2025-08-02 07:00:00,0.3706,0.3791,0.3672,0.3783,3535974.6
2025-08-02 08:00:00,0.3783,0.3788,0.3721,0.3725,1757262.5
2025-08-02 09:00:00,0.3725,0.3743,0.3715,0.3732,1515235.6
2025-08-02 10:00:00,0.3734,0.3736,0.3696,0.3729,1692749.4
2025-08-02 11:00:00,0.3728,0.3819,0.3702,0.3769,12335509.6
2025-08-02 12:00:00,0.3768,0.378,0.3742,0.3772,2673049.4
2025-08-02 13:00:00,0.3773,0.3792,0.3743,0.3778,1905327.2
2025-08-02 14:00:00,0.3779,0.3787,0.3707,0.3722,2428389.6
2025-08-02 15:00:00,0.3721,0.3761,0.3693,0.3707,2765049.9
2025-08-02 16:00:00,0.3706,0.3751,0.3673,0.3722,3580704.4
2025-08-02 17:00:00,0.3723,0.3766,0.364,0.366,8587345.0
2025-08-02 18:00:00,0.3661,0.3675,0.3611,0.3632,6537651.3
2025-08-02 19:00:00,0.3632,0.3712,0.3611,0.3656,3104683.0
2025-08-02 20:00:00,0.3656,0.3702,0.3654,0.3699,2321141.7
2025-08-02 21:00:00,0.3699,0.3725,0.3673,0.3692,1623269.7
2025-08-02 22:00:00,0.3691,0.3717,0.3666,0.3704,1218218.1
2025-08-02 23:00:00,0.3705,0.3712,0.3653,0.3688,1777091.3
2025-08-03 00:00:00,0.3688,0.3727,0.3636,0.3722,3850986.9
2025-08-03 01:00:00,0.3722,0.3733,0.3703,0.3717,2663747.6
2025-08-03 02:00:00,0.3717,0.3757,0.3717,0.3752,1930865.0
2025-08-03 03:00:00,0.3752,0.376,0.3744,0.3744,1058875.7
2025-08-03 04:00:00,0.3744,0.3747,0.3722,0.3742,1644064.7
2025-08-03 05:00:00,0.3742,0.3755,0.3734,0.3743,951743.6
2025-08-03 06:00:00,0.3743,0.3753,0.373,0.3753,1332096.7
2025-08-03 07:00:00,0.3754,0.3777,0.3754,0.3767,1599535.5
2025-08-03 08:00:00,0.3767,0.3784,0.3757,0.3768,1621550.4
2025-08-03 09:00:00,0.3767,0.3782,0.3756,0.378,1131112.0
2025-08-03 10:00:00,0.378,0.3808,0.3778,0.3806,2439746.0
2025-08-03 11:00:00,0.3806,0.3842,0.3805,0.3812,3514854.6
2025-08-03 12:00:00,0.3811,0.3837,0.3796,0.3824,1488546.5
2025-08-03 13:00:00,0.3824,0.3836,0.3808,0.3817,1280414.6
2025-08-03 14:00:00,0.3817,0.3825,0.3792,0.3814,1123605.9
2025-08-03 15:00:00,0.3813,0.3825,0.3789,0.3822,1977704.4
2025-08-03 16:00:00,0.3821,0.3837,0.3806,0.3831,1616192.5
2025-08-03 17:00:00,0.3832,0.3839,0.3811,0.3824,1316272.2
2025-08-03 18:00:00,0.3825,0.3833,0.3812,0.3829,923141.9
2025-08-03 19:00:00,0.383,0.3851,0.3822,0.3827,815995.5
2025-08-03 20:00:00,0.3827,0.3827,0.3789,0.381,9391263.6
2025-08-03 21:00:00,0.3811,0.3829,0.3807,0.3828,2452627.6
2025-08-03 22:00:00,0.3828,0.3841,0.3804,0.3828,787294.4
2025-08-03 23:00:00,0.3828,0.386,0.3821,0.3827,1141188.2
2025-08-04 00:00:00,0.3828,0.3927,0.3821,0.3922,3144879.9
2025-08-04 01:00:00,0.3922,0.393,0.387,0.3875,2307520.2
2025-08-04 02:00:00,0.3876,0.3911,0.3855,0.3906,963627.5
2025-08-04 03:00:00,0.3907,0.3911,0.389,0.3899,1028398.8
2025-08-04 04:00:00,0.39,0.392,0.3882,0.3885,1186575.2
2025-08-04 05:00:00,0.3885,0.3894,0.3861,0.389,1696193.4
2025-08-04 06:00:00,0.389,0.3907,0.3875,0.3905,2044335.7
2025-08-04 07:00:00,0.3905,0.3932,0.3899,0.3914,1483263.0
2025-08-04 08:00:00,0.3915,0.3931,0.3899,0.3911,1894261.7
2025-08-04 09:00:00,0.3911,0.393,0.3896,0.3899,2218120.9
2025-08-04 10:00:00,0.39,0.3921,0.3887,0.3908,1319015.2
2025-08-04 11:00:00,0.3907,0.3916,0.3883,0.3895,2116542.7
2025-08-04 12:00:00,0.3896,0.3925,0.389,0.3922,1563308.3
2025-08-04 13:00:00,0.3923,0.3977,0.3894,0.3974,4566283.4
2025-08-04 14:00:00,0.3974,0.401,0.395,0.3961,4569694.2
2025-08-04 15:00:00,0.3961,0.3994,0.3955,0.3993,1819748.0
2025-08-04 16:00:00,0.3992,0.4081,0.3988,0.4079,4979103.1
2025-08-04 17:00:00,0.4079,0.412,0.4064,0.4097,5656456.2
2025-08-04 18:00:00,0.4097,0.4102,0.4039,0.4053,2570295.8
2025-08-04 19:00:00,0.4052,0.4056,0.4,0.4008,2080861.0
2025-08-04 20:00:00,0.4008,0.4053,0.4,0.4044,1865372.4
2025-08-04 21:00:00,0.4043,0.4087,0.4041,0.4073,1652673.1
2025-08-04 22:00:00,0.4075,0.4108,0.4075,0.4099,1966535.2
2025-08-04 23:00:00,0.4099,0.4099,0.4041,0.4054,6979668.1
2025-08-05 00:00:00,0.4054,0.4058,0.403,0.4037,1630915.0
2025-08-05 01:00:00,0.4036,0.4054,0.4016,0.4019,2648829.3
2025-08-05 02:00:00,0.4018,0.4027,0.4002,0.4008,1190761.8
2025-08-05 03:00:00,0.4008,0.4008,0.3948,0.3951,2850926.6
2025-08-05 04:00:00,0.395,0.3972,0.3935,0.3945,2149596.6
2025-08-05 05:00:00,0.3944,0.3975,0.3942,0.3964,1675001.9
2025-08-05 06:00:00,0.3965,0.3976,0.3921,0.3936,1690944.2
2025-08-05 07:00:00,0.3936,0.3947,0.3857,0.3877,4564530.6
2025-08-05 08:00:00,0.3876,0.3905,0.3868,0.3902,1703239.4
2025-08-05 09:00:00,0.3902,0.396,0.3902,0.3952,1729493.4
2025-08-05 10:00:00,0.3951,0.4003,0.3936,0.3978,2102105.4
2025-08-05 11:00:00,0.3979,0.3994,0.3967,0.3981,1541952.5
2025-08-05 12:00:00,0.3982,0.3988,0.3895,0.3917,4782258.4
2025-08-05 13:00:00,0.3916,0.3948,0.3907,0.3933,2882011.6
2025-08-05 14:00:00,0.3932,0.3935,0.382,0.384,7581564.1
2025-08-05 15:00:00,0.384,0.3861,0.3786,0.3801,4907703.2
2025-08-05 16:00:00,0.38,0.3847,0.3795,0.3827,2233517.6
2025-08-05 17:00:00,0.3828,0.3862,0.3819,0.3856,1308258.9
2025-08-05 18:00:00,0.3855,0.3859,0.3811,0.3839,1269762.2
2025-08-05 19:00:00,0.384,0.3853,0.3803,0.3817,1385413.6
2025-08-05 20:00:00,0.3818,0.3849,0.3813,0.3815,1073572.8
2025-08-05 21:00:00,0.3814,0.3834,0.379,0.3795,1015634.7
2025-08-05 22:00:00,0.3795,0.3813,0.3741,0.3812,4213970.0
2025-08-05 23:00:00,0.3811,0.3848,0.3809,0.3837,1179676.6
2025-08-06 00:00:00,0.3838,0.384,0.3774,0.3781,1975783.0
2025-08-06 01:00:00,0.3779,0.3791,0.3754,0.3787,2849377.5
2025-08-06 02:00:00,0.3786,0.3786,0.3753,0.3767,915311.9
2025-08-06 03:00:00,0.3768,0.3771,0.3739,0.3753,912182.5
2025-08-06 04:00:00,0.3753,0.3756,0.3733,0.375,1671099.0
2025-08-06 05:00:00,0.375,0.3877,0.3742,0.3841,6313655.4
2025-08-06 06:00:00,0.3842,0.3875,0.3813,0.3868,2710079.1
2025-08-06 07:00:00,0.3868,0.3898,0.3864,0.3888,2407161.4
2025-08-06 08:00:00,0.3888,0.3901,0.3832,0.3849,1887104.1
2025-08-06 09:00:00,0.3848,0.3883,0.3836,0.3849,1991169.1
2025-08-06 10:00:00,0.3849,0.3862,0.3825,0.3832,2873299.4
2025-08-06 11:00:00,0.3833,0.3864,0.3826,0.3835,1695793.7
2025-08-06 12:00:00,0.3836,0.3853,0.3794,0.3803,2095363.0
2025-08-06 13:00:00,0.3804,0.3829,0.3787,0.3813,3462091.4
2025-08-06 14:00:00,0.3814,0.3865,0.3781,0.3862,7319259.0
2025-08-06 15:00:00,0.3864,0.3905,0.3831,0.39,5332104.5
2025-08-06 16:00:00,0.39,0.3918,0.3837,0.3852,3133658.3
2025-08-06 17:00:00,0.3853,0.3901,0.3843,0.3898,2004300.2
2025-08-06 18:00:00,0.3898,0.3923,0.3878,0.388,1800905.4
2025-08-06 19:00:00,0.388,0.3895,0.3869,0.3888,1531076.4
2025-08-06 20:00:00,0.3889,0.3889,0.3861,0.388,893006.4
2025-08-06 21:00:00,0.388,0.3909,0.387,0.3888,2857661.7
2025-08-06 22:00:00,0.3889,0.39,0.3885,0.3896,954283.2
2025-08-06 23:00:00,0.3896,0.39,0.3884,0.3891,1132805.3
2025-08-07 00:00:00,0.3891,0.391,0.3879,0.3893,980758.3
2025-08-07 01:00:00,0.3893,0.3935,0.3875,0.3882,2502309.2
2025-08-07 02:00:00,0.3881,0.3894,0.3866,0.3874,966819.0
2025-08-07 03:00:00,0.3874,0.3882,0.3863,0.3865,344254.7
2025-08-07 04:00:00,0.3865,0.3895,0.3864,0.3871,728989.7
2025-08-07 05:00:00,0.3871,0.391,0.3864,0.3901,2494907.1
2025-08-07 06:00:00,0.3902,0.3927,0.3895,0.3908,6753097.9
2025-08-07 07:00:00,0.3907,0.3932,0.3907,0.3916,5174607.8
2025-08-07 08:00:00,0.3917,0.3952,0.3915,0.3919,2130417.3
2025-08-07 09:00:00,0.3919,0.3942,0.3911,0.3942,886382.2
2025-08-07 10:00:00,0.3942,0.407,0.3936,0.4064,8252348.6
2025-08-07 11:00:00,0.4065,0.4099,0.4055,0.4091,5879744.5
2025-08-07 12:00:00,0.4092,0.4103,0.4064,0.41,3507466.5
2025-08-07 13:00:00,0.4101,0.4114,0.4088,0.4104,3014991.4
2025-08-07 14:00:00,0.4104,0.4106,0.4038,0.4061,4250900.8
2025-08-07 15:00:00,0.406,0.4092,0.404,0.4081,2311519.4
2025-08-07 16:00:00,0.408,0.4093,0.3977,0.4035,5393810.0
2025-08-07 17:00:00,0.4035,0.4048,0.4016,0.4038,2874288.3
2025-08-07 18:00:00,0.4038,0.4041,0.4011,0.4034,1459902.9
2025-08-07 19:00:00,0.4035,0.4111,0.4032,0.4104,2180138.5
2025-08-07 20:00:00,0.4104,0.4137,0.4093,0.4127,1896757.4
2025-08-07 21:00:00,0.4128,0.4152,0.4111,0.4133,2634205.1
2025-08-07 22:00:00,0.4134,0.4191,0.4124,0.4179,2539408.6
2025-08-07 23:00:00,0.4179,0.4179,0.4148,0.417,1231119.1
2025-08-08 00:00:00,0.4171,0.4253,0.4111,0.4163,8705595.4
2025-08-08 01:00:00,0.4163,0.4224,0.4103,0.4176,13283746.8
2025-08-08 02:00:00,0.4176,0.421,0.4153,0.4185,1447161.8
2025-08-08 03:00:00,0.4185,0.4249,0.4179,0.4235,2585932.5
2025-08-08 04:00:00,0.4235,0.4236,0.4201,0.4212,1925851.7
2025-08-08 05:00:00,0.4213,0.4213,0.417,0.4176,2149626.2
2025-08-08 06:00:00,0.4175,0.4239,0.417,0.4235,1730261.4
2025-08-08 07:00:00,0.4234,0.4274,0.4202,0.4262,3853972.1
2025-08-08 08:00:00,0.4261,0.4294,0.4217,0.4229,4623694.0
2025-08-08 09:00:00,0.4229,0.4241,0.4199,0.4233,2448957.0
2025-08-08 10:00:00,0.4231,0.424,0.42,0.4218,2120909.6
2025-08-08 11:00:00,0.4219,0.4234,0.4216,0.422,1084723.2
2025-08-08 12:00:00,0.4219,0.4221,0.4167,0.4172,2184446.1
2025-08-08 13:00:00,0.4172,0.4291,0.4168,0.4289,4032377.8
2025-08-08 14:00:00,0.4288,0.431,0.4205,0.4242,7159641.8
2025-08-08 15:00:00,0.4243,0.4248,0.4156,0.4202,5159513.9
2025-08-08 16:00:00,0.4201,0.4229,0.4196,0.4224,2223527.2
2025-08-08 17:00:00,0.4225,0.4339,0.4224,0.4338,5597025.3
2025-08-08 18:00:00,0.4338,0.4357,0.4299,0.4325,4368581.1
2025-08-08 19:00:00,0.4325,0.4337,0.4295,0.4331,4143496.9
2025-08-08 20:00:00,0.4332,0.4359,0.4312,0.4352,1917393.0
2025-08-08 21:00:00,0.4351,0.4365,0.4329,0.4339,2559055.4
2025-08-08 22:00:00,0.4339,0.4362,0.4326,0.4341,1856102.7
2025-08-08 23:00:00,0.4342,0.4354,0.4326,0.4339,912120.0
2025-08-09 00:00:00,0.434,0.4354,0.4335,0.435,1131133.9
2025-08-09 01:00:00,0.4349,0.4389,0.4339,0.4387,1459499.9
2025-08-09 02:00:00,0.4386,0.4403,0.4365,0.4371,2747404.7
2025-08-09 03:00:00,0.437,0.4399,0.4367,0.4386,1774240.6
2025-08-09 04:00:00,0.4386,0.4456,0.4374,0.4435,3879182.8
2025-08-09 05:00:00,0.4434,0.4576,0.443,0.4575,10843581.1
2025-08-09 06:00:00,0.4576,0.4581,0.4496,0.451,5505349.5
2025-08-09 07:00:00,0.4509,0.4564,0.4502,0.4549,3714143.9
2025-08-09 08:00:00,0.455,0.4621,0.4542,0.4597,5415621.7
2025-08-09 09:00:00,0.4596,0.4631,0.458,0.4625,3065494.4
2025-08-09 10:00:00,0.4625,0.4662,0.4612,0.4638,4464879.5
2025-08-09 11:00:00,0.4639,0.4662,0.4613,0.4649,3800769.7
2025-08-09 12:00:00,0.4649,0.4666,0.4624,0.4655,2959566.0
2025-08-09 13:00:00,0.4654,0.4654,0.4581,0.4587,5196433.4
2025-08-09 14:00:00,0.4587,0.4616,0.4542,0.4612,3652893.4
2025-08-09 15:00:00,0.4612,0.4654,0.4594,0.4626,3904979.9
2025-08-09 16:00:00,0.4627,0.4656,0.4611,0.4626,2694833.1
2025-08-09 17:00:00,0.4625,0.465,0.4609,0.4648,1998164.4
2025-08-09 18:00:00,0.4649,0.4669,0.4626,0.4661,2587683.0
2025-08-09 19:00:00,0.466,0.472,0.4656,0.4703,4082179.2
2025-08-09 20:00:00,0.4703,0.4767,0.4697,0.4748,6368175.8
2025-08-09 21:00:00,0.4747,0.4777,0.4696,0.4755,5202454.2
2025-08-09 22:00:00,0.4756,0.4803,0.4694,0.4707,6558579.8
2025-08-09 23:00:00,0.4707,0.476,0.4684,0.4735,4450205.7
2025-08-10 00:00:00,0.4735,0.4824,0.4696,0.4798,5314229.1
2025-08-10 01:00:00,0.4798,0.486,0.4748,0.4751,6673271.2
2025-08-10 02:00:00,0.4753,0.4753,0.4677,0.4677,4538307.2
2025-08-10 03:00:00,0.4676,0.4707,0.4647,0.4699,4328553.7
2025-08-10 04:00:00,0.4699,0.4757,0.4667,0.4747,4853681.9
2025-08-10 05:00:00,0.4747,0.4747,0.4656,0.4663,4944328.9
2025-08-10 06:00:00,0.4663,0.4672,0.4607,0.4627,3784193.8
2025-08-10 07:00:00,0.4627,0.4646,0.4519,0.4542,9507915.4
2025-08-10 08:00:00,0.4543,0.4589,0.4487,0.4581,6272603.2
2025-08-10 09:00:00,0.4581,0.4591,0.4558,0.457,2027585.1
2025-08-10 10:00:00,0.4569,0.458,0.4516,0.4533,3093953.5
2025-08-10 11:00:00,0.4534,0.4557,0.4514,0.4515,2474719.2
2025-08-10 12:00:00,0.4514,0.4555,0.4503,0.4553,1953761.0
2025-08-10 13:00:00,0.4553,0.4573,0.4509,0.4517,2043367.6
2025-08-10 14:00:00,0.4516,0.4661,0.4506,0.4637,8400613.6
2025-08-10 15:00:00,0.4637,0.4689,0.462,0.4635,4516118.0
2025-08-10 16:00:00,0.4636,0.4638,0.4601,0.4625,3146619.0
2025-08-10 17:00:00,0.4625,0.4676,0.4611,0.4664,3749692.3
2025-08-10 18:00:00,0.4664,0.4693,0.4635,0.4661,1991266.4
2025-08-10 19:00:00,0.4661,0.4677,0.4646,0.4651,1242822.7
2025-08-10 20:00:00,0.465,0.4668,0.4625,0.4643,2076947.4
2025-08-10 21:00:00,0.4643,0.4645,0.4591,0.4637,2715476.4
2025-08-10 22:00:00,0.4637,0.4656,0.4613,0.4653,1688737.4
2025-08-10 23:00:00,0.4654,0.4674,0.4632,0.4669,1186344.5
2025-08-11 00:00:00,0.467,0.4687,0.4634,0.4635,3650518.9
2025-08-11 01:00:00,0.4634,0.4757,0.4632,0.471,5177549.3
2025-08-11 02:00:00,0.4711,0.4766,0.4708,0.4749,5320890.4
2025-08-11 03:00:00,0.475,0.4753,0.472,0.4745,3014832.4
2025-08-11 04:00:00,0.4748,0.4814,0.4736,0.4736,6656434.2
2025-08-11 05:00:00,0.4736,0.4738,0.4662,0.4679,14272568.1
2025-08-11 06:00:00,0.4679,0.4707,0.4672,0.4673,3435281.4
2025-08-11 07:00:00,0.4673,0.4678,0.4586,0.4592,4983673.8
2025-08-11 08:00:00,0.4592,0.4638,0.4572,0.4615,4879555.6
2025-08-11 09:00:00,0.4615,0.4628,0.4599,0.461,2552395.4
2025-08-11 10:00:00,0.461,0.4611,0.4555,0.4569,3605193.9
2025-08-11 11:00:00,0.4569,0.4571,0.4442,0.4465,11382463.7
2025-08-11 12:00:00,0.4465,0.4469,0.441,0.4456,10761033.9
2025-08-11 13:00:00,0.4456,0.457,0.4415,0.4538,15180601.5
2025-08-11 14:00:00,0.4538,0.4573,0.4494,0.4511,9352928.8
2025-08-11 15:00:00,0.4512,0.4549,0.4475,0.4547,5631672.5
2025-08-11 16:00:00,0.4546,0.4633,0.4529,0.4543,10814353.1
2025-08-11 17:00:00,0.4542,0.4557,0.45,0.4514,3423733.4
2025-08-11 18:00:00,0.4514,0.4529,0.4476,0.4515,3488817.3
2025-08-11 19:00:00,0.4514,0.452,0.4444,0.4475,3551328.5
2025-08-11 20:00:00,0.4474,0.4486,0.4443,0.447,2999824.6
2025-08-11 21:00:00,0.447,0.4489,0.4371,0.4412,7434440.5
2025-08-11 22:00:00,0.4413,0.4419,0.4333,0.4368,3896269.5
2025-08-11 23:00:00,0.4368,0.4389,0.4357,0.4359,2567924.0
2025-08-12 00:00:00,0.4359,0.4427,0.4355,0.4417,2832608.3
2025-08-12 01:00:00,0.4416,0.4458,0.4399,0.4429,4464423.8
2025-08-12 02:00:00,0.4429,0.4482,0.441,0.4446,1795613.0
2025-08-12 03:00:00,0.4446,0.4448,0.4412,0.4418,1572078.6
2025-08-12 04:00:00,0.4417,0.448,0.4413,0.446,1905143.5
2025-08-12 05:00:00,0.4458,0.4458,0.4379,0.4393,2163117.0
2025-08-12 06:00:00,0.4393,0.4423,0.4351,0.4394,2277331.4
2025-08-12 07:00:00,0.4394,0.4449,0.4391,0.4439,1849222.9
2025-08-12 08:00:00,0.444,0.4463,0.4401,0.4419,5315598.4
2025-08-12 09:00:00,0.442,0.4434,0.4375,0.4375,2774211.5
2025-08-12 10:00:00,0.4375,0.439,0.4352,0.437,2709297.7
2025-08-12 11:00:00,0.4371,0.4427,0.4336,0.442,5102521.2
2025-08-12 12:00:00,0.442,0.4632,0.4387,0.4591,26460875.8
2025-08-12 13:00:00,0.4592,0.4647,0.4519,0.4565,14030686.3
2025-08-12 14:00:00,0.4565,0.461,0.4548,0.4599,5526407.8
2025-08-12 15:00:00,0.4598,0.4688,0.4595,0.468,11088188.1
2025-08-12 16:00:00,0.4681,0.4693,0.4642,0.4676,6777687.8
2025-08-12 17:00:00,0.4677,0.4743,0.4671,0.4712,9861266.2
2025-08-12 18:00:00,0.4713,0.4767,0.4688,0.4698,6330144.3
2025-08-12 19:00:00,0.4698,0.472,0.4675,0.4706,5051010.4
2025-08-12 20:00:00,0.4707,0.48,0.4696,0.4782,9497480.0
2025-08-12 21:00:00,0.4781,0.48,0.473,0.4739,5828460.2
2025-08-12 22:00:00,0.474,0.4759,0.4714,0.4748,2436784.2
2025-08-12 23:00:00,0.4748,0.4793,0.4731,0.4776,2708116.8
2025-08-13 00:00:00,0.4776,0.482,0.4765,0.4792,6496437.2
2025-08-13 01:00:00,0.4793,0.4797,0.4705,0.4739,5790805.8
2025-08-13 02:00:00,0.4738,0.481,0.4707,0.4805,3929137.6
2025-08-13 03:00:00,0.4805,0.485,0.4777,0.4821,9904710.7
2025-08-13 04:00:00,0.482,0.4855,0.4795,0.4805,5047130.9
2025-08-13 05:00:00,0.4804,0.4804,0.473,0.4735,4524760.0
2025-08-13 06:00:00,0.4735,0.4775,0.471,0.4762,2981834.1
2025-08-13 07:00:00,0.4762,0.4788,0.4746,0.4787,3320125.4
2025-08-13 08:00:00,0.4786,0.485,0.4776,0.4802,9452113.0
2025-08-13 09:00:00,0.4803,0.4921,0.4802,0.4918,11803795.6
2025-08-13 10:00:00,0.4918,0.4988,0.4903,0.4942,15659858.7
2025-08-13 11:00:00,0.4941,0.4982,0.4883,0.4934,9465400.4
2025-08-13 12:00:00,0.4934,0.4989,0.4907,0.4968,8546460.7
2025-08-13 13:00:00,0.4969,0.5398,0.496,0.5247,55122470.2
2025-08-13 14:00:00,0.5248,0.5426,0.5151,0.5232,37530673.6
2025-08-13 15:00:00,0.5232,0.5421,0.5187,0.5395,27286581.9
2025-08-13 16:00:00,0.5396,0.5518,0.5371,0.5495,23787141.1
2025-08-13 17:00:00,0.5494,0.56,0.5451,0.5553,23379736.3
2025-08-13 18:00:00,0.5553,0.5576,0.5423,0.544,14447343.9
2025-08-13 19:00:00,0.5441,0.5545,0.544,0.5544,8395497.3
2025-08-13 20:00:00,0.5545,0.5637,0.5494,0.5631,10106974.1
2025-08-13 21:00:00,0.5631,0.5746,0.5606,0.5648,14237951.4
2025-08-13 22:00:00,0.5647,0.5825,0.5641,0.5777,27518709.7
2025-08-13 23:00:00,0.5777,0.5804,0.5644,0.5712,16172118.0
2025-08-14 00:00:00,0.5712,0.5759,0.5523,0.5523,13570001.7
2025-08-14 01:00:00,0.5522,0.5594,0.5454,0.5524,11656133.7
2025-08-14 02:00:00,0.5524,0.5575,0.55,0.5547,7038163.7
2025-08-14 03:00:00,0.5548,0.5612,0.5517,0.5586,7664256.2
2025-08-14 04:00:00,0.5585,0.5631,0.5477,0.5477,13297194.9
2025-08-14 05:00:00,0.5477,0.5496,0.5418,0.5447,8765440.8
2025-08-14 06:00:00,0.5446,0.5525,0.5431,0.55,8186058.8
2025-08-14 07:00:00,0.55,0.55,0.5385,0.5434,7882238.3
2025-08-14 08:00:00,0.5434,0.5438,0.5356,0.5393,7480877.4
2025-08-14 09:00:00,0.5394,0.5482,0.5375,0.5427,7386385.1
2025-08-14 10:00:00,0.5427,0.5427,0.5322,0.5397,9149969.1
2025-08-14 11:00:00,0.5397,0.5398,0.5343,0.5363,5857586.2
2025-08-14 12:00:00,0.5362,0.5394,0.4971,0.5088,53445290.9
2025-08-14 13:00:00,0.5088,0.5289,0.4965,0.5237,35480344.2
2025-08-14 14:00:00,0.5238,0.533,0.52,0.5265,13417811.3
2025-08-14 15:00:00,0.5266,0.5313,0.52,0.5236,11507659.6
2025-08-14 16:00:00,0.5235,0.5244,0.5162,0.5219,12583473.2
2025-08-14 17:00:00,0.5219,0.5339,0.5194,0.5276,13726922.8
2025-08-14 18:00:00,0.5277,0.5296,0.5165,0.525,10009473.2
2025-08-14 19:00:00,0.525,0.5262,0.5188,0.5192,4079003.0
2025-08-14 20:00:00,0.5191,0.5205,0.5113,0.5169,5033054.1
2025-08-14 21:00:00,0.5168,0.5172,0.5017,0.5074,7588390.5
2025-08-14 22:00:00,0.5075,0.5154,0.5044,0.5145,4261398.1
2025-08-14 23:00:00,0.5144,0.5204,0.5141,0.5166,3256822.8
2025-08-15 00:00:00,0.5167,0.5303,0.5167,0.5232,12474535.8
2025-08-15 01:00:00,0.5233,0.5314,0.522,0.5288,9327843.6
2025-08-15 02:00:00,0.5288,0.5295,0.5208,0.5213,5406245.1
2025-08-15 03:00:00,0.5214,0.5306,0.5192,0.5227,4816344.8
2025-08-15 04:00:00,0.5227,0.5241,0.514,0.5198,9238039.3
2025-08-15 05:00:00,0.5197,0.5226,0.5181,0.521,4273569.7
2025-08-15 06:00:00,0.5209,0.5377,0.5205,0.5265,12137840.6
2025-08-15 07:00:00,0.5266,0.5274,0.5191,0.522,5467122.0
2025-08-15 08:00:00,0.5219,0.523,0.516,0.5205,5553853.1
2025-08-15 09:00:00,0.5205,0.5226,0.5114,0.5137,4671841.4
2025-08-15 10:00:00,0.5137,0.5173,0.5113,0.5128,3920984.7
2025-08-15 11:00:00,0.5128,0.5156,0.5094,0.51,4468910.0
2025-08-15 12:00:00,0.51,0.5218,0.507,0.5144,11736163.2
2025-08-15 13:00:00,0.5144,0.5177,0.5051,0.506,10507655.0
2025-08-15 14:00:00,0.5059,0.5091,0.4929,0.4962,16966703.1
2025-08-15 15:00:00,0.4961,0.4972,0.4741,0.4778,26196744.4
2025-08-15 16:00:00,0.4778,0.4804,0.4709,0.476,14452471.1
2025-08-15 17:00:00,0.4761,0.4832,0.4716,0.4825,9498742.4
2025-08-15 18:00:00,0.4824,0.4842,0.473,0.4751,6584045.6
2025-08-15 19:00:00,0.475,0.4809,0.4731,0.4739,7361296.3
2025-08-15 20:00:00,0.474,0.4794,0.472,0.4789,6456313.8
2025-08-15 21:00:00,0.4789,0.4834,0.4744,0.4825,5487988.8
2025-08-15 22:00:00,0.4824,0.4897,0.4808,0.4897,6528617.3
2025-08-15 23:00:00,0.4897,0.4913,0.479,0.4817,5209580.4
2025-08-16 00:00:00,0.4816,0.4875,0.4801,0.4859,4074670.4
2025-08-16 01:00:00,0.486,0.4866,0.4806,0.4844,3091706.8
2025-08-16 02:00:00,0.4844,0.4847,0.478,0.4791,2999364.3
2025-08-16 03:00:00,0.4792,0.4815,0.4783,0.4804,1863669.4
2025-08-16 04:00:00,0.4804,0.4864,0.479,0.4859,3713282.9
2025-08-16 05:00:00,0.4859,0.4861,0.4822,0.4836,2776085.5
2025-08-16 06:00:00,0.4837,0.485,0.4805,0.481,1827391.6
2025-08-16 07:00:00,0.481,0.4911,0.4805,0.4874,4047012.5
2025-08-16 08:00:00,0.4874,0.4883,0.483,0.4833,3025480.6
2025-08-16 09:00:00,0.4833,0.4854,0.4746,0.4747,6077849.5
2025-08-16 10:00:00,0.4747,0.4793,0.4739,0.4768,4265041.6
2025-08-16 11:00:00,0.4766,0.4812,0.4733,0.4736,4042815.4
2025-08-16 12:00:00,0.4736,0.4795,0.4717,0.4792,3691887.2
2025-08-16 13:00:00,0.4792,0.4853,0.4776,0.4782,4443719.8
2025-08-16 14:00:00,0.4782,0.4857,0.4762,0.4845,3096502.8
2025-08-16 15:00:00,0.4846,0.4883,0.4828,0.4865,4156614.2
2025-08-16 16:00:00,0.4864,0.489,0.4834,0.487,3819614.9
2025-08-16 17:00:00,0.487,0.4884,0.484,0.4884,2116127.4
2025-08-16 18:00:00,0.4883,0.4937,0.4875,0.4923,4035288.9
2025-08-16 19:00:00,0.4923,0.4943,0.4906,0.4915,3488000.2
2025-08-16 20:00:00,0.4915,0.4984,0.4914,0.4955,4781175.1
2025-08-16 21:00:00,0.4954,0.4969,0.4936,0.4944,1839353.0
2025-08-16 22:00:00,0.4945,0.4963,0.4928,0.4949,1632549.5
2025-08-16 23:00:00,0.495,0.4952,0.4916,0.4925,2119992.6
2025-08-17 00:00:00,0.4925,0.4928,0.4891,0.4895,1429923.5
2025-08-17 01:00:00,0.4894,0.4897,0.4863,0.4875,1912001.8
2025-08-17 02:00:00,0.4875,0.492,0.4856,0.4916,1954161.1
2025-08-17 03:00:00,0.4917,0.5034,0.4909,0.5004,6505348.8
2025-08-17 04:00:00,0.5004,0.5194,0.4979,0.5145,13276596.6
2025-08-17 05:00:00,0.5146,0.5212,0.5087,0.5121,12345906.0
2025-08-17 06:00:00,0.5121,0.5176,0.5091,0.5093,4220199.2
2025-08-17 07:00:00,0.5094,0.5311,0.509,0.525,18195259.4
2025-08-17 08:00:00,0.525,0.5322,0.5207,0.5297,13913033.6
2025-08-17 09:00:00,0.5296,0.532,0.5241,0.5279,7224748.2
2025-08-17 10:00:00,0.528,0.5345,0.5229,0.5296,6312397.7
2025-08-17 11:00:00,0.5296,0.5321,0.524,0.5302,4554961.4
2025-08-17 12:00:00,0.5302,0.5366,0.525,0.5262,9746911.0
2025-08-17 13:00:00,0.5262,0.532,0.522,0.53,6690272.2
2025-08-17 14:00:00,0.53,0.5475,0.5287,0.5471,13777294.8
2025-08-17 15:00:00,0.5472,0.5595,0.5425,0.5574,20950122.9
2025-08-17 16:00:00,0.5575,0.5646,0.5435,0.5453,22422679.8
2025-08-17 17:00:00,0.5454,0.5509,0.5423,0.5467,8438395.7
2025-08-17 18:00:00,0.5468,0.5481,0.5317,0.5387,9623885.4
2025-08-17 19:00:00,0.5388,0.5413,0.5321,0.5334,6661732.1
2025-08-17 20:00:00,0.5334,0.5373,0.5303,0.5344,4262369.0
2025-08-17 21:00:00,0.5344,0.5374,0.5317,0.5348,2780245.9
2025-08-17 22:00:00,0.5347,0.5445,0.5345,0.5425,5002598.7
2025-08-17 23:00:00,0.5426,0.5426,0.5354,0.5362,4103516.8
2025-08-18 00:00:00,0.5361,0.5441,0.5334,0.5412,8364285.1
2025-08-18 01:00:00,0.5412,0.5433,0.5245,0.5263,15603771.2
2025-08-18 02:00:00,0.5263,0.528,0.5154,0.5191,20655579.7
2025-08-18 03:00:00,0.519,0.52,0.5105,0.5166,10236788.9
2025-08-18 04:00:00,0.5165,0.5334,0.5151,0.5258,23443993.8
2025-08-18 05:00:00,0.5258,0.5303,0.5194,0.53,9563860.6
2025-08-18 06:00:00,0.53,0.5341,0.518,0.5223,14355378.1
2025-08-18 07:00:00,0.5223,0.5279,0.513,0.514,7706063.8
2025-08-18 08:00:00,0.5139,0.5231,0.5124,0.5146,5803711.5
2025-08-18 09:00:00,0.5146,0.5232,0.5059,0.5156,11587414.0
2025-08-18 10:00:00,0.5156,0.5156,0.5094,0.5115,5821377.1
2025-08-18 11:00:00,0.5115,0.5134,0.508,0.5094,4409185.3
2025-08-18 12:00:00,0.5092,0.5236,0.5088,0.5216,8531719.5
2025-08-18 13:00:00,0.5216,0.5286,0.5094,0.5095,15779794.8
2025-08-18 14:00:00,0.5096,0.5188,0.508,0.5188,7918290.4
2025-08-18 15:00:00,0.5187,0.5188,0.5102,0.5167,7277422.3
2025-08-18 16:00:00,0.5166,0.521,0.5084,0.5112,8083370.8
2025-08-18 17:00:00,0.5111,0.5251,0.51,0.5123,7023016.1
2025-08-18 18:00:00,0.5122,0.5206,0.5106,0.5196,4610165.1
2025-08-18 19:00:00,0.5197,0.5226,0.5102,0.5128,8626735.7
2025-08-18 20:00:00,0.5127,0.5155,0.5072,0.5094,5314444.0
2025-08-18 21:00:00,0.5094,0.519,0.5085,0.5176,3471742.5
2025-08-18 22:00:00,0.5176,0.527,0.5146,0.5148,6270362.2
2025-08-18 23:00:00,0.5148,0.5181,0.5106,0.5115,4574074.6
2025-08-19 00:00:00,0.5116,0.52,0.5023,0.52,11200221.6
2025-08-19 01:00:00,0.5198,0.5245,0.5062,0.5073,8665435.4
2025-08-19 02:00:00,0.5073,0.5084,0.5025,0.5031,3984505.5
2025-08-19 03:00:00,0.5032,0.5034,0.4896,0.4934,12728672.3
2025-08-19 04:00:00,0.4933,0.4961,0.4885,0.4957,7027490.3
2025-08-19 05:00:00,0.4958,0.4981,0.4912,0.4945,3464992.6
2025-08-19 06:00:00,0.4946,0.4953,0.4909,0.4921,3046844.9
2025-08-19 07:00:00,0.4922,0.4925,0.4864,0.4904,4385910.8
2025-08-19 08:00:00,0.4904,0.4946,0.4859,0.492,4232648.9
2025-08-19 09:00:00,0.492,0.4985,0.492,0.4933,6904992.3
2025-08-19 10:00:00,0.4933,0.5034,0.4928,0.5006,5127729.0
2025-08-19 11:00:00,0.5006,0.5062,0.4996,0.5038,5188892.1
2025-08-19 12:00:00,0.5038,0.5051,0.5005,0.505,2736784.5
2025-08-19 13:00:00,0.505,0.5078,0.493,0.4976,9501713.5
2025-08-19 14:00:00,0.4977,0.5002,0.4832,0.4869,12235351.5
2025-08-19 15:00:00,0.487,0.4952,0.4823,0.4905,8062102.7
2025-08-19 16:00:00,0.4904,0.4934,0.4826,0.4859,8964739.3
2025-08-19 17:00:00,0.486,0.4894,0.4809,0.4875,6757859.4
2025-08-19 18:00:00,0.4874,0.4878,0.4767,0.4793,5834409.4
2025-08-19 19:00:00,0.4793,0.4857,0.4759,0.48,6427341.9
2025-08-19 20:00:00,0.48,0.4835,0.4767,0.4829,3293134.3
2025-08-19 21:00:00,0.483,0.4831,0.4798,0.4822,1433621.8
2025-08-19 22:00:00,0.4822,0.4843,0.478,0.4815,3762427.0
2025-08-19 23:00:00,0.4815,0.4819,0.4719,0.473,7066262.1
2025-08-20 00:00:00,0.473,0.4786,0.4719,0.4757,4098514.9
2025-08-20 01:00:00,0.4756,0.4817,0.4715,0.4815,6976524.4
2025-08-20 02:00:00,0.4816,0.4871,0.481,0.4837,3958458.7
2025-08-20 03:00:00,0.4837,0.4867,0.4813,0.4825,2761190.8
2025-08-20 04:00:00,0.4825,0.4898,0.4822,0.4872,4056027.1
2025-08-20 05:00:00,0.4872,0.4882,0.4844,0.4882,2819146.0
2025-08-20 06:00:00,0.4882,0.4883,0.4825,0.4837,3116795.1
2025-08-20 07:00:00,0.4838,0.4892,0.481,0.4817,4833539.5
2025-08-20 08:00:00,0.4818,0.4966,0.4807,0.4964,9073686.9
2025-08-20 09:00:00,0.4963,0.4963,0.4879,0.4892,6932138.9
2025-08-20 10:00:00,0.4894,0.4952,0.4886,0.4951,2904108.9
2025-08-20 11:00:00,0.4952,0.496,0.481,0.4879,6294058.7
2025-08-20 12:00:00,0.4879,0.4936,0.4837,0.486,4653429.4
2025-08-20 13:00:00,0.486,0.4866,0.4753,0.4772,9247274.5
2025-08-20 14:00:00,0.4771,0.4951,0.4727,0.4896,12127429.6
2025-08-20 15:00:00,0.4896,0.5085,0.4888,0.5005,18776506.6
2025-08-20 16:00:00,0.5005,0.5165,0.5004,0.511,8102133.0
2025-08-20 17:00:00,0.5109,0.5194,0.5098,0.5163,8027903.7
2025-08-20 18:00:00,0.5164,0.5173,0.5049,0.5083,5744904.4
2025-08-20 19:00:00,0.5084,0.5149,0.5079,0.5144,4549188.9
2025-08-20 20:00:00,0.5145,0.5159,0.5092,0.5121,3259500.1
2025-08-20 21:00:00,0.512,0.5153,0.5068,0.5127,4712392.6
2025-08-20 22:00:00,0.5127,0.5164,0.5105,0.5151,2691540.0
2025-08-20 23:00:00,0.5151,0.5168,0.5101,0.5135,3179652.3
2025-08-21 00:00:00,0.5136,0.5152,0.507,0.515,5303303.8
2025-08-21 01:00:00,0.5149,0.5208,0.5098,0.5191,5980659.4
2025-08-21 02:00:00,0.519,0.5206,0.5049,0.5071,6175914.6
2025-08-21 03:00:00,0.507,0.5189,0.5069,0.5133,6392902.8
2025-08-21 04:00:00,0.5134,0.5157,0.509,0.5096,2874996.9
2025-08-21 05:00:00,0.5097,0.5137,0.508,0.5131,2683357.0
2025-08-21 06:00:00,0.513,0.513,0.5054,0.5102,3097836.6
2025-08-21 07:00:00,0.5101,0.5112,0.502,0.5049,3530803.9
2025-08-21 08:00:00,0.505,0.5052,0.4983,0.4987,4030219.3
2025-08-21 09:00:00,0.4987,0.5009,0.4944,0.4969,5716247.7
2025-08-21 10:00:00,0.497,0.4996,0.4953,0.4973,2430113.8
2025-08-21 11:00:00,0.4973,0.5015,0.4936,0.4961,4275782.5
2025-08-21 12:00:00,0.4961,0.4978,0.4891,0.492,6149245.3
2025-08-21 13:00:00,0.492,0.4994,0.4904,0.494,4684724.2
2025-08-21 14:00:00,0.4941,0.5064,0.4917,0.4949,11733043.7
2025-08-21 15:00:00,0.495,0.4965,0.4873,0.4885,8729773.4
2025-08-21 16:00:00,0.4886,0.4929,0.4865,0.4876,3198263.4
2025-08-21 17:00:00,0.4876,0.4921,0.485,0.4917,4485065.7
2025-08-21 18:00:00,0.4916,0.4952,0.489,0.4939,2110131.8
2025-08-21 19:00:00,0.4938,0.4955,0.4891,0.4909,2339105.2
2025-08-21 20:00:00,0.4908,0.4971,0.4889,0.4934,2713931.6
2025-08-21 21:00:00,0.4935,0.4993,0.4905,0.4983,4340116.9
2025-08-21 22:00:00,0.4982,0.5038,0.498,0.5028,3359079.9
2025-08-21 23:00:00,0.5027,0.5029,0.4938,0.4963,3790907.4
2025-08-22 00:00:00,0.4963,0.5008,0.4921,0.4936,4307954.8
2025-08-22 01:00:00,0.4936,0.4993,0.4899,0.4989,3935821.3
2025-08-22 02:00:00,0.499,0.5066,0.4981,0.5031,5212175.9
2025-08-22 03:00:00,0.5031,0.5063,0.4965,0.5003,5129901.8
2025-08-22 04:00:00,0.5003,0.5082,0.4991,0.5006,5796655.7
2025-08-22 05:00:00,0.5006,0.5032,0.4955,0.4978,4131417.9
2025-08-22 06:00:00,0.4979,0.5023,0.4925,0.4942,5155704.9
2025-08-22 07:00:00,0.4943,0.5061,0.4939,0.5044,3897115.3
2025-08-22 08:00:00,0.5044,0.508,0.5016,0.5025,4919497.4
2025-08-22 09:00:00,0.5026,0.5037,0.4971,0.5002,5366993.0
2025-08-22 10:00:00,0.5002,0.5019,0.4938,0.4945,4239887.2
2025-08-22 11:00:00,0.4944,0.4949,0.487,0.487,5112978.1
2025-08-22 12:00:00,0.4871,0.4877,0.4741,0.4801,14904860.7
2025-08-22 13:00:00,0.4802,0.4937,0.4787,0.4893,10688404.8
2025-08-22 14:00:00,0.4892,0.5409,0.4892,0.5319,72493170.0
2025-08-22 15:00:00,0.5318,0.5487,0.5318,0.5385,20332272.3
2025-08-22 16:00:00,0.5385,0.5666,0.5385,0.5625,24244396.2
2025-08-22 17:00:00,0.5624,0.579,0.5624,0.5687,27126189.7
2025-08-22 18:00:00,0.5687,0.5834,0.563,0.582,21080703.3
2025-08-22 19:00:00,0.5821,0.6078,0.5814,0.5972,29821718.1
2025-08-22 20:00:00,0.5971,0.6069,0.5965,0.5981,16964779.6
2025-08-22 21:00:00,0.5981,0.6014,0.5859,0.587,16608577.7
2025-08-22 22:00:00,0.587,0.5899,0.5775,0.5844,10336160.4
2025-08-22 23:00:00,0.5843,0.5895,0.5825,0.5867,6819658.8
2025-08-23 00:00:00,0.5867,0.588,0.5788,0.5797,8893299.8
2025-08-23 01:00:00,0.5797,0.5798,0.5727,0.5797,7585840.8
2025-08-23 02:00:00,0.5798,0.5829,0.5671,0.5775,10321098.8
2025-08-23 03:00:00,0.5775,0.5857,0.5737,0.5791,9877344.0
2025-08-23 04:00:00,0.5791,0.5849,0.5753,0.5842,8691126.1
2025-08-23 05:00:00,0.584,0.5868,0.5798,0.5845,6888635.6
2025-08-23 06:00:00,0.5845,0.5911,0.5834,0.5908,8003243.7
2025-08-23 07:00:00,0.5908,0.591,0.5826,0.5832,7076367.9
2025-08-23 08:00:00,0.5832,0.5862,0.5794,0.5816,5464838.2
2025-08-23 09:00:00,0.5815,0.597,0.5808,0.595,7116688.1
2025-08-23 10:00:00,0.5951,0.5985,0.5854,0.587,6909287.9
2025-08-23 11:00:00,0.5872,0.591,0.5844,0.5861,4205385.8
2025-08-23 12:00:00,0.5862,0.5925,0.5825,0.5887,5176749.7
2025-08-23 13:00:00,0.5887,0.5954,0.5834,0.585,7485617.2
2025-08-23 14:00:00,0.5851,0.5947,0.5842,0.5894,6893892.2
2025-08-23 15:00:00,0.5894,0.5981,0.5867,0.5954,5428954.9
2025-08-23 16:00:00,0.5954,0.5969,0.5867,0.5885,5855294.5
2025-08-23 17:00:00,0.5886,0.5944,0.5883,0.5939,3302512.9
2025-08-23 18:00:00,0.5939,0.5963,0.5921,0.5926,2785855.4
2025-08-23 19:00:00,0.5926,0.6083,0.5925,0.6067,8114007.7
2025-08-23 20:00:00,0.6066,0.6066,0.5935,0.5972,6092109.5
2025-08-23 21:00:00,0.5971,0.5991,0.5928,0.5974,3734617.0
2025-08-23 22:00:00,0.5974,0.6124,0.5974,0.6122,6102779.0
2025-08-23 23:00:00,0.6122,0.6144,0.604,0.6131,9859406.2
2025-08-24 00:00:00,0.613,0.6246,0.6053,0.6059,18186046.7
2025-08-24 01:00:00,0.6059,0.6067,0.5974,0.5981,8933545.3
2025-08-24 02:00:00,0.5981,0.6035,0.5956,0.6003,3684277.6
2025-08-24 03:00:00,0.6002,0.6003,0.5902,0.5938,5581110.8
2025-08-24 04:00:00,0.5937,0.5949,0.5897,0.5925,3732732.9
2025-08-24 05:00:00,0.5924,0.5924,0.5843,0.5857,4306266.1
2025-08-24 06:00:00,0.5856,0.5862,0.5754,0.5756,6815098.4
2025-08-24 07:00:00,0.5755,0.5812,0.5752,0.5764,4301609.2
2025-08-24 08:00:00,0.5764,0.5821,0.5742,0.5802,5282456.4
2025-08-24 09:00:00,0.58,0.5831,0.5755,0.5759,3993741.9
2025-08-24 10:00:00,0.5758,0.5761,0.5659,0.5679,18780608.1
2025-08-24 11:00:00,0.5678,0.5732,0.5667,0.5711,5159130.3
2025-08-24 12:00:00,0.5711,0.574,0.5692,0.571,3923253.6
2025-08-24 13:00:00,0.5709,0.5757,0.5688,0.5729,6241310.2
2025-08-24 14:00:00,0.573,0.5821,0.569,0.5802,20056024.4
2025-08-24 15:00:00,0.5801,0.5944,0.5785,0.5828,14509529.5
2025-08-24 16:00:00,0.5827,0.5875,0.581,0.5811,6943865.5
2025-08-24 17:00:00,0.5811,0.598,0.5811,0.5935,8653225.5
2025-08-24 18:00:00,0.5935,0.6106,0.5919,0.6027,16845180.9
2025-08-24 19:00:00,0.6026,0.6088,0.5655,0.5837,37014634.6
2025-08-24 20:00:00,0.5838,0.5844,0.5676,0.5791,13039481.9
2025-08-24 21:00:00,0.5792,0.5867,0.5753,0.5803,5412639.2
2025-08-24 22:00:00,0.5803,0.5816,0.57,0.5813,6455099.0
2025-08-24 23:00:00,0.5814,0.5839,0.5776,0.579,3434498.5
2025-08-25 00:00:00,0.579,0.5816,0.5634,0.572,10378621.6
2025-08-25 01:00:00,0.5719,0.5818,0.5712,0.5801,5466808.0
2025-08-25 02:00:00,0.5802,0.5914,0.5791,0.5839,6316160.4
2025-08-25 03:00:00,0.5838,0.5858,0.5754,0.5757,4390212.3
2025-08-25 04:00:00,0.576,0.5786,0.5681,0.5695,5696030.3
2025-08-25 05:00:00,0.5695,0.5716,0.5664,0.5682,8392559.4
2025-08-25 06:00:00,0.5682,0.5692,0.5568,0.5575,8885083.4
2025-08-25 07:00:00,0.5575,0.5618,0.5468,0.5483,10806857.1
2025-08-25 08:00:00,0.5484,0.5552,0.5415,0.5519,9009123.4
2025-08-25 09:00:00,0.5518,0.5538,0.5486,0.5525,3430210.9
2025-08-25 10:00:00,0.5524,0.5524,0.5391,0.5412,9319917.3
2025-08-25 11:00:00,0.5412,0.5462,0.5396,0.5461,4878475.1
2025-08-25 12:00:00,0.5461,0.5505,0.5447,0.5484,7497211.5
2025-08-25 13:00:00,0.5484,0.5496,0.5415,0.5468,6846353.9
2025-08-25 14:00:00,0.5467,0.5556,0.5457,0.5491,8330979.5
2025-08-25 15:00:00,0.549,0.5503,0.5417,0.5429,4697017.1
2025-08-25 16:00:00,0.5429,0.5462,0.5374,0.5411,6172304.2
2025-08-25 17:00:00,0.541,0.5412,0.5354,0.5371,4872480.1
2025-08-25 18:00:00,0.5372,0.5394,0.5341,0.5342,3937067.0
2025-08-25 19:00:00,0.5342,0.537,0.5215,0.5221,13639412.3
2025-08-25 20:00:00,0.5222,0.5264,0.511,0.5118,23168806.5
2025-08-25 21:00:00,0.5118,0.5165,0.5104,0.5127,7897478.0
2025-08-25 22:00:00,0.5127,0.5235,0.5124,0.5197,6469067.2
2025-08-25 23:00:00,0.5196,0.5204,0.5143,0.5174,3729395.5
2025-08-26 00:00:00,0.5174,0.5209,0.5123,0.5171,9211384.7
2025-08-26 01:00:00,0.517,0.5377,0.5147,0.5347,11513412.7
2025-08-26 02:00:00,0.5347,0.5419,0.5305,0.5315,9388611.7
2025-08-26 03:00:00,0.5316,0.5329,0.5267,0.5308,3092103.9
2025-08-26 04:00:00,0.5308,0.5403,0.5307,0.5309,6253806.5
2025-08-26 05:00:00,0.5309,0.5334,0.529,0.5295,4591882.7
2025-08-26 06:00:00,0.5297,0.5306,0.5258,0.5266,4173808.5
2025-08-26 07:00:00,0.5265,0.5343,0.5247,0.5289,4883922.9
2025-08-26 08:00:00,0.5288,0.5302,0.5245,0.5268,2489170.6
2025-08-26 09:00:00,0.5268,0.5278,0.5242,0.5259,1456719.3
2025-08-26 10:00:00,0.5259,0.5342,0.5255,0.5292,2826313.1
2025-08-26 11:00:00,0.5292,0.5312,0.5231,0.5269,3455318.0
2025-08-26 12:00:00,0.527,0.5413,0.5234,0.5344,12448697.5
2025-08-26 13:00:00,0.5343,0.5377,0.5239,0.5325,10412534.9
2025-08-26 14:00:00,0.5325,0.5417,0.5273,0.5393,7833010.4
2025-08-26 15:00:00,0.5392,0.5437,0.5314,0.533,5537308.6
2025-08-26 16:00:00,0.5331,0.5352,0.5282,0.5336,6987439.6
2025-08-26 17:00:00,0.5335,0.5339,0.5252,0.5289,3790161.6
2025-08-26 18:00:00,0.529,0.5324,0.5273,0.5304,2958863.0
2025-08-26 19:00:00,0.5305,0.5392,0.5259,0.5377,5698074.5
2025-08-26 20:00:00,0.5376,0.5417,0.5323,0.5339,6861545.9
2025-08-26 21:00:00,0.5339,0.5358,0.5281,0.5355,5215521.7
2025-08-26 22:00:00,0.5356,0.5368,0.5317,0.5354,4239928.3
2025-08-26 23:00:00,0.5353,0.5382,0.5278,0.5303,8435551.0
2025-08-27 00:00:00,0.5303,0.5304,0.518,0.5201,9587791.6
2025-08-27 01:00:00,0.5202,0.5247,0.5175,0.524,4404151.7
2025-08-27 02:00:00,0.5241,0.5279,0.5195,0.5243,3660655.7
2025-08-27 03:00:00,0.5243,0.5332,0.5199,0.5275,5397062.4
2025-08-27 04:00:00,0.5275,0.533,0.5261,0.5304,5857437.3
2025-08-27 05:00:00,0.5305,0.5318,0.5241,0.5255,3658618.8
2025-08-27 06:00:00,0.5254,0.5264,0.5209,0.5213,4229901.1
2025-08-27 07:00:00,0.5213,0.5221,0.5143,0.5177,5896588.3
2025-08-27 08:00:00,0.5177,0.5197,0.5112,0.5161,8327756.9
2025-08-27 09:00:00,0.5161,0.5204,0.5153,0.5154,3383167.2
2025-08-27 10:00:00,0.5155,0.5182,0.5121,0.5156,3246339.6
2025-08-27 11:00:00,0.5156,0.5223,0.5156,0.5207,2723358.6
2025-08-27 12:00:00,0.5207,0.5224,0.5155,0.5201,2782788.6
2025-08-27 13:00:00,0.52,0.5267,0.5152,0.5184,5783128.2
2025-08-27 14:00:00,0.5185,0.5304,0.5161,0.5202,5860613.9
2025-08-27 15:00:00,0.5202,0.5247,0.5186,0.5224,5574700.2
2025-08-27 16:00:00,0.5224,0.5224,0.5156,0.5196,4561426.9
2025-08-27 17:00:00,0.5195,0.5228,0.5168,0.5209,3096392.4
2025-08-27 18:00:00,0.5208,0.522,0.514,0.5142,4454360.1
2025-08-27 19:00:00,0.5142,0.5163,0.5044,0.5095,9368783.8
2025-08-27 20:00:00,0.5095,0.5156,0.501,0.514,19189002.4
2025-08-27 21:00:00,0.514,0.5155,0.5055,0.5067,3877044.8
2025-08-27 22:00:00,0.5067,0.5094,0.4973,0.5067,7270649.4
2025-08-27 23:00:00,0.5066,0.5084,0.504,0.5054,2710195.5
2025-08-28 00:00:00,0.5053,0.5089,0.5,0.5052,3871574.1
2025-08-28 01:00:00,0.5053,0.5118,0.5049,0.5081,3305220.4
2025-08-28 02:00:00,0.5082,0.5121,0.507,0.5102,2395336.3
2025-08-28 03:00:00,0.5103,0.5136,0.5086,0.5127,1858009.7
2025-08-28 04:00:00,0.5127,0.5191,0.5111,0.5182,4943284.1
2025-08-28 05:00:00,0.5182,0.5201,0.5145,0.516,2915877.0
2025-08-28 06:00:00,0.516,0.5184,0.5142,0.518,2437962.4
2025-08-28 07:00:00,0.5181,0.5232,0.5165,0.5217,5809007.6
2025-08-28 08:00:00,0.5217,0.5268,0.5211,0.5249,5526152.3
2025-08-28 09:00:00,0.5248,0.5249,0.5189,0.5194,3531165.8
2025-08-28 10:00:00,0.5194,0.5249,0.5176,0.5232,3908045.9
2025-08-28 11:00:00,0.5233,0.5235,0.5204,0.5225,3131920.3
2025-08-28 12:00:00,0.5225,0.5254,0.5206,0.5211,4359405.5
2025-08-28 13:00:00,0.5212,0.5235,0.5176,0.5235,13106980.6
2025-08-28 14:00:00,0.5235,0.5364,0.5187,0.5258,19216239.1
2025-08-28 15:00:00,0.5257,0.5289,0.5112,0.5145,14103859.2
2025-08-28 16:00:00,0.5146,0.5178,0.5041,0.5042,13068910.2
2025-08-28 17:00:00,0.5041,0.5126,0.5032,0.5105,15187444.5
2025-08-28 18:00:00,0.5106,0.5178,0.5099,0.5162,6004017.3
2025-08-28 19:00:00,0.5162,0.5182,0.5103,0.5103,3651455.3
2025-08-28 20:00:00,0.5103,0.5146,0.5092,0.5121,2412935.5
2025-08-28 21:00:00,0.5122,0.5169,0.5117,0.5159,1573333.8
2025-08-28 22:00:00,0.516,0.5242,0.5159,0.5236,3106521.0
2025-08-28 23:00:00,0.5237,0.5247,0.5202,0.5233,4688286.3
2025-08-29 00:00:00,0.5233,0.5241,0.5157,0.5179,3457052.4
2025-08-29 01:00:00,0.5178,0.5187,0.5095,0.5125,8666100.9
2025-08-29 02:00:00,0.5125,0.5181,0.5111,0.5152,4407628.1
2025-08-29 03:00:00,0.5152,0.5186,0.5104,0.5156,8423568.6
2025-08-29 04:00:00,0.5155,0.5197,0.5139,0.5147,2776491.7
2025-08-29 05:00:00,0.5148,0.5157,0.5117,0.5141,2110283.4
2025-08-29 06:00:00,0.5142,0.5153,0.5058,0.5073,6274951.0
2025-08-29 07:00:00,0.5073,0.5073,0.4944,0.4961,14846919.2
2025-08-29 08:00:00,0.496,0.499,0.4898,0.4909,12466930.3
2025-08-29 09:00:00,0.4908,0.4935,0.4876,0.491,6866083.2
2025-08-29 10:00:00,0.4909,0.4942,0.4898,0.4936,6154741.5
2025-08-29 11:00:00,0.4935,0.4972,0.4922,0.4939,2525081.7
2025-08-29 12:00:00,0.4939,0.5134,0.4937,0.5025,15436898.3
2025-08-29 13:00:00,0.5024,0.503,0.4911,0.4955,10318726.7
2025-08-29 14:00:00,0.4955,0.5002,0.4892,0.4952,14716217.1
2025-08-29 15:00:00,0.4954,0.5016,0.4938,0.4951,5111374.2
2025-08-29 16:00:00,0.495,0.4983,0.4915,0.4929,5537947.4
2025-08-29 17:00:00,0.4929,0.4956,0.4891,0.4909,4247607.8
2025-08-29 18:00:00,0.491,0.4917,0.4846,0.4861,7011806.3
2025-08-29 19:00:00,0.486,0.4918,0.4839,0.4886,4814103.3
2025-08-29 20:00:00,0.4887,0.4895,0.4853,0.4861,4207004.6
2025-08-29 21:00:00,0.4862,0.4947,0.4837,0.4929,3464114.2
2025-08-29 22:00:00,0.493,0.4938,0.49,0.4914,3583809.4
2025-08-29 23:00:00,0.4915,0.493,0.4903,0.4908,2012291.0
2025-08-30 00:00:00,0.4908,0.4909,0.4864,0.4879,2865947.7
2025-08-30 01:00:00,0.4879,0.4886,0.4797,0.4802,6269288.5
2025-08-30 02:00:00,0.4803,0.4879,0.4794,0.4862,3629489.8
2025-08-30 03:00:00,0.4862,0.4966,0.4858,0.4918,4130506.6
2025-08-30 04:00:00,0.4919,0.4926,0.4891,0.4893,1858040.8
2025-08-30 05:00:00,0.4894,0.4956,0.4888,0.4929,2470154.0
2025-08-30 06:00:00,0.493,0.4984,0.4924,0.4976,5502541.4
2025-08-30 07:00:00,0.4977,0.5007,0.4975,0.5005,4642427.1
2025-08-30 08:00:00,0.5004,0.5006,0.4966,0.4976,2000123.7
2025-08-30 09:00:00,0.4977,0.499,0.4954,0.4958,2910237.1
2025-08-30 10:00:00,0.4959,0.5026,0.4957,0.5024,3542752.4
2025-08-30 11:00:00,0.5024,0.5037,0.4992,0.5005,6400253.8
2025-08-30 12:00:00,0.5004,0.5008,0.493,0.4981,3093141.3
2025-08-30 13:00:00,0.4982,0.4984,0.493,0.4971,2847230.1
2025-08-30 14:00:00,0.497,0.4997,0.4944,0.4994,1808548.4
2025-08-30 15:00:00,0.4994,0.5025,0.4976,0.4982,4112741.6
2025-08-30 16:00:00,0.4981,0.4981,0.4944,0.4945,1791806.2
2025-08-30 17:00:00,0.4946,0.4965,0.4933,0.4946,1503100.2
2025-08-30 18:00:00,0.4946,0.496,0.4924,0.4937,2090139.3
2025-08-30 19:00:00,0.4936,0.4952,0.4927,0.4949,869537.7
2025-08-30 20:00:00,0.495,0.4954,0.4929,0.4946,595883.4
2025-08-30 21:00:00,0.4946,0.4964,0.4942,0.4953,756563.4
2025-08-30 22:00:00,0.4952,0.4979,0.4939,0.4977,1390771.7
2025-08-30 23:00:00,0.4976,0.5005,0.4976,0.4992,1377772.1
2025-08-31 00:00:00,0.4992,0.5071,0.4988,0.507,2902368.1
2025-08-31 01:00:00,0.5071,0.509,0.504,0.5087,2145659.8
2025-08-31 02:00:00,0.5088,0.5117,0.5078,0.5112,3745679.5
2025-08-31 03:00:00,0.5112,0.5136,0.5091,0.5131,2770825.6
2025-08-31 04:00:00,0.5132,0.5182,0.5109,0.5153,6703503.8
2025-08-31 05:00:00,0.5152,0.5174,0.5113,0.5151,4603629.5
2025-08-31 06:00:00,0.5151,0.5163,0.5088,0.509,3953789.4
2025-08-31 07:00:00,0.5089,0.5115,0.5086,0.5092,3187877.9
2025-08-31 08:00:00,0.5092,0.5168,0.5091,0.5161,2765976.8
2025-08-31 09:00:00,0.516,0.5165,0.5107,0.5111,2970168.7
2025-08-31 10:00:00,0.5112,0.5127,0.5088,0.5095,4238689.8
2025-08-31 11:00:00,0.5096,0.5135,0.5069,0.5133,4393283.8
2025-08-31 12:00:00,0.5133,0.514,0.5085,0.5115,3077543.5
2025-08-31 13:00:00,0.5114,0.5128,0.5064,0.5069,2589983.9
2025-08-31 14:00:00,0.5069,0.5077,0.5009,0.5036,4933370.5
2025-08-31 15:00:00,0.5035,0.5083,0.5035,0.5074,1557230.4
2025-08-31 16:00:00,0.5074,0.5075,0.5042,0.5053,1192550.2
2025-08-31 17:00:00,0.5054,0.5074,0.5044,0.5058,1716057.9
2025-08-31 18:00:00,0.5058,0.5101,0.5053,0.5098,2322711.7
2025-08-31 19:00:00,0.5098,0.5101,0.5048,0.5052,1572511.3
2025-08-31 20:00:00,0.5053,0.51,0.5034,0.5083,1580407.8
2025-08-31 21:00:00,0.5082,0.5095,0.5069,0.5082,1271809.8
2025-08-31 22:00:00,0.5083,0.5096,0.5027,0.5039,3039126.7
2025-08-31 23:00:00,0.5038,0.504,0.4957,0.4964,4220815.9
2025-09-01 00:00:00,0.4964,0.4964,0.484,0.4916,8731276.7
2025-09-01 01:00:00,0.4917,0.4968,0.4886,0.4944,2658578.9
2025-09-01 02:00:00,0.4944,0.4945,0.4855,0.4879,5770385.9
2025-09-01 03:00:00,0.488,0.489,0.4851,0.4876,3081712.9
2025-09-01 04:00:00,0.4875,0.4895,0.4826,0.485,3775832.0
2025-09-01 05:00:00,0.485,0.4895,0.4826,0.4877,5247338.3
2025-09-01 06:00:00,0.4878,0.4955,0.485,0.4955,5998676.7
2025-09-01 07:00:00,0.4955,0.5062,0.4889,0.5062,12109351.8
2025-09-01 08:00:00,0.5063,0.5102,0.505,0.5095,7101653.3
2025-09-01 09:00:00,0.5094,0.5139,0.5064,0.5067,5560670.9
2025-09-01 10:00:00,0.5067,0.5071,0.4981,0.5034,4542469.8
2025-09-01 11:00:00,0.5035,0.5035,0.4954,0.4963,4811166.6
2025-09-01 12:00:00,0.4964,0.5,0.4931,0.4956,4700248.4
2025-09-01 13:00:00,0.4956,0.4984,0.4911,0.493,4116898.7
2025-09-01 14:00:00,0.493,0.4958,0.489,0.4921,4643901.2
2025-09-01 15:00:00,0.492,0.4938,0.4862,0.4876,4252541.4
2025-09-01 16:00:00,0.4876,0.49,0.4835,0.4859,4935040.8
2025-09-01 17:00:00,0.4859,0.4874,0.4809,0.4827,3847600.7
2025-09-01 18:00:00,0.4827,0.4896,0.4826,0.4872,2178065.8
2025-09-01 19:00:00,0.4873,0.4889,0.4859,0.4888,1663771.1
2025-09-01 20:00:00,0.4889,0.4889,0.4724,0.4767,12810643.7
2025-09-01 21:00:00,0.4766,0.4772,0.4665,0.473,8762352.2
2025-09-01 22:00:00,0.4728,0.4758,0.4677,0.4714,6409241.4
2025-09-01 23:00:00,0.4714,0.4791,0.4712,0.4772,2827519.1
2025-09-02 00:00:00,0.4773,0.478,0.4748,0.4766,2254252.4
2025-09-02 01:00:00,0.4765,0.4852,0.4763,0.4815,4052680.1
2025-09-02 02:00:00,0.4814,0.4908,0.481,0.4902,3412730.1
2025-09-02 03:00:00,0.4902,0.4943,0.4882,0.4908,4346597.1
2025-09-02 04:00:00,0.4909,0.4951,0.4886,0.4945,3685605.5
2025-09-02 05:00:00,0.4946,0.495,0.4904,0.492,3308412.9
2025-09-02 06:00:00,0.492,0.4965,0.4912,0.4941,2502772.1
2025-09-02 07:00:00,0.4941,0.4945,0.4873,0.4882,5629711.4
2025-09-02 08:00:00,0.4881,0.4918,0.4868,0.4888,3292671.9
2025-09-02 09:00:00,0.4888,0.4923,0.4877,0.4923,2235203.7
2025-09-02 10:00:00,0.4922,0.4925,0.4885,0.4916,2662994.7
2025-09-02 11:00:00,0.4916,0.4917,0.4869,0.4877,3239611.8
2025-09-02 12:00:00,0.4876,0.4894,0.4769,0.4769,9259798.8
2025-09-02 13:00:00,0.477,0.4966,0.4767,0.4957,12571031.6
2025-09-02 14:00:00,0.4956,0.4994,0.491,0.4939,8087160.2
2025-09-02 15:00:00,0.4938,0.4946,0.4833,0.4846,6304124.5
2025-09-02 16:00:00,0.4847,0.4899,0.4847,0.4881,3934079.5
2025-09-02 17:00:00,0.4882,0.4944,0.4881,0.4919,3728238.3
2025-09-02 18:00:00,0.4919,0.4925,0.4851,0.49,3220350.8
2025-09-02 19:00:00,0.49,0.4928,0.4858,0.4884,3117412.5
2025-09-02 20:00:00,0.4883,0.4982,0.4873,0.4971,4181998.9
2025-09-02 21:00:00,0.4971,0.5032,0.4968,0.5016,3042040.4
2025-09-02 22:00:00,0.5016,0.5038,0.4988,0.5037,3786202.1
2025-09-02 23:00:00,0.5038,0.5063,0.5015,0.5025,2403277.3
2025-09-03 00:00:00,0.5026,0.5035,0.4982,0.4987,2269283.8
2025-09-03 01:00:00,0.4986,0.5029,0.4959,0.5027,3576709.1
2025-09-03 02:00:00,0.5026,0.5047,0.4989,0.5031,2833465.3
2025-09-03 03:00:00,0.5031,0.5049,0.5011,0.5032,1642871.8
2025-09-03 04:00:00,0.5031,0.5035,0.5,0.5018,1502995.9
2025-09-03 05:00:00,0.5019,0.5021,0.4973,0.4976,1539134.6
2025-09-03 06:00:00,0.4977,0.4997,0.4942,0.4968,3099721.2
2025-09-03 07:00:00,0.4967,0.4976,0.4949,0.4967,1491942.6
2025-09-03 08:00:00,0.4967,0.5026,0.4955,0.4958,3904810.6
2025-09-03 09:00:00,0.4959,0.4999,0.4926,0.4997,2714051.8
2025-09-03 10:00:00,0.4997,0.5023,0.4976,0.5002,3044217.3
2025-09-03 11:00:00,0.5001,0.5059,0.4998,0.5011,3166855.7
2025-09-03 12:00:00,0.5011,0.5046,0.4981,0.4989,2741037.2
2025-09-03 13:00:00,0.499,0.5099,0.4989,0.5061,7864003.8
2025-09-03 14:00:00,0.5062,0.5179,0.5059,0.5169,11203639.3
2025-09-03 15:00:00,0.5168,0.5195,0.5116,0.5154,8816741.6
2025-09-03 16:00:00,0.5155,0.5195,0.5107,0.5116,4742723.1
2025-09-03 17:00:00,0.5116,0.5162,0.5116,0.5132,2643723.2
2025-09-03 18:00:00,0.5133,0.5145,0.5108,0.5125,1787515.4
2025-09-03 19:00:00,0.5125,0.515,0.5103,0.5147,1653838.5
2025-09-03 20:00:00,0.5148,0.5163,0.5134,0.5138,1739507.0
2025-09-03 21:00:00,0.5138,0.5146,0.5111,0.514,1527404.3
2025-09-03 22:00:00,0.514,0.5163,0.5117,0.5128,1808775.4
2025-09-03 23:00:00,0.513,0.514,0.5094,0.5102,2472924.8
2025-09-04 00:00:00,0.5101,0.5133,0.5091,0.5126,1624722.6
2025-09-04 01:00:00,0.5126,0.5128,0.5096,0.5125,1826981.5
2025-09-04 02:00:00,0.5125,0.5127,0.5058,0.506,2253271.9
2025-09-04 03:00:00,0.5059,0.5078,0.502,0.5027,2638497.0
2025-09-04 04:00:00,0.5026,0.5049,0.5012,0.5019,2619735.3
2025-09-04 05:00:00,0.5019,0.5019,0.4948,0.4967,5570786.3
2025-09-04 06:00:00,0.4967,0.4969,0.4921,0.4935,4125712.2
2025-09-04 07:00:00,0.4934,0.4972,0.4931,0.4957,2813465.2
2025-09-04 08:00:00,0.4956,0.5002,0.495,0.495,3426798.1
2025-09-04 09:00:00,0.4951,0.4973,0.4951,0.4972,1886945.6
2025-09-04 10:00:00,0.4972,0.5026,0.4963,0.498,3627386.3
2025-09-04 11:00:00,0.4981,0.5019,0.4963,0.4964,2986209.6
2025-09-04 12:00:00,0.4964,0.4998,0.4932,0.4984,3825041.7
2025-09-04 13:00:00,0.4984,0.4985,0.4926,0.4942,2228475.8
2025-09-04 14:00:00,0.4942,0.495,0.4865,0.488,6718597.6
2025-09-04 15:00:00,0.4879,0.4879,0.4826,0.4849,6459717.9
2025-09-04 16:00:00,0.4848,0.4865,0.4822,0.4835,3225415.7
2025-09-04 17:00:00,0.4834,0.4873,0.4832,0.4843,1859786.5
2025-09-04 18:00:00,0.4842,0.4862,0.4791,0.4806,4046916.8
2025-09-04 19:00:00,0.4805,0.4826,0.4782,0.4796,1753484.8
2025-09-04 20:00:00,0.4796,0.4842,0.4787,0.4828,3311274.8
2025-09-04 21:00:00,0.4827,0.4863,0.4822,0.4855,1970933.6
2025-09-04 22:00:00,0.4855,0.4881,0.4837,0.4872,3123750.0
2025-09-04 23:00:00,0.4873,0.4888,0.4821,0.4823,5658324.1
2025-09-05 00:00:00,0.4823,0.4856,0.482,0.4835,2209846.6
2025-09-05 01:00:00,0.4835,0.487,0.4829,0.4856,2309858.7
2025-09-05 02:00:00,0.4856,0.4876,0.4836,0.4875,3169853.1
2025-09-05 03:00:00,0.4876,0.4876,0.4836,0.4873,1790133.8
2025-09-05 04:00:00,0.4872,0.4892,0.4856,0.4889,1248943.7
2025-09-05 05:00:00,0.4889,0.4899,0.4878,0.4894,1674707.8
2025-09-05 06:00:00,0.4893,0.4898,0.4868,0.4884,1571171.0
2025-09-05 07:00:00,0.4884,0.5006,0.4882,0.4998,10769152.5
2025-09-05 08:00:00,0.4999,0.5,0.4946,0.4972,4472329.6
2025-09-05 09:00:00,0.4973,0.4974,0.4927,0.4973,3507515.2
2025-09-05 10:00:00,0.4974,0.5021,0.497,0.5006,3951225.6
2025-09-05 11:00:00,0.5006,0.5025,0.4987,0.5015,4104271.8
2025-09-05 12:00:00,0.5015,0.511,0.4995,0.5098,21784512.0
2025-09-05 13:00:00,0.5098,0.5118,0.5026,0.5073,10378991.5
2025-09-05 14:00:00,0.5072,0.5078,0.4849,0.4869,20940926.3
2025-09-05 15:00:00,0.4868,0.4921,0.4847,0.4887,6938884.9
2025-09-05 16:00:00,0.4886,0.4926,0.4868,0.4905,2596947.9
2025-09-05 17:00:00,0.4905,0.4906,0.4849,0.4886,4114473.2
2025-09-05 18:00:00,0.4886,0.4951,0.4874,0.4939,3043901.5
2025-09-05 19:00:00,0.4939,0.4954,0.4922,0.494,1872177.3
2025-09-05 20:00:00,0.494,0.4997,0.4935,0.4997,2449359.4
2025-09-05 21:00:00,0.4997,0.5,0.4918,0.494,5093586.8
2025-09-05 22:00:00,0.494,0.4967,0.4928,0.496,1121488.5
2025-09-05 23:00:00,0.4959,0.4969,0.4938,0.4946,905247.6
2025-09-06 00:00:00,0.4946,0.5001,0.4941,0.4992,2098984.0
2025-09-06 01:00:00,0.4992,0.4992,0.496,0.4977,1084950.6
2025-09-06 02:00:00,0.4977,0.4992,0.4951,0.4992,1586301.3
2025-09-06 03:00:00,0.4991,0.5003,0.4975,0.4978,1417415.3
2025-09-06 04:00:00,0.498,0.498,0.4928,0.4943,1178984.2
2025-09-06 05:00:00,0.4943,0.4944,0.4894,0.4902,3643000.8
2025-09-06 06:00:00,0.4902,0.4921,0.4899,0.4906,1139310.5
2025-09-06 07:00:00,0.4907,0.4921,0.4903,0.4921,1055791.5
2025-09-06 08:00:00,0.4921,0.4928,0.4904,0.4911,1255245.5
2025-09-06 09:00:00,0.4912,0.4912,0.4873,0.4876,1832023.2
2025-09-06 10:00:00,0.4876,0.492,0.4869,0.4918,2411564.5
2025-09-06 11:00:00,0.4918,0.492,0.4877,0.4919,4987831.4
2025-09-06 12:00:00,0.4919,0.4932,0.4874,0.4884,3723693.3
2025-09-06 13:00:00,0.4884,0.4899,0.4873,0.4886,2209541.0
2025-09-06 14:00:00,0.4887,0.4921,0.4882,0.491,2271653.5
2025-09-06 15:00:00,0.4911,0.4911,0.4845,0.4846,5856418.4
2025-09-06 16:00:00,0.4845,0.491,0.4833,0.49,4605245.2
2025-09-06 17:00:00,0.49,0.4902,0.486,0.4871,961384.9
2025-09-06 18:00:00,0.4871,0.4893,0.4866,0.4879,1284378.5
2025-09-06 19:00:00,0.4879,0.4882,0.483,0.484,1939616.0
2025-09-06 20:00:00,0.4841,0.4886,0.4838,0.4885,1018115.6
2025-09-06 21:00:00,0.4885,0.4897,0.4873,0.4897,1116530.1
2025-09-06 22:00:00,0.4896,0.4913,0.4884,0.4892,1438517.9
2025-09-06 23:00:00,0.4892,0.4905,0.4877,0.4883,823581.5
2025-09-07 00:00:00,0.4884,0.4909,0.4879,0.4907,729822.6
2025-09-07 01:00:00,0.4906,0.4943,0.4903,0.493,1230923.0
2025-09-07 02:00:00,0.4929,0.4969,0.492,0.4968,2202525.7
2025-09-07 03:00:00,0.4968,0.497,0.4947,0.4949,1608936.0
2025-09-07 04:00:00,0.495,0.4968,0.495,0.4966,1217723.1
2025-09-07 05:00:00,0.4965,0.4985,0.4954,0.4983,1889043.5
2025-09-07 06:00:00,0.4984,0.4987,0.4932,0.4933,2016586.5
2025-09-07 07:00:00,0.4932,0.4955,0.4924,0.4937,2122277.1
2025-09-07 08:00:00,0.4937,0.4969,0.4937,0.4947,1721123.2
2025-09-07 09:00:00,0.4947,0.4953,0.4906,0.492,2454888.4
2025-09-07 10:00:00,0.492,0.494,0.492,0.4938,1860272.0
2025-09-07 11:00:00,0.4938,0.4953,0.4931,0.4951,1335283.4
2025-09-07 12:00:00,0.4951,0.4952,0.4925,0.4936,1691871.0
2025-09-07 13:00:00,0.4937,0.4959,0.4922,0.4952,2125751.3
2025-09-07 14:00:00,0.4951,0.4959,0.4919,0.4943,2340117.6
2025-09-07 15:00:00,0.4942,0.4947,0.4913,0.4922,2391349.8
2025-09-07 16:00:00,0.4921,0.4929,0.4894,0.4905,2928044.6
2025-09-07 17:00:00,0.4904,0.4911,0.4871,0.488,1821003.0
2025-09-07 18:00:00,0.488,0.4894,0.487,0.4886,1591547.6
2025-09-07 19:00:00,0.4885,0.4918,0.4881,0.4907,1199269.8
2025-09-07 20:00:00,0.4907,0.4925,0.489,0.4925,1168760.9
2025-09-07 21:00:00,0.4926,0.4931,0.4909,0.4914,899803.6
2025-09-07 22:00:00,0.4913,0.4954,0.4911,0.4953,1444363.0
2025-09-07 23:00:00,0.4954,0.4992,0.4954,0.4962,2036910.5
2025-09-08 00:00:00,0.4963,0.4974,0.4932,0.4937,1647326.2
2025-09-08 01:00:00,0.4937,0.4948,0.4917,0.4925,1046822.8
2025-09-08 02:00:00,0.4925,0.4993,0.4912,0.499,2108904.8
2025-09-08 03:00:00,0.4991,0.5039,0.4984,0.5002,3955933.7
2025-09-08 04:00:00,0.5001,0.5009,0.495,0.4962,3077911.8
2025-09-08 05:00:00,0.4963,0.4964,0.4929,0.4947,3131873.4
2025-09-08 06:00:00,0.4947,0.4956,0.4909,0.4946,3200975.4
2025-09-08 07:00:00,0.4946,0.4977,0.4926,0.4933,1881058.1
2025-09-08 08:00:00,0.4935,0.4984,0.4932,0.4971,2972657.6
2025-09-08 09:00:00,0.497,0.5025,0.4958,0.501,4796640.3
2025-09-08 10:00:00,0.5011,0.5069,0.5001,0.5032,5722863.0
2025-09-08 11:00:00,0.5033,0.5035,0.497,0.4997,3337187.5
2025-09-08 12:00:00,0.4997,0.5027,0.4984,0.5023,3030943.1
2025-09-08 13:00:00,0.5022,0.5061,0.4987,0.4989,6240114.4
2025-09-08 14:00:00,0.4988,0.5053,0.4988,0.5052,5476212.7
2025-09-08 15:00:00,0.5052,0.5106,0.5044,0.5081,6774199.6
2025-09-08 16:00:00,0.5081,0.5162,0.5077,0.5109,14130283.1
2025-09-08 17:00:00,0.5109,0.5128,0.5059,0.5063,5503232.5
2025-09-08 18:00:00,0.5063,0.51,0.5047,0.51,2635930.1
2025-09-08 19:00:00,0.5099,0.5113,0.503,0.5057,4117674.7
2025-09-08 20:00:00,0.5058,0.507,0.5012,0.5033,1918670.6
2025-09-08 21:00:00,0.5033,0.5102,0.502,0.5101,2337915.1
2025-09-08 22:00:00,0.5102,0.5136,0.509,0.5126,3178356.4
2025-09-08 23:00:00,0.5126,0.515,0.5102,0.5133,2536040.3
2025-09-09 00:00:00,0.5133,0.5199,0.5108,0.5155,8378714.9
2025-09-09 01:00:00,0.5154,0.5183,0.5084,0.5095,4629063.9
2025-09-09 02:00:00,0.5095,0.5106,0.5039,0.5062,4268085.7
2025-09-09 03:00:00,0.5061,0.5128,0.5053,0.5125,3638351.1
2025-09-09 04:00:00,0.5124,0.5208,0.51,0.5185,7702321.8
2025-09-09 05:00:00,0.5185,0.519,0.5138,0.5176,3511131.1
2025-09-09 06:00:00,0.5175,0.5315,0.5175,0.5306,14705526.2
2025-09-09 07:00:00,0.5307,0.5328,0.5256,0.5288,12627271.2
2025-09-09 08:00:00,0.5288,0.5383,0.5282,0.533,7964538.5
2025-09-09 09:00:00,0.533,0.5382,0.5309,0.5365,7618516.9
2025-09-09 10:00:00,0.5365,0.5392,0.5324,0.533,6518651.3
2025-09-09 11:00:00,0.533,0.5365,0.5315,0.5318,4266534.8
2025-09-09 12:00:00,0.5319,0.5374,0.5257,0.5277,8432725.6
2025-09-09 13:00:00,0.5276,0.5307,0.5227,0.5297,7860996.3
2025-09-09 14:00:00,0.5298,0.5324,0.5185,0.521,16162513.5
2025-09-09 15:00:00,0.521,0.5218,0.508,0.5118,10497928.6
2025-09-09 16:00:00,0.5117,0.5148,0.5081,0.5106,5591208.5
2025-09-09 17:00:00,0.5106,0.5147,0.509,0.5107,3601806.9
2025-09-09 18:00:00,0.5107,0.5146,0.5092,0.5124,1897451.9
2025-09-09 19:00:00,0.5125,0.5163,0.5107,0.5148,2088802.4
2025-09-09 20:00:00,0.5147,0.5152,0.5105,0.5149,1844359.0
2025-09-09 21:00:00,0.5149,0.5188,0.512,0.5125,2581158.8
2025-09-09 22:00:00,0.5126,0.5167,0.5107,0.5158,2501010.2
2025-09-09 23:00:00,0.5159,0.5164,0.5114,0.5125,2121041.9
2025-09-10 00:00:00,0.5126,0.514,0.492,0.5057,8313169.9
2025-09-10 01:00:00,0.5057,0.5142,0.5043,0.5061,8758994.9
2025-09-10 02:00:00,0.5061,0.5137,0.5061,0.5115,8181975.2
2025-09-10 03:00:00,0.5114,0.5138,0.5078,0.5099,4027840.2
2025-09-10 04:00:00,0.5099,0.5099,0.506,0.5082,3763777.3
2025-09-10 05:00:00,0.5081,0.5081,0.5024,0.5049,5356240.5
2025-09-10 06:00:00,0.5048,0.5077,0.5012,0.5067,3566759.5
2025-09-10 07:00:00,0.5067,0.5125,0.5061,0.5082,4840964.6
2025-09-10 08:00:00,0.5081,0.5083,0.5047,0.5062,3100727.7
2025-09-10 09:00:00,0.5061,0.5071,0.5027,0.5051,2464047.1
2025-09-10 10:00:00,0.5052,0.506,0.5027,0.5038,3731928.4
2025-09-10 11:00:00,0.5037,0.5056,0.5027,0.5049,3513874.2
2025-09-10 12:00:00,0.5049,0.5153,0.5047,0.5133,14162825.0
2025-09-10 13:00:00,0.5132,0.5238,0.5123,0.5216,14890763.3
2025-09-10 14:00:00,0.5217,0.5265,0.5149,0.5159,8120797.2
2025-09-10 15:00:00,0.5159,0.5191,0.5146,0.5165,4008070.2
2025-09-10 16:00:00,0.5166,0.5176,0.5085,0.5168,6166856.8
2025-09-10 17:00:00,0.5169,0.5192,0.5121,0.5151,4453902.2
2025-09-10 18:00:00,0.5151,0.5153,0.5107,0.5137,2606644.0
2025-09-10 19:00:00,0.5137,0.5139,0.5032,0.505,4228457.8
2025-09-10 20:00:00,0.5051,0.5088,0.5047,0.5072,2694925.9
2025-09-10 21:00:00,0.5073,0.5116,0.5069,0.5102,1972025.8
2025-09-10 22:00:00,0.5102,0.5131,0.5095,0.5115,2852465.5
2025-09-10 23:00:00,0.5116,0.5134,0.5107,0.5127,2218682.1
2025-09-11 00:00:00,0.5127,0.5153,0.5106,0.5152,1418361.8
2025-09-11 01:00:00,0.5151,0.5195,0.5138,0.5194,3921550.4
2025-09-11 02:00:00,0.5194,0.5261,0.5181,0.5207,5723071.3
2025-09-11 03:00:00,0.5207,0.5254,0.5203,0.5249,2935211.2
2025-09-11 04:00:00,0.525,0.5251,0.5211,0.523,3087615.2
2025-09-11 05:00:00,0.5231,0.526,0.518,0.5229,4448583.4
2025-09-11 06:00:00,0.5229,0.5272,0.521,0.5257,3265267.3
2025-09-11 07:00:00,0.5257,0.5277,0.524,0.5242,3084277.9
2025-09-11 08:00:00,0.5243,0.5255,0.5225,0.5233,2039028.0
2025-09-11 09:00:00,0.5232,0.5234,0.5197,0.5209,2780176.0
2025-09-11 10:00:00,0.5208,0.5221,0.52,0.5213,2606199.9
2025-09-11 11:00:00,0.5212,0.5234,0.5169,0.5179,3432384.5
2025-09-11 12:00:00,0.5178,0.5287,0.5085,0.5179,20185814.4
2025-09-11 13:00:00,0.518,0.5215,0.5097,0.5208,6116022.9
2025-09-11 14:00:00,0.5208,0.5214,0.5125,0.5166,4412689.5
2025-09-11 15:00:00,0.5167,0.5181,0.5128,0.5141,2250923.1
2025-09-11 16:00:00,0.5141,0.5197,0.5139,0.5162,2126998.7
2025-09-11 17:00:00,0.5163,0.5201,0.5153,0.5195,1140055.3
2025-09-11 18:00:00,0.5195,0.5201,0.5167,0.5191,1358881.8
2025-09-11 19:00:00,0.5191,0.5239,0.5182,0.5221,3040826.9
2025-09-11 20:00:00,0.5221,0.5234,0.5196,0.5218,2068725.4
2025-09-11 21:00:00,0.5219,0.5241,0.5203,0.5239,1807406.4
2025-09-11 22:00:00,0.5238,0.5287,0.5223,0.5282,4032019.0
2025-09-11 23:00:00,0.5282,0.5326,0.5281,0.5301,4401714.9
2025-09-12 00:00:00,0.5301,0.5375,0.5288,0.5336,5608955.5
2025-09-12 01:00:00,0.5336,0.5361,0.5294,0.5295,4265704.1
2025-09-12 02:00:00,0.5296,0.5339,0.5291,0.5308,2357862.2
2025-09-12 03:00:00,0.5307,0.5311,0.5259,0.5304,2370812.0
2025-09-12 04:00:00,0.5303,0.5329,0.5283,0.5321,2394427.2
2025-09-12 05:00:00,0.5321,0.5366,0.53,0.5365,3813316.0
2025-09-12 06:00:00,0.5366,0.5375,0.5311,0.532,4675531.8
2025-09-12 07:00:00,0.5319,0.5346,0.5291,0.5301,3267904.6
2025-09-12 08:00:00,0.5301,0.5305,0.5267,0.5289,3190574.9
2025-09-12 09:00:00,0.5289,0.5299,0.5243,0.5261,3716171.4
2025-09-12 10:00:00,0.5261,0.5272,0.5231,0.5269,2762501.9
2025-09-12 11:00:00,0.5268,0.529,0.5243,0.5245,2281824.4
2025-09-12 12:00:00,0.5246,0.5284,0.5209,0.5275,2777712.6
2025-09-12 13:00:00,0.5274,0.5297,0.525,0.5295,1870553.2
2025-09-12 14:00:00,0.5294,0.5333,0.527,0.5299,4139297.2
2025-09-12 15:00:00,0.53,0.5305,0.5246,0.5282,2635584.2
2025-09-12 16:00:00,0.5281,0.5352,0.5277,0.5346,3194901.8
2025-09-12 17:00:00,0.5347,0.5409,0.5329,0.5391,7051064.9
2025-09-12 18:00:00,0.539,0.5456,0.5383,0.5455,4488667.7
2025-09-12 19:00:00,0.5456,0.5466,0.5413,0.5457,3446424.5
2025-09-12 20:00:00,0.5456,0.5469,0.5415,0.5447,4530917.4
2025-09-12 21:00:00,0.5448,0.5449,0.5408,0.5434,2985627.4
2025-09-12 22:00:00,0.5435,0.5501,0.5435,0.5468,3701309.6
2025-09-12 23:00:00,0.5467,0.5477,0.5443,0.5475,1886509.4
2025-09-13 00:00:00,0.5475,0.5477,0.5431,0.5463,2922015.8
2025-09-13 01:00:00,0.5463,0.5505,0.5427,0.543,4451832.1
2025-09-13 02:00:00,0.5429,0.5451,0.5411,0.5441,2542748.5
2025-09-13 03:00:00,0.5441,0.5485,0.5439,0.548,4484155.5
2025-09-13 04:00:00,0.5479,0.5483,0.5438,0.5443,2430577.6
2025-09-13 05:00:00,0.5443,0.5444,0.5419,0.5437,2155501.1
2025-09-13 06:00:00,0.5437,0.5476,0.5436,0.5461,2670549.1
2025-09-13 07:00:00,0.5462,0.5462,0.543,0.5432,1526261.8
2025-09-13 08:00:00,0.5433,0.5497,0.5431,0.5497,1822364.2
2025-09-13 09:00:00,0.5497,0.5566,0.5494,0.5561,4870735.8
2025-09-13 10:00:00,0.556,0.5577,0.5523,0.5534,4048917.5
2025-09-13 11:00:00,0.5534,0.5557,0.5497,0.555,2151174.0
2025-09-13 12:00:00,0.555,0.5564,0.5519,0.5554,3342011.7
2025-09-13 13:00:00,0.5553,0.5571,0.5368,0.5452,12495345.5
2025-09-13 14:00:00,0.5453,0.5491,0.5392,0.5465,6677788.9
2025-09-13 15:00:00,0.5465,0.5508,0.5412,0.5434,5144461.4
2025-09-13 16:00:00,0.5435,0.5461,0.5353,0.5376,9081508.0
2025-09-13 17:00:00,0.5377,0.5394,0.5312,0.5385,6269702.3
2025-09-13 18:00:00,0.5385,0.5389,0.5354,0.5385,1962177.3
2025-09-13 19:00:00,0.5385,0.5395,0.537,0.5386,1872499.6
2025-09-13 20:00:00,0.5385,0.5437,0.5383,0.542,2585602.9
2025-09-13 21:00:00,0.5419,0.5452,0.5418,0.5425,1390932.7
2025-09-13 22:00:00,0.5426,0.5438,0.541,0.5418,774796.8
2025-09-13 23:00:00,0.5419,0.5434,0.5405,0.5414,853571.0
2025-09-14 00:00:00,0.5413,0.5424,0.5355,0.537,2515774.1
2025-09-14 01:00:00,0.5371,0.5376,0.5299,0.5367,4144445.5
2025-09-14 02:00:00,0.5368,0.5416,0.5362,0.5401,1779239.8
2025-09-14 03:00:00,0.5401,0.5404,0.5314,0.5324,1739175.9
2025-09-14 04:00:00,0.5325,0.5337,0.5269,0.5326,3534087.1
2025-09-14 05:00:00,0.5327,0.5376,0.5325,0.5372,1123584.9
2025-09-14 06:00:00,0.5372,0.5385,0.5313,0.5338,1645791.3
2025-09-14 07:00:00,0.5338,0.5341,0.5296,0.5311,1539482.2
2025-09-14 08:00:00,0.5309,0.5332,0.5292,0.5311,1966049.8
2025-09-14 09:00:00,0.5312,0.5338,0.5297,0.5327,3103541.9
2025-09-14 10:00:00,0.5327,0.5333,0.5302,0.5306,1440745.4
2025-09-14 11:00:00,0.5306,0.5315,0.5195,0.5208,5644628.1
2025-09-14 12:00:00,0.5208,0.5236,0.5146,0.517,5459302.3
2025-09-14 13:00:00,0.517,0.5181,0.5105,0.5126,8347069.5
2025-09-14 14:00:00,0.5126,0.5169,0.5068,0.5106,8730262.7
2025-09-14 15:00:00,0.5105,0.5127,0.5069,0.5099,6941365.4
2025-09-14 16:00:00,0.5099,0.5146,0.5088,0.5132,3464885.8
2025-09-14 17:00:00,0.5132,0.518,0.5123,0.5164,3604397.0
2025-09-14 18:00:00,0.5164,0.5166,0.5132,0.5137,1390289.5
2025-09-14 19:00:00,0.5136,0.5168,0.5119,0.5147,1743171.8
2025-09-14 20:00:00,0.5147,0.5177,0.5144,0.5164,1324479.9
2025-09-14 21:00:00,0.5164,0.5198,0.5137,0.5179,3019299.9
2025-09-14 22:00:00,0.518,0.5205,0.5152,0.5186,1495378.9
2025-09-14 23:00:00,0.5186,0.5189,0.5121,0.5134,1620937.2
2025-09-15 00:00:00,0.5133,0.5174,0.5129,0.5139,1548077.3
2025-09-15 01:00:00,0.514,0.517,0.5082,0.5152,2966903.0
2025-09-15 02:00:00,0.5152,0.5189,0.5141,0.5152,1727992.1
2025-09-15 03:00:00,0.5153,0.5204,0.515,0.5197,1914239.6
2025-09-15 04:00:00,0.5197,0.5228,0.5193,0.52,3835748.6
2025-09-15 05:00:00,0.5198,0.5249,0.5192,0.5235,3424138.5
2025-09-15 06:00:00,0.5236,0.5237,0.5111,0.5138,4560074.5
2025-09-15 07:00:00,0.5137,0.5177,0.5054,0.5073,8564069.6
2025-09-15 08:00:00,0.5072,0.5073,0.4913,0.4927,21786112.1
2025-09-15 09:00:00,0.4926,0.5005,0.4915,0.4979,7175640.4
2025-09-15 10:00:00,0.4979,0.4992,0.4928,0.4982,7861955.6
2025-09-15 11:00:00,0.4982,0.499,0.495,0.4969,8712358.0
2025-09-15 12:00:00,0.4968,0.4989,0.4932,0.4936,6484346.8
2025-09-15 13:00:00,0.4935,0.4984,0.4923,0.4952,8446885.2
2025-09-15 14:00:00,0.4952,0.4984,0.4914,0.4929,6451432.2
2025-09-15 15:00:00,0.493,0.4952,0.4872,0.4907,7484419.2
2025-09-15 16:00:00,0.4906,0.4906,0.4854,0.4869,5203092.9
2025-09-15 17:00:00,0.4867,0.4903,0.4851,0.4902,2347538.9
2025-09-15 18:00:00,0.4901,0.4908,0.4868,0.4897,2936505.5
2025-09-15 19:00:00,0.4896,0.4922,0.4874,0.4899,2343324.8
2025-09-15 20:00:00,0.4899,0.4927,0.4893,0.4923,2001807.3
2025-09-15 21:00:00,0.4924,0.4941,0.4907,0.4934,2136317.7
2025-09-15 22:00:00,0.4933,0.4942,0.4904,0.4914,1171701.6
2025-09-15 23:00:00,0.4914,0.4931,0.4904,0.4925,988899.6
2025-09-16 00:00:00,0.4924,0.4924,0.4886,0.4906,1455487.1
2025-09-16 01:00:00,0.4906,0.4939,0.4894,0.4896,2779259.2
2025-09-16 02:00:00,0.4897,0.4922,0.4879,0.4884,1559242.1
2025-09-16 03:00:00,0.4884,0.4913,0.4881,0.4886,1318707.3
2025-09-16 04:00:00,0.4887,0.4891,0.4837,0.4884,2353324.1
2025-09-16 05:00:00,0.4883,0.4929,0.4876,0.4928,2343640.2
2025-09-16 06:00:00,0.4929,0.4948,0.4888,0.4917,3709104.2
2025-09-16 07:00:00,0.4918,0.5011,0.4918,0.4926,6550661.4
2025-09-16 08:00:00,0.4925,0.4988,0.4925,0.4972,3803891.1
2025-09-16 09:00:00,0.4972,0.498,0.4947,0.4973,3571023.4
2025-09-16 10:00:00,0.4972,0.4974,0.4925,0.4929,2279572.5
2025-09-16 11:00:00,0.4928,0.4945,0.4919,0.4921,2373785.7
2025-09-16 12:00:00,0.4921,0.4943,0.491,0.4925,3338891.8
2025-09-16 13:00:00,0.4925,0.4963,0.4866,0.4919,5979541.8
2025-09-16 14:00:00,0.4919,0.4919,0.4837,0.4903,5021815.2
2025-09-16 15:00:00,0.4902,0.4952,0.4874,0.495,2828498.2
2025-09-16 16:00:00,0.495,0.4954,0.4897,0.4918,4011480.4
2025-09-16 17:00:00,0.4917,0.4998,0.4917,0.4963,4714814.7
2025-09-16 18:00:00,0.4964,0.4989,0.4947,0.4965,2068587.0
2025-09-16 19:00:00,0.4966,0.4978,0.4949,0.4965,1493239.0
2025-09-16 20:00:00,0.4964,0.4975,0.4954,0.497,1157651.5
2025-09-16 21:00:00,0.4969,0.4984,0.4957,0.4981,1328478.1
2025-09-16 22:00:00,0.4982,0.4999,0.4969,0.4986,1354616.9
2025-09-16 23:00:00,0.4986,0.4986,0.4938,0.4949,1478476.0
2025-09-17 00:00:00,0.4949,0.4966,0.4923,0.4951,1106959.0
2025-09-17 01:00:00,0.4952,0.497,0.4933,0.4961,1165430.6
2025-09-17 02:00:00,0.4962,0.5007,0.4945,0.4977,2674749.9
2025-09-17 03:00:00,0.4976,0.4986,0.4926,0.4929,1592960.8
2025-09-17 04:00:00,0.493,0.4947,0.4884,0.4896,1632216.4
2025-09-17 05:00:00,0.4895,0.4943,0.4886,0.4943,2596586.9
2025-09-17 06:00:00,0.4942,0.4979,0.4928,0.4978,3164472.8
2025-09-17 07:00:00,0.4977,0.4985,0.4959,0.4963,1624464.5
2025-09-17 08:00:00,0.4964,0.4965,0.491,0.4924,2369793.1
2025-09-17 09:00:00,0.4925,0.4925,0.4895,0.4896,1557379.9
2025-09-17 10:00:00,0.4896,0.4906,0.4871,0.4888,2227762.4
2025-09-17 11:00:00,0.4887,0.4918,0.4884,0.4902,1567936.6
2025-09-17 12:00:00,0.4901,0.4932,0.4887,0.4911,1620067.6
2025-09-17 13:00:00,0.491,0.4928,0.488,0.4899,1898544.0
2025-09-17 14:00:00,0.4899,0.4908,0.486,0.4882,1940782.1
2025-09-17 15:00:00,0.4882,0.49,0.4873,0.4882,1528486.1
2025-09-17 16:00:00,0.4882,0.4919,0.4849,0.4913,3583974.3
2025-09-17 17:00:00,0.4912,0.498,0.4885,0.4888,5703857.2
2025-09-17 18:00:00,0.4888,0.499,0.4863,0.4898,28079097.6
2025-09-17 19:00:00,0.4898,0.5066,0.4896,0.5059,9251387.8
2025-09-17 20:00:00,0.5061,0.5144,0.5027,0.5038,6920800.9
2025-09-17 21:00:00,0.5038,0.5167,0.4991,0.5157,5236083.9
2025-09-17 22:00:00,0.5158,0.5243,0.5156,0.5229,7685564.9
2025-09-17 23:00:00,0.5229,0.5262,0.5189,0.5204,5839243.4
2025-09-18 00:00:00,0.5205,0.525,0.5168,0.5176,6461921.4
2025-09-18 01:00:00,0.5177,0.5239,0.5166,0.5214,2662824.9
2025-09-18 02:00:00,0.5215,0.5232,0.5176,0.5229,5915915.3
2025-09-18 03:00:00,0.5229,0.5287,0.5212,0.5247,6979937.3
2025-09-18 04:00:00,0.5248,0.527,0.522,0.5253,5058158.1
2025-09-18 05:00:00,0.5253,0.5253,0.5185,0.5192,4295126.8
2025-09-18 06:00:00,0.5193,0.5202,0.5135,0.5162,5696872.2
2025-09-18 07:00:00,0.5162,0.5197,0.516,0.5171,2335798.4
2025-09-18 08:00:00,0.5172,0.5206,0.5156,0.5191,5370397.3
2025-09-18 09:00:00,0.519,0.5202,0.5171,0.5184,3233884.2
2025-09-18 10:00:00,0.5184,0.5195,0.5138,0.5146,3875465.0
2025-09-18 11:00:00,0.5147,0.5165,0.5134,0.5146,3191661.9
2025-09-18 12:00:00,0.5146,0.517,0.5123,0.5149,2632852.6
2025-09-18 13:00:00,0.5148,0.5196,0.5126,0.5179,4295494.9
2025-09-18 14:00:00,0.5179,0.5237,0.5178,0.5194,3709981.3
2025-09-18 15:00:00,0.5195,0.522,0.5178,0.5203,3539676.2
2025-09-18 16:00:00,0.5204,0.524,0.519,0.5228,3087945.3
2025-09-18 17:00:00,0.5229,0.526,0.5216,0.5255,3573290.5
2025-09-18 18:00:00,0.5255,0.5276,0.524,0.527,3983810.1
2025-09-18 19:00:00,0.5269,0.5276,0.5194,0.5234,3596064.5
2025-09-18 20:00:00,0.5233,0.5253,0.5225,0.5237,1467243.1
2025-09-18 21:00:00,0.5236,0.5265,0.5219,0.5247,2175510.5
2025-09-18 22:00:00,0.5247,0.5277,0.5233,0.5239,3915108.8
2025-09-18 23:00:00,0.524,0.5263,0.5197,0.5241,3494962.5
2025-09-19 00:00:00,0.5242,0.5331,0.5242,0.533,4973661.2
2025-09-19 01:00:00,0.533,0.5352,0.5283,0.53,4795183.4
2025-09-19 02:00:00,0.5299,0.533,0.5246,0.5267,3960751.7
2025-09-19 03:00:00,0.5268,0.5302,0.519,0.5194,8799529.3
2025-09-19 04:00:00,0.5193,0.5218,0.5132,0.5216,5079046.5
2025-09-19 05:00:00,0.5216,0.5221,0.5159,0.518,3135820.1
2025-09-19 06:00:00,0.5179,0.5182,0.513,0.5135,5357972.8
2025-09-19 07:00:00,0.5135,0.5177,0.5109,0.5155,3644338.4
2025-09-19 08:00:00,0.5154,0.5174,0.5114,0.5122,2732146.0
2025-09-19 09:00:00,0.5122,0.5153,0.5075,0.5091,3938042.3
2025-09-19 10:00:00,0.5092,0.5104,0.5068,0.5085,2778580.4
2025-09-19 11:00:00,0.5084,0.5087,0.4995,0.5013,8184500.8
2025-09-19 12:00:00,0.5013,0.5052,0.5008,0.5024,3679347.7
2025-09-19 13:00:00,0.5023,0.5064,0.5015,0.5047,4987995.3
2025-09-19 14:00:00,0.5046,0.5057,0.4958,0.4977,6403211.2
2025-09-19 15:00:00,0.4977,0.498,0.4911,0.496,6954902.6
2025-09-19 16:00:00,0.496,0.4993,0.4949,0.4958,3780311.9
2025-09-19 17:00:00,0.4958,0.496,0.4908,0.4911,3966179.2
2025-09-19 18:00:00,0.4911,0.4928,0.4868,0.4907,5392686.6
2025-09-19 19:00:00,0.4907,0.4931,0.4898,0.4899,2830024.2
2025-09-19 20:00:00,0.4898,0.4931,0.4896,0.4905,1620883.7
2025-09-19 21:00:00,0.4905,0.4933,0.489,0.4924,2225218.4
2025-09-19 22:00:00,0.4923,0.4931,0.4912,0.4913,1231048.8
2025-09-19 23:00:00,0.4913,0.4915,0.4843,0.4888,6579674.6
2025-09-20 00:00:00,0.4887,0.4919,0.488,0.4917,4569018.1
2025-09-20 01:00:00,0.4917,0.4918,0.4881,0.4895,2869197.2
2025-09-20 02:00:00,0.4894,0.4905,0.4858,0.4903,2232649.7
2025-09-20 03:00:00,0.4903,0.4916,0.4886,0.4909,2792307.8
2025-09-20 04:00:00,0.491,0.4942,0.4901,0.4928,2406953.5
2025-09-20 05:00:00,0.4928,0.4952,0.4915,0.4949,2457624.8
2025-09-20 06:00:00,0.4949,0.4966,0.4927,0.495,3231114.3
2025-09-20 07:00:00,0.4949,0.4964,0.4937,0.4959,2226906.0
2025-09-20 08:00:00,0.496,0.496,0.49,0.4904,2359806.3
2025-09-20 09:00:00,0.4904,0.4918,0.4878,0.4887,2250032.7
2025-09-20 10:00:00,0.4888,0.4904,0.4868,0.4871,2160264.4
2025-09-20 11:00:00,0.4871,0.4903,0.4864,0.4899,2017713.0
2025-09-20 12:00:00,0.4899,0.4905,0.4886,0.49,1367314.3
2025-09-20 13:00:00,0.4898,0.4908,0.4887,0.4896,1679320.1
2025-09-20 14:00:00,0.4896,0.4958,0.4877,0.4952,3878297.3
2025-09-20 15:00:00,0.4953,0.4999,0.495,0.4963,5159214.6
2025-09-20 16:00:00,0.4963,0.4985,0.4945,0.497,2248778.9
2025-09-20 17:00:00,0.497,0.4972,0.4919,0.4932,2244589.8
2025-09-20 18:00:00,0.4931,0.4933,0.4892,0.4905,3079927.6
2025-09-20 19:00:00,0.4905,0.493,0.4896,0.4915,1763142.4
2025-09-20 20:00:00,0.4915,0.4952,0.4911,0.4947,1341949.8
2025-09-20 21:00:00,0.4948,0.4976,0.4945,0.4949,1345475.6
2025-09-20 22:00:00,0.4949,0.4951,0.4931,0.4939,587578.6
2025-09-20 23:00:00,0.4939,0.4939,0.4918,0.4931,579446.8
2025-09-21 00:00:00,0.4931,0.4958,0.492,0.4944,1156027.4
2025-09-21 01:00:00,0.4945,0.4954,0.4922,0.4929,825381.5
2025-09-21 02:00:00,0.4928,0.4951,0.4899,0.4942,1758147.2
2025-09-21 03:00:00,0.4941,0.4948,0.4929,0.4942,1572052.8
2025-09-21 04:00:00,0.4944,0.4945,0.4918,0.4931,1674103.1
2025-09-21 05:00:00,0.4932,0.4974,0.4924,0.4972,1802740.7
2025-09-21 06:00:00,0.4972,0.4992,0.4969,0.4969,2141447.8
2025-09-21 07:00:00,0.4969,0.4975,0.4949,0.4953,1879715.0
2025-09-21 08:00:00,0.4954,0.4962,0.492,0.4924,2677631.9
2025-09-21 09:00:00,0.4924,0.4929,0.4821,0.4875,6960798.2
2025-09-21 10:00:00,0.4874,0.4886,0.4847,0.4849,2087052.4
2025-09-21 11:00:00,0.4848,0.4887,0.4843,0.4867,2658634.4
2025-09-21 12:00:00,0.4868,0.4906,0.4866,0.4879,1941801.2
2025-09-21 13:00:00,0.4879,0.4903,0.4878,0.4898,1793555.8
2025-09-21 14:00:00,0.4897,0.4903,0.4857,0.4863,3096027.6
2025-09-21 15:00:00,0.4863,0.4883,0.4844,0.4852,3179351.3
2025-09-21 16:00:00,0.4851,0.4863,0.4796,0.4825,5457520.9
2025-09-21 17:00:00,0.4826,0.4861,0.4788,0.4859,3535463.0
2025-09-21 18:00:00,0.4861,0.4871,0.4846,0.4871,1387775.0
2025-09-21 19:00:00,0.4871,0.4872,0.4829,0.485,1491747.7
2025-09-21 20:00:00,0.485,0.4854,0.483,0.484,2678798.8
2025-09-21 21:00:00,0.484,0.4855,0.4823,0.484,995689.8
2025-09-21 22:00:00,0.4841,0.4854,0.4808,0.4847,1192504.5
2025-09-21 23:00:00,0.4847,0.4847,0.4803,0.4806,1156777.3
2025-09-22 00:00:00,0.4805,0.4829,0.4627,0.4648,25135505.8
2025-09-22 01:00:00,0.4647,0.4697,0.4631,0.4655,6057356.9
2025-09-22 02:00:00,0.4655,0.4671,0.4539,0.4587,10599013.9
2025-09-22 03:00:00,0.4587,0.4621,0.4582,0.4612,4337809.5
2025-09-22 04:00:00,0.4611,0.463,0.459,0.4601,2574006.2
2025-09-22 05:00:00,0.4601,0.4603,0.4494,0.4501,5171602.6
2025-09-22 06:00:00,0.4502,0.4509,0.4173,0.439,65469021.2
2025-09-22 07:00:00,0.439,0.4419,0.4375,0.4378,10903245.0
2025-09-22 08:00:00,0.4378,0.4417,0.435,0.44,7389409.8
2025-09-22 09:00:00,0.4399,0.4399,0.433,0.4337,7882595.7
2025-09-22 10:00:00,0.4338,0.441,0.4327,0.4398,3879583.5
2025-09-22 11:00:00,0.4398,0.4405,0.4359,0.4371,4219695.0
2025-09-22 12:00:00,0.4372,0.4394,0.436,0.4386,11922270.4
2025-09-22 13:00:00,0.4385,0.4418,0.4361,0.4409,5359159.4
2025-09-22 14:00:00,0.4409,0.4419,0.4347,0.4359,6561170.3
2025-09-22 15:00:00,0.4358,0.4367,0.4321,0.4329,4875242.2
2025-09-22 16:00:00,0.433,0.4351,0.43,0.4316,5493231.1
2025-09-22 17:00:00,0.4317,0.4342,0.4296,0.4331,3961843.4
2025-09-22 18:00:00,0.433,0.4344,0.431,0.4311,2312552.6
2025-09-22 19:00:00,0.4311,0.4319,0.4264,0.4282,7713090.6
2025-09-22 20:00:00,0.4282,0.4346,0.4276,0.434,2845417.9
2025-09-22 21:00:00,0.434,0.4377,0.4325,0.437,2723299.0
2025-09-22 22:00:00,0.4369,0.437,0.4349,0.4359,1453261.4
2025-09-22 23:00:00,0.4359,0.4372,0.4355,0.4363,2569248.8
2025-09-23 00:00:00,0.4364,0.4384,0.4331,0.4332,5154153.2
2025-09-23 01:00:00,0.4331,0.4334,0.4273,0.4273,6946671.9
2025-09-23 02:00:00,0.4273,0.4298,0.4229,0.4233,12624494.5
2025-09-23 03:00:00,0.4233,0.4348,0.4215,0.4317,9710265.3
2025-09-23 04:00:00,0.4318,0.4335,0.4267,0.4277,6683213.3
2025-09-23 05:00:00,0.4276,0.4302,0.4247,0.4269,6558800.4
2025-09-23 06:00:00,0.4269,0.4359,0.4268,0.4354,4920664.0
2025-09-23 07:00:00,0.4354,0.4359,0.4332,0.4347,3078271.3
2025-09-23 08:00:00,0.4347,0.4369,0.4338,0.4355,4453782.2
2025-09-23 09:00:00,0.4355,0.4374,0.4319,0.4328,2732641.3
2025-09-23 10:00:00,0.4327,0.4349,0.4321,0.4345,1805618.4
2025-09-23 11:00:00,0.4346,0.4354,0.4323,0.4348,1746298.1
2025-09-23 12:00:00,0.4347,0.437,0.4333,0.4357,2776552.9
2025-09-23 13:00:00,0.4357,0.4364,0.4329,0.4343,2589831.0
2025-09-23 14:00:00,0.4344,0.439,0.4334,0.4346,5063454.9
2025-09-23 15:00:00,0.4345,0.4404,0.4321,0.4382,3932341.8
2025-09-23 16:00:00,0.4383,0.4434,0.4363,0.4412,4298560.3
2025-09-23 17:00:00,0.4411,0.4416,0.4329,0.4336,3372643.5
2025-09-23 18:00:00,0.4337,0.4355,0.4304,0.4317,4250332.2
2025-09-23 19:00:00,0.4316,0.4368,0.4302,0.4319,2912116.3
2025-09-23 20:00:00,0.4319,0.4351,0.43,0.4351,2277751.0
2025-09-23 21:00:00,0.4351,0.4363,0.4324,0.4355,1754823.1
2025-09-23 22:00:00,0.4356,0.4361,0.4333,0.4347,864352.8
2025-09-23 23:00:00,0.4347,0.4358,0.4312,0.4322,1514681.1
2025-09-24 00:00:00,0.4323,0.4376,0.4323,0.4345,2182819.7
2025-09-24 01:00:00,0.4344,0.4387,0.4334,0.4387,1228538.5
2025-09-24 02:00:00,0.4387,0.439,0.4341,0.4356,3774962.5
2025-09-24 03:00:00,0.4357,0.4364,0.4273,0.4286,6329595.2
2025-09-24 04:00:00,0.4286,0.4354,0.4209,0.4321,12643952.9
2025-09-24 05:00:00,0.4319,0.4387,0.4316,0.4382,3009383.5
2025-09-24 06:00:00,0.4382,0.4433,0.4355,0.4413,23923465.3
2025-09-24 07:00:00,0.4413,0.442,0.4379,0.4403,2248401.2
2025-09-24 08:00:00,0.4404,0.4412,0.4391,0.44,2652895.0
2025-09-24 09:00:00,0.44,0.442,0.4387,0.4413,1762219.4
2025-09-24 10:00:00,0.4413,0.4415,0.439,0.4407,2054830.1
2025-09-24 11:00:00,0.4407,0.4432,0.4402,0.4421,2651735.5
2025-09-24 12:00:00,0.442,0.4428,0.4403,0.4413,1600468.3
2025-09-24 13:00:00,0.4413,0.4429,0.4371,0.4374,4676591.3
2025-09-24 14:00:00,0.4374,0.4433,0.4373,0.4408,3164518.9
2025-09-24 15:00:00,0.4408,0.4415,0.435,0.4354,3843721.6
2025-09-24 16:00:00,0.4355,0.4375,0.4338,0.4365,2415113.9
2025-09-24 17:00:00,0.4365,0.4384,0.4359,0.4364,1908804.1
2025-09-24 18:00:00,0.4365,0.4367,0.4335,0.4349,1126252.5
2025-09-24 19:00:00,0.435,0.4358,0.4326,0.4343,1581417.0
2025-09-24 20:00:00,0.4344,0.435,0.4302,0.4323,1624827.6
2025-09-24 21:00:00,0.4322,0.4329,0.4272,0.4282,1914516.3
2025-09-24 22:00:00,0.4282,0.4308,0.4272,0.4279,1299217.9
2025-09-24 23:00:00,0.428,0.4302,0.4276,0.4294,1762267.6
2025-09-25 00:00:00,0.4295,0.4306,0.4264,0.4274,2703786.5
2025-09-25 01:00:00,0.4273,0.4286,0.4238,0.425,4751605.3
2025-09-25 02:00:00,0.425,0.4306,0.4229,0.428,3489939.8
2025-09-25 03:00:00,0.4279,0.428,0.4212,0.4248,3978840.8
2025-09-25 04:00:00,0.4248,0.4264,0.4144,0.4183,13031732.6
2025-09-25 05:00:00,0.4182,0.4241,0.4148,0.4221,6267826.1
2025-09-25 06:00:00,0.4221,0.4229,0.4167,0.4172,4608960.9
2025-09-25 07:00:00,0.4172,0.4206,0.4166,0.4182,4938792.5
2025-09-25 08:00:00,0.4181,0.421,0.4168,0.4191,3215973.2
2025-09-25 09:00:00,0.419,0.4226,0.4172,0.4174,7702073.5
2025-09-25 10:00:00,0.4173,0.4209,0.4171,0.4172,4336567.1
2025-09-25 11:00:00,0.4172,0.4185,0.4139,0.4159,4978875.3
2025-09-25 12:00:00,0.4159,0.4218,0.4075,0.4191,19612321.8
2025-09-25 13:00:00,0.4191,0.424,0.4161,0.4199,8852071.9
2025-09-25 14:00:00,0.4199,0.4272,0.4199,0.4235,7285576.4
2025-09-25 15:00:00,0.4236,0.4242,0.4205,0.4227,60064548.6
2025-09-25 16:00:00,0.4228,0.4232,0.4127,0.4139,42981947.1
2025-09-25 17:00:00,0.4138,0.4139,0.3989,0.4016,20518280.9
2025-09-25 18:00:00,0.4015,0.4151,0.3992,0.4151,5227966.7
2025-09-25 19:00:00,0.415,0.4169,0.4113,0.4119,3282945.5
2025-09-25 20:00:00,0.412,0.4135,0.4075,0.4084,1708435.4
2025-09-25 21:00:00,0.4085,0.4128,0.4069,0.4118,2186776.9
2025-09-25 22:00:00,0.4117,0.4144,0.4081,0.4103,3123450.0
2025-09-25 23:00:00,0.4103,0.413,0.4043,0.4079,13130129.6
2025-09-26 00:00:00,0.408,0.4151,0.4069,0.4142,4967648.2
2025-09-26 01:00:00,0.4142,0.4156,0.4119,0.4139,5688737.7
2025-09-26 02:00:00,0.4138,0.4161,0.4113,0.4124,2234094.5
2025-09-26 03:00:00,0.4124,0.414,0.4107,0.4135,1754288.7
2025-09-26 04:00:00,0.4136,0.4144,0.4097,0.4104,2972158.0
2025-09-26 05:00:00,0.4105,0.4138,0.4085,0.409,2752816.0
2025-09-26 06:00:00,0.4091,0.4127,0.4069,0.4086,5036658.2
2025-09-26 07:00:00,0.4086,0.4115,0.4066,0.4105,3644987.4
2025-09-26 08:00:00,0.4105,0.4139,0.4103,0.4123,2514423.3
2025-09-26 09:00:00,0.4124,0.4135,0.4072,0.4084,2386194.2
2025-09-26 10:00:00,0.4084,0.4087,0.4032,0.4054,4388341.0
2025-09-26 11:00:00,0.4054,0.4089,0.4029,0.4074,2914277.7
2025-09-26 12:00:00,0.4073,0.4141,0.4021,0.4105,11813182.9
2025-09-26 13:00:00,0.4105,0.4157,0.407,0.4143,7315023.2
2025-09-26 14:00:00,0.4142,0.4155,0.4097,0.412,4070765.4
2025-09-26 15:00:00,0.4121,0.416,0.4118,0.414,3295594.5
2025-09-26 16:00:00,0.414,0.4194,0.4137,0.4186,3980247.4
2025-09-26 17:00:00,0.4186,0.4233,0.4171,0.4229,5032861.5
2025-09-26 18:00:00,0.4228,0.4262,0.4224,0.4239,2848865.8
2025-09-26 19:00:00,0.4239,0.4242,0.4195,0.422,2526969.6
2025-09-26 20:00:00,0.4221,0.4236,0.4211,0.4222,1326715.1
2025-09-26 21:00:00,0.4221,0.4252,0.4215,0.4244,1707361.9
2025-09-26 22:00:00,0.4245,0.426,0.4237,0.4239,1212937.2
2025-09-26 23:00:00,0.4238,0.4252,0.4225,0.4251,585490.8
2025-09-27 00:00:00,0.425,0.4254,0.4236,0.425,943055.0
2025-09-27 01:00:00,0.425,0.4252,0.4227,0.4248,776019.3
2025-09-27 02:00:00,0.4246,0.4253,0.4237,0.4238,427006.6
2025-09-27 03:00:00,0.4238,0.4263,0.4236,0.4238,1100645.9
2025-09-27 04:00:00,0.4237,0.4245,0.423,0.424,613850.0
2025-09-27 05:00:00,0.4239,0.426,0.4225,0.4258,795216.1
2025-09-27 06:00:00,0.4259,0.4266,0.4244,0.4257,871434.5
2025-09-27 07:00:00,0.4258,0.4265,0.4231,0.4233,1167579.4
2025-09-27 08:00:00,0.4233,0.4233,0.4198,0.4202,2192493.5
2025-09-27 09:00:00,0.4201,0.4238,0.4186,0.423,1552037.3
2025-09-27 10:00:00,0.423,0.4249,0.4213,0.4229,1077577.5
2025-09-27 11:00:00,0.4228,0.4234,0.4219,0.4229,698014.7
2025-09-27 12:00:00,0.423,0.4245,0.4208,0.4234,1268960.1
2025-09-27 13:00:00,0.4234,0.4234,0.4218,0.4219,847256.5
2025-09-27 14:00:00,0.4219,0.4228,0.4208,0.4212,766651.5
2025-09-27 15:00:00,0.4212,0.4238,0.4189,0.4234,1209612.5
2025-09-27 16:00:00,0.4235,0.4235,0.4208,0.4212,915565.6
2025-09-27 17:00:00,0.4212,0.4212,0.4185,0.4209,1404435.6
2025-09-27 18:00:00,0.4208,0.4215,0.4193,0.4209,800382.2
2025-09-27 19:00:00,0.4209,0.4229,0.4201,0.4226,661765.8
2025-09-27 20:00:00,0.4227,0.4235,0.4216,0.4221,619403.2
2025-09-27 21:00:00,0.4222,0.4256,0.4217,0.4251,2734177.5
2025-09-27 22:00:00,0.4251,0.4298,0.425,0.426,1944910.5
2025-09-27 23:00:00,0.426,0.4268,0.4237,0.4242,841490.7
2025-09-28 00:00:00,0.4242,0.4248,0.421,0.4213,1340519.8
2025-09-28 01:00:00,0.4213,0.4214,0.4172,0.4182,1032909.0
2025-09-28 02:00:00,0.4182,0.4203,0.4176,0.4188,595748.7
2025-09-28 03:00:00,0.4188,0.4195,0.4174,0.4189,496393.1
2025-09-28 04:00:00,0.4189,0.42,0.4181,0.4193,698638.3
2025-09-28 05:00:00,0.4193,0.4204,0.418,0.4186,929819.2
2025-09-28 06:00:00,0.4185,0.4189,0.4146,0.4166,1616435.5
2025-09-28 07:00:00,0.4166,0.4173,0.415,0.4159,979623.3
2025-09-28 08:00:00,0.416,0.417,0.4141,0.4142,1484428.9
2025-09-28 09:00:00,0.4142,0.415,0.4124,0.4134,697217.3
2025-09-28 10:00:00,0.4134,0.4145,0.4116,0.414,1554784.5
2025-09-28 11:00:00,0.4141,0.4142,0.4113,0.4128,1779639.3
2025-09-28 12:00:00,0.4128,0.4128,0.409,0.4107,1531224.2
2025-09-28 13:00:00,0.4108,0.4183,0.4105,0.4174,2292727.3
2025-09-28 14:00:00,0.4175,0.4189,0.4158,0.4173,1521624.3
2025-09-28 15:00:00,0.4173,0.4182,0.4164,0.4173,924411.9
2025-09-28 16:00:00,0.4173,0.4216,0.4173,0.4195,1480875.6
2025-09-28 17:00:00,0.4195,0.4246,0.4192,0.4225,2507496.2
2025-09-28 18:00:00,0.4225,0.4233,0.4212,0.4226,783877.2
2025-09-28 19:00:00,0.4226,0.4231,0.4206,0.4223,567788.1
2025-09-28 20:00:00,0.4224,0.4266,0.4217,0.4244,1056176.0
2025-09-28 21:00:00,0.4244,0.4261,0.4231,0.4246,787850.5
2025-09-28 22:00:00,0.4247,0.4324,0.4247,0.4313,4546711.1
2025-09-28 23:00:00,0.4314,0.4322,0.4295,0.4302,2179908.3
2025-09-29 00:00:00,0.4302,0.4304,0.4266,0.4267,1602327.7
2025-09-29 01:00:00,0.4266,0.4271,0.4249,0.4249,1027969.2
2025-09-29 02:00:00,0.425,0.4273,0.424,0.4253,1039351.7
2025-09-29 03:00:00,0.4253,0.4253,0.4234,0.4251,1017382.7
2025-09-29 04:00:00,0.4252,0.4253,0.4227,0.4231,1235106.0
2025-09-29 05:00:00,0.4231,0.4232,0.4209,0.4225,827817.2
2025-09-29 06:00:00,0.4225,0.4226,0.4182,0.4182,1446234.4
2025-09-29 07:00:00,0.4183,0.4218,0.4174,0.4207,1393619.4
2025-09-29 08:00:00,0.4206,0.4237,0.4192,0.4219,2322622.6
2025-09-29 09:00:00,0.4219,0.4233,0.419,0.4202,1978632.1
2025-09-29 10:00:00,0.4201,0.4207,0.4167,0.4168,1402046.4
2025-09-29 11:00:00,0.4168,0.4172,0.4137,0.4163,2529024.7
2025-09-29 12:00:00,0.4164,0.418,0.4109,0.4113,2717530.6
2025-09-29 13:00:00,0.4112,0.4187,0.409,0.4171,5200834.3
2025-09-29 14:00:00,0.4172,0.4253,0.4166,0.4244,4628049.6
2025-09-29 15:00:00,0.4243,0.4254,0.4166,0.4172,3050278.1
2025-09-29 16:00:00,0.4172,0.4198,0.412,0.4121,2204993.9
2025-09-29 17:00:00,0.4122,0.4158,0.4104,0.4151,2348507.6
2025-09-29 18:00:00,0.4151,0.4151,0.4118,0.414,2118508.5
2025-09-29 19:00:00,0.4141,0.4189,0.4137,0.4184,1870794.4
2025-09-29 20:00:00,0.4184,0.4242,0.4181,0.4237,3426282.9
2025-09-29 21:00:00,0.4238,0.424,0.4214,0.4219,1593655.8
2025-09-29 22:00:00,0.4219,0.4223,0.4194,0.4201,1465628.7
2025-09-29 23:00:00,0.4202,0.4207,0.4173,0.4175,1075989.9
2025-09-30 00:00:00,0.4176,0.4191,0.4133,0.4137,3537312.8
2025-09-30 01:00:00,0.4137,0.4168,0.4095,0.4126,3302042.9
2025-09-30 02:00:00,0.4125,0.414,0.4114,0.4115,988333.8
2025-09-30 03:00:00,0.4115,0.4147,0.4102,0.4123,1066727.6
2025-09-30 04:00:00,0.4125,0.4147,0.4118,0.4122,809411.4
2025-09-30 05:00:00,0.4123,0.4148,0.4109,0.4139,1389761.4
2025-09-30 06:00:00,0.4139,0.4165,0.4121,0.414,1483153.9
2025-09-30 07:00:00,0.4139,0.4153,0.4102,0.4117,1690981.1
2025-09-30 08:00:00,0.4117,0.4123,0.4096,0.4096,1320460.4
2025-09-30 09:00:00,0.4096,0.4115,0.4066,0.4074,2375030.4
2025-09-30 10:00:00,0.4074,0.4106,0.4067,0.4093,1371518.1
2025-09-30 11:00:00,0.4094,0.4117,0.4078,0.4111,1255757.1
2025-09-30 12:00:00,0.411,0.412,0.4086,0.4088,2857518.1
2025-09-30 13:00:00,0.4088,0.413,0.4075,0.4105,2814875.3
2025-09-30 14:00:00,0.4106,0.4127,0.4083,0.4108,2919301.5
2025-09-30 15:00:00,0.4107,0.4111,0.403,0.4104,3762843.4
2025-09-30 16:00:00,0.4104,0.4124,0.4048,0.4068,5084033.9
2025-09-30 17:00:00,0.4069,0.409,0.4057,0.406,3509469.6
2025-09-30 18:00:00,0.4061,0.4111,0.4051,0.4104,2105534.8
2025-09-30 19:00:00,0.4104,0.4216,0.4096,0.4213,4880634.9
2025-09-30 20:00:00,0.4214,0.423,0.4187,0.422,2867180.7
2025-09-30 21:00:00,0.422,0.4245,0.4206,0.4206,2709798.7
2025-09-30 22:00:00,0.4206,0.424,0.4185,0.4188,1528976.4
2025-09-30 23:00:00,0.4189,0.4216,0.4174,0.4215,1678533.4
2025-10-01 00:00:00,0.4215,0.4225,0.4175,0.4195,1188081.7
2025-10-01 01:00:00,0.4196,0.4224,0.4176,0.4223,1225423.4
2025-10-01 02:00:00,0.4223,0.4223,0.4192,0.4196,566417.7
2025-10-01 03:00:00,0.4197,0.4202,0.4161,0.4164,1021578.1
2025-10-01 04:00:00,0.4164,0.4206,0.4162,0.418,1411467.0
2025-10-01 05:00:00,0.4181,0.4228,0.4181,0.4209,1217326.4
2025-10-01 06:00:00,0.4209,0.4212,0.4176,0.4179,1984188.6
2025-10-01 07:00:00,0.4179,0.4215,0.4177,0.4193,1367964.6
2025-10-01 08:00:00,0.4192,0.438,0.4188,0.4371,12900318.8
2025-10-01 09:00:00,0.4372,0.4417,0.4367,0.4402,6874210.8
2025-10-01 10:00:00,0.4401,0.4406,0.4346,0.4354,4560369.4
2025-10-01 11:00:00,0.4353,0.4367,0.4332,0.4338,1951477.2
2025-10-01 12:00:00,0.4338,0.4349,0.4296,0.43,2917125.0
2025-10-01 13:00:00,0.4299,0.4333,0.4299,0.4316,3597634.8
2025-10-01 14:00:00,0.4316,0.4353,0.4306,0.4322,4511846.8
2025-10-01 15:00:00,0.4322,0.4356,0.431,0.433,2972409.2
2025-10-01 16:00:00,0.4331,0.4347,0.4311,0.4321,2147596.3
2025-10-01 17:00:00,0.432,0.4332,0.43,0.4302,1873184.5
2025-10-01 18:00:00,0.4302,0.4352,0.4302,0.4344,1666883.4
2025-10-01 19:00:00,0.4345,0.4371,0.434,0.4362,2289485.2
2025-10-01 20:00:00,0.4362,0.4369,0.4348,0.4357,2015934.9
2025-10-01 21:00:00,0.4357,0.4359,0.4321,0.4332,2016293.8
2025-10-01 22:00:00,0.4333,0.4354,0.432,0.4334,2036870.0
2025-10-01 23:00:00,0.4334,0.4358,0.4326,0.4353,3181595.5
2025-10-02 00:00:00,0.4354,0.4375,0.4331,0.4338,3452554.4
2025-10-02 01:00:00,0.4338,0.4417,0.4328,0.4414,2728811.1
2025-10-02 02:00:00,0.4414,0.4417,0.438,0.4403,2068279.0
2025-10-02 03:00:00,0.4404,0.4434,0.4396,0.4422,3387166.0
2025-10-02 04:00:00,0.4423,0.444,0.4395,0.4434,2751201.8
2025-10-02 05:00:00,0.4434,0.4437,0.4405,0.4412,3642949.7
2025-10-02 06:00:00,0.4413,0.4461,0.4408,0.4437,4590488.0
2025-10-02 07:00:00,0.4436,0.4449,0.4408,0.441,3065197.2
2025-10-02 08:00:00,0.441,0.4421,0.4403,0.4404,1803777.3
2025-10-02 09:00:00,0.4404,0.4411,0.4388,0.4404,2459591.5
2025-10-02 10:00:00,0.4405,0.4412,0.437,0.4406,3841219.7
2025-10-02 11:00:00,0.4406,0.4436,0.4396,0.4413,2575921.2
2025-10-02 12:00:00,0.4414,0.4439,0.4408,0.4436,2580300.6
2025-10-02 13:00:00,0.4436,0.4447,0.4372,0.4417,4915122.4
2025-10-02 14:00:00,0.4417,0.4424,0.4331,0.4359,6684196.3
2025-10-02 15:00:00,0.4358,0.4434,0.4321,0.4429,4817890.8
2025-10-02 16:00:00,0.4429,0.4493,0.4415,0.4447,7389309.5
2025-10-02 17:00:00,0.4448,0.4518,0.4431,0.4507,5711927.6
2025-10-02 18:00:00,0.4508,0.4536,0.4507,0.4524,4474057.4
2025-10-02 19:00:00,0.4524,0.4566,0.4518,0.4553,3753088.2
2025-10-02 20:00:00,0.4553,0.4566,0.4514,0.4536,3059198.5
2025-10-02 21:00:00,0.4536,0.4563,0.4512,0.452,2085145.5
2025-10-02 22:00:00,0.4519,0.4536,0.4496,0.4506,2902900.4
2025-10-02 23:00:00,0.4507,0.4532,0.4502,0.4527,1531154.8
2025-10-03 00:00:00,0.4527,0.453,0.4464,0.4472,2210922.5
2025-10-03 01:00:00,0.4472,0.4491,0.4443,0.4449,1274734.0
2025-10-03 02:00:00,0.4448,0.4494,0.4444,0.4485,2025877.7
2025-10-03 03:00:00,0.4485,0.4527,0.4457,0.4464,4338838.1
2025-10-03 04:00:00,0.4464,0.4505,0.446,0.449,2411467.9
2025-10-03 05:00:00,0.449,0.4492,0.4449,0.4466,1468458.9
2025-10-03 06:00:00,0.4465,0.4482,0.4421,0.4449,2587997.4
2025-10-03 07:00:00,0.445,0.4451,0.4419,0.4441,1732257.4
2025-10-03 08:00:00,0.444,0.4445,0.4402,0.4445,2092161.6
2025-10-03 09:00:00,0.4445,0.4462,0.4423,0.4445,4930869.5
2025-10-03 10:00:00,0.4444,0.4447,0.4425,0.4434,1449187.6
2025-10-03 11:00:00,0.4434,0.4437,0.4405,0.4408,1068069.6
2025-10-03 12:00:00,0.4409,0.4427,0.4397,0.4412,2347598.5
2025-10-03 13:00:00,0.4412,0.4451,0.4376,0.4414,6329417.5
2025-10-03 14:00:00,0.4414,0.4451,0.4375,0.4431,5345075.3
2025-10-03 15:00:00,0.443,0.4536,0.4406,0.4529,5589957.2
2025-10-03 16:00:00,0.4529,0.4606,0.4525,0.4543,13582912.6
2025-10-03 17:00:00,0.4542,0.4542,0.4432,0.4453,14129246.3
2025-10-03 18:00:00,0.4454,0.454,0.4433,0.4538,4840598.3
2025-10-03 19:00:00,0.4539,0.4566,0.4518,0.4542,3739008.2
2025-10-03 20:00:00,0.4542,0.4556,0.4508,0.4553,1509336.6
2025-10-03 21:00:00,0.4554,0.4559,0.4518,0.4528,1305641.8
2025-10-03 22:00:00,0.4529,0.4541,0.4518,0.4523,1143822.6
2025-10-03 23:00:00,0.4523,0.4523,0.4497,0.45,1079371.6
2025-10-04 00:00:00,0.4501,0.4525,0.4478,0.4496,1319714.7
2025-10-04 01:00:00,0.4496,0.4498,0.4441,0.4455,1669618.5
2025-10-04 02:00:00,0.4456,0.4475,0.4429,0.4447,2385434.0
2025-10-04 03:00:00,0.4448,0.445,0.4412,0.4428,2213769.3
2025-10-04 04:00:00,0.4427,0.4441,0.4408,0.4423,867013.3
2025-10-04 05:00:00,0.4424,0.4444,0.4419,0.4441,1620645.4
2025-10-04 06:00:00,0.4442,0.4481,0.4438,0.4458,1602815.9
2025-10-04 07:00:00,0.4458,0.4458,0.4415,0.4422,1749778.2
2025-10-04 08:00:00,0.4421,0.4425,0.437,0.4379,2844447.6
2025-10-04 09:00:00,0.4379,0.44,0.4353,0.4356,2142122.8
2025-10-04 10:00:00,0.4356,0.4378,0.4332,0.434,2548780.6
2025-10-04 11:00:00,0.4341,0.4349,0.4327,0.4336,1725325.3
2025-10-04 12:00:00,0.4336,0.4351,0.4325,0.4332,1506808.6
2025-10-04 13:00:00,0.4332,0.4387,0.4329,0.4365,1774261.0
2025-10-04 14:00:00,0.4365,0.4384,0.4314,0.4315,1594794.7
2025-10-04 15:00:00,0.4315,0.4329,0.4263,0.4282,5095453.8
2025-10-04 16:00:00,0.4282,0.4315,0.4266,0.4311,2751594.7
2025-10-04 17:00:00,0.4311,0.4349,0.4305,0.4325,4024093.1
2025-10-04 18:00:00,0.4325,0.4329,0.4292,0.4299,2854070.4
2025-10-04 19:00:00,0.43,0.4319,0.4287,0.4315,2524314.2
2025-10-04 20:00:00,0.4315,0.434,0.4315,0.432,1206047.1
2025-10-04 21:00:00,0.4319,0.4345,0.4317,0.434,1049653.3
2025-10-04 22:00:00,0.434,0.4361,0.4331,0.4353,1058807.5
2025-10-04 23:00:00,0.4353,0.4354,0.4338,0.4341,800471.2
2025-10-05 00:00:00,0.4341,0.4362,0.4309,0.4309,1227823.8
2025-10-05 01:00:00,0.431,0.4333,0.4307,0.4329,1824380.6
2025-10-05 02:00:00,0.433,0.442,0.4319,0.4415,4672999.6
2025-10-05 03:00:00,0.4415,0.444,0.4397,0.441,2497294.2
2025-10-05 04:00:00,0.4409,0.448,0.4398,0.4461,5287195.5
2025-10-05 05:00:00,0.4461,0.4482,0.4443,0.4472,2405148.1
2025-10-05 06:00:00,0.4472,0.4481,0.4444,0.445,2360821.5
2025-10-05 07:00:00,0.4451,0.4531,0.4449,0.4531,3338932.9
2025-10-05 08:00:00,0.453,0.4554,0.4504,0.4521,5751412.5
2025-10-05 09:00:00,0.452,0.4525,0.4453,0.4473,5623949.1
2025-10-05 10:00:00,0.4474,0.448,0.4437,0.4443,2446088.7
2025-10-05 11:00:00,0.4444,0.4456,0.4409,0.4448,2582674.3
2025-10-05 12:00:00,0.4447,0.4451,0.4411,0.4414,1850365.0
2025-10-05 13:00:00,0.4415,0.4445,0.4415,0.4436,1510275.6
2025-10-05 14:00:00,0.4436,0.4461,0.4399,0.4421,1750600.1
2025-10-05 15:00:00,0.4421,0.4457,0.4417,0.4439,1998399.5
2025-10-05 16:00:00,0.4439,0.4452,0.4392,0.4436,1927418.2
2025-10-05 17:00:00,0.4436,0.4448,0.4363,0.4373,3071194.4
2025-10-05 18:00:00,0.4375,0.4386,0.4349,0.4364,2344657.5
2025-10-05 19:00:00,0.4365,0.4365,0.4307,0.4312,2867544.7
2025-10-05 20:00:00,0.4312,0.4344,0.4296,0.4331,1993888.0
2025-10-05 21:00:00,0.433,0.4341,0.432,0.4334,1220961.9
2025-10-05 22:00:00,0.4335,0.4352,0.4315,0.4336,1117370.6
2025-10-05 23:00:00,0.4337,0.4345,0.4317,0.4321,973845.1
2025-10-06 00:00:00,0.4321,0.4361,0.4277,0.4291,3012976.8
2025-10-06 01:00:00,0.4291,0.4366,0.4275,0.4342,1897312.1
2025-10-06 02:00:00,0.4341,0.4372,0.4303,0.4351,1411295.6
2025-10-06 03:00:00,0.4349,0.4374,0.4343,0.436,1005806.3
2025-10-06 04:00:00,0.436,0.4362,0.4325,0.4328,1429175.1
2025-10-06 05:00:00,0.4328,0.4356,0.4308,0.4354,3976985.0
2025-10-06 06:00:00,0.4354,0.4427,0.4352,0.4412,2826901.4
2025-10-06 07:00:00,0.4412,0.4432,0.4368,0.4389,2498576.4
2025-10-06 08:00:00,0.439,0.4428,0.439,0.441,1668561.4
2025-10-06 09:00:00,0.4411,0.4423,0.4402,0.4409,1703677.5
2025-10-06 10:00:00,0.4408,0.4414,0.4391,0.4404,2221264.5
2025-10-06 11:00:00,0.4403,0.445,0.4391,0.4427,2271059.4
2025-10-06 12:00:00,0.4427,0.448,0.4427,0.447,4972374.1
2025-10-06 13:00:00,0.4471,0.4594,0.4454,0.4594,15537683.3
2025-10-06 14:00:00,0.4594,0.4655,0.456,0.4567,12019382.1
2025-10-06 15:00:00,0.4567,0.4631,0.4566,0.46,4757709.8
2025-10-06 16:00:00,0.4599,0.4622,0.4574,0.4611,3475840.9
2025-10-06 17:00:00,0.4611,0.4648,0.46,0.4628,4807887.6
2025-10-06 18:00:00,0.4628,0.4656,0.4609,0.4646,2612894.6
2025-10-06 19:00:00,0.4646,0.4651,0.4621,0.4634,2586116.1
2025-10-06 20:00:00,0.4635,0.4647,0.46,0.4611,3394248.8
2025-10-06 21:00:00,0.4611,0.462,0.4579,0.4599,2339740.6
2025-10-06 22:00:00,0.4599,0.4611,0.4574,0.4586,1070909.7
2025-10-06 23:00:00,0.4587,0.459,0.4562,0.4567,1371509.7
2025-10-07 00:00:00,0.4566,0.4603,0.4565,0.4603,2710527.4
2025-10-07 01:00:00,0.4603,0.4623,0.457,0.4592,3315417.5
2025-10-07 02:00:00,0.4592,0.4602,0.4576,0.4588,1641789.9
2025-10-07 03:00:00,0.4588,0.4598,0.4567,0.4595,1850345.1
2025-10-07 04:00:00,0.4596,0.4628,0.4547,0.4613,3064344.7
2025-10-07 05:00:00,0.4613,0.4616,0.4583,0.4591,1947183.9
2025-10-07 06:00:00,0.4591,0.4599,0.4506,0.451,4737935.5
2025-10-07 07:00:00,0.4509,0.4532,0.4495,0.4505,2096463.4
2025-10-07 08:00:00,0.4505,0.4505,0.4436,0.4475,5125603.2
2025-10-07 09:00:00,0.4474,0.4503,0.4471,0.4484,3821316.2
2025-10-07 10:00:00,0.4484,0.4522,0.4471,0.4502,2202382.6
2025-10-07 11:00:00,0.4501,0.4531,0.4494,0.4521,1804223.9
2025-10-07 12:00:00,0.452,0.4543,0.4487,0.4543,2695773.3
2025-10-07 13:00:00,0.4544,0.4549,0.4436,0.448,8254135.2
2025-10-07 14:00:00,0.448,0.4487,0.4345,0.4346,11298503.3
2025-10-07 15:00:00,0.4347,0.436,0.4264,0.4285,19481807.4
2025-10-07 16:00:00,0.4286,0.4318,0.4229,0.4291,7496775.0
2025-10-07 17:00:00,0.4291,0.431,0.426,0.4262,3260302.8
2025-10-07 18:00:00,0.4262,0.4276,0.4241,0.4242,2609441.0
2025-10-07 19:00:00,0.4242,0.427,0.4234,0.4249,3432620.3
2025-10-07 20:00:00,0.425,0.4307,0.4245,0.4284,2727484.1
2025-10-07 21:00:00,0.4284,0.4284,0.4233,0.4247,1988892.7
2025-10-07 22:00:00,0.4247,0.4265,0.4227,0.4242,5432988.5
2025-10-07 23:00:00,0.4241,0.4245,0.4198,0.4214,3801063.7
2025-10-08 00:00:00,0.4213,0.4258,0.4205,0.4242,2132813.4
2025-10-08 01:00:00,0.4242,0.4269,0.4236,0.4258,1518988.8
2025-10-08 02:00:00,0.4259,0.4277,0.4245,0.4255,1140398.7
2025-10-08 03:00:00,0.4255,0.4256,0.4175,0.4197,3033803.2
2025-10-08 04:00:00,0.4197,0.4238,0.4171,0.423,3721668.6
2025-10-08 05:00:00,0.423,0.423,0.4172,0.4195,1481158.6
2025-10-08 06:00:00,0.4196,0.4207,0.4178,0.4205,1467665.5
2025-10-08 07:00:00,0.4204,0.4227,0.419,0.4227,1488221.6
2025-10-08 08:00:00,0.4227,0.426,0.4213,0.4247,2186689.8
2025-10-08 09:00:00,0.4246,0.4256,0.4225,0.4239,2677961.3
2025-10-08 10:00:00,0.4239,0.4266,0.4233,0.4259,1554613.9
2025-10-08 11:00:00,0.4258,0.4266,0.422,0.4224,1991093.4
2025-10-08 12:00:00,0.4226,0.4244,0.4218,0.4235,2261884.3
2025-10-08 13:00:00,0.4235,0.4249,0.4199,0.4247,2877985.0
2025-10-08 14:00:00,0.4247,0.4302,0.4222,0.4232,3778764.4
2025-10-08 15:00:00,0.4232,0.4269,0.4227,0.4251,2338790.7
2025-10-08 16:00:00,0.4252,0.4315,0.4241,0.4315,2101939.3
2025-10-08 17:00:00,0.4316,0.44,0.4311,0.4387,6296746.1
2025-10-08 18:00:00,0.4388,0.4399,0.4337,0.4363,3238483.5
2025-10-08 19:00:00,0.4362,0.437,0.4335,0.4357,1730469.0
2025-10-08 20:00:00,0.4357,0.4368,0.4321,0.4324,1865649.6
2025-10-08 21:00:00,0.4324,0.4354,0.432,0.4337,1106181.2
2025-10-08 22:00:00,0.4336,0.4359,0.4335,0.4344,830417.7
2025-10-08 23:00:00,0.4345,0.4357,0.4329,0.4347,595828.7
2025-10-09 00:00:00,0.4348,0.436,0.4321,0.4323,993125.0
2025-10-09 01:00:00,0.4323,0.4325,0.4287,0.4313,2423568.4
2025-10-09 02:00:00,0.4312,0.4316,0.4221,0.4232,2083112.6
2025-10-09 03:00:00,0.4231,0.4288,0.4231,0.4284,1554667.7
2025-10-09 04:00:00,0.4284,0.4297,0.4268,0.4293,1012633.0
2025-10-09 05:00:00,0.4292,0.4303,0.4268,0.4276,880387.1
2025-10-09 06:00:00,0.4276,0.4276,0.4238,0.4244,1363436.3
2025-10-09 07:00:00,0.4243,0.4252,0.4216,0.4225,1285889.0
2025-10-09 08:00:00,0.4225,0.423,0.4139,0.4143,7666133.9
2025-10-09 09:00:00,0.4144,0.4185,0.4143,0.4174,3374827.3
2025-10-09 10:00:00,0.4175,0.4191,0.4155,0.4181,2238685.6
2025-10-09 11:00:00,0.4181,0.4198,0.4174,0.4183,1793070.7
2025-10-09 12:00:00,0.4182,0.4237,0.4179,0.4224,2255049.3
2025-10-09 13:00:00,0.4223,0.4231,0.4145,0.4148,2625821.1
2025-10-09 14:00:00,0.4149,0.4176,0.4089,0.4127,8205701.5
2025-10-09 15:00:00,0.4128,0.4156,0.4098,0.4111,4220471.4
2025-10-09 16:00:00,0.4111,0.4132,0.4071,0.4085,4289347.2
2025-10-09 17:00:00,0.4084,0.4161,0.4077,0.4158,3474021.3
2025-10-09 18:00:00,0.4159,0.4163,0.413,0.4132,2661126.5
2025-10-09 19:00:00,0.4131,0.4163,0.4129,0.4152,1262835.9
2025-10-09 20:00:00,0.4152,0.4174,0.4142,0.415,1134007.1
2025-10-09 21:00:00,0.4151,0.4169,0.4146,0.4162,754676.6
2025-10-09 22:00:00,0.4163,0.421,0.4156,0.4196,1543054.0
2025-10-09 23:00:00,0.4197,0.4199,0.4168,0.4179,1128569.9
2025-10-10 00:00:00,0.418,0.4202,0.4173,0.4189,1078017.7
2025-10-10 01:00:00,0.4189,0.4212,0.4185,0.4204,1381624.9
2025-10-10 02:00:00,0.4205,0.4211,0.4174,0.4185,1359620.0
2025-10-10 03:00:00,0.4185,0.4285,0.4165,0.4238,4541607.5
2025-10-10 04:00:00,0.4237,0.4268,0.4223,0.424,1701818.1
2025-10-10 05:00:00,0.424,0.428,0.4215,0.4275,1521051.4
2025-10-10 06:00:00,0.4276,0.4293,0.4225,0.4237,2929788.3
2025-10-10 07:00:00,0.4237,0.4242,0.4215,0.4217,1611515.7
2025-10-10 08:00:00,0.4217,0.4264,0.4215,0.4261,1467769.1
2025-10-10 09:00:00,0.4261,0.429,0.4242,0.4248,2039172.7
2025-10-10 10:00:00,0.4247,0.4281,0.4244,0.4274,1307926.9
2025-10-10 11:00:00,0.4275,0.4283,0.4245,0.4256,1587396.5
2025-10-10 12:00:00,0.4255,0.4279,0.4252,0.4275,1582206.1
2025-10-10 13:00:00,0.4275,0.4316,0.4268,0.4279,3294285.2
2025-10-10 14:00:00,0.428,0.43,0.4188,0.4202,7011378.8
2025-10-10 15:00:00,0.4203,0.421,0.3994,0.4034,30433224.3
2025-10-10 16:00:00,0.4035,0.4084,0.4009,0.4032,6111396.3
2025-10-10 17:00:00,0.4032,0.4048,0.3972,0.3994,5221824.4
2025-10-10 18:00:00,0.3994,0.4021,0.3981,0.3991,2498858.8
2025-10-10 19:00:00,0.3992,0.4004,0.388,0.3923,19422996.3
2025-10-10 20:00:00,0.3924,0.3954,0.3551,0.3642,34122000.9
2025-10-10 21:00:00,0.3642,0.3671,0.1049,0.2835,151040217.0
2025-10-10 22:00:00,0.2834,0.2858,0.2517,0.2823,98375117.1
2025-10-10 23:00:00,0.2824,0.3087,0.2773,0.2962,61728608.4
2025-10-11 00:00:00,0.2961,0.3059,0.2923,0.3008,27807389.5
2025-10-11 01:00:00,0.3007,0.3014,0.2891,0.2915,14133821.8
2025-10-11 02:00:00,0.2915,0.3167,0.2913,0.3146,10603634.8
2025-10-11 03:00:00,0.3147,0.3159,0.3004,0.3042,9207285.1
2025-10-11 04:00:00,0.3043,0.3124,0.3037,0.3124,7070278.7
2025-10-11 05:00:00,0.3124,0.3138,0.3049,0.3081,7736091.7
2025-10-11 06:00:00,0.3081,0.3145,0.3064,0.3077,9502448.2
2025-10-11 07:00:00,0.3078,0.3139,0.3051,0.3114,9741143.9
2025-10-11 08:00:00,0.3114,0.3228,0.3096,0.3219,10828899.9
2025-10-11 09:00:00,0.3218,0.3275,0.3174,0.3183,8972611.9
2025-10-11 10:00:00,0.3183,0.3239,0.3174,0.3197,6526314.0
2025-10-11 11:00:00,0.3197,0.32,0.3134,0.3184,7189741.4
2025-10-11 12:00:00,0.3183,0.3199,0.311,0.3146,7885882.7
2025-10-11 13:00:00,0.3147,0.3158,0.3072,0.3145,11423145.9
2025-10-11 14:00:00,0.3145,0.3179,0.313,0.3176,4966560.8
2025-10-11 15:00:00,0.3175,0.3235,0.3175,0.3199,8929140.5
2025-10-11 16:00:00,0.3199,0.3226,0.3175,0.3202,4722123.2
2025-10-11 17:00:00,0.3202,0.3228,0.3186,0.3209,4232308.1
2025-10-11 18:00:00,0.3208,0.3208,0.3166,0.3176,1762656.6
2025-10-11 19:00:00,0.3175,0.3176,0.3029,0.3066,9078658.5
2025-10-11 20:00:00,0.3065,0.3073,0.2948,0.2978,15422599.0
2025-10-11 21:00:00,0.2978,0.3034,0.2917,0.3027,10153309.4
2025-10-11 22:00:00,0.3026,0.303,0.299,0.3013,5934941.2
2025-10-11 23:00:00,0.3013,0.3028,0.3004,0.3017,3273362.4
2025-10-12 00:00:00,0.3018,0.3045,0.2976,0.2983,4684595.1
2025-10-12 01:00:00,0.2982,0.3045,0.297,0.2976,4840050.5
2025-10-12 02:00:00,0.2976,0.3022,0.2955,0.2985,4954020.4
2025-10-12 03:00:00,0.2984,0.3069,0.2978,0.3031,5513571.2
2025-10-12 04:00:00,0.3032,0.3085,0.3028,0.3066,3028075.6
2025-10-12 05:00:00,0.3065,0.3098,0.3052,0.3082,2577132.7
2025-10-12 06:00:00,0.3082,0.3127,0.3076,0.3123,3934614.3
2025-10-12 07:00:00,0.3123,0.3135,0.3088,0.3096,3367490.4
2025-10-12 08:00:00,0.3095,0.3122,0.307,0.307,1856969.2
2025-10-12 09:00:00,0.3071,0.3086,0.3042,0.3085,1768298.5
2025-10-12 10:00:00,0.3085,0.31,0.306,0.3061,2825090.8
2025-10-12 11:00:00,0.3061,0.3097,0.306,0.3066,3015561.4
2025-10-12 12:00:00,0.3065,0.3121,0.3063,0.3114,3125742.0
2025-10-12 13:00:00,0.3114,0.3132,0.305,0.3064,3815006.9
2025-10-12 14:00:00,0.3064,0.3269,0.3059,0.3216,18772439.9
2025-10-12 15:00:00,0.3217,0.3387,0.3207,0.336,16198963.5
2025-10-12 16:00:00,0.3361,0.3455,0.336,0.3399,17842394.5
2025-10-12 17:00:00,0.3399,0.3446,0.3378,0.3404,7596201.1
2025-10-12 18:00:00,0.3404,0.3429,0.3348,0.3373,5209028.1
2025-10-12 19:00:00,0.3373,0.343,0.3372,0.3429,3369976.6
2025-10-12 20:00:00,0.3429,0.3452,0.3399,0.3405,8496769.4
2025-10-12 21:00:00,0.3406,0.3425,0.3343,0.3375,5201282.0
2025-10-12 22:00:00,0.3376,0.3407,0.3335,0.3353,3596802.2
2025-10-12 23:00:00,0.3353,0.3355,0.3313,0.3346,2998459.7
2025-10-13 00:00:00,0.3346,0.338,0.3295,0.3316,5653688.0
2025-10-13 01:00:00,0.3316,0.3351,0.3297,0.335,4369825.6
2025-10-13 02:00:00,0.3351,0.3366,0.3299,0.3324,3302459.3
2025-10-13 03:00:00,0.3325,0.3336,0.3304,0.3314,3346671.9
2025-10-13 04:00:00,0.3315,0.3323,0.3283,0.3319,2885063.0
2025-10-13 05:00:00,0.3319,0.3321,0.3295,0.3313,2473374.8
2025-10-13 06:00:00,0.3313,0.3384,0.3295,0.3374,6230722.8
2025-10-13 07:00:00,0.3375,0.3432,0.337,0.3385,11155742.5
2025-10-13 08:00:00,0.3385,0.3469,0.3374,0.3445,7133180.3
2025-10-13 09:00:00,0.3445,0.3509,0.3426,0.3506,6587360.9
2025-10-13 10:00:00,0.3506,0.3506,0.345,0.3472,5702187.5
2025-10-13 11:00:00,0.3471,0.3473,0.3329,0.3391,20384100.5
2025-10-13 12:00:00,0.339,0.3467,0.335,0.3419,8275170.8
2025-10-13 13:00:00,0.3418,0.3544,0.3393,0.3494,35797617.7
2025-10-13 14:00:00,0.3493,0.3504,0.3378,0.3393,16580741.6
2025-10-13 15:00:00,0.3395,0.3475,0.3391,0.3444,6831856.5
2025-10-13 16:00:00,0.3445,0.3475,0.3411,0.3444,7695616.0
2025-10-13 17:00:00,0.3443,0.3533,0.3437,0.3528,6667451.5
2025-10-13 18:00:00,0.3528,0.3544,0.3484,0.3514,8009340.7
2025-10-13 19:00:00,0.3513,0.359,0.3506,0.3577,5827931.2
2025-10-13 20:00:00,0.3577,0.3617,0.356,0.3614,2932925.5
2025-10-13 21:00:00,0.3613,0.3619,0.3568,0.3581,4277438.2
2025-10-13 22:00:00,0.358,0.3609,0.3575,0.3591,2890541.1
2025-10-13 23:00:00,0.3591,0.3614,0.3579,0.3585,2041024.1
2025-10-14 00:00:00,0.3586,0.3595,0.3548,0.3565,4835657.9
2025-10-14 01:00:00,0.3564,0.3567,0.3533,0.3559,2046850.6
2025-10-14 02:00:00,0.3559,0.3562,0.3494,0.3498,3125886.9
2025-10-14 03:00:00,0.3498,0.35,0.3437,0.3462,5699973.5
2025-10-14 04:00:00,0.3463,0.3474,0.3385,0.3407,4090787.8
2025-10-14 05:00:00,0.3407,0.3435,0.3339,0.336,6864550.2
2025-10-14 06:00:00,0.3359,0.3389,0.323,0.3296,15354518.6
2025-10-14 07:00:00,0.3295,0.3317,0.326,0.3291,10207422.8
2025-10-14 08:00:00,0.3291,0.3344,0.3265,0.3324,6507007.0
2025-10-14 09:00:00,0.3324,0.3371,0.3322,0.3339,5496242.6
2025-10-14 10:00:00,0.3339,0.3339,0.324,0.3291,10972424.4
2025-10-14 11:00:00,0.3292,0.334,0.3289,0.3307,4690599.6
2025-10-14 12:00:00,0.3307,0.3312,0.3254,0.3258,5021550.3
2025-10-14 13:00:00,0.3259,0.3322,0.3223,0.3291,8975089.6
2025-10-14 14:00:00,0.329,0.3357,0.3276,0.3314,6729947.8
2025-10-14 15:00:00,0.3314,0.3418,0.3298,0.3417,6993371.6
2025-10-14 16:00:00,0.3417,0.349,0.339,0.3413,11048956.9
2025-10-14 17:00:00,0.3414,0.3459,0.3365,0.3414,6518147.9
2025-10-14 18:00:00,0.3415,0.3458,0.341,0.3434,4257318.0
2025-10-14 19:00:00,0.3434,0.3455,0.3354,0.3407,9350276.6
2025-10-14 20:00:00,0.3408,0.3424,0.3384,0.3419,2437103.4
2025-10-14 21:00:00,0.3419,0.3441,0.3396,0.3437,1514415.3
2025-10-14 22:00:00,0.3437,0.3459,0.341,0.3424,1206528.3
2025-10-14 23:00:00,0.3423,0.3445,0.3422,0.3433,1398589.7
2025-10-15 00:00:00,0.3433,0.3438,0.3403,0.3429,2016372.7
2025-10-15 01:00:00,0.3428,0.3431,0.3395,0.3418,1553126.8
2025-10-15 02:00:00,0.3418,0.3463,0.3415,0.3436,2116095.4
2025-10-15 03:00:00,0.3436,0.3444,0.3391,0.3412,2236216.0
2025-10-15 04:00:00,0.3412,0.3443,0.3401,0.3439,2252221.1
2025-10-15 05:00:00,0.3439,0.3463,0.3427,0.3432,2555076.9
2025-10-15 06:00:00,0.3432,0.345,0.3394,0.344,3019378.4
2025-10-15 07:00:00,0.344,0.3461,0.3429,0.3457,2585695.5
2025-10-15 08:00:00,0.3456,0.3514,0.3443,0.3448,7608634.6
2025-10-15 09:00:00,0.3448,0.3452,0.3406,0.3409,3914538.6
2025-10-15 10:00:00,0.341,0.3425,0.3382,0.3397,2655774.4
2025-10-15 11:00:00,0.3397,0.3409,0.3354,0.3391,5300311.8
2025-10-15 12:00:00,0.3391,0.3402,0.334,0.3354,6093750.9
2025-10-15 13:00:00,0.3354,0.3363,0.327,0.3338,9596187.3
2025-10-15 14:00:00,0.3338,0.3379,0.3282,0.3307,7058230.7
2025-10-15 15:00:00,0.3308,0.3335,0.3259,0.3285,6034602.8
2025-10-15 16:00:00,0.3285,0.3307,0.3268,0.3288,3694600.6
2025-10-15 17:00:00,0.3288,0.3305,0.3255,0.3303,5035666.7
2025-10-15 18:00:00,0.3303,0.3324,0.3284,0.3318,1842175.7
2025-10-15 19:00:00,0.3318,0.3318,0.3266,0.3281,2188518.1
2025-10-15 20:00:00,0.3282,0.3296,0.3213,0.3255,7607279.6
2025-10-15 21:00:00,0.3255,0.3278,0.3221,0.3238,2976307.2
2025-10-15 22:00:00,0.3239,0.3268,0.3229,0.3246,1460908.6
2025-10-15 23:00:00,0.3246,0.328,0.3243,0.327,2773184.7
2025-10-16 00:00:00,0.3271,0.3279,0.3247,0.3251,1782006.4
2025-10-16 01:00:00,0.325,0.329,0.3249,0.3286,1672917.7
2025-10-16 02:00:00,0.3286,0.3303,0.3259,0.3282,1664818.1
2025-10-16 03:00:00,0.3282,0.3285,0.3255,0.3258,1073743.1
2025-10-16 04:00:00,0.3258,0.3297,0.3256,0.327,3280602.7
2025-10-16 05:00:00,0.327,0.3288,0.3245,0.3265,3355911.1
2025-10-16 06:00:00,0.3265,0.3306,0.3261,0.33,2170972.7
2025-10-16 07:00:00,0.3301,0.3303,0.3258,0.3271,4798327.1
2025-10-16 08:00:00,0.3271,0.3274,0.324,0.3249,1884796.6
2025-10-16 09:00:00,0.3248,0.3308,0.315,0.3284,22274032.0
2025-10-16 10:00:00,0.3283,0.3339,0.3283,0.3314,5719486.1
2025-10-16 11:00:00,0.3314,0.3335,0.3304,0.3334,2974997.5
2025-10-16 12:00:00,0.3335,0.3361,0.3321,0.3324,4670521.8
2025-10-16 13:00:00,0.3323,0.3347,0.3292,0.3304,4516630.3
2025-10-16 14:00:00,0.3304,0.333,0.3245,0.3283,9290262.0
2025-10-16 15:00:00,0.3283,0.3292,0.316,0.318,16547619.0
2025-10-16 16:00:00,0.318,0.3283,0.3135,0.3281,13301937.3
2025-10-16 17:00:00,0.3281,0.3281,0.3211,0.3216,8619271.5
2025-10-16 18:00:00,0.3216,0.3222,0.3176,0.3203,7235664.8
2025-10-16 19:00:00,0.3203,0.321,0.3126,0.315,6258573.1
2025-10-16 20:00:00,0.3151,0.3165,0.3098,0.3124,5963315.8
2025-10-16 21:00:00,0.3124,0.3161,0.3114,0.316,2226633.1
2025-10-16 22:00:00,0.316,0.3167,0.3124,0.3125,1467083.8
2025-10-16 23:00:00,0.3125,0.3166,0.3121,0.3162,1772045.9
2025-10-17 00:00:00,0.3162,0.3183,0.3155,0.3173,2074438.5
2025-10-17 01:00:00,0.3173,0.3198,0.3142,0.3157,2990572.9
2025-10-17 02:00:00,0.3157,0.3164,0.3131,0.3147,1676952.3
2025-10-17 03:00:00,0.3147,0.3164,0.3142,0.3163,1395641.6
2025-10-17 04:00:00,0.3164,0.3167,0.3141,0.3142,1879650.2
2025-10-17 05:00:00,0.3142,0.3151,0.3108,0.3115,3502897.8
2025-10-17 06:00:00,0.3116,0.3127,0.3015,0.3033,13290976.5
2025-10-17 07:00:00,0.3033,0.3041,0.2925,0.2934,15477924.7
2025-10-17 08:00:00,0.2933,0.2955,0.2878,0.291,14894902.1
2025-10-17 09:00:00,0.291,0.3008,0.2905,0.2956,9412055.7
2025-10-17 10:00:00,0.2955,0.2972,0.2897,0.2948,10842248.5
2025-10-17 11:00:00,0.2948,0.3048,0.2942,0.3021,11428616.3
2025-10-17 12:00:00,0.3021,0.3043,0.3,0.3001,4685586.1
2025-10-17 13:00:00,0.3002,0.3042,0.2976,0.3017,8112735.0
2025-10-17 14:00:00,0.3017,0.3026,0.2945,0.2974,7257078.2
2025-10-17 15:00:00,0.2975,0.3028,0.2964,0.3027,5522823.1
2025-10-17 16:00:00,0.3027,0.3072,0.3003,0.3011,8834678.9
2025-10-17 17:00:00,0.3012,0.3045,0.3003,0.3034,3435548.0
2025-10-17 18:00:00,0.3034,0.3066,0.3029,0.3036,2858112.5
2025-10-17 19:00:00,0.3037,0.3048,0.3011,0.3031,1926613.3
2025-10-17 20:00:00,0.3032,0.3066,0.3022,0.3054,2553985.4
2025-10-17 21:00:00,0.3054,0.3085,0.3052,0.3076,4112873.1
2025-10-17 22:00:00,0.3076,0.3084,0.3048,0.306,1700366.6
2025-10-17 23:00:00,0.3059,0.3059,0.3033,0.3037,982431.3
2025-10-18 00:00:00,0.3037,0.3062,0.3035,0.3051,1229238.2
2025-10-18 01:00:00,0.3052,0.3092,0.3052,0.3089,1843615.7
2025-10-18 02:00:00,0.309,0.31,0.306,0.3065,1674663.3
2025-10-18 03:00:00,0.3066,0.3096,0.3066,0.3082,853734.9
2025-10-18 04:00:00,0.3082,0.3082,0.3052,0.3055,990350.4
2025-10-18 05:00:00,0.3055,0.3072,0.3043,0.3068,1791267.8
2025-10-18 06:00:00,0.3068,0.3081,0.3054,0.3071,1329372.3
2025-10-18 07:00:00,0.3071,0.3126,0.307,0.3077,6304905.2
2025-10-18 08:00:00,0.3078,0.3099,0.3077,0.3078,1616656.7
2025-10-18 09:00:00,0.3077,0.3114,0.3074,0.3108,1471846.2
2025-10-18 10:00:00,0.3109,0.3127,0.3096,0.312,2093562.6
2025-10-18 11:00:00,0.3121,0.3136,0.3107,0.3115,2730421.2
2025-10-18 12:00:00,0.3114,0.3123,0.3095,0.3098,1458868.9
2025-10-18 13:00:00,0.3098,0.3098,0.3064,0.307,1517578.5
2025-10-18 14:00:00,0.3071,0.3087,0.305,0.3082,2463277.9
2025-10-18 15:00:00,0.3082,0.3089,0.3062,0.308,946075.9
2025-10-18 16:00:00,0.3079,0.3085,0.3049,0.3065,2233979.6
2025-10-18 17:00:00,0.3065,0.3109,0.3056,0.3105,2391983.3
2025-10-18 18:00:00,0.3105,0.311,0.3084,0.3087,982643.3
2025-10-18 19:00:00,0.3087,0.3094,0.3078,0.3094,685898.9
2025-10-18 20:00:00,0.3094,0.3113,0.3088,0.3096,1605289.2
2025-10-18 21:00:00,0.3095,0.3103,0.308,0.3099,1163189.0
2025-10-18 22:00:00,0.3099,0.3104,0.3085,0.3089,1457027.4
2025-10-18 23:00:00,0.3089,0.3094,0.3083,0.3094,712308.8
2025-10-19 00:00:00,0.3093,0.3097,0.3065,0.3073,838358.9
2025-10-19 01:00:00,0.3073,0.3083,0.3062,0.3081,854784.5
2025-10-19 02:00:00,0.3082,0.3086,0.3065,0.3073,702880.4
2025-10-19 03:00:00,0.3072,0.3109,0.3068,0.3106,1495954.6
2025-10-19 04:00:00,0.3107,0.3109,0.3084,0.3087,819266.5
2025-10-19 05:00:00,0.3088,0.31,0.3073,0.3077,799671.7
2025-10-19 06:00:00,0.3077,0.3082,0.3052,0.3063,1759279.4
2025-10-19 07:00:00,0.3062,0.3084,0.3061,0.3084,871333.8
2025-10-19 08:00:00,0.3083,0.3124,0.3058,0.3064,8403670.3
2025-10-19 09:00:00,0.3063,0.3138,0.3043,0.3116,7027250.8
2025-10-19 10:00:00,0.3117,0.3178,0.3106,0.3157,6193187.8
2025-10-19 11:00:00,0.3156,0.3189,0.3137,0.3148,5237940.1
2025-10-19 12:00:00,0.3148,0.3158,0.312,0.3131,2973445.0
2025-10-19 13:00:00,0.3132,0.3197,0.3124,0.3185,3074896.0
2025-10-19 14:00:00,0.3186,0.3212,0.3161,0.3206,5009162.7
2025-10-19 15:00:00,0.3206,0.3209,0.3181,0.319,1794573.0
2025-10-19 16:00:00,0.319,0.3204,0.3176,0.3195,2803411.6
2025-10-19 17:00:00,0.3195,0.3225,0.3179,0.3183,4042910.1
2025-10-19 18:00:00,0.3184,0.32,0.3178,0.3194,2036787.6
2025-10-19 19:00:00,0.3194,0.3213,0.3174,0.32,3954477.7
2025-10-19 20:00:00,0.3199,0.3211,0.3188,0.321,1440256.2
2025-10-19 21:00:00,0.321,0.3211,0.3174,0.3186,1226116.2
2025-10-19 22:00:00,0.3187,0.3209,0.3186,0.32,1290224.0
2025-10-19 23:00:00,0.32,0.32,0.3167,0.3172,1543313.8
2025-10-20 00:00:00,0.3172,0.3174,0.3103,0.3143,3721183.5
2025-10-20 01:00:00,0.3143,0.3155,0.3133,0.3139,928442.7
2025-10-20 02:00:00,0.3139,0.3157,0.311,0.3151,1588014.2
2025-10-20 03:00:00,0.3151,0.3238,0.3139,0.3228,2188084.5
2025-10-20 04:00:00,0.3228,0.3237,0.3214,0.3229,1974656.4
2025-10-20 05:00:00,0.3229,0.3244,0.3215,0.3235,2251571.6
2025-10-20 06:00:00,0.3236,0.3284,0.3231,0.3267,3685493.9
2025-10-20 07:00:00,0.3266,0.3267,0.3236,0.3248,2345864.8
2025-10-20 08:00:00,0.3248,0.3267,0.3227,0.3239,2243988.9
2025-10-20 09:00:00,0.3239,0.3245,0.3224,0.3241,1284083.0
2025-10-20 10:00:00,0.3242,0.3269,0.3231,0.3241,2960389.9
2025-10-20 11:00:00,0.324,0.3249,0.3227,0.3245,1250800.4
2025-10-20 12:00:00,0.3245,0.3258,0.3236,0.3253,2082286.2
2025-10-20 13:00:00,0.3253,0.3272,0.3238,0.3267,1360226.4
2025-10-20 14:00:00,0.3267,0.3283,0.3243,0.3277,1725485.6
2025-10-20 15:00:00,0.3277,0.3288,0.323,0.323,2371942.6
2025-10-20 16:00:00,0.3231,0.3232,0.3162,0.3202,6832935.4
2025-10-20 17:00:00,0.3202,0.3224,0.3177,0.3199,2236569.6
2025-10-20 18:00:00,0.3199,0.3214,0.3189,0.3212,1383822.2
2025-10-20 19:00:00,0.3211,0.3252,0.3204,0.3238,1732360.5
2025-10-20 20:00:00,0.3238,0.3242,0.3223,0.3239,1956008.6
2025-10-20 21:00:00,0.3239,0.3251,0.321,0.3217,1421996.8
2025-10-20 22:00:00,0.3218,0.3227,0.3208,0.322,734402.1
2025-10-20 23:00:00,0.322,0.323,0.3212,0.3221,924733.3
2025-10-21 00:00:00,0.3221,0.3245,0.322,0.3221,1596408.3
2025-10-21 01:00:00,0.3221,0.3228,0.32,0.3213,2069654.7
2025-10-21 02:00:00,0.3213,0.3214,0.317,0.3178,2702812.3
2025-10-21 03:00:00,0.3178,0.3188,0.3153,0.3164,1559188.9
2025-10-21 04:00:00,0.3164,0.3168,0.3089,0.3092,7841214.1
2025-10-21 05:00:00,0.3093,0.312,0.3087,0.3109,4158679.3
2025-10-21 06:00:00,0.311,0.3136,0.3098,0.3129,2445322.3
2025-10-21 07:00:00,0.3129,0.3152,0.3113,0.3146,1861473.8
2025-10-21 08:00:00,0.3146,0.3146,0.3089,0.3113,2356487.1
2025-10-21 09:00:00,0.3113,0.3113,0.3093,0.3097,1318441.5
2025-10-21 10:00:00,0.3097,0.3137,0.3093,0.3119,2492216.8
2025-10-21 11:00:00,0.3118,0.3128,0.3109,0.3121,1593579.4
2025-10-21 12:00:00,0.3121,0.3181,0.3114,0.3143,3631051.8
2025-10-21 13:00:00,0.3144,0.3165,0.3118,0.3135,4637950.8
2025-10-21 14:00:00,0.3135,0.3303,0.3135,0.3298,8918810.5
2025-10-21 15:00:00,0.3299,0.3353,0.3277,0.3325,11572763.3
2025-10-21 16:00:00,0.3325,0.3352,0.3264,0.3274,9087996.1
2025-10-21 17:00:00,0.3275,0.3307,0.3241,0.3289,6911213.6
2025-10-21 18:00:00,0.329,0.3298,0.3262,0.3282,3020884.9
2025-10-21 19:00:00,0.3281,0.3286,0.3259,0.3262,1107260.3
2025-10-21 20:00:00,0.3263,0.3269,0.3214,0.3227,2927519.7
2025-10-21 21:00:00,0.3227,0.3239,0.3168,0.3219,5159029.2
2025-10-21 22:00:00,0.3219,0.322,0.3138,0.3149,5044502.4
2025-10-21 23:00:00,0.3149,0.3155,0.3094,0.311,4282571.7
2025-10-22 00:00:00,0.3109,0.3129,0.3081,0.31,4950772.1
2025-10-22 01:00:00,0.3101,0.3125,0.3092,0.311,2424603.9
2025-10-22 02:00:00,0.3111,0.3123,0.3106,0.3106,1232215.6
2025-10-22 03:00:00,0.3106,0.3106,0.3084,0.3103,1424198.6
2025-10-22 04:00:00,0.3102,0.3121,0.3099,0.3113,1270186.8
2025-10-22 05:00:00,0.3114,0.3114,0.3051,0.3078,3704166.7
2025-10-22 06:00:00,0.3077,0.3078,0.3055,0.3055,1637360.1
2025-10-22 07:00:00,0.3055,0.3081,0.3045,0.3074,2708605.4
2025-10-22 08:00:00,0.3074,0.3076,0.3058,0.3063,1400036.4
2025-10-22 09:00:00,0.3062,0.3071,0.3039,0.3049,1710527.2
2025-10-22 10:00:00,0.3049,0.3066,0.3043,0.3049,1559887.1
2025-10-22 11:00:00,0.3048,0.3103,0.3014,0.3076,6974331.4
2025-10-22 12:00:00,0.3075,0.3101,0.3066,0.3087,2470848.0
2025-10-22 13:00:00,0.3088,0.3127,0.3072,0.3124,5017458.1
2025-10-22 14:00:00,0.3123,0.3124,0.3047,0.3115,8728055.5
2025-10-22 15:00:00,0.3116,0.3129,0.3061,0.3096,4115903.3
2025-10-22 16:00:00,0.3096,0.3111,0.3061,0.3081,5848782.5
2025-10-22 17:00:00,0.3081,0.309,0.3036,0.3049,2568698.3
2025-10-22 18:00:00,0.3049,0.3061,0.3029,0.3045,1747289.0
2025-10-22 19:00:00,0.3045,0.3079,0.3016,0.3044,3368483.1
2025-10-22 20:00:00,0.3044,0.3053,0.3005,0.3008,3604777.4
2025-10-22 21:00:00,0.3008,0.301,0.2917,0.2965,12293327.4
2025-10-22 22:00:00,0.2964,0.2984,0.2951,0.2959,2416240.1
2025-10-22 23:00:00,0.2959,0.3024,0.2958,0.3012,2097216.7
2025-10-23 00:00:00,0.3012,0.3021,0.3001,0.3013,1416406.5
2025-10-23 01:00:00,0.3013,0.3029,0.2999,0.3012,4479565.0
2025-10-23 02:00:00,0.3012,0.3026,0.301,0.3021,942168.2
2025-10-23 03:00:00,0.3021,0.3037,0.3019,0.3026,1226800.2
2025-10-23 04:00:00,0.3027,0.3051,0.3023,0.304,1230627.1
2025-10-23 05:00:00,0.3041,0.3052,0.3038,0.3049,835850.3
2025-10-23 06:00:00,0.305,0.3108,0.3047,0.3103,4447303.2
2025-10-23 07:00:00,0.3104,0.3105,0.3077,0.3088,3420413.4
2025-10-23 08:00:00,0.3088,0.3115,0.3088,0.3102,2009023.2
2025-10-23 09:00:00,0.3103,0.3107,0.3094,0.3103,1024048.4
2025-10-23 10:00:00,0.3104,0.3124,0.3104,0.3105,2021521.8
2025-10-23 11:00:00,0.3105,0.3109,0.3079,0.3083,1547524.6
2025-10-23 12:00:00,0.3082,0.3091,0.3052,0.3091,2695955.8
2025-10-23 13:00:00,0.3091,0.3126,0.3074,0.3108,3207108.1
2025-10-23 14:00:00,0.3109,0.3116,0.3077,0.3109,2129441.0
2025-10-23 15:00:00,0.3109,0.3146,0.3103,0.3132,3279623.7
2025-10-23 16:00:00,0.3133,0.3178,0.3131,0.3173,2996495.7
2025-10-23 17:00:00,0.3174,0.3196,0.314,0.319,4189831.9
2025-10-23 18:00:00,0.3191,0.3194,0.3147,0.3154,2633874.3
2025-10-23 19:00:00,0.3154,0.3154,0.3132,0.3146,1771543.0
2025-10-23 20:00:00,0.3145,0.3146,0.3094,0.311,2735261.0
2025-10-23 21:00:00,0.311,0.3123,0.3104,0.3112,2115975.3
2025-10-23 22:00:00,0.3112,0.3137,0.3112,0.3133,1601098.6
2025-10-23 23:00:00,0.3134,0.3142,0.3126,0.3141,1043243.4
2025-10-24 00:00:00,0.3141,0.3165,0.313,0.3156,1652549.7
2025-10-24 01:00:00,0.3156,0.3162,0.3138,0.3155,981049.3
2025-10-24 02:00:00,0.3155,0.3156,0.3137,0.3143,927140.2
2025-10-24 03:00:00,0.3143,0.3143,0.3124,0.3131,1263503.5
2025-10-24 04:00:00,0.3132,0.3199,0.312,0.3185,2706115.4
2025-10-24 05:00:00,0.3186,0.3194,0.3175,0.3179,1564750.9
2025-10-24 06:00:00,0.318,0.3187,0.3168,0.3184,1414241.0
2025-10-24 07:00:00,0.3185,0.3187,0.3161,0.3174,1757068.0
2025-10-24 08:00:00,0.3174,0.3198,0.3163,0.3192,1936042.9
2025-10-24 09:00:00,0.3192,0.3194,0.3176,0.3178,968020.2
2025-10-24 10:00:00,0.3177,0.3178,0.3158,0.3162,1033592.0
2025-10-24 11:00:00,0.3162,0.3168,0.3133,0.3166,2028032.5
2025-10-24 12:00:00,0.3167,0.3246,0.3163,0.3192,13158517.3
2025-10-24 13:00:00,0.3192,0.32,0.3126,0.3177,5684355.7
2025-10-24 14:00:00,0.3176,0.3176,0.3117,0.3143,4905471.0
2025-10-24 15:00:00,0.3142,0.3167,0.3123,0.3135,3021337.1
2025-10-24 16:00:00,0.3135,0.3144,0.3116,0.3133,1306590.9
2025-10-24 17:00:00,0.3134,0.3154,0.3131,0.3137,1004967.9
2025-10-24 18:00:00,0.3138,0.3161,0.3134,0.316,862396.1
2025-10-24 19:00:00,0.3161,0.3188,0.316,0.3177,1741544.2
2025-10-24 20:00:00,0.3177,0.3194,0.3174,0.319,1045467.5
2025-10-24 21:00:00,0.319,0.3205,0.3185,0.3202,1673244.9
2025-10-24 22:00:00,0.3203,0.3207,0.3193,0.3198,746441.1
2025-10-24 23:00:00,0.3197,0.3203,0.3189,0.3202,956573.9
2025-10-25 00:00:00,0.3201,0.3205,0.3186,0.3194,1027334.5
2025-10-25 01:00:00,0.3195,0.3214,0.3188,0.3203,1147364.5
2025-10-25 02:00:00,0.3204,0.3214,0.3198,0.3207,926434.1
2025-10-25 03:00:00,0.3206,0.321,0.318,0.3183,1515633.9
2025-10-25 04:00:00,0.3183,0.3202,0.3183,0.3188,1212457.1
2025-10-25 05:00:00,0.3188,0.3191,0.3176,0.3187,930084.3
2025-10-25 06:00:00,0.3187,0.319,0.3169,0.317,931116.2
2025-10-25 07:00:00,0.3171,0.3194,0.3167,0.3172,1870910.7
2025-10-25 08:00:00,0.3171,0.3193,0.3169,0.3192,1004457.3
2025-10-25 09:00:00,0.3193,0.32,0.3181,0.3187,1405172.9
2025-10-25 10:00:00,0.3187,0.3189,0.317,0.3179,933439.6
2025-10-25 11:00:00,0.3179,0.3197,0.3175,0.3193,818219.8
2025-10-25 12:00:00,0.3193,0.3213,0.3193,0.3204,1229141.3
2025-10-25 13:00:00,0.3204,0.3207,0.3183,0.3192,2193832.4
2025-10-25 14:00:00,0.3192,0.3201,0.3183,0.3196,1442124.1
2025-10-25 15:00:00,0.3196,0.3197,0.3178,0.3187,1109078.2
2025-10-25 16:00:00,0.3187,0.3191,0.3178,0.3186,1199230.4
2025-10-25 17:00:00,0.3185,0.3198,0.3183,0.3189,837190.5
2025-10-25 18:00:00,0.3188,0.3221,0.3183,0.3215,1658946.1
2025-10-25 19:00:00,0.3215,0.322,0.3208,0.3219,1049342.9
2025-10-25 20:00:00,0.3219,0.3226,0.3205,0.3207,945908.9
2025-10-25 21:00:00,0.3207,0.3213,0.3199,0.321,679357.0
2025-10-25 22:00:00,0.321,0.3217,0.32,0.3211,605292.5
2025-10-25 23:00:00,0.3211,0.3212,0.3198,0.3203,933809.5
2025-10-26 00:00:00,0.3203,0.321,0.3187,0.3199,978376.0
2025-10-26 01:00:00,0.3199,0.3201,0.3154,0.3165,5539938.0
2025-10-26 02:00:00,0.3165,0.3171,0.3149,0.3159,1320329.1
2025-10-26 03:00:00,0.3159,0.3159,0.3143,0.3152,923654.9
2025-10-26 04:00:00,0.3153,0.3166,0.315,0.3161,972939.3
2025-10-26 05:00:00,0.3161,0.3177,0.3152,0.3174,684402.6
2025-10-26 06:00:00,0.3174,0.3179,0.3164,0.3176,1118401.2
2025-10-26 07:00:00,0.3176,0.3197,0.317,0.3196,1739031.0
2025-10-26 08:00:00,0.3196,0.3211,0.3195,0.3203,1715854.7
2025-10-26 09:00:00,0.3204,0.325,0.3193,0.3238,3171283.8
2025-10-26 10:00:00,0.3237,0.324,0.3221,0.3228,1328315.0
2025-10-26 11:00:00,0.3228,0.3291,0.3221,0.3284,3954390.0
2025-10-26 12:00:00,0.3286,0.3296,0.327,0.329,3112051.4
2025-10-26 13:00:00,0.3291,0.3321,0.3281,0.3295,3178507.7
2025-10-26 14:00:00,0.3295,0.3299,0.3271,0.3283,3755524.8
2025-10-26 15:00:00,0.3283,0.33,0.3272,0.3297,1690643.3
2025-10-26 16:00:00,0.3297,0.3299,0.3272,0.3273,1191351.5
2025-10-26 17:00:00,0.3274,0.3282,0.3265,0.3279,1239057.0
2025-10-26 18:00:00,0.3278,0.3295,0.3278,0.3288,1050445.0
2025-10-26 19:00:00,0.3288,0.3288,0.3277,0.3285,924202.3
2025-10-26 20:00:00,0.3285,0.3285,0.3262,0.327,1377148.1
2025-10-26 21:00:00,0.3271,0.3297,0.3263,0.3291,974677.4
2025-10-26 22:00:00,0.3292,0.3361,0.3292,0.3359,7372908.1
2025-10-26 23:00:00,0.3359,0.3374,0.3343,0.3347,2136621.3
2025-10-27 00:00:00,0.3347,0.3389,0.3341,0.3371,4027346.2
2025-10-27 01:00:00,0.337,0.3404,0.3366,0.34,3289575.7
2025-10-27 02:00:00,0.3399,0.3448,0.3396,0.3442,9817958.6
2025-10-27 03:00:00,0.3442,0.3463,0.3425,0.3435,5368530.7
2025-10-27 04:00:00,0.3435,0.3476,0.3416,0.3474,2621106.8
2025-10-27 05:00:00,0.3475,0.3516,0.3467,0.3493,4594922.9
2025-10-27 06:00:00,0.3493,0.3501,0.3469,0.3483,3722535.9
2025-10-27 07:00:00,0.3483,0.3498,0.3423,0.3437,3524657.9
2025-10-27 08:00:00,0.3436,0.345,0.3394,0.3403,4536179.6
2025-10-27 09:00:00,0.3403,0.3405,0.3358,0.3367,3751790.3
2025-10-27 10:00:00,0.3367,0.3386,0.3355,0.3371,2627709.6
2025-10-27 11:00:00,0.3372,0.3394,0.3348,0.3379,2251034.2
2025-10-27 12:00:00,0.3378,0.3379,0.3332,0.3334,1504877.3
2025-10-27 13:00:00,0.3335,0.3355,0.3296,0.3338,2991825.9
2025-10-27 14:00:00,0.3338,0.3344,0.3294,0.3317,2462880.5
2025-10-27 15:00:00,0.3316,0.3353,0.3316,0.3336,1506520.8
2025-10-27 16:00:00,0.3337,0.3397,0.3337,0.3395,3132568.7
2025-10-27 17:00:00,0.3395,0.341,0.3379,0.3402,3288059.1
2025-10-27 18:00:00,0.3401,0.3412,0.3381,0.3387,1775523.6
2025-10-27 19:00:00,0.3386,0.3388,0.335,0.3353,1768277.2
2025-10-27 20:00:00,0.3353,0.3354,0.3317,0.3319,2650158.8
2025-10-27 21:00:00,0.3319,0.3351,0.3306,0.3329,2293119.0
2025-10-27 22:00:00,0.333,0.3346,0.3307,0.331,1491731.1
2025-10-27 23:00:00,0.331,0.3318,0.3287,0.3305,2214539.6
2025-10-28 00:00:00,0.3305,0.3319,0.3289,0.3304,1890029.3
2025-10-28 01:00:00,0.3305,0.3334,0.3305,0.3326,1068082.1
2025-10-28 02:00:00,0.3326,0.3333,0.3268,0.3296,1876322.8
2025-10-28 03:00:00,0.3295,0.3303,0.3273,0.3288,1699570.2
2025-10-28 04:00:00,0.3288,0.3308,0.3278,0.3297,1111151.0
2025-10-28 05:00:00,0.3297,0.3309,0.3255,0.3257,2751263.5
2025-10-28 06:00:00,0.3257,0.3328,0.3257,0.3325,3241954.4
2025-10-28 07:00:00,0.3326,0.334,0.328,0.3287,2638493.9
2025-10-28 08:00:00,0.3287,0.3313,0.3279,0.33,1723222.4
2025-10-28 09:00:00,0.3299,0.3308,0.3281,0.3297,1286245.3
2025-10-28 10:00:00,0.3298,0.3299,0.3273,0.3285,1516372.1
2025-10-28 11:00:00,0.3285,0.3303,0.3272,0.3276,1623063.6
2025-10-28 12:00:00,0.3275,0.3311,0.3266,0.3306,2170416.0
2025-10-28 13:00:00,0.3307,0.3339,0.3307,0.3326,3731939.2
2025-10-28 14:00:00,0.3326,0.3338,0.3209,0.3279,9615716.6
2025-10-28 15:00:00,0.3279,0.3301,0.3241,0.3253,3845972.4
2025-10-28 16:00:00,0.3252,0.3302,0.3243,0.3289,2525866.0
2025-10-28 17:00:00,0.3289,0.3297,0.3269,0.3281,976087.0
2025-10-28 18:00:00,0.3281,0.329,0.3243,0.3255,1849652.5
2025-10-28 19:00:00,0.3255,0.3259,0.3178,0.3193,5052446.5
2025-10-28 20:00:00,0.3193,0.3194,0.3111,0.313,11963075.0
2025-10-28 21:00:00,0.3129,0.3141,0.3073,0.312,5655401.3
2025-10-28 22:00:00,0.312,0.3158,0.3112,0.3153,2050667.4
2025-10-28 23:00:00,0.3153,0.3157,0.3139,0.3149,1050273.5
2025-10-29 00:00:00,0.3149,0.3163,0.3145,0.3154,1105023.0
2025-10-29 01:00:00,0.3153,0.3176,0.3147,0.3159,1365546.9
2025-10-29 02:00:00,0.3159,0.316,0.3147,0.3158,947653.7
2025-10-29 03:00:00,0.3158,0.3167,0.3144,0.3162,1075302.4
2025-10-29 04:00:00,0.3163,0.3188,0.3161,0.3176,838891.8
2025-10-29 05:00:00,0.3175,0.3189,0.3173,0.318,1358302.4
2025-10-29 06:00:00,0.318,0.318,0.3166,0.3173,2078120.3
2025-10-29 07:00:00,0.3173,0.3186,0.3163,0.3178,1046156.2
2025-10-29 08:00:00,0.3177,0.3181,0.3153,0.3159,1100962.7
2025-10-29 09:00:00,0.3158,0.3176,0.315,0.3172,1211048.1
2025-10-29 10:00:00,0.3171,0.323,0.3169,0.3219,2007501.1
2025-10-29 11:00:00,0.322,0.3245,0.3217,0.3232,2155446.8
2025-10-29 12:00:00,0.3233,0.3274,0.3231,0.326,1824913.8
2025-10-29 13:00:00,0.3261,0.3291,0.326,0.3271,4170532.3
2025-10-29 14:00:00,0.3271,0.3286,0.3241,0.3258,2684808.9
2025-10-29 15:00:00,0.3259,0.3264,0.3182,0.32,4070638.0
2025-10-29 16:00:00,0.32,0.3202,0.3161,0.3182,4223366.2
2025-10-29 17:00:00,0.3181,0.3264,0.3171,0.3264,2942729.1
2025-10-29 18:00:00,0.3264,0.3271,0.3092,0.3204,27262063.6
2025-10-29 19:00:00,0.3204,0.3254,0.3184,0.3229,4571424.5
2025-10-29 20:00:00,0.323,0.3286,0.3206,0.3271,5066148.8
2025-10-29 21:00:00,0.3271,0.3272,0.3238,0.3248,2080363.1
2025-10-29 22:00:00,0.3248,0.325,0.3231,0.3237,967437.1
2025-10-29 23:00:00,0.3237,0.3237,0.3159,0.3176,2569999.2
2025-10-30 00:00:00,0.3176,0.3203,0.3153,0.3197,1738892.4
2025-10-30 01:00:00,0.3196,0.3205,0.3169,0.3189,1411612.7
2025-10-30 02:00:00,0.3189,0.322,0.3184,0.3212,1692409.3
2025-10-30 03:00:00,0.3213,0.3214,0.3171,0.3184,1691629.1
2025-10-30 04:00:00,0.3183,0.3183,0.3056,0.3088,10151500.6
2025-10-30 05:00:00,0.3089,0.3161,0.3076,0.3152,2821647.3
2025-10-30 06:00:00,0.3152,0.3156,0.3122,0.3137,1816487.8
2025-10-30 07:00:00,0.3138,0.3178,0.3129,0.3169,1780421.7
2025-10-30 08:00:00,0.3169,0.3169,0.312,0.312,1501126.6
2025-10-30 09:00:00,0.312,0.3125,0.3091,0.3099,2146639.2
2025-10-30 10:00:00,0.3098,0.3115,0.3081,0.309,3596144.3
2025-10-30 11:00:00,0.309,0.3101,0.3074,0.3075,2320258.7
2025-10-30 12:00:00,0.3075,0.3079,0.3001,0.3028,12426651.6
2025-10-30 13:00:00,0.3028,0.3035,0.2957,0.2972,10931924.3
2025-10-30 14:00:00,0.2972,0.2995,0.2957,0.2963,5290181.4
2025-10-30 15:00:00,0.2963,0.2969,0.2905,0.2915,5892796.0
2025-10-30 16:00:00,0.2914,0.2931,0.289,0.2901,6023588.9
2025-10-30 17:00:00,0.2901,0.2901,0.2828,0.2874,7055890.8
2025-10-30 18:00:00,0.2874,0.2878,0.2827,0.2833,4067977.3
2025-10-30 19:00:00,0.2833,0.2843,0.2791,0.2808,5785769.5
2025-10-30 20:00:00,0.2808,0.2863,0.2799,0.2856,7763840.2
2025-10-30 21:00:00,0.2857,0.2877,0.2841,0.2867,3109658.4
2025-10-30 22:00:00,0.2867,0.2874,0.2856,0.2871,2477814.7
2025-10-30 23:00:00,0.2872,0.2904,0.2868,0.2902,4050488.8
2025-10-31 00:00:00,0.2901,0.2924,0.2887,0.2916,2776040.3
2025-10-31 01:00:00,0.2917,0.2947,0.2907,0.2945,2775577.7
2025-10-31 02:00:00,0.2946,0.2948,0.2903,0.292,1870871.9
2025-10-31 03:00:00,0.292,0.2928,0.2898,0.291,2710556.6
2025-10-31 04:00:00,0.2911,0.2948,0.2906,0.2943,3491131.4
2025-10-31 05:00:00,0.2943,0.2944,0.2922,0.2927,1004143.2
2025-10-31 06:00:00,0.2927,0.2933,0.2915,0.2921,1118260.4
2025-10-31 07:00:00,0.2922,0.2934,0.2914,0.2922,1322562.9
2025-10-31 08:00:00,0.2922,0.2936,0.2908,0.2935,1145739.9
2025-10-31 09:00:00,0.2935,0.2943,0.2923,0.2932,1328582.2
2025-10-31 10:00:00,0.2933,0.297,0.2927,0.2941,3265959.5
2025-10-31 11:00:00,0.2941,0.2985,0.2927,0.2981,2552364.2
2025-10-31 12:00:00,0.2981,0.3002,0.2961,0.2962,4073108.2
2025-10-31 13:00:00,0.2962,0.2987,0.2946,0.298,2895328.8
2025-10-31 14:00:00,0.2981,0.2995,0.2959,0.2991,3689715.8
2025-10-31 15:00:00,0.2991,0.3002,0.2962,0.2967,3062309.3
2025-10-31 16:00:00,0.2967,0.2975,0.2877,0.2884,3665754.1
2025-10-31 17:00:00,0.2883,0.2908,0.2853,0.2891,4258340.9
2025-10-31 18:00:00,0.2892,0.2937,0.2885,0.292,3534062.0
2025-10-31 19:00:00,0.2919,0.2985,0.2899,0.2975,2835778.9
2025-10-31 20:00:00,0.2974,0.2976,0.2932,0.2936,1529923.9
2025-10-31 21:00:00,0.2935,0.2945,0.2925,0.2939,2300234.6
2025-10-31 22:00:00,0.294,0.2959,0.2936,0.2954,612820.8
2025-10-31 23:00:00,0.2954,0.2958,0.2949,0.2953,1412341.0
2025-11-01 00:00:00,0.2953,0.2963,0.2935,0.2961,849322.0
2025-11-01 01:00:00,0.2961,0.2977,0.2954,0.2954,782443.1
2025-11-01 02:00:00,0.2954,0.298,0.2939,0.2979,917432.0
2025-11-01 03:00:00,0.298,0.3005,0.2978,0.2997,2086197.6
2025-11-01 04:00:00,0.2997,0.2999,0.2972,0.2983,1231633.9
2025-11-01 05:00:00,0.2982,0.2984,0.2962,0.2964,1207054.1
2025-11-01 06:00:00,0.2965,0.2978,0.296,0.2977,785252.4
2025-11-01 07:00:00,0.2977,0.3016,0.2974,0.3007,2726721.0
2025-11-01 08:00:00,0.3008,0.3036,0.3005,0.3034,2654844.2
2025-11-01 09:00:00,0.3035,0.3044,0.3007,0.3011,2677336.0
2025-11-01 10:00:00,0.3011,0.3032,0.3007,0.3025,1174518.0
2025-11-01 11:00:00,0.3026,0.3043,0.3025,0.304,1780161.7
2025-11-01 12:00:00,0.304,0.3059,0.304,0.3056,1881927.3
2025-11-01 13:00:00,0.3056,0.307,0.3028,0.3053,3381521.8
2025-11-01 14:00:00,0.3052,0.3062,0.3015,0.3032,2673786.6
2025-11-01 15:00:00,0.3032,0.3069,0.303,0.3046,3202001.9
2025-11-01 16:00:00,0.3045,0.3081,0.304,0.3065,2612118.6
2025-11-01 17:00:00,0.3065,0.3066,0.3049,0.3053,1640847.3
2025-11-01 18:00:00,0.3054,0.3068,0.3048,0.3067,1007006.2
2025-11-01 19:00:00,0.3067,0.3069,0.305,0.3069,870932.8
2025-11-01 20:00:00,0.307,0.3088,0.3065,0.307,1595764.4
2025-11-01 21:00:00,0.307,0.3076,0.3031,0.3036,1701760.9
2025-11-01 22:00:00,0.3036,0.3058,0.3034,0.3057,882085.3
2025-11-01 23:00:00,0.3058,0.3075,0.3058,0.3069,699435.5
2025-11-02 00:00:00,0.3069,0.307,0.3052,0.3056,1098436.9
2025-11-02 01:00:00,0.3055,0.3069,0.3049,0.3053,687695.3
2025-11-02 02:00:00,0.3053,0.3067,0.3048,0.3048,633491.5
2025-11-02 03:00:00,0.3049,0.3054,0.3036,0.3042,645879.2
2025-11-02 04:00:00,0.3042,0.309,0.3035,0.3086,1725851.2
2025-11-02 05:00:00,0.3087,0.3111,0.3072,0.311,3391157.9
2025-11-02 06:00:00,0.311,0.3132,0.3098,0.3122,3770587.6
2025-11-02 07:00:00,0.3121,0.3139,0.3113,0.3131,2704440.7
2025-11-02 08:00:00,0.3131,0.3139,0.3079,0.3094,3999882.2
2025-11-02 09:00:00,0.3095,0.3114,0.3075,0.3079,4291272.3
2025-11-02 10:00:00,0.308,0.3092,0.3062,0.3082,2193536.9
2025-11-02 11:00:00,0.3082,0.3118,0.308,0.3115,2930426.3
2025-11-02 12:00:00,0.3115,0.3117,0.3089,0.3097,2619616.3
2025-11-02 13:00:00,0.3097,0.3098,0.3063,0.3074,2181015.1
2025-11-02 14:00:00,0.3074,0.308,0.2991,0.3009,5641050.7
2025-11-02 15:00:00,0.3008,0.3029,0.2989,0.2998,2400636.9
2025-11-02 16:00:00,0.2997,0.3022,0.2963,0.3021,3008965.0
2025-11-02 17:00:00,0.3021,0.3021,0.2994,0.301,1268601.7
2025-11-02 18:00:00,0.301,0.301,0.2992,0.2994,1001476.7
2025-11-02 19:00:00,0.2993,0.2999,0.2966,0.2988,2117143.1
2025-11-02 20:00:00,0.2987,0.3005,0.2976,0.3004,1238940.9
2025-11-02 21:00:00,0.3005,0.3025,0.3001,0.3013,921985.6
2025-11-02 22:00:00,0.3013,0.3023,0.2992,0.3008,1466799.4
2025-11-02 23:00:00,0.3009,0.3086,0.3009,0.3075,2746508.7
2025-11-03 00:00:00,0.3075,0.3086,0.3013,0.3015,1632637.8
2025-11-03 01:00:00,0.3014,0.3022,0.2976,0.2985,2255735.6
2025-11-03 02:00:00,0.2984,0.2988,0.2937,0.296,3973388.2
2025-11-03 03:00:00,0.2961,0.2967,0.286,0.2863,6868770.4
2025-11-03 04:00:00,0.2863,0.2864,0.2824,0.2863,5910355.5
2025-11-03 05:00:00,0.2862,0.2888,0.2827,0.2829,3479709.7
2025-11-03 06:00:00,0.2829,0.2838,0.2777,0.2815,4999676.3
2025-11-03 07:00:00,0.2814,0.2852,0.2796,0.284,3835752.5
2025-11-03 08:00:00,0.284,0.2847,0.2799,0.283,3522369.7
2025-11-03 09:00:00,0.283,0.2859,0.28,0.28,5299800.6
2025-11-03 10:00:00,0.28,0.282,0.2769,0.278,5109464.4
2025-11-03 11:00:00,0.2781,0.2826,0.2781,0.2806,3874530.0
2025-11-03 12:00:00,0.2807,0.2836,0.2806,0.2808,2374119.0
2025-11-03 13:00:00,0.2807,0.284,0.279,0.2817,3538297.1
2025-11-03 14:00:00,0.2817,0.2855,0.2801,0.2832,2886458.8
2025-11-03 15:00:00,0.2833,0.2837,0.2538,0.2624,47556303.9
2025-11-03 16:00:00,0.2625,0.2687,0.26,0.2668,9750289.3
2025-11-03 17:00:00,0.2668,0.2732,0.2663,0.272,6383218.6
2025-11-03 18:00:00,0.272,0.2723,0.2662,0.2664,3302734.1
2025-11-03 19:00:00,0.2664,0.2672,0.2625,0.2625,3412656.6
2025-11-03 20:00:00,0.2626,0.2635,0.256,0.258,6881144.0
2025-11-03 21:00:00,0.258,0.262,0.256,0.2609,6122189.8
2025-11-03 22:00:00,0.2608,0.2617,0.2567,0.2591,3149858.9
2025-11-03 23:00:00,0.2591,0.2624,0.2573,0.2612,3333369.0
2025-11-04 00:00:00,0.2613,0.2669,0.2593,0.2652,3985379.7
2025-11-04 01:00:00,0.2653,0.2678,0.2635,0.2659,4262527.6
2025-11-04 02:00:00,0.2658,0.2668,0.2648,0.2656,2588682.8
2025-11-04 03:00:00,0.2657,0.2699,0.2652,0.2692,3269966.8
2025-11-04 04:00:00,0.2692,0.272,0.269,0.2699,3135750.5
2025-11-04 05:00:00,0.2699,0.2703,0.2551,0.2559,12774297.3
2025-11-04 06:00:00,0.2558,0.2671,0.2555,0.2603,9893405.5
2025-11-04 07:00:00,0.2602,0.2607,0.2534,0.2556,8435101.3
2025-11-04 08:00:00,0.2556,0.2623,0.2533,0.2597,6873954.9
2025-11-04 09:00:00,0.2596,0.2627,0.2588,0.2624,4348412.7
2025-11-04 10:00:00,0.2625,0.2648,0.2617,0.2636,5756776.9
2025-11-04 11:00:00,0.2635,0.2672,0.2628,0.264,3994481.1
2025-11-04 12:00:00,0.264,0.2642,0.2606,0.2618,2794502.8
2025-11-04 13:00:00,0.2618,0.2632,0.2588,0.2604,3477151.3
2025-11-04 14:00:00,0.2604,0.2684,0.2576,0.2667,7735553.5
2025-11-04 15:00:00,0.2668,0.2687,0.2613,0.2623,6161673.9
2025-11-04 16:00:00,0.2624,0.2644,0.2565,0.2572,6441580.9
2025-11-04 17:00:00,0.2572,0.2583,0.2491,0.2549,14236741.5
2025-11-04 18:00:00,0.2548,0.255,0.2443,0.2524,17435541.9
2025-11-04 19:00:00,0.2525,0.2549,0.248,0.2484,6686020.0
2025-11-04 20:00:00,0.2485,0.2504,0.2364,0.2475,33092565.1
2025-11-04 21:00:00,0.2475,0.2481,0.2344,0.2476,28917039.9
2025-11-04 22:00:00,0.2477,0.2565,0.2462,0.2544,11382504.1
2025-11-04 23:00:00,0.2544,0.2574,0.2538,0.2548,5143088.1
2025-11-05 00:00:00,0.2549,0.2563,0.2507,0.2521,4379562.7
2025-11-05 01:00:00,0.2522,0.2524,0.2421,0.2513,10238088.3
2025-11-05 02:00:00,0.2513,0.2613,0.2513,0.2612,10481050.8
2025-11-05 03:00:00,0.2613,0.263,0.2594,0.262,5680623.0
2025-11-05 04:00:00,0.262,0.2635,0.2604,0.2618,2889711.1
2025-11-05 05:00:00,0.2619,0.2637,0.2607,0.2609,2851737.0
2025-11-05 06:00:00,0.2609,0.2612,0.2582,0.2605,3421869.2
2025-11-05 07:00:00,0.2606,0.2609,0.2577,0.2603,2991951.3
2025-11-05 08:00:00,0.2603,0.2603,0.2548,0.2566,3674124.0
2025-11-05 09:00:00,0.2566,0.2599,0.256,0.2596,3842730.3
2025-11-05 10:00:00,0.2595,0.2601,0.2563,0.2564,3350568.1
2025-11-05 11:00:00,0.2564,0.2624,0.2563,0.2618,2896098.5
2025-11-05 12:00:00,0.2618,0.2642,0.261,0.263,4274467.7
2025-11-05 13:00:00,0.2629,0.2656,0.2609,0.2642,2955477.3
2025-11-05 14:00:00,0.2641,0.2652,0.2594,0.2629,5228247.6
2025-11-05 15:00:00,0.2629,0.2664,0.2618,0.2662,5065469.6
2025-11-05 16:00:00,0.2661,0.2692,0.2629,0.2688,4769113.5
2025-11-05 17:00:00,0.2687,0.2697,0.2676,0.2697,3064835.1
2025-11-05 18:00:00,0.2697,0.2716,0.2687,0.2702,3447048.4
2025-11-05 19:00:00,0.2702,0.2712,0.2687,0.2696,2574860.8
2025-11-05 20:00:00,0.2697,0.2712,0.2686,0.2694,3698082.7
2025-11-05 21:00:00,0.2694,0.2699,0.2685,0.2688,11223639.8
2025-11-05 22:00:00,0.2688,0.2708,0.2685,0.2708,1572978.6
2025-11-05 23:00:00,0.2709,0.2714,0.2698,0.2698,1817359.7
2025-11-06 00:00:00,0.2697,0.2701,0.2673,0.2681,5188253.2
2025-11-06 01:00:00,0.2681,0.2692,0.2637,0.2674,8667746.0
2025-11-06 02:00:00,0.2674,0.2695,0.2647,0.2685,3464634.1
2025-11-06 03:00:00,0.2686,0.2697,0.2678,0.2679,1503467.3
2025-11-06 04:00:00,0.2679,0.2694,0.2676,0.2686,1299093.3
2025-11-06 05:00:00,0.2685,0.2685,0.2624,0.2632,2779025.8
2025-11-06 06:00:00,0.2633,0.2648,0.263,0.2635,1302302.1
2025-11-06 07:00:00,0.2635,0.2652,0.2621,0.2624,2237912.6
2025-11-06 08:00:00,0.2623,0.264,0.2617,0.2629,1846286.3
2025-11-06 09:00:00,0.263,0.2644,0.2621,0.2623,1633899.4
2025-11-06 10:00:00,0.2624,0.2644,0.2607,0.2632,3143441.7
2025-11-06 11:00:00,0.2631,0.2637,0.2614,0.2629,2385860.1
2025-11-06 12:00:00,0.2629,0.2635,0.2587,0.2587,4019272.4
2025-11-06 13:00:00,0.2586,0.2667,0.2586,0.2649,13971105.8
2025-11-06 14:00:00,0.265,0.2659,0.2594,0.2601,6162308.2
2025-11-06 15:00:00,0.26,0.2637,0.2562,0.2578,9045405.0
2025-11-06 16:00:00,0.2578,0.2599,0.2532,0.2566,6989168.6
2025-11-06 17:00:00,0.2567,0.2615,0.2558,0.2613,5337122.7
2025-11-06 18:00:00,0.2612,0.2643,0.2573,0.262,4066676.3
2025-11-06 19:00:00,0.2619,0.2638,0.2608,0.2634,3096131.2
2025-11-06 20:00:00,0.2635,0.2651,0.2606,0.2626,3318492.8
2025-11-06 21:00:00,0.2626,0.2655,0.2612,0.2644,2136118.6
2025-11-06 22:00:00,0.2643,0.2655,0.2625,0.2653,3160917.2
2025-11-06 23:00:00,0.2652,0.2652,0.2619,0.2647,2102255.7
2025-11-07 00:00:00,0.2647,0.2701,0.2643,0.2695,4200112.6
2025-11-07 01:00:00,0.2695,0.2711,0.2649,0.2689,5967492.9
2025-11-07 02:00:00,0.2689,0.2707,0.2665,0.2706,2961149.3
2025-11-07 03:00:00,0.2707,0.2735,0.2703,0.2715,3440219.9
2025-11-07 04:00:00,0.2715,0.2724,0.2681,0.2701,3439476.4
2025-11-07 05:00:00,0.2701,0.2753,0.2699,0.2749,3467377.1
2025-11-07 06:00:00,0.2749,0.2769,0.2737,0.2745,3404467.3
2025-11-07 07:00:00,0.2745,0.2791,0.274,0.279,3529049.0
2025-11-07 08:00:00,0.279,0.2793,0.2751,0.2762,3124146.9
2025-11-07 09:00:00,0.2762,0.2766,0.2704,0.2744,4384336.4
2025-11-07 10:00:00,0.2744,0.2764,0.271,0.2725,3558734.6
2025-11-07 11:00:00,0.2724,0.2724,0.2658,0.2693,9284947.4
2025-11-07 12:00:00,0.2694,0.2709,0.2631,0.265,6851345.2
2025-11-07 13:00:00,0.265,0.2695,0.2638,0.2681,4625760.2
2025-11-07 14:00:00,0.268,0.2771,0.2637,0.2751,11534481.2
2025-11-07 15:00:00,0.2752,0.2815,0.2728,0.2803,13852961.4
2025-11-07 16:00:00,0.2803,0.2952,0.2793,0.2936,17299274.5
2025-11-07 17:00:00,0.2937,0.2988,0.2894,0.2986,16138818.0
2025-11-07 18:00:00,0.2986,0.3041,0.298,0.2999,10884879.6
2025-11-07 19:00:00,0.2998,0.3033,0.2989,0.3022,6601990.1
2025-11-07 20:00:00,0.3021,0.304,0.3002,0.303,4260189.9
2025-11-07 21:00:00,0.3031,0.3053,0.3024,0.304,3736127.4
2025-11-07 22:00:00,0.3041,0.3056,0.3025,0.3032,4200738.8
2025-11-07 23:00:00,0.3032,0.3033,0.2982,0.2996,8129574.2
2025-11-08 00:00:00,0.2996,0.3051,0.2972,0.2973,7509059.1
2025-11-08 01:00:00,0.2973,0.304,0.2968,0.304,4055702.6
2025-11-08 02:00:00,0.304,0.3134,0.3038,0.3083,8968404.8
2025-11-08 03:00:00,0.3083,0.3101,0.3031,0.3034,4348047.9
2025-11-08 04:00:00,0.3033,0.3076,0.3032,0.3044,3124521.7
2025-11-08 05:00:00,0.3043,0.3052,0.2977,0.2981,5272399.4
2025-11-08 06:00:00,0.2982,0.3006,0.2958,0.2985,5256256.6
2025-11-08 07:00:00,0.2985,0.2991,0.2948,0.2985,3939665.8
2025-11-08 08:00:00,0.2984,0.3028,0.2957,0.3008,4268104.9
2025-11-08 09:00:00,0.3007,0.3008,0.2958,0.2973,3470772.0
2025-11-08 10:00:00,0.2973,0.3011,0.297,0.3004,1807197.2
2025-11-08 11:00:00,0.3003,0.3035,0.2994,0.301,4050574.0
2025-11-08 12:00:00,0.301,0.3024,0.2987,0.3009,3453492.8
2025-11-08 13:00:00,0.3009,0.3012,0.2943,0.2945,4733470.0
2025-11-08 14:00:00,0.2946,0.2958,0.2907,0.2943,5894521.8
2025-11-08 15:00:00,0.2944,0.2951,0.2883,0.2897,4638621.9
2025-11-08 16:00:00,0.2897,0.2917,0.2873,0.291,4995257.8
2025-11-08 17:00:00,0.291,0.2933,0.2896,0.292,2552180.1
2025-11-08 18:00:00,0.2921,0.2933,0.2908,0.2929,1608040.3
2025-11-08 19:00:00,0.2929,0.2934,0.2893,0.2921,1857130.2
2025-11-08 20:00:00,0.2921,0.2939,0.2902,0.2933,1168654.3
2025-11-08 21:00:00,0.2934,0.2951,0.2927,0.2949,987793.1
2025-11-08 22:00:00,0.295,0.2975,0.294,0.2966,1304583.0
2025-11-08 23:00:00,0.2966,0.2987,0.2956,0.2981,1082288.0
2025-11-09 00:00:00,0.2982,0.2984,0.2933,0.2941,1284098.1
2025-11-09 01:00:00,0.2941,0.2966,0.293,0.295,1633068.2
2025-11-09 02:00:00,0.2949,0.2951,0.2865,0.2875,3087449.2
2025-11-09 03:00:00,0.2875,0.2888,0.2842,0.2867,3025628.0
2025-11-09 04:00:00,0.2867,0.2898,0.286,0.287,1462630.1
2025-11-09 05:00:00,0.287,0.2887,0.2857,0.2882,1453188.7
2025-11-09 06:00:00,0.2881,0.2901,0.2868,0.288,1083736.4
2025-11-09 07:00:00,0.2879,0.2934,0.2878,0.2928,2151012.5
2025-11-09 08:00:00,0.2928,0.2929,0.2886,0.2897,1005507.1
2025-11-09 09:00:00,0.2897,0.2921,0.2865,0.2871,2268815.3
2025-11-09 10:00:00,0.287,0.2902,0.2846,0.2901,2777255.9
2025-11-09 11:00:00,0.2902,0.2946,0.2902,0.2921,2583159.6
2025-11-09 12:00:00,0.2921,0.2948,0.2914,0.2933,2339177.1
2025-11-09 13:00:00,0.2933,0.2964,0.2927,0.2946,2365203.7
2025-11-09 14:00:00,0.2945,0.3028,0.2931,0.2978,8123705.2
2025-11-09 15:00:00,0.2978,0.3019,0.2978,0.2991,4299017.8
2025-11-09 16:00:00,0.2991,0.302,0.2976,0.3006,3222697.2
2025-11-09 17:00:00,0.3007,0.301,0.2969,0.2978,2718860.8
2025-11-09 18:00:00,0.2979,0.301,0.2961,0.3004,1843861.5
2025-11-09 19:00:00,0.3004,0.3028,0.2991,0.3028,3783752.4
2025-11-09 20:00:00,0.3028,0.3032,0.3,0.3005,2377260.8
2025-11-09 21:00:00,0.3004,0.301,0.2986,0.3003,1514203.5
2025-11-09 22:00:00,0.3004,0.3006,0.2974,0.2995,1079052.4
2025-11-09 23:00:00,0.2996,0.3029,0.298,0.2993,2564694.8
2025-11-10 00:00:00,0.2994,0.3054,0.2969,0.3034,3774467.0
2025-11-10 01:00:00,0.3034,0.305,0.3007,0.3009,3043900.5
2025-11-10 02:00:00,0.3008,0.3022,0.2992,0.3014,1673724.0
2025-11-10 03:00:00,0.3014,0.3039,0.3014,0.302,2272961.8
2025-11-10 04:00:00,0.302,0.3033,0.2999,0.3026,1964039.1
2025-11-10 05:00:00,0.3027,0.3045,0.3,0.302,2039282.6
2025-11-10 06:00:00,0.3021,0.3029,0.2994,0.3013,1884947.8
2025-11-10 07:00:00,0.3014,0.303,0.2996,0.3008,1949626.1
2025-11-10 08:00:00,0.3007,0.3008,0.2956,0.2977,3568220.9
2025-11-10 09:00:00,0.2976,0.3049,0.2971,0.3038,3175984.1
2025-11-10 10:00:00,0.3039,0.305,0.2991,0.3011,2852066.6
2025-11-10 11:00:00,0.3012,0.3058,0.3009,0.3035,2572372.9
2025-11-10 12:00:00,0.3036,0.3039,0.3007,0.3014,2672718.5
2025-11-10 13:00:00,0.3014,0.3033,0.2991,0.3019,3965434.4
2025-11-10 14:00:00,0.3018,0.3018,0.2924,0.2946,7467850.9
2025-11-10 15:00:00,0.2945,0.2991,0.2938,0.295,4487721.0
2025-11-10 16:00:00,0.2949,0.2976,0.2917,0.2935,3265105.7
2025-11-10 17:00:00,0.2934,0.2989,0.293,0.2981,2578688.2
2025-11-10 18:00:00,0.2981,0.3001,0.2968,0.2968,2162629.7
2025-11-10 19:00:00,0.2968,0.3037,0.2968,0.3015,3366346.3
2025-11-10 20:00:00,0.3015,0.3055,0.3011,0.302,2819131.9
2025-11-10 21:00:00,0.3021,0.3032,0.2988,0.3024,3554529.4
2025-11-10 22:00:00,0.3024,0.312,0.2999,0.3111,4374735.5
2025-11-10 23:00:00,0.3111,0.3116,0.3059,0.3069,4103378.0
2025-11-11 00:00:00,0.3069,0.3081,0.3016,0.3046,2967180.0
2025-11-11 01:00:00,0.3046,0.3138,0.3039,0.3054,6553319.8
2025-11-11 02:00:00,0.3055,0.3127,0.3033,0.31,4623031.7
2025-11-11 03:00:00,0.3099,0.3119,0.3083,0.3095,3634424.3
2025-11-11 04:00:00,0.3094,0.3101,0.3038,0.3042,2376316.1
2025-11-11 05:00:00,0.3043,0.3044,0.2978,0.2982,4149858.4
2025-11-11 06:00:00,0.2981,0.3,0.2961,0.299,4170273.7
2025-11-11 07:00:00,0.2989,0.299,0.2926,0.2927,3695064.6
2025-11-11 08:00:00,0.2927,0.2952,0.2913,0.2939,3109172.0
2025-11-11 09:00:00,0.2939,0.2968,0.292,0.292,2660533.7
2025-11-11 10:00:00,0.2919,0.2931,0.2906,0.2919,3043413.5
2025-11-11 11:00:00,0.292,0.2942,0.2912,0.2925,2537233.1
2025-11-11 12:00:00,0.2926,0.2951,0.2893,0.29,4213290.0
2025-11-11 13:00:00,0.2901,0.2925,0.2883,0.2887,3414340.5
2025-11-11 14:00:00,0.2887,0.2913,0.2851,0.291,6495122.3
2025-11-11 15:00:00,0.2909,0.2909,0.2842,0.2849,6514516.1
2025-11-11 16:00:00,0.2848,0.2871,0.2834,0.2852,3923542.1
2025-11-11 17:00:00,0.2852,0.2876,0.2813,0.283,4040565.3
2025-11-11 18:00:00,0.283,0.2843,0.2803,0.2821,3432941.2
2025-11-11 19:00:00,0.2821,0.2826,0.2797,0.2806,2643334.8
2025-11-11 20:00:00,0.2806,0.2812,0.2776,0.2785,2867841.3
2025-11-11 21:00:00,0.2784,0.2807,0.2764,0.2774,2563502.2
2025-11-11 22:00:00,0.2773,0.2812,0.2759,0.2805,3137803.6
2025-11-11 23:00:00,0.2806,0.2806,0.2745,0.2756,2277143.3
2025-11-12 00:00:00,0.2756,0.2775,0.2737,0.274,2992466.5
2025-11-12 01:00:00,0.274,0.2783,0.274,0.2771,3563512.2
2025-11-12 02:00:00,0.2771,0.2779,0.2727,0.2749,3422843.3
2025-11-12 03:00:00,0.2749,0.2768,0.2742,0.2763,2110233.7
2025-11-12 04:00:00,0.2764,0.2769,0.2752,0.2769,1659279.4
2025-11-12 05:00:00,0.2769,0.2783,0.2762,0.2766,2331879.6
2025-11-12 06:00:00,0.2766,0.2785,0.2763,0.2765,2293175.2
2025-11-12 07:00:00,0.2765,0.2772,0.2728,0.2735,3375664.3
2025-11-12 08:00:00,0.2735,0.2792,0.2735,0.2781,4125138.2
2025-11-12 09:00:00,0.2781,0.2805,0.2765,0.277,3655242.0
2025-11-12 10:00:00,0.277,0.2799,0.2769,0.2784,3704460.1
2025-11-12 11:00:00,0.2784,0.2807,0.2762,0.2769,4486380.1
2025-11-12 12:00:00,0.2769,0.2775,0.2738,0.2752,6197933.6
2025-11-12 13:00:00,0.2752,0.2799,0.274,0.2792,3268419.3
2025-11-12 14:00:00,0.2791,0.2792,0.2676,0.2713,10432031.5
2025-11-12 15:00:00,0.2713,0.2737,0.2639,0.2651,10679226.1
2025-11-12 16:00:00,0.2652,0.266,0.2599,0.261,11250742.3
2025-11-12 17:00:00,0.261,0.2638,0.2581,0.2622,7046759.2
2025-11-12 18:00:00,0.2622,0.263,0.2593,0.2595,4125721.2
2025-11-12 19:00:00,0.2595,0.2602,0.2566,0.2591,5575059.1
2025-11-12 20:00:00,0.2591,0.2616,0.2583,0.2599,4228308.0
2025-11-12 21:00:00,0.2599,0.2605,0.2588,0.26,3488388.1
2025-11-12 22:00:00,0.2601,0.2611,0.2578,0.2599,19615088.1
2025-11-12 23:00:00,0.2598,0.26,0.2581,0.2594,2868682.3
2025-11-13 00:00:00,0.2595,0.2617,0.2591,0.26,2428151.5
2025-11-13 01:00:00,0.2599,0.2643,0.2599,0.2629,4065818.7
2025-11-13 02:00:00,0.2629,0.2639,0.2615,0.2625,1915990.9
2025-11-13 03:00:00,0.2626,0.2674,0.2585,0.2646,4607305.0
2025-11-13 04:00:00,0.2647,0.2662,0.2631,0.2647,4130672.4
2025-11-13 05:00:00,0.2647,0.2689,0.2632,0.2682,2656624.6
2025-11-13 06:00:00,0.2683,0.269,0.2672,0.2672,2472554.1
2025-11-13 07:00:00,0.2672,0.2691,0.2669,0.2676,3572929.5
2025-11-13 08:00:00,0.2676,0.27,0.2675,0.2686,2714904.2
2025-11-13 09:00:00,0.2686,0.269,0.2641,0.265,8390874.6
2025-11-13 10:00:00,0.265,0.2689,0.265,0.2662,6940633.4
2025-11-13 11:00:00,0.2662,0.2675,0.2655,0.2659,2062777.5
2025-11-13 12:00:00,0.266,0.2678,0.265,0.2675,2629182.2
2025-11-13 13:00:00,0.2675,0.269,0.2642,0.2659,4023513.4
2025-11-13 14:00:00,0.2659,0.2707,0.2616,0.2684,7715767.6
2025-11-13 15:00:00,0.2684,0.2694,0.261,0.2631,4859573.6
2025-11-13 16:00:00,0.263,0.2635,0.257,0.2574,7616442.2
2025-11-13 17:00:00,0.2575,0.2586,0.2497,0.2503,7401578.3
2025-11-13 18:00:00,0.2503,0.2512,0.2447,0.2467,9723093.2
2025-11-13 19:00:00,0.2467,0.2485,0.2407,0.2423,8708998.0
2025-11-13 20:00:00,0.2423,0.2434,0.2391,0.2409,7366715.1
2025-11-13 21:00:00,0.2408,0.2425,0.2389,0.2409,3911092.2
2025-11-13 22:00:00,0.2408,0.245,0.2404,0.2439,3957407.6
2025-11-13 23:00:00,0.2438,0.2481,0.2429,0.2447,5238334.8
2025-11-14 00:00:00,0.2447,0.2462,0.2411,0.2417,4085285.8
2025-11-14 01:00:00,0.2418,0.2433,0.2398,0.2402,4853985.2
2025-11-14 02:00:00,0.2403,0.2436,0.2402,0.2417,3702290.1
2025-11-14 03:00:00,0.2417,0.2419,0.2383,0.2401,3618519.7
2025-11-14 04:00:00,0.2401,0.2405,0.2306,0.2358,16464799.6
2025-11-14 05:00:00,0.2358,0.2417,0.2348,0.2413,13845912.7
2025-11-14 06:00:00,0.2413,0.2474,0.2376,0.2454,6310114.7
2025-11-14 07:00:00,0.2454,0.2468,0.2432,0.2451,5658215.7
2025-11-14 08:00:00,0.2451,0.2454,0.242,0.2426,4368825.5
2025-11-14 09:00:00,0.2425,0.2431,0.2384,0.2389,3858796.2
2025-11-14 10:00:00,0.2388,0.2419,0.2387,0.241,2519067.9
2025-11-14 11:00:00,0.2409,0.2411,0.237,0.239,4306877.7
2025-11-14 12:00:00,0.2389,0.2397,0.2329,0.2391,9916076.0
2025-11-14 13:00:00,0.2391,0.2408,0.236,0.2394,7228355.0
2025-11-14 14:00:00,0.2394,0.2455,0.2381,0.2431,12941616.3
2025-11-14 15:00:00,0.2431,0.2479,0.2404,0.2454,12552213.1
2025-11-14 16:00:00,0.2455,0.2493,0.2446,0.2477,6261356.5
2025-11-14 17:00:00,0.2477,0.2483,0.2417,0.243,4458162.6
2025-11-14 18:00:00,0.2429,0.2459,0.2415,0.2423,3511025.5
2025-11-14 19:00:00,0.2424,0.2504,0.2418,0.2464,5882816.1
2025-11-14 20:00:00,0.2465,0.2469,0.2388,0.2406,5286919.4
2025-11-14 21:00:00,0.2406,0.2442,0.2398,0.2426,2371779.4
2025-11-14 22:00:00,0.2425,0.244,0.2395,0.2406,2114537.7
2025-11-14 23:00:00,0.2406,0.2407,0.2322,0.2377,18977701.1
2025-11-15 00:00:00,0.2377,0.2407,0.2373,0.2404,3279052.5
2025-11-15 01:00:00,0.2404,0.2438,0.2392,0.2431,3392686.3
2025-11-15 02:00:00,0.2431,0.244,0.2414,0.2439,2258171.2
2025-11-15 03:00:00,0.2439,0.245,0.2435,0.2444,2267905.3
2025-11-15 04:00:00,0.2445,0.2458,0.2438,0.2444,1362002.7
2025-11-15 05:00:00,0.2445,0.2465,0.2438,0.2462,1369314.8
2025-11-15 06:00:00,0.2463,0.2494,0.2457,0.2477,2817658.8
2025-11-15 07:00:00,0.2477,0.2477,0.2444,0.2449,1420252.3
2025-11-15 08:00:00,0.2449,0.245,0.2395,0.2409,2590950.7
2025-11-15 09:00:00,0.2408,0.2434,0.2403,0.2414,1607281.8
2025-11-15 10:00:00,0.2413,0.2432,0.2405,0.243,1679016.4
2025-11-15 11:00:00,0.243,0.2432,0.2403,0.2412,1430271.5
2025-11-15 12:00:00,0.2411,0.2447,0.2407,0.2446,1877731.1
2025-11-15 13:00:00,0.2446,0.2464,0.2436,0.245,2293956.7
2025-11-15 14:00:00,0.2449,0.2449,0.2423,0.2431,2501837.7
2025-11-15 15:00:00,0.2431,0.2439,0.2421,0.2429,1385382.5
2025-11-15 16:00:00,0.2428,0.2434,0.2411,0.2431,1517342.8
2025-11-15 17:00:00,0.2431,0.2457,0.2425,0.2454,2191915.6
2025-11-15 18:00:00,0.2454,0.246,0.2438,0.2442,1321979.1
2025-11-15 19:00:00,0.2442,0.2446,0.2431,0.2433,923381.7
2025-11-15 20:00:00,0.2433,0.2434,0.241,0.2412,1570423.2
2025-11-15 21:00:00,0.2412,0.2432,0.2396,0.2399,1572388.9
2025-11-15 22:00:00,0.2399,0.2424,0.2397,0.242,1533163.2
2025-11-15 23:00:00,0.242,0.2426,0.241,0.2411,653699.1
2025-11-16 00:00:00,0.2412,0.2418,0.2381,0.2399,1548406.1
2025-11-16 01:00:00,0.2398,0.2407,0.2373,0.2404,4769749.7
2025-11-16 02:00:00,0.2403,0.2441,0.2395,0.2438,2385434.5
2025-11-16 03:00:00,0.2439,0.2452,0.2429,0.2443,1611991.6
2025-11-16 04:00:00,0.2444,0.2447,0.2423,0.2438,678423.3
2025-11-16 05:00:00,0.2438,0.2457,0.2436,0.2444,1049406.1
2025-11-16 06:00:00,0.2443,0.2456,0.2441,0.2443,1100446.1
2025-11-16 07:00:00,0.2444,0.2457,0.2437,0.2455,1027905.5
2025-11-16 08:00:00,0.2456,0.2459,0.244,0.2449,856017.4
2025-11-16 09:00:00,0.245,0.2472,0.2439,0.2465,2054453.8
2025-11-16 10:00:00,0.2465,0.2466,0.2444,0.2445,1621927.7
2025-11-16 11:00:00,0.2446,0.2448,0.2388,0.2395,3450935.1
2025-11-16 12:00:00,0.2395,0.2407,0.2375,0.2392,3623147.2
2025-11-16 13:00:00,0.2392,0.2398,0.2364,0.2382,2834999.5
2025-11-16 14:00:00,0.2382,0.2409,0.2374,0.2403,2357155.7
2025-11-16 15:00:00,0.2403,0.2404,0.2338,0.2343,4952770.9
2025-11-16 16:00:00,0.2343,0.237,0.2314,0.2324,8682392.1
2025-11-16 17:00:00,0.2324,0.2336,0.2278,0.2313,9964268.7
2025-11-16 18:00:00,0.2313,0.2355,0.2286,0.2294,8436592.3
2025-11-16 19:00:00,0.2295,0.2341,0.2293,0.2306,3519524.9
2025-11-16 20:00:00,0.2307,0.2338,0.2303,0.2314,1914365.0
2025-11-16 21:00:00,0.2314,0.2317,0.2289,0.2316,3217150.6
2025-11-16 22:00:00,0.2316,0.2358,0.229,0.2355,4683663.2
2025-11-16 23:00:00,0.2356,0.2376,0.2294,0.2359,6644250.6
2025-11-17 00:00:00,0.2359,0.2397,0.2329,0.2379,4061183.0
2025-11-17 01:00:00,0.238,0.2387,0.2359,0.2363,1927541.2
2025-11-17 02:00:00,0.2364,0.2385,0.2357,0.2379,2583028.9
2025-11-17 03:00:00,0.2379,0.2402,0.2377,0.2391,1303232.5
2025-11-17 04:00:00,0.2392,0.2409,0.2387,0.2389,1682211.1
2025-11-17 05:00:00,0.2389,0.2392,0.2375,0.2381,1378564.9
2025-11-17 06:00:00,0.2381,0.239,0.2365,0.2386,4003517.1
2025-11-17 07:00:00,0.2386,0.2406,0.2383,0.2404,3908444.7
2025-11-17 08:00:00,0.2404,0.2407,0.2388,0.2389,1354749.0
2025-11-17 09:00:00,0.239,0.2408,0.2382,0.2388,2136734.2
2025-11-17 10:00:00,0.2388,0.2401,0.2387,0.2395,1861273.4
2025-11-17 11:00:00,0.2394,0.2424,0.2393,0.2405,2179957.8
2025-11-17 12:00:00,0.2405,0.2405,0.2389,0.2391,1402716.8
2025-11-17 13:00:00,0.2391,0.2397,0.2305,0.2331,5501620.4
2025-11-17 14:00:00,0.233,0.243,0.2314,0.2367,12354245.9
2025-11-17 15:00:00,0.2368,0.2383,0.2318,0.2331,6865006.5
2025-11-17 16:00:00,0.2331,0.2366,0.2288,0.2365,7819913.8
2025-11-17 17:00:00,0.2364,0.2367,0.229,0.2296,3338464.2
2025-11-17 18:00:00,0.2296,0.2324,0.2259,0.2267,6861710.0
2025-11-17 19:00:00,0.2267,0.2278,0.223,0.2242,7945669.6
2025-11-17 20:00:00,0.2241,0.226,0.2221,0.2246,7366803.3
2025-11-17 21:00:00,0.2247,0.2266,0.222,0.2241,3488039.3
2025-11-17 22:00:00,0.2241,0.2266,0.2231,0.2255,2677421.6
2025-11-17 23:00:00,0.2256,0.2271,0.2247,0.227,2035456.2
2025-11-18 00:00:00,0.2271,0.2282,0.2222,0.2279,3588859.4
2025-11-18 01:00:00,0.2279,0.2292,0.2268,0.2279,2567687.7
2025-11-18 02:00:00,0.2279,0.2321,0.2255,0.2283,6257269.6
2025-11-18 03:00:00,0.2284,0.2337,0.2256,0.2324,7410056.9
2025-11-18 04:00:00,0.2325,0.2341,0.2287,0.2338,5219795.4
2025-11-18 05:00:00,0.2338,0.2367,0.2316,0.2331,4562201.1
2025-11-18 06:00:00,0.2331,0.2336,0.2296,0.2297,2969452.6
2025-11-18 07:00:00,0.2297,0.2326,0.2288,0.232,2794929.9
2025-11-18 08:00:00,0.232,0.2345,0.2313,0.2339,3359383.1
2025-11-18 09:00:00,0.2339,0.2351,0.2319,0.2345,5500033.4
2025-11-18 10:00:00,0.2346,0.2363,0.2334,0.2359,5732678.6
2025-11-18 11:00:00,0.2359,0.236,0.2336,0.234,1927531.3
2025-11-18 12:00:00,0.234,0.2358,0.2326,0.2352,3295367.0
2025-11-18 13:00:00,0.2352,0.2352,0.2318,0.2342,1993469.8
2025-11-18 14:00:00,0.2341,0.2376,0.2328,0.2329,5102392.6
2025-11-18 15:00:00,0.2328,0.2385,0.2314,0.236,8129842.8
2025-11-18 16:00:00,0.2359,0.24,0.2352,0.2388,6649634.0
2025-11-18 17:00:00,0.2388,0.2394,0.2367,0.2376,2043123.9
2025-11-18 18:00:00,0.2376,0.2402,0.2376,0.2389,2584347.7
2025-11-18 19:00:00,0.2387,0.2399,0.2376,0.2383,1634918.9
2025-11-18 20:00:00,0.2384,0.2389,0.2376,0.2379,1223465.4
2025-11-18 21:00:00,0.238,0.2382,0.2352,0.2353,2049965.1
2025-11-18 22:00:00,0.2352,0.239,0.2352,0.2382,1580319.8
2025-11-18 23:00:00,0.2382,0.2386,0.2367,0.2374,2141918.4
2025-11-19 00:00:00,0.2374,0.2374,0.234,0.2368,2120943.9
2025-11-19 01:00:00,0.2368,0.2383,0.2357,0.2375,2064665.4
2025-11-19 02:00:00,0.2376,0.2389,0.2369,0.2377,1976267.8
2025-11-19 03:00:00,0.2377,0.2382,0.2343,0.2345,1900706.3
2025-11-19 04:00:00,0.2345,0.2347,0.2326,0.2327,2042010.0
2025-11-19 05:00:00,0.2326,0.2331,0.2278,0.2297,3441164.5
2025-11-19 06:00:00,0.2298,0.2322,0.2291,0.232,2391857.9
2025-11-19 07:00:00,0.2319,0.2344,0.2315,0.234,2267332.8
2025-11-19 08:00:00,0.234,0.2347,0.2329,0.2331,2367002.4
2025-11-19 09:00:00,0.2331,0.2339,0.2314,0.2337,2221773.5
2025-11-19 10:00:00,0.2337,0.2353,0.2333,0.2339,1240638.7
2025-11-19 11:00:00,0.2338,0.2353,0.2336,0.2347,1261582.0
2025-11-19 12:00:00,0.2346,0.2361,0.2343,0.2358,1605524.9
2025-11-19 13:00:00,0.2358,0.2358,0.2323,0.2324,2082317.8
2025-11-19 14:00:00,0.2324,0.2335,0.2293,0.2327,4561508.1
2025-11-19 15:00:00,0.2328,0.2357,0.2266,0.227,8198158.3
2025-11-19 16:00:00,0.2269,0.2293,0.2214,0.2245,8821132.4
2025-11-19 17:00:00,0.2245,0.2254,0.2198,0.2232,6531244.2
2025-11-19 18:00:00,0.2231,0.224,0.2184,0.2202,6698395.8
2025-11-19 19:00:00,0.2203,0.2206,0.2177,0.2193,5417106.1
2025-11-19 20:00:00,0.2194,0.2247,0.2184,0.2243,5238101.9
2025-11-19 21:00:00,0.2244,0.2295,0.2236,0.2281,8370234.5
2025-11-19 22:00:00,0.2281,0.2282,0.2255,0.2267,2223854.4
2025-11-19 23:00:00,0.2267,0.2302,0.2267,0.2295,2809942.3
2025-11-20 00:00:00,0.2295,0.2305,0.2283,0.2286,2142313.9
2025-11-20 01:00:00,0.2287,0.2305,0.2282,0.2302,3716895.2
2025-11-20 02:00:00,0.2302,0.2317,0.23,0.231,2417263.4
2025-11-20 03:00:00,0.2312,0.2322,0.2309,0.2316,1832271.5
2025-11-20 04:00:00,0.2315,0.234,0.2308,0.234,1796663.7
2025-11-20 05:00:00,0.2341,0.2349,0.2329,0.2334,1926864.3
2025-11-20 06:00:00,0.2334,0.2341,0.2313,0.2327,1390527.7
2025-11-20 07:00:00,0.2327,0.236,0.2325,0.2359,2185245.7
2025-11-20 08:00:00,0.2359,0.236,0.2346,0.2356,1327039.4
2025-11-20 09:00:00,0.2357,0.2362,0.2341,0.2352,2910952.4
2025-11-20 10:00:00,0.2352,0.2357,0.2332,0.2348,2595258.3
2025-11-20 11:00:00,0.2347,0.2355,0.2336,0.2353,1999451.6
2025-11-20 12:00:00,0.2353,0.2399,0.235,0.2399,4335117.7
2025-11-20 13:00:00,0.2399,0.2414,0.2371,0.2377,8017924.2
2025-11-20 14:00:00,0.2377,0.2407,0.2348,0.2401,8932893.0
2025-11-20 15:00:00,0.2401,0.2403,0.2343,0.2346,5925688.1
2025-11-20 16:00:00,0.2346,0.2351,0.2208,0.2221,20633932.4
2025-11-20 17:00:00,0.222,0.2231,0.2172,0.2191,14181472.3
2025-11-20 18:00:00,0.219,0.2205,0.2128,0.2134,15471742.0
2025-11-20 19:00:00,0.2133,0.2177,0.2111,0.2167,12493024.6
2025-11-20 20:00:00,0.2167,0.2182,0.2146,0.2155,5537505.0
2025-11-20 21:00:00,0.2155,0.2212,0.2155,0.2202,6588306.0
2025-11-20 22:00:00,0.2201,0.2245,0.2196,0.2222,5130227.6
2025-11-20 23:00:00,0.2222,0.2225,0.2146,0.2151,3734283.8
2025-11-21 00:00:00,0.215,0.2181,0.2147,0.2174,3670850.6
2025-11-21 01:00:00,0.2175,0.2199,0.2165,0.2184,3115511.9
2025-11-21 02:00:00,0.2184,0.2189,0.2121,0.2129,6690443.3
2025-11-21 03:00:00,0.2128,0.2177,0.2128,0.2159,3660164.4
2025-11-21 04:00:00,0.2159,0.2165,0.2124,0.2159,3173779.6
2025-11-21 05:00:00,0.2159,0.2165,0.2129,0.2137,2758873.5
2025-11-21 06:00:00,0.2138,0.2144,0.2117,0.2131,3318307.6
2025-11-21 07:00:00,0.2131,0.2138,0.1859,0.2012,39247138.7
2025-11-21 08:00:00,0.2012,0.2052,0.2006,0.2031,14881689.8
2025-11-21 09:00:00,0.2031,0.2045,0.1996,0.1998,7406975.5
2025-11-21 10:00:00,0.1998,0.2023,0.1983,0.1997,8175878.1
2025-11-21 11:00:00,0.1997,0.2022,0.1965,0.197,8240957.0
2025-11-21 12:00:00,0.1971,0.2031,0.193,0.2015,20704773.1
2025-11-21 13:00:00,0.2016,0.2051,0.2002,0.2037,12173330.7
2025-11-21 14:00:00,0.2037,0.2091,0.2021,0.2078,12865031.2
2025-11-21 15:00:00,0.2078,0.2083,0.2022,0.203,8944061.9
2025-11-21 16:00:00,0.203,0.2074,0.2,0.2074,12274413.1
2025-11-21 17:00:00,0.2075,0.2098,0.2064,0.2067,7499342.2
2025-11-21 18:00:00,0.2067,0.2085,0.2022,0.2069,6660430.9
2025-11-21 19:00:00,0.207,0.2077,0.2037,0.2043,3561572.0
2025-11-21 20:00:00,0.2043,0.2043,0.1996,0.2009,7006682.0
2025-11-21 21:00:00,0.2009,0.2042,0.1994,0.203,5644720.1
2025-11-21 22:00:00,0.203,0.2034,0.1954,0.1955,4193632.7
2025-11-21 23:00:00,0.1954,0.2022,0.194,0.2021,5647935.7
2025-11-22 00:00:00,0.202,0.2032,0.2006,0.2026,3579232.9
2025-11-22 01:00:00,0.2027,0.2046,0.2026,0.2039,3005684.1
2025-11-22 02:00:00,0.204,0.2041,0.2002,0.2014,1809216.8
2025-11-22 03:00:00,0.2013,0.2026,0.2,0.2008,2653740.8
2025-11-22 04:00:00,0.2008,0.2011,0.1969,0.1998,3854744.1
2025-11-22 05:00:00,0.1998,0.2003,0.1963,0.1979,4331320.0
2025-11-22 06:00:00,0.198,0.201,0.1966,0.2007,5063568.8
2025-11-22 07:00:00,0.2006,0.201,0.1989,0.2005,1872583.4
2025-11-22 08:00:00,0.2005,0.2005,0.196,0.1969,4018171.6
2025-11-22 09:00:00,0.1969,0.2003,0.1969,0.1991,5515286.3
2025-11-22 10:00:00,0.1991,0.2002,0.1964,0.1977,2081169.2
2025-11-22 11:00:00,0.1977,0.2002,0.1973,0.1994,2408591.3
2025-11-22 12:00:00,0.1994,0.1994,0.1964,0.1972,2620072.2
2025-11-22 13:00:00,0.1972,0.1981,0.1954,0.1969,3025626.9
2025-11-22 14:00:00,0.1969,0.2001,0.1968,0.1991,4140761.3
2025-11-22 15:00:00,0.1991,0.1995,0.1964,0.1976,2871019.4
2025-11-22 16:00:00,0.1976,0.2005,0.1974,0.2,3012840.4
2025-11-22 17:00:00,0.2,0.2001,0.1982,0.1987,1999757.0
2025-11-22 18:00:00,0.1986,0.1999,0.198,0.1992,1646157.7
2025-11-22 19:00:00,0.1993,0.2002,0.1979,0.1988,1759226.2
2025-11-22 20:00:00,0.1989,0.2002,0.1971,0.1979,2815414.1
2025-11-22 21:00:00,0.1979,0.1994,0.1977,0.1991,1584639.2
2025-11-22 22:00:00,0.1991,0.2033,0.1982,0.2023,2734857.4
2025-11-22 23:00:00,0.2023,0.2025,0.2001,0.2002,1455892.5
2025-11-23 00:00:00,0.2001,0.2014,0.1988,0.1999,4041354.1
2025-11-23 01:00:00,0.2,0.2036,0.2,0.2027,2793833.9
2025-11-23 02:00:00,0.2028,0.2041,0.202,0.203,2848464.0
2025-11-23 03:00:00,0.203,0.2033,0.2014,0.2027,2680821.4
2025-11-23 04:00:00,0.2027,0.2051,0.2024,0.2033,2905117.1
2025-11-23 05:00:00,0.2033,0.2034,0.202,0.2031,1765938.2
2025-11-23 06:00:00,0.2031,0.2037,0.2012,0.2016,1298470.3
2025-11-23 07:00:00,0.2016,0.2018,0.1996,0.2004,2659673.6
2025-11-23 08:00:00,0.2005,0.2013,0.2002,0.2011,1593930.2
2025-11-23 09:00:00,0.2011,0.202,0.2007,0.2012,2100519.1
2025-11-23 10:00:00,0.2011,0.2015,0.2004,0.2004,1405195.9
2025-11-23 11:00:00,0.2004,0.2015,0.1994,0.2011,1749875.1
2025-11-23 12:00:00,0.2012,0.2035,0.2009,0.2019,2767067.6
2025-11-23 13:00:00,0.202,0.2031,0.2014,0.2029,1412374.9
2025-11-23 14:00:00,0.2029,0.2041,0.2004,0.2005,2766326.4
2025-11-23 15:00:00,0.2006,0.2033,0.2002,0.2029,2288473.7
2025-11-23 16:00:00,0.2029,0.2036,0.2011,0.2011,1636783.2
2025-11-23 17:00:00,0.2011,0.2018,0.2002,0.2007,1994801.7
2025-11-23 18:00:00,0.2007,0.203,0.2007,0.2019,1558250.3
2025-11-23 19:00:00,0.2019,0.2045,0.2019,0.2031,2753507.8
2025-11-23 20:00:00,0.2031,0.2038,0.2026,0.2034,1792137.7
2025-11-23 21:00:00,0.2034,0.2054,0.2023,0.2049,1937521.6
2025-11-23 22:00:00,0.205,0.2052,0.203,0.2037,2098763.3
2025-11-23 23:00:00,0.2038,0.2042,0.2005,0.2008,2992128.9
2025-11-24 00:00:00,0.2008,0.2026,0.2,0.2012,11052068.2
2025-11-24 01:00:00,0.2011,0.2026,0.2004,0.2024,2209871.8
2025-11-24 02:00:00,0.2024,0.2072,0.2021,0.205,4723150.3
2025-11-24 03:00:00,0.2051,0.2073,0.2045,0.2057,2359588.2
2025-11-24 04:00:00,0.2057,0.2065,0.2013,0.2028,9794607.4
2025-11-24 05:00:00,0.2028,0.2077,0.2025,0.2061,4346230.3
2025-11-24 06:00:00,0.2061,0.2062,0.2037,0.2049,3297446.6
2025-11-24 07:00:00,0.2048,0.2058,0.2036,0.2047,1784745.9
2025-11-24 08:00:00,0.2047,0.2058,0.2041,0.2053,3178371.0
2025-11-24 09:00:00,0.2053,0.2053,0.2005,0.2009,13443316.7
2025-11-24 10:00:00,0.2009,0.2025,0.2008,0.202,2546012.8
2025-11-24 11:00:00,0.2021,0.2036,0.2012,0.2032,1896348.9
2025-11-24 12:00:00,0.2032,0.2034,0.2012,0.2018,1362033.6
2025-11-24 13:00:00,0.2019,0.2049,0.2016,0.2029,2157391.2
2025-11-24 14:00:00,0.2029,0.2059,0.2008,0.2046,5653505.8
2025-11-24 15:00:00,0.2047,0.2076,0.2035,0.2067,13989955.0
2025-11-24 16:00:00,0.2067,0.2102,0.2066,0.2092,5222724.5
2025-11-24 17:00:00,0.2092,0.2155,0.2088,0.2152,6978425.7
2025-11-24 18:00:00,0.2153,0.2186,0.2153,0.2183,8465013.9
2025-11-24 19:00:00,0.2182,0.2215,0.2177,0.219,8622870.8
2025-11-24 20:00:00,0.219,0.2216,0.2189,0.2204,5479760.6
2025-11-24 21:00:00,0.2202,0.2204,0.2176,0.2184,2883117.7
2025-11-24 22:00:00,0.2183,0.2199,0.2165,0.2175,1971920.8
2025-11-24 23:00:00,0.2175,0.2183,0.2167,0.2175,3174615.2
2025-11-25 00:00:00,0.2175,0.2199,0.217,0.2196,5621153.8
2025-11-25 01:00:00,0.2197,0.2205,0.2177,0.2178,3688213.4
2025-11-25 02:00:00,0.2178,0.2185,0.2157,0.2175,2535296.4
2025-11-25 03:00:00,0.2175,0.2184,0.2159,0.2163,1384685.6
2025-11-25 04:00:00,0.2163,0.2182,0.216,0.2179,2121392.4
2025-11-25 05:00:00,0.2177,0.2179,0.2164,0.2171,1153175.0
2025-11-25 06:00:00,0.217,0.2171,0.2144,0.2155,1645683.7
2025-11-25 07:00:00,0.2155,0.216,0.2136,0.2138,2255948.0
2025-11-25 08:00:00,0.2138,0.2154,0.2129,0.2132,2597301.4
2025-11-25 09:00:00,0.2132,0.2146,0.2121,0.2146,1953097.3
2025-11-25 10:00:00,0.2146,0.2147,0.2135,0.2141,1578696.3
2025-11-25 11:00:00,0.2141,0.2141,0.2127,0.2129,1848305.2
2025-11-25 12:00:00,0.213,0.2156,0.2123,0.2147,3291799.9
2025-11-25 13:00:00,0.2148,0.2156,0.212,0.2125,2619933.5
2025-11-25 14:00:00,0.2126,0.2144,0.2089,0.2116,4760395.3
2025-11-25 15:00:00,0.2115,0.2138,0.2094,0.2122,3772266.7
2025-11-25 16:00:00,0.2121,0.2149,0.2116,0.2139,2236194.0
2025-11-25 17:00:00,0.2137,0.2161,0.2129,0.2147,2560399.3
2025-11-25 18:00:00,0.2146,0.216,0.2132,0.2132,2084448.7
2025-11-25 19:00:00,0.2132,0.2138,0.2098,0.213,3047002.1
2025-11-25 20:00:00,0.213,0.215,0.2124,0.2142,2526109.9
2025-11-25 21:00:00,0.2141,0.2149,0.2137,0.2138,1066125.0
2025-11-25 22:00:00,0.2137,0.2169,0.2111,0.2162,3741943.6
2025-11-25 23:00:00,0.2162,0.2187,0.2158,0.2163,2899323.7
2025-11-26 00:00:00,0.2163,0.2174,0.2158,0.2159,2135301.2
2025-11-26 01:00:00,0.216,0.2179,0.215,0.2165,1698881.5
2025-11-26 02:00:00,0.2165,0.2168,0.2155,0.2158,1311306.9
2025-11-26 03:00:00,0.2158,0.2164,0.2134,0.2135,1862562.3
2025-11-26 04:00:00,0.2136,0.214,0.213,0.2132,799681.1
2025-11-26 05:00:00,0.2132,0.2148,0.213,0.2143,1516074.6
2025-11-26 06:00:00,0.2143,0.2152,0.2131,0.2149,1589610.2
2025-11-26 07:00:00,0.2148,0.2151,0.2142,0.215,1196860.5
2025-11-26 08:00:00,0.2149,0.2151,0.2125,0.2125,1766233.4
2025-11-26 09:00:00,0.2125,0.2129,0.2109,0.2112,2333129.1
2025-11-26 10:00:00,0.2113,0.2121,0.2109,0.2116,1169154.0
2025-11-26 11:00:00,0.2116,0.212,0.2108,0.2112,957811.8
2025-11-26 12:00:00,0.2112,0.2116,0.2094,0.211,2287689.3
2025-11-26 13:00:00,0.2109,0.2127,0.2109,0.2126,2792753.5
2025-11-26 14:00:00,0.2126,0.2128,0.2093,0.2096,7041120.8
2025-11-26 15:00:00,0.2096,0.2112,0.2087,0.2096,5354111.7
2025-11-26 16:00:00,0.2097,0.2129,0.2097,0.2122,3468533.7
2025-11-26 17:00:00,0.2123,0.2204,0.212,0.2201,6033117.4
2025-11-26 18:00:00,0.2201,0.223,0.2196,0.2206,7698683.7
2025-11-26 19:00:00,0.2207,0.2207,0.2187,0.22,3755059.3
2025-11-26 20:00:00,0.22,0.2201,0.2175,0.2184,1620947.0
2025-11-26 21:00:00,0.2185,0.2203,0.2177,0.2193,2665902.5
2025-11-26 22:00:00,0.2193,0.2197,0.2178,0.2182,1358658.9
2025-11-26 23:00:00,0.2182,0.2189,0.2175,0.2187,1525493.9
2025-11-27 00:00:00,0.2186,0.2192,0.217,0.2181,3565098.4
2025-11-27 01:00:00,0.218,0.2196,0.2173,0.2194,2457393.5
2025-11-27 02:00:00,0.2193,0.2204,0.2182,0.2183,2690038.1
2025-11-27 03:00:00,0.2182,0.2192,0.217,0.2172,1964721.3
2025-11-27 04:00:00,0.2172,0.2189,0.2172,0.2178,1106170.7
2025-11-27 05:00:00,0.2177,0.2182,0.2161,0.2167,1431320.9
2025-11-27 06:00:00,0.2167,0.2182,0.2166,0.2177,881252.2
2025-11-27 07:00:00,0.2177,0.2185,0.2174,0.2182,530477.1
2025-11-27 08:00:00,0.2182,0.2189,0.2167,0.2187,1248364.5
2025-11-27 09:00:00,0.2188,0.2199,0.2178,0.2181,1013445.0
2025-11-27 10:00:00,0.2181,0.2196,0.2178,0.2193,1413766.6
2025-11-27 11:00:00,0.2193,0.2197,0.218,0.2181,1188017.9
2025-11-27 12:00:00,0.2182,0.2186,0.2173,0.2176,1720367.3
2025-11-27 13:00:00,0.2175,0.2192,0.2175,0.2186,2215301.0
2025-11-27 14:00:00,0.2187,0.2195,0.2178,0.2194,2060668.7
2025-11-27 15:00:00,0.2193,0.2216,0.2183,0.2213,3208553.7
2025-11-27 16:00:00,0.2213,0.2233,0.2202,0.2224,5243671.6
2025-11-27 17:00:00,0.2223,0.2236,0.2215,0.2222,2903283.7
2025-11-27 18:00:00,0.2221,0.2243,0.222,0.2238,2454161.8
2025-11-27 19:00:00,0.2238,0.2241,0.2229,0.2238,1685333.3
2025-11-27 20:00:00,0.2238,0.2242,0.2233,0.2239,1404022.7
2025-11-27 21:00:00,0.2239,0.2251,0.2232,0.2232,1228682.4
2025-11-27 22:00:00,0.2232,0.2235,0.2207,0.2216,1901713.7
2025-11-27 23:00:00,0.2216,0.2221,0.22,0.2206,1930206.6
2025-11-28 00:00:00,0.2206,0.2215,0.2202,0.2205,882396.3
2025-11-28 01:00:00,0.2205,0.2208,0.218,0.2182,1848075.2
2025-11-28 02:00:00,0.2182,0.2189,0.2173,0.2185,1793560.0
2025-11-28 03:00:00,0.2185,0.2191,0.2182,0.2184,849888.0
2025-11-28 04:00:00,0.2184,0.2195,0.218,0.218,912339.4
2025-11-28 05:00:00,0.218,0.2192,0.2176,0.2189,1322638.6
2025-11-28 06:00:00,0.2188,0.2188,0.217,0.2174,843821.5
2025-11-28 07:00:00,0.2174,0.2185,0.2173,0.2174,835737.4
2025-11-28 08:00:00,0.2174,0.2243,0.2172,0.2241,5117623.7
2025-11-28 09:00:00,0.2242,0.2243,0.2215,0.2218,2345583.1
2025-11-28 10:00:00,0.2217,0.2224,0.2212,0.2219,950232.7
2025-11-28 11:00:00,0.2219,0.222,0.2183,0.219,2891606.3
2025-11-28 12:00:00,0.2189,0.2199,0.2187,0.2193,939962.1
2025-11-28 13:00:00,0.2193,0.2231,0.2182,0.2221,2637406.7
2025-11-28 14:00:00,0.2221,0.2239,0.2204,0.2215,3688600.6
2025-11-28 15:00:00,0.2216,0.2251,0.2212,0.223,4268226.9
2025-11-28 16:00:00,0.223,0.2231,0.2185,0.2188,3026250.9
2025-11-28 17:00:00,0.2189,0.2192,0.2154,0.2163,5308385.1
2025-11-28 18:00:00,0.2163,0.2172,0.2146,0.2163,3111137.6
2025-11-28 19:00:00,0.2163,0.2189,0.2161,0.2181,1436856.4
2025-11-28 20:00:00,0.2181,0.2181,0.2161,0.2174,1523313.5
2025-11-28 21:00:00,0.2174,0.2176,0.2153,0.2154,1164276.4
2025-11-28 22:00:00,0.2153,0.2175,0.2148,0.2171,2045255.3
2025-11-28 23:00:00,0.2172,0.2179,0.2166,0.2167,707661.4
2025-11-29 00:00:00,0.2167,0.2175,0.2165,0.2174,631984.0
2025-11-29 01:00:00,0.2174,0.2203,0.2174,0.2179,2389124.2
2025-11-29 02:00:00,0.2179,0.218,0.2164,0.2175,1064351.9
2025-11-29 03:00:00,0.2176,0.2185,0.2172,0.2175,616551.1
2025-11-29 04:00:00,0.2174,0.2187,0.2166,0.2186,975067.1
2025-11-29 05:00:00,0.2186,0.2186,0.2174,0.2174,800302.5
2025-11-29 06:00:00,0.2175,0.2179,0.2149,0.2158,2090967.0
2025-11-29 07:00:00,0.2158,0.2168,0.2153,0.2156,828551.2
2025-11-29 08:00:00,0.2156,0.2161,0.2146,0.2149,986830.3
2025-11-29 09:00:00,0.2148,0.2154,0.2146,0.215,850797.1
2025-11-29 10:00:00,0.215,0.2162,0.2137,0.2156,2924893.6
2025-11-29 11:00:00,0.2156,0.2166,0.2154,0.2165,1120095.0
2025-11-29 12:00:00,0.2165,0.217,0.215,0.215,1032152.5
2025-11-29 13:00:00,0.215,0.2155,0.2146,0.2149,730494.8
2025-11-29 14:00:00,0.215,0.2153,0.214,0.2148,1161899.8
2025-11-29 15:00:00,0.2147,0.2173,0.2147,0.2162,2173661.4
2025-11-29 16:00:00,0.2162,0.2164,0.2149,0.2152,1058913.6
2025-11-29 17:00:00,0.2152,0.2155,0.213,0.2134,2641478.0
2025-11-29 18:00:00,0.2134,0.2142,0.2119,0.2138,2204122.0
2025-11-29 19:00:00,0.2138,0.2143,0.213,0.2132,477650.9
2025-11-29 20:00:00,0.2131,0.2144,0.2125,0.2142,820635.9
2025-11-29 21:00:00,0.2143,0.2145,0.2133,0.2142,725593.3
2025-11-29 22:00:00,0.2141,0.2141,0.2133,0.2136,467001.0
2025-11-29 23:00:00,0.2136,0.2149,0.2134,0.2143,527829.0
2025-11-30 00:00:00,0.2143,0.2153,0.2142,0.2148,927271.4
2025-11-30 01:00:00,0.2148,0.2163,0.2147,0.216,813529.6
2025-11-30 02:00:00,0.216,0.2172,0.216,0.2161,749818.5
2025-11-30 03:00:00,0.2161,0.217,0.2139,0.217,3283883.3
2025-11-30 04:00:00,0.2171,0.2174,0.2155,0.216,1484663.6
2025-11-30 05:00:00,0.216,0.2161,0.2149,0.2152,1090818.2
2025-11-30 06:00:00,0.2151,0.2172,0.2148,0.2162,717097.3
2025-11-30 07:00:00,0.2161,0.2169,0.2157,0.2165,817656.8
2025-11-30 08:00:00,0.2165,0.218,0.2159,0.2167,1148087.9
2025-11-30 09:00:00,0.2168,0.2177,0.2163,0.2172,918878.1
2025-11-30 10:00:00,0.2172,0.2176,0.2166,0.2172,908012.0
2025-11-30 11:00:00,0.2173,0.218,0.2159,0.2161,1519110.1
2025-11-30 12:00:00,0.2161,0.2187,0.2153,0.2179,1590797.1
2025-11-30 13:00:00,0.2179,0.2203,0.2178,0.2202,2799463.3
2025-11-30 14:00:00,0.2203,0.2205,0.2174,0.2181,1484250.2
2025-11-30 15:00:00,0.2181,0.2181,0.2131,0.2139,10337273.8
2025-11-30 16:00:00,0.214,0.2172,0.2139,0.2163,2643038.6
2025-11-30 17:00:00,0.2163,0.2165,0.2143,0.2161,2240602.6
2025-11-30 18:00:00,0.2162,0.2163,0.2149,0.2157,1240726.4
2025-11-30 19:00:00,0.2156,0.2159,0.2144,0.2148,1133925.4
2025-11-30 20:00:00,0.2148,0.2161,0.2137,0.2145,750481.6
2025-11-30 21:00:00,0.2144,0.2148,0.2132,0.2137,1024857.7
2025-11-30 22:00:00,0.2138,0.2158,0.2138,0.2154,1120202.7
2025-11-30 23:00:00,0.2153,0.2155,0.2102,0.2106,2625137.7
2025-12-01 00:00:00,0.2106,0.2115,0.1963,0.1965,23111771.9
2025-12-01 01:00:00,0.1964,0.1994,0.196,0.1971,6028755.8
2025-12-01 02:00:00,0.1972,0.1989,0.1965,0.197,4831455.0
2025-12-01 03:00:00,0.197,0.197,0.1944,0.1949,5300617.4
2025-12-01 04:00:00,0.1949,0.1955,0.1934,0.1951,2629336.7
2025-12-01 05:00:00,0.195,0.1961,0.1946,0.1953,2030748.8
2025-12-01 06:00:00,0.1953,0.197,0.195,0.196,1941631.8
2025-12-01 07:00:00,0.1959,0.1983,0.1956,0.1981,3425741.6
2025-12-01 08:00:00,0.1982,0.1987,0.1963,0.1967,2559470.6
2025-12-01 09:00:00,0.1966,0.1972,0.1951,0.1954,4024265.6
2025-12-01 10:00:00,0.1954,0.1962,0.1954,0.1956,1204001.0
2025-12-01 11:00:00,0.1955,0.1955,0.1937,0.194,1853660.5
2025-12-01 12:00:00,0.1939,0.1941,0.1906,0.1932,4387807.9
2025-12-01 13:00:00,0.1931,0.1948,0.1914,0.1921,2995418.9
2025-12-01 14:00:00,0.192,0.1948,0.1916,0.1926,5129516.2
2025-12-01 15:00:00,0.1926,0.1929,0.1873,0.1907,8023498.6
2025-12-01 16:00:00,0.1907,0.1908,0.1883,0.1886,4110043.3
2025-12-01 17:00:00,0.1887,0.1895,0.1863,0.1867,4242786.0
2025-12-01 18:00:00,0.1867,0.1891,0.1867,0.1885,3711871.9
2025-12-01 19:00:00,0.1885,0.1886,0.187,0.1878,3522056.8
2025-12-01 20:00:00,0.1879,0.1909,0.1879,0.1904,3533172.4
2025-12-01 21:00:00,0.1904,0.1938,0.1904,0.1925,3580778.3
2025-12-01 22:00:00,0.1927,0.1943,0.1926,0.1932,1833724.8
2025-12-01 23:00:00,0.1931,0.195,0.1929,0.1938,844899.7
2025-12-02 00:00:00,0.1937,0.1948,0.1934,0.1939,1167261.3
2025-12-02 01:00:00,0.1939,0.1968,0.1932,0.1934,2485199.2
2025-12-02 02:00:00,0.1933,0.1942,0.1924,0.1926,1497034.5
2025-12-02 03:00:00,0.1926,0.194,0.1915,0.1934,1177000.2
2025-12-02 04:00:00,0.1935,0.1943,0.1933,0.1933,922541.7
2025-12-02 05:00:00,0.1933,0.1935,0.1922,0.1929,773279.4
2025-12-02 06:00:00,0.193,0.1947,0.1926,0.1946,833769.3
2025-12-02 07:00:00,0.1947,0.1947,0.1937,0.1945,1024753.0
2025-12-02 08:00:00,0.1945,0.1948,0.1915,0.1918,5150055.4
2025-12-02 09:00:00,0.1918,0.1934,0.1918,0.1922,1486314.4
2025-12-02 10:00:00,0.1922,0.195,0.1922,0.1939,2061798.4
2025-12-02 11:00:00,0.194,0.1949,0.1932,0.1945,1790925.0
2025-12-02 12:00:00,0.1946,0.1954,0.1941,0.1946,1323413.9
2025-12-02 13:00:00,0.1947,0.1965,0.1934,0.1963,2828917.4
2025-12-02 14:00:00,0.1963,0.202,0.1961,0.2018,7329121.9
2025-12-02 15:00:00,0.2018,0.2157,0.2018,0.2149,18421545.0
2025-12-02 16:00:00,0.215,0.2182,0.2127,0.2157,14086349.1
2025-12-02 17:00:00,0.2158,0.2174,0.2142,0.2162,5121535.1
2025-12-02 18:00:00,0.2161,0.2173,0.2144,0.2149,4621401.3
2025-12-02 19:00:00,0.2149,0.2158,0.213,0.2132,2070480.1
2025-12-02 20:00:00,0.2132,0.2133,0.2102,0.2111,3867461.3
2025-12-02 21:00:00,0.2111,0.212,0.2109,0.2119,1565293.8
2025-12-02 22:00:00,0.2118,0.2146,0.2118,0.2142,2149303.8
2025-12-02 23:00:00,0.2143,0.2147,0.2122,0.2127,1744972.0
2025-12-03 00:00:00,0.2127,0.2142,0.2115,0.2133,2384973.5
2025-12-03 01:00:00,0.2133,0.2141,0.2126,0.2135,957206.2
2025-12-03 02:00:00,0.2134,0.2157,0.2132,0.215,3516778.4
2025-12-03 03:00:00,0.2149,0.2159,0.2144,0.215,1019811.1
2025-12-03 04:00:00,0.2149,0.2173,0.2142,0.217,2503778.4
2025-12-03 05:00:00,0.217,0.2184,0.2164,0.2164,1271002.4
2025-12-03 06:00:00,0.2165,0.2187,0.216,0.2172,2733274.8
2025-12-03 07:00:00,0.2172,0.2172,0.216,0.2163,1330600.3
2025-12-03 08:00:00,0.2164,0.2194,0.2162,0.2178,3732444.2
2025-12-03 09:00:00,0.2178,0.2182,0.2162,0.2173,1943136.7
2025-12-03 10:00:00,0.2173,0.2185,0.2158,0.2161,1666007.8
2025-12-03 11:00:00,0.2161,0.2169,0.2152,0.2167,1308267.4
2025-12-03 12:00:00,0.2168,0.2171,0.2148,0.2153,1900352.9
2025-12-03 13:00:00,0.2152,0.2165,0.2152,0.2159,1675264.3
2025-12-03 14:00:00,0.2159,0.2186,0.2106,0.214,11705835.9
2025-12-03 15:00:00,0.214,0.2171,0.214,0.2166,2814949.8
2025-12-03 16:00:00,0.2166,0.2183,0.2147,0.217,2887701.5
2025-12-03 17:00:00,0.2172,0.2205,0.2171,0.2204,3144562.7
2025-12-03 18:00:00,0.2204,0.2217,0.2186,0.2198,3209434.1
2025-12-03 19:00:00,0.2197,0.2201,0.2189,0.22,1063960.7
2025-12-03 20:00:00,0.22,0.2216,0.2189,0.2198,1914580.7
2025-12-03 21:00:00,0.2198,0.2227,0.2193,0.2225,2490548.0
2025-12-03 22:00:00,0.2224,0.2241,0.2213,0.2238,3055858.2
2025-12-03 23:00:00,0.2238,0.2256,0.2225,0.2226,2453490.2
2025-12-04 00:00:00,0.2227,0.2231,0.2209,0.222,2204746.5
2025-12-04 01:00:00,0.222,0.225,0.2216,0.2219,3232021.3
2025-12-04 02:00:00,0.222,0.2241,0.2218,0.2235,2108025.6
2025-12-04 03:00:00,0.2234,0.2246,0.2218,0.2219,1787122.0
2025-12-04 04:00:00,0.2219,0.2225,0.2206,0.2211,984892.7
2025-12-04 05:00:00,0.2212,0.2213,0.2199,0.2208,1325567.1
2025-12-04 06:00:00,0.2208,0.2238,0.2204,0.2231,1941657.2
2025-12-04 07:00:00,0.223,0.223,0.2214,0.2225,1607952.4
2025-12-04 08:00:00,0.2225,0.224,0.2211,0.2227,3068181.8
2025-12-04 09:00:00,0.2227,0.2248,0.2226,0.2236,4081418.5
2025-12-04 10:00:00,0.2236,0.2239,0.2215,0.2217,1642623.3
2025-12-04 11:00:00,0.2216,0.2219,0.2203,0.2208,1052478.8
2025-12-04 12:00:00,0.2208,0.2215,0.2199,0.2201,1316946.9
2025-12-04 13:00:00,0.2201,0.2206,0.2183,0.2186,1998850.2
2025-12-04 14:00:00,0.2186,0.2205,0.2164,0.2169,3834685.1
2025-12-04 15:00:00,0.2169,0.2223,0.2168,0.2212,4651407.4
2025-12-04 16:00:00,0.2211,0.2218,0.2182,0.219,3629364.0
2025-12-04 17:00:00,0.219,0.2194,0.2169,0.2189,1864095.9
2025-12-04 18:00:00,0.219,0.2198,0.2175,0.218,1898821.7
2025-12-04 19:00:00,0.2181,0.2183,0.2127,0.2173,5527973.1
2025-12-04 20:00:00,0.2173,0.2183,0.2161,0.2177,1199381.3
2025-12-04 21:00:00,0.2177,0.2181,0.2152,0.2155,904308.8
2025-12-04 22:00:00,0.2155,0.2169,0.2155,0.2163,554914.3
2025-12-04 23:00:00,0.2163,0.2164,0.2155,0.2158,947656.6
2025-12-05 00:00:00,0.2159,0.2176,0.2156,0.216,764202.7
2025-12-05 01:00:00,0.216,0.2172,0.2158,0.216,839667.0
2025-12-05 02:00:00,0.2159,0.2177,0.2154,0.2168,1041019.5
2025-12-05 03:00:00,0.2168,0.2174,0.215,0.2155,1221924.1
2025-12-05 04:00:00,0.2154,0.2159,0.2131,0.2144,2041057.8
2025-12-05 05:00:00,0.2144,0.2152,0.2137,0.2144,1124538.7
2025-12-05 06:00:00,0.2145,0.2158,0.2145,0.2156,1070936.1
2025-12-05 07:00:00,0.2155,0.2172,0.2153,0.2165,678562.6
2025-12-05 08:00:00,0.2165,0.2167,0.215,0.2159,2346188.1
2025-12-05 09:00:00,0.2159,0.2159,0.212,0.2126,3352303.6
2025-12-05 10:00:00,0.2126,0.2147,0.2122,0.2133,1739380.9
2025-12-05 11:00:00,0.2133,0.2139,0.2112,0.212,2172380.4
2025-12-05 12:00:00,0.2121,0.2121,0.2107,0.2111,2386058.6
2025-12-05 13:00:00,0.2111,0.2123,0.2081,0.2084,3849259.3
2025-12-05 14:00:00,0.2083,0.2095,0.2068,0.2075,4118630.8
2025-12-05 15:00:00,0.2076,0.2127,0.2076,0.2089,8702319.4
2025-12-05 16:00:00,0.2089,0.2091,0.2002,0.2021,11048838.8
2025-12-05 17:00:00,0.2021,0.2032,0.2001,0.2023,4341313.7
2025-12-05 18:00:00,0.2022,0.204,0.1996,0.1998,3747005.6
2025-12-05 19:00:00,0.1997,0.2029,0.1984,0.202,3487353.8
2025-12-05 20:00:00,0.202,0.203,0.2009,0.2014,1951696.3
2025-12-05 21:00:00,0.2014,0.2028,0.2014,0.202,1906515.0
2025-12-05 22:00:00,0.202,0.2027,0.2007,0.2021,919853.0
2025-12-05 23:00:00,0.2021,0.2027,0.2008,0.2024,709496.5
2025-12-06 00:00:00,0.2024,0.2028,0.2013,0.2024,569534.1
2025-12-06 01:00:00,0.2024,0.2025,0.2007,0.201,765878.3
2025-12-06 02:00:00,0.2009,0.2023,0.1994,0.2022,2731214.3
2025-12-06 03:00:00,0.2021,0.2036,0.202,0.2032,1686949.7
2025-12-06 04:00:00,0.2033,0.2034,0.202,0.2026,699751.7
2025-12-06 05:00:00,0.2027,0.2034,0.2023,0.2032,734909.0
2025-12-06 06:00:00,0.2031,0.2043,0.2028,0.2032,921221.2
2025-12-06 07:00:00,0.2032,0.2033,0.2021,0.2027,1254965.5
2025-12-06 08:00:00,0.2028,0.2033,0.2014,0.2016,1476552.0
2025-12-06 09:00:00,0.2016,0.2037,0.2015,0.203,1621371.2
2025-12-06 10:00:00,0.203,0.2037,0.2015,0.2018,884617.5
2025-12-06 11:00:00,0.2017,0.2025,0.2015,0.2023,790611.6
2025-12-06 12:00:00,0.2022,0.2035,0.2021,0.2027,1454406.8
2025-12-06 13:00:00,0.2026,0.2042,0.2024,0.2038,1234307.3
2025-12-06 14:00:00,0.2038,0.2068,0.2034,0.2062,3250846.6
2025-12-06 15:00:00,0.2063,0.2065,0.2043,0.2049,2186208.0
2025-12-06 16:00:00,0.205,0.2079,0.205,0.2072,1238503.9
2025-12-06 17:00:00,0.2071,0.208,0.2065,0.208,1086290.0
2025-12-06 18:00:00,0.208,0.2096,0.2078,0.2086,1667327.4
2025-12-06 19:00:00,0.2086,0.209,0.2057,0.2061,2909487.9
2025-12-06 20:00:00,0.2062,0.2073,0.2062,0.2071,677606.1
2025-12-06 21:00:00,0.2071,0.2096,0.2068,0.2082,3166427.5
2025-12-06 22:00:00,0.2082,0.209,0.2068,0.2072,1342537.4
2025-12-06 23:00:00,0.2073,0.2077,0.2061,0.2074,1146074.7
2025-12-07 00:00:00,0.2074,0.21,0.2074,0.2094,1464869.1
2025-12-07 01:00:00,0.2094,0.2094,0.2081,0.2082,698865.6
2025-12-07 02:00:00,0.2082,0.2096,0.2082,0.2094,541693.6
2025-12-07 03:00:00,0.2093,0.2099,0.209,0.2096,680302.8
2025-12-07 04:00:00,0.2096,0.2098,0.2086,0.2087,795024.9
2025-12-07 05:00:00,0.2088,0.2106,0.2087,0.21,839781.5
2025-12-07 06:00:00,0.21,0.2112,0.2099,0.2108,1226267.4
2025-12-07 07:00:00,0.2108,0.2109,0.2078,0.2082,2934727.3
2025-12-07 08:00:00,0.2082,0.2083,0.2068,0.2074,1516832.9
2025-12-07 09:00:00,0.2074,0.2077,0.2058,0.206,1483730.1
2025-12-07 10:00:00,0.206,0.2074,0.2057,0.2066,796728.3
2025-12-07 11:00:00,0.2066,0.2071,0.2061,0.2063,575599.3
2025-12-07 12:00:00,0.2064,0.208,0.2063,0.2078,913273.0
2025-12-07 13:00:00,0.2078,0.2083,0.2053,0.2057,1652804.2
2025-12-07 14:00:00,0.2056,0.2058,0.1987,0.1989,11946108.4
2025-12-07 15:00:00,0.1989,0.2069,0.1986,0.2063,8188929.6
2025-12-07 16:00:00,0.2062,0.2063,0.2033,0.2052,3063600.0
2025-12-07 17:00:00,0.2053,0.212,0.2041,0.2106,6464898.2
2025-12-07 18:00:00,0.2106,0.2128,0.2106,0.2117,2003865.8
2025-12-07 19:00:00,0.2118,0.2122,0.2102,0.2118,1318064.8
2025-12-07 20:00:00,0.2119,0.2134,0.2115,0.2133,1441997.7
2025-12-07 21:00:00,0.2133,0.2133,0.2062,0.2076,2964634.4
2025-12-07 22:00:00,0.2075,0.2075,0.2015,0.2036,6193760.7
2025-12-07 23:00:00,0.2037,0.2045,0.2026,0.2042,1195071.8
2025-12-08 00:00:00,0.2042,0.2051,0.203,0.2032,1423127.4
2025-12-08 01:00:00,0.2032,0.2088,0.203,0.2058,2297044.9
2025-12-08 02:00:00,0.2058,0.2082,0.2054,0.208,1178167.4
2025-12-08 03:00:00,0.2081,0.2093,0.2076,0.2083,1196770.6
2025-12-08 04:00:00,0.2084,0.2115,0.2084,0.21,1780200.9
2025-12-08 05:00:00,0.21,0.2105,0.209,0.2097,887205.9
2025-12-08 06:00:00,0.2097,0.2122,0.2094,0.2115,2353811.4
2025-12-08 07:00:00,0.2114,0.2127,0.2109,0.212,2001672.5
2025-12-08 08:00:00,0.2121,0.213,0.2114,0.2123,1573367.0
2025-12-08 09:00:00,0.2123,0.2162,0.2123,0.2137,3851017.8
2025-12-08 10:00:00,0.2137,0.2141,0.2128,0.2133,1046161.2
2025-12-08 11:00:00,0.2133,0.2133,0.2108,0.2116,1657840.5
2025-12-08 12:00:00,0.2116,0.2124,0.2108,0.2121,2027097.7
2025-12-08 13:00:00,0.2121,0.2137,0.2118,0.2124,3078572.1
2025-12-08 14:00:00,0.2124,0.216,0.2117,0.2131,5961555.2
2025-12-08 15:00:00,0.2132,0.2142,0.21,0.2117,4441776.9
2025-12-08 16:00:00,0.2117,0.2157,0.2104,0.2134,5200357.9
2025-12-08 17:00:00,0.2135,0.2149,0.2111,0.2135,4154572.5
2025-12-08 18:00:00,0.2135,0.214,0.2092,0.2101,3130553.0
2025-12-08 19:00:00,0.2101,0.2118,0.2098,0.2106,1477005.1
2025-12-08 20:00:00,0.2107,0.2135,0.2106,0.2128,1566470.6
2025-12-08 21:00:00,0.2129,0.2146,0.2122,0.2144,1589127.0
2025-12-08 22:00:00,0.2144,0.2146,0.2121,0.2129,1122634.9
2025-12-08 23:00:00,0.213,0.2134,0.2114,0.2124,1068325.9
2025-12-09 00:00:00,0.2124,0.2142,0.2117,0.212,707188.9
2025-12-09 01:00:00,0.2121,0.2126,0.2099,0.2106,2079748.5
2025-12-09 02:00:00,0.2107,0.2123,0.2103,0.2107,2249283.0
2025-12-09 03:00:00,0.2108,0.2131,0.2095,0.2128,1713250.9
2025-12-09 04:00:00,0.2129,0.213,0.21,0.2102,1479497.6
2025-12-09 05:00:00,0.2102,0.212,0.2089,0.2107,1410977.6
2025-12-09 06:00:00,0.2107,0.2116,0.2096,0.2114,1234400.6
2025-12-09 07:00:00,0.2114,0.2138,0.2113,0.2135,1498086.5
2025-12-09 08:00:00,0.2134,0.216,0.2131,0.2146,5541903.2
2025-12-09 09:00:00,0.2146,0.2147,0.2121,0.2128,2066536.3
2025-12-09 10:00:00,0.2128,0.2161,0.2128,0.2149,8622904.1
2025-12-09 11:00:00,0.2149,0.2158,0.2138,0.2143,5300517.7
2025-12-09 12:00:00,0.2143,0.2164,0.2135,0.2156,2197391.7
2025-12-09 13:00:00,0.2156,0.2165,0.2138,0.2148,1559603.4
2025-12-09 14:00:00,0.2148,0.2156,0.2127,0.2141,2245854.4
2025-12-09 15:00:00,0.2142,0.2223,0.214,0.2218,10114183.8
2025-12-09 16:00:00,0.2219,0.2295,0.2219,0.229,10592162.8
2025-12-09 17:00:00,0.2291,0.2305,0.2268,0.2288,8137944.1
2025-12-09 18:00:00,0.2289,0.2292,0.2263,0.2272,2390224.5
2025-12-09 19:00:00,0.2273,0.2276,0.2252,0.2265,2135216.4
2025-12-09 20:00:00,0.2265,0.2266,0.222,0.2236,3085720.4
2025-12-09 21:00:00,0.2237,0.224,0.2198,0.2216,1960180.8
2025-12-09 22:00:00,0.2217,0.2245,0.2213,0.2234,1588479.0
2025-12-09 23:00:00,0.2234,0.2238,0.2223,0.2226,902472.9
2025-12-10 00:00:00,0.2226,0.2236,0.2208,0.2209,1606574.8
2025-12-10 01:00:00,0.221,0.2214,0.2194,0.2201,862101.6
2025-12-10 02:00:00,0.22,0.2208,0.219,0.2201,840567.9
2025-12-10 03:00:00,0.2201,0.2203,0.2188,0.2196,952696.0
2025-12-10 04:00:00,0.2195,0.2204,0.2189,0.2196,1206479.8
2025-12-10 05:00:00,0.2195,0.2204,0.2192,0.2196,773424.2
2025-12-10 06:00:00,0.2196,0.2197,0.2187,0.219,656375.9
2025-12-10 07:00:00,0.2189,0.2189,0.2174,0.2183,1661031.0
2025-12-10 08:00:00,0.2184,0.2184,0.217,0.2172,1701676.3
2025-12-10 09:00:00,0.2172,0.2193,0.2163,0.2193,1075419.9
2025-12-10 10:00:00,0.2192,0.2208,0.2163,0.2169,2522916.6
2025-12-10 11:00:00,0.2167,0.2173,0.2154,0.2168,2657000.3
2025-12-10 12:00:00,0.2167,0.2169,0.2155,0.2168,995342.3
2025-12-10 13:00:00,0.2166,0.2185,0.2164,0.218,2105011.2
2025-12-10 14:00:00,0.2179,0.2186,0.2168,0.2179,1241749.9
2025-12-10 15:00:00,0.2178,0.2192,0.2164,0.2174,1361747.6
2025-12-10 16:00:00,0.2174,0.2202,0.2169,0.2191,1169596.5
2025-12-10 17:00:00,0.219,0.2218,0.2188,0.2199,1837592.0
2025-12-10 18:00:00,0.2198,0.2248,0.2191,0.2214,5053203.4
2025-12-10 19:00:00,0.2214,0.2259,0.219,0.2246,17485217.3
2025-12-10 20:00:00,0.2247,0.2299,0.2219,0.2225,10592469.5
2025-12-10 21:00:00,0.2224,0.2238,0.2183,0.2186,4148536.7
2025-12-10 22:00:00,0.2186,0.2199,0.2159,0.2191,2856318.0
2025-12-10 23:00:00,0.219,0.2194,0.2161,0.2163,1073691.3
2025-12-11 00:00:00,0.2163,0.2166,0.2109,0.2116,3304886.0
2025-12-11 01:00:00,0.2115,0.2117,0.2086,0.2086,2532399.4
2025-12-11 02:00:00,0.2086,0.2087,0.2057,0.2068,5276017.0
2025-12-11 03:00:00,0.2068,0.2068,0.204,0.2041,2547893.2
2025-12-11 04:00:00,0.2041,0.2081,0.2033,0.2075,3447651.2
2025-12-11 05:00:00,0.2075,0.2079,0.2062,0.2076,1347549.0
2025-12-11 06:00:00,0.2075,0.2082,0.2063,0.2073,1249729.0
2025-12-11 07:00:00,0.2071,0.2075,0.2059,0.2061,869953.6
2025-12-11 08:00:00,0.2061,0.2061,0.2042,0.2053,2100395.0
2025-12-11 09:00:00,0.2053,0.2061,0.2051,0.2056,1566616.4
2025-12-11 10:00:00,0.2056,0.206,0.2048,0.2057,1570120.8
2025-12-11 11:00:00,0.2057,0.2065,0.2052,0.2059,1477357.8
2025-12-11 12:00:00,0.2059,0.2076,0.2055,0.2069,1282901.4
2025-12-11 13:00:00,0.207,0.208,0.2069,0.2075,1597895.4
2025-12-11 14:00:00,0.2075,0.2079,0.2044,0.2056,4793133.9
2025-12-11 15:00:00,0.2055,0.2084,0.2042,0.205,3233386.4
2025-12-11 16:00:00,0.2049,0.2054,0.2025,0.2035,2407541.3
2025-12-11 17:00:00,0.2036,0.2061,0.2031,0.2047,1675654.5
2025-12-11 18:00:00,0.2047,0.208,0.2045,0.2062,3466000.0
2025-12-11 19:00:00,0.2062,0.209,0.206,0.2066,3292449.2
2025-12-11 20:00:00,0.2065,0.2099,0.2065,0.2096,2223784.1
2025-12-11 21:00:00,0.2096,0.2151,0.2094,0.2129,6471487.8
2025-12-11 22:00:00,0.2129,0.2138,0.2106,0.2118,2446960.0
2025-12-11 23:00:00,0.2118,0.2128,0.2106,0.2125,1081697.8
2025-12-12 00:00:00,0.2125,0.2166,0.2097,0.2099,6867822.6
2025-12-12 01:00:00,0.21,0.212,0.2097,0.2106,1975251.0
2025-12-12 02:00:00,0.2106,0.2128,0.2102,0.2124,893254.9
2025-12-12 03:00:00,0.2125,0.2131,0.211,0.2119,668337.0
2025-12-12 04:00:00,0.2119,0.2121,0.211,0.2114,959072.2
2025-12-12 05:00:00,0.2115,0.214,0.2113,0.214,1177329.1
2025-12-12 06:00:00,0.2141,0.2166,0.2141,0.2147,1595485.3
2025-12-12 07:00:00,0.2146,0.2147,0.2134,0.2135,742182.4
2025-12-12 08:00:00,0.2135,0.2141,0.2125,0.214,1017477.9
2025-12-12 09:00:00,0.214,0.2158,0.2131,0.2157,1170212.9
2025-12-12 10:00:00,0.2156,0.2164,0.2147,0.2147,889070.4
2025-12-12 11:00:00,0.2147,0.2148,0.2139,0.2144,752380.2
2025-12-12 12:00:00,0.2143,0.2151,0.2137,0.2147,1688623.9
2025-12-12 13:00:00,0.2147,0.2159,0.2142,0.2152,2607943.9
2025-12-12 14:00:00,0.2152,0.2157,0.2131,0.2137,3460382.6
2025-12-12 15:00:00,0.2137,0.2137,0.2005,0.2018,8474693.5
2025-12-12 16:00:00,0.2017,0.2024,0.1977,0.1997,9111678.8
2025-12-12 17:00:00,0.1997,0.2025,0.1995,0.2009,3352794.1
2025-12-12 18:00:00,0.201,0.2043,0.2008,0.2026,2440468.9
2025-12-12 19:00:00,0.2027,0.2027,0.2012,0.202,1246229.7
2025-12-12 20:00:00,0.2021,0.2027,0.2008,0.2017,1985064.4
2025-12-12 21:00:00,0.2017,0.205,0.2016,0.2038,1402166.6
2025-12-12 22:00:00,0.2038,0.2063,0.2035,0.2056,1485185.1
2025-12-12 23:00:00,0.2056,0.2061,0.2053,0.2057,593732.5
2025-12-13 00:00:00,0.2058,0.2072,0.2058,0.2064,760677.0
2025-12-13 01:00:00,0.2064,0.2069,0.2057,0.206,464349.0
2025-12-13 02:00:00,0.2059,0.2065,0.2057,0.2063,643923.7
2025-12-13 03:00:00,0.2062,0.2079,0.2058,0.2071,801146.0
2025-12-13 04:00:00,0.2072,0.2081,0.2068,0.2077,782295.9
2025-12-13 05:00:00,0.2077,0.2084,0.2071,0.2075,564693.2
2025-12-13 06:00:00,0.2074,0.2074,0.2063,0.2064,617912.2
2025-12-13 07:00:00,0.2065,0.2084,0.2065,0.208,2449995.5
2025-12-13 08:00:00,0.2082,0.21,0.208,0.2086,974963.8
2025-12-13 09:00:00,0.2086,0.2092,0.2081,0.209,576641.9
2025-12-13 10:00:00,0.209,0.2108,0.2089,0.2106,1366668.6
2025-12-13 11:00:00,0.2106,0.2109,0.2095,0.2101,1427937.1
2025-12-13 12:00:00,0.2102,0.2108,0.2089,0.21,1137304.8
2025-12-13 13:00:00,0.21,0.2105,0.2094,0.2098,625759.9
2025-12-13 14:00:00,0.2099,0.2101,0.2086,0.2094,828432.4
2025-12-13 15:00:00,0.2095,0.2118,0.2095,0.2116,1949973.7
2025-12-13 16:00:00,0.2116,0.2133,0.2114,0.2129,1742746.6
2025-12-13 17:00:00,0.2128,0.2146,0.2125,0.2138,2310724.5
2025-12-13 18:00:00,0.2139,0.2164,0.2131,0.215,3006411.9
2025-12-13 19:00:00,0.2151,0.2155,0.2137,0.2146,1663960.5
2025-12-13 20:00:00,0.2147,0.2185,0.2147,0.2171,4328718.9
2025-12-13 21:00:00,0.217,0.2176,0.2145,0.2158,2203379.4
2025-12-13 22:00:00,0.2157,0.2162,0.2143,0.2147,1324773.1
2025-12-13 23:00:00,0.2146,0.2154,0.2139,0.2153,852585.1
2025-12-14 00:00:00,0.2153,0.2166,0.2144,0.2164,2508403.9
2025-12-14 01:00:00,0.2165,0.2169,0.2157,0.2162,663124.4
2025-12-14 02:00:00,0.2161,0.2182,0.216,0.2179,1756753.8
2025-12-14 03:00:00,0.2179,0.2184,0.2154,0.2154,2045555.0
2025-12-14 04:00:00,0.2155,0.2158,0.2137,0.2146,1796813.5
2025-12-14 05:00:00,0.2144,0.2146,0.2134,0.2145,1202658.4
2025-12-14 06:00:00,0.2144,0.2144,0.2124,0.2132,1707581.8
2025-12-14 07:00:00,0.2131,0.214,0.2127,0.2134,1428004.9
2025-12-14 08:00:00,0.2135,0.2144,0.2124,0.2126,1772978.2
2025-12-14 09:00:00,0.2125,0.2128,0.212,0.2122,1342921.9
2025-12-14 10:00:00,0.2122,0.2126,0.2104,0.2107,3531590.6
2025-12-14 11:00:00,0.2107,0.2109,0.2072,0.2097,3681997.4
2025-12-14 12:00:00,0.2098,0.2111,0.2083,0.2101,2323346.6
2025-12-14 13:00:00,0.21,0.21,0.2083,0.21,1417237.8
2025-12-14 14:00:00,0.21,0.2105,0.2069,0.2078,1694636.2
2025-12-14 15:00:00,0.2078,0.2084,0.2067,0.2076,2080346.0
2025-12-14 16:00:00,0.2075,0.2091,0.2065,0.2074,1608615.7
2025-12-14 17:00:00,0.2074,0.208,0.2044,0.2046,2402280.9
2025-12-14 18:00:00,0.2046,0.2063,0.204,0.2061,1331263.0
2025-12-14 19:00:00,0.206,0.206,0.2037,0.2047,1448102.2
2025-12-14 20:00:00,0.2046,0.2061,0.2033,0.2048,2559911.8
2025-12-14 21:00:00,0.2048,0.2052,0.2032,0.2036,1510723.4
2025-12-14 22:00:00,0.2037,0.2048,0.2026,0.2045,1287857.8
2025-12-14 23:00:00,0.2044,0.2057,0.2017,0.2046,3848595.3
2025-12-15 00:00:00,0.2046,0.2067,0.2039,0.2061,3104431.7
2025-12-15 01:00:00,0.2061,0.2096,0.2054,0.2086,2626541.5
2025-12-15 02:00:00,0.2086,0.212,0.2083,0.2084,2020285.6
2025-12-15 03:00:00,0.2084,0.2088,0.2073,0.2075,845550.6
2025-12-15 04:00:00,0.2075,0.2084,0.2069,0.2081,1123395.6
2025-12-15 05:00:00,0.208,0.2098,0.2079,0.2098,1216684.6
2025-12-15 06:00:00,0.2098,0.2101,0.2078,0.2091,5215157.9
2025-12-15 07:00:00,0.2092,0.2096,0.2075,0.2084,1288634.2
2025-12-15 08:00:00,0.2083,0.209,0.2077,0.2082,760464.4
2025-12-15 09:00:00,0.2082,0.2101,0.2081,0.2096,1144832.3
2025-12-15 10:00:00,0.2096,0.2118,0.2093,0.2115,1878260.6
2025-12-15 11:00:00,0.2115,0.2126,0.2107,0.2116,2547740.2
2025-12-15 12:00:00,0.2117,0.2155,0.2111,0.2152,4622484.1
2025-12-15 13:00:00,0.2153,0.2153,0.2116,0.212,3217534.1
2025-12-15 14:00:00,0.212,0.2151,0.2058,0.2081,7677292.8
2025-12-15 15:00:00,0.208,0.208,0.1978,0.1991,14421062.8
2025-12-15 16:00:00,0.199,0.1992,0.1948,0.1963,8228917.1
2025-12-15 17:00:00,0.1963,0.1967,0.1924,0.1926,6585675.7
2025-12-15 18:00:00,0.1926,0.1944,0.1901,0.1941,5904427.4
2025-12-15 19:00:00,0.1942,0.1975,0.194,0.1964,3684095.5
2025-12-15 20:00:00,0.1963,0.1963,0.1932,0.1937,3710963.2
2025-12-15 21:00:00,0.1938,0.196,0.1934,0.1954,2387050.2
2025-12-15 22:00:00,0.1954,0.1956,0.1938,0.1956,2656121.7
2025-12-15 23:00:00,0.1956,0.1974,0.1956,0.1973,2106336.5
2025-12-16 00:00:00,0.1973,0.1979,0.1931,0.1932,2203827.3
2025-12-16 01:00:00,0.1932,0.194,0.1924,0.1935,2465209.6
2025-12-16 02:00:00,0.1935,0.1959,0.1928,0.1953,1446733.3
2025-12-16 03:00:00,0.1953,0.1962,0.1942,0.196,1238026.4
2025-12-16 04:00:00,0.1961,0.1963,0.1912,0.1938,4893296.1
2025-12-16 05:00:00,0.1938,0.1943,0.1929,0.1941,1466728.8
2025-12-16 06:00:00,0.194,0.1949,0.1939,0.1947,1491914.8
2025-12-16 07:00:00,0.1946,0.195,0.1916,0.1924,2185209.3
2025-12-16 08:00:00,0.1923,0.1944,0.1922,0.1934,1772112.8
2025-12-16 09:00:00,0.1933,0.1939,0.1929,0.1936,922941.6
2025-12-16 10:00:00,0.1937,0.1994,0.1932,0.1983,2950434.5
2025-12-16 11:00:00,0.1982,0.2008,0.1977,0.1996,3384681.7
2025-12-16 12:00:00,0.1996,0.1999,0.1976,0.1979,1821126.9
2025-12-16 13:00:00,0.1979,0.2004,0.195,0.195,6334552.1
2025-12-16 14:00:00,0.195,0.1995,0.1934,0.1977,6420986.7
2025-12-16 15:00:00,0.1977,0.2019,0.1961,0.2014,3874992.0
2025-12-16 16:00:00,0.2014,0.203,0.2,0.2023,3168300.6
2025-12-16 17:00:00,0.2024,0.2042,0.1998,0.1999,3319729.0
2025-12-16 18:00:00,0.1999,0.203,0.1991,0.2016,2493096.9
2025-12-16 19:00:00,0.2016,0.2017,0.1986,0.2006,2922517.0
2025-12-16 20:00:00,0.2005,0.2016,0.2001,0.2004,1725472.0
2025-12-16 21:00:00,0.2004,0.2013,0.2001,0.2003,1019352.1
2025-12-16 22:00:00,0.2004,0.2008,0.1994,0.1999,806646.4
2025-12-16 23:00:00,0.1998,0.2005,0.1994,0.2004,602929.7
2025-12-17 00:00:00,0.2004,0.2005,0.1982,0.1989,1283713.5
2025-12-17 01:00:00,0.199,0.2011,0.1985,0.1988,1100912.0
2025-12-17 02:00:00,0.1989,0.1997,0.1976,0.1996,709082.6
2025-12-17 03:00:00,0.1996,0.2004,0.1984,0.1988,841688.8
2025-12-17 04:00:00,0.1988,0.1991,0.1974,0.1979,1081383.6
2025-12-17 05:00:00,0.1979,0.1986,0.1963,0.1981,1827664.8
2025-12-17 06:00:00,0.1981,0.1989,0.1978,0.1979,1797975.3
2025-12-17 07:00:00,0.198,0.1985,0.197,0.1976,1521806.1
2025-12-17 08:00:00,0.1975,0.1975,0.1958,0.1961,1026848.1
2025-12-17 09:00:00,0.1962,0.1964,0.195,0.1956,1074915.5
2025-12-17 10:00:00,0.1955,0.1959,0.1946,0.1951,1313644.1
2025-12-17 11:00:00,0.1951,0.1964,0.1949,0.196,976091.9
2025-12-17 12:00:00,0.196,0.1965,0.1951,0.1958,1191950.8
2025-12-17 13:00:00,0.1957,0.1981,0.1948,0.1975,2493522.4
2025-12-17 14:00:00,0.1975,0.2018,0.1927,0.2016,10307505.6
2025-12-17 15:00:00,0.2016,0.2048,0.1932,0.1938,15778156.8
2025-12-17 16:00:00,0.1938,0.1956,0.188,0.191,15545292.1
2025-12-17 17:00:00,0.191,0.1919,0.1866,0.187,6799646.2
2025-12-17 18:00:00,0.1871,0.1888,0.1843,0.1848,5418210.2
2025-12-17 19:00:00,0.1848,0.1867,0.1833,0.1866,4352792.7
2025-12-17 20:00:00,0.1866,0.1885,0.1855,0.1859,3939909.2
2025-12-17 21:00:00,0.1858,0.1865,0.1831,0.1835,2966091.1
2025-12-17 22:00:00,0.1836,0.1846,0.1824,0.1844,3357859.8
2025-12-17 23:00:00,0.1844,0.1848,0.1833,0.1848,1199610.1
2025-12-18 00:00:00,0.1848,0.1849,0.1835,0.184,1256720.2
2025-12-18 01:00:00,0.184,0.184,0.1822,0.1831,2528035.4
2025-12-18 02:00:00,0.1831,0.1851,0.1823,0.1839,2015150.6
2025-12-18 03:00:00,0.184,0.1843,0.1818,0.1824,1870744.0
2025-12-18 04:00:00,0.1824,0.1835,0.1822,0.1825,1929027.2
2025-12-18 05:00:00,0.1825,0.1826,0.1797,0.1804,3307251.6
2025-12-18 06:00:00,0.1804,0.182,0.1802,0.1819,1576824.6
2025-12-18 07:00:00,0.1819,0.1827,0.1813,0.1818,1628857.2
2025-12-18 08:00:00,0.1818,0.1843,0.1816,0.1829,2454170.0
2025-12-18 09:00:00,0.1829,0.1839,0.182,0.1828,3472377.2
2025-12-18 10:00:00,0.1827,0.1841,0.1823,0.1839,1560555.7
2025-12-18 11:00:00,0.1839,0.1839,0.1826,0.1836,1428223.7
2025-12-18 12:00:00,0.1837,0.1852,0.1834,0.1847,3871249.7
2025-12-18 13:00:00,0.1846,0.1922,0.1846,0.192,12645033.9
2025-12-18 14:00:00,0.1921,0.1939,0.1871,0.1886,7968379.1
2025-12-18 15:00:00,0.1886,0.192,0.1862,0.1897,5353106.9
2025-12-18 16:00:00,0.1899,0.19,0.1877,0.1883,2016510.7
2025-12-18 17:00:00,0.1883,0.1883,0.1756,0.1792,19793017.9
2025-12-18 18:00:00,0.1793,0.1813,0.1761,0.1764,5814004.2
2025-12-18 19:00:00,0.1763,0.177,0.1718,0.1723,11350465.9
2025-12-18 20:00:00,0.1722,0.1747,0.1722,0.1735,6272477.2
2025-12-18 21:00:00,0.1735,0.1774,0.1735,0.1773,6597174.7
2025-12-18 22:00:00,0.1773,0.178,0.1763,0.1768,2473975.9
2025-12-18 23:00:00,0.1769,0.1769,0.1757,0.1759,1398369.9
2025-12-19 00:00:00,0.176,0.1766,0.1742,0.175,1527766.4
2025-12-19 01:00:00,0.175,0.175,0.1733,0.1742,1561082.0
2025-12-19 02:00:00,0.1741,0.1759,0.1735,0.1754,2201188.5
2025-12-19 03:00:00,0.1754,0.1823,0.1753,0.1807,7812925.5
2025-12-19 04:00:00,0.1808,0.1822,0.1806,0.1809,2473261.5
2025-12-19 05:00:00,0.181,0.1811,0.1801,0.1807,1728907.1
2025-12-19 06:00:00,0.1807,0.183,0.1802,0.183,1717624.3
2025-12-19 07:00:00,0.183,0.1869,0.183,0.1848,3471921.8
2025-12-19 08:00:00,0.1848,0.1854,0.1841,0.185,1897343.2
2025-12-19 09:00:00,0.1849,0.185,0.184,0.1847,1308198.5
2025-12-19 10:00:00,0.1848,0.1852,0.1843,0.1846,1650681.0
2025-12-19 11:00:00,0.1846,0.1859,0.1842,0.1856,1919592.4
2025-12-19 12:00:00,0.1856,0.1868,0.185,0.1865,1807293.3
2025-12-19 13:00:00,0.1866,0.1875,0.186,0.1864,1736578.3
2025-12-19 14:00:00,0.1865,0.191,0.1861,0.1893,6435046.4
2025-12-19 15:00:00,0.1893,0.1934,0.1885,0.19,7979996.8
2025-12-19 16:00:00,0.1899,0.1941,0.1896,0.1906,6397076.1
2025-12-19 17:00:00,0.1906,0.1924,0.1867,0.1867,5928530.7
2025-12-19 18:00:00,0.1868,0.1902,0.1868,0.1897,2827719.8
2025-12-19 19:00:00,0.1897,0.1945,0.1897,0.1935,5187415.7
2025-12-19 20:00:00,0.1936,0.1952,0.1929,0.1937,3194802.7
2025-12-19 21:00:00,0.1936,0.1936,0.1919,0.1922,1772040.9
2025-12-19 22:00:00,0.1923,0.1942,0.1923,0.1938,1139964.4
2025-12-19 23:00:00,0.1937,0.1937,0.1924,0.1926,1462902.0
2025-12-20 00:00:00,0.1926,0.1926,0.1914,0.1916,1252267.9
2025-12-20 01:00:00,0.1916,0.192,0.1909,0.1913,922616.2
2025-12-20 02:00:00,0.1912,0.1915,0.1906,0.1909,877468.4
2025-12-20 03:00:00,0.1909,0.1914,0.1904,0.1909,1017783.2
2025-12-20 04:00:00,0.1909,0.1909,0.1893,0.1895,1323531.2
2025-12-20 05:00:00,0.1895,0.1901,0.1883,0.1891,3040371.9
2025-12-20 06:00:00,0.1891,0.1898,0.1891,0.1895,744684.9
2025-12-20 07:00:00,0.1895,0.1921,0.1894,0.192,2775635.4
2025-12-20 08:00:00,0.192,0.194,0.1919,0.1921,2524168.1
2025-12-20 09:00:00,0.1921,0.1929,0.1919,0.1923,1368659.1
2025-12-20 10:00:00,0.1923,0.1926,0.1906,0.1908,1883917.0
2025-12-20 11:00:00,0.1907,0.1926,0.1905,0.1926,1247731.1
2025-12-20 12:00:00,0.1925,0.1926,0.1912,0.1914,848353.1
2025-12-20 13:00:00,0.1914,0.1916,0.1897,0.191,2176636.8
2025-12-20 14:00:00,0.1909,0.1916,0.1896,0.1915,979497.5
2025-12-20 15:00:00,0.1915,0.1916,0.1901,0.1906,1770797.2
2025-12-20 16:00:00,0.1906,0.1908,0.1898,0.1904,811389.5
2025-12-20 17:00:00,0.1905,0.1914,0.1902,0.1905,962574.9
2025-12-20 18:00:00,0.1906,0.1908,0.19,0.1903,1490366.2
2025-12-20 19:00:00,0.1904,0.1905,0.1897,0.1898,828515.8
2025-12-20 20:00:00,0.1898,0.1901,0.1894,0.1897,1165309.5
2025-12-20 21:00:00,0.1898,0.1905,0.1897,0.1899,768287.1
2025-12-20 22:00:00,0.1899,0.1901,0.1891,0.1898,671658.9
2025-12-20 23:00:00,0.1897,0.1899,0.1891,0.1896,868563.2
2025-12-21 00:00:00,0.1896,0.1901,0.1892,0.1897,909773.1
2025-12-21 01:00:00,0.1896,0.1897,0.188,0.1882,1294070.3
2025-12-21 02:00:00,0.1882,0.1888,0.1872,0.1875,1216723.6
2025-12-21 03:00:00,0.1876,0.1889,0.1874,0.1883,855614.5
2025-12-21 04:00:00,0.1884,0.1886,0.1881,0.1882,370891.8
2025-12-21 05:00:00,0.1882,0.1895,0.188,0.1893,573505.7
2025-12-21 06:00:00,0.1893,0.1899,0.1889,0.1897,553395.6
2025-12-21 07:00:00,0.1897,0.1905,0.1895,0.1901,586415.9
2025-12-21 08:00:00,0.1902,0.1913,0.1895,0.1906,1217642.4
2025-12-21 09:00:00,0.1906,0.1918,0.1898,0.1911,1393119.7
2025-12-21 10:00:00,0.1912,0.1917,0.1889,0.1893,1435801.7
2025-12-21 11:00:00,0.1894,0.1895,0.1887,0.1892,773241.9
2025-12-21 12:00:00,0.1892,0.1902,0.1876,0.1884,2371846.4
2025-12-21 13:00:00,0.1884,0.1884,0.1827,0.183,6185032.4
2025-12-21 14:00:00,0.183,0.1853,0.1827,0.1843,2517161.8
2025-12-21 15:00:00,0.1843,0.1852,0.1834,0.1847,1675535.2
2025-12-21 16:00:00,0.1846,0.1852,0.1836,0.1851,1441677.0
2025-12-21 17:00:00,0.1851,0.1865,0.1846,0.1846,1732106.3
2025-12-21 18:00:00,0.1846,0.1851,0.1833,0.1849,1678753.8
2025-12-21 19:00:00,0.1851,0.186,0.1842,0.1856,1351446.5
2025-12-21 20:00:00,0.1857,0.1858,0.1844,0.1844,696337.2
2025-12-21 21:00:00,0.1844,0.1851,0.183,0.1832,1806506.7
2025-12-21 22:00:00,0.1833,0.1861,0.1828,0.1861,1687797.4
2025-12-21 23:00:00,0.1861,0.1876,0.185,0.186,1176320.2
2025-12-22 00:00:00,0.1861,0.1913,0.1861,0.1878,6111608.5
2025-12-22 01:00:00,0.1877,0.1902,0.1874,0.1877,1896657.9
2025-12-22 02:00:00,0.1876,0.1876,0.1845,0.1868,2904681.4
2025-12-22 03:00:00,0.1867,0.1896,0.1863,0.1885,1173778.2
2025-12-22 04:00:00,0.1885,0.1901,0.1885,0.1898,1048140.4
2025-12-22 05:00:00,0.1898,0.1902,0.1886,0.1895,1370026.0
2025-12-22 06:00:00,0.1893,0.1901,0.1888,0.1893,939007.0
2025-12-22 07:00:00,0.1893,0.1911,0.1891,0.1902,1055137.6
2025-12-22 08:00:00,0.1902,0.193,0.19,0.1901,3526197.3
2025-12-22 09:00:00,0.1901,0.1904,0.189,0.1899,990891.0
2025-12-22 10:00:00,0.19,0.1909,0.1895,0.1904,1688757.3
2025-12-22 11:00:00,0.1905,0.1917,0.1894,0.1909,1747606.5
2025-12-22 12:00:00,0.1909,0.193,0.1904,0.191,1906744.2
2025-12-22 13:00:00,0.1911,0.1916,0.1895,0.1902,876485.1
2025-12-22 14:00:00,0.1903,0.1922,0.1892,0.1908,2674679.2
2025-12-22 15:00:00,0.1909,0.1923,0.1883,0.1907,3540759.5
2025-12-22 16:00:00,0.1908,0.1918,0.1901,0.1905,1322766.1
2025-12-22 17:00:00,0.1906,0.1909,0.1893,0.1905,1114473.5
2025-12-22 18:00:00,0.1905,0.1914,0.1897,0.1901,2084905.4
2025-12-22 19:00:00,0.19,0.1901,0.1857,0.1862,3513541.0
2025-12-22 20:00:00,0.1861,0.1872,0.1845,0.1852,3267965.0
2025-12-22 21:00:00,0.1852,0.1869,0.1851,0.1859,1742515.1
2025-12-22 22:00:00,0.1859,0.1884,0.1854,0.1882,1347071.4
2025-12-22 23:00:00,0.1881,0.1883,0.187,0.1875,951607.3
2025-12-23 00:00:00,0.1875,0.1896,0.1873,0.1888,1260590.9
2025-12-23 01:00:00,0.1888,0.1891,0.1873,0.1875,837514.2
2025-12-23 02:00:00,0.1875,0.1886,0.1858,0.1859,1837540.1
2025-12-23 03:00:00,0.1859,0.1869,0.1847,0.1866,1132801.9
2025-12-23 04:00:00,0.1865,0.187,0.1855,0.1856,1011357.1
2025-12-23 05:00:00,0.1855,0.1859,0.1841,0.1854,1437026.1
2025-12-23 06:00:00,0.1853,0.1858,0.1837,0.1849,2448376.7
2025-12-23 07:00:00,0.1848,0.1853,0.1843,0.1849,1159790.3
2025-12-23 08:00:00,0.185,0.186,0.1841,0.1842,984668.8
2025-12-23 09:00:00,0.1842,0.1851,0.1838,0.1848,1422122.5
2025-12-23 10:00:00,0.1848,0.186,0.1848,0.1858,1272105.4
2025-12-23 11:00:00,0.1858,0.1865,0.1854,0.1857,995100.8
2025-12-23 12:00:00,0.1857,0.1858,0.184,0.1843,1297785.0
2025-12-23 13:00:00,0.1842,0.185,0.1825,0.1835,3086924.3
2025-12-23 14:00:00,0.1835,0.1845,0.1806,0.1822,6817064.1
2025-12-23 15:00:00,0.1823,0.1835,0.1816,0.1833,2915720.2
2025-12-23 16:00:00,0.1833,0.1872,0.1829,0.1866,4512642.2
2025-12-23 17:00:00,0.1866,0.1876,0.1835,0.1838,1819233.8
2025-12-23 18:00:00,0.1837,0.1878,0.1837,0.187,3486042.0
2025-12-23 19:00:00,0.187,0.1874,0.1857,0.1862,1313940.7
2025-12-23 20:00:00,0.1863,0.19,0.1858,0.1886,2003651.4
2025-12-23 21:00:00,0.1887,0.1895,0.188,0.1889,1330637.7
2025-12-23 22:00:00,0.189,0.1897,0.1883,0.1889,1176787.4
2025-12-23 23:00:00,0.1889,0.1912,0.1884,0.1911,1702530.8
2025-12-24 00:00:00,0.1911,0.1923,0.1905,0.1916,3161577.0
2025-12-24 01:00:00,0.1916,0.1926,0.1891,0.1897,1256961.8
2025-12-24 02:00:00,0.1897,0.1898,0.1864,0.1866,1735661.8
2025-12-24 03:00:00,0.1865,0.1876,0.1855,0.1872,713587.6
2025-12-24 04:00:00,0.1873,0.1892,0.1861,0.1862,950693.3
2025-12-24 05:00:00,0.1861,0.1871,0.1848,0.1851,2203370.9
2025-12-24 06:00:00,0.1851,0.1855,0.1843,0.1852,1079076.2
2025-12-24 07:00:00,0.1851,0.1867,0.1851,0.1852,1242547.7
2025-12-24 08:00:00,0.1852,0.1857,0.182,0.184,4373521.4
2025-12-24 09:00:00,0.1841,0.1849,0.1838,0.184,1489698.8
2025-12-24 10:00:00,0.1839,0.1847,0.1838,0.1839,1023327.1
2025-12-24 11:00:00,0.184,0.1851,0.184,0.1844,1452604.7
2025-12-24 12:00:00,0.1843,0.1855,0.184,0.1853,725214.7
2025-12-24 13:00:00,0.1853,0.1853,0.1833,0.1838,699327.8
2025-12-24 14:00:00,0.1838,0.1851,0.1816,0.1838,3261526.3
2025-12-24 15:00:00,0.1839,0.1885,0.1837,0.1882,3728313.8
2025-12-24 16:00:00,0.1882,0.19,0.1861,0.1888,4497516.0
2025-12-24 17:00:00,0.1888,0.1893,0.1871,0.1874,2410422.1
2025-12-24 18:00:00,0.1874,0.188,0.1866,0.1868,1008782.8
2025-12-24 19:00:00,0.1868,0.1877,0.1861,0.1874,847324.7
2025-12-24 20:00:00,0.1875,0.1883,0.1871,0.1872,957905.2
2025-12-24 21:00:00,0.1873,0.1879,0.1868,0.1878,748968.0
2025-12-24 22:00:00,0.1877,0.189,0.1876,0.1883,658461.0
2025-12-24 23:00:00,0.1883,0.1884,0.1874,0.1878,439260.9
2025-12-25 00:00:00,0.1878,0.1881,0.1871,0.1872,984941.6
2025-12-25 01:00:00,0.1872,0.1885,0.1872,0.1884,591440.3
2025-12-25 02:00:00,0.1883,0.1903,0.1879,0.1903,821143.2
2025-12-25 03:00:00,0.1903,0.1903,0.1893,0.1898,1718684.9
2025-12-25 04:00:00,0.1897,0.1913,0.1896,0.1906,4131880.5
2025-12-25 05:00:00,0.1906,0.1909,0.19,0.1902,1630953.8
2025-12-25 06:00:00,0.1903,0.1915,0.1898,0.1913,1527146.7
2025-12-25 07:00:00,0.1914,0.1914,0.19,0.1908,1978287.4
2025-12-25 08:00:00,0.1907,0.1914,0.1892,0.1902,3522392.6
2025-12-25 09:00:00,0.1902,0.1903,0.1889,0.189,2268075.6
2025-12-25 10:00:00,0.1891,0.1891,0.1867,0.1872,3572719.7
2025-12-25 11:00:00,0.1871,0.1876,0.1863,0.1867,1773925.9
2025-12-25 12:00:00,0.1867,0.1885,0.1866,0.1885,1740890.0
2025-12-25 13:00:00,0.1884,0.1889,0.1875,0.1885,1693324.5
2025-12-25 14:00:00,0.1884,0.1887,0.1867,0.1873,1321524.9
2025-12-25 15:00:00,0.1873,0.1909,0.1868,0.1899,4151891.2
2025-12-25 16:00:00,0.19,0.1912,0.1883,0.1888,3583786.0
2025-12-25 17:00:00,0.1888,0.1893,0.1883,0.1891,997880.3
2025-12-25 18:00:00,0.1892,0.1947,0.1892,0.1912,4221037.3
2025-12-25 19:00:00,0.1912,0.1916,0.1904,0.1913,890675.2
2025-12-25 20:00:00,0.1914,0.1916,0.1905,0.1913,1288194.9
2025-12-25 21:00:00,0.1912,0.1914,0.1902,0.1905,814565.4
2025-12-25 22:00:00,0.1905,0.1907,0.185,0.1863,3493056.8
2025-12-25 23:00:00,0.1863,0.1873,0.1837,0.1844,3618632.1
2025-12-26 00:00:00,0.1843,0.1852,0.183,0.1845,3476505.1
2025-12-26 01:00:00,0.1846,0.1862,0.1839,0.1858,1678597.2
2025-12-26 02:00:00,0.1857,0.1939,0.1855,0.1924,6587561.6
2025-12-26 03:00:00,0.1925,0.193,0.1908,0.1915,1737942.9
2025-12-26 04:00:00,0.1915,0.1927,0.1903,0.1921,1372891.4
2025-12-26 05:00:00,0.1921,0.193,0.1916,0.1928,692073.5
2025-12-26 06:00:00,0.1928,0.1938,0.1922,0.1925,1673937.4
2025-12-26 07:00:00,0.1924,0.1939,0.1899,0.1902,2483913.7
2025-12-26 08:00:00,0.1902,0.1912,0.1899,0.1908,1179410.4
2025-12-26 09:00:00,0.1908,0.1913,0.1903,0.1912,1133699.7
2025-12-26 10:00:00,0.1913,0.1914,0.1905,0.1911,705703.0
2025-12-26 11:00:00,0.1911,0.1911,0.1904,0.1909,609438.3
2025-12-26 12:00:00,0.1909,0.1925,0.1909,0.1922,656964.3
2025-12-26 13:00:00,0.1923,0.1926,0.1919,0.1922,889300.2
2025-12-26 14:00:00,0.1922,0.1922,0.1878,0.1883,3933078.1
2025-12-26 15:00:00,0.1883,0.1902,0.1865,0.1895,3768745.3
2025-12-26 16:00:00,0.1894,0.1901,0.1874,0.1875,3156958.9
2025-12-26 17:00:00,0.1877,0.1905,0.1875,0.1895,2942850.1
2025-12-26 18:00:00,0.1895,0.1917,0.1894,0.1913,2213442.6
2025-12-26 19:00:00,0.1912,0.1924,0.1909,0.1919,776827.3
2025-12-26 20:00:00,0.1919,0.1936,0.1916,0.1925,1302282.3
2025-12-26 21:00:00,0.1927,0.193,0.1915,0.1915,698476.0
2025-12-26 22:00:00,0.1915,0.1919,0.191,0.1919,498631.3
2025-12-26 23:00:00,0.1919,0.1921,0.1914,0.1918,304851.2
2025-12-27 00:00:00,0.1917,0.1929,0.1917,0.1925,1036700.4
2025-12-27 01:00:00,0.1925,0.1936,0.192,0.1936,689533.8
2025-12-27 02:00:00,0.1936,0.1945,0.1927,0.1942,1432998.5
2025-12-27 03:00:00,0.1942,0.1943,0.1927,0.1937,4872406.8
2025-12-27 04:00:00,0.1938,0.1938,0.1927,0.1934,1240272.6
2025-12-27 05:00:00,0.1934,0.1942,0.193,0.1933,2128542.9
2025-12-27 06:00:00,0.1933,0.1934,0.1921,0.1923,1165607.0
2025-12-27 07:00:00,0.1923,0.193,0.1919,0.1919,740548.3
2025-12-27 08:00:00,0.1919,0.1928,0.1919,0.1922,767507.9
2025-12-27 09:00:00,0.1921,0.1928,0.1916,0.1916,781076.3
2025-12-27 10:00:00,0.1917,0.1919,0.1904,0.1916,1510819.9
2025-12-27 11:00:00,0.1917,0.193,0.1915,0.1929,3476673.3
2025-12-27 12:00:00,0.1929,0.1933,0.1922,0.1927,1338688.4
2025-12-27 13:00:00,0.1928,0.193,0.1918,0.1921,710909.1
2025-12-27 14:00:00,0.1921,0.1931,0.192,0.193,822798.3
2025-12-27 15:00:00,0.1931,0.1943,0.1928,0.1939,1122775.6
2025-12-27 16:00:00,0.194,0.1945,0.1936,0.1936,1063071.8
2025-12-27 17:00:00,0.1936,0.1944,0.1935,0.1943,470780.5
2025-12-27 18:00:00,0.1942,0.1943,0.193,0.1934,588503.9
2025-12-27 19:00:00,0.1933,0.1937,0.1931,0.1936,679384.4
2025-12-27 20:00:00,0.1936,0.194,0.1931,0.1933,465007.1
2025-12-27 21:00:00,0.1933,0.1954,0.1933,0.1951,1239814.7
2025-12-27 22:00:00,0.195,0.197,0.1943,0.1949,1998824.9
2025-12-27 23:00:00,0.1949,0.1981,0.1949,0.1971,2299408.1
2025-12-28 00:00:00,0.1972,0.1977,0.1962,0.1963,1053842.0
2025-12-28 01:00:00,0.1964,0.197,0.1957,0.1966,1271092.5
2025-12-28 02:00:00,0.1965,0.1974,0.1964,0.1969,605161.7
2025-12-28 03:00:00,0.1969,0.1976,0.1964,0.1973,804157.2
2025-12-28 04:00:00,0.1972,0.1978,0.1969,0.197,486063.2
2025-12-28 05:00:00,0.197,0.1978,0.1967,0.1973,537791.3
2025-12-28 06:00:00,0.1971,0.1983,0.1967,0.1977,745252.6
2025-12-28 07:00:00,0.1978,0.198,0.1971,0.1975,722138.4
2025-12-28 08:00:00,0.1974,0.1981,0.1972,0.1977,618667.5
2025-12-28 09:00:00,0.1977,0.1979,0.1965,0.197,844910.6
2025-12-28 10:00:00,0.1971,0.1981,0.1969,0.1979,647270.8
2025-12-28 11:00:00,0.1979,0.1991,0.1969,0.1976,1375038.7
2025-12-28 12:00:00,0.1976,0.1978,0.196,0.1964,853264.4
2025-12-28 13:00:00,0.1964,0.1977,0.1962,0.197,1021405.6
2025-12-28 14:00:00,0.1969,0.1982,0.1969,0.1977,956964.1
2025-12-28 15:00:00,0.1977,0.1984,0.1965,0.1967,934840.3
2025-12-28 16:00:00,0.1966,0.1975,0.1961,0.1963,769668.8
2025-12-28 17:00:00,0.1963,0.1974,0.1959,0.196,820226.0
2025-12-28 18:00:00,0.196,0.1962,0.1935,0.1936,3473291.5
2025-12-28 19:00:00,0.1936,0.1945,0.1928,0.1931,1433191.2
2025-12-28 20:00:00,0.193,0.1939,0.1925,0.1932,1056261.0
2025-12-28 21:00:00,0.1932,0.1938,0.1928,0.1937,798612.6
2025-12-28 22:00:00,0.1938,0.1951,0.1934,0.1946,765177.4
2025-12-28 23:00:00,0.1946,0.1953,0.1937,0.195,647068.0
2025-12-29 00:00:00,0.1949,0.1972,0.1945,0.1962,2276023.8
2025-12-29 01:00:00,0.1961,0.1977,0.1944,0.1968,2214994.8
2025-12-29 02:00:00,0.1969,0.1989,0.1958,0.1966,3685305.2
2025-12-29 03:00:00,0.1966,0.1993,0.1963,0.1989,2563310.8
2025-12-29 04:00:00,0.199,0.1998,0.1983,0.1984,2283929.9
2025-12-29 05:00:00,0.1984,0.1984,0.1971,0.1971,1319969.8
2025-12-29 06:00:00,0.1972,0.198,0.1965,0.1966,1438555.5
2025-12-29 07:00:00,0.1966,0.197,0.1951,0.1966,1876057.6
2025-12-29 08:00:00,0.1966,0.1969,0.1953,0.1956,1506698.5
2025-12-29 09:00:00,0.1957,0.1958,0.1915,0.1929,3505141.5
2025-12-29 10:00:00,0.1928,0.1942,0.1926,0.1934,1389427.7
2025-12-29 11:00:00,0.1934,0.1937,0.1926,0.1926,1212246.3
2025-12-29 12:00:00,0.1926,0.1929,0.1889,0.1912,4013636.9
2025-12-29 13:00:00,0.1912,0.1915,0.1898,0.1901,1641398.2
2025-12-29 14:00:00,0.1901,0.193,0.1891,0.1903,3647969.9
2025-12-29 15:00:00,0.1902,0.1929,0.19,0.1914,2247375.4
2025-12-29 16:00:00,0.1915,0.1919,0.1902,0.1908,1327457.0
2025-12-29 17:00:00,0.1909,0.1926,0.1902,0.192,2286147.5
2025-12-29 18:00:00,0.1919,0.1925,0.1903,0.1906,1168815.4
2025-12-29 19:00:00,0.1906,0.1922,0.1902,0.191,2025020.5
2025-12-29 20:00:00,0.191,0.1919,0.1899,0.1904,986197.1
2025-12-29 21:00:00,0.1904,0.1915,0.1903,0.1912,777006.4
2025-12-29 22:00:00,0.1912,0.1913,0.1906,0.1907,414086.0
2025-12-29 23:00:00,0.1907,0.1911,0.19,0.1905,691767.0
2025-12-30 00:00:00,0.1905,0.1909,0.1895,0.1904,597435.0
2025-12-30 01:00:00,0.1904,0.1911,0.1894,0.1905,1256739.3
2025-12-30 02:00:00,0.1905,0.191,0.1895,0.1898,736354.2
2025-12-30 03:00:00,0.1898,0.1911,0.1886,0.1907,1369728.2
2025-12-30 04:00:00,0.1908,0.1913,0.1903,0.1903,1319303.5
2025-12-30 05:00:00,0.1904,0.1905,0.1891,0.1902,1184440.5
2025-12-30 06:00:00,0.1901,0.192,0.1901,0.1915,943075.1
2025-12-30 07:00:00,0.1914,0.1919,0.1908,0.1909,863784.1
2025-12-30 08:00:00,0.191,0.195,0.1909,0.1931,4381124.3
2025-12-30 09:00:00,0.193,0.1942,0.1928,0.1938,1235978.8
2025-12-30 10:00:00,0.1938,0.1942,0.1928,0.193,1272859.8
2025-12-30 11:00:00,0.193,0.1939,0.1929,0.1938,947101.6
2025-12-30 12:00:00,0.1938,0.1943,0.1934,0.1935,869854.0
2025-12-30 13:00:00,0.1935,0.1946,0.1934,0.1938,1417487.1
2025-12-30 14:00:00,0.1937,0.1951,0.1912,0.194,3696277.7
2025-12-30 15:00:00,0.1941,0.1945,0.1923,0.194,1889800.7
2025-12-30 16:00:00,0.1939,0.1949,0.1925,0.193,1522435.8
2025-12-30 17:00:00,0.1929,0.1934,0.1914,0.1919,1359690.1
2025-12-30 18:00:00,0.1918,0.1925,0.1915,0.1919,530476.6
2025-12-30 19:00:00,0.1918,0.1925,0.1904,0.1921,1577839.6
2025-12-30 20:00:00,0.1921,0.1921,0.1904,0.1904,576959.0
2025-12-30 21:00:00,0.1905,0.191,0.1902,0.1906,793133.5
2025-12-30 22:00:00,0.1906,0.1911,0.1901,0.1906,619968.4
2025-12-30 23:00:00,0.1905,0.1912,0.1903,0.1909,687919.7
2025-12-31 00:00:00,0.1909,0.1909,0.1899,0.1905,915672.1
2025-12-31 01:00:00,0.1905,0.1929,0.1903,0.1919,1125261.7
2025-12-31 02:00:00,0.1919,0.1925,0.1913,0.1917,535884.3
2025-12-31 03:00:00,0.1918,0.1921,0.1907,0.1911,586407.6
2025-12-31 04:00:00,0.1911,0.1915,0.1909,0.1909,454664.7
2025-12-31 05:00:00,0.1909,0.1918,0.1908,0.1914,415023.9
2025-12-31 06:00:00,0.1914,0.1917,0.1912,0.1913,286100.3
2025-12-31 07:00:00,0.1913,0.1914,0.1905,0.1913,497787.6
2025-12-31 08:00:00,0.1912,0.1921,0.19,0.1902,697692.7
2025-12-31 09:00:00,0.1903,0.1908,0.1901,0.1904,440706.0
2025-12-31 10:00:00,0.1904,0.1905,0.1897,0.1901,890138.6
2025-12-31 11:00:00,0.1901,0.1916,0.19,0.1915,835916.4
2025-12-31 12:00:00,0.1915,0.1915,0.1896,0.1899,909661.5
2025-12-31 13:00:00,0.1899,0.1912,0.1897,0.1908,687674.2
2025-12-31 14:00:00,0.1908,0.1922,0.1897,0.1904,2563822.0
2025-12-31 15:00:00,0.1903,0.1908,0.1885,0.1893,1839331.2
2025-12-31 16:00:00,0.1892,0.1898,0.1843,0.1858,4117992.2
2025-12-31 17:00:00,0.1858,0.1864,0.1846,0.1848,1141042.5
2025-12-31 18:00:00,0.1848,0.1858,0.1839,0.1846,1229131.1
2025-12-31 19:00:00,0.1847,0.1864,0.1845,0.1854,987946.2
2025-12-31 20:00:00,0.1854,0.1874,0.1842,0.1868,2235825.4
2025-12-31 21:00:00,0.1869,0.1883,0.1867,0.1878,1101134.9
2025-12-31 22:00:00,0.1878,0.1881,0.187,0.1871,997218.7
2025-12-31 23:00:00,0.187,0.1872,0.1867,0.1868,688449.5
2026-01-01 00:00:00,0.1869,0.1883,0.1869,0.187,1418255.6
2026-01-01 01:00:00,0.1869,0.1879,0.1864,0.1868,1115380.3
2026-01-01 02:00:00,0.1869,0.1878,0.1866,0.1871,352595.1
2026-01-01 03:00:00,0.1871,0.1871,0.1859,0.186,1009160.9
2026-01-01 04:00:00,0.186,0.1861,0.185,0.1855,1004565.4
2026-01-01 05:00:00,0.1856,0.187,0.1856,0.1867,615565.5
2026-01-01 06:00:00,0.1868,0.1869,0.1859,0.186,607429.2
2026-01-01 07:00:00,0.186,0.1868,0.186,0.1865,528481.2
2026-01-01 08:00:00,0.1864,0.1867,0.1858,0.1866,884296.7
2026-01-01 09:00:00,0.1866,0.1878,0.1865,0.1875,1028217.0
2026-01-01 10:00:00,0.1875,0.1886,0.1874,0.1886,616991.1
2026-01-01 11:00:00,0.1885,0.1891,0.1881,0.189,516527.9
2026-01-01 12:00:00,0.1891,0.1893,0.188,0.1887,469612.8
2026-01-01 13:00:00,0.1887,0.1908,0.1887,0.1908,1349347.0
2026-01-01 14:00:00,0.1908,0.1928,0.1907,0.1921,2759001.8
2026-01-01 15:00:00,0.1921,0.1959,0.1919,0.1949,4660814.0
2026-01-01 16:00:00,0.1949,0.1957,0.1942,0.1956,2377483.9
2026-01-01 17:00:00,0.1956,0.1979,0.1955,0.1969,3135382.9
2026-01-01 18:00:00,0.1969,0.1974,0.1962,0.1967,1843112.4
2026-01-01 19:00:00,0.1967,0.1994,0.1967,0.1994,2037626.1
2026-01-01 20:00:00,0.1995,0.2003,0.1984,0.1994,2382255.9
2026-01-01 21:00:00,0.1995,0.1996,0.1984,0.1989,1437035.1
2026-01-01 22:00:00,0.1989,0.2018,0.1988,0.2017,1568253.3
2026-01-01 23:00:00,0.2017,0.2023,0.2004,0.2011,2106178.8
2026-01-02 00:00:00,0.2012,0.2024,0.2003,0.2011,981518.1
2026-01-02 01:00:00,0.201,0.2017,0.2004,0.2009,838536.0
2026-01-02 02:00:00,0.2009,0.2016,0.1998,0.2012,1024644.5
2026-01-02 03:00:00,0.2012,0.2037,0.2012,0.2028,1594286.6
2026-01-02 04:00:00,0.2029,0.2031,0.1988,0.2008,4908564.7
2026-01-02 05:00:00,0.2007,0.201,0.1997,0.2008,778630.8
2026-01-02 06:00:00,0.2009,0.2017,0.2006,0.2007,824682.0
2026-01-02 07:00:00,0.2008,0.201,0.1991,0.1997,2043749.0
2026-01-02 08:00:00,0.1997,0.2008,0.1995,0.2008,1120208.9
2026-01-02 09:00:00,0.2008,0.2053,0.2007,0.2035,3327865.2
2026-01-02 10:00:00,0.2035,0.204,0.203,0.2034,2298581.4
2026-01-02 11:00:00,0.2034,0.2034,0.2007,0.2014,1335259.8
2026-01-02 12:00:00,0.2014,0.2042,0.2011,0.2038,1618283.1
2026-01-02 13:00:00,0.2038,0.2038,0.2021,0.2022,1612756.1
2026-01-02 14:00:00,0.2023,0.2054,0.1999,0.203,4440745.0
2026-01-02 15:00:00,0.203,0.2042,0.2007,0.2026,3131561.3
2026-01-02 16:00:00,0.2027,0.2066,0.2021,0.2064,3655778.1
2026-01-02 17:00:00,0.2065,0.2075,0.2045,0.2055,2994771.4
2026-01-02 18:00:00,0.2055,0.207,0.2041,0.2053,2041627.0
2026-01-02 19:00:00,0.2053,0.2077,0.2052,0.2073,1373372.1
2026-01-02 20:00:00,0.2073,0.2083,0.2064,0.2073,1006243.0
2026-01-02 21:00:00,0.2074,0.2091,0.2067,0.2086,1031437.8
2026-01-02 22:00:00,0.2085,0.2103,0.2082,0.209,1744502.9
2026-01-02 23:00:00,0.2089,0.2094,0.2082,0.2089,985570.6
2026-01-03 00:00:00,0.2089,0.2095,0.2082,0.2082,861247.3
2026-01-03 01:00:00,0.2082,0.2087,0.2076,0.2081,815298.9
2026-01-03 02:00:00,0.2081,0.2093,0.2073,0.2091,551055.6
2026-01-03 03:00:00,0.2091,0.2116,0.2084,0.2114,2665264.6
2026-01-03 04:00:00,0.2113,0.2115,0.2098,0.2101,902965.3
2026-01-03 05:00:00,0.2102,0.2111,0.2093,0.2101,1017754.2
2026-01-03 06:00:00,0.2101,0.2112,0.2074,0.2078,1257034.9
2026-01-03 07:00:00,0.2078,0.2082,0.204,0.2048,2432057.7
2026-01-03 08:00:00,0.2047,0.2063,0.204,0.2057,1344919.0
2026-01-03 09:00:00,0.2057,0.2072,0.2052,0.2061,849217.2
2026-01-03 10:00:00,0.2061,0.2062,0.2052,0.2053,737466.3
2026-01-03 11:00:00,0.2053,0.2055,0.2046,0.2054,572349.9
2026-01-03 12:00:00,0.2053,0.207,0.2049,0.2067,1036336.6
2026-01-03 13:00:00,0.2066,0.2077,0.2064,0.2075,551727.8
2026-01-03 14:00:00,0.2074,0.208,0.2069,0.2072,509047.3
2026-01-03 15:00:00,0.2072,0.2077,0.2066,0.2071,805758.6
2026-01-03 16:00:00,0.2071,0.2105,0.2069,0.2097,1658611.3
2026-01-03 17:00:00,0.2097,0.2098,0.2085,0.2085,1065247.9
2026-01-03 18:00:00,0.2086,0.2091,0.2079,0.2089,503851.2
2026-01-03 19:00:00,0.209,0.209,0.2082,0.2087,417153.9
2026-01-03 20:00:00,0.2088,0.2089,0.2076,0.208,763547.7
2026-01-03 21:00:00,0.2079,0.2093,0.2076,0.2084,867827.9
2026-01-03 22:00:00,0.2084,0.21,0.2075,0.2097,566834.0
2026-01-03 23:00:00,0.2097,0.2099,0.209,0.2091,361196.6
2026-01-04 00:00:00,0.2091,0.2117,0.2088,0.2109,2563426.5
2026-01-04 01:00:00,0.2109,0.2111,0.2095,0.2105,617675.6
2026-01-04 02:00:00,0.2105,0.2115,0.2098,0.2106,766871.3
2026-01-04 03:00:00,0.2107,0.2129,0.2107,0.2118,2180461.9
2026-01-04 04:00:00,0.2118,0.2124,0.211,0.2111,847321.7
2026-01-04 05:00:00,0.2111,0.2121,0.2107,0.2121,499334.6
2026-01-04 06:00:00,0.212,0.2127,0.209,0.2094,2481921.0
2026-01-04 07:00:00,0.2095,0.2111,0.2091,0.2103,1796647.0
2026-01-04 08:00:00,0.2102,0.2106,0.2086,0.2103,2647254.9
2026-01-04 09:00:00,0.2104,0.2119,0.2097,0.2113,1273946.1
2026-01-04 10:00:00,0.2113,0.2119,0.2108,0.2114,1268733.4
2026-01-04 11:00:00,0.2113,0.2118,0.2103,0.2117,1078494.0
2026-01-04 12:00:00,0.2117,0.2145,0.2115,0.2126,2999323.6
2026-01-04 13:00:00,0.2125,0.2142,0.2112,0.2141,1565438.3
2026-01-04 14:00:00,0.2141,0.215,0.2131,0.2146,1751351.9
2026-01-04 15:00:00,0.2146,0.2165,0.2142,0.2153,2725749.5
2026-01-04 16:00:00,0.2153,0.218,0.215,0.218,2420488.2
2026-01-04 17:00:00,0.2178,0.2185,0.2167,0.218,1693946.9
2026-01-04 18:00:00,0.2182,0.2184,0.2149,0.2159,2910682.0
2026-01-04 19:00:00,0.2158,0.2158,0.2119,0.2141,3652747.0
2026-01-04 20:00:00,0.2139,0.2151,0.2137,0.2142,1190173.0
2026-01-04 21:00:00,0.2142,0.216,0.2134,0.2147,1150459.3
2026-01-04 22:00:00,0.2145,0.2175,0.2143,0.2156,2173787.9
2026-01-04 23:00:00,0.2156,0.2176,0.2153,0.2163,1026449.6
2026-01-05 00:00:00,0.2162,0.218,0.2152,0.217,2989053.8
2026-01-05 01:00:00,0.217,0.2199,0.2167,0.2186,4428932.0
2026-01-05 02:00:00,0.2187,0.2196,0.2165,0.2184,2364542.2
2026-01-05 03:00:00,0.2184,0.2188,0.2168,0.2176,837365.8
2026-01-05 04:00:00,0.2175,0.218,0.2132,0.2148,2310466.4
2026-01-05 05:00:00,0.2147,0.2157,0.2134,0.2135,1671816.7
2026-01-05 06:00:00,0.2135,0.2139,0.2116,0.2133,1493116.0
2026-01-05 07:00:00,0.2133,0.2156,0.2127,0.2151,1659815.1
2026-01-05 08:00:00,0.2151,0.2155,0.2131,0.2132,1444086.8
2026-01-05 09:00:00,0.2132,0.2133,0.2114,0.2121,2797174.1
2026-01-05 10:00:00,0.2122,0.2137,0.2113,0.2123,2094061.9
2026-01-05 11:00:00,0.2122,0.2128,0.2115,0.2127,1168328.1
2026-01-05 12:00:00,0.2128,0.2143,0.2121,0.2138,1405868.9
2026-01-05 13:00:00,0.2139,0.2142,0.212,0.2132,2173287.2
2026-01-05 14:00:00,0.2131,0.2166,0.2124,0.2154,4538618.8
2026-01-05 15:00:00,0.2154,0.2187,0.2138,0.2181,3530092.1
2026-01-05 16:00:00,0.218,0.2188,0.2162,0.2167,3834267.9
2026-01-05 17:00:00,0.2166,0.2195,0.2133,0.2188,5199871.6
2026-01-05 18:00:00,0.2189,0.2222,0.218,0.2219,3997038.4
2026-01-05 19:00:00,0.2219,0.2221,0.2193,0.22,3020754.1
2026-01-05 20:00:00,0.2201,0.2233,0.2199,0.2208,3446712.1
2026-01-05 21:00:00,0.2209,0.2215,0.2199,0.2206,1178900.2
2026-01-05 22:00:00,0.2207,0.2233,0.2203,0.2221,1433300.4
2026-01-05 23:00:00,0.2221,0.2225,0.2208,0.2211,1159703.5
2026-01-06 00:00:00,0.221,0.2216,0.2181,0.2211,1794672.5
2026-01-06 01:00:00,0.2211,0.2239,0.2202,0.2203,2098731.8
2026-01-06 02:00:00,0.2204,0.2211,0.2196,0.22,760136.8
2026-01-06 03:00:00,0.2201,0.2226,0.2198,0.2218,923663.8
2026-01-06 04:00:00,0.2217,0.2231,0.2213,0.2221,648888.4
2026-01-06 05:00:00,0.2221,0.2224,0.2213,0.2215,1254029.6
2026-01-06 06:00:00,0.2215,0.2235,0.2203,0.222,2077660.8
2026-01-06 07:00:00,0.222,0.2222,0.2188,0.2192,2364584.2
2026-01-06 08:00:00,0.2192,0.2211,0.2188,0.2194,2066848.7
2026-01-06 09:00:00,0.2193,0.2208,0.2192,0.2204,1037206.9
2026-01-06 10:00:00,0.2203,0.2216,0.2198,0.2211,932386.8
2026-01-06 11:00:00,0.221,0.2228,0.2208,0.2223,1178002.1
2026-01-06 12:00:00,0.2224,0.2238,0.2221,0.2236,1336256.5
2026-01-06 13:00:00,0.2235,0.2245,0.2227,0.223,1583044.2
2026-01-06 14:00:00,0.223,0.2277,0.2223,0.2237,6052115.4
2026-01-06 15:00:00,0.2237,0.2252,0.2195,0.2208,3648078.7
2026-01-06 16:00:00,0.2208,0.2213,0.2152,0.2168,6075813.1
2026-01-06 17:00:00,0.2167,0.2186,0.2115,0.2123,7053296.3
2026-01-06 18:00:00,0.2122,0.2159,0.2114,0.215,2667291.4
2026-01-06 19:00:00,0.2151,0.2161,0.2146,0.2149,829179.2
2026-01-06 20:00:00,0.2149,0.2188,0.2149,0.218,1152555.4
2026-01-06 21:00:00,0.2179,0.224,0.2171,0.2224,3564083.7
2026-01-06 22:00:00,0.2223,0.2229,0.2204,0.2209,1155068.9
2026-01-06 23:00:00,0.2209,0.2228,0.2209,0.2224,814731.1
2026-01-07 00:00:00,0.2223,0.2225,0.2175,0.2176,1134420.5
2026-01-07 01:00:00,0.2176,0.2184,0.2159,0.2162,897807.3
2026-01-07 02:00:00,0.2161,0.2183,0.2155,0.2182,810183.8
2026-01-07 03:00:00,0.2183,0.2191,0.2174,0.2178,624998.0
2026-01-07 04:00:00,0.2179,0.2185,0.2169,0.2171,465087.1
2026-01-07 05:00:00,0.2172,0.2186,0.2166,0.217,749226.3
2026-01-07 06:00:00,0.217,0.2175,0.2163,0.2165,548759.8
2026-01-07 07:00:00,0.2165,0.2208,0.2165,0.2207,1308516.9
2026-01-07 08:00:00,0.2208,0.2225,0.2199,0.2211,1484442.7
2026-01-07 09:00:00,0.2211,0.2211,0.2157,0.2159,3008065.8
2026-01-07 10:00:00,0.2158,0.2176,0.2157,0.2173,2402959.3
2026-01-07 11:00:00,0.2172,0.2192,0.217,0.2189,11769453.7
2026-01-07 12:00:00,0.2189,0.2189,0.2162,0.2163,791934.2
2026-01-07 13:00:00,0.2164,0.218,0.2153,0.2156,1230033.3
2026-01-07 14:00:00,0.2156,0.2156,0.2114,0.2147,4304541.1
2026-01-07 15:00:00,0.2148,0.2148,0.2102,0.2111,4691337.8
2026-01-07 16:00:00,0.211,0.2129,0.2101,0.2117,1914051.6
2026-01-07 17:00:00,0.2118,0.2142,0.2113,0.2122,1362534.1
2026-01-07 18:00:00,0.2122,0.214,0.2115,0.2127,2357948.9
2026-01-07 19:00:00,0.2127,0.2133,0.2106,0.2127,1988816.7
2026-01-07 20:00:00,0.2127,0.2131,0.2111,0.2116,756477.1
2026-01-07 21:00:00,0.2116,0.2125,0.2112,0.2114,1113151.1
2026-01-07 22:00:00,0.2113,0.2131,0.2104,0.2111,1020722.1
2026-01-07 23:00:00,0.2111,0.2135,0.2102,0.2128,1299895.0
2026-01-08 00:00:00,0.2128,0.2133,0.2115,0.213,663821.9
2026-01-08 01:00:00,0.2131,0.2137,0.2124,0.2133,1422939.5
2026-01-08 02:00:00,0.2132,0.2139,0.2112,0.2117,1499474.4
2026-01-08 03:00:00,0.2117,0.2129,0.2092,0.2098,1440537.9
2026-01-08 04:00:00,0.2099,0.2119,0.2095,0.2114,1247229.2
2026-01-08 05:00:00,0.2114,0.2125,0.2108,0.2111,624866.2
2026-01-08 06:00:00,0.2111,0.2115,0.2073,0.2074,2538861.1
2026-01-08 07:00:00,0.2074,0.211,0.2063,0.2109,2788301.7
2026-01-08 08:00:00,0.211,0.2118,0.2091,0.2093,1008932.1
2026-01-08 09:00:00,0.2094,0.2099,0.2071,0.2074,1268431.9
2026-01-08 10:00:00,0.2074,0.2097,0.2059,0.2092,2073219.9
2026-01-08 11:00:00,0.2093,0.2094,0.2067,0.2078,2624614.5
2026-01-08 12:00:00,0.2077,0.2078,0.2053,0.206,1815122.7
2026-01-08 13:00:00,0.206,0.2065,0.2049,0.2055,1524091.0
2026-01-08 14:00:00,0.2054,0.2073,0.2036,0.2066,4557745.8
2026-01-08 15:00:00,0.2066,0.2124,0.2056,0.2121,4091600.0
2026-01-08 16:00:00,0.212,0.2125,0.2096,0.212,3297918.1
2026-01-08 17:00:00,0.212,0.2128,0.2105,0.2121,1732753.4
2026-01-08 18:00:00,0.212,0.2123,0.21,0.2104,1164529.1
2026-01-08 19:00:00,0.2104,0.2113,0.2084,0.2087,1151201.6
2026-01-08 20:00:00,0.2087,0.2087,0.2068,0.208,1703352.5
2026-01-08 21:00:00,0.2081,0.2102,0.208,0.2099,841138.1
2026-01-08 22:00:00,0.2099,0.2114,0.2088,0.21,1567875.0
2026-01-08 23:00:00,0.2101,0.2104,0.2089,0.209,704664.3
2026-01-09 00:00:00,0.209,0.2097,0.2089,0.2093,432393.3
2026-01-09 01:00:00,0.2094,0.2113,0.2074,0.2084,3331405.8
2026-01-09 02:00:00,0.2084,0.2097,0.2074,0.2077,4352566.7
2026-01-09 03:00:00,0.2077,0.2094,0.2075,0.2093,882230.0
2026-01-09 04:00:00,0.2092,0.2096,0.2081,0.2081,887060.2
2026-01-09 05:00:00,0.2082,0.2087,0.2075,0.2086,795719.0
2026-01-09 06:00:00,0.2086,0.2091,0.208,0.2089,1006743.3
2026-01-09 07:00:00,0.2088,0.209,0.2084,0.2084,816648.1
2026-01-09 08:00:00,0.2085,0.209,0.2049,0.2062,2984624.8
2026-01-09 09:00:00,0.2062,0.2084,0.2061,0.2075,1081983.1
2026-01-09 10:00:00,0.2075,0.208,0.2069,0.2076,538450.1
2026-01-09 11:00:00,0.2076,0.2081,0.207,0.2072,1236973.8
2026-01-09 12:00:00,0.2071,0.2074,0.206,0.2064,736864.1
2026-01-09 13:00:00,0.2065,0.2095,0.2065,0.2084,3209137.0
2026-01-09 14:00:00,0.2085,0.2085,0.2053,0.2062,2287864.8
2026-01-09 15:00:00,0.2063,0.2121,0.2048,0.2099,16545425.9
2026-01-09 16:00:00,0.21,0.2137,0.2099,0.212,3011760.5
2026-01-09 17:00:00,0.2122,0.2122,0.2089,0.2111,1917773.1
2026-01-09 18:00:00,0.211,0.2112,0.2063,0.2085,1719437.7
2026-01-09 19:00:00,0.2084,0.2086,0.2054,0.206,1873501.0
2026-01-09 20:00:00,0.2059,0.2074,0.2057,0.2064,1288770.3
2026-01-09 21:00:00,0.2064,0.2078,0.2057,0.2074,1277413.1
2026-01-09 22:00:00,0.2073,0.2082,0.2068,0.2082,1188698.3
2026-01-09 23:00:00,0.2081,0.2086,0.2072,0.2075,462061.0
2026-01-10 00:00:00,0.2075,0.2076,0.2057,0.2062,722849.4
2026-01-10 01:00:00,0.2063,0.2071,0.2059,0.2065,328651.5
2026-01-10 02:00:00,0.2066,0.2067,0.2054,0.2056,666313.0
2026-01-10 03:00:00,0.2056,0.2061,0.2048,0.206,589594.5
2026-01-10 04:00:00,0.206,0.2064,0.205,0.2058,508410.0
2026-01-10 05:00:00,0.2059,0.2064,0.2057,0.206,305718.3
2026-01-10 06:00:00,0.206,0.2067,0.2053,0.2066,434634.1
2026-01-10 07:00:00,0.2065,0.2081,0.2065,0.2081,966091.5
2026-01-10 08:00:00,0.208,0.2089,0.2078,0.2088,861882.6
2026-01-10 09:00:00,0.2089,0.2134,0.2087,0.2105,5517726.0
2026-01-10 10:00:00,0.2103,0.2107,0.2095,0.2106,883302.2
2026-01-10 11:00:00,0.2106,0.211,0.2098,0.2109,705886.0
2026-01-10 12:00:00,0.2109,0.2127,0.2106,0.2126,935377.6
2026-01-10 13:00:00,0.2126,0.2129,0.2117,0.2119,1107102.1
2026-01-10 14:00:00,0.2119,0.212,0.2104,0.2106,908994.6
2026-01-10 15:00:00,0.2106,0.2112,0.2104,0.2107,778942.3
2026-01-10 16:00:00,0.2107,0.2108,0.2096,0.2101,449756.4
2026-01-10 17:00:00,0.2102,0.2113,0.2086,0.2088,1417857.1
2026-01-10 18:00:00,0.2088,0.2096,0.2085,0.2092,576161.3
2026-01-10 19:00:00,0.2093,0.2106,0.2092,0.2104,638835.0
2026-01-10 20:00:00,0.2105,0.2107,0.2094,0.2095,359040.5
2026-01-10 21:00:00,0.2094,0.2096,0.2083,0.2083,537964.6
2026-01-10 22:00:00,0.2082,0.2083,0.2062,0.2063,846951.0
2026-01-10 23:00:00,0.2063,0.2073,0.2062,0.2069,772663.8
2026-01-11 00:00:00,0.207,0.2078,0.2063,0.2076,485532.7
2026-01-11 01:00:00,0.2074,0.2081,0.207,0.2078,336793.0
2026-01-11 02:00:00,0.2079,0.2082,0.2071,0.2072,294138.2
2026-01-11 03:00:00,0.2072,0.2077,0.2071,0.2073,690319.7
2026-01-11 04:00:00,0.2072,0.2077,0.2065,0.2076,909933.2
2026-01-11 05:00:00,0.2076,0.2078,0.207,0.2075,797826.0
2026-01-11 06:00:00,0.2075,0.2078,0.2063,0.2077,725361.4
2026-01-11 07:00:00,0.2077,0.2086,0.2072,0.2085,1227579.7
2026-01-11 08:00:00,0.2084,0.2086,0.2078,0.2081,766491.0
2026-01-11 09:00:00,0.208,0.2087,0.2079,0.2086,529305.6
2026-01-11 10:00:00,0.2085,0.2089,0.2081,0.2083,444677.8
2026-01-11 11:00:00,0.2082,0.2086,0.2081,0.2084,431615.2
2026-01-11 12:00:00,0.2085,0.2101,0.2084,0.2099,1260798.0
2026-01-11 13:00:00,0.2099,0.21,0.2081,0.2082,824167.9
2026-01-11 14:00:00,0.2082,0.2102,0.2081,0.2098,675880.7
2026-01-11 15:00:00,0.2099,0.2101,0.2061,0.2068,1314073.2
2026-01-11 16:00:00,0.2068,0.2095,0.2064,0.2076,2161819.8
2026-01-11 17:00:00,0.2076,0.2081,0.2064,0.2079,548219.5
2026-01-11 18:00:00,0.208,0.208,0.2066,0.2074,600007.6
2026-01-11 19:00:00,0.2072,0.2078,0.2057,0.206,719707.0
2026-01-11 20:00:00,0.2059,0.2059,0.2034,0.2045,2464284.6
2026-01-11 21:00:00,0.2044,0.2052,0.203,0.2049,1346665.9
2026-01-11 22:00:00,0.2048,0.2048,0.2022,0.2025,2128111.6
2026-01-11 23:00:00,0.2024,0.2045,0.201,0.2042,1847797.6
2026-01-12 00:00:00,0.2043,0.205,0.2018,0.2047,3010778.8
2026-01-12 01:00:00,0.2047,0.207,0.2045,0.2061,2123907.0
2026-01-12 02:00:00,0.2062,0.2101,0.2061,0.2096,2663593.7
2026-01-12 03:00:00,0.2097,0.2113,0.2081,0.2082,2219490.1
2026-01-12 04:00:00,0.2081,0.2101,0.2078,0.2099,927828.2
2026-01-12 05:00:00,0.2099,0.2105,0.209,0.2091,826290.8
2026-01-12 06:00:00,0.209,0.2094,0.2074,0.2076,1045817.8
2026-01-12 07:00:00,0.2076,0.2087,0.2048,0.205,1661530.5
2026-01-12 08:00:00,0.205,0.2062,0.2016,0.2032,3601817.8
2026-01-12 09:00:00,0.2032,0.2034,0.2021,0.2023,1504369.7
2026-01-12 10:00:00,0.2024,0.2031,0.2016,0.2019,1052798.0
2026-01-12 11:00:00,0.2018,0.2032,0.2017,0.2029,858519.5
2026-01-12 12:00:00,0.2028,0.203,0.2015,0.2017,849725.4
2026-01-12 13:00:00,0.2018,0.202,0.1999,0.2004,1441877.9
2026-01-12 14:00:00,0.2004,0.2033,0.1992,0.2024,4326415.7
2026-01-12 15:00:00,0.2023,0.205,0.2017,0.2047,2668940.0
2026-01-12 16:00:00,0.2047,0.2067,0.2037,0.2058,1807073.1
2026-01-12 17:00:00,0.2058,0.2063,0.2014,0.2029,2105445.5
2026-01-12 18:00:00,0.2028,0.2042,0.202,0.2025,1722524.0
2026-01-12 19:00:00,0.2025,0.2033,0.2016,0.2031,1089990.8
2026-01-12 20:00:00,0.2031,0.2041,0.201,0.2012,1212683.5
2026-01-12 21:00:00,0.2011,0.2013,0.1992,0.2002,1243065.8
2026-01-12 22:00:00,0.2002,0.2015,0.2001,0.2008,667381.9
2026-01-12 23:00:00,0.2009,0.2013,0.2,0.2008,488342.6
2026-01-13 00:00:00,0.2007,0.2022,0.2007,0.2021,975287.4
2026-01-13 01:00:00,0.202,0.2027,0.2014,0.202,816358.4
2026-01-13 02:00:00,0.2021,0.2035,0.2018,0.202,851220.4
2026-01-13 03:00:00,0.202,0.203,0.2016,0.2027,1189404.5
2026-01-13 04:00:00,0.2028,0.2036,0.2024,0.2035,498334.8
2026-01-13 05:00:00,0.2034,0.2058,0.2034,0.2044,1367320.7
2026-01-13 06:00:00,0.2044,0.2058,0.2041,0.2055,1233059.3
2026-01-13 07:00:00,0.2056,0.2056,0.2043,0.2047,832487.0
2026-01-13 08:00:00,0.2046,0.2059,0.2043,0.2057,531322.2
2026-01-13 09:00:00,0.2056,0.2066,0.2055,0.2058,1482829.3
2026-01-13 10:00:00,0.2058,0.2063,0.2049,0.2058,956015.6
2026-01-13 11:00:00,0.2058,0.207,0.2054,0.2065,1242671.4
2026-01-13 12:00:00,0.2065,0.2079,0.2061,0.2075,1902160.9
2026-01-13 13:00:00,0.2076,0.2103,0.2073,0.2095,6358008.6
2026-01-13 14:00:00,0.2095,0.2139,0.2088,0.2117,4917656.2
2026-01-13 15:00:00,0.2116,0.2143,0.2093,0.2142,4203279.9
2026-01-13 16:00:00,0.2143,0.2174,0.2143,0.2169,5559619.1
2026-01-13 17:00:00,0.2169,0.2172,0.2143,0.2168,4896803.5
2026-01-13 18:00:00,0.2167,0.2185,0.2161,0.2166,3933170.4
2026-01-13 19:00:00,0.2167,0.217,0.2151,0.2168,2585692.7
2026-01-13 20:00:00,0.2169,0.2171,0.2137,0.2146,2999359.3
2026-01-13 21:00:00,0.2146,0.2164,0.2145,0.2162,1833151.1
2026-01-13 22:00:00,0.2163,0.2261,0.216,0.2238,18018220.5
2026-01-13 23:00:00,0.2239,0.2251,0.2205,0.2214,3229104.5
2026-01-14 00:00:00,0.2214,0.2233,0.2213,0.2226,3157077.3
2026-01-14 01:00:00,0.2226,0.2237,0.2219,0.223,3488473.2
2026-01-14 02:00:00,0.2229,0.2238,0.2217,0.2221,2184712.2
2026-01-14 03:00:00,0.2221,0.2233,0.2214,0.2233,1451285.5
2026-01-14 04:00:00,0.2234,0.2247,0.2221,0.2239,3187137.4
2026-01-14 05:00:00,0.2239,0.2239,0.2217,0.2227,1867091.3
2026-01-14 06:00:00,0.2227,0.2239,0.2214,0.2239,2286206.3
2026-01-14 07:00:00,0.2239,0.2242,0.2223,0.2225,1187644.0
2026-01-14 08:00:00,0.2226,0.2241,0.2223,0.2238,1697114.3
2026-01-14 09:00:00,0.2238,0.225,0.2237,0.2242,1457025.1
2026-01-14 10:00:00,0.2243,0.2249,0.2224,0.223,1189531.7
2026-01-14 11:00:00,0.2229,0.223,0.2205,0.2208,2134273.5
2026-01-14 12:00:00,0.2208,0.2228,0.2203,0.2221,3036143.3
2026-01-14 13:00:00,0.2221,0.2221,0.2189,0.219,1470553.6
2026-01-14 14:00:00,0.219,0.2231,0.2189,0.2218,3824563.0
2026-01-14 15:00:00,0.2218,0.2238,0.2203,0.2225,7343673.8
2026-01-14 16:00:00,0.2226,0.2247,0.2224,0.223,4840553.9
2026-01-14 17:00:00,0.2229,0.2239,0.2198,0.2204,5118817.2
2026-01-14 18:00:00,0.2203,0.2208,0.2158,0.2175,4059509.0
2026-01-14 19:00:00,0.2176,0.2216,0.217,0.2194,3187283.8
2026-01-14 20:00:00,0.2195,0.221,0.2184,0.2195,2159998.6
2026-01-14 21:00:00,0.2195,0.2201,0.2182,0.2192,1495640.9
2026-01-14 22:00:00,0.2191,0.2193,0.2167,0.2173,1466830.5
2026-01-14 23:00:00,0.2173,0.2188,0.2169,0.2174,1042439.9
2026-01-15 00:00:00,0.2175,0.2176,0.2161,0.2169,1507176.2
2026-01-15 01:00:00,0.217,0.2183,0.2161,0.2164,1382495.8
2026-01-15 02:00:00,0.2164,0.2166,0.214,0.2143,2430380.8
2026-01-15 03:00:00,0.2144,0.2148,0.2109,0.2114,2282834.4
2026-01-15 04:00:00,0.2113,0.2133,0.2111,0.213,1732096.2
2026-01-15 05:00:00,0.2129,0.2137,0.2126,0.2134,1322713.9
2026-01-15 06:00:00,0.2134,0.2137,0.2125,0.2125,1047553.6
2026-01-15 07:00:00,0.2126,0.2162,0.2124,0.2155,1817745.1
2026-01-15 08:00:00,0.2154,0.2156,0.2138,0.2149,974818.7
2026-01-15 09:00:00,0.2149,0.2169,0.214,0.2162,2055697.8
2026-01-15 10:00:00,0.2162,0.2166,0.2153,0.216,2015207.0
2026-01-15 11:00:00,0.2159,0.2164,0.2142,0.2147,1262704.7
2026-01-15 12:00:00,0.2147,0.217,0.2146,0.2169,1539109.3
2026-01-15 13:00:00,0.2168,0.2185,0.2164,0.2178,2493064.2
2026-01-15 14:00:00,0.2178,0.2188,0.2133,0.2148,2904333.5
2026-01-15 15:00:00,0.2147,0.2159,0.207,0.2105,7312840.0
2026-01-15 16:00:00,0.2104,0.2109,0.208,0.2106,3321937.7
2026-01-15 17:00:00,0.2107,0.2116,0.2085,0.2088,3548290.3
2026-01-15 18:00:00,0.2089,0.2093,0.2057,0.2064,2704856.0
2026-01-15 19:00:00,0.2063,0.2076,0.2051,0.2075,2999692.1
2026-01-15 20:00:00,0.2075,0.2082,0.206,0.2066,1411871.4
2026-01-15 21:00:00,0.2066,0.2083,0.2065,0.2079,1335651.6
2026-01-15 22:00:00,0.2079,0.2096,0.2071,0.2091,3294325.5
2026-01-15 23:00:00,0.209,0.2103,0.2084,0.2099,1599654.1
2026-01-16 00:00:00,0.2099,0.2104,0.2092,0.2092,725797.9
2026-01-16 01:00:00,0.2093,0.2095,0.2085,0.2088,1193581.1
2026-01-16 02:00:00,0.2088,0.2093,0.207,0.2091,2176002.3
2026-01-16 03:00:00,0.2092,0.2094,0.2074,0.2075,918996.5
2026-01-16 04:00:00,0.2075,0.2081,0.2062,0.2071,9633321.3
2026-01-16 05:00:00,0.207,0.2098,0.2069,0.2092,1335888.3
2026-01-16 06:00:00,0.2091,0.2107,0.2088,0.2106,1028075.1
2026-01-16 07:00:00,0.2105,0.2111,0.2098,0.2101,1715083.0
2026-01-16 08:00:00,0.2102,0.2111,0.2101,0.2106,1017808.6
2026-01-16 09:00:00,0.2106,0.2109,0.21,0.2101,996746.5
2026-01-16 10:00:00,0.2101,0.2103,0.2091,0.2093,1001766.4
2026-01-16 11:00:00,0.2093,0.21,0.2087,0.2097,877718.4
2026-01-16 12:00:00,0.2098,0.2099,0.2088,0.2091,681555.5
2026-01-16 13:00:00,0.2091,0.2091,0.208,0.2087,931276.5
2026-01-16 14:00:00,0.2086,0.2099,0.2085,0.2088,1904657.0
2026-01-16 15:00:00,0.2087,0.2103,0.2033,0.2047,6676493.2
2026-01-16 16:00:00,0.2047,0.2068,0.2043,0.2055,2981166.4
2026-01-16 17:00:00,0.2055,0.207,0.2043,0.2067,1007505.3
2026-01-16 18:00:00,0.2069,0.2073,0.2062,0.2065,1090280.7
2026-01-16 19:00:00,0.2064,0.2073,0.2054,0.2069,938994.9
2026-01-16 20:00:00,0.2069,0.2097,0.2059,0.2096,2795691.6
2026-01-16 21:00:00,0.2096,0.2104,0.209,0.2096,1814230.0
2026-01-16 22:00:00,0.2096,0.2099,0.2088,0.2096,1241707.5
2026-01-16 23:00:00,0.2096,0.21,0.209,0.2098,841048.7
2026-01-17 00:00:00,0.2098,0.2109,0.2092,0.2107,1380178.4
2026-01-17 01:00:00,0.2107,0.2124,0.2105,0.2118,2146715.9
2026-01-17 02:00:00,0.2117,0.2121,0.21,0.2105,1473082.3
2026-01-17 03:00:00,0.2105,0.2112,0.2102,0.2106,579434.8
2026-01-17 04:00:00,0.2106,0.2112,0.21,0.211,507144.8
2026-01-17 05:00:00,0.2111,0.2125,0.2111,0.212,1406277.3
2026-01-17 06:00:00,0.212,0.2123,0.211,0.2114,1075476.9
2026-01-17 07:00:00,0.2114,0.2133,0.2108,0.2131,1506307.7
2026-01-17 08:00:00,0.2131,0.2158,0.213,0.2153,2637399.1
2026-01-17 09:00:00,0.2153,0.2156,0.2144,0.2145,2336357.4
2026-01-17 10:00:00,0.2144,0.2165,0.2141,0.2158,1988249.7
2026-01-17 11:00:00,0.2157,0.2158,0.2133,0.2133,4571122.7
2026-01-17 12:00:00,0.2133,0.2168,0.2131,0.2163,2855943.3
2026-01-17 13:00:00,0.2163,0.2174,0.2157,0.2168,2803758.3
2026-01-17 14:00:00,0.2167,0.2207,0.2162,0.2205,3967267.8
2026-01-17 15:00:00,0.2205,0.2221,0.2201,0.2221,4347039.9
2026-01-17 16:00:00,0.222,0.224,0.2196,0.2209,5865547.2
2026-01-17 17:00:00,0.2209,0.2224,0.219,0.2198,2938884.3
2026-01-17 18:00:00,0.2198,0.2203,0.2191,0.2196,1227359.0
2026-01-17 19:00:00,0.2197,0.2205,0.2186,0.2193,918572.8
2026-01-17 20:00:00,0.2194,0.2199,0.218,0.2182,1591020.6
2026-01-17 21:00:00,0.2182,0.2183,0.217,0.2173,1623144.5
2026-01-17 22:00:00,0.2173,0.2174,0.2142,0.2149,1832301.8
2026-01-17 23:00:00,0.2149,0.2167,0.2147,0.2166,1889923.1
2026-01-18 00:00:00,0.2166,0.22,0.216,0.2171,5141635.9
2026-01-18 01:00:00,0.2171,0.2175,0.2147,0.2153,1961238.6
2026-01-18 02:00:00,0.2154,0.216,0.2139,0.2146,1140677.2
2026-01-18 03:00:00,0.2145,0.2157,0.2144,0.2149,542403.9
2026-01-18 04:00:00,0.2149,0.2152,0.2135,0.2143,1074140.5
2026-01-18 05:00:00,0.2142,0.2147,0.2134,0.2146,866092.1
2026-01-18 06:00:00,0.2147,0.2147,0.2134,0.2138,1007561.4
2026-01-18 07:00:00,0.2138,0.214,0.2123,0.2135,1103401.3
2026-01-18 08:00:00,0.2136,0.2137,0.2126,0.2134,1742586.2
2026-01-18 09:00:00,0.2133,0.2155,0.2133,0.2154,3818387.1
2026-01-18 10:00:00,0.2154,0.2154,0.214,0.2151,1356253.2
2026-01-18 11:00:00,0.215,0.2164,0.2147,0.2161,992832.9
2026-01-18 12:00:00,0.2161,0.217,0.2153,0.2157,842684.9
2026-01-18 13:00:00,0.2156,0.2159,0.214,0.2153,1114932.1
2026-01-18 14:00:00,0.2153,0.2168,0.2142,0.2145,1500179.3
2026-01-18 15:00:00,0.2144,0.2163,0.2132,0.2162,1583574.6
2026-01-18 16:00:00,0.2162,0.2173,0.2155,0.2158,955020.4
2026-01-18 17:00:00,0.2159,0.2169,0.215,0.2166,1092955.5
2026-01-18 18:00:00,0.2167,0.2199,0.2161,0.2196,2744565.5
2026-01-18 19:00:00,0.2197,0.2205,0.2179,0.2182,1219807.7
2026-01-18 20:00:00,0.2182,0.221,0.2178,0.2196,2858839.3
2026-01-18 21:00:00,0.2196,0.2198,0.2189,0.2191,667474.7
2026-01-18 22:00:00,0.2192,0.2207,0.2191,0.2201,769054.4
2026-01-18 23:00:00,0.2202,0.2202,0.206,0.2061,10168525.4
2026-01-19 00:00:00,0.2061,0.2061,0.1829,0.1933,46462930.0
2026-01-19 01:00:00,0.1932,0.1949,0.1918,0.1943,7672044.8
2026-01-19 02:00:00,0.1942,0.1956,0.1936,0.1943,4005151.3
2026-01-19 03:00:00,0.1942,0.1943,0.1921,0.1932,3960620.0
2026-01-19 04:00:00,0.1931,0.1932,0.1909,0.191,4746997.0
2026-01-19 05:00:00,0.1911,0.1921,0.1904,0.192,4715788.3
2026-01-19 06:00:00,0.1919,0.1925,0.1911,0.1915,3019691.1
2026-01-19 07:00:00,0.1915,0.1935,0.1911,0.1923,4890332.1
2026-01-19 08:00:00,0.1923,0.1935,0.1916,0.193,5074961.0
2026-01-19 09:00:00,0.193,0.1934,0.1922,0.1925,2448321.7
2026-01-19 10:00:00,0.1925,0.1925,0.1904,0.1916,4503886.3
2026-01-19 11:00:00,0.1916,0.1923,0.1904,0.1906,6612802.0
2026-01-19 12:00:00,0.1906,0.1906,0.1886,0.1894,6422562.1
2026-01-19 13:00:00,0.1895,0.1904,0.1889,0.19,3868746.8
2026-01-19 14:00:00,0.19,0.192,0.1897,0.1913,2512367.6
2026-01-19 15:00:00,0.1912,0.1918,0.19,0.1914,2307412.4
2026-01-19 16:00:00,0.1913,0.194,0.191,0.1939,2881158.7
2026-01-19 17:00:00,0.1938,0.1941,0.193,0.1935,1795378.4
2026-01-19 18:00:00,0.1935,0.1941,0.1924,0.194,1052712.2
2026-01-19 19:00:00,0.194,0.1972,0.194,0.1958,2720869.3
2026-01-19 20:00:00,0.1958,0.1961,0.1944,0.1951,1471118.1
2026-01-19 21:00:00,0.1951,0.1957,0.193,0.1934,1599088.4
2026-01-19 22:00:00,0.1933,0.194,0.1916,0.1917,2132250.4
2026-01-19 23:00:00,0.1916,0.1944,0.191,0.1934,1867738.5
2026-01-20 00:00:00,0.1934,0.1937,0.1922,0.1924,1321970.5
2026-01-20 01:00:00,0.1923,0.1939,0.1912,0.1925,881313.1
2026-01-20 02:00:00,0.1925,0.1942,0.1911,0.1939,2190722.5
2026-01-20 03:00:00,0.1939,0.1946,0.1927,0.1939,1944230.9
2026-01-20 04:00:00,0.1939,0.1943,0.1928,0.1931,1360345.7
2026-01-20 05:00:00,0.1931,0.1941,0.1919,0.193,2346270.4
2026-01-20 06:00:00,0.1929,0.1929,0.1898,0.1908,3253948.4
2026-01-20 07:00:00,0.1908,0.1921,0.1901,0.1901,1280658.5
2026-01-20 08:00:00,0.1901,0.1902,0.1873,0.189,4294874.0
2026-01-20 09:00:00,0.1889,0.1906,0.1881,0.1905,3903195.8
2026-01-20 10:00:00,0.1904,0.1933,0.1898,0.1903,4869794.3
2026-01-20 11:00:00,0.1902,0.1905,0.1886,0.1891,1927344.5
2026-01-20 12:00:00,0.1891,0.1908,0.1889,0.1904,1824910.1
2026-01-20 13:00:00,0.1903,0.1905,0.1879,0.1883,3528525.1
2026-01-20 14:00:00,0.1883,0.191,0.1877,0.189,3336986.3
2026-01-20 15:00:00,0.189,0.1892,0.1858,0.1874,4166764.5
2026-01-20 16:00:00,0.1874,0.1882,0.1834,0.1848,3736594.7
2026-01-20 17:00:00,0.1847,0.1864,0.1827,0.1837,2494741.0
2026-01-20 18:00:00,0.1838,0.1846,0.182,0.1832,2199283.3
2026-01-20 19:00:00,0.1833,0.1843,0.1828,0.184,1292801.0
2026-01-20 20:00:00,0.1839,0.1856,0.1831,0.1849,2134395.4
2026-01-20 21:00:00,0.185,0.1852,0.1833,0.1836,753054.0
2026-01-20 22:00:00,0.1836,0.1839,0.1794,0.1824,4080423.2
2026-01-20 23:00:00,0.1824,0.1825,0.1813,0.1819,2212986.6
2026-01-21 00:00:00,0.182,0.1849,0.1819,0.1846,2861069.7
2026-01-21 01:00:00,0.1847,0.186,0.1847,0.1852,1508016.7
2026-01-21 02:00:00,0.1853,0.1871,0.1853,0.1869,1385872.3
2026-01-21 03:00:00,0.187,0.1879,0.1862,0.1867,1457795.0
2026-01-21 04:00:00,0.1868,0.187,0.1862,0.1868,592411.7
2026-01-21 05:00:00,0.1868,0.1876,0.1864,0.1872,1252663.9
2026-01-21 06:00:00,0.1872,0.1873,0.1862,0.1864,803393.3
2026-01-21 07:00:00,0.1864,0.1874,0.186,0.1865,1579556.8
2026-01-21 08:00:00,0.1866,0.1868,0.1846,0.1857,1524907.1
2026-01-21 09:00:00,0.1857,0.1857,0.1845,0.1848,1317259.3
2026-01-21 10:00:00,0.1848,0.1859,0.1841,0.1841,1045635.2
2026-01-21 11:00:00,0.1841,0.1848,0.1821,0.1824,1566484.9
2026-01-21 12:00:00,0.1825,0.1826,0.1794,0.1815,6350703.0
2026-01-21 13:00:00,0.1814,0.1822,0.1799,0.1805,1839888.6
2026-01-21 14:00:00,0.1804,0.1877,0.1803,0.1873,7807692.1
2026-01-21 15:00:00,0.1873,0.1901,0.1864,0.1901,5743782.7
2026-01-21 16:00:00,0.1901,0.1904,0.1807,0.1811,5853280.8
2026-01-21 17:00:00,0.1812,0.1837,0.1793,0.1817,5683509.7
2026-01-21 18:00:00,0.1816,0.184,0.1807,0.1829,2141823.4
2026-01-21 19:00:00,0.1829,0.1905,0.182,0.1902,7395239.5
2026-01-21 20:00:00,0.1902,0.1905,0.1862,0.1887,2761116.0
2026-01-21 21:00:00,0.1888,0.19,0.1881,0.189,1508042.0
2026-01-21 22:00:00,0.189,0.1899,0.1864,0.1868,1145058.5
2026-01-21 23:00:00,0.1868,0.1876,0.184,0.1851,1599680.8
2026-01-22 00:00:00,0.1851,0.1869,0.1851,0.1863,1334261.4
2026-01-22 01:00:00,0.1862,0.1886,0.1859,0.1885,975129.0
2026-01-22 02:00:00,0.1885,0.1888,0.1875,0.188,1082235.8
2026-01-22 03:00:00,0.188,0.1886,0.1861,0.1862,834798.9
2026-01-22 04:00:00,0.1862,0.1868,0.1855,0.1861,869824.9
2026-01-22 05:00:00,0.1862,0.1865,0.1841,0.1846,2033966.2
2026-01-22 06:00:00,0.1845,0.185,0.1817,0.1822,2846466.0
2026-01-22 07:00:00,0.1822,0.1824,0.1798,0.18,3661606.4
2026-01-22 08:00:00,0.1801,0.182,0.1789,0.1817,4186951.6
2026-01-22 09:00:00,0.1817,0.1832,0.1814,0.1824,3119115.1
2026-01-22 10:00:00,0.1824,0.1824,0.1815,0.182,1205131.9
2026-01-22 11:00:00,0.182,0.182,0.1802,0.1806,1579325.2
2026-01-22 12:00:00,0.1805,0.1806,0.1794,0.1795,2577177.7
2026-01-22 13:00:00,0.1795,0.1807,0.1781,0.1791,5030433.6
2026-01-22 14:00:00,0.179,0.1797,0.1766,0.177,4722079.8
2026-01-22 15:00:00,0.177,0.1784,0.1748,0.177,4166294.0
2026-01-22 16:00:00,0.177,0.1792,0.1762,0.1788,3287268.0
2026-01-22 17:00:00,0.1789,0.18,0.1778,0.1791,2355186.6
2026-01-22 18:00:00,0.179,0.1796,0.1773,0.1773,2509088.3
2026-01-22 19:00:00,0.1774,0.1782,0.1768,0.1774,1450342.3
2026-01-22 20:00:00,0.1774,0.1781,0.1758,0.1764,2469952.6
2026-01-22 21:00:00,0.1766,0.1772,0.1757,0.1763,1398960.8
2026-01-22 22:00:00,0.1763,0.1779,0.1761,0.1766,1937527.6
2026-01-22 23:00:00,0.1766,0.1776,0.1757,0.1776,1012626.4
2026-01-23 00:00:00,0.1777,0.1779,0.1765,0.1772,952750.8
2026-01-23 01:00:00,0.1773,0.1785,0.1772,0.1783,811371.7
2026-01-23 02:00:00,0.1783,0.1786,0.1778,0.1779,829400.0
2026-01-23 03:00:00,0.1779,0.1801,0.1779,0.1796,1201920.7
2026-01-23 04:00:00,0.1796,0.1816,0.1792,0.1812,1480787.0
2026-01-23 05:00:00,0.1812,0.1812,0.1794,0.1801,1030802.5
2026-01-23 06:00:00,0.1802,0.1807,0.1782,0.1782,887199.2
2026-01-23 07:00:00,0.1783,0.1795,0.1782,0.1791,710415.6
2026-01-23 08:00:00,0.179,0.1798,0.1772,0.1777,1473344.3
2026-01-23 09:00:00,0.1777,0.1784,0.177,0.1776,846599.2
2026-01-23 10:00:00,0.1777,0.1781,0.1769,0.1774,656900.9
2026-01-23 11:00:00,0.1775,0.1782,0.1773,0.178,924027.5
2026-01-23 12:00:00,0.178,0.1787,0.1772,0.1782,1493407.6
2026-01-23 13:00:00,0.1781,0.1786,0.1774,0.1777,916741.6
2026-01-23 14:00:00,0.1776,0.1781,0.1734,0.1753,4165498.9
2026-01-23 15:00:00,0.1753,0.1785,0.1742,0.1781,2467193.1
2026-01-23 16:00:00,0.1782,0.1805,0.1763,0.1788,3100914.7
2026-01-23 17:00:00,0.1789,0.1826,0.1775,0.18,4733482.2
2026-01-23 18:00:00,0.18,0.1818,0.1796,0.1804,2696374.9
2026-01-23 19:00:00,0.1803,0.1803,0.1768,0.1776,3007565.5
2026-01-23 20:00:00,0.1776,0.1778,0.1751,0.1762,2340902.2
2026-01-23 21:00:00,0.1761,0.1778,0.1761,0.1769,1186518.2
2026-01-23 22:00:00,0.1768,0.1781,0.1768,0.178,854651.0
2026-01-23 23:00:00,0.1779,0.1779,0.1768,0.1768,584294.6
2026-01-24 00:00:00,0.1768,0.1776,0.1767,0.1769,1048584.5
2026-01-24 01:00:00,0.1768,0.1774,0.1763,0.1774,781394.9
2026-01-24 02:00:00,0.1774,0.1785,0.1774,0.1783,889115.6
2026-01-24 03:00:00,0.1784,0.18,0.1783,0.1797,1344984.0
2026-01-24 04:00:00,0.1797,0.1814,0.1782,0.1784,8459242.6
2026-01-24 05:00:00,0.1783,0.1785,0.1776,0.1781,665985.6
2026-01-24 06:00:00,0.1781,0.1787,0.1778,0.1785,608468.8
2026-01-24 07:00:00,0.1785,0.1787,0.1776,0.1777,1299650.8
2026-01-24 08:00:00,0.1777,0.1781,0.1773,0.178,607499.5
2026-01-24 09:00:00,0.1781,0.1781,0.1769,0.1769,822974.3
2026-01-24 10:00:00,0.177,0.1783,0.1769,0.1782,677012.3
2026-01-24 11:00:00,0.1781,0.1784,0.1779,0.1781,513321.8
2026-01-24 12:00:00,0.178,0.1785,0.1777,0.178,620947.8
2026-01-24 13:00:00,0.178,0.1781,0.177,0.177,468665.6
2026-01-24 14:00:00,0.177,0.1781,0.1766,0.1773,711435.1
2026-01-24 15:00:00,0.1774,0.1779,0.176,0.1763,873846.6
2026-01-24 16:00:00,0.1762,0.1769,0.1755,0.1765,1298191.8
2026-01-24 17:00:00,0.1765,0.1766,0.1759,0.1765,506948.0
2026-01-24 18:00:00,0.1765,0.1768,0.1755,0.1758,3255335.3
2026-01-24 19:00:00,0.1758,0.1759,0.1753,0.1756,1336336.4
2026-01-24 20:00:00,0.1756,0.1772,0.1756,0.1769,1310918.3
2026-01-24 21:00:00,0.1769,0.1769,0.1761,0.1765,680483.9
2026-01-24 22:00:00,0.1765,0.1773,0.1763,0.1769,809313.1
2026-01-24 23:00:00,0.1769,0.1771,0.1761,0.1763,671713.1
2026-01-25 00:00:00,0.1763,0.1769,0.1759,0.1769,777424.5
2026-01-25 01:00:00,0.1769,0.1772,0.1751,0.1754,2264071.9
2026-01-25 02:00:00,0.1755,0.1762,0.1752,0.1758,623753.6
2026-01-25 03:00:00,0.1758,0.176,0.1743,0.175,1233795.5
2026-01-25 04:00:00,0.1749,0.1755,0.1745,0.1746,965244.4
2026-01-25 05:00:00,0.1745,0.175,0.1739,0.1749,1343725.5
2026-01-25 06:00:00,0.1749,0.1753,0.1741,0.1747,1154096.2
2026-01-25 07:00:00,0.1747,0.1752,0.1738,0.175,999772.5
2026-01-25 08:00:00,0.1749,0.1752,0.1734,0.1741,1104755.5
2026-01-25 09:00:00,0.1741,0.1766,0.1737,0.1757,2299073.3
2026-01-25 10:00:00,0.1757,0.1772,0.1756,0.176,1298204.6
2026-01-25 11:00:00,0.1759,0.1763,0.175,0.1753,805837.1
2026-01-25 12:00:00,0.1752,0.1752,0.1737,0.1747,802214.0
2026-01-25 13:00:00,0.1747,0.1751,0.1737,0.1748,785090.4
2026-01-25 14:00:00,0.1748,0.1749,0.1724,0.1734,1710053.1
2026-01-25 15:00:00,0.1735,0.1744,0.173,0.1734,783282.2
2026-01-25 16:00:00,0.1733,0.1734,0.1675,0.1698,9360813.1
2026-01-25 17:00:00,0.1698,0.1702,0.1685,0.169,1727496.7
2026-01-25 18:00:00,0.1691,0.1694,0.1661,0.1675,5535119.6
2026-01-25 19:00:00,0.1675,0.1679,0.1632,0.1643,6830779.7
2026-01-25 20:00:00,0.1644,0.1662,0.1643,0.1661,3600959.4
2026-01-25 21:00:00,0.1661,0.1675,0.166,0.1665,2279515.5
2026-01-25 22:00:00,0.1666,0.1669,0.1651,0.166,2164011.0
2026-01-25 23:00:00,0.1659,0.1676,0.1651,0.1673,3765384.3
2026-01-26 00:00:00,0.1673,0.1689,0.1671,0.1685,3976429.0
2026-01-26 01:00:00,0.1686,0.1714,0.1686,0.1707,3935104.3
2026-01-26 02:00:00,0.1707,0.1708,0.1693,0.1694,1607357.1
2026-01-26 03:00:00,0.1695,0.1703,0.1679,0.1686,1775635.5
2026-01-26 04:00:00,0.1687,0.171,0.1687,0.1699,2132851.4
2026-01-26 05:00:00,0.17,0.1702,0.1692,0.1693,713522.1
2026-01-26 06:00:00,0.1693,0.1711,0.1689,0.1711,1872890.3
2026-01-26 07:00:00,0.1711,0.1718,0.1701,0.171,2213924.1
2026-01-26 08:00:00,0.1711,0.1727,0.1706,0.1713,3234334.5
2026-01-26 09:00:00,0.1714,0.1715,0.1697,0.1698,2179292.2
2026-01-26 10:00:00,0.1699,0.1709,0.1699,0.1708,1075848.7
2026-01-26 11:00:00,0.1708,0.1711,0.1702,0.1704,979021.9
2026-01-26 12:00:00,0.1705,0.1711,0.1701,0.1707,2120043.1
2026-01-26 13:00:00,0.1708,0.1717,0.1706,0.1712,1218072.7
2026-01-26 14:00:00,0.1713,0.1727,0.169,0.1719,7284529.1
2026-01-26 15:00:00,0.1718,0.1733,0.1691,0.1703,4193776.2
2026-01-26 16:00:00,0.1704,0.171,0.1686,0.17,4301233.9
2026-01-26 17:00:00,0.17,0.1705,0.1682,0.17,2992447.7
2026-01-26 18:00:00,0.17,0.1715,0.1697,0.1708,2750774.9
2026-01-26 19:00:00,0.1709,0.1714,0.1695,0.1696,1370037.3
2026-01-26 20:00:00,0.1698,0.1702,0.1688,0.1689,1598394.9
2026-01-26 21:00:00,0.1691,0.1717,0.1687,0.1706,2953541.0
2026-01-26 22:00:00,0.1707,0.1711,0.1701,0.1702,1050529.8
2026-01-26 23:00:00,0.1702,0.1709,0.1696,0.1701,972241.9
2026-01-27 00:00:00,0.1701,0.1706,0.1695,0.1705,1183605.9
2026-01-27 01:00:00,0.1705,0.1714,0.1698,0.1707,1789103.7
2026-01-27 02:00:00,0.1708,0.1717,0.1704,0.1709,2028071.0
2026-01-27 03:00:00,0.1708,0.171,0.1698,0.1701,1005736.9
2026-01-27 04:00:00,0.17,0.1714,0.1699,0.1704,1395442.6
2026-01-27 05:00:00,0.1704,0.1704,0.1693,0.17,893466.3
2026-01-27 06:00:00,0.17,0.17,0.1688,0.1689,782566.5
2026-01-27 07:00:00,0.1689,0.1698,0.1688,0.1694,1052797.0
2026-01-27 08:00:00,0.1694,0.1697,0.1684,0.1688,705664.7
2026-01-27 09:00:00,0.1687,0.1687,0.168,0.1682,1070522.6
2026-01-27 10:00:00,0.1682,0.1685,0.1676,0.1679,1003690.1
2026-01-27 11:00:00,0.1679,0.1687,0.1679,0.168,688626.8
2026-01-27 12:00:00,0.168,0.1683,0.1673,0.1678,1381772.8
2026-01-27 13:00:00,0.1679,0.168,0.1669,0.1674,917796.1
2026-01-27 14:00:00,0.1673,0.1691,0.1667,0.1672,2234992.4
2026-01-27 15:00:00,0.1671,0.1693,0.1669,0.1692,1777886.6
2026-01-27 16:00:00,0.1692,0.1719,0.169,0.171,3807574.9
2026-01-27 17:00:00,0.171,0.171,0.1664,0.1673,3850189.9
2026-01-27 18:00:00,0.1672,0.1703,0.167,0.1696,2688013.1
2026-01-27 19:00:00,0.1697,0.1706,0.1689,0.1703,1530007.9
2026-01-27 20:00:00,0.1703,0.1731,0.1703,0.1726,3093636.4
2026-01-27 21:00:00,0.1726,0.1726,0.1706,0.1707,1716315.8
2026-01-27 22:00:00,0.1708,0.1725,0.1708,0.1718,1001636.9
2026-01-27 23:00:00,0.1717,0.1722,0.1713,0.1717,971857.8
2026-01-28 00:00:00,0.1717,0.1721,0.1704,0.1719,1034774.7
2026-01-28 01:00:00,0.1719,0.1719,0.1704,0.1709,1806069.3
2026-01-28 02:00:00,0.1709,0.1715,0.1704,0.1712,817731.9
2026-01-28 03:00:00,0.1712,0.1714,0.1705,0.1707,1143730.5
2026-01-28 04:00:00,0.1707,0.1709,0.17,0.1704,1351536.2
2026-01-28 05:00:00,0.1704,0.1711,0.1703,0.1711,826727.1
2026-01-28 06:00:00,0.1711,0.1716,0.17,0.1713,5280744.3
2026-01-28 07:00:00,0.1714,0.1719,0.1709,0.1713,4412247.4
2026-01-28 08:00:00,0.1713,0.1717,0.1697,0.1702,7991557.5
2026-01-28 09:00:00,0.1703,0.1716,0.1697,0.1716,1603097.8
2026-01-28 10:00:00,0.1717,0.1721,0.1707,0.1708,1370052.0
2026-01-28 11:00:00,0.1708,0.1727,0.1704,0.1726,1849013.5
2026-01-28 12:00:00,0.1725,0.1725,0.1705,0.171,2238153.7
2026-01-28 13:00:00,0.1711,0.1718,0.1704,0.1707,2760934.4
2026-01-28 14:00:00,0.1707,0.1709,0.1694,0.17,2445841.1
2026-01-28 15:00:00,0.1701,0.1707,0.1684,0.1689,2547108.3
2026-01-28 16:00:00,0.1688,0.1693,0.1676,0.1678,1930890.5
2026-01-28 17:00:00,0.1679,0.1701,0.1669,0.1692,1646552.7
2026-01-28 18:00:00,0.1691,0.1691,0.1675,0.1683,2013518.9
2026-01-28 19:00:00,0.1683,0.1702,0.1676,0.1699,2509687.2
2026-01-28 20:00:00,0.1698,0.1722,0.1697,0.1701,3097253.5
2026-01-28 21:00:00,0.1702,0.172,0.1687,0.1715,3525289.8
2026-01-28 22:00:00,0.1715,0.173,0.1704,0.1725,1653567.3
2026-01-28 23:00:00,0.1725,0.1731,0.1715,0.1717,1966291.9
2026-01-29 00:00:00,0.1717,0.1724,0.1704,0.1713,1359579.6
2026-01-29 01:00:00,0.1712,0.1714,0.1694,0.1698,1254080.6
2026-01-29 02:00:00,0.1698,0.1703,0.1656,0.1662,5005677.8
2026-01-29 03:00:00,0.1662,0.1675,0.1656,0.1664,2209213.1
2026-01-29 04:00:00,0.1663,0.1666,0.1649,0.1663,1352415.1
2026-01-29 05:00:00,0.1663,0.1668,0.1659,0.1659,847932.7
2026-01-29 06:00:00,0.166,0.167,0.1659,0.167,846682.0
2026-01-29 07:00:00,0.1669,0.1674,0.1664,0.1664,951927.9
2026-01-29 08:00:00,0.1664,0.1666,0.165,0.1655,2190199.3
2026-01-29 09:00:00,0.1655,0.1658,0.1649,0.1649,1213345.9
2026-01-29 10:00:00,0.1649,0.1652,0.1639,0.1643,2786746.1
2026-01-29 11:00:00,0.1643,0.1643,0.163,0.1636,2549146.6
2026-01-29 12:00:00,0.1637,0.1644,0.1627,0.1636,1575660.9
2026-01-29 13:00:00,0.1636,0.1643,0.1636,0.1643,904715.0
2026-01-29 14:00:00,0.1644,0.1647,0.1597,0.1599,6671294.2
2026-01-29 15:00:00,0.1599,0.1599,0.1542,0.1575,19363330.7
2026-01-29 16:00:00,0.1574,0.1593,0.1558,0.1592,5108593.9
2026-01-29 17:00:00,0.1592,0.1611,0.1569,0.157,5218726.9
2026-01-29 18:00:00,0.1571,0.1578,0.1544,0.1546,9075522.2
2026-01-29 19:00:00,0.1545,0.1569,0.154,0.1562,4655920.0
2026-01-29 20:00:00,0.1562,0.1582,0.1558,0.1581,2483311.2
2026-01-29 21:00:00,0.1581,0.159,0.1581,0.1588,2541402.1
2026-01-29 22:00:00,0.1588,0.1593,0.158,0.1585,831601.4
2026-01-29 23:00:00,0.1585,0.1586,0.1576,0.1584,1325837.6
2026-01-30 00:00:00,0.1585,0.1591,0.1579,0.1583,2125220.3
2026-01-30 01:00:00,0.1583,0.1593,0.1523,0.1563,16710996.0
2026-01-30 02:00:00,0.1562,0.1562,0.1524,0.1542,6597826.7
2026-01-30 03:00:00,0.1542,0.1549,0.1533,0.1536,1998230.0
2026-01-30 04:00:00,0.1536,0.156,0.1536,0.1548,2683864.4
2026-01-30 05:00:00,0.1548,0.1551,0.1542,0.1549,1407857.2
2026-01-30 06:00:00,0.1548,0.1549,0.1511,0.1523,3581604.8
2026-01-30 07:00:00,0.1524,0.1553,0.1524,0.1546,3695445.0
2026-01-30 08:00:00,0.1546,0.155,0.1531,0.1539,2146621.9
2026-01-30 09:00:00,0.154,0.1546,0.1532,0.1539,3478651.3
2026-01-30 10:00:00,0.1539,0.1549,0.1536,0.1548,2202968.8
2026-01-30 11:00:00,0.1547,0.1573,0.1544,0.1566,2366394.9
2026-01-30 12:00:00,0.1567,0.1569,0.1554,0.1558,2048818.1
2026-01-30 13:00:00,0.1557,0.156,0.1538,0.1544,5368855.2
2026-01-30 14:00:00,0.1544,0.1564,0.1537,0.1543,4131873.9
2026-01-30 15:00:00,0.1544,0.1555,0.1522,0.1546,4471439.5
2026-01-30 16:00:00,0.1545,0.1565,0.1537,0.1552,3546708.3
2026-01-30 17:00:00,0.1552,0.1565,0.1542,0.155,3263228.3
2026-01-30 18:00:00,0.155,0.1577,0.1509,0.157,7400428.0
2026-01-30 19:00:00,0.157,0.1579,0.1562,0.1566,4456828.9
2026-01-30 20:00:00,0.1565,0.1565,0.1532,0.1541,6435441.0
2026-01-30 21:00:00,0.1542,0.1558,0.1539,0.1552,3500986.2
2026-01-30 22:00:00,0.1552,0.1555,0.154,0.155,784349.0
2026-01-30 23:00:00,0.1551,0.1554,0.1542,0.1553,1197955.2
2026-01-31 00:00:00,0.1553,0.1553,0.1546,0.1549,1254013.2
2026-01-31 01:00:00,0.1549,0.1555,0.1544,0.1548,963313.4
2026-01-31 02:00:00,0.1549,0.155,0.1537,0.1545,1086441.0
2026-01-31 03:00:00,0.1546,0.1547,0.1539,0.1541,394421.2
2026-01-31 04:00:00,0.1542,0.1547,0.1535,0.1537,1341498.4
2026-01-31 05:00:00,0.1537,0.1542,0.1533,0.154,1077520.6
2026-01-31 06:00:00,0.154,0.1541,0.1524,0.153,2016840.8
2026-01-31 07:00:00,0.1531,0.1532,0.1513,0.1526,1887773.8
2026-01-31 08:00:00,0.1526,0.1528,0.1488,0.1507,7632740.5
2026-01-31 09:00:00,0.1508,0.1518,0.1503,0.1508,1871293.2
2026-01-31 10:00:00,0.1508,0.151,0.1499,0.1503,1773260.5
2026-01-31 11:00:00,0.1503,0.1505,0.1494,0.1496,1814036.7
2026-01-31 12:00:00,0.1496,0.1497,0.1485,0.1487,2903920.7
2026-01-31 13:00:00,0.1488,0.1489,0.147,0.1478,4354556.9
2026-01-31 14:00:00,0.1477,0.1481,0.1384,0.1412,26408184.6
2026-01-31 15:00:00,0.1412,0.1435,0.1412,0.1417,7226887.8
2026-01-31 16:00:00,0.1417,0.1439,0.1404,0.141,13010194.1
2026-01-31 17:00:00,0.1411,0.1416,0.133,0.1362,38445290.1
2026-01-31 18:00:00,0.1363,0.1372,0.1256,0.134,37476632.7
2026-01-31 19:00:00,0.134,0.1368,0.1337,0.1351,13905669.0
2026-01-31 20:00:00,0.135,0.1366,0.1339,0.136,7403589.1
2026-01-31 21:00:00,0.136,0.1383,0.1353,0.1381,6482945.7
2026-01-31 22:00:00,0.1381,0.1383,0.1369,0.1378,2904112.0
2026-01-31 23:00:00,0.1378,0.141,0.1378,0.1402,4375576.2
2026-02-01 00:00:00,0.1401,0.1413,0.1399,0.1405,4596605.4
2026-02-01 01:00:00,0.1406,0.1408,0.1389,0.1407,2592171.0
2026-02-01 02:00:00,0.1407,0.1415,0.1401,0.1411,1914753.4
2026-02-01 03:00:00,0.1411,0.1416,0.1406,0.1414,3243701.5
2026-02-01 04:00:00,0.1415,0.142,0.1412,0.1414,1750827.2
2026-02-01 05:00:00,0.1414,0.1415,0.1401,0.1404,2048130.5
2026-02-01 06:00:00,0.1404,0.1411,0.1394,0.1398,2388050.9
2026-02-01 07:00:00,0.1399,0.1412,0.1391,0.14,2818812.9
2026-02-01 08:00:00,0.1401,0.1409,0.1395,0.1401,3649806.6
2026-02-01 09:00:00,0.1401,0.141,0.1392,0.1407,1676014.4
2026-02-01 10:00:00,0.1407,0.1416,0.138,0.1381,4938961.4
2026-02-01 11:00:00,0.1382,0.14,0.1382,0.1393,3036866.7
2026-02-01 12:00:00,0.1394,0.1395,0.1381,0.1387,3007445.7
2026-02-01 13:00:00,0.1388,0.14,0.1381,0.1386,2731116.2
2026-02-01 14:00:00,0.1387,0.1399,0.1366,0.1387,9048020.4
2026-02-01 15:00:00,0.1388,0.1388,0.1346,0.1363,15433976.8
2026-02-01 16:00:00,0.1363,0.1382,0.1353,0.1369,8780405.9
2026-02-01 17:00:00,0.1369,0.1376,0.1359,0.137,4738735.2
2026-02-01 18:00:00,0.1371,0.14,0.1371,0.1382,7868429.6
2026-02-01 19:00:00,0.1383,0.1388,0.1363,0.1369,3704381.0
2026-02-01 20:00:00,0.137,0.1384,0.1354,0.1366,6996864.9
2026-02-01 21:00:00,0.1367,0.1367,0.1343,0.1348,6921836.0
2026-02-01 22:00:00,0.1349,0.1371,0.1342,0.1356,8231069.8
2026-02-01 23:00:00,0.1355,0.1374,0.1314,0.1352,13808516.9
2026-02-02 00:00:00,0.1352,0.1387,0.1342,0.1375,9528804.3
2026-02-02 01:00:00,0.1375,0.1383,0.1349,0.1369,29186060.7
2026-02-02 02:00:00,0.1368,0.1375,0.1353,0.1354,3955089.0
2026-02-02 03:00:00,0.1354,0.1356,0.1302,0.1351,14545675.5
2026-02-02 04:00:00,0.1352,0.1365,0.1329,0.1335,7514748.5
2026-02-02 05:00:00,0.1335,0.1336,0.1291,0.1303,11106437.5
2026-02-02 06:00:00,0.1302,0.1348,0.1286,0.1332,16167073.9
2026-02-02 07:00:00,0.1333,0.1344,0.1324,0.133,4305052.0
2026-02-02 08:00:00,0.133,0.1349,0.133,0.1344,2711324.6
2026-02-02 09:00:00,0.1344,0.1364,0.1336,0.1355,6655241.1
2026-02-02 10:00:00,0.1355,0.1362,0.1352,0.1356,4572072.7
2026-02-02 11:00:00,0.1356,0.1364,0.1352,0.1357,3840744.4
2026-02-02 12:00:00,0.1356,0.1372,0.1356,0.1367,3020991.1
2026-02-02 13:00:00,0.1366,0.1374,0.1361,0.1371,3030498.1
2026-02-02 14:00:00,0.137,0.1392,0.1357,0.1378,8605480.2
2026-02-02 15:00:00,0.1378,0.1409,0.1375,0.1393,7101799.4
2026-02-02 16:00:00,0.1393,0.1402,0.1384,0.1387,4552190.0
2026-02-02 17:00:00,0.1386,0.1395,0.1375,0.1381,3662095.8
2026-02-02 18:00:00,0.1381,0.1389,0.1374,0.1383,2568549.2
2026-02-02 19:00:00,0.1382,0.1384,0.1373,0.1373,2035668.2
2026-02-02 20:00:00,0.1372,0.1379,0.1365,0.1369,3802558.2
2026-02-02 21:00:00,0.137,0.1379,0.137,0.1377,1453349.6
2026-02-02 22:00:00,0.1376,0.1382,0.1375,0.1378,1265223.4
2026-02-02 23:00:00,0.1379,0.1379,0.137,0.1372,1940458.5
2026-02-03 00:00:00,0.1372,0.1374,0.1362,0.1372,2610876.4
2026-02-03 01:00:00,0.1371,0.1372,0.1361,0.1368,1048867.3
2026-02-03 02:00:00,0.1369,0.137,0.1343,0.1343,2901401.0
2026-02-03 03:00:00,0.1343,0.1371,0.1337,0.1367,4255915.9
2026-02-03 04:00:00,0.1367,0.138,0.1364,0.1375,2705983.1
2026-02-03 05:00:00,0.1376,0.1376,0.1361,0.1363,5422097.3
2026-02-03 06:00:00,0.1364,0.1369,0.1353,0.1366,3428297.5
2026-02-03 07:00:00,0.1366,0.1372,0.1361,0.1365,2458002.8
2026-02-03 08:00:00,0.1365,0.1371,0.1358,0.136,2140934.4
2026-02-03 09:00:00,0.136,0.1365,0.1339,0.1352,6499376.4
2026-02-03 10:00:00,0.1352,0.1358,0.1349,0.1353,2828299.7
2026-02-03 11:00:00,0.1353,0.136,0.1352,0.1356,3621601.8
2026-02-03 12:00:00,0.1356,0.1371,0.1354,0.1368,5174944.0
2026-02-03 13:00:00,0.1368,0.137,0.1357,0.1365,2647406.3
2026-02-03 14:00:00,0.1364,0.1369,0.1324,0.1336,11503380.4
2026-02-03 15:00:00,0.1336,0.1371,0.1331,0.1341,17498909.6
2026-02-03 16:00:00,0.1341,0.1341,0.1299,0.1303,17976935.8
2026-02-03 17:00:00,0.1302,0.1306,0.126,0.126,13911450.7
2026-02-03 18:00:00,0.1261,0.1268,0.1242,0.1245,16403644.3
2026-02-03 19:00:00,0.1245,0.131,0.1243,0.1295,18510631.6
2026-02-03 20:00:00,0.1295,0.135,0.1277,0.1345,17187658.7
2026-02-03 21:00:00,0.1345,0.1357,0.1322,0.1324,5943188.5
2026-02-03 22:00:00,0.1325,0.1325,0.1305,0.1308,2803255.8
2026-02-03 23:00:00,0.1308,0.131,0.1295,0.1305,5406296.0
2026-02-04 00:00:00,0.1304,0.1317,0.1296,0.131,2786289.5
2026-02-04 01:00:00,0.1311,0.1334,0.1311,0.1328,3069941.8
2026-02-04 02:00:00,0.1327,0.1328,0.1314,0.1322,2928055.2
2026-02-04 03:00:00,0.1321,0.1344,0.132,0.1337,4825762.0
2026-02-04 04:00:00,0.1338,0.1345,0.1335,0.1339,3030950.7
2026-02-04 05:00:00,0.134,0.1344,0.1328,0.1334,1547575.4
2026-02-04 06:00:00,0.1333,0.135,0.1333,0.1345,2123696.5
2026-02-04 07:00:00,0.1345,0.135,0.1336,0.1346,3523071.8
2026-02-04 08:00:00,0.1347,0.1356,0.1342,0.1351,2729766.2
2026-02-04 09:00:00,0.1351,0.1353,0.1344,0.135,2291839.4
2026-02-04 10:00:00,0.135,0.1363,0.1349,0.1357,2879752.1
2026-02-04 11:00:00,0.1357,0.1365,0.134,0.1355,8542624.8
2026-02-04 12:00:00,0.1355,0.1363,0.135,0.1359,3253837.9
2026-02-04 13:00:00,0.1359,0.1359,0.133,0.1331,6898558.8
2026-02-04 14:00:00,0.1331,0.1344,0.1313,0.1318,10429205.4
2026-02-04 15:00:00,0.1317,0.134,0.1297,0.1311,11830290.8
2026-02-04 16:00:00,0.1311,0.1324,0.129,0.1309,17222211.3
2026-02-04 17:00:00,0.1308,0.132,0.129,0.1311,8883643.1
2026-02-04 18:00:00,0.1311,0.1333,0.1284,0.131,12811947.0
2026-02-04 19:00:00,0.131,0.1334,0.1298,0.133,7577094.4
2026-02-04 20:00:00,0.133,0.133,0.1309,0.1312,2813701.8
2026-02-04 21:00:00,0.1313,0.1316,0.1272,0.1287,4152430.5
2026-02-04 22:00:00,0.1287,0.1309,0.1263,0.1274,3525436.0
2026-02-04 23:00:00,0.1274,0.1299,0.127,0.1283,8313758.8
2026-02-05 00:00:00,0.1284,0.1294,0.1279,0.128,3568646.2
2026-02-05 01:00:00,0.128,0.1298,0.1267,0.1278,7459838.1
2026-02-05 02:00:00,0.1277,0.1286,0.1259,0.1262,9372271.9
2026-02-05 03:00:00,0.1262,0.1272,0.1252,0.1253,6110205.0
2026-02-05 04:00:00,0.1253,0.1262,0.1245,0.1249,5457727.9
2026-02-05 05:00:00,0.1249,0.1269,0.1236,0.1256,10510450.0
2026-02-05 06:00:00,0.1256,0.1258,0.1242,0.1247,7223564.4
2026-02-05 07:00:00,0.1246,0.1265,0.1245,0.1247,6541501.5
2026-02-05 08:00:00,0.1248,0.1267,0.1248,0.1263,4955293.3
2026-02-05 09:00:00,0.1264,0.128,0.1263,0.1267,4736820.8
2026-02-05 10:00:00,0.1267,0.1274,0.1237,0.1243,5767254.2
2026-02-05 11:00:00,0.1242,0.1248,0.1212,0.1232,11331720.0
2026-02-05 12:00:00,0.1232,0.1239,0.1216,0.1229,10338034.0
2026-02-05 13:00:00,0.1229,0.1241,0.122,0.1222,5857221.4
2026-02-05 14:00:00,0.1222,0.1251,0.1221,0.1222,12975433.6
2026-02-05 15:00:00,0.1222,0.1228,0.1135,0.1161,45334377.1
2026-02-05 16:00:00,0.1162,0.1187,0.1152,0.1167,16981010.5
2026-02-05 17:00:00,0.1167,0.1175,0.1123,0.1135,17512453.5
2026-02-05 18:00:00,0.1135,0.1148,0.1119,0.1144,10960034.8
2026-02-05 19:00:00,0.1145,0.1147,0.1121,0.1125,6660497.1
2026-02-05 20:00:00,0.1125,0.1136,0.1061,0.1088,35532542.0
2026-02-05 21:00:00,0.1088,0.1118,0.1076,0.1084,16048940.7
2026-02-05 22:00:00,0.1085,0.1111,0.1068,0.109,12194917.5
2026-02-05 23:00:00,0.1089,0.1115,0.1072,0.1077,17737319.8
2026-02-06 00:00:00,0.1078,0.1084,0.0944,0.1061,108922891.4
2026-02-06 01:00:00,0.1061,0.1107,0.1055,0.1105,16485344.6
2026-02-06 02:00:00,0.1105,0.1114,0.1072,0.1077,10058205.6
2026-02-06 03:00:00,0.1078,0.1084,0.1064,0.1077,6975065.7
2026-02-06 04:00:00,0.1077,0.1095,0.1071,0.1088,4540213.4
2026-02-06 05:00:00,0.1088,0.1116,0.1086,0.1111,7040531.9
2026-02-06 06:00:00,0.1112,0.1118,0.1085,0.1087,8289934.6
2026-02-06 07:00:00,0.1087,0.1088,0.1073,0.1077,5429705.2
2026-02-06 08:00:00,0.1078,0.1086,0.1068,0.1077,7745045.5
2026-02-06 09:00:00,0.1077,0.1115,0.1075,0.111,9287223.9
2026-02-06 10:00:00,0.1111,0.1122,0.1105,0.112,5045085.8
2026-02-06 11:00:00,0.1119,0.1123,0.1114,0.1118,4073053.3
2026-02-06 12:00:00,0.1117,0.1118,0.1108,0.1116,3671824.5
2026-02-06 13:00:00,0.1117,0.1131,0.1115,0.1118,6200442.0
2026-02-06 14:00:00,0.1118,0.115,0.1109,0.1143,12067565.2
2026-02-06 15:00:00,0.1143,0.1161,0.1132,0.1158,8765529.4
2026-02-06 16:00:00,0.1158,0.1201,0.1152,0.1192,9454398.2
2026-02-06 17:00:00,0.1192,0.1221,0.1187,0.1208,11638007.0
2026-02-06 18:00:00,0.1209,0.1209,0.1176,0.1187,7989848.3
2026-02-06 19:00:00,0.1188,0.1197,0.118,0.1194,5614975.5
2026-02-06 20:00:00,0.1193,0.1202,0.1178,0.1186,5705573.4
2026-02-06 21:00:00,0.1187,0.1197,0.1179,0.1197,2208317.0
2026-02-06 22:00:00,0.1197,0.1215,0.1194,0.121,4974626.7
2026-02-06 23:00:00,0.121,0.1216,0.1195,0.1203,2647024.7
2026-02-07 00:00:00,0.1202,0.1203,0.1187,0.1194,4113232.7
2026-02-07 01:00:00,0.1194,0.1207,0.1186,0.1201,3502997.9
2026-02-07 02:00:00,0.12,0.1201,0.1192,0.1199,2545010.5
2026-02-07 03:00:00,0.1199,0.1212,0.1199,0.1209,2878304.4
2026-02-07 04:00:00,0.1209,0.1221,0.12,0.1205,3951203.0
2026-02-07 05:00:00,0.1204,0.1212,0.1196,0.1199,4426013.7
2026-02-07 06:00:00,0.1199,0.1201,0.1174,0.1176,5131058.9
2026-02-07 07:00:00,0.1176,0.1181,0.115,0.1162,8303218.6
2026-02-07 08:00:00,0.1161,0.1167,0.1158,0.1164,3573824.3
2026-02-07 09:00:00,0.1165,0.117,0.116,0.1163,2246950.5
2026-02-07 10:00:00,0.1163,0.1167,0.1157,0.1165,1626950.3
2026-02-07 11:00:00,0.1165,0.1171,0.1163,0.117,1765310.3
2026-02-07 12:00:00,0.1169,0.1213,0.1168,0.1202,7782105.3
2026-02-07 13:00:00,0.1202,0.1205,0.1187,0.1193,2489914.5
2026-02-07 14:00:00,0.1194,0.1195,0.1175,0.1177,3664918.2
2026-02-07 15:00:00,0.1178,0.12,0.1175,0.12,4726071.2
2026-02-07 16:00:00,0.12,0.126,0.1195,0.1202,56118576.3
2026-02-07 17:00:00,0.1203,0.1208,0.1196,0.1201,2926945.5
2026-02-07 18:00:00,0.1201,0.1221,0.1199,0.1214,2520908.9
2026-02-07 19:00:00,0.1214,0.1214,0.1205,0.1206,1479719.0
2026-02-07 20:00:00,0.1206,0.1213,0.1203,0.121,1759107.5
2026-02-07 21:00:00,0.121,0.1213,0.1205,0.1207,1790791.8
2026-02-07 22:00:00,0.1207,0.1211,0.1201,0.1202,1378177.6
2026-02-07 23:00:00,0.1201,0.1203,0.1194,0.12,1636560.0
2026-02-08 00:00:00,0.12,0.1201,0.1195,0.12,1935670.4
2026-02-08 01:00:00,0.12,0.1204,0.1196,0.1198,787579.1
2026-02-08 02:00:00,0.1198,0.1202,0.1188,0.1191,816795.1
2026-02-08 03:00:00,0.1191,0.1193,0.1184,0.1187,1608778.1
2026-02-08 04:00:00,0.1186,0.1191,0.1183,0.119,1422432.5
2026-02-08 05:00:00,0.1189,0.1191,0.1182,0.1183,1265803.9
2026-02-08 06:00:00,0.1184,0.1185,0.1178,0.1179,1660747.2
2026-02-08 07:00:00,0.118,0.1182,0.1173,0.1181,1532377.8
2026-02-08 08:00:00,0.1181,0.1199,0.1178,0.1195,2702574.0
2026-02-08 09:00:00,0.1194,0.1197,0.1181,0.1182,1800772.6
2026-02-08 10:00:00,0.1183,0.1189,0.1173,0.1179,2146516.1
2026-02-08 11:00:00,0.1179,0.12,0.1179,0.1196,3714256.2
2026-02-08 12:00:00,0.1197,0.1197,0.1188,0.1194,2343467.7
2026-02-08 13:00:00,0.1194,0.1197,0.1186,0.1192,3946317.1
2026-02-08 14:00:00,0.1192,0.1195,0.1186,0.1191,1745081.8
2026-02-08 15:00:00,0.1191,0.1194,0.1174,0.1178,2941051.7
2026-02-08 16:00:00,0.1178,0.118,0.1148,0.1153,4657800.3
2026-02-08 17:00:00,0.1153,0.1165,0.1153,0.1164,2768620.5
2026-02-08 18:00:00,0.1164,0.118,0.1164,0.1173,3224988.2
2026-02-08 19:00:00,0.1174,0.1178,0.117,0.1178,2760884.1
2026-02-08 20:00:00,0.1177,0.1177,0.1163,0.1164,1453369.0
2026-02-08 21:00:00,0.1163,0.1169,0.1155,0.116,2620485.0
2026-02-08 22:00:00,0.116,0.1168,0.1159,0.1167,2113897.8
2026-02-08 23:00:00,0.1168,0.1193,0.1153,0.1165,5361242.7
2026-02-09 00:00:00,0.1164,0.1168,0.1155,0.1163,2094741.0
2026-02-09 01:00:00,0.1163,0.1175,0.1155,0.1163,3391772.1
2026-02-09 02:00:00,0.1163,0.1173,0.1158,0.1167,1295841.5
2026-02-09 03:00:00,0.1166,0.118,0.1165,0.1177,2074455.1
2026-02-09 04:00:00,0.1177,0.1177,0.1167,0.1168,1147062.5
2026-02-09 05:00:00,0.1167,0.1169,0.1162,0.1164,2153063.5
2026-02-09 06:00:00,0.1163,0.1163,0.1149,0.1154,1935789.8
2026-02-09 07:00:00,0.1152,0.1156,0.1139,0.1141,3771848.4
2026-02-09 08:00:00,0.1141,0.1142,0.1121,0.1125,3717543.6
2026-02-09 09:00:00,0.1126,0.1126,0.1111,0.1112,3112693.3
2026-02-09 10:00:00,0.1113,0.1114,0.1094,0.1097,6468447.2
2026-02-09 11:00:00,0.1098,0.1108,0.1098,0.1103,3189148.7
2026-02-09 12:00:00,0.1103,0.111,0.1102,0.1107,2612045.2
2026-02-09 13:00:00,0.1108,0.111,0.109,0.109,4005597.0
2026-02-09 14:00:00,0.1091,0.1105,0.1081,0.1102,7990540.3
2026-02-09 15:00:00,0.1103,0.1113,0.1091,0.1111,5592890.5
2026-02-09 16:00:00,0.111,0.1142,0.1102,0.1131,5642963.2
2026-02-09 17:00:00,0.1132,0.1156,0.1123,0.1149,7058627.1
2026-02-09 18:00:00,0.1149,0.1151,0.113,0.1137,5726757.5
2026-02-09 19:00:00,0.1137,0.1141,0.113,0.1139,4380438.7
2026-02-09 20:00:00,0.1139,0.1144,0.1127,0.1128,7888584.0
2026-02-09 21:00:00,0.1129,0.1133,0.1114,0.1129,5039679.7
2026-02-09 22:00:00,0.1129,0.1138,0.1127,0.1134,1516063.8
2026-02-09 23:00:00,0.1134,0.1137,0.113,0.1132,1607378.4
2026-02-10 00:00:00,0.1132,0.1135,0.1125,0.113,1700501.6
2026-02-10 01:00:00,0.113,0.1133,0.1126,0.1129,1715137.9
2026-02-10 02:00:00,0.113,0.113,0.1119,0.1123,1744344.0
2026-02-10 03:00:00,0.1123,0.1125,0.1097,0.1103,5335316.2
2026-02-10 04:00:00,0.1102,0.1114,0.11,0.1113,1874330.4
2026-02-10 05:00:00,0.1113,0.1113,0.1098,0.1101,2617667.0
2026-02-10 06:00:00,0.1101,0.1103,0.108,0.1085,8183719.3
2026-02-10 07:00:00,0.1085,0.1098,0.1085,0.1094,3197198.1
2026-02-10 08:00:00,0.1095,0.1096,0.1087,0.1093,2947444.0
2026-02-10 09:00:00,0.1093,0.1101,0.1093,0.1097,2058379.4
2026-02-10 10:00:00,0.1098,0.11,0.109,0.1092,3939585.6
2026-02-10 11:00:00,0.1092,0.1095,0.1085,0.1087,3142381.1
2026-02-10 12:00:00,0.1087,0.1092,0.1085,0.1088,1741606.7
2026-02-10 13:00:00,0.1087,0.1099,0.1086,0.1097,2674370.4
2026-02-10 14:00:00,0.1098,0.1113,0.1094,0.1102,5554088.0
2026-02-10 15:00:00,0.1101,0.1122,0.1096,0.1114,6523978.4
2026-02-10 16:00:00,0.1114,0.1119,0.1099,0.1103,3300218.6
2026-02-10 17:00:00,0.1104,0.111,0.1099,0.1108,2473722.4
2026-02-10 18:00:00,0.1108,0.111,0.1085,0.1092,2995016.1
2026-02-10 19:00:00,0.1091,0.1099,0.1084,0.1096,1631539.1
2026-02-10 20:00:00,0.1095,0.1099,0.109,0.1095,2169291.4
2026-02-10 21:00:00,0.1094,0.1098,0.1087,0.1092,1415720.9
2026-02-10 22:00:00,0.1093,0.1103,0.109,0.1098,1602115.0
2026-02-10 23:00:00,0.1097,0.1103,0.1095,0.11,2052396.8
2026-02-11 00:00:00,0.11,0.1106,0.1099,0.1104,3000005.0
2026-02-11 01:00:00,0.1103,0.1113,0.1102,0.1111,1682113.4
2026-02-11 02:00:00,0.1111,0.1116,0.1106,0.1106,2197246.8
2026-02-11 03:00:00,0.1106,0.1112,0.1092,0.1104,2923229.7
2026-02-11 04:00:00,0.1104,0.1104,0.1085,0.1087,4176813.3
2026-02-11 05:00:00,0.1088,0.1093,0.1081,0.1084,2278941.1
2026-02-11 06:00:00,0.1083,0.1085,0.1068,0.1072,6008902.4
2026-02-11 07:00:00,0.1071,0.1076,0.1067,0.1072,1954972.6
2026-02-11 08:00:00,0.1071,0.1072,0.1065,0.1069,1949042.9
2026-02-11 09:00:00,0.1069,0.1071,0.1065,0.1067,2413006.5
2026-02-11 10:00:00,0.1068,0.1069,0.1059,0.1065,3721646.5
2026-02-11 11:00:00,0.1065,0.1074,0.1064,0.1072,2281661.7
2026-02-11 12:00:00,0.1072,0.1078,0.1068,0.1077,2553987.8
2026-02-11 13:00:00,0.1077,0.1091,0.1072,0.1091,5900717.8
2026-02-11 14:00:00,0.1092,0.1128,0.1067,0.1067,17162474.1
2026-02-11 15:00:00,0.1068,0.1072,0.105,0.1069,9230284.6
2026-02-11 16:00:00,0.1069,0.1087,0.1061,0.1062,8406693.6
2026-02-11 17:00:00,0.1062,0.1082,0.1059,0.1073,3268721.6
2026-02-11 18:00:00,0.1072,0.1091,0.1064,0.1084,3792928.6
2026-02-11 19:00:00,0.1084,0.1087,0.1072,0.1077,3944154.8
2026-02-11 20:00:00,0.1077,0.1089,0.1071,0.1085,3275807.3
2026-02-11 21:00:00,0.1086,0.1105,0.1084,0.1098,4125163.6
2026-02-11 22:00:00,0.1098,0.1103,0.1087,0.109,2914606.7
2026-02-11 23:00:00,0.1089,0.1092,0.1076,0.1083,4471729.6
2026-02-12 00:00:00,0.1084,0.1098,0.1083,0.1093,3372135.6
2026-02-12 01:00:00,0.1093,0.1103,0.1092,0.1096,2000270.0
2026-02-12 02:00:00,0.1096,0.1105,0.1091,0.1098,1517297.7
2026-02-12 03:00:00,0.1098,0.1105,0.1096,0.1104,1875990.6
2026-02-12 04:00:00,0.1103,0.1116,0.1102,0.111,2521595.3
2026-02-12 05:00:00,0.1111,0.1116,0.1102,0.1112,2884731.8
2026-02-12 06:00:00,0.1112,0.1124,0.111,0.1117,2712597.8
2026-02-12 07:00:00,0.1117,0.1124,0.111,0.1123,1543561.1
2026-02-12 08:00:00,0.1123,0.1125,0.1107,0.1113,3164037.2
2026-02-12 09:00:00,0.1112,0.1122,0.1109,0.1118,2945673.9
2026-02-12 10:00:00,0.1118,0.1129,0.1114,0.1127,1813317.9
2026-02-12 11:00:00,0.1127,0.1131,0.112,0.1122,2401877.0
2026-02-12 12:00:00,0.1122,0.1123,0.1103,0.1106,2265477.5
2026-02-12 13:00:00,0.1106,0.111,0.1094,0.1108,3747772.2
2026-02-12 14:00:00,0.1108,0.111,0.1096,0.1104,3466516.1
2026-02-12 15:00:00,0.1104,0.1122,0.1095,0.1103,6037981.0
2026-02-12 16:00:00,0.1104,0.1105,0.108,0.1087,6258890.4
2026-02-12 17:00:00,0.1086,0.1096,0.1081,0.1082,3590023.5
2026-02-12 18:00:00,0.1083,0.1095,0.1081,0.1092,3682738.6
2026-02-12 19:00:00,0.1092,0.1118,0.1087,0.11,3549871.7
2026-02-12 20:00:00,0.11,0.1102,0.1085,0.1089,2053013.8
2026-02-12 21:00:00,0.109,0.1096,0.1089,0.1092,894187.1
2026-02-12 22:00:00,0.1092,0.1109,0.1089,0.1108,1469007.7
2026-02-12 23:00:00,0.1108,0.112,0.1108,0.1117,3479058.5
2026-02-13 00:00:00,0.1117,0.1122,0.11,0.1101,3521766.7
2026-02-13 01:00:00,0.1101,0.1105,0.1095,0.1098,2725881.9
2026-02-13 02:00:00,0.1097,0.1103,0.1096,0.1101,1640731.5
2026-02-13 03:00:00,0.11,0.1101,0.1091,0.1096,2463842.7
2026-02-13 04:00:00,0.1096,0.1096,0.1089,0.1093,1103570.9
2026-02-13 05:00:00,0.1092,0.1096,0.1087,0.1088,1565393.9
2026-02-13 06:00:00,0.1088,0.11,0.1083,0.1098,1833825.7
2026-02-13 07:00:00,0.1098,0.1104,0.1097,0.1101,2788584.1
2026-02-13 08:00:00,0.11,0.1118,0.11,0.1112,1822620.8
2026-02-13 09:00:00,0.1113,0.1113,0.1106,0.1107,1352982.5
2026-02-13 10:00:00,0.1107,0.1113,0.1106,0.1109,1260537.8
2026-02-13 11:00:00,0.1108,0.1111,0.1103,0.1107,2781109.4
2026-02-13 12:00:00,0.1107,0.1107,0.11,0.1102,1931436.7
2026-02-13 13:00:00,0.1102,0.1119,0.1099,0.1109,4809546.0
2026-02-13 14:00:00,0.1108,0.1127,0.1102,0.1115,7822997.7
2026-02-13 15:00:00,0.1115,0.1154,0.1114,0.1133,7382508.0
2026-02-13 16:00:00,0.1132,0.1156,0.1129,0.1151,4986993.6
2026-02-13 17:00:00,0.1151,0.1161,0.1144,0.1155,4743375.8
2026-02-13 18:00:00,0.1154,0.1161,0.1149,0.1156,1911002.6
2026-02-13 19:00:00,0.1156,0.1162,0.1154,0.1157,1453452.6
2026-02-13 20:00:00,0.1158,0.116,0.1154,0.1158,1289936.9
2026-02-13 21:00:00,0.1159,0.1167,0.1157,0.1163,1696165.5
2026-02-13 22:00:00,0.1163,0.1167,0.1157,0.116,1115540.4
2026-02-13 23:00:00,0.116,0.116,0.1153,0.1155,2163868.5
2026-02-14 00:00:00,0.1155,0.1162,0.1149,0.1159,2495163.0
2026-02-14 01:00:00,0.1159,0.1162,0.1155,0.116,1053700.8
2026-02-14 02:00:00,0.1161,0.1166,0.1159,0.1161,972660.2
2026-02-14 03:00:00,0.116,0.1165,0.116,0.1162,757480.2
2026-02-14 04:00:00,0.1163,0.1164,0.1158,0.116,774107.7
2026-02-14 05:00:00,0.116,0.1166,0.1155,0.1155,1766167.3
2026-02-14 06:00:00,0.1155,0.1158,0.1151,0.1156,815245.0
2026-02-14 07:00:00,0.1156,0.1163,0.1155,0.1161,1090831.1
2026-02-14 08:00:00,0.1161,0.1176,0.1161,0.1175,1997528.8
2026-02-14 09:00:00,0.1174,0.1178,0.1173,0.1175,1109883.9
2026-02-14 10:00:00,0.1175,0.1176,0.1172,0.1174,946831.2
2026-02-14 11:00:00,0.1175,0.1193,0.1173,0.1191,1709392.5
2026-02-14 12:00:00,0.1191,0.1197,0.1182,0.1182,2014855.9
2026-02-14 13:00:00,0.1182,0.1184,0.1173,0.1178,1584749.2
2026-02-14 14:00:00,0.1179,0.1198,0.1177,0.1196,1887553.2
2026-02-14 15:00:00,0.1196,0.1198,0.1185,0.1196,3088767.2
2026-02-14 16:00:00,0.1196,0.1204,0.1186,0.1202,1593641.6
2026-02-14 17:00:00,0.1203,0.121,0.1196,0.1197,2129764.7
2026-02-14 18:00:00,0.1197,0.1208,0.1197,0.1207,1792782.0
2026-02-14 19:00:00,0.1207,0.1221,0.1201,0.122,2015937.9
2026-02-14 20:00:00,0.122,0.1224,0.1205,0.1211,1292287.0
2026-02-14 21:00:00,0.121,0.1219,0.12,0.1205,1485131.5
2026-02-14 22:00:00,0.1204,0.1222,0.1203,0.1214,1397108.5
2026-02-14 23:00:00,0.1213,0.1214,0.1203,0.1205,1217562.2
2026-02-15 00:00:00,0.1205,0.1207,0.1194,0.12,1445929.3
2026-02-15 01:00:00,0.1199,0.1209,0.1192,0.12,1777857.2
2026-02-15 02:00:00,0.12,0.1206,0.1187,0.1196,2821573.8
2026-02-15 03:00:00,0.1196,0.1199,0.1179,0.1197,4183849.7
2026-02-15 04:00:00,0.1198,0.1215,0.1198,0.1201,2439022.6
2026-02-15 05:00:00,0.1201,0.1211,0.1199,0.1205,1202614.6
2026-02-15 06:00:00,0.1206,0.1208,0.1191,0.1199,2143424.1
2026-02-15 07:00:00,0.1199,0.1213,0.1198,0.1208,1908034.7
2026-02-15 08:00:00,0.1209,0.1212,0.1179,0.1187,3492894.6
2026-02-15 09:00:00,0.1187,0.1195,0.1186,0.1191,1354346.4
2026-02-15 10:00:00,0.1191,0.1191,0.1177,0.1184,1250489.0
2026-02-15 11:00:00,0.1184,0.1188,0.1181,0.1183,1518141.9
2026-02-15 12:00:00,0.1183,0.1184,0.1151,0.1152,3382334.4
2026-02-15 13:00:00,0.1152,0.1162,0.1136,0.1141,6497073.5
2026-02-15 14:00:00,0.114,0.1155,0.1139,0.1154,1921046.9
2026-02-15 15:00:00,0.1154,0.1156,0.1148,0.1151,1195465.6
2026-02-15 16:00:00,0.1151,0.1153,0.1141,0.115,2920067.0
2026-02-15 17:00:00,0.1151,0.1153,0.1126,0.1138,4677935.9
2026-02-15 18:00:00,0.1137,0.1142,0.1127,0.113,3988491.2
2026-02-15 19:00:00,0.1129,0.1136,0.1121,0.1131,2774239.4
2026-02-15 20:00:00,0.1131,0.114,0.1126,0.1137,1444329.3
2026-02-15 21:00:00,0.1138,0.1146,0.1138,0.1142,1411235.0
2026-02-15 22:00:00,0.1141,0.1148,0.1138,0.1145,1404356.4
2026-02-15 23:00:00,0.1145,0.1148,0.1132,0.1146,1339619.8
2026-02-16 00:00:00,0.1146,0.1154,0.1142,0.1146,1972777.2
2026-02-16 01:00:00,0.1146,0.1151,0.1138,0.1142,1850046.5
2026-02-16 02:00:00,0.1142,0.1145,0.1136,0.1138,898877.5
2026-02-16 03:00:00,0.1138,0.1141,0.1136,0.1141,941817.6
2026-02-16 04:00:00,0.1141,0.115,0.114,0.1149,671512.6
2026-02-16 05:00:00,0.115,0.1152,0.1132,0.1134,1733410.6
2026-02-16 06:00:00,0.1134,0.1145,0.1132,0.114,1243738.2
2026-02-16 07:00:00,0.114,0.1143,0.1133,0.1136,765503.1
2026-02-16 08:00:00,0.1135,0.1144,0.1135,0.1141,1131345.8
2026-02-16 09:00:00,0.114,0.1153,0.114,0.1149,1442834.7
2026-02-16 10:00:00,0.1149,0.115,0.1142,0.1143,853192.1
2026-02-16 11:00:00,0.1143,0.1146,0.1126,0.1144,2149110.6
2026-02-16 12:00:00,0.1144,0.1167,0.1141,0.1166,4630895.1
2026-02-16 13:00:00,0.1167,0.1172,0.1135,0.1139,5244578.2
2026-02-16 14:00:00,0.1139,0.115,0.1131,0.1142,4550801.6
2026-02-16 15:00:00,0.1142,0.115,0.1116,0.1122,5043623.8
2026-02-16 16:00:00,0.1122,0.1133,0.1119,0.113,3477720.3
2026-02-16 17:00:00,0.1129,0.1133,0.1122,0.1126,1881328.8
2026-02-16 18:00:00,0.1126,0.1135,0.1126,0.1128,1648984.0
2026-02-16 19:00:00,0.1129,0.1139,0.1126,0.1136,1310273.6
2026-02-16 20:00:00,0.1135,0.115,0.1132,0.1149,2165748.6
2026-02-16 21:00:00,0.1149,0.1159,0.1145,0.1157,1312082.7
2026-02-16 22:00:00,0.1157,0.1161,0.1149,0.1151,2382296.3
2026-02-16 23:00:00,0.1152,0.1155,0.1148,0.1153,1444338.6
2026-02-17 00:00:00,0.1153,0.1156,0.1148,0.1148,1585434.5
2026-02-17 01:00:00,0.1149,0.1153,0.1147,0.1148,1117473.2
2026-02-17 02:00:00,0.1148,0.1159,0.1141,0.1154,1451106.3
2026-02-17 03:00:00,0.1154,0.1155,0.1147,0.1147,561207.0
2026-02-17 04:00:00,0.1147,0.1153,0.1145,0.1149,793267.8
2026-02-17 05:00:00,0.1149,0.1149,0.1132,0.1138,1043973.2
2026-02-17 06:00:00,0.1139,0.1145,0.1139,0.1143,919009.4
2026-02-17 07:00:00,0.1143,0.1145,0.1139,0.1142,822764.8
2026-02-17 08:00:00,0.1142,0.1146,0.1135,0.1137,2044113.4
2026-02-17 09:00:00,0.1137,0.1137,0.1131,0.1134,1147554.7
2026-02-17 10:00:00,0.1134,0.1136,0.1124,0.1129,993718.6
2026-02-17 11:00:00,0.1129,0.1137,0.1128,0.1134,1390957.3
2026-02-17 12:00:00,0.1134,0.1139,0.1129,0.1131,1621717.2
2026-02-17 13:00:00,0.1131,0.1146,0.1127,0.1141,3107625.4
2026-02-17 14:00:00,0.1141,0.1147,0.1114,0.1116,6699240.3
2026-02-17 15:00:00,0.1116,0.1133,0.1113,0.1132,3948817.7
2026-02-17 16:00:00,0.1133,0.1156,0.1131,0.1139,3163982.3
2026-02-17 17:00:00,0.1138,0.1139,0.1121,0.1128,2171119.0
2026-02-17 18:00:00,0.1127,0.1152,0.1125,0.1144,2081867.8
2026-02-17 19:00:00,0.1145,0.1147,0.1135,0.1136,2279223.5
2026-02-17 20:00:00,0.1136,0.1138,0.1127,0.1132,1097045.9
2026-02-17 21:00:00,0.1132,0.1137,0.113,0.1134,598154.6
2026-02-17 22:00:00,0.1134,0.1134,0.1127,0.1128,977787.2
2026-02-17 23:00:00,0.1127,0.1131,0.1125,0.1128,1574148.0
2026-02-18 00:00:00,0.1128,0.1132,0.1124,0.1124,2312984.2
2026-02-18 01:00:00,0.1124,0.1126,0.1119,0.1124,1391198.6
2026-02-18 02:00:00,0.1124,0.1132,0.1124,0.1129,892183.1
2026-02-18 03:00:00,0.1128,0.1135,0.1128,0.1133,455050.0
2026-02-18 04:00:00,0.1132,0.1133,0.1129,0.1131,782900.1
2026-02-18 05:00:00,0.1132,0.1139,0.1131,0.1136,1187645.5
2026-02-18 06:00:00,0.1136,0.1139,0.1131,0.1132,1391712.8
2026-02-18 07:00:00,0.1132,0.1143,0.113,0.1138,2030649.4
2026-02-18 08:00:00,0.1139,0.1144,0.1136,0.1137,1184884.2
2026-02-18 09:00:00,0.1137,0.1138,0.1133,0.1135,1074760.3
2026-02-18 10:00:00,0.1135,0.1139,0.1128,0.1129,1395020.6
2026-02-18 11:00:00,0.113,0.113,0.1116,0.1122,2009319.6
2026-02-18 12:00:00,0.1123,0.1126,0.1113,0.1116,1499288.4
2026-02-18 13:00:00,0.1117,0.1118,0.1104,0.1108,4719160.6
2026-02-18 14:00:00,0.1109,0.1114,0.11,0.1112,3872729.8
2026-02-18 15:00:00,0.1112,0.1135,0.1112,0.112,3345857.5
2026-02-18 16:00:00,0.1121,0.1121,0.1104,0.1107,3028118.0
2026-02-18 17:00:00,0.1107,0.1118,0.1094,0.1101,6110782.8
2026-02-18 18:00:00,0.1102,0.1103,0.1087,0.1089,5483917.2
2026-02-18 19:00:00,0.1089,0.1093,0.1076,0.1084,4251777.3
2026-02-18 20:00:00,0.1083,0.1092,0.1081,0.1084,2788645.5
2026-02-18 21:00:00,0.1084,0.1086,0.1072,0.1075,3801473.6
2026-02-18 22:00:00,0.1076,0.1079,0.1069,0.1077,1131758.2
2026-02-18 23:00:00,0.1077,0.1079,0.1075,0.1077,1440187.4
2026-02-19 00:00:00,0.1077,0.1078,0.1069,0.1072,1856130.3
2026-02-19 01:00:00,0.1072,0.1084,0.1072,0.1083,10399742.2
2026-02-19 02:00:00,0.1083,0.1086,0.1076,0.1078,1287016.2
2026-02-19 03:00:00,0.1078,0.108,0.1072,0.1078,1286751.7
2026-02-19 04:00:00,0.1077,0.1084,0.1076,0.1078,1542637.5
2026-02-19 05:00:00,0.1077,0.1079,0.1065,0.1069,3069502.3
2026-02-19 06:00:00,0.1069,0.1075,0.1069,0.1071,1771702.0
2026-02-19 07:00:00,0.1072,0.1073,0.1062,0.1065,3362792.7
2026-02-19 08:00:00,0.1064,0.1064,0.1038,0.1044,7026017.5
2026-02-19 09:00:00,0.1044,0.1053,0.1043,0.1049,4403313.8
2026-02-19 10:00:00,0.1049,0.105,0.104,0.104,4080318.7
2026-02-19 11:00:00,0.104,0.1044,0.1037,0.104,3668303.0
2026-02-19 12:00:00,0.104,0.1045,0.1039,0.104,2286750.9
2026-02-19 13:00:00,0.104,0.104,0.1012,0.1018,8130619.4
2026-02-19 14:00:00,0.1019,0.1021,0.0995,0.1004,11725732.5
2026-02-19 15:00:00,0.1004,0.1008,0.0976,0.0981,14231624.6
2026-02-19 16:00:00,0.0981,0.1001,0.0975,0.0991,11889403.0
2026-02-19 17:00:00,0.0991,0.1001,0.0982,0.0991,9695270.1
2026-02-19 18:00:00,0.099,0.1004,0.099,0.0995,5930659.8
2026-02-19 19:00:00,0.0995,0.0995,0.0975,0.0983,6989175.2
2026-02-19 20:00:00,0.0984,0.0993,0.0981,0.0985,6607341.2
2026-02-19 21:00:00,0.0985,0.0989,0.0983,0.0983,6378999.7
2026-02-19 22:00:00,0.0984,0.0985,0.0972,0.0976,7345866.1
2026-02-19 23:00:00,0.0976,0.0984,0.0973,0.098,5991282.1
2026-02-20 00:00:00,0.098,0.0985,0.0976,0.0983,6064352.4
2026-02-20 01:00:00,0.0983,0.0985,0.0964,0.0973,8589772.0
2026-02-20 02:00:00,0.0973,0.0983,0.0969,0.0971,6205006.9
2026-02-20 03:00:00,0.0972,0.0985,0.0964,0.0978,5539281.7
2026-02-20 04:00:00,0.0979,0.098,0.0962,0.097,7840143.0
2026-02-20 05:00:00,0.0971,0.0978,0.0955,0.0977,20736227.2
2026-02-20 06:00:00,0.0977,0.098,0.0961,0.0967,10267243.8
2026-02-20 07:00:00,0.0967,0.0969,0.0958,0.0966,9804834.2
2026-02-20 08:00:00,0.0966,0.0967,0.0959,0.0962,6509982.8
2026-02-20 09:00:00,0.0961,0.0968,0.0961,0.0967,8618111.7
2026-02-20 10:00:00,0.0967,0.097,0.0953,0.0954,9612726.4
2026-02-20 11:00:00,0.0955,0.0957,0.0937,0.0942,20697221.4
2026-02-20 12:00:00,0.0941,0.0948,0.0926,0.0943,19724367.0
2026-02-20 13:00:00,0.0943,0.0943,0.0928,0.0938,9481345.7
2026-02-20 14:00:00,0.0937,0.0958,0.0937,0.095,7731129.1
2026-02-20 15:00:00,0.0951,0.0978,0.095,0.097,22405811.5
2026-02-20 16:00:00,0.097,0.0987,0.0956,0.0966,13397213.1
2026-02-20 17:00:00,0.0967,0.0967,0.0941,0.0966,18568128.7
2026-02-20 18:00:00,0.0966,0.0971,0.0956,0.0969,12789963.7
2026-02-20 19:00:00,0.0969,0.0971,0.0958,0.0965,5615514.8
2026-02-20 20:00:00,0.0964,0.0967,0.0958,0.0961,3590352.4
2026-02-20 21:00:00,0.0962,0.0965,0.0957,0.0964,2697387.8
2026-02-20 22:00:00,0.0965,0.0973,0.0958,0.0971,6570291.3
2026-02-20 23:00:00,0.0971,0.0974,0.0968,0.097,2665035.6
2026-02-21 00:00:00,0.0971,0.0971,0.096,0.0965,4540630.2
2026-02-21 01:00:00,0.0966,0.0969,0.0963,0.0966,3547129.2
2026-02-21 02:00:00,0.0967,0.097,0.0959,0.0968,3390372.7
2026-02-21 03:00:00,0.0969,0.0971,0.0963,0.0968,5300127.4
2026-02-21 04:00:00,0.0969,0.0972,0.0967,0.0972,1732478.5
2026-02-21 05:00:00,0.0972,0.0991,0.0972,0.0988,7794230.5
2026-02-21 06:00:00,0.0987,0.1002,0.0986,0.0988,5271982.4
2026-02-21 07:00:00,0.0987,0.1002,0.0982,0.1001,8324617.8
2026-02-21 08:00:00,0.1001,0.103,0.0998,0.1028,14288255.5
2026-02-21 09:00:00,0.1029,0.1051,0.1027,0.1029,15882220.3
2026-02-21 10:00:00,0.1029,0.1047,0.1029,0.1035,8863662.9
2026-02-21 11:00:00,0.1034,0.1046,0.1031,0.1033,7736597.4
2026-02-21 12:00:00,0.1033,0.1038,0.1017,0.1019,9867377.0
2026-02-21 13:00:00,0.102,0.1022,0.1005,0.1009,8579840.2
2026-02-21 14:00:00,0.1009,0.1013,0.0999,0.1,5269073.9
2026-02-21 15:00:00,0.1,0.1003,0.0993,0.1,6527260.6
2026-02-21 16:00:00,0.1,0.1001,0.0989,0.0991,3498508.0
2026-02-21 17:00:00,0.0992,0.0996,0.0989,0.0993,2480085.3
2026-02-21 18:00:00,0.0993,0.0996,0.0987,0.0993,3058810.5
2026-02-21 19:00:00,0.0994,0.1,0.0988,0.0989,3575672.4
2026-02-21 20:00:00,0.0989,0.0997,0.0984,0.0984,2816340.7
2026-02-21 21:00:00,0.0985,0.0994,0.0984,0.0993,1615511.1
2026-02-21 22:00:00,0.0994,0.0995,0.0983,0.0984,2170038.2
2026-02-21 23:00:00,0.0984,0.0987,0.0983,0.0983,2154968.1
2026-02-22 00:00:00,0.0983,0.0983,0.0966,0.0973,6238487.0
2026-02-22 01:00:00,0.0973,0.0975,0.097,0.0971,1619939.6
2026-02-22 02:00:00,0.0971,0.0976,0.0963,0.0964,2391912.3
2026-02-22 03:00:00,0.0965,0.0967,0.0959,0.0962,3983984.6
2026-02-22 04:00:00,0.0961,0.0964,0.0959,0.096,2028764.8
2026-02-22 05:00:00,0.0961,0.0962,0.0955,0.0956,2057430.8
2026-02-22 06:00:00,0.0956,0.0959,0.0949,0.0956,5863150.1
2026-02-22 07:00:00,0.0957,0.0963,0.0956,0.0957,2098935.6
2026-02-22 08:00:00,0.0957,0.0963,0.0955,0.0955,1299976.5
2026-02-22 09:00:00,0.0955,0.0963,0.0954,0.0962,1497879.5
2026-02-22 10:00:00,0.0962,0.0968,0.096,0.0965,3377836.1
2026-02-22 11:00:00,0.0964,0.0968,0.0956,0.0957,1633341.0
2026-02-22 12:00:00,0.0957,0.0958,0.0943,0.0945,4576404.4
2026-02-22 13:00:00,0.0945,0.0947,0.0939,0.094,3842091.4
2026-02-22 14:00:00,0.094,0.0942,0.0936,0.0938,2712201.9
2026-02-22 15:00:00,0.0939,0.0949,0.0937,0.0945,2625051.5
2026-02-22 16:00:00,0.0945,0.0946,0.094,0.0944,1572153.1
2026-02-22 17:00:00,0.0944,0.0945,0.0937,0.094,1428117.9
2026-02-22 18:00:00,0.0941,0.0944,0.0939,0.0941,1025581.8
2026-02-22 19:00:00,0.0941,0.0942,0.0936,0.0941,744881.4
2026-02-22 20:00:00,0.0941,0.0943,0.0933,0.0936,2386592.2
2026-02-22 21:00:00,0.0936,0.0941,0.0933,0.094,3106922.2
2026-02-22 22:00:00,0.094,0.0947,0.0939,0.0944,1255666.1
2026-02-22 23:00:00,0.0943,0.0947,0.0941,0.0946,1525121.5
2026-02-23 00:00:00,0.0945,0.0948,0.0938,0.0939,2656680.3
2026-02-23 01:00:00,0.0939,0.094,0.0883,0.089,35273616.2
2026-02-23 02:00:00,0.089,0.0903,0.0888,0.0903,7326547.1
2026-02-23 03:00:00,0.0903,0.0912,0.09,0.0903,4427960.5
2026-02-23 04:00:00,0.0902,0.0905,0.0895,0.0901,6003520.6
2026-02-23 05:00:00,0.0901,0.092,0.0901,0.0913,3882606.9
2026-02-23 06:00:00,0.0914,0.0936,0.0913,0.0932,4659527.4
2026-02-23 07:00:00,0.0931,0.0935,0.0928,0.093,3612822.2
2026-02-23 08:00:00,0.0929,0.0932,0.0922,0.0929,4737922.6
2026-02-23 09:00:00,0.093,0.095,0.093,0.0945,8166269.2
2026-02-23 10:00:00,0.0946,0.0951,0.094,0.0944,2422050.9
2026-02-23 11:00:00,0.0945,0.0953,0.0944,0.0952,3556567.2
2026-02-23 12:00:00,0.0953,0.0963,0.0947,0.0954,7324586.6
2026-02-23 13:00:00,0.0953,0.0955,0.0944,0.0946,3599028.1
2026-02-23 14:00:00,0.0946,0.0947,0.0935,0.0939,4953797.1
2026-02-23 15:00:00,0.094,0.0941,0.0926,0.0927,5490119.1
2026-02-23 16:00:00,0.0927,0.0931,0.0922,0.0925,4451498.5
2026-02-23 17:00:00,0.0925,0.0928,0.0911,0.0924,7790798.7
2026-02-23 18:00:00,0.0924,0.0934,0.092,0.0923,4105844.9
2026-02-23 19:00:00,0.0922,0.0926,0.0918,0.0921,4386901.7
2026-02-23 20:00:00,0.092,0.0935,0.0919,0.0933,4435069.7
2026-02-23 21:00:00,0.0933,0.0945,0.0933,0.0936,4814665.8
2026-02-23 22:00:00,0.0936,0.0944,0.0933,0.0934,4287645.0
2026-02-23 23:00:00,0.0934,0.0939,0.0934,0.0936,3409899.3
2026-02-24 00:00:00,0.0936,0.0941,0.0933,0.0938,5949197.0
2026-02-24 01:00:00,0.0938,0.0941,0.0918,0.093,8121701.5
2026-02-24 02:00:00,0.093,0.0939,0.0927,0.0933,4333276.7
2026-02-24 03:00:00,0.0933,0.0933,0.0927,0.0931,2661513.1
2026-02-24 04:00:00,0.0932,0.0934,0.0921,0.0924,4520646.0
2026-02-24 05:00:00,0.0923,0.0926,0.0909,0.0912,4210607.8
2026-02-24 06:00:00,0.0912,0.0917,0.0908,0.0911,3839632.4
2026-02-24 07:00:00,0.0912,0.0917,0.091,0.0913,3507619.2
2026-02-24 08:00:00,0.0913,0.0915,0.0907,0.0912,3112498.3
2026-02-24 09:00:00,0.0912,0.0913,0.0903,0.091,3473841.1
2026-02-24 10:00:00,0.0911,0.0916,0.0909,0.0915,3246034.9
2026-02-24 11:00:00,0.0915,0.0917,0.0912,0.0917,3231498.9
2026-02-24 12:00:00,0.0917,0.0923,0.0914,0.0916,3566911.0
2026-02-24 13:00:00,0.0916,0.0916,0.0901,0.0907,4892149.1
2026-02-24 14:00:00,0.0906,0.0926,0.0898,0.0921,4327355.5
2026-02-24 15:00:00,0.0921,0.0935,0.0919,0.093,8158118.4
2026-02-24 16:00:00,0.093,0.094,0.0921,0.0937,7415556.8
2026-02-24 17:00:00,0.0936,0.094,0.0927,0.0928,5999426.0
2026-02-24 18:00:00,0.0928,0.0931,0.0923,0.0926,1610917.9
2026-02-24 19:00:00,0.0926,0.0934,0.092,0.0929,2963827.5
2026-02-24 20:00:00,0.0929,0.0933,0.0926,0.0926,1979169.4
2026-02-24 21:00:00,0.0927,0.0927,0.0919,0.0925,1799154.6
2026-02-24 22:00:00,0.0924,0.0932,0.0923,0.0926,1467736.2
2026-02-24 23:00:00,0.0926,0.0927,0.092,0.0921,1607070.1
2026-02-25 00:00:00,0.0921,0.0926,0.092,0.0922,3182573.1
2026-02-25 01:00:00,0.0923,0.096,0.0922,0.095,8896483.4
2026-02-25 02:00:00,0.095,0.0957,0.0944,0.0946,7881854.9
2026-02-25 03:00:00,0.0946,0.0946,0.0924,0.0925,3653809.8
2026-02-25 04:00:00,0.0925,0.0931,0.0919,0.0928,5305618.8
2026-02-25 05:00:00,0.0929,0.093,0.0914,0.0921,3257024.8
2026-02-25 06:00:00,0.0921,0.0931,0.0921,0.0923,1929586.8
2026-02-25 07:00:00,0.0924,0.0931,0.0921,0.0931,2297082.7
2026-02-25 08:00:00,0.0931,0.0937,0.0928,0.0937,2943571.0
2026-02-25 09:00:00,0.0936,0.0944,0.0935,0.0938,4208174.7
2026-02-25 10:00:00,0.0938,0.0944,0.0938,0.0941,3695129.7
2026-02-25 11:00:00,0.0941,0.0949,0.0935,0.0947,5619082.3
2026-02-25 12:00:00,0.0948,0.0966,0.0945,0.0964,7419346.7
2026-02-25 13:00:00,0.0965,0.0974,0.0962,0.0962,4329289.7
2026-02-25 14:00:00,0.0963,0.0989,0.0961,0.0988,6144308.5
2026-02-25 15:00:00,0.0989,0.1011,0.0984,0.1001,11460032.7
2026-02-25 16:00:00,0.1001,0.1036,0.1001,0.103,13455242.0
2026-02-25 17:00:00,0.1031,0.1037,0.1019,0.1026,14280188.4
2026-02-25 18:00:00,0.1026,0.1034,0.1018,0.1031,5723830.5
2026-02-25 19:00:00,0.1031,0.1044,0.1021,0.1044,5966246.1
2026-02-25 20:00:00,0.1044,0.1054,0.1033,0.1049,7952817.4
2026-02-25 21:00:00,0.105,0.107,0.1042,0.105,14442620.9
2026-02-25 22:00:00,0.1051,0.1056,0.1032,0.1037,11215226.6
2026-02-25 23:00:00,0.1037,0.1039,0.0998,0.1008,8738806.5
2026-02-26 00:00:00,0.1007,0.1008,0.0985,0.099,6640921.9
2026-02-26 01:00:00,0.0989,0.0997,0.0985,0.0991,6560016.6
2026-02-26 02:00:00,0.099,0.1001,0.0982,0.0998,4417178.7
2026-02-26 03:00:00,0.0999,0.0999,0.0989,0.0995,1754497.5
2026-02-26 04:00:00,0.0995,0.1005,0.0991,0.1,2765962.2
2026-02-26 05:00:00,0.0999,0.1006,0.099,0.1001,9855174.5
2026-02-26 06:00:00,0.1001,0.1013,0.0997,0.1001,4268694.9
2026-02-26 07:00:00,0.1001,0.1006,0.0995,0.1,1925889.4
2026-02-26 08:00:00,0.1,0.1009,0.0998,0.1003,3530392.3
2026-02-26 09:00:00,0.1003,0.1019,0.1002,0.1013,5533227.0
2026-02-26 10:00:00,0.1013,0.1015,0.0993,0.0994,4009177.5
2026-02-26 11:00:00,0.0995,0.0997,0.0983,0.0986,3205419.9
2026-02-26 12:00:00,0.0986,0.0998,0.0986,0.0997,1836075.1
2026-02-26 13:00:00,0.0997,0.0999,0.0992,0.0994,1926973.8
2026-02-26 14:00:00,0.0993,0.0999,0.0986,0.0996,3386759.4
2026-02-26 15:00:00,0.0996,0.1002,0.0983,0.0998,7345428.9
2026-02-26 16:00:00,0.0997,0.0999,0.0955,0.0957,9866114.4
2026-02-26 17:00:00,0.0957,0.0971,0.0957,0.0964,3470315.4
2026-02-26 18:00:00,0.0965,0.0984,0.0962,0.0983,4751494.7
2026-02-26 19:00:00,0.0983,0.1002,0.0982,0.0992,7987467.6
2026-02-26 20:00:00,0.0991,0.0998,0.0985,0.0986,2302695.0
2026-02-26 21:00:00,0.0986,0.0996,0.0984,0.0994,1765868.7
2026-02-26 22:00:00,0.0995,0.1008,0.0992,0.1007,3181884.4
2026-02-26 23:00:00,0.1007,0.1008,0.0998,0.1001,2805161.7
2026-02-27 00:00:00,0.1,0.1003,0.0992,0.1001,2939588.4
2026-02-27 01:00:00,0.1001,0.1005,0.0996,0.1004,4330278.8
2026-02-27 02:00:00,0.1004,0.1016,0.1003,0.1013,3028330.8
2026-02-27 03:00:00,0.1014,0.1025,0.1008,0.1019,3302701.4
2026-02-27 04:00:00,0.102,0.1043,0.102,0.1033,4762955.7
2026-02-27 05:00:00,0.1032,0.1042,0.103,0.1036,4116971.9
2026-02-27 06:00:00,0.1036,0.1049,0.1034,0.1045,3771678.8
2026-02-27 07:00:00,0.1045,0.1077,0.1038,0.1072,12120353.7
2026-02-27 08:00:00,0.1072,0.1121,0.1071,0.1116,49158944.1
2026-02-27 09:00:00,0.1116,0.113,0.1099,0.1112,26032092.7
2026-02-27 10:00:00,0.1113,0.113,0.1081,0.1082,27233542.8
2026-02-27 11:00:00,0.1082,0.1083,0.1038,0.1042,15500167.0
2026-02-27 12:00:00,0.1041,0.1052,0.1035,0.1038,7689018.9
2026-02-27 13:00:00,0.1037,0.1041,0.1013,0.1024,7278876.8
2026-02-27 14:00:00,0.1023,0.1028,0.1013,0.1016,3782837.1
2026-02-27 15:00:00,0.1016,0.1028,0.1005,0.101,9210759.0
2026-02-27 16:00:00,0.101,0.1014,0.1001,0.1003,4663237.8
2026-02-27 17:00:00,0.1003,0.102,0.0995,0.1018,4104124.7
2026-02-27 18:00:00,0.1018,0.1019,0.1001,0.1002,3242702.0
2026-02-27 19:00:00,0.1002,0.1006,0.0989,0.0993,2500472.1
2026-02-27 20:00:00,0.0993,0.1003,0.0993,0.0997,3124572.1
2026-02-27 21:00:00,0.0998,0.1004,0.0991,0.0996,1922740.2
2026-02-27 22:00:00,0.0996,0.0999,0.0974,0.0994,5439896.5
2026-02-27 23:00:00,0.0994,0.1005,0.0994,0.1004,3308677.8
2026-02-28 00:00:00,0.1004,0.101,0.0997,0.1007,6063607.1
2026-02-28 01:00:00,0.1007,0.1009,0.0993,0.0993,2843597.4
2026-02-28 02:00:00,0.0993,0.1003,0.0992,0.1001,1992012.2
2026-02-28 03:00:00,0.1001,0.1002,0.0986,0.0989,2130670.9
2026-02-28 04:00:00,0.0988,0.0996,0.0987,0.0994,1242881.9
2026-02-28 05:00:00,0.0995,0.0997,0.0987,0.099,1094040.1
2026-02-28 06:00:00,0.099,0.099,0.0932,0.0934,19350698.9
2026-02-28 07:00:00,0.0933,0.0959,0.0928,0.0947,9002814.9
2026-02-28 08:00:00,0.0947,0.0947,0.093,0.0932,4559630.8
2026-02-28 09:00:00,0.0933,0.0936,0.0923,0.0924,4276194.3
2026-02-28 10:00:00,0.0924,0.0931,0.0918,0.0919,7770398.2
2026-02-28 11:00:00,0.0919,0.0929,0.0913,0.0914,7175425.5
2026-02-28 12:00:00,0.0915,0.0922,0.0909,0.092,6333966.2
2026-02-28 13:00:00,0.092,0.0945,0.0913,0.0943,9404883.7
2026-02-28 14:00:00,0.0943,0.0949,0.093,0.0933,7970969.8
2026-02-28 15:00:00,0.0933,0.0937,0.0923,0.0935,4287377.0
2026-02-28 16:00:00,0.0935,0.0936,0.0917,0.0925,7629815.7
2026-02-28 17:00:00,0.0925,0.0934,0.0918,0.0932,6491425.5
2026-02-28 18:00:00,0.0932,0.0961,0.0928,0.0955,5506003.5
2026-02-28 19:00:00,0.0954,0.0977,0.0944,0.0965,6936889.0
2026-02-28 20:00:00,0.0965,0.0992,0.096,0.0987,8455747.2
2026-02-28 21:00:00,0.0988,0.0989,0.0973,0.0984,5174845.3
2026-02-28 22:00:00,0.0984,0.1005,0.0984,0.0992,3733048.6
2026-02-28 23:00:00,0.0992,0.1001,0.0989,0.0997,7977668.8
2026-03-01 00:00:00,0.0996,0.1007,0.0988,0.0991,4438900.4
2026-03-01 01:00:00,0.099,0.1034,0.098,0.1025,9691165.0
2026-03-01 02:00:00,0.1026,0.1052,0.1026,0.1037,12956905.3
2026-03-01 03:00:00,0.1036,0.1039,0.102,0.1023,6044843.7
2026-03-01 04:00:00,0.1024,0.1029,0.101,0.1021,4787502.3
2026-03-01 05:00:00,0.1021,0.1028,0.1019,0.1025,1893362.3
2026-03-01 06:00:00,0.1024,0.1024,0.1007,0.101,5152352.9
2026-03-01 07:00:00,0.1011,0.1023,0.1006,0.1022,3149310.5
2026-03-01 08:00:00,0.1023,0.1031,0.1006,0.1007,3733277.7
2026-03-01 09:00:00,0.1008,0.1019,0.1001,0.1003,3657524.7
2026-03-01 10:00:00,0.1004,0.1009,0.0998,0.1003,2523934.1
2026-03-01 11:00:00,0.1003,0.101,0.1002,0.1005,1791733.3
2026-03-01 12:00:00,0.1005,0.1008,0.0998,0.0998,2335643.3
2026-03-01 13:00:00,0.0999,0.1036,0.0993,0.1026,10024438.9
2026-03-01 14:00:00,0.1026,0.1034,0.1013,0.1018,5086732.2
2026-03-01 15:00:00,0.1017,0.102,0.1005,0.1005,2612520.7
2026-03-01 16:00:00,0.1005,0.1018,0.0989,0.0998,7458540.5
2026-03-01 17:00:00,0.0998,0.0999,0.0983,0.0986,6121547.3
2026-03-01 18:00:00,0.0987,0.1007,0.0987,0.0996,7058351.7
2026-03-01 19:00:00,0.0996,0.0996,0.0973,0.0975,5243866.4
2026-03-01 20:00:00,0.0974,0.0977,0.0958,0.0962,6665725.7
2026-03-01 21:00:00,0.0962,0.0979,0.0962,0.0978,4420877.0
2026-03-01 22:00:00,0.0977,0.1002,0.0976,0.0985,8575433.3
2026-03-01 23:00:00,0.0984,0.1008,0.0984,0.0995,4751472.4
2026-03-02 00:00:00,0.0996,0.1022,0.0996,0.1016,5662719.1
2026-03-02 01:00:00,0.1016,0.1028,0.1009,0.1021,4316029.3
2026-03-02 02:00:00,0.1021,0.1021,0.1003,0.1011,2682864.8
2026-03-02 03:00:00,0.101,0.1023,0.1006,0.1022,3899933.9
2026-03-02 04:00:00,0.1022,0.1033,0.102,0.1022,4149753.2
2026-03-02 05:00:00,0.1023,0.1024,0.1008,0.1008,3549667.6
2026-03-02 06:00:00,0.1009,0.1009,0.0992,0.1,3415377.8
2026-03-02 07:00:00,0.1,0.1,0.0987,0.0994,2709114.6
2026-03-02 08:00:00,0.0994,0.1001,0.0984,0.0998,6501298.4
2026-03-02 09:00:00,0.0998,0.1009,0.0996,0.1001,2956079.9
2026-03-02 10:00:00,0.1001,0.1004,0.0995,0.1001,1547253.4
2026-03-02 11:00:00,0.1001,0.1012,0.1,0.1008,2968705.0
2026-03-02 12:00:00,0.1008,0.101,0.1002,0.1004,2907135.8
2026-03-02 13:00:00,0.1005,0.1016,0.0999,0.101,5395327.6
2026-03-02 14:00:00,0.1009,0.1059,0.1004,0.1058,11111417.6
2026-03-02 15:00:00,0.1057,0.1087,0.1046,0.1057,16997552.5
2026-03-02 16:00:00,0.1058,0.1067,0.104,0.1054,7009021.0
2026-03-02 17:00:00,0.1054,0.1054,0.1031,0.1046,5869732.8
2026-03-02 18:00:00,0.1046,0.1046,0.1033,0.1038,4520415.5
2026-03-02 19:00:00,0.1038,0.1043,0.103,0.1041,5103910.9
2026-03-02 20:00:00,0.104,0.1045,0.1027,0.1031,3812022.0
2026-03-02 21:00:00,0.1031,0.1034,0.1022,0.1032,2232050.6
2026-03-02 22:00:00,0.1033,0.1039,0.103,0.1033,1306095.3
2026-03-02 23:00:00,0.1033,0.1034,0.1013,0.1018,3022226.6
2026-03-03 00:00:00,0.1019,0.1021,0.1008,0.1018,5813521.8
2026-03-03 01:00:00,0.1018,0.1024,0.1014,0.1017,2878410.8
2026-03-03 02:00:00,0.1017,0.1019,0.1008,0.1015,2256633.6
2026-03-03 03:00:00,0.1015,0.1022,0.101,0.1021,1977650.1
2026-03-03 04:00:00,0.1021,0.1022,0.1006,0.1007,2256031.4
2026-03-03 05:00:00,0.1008,0.1021,0.1005,0.1011,1929118.2
2026-03-03 06:00:00,0.1012,0.1015,0.1006,0.1009,1613317.4
2026-03-03 07:00:00,0.101,0.1015,0.1007,0.1011,5044678.1
2026-03-03 08:00:00,0.1011,0.1015,0.1003,0.1004,4001442.6
2026-03-03 09:00:00,0.1003,0.1011,0.0991,0.0993,5030386.3
2026-03-03 10:00:00,0.0993,0.1,0.099,0.0999,2641276.2
2026-03-03 11:00:00,0.0999,0.1,0.0992,0.0998,5338637.7
2026-03-03 12:00:00,0.0999,0.1016,0.0997,0.1007,9420692.1
2026-03-03 13:00:00,0.1007,0.1007,0.0991,0.0997,2253748.0
2026-03-03 14:00:00,0.0996,0.1011,0.0987,0.0999,3578919.4
2026-03-03 15:00:00,0.0999,0.1016,0.0993,0.1013,3334612.6
2026-03-03 16:00:00,0.1013,0.1043,0.1005,0.1024,12717691.6
2026-03-03 17:00:00,0.1024,0.1034,0.101,0.1027,9241556.7
2026-03-03 18:00:00,0.1027,0.1045,0.1021,0.1033,5388068.6
2026-03-03 19:00:00,0.1034,0.1041,0.1024,0.1034,3327825.6
2026-03-03 20:00:00,0.1035,0.1037,0.1022,0.1026,2726992.2
2026-03-03 21:00:00,0.1027,0.1028,0.1015,0.102,2248533.3
2026-03-03 22:00:00,0.102,0.1034,0.102,0.1026,2218871.4
2026-03-03 23:00:00,0.1026,0.1036,0.1024,0.1027,1391121.8
2026-03-04 00:00:00,0.1027,0.1037,0.1018,0.1027,3891563.7
2026-03-04 01:00:00,0.1027,0.1037,0.1024,0.1028,3170892.8
2026-03-04 02:00:00,0.1029,0.1038,0.1023,0.1036,1488467.6
2026-03-04 03:00:00,0.1036,0.1039,0.1018,0.1027,2029877.8
2026-03-04 04:00:00,0.1027,0.103,0.1014,0.1024,2542083.6
2026-03-04 05:00:00,0.1024,0.1027,0.1015,0.102,2256718.2
2026-03-04 06:00:00,0.102,0.1026,0.101,0.1022,1714270.4
2026-03-04 07:00:00,0.1022,0.1038,0.1018,0.1032,2890679.6
2026-03-04 08:00:00,0.1032,0.1054,0.1024,0.105,6003798.3
2026-03-04 09:00:00,0.1051,0.1065,0.1042,0.1049,7572876.0
2026-03-04 10:00:00,0.1049,0.1052,0.1036,0.1041,3533472.7
2026-03-04 11:00:00,0.1042,0.1046,0.1028,0.1036,3630548.1
2026-03-04 12:00:00,0.1036,0.1037,0.1023,0.1027,4143493.6
2026-03-04 13:00:00,0.1027,0.1037,0.1027,0.1034,2338188.7
2026-03-04 14:00:00,0.1033,0.1052,0.1025,0.103,8969132.7
2026-03-04 15:00:00,0.103,0.1062,0.1029,0.1062,7555734.3
2026-03-04 16:00:00,0.1062,0.1063,0.1037,0.1042,6787470.0
2026-03-04 17:00:00,0.1041,0.1052,0.1035,0.1049,4271223.5
2026-03-04 18:00:00,0.1048,0.1057,0.1043,0.1055,4385214.2
2026-03-04 19:00:00,0.1055,0.1074,0.1054,0.1067,7735581.1
2026-03-04 20:00:00,0.1068,0.1069,0.1056,0.1057,1553061.8
2026-03-04 21:00:00,0.1058,0.1062,0.1053,0.106,1624422.9
2026-03-04 22:00:00,0.106,0.1063,0.1045,0.1049,1794850.1
2026-03-04 23:00:00,0.1049,0.105,0.103,0.1048,7525691.5
2026-03-05 00:00:00,0.1049,0.1051,0.1039,0.1041,2338841.8
2026-03-05 01:00:00,0.1041,0.1048,0.1028,0.103,3183886.7
2026-03-05 02:00:00,0.103,0.1043,0.103,0.1036,2124416.8
2026-03-05 03:00:00,0.1035,0.1037,0.1028,0.1032,1545774.7
2026-03-05 04:00:00,0.1031,0.1041,0.103,0.1037,2528411.1
2026-03-05 05:00:00,0.1037,0.104,0.1027,0.1029,1812493.9
2026-03-05 06:00:00,0.1029,0.1037,0.1024,0.1035,2479505.6
2026-03-05 07:00:00,0.1036,0.1037,0.102,0.1026,1750428.9
2026-03-05 08:00:00,0.1025,0.1035,0.1023,0.1034,2096551.0
2026-03-05 09:00:00,0.1033,0.1047,0.1033,0.1042,1612337.7
2026-03-05 10:00:00,0.1041,0.1055,0.1037,0.1051,2139139.1
2026-03-05 11:00:00,0.1052,0.1052,0.1034,0.1039,2356641.2
2026-03-05 12:00:00,0.104,0.105,0.1035,0.1046,1188395.8
2026-03-05 13:00:00,0.1046,0.1047,0.1031,0.1044,2439449.4
2026-03-05 14:00:00,0.1044,0.106,0.1042,0.1055,4213366.6
2026-03-05 15:00:00,0.1056,0.1057,0.1032,0.1038,3510716.7
2026-03-05 16:00:00,0.1038,0.1038,0.1011,0.1022,8857946.8
2026-03-05 17:00:00,0.1021,0.103,0.1006,0.1009,4741564.5
2026-03-05 18:00:00,0.1008,0.1024,0.1007,0.1021,3504540.0
2026-03-05 19:00:00,0.1022,0.1038,0.1022,0.1028,2671796.0
2026-03-05 20:00:00,0.1029,0.1044,0.1025,0.1039,4041774.4
2026-03-05 21:00:00,0.104,0.1045,0.1033,0.1036,2550849.9
2026-03-05 22:00:00,0.1037,0.1038,0.1031,0.1032,1286076.3
2026-03-05 23:00:00,0.1032,0.1035,0.1027,0.1028,688731.4
2026-03-06 00:00:00,0.1029,0.103,0.1025,0.1026,1275941.1
2026-03-06 01:00:00,0.1027,0.1043,0.1023,0.1042,2460380.1
2026-03-06 02:00:00,0.1042,0.105,0.104,0.1043,2549782.1
2026-03-06 03:00:00,0.1043,0.1046,0.1038,0.1045,1967091.3
2026-03-06 04:00:00,0.1045,0.1049,0.1031,0.1038,2205270.9
2026-03-06 05:00:00,0.1038,0.1041,0.1029,0.1035,2261905.9
2026-03-06 06:00:00,0.1035,0.1043,0.1035,0.104,1963457.2
2026-03-06 07:00:00,0.104,0.1051,0.1038,0.1049,2324910.4
2026-03-06 08:00:00,0.1048,0.1051,0.1042,0.1047,3323401.9
2026-03-06 09:00:00,0.1047,0.1048,0.1026,0.1032,1753945.4
2026-03-06 10:00:00,0.1033,0.1045,0.1031,0.1039,2007483.9
2026-03-06 11:00:00,0.1037,0.1038,0.1023,0.1024,1442920.4
2026-03-06 12:00:00,0.1024,0.1028,0.1015,0.1026,3198288.6
2026-03-06 13:00:00,0.1026,0.1038,0.101,0.1011,9746496.1
2026-03-06 14:00:00,0.101,0.1015,0.0987,0.0993,9008801.5
2026-03-06 15:00:00,0.0992,0.1007,0.0989,0.0994,5067403.6
2026-03-06 16:00:00,0.0993,0.0997,0.0987,0.099,3327035.4
2026-03-06 17:00:00,0.0991,0.0998,0.0979,0.0985,3069546.4
2026-03-06 18:00:00,0.0985,0.1003,0.0984,0.1001,2255432.6
2026-03-06 19:00:00,0.1,0.1008,0.0996,0.0996,2201235.4
2026-03-06 20:00:00,0.0996,0.1,0.0993,0.0998,1114953.7
2026-03-06 21:00:00,0.0999,0.1,0.0993,0.1,700400.3
2026-03-06 22:00:00,0.1,0.1004,0.0998,0.1002,1239252.1
2026-03-06 23:00:00,0.1002,0.1003,0.0998,0.1,562142.6
2026-03-07 00:00:00,0.1,0.1004,0.0997,0.0999,1602221.6
2026-03-07 01:00:00,0.0999,0.0999,0.0992,0.0996,713992.3
2026-03-07 02:00:00,0.0996,0.1001,0.0994,0.1,1208064.6
2026-03-07 03:00:00,0.1,0.1008,0.0997,0.0998,1071716.3
2026-03-07 04:00:00,0.0997,0.1003,0.0991,0.0999,1656383.5
2026-03-07 05:00:00,0.1,0.1,0.0995,0.0997,866897.0
2026-03-07 06:00:00,0.0996,0.0997,0.0986,0.0986,1527851.7
2026-03-07 07:00:00,0.0987,0.099,0.0983,0.0989,921726.7
2026-03-07 08:00:00,0.0989,0.0995,0.0987,0.0988,607695.0
2026-03-07 09:00:00,0.0988,0.0993,0.0985,0.099,602378.2
2026-03-07 10:00:00,0.0991,0.0992,0.0989,0.099,1104267.8
2026-03-07 11:00:00,0.099,0.0996,0.0986,0.0992,2354891.0
2026-03-07 12:00:00,0.0992,0.0992,0.0985,0.0988,617526.3
2026-03-07 13:00:00,0.0987,0.0991,0.0986,0.0987,1217393.4
2026-03-07 14:00:00,0.0987,0.0987,0.0975,0.098,1545457.8
2026-03-07 15:00:00,0.0979,0.098,0.0967,0.0971,1980029.4
2026-03-07 16:00:00,0.0971,0.0974,0.0968,0.0971,1396644.8
2026-03-07 17:00:00,0.0972,0.098,0.0972,0.0979,895373.0
2026-03-07 18:00:00,0.0979,0.0979,0.0965,0.0972,3757878.1
2026-03-07 19:00:00,0.0971,0.0972,0.0959,0.0962,2144990.8
2026-03-07 20:00:00,0.0963,0.0969,0.0962,0.0967,841797.1
2026-03-07 21:00:00,0.0967,0.097,0.0963,0.0967,1104501.5
2026-03-07 22:00:00,0.0968,0.0969,0.0957,0.0962,1657884.1
2026-03-07 23:00:00,0.0963,0.0968,0.0962,0.0968,1039047.7
2026-03-08 00:00:00,0.0967,0.0968,0.0958,0.096,1549379.0
2026-03-08 01:00:00,0.096,0.0966,0.0959,0.0965,810683.7
2026-03-08 02:00:00,0.0964,0.0964,0.095,0.0952,2077604.3
2026-03-08 03:00:00,0.0953,0.0957,0.095,0.0955,1381114.5
2026-03-08 04:00:00,0.0955,0.0957,0.0945,0.0948,1249550.1
2026-03-08 05:00:00,0.0949,0.0959,0.0948,0.0956,866004.2
2026-03-08 06:00:00,0.0956,0.0956,0.0948,0.0953,857161.0
2026-03-08 07:00:00,0.0953,0.096,0.0953,0.0956,814478.6
2026-03-08 08:00:00,0.0956,0.0957,0.0949,0.0955,1086172.5
2026-03-08 09:00:00,0.0954,0.0963,0.0953,0.096,2012841.2
2026-03-08 10:00:00,0.096,0.0971,0.0959,0.0965,1707852.8
2026-03-08 11:00:00,0.0965,0.0965,0.0953,0.0962,1575442.5
2026-03-08 12:00:00,0.0961,0.0973,0.095,0.0964,3652943.2
2026-03-08 13:00:00,0.0964,0.0966,0.0948,0.0958,2353998.8
2026-03-08 14:00:00,0.0958,0.0961,0.095,0.0955,863560.8
2026-03-08 15:00:00,0.0955,0.0955,0.0944,0.0949,1768061.2
2026-03-08 16:00:00,0.0949,0.095,0.0943,0.0945,1407438.6
2026-03-08 17:00:00,0.0945,0.0955,0.0945,0.095,1142315.7
2026-03-08 18:00:00,0.0951,0.0952,0.0945,0.095,942168.3
2026-03-08 19:00:00,0.095,0.0967,0.0949,0.0964,2544211.2
2026-03-08 20:00:00,0.0964,0.0966,0.0952,0.0956,2989603.5
2026-03-08 21:00:00,0.0957,0.096,0.0951,0.0959,1718122.4
2026-03-08 22:00:00,0.0959,0.096,0.0934,0.0955,7062498.6
2026-03-08 23:00:00,0.0955,0.0958,0.0943,0.0945,3120211.4
2026-03-09 00:00:00,0.0945,0.0964,0.0942,0.0952,1797440.7
2026-03-09 01:00:00,0.0951,0.096,0.0946,0.0949,2419469.7
2026-03-09 02:00:00,0.0948,0.096,0.0945,0.0955,1596024.8
2026-03-09 03:00:00,0.0955,0.0974,0.0954,0.0959,3344335.6
2026-03-09 04:00:00,0.096,0.0971,0.0959,0.0965,821405.1
2026-03-09 05:00:00,0.0965,0.0991,0.0963,0.0988,3544956.5
2026-03-09 06:00:00,0.0988,0.0989,0.0971,0.0972,1851753.4
2026-03-09 07:00:00,0.0971,0.0977,0.096,0.0971,1526727.0
2026-03-09 08:00:00,0.0972,0.0979,0.0969,0.097,1479477.2
2026-03-09 09:00:00,0.097,0.0983,0.0964,0.0971,2657747.2
2026-03-09 10:00:00,0.0972,0.0977,0.097,0.0973,1021263.8
2026-03-09 11:00:00,0.0972,0.0978,0.0966,0.0975,1098230.4
2026-03-09 12:00:00,0.0974,0.0984,0.0974,0.0976,2972396.2
2026-03-09 13:00:00,0.0976,0.0996,0.0974,0.0987,4389698.2
2026-03-09 14:00:00,0.0987,0.0999,0.0979,0.0989,6471580.8
2026-03-09 15:00:00,0.0988,0.0993,0.098,0.099,2263124.1
2026-03-09 16:00:00,0.099,0.0998,0.0985,0.0986,1600138.6
2026-03-09 17:00:00,0.0986,0.0992,0.0985,0.0987,1649075.5
2026-03-09 18:00:00,0.0987,0.0995,0.0981,0.0984,2011262.3
2026-03-09 19:00:00,0.0985,0.1012,0.0981,0.0993,3684356.2
2026-03-09 20:00:00,0.0993,0.0996,0.0984,0.0991,1588702.4
2026-03-09 21:00:00,0.0992,0.0998,0.0987,0.0991,1570834.0
2026-03-09 22:00:00,0.0991,0.0992,0.0974,0.0976,2379083.9
2026-03-09 23:00:00,0.0975,0.098,0.0973,0.0975,1856479.0
2026-03-10 00:00:00,0.0976,0.0992,0.0973,0.0986,1411762.5
2026-03-10 01:00:00,0.0986,0.0994,0.0981,0.0989,1399016.1
2026-03-10 02:00:00,0.099,0.1007,0.0984,0.0999,4348883.5
2026-03-10 03:00:00,0.0999,0.1001,0.0987,0.0989,1553151.3
2026-03-10 04:00:00,0.0989,0.1004,0.0989,0.0999,921544.9
2026-03-10 05:00:00,0.0999,0.1004,0.0992,0.0993,958074.7
2026-03-10 06:00:00,0.0994,0.0995,0.0988,0.0994,1177041.4
2026-03-10 07:00:00,0.0993,0.1004,0.0991,0.0999,2439174.0
2026-03-10 08:00:00,0.1,0.1009,0.0995,0.0999,3875999.4
2026-03-10 09:00:00,0.0999,0.1012,0.0999,0.1006,2559040.3
2026-03-10 10:00:00,0.1006,0.1006,0.0995,0.1001,2151885.3
2026-03-10 11:00:00,0.1001,0.1001,0.0996,0.0999,1278317.9
2026-03-10 12:00:00,0.0998,0.1,0.0994,0.0997,936606.6
2026-03-10 13:00:00,0.0998,0.1007,0.0992,0.0998,2747397.0
2026-03-10 14:00:00,0.0998,0.102,0.0984,0.1019,4988053.7
2026-03-10 15:00:00,0.1019,0.1022,0.1002,0.1012,3801979.6
2026-03-10 16:00:00,0.1011,0.1015,0.1002,0.1013,3418911.4
2026-03-10 17:00:00,0.1012,0.1014,0.0998,0.1005,3832404.2
2026-03-10 18:00:00,0.1005,0.1006,0.0982,0.0985,5634447.1
2026-03-10 19:00:00,0.0985,0.0988,0.0979,0.0986,3748887.0
2026-03-10 20:00:00,0.0985,0.0989,0.0984,0.0987,1083990.8
2026-03-10 21:00:00,0.0987,0.0991,0.0975,0.0978,3045539.1
2026-03-10 22:00:00,0.0979,0.0984,0.0972,0.0982,2066015.8
2026-03-10 23:00:00,0.0982,0.0986,0.098,0.0985,1807957.8
2026-03-11 00:00:00,0.0984,0.0985,0.0977,0.0983,2260592.8
2026-03-11 01:00:00,0.0983,0.0985,0.0981,0.0982,789216.3
2026-03-11 02:00:00,0.0983,0.0983,0.0976,0.0982,843774.5
2026-03-11 03:00:00,0.0982,0.0984,0.0979,0.0981,851307.3
2026-03-11 04:00:00,0.0981,0.0987,0.0976,0.0985,1447660.2
2026-03-11 05:00:00,0.0985,0.0986,0.0971,0.0975,1128918.1
2026-03-11 06:00:00,0.0975,0.0987,0.0974,0.0985,873427.8
2026-03-11 07:00:00,0.0985,0.0989,0.098,0.0981,1008145.4
2026-03-11 08:00:00,0.0981,0.0987,0.098,0.0985,1204733.9
2026-03-11 09:00:00,0.0985,0.0993,0.0983,0.0985,1417634.6
2026-03-11 10:00:00,0.0986,0.0998,0.0984,0.0994,2301621.2
2026-03-11 11:00:00,0.0995,0.0996,0.0988,0.0992,2102237.1
2026-03-11 12:00:00,0.0992,0.102,0.099,0.1004,10050880.9
2026-03-11 13:00:00,0.1004,0.1034,0.1003,0.1018,8044403.6
2026-03-11 14:00:00,0.1018,0.1031,0.1014,0.1015,6072592.1
2026-03-11 15:00:00,0.1016,0.1016,0.0998,0.1006,3274685.7
2026-03-11 16:00:00,0.1007,0.102,0.1005,0.1015,4960209.7
2026-03-11 17:00:00,0.1016,0.1024,0.1006,0.1012,3189900.0
2026-03-11 18:00:00,0.1013,0.102,0.1012,0.1018,1744319.7
2026-03-11 19:00:00,0.1019,0.102,0.1008,0.1012,3329788.3
2026-03-11 20:00:00,0.1012,0.1012,0.1,0.1007,5035901.7
2026-03-11 21:00:00,0.1007,0.1011,0.1005,0.1011,1400879.5
2026-03-11 22:00:00,0.101,0.1012,0.1003,0.1008,2339757.6
2026-03-11 23:00:00,0.1007,0.101,0.0997,0.1,970579.4
2026-03-12 00:00:00,0.1001,0.1006,0.0999,0.1001,3739058.7
2026-03-12 01:00:00,0.1002,0.1002,0.0995,0.0998,833002.4
2026-03-12 02:00:00,0.0998,0.1001,0.0989,0.0989,1829554.0
2026-03-12 03:00:00,0.0989,0.0994,0.0986,0.0988,1133786.6
2026-03-12 04:00:00,0.0988,0.0991,0.0985,0.0987,753651.5
2026-03-12 05:00:00,0.0987,0.0989,0.0981,0.0987,1088275.1
2026-03-12 06:00:00,0.0987,0.099,0.0985,0.0988,1456281.8
2026-03-12 07:00:00,0.0989,0.0994,0.0986,0.0992,1165040.6
2026-03-12 08:00:00,0.0992,0.0996,0.0988,0.0992,1566936.9
2026-03-12 09:00:00,0.0993,0.1002,0.0987,0.0995,1333817.0
2026-03-12 10:00:00,0.0994,0.1004,0.0993,0.0999,1649041.7
2026-03-12 11:00:00,0.0999,0.0999,0.0987,0.099,2021759.8
2026-03-12 12:00:00,0.0989,0.0994,0.0985,0.0992,2265379.2
2026-03-12 13:00:00,0.0991,0.0999,0.0983,0.0988,3332323.5
2026-03-12 14:00:00,0.0989,0.0995,0.0974,0.0982,5436053.6
2026-03-12 15:00:00,0.0982,0.0994,0.098,0.099,1966473.3
2026-03-12 16:00:00,0.0989,0.1,0.0985,0.0997,1859931.7
2026-03-12 17:00:00,0.0997,0.0997,0.099,0.0992,1767020.4
2026-03-12 18:00:00,0.0993,0.0996,0.0986,0.0992,1181727.7
2026-03-12 19:00:00,0.0993,0.1006,0.0991,0.1003,1110335.9
2026-03-12 20:00:00,0.1003,0.1004,0.0994,0.0995,1059932.8
2026-03-12 21:00:00,0.0996,0.1008,0.0996,0.1005,1538914.3
2026-03-12 22:00:00,0.1004,0.1008,0.1002,0.1007,1572436.4
2026-03-12 23:00:00,0.1006,0.1015,0.1005,0.101,2928089.5
2026-03-13 00:00:00,0.101,0.1033,0.1007,0.102,6870633.8
2026-03-13 01:00:00,0.102,0.1041,0.102,0.1037,3684908.8
2026-03-13 02:00:00,0.1037,0.1037,0.1029,0.1033,1971107.3
2026-03-13 03:00:00,0.1033,0.1046,0.1032,0.1043,3092537.7
2026-03-13 04:00:00,0.1044,0.1046,0.1037,0.104,2112487.2
2026-03-13 05:00:00,0.1039,0.1049,0.1036,0.1043,2630525.0
2026-03-13 06:00:00,0.1043,0.1043,0.1033,0.104,1131012.7
2026-03-13 07:00:00,0.1039,0.1043,0.1035,0.1036,1177828.5
2026-03-13 08:00:00,0.1036,0.105,0.1034,0.1042,6024130.4
2026-03-13 09:00:00,0.1042,0.1048,0.1041,0.1046,2189919.3
2026-03-13 10:00:00,0.1046,0.1053,0.1046,0.1047,2626462.9
2026-03-13 11:00:00,0.1047,0.1048,0.1041,0.1046,1505113.5
2026-03-13 12:00:00,0.1047,0.1054,0.1039,0.105,6903563.3
2026-03-13 13:00:00,0.105,0.1069,0.1046,0.1063,6237760.9
2026-03-13 14:00:00,0.1063,0.1073,0.1055,0.1056,8333474.3
2026-03-13 15:00:00,0.1057,0.1067,0.1047,0.105,4375385.4
2026-03-13 16:00:00,0.1049,0.1054,0.1035,0.1049,3947914.1
2026-03-13 17:00:00,0.1049,0.1053,0.103,0.1035,4961371.4
2026-03-13 18:00:00,0.1036,0.104,0.1029,0.1034,2562321.6
2026-03-13 19:00:00,0.1035,0.1039,0.1029,0.1034,1845942.6
2026-03-13 20:00:00,0.1034,0.1037,0.1032,0.1035,1477935.5
2026-03-13 21:00:00,0.1035,0.1043,0.103,0.1031,2133103.4
2026-03-13 22:00:00,0.1032,0.1032,0.1018,0.1025,2576356.8
2026-03-13 23:00:00,0.1025,0.1029,0.1025,0.1027,777283.1
2026-03-14 00:00:00,0.1027,0.1027,0.1016,0.1018,2538108.3
2026-03-14 01:00:00,0.1018,0.1028,0.1017,0.1027,2353860.1
2026-03-14 02:00:00,0.1027,0.1028,0.1019,0.1025,2138464.1
2026-03-14 03:00:00,0.1026,0.103,0.1025,0.1028,993434.5
2026-03-14 04:00:00,0.1028,0.1034,0.1024,0.1025,2301701.8
2026-03-14 05:00:00,0.1024,0.1026,0.1016,0.102,1386569.9
2026-03-14 06:00:00,0.1018,0.1019,0.1002,0.1011,3568541.2
2026-03-14 07:00:00,0.101,0.1011,0.1004,0.1006,1130552.4
2026-03-14 08:00:00,0.1007,0.1007,0.1001,0.1003,1562332.6
2026-03-14 09:00:00,0.1003,0.1005,0.0997,0.0998,2979646.7
2026-03-14 10:00:00,0.0997,0.0999,0.0994,0.0995,1049559.5
2026-03-14 11:00:00,0.0995,0.1004,0.0995,0.1003,1093629.4
2026-03-14 12:00:00,0.1002,0.1003,0.0997,0.1001,690109.8
2026-03-14 13:00:00,0.1001,0.1009,0.1,0.1008,1189925.5
2026-03-14 14:00:00,0.1008,0.1009,0.1,0.1002,1615392.3
2026-03-14 15:00:00,0.1002,0.1005,0.1,0.1004,661347.7
2026-03-14 16:00:00,0.1004,0.1008,0.1,0.1008,1121921.2
2026-03-14 17:00:00,0.1007,0.1008,0.1003,0.1004,463586.5
2026-03-14 18:00:00,0.1004,0.1008,0.1002,0.1005,690442.4
2026-03-14 19:00:00,0.1005,0.1005,0.1002,0.1002,371995.9
2026-03-14 20:00:00,0.1002,0.1003,0.0998,0.1001,1003941.1
2026-03-14 21:00:00,0.1001,0.1004,0.0999,0.1002,1049162.8
2026-03-14 22:00:00,0.1003,0.1005,0.1001,0.1002,1454062.7
2026-03-14 23:00:00,0.1003,0.1013,0.1003,0.1011,3162477.1
2026-03-15 00:00:00,0.101,0.1012,0.1004,0.1004,1567149.4
2026-03-15 01:00:00,0.1005,0.1013,0.1002,0.1013,694296.4
2026-03-15 02:00:00,0.1013,0.1028,0.1013,0.1026,1981151.0
2026-03-15 03:00:00,0.1026,0.1029,0.1016,0.1021,1600492.8
2026-03-15 04:00:00,0.102,0.1026,0.1014,0.1018,1752352.6
2026-03-15 05:00:00,0.1018,0.1024,0.1016,0.1017,1283220.4
2026-03-15 06:00:00,0.1017,0.102,0.1013,0.1015,1508846.0
2026-03-15 07:00:00,0.1014,0.1019,0.1013,0.1018,1309087.1
2026-03-15 08:00:00,0.1019,0.1021,0.1016,0.1018,968508.4
2026-03-15 09:00:00,0.1019,0.1024,0.1017,0.1019,3767975.3
2026-03-15 10:00:00,0.1019,0.1028,0.1018,0.1024,7970578.3
2026-03-15 11:00:00,0.1024,0.1027,0.1021,0.1024,5403226.9
2026-03-15 12:00:00,0.1025,0.1033,0.1024,0.1026,1309065.6
2026-03-15 13:00:00,0.1026,0.1027,0.1011,0.1019,2815780.9
2026-03-15 14:00:00,0.1019,0.1022,0.1012,0.1017,1383215.0
2026-03-15 15:00:00,0.1018,0.1019,0.1012,0.1013,1166317.0
2026-03-15 16:00:00,0.1013,0.102,0.1013,0.1014,1086955.5
2026-03-15 17:00:00,0.1014,0.1028,0.1014,0.1023,2588479.8
2026-03-15 18:00:00,0.1023,0.1024,0.1014,0.1017,1850066.8
2026-03-15 19:00:00,0.1016,0.1026,0.1016,0.1026,1074693.7
2026-03-15 20:00:00,0.1025,0.1033,0.1021,0.1028,2408021.1
2026-03-15 21:00:00,0.1027,0.1036,0.1025,0.1033,1477321.1
2026-03-15 22:00:00,0.1034,0.1047,0.1025,0.1042,4557804.8
2026-03-15 23:00:00,0.1043,0.1045,0.1029,0.104,6744855.9
2026-03-16 00:00:00,0.104,0.1044,0.1034,0.104,1894016.1
2026-03-16 01:00:00,0.1041,0.1045,0.1033,0.1043,867073.7
2026-03-16 02:00:00,0.1042,0.1045,0.1036,0.1042,783511.5
2026-03-16 03:00:00,0.1042,0.1073,0.1039,0.106,7679024.0
2026-03-16 04:00:00,0.106,0.108,0.106,0.1074,5551173.3
2026-03-16 05:00:00,0.1074,0.1087,0.1072,0.1085,3336133.0
2026-03-16 06:00:00,0.1086,0.1089,0.1075,0.1084,2797811.2
2026-03-16 07:00:00,0.1084,0.1092,0.1083,0.1087,4544026.2
2026-03-16 08:00:00,0.1088,0.1101,0.1078,0.1081,6935304.7
2026-03-16 09:00:00,0.1081,0.1088,0.1081,0.1082,2476036.2
2026-03-16 10:00:00,0.1083,0.1084,0.1072,0.108,4097135.1
2026-03-16 11:00:00,0.1079,0.1082,0.1073,0.1074,1933617.8
2026-03-16 12:00:00,0.1074,0.108,0.1072,0.1078,4177374.3
2026-03-16 13:00:00,0.1078,0.1085,0.1072,0.1077,8889458.5
2026-03-16 14:00:00,0.1078,0.1084,0.1064,0.1078,4941522.7
2026-03-16 15:00:00,0.1079,0.1079,0.1065,0.1068,2660823.0
2026-03-16 16:00:00,0.1067,0.1091,0.1066,0.1087,2937793.3
2026-03-16 17:00:00,0.1086,0.1095,0.1086,0.1091,4206790.0
2026-03-16 18:00:00,0.1091,0.11,0.1088,0.1089,2919372.7
2026-03-16 19:00:00,0.1089,0.11,0.1085,0.1091,3825294.0
2026-03-16 20:00:00,0.1091,0.1099,0.1088,0.1098,1369805.2
2026-03-16 21:00:00,0.1098,0.1111,0.1096,0.1104,4486283.7
2026-03-16 22:00:00,0.1104,0.1116,0.1104,0.111,2048368.3
2026-03-16 23:00:00,0.111,0.1111,0.1098,0.1104,1982235.3
2026-03-17 00:00:00,0.1104,0.1113,0.1099,0.1109,3240008.5
2026-03-17 01:00:00,0.111,0.1111,0.1098,0.1103,3878255.3
2026-03-17 02:00:00,0.1102,0.1107,0.1097,0.1097,2690574.7
2026-03-17 03:00:00,0.1098,0.11,0.1081,0.1088,4911077.9
2026-03-17 04:00:00,0.1088,0.109,0.107,0.1077,3710213.2
2026-03-17 05:00:00,0.1076,0.108,0.107,0.1075,1956854.4
2026-03-17 06:00:00,0.1076,0.1082,0.1072,0.1079,1697014.0
2026-03-17 07:00:00,0.1078,0.109,0.1078,0.1085,1515671.6
2026-03-17 08:00:00,0.1085,0.1089,0.1083,0.1085,1385464.4
2026-03-17 09:00:00,0.1085,0.1088,0.1082,0.1086,2085550.7
2026-03-17 10:00:00,0.1085,0.1086,0.1081,0.1086,1531489.2
2026-03-17 11:00:00,0.1086,0.1092,0.1078,0.108,2091368.6
2026-03-17 12:00:00,0.108,0.1081,0.1069,0.1073,1094756.3
2026-03-17 13:00:00,0.1072,0.1079,0.1067,0.1073,2271225.0
2026-03-17 14:00:00,0.1073,0.1091,0.107,0.1084,5043886.1
2026-03-17 15:00:00,0.1084,0.109,0.1068,0.1078,2621112.0
2026-03-17 16:00:00,0.1077,0.1084,0.1076,0.1079,1216143.3
2026-03-17 17:00:00,0.1079,0.1089,0.1078,0.1088,954253.3
2026-03-17 18:00:00,0.1087,0.1091,0.1083,0.1087,1430226.2
2026-03-17 19:00:00,0.1087,0.1088,0.1079,0.1081,732893.8
2026-03-17 20:00:00,0.1081,0.1088,0.1079,0.1087,1078169.6
2026-03-17 21:00:00,0.1086,0.1093,0.1085,0.109,782177.4
2026-03-17 22:00:00,0.1089,0.1093,0.108,0.1086,1118061.3
2026-03-17 23:00:00,0.1086,0.1087,0.1078,0.1079,1851669.5
2026-03-18 00:00:00,0.108,0.1082,0.1073,0.1078,1393191.2
2026-03-18 01:00:00,0.1079,0.1084,0.1078,0.1079,1008604.2
2026-03-18 02:00:00,0.1079,0.1088,0.1078,0.1085,1501955.6
2026-03-18 03:00:00,0.1085,0.1093,0.1084,0.1086,1311758.3
2026-03-18 04:00:00,0.1087,0.1088,0.1079,0.1082,645488.6
2026-03-18 05:00:00,0.1083,0.1093,0.1079,0.1082,1288896.0
2026-03-18 06:00:00,0.1082,0.1086,0.1079,0.108,807117.4
2026-03-18 07:00:00,0.1079,0.1081,0.1074,0.108,1074201.9
2026-03-18 08:00:00,0.108,0.1084,0.1077,0.1078,1301128.5
2026-03-18 09:00:00,0.1079,0.1084,0.1077,0.1079,1424183.6
2026-03-18 10:00:00,0.108,0.108,0.107,0.1075,1298851.8
2026-03-18 11:00:00,0.1075,0.1078,0.1048,0.1052,5190116.8
2026-03-18 12:00:00,0.1051,0.1051,0.1028,0.1032,4268435.4
2026-03-18 13:00:00,0.1032,0.1038,0.1026,0.1033,3155699.8
2026-03-18 14:00:00,0.1033,0.1034,0.1008,0.1011,5381179.9
2026-03-18 15:00:00,0.1011,0.1018,0.1002,0.1014,7310597.6
2026-03-18 16:00:00,0.1014,0.1014,0.1006,0.1011,2828775.6
2026-03-18 17:00:00,0.1011,0.1021,0.1005,0.1018,2119713.3
2026-03-18 18:00:00,0.1018,0.1028,0.1014,0.1018,3105754.3
2026-03-18 19:00:00,0.1018,0.1026,0.1018,0.1018,1132015.2
2026-03-18 20:00:00,0.1018,0.1026,0.1009,0.1023,2023124.7
2026-03-18 21:00:00,0.1022,0.1031,0.1022,0.1029,1911234.4
2026-03-18 22:00:00,0.1029,0.1029,0.1024,0.1026,1586765.8
2026-03-18 23:00:00,0.1026,0.1031,0.1024,0.103,984047.1
2026-03-19 00:00:00,0.103,0.1031,0.1024,0.1025,836780.6
2026-03-19 01:00:00,0.1026,0.1027,0.1023,0.1024,716336.8
2026-03-19 02:00:00,0.1024,0.1025,0.1019,0.1022,1285687.8
2026-03-19 03:00:00,0.1022,0.1039,0.1021,0.1028,2616995.5
2026-03-19 04:00:00,0.1028,0.1029,0.1023,0.1024,902602.7
2026-03-19 05:00:00,0.1023,0.1024,0.1016,0.1019,1109386.6
2026-03-19 06:00:00,0.1019,0.1021,0.1012,0.1017,2023776.0
2026-03-19 07:00:00,0.1018,0.1018,0.0999,0.1007,4263315.9
2026-03-19 08:00:00,0.1007,0.101,0.1001,0.1006,1626214.8
2026-03-19 09:00:00,0.1006,0.1015,0.1004,0.1013,2027369.9
2026-03-19 10:00:00,0.1013,0.1014,0.1005,0.1005,1016206.0
2026-03-19 11:00:00,0.1005,0.1008,0.1004,0.1005,753478.7
2026-03-19 12:00:00,0.1006,0.1006,0.0989,0.099,3741632.4
2026-03-19 13:00:00,0.0989,0.0997,0.0982,0.0994,4552679.3
2026-03-19 14:00:00,0.0994,0.0998,0.0983,0.0989,1876211.6
2026-03-19 15:00:00,0.0988,0.0992,0.0977,0.0987,2323698.9
2026-03-19 16:00:00,0.0987,0.0987,0.098,0.0983,2227520.4
2026-03-19 17:00:00,0.0983,0.0991,0.0979,0.0988,1679649.3
2026-03-19 18:00:00,0.0988,0.0988,0.0979,0.0983,1190716.5
2026-03-19 19:00:00,0.0984,0.0996,0.0983,0.099,1983537.9
2026-03-19 20:00:00,0.099,0.0993,0.0988,0.0989,1161064.0
2026-03-19 21:00:00,0.099,0.0994,0.0989,0.0994,1451404.2
2026-03-19 22:00:00,0.0993,0.0993,0.0985,0.099,911899.8
2026-03-19 23:00:00,0.0991,0.0994,0.0988,0.0994,1212821.8
2026-03-20 00:00:00,0.0993,0.0999,0.0991,0.0998,1625229.6
2026-03-20 01:00:00,0.0998,0.1007,0.0998,0.1003,1315283.7
2026-03-20 02:00:00,0.1003,0.1004,0.0997,0.1003,1019967.3
2026-03-20 03:00:00,0.1003,0.1006,0.1001,0.1002,1194678.1
2026-03-20 04:00:00,0.1002,0.1008,0.0999,0.1008,726722.2
2026-03-20 05:00:00,0.1007,0.1015,0.1006,0.1012,1599040.7
2026-03-20 06:00:00,0.1011,0.1013,0.1009,0.1011,767974.1
2026-03-20 07:00:00,0.101,0.1011,0.1002,0.1006,1542892.9
2026-03-20 08:00:00,0.1007,0.1016,0.1006,0.1009,3177254.7
2026-03-20 09:00:00,0.1009,0.1011,0.1002,0.1006,1888890.2
2026-03-20 10:00:00,0.1007,0.1008,0.1002,0.1008,1442023.1
2026-03-20 11:00:00,0.1008,0.1015,0.1002,0.1006,985159.5
2026-03-20 12:00:00,0.1006,0.1011,0.1002,0.1004,1037303.3
2026-03-20 13:00:00,0.1004,0.1008,0.0997,0.0999,3073644.9
2026-03-20 14:00:00,0.0998,0.1005,0.0993,0.0994,5243893.5
2026-03-20 15:00:00,0.0994,0.0998,0.0989,0.0997,2037592.2
2026-03-20 16:00:00,0.0996,0.1002,0.0994,0.1,1303003.6
2026-03-20 17:00:00,0.0999,0.1003,0.0995,0.1002,1542054.0
2026-03-20 18:00:00,0.1002,0.1004,0.0988,0.0992,1063290.2
2026-03-20 19:00:00,0.0993,0.0996,0.0985,0.0994,1704549.2
2026-03-20 20:00:00,0.0994,0.0996,0.0986,0.0992,836964.2
2026-03-20 21:00:00,0.0993,0.1006,0.0991,0.1001,1887777.3
2026-03-20 22:00:00,0.1002,0.1008,0.1001,0.1001,1384244.1
2026-03-20 23:00:00,0.1002,0.1002,0.0996,0.0999,517000.3
2026-03-21 00:00:00,0.0999,0.1003,0.0997,0.1,1087074.5
2026-03-21 01:00:00,0.1,0.1002,0.0996,0.0997,924131.0
2026-03-21 02:00:00,0.0996,0.1001,0.0995,0.1,338871.4
2026-03-21 03:00:00,0.1001,0.1001,0.0997,0.0997,355081.4
2026-03-21 04:00:00,0.0998,0.1,0.0996,0.0996,755956.7
2026-03-21 05:00:00,0.0996,0.1002,0.0996,0.0998,670136.0
2026-03-21 06:00:00,0.0998,0.1003,0.0997,0.1001,1660109.7
2026-03-21 07:00:00,0.1,0.1001,0.0997,0.0998,660810.9
2026-03-21 08:00:00,0.0998,0.1,0.0995,0.0999,597446.7
2026-03-21 09:00:00,0.0999,0.1003,0.0997,0.0997,677859.2
2026-03-21 10:00:00,0.0998,0.0998,0.0992,0.0994,493128.2
2026-03-21 11:00:00,0.0994,0.0995,0.0991,0.0995,634777.1
2026-03-21 12:00:00,0.0994,0.0996,0.0992,0.0994,1405668.9
2026-03-21 13:00:00,0.0993,0.0995,0.0991,0.0993,472457.2
2026-03-21 14:00:00,0.0994,0.1,0.0993,0.0994,987351.6
2026-03-21 15:00:00,0.0994,0.1007,0.0994,0.1007,1529068.1
2026-03-21 16:00:00,0.1007,0.1007,0.0999,0.1,1151046.4
2026-03-21 17:00:00,0.1,0.1002,0.0997,0.1,1496176.8
2026-03-21 18:00:00,0.1,0.1001,0.0998,0.0999,497930.7
2026-03-21 19:00:00,0.0999,0.0999,0.0996,0.0998,849180.0
2026-03-21 20:00:00,0.0998,0.1003,0.0997,0.1001,799544.7
2026-03-21 21:00:00,0.1002,0.1002,0.0996,0.0996,1088278.7
2026-03-21 22:00:00,0.0996,0.0998,0.0994,0.0996,741106.0
2026-03-21 23:00:00,0.0996,0.0996,0.0958,0.0963,8623959.8
2026-03-22 00:00:00,0.0963,0.0966,0.0938,0.096,14194397.3
2026-03-22 01:00:00,0.0961,0.0966,0.0955,0.0961,2256549.5
2026-03-22 02:00:00,0.0961,0.0968,0.0958,0.0964,1256629.0
2026-03-22 03:00:00,0.0963,0.0972,0.096,0.0964,1759366.5
2026-03-22 04:00:00,0.0963,0.0969,0.0961,0.0965,1022606.8
2026-03-22 05:00:00,0.0965,0.0965,0.0959,0.0961,1885887.4
2026-03-22 06:00:00,0.0961,0.0961,0.0957,0.096,1125712.1
2026-03-22 07:00:00,0.0959,0.0961,0.0949,0.0951,1647188.7
2026-03-22 08:00:00,0.0951,0.0953,0.094,0.0947,3452876.4
2026-03-22 09:00:00,0.0947,0.0951,0.0944,0.0945,1371872.9
2026-03-22 10:00:00,0.0944,0.0944,0.0937,0.0939,1902645.1
2026-03-22 11:00:00,0.0939,0.0939,0.0935,0.0937,2113879.7
2026-03-22 12:00:00,0.0937,0.0943,0.0935,0.0937,1708288.4
2026-03-22 13:00:00,0.0938,0.0943,0.0933,0.0936,1741614.3
2026-03-22 14:00:00,0.0936,0.0939,0.0933,0.0935,1695810.6
2026-03-22 15:00:00,0.0934,0.0938,0.0934,0.0937,1751770.3
2026-03-22 16:00:00,0.0937,0.0938,0.0932,0.0932,1498029.4
2026-03-22 17:00:00,0.0932,0.0932,0.0927,0.0928,2622447.4
2026-03-22 18:00:00,0.0927,0.0929,0.0919,0.0926,3125981.7
2026-03-22 19:00:00,0.0926,0.0926,0.0919,0.0923,2014592.6
2026-03-22 20:00:00,0.0923,0.093,0.0923,0.0925,1828352.8
2026-03-22 21:00:00,0.0925,0.0927,0.0911,0.0924,4081269.6
2026-03-22 22:00:00,0.0923,0.0931,0.0918,0.0928,2593776.9
2026-03-22 23:00:00,0.0929,0.0933,0.0925,0.0925,1613994.1
2026-03-23 00:00:00,0.0926,0.0934,0.0924,0.0933,2067985.5
2026-03-23 01:00:00,0.0932,0.0937,0.0928,0.0934,921187.3
2026-03-23 02:00:00,0.0934,0.0945,0.0933,0.094,1773536.2
2026-03-23 03:00:00,0.0942,0.0947,0.0938,0.0938,778940.9
2026-03-23 04:00:00,0.0939,0.0944,0.0938,0.0944,559054.4
2026-03-23 05:00:00,0.0944,0.0946,0.0939,0.0944,1207963.9
2026-03-23 06:00:00,0.0944,0.0944,0.0926,0.0929,1837728.2
2026-03-23 07:00:00,0.0929,0.093,0.0916,0.0925,2280771.3
2026-03-23 08:00:00,0.0925,0.0929,0.092,0.0921,1501262.7
2026-03-23 09:00:00,0.092,0.0923,0.0913,0.0923,3163997.9
2026-03-23 10:00:00,0.0922,0.0929,0.092,0.0925,1338485.0
2026-03-23 11:00:00,0.0925,0.0974,0.0924,0.095,29541043.9
2026-03-23 12:00:00,0.0951,0.0954,0.0943,0.0953,3384101.5
2026-03-23 13:00:00,0.0954,0.0963,0.0947,0.0963,3152181.1
2026-03-23 14:00:00,0.0963,0.0967,0.0958,0.0963,2183410.1
2026-03-23 15:00:00,0.0962,0.097,0.0941,0.0942,3823898.2
2026-03-23 16:00:00,0.0943,0.0949,0.0935,0.0944,4109540.6
2026-03-23 17:00:00,0.0944,0.095,0.0939,0.0948,2522521.4
2026-03-23 18:00:00,0.0949,0.096,0.0945,0.0959,2330723.2
2026-03-23 19:00:00,0.0959,0.0963,0.0948,0.0949,2532847.5
2026-03-23 20:00:00,0.095,0.0964,0.0946,0.0963,1721862.2
2026-03-23 21:00:00,0.0963,0.0971,0.0958,0.0967,1990849.8
2026-03-23 22:00:00,0.0968,0.0968,0.0959,0.0965,2273351.2
2026-03-23 23:00:00,0.0964,0.0977,0.0957,0.0975,5812226.9
2026-03-24 00:00:00,0.0976,0.0982,0.0959,0.0968,4100710.9
2026-03-24 01:00:00,0.0967,0.0967,0.0953,0.096,1458603.7
2026-03-24 02:00:00,0.096,0.0968,0.0956,0.0959,1193569.7
2026-03-24 03:00:00,0.0958,0.0967,0.0958,0.0967,800719.1
2026-03-24 04:00:00,0.0967,0.0969,0.0957,0.0963,2169120.7
2026-03-24 05:00:00,0.0962,0.097,0.0958,0.0969,1402641.1
2026-03-24 06:00:00,0.0969,0.0969,0.0959,0.0964,2510174.7
2026-03-24 07:00:00,0.0963,0.0969,0.096,0.0968,1829943.7
2026-03-24 08:00:00,0.0968,0.0978,0.0966,0.0974,2294710.7
2026-03-24 09:00:00,0.0973,0.0981,0.0969,0.0977,2362185.4
2026-03-24 10:00:00,0.0977,0.0977,0.0968,0.0971,1413655.3
2026-03-24 11:00:00,0.0971,0.0979,0.0964,0.0971,2184906.7
2026-03-24 12:00:00,0.0971,0.0975,0.0966,0.0972,980119.8
2026-03-24 13:00:00,0.0972,0.0977,0.0963,0.0965,2589029.1
2026-03-24 14:00:00,0.0965,0.0974,0.0957,0.0973,3907640.7
2026-03-24 15:00:00,0.0973,0.0976,0.0965,0.0965,2471587.7
2026-03-24 16:00:00,0.0966,0.0973,0.0961,0.0961,1615347.9
2026-03-24 17:00:00,0.0961,0.0962,0.0946,0.0954,3099430.6
2026-03-24 18:00:00,0.0954,0.0965,0.0952,0.0958,1121726.7
2026-03-24 19:00:00,0.0958,0.0969,0.0958,0.0962,1938141.5
2026-03-24 20:00:00,0.0962,0.0984,0.096,0.098,2830358.1
2026-03-24 21:00:00,0.098,0.0982,0.0972,0.0982,2621524.0
2026-03-24 22:00:00,0.0982,0.0986,0.097,0.097,2832668.9
2026-03-24 23:00:00,0.0971,0.0981,0.097,0.0977,1440268.6
2026-03-25 00:00:00,0.0977,0.0982,0.0969,0.0976,2205100.8
2026-03-25 01:00:00,0.0977,0.0982,0.0974,0.0979,1730641.4
2026-03-25 02:00:00,0.0979,0.0982,0.0977,0.0978,1612709.8
2026-03-25 03:00:00,0.0978,0.0981,0.0972,0.098,1405775.9
2026-03-25 04:00:00,0.0979,0.0983,0.0976,0.0983,1393642.7
2026-03-25 05:00:00,0.0983,0.0987,0.0979,0.0983,2189676.3
2026-03-25 06:00:00,0.0983,0.0986,0.0979,0.0982,2008553.6
2026-03-25 07:00:00,0.0982,0.0992,0.0982,0.0986,1685174.9
2026-03-25 08:00:00,0.0987,0.0998,0.0987,0.099,3817434.1
2026-03-25 09:00:00,0.099,0.099,0.0983,0.0987,1728794.8
2026-03-25 10:00:00,0.0986,0.0994,0.0985,0.0993,1292949.6
2026-03-25 11:00:00,0.0992,0.0994,0.0988,0.0993,2159289.6
2026-03-25 12:00:00,0.0993,0.1001,0.0987,0.0995,3277054.2
2026-03-25 13:00:00,0.0995,0.0998,0.0989,0.0989,1872807.0
2026-03-25 14:00:00,0.099,0.0998,0.0987,0.0995,1450136.4
2026-03-25 15:00:00,0.0995,0.0997,0.0983,0.0988,2180398.1
2026-03-25 16:00:00,0.0989,0.0998,0.0985,0.0992,4344438.4
2026-03-25 17:00:00,0.0993,0.0998,0.099,0.0991,2733026.3
2026-03-25 18:00:00,0.0992,0.0996,0.0987,0.099,1595504.2
2026-03-25 19:00:00,0.099,0.0993,0.0986,0.0988,1528310.0
2026-03-25 20:00:00,0.0989,0.0989,0.098,0.0984,2558836.2
2026-03-25 21:00:00,0.0983,0.0987,0.0981,0.0983,1118260.5
2026-03-25 22:00:00,0.0984,0.0993,0.0983,0.0988,1140317.3
2026-03-25 23:00:00,0.0988,0.0989,0.0984,0.0988,410340.2
2026-03-26 00:00:00,0.0987,0.0989,0.0982,0.0984,482363.5
2026-03-26 01:00:00,0.0985,0.0993,0.0983,0.0987,3320680.5
2026-03-26 02:00:00,0.0987,0.0989,0.0976,0.098,2143726.4
2026-03-26 03:00:00,0.098,0.0981,0.097,0.0973,1297073.5
2026-03-26 04:00:00,0.0973,0.0973,0.0965,0.0968,1728089.6
2026-03-26 05:00:00,0.0969,0.0969,0.0954,0.0956,3532595.0
2026-03-26 06:00:00,0.0955,0.0958,0.095,0.0951,1975780.5
2026-03-26 07:00:00,0.0952,0.0954,0.0948,0.0953,1122265.2
2026-03-26 08:00:00,0.0953,0.0953,0.0945,0.0948,1924907.9
2026-03-26 09:00:00,0.0948,0.0951,0.0935,0.0939,3099711.3
2026-03-26 10:00:00,0.0939,0.0942,0.0936,0.0941,2165359.0
2026-03-26 11:00:00,0.0941,0.0944,0.0938,0.0941,2430417.0
2026-03-26 12:00:00,0.094,0.0944,0.0937,0.0942,1793359.4
2026-03-26 13:00:00,0.0942,0.0954,0.0941,0.095,1971381.8
2026-03-26 14:00:00,0.095,0.0953,0.0945,0.0949,1357225.4
2026-03-26 15:00:00,0.0949,0.0949,0.094,0.0941,1954705.7
2026-03-26 16:00:00,0.0942,0.0944,0.0938,0.0938,1441580.2
2026-03-26 17:00:00,0.0938,0.0946,0.0935,0.0938,1052426.1
2026-03-26 18:00:00,0.0939,0.094,0.093,0.0933,1342928.5
2026-03-26 19:00:00,0.0933,0.0933,0.0927,0.0928,1455217.9
2026-03-26 20:00:00,0.0929,0.0947,0.0925,0.0938,4633958.0
2026-03-26 21:00:00,0.0938,0.0948,0.0936,0.0944,1702573.9
2026-03-26 22:00:00,0.0945,0.0946,0.0939,0.0943,888559.7
2026-03-26 23:00:00,0.0943,0.0945,0.0937,0.0938,748552.3
2026-03-27 00:00:00,0.0939,0.0944,0.0938,0.0943,1046081.2
2026-03-27 01:00:00,0.0944,0.095,0.0941,0.0949,547176.9
2026-03-27 02:00:00,0.0949,0.0951,0.0947,0.0949,527398.2
2026-03-27 03:00:00,0.0949,0.0949,0.0944,0.0946,830755.0
2026-03-27 04:00:00,0.0945,0.0945,0.0937,0.094,1117197.4
2026-03-27 05:00:00,0.094,0.0943,0.0937,0.094,960799.5
2026-03-27 06:00:00,0.0939,0.0941,0.0937,0.0941,521128.0
2026-03-27 07:00:00,0.0941,0.0946,0.094,0.0946,979903.9
2026-03-27 08:00:00,0.0945,0.0947,0.0932,0.0938,1230286.1
2026-03-27 09:00:00,0.0938,0.0938,0.0925,0.0929,1871244.2
2026-03-27 10:00:00,0.0928,0.0929,0.0905,0.0906,5519675.7
2026-03-27 11:00:00,0.0908,0.0913,0.0904,0.091,2331336.5
2026-03-27 12:00:00,0.091,0.091,0.0904,0.0908,1928256.7
2026-03-27 13:00:00,0.0908,0.0911,0.0901,0.0904,2294434.8
2026-03-27 14:00:00,0.0903,0.0911,0.09,0.0906,2560079.8
2026-03-27 15:00:00,0.0906,0.0914,0.0902,0.0904,2965728.2
2026-03-27 16:00:00,0.0904,0.0907,0.0899,0.0903,1947191.1
2026-03-27 17:00:00,0.0904,0.0911,0.09,0.0901,1959294.8
2026-03-27 18:00:00,0.0901,0.0902,0.0896,0.09,1853313.4
2026-03-27 19:00:00,0.09,0.0905,0.0894,0.0904,1588178.8
2026-03-27 20:00:00,0.0904,0.0906,0.0898,0.0904,1489843.1
2026-03-27 21:00:00,0.0904,0.0906,0.0901,0.0902,770647.4
2026-03-27 22:00:00,0.0903,0.0903,0.0899,0.0899,1018713.3
2026-03-27 23:00:00,0.09,0.0902,0.0896,0.09,1167426.7
2026-03-28 00:00:00,0.0901,0.0902,0.0895,0.0896,1848858.3
2026-03-28 01:00:00,0.0896,0.0897,0.0887,0.0893,1759576.9
2026-03-28 02:00:00,0.0894,0.0897,0.0891,0.0894,915521.0
2026-03-28 03:00:00,0.0894,0.0895,0.0892,0.0894,557851.2
2026-03-28 04:00:00,0.0894,0.0895,0.0891,0.0893,536412.5
2026-03-28 05:00:00,0.0892,0.0894,0.0889,0.0893,880726.5
2026-03-28 06:00:00,0.0893,0.0897,0.0892,0.0893,1139335.0
2026-03-28 07:00:00,0.0893,0.0898,0.0893,0.0898,1017263.0
2026-03-28 08:00:00,0.0897,0.0904,0.0897,0.0901,1672712.2
2026-03-28 09:00:00,0.0901,0.0903,0.0896,0.0899,828813.0
2026-03-28 10:00:00,0.0898,0.0905,0.0897,0.0902,2249158.0
2026-03-28 11:00:00,0.0902,0.0905,0.09,0.0904,1006918.5
2026-03-28 12:00:00,0.0904,0.0908,0.0901,0.0904,974805.6
2026-03-28 13:00:00,0.0903,0.0921,0.0902,0.0916,3573907.4
2026-03-28 14:00:00,0.0917,0.092,0.0912,0.0913,2631593.8
2026-03-28 15:00:00,0.0913,0.0923,0.0912,0.0914,2505604.0
2026-03-28 16:00:00,0.0915,0.0924,0.0915,0.0923,2581209.3
2026-03-28 17:00:00,0.0923,0.0924,0.0916,0.0919,1928925.5
2026-03-28 18:00:00,0.0919,0.0921,0.0916,0.0921,542987.9
2026-03-28 19:00:00,0.092,0.0922,0.0916,0.0917,594714.8
2026-03-28 20:00:00,0.0918,0.0921,0.0916,0.0917,659326.7
2026-03-28 21:00:00,0.0916,0.0918,0.0907,0.0909,1396243.1
2026-03-28 22:00:00,0.0908,0.091,0.0906,0.0909,1284863.3
2026-03-28 23:00:00,0.0909,0.0909,0.0895,0.0899,2139631.6
2026-03-29 00:00:00,0.0898,0.0901,0.0894,0.0896,1632012.6
2026-03-29 01:00:00,0.0897,0.0903,0.0897,0.09,1146602.9
2026-03-29 02:00:00,0.09,0.0903,0.0899,0.0901,521218.0
2026-03-29 03:00:00,0.09,0.0908,0.09,0.0904,1565519.5
2026-03-29 04:00:00,0.0904,0.0904,0.09,0.0902,631977.1
2026-03-29 05:00:00,0.0901,0.0902,0.0897,0.09,656057.7
2026-03-29 06:00:00,0.09,0.0902,0.0897,0.0899,506713.1
2026-03-29 07:00:00,0.0899,0.0899,0.0896,0.0897,1065943.1
2026-03-29 08:00:00,0.0897,0.0898,0.0894,0.0896,580714.2
2026-03-29 09:00:00,0.0897,0.0898,0.0894,0.0894,1015846.2
2026-03-29 10:00:00,0.0894,0.0894,0.0888,0.089,1773546.8
2026-03-29 11:00:00,0.089,0.0897,0.0889,0.0892,1282003.6
2026-03-29 12:00:00,0.0892,0.0893,0.0882,0.0886,1584644.1
2026-03-29 13:00:00,0.0886,0.0888,0.0879,0.0885,2714916.3
2026-03-29 14:00:00,0.0884,0.089,0.0882,0.0888,2310271.1
2026-03-29 15:00:00,0.0888,0.089,0.0883,0.0887,1499195.0
2026-03-29 16:00:00,0.0887,0.0891,0.0885,0.0886,776037.3
2026-03-29 17:00:00,0.0887,0.089,0.0883,0.089,1379237.9
2026-03-29 18:00:00,0.089,0.0892,0.0885,0.089,941331.6
2026-03-29 19:00:00,0.089,0.089,0.0886,0.0887,841281.7
2026-03-29 20:00:00,0.0887,0.0895,0.0887,0.0893,1082572.7
2026-03-29 21:00:00,0.0894,0.0897,0.0892,0.0897,1096421.4
2026-03-29 22:00:00,0.0897,0.0897,0.0858,0.0879,9186478.9
2026-03-29 23:00:00,0.0879,0.0886,0.0878,0.0884,1899337.0
2026-03-30 00:00:00,0.0884,0.0904,0.0882,0.0894,3789438.0
2026-03-30 01:00:00,0.0894,0.0905,0.0894,0.0903,1264366.3
2026-03-30 02:00:00,0.0904,0.0918,0.0903,0.091,2306881.7
2026-03-30 03:00:00,0.0911,0.0914,0.0907,0.0912,716202.9
2026-03-30 04:00:00,0.0913,0.0923,0.0913,0.0919,1772979.2
2026-03-30 05:00:00,0.0919,0.0921,0.0912,0.0913,1967714.5
2026-03-30 06:00:00,0.0913,0.0917,0.091,0.0916,963411.4
2026-03-30 07:00:00,0.0916,0.0928,0.0915,0.0927,2013196.8
2026-03-30 08:00:00,0.0927,0.0933,0.0926,0.093,4053804.6
2026-03-30 09:00:00,0.093,0.0931,0.092,0.0922,3337234.6
2026-03-30 10:00:00,0.0922,0.0925,0.0919,0.0923,2624412.8
2026-03-30 11:00:00,0.0923,0.0936,0.0923,0.0928,3439163.7
2026-03-30 12:00:00,0.0928,0.0936,0.0928,0.0933,2940558.9
2026-03-30 13:00:00,0.0935,0.0938,0.0925,0.0926,1747691.6
2026-03-30 14:00:00,0.0927,0.0931,0.0918,0.0928,2841995.7
2026-03-30 15:00:00,0.0928,0.0929,0.0919,0.0921,2149543.5
2026-03-30 16:00:00,0.0921,0.0924,0.0916,0.0919,982724.7
2026-03-30 17:00:00,0.092,0.0922,0.0907,0.0912,2277955.5
2026-03-30 18:00:00,0.0912,0.0915,0.0905,0.0906,907720.3
2026-03-30 19:00:00,0.0906,0.0908,0.0901,0.0908,1576104.3
2026-03-30 20:00:00,0.0908,0.091,0.0904,0.0906,1032307.1
2026-03-30 21:00:00,0.0906,0.0918,0.0905,0.0914,2907051.7
2026-03-30 22:00:00,0.0915,0.0917,0.0908,0.0909,914638.2
2026-03-30 23:00:00,0.0909,0.0914,0.0906,0.0911,5187020.2
2026-03-31 00:00:00,0.0911,0.0918,0.0909,0.0916,1416156.7
2026-03-31 01:00:00,0.0917,0.0937,0.0915,0.0928,2484173.2
2026-03-31 02:00:00,0.0928,0.0935,0.0926,0.093,827475.7
2026-03-31 03:00:00,0.0929,0.0929,0.0923,0.0926,1005978.6
2026-03-31 04:00:00,0.0926,0.093,0.0922,0.0924,1222980.4
2026-03-31 05:00:00,0.0924,0.093,0.0924,0.0926,1187829.4
2026-03-31 06:00:00,0.0927,0.0931,0.0925,0.0931,1242957.6
2026-03-31 07:00:00,0.0931,0.0932,0.0922,0.0929,1578063.9
2026-03-31 08:00:00,0.0928,0.093,0.0919,0.092,1662415.1
2026-03-31 09:00:00,0.092,0.0922,0.0908,0.0911,3773337.6
2026-03-31 10:00:00,0.0911,0.0916,0.091,0.0911,1659128.3
2026-03-31 11:00:00,0.091,0.0924,0.0909,0.0923,3115141.3
2026-03-31 12:00:00,0.0924,0.0927,0.0917,0.0919,1867522.8
2026-03-31 13:00:00,0.0919,0.0931,0.0919,0.0928,1930875.3
2026-03-31 14:00:00,0.0928,0.0935,0.0914,0.0918,2435472.4
2026-03-31 15:00:00,0.0918,0.0929,0.0913,0.0914,1318559.8
2026-03-31 16:00:00,0.0914,0.093,0.0914,0.093,2283829.3
2026-03-31 17:00:00,0.093,0.0941,0.0925,0.0927,2438200.7
2026-03-31 18:00:00,0.0928,0.0933,0.0925,0.0928,679749.7
2026-03-31 19:00:00,0.0929,0.0931,0.0925,0.0928,763945.6
2026-03-31 20:00:00,0.0928,0.0931,0.0927,0.0931,762589.4
2026-03-31 21:00:00,0.0932,0.0932,0.0926,0.0929,912615.6
2026-03-31 22:00:00,0.0928,0.093,0.0923,0.0928,876574.0
2026-03-31 23:00:00,0.0928,0.0932,0.0927,0.0929,972146.6
2026-04-01 00:00:00,0.0929,0.093,0.0925,0.0929,962094.5
2026-04-01 01:00:00,0.093,0.0931,0.0922,0.0924,1178466.0
2026-04-01 02:00:00,0.0925,0.0927,0.0921,0.0925,844713.3
2026-04-01 03:00:00,0.0925,0.0937,0.0925,0.0933,1733190.6
2026-04-01 04:00:00,0.0933,0.0941,0.0932,0.0938,1077311.1
2026-04-01 05:00:00,0.0938,0.095,0.0936,0.0947,2220762.0
2026-04-01 06:00:00,0.0948,0.096,0.0948,0.096,2302641.0
2026-04-01 07:00:00,0.096,0.0961,0.0951,0.0958,1992653.2
2026-04-01 08:00:00,0.0958,0.0963,0.0954,0.0955,2380297.1
2026-04-01 09:00:00,0.0955,0.0956,0.0947,0.0952,940205.9
2026-04-01 10:00:00,0.0953,0.0954,0.0945,0.0949,1673156.3
2026-04-01 11:00:00,0.0948,0.0957,0.0946,0.0955,4149218.8
2026-04-01 12:00:00,0.0954,0.0969,0.0953,0.0958,4321986.8
2026-04-01 13:00:00,0.0958,0.0958,0.0943,0.0944,2271656.6
2026-04-01 14:00:00,0.0945,0.0947,0.094,0.0944,1624309.4
2026-04-01 15:00:00,0.0945,0.0947,0.094,0.0947,1920289.0
2026-04-01 16:00:00,0.0947,0.0952,0.0942,0.0949,1838380.8
2026-04-01 17:00:00,0.0948,0.0958,0.0946,0.0948,2855395.7
2026-04-01 18:00:00,0.0948,0.0949,0.0942,0.0943,1488456.1
2026-04-01 19:00:00,0.0943,0.095,0.0942,0.0948,1606817.1
2026-04-01 20:00:00,0.0947,0.0948,0.0941,0.0945,1473822.1
2026-04-01 21:00:00,0.0945,0.0952,0.0944,0.095,1528575.5
2026-04-01 22:00:00,0.095,0.095,0.094,0.0942,1528784.2
2026-04-01 23:00:00,0.0942,0.0944,0.0941,0.0944,753337.7
2026-04-02 00:00:00,0.0944,0.0955,0.0943,0.0953,1287553.6
2026-04-02 01:00:00,0.0953,0.0953,0.0921,0.0928,5138777.1
2026-04-02 02:00:00,0.0928,0.093,0.0907,0.0914,3581296.8
2026-04-02 03:00:00,0.0914,0.0918,0.0905,0.0911,2731404.4
2026-04-02 04:00:00,0.091,0.0913,0.0906,0.0907,2195748.3
2026-04-02 05:00:00,0.0908,0.0916,0.0904,0.0915,1729793.6
2026-04-02 06:00:00,0.0914,0.0921,0.0913,0.0916,1400220.8
2026-04-02 07:00:00,0.0916,0.0917,0.0913,0.0915,757274.5
2026-04-02 08:00:00,0.0914,0.0915,0.0907,0.0907,1591300.3
2026-04-02 09:00:00,0.0908,0.0912,0.0905,0.0911,1653808.2
2026-04-02 10:00:00,0.0911,0.0913,0.0908,0.091,1531134.8
2026-04-02 11:00:00,0.091,0.0914,0.0906,0.0911,1145463.9
2026-04-02 12:00:00,0.0911,0.0911,0.0905,0.0906,1633755.0
2026-04-02 13:00:00,0.0906,0.0906,0.0897,0.0903,3570398.2
2026-04-02 14:00:00,0.0902,0.0923,0.09,0.0922,2852745.4
2026-04-02 15:00:00,0.0921,0.0922,0.0908,0.0916,2597827.0
2026-04-02 16:00:00,0.0915,0.0926,0.091,0.0918,3017737.7
2026-04-02 17:00:00,0.0918,0.0927,0.091,0.0912,1991138.0
2026-04-02 18:00:00,0.0912,0.0916,0.0907,0.0914,1448949.5
2026-04-02 19:00:00,0.0914,0.0915,0.0907,0.0912,1075481.3
2026-04-02 20:00:00,0.0912,0.0917,0.091,0.0913,787594.2
2026-04-02 21:00:00,0.0913,0.0913,0.0908,0.0911,560437.2
2026-04-02 22:00:00,0.091,0.0913,0.0909,0.091,909853.4
2026-04-02 23:00:00,0.0909,0.0911,0.0908,0.0909,1128020.4
2026-04-03 00:00:00,0.0909,0.0911,0.0908,0.091,1069188.7
2026-04-03 01:00:00,0.091,0.0914,0.0907,0.0911,2097347.0
2026-04-03 02:00:00,0.0912,0.0918,0.0909,0.0918,1490917.7
2026-04-03 03:00:00,0.0918,0.0924,0.0915,0.0922,1085979.5
2026-04-03 04:00:00,0.0923,0.093,0.0922,0.093,2147229.4
2026-04-03 05:00:00,0.0929,0.0938,0.0926,0.0934,1836595.7
2026-04-03 06:00:00,0.0933,0.0943,0.0932,0.0939,1703145.0
2026-04-03 07:00:00,0.0939,0.0942,0.0932,0.0935,1159294.2
2026-04-03 08:00:00,0.0935,0.0946,0.0935,0.0942,2047469.1
2026-04-03 09:00:00,0.0942,0.0949,0.094,0.0946,4127590.0
2026-04-03 10:00:00,0.0947,0.0949,0.0934,0.0935,5847519.6
2026-04-03 11:00:00,0.0936,0.0941,0.0935,0.0939,3340694.1
2026-04-03 12:00:00,0.0938,0.0945,0.093,0.0933,5076747.0
2026-04-03 13:00:00,0.0933,0.0934,0.0925,0.0928,1571468.7
2026-04-03 14:00:00,0.0929,0.0934,0.0926,0.0932,1704642.7
2026-04-03 15:00:00,0.0931,0.0931,0.0923,0.0925,1292775.5
2026-04-03 16:00:00,0.0924,0.0931,0.0923,0.093,1895807.2
2026-04-03 17:00:00,0.093,0.0932,0.0924,0.0926,548814.8
2026-04-03 18:00:00,0.0925,0.093,0.0925,0.0925,460660.2
2026-04-03 19:00:00,0.0926,0.0927,0.092,0.0925,1374344.6
2026-04-03 20:00:00,0.0926,0.093,0.0925,0.0926,804418.3
2026-04-03 21:00:00,0.0926,0.093,0.0925,0.0928,1341468.8
2026-04-03 22:00:00,0.0928,0.0928,0.0921,0.0923,718090.9
2026-04-03 23:00:00,0.0922,0.0925,0.092,0.0924,894591.8
2026-04-04 00:00:00,0.0923,0.0924,0.0917,0.0918,2043968.2
2026-04-04 01:00:00,0.0917,0.092,0.0917,0.0918,925572.2
2026-04-04 02:00:00,0.0917,0.0919,0.0914,0.0915,650600.0
2026-04-04 03:00:00,0.0916,0.0922,0.0915,0.0917,2663378.3
2026-04-04 04:00:00,0.0917,0.0921,0.0916,0.092,798556.5
2026-04-04 05:00:00,0.0919,0.0922,0.0917,0.0918,1353266.7
2026-04-04 06:00:00,0.0917,0.0923,0.0915,0.0922,1097677.7
2026-04-04 07:00:00,0.0922,0.0922,0.0918,0.092,858618.0
2026-04-04 08:00:00,0.092,0.0921,0.0915,0.0916,902284.3
2026-04-04 09:00:00,0.0916,0.0918,0.0915,0.0917,1177852.1
2026-04-04 10:00:00,0.0916,0.092,0.0915,0.0919,1604693.8
2026-04-04 11:00:00,0.0919,0.0922,0.0917,0.0922,1180143.2
2026-04-04 12:00:00,0.0921,0.0924,0.0919,0.0921,1290871.6
2026-04-04 13:00:00,0.092,0.0926,0.0918,0.0919,1624158.9
2026-04-04 14:00:00,0.092,0.0924,0.0917,0.0924,1314300.1
2026-04-04 15:00:00,0.0925,0.0932,0.0925,0.0926,2388187.3
2026-04-04 16:00:00,0.0926,0.093,0.0923,0.0923,986822.8
2026-04-04 17:00:00,0.0923,0.0935,0.0922,0.0931,2323882.8
2026-04-04 18:00:00,0.0932,0.0934,0.0928,0.0929,556411.4
2026-04-04 19:00:00,0.0928,0.0938,0.0928,0.0931,1800095.7
2026-04-04 20:00:00,0.0931,0.0931,0.0927,0.0927,486637.5
2026-04-04 21:00:00,0.0928,0.093,0.0926,0.0926,892101.7
2026-04-04 22:00:00,0.0927,0.0931,0.0926,0.0928,1388280.0
2026-04-04 23:00:00,0.0928,0.0928,0.0925,0.0927,921404.2
2026-04-05 00:00:00,0.0927,0.0928,0.0925,0.0926,487314.5
2026-04-05 01:00:00,0.0926,0.0927,0.0922,0.0922,456510.3
2026-04-05 02:00:00,0.0922,0.0923,0.092,0.0921,522146.3
2026-04-05 03:00:00,0.0921,0.0922,0.0918,0.0921,429322.7
2026-04-05 04:00:00,0.092,0.092,0.0915,0.0916,370071.2
2026-04-05 05:00:00,0.0916,0.0918,0.0911,0.0913,1394857.7
2026-04-05 06:00:00,0.0913,0.0913,0.0905,0.0908,3984849.2
2026-04-05 07:00:00,0.0908,0.091,0.0904,0.0906,949855.5
2026-04-05 08:00:00,0.0905,0.0907,0.0904,0.0907,643716.7
2026-04-05 09:00:00,0.0906,0.0909,0.0906,0.0909,1116081.4
2026-04-05 10:00:00,0.0909,0.0911,0.0906,0.0907,741847.0
2026-04-05 11:00:00,0.0907,0.0908,0.0904,0.0906,1232083.4
2026-04-05 12:00:00,0.0907,0.0908,0.0898,0.0902,2985115.7
2026-04-05 13:00:00,0.0902,0.0907,0.0896,0.0907,1784096.3
2026-04-05 14:00:00,0.0906,0.0909,0.0903,0.0907,1889682.4
2026-04-05 15:00:00,0.0907,0.0918,0.0902,0.091,3234136.8
2026-04-05 16:00:00,0.091,0.0914,0.0905,0.0906,1603137.0
2026-04-05 17:00:00,0.0906,0.0912,0.0904,0.0912,1335861.4
2026-04-05 18:00:00,0.0912,0.0914,0.0909,0.0912,1007561.0
2026-04-05 19:00:00,0.0911,0.0917,0.091,0.0913,612946.3
2026-04-05 20:00:00,0.0914,0.0917,0.0912,0.0914,1944718.3
2026-04-05 21:00:00,0.0914,0.0915,0.0907,0.0911,1189293.5
2026-04-05 22:00:00,0.0911,0.0928,0.0908,0.0926,3108473.6
2026-04-05 23:00:00,0.0927,0.0948,0.0923,0.0942,6170095.4
2026-04-06 00:00:00,0.0943,0.0967,0.0943,0.0954,6701319.5
2026-04-06 01:00:00,0.0954,0.0955,0.0945,0.095,2807808.6
2026-04-06 02:00:00,0.095,0.0964,0.095,0.0959,3254162.7
2026-04-06 03:00:00,0.096,0.0961,0.0953,0.0955,1921390.0
2026-04-06 04:00:00,0.0956,0.096,0.0953,0.0957,1901238.6
2026-04-06 05:00:00,0.0956,0.0958,0.0953,0.0955,1416076.2
2026-04-06 06:00:00,0.0955,0.0957,0.095,0.0955,2363151.1
2026-04-06 07:00:00,0.0955,0.0957,0.0952,0.0956,1155926.5
2026-04-06 08:00:00,0.0957,0.0972,0.0957,0.0966,4448061.8
2026-04-06 09:00:00,0.0965,0.0982,0.0965,0.0976,4286655.5
2026-04-06 10:00:00,0.0977,0.0985,0.0976,0.0985,4254972.3
2026-04-06 11:00:00,0.0983,0.0989,0.0979,0.0985,3729811.1
2026-04-06 12:00:00,0.0986,0.099,0.0976,0.0979,5749438.8
2026-04-06 13:00:00,0.0979,0.0981,0.097,0.0973,2432182.1
2026-04-06 14:00:00,0.0973,0.0976,0.0962,0.0969,3254452.4
2026-04-06 15:00:00,0.0969,0.0974,0.0968,0.0972,1423445.4
2026-04-06 16:00:00,0.0972,0.0974,0.0965,0.0966,3776221.5
2026-04-06 17:00:00,0.0966,0.0967,0.0958,0.0962,2823344.1
2026-04-06 18:00:00,0.0961,0.0965,0.096,0.0962,1166233.9
2026-04-06 19:00:00,0.0962,0.0962,0.0956,0.0959,1084460.5
2026-04-06 20:00:00,0.0959,0.0961,0.0958,0.0959,865705.4
2026-04-06 21:00:00,0.0959,0.096,0.095,0.0952,1143741.9
2026-04-06 22:00:00,0.0952,0.0954,0.0939,0.094,2245022.7
2026-04-06 23:00:00,0.0939,0.094,0.0931,0.0937,3924564.9
2026-04-07 00:00:00,0.0937,0.0942,0.0934,0.0935,4247531.2
2026-04-07 01:00:00,0.0936,0.0939,0.093,0.0931,3148878.8
2026-04-07 02:00:00,0.0931,0.0936,0.0926,0.0934,1503397.3
2026-04-07 03:00:00,0.0934,0.0938,0.0934,0.0937,1080507.9
2026-04-07 04:00:00,0.0936,0.0946,0.0933,0.0941,1391437.2
2026-04-07 05:00:00,0.0941,0.0943,0.0938,0.0942,1195256.1
2026-04-07 06:00:00,0.0942,0.0945,0.0936,0.0945,1248771.3
2026-04-07 07:00:00,0.0945,0.095,0.0942,0.0949,1336155.1
2026-04-07 08:00:00,0.0948,0.0956,0.0946,0.0952,1587668.6
2026-04-07 09:00:00,0.0951,0.0959,0.095,0.0955,1315646.2
2026-04-07 10:00:00,0.0956,0.0956,0.094,0.0941,2878474.6
2026-04-07 11:00:00,0.0941,0.0943,0.0937,0.0939,980724.9
2026-04-07 12:00:00,0.0939,0.094,0.0928,0.0934,3787756.1
2026-04-07 13:00:00,0.0935,0.0939,0.0933,0.0933,1384836.3
2026-04-07 14:00:00,0.0934,0.0939,0.0929,0.0932,1777488.5
2026-04-07 15:00:00,0.0931,0.0941,0.0929,0.0935,2737898.8
2026-04-07 16:00:00,0.0935,0.094,0.0934,0.0937,1283101.2
2026-04-07 17:00:00,0.0937,0.0955,0.0934,0.0947,2695060.1
2026-04-07 18:00:00,0.0948,0.0954,0.0946,0.095,2471537.2
2026-04-07 19:00:00,0.0949,0.0971,0.0949,0.097,7908494.7
2026-04-07 20:00:00,0.097,0.0977,0.0967,0.097,10388091.4
2026-04-07 21:00:00,0.0971,0.0998,0.097,0.0994,8406152.9
2026-04-07 22:00:00,0.0995,0.1021,0.0991,0.1021,12000537.4
2026-04-07 23:00:00,0.1021,0.1031,0.1016,0.1019,9473959.8
2026-04-08 00:00:00,0.1019,0.1025,0.1008,0.1011,5663625.4
2026-04-08 01:00:00,0.101,0.1021,0.1008,0.1019,1529776.0
2026-04-08 02:00:00,0.102,0.1031,0.1017,0.102,4608319.9
2026-04-08 03:00:00,0.102,0.1028,0.102,0.1025,1329075.6
2026-04-08 04:00:00,0.1025,0.104,0.1023,0.1033,7153806.7
2026-04-08 05:00:00,0.1033,0.1045,0.1031,0.1031,5821275.2
2026-04-08 06:00:00,0.1032,0.1034,0.1025,0.1029,4822430.6
2026-04-08 07:00:00,0.1029,0.1035,0.1026,0.1034,2928573.9
2026-04-08 08:00:00,0.1034,0.1041,0.1033,0.1036,4666235.8
2026-04-08 09:00:00,0.1036,0.1037,0.1026,0.1028,2218787.2
2026-04-08 10:00:00,0.1028,0.1031,0.1023,0.1023,4165589.9
2026-04-08 11:00:00,0.1023,0.1024,0.1014,0.102,1658207.2
2026-04-08 12:00:00,0.1021,0.1022,0.101,0.1015,3269642.1
2026-04-08 13:00:00,0.1014,0.1023,0.1014,0.1018,3043032.3
2026-04-08 14:00:00,0.1017,0.1018,0.0998,0.0999,6247769.9
2026-04-08 15:00:00,0.0999,0.1008,0.0996,0.1007,3498487.7
2026-04-08 16:00:00,0.1007,0.1011,0.1004,0.101,2257898.0
2026-04-08 17:00:00,0.101,0.1018,0.1008,0.1013,3014557.3
2026-04-08 18:00:00,0.1013,0.1013,0.1001,0.1001,2647071.9
2026-04-08 19:00:00,0.1002,0.1014,0.1,0.1014,4219184.3
2026-04-08 20:00:00,0.1015,0.1025,0.1014,0.102,5373045.6
2026-04-08 21:00:00,0.102,0.1054,0.102,0.1052,10473442.6
2026-04-08 22:00:00,0.1052,0.1065,0.1049,0.105,11171765.6
2026-04-08 23:00:00,0.105,0.1057,0.104,0.1055,7876914.6
2026-04-09 00:00:00,0.1056,0.1059,0.1014,0.1022,11029133.4
2026-04-09 01:00:00,0.1021,0.1025,0.1006,0.1012,5678549.3
2026-04-09 02:00:00,0.1013,0.102,0.1006,0.1013,2722736.1
2026-04-09 03:00:00,0.1014,0.1018,0.1007,0.1015,2011586.2
2026-04-09 04:00:00,0.1016,0.1023,0.1013,0.1021,2560189.0
2026-04-09 05:00:00,0.1021,0.1033,0.1015,0.1017,3125008.0
2026-04-09 06:00:00,0.1017,0.1023,0.1016,0.1022,1730726.0
2026-04-09 07:00:00,0.1022,0.103,0.1018,0.102,1646073.6
2026-04-09 08:00:00,0.1019,0.1022,0.1015,0.1019,2326328.5
2026-04-09 09:00:00,0.1018,0.1022,0.101,0.1017,5659939.6
2026-04-09 10:00:00,0.1017,0.1025,0.1014,0.1019,2712489.3
2026-04-09 11:00:00,0.1018,0.1021,0.1015,0.1015,1471265.4
2026-04-09 12:00:00,0.1015,0.1025,0.1014,0.1019,1482950.0
2026-04-09 13:00:00,0.1019,0.102,0.1009,0.102,2369418.0
2026-04-09 14:00:00,0.102,0.1037,0.1011,0.1027,6079813.2
2026-04-09 15:00:00,0.1028,0.1053,0.1023,0.1039,4425617.5
2026-04-09 16:00:00,0.1039,0.1048,0.1027,0.1031,4573523.6
2026-04-09 17:00:00,0.1031,0.1035,0.1026,0.1033,2024515.8
2026-04-09 18:00:00,0.1032,0.1033,0.1025,0.1031,3412295.1
2026-04-09 19:00:00,0.103,0.1034,0.1025,0.1029,1416961.3
2026-04-09 20:00:00,0.1029,0.1041,0.1028,0.1039,1788885.3
2026-04-09 21:00:00,0.104,0.1076,0.1036,0.1071,9070645.1
2026-04-09 22:00:00,0.1071,0.1102,0.107,0.108,11777700.4
2026-04-09 23:00:00,0.1079,0.1091,0.1072,0.108,6083531.2
2026-04-10 00:00:00,0.108,0.1101,0.1073,0.1098,6762533.0
2026-04-10 01:00:00,0.1098,0.1113,0.1087,0.1097,8212449.5
2026-04-10 02:00:00,0.1098,0.1102,0.1087,0.1095,3970090.0
2026-04-10 03:00:00,0.1094,0.1101,0.1086,0.1092,3793330.4
2026-04-10 04:00:00,0.1092,0.1121,0.1092,0.112,4789739.7
2026-04-10 05:00:00,0.112,0.1124,0.1105,0.1118,5048753.1
2026-04-10 06:00:00,0.1119,0.112,0.1081,0.1092,5487975.2
2026-04-10 07:00:00,0.1093,0.1104,0.1087,0.1097,5307014.4
2026-04-10 08:00:00,0.1097,0.1107,0.1085,0.1091,2935163.8
2026-04-10 09:00:00,0.1091,0.1109,0.1089,0.1104,4737349.4
2026-04-10 10:00:00,0.1105,0.1115,0.1088,0.109,5225858.6
2026-04-10 11:00:00,0.109,0.1099,0.1088,0.1088,3136134.9
2026-04-10 12:00:00,0.1088,0.1102,0.1086,0.1091,6494686.9
2026-04-10 13:00:00,0.1091,0.1103,0.1088,0.1098,2661551.5
2026-04-10 14:00:00,0.1098,0.1103,0.1091,0.1102,3178854.3
2026-04-10 15:00:00,0.1102,0.1105,0.1092,0.1098,6068045.3
2026-04-10 16:00:00,0.1099,0.1105,0.1088,0.1104,5129276.5
2026-04-10 17:00:00,0.1104,0.1106,0.1098,0.1103,2477546.4
2026-04-10 18:00:00,0.1104,0.1113,0.1101,0.1106,2833589.7
2026-04-10 19:00:00,0.1107,0.1122,0.1105,0.1118,2857378.4
2026-04-10 20:00:00,0.1119,0.1128,0.1114,0.1123,4577911.4
2026-04-10 21:00:00,0.1122,0.1138,0.1117,0.1132,4639574.9
2026-04-10 22:00:00,0.1131,0.116,0.113,0.1155,11720840.5
2026-04-10 23:00:00,0.1155,0.1167,0.1143,0.1165,8403748.3
2026-04-11 00:00:00,0.1165,0.1168,0.1132,0.1142,8855827.1
2026-04-11 01:00:00,0.1141,0.1162,0.114,0.1153,5967845.4
2026-04-11 02:00:00,0.1154,0.1191,0.1153,0.119,6701489.0
2026-04-11 03:00:00,0.119,0.1212,0.1186,0.1206,13601918.5
2026-04-11 04:00:00,0.1206,0.1227,0.1162,0.1164,16850717.9
2026-04-11 05:00:00,0.1164,0.117,0.1145,0.1155,8420661.5
2026-04-11 06:00:00,0.1155,0.116,0.1144,0.1148,4828898.7
2026-04-11 07:00:00,0.1148,0.1153,0.1142,0.115,2577322.8
2026-04-11 08:00:00,0.1149,0.1158,0.1137,0.1148,2508043.2
2026-04-11 09:00:00,0.1147,0.1153,0.1133,0.1146,3244886.2
2026-04-11 10:00:00,0.1146,0.1147,0.1134,0.114,3597668.4
2026-04-11 11:00:00,0.1141,0.1152,0.1139,0.1149,2694619.4
2026-04-11 12:00:00,0.1149,0.1153,0.1142,0.1145,2069432.6
2026-04-11 13:00:00,0.1146,0.1151,0.1135,0.115,2365882.2
2026-04-11 14:00:00,0.1149,0.1159,0.1149,0.1151,2799807.6
2026-04-11 15:00:00,0.1151,0.1159,0.1149,0.1151,3928631.2
2026-04-11 16:00:00,0.1151,0.1178,0.115,0.1171,3374691.4
2026-04-11 17:00:00,0.117,0.1176,0.1161,0.1162,2816955.9
2026-04-11 18:00:00,0.1163,0.1176,0.116,0.1168,6545835.0
2026-04-11 19:00:00,0.1168,0.118,0.1165,0.1178,2717750.1
2026-04-11 20:00:00,0.1179,0.118,0.1161,0.117,2601051.6
2026-04-11 21:00:00,0.117,0.1175,0.1167,0.117,1252097.9
2026-04-11 22:00:00,0.117,0.1177,0.1157,0.1164,2423507.0
2026-04-11 23:00:00,0.1163,0.1163,0.1151,0.1156,2105591.1
2026-04-12 00:00:00,0.1157,0.1158,0.1147,0.1158,4172014.1
2026-04-12 01:00:00,0.1158,0.1163,0.1126,0.113,6481600.7
2026-04-12 02:00:00,0.113,0.1139,0.1124,0.1137,3558668.0
2026-04-12 03:00:00,0.1137,0.1141,0.1123,0.1124,2452498.5
2026-04-12 04:00:00,0.1124,0.1126,0.1109,0.1111,4644978.4
2026-04-12 05:00:00,0.1111,0.1114,0.1106,0.1114,2404281.9
2026-04-12 06:00:00,0.1113,0.1113,0.1103,0.1107,1195448.4
2026-04-12 07:00:00,0.1107,0.1113,0.1105,0.111,1895599.3
2026-04-12 08:00:00,0.1109,0.1109,0.1093,0.1095,2443344.8
2026-04-12 09:00:00,0.1094,0.1103,0.1091,0.11,1412496.9
2026-04-12 10:00:00,0.11,0.1114,0.11,0.1107,4069404.0
2026-04-12 11:00:00,0.1106,0.1119,0.1103,0.1113,1387609.6
2026-04-12 12:00:00,0.1113,0.112,0.1109,0.1114,2036568.8
2026-04-12 13:00:00,0.1113,0.1125,0.1113,0.1119,3615379.9
2026-04-12 14:00:00,0.1119,0.1124,0.1106,0.1107,3442367.5
2026-04-12 15:00:00,0.1106,0.1109,0.1102,0.1108,2829838.4
2026-04-12 16:00:00,0.1107,0.111,0.1101,0.1104,2421376.1
2026-04-12 17:00:00,0.1104,0.1129,0.1102,0.1126,2304956.9
2026-04-12 18:00:00,0.1127,0.1132,0.1119,0.1121,2142756.5
2026-04-12 19:00:00,0.112,0.1125,0.1117,0.1121,1726497.6
2026-04-12 20:00:00,0.1121,0.1128,0.1115,0.1124,1332873.1
2026-04-12 21:00:00,0.1124,0.1124,0.1111,0.1115,1358272.5
2026-04-12 22:00:00,0.1114,0.1114,0.1105,0.1108,2922222.0
2026-04-12 23:00:00,0.1108,0.111,0.1103,0.111,1749882.6
2026-04-13 00:00:00,0.111,0.1118,0.1107,0.1114,1922339.0
2026-04-13 01:00:00,0.1114,0.112,0.1112,0.1117,1332527.5
2026-04-13 02:00:00,0.1117,0.112,0.111,0.1111,1771447.9
2026-04-13 03:00:00,0.1111,0.1114,0.1107,0.1113,1660618.7
2026-04-13 04:00:00,0.1113,0.1122,0.111,0.1113,1472048.2
2026-04-13 05:00:00,0.1114,0.1119,0.111,0.1119,1237531.5
2026-04-13 06:00:00,0.1119,0.1138,0.1119,0.1122,2864871.8
2026-04-13 07:00:00,0.1122,0.1122,0.1112,0.1112,1546923.1
2026-04-13 08:00:00,0.1111,0.1112,0.1106,0.1107,1926730.6
2026-04-13 09:00:00,0.1106,0.1111,0.1105,0.1106,1415618.5
2026-04-13 10:00:00,0.1106,0.111,0.1103,0.1107,1515423.2
2026-04-13 11:00:00,0.1108,0.1116,0.1107,0.1114,1163724.9
2026-04-13 12:00:00,0.1114,0.1122,0.1104,0.1118,1961329.4
2026-04-13 13:00:00,0.1118,0.1118,0.1104,0.1111,2719547.7
2026-04-13 14:00:00,0.1111,0.1118,0.1105,0.1116,3152957.7
2026-04-13 15:00:00,0.1116,0.1117,0.1105,0.1106,2484040.2
2026-04-13 16:00:00,0.1106,0.1116,0.1099,0.1116,3028282.8
2026-04-13 17:00:00,0.1115,0.112,0.1106,0.1107,2252087.4
2026-04-13 18:00:00,0.1107,0.1115,0.1106,0.1114,1504411.7
2026-04-13 19:00:00,0.1113,0.1125,0.1112,0.1124,2466431.3
2026-04-13 20:00:00,0.1123,0.1123,0.1108,0.111,1308016.9
2026-04-13 21:00:00,0.1109,0.1117,0.1107,0.1116,1462022.2
2026-04-13 22:00:00,0.1115,0.1136,0.1114,0.1131,6953607.2
2026-04-13 23:00:00,0.1131,0.1138,0.1125,0.1136,3456746.9
2026-04-14 00:00:00,0.1136,0.1138,0.1122,0.1125,2407899.0
2026-04-14 01:00:00,0.1126,0.1131,0.112,0.1123,1584879.6
2026-04-14 02:00:00,0.1123,0.1134,0.1122,0.113,2222497.9
2026-04-14 03:00:00,0.1129,0.1137,0.1125,0.1125,1288211.6
2026-04-14 04:00:00,0.1126,0.1135,0.1125,0.1132,1162876.4
2026-04-14 05:00:00,0.1131,0.1136,0.1126,0.113,1571338.3
2026-04-14 06:00:00,0.1131,0.1134,0.1128,0.1132,1337513.9
2026-04-14 07:00:00,0.1132,0.1134,0.1124,0.1129,1532172.0
2026-04-14 08:00:00,0.1129,0.1134,0.1126,0.113,1394388.2
2026-04-14 09:00:00,0.113,0.1132,0.1124,0.1126,1937538.3
2026-04-14 10:00:00,0.1126,0.1126,0.1112,0.1114,3897664.3
2026-04-14 11:00:00,0.1113,0.1114,0.1103,0.111,9947302.5
2026-04-14 12:00:00,0.1109,0.1116,0.1107,0.1114,1428095.8
2026-04-14 13:00:00,0.1114,0.1115,0.1104,0.1114,4676284.5
2026-04-14 14:00:00,0.1115,0.1117,0.1106,0.1107,4101800.3
2026-04-14 15:00:00,0.1107,0.111,0.109,0.1101,5471203.9
2026-04-14 16:00:00,0.11,0.112,0.11,0.1116,3407309.9
2026-04-14 17:00:00,0.1116,0.1125,0.1112,0.1115,4915877.5
2026-04-14 18:00:00,0.1116,0.112,0.1096,0.11,2130356.1
2026-04-14 19:00:00,0.1099,0.1102,0.1093,0.1101,1289745.9
2026-04-14 20:00:00,0.1102,0.1103,0.1094,0.1095,677620.5
2026-04-14 21:00:00,0.1096,0.1105,0.1095,0.1103,716703.6
2026-04-14 22:00:00,0.1103,0.1104,0.1096,0.1098,696963.1
2026-04-14 23:00:00,0.1098,0.1103,0.1097,0.1102,1180512.1
2026-04-15 00:00:00,0.1102,0.1111,0.1101,0.1106,2581003.6
2026-04-15 01:00:00,0.1106,0.1127,0.1105,0.1119,4228678.7
2026-04-15 02:00:00,0.1119,0.1124,0.1115,0.1124,2198751.5
2026-04-15 03:00:00,0.1125,0.1128,0.1119,0.1123,2734300.9
2026-04-15 04:00:00,0.1122,0.1141,0.1122,0.114,3969742.3
2026-04-15 05:00:00,0.1141,0.1146,0.1126,0.113,6325084.2
2026-04-15 06:00:00,0.113,0.113,0.1116,0.1119,3314911.8
2026-04-15 07:00:00,0.1119,0.1126,0.1113,0.1114,1750353.3
2026-04-15 08:00:00,0.1115,0.1131,0.1113,0.1127,3026434.6
2026-04-15 09:00:00,0.1128,0.1131,0.1121,0.1123,1915274.0
2026-04-15 10:00:00,0.1124,0.1131,0.112,0.1124,3111648.6
2026-04-15 11:00:00,0.1125,0.1141,0.1124,0.1133,4010715.9
2026-04-15 12:00:00,0.1132,0.1138,0.1128,0.1135,2010093.5
2026-04-15 13:00:00,0.1136,0.1145,0.1129,0.1134,4438639.9
2026-04-15 14:00:00,0.1134,0.1151,0.1131,0.115,4696502.3
2026-04-15 15:00:00,0.115,0.1155,0.1139,0.1154,8187088.1
2026-04-15 16:00:00,0.1154,0.1176,0.1154,0.1166,8595207.0
2026-04-15 17:00:00,0.1166,0.1173,0.1155,0.1158,3484904.5
2026-04-15 18:00:00,0.1158,0.1168,0.115,0.1164,3074997.7
2026-04-15 19:00:00,0.1164,0.1168,0.1157,0.1165,3825873.3
2026-04-15 20:00:00,0.1166,0.1169,0.1157,0.1164,1731811.5
2026-04-15 21:00:00,0.1164,0.1166,0.1154,0.1165,1345867.8
2026-04-15 22:00:00,0.1165,0.1167,0.1151,0.1152,2565485.9
2026-04-15 23:00:00,0.1152,0.1152,0.1141,0.1149,2049918.9
2026-04-16 00:00:00,0.115,0.1157,0.1142,0.1155,1602021.5
2026-04-16 01:00:00,0.1155,0.1159,0.115,0.1157,1123713.8
2026-04-16 02:00:00,0.1158,0.1169,0.1157,0.1163,2182117.7
2026-04-16 03:00:00,0.1162,0.1171,0.1162,0.1166,1060139.4
2026-04-16 04:00:00,0.1166,0.1178,0.1163,0.1175,2083924.4
2026-04-16 05:00:00,0.1174,0.1185,0.1169,0.1182,4162120.6
2026-04-16 06:00:00,0.1183,0.1186,0.1175,0.1182,2563170.4
2026-04-16 07:00:00,0.1183,0.1197,0.1182,0.1196,7219830.9
2026-04-16 08:00:00,0.1196,0.1198,0.118,0.118,6248261.2
2026-04-16 09:00:00,0.1181,0.1193,0.1178,0.1178,3583795.1
2026-04-16 10:00:00,0.1177,0.1188,0.117,0.1176,3903264.2
2026-04-16 11:00:00,0.1177,0.1191,0.1173,0.119,3515397.1
2026-04-16 12:00:00,0.119,0.1215,0.119,0.1214,7461184.9
2026-04-16 13:00:00,0.1214,0.1252,0.1213,0.1233,21255794.0
2026-04-16 14:00:00,0.1233,0.1234,0.1185,0.1204,12676673.6
2026-04-16 15:00:00,0.1203,0.1251,0.1203,0.1242,16142811.9
2026-04-16 16:00:00,0.1242,0.1255,0.1208,0.1212,12085451.7
2026-04-16 17:00:00,0.1213,0.1243,0.1211,0.124,4855035.1
2026-04-16 18:00:00,0.124,0.1282,0.1238,0.1276,9091838.8
2026-04-16 19:00:00,0.1277,0.1327,0.1271,0.1325,12005252.1
2026-04-16 20:00:00,0.1324,0.1334,0.1296,0.13,13373651.6
2026-04-16 21:00:00,0.1301,0.1302,0.1267,0.1287,5269195.8
2026-04-16 22:00:00,0.1288,0.1299,0.1279,0.129,2946239.8
2026-04-16 23:00:00,0.1289,0.1297,0.1281,0.129,3460137.3
2026-04-17 00:00:00,0.1289,0.13,0.1279,0.1297,7184380.3
2026-04-17 01:00:00,0.1296,0.1301,0.1262,0.1271,3851784.4
2026-04-17 02:00:00,0.127,0.1285,0.1266,0.1278,2400502.1
2026-04-17 03:00:00,0.1278,0.129,0.127,0.1284,2618194.0
2026-04-17 04:00:00,0.1284,0.1291,0.1279,0.1287,2061244.7
2026-04-17 05:00:00,0.1287,0.1291,0.1276,0.1286,3109007.5
2026-04-17 06:00:00,0.1286,0.1321,0.128,0.1305,10445919.4
2026-04-17 07:00:00,0.1306,0.1319,0.1295,0.1317,4468777.9
2026-04-17 08:00:00,0.1318,0.1319,0.1297,0.1305,5288272.5
2026-04-17 09:00:00,0.1305,0.1309,0.1288,0.1305,4201931.4
2026-04-17 10:00:00,0.1304,0.1314,0.1296,0.1302,4753095.8
2026-04-17 11:00:00,0.1302,0.1348,0.1301,0.1339,12933247.9
2026-04-17 12:00:00,0.1339,0.1364,0.1336,0.1361,13032260.3
2026-04-17 13:00:00,0.136,0.1369,0.1336,0.1338,9321088.6
2026-04-17 14:00:00,0.1337,0.1355,0.1326,0.133,7828292.9
2026-04-17 15:00:00,0.1329,0.1329,0.1305,0.1311,7724566.7
2026-04-17 16:00:00,0.1311,0.1332,0.1302,0.1329,4290833.0
2026-04-17 17:00:00,0.1328,0.1336,0.1314,0.132,6589033.0
2026-04-17 18:00:00,0.132,0.1334,0.1312,0.1325,3398320.4
2026-04-17 19:00:00,0.1326,0.1338,0.132,0.1331,1649511.0
2026-04-17 20:00:00,0.1332,0.1338,0.1327,0.1331,2324034.1
2026-04-17 21:00:00,0.1331,0.1336,0.132,0.1322,2405516.8
2026-04-17 22:00:00,0.1322,0.1327,0.1316,0.1321,1375739.3
2026-04-17 23:00:00,0.1322,0.1322,0.1297,0.1313,2702634.1
2026-04-18 00:00:00,0.1313,0.1316,0.13,0.1307,5349666.9
2026-04-18 01:00:00,0.1308,0.1321,0.1299,0.1302,2342439.0
2026-04-18 02:00:00,0.1302,0.1309,0.1299,0.1307,1222997.6
2026-04-18 03:00:00,0.1306,0.1307,0.1296,0.1301,1767066.2
2026-04-18 04:00:00,0.13,0.1309,0.1297,0.1302,2231328.3
2026-04-18 05:00:00,0.1302,0.1311,0.1302,0.1308,1492066.0
2026-04-18 06:00:00,0.1308,0.1336,0.1308,0.133,4535065.7
2026-04-18 07:00:00,0.133,0.1345,0.1328,0.1331,4566234.3
2026-04-18 08:00:00,0.1332,0.1338,0.1302,0.131,6511659.6
2026-04-18 09:00:00,0.131,0.1313,0.1297,0.1302,2914654.7
2026-04-18 10:00:00,0.1302,0.1303,0.128,0.1284,4119060.7
2026-04-18 11:00:00,0.1284,0.1287,0.1271,0.1284,3419790.7
2026-04-18 12:00:00,0.1284,0.1296,0.1282,0.1295,3818572.5
2026-04-18 13:00:00,0.1294,0.1295,0.1279,0.1284,1948534.5
2026-04-18 14:00:00,0.1284,0.1288,0.1277,0.1286,1783119.6
2026-04-18 15:00:00,0.1286,0.129,0.1281,0.1282,1067198.7
2026-04-18 16:00:00,0.1282,0.1292,0.1276,0.1284,3838923.8
2026-04-18 17:00:00,0.1283,0.1288,0.1281,0.1282,2095106.1
2026-04-18 18:00:00,0.1281,0.1282,0.1266,0.127,3470792.8
2026-04-18 19:00:00,0.127,0.1277,0.1258,0.1266,2004841.5
2026-04-18 20:00:00,0.1266,0.127,0.1259,0.1268,1474308.0
2026-04-18 21:00:00,0.1268,0.1281,0.1268,0.1279,1349412.0
2026-04-18 22:00:00,0.1278,0.1293,0.1275,0.1286,2338319.4
2026-04-18 23:00:00,0.1286,0.1295,0.1283,0.1292,1940821.4
2026-04-19 00:00:00,0.1292,0.1292,0.1273,0.1279,2353575.4
2026-04-19 01:00:00,0.128,0.1287,0.1264,0.1273,1965307.3
2026-04-19 02:00:00,0.1273,0.1276,0.1259,0.1267,1389226.6
2026-04-19 03:00:00,0.1266,0.1283,0.1263,0.1273,1905639.6
2026-04-19 04:00:00,0.1274,0.1282,0.1265,0.1276,1983792.0
2026-04-19 05:00:00,0.1275,0.1281,0.1268,0.1269,2120209.4
2026-04-19 06:00:00,0.1268,0.1269,0.126,0.1261,1247436.1
2026-04-19 07:00:00,0.1262,0.1262,0.1243,0.125,5574731.9
2026-04-19 08:00:00,0.125,0.1254,0.1244,0.1252,941807.0
2026-04-19 09:00:00,0.1252,0.1261,0.1252,0.1254,1025629.5
2026-04-19 10:00:00,0.1254,0.1254,0.1248,0.125,721631.5
2026-04-19 11:00:00,0.125,0.1268,0.1249,0.1263,1598706.5
2026-04-19 12:00:00,0.1263,0.1272,0.1259,0.1266,1822223.0
2026-04-19 13:00:00,0.1266,0.1283,0.1266,0.1275,3899719.2
2026-04-19 14:00:00,0.1275,0.1288,0.1268,0.1284,1839816.4
2026-04-19 15:00:00,0.1283,0.1285,0.1268,0.1279,1234756.4
2026-04-19 16:00:00,0.1278,0.1279,0.1264,0.1265,2036174.0
2026-04-19 17:00:00,0.1264,0.1266,0.1236,0.124,3366635.1
2026-04-19 18:00:00,0.124,0.1245,0.1237,0.1243,1131516.3
2026-04-19 19:00:00,0.1244,0.1262,0.1244,0.1255,1386315.2
2026-04-19 20:00:00,0.1254,0.1255,0.1243,0.1246,1263429.8
2026-04-19 21:00:00,0.1246,0.1257,0.1245,0.1247,900806.1
2026-04-19 22:00:00,0.1246,0.1246,0.1218,0.1221,3949007.5
2026-04-19 23:00:00,0.122,0.1221,0.1212,0.1215,835400.9
2026-04-20 00:00:00,0.1216,0.1238,0.1213,0.1234,2336659.8
2026-04-20 01:00:00,0.1234,0.1265,0.1231,0.1262,3242307.0
2026-04-20 02:00:00,0.1261,0.1265,0.1245,0.1248,1952781.3
2026-04-20 03:00:00,0.1248,0.1253,0.1244,0.125,1829928.4
2026-04-20 04:00:00,0.1252,0.1264,0.1247,0.1259,1306057.4
2026-04-20 05:00:00,0.1258,0.1259,0.1238,0.1246,995250.5
2026-04-20 06:00:00,0.1246,0.1262,0.1242,0.1254,1047464.7
2026-04-20 07:00:00,0.1254,0.1285,0.1252,0.1263,3620335.9
2026-04-20 08:00:00,0.1264,0.1273,0.1256,0.1261,1553765.9
2026-04-20 09:00:00,0.126,0.1277,0.1257,0.1271,1436834.6
2026-04-20 10:00:00,0.1271,0.1285,0.127,0.127,2653300.3
2026-04-20 11:00:00,0.1271,0.1277,0.1268,0.1274,724538.1
2026-04-20 12:00:00,0.1275,0.1291,0.1271,0.1283,3221525.2
2026-04-20 13:00:00,0.1283,0.1286,0.1267,0.1279,2634013.6
2026-04-20 14:00:00,0.1279,0.1286,0.1264,0.1269,2910971.1
2026-04-20 15:00:00,0.1269,0.1284,0.1258,0.1279,2187589.6
2026-04-20 16:00:00,0.128,0.129,0.1274,0.1281,2331719.8
2026-04-20 17:00:00,0.128,0.1292,0.1277,0.1288,1588441.1
2026-04-20 18:00:00,0.1288,0.1295,0.1286,0.1288,2017430.8
2026-04-20 19:00:00,0.1287,0.1291,0.1277,0.128,1088922.7
2026-04-20 20:00:00,0.1279,0.1286,0.1272,0.1285,1906979.2
2026-04-20 21:00:00,0.1285,0.1291,0.1276,0.1285,1220515.3
2026-04-20 22:00:00,0.1286,0.1286,0.1277,0.1277,1006444.3
2026-04-20 23:00:00,0.1277,0.1277,0.1268,0.127,1211263.1
2026-04-21 00:00:00,0.1271,0.1274,0.1267,0.1271,827491.6
2026-04-21 01:00:00,0.127,0.1273,0.1262,0.1263,643399.5
2026-04-21 02:00:00,0.1263,0.1263,0.1255,0.126,683995.6
2026-04-21 03:00:00,0.1259,0.1267,0.1254,0.1264,1123111.2
2026-04-21 04:00:00,0.1263,0.1266,0.1254,0.1258,707975.3
2026-04-21 05:00:00,0.1258,0.1267,0.1257,0.1266,917013.0
2026-04-21 06:00:00,0.1267,0.1274,0.1258,0.1266,947351.6
2026-04-21 07:00:00,0.1266,0.1271,0.1262,0.1264,837831.0
2026-04-21 08:00:00,0.1264,0.1273,0.1261,0.1264,2098407.0
2026-04-21 09:00:00,0.1264,0.1273,0.1263,0.1273,419218.2
2026-04-21 10:00:00,0.1273,0.1274,0.1267,0.1271,852611.6
2026-04-21 11:00:00,0.1271,0.1271,0.1256,0.1262,2248189.9
2026-04-21 12:00:00,0.1261,0.1264,0.1252,0.1256,1771928.7
2026-04-21 13:00:00,0.1256,0.126,0.125,0.1259,1365755.8
2026-04-21 14:00:00,0.1259,0.1278,0.1257,0.1269,2055217.8
2026-04-21 15:00:00,0.1269,0.1282,0.1267,0.1282,2515655.9
2026-04-21 16:00:00,0.1282,0.1289,0.1263,0.1264,2549208.9
2026-04-21 17:00:00,0.1264,0.1265,0.1242,0.125,2734600.6
2026-04-21 18:00:00,0.125,0.1252,0.1242,0.1251,1899260.8
2026-04-21 19:00:00,0.1252,0.1259,0.1232,0.1238,2187036.8
2026-04-21 20:00:00,0.1238,0.125,0.1228,0.1241,2434431.7
2026-04-21 21:00:00,0.1241,0.1242,0.1235,0.1241,847964.6
2026-04-21 22:00:00,0.124,0.1243,0.1233,0.1241,586032.2
2026-04-21 23:00:00,0.1242,0.1257,0.1242,0.1253,674150.8
2026-04-22 00:00:00,0.1253,0.1257,0.1249,0.125,743817.7
2026-04-22 01:00:00,0.125,0.1251,0.124,0.1245,421715.0
2026-04-22 02:00:00,0.1245,0.1278,0.1241,0.1273,3004092.4
2026-04-22 03:00:00,0.1274,0.1279,0.1269,0.1277,1610915.4
2026-04-22 04:00:00,0.1277,0.1283,0.1271,0.1281,1752286.6
2026-04-22 05:00:00,0.1282,0.1306,0.1278,0.1293,4810928.3
2026-04-22 06:00:00,0.1291,0.1294,0.1285,0.1288,980439.8
2026-04-22 07:00:00,0.1288,0.1288,0.1283,0.1284,784236.3
2026-04-22 08:00:00,0.1285,0.1289,0.1282,0.1287,818345.2
2026-04-22 09:00:00,0.1286,0.1291,0.1276,0.1278,1065522.8
2026-04-22 10:00:00,0.1278,0.1286,0.1275,0.1285,886464.9
2026-04-22 11:00:00,0.1285,0.1288,0.127,0.1275,1296944.4
2026-04-22 12:00:00,0.1275,0.1275,0.1266,0.1275,1031217.2
2026-04-22 13:00:00,0.1275,0.1278,0.1266,0.1267,2161507.1
2026-04-22 14:00:00,0.1267,0.128,0.1267,0.1279,2696702.5
2026-04-22 15:00:00,0.1278,0.1282,0.1271,0.1272,1999337.4
2026-04-22 16:00:00,0.1272,0.1289,0.127,0.1288,1872392.4
2026-04-22 17:00:00,0.1288,0.1323,0.1288,0.1316,5221118.4
2026-04-22 18:00:00,0.1318,0.1339,0.1313,0.1323,6368625.0
2026-04-22 19:00:00,0.1324,0.1325,0.1299,0.1309,4270219.2
2026-04-22 20:00:00,0.1309,0.1315,0.1296,0.1298,2622334.2
2026-04-22 21:00:00,0.1298,0.1325,0.1298,0.1322,1820947.0
2026-04-22 22:00:00,0.1322,0.1324,0.1301,0.1307,2630827.1
2026-04-22 23:00:00,0.1307,0.131,0.1284,0.1285,2783163.5
2026-04-23 00:00:00,0.1286,0.1293,0.1256,0.127,6127323.4
2026-04-23 01:00:00,0.127,0.1271,0.1256,0.1267,2257811.1
2026-04-23 02:00:00,0.1267,0.1267,0.1249,0.1252,2079511.1
2026-04-23 03:00:00,0.1251,0.1256,0.1241,0.1242,1762215.3
2026-04-23 04:00:00,0.1241,0.1249,0.1234,0.1248,2211329.6
2026-04-23 05:00:00,0.1247,0.1257,0.1246,0.1256,1199064.2
2026-04-23 06:00:00,0.1257,0.1269,0.1253,0.1267,4812742.6
2026-04-23 07:00:00,0.1267,0.128,0.1264,0.1267,9686106.9
2026-04-23 08:00:00,0.1268,0.1268,0.1252,0.126,9241791.9
2026-04-23 09:00:00,0.126,0.126,0.1246,0.1252,2005337.5
2026-04-23 10:00:00,0.1251,0.1253,0.1236,0.124,7342974.0
2026-04-23 11:00:00,0.124,0.125,0.1237,0.1247,1103164.4
2026-04-23 12:00:00,0.1247,0.1256,0.1246,0.1252,2292908.3
2026-04-23 13:00:00,0.1253,0.1259,0.1249,0.1255,1556372.9
2026-04-23 14:00:00,0.1255,0.1273,0.1252,0.1271,1505550.7
2026-04-23 15:00:00,0.1272,0.1289,0.1263,0.1288,3474856.0
2026-04-23 16:00:00,0.1288,0.1294,0.1274,0.1275,1620083.6
2026-04-23 17:00:00,0.1276,0.1277,0.1234,0.1249,4823776.0
2026-04-23 18:00:00,0.1249,0.1265,0.1248,0.1255,2198599.7
2026-04-23 19:00:00,0.1254,0.1266,0.1253,0.1264,1985414.8
2026-04-23 20:00:00,0.1263,0.1279,0.1262,0.1272,1652914.6
2026-04-23 21:00:00,0.1273,0.129,0.127,0.1282,1829772.5
2026-04-23 22:00:00,0.1281,0.1287,0.1277,0.1279,1370777.5
2026-04-23 23:00:00,0.1279,0.1289,0.1275,0.1285,772200.4
2026-04-24 00:00:00,0.1285,0.1309,0.1285,0.1308,3838129.7
2026-04-24 01:00:00,0.1308,0.1308,0.1295,0.1302,2524569.8
2026-04-24 02:00:00,0.1302,0.1302,0.1286,0.1292,2404405.9
2026-04-24 03:00:00,0.1291,0.1295,0.1279,0.1286,1421916.1
2026-04-24 04:00:00,0.1287,0.1297,0.1283,0.1284,2007187.4
2026-04-24 05:00:00,0.1283,0.1296,0.1279,0.1293,1548278.2
2026-04-24 06:00:00,0.1292,0.1296,0.1278,0.1279,1127694.5
2026-04-24 07:00:00,0.128,0.1285,0.1276,0.1281,1271823.1
2026-04-24 08:00:00,0.1281,0.1294,0.1275,0.129,2865350.9
2026-04-24 09:00:00,0.1289,0.129,0.1279,0.1281,666358.9
2026-04-24 10:00:00,0.1281,0.13,0.1278,0.1295,1120772.1
2026-04-24 11:00:00,0.1295,0.1308,0.1294,0.1304,2702429.0
2026-04-24 12:00:00,0.1303,0.1318,0.1302,0.1316,3696536.1
2026-04-24 13:00:00,0.1317,0.1324,0.1292,0.1297,2948891.7
2026-04-24 14:00:00,0.1296,0.1307,0.1291,0.1301,2142935.6
2026-04-24 15:00:00,0.1301,0.132,0.1294,0.1317,2017690.9
2026-04-24 16:00:00,0.1317,0.132,0.1301,0.1304,3022738.7
2026-04-24 17:00:00,0.1304,0.1308,0.1296,0.1299,1388545.5
2026-04-24 18:00:00,0.13,0.1309,0.1296,0.1306,1019283.8
2026-04-24 19:00:00,0.1306,0.1311,0.1283,0.1296,5910450.0
2026-04-24 20:00:00,0.1297,0.1303,0.1285,0.1298,3483503.2
2026-04-24 21:00:00,0.1297,0.1304,0.1293,0.1296,1212079.5
2026-04-24 22:00:00,0.1296,0.1297,0.1282,0.1283,967660.9
2026-04-24 23:00:00,0.1284,0.1291,0.1281,0.1287,1180710.9
2026-04-25 00:00:00,0.1288,0.1308,0.1287,0.1308,1234917.0
2026-04-25 01:00:00,0.1307,0.1325,0.1307,0.1318,1475986.8
2026-04-25 02:00:00,0.1318,0.1329,0.1313,0.1324,2815259.8
2026-04-25 03:00:00,0.1324,0.1328,0.1316,0.1319,1038734.7
2026-04-25 04:00:00,0.132,0.1325,0.1319,0.132,739824.5
2026-04-25 05:00:00,0.132,0.132,0.1309,0.1313,1693818.0
2026-04-25 06:00:00,0.1313,0.1324,0.1313,0.1319,1417446.0
2026-04-25 07:00:00,0.1318,0.1329,0.1315,0.1323,1447062.7
2026-04-25 08:00:00,0.1322,0.1331,0.1312,0.1316,3709184.1
2026-04-25 09:00:00,0.1315,0.1325,0.1309,0.1317,1863285.7
2026-04-25 10:00:00,0.1317,0.132,0.1311,0.1311,953964.0
2026-04-25 11:00:00,0.1311,0.1312,0.1298,0.1301,1518579.5
2026-04-25 12:00:00,0.13,0.1304,0.1293,0.1301,2059994.4
2026-04-25 13:00:00,0.13,0.1308,0.1299,0.13,884182.1
2026-04-25 14:00:00,0.1301,0.1302,0.1295,0.1296,1039364.8
2026-04-25 15:00:00,0.1296,0.1299,0.1288,0.1295,1471415.5
2026-04-25 16:00:00,0.1294,0.13,0.1284,0.1285,3674399.6
2026-04-25 17:00:00,0.1286,0.1288,0.1278,0.1283,1848866.8
2026-04-25 18:00:00,0.1284,0.1289,0.128,0.1282,888167.6
2026-04-25 19:00:00,0.1282,0.1283,0.1277,0.1279,707990.7
2026-04-25 20:00:00,0.1279,0.1284,0.1273,0.1283,618783.7
2026-04-25 21:00:00,0.1284,0.1286,0.128,0.1282,637235.2
2026-04-25 22:00:00,0.1281,0.1292,0.128,0.1287,776626.2
2026-04-25 23:00:00,0.1288,0.1294,0.1287,0.1292,685121.7
2026-04-26 00:00:00,0.1292,0.1292,0.1284,0.1286,1154086.9
2026-04-26 01:00:00,0.1286,0.1287,0.1278,0.128,1205126.0
2026-04-26 02:00:00,0.128,0.1289,0.128,0.1287,768298.7
2026-04-26 03:00:00,0.1288,0.129,0.1281,0.1289,919200.0
2026-04-26 04:00:00,0.129,0.1303,0.1288,0.1298,818869.0
2026-04-26 05:00:00,0.1298,0.1319,0.1296,0.1305,2932319.4
2026-04-26 06:00:00,0.1306,0.132,0.1306,0.1315,1177252.2
2026-04-26 07:00:00,0.1315,0.132,0.131,0.1314,1473380.1
2026-04-26 08:00:00,0.1314,0.1321,0.1309,0.1319,2306761.1
2026-04-26 09:00:00,0.132,0.1326,0.1315,0.1315,2334848.8
2026-04-26 10:00:00,0.1315,0.132,0.1312,0.1319,1410991.3
2026-04-26 11:00:00,0.1319,0.1325,0.1314,0.1322,506709.5
2026-04-26 12:00:00,0.1322,0.1328,0.1297,0.1304,5346402.3
2026-04-26 13:00:00,0.1304,0.1307,0.1296,0.1298,856103.1
2026-04-26 14:00:00,0.1297,0.1309,0.1296,0.1304,841103.3
2026-04-26 15:00:00,0.1305,0.131,0.1303,0.1309,737175.0
2026-04-26 16:00:00,0.1309,0.131,0.1298,0.1299,1870321.6
2026-04-26 17:00:00,0.1299,0.1304,0.1294,0.1302,1984437.4
2026-04-26 18:00:00,0.1302,0.131,0.13,0.1305,1451742.7
2026-04-26 19:00:00,0.1304,0.131,0.1301,0.1303,633974.7
2026-04-26 20:00:00,0.1304,0.1306,0.13,0.1302,515117.6
2026-04-26 21:00:00,0.1302,0.1306,0.1284,0.1299,3761766.5
2026-04-26 22:00:00,0.1299,0.1303,0.1288,0.1294,1738454.2
2026-04-26 23:00:00,0.1293,0.13,0.1291,0.1295,1166408.6
2026-04-27 00:00:00,0.1295,0.1307,0.1293,0.1306,1059522.3
2026-04-27 01:00:00,0.1307,0.1317,0.1305,0.1314,1595130.7
2026-04-27 02:00:00,0.1315,0.1322,0.1306,0.1316,1828335.4
2026-04-27 03:00:00,0.1315,0.1329,0.1315,0.1322,1537855.2
2026-04-27 04:00:00,0.1323,0.1324,0.1311,0.1314,1013490.4
2026-04-27 05:00:00,0.1314,0.1315,0.127,0.1276,4479097.8
2026-04-27 06:00:00,0.1276,0.1276,0.1258,0.1265,1475386.6
2026-04-27 07:00:00,0.1264,0.1266,0.1258,0.1259,1096791.8
2026-04-27 08:00:00,0.1258,0.1266,0.1256,0.1264,819395.1
2026-04-27 09:00:00,0.1264,0.1271,0.1262,0.1269,1185149.5
2026-04-27 10:00:00,0.1269,0.1272,0.1265,0.1266,1390411.9
2026-04-27 11:00:00,0.1266,0.1273,0.1263,0.127,703567.3
2026-04-27 12:00:00,0.1271,0.1271,0.1258,0.126,788269.1
2026-04-27 13:00:00,0.126,0.1263,0.1246,0.1249,2597182.9
2026-04-27 14:00:00,0.1249,0.127,0.1248,0.1261,1715825.6
2026-04-27 15:00:00,0.1261,0.1262,0.1233,0.1238,2838668.6
2026-04-27 16:00:00,0.1238,0.1248,0.1234,0.1246,1320171.1
2026-04-27 17:00:00,0.1246,0.1254,0.1245,0.1247,996954.1
2026-04-27 18:00:00,0.1247,0.1254,0.1245,0.1251,2219799.3
2026-04-27 19:00:00,0.1251,0.1252,0.1242,0.1246,705870.4
2026-04-27 20:00:00,0.1246,0.1254,0.1246,0.1251,457576.0
2026-04-27 21:00:00,0.125,0.1253,0.1245,0.125,393782.3
2026-04-27 22:00:00,0.1251,0.1261,0.125,0.1259,1198969.0
2026-04-27 23:00:00,0.1258,0.127,0.1256,0.1267,653004.7
2026-04-28 00:00:00,0.1266,0.1276,0.1263,0.1267,1054949.8
2026-04-28 01:00:00,0.1266,0.127,0.126,0.126,815342.2
2026-04-28 02:00:00,0.1262,0.1263,0.1248,0.1252,1412067.4
2026-04-28 03:00:00,0.1252,0.1255,0.1247,0.1255,623525.7
2026-04-28 04:00:00,0.1255,0.1265,0.1253,0.1262,1779435.6
2026-04-28 05:00:00,0.1263,0.1265,0.1256,0.1257,692398.7
2026-04-28 06:00:00,0.1257,0.1261,0.1253,0.1259,5118775.5
2026-04-28 07:00:00,0.1259,0.1269,0.1243,0.1249,16155404.1
2026-04-28 08:00:00,0.1249,0.1262,0.1249,0.1254,1258536.2
2026-04-28 09:00:00,0.1253,0.1254,0.124,0.1242,2126651.9
2026-04-28 10:00:00,0.1243,0.1248,0.1243,0.1246,887172.5
2026-04-28 11:00:00,0.1247,0.1249,0.1237,0.1241,1487733.4
2026-04-28 12:00:00,0.1242,0.125,0.1237,0.1245,1735257.9
2026-04-28 13:00:00,0.1245,0.1252,0.1238,0.1248,1683619.9
2026-04-28 14:00:00,0.1248,0.1248,0.1231,0.1241,1597972.0
2026-04-28 15:00:00,0.1242,0.1246,0.1236,0.124,795029.0
2026-04-28 16:00:00,0.1239,0.1243,0.1232,0.1236,2792338.7
2026-04-28 17:00:00,0.1235,0.1244,0.123,0.1241,848802.2
2026-04-28 18:00:00,0.1241,0.1245,0.1236,0.1244,764804.8
2026-04-28 19:00:00,0.1244,0.1255,0.124,0.1254,1587117.8
2026-04-28 20:00:00,0.1254,0.1257,0.1249,0.1249,792651.3
2026-04-28 21:00:00,0.125,0.1254,0.1245,0.1247,432462.7
2026-04-28 22:00:00,0.1246,0.125,0.1244,0.1245,308605.9
2026-04-28 23:00:00,0.1245,0.1246,0.1241,0.1245,562692.8
2026-04-29 00:00:00,0.1245,0.1247,0.1241,0.1245,738427.0
2026-04-29 01:00:00,0.1244,0.1247,0.1238,0.1244,619175.6
2026-04-29 02:00:00,0.1245,0.1248,0.124,0.1244,663323.7
2026-04-29 03:00:00,0.1245,0.1261,0.1244,0.126,1355337.6
2026-04-29 04:00:00,0.1261,0.1275,0.1257,0.1272,1836907.4
2026-04-29 05:00:00,0.1273,0.1273,0.1267,0.127,888936.7
2026-04-29 06:00:00,0.127,0.1275,0.1269,0.127,1654358.6
2026-04-29 07:00:00,0.1271,0.1279,0.127,0.1278,976544.7
2026-04-29 08:00:00,0.1279,0.1285,0.1273,0.1281,2571298.3
2026-04-29 09:00:00,0.1281,0.131,0.1281,0.131,3465154.7
2026-04-29 10:00:00,0.131,0.1328,0.131,0.1324,8741788.8
2026-04-29 11:00:00,0.1323,0.1326,0.1302,0.1305,3814961.1
2026-04-29 12:00:00,0.1305,0.1305,0.1273,0.1281,6821110.6
2026-04-29 13:00:00,0.128,0.1285,0.1265,0.1272,1958772.9
2026-04-29 14:00:00,0.1271,0.1281,0.1259,0.1268,2727596.9
2026-04-29 15:00:00,0.1267,0.1268,0.1238,0.1247,3433312.8
2026-04-29 16:00:00,0.1246,0.125,0.1241,0.1246,2731403.1
2026-04-29 17:00:00,0.1247,0.1262,0.1247,0.1262,1504118.0
2026-04-29 18:00:00,0.1263,0.1263,0.1207,0.1235,9017279.3
2026-04-29 19:00:00,0.1235,0.1243,0.1226,0.1231,1291891.4
2026-04-29 20:00:00,0.1232,0.1252,0.1231,0.1245,1334085.4
2026-04-29 21:00:00,0.1244,0.1259,0.1243,0.125,1135167.5
2026-04-29 22:00:00,0.1252,0.1254,0.1247,0.1251,737777.8
2026-04-29 23:00:00,0.125,0.1255,0.1246,0.1253,477545.7
2026-04-30 00:00:00,0.1254,0.129,0.1254,0.1286,3618230.9
2026-04-30 01:00:00,0.1285,0.1287,0.1273,0.1282,1782963.0
2026-04-30 02:00:00,0.1283,0.1284,0.1252,0.1259,2819827.9
2026-04-30 03:00:00,0.1258,0.1266,0.1253,0.1262,1243311.4
2026-04-30 04:00:00,0.1261,0.1262,0.1247,0.1247,920521.6
2026-04-30 05:00:00,0.1248,0.1253,0.124,0.1245,1116308.1
2026-04-30 06:00:00,0.1245,0.1257,0.1243,0.1253,633909.5
2026-04-30 07:00:00,0.1253,0.1261,0.1251,0.1261,860457.7
2026-04-30 08:00:00,0.1261,0.1264,0.1258,0.126,758758.2
2026-04-30 09:00:00,0.126,0.1276,0.1259,0.1269,2390775.4
2026-04-30 10:00:00,0.127,0.1276,0.1265,0.1276,885772.1
2026-04-30 11:00:00,0.1275,0.1286,0.127,0.1275,2568801.0
2026-04-30 12:00:00,0.1276,0.1288,0.127,0.127,1087587.3
2026-04-30 13:00:00,0.1271,0.1275,0.1264,0.1265,741575.1
2026-04-30 14:00:00,0.1265,0.127,0.1257,0.1262,1330869.1
2026-04-30 15:00:00,0.1263,0.1276,0.1261,0.1273,1037135.1
2026-04-30 16:00:00,0.1273,0.1276,0.125,0.1251,2890244.2
2026-04-30 17:00:00,0.125,0.1254,0.1246,0.1248,2089855.6
2026-04-30 18:00:00,0.1247,0.1257,0.1244,0.1253,1903307.7
2026-04-30 19:00:00,0.1251,0.1258,0.1248,0.1248,620217.6
2026-04-30 20:00:00,0.1247,0.1251,0.1244,0.1246,1088422.0
2026-04-30 21:00:00,0.1246,0.1248,0.1239,0.1241,848318.4
2026-04-30 22:00:00,0.1241,0.1242,0.1236,0.1238,619644.1
2026-04-30 23:00:00,0.1238,0.124,0.1236,0.1238,470381.7
2026-05-01 00:00:00,0.1237,0.1246,0.1232,0.1235,1916354.7
2026-05-01 01:00:00,0.1235,0.1254,0.1234,0.125,2690384.0
2026-05-01 02:00:00,0.1251,0.126,0.1241,0.1244,15326114.3
2026-05-01 03:00:00,0.1243,0.1269,0.1241,0.1255,1921070.8
2026-05-01 04:00:00,0.1256,0.1263,0.1252,0.1257,1266789.0
2026-05-01 05:00:00,0.1257,0.1261,0.1254,0.1254,460151.7
2026-05-01 06:00:00,0.1255,0.1259,0.1243,0.1246,961670.4
2026-05-01 07:00:00,0.1245,0.1256,0.1241,0.125,1381426.0
2026-05-01 08:00:00,0.125,0.1257,0.1248,0.1253,647298.6
2026-05-01 09:00:00,0.1252,0.1254,0.1247,0.1249,891825.2
2026-05-01 10:00:00,0.125,0.1251,0.1242,0.1248,1060762.9
2026-05-01 11:00:00,0.1249,0.1256,0.1246,0.1251,934013.0
2026-05-01 12:00:00,0.1251,0.1261,0.1247,0.1256,1793854.1
2026-05-01 13:00:00,0.1256,0.1275,0.1255,0.1271,1783646.3
2026-05-01 14:00:00,0.1272,0.1274,0.1253,0.1259,1772592.6
2026-05-01 15:00:00,0.1258,0.1264,0.1251,0.1257,2422304.2
2026-05-01 16:00:00,0.1257,0.126,0.1244,0.125,2162893.5
2026-05-01 17:00:00,0.1251,0.1257,0.1247,0.1255,1024753.9
2026-05-01 18:00:00,0.1254,0.1256,0.1249,0.1252,1428091.4
2026-05-01 19:00:00,0.1252,0.1256,0.1247,0.1252,700788.8
2026-05-01 20:00:00,0.1253,0.1254,0.1238,0.1242,1427648.8
2026-05-01 21:00:00,0.1242,0.1249,0.1238,0.1246,1280346.8
2026-05-01 22:00:00,0.1246,0.1252,0.1238,0.124,1493992.6
2026-05-01 23:00:00,0.1239,0.1239,0.1226,0.1236,3292579.6
2026-05-02 00:00:00,0.1236,0.1243,0.1234,0.1238,1015768.0
2026-05-02 01:00:00,0.1238,0.1244,0.1236,0.1241,451809.6
2026-05-02 02:00:00,0.1241,0.1243,0.1234,0.1234,661597.3
2026-05-02 03:00:00,0.1234,0.1236,0.1228,0.1232,671986.9
2026-05-02 04:00:00,0.1232,0.1233,0.1222,0.1223,839468.6
2026-05-02 05:00:00,0.1223,0.1227,0.1218,0.1223,1107828.1
2026-05-02 06:00:00,0.1223,0.1228,0.1221,0.1227,622256.0
2026-05-02 07:00:00,0.1227,0.1228,0.1222,0.1222,405472.6
2026-05-02 08:00:00,0.1223,0.1223,0.1219,0.1222,891959.0
2026-05-02 09:00:00,0.1221,0.1229,0.1221,0.1226,992119.0
2026-05-02 10:00:00,0.1226,0.123,0.1222,0.1223,487883.3
2026-05-02 11:00:00,0.1222,0.1222,0.1217,0.1219,885590.0
2026-05-02 12:00:00,0.1219,0.1223,0.1216,0.1219,1250372.6
2026-05-02 13:00:00,0.1219,0.1229,0.1219,0.1225,1019592.0
2026-05-02 14:00:00,0.1225,0.123,0.1224,0.1228,1754317.8
2026-05-02 15:00:00,0.1227,0.1234,0.1224,0.1233,1326043.7
2026-05-02 16:00:00,0.1233,0.1242,0.1232,0.1242,1473161.2
2026-05-02 17:00:00,0.1242,0.1243,0.1224,0.1226,2302940.5
2026-05-02 18:00:00,0.1225,0.1228,0.1217,0.1225,1504513.9
2026-05-02 19:00:00,0.1225,0.1231,0.1224,0.123,875264.4
2026-05-02 20:00:00,0.123,0.1233,0.1226,0.1228,797520.2
2026-05-02 21:00:00,0.1229,0.1246,0.1225,0.124,1440652.2
2026-05-02 22:00:00,0.1241,0.1243,0.1234,0.1238,813083.1
2026-05-02 23:00:00,0.1238,0.1238,0.1224,0.1226,1050287.1
2026-05-03 00:00:00,0.1227,0.1229,0.1205,0.1213,3244398.2
2026-05-03 01:00:00,0.1213,0.1213,0.1191,0.1194,2597414.2
2026-05-03 02:00:00,0.1194,0.1194,0.1185,0.1191,1355626.5
2026-05-03 03:00:00,0.1191,0.1194,0.1188,0.1191,844721.4
2026-05-03 04:00:00,0.119,0.119,0.1183,0.1184,862383.4
2026-05-03 05:00:00,0.1184,0.1189,0.1181,0.1188,804801.8
2026-05-03 06:00:00,0.1188,0.1191,0.1181,0.1187,1302408.3
2026-05-03 07:00:00,0.1188,0.1194,0.1188,0.119,1251405.7
2026-05-03 08:00:00,0.119,0.1195,0.1186,0.1192,1052370.4
2026-05-03 09:00:00,0.1191,0.1202,0.1186,0.1198,7306864.8
2026-05-03 10:00:00,0.1198,0.1206,0.1178,0.1179,24741477.8
2026-05-03 11:00:00,0.1179,0.119,0.1167,0.118,7362258.8
2026-05-03 12:00:00,0.118,0.1187,0.1177,0.1178,1516425.3
2026-05-03 13:00:00,0.1179,0.1181,0.1173,0.1175,2098827.5
2026-05-03 14:00:00,0.1176,0.1182,0.1171,0.1175,1715464.7
2026-05-03 15:00:00,0.1176,0.1184,0.1175,0.1178,1632676.5
2026-05-03 16:00:00,0.1179,0.1181,0.1172,0.1176,1571057.3
2026-05-03 17:00:00,0.1177,0.1184,0.1172,0.1178,1253565.5
2026-05-03 18:00:00,0.1179,0.1182,0.1178,0.1179,530094.4
2026-05-03 19:00:00,0.1179,0.1185,0.1175,0.1179,896574.4
2026-05-03 20:00:00,0.1178,0.1192,0.1178,0.1185,1206293.9
2026-05-03 21:00:00,0.1184,0.1188,0.1171,0.1177,1476067.5
2026-05-03 22:00:00,0.1178,0.1193,0.1177,0.1188,1919347.6
2026-05-03 23:00:00,0.1188,0.119,0.1172,0.1173,1334798.9
2026-05-04 00:00:00,0.1174,0.1174,0.116,0.1167,2832616.5
2026-05-04 01:00:00,0.1167,0.1185,0.1155,0.1184,4108541.0
2026-05-04 02:00:00,0.1184,0.1196,0.118,0.1192,4699615.2
2026-05-04 03:00:00,0.1192,0.1194,0.1182,0.1191,3306571.0
2026-05-04 04:00:00,0.1191,0.1206,0.1191,0.1197,3666506.0
2026-05-04 05:00:00,0.1198,0.1199,0.1184,0.1193,1337410.0
2026-05-04 06:00:00,0.1193,0.1193,0.1173,0.1186,1618914.0
2026-05-04 07:00:00,0.1186,0.1189,0.1177,0.1179,1880865.8
2026-05-04 08:00:00,0.1178,0.1182,0.1174,0.1175,1230570.2
2026-05-04 09:00:00,0.1174,0.1184,0.1169,0.1178,2393275.0
2026-05-04 10:00:00,0.1179,0.1179,0.1138,0.1143,8249821.6
2026-05-04 11:00:00,0.1143,0.1147,0.1137,0.1145,3182842.3
2026-05-04 12:00:00,0.1145,0.1153,0.114,0.1147,7244107.5
2026-05-04 13:00:00,0.1146,0.1153,0.1141,0.1149,2141271.3
2026-05-04 14:00:00,0.1149,0.1176,0.1143,0.117,3550778.0
2026-05-04 15:00:00,0.1171,0.1171,0.114,0.1147,6110781.1
2026-05-04 16:00:00,0.1147,0.1156,0.1141,0.1144,2586460.3
2026-05-04 17:00:00,0.1144,0.1173,0.1144,0.1167,2685818.8
2026-05-04 18:00:00,0.1168,0.1172,0.1159,0.1168,1988588.2
2026-05-04 19:00:00,0.1169,0.1169,0.1158,0.116,2220919.8
2026-05-04 20:00:00,0.1161,0.1162,0.1152,0.1156,543437.6
2026-05-04 21:00:00,0.1156,0.1179,0.1156,0.1174,1634286.1
2026-05-04 22:00:00,0.1173,0.1176,0.1161,0.1164,730072.8
2026-05-04 23:00:00,0.1162,0.1164,0.1156,0.1164,581305.5
2026-05-05 00:00:00,0.1164,0.1169,0.1161,0.1167,1084618.3
2026-05-05 01:00:00,0.1166,0.1179,0.1165,0.1172,704110.1
2026-05-05 02:00:00,0.1172,0.1184,0.1168,0.1172,1826938.8
2026-05-05 03:00:00,0.1173,0.118,0.1167,0.117,2233311.3
2026-05-05 04:00:00,0.117,0.1177,0.1166,0.1167,934147.0
2026-05-05 05:00:00,0.1166,0.1175,0.1164,0.1172,1710016.3
2026-05-05 06:00:00,0.1172,0.1178,0.1167,0.1178,1158903.4
2026-05-05 07:00:00,0.1177,0.1189,0.1177,0.1182,1970259.7
2026-05-05 08:00:00,0.1183,0.1186,0.1179,0.1184,1382180.6
2026-05-05 09:00:00,0.1185,0.1195,0.1179,0.1192,2582401.2
2026-05-05 10:00:00,0.1192,0.1204,0.1188,0.1199,2879016.7
2026-05-05 11:00:00,0.1199,0.12,0.1182,0.1197,2776056.1
2026-05-05 12:00:00,0.1196,0.1198,0.119,0.1194,1263827.8
2026-05-05 13:00:00,0.1194,0.1198,0.1185,0.1191,1964302.0
2026-05-05 14:00:00,0.1191,0.1195,0.1181,0.1186,2006738.6
2026-05-05 15:00:00,0.1186,0.1193,0.1185,0.1187,1568363.1
2026-05-05 16:00:00,0.1188,0.1196,0.1184,0.1189,2904994.8
2026-05-05 17:00:00,0.119,0.1194,0.1187,0.119,2592759.4
2026-05-05 18:00:00,0.119,0.1199,0.119,0.1192,557228.8
2026-05-05 19:00:00,0.1192,0.1197,0.1191,0.1196,654804.1
2026-05-05 20:00:00,0.1197,0.121,0.1196,0.121,3303273.3
2026-05-05 21:00:00,0.121,0.1215,0.1201,0.1201,1797517.4
2026-05-05 22:00:00,0.1202,0.1206,0.119,0.1196,2540714.5
2026-05-05 23:00:00,0.1196,0.1201,0.1189,0.12,720836.4
2026-05-06 00:00:00,0.1198,0.1201,0.1183,0.119,1914930.8
2026-05-06 01:00:00,0.119,0.1207,0.1189,0.1204,1555979.9
2026-05-06 02:00:00,0.1204,0.1205,0.1192,0.1204,1256438.3
2026-05-06 03:00:00,0.1204,0.1217,0.1203,0.1213,1304304.5
2026-05-06 04:00:00,0.1214,0.1215,0.1203,0.1206,1432302.3
2026-05-06 05:00:00,0.1206,0.1213,0.1198,0.1212,4967307.5
2026-05-06 06:00:00,0.1212,0.1213,0.1202,0.1211,1714033.2
2026-05-06 07:00:00,0.1211,0.1219,0.1209,0.1214,1893483.9
2026-05-06 08:00:00,0.1214,0.1247,0.1213,0.124,4980942.6
2026-05-06 09:00:00,0.1241,0.1252,0.1237,0.125,4392529.6
2026-05-06 10:00:00,0.1251,0.1252,0.1244,0.1248,1940227.2
2026-05-06 11:00:00,0.1248,0.1255,0.1243,0.125,4106765.1
2026-05-06 12:00:00,0.1251,0.1259,0.1248,0.1258,2382117.3
2026-05-06 13:00:00,0.1259,0.1259,0.1226,0.1233,4491796.5
2026-05-06 14:00:00,0.1232,0.1247,0.1216,0.1239,2940144.0
2026-05-06 15:00:00,0.1238,0.1251,0.1227,0.1241,4098373.2
2026-05-06 16:00:00,0.124,0.1254,0.1232,0.1247,5816238.1
2026-05-06 17:00:00,0.1249,0.1252,0.1237,0.1238,1336512.5
2026-05-06 18:00:00,0.1239,0.1241,0.123,0.1234,1519560.0
2026-05-06 19:00:00,0.1235,0.1244,0.123,0.1243,1198596.2
2026-05-06 20:00:00,0.1243,0.1259,0.1243,0.1253,2200403.4
2026-05-06 21:00:00,0.1253,0.1289,0.1251,0.1282,3635357.7
2026-05-06 22:00:00,0.1283,0.1292,0.1269,0.1281,6626072.8
2026-05-06 23:00:00,0.1281,0.1284,0.1264,0.1281,4903450.3
2026-05-07 00:00:00,0.128,0.1305,0.1255,0.126,11521252.8
2026-05-07 01:00:00,0.1259,0.1259,0.1235,0.1242,6929346.3
2026-05-07 02:00:00,0.1241,0.1245,0.1229,0.1234,1952228.3
2026-05-07 03:00:00,0.1234,0.1245,0.123,0.1232,2476828.4
2026-05-07 04:00:00,0.1231,0.1258,0.123,0.1256,2364656.2
2026-05-07 05:00:00,0.1257,0.1275,0.1255,0.1274,3586342.0
2026-05-07 06:00:00,0.1274,0.1286,0.1258,0.1284,2789711.6
2026-05-07 07:00:00,0.1285,0.1287,0.1275,0.1283,2740014.0
2026-05-07 08:00:00,0.1283,0.1287,0.1271,0.1277,2386347.6
2026-05-07 09:00:00,0.1276,0.1283,0.1266,0.1274,1854664.6
2026-05-07 10:00:00,0.1273,0.1285,0.1262,0.1275,2531703.9
2026-05-07 11:00:00,0.1275,0.1286,0.1273,0.1276,1760348.3
2026-05-07 12:00:00,0.1276,0.1304,0.1276,0.1302,3006595.8
2026-05-07 13:00:00,0.1303,0.1305,0.1271,0.1273,4323992.5
2026-05-07 14:00:00,0.1274,0.128,0.1248,0.1261,4279678.0
2026-05-07 15:00:00,0.126,0.1269,0.1248,0.1256,2025520.0
2026-05-07 16:00:00,0.1256,0.1266,0.1251,0.1261,1344498.1
2026-05-07 17:00:00,0.1261,0.1271,0.1254,0.1267,2290409.2
2026-05-07 18:00:00,0.1267,0.1277,0.1261,0.1263,2017838.8
2026-05-07 19:00:00,0.1264,0.1271,0.1257,0.1263,1301767.9
2026-05-07 20:00:00,0.1264,0.1276,0.1254,0.1255,2268585.5
2026-05-07 21:00:00,0.1254,0.1268,0.1247,0.1259,2228491.9
2026-05-07 22:00:00,0.1259,0.1268,0.1252,0.1262,1472888.7
2026-05-07 23:00:00,0.1261,0.1271,0.1261,0.1266,610759.8
2026-05-08 00:00:00,0.1267,0.1279,0.1266,0.1278,1953956.5
2026-05-08 01:00:00,0.1279,0.1289,0.1273,0.1286,1686193.1
2026-05-08 02:00:00,0.1286,0.1292,0.127,0.1283,2056742.5
2026-05-08 03:00:00,0.1282,0.1296,0.1266,0.1285,2128278.5
2026-05-08 04:00:00,0.1285,0.1302,0.128,0.1287,1943984.4
2026-05-08 05:00:00,0.1287,0.1292,0.1278,0.1279,1377178.9
2026-05-08 06:00:00,0.1278,0.1285,0.127,0.1281,1301039.2
2026-05-08 07:00:00,0.1281,0.1293,0.1273,0.1291,2113809.7
2026-05-08 08:00:00,0.1292,0.132,0.129,0.132,4537915.1
2026-05-08 09:00:00,0.132,0.136,0.1311,0.132,10528516.9
2026-05-08 10:00:00,0.132,0.1339,0.1313,0.1316,4768352.8
2026-05-08 11:00:00,0.1316,0.1359,0.1309,0.1349,5541510.3
2026-05-08 12:00:00,0.1349,0.1362,0.1322,0.1328,5764933.4
2026-05-08 13:00:00,0.1329,0.1333,0.131,0.1324,3234739.8
2026-05-08 14:00:00,0.1325,0.1354,0.1322,0.1352,4655068.6
2026-05-08 15:00:00,0.1352,0.138,0.1343,0.1379,6575851.0
2026-05-08 16:00:00,0.1379,0.1394,0.1359,0.1372,7260844.6
2026-05-08 17:00:00,0.1371,0.1433,0.1371,0.142,11467640.4
2026-05-08 18:00:00,0.1421,0.1464,0.1412,0.1446,10162307.4
2026-05-08 19:00:00,0.1445,0.1475,0.1437,0.1465,10968010.2
2026-05-08 20:00:00,0.1466,0.1468,0.143,0.1444,7171769.0
2026-05-08 21:00:00,0.1445,0.147,0.1441,0.1466,5255434.3
2026-05-08 22:00:00,0.1465,0.1477,0.1439,0.1441,3448689.3
2026-05-08 23:00:00,0.144,0.144,0.1419,0.1426,2327443.1
2026-05-09 00:00:00,0.1426,0.1456,0.1423,0.1431,3302341.2
2026-05-09 01:00:00,0.143,0.1443,0.1425,0.1433,7248865.9
2026-05-09 02:00:00,0.1432,0.1458,0.1432,0.1454,3696434.6
2026-05-09 03:00:00,0.1455,0.1462,0.1433,0.1444,5341222.3
2026-05-09 04:00:00,0.1444,0.1453,0.143,0.144,3456858.9
2026-05-09 05:00:00,0.144,0.1451,0.1431,0.1441,3731876.8
2026-05-09 06:00:00,0.144,0.1468,0.144,0.1466,6662745.7
2026-05-09 07:00:00,0.1465,0.1481,0.1454,0.1467,13973925.5
2026-05-09 08:00:00,0.1468,0.1495,0.1464,0.1466,20421767.0
2026-05-09 09:00:00,0.1465,0.1465,0.1419,0.1427,8700817.4
2026-05-09 10:00:00,0.1428,0.1432,0.1418,0.1429,3636437.7
2026-05-09 11:00:00,0.1429,0.1436,0.1424,0.1426,2229064.2
2026-05-09 12:00:00,0.1426,0.1433,0.1419,0.1424,1765705.6
2026-05-09 13:00:00,0.1424,0.1429,0.1398,0.1415,7069282.9
2026-05-09 14:00:00,0.1415,0.1419,0.1404,0.1412,1566950.6
2026-05-09 15:00:00,0.1412,0.1414,0.1392,0.1394,3095433.5
2026-05-09 16:00:00,0.1395,0.1415,0.1366,0.1406,5981046.1
2026-05-09 17:00:00,0.1406,0.1422,0.1406,0.1416,1492707.8
2026-05-09 18:00:00,0.1416,0.1425,0.1416,0.1421,850794.7
2026-05-09 19:00:00,0.1421,0.1425,0.1416,0.1424,1463451.2
2026-05-09 20:00:00,0.1424,0.1426,0.1417,0.1425,827404.3
2026-05-09 21:00:00,0.1425,0.1433,0.142,0.1426,871907.5
2026-05-09 22:00:00,0.1427,0.1428,0.1421,0.1426,473551.3
2026-05-09 23:00:00,0.1426,0.1429,0.1418,0.1425,459982.5
2026-05-10 00:00:00,0.1425,0.1426,0.1407,0.1412,2924370.5
2026-05-10 01:00:00,0.1412,0.1413,0.1395,0.1398,2098590.9
2026-05-10 02:00:00,0.1398,0.1402,0.1393,0.1398,2142818.5
2026-05-10 03:00:00,0.1399,0.1408,0.1397,0.14,760301.3
2026-05-10 04:00:00,0.14,0.1407,0.1387,0.1405,2400959.1
2026-05-10 05:00:00,0.1404,0.1406,0.1399,0.1401,885072.9
2026-05-10 06:00:00,0.1401,0.1403,0.1397,0.1402,648417.2
2026-05-10 07:00:00,0.1402,0.1414,0.1401,0.1408,1391317.9
2026-05-10 08:00:00,0.1407,0.1431,0.1406,0.1423,2683837.6
2026-05-10 09:00:00,0.1423,0.1427,0.1417,0.1419,972834.5
2026-05-10 10:00:00,0.1418,0.1441,0.1409,0.1439,3285415.4
2026-05-10 11:00:00,0.1439,0.1444,0.1423,0.1428,5445059.0
2026-05-10 12:00:00,0.1428,0.1442,0.1423,0.1433,6626615.8
2026-05-10 13:00:00,0.1434,0.1447,0.1427,0.1442,9550446.9
2026-05-10 14:00:00,0.1443,0.1453,0.1411,0.1415,17722170.5
2026-05-10 15:00:00,0.1416,0.1434,0.1415,0.143,2455050.0
2026-05-10 16:00:00,0.143,0.1444,0.1428,0.1434,3240481.5
2026-05-10 17:00:00,0.1434,0.1451,0.1428,0.1448,2348581.9
2026-05-10 18:00:00,0.1448,0.1459,0.144,0.1454,3904857.0
2026-05-10 19:00:00,0.1453,0.1461,0.1444,0.1451,5564114.2
2026-05-10 20:00:00,0.1451,0.146,0.1387,0.1408,7991883.5
2026-05-10 21:00:00,0.1408,0.1426,0.1401,0.1415,2116985.7
2026-05-10 22:00:00,0.1415,0.1451,0.1411,0.1449,2356252.8
2026-05-10 23:00:00,0.1448,0.1451,0.1436,0.1441,2827605.5
2026-05-11 00:00:00,0.144,0.1449,0.1421,0.1428,2193072.4
2026-05-11 01:00:00,0.1429,0.1442,0.1422,0.1434,1303923.0
2026-05-11 02:00:00,0.1434,0.1435,0.1415,0.1422,723224.2
2026-05-11 03:00:00,0.1422,0.1422,0.1396,0.1413,2012958.4
2026-05-11 04:00:00,0.1412,0.1417,0.1404,0.1412,658796.2
2026-05-11 05:00:00,0.1413,0.1424,0.1409,0.1418,850246.9
2026-05-11 06:00:00,0.1418,0.1421,0.141,0.1412,504704.8
2026-05-11 07:00:00,0.1411,0.1417,0.1403,0.1416,1003577.1
2026-05-11 08:00:00,0.1416,0.1423,0.1406,0.1419,541740.1
2026-05-11 09:00:00,0.1419,0.143,0.1417,0.1427,766239.2
2026-05-11 10:00:00,0.1426,0.1442,0.142,0.1421,1986891.0
2026-05-11 11:00:00,0.1422,0.1432,0.1417,0.1423,834961.6
2026-05-11 12:00:00,0.1423,0.1429,0.1412,0.1416,1869545.5
2026-05-11 13:00:00,0.1417,0.1432,0.1415,0.1428,1679877.4
2026-05-11 14:00:00,0.1429,0.1439,0.1403,0.1414,3008049.9
2026-05-11 15:00:00,0.1415,0.1422,0.1402,0.1421,2846373.0
2026-05-11 16:00:00,0.142,0.1429,0.1408,0.1414,1558515.5
2026-05-11 17:00:00,0.1414,0.1436,0.1409,0.1432,1919229.7
2026-05-11 18:00:00,0.143,0.1437,0.1416,0.1416,1960190.7
2026-05-11 19:00:00,0.1417,0.1428,0.1415,0.1423,1184806.1
2026-05-11 20:00:00,0.1424,0.1431,0.1413,0.1418,1523273.2
2026-05-11 21:00:00,0.1418,0.1421,0.1411,0.1412,593606.4
2026-05-11 22:00:00,0.1411,0.1418,0.1406,0.1411,917261.6
2026-05-11 23:00:00,0.1411,0.1417,0.1405,0.141,895808.9
2026-05-12 00:00:00,0.1409,0.142,0.1405,0.1416,1477692.0
2026-05-12 01:00:00,0.1417,0.1417,0.1381,0.1389,4216262.0
2026-05-12 02:00:00,0.1388,0.1397,0.1386,0.1392,2432063.6
2026-05-12 03:00:00,0.1392,0.1395,0.1383,0.1388,2066543.5
2026-05-12 04:00:00,0.1387,0.1389,0.1376,0.1386,3564684.7
2026-05-12 05:00:00,0.1386,0.1401,0.1384,0.1397,2636133.1
2026-05-12 06:00:00,0.1397,0.1399,0.1388,0.1392,1267298.2
2026-05-12 07:00:00,0.1392,0.1394,0.138,0.1389,2382755.2
2026-05-12 08:00:00,0.1388,0.139,0.1377,0.1384,903326.6
2026-05-12 09:00:00,0.1384,0.1393,0.1374,0.1385,1952231.1
2026-05-12 10:00:00,0.1386,0.139,0.1369,0.1375,1724882.8
2026-05-12 11:00:00,0.1375,0.1377,0.1364,0.1374,1662975.4
2026-05-12 12:00:00,0.1374,0.1387,0.1369,0.1382,1664700.2
2026-05-12 13:00:00,0.1382,0.1388,0.1364,0.1365,1976721.4
2026-05-12 14:00:00,0.1366,0.1373,0.1347,0.1355,4603992.4
2026-05-12 15:00:00,0.1355,0.1365,0.1352,0.1358,1825496.5
2026-05-12 16:00:00,0.1357,0.1365,0.1342,0.1349,1986667.5
2026-05-12 17:00:00,0.1349,0.137,0.1349,0.1365,1725127.9
2026-05-12 18:00:00,0.1365,0.1374,0.1363,0.1368,893781.1
2026-05-12 19:00:00,0.1368,0.1378,0.1368,0.1373,790751.5
2026-05-12 20:00:00,0.1374,0.1377,0.137,0.1373,679087.1
2026-05-12 21:00:00,0.1373,0.1376,0.137,0.1371,722584.0
2026-05-12 22:00:00,0.1371,0.1377,0.137,0.1371,323520.7
2026-05-12 23:00:00,0.1371,0.1372,0.1362,0.1363,508035.2
2026-05-13 00:00:00,0.1363,0.1372,0.136,0.1368,754601.8
2026-05-13 01:00:00,0.1368,0.1397,0.1368,0.1391,2830031.9
2026-05-13 02:00:00,0.139,0.1397,0.1388,0.1397,1074816.1
2026-05-13 03:00:00,0.1398,0.1408,0.1395,0.1405,1346973.4
2026-05-13 04:00:00,0.1406,0.1421,0.1406,0.1415,1836876.8
2026-05-13 05:00:00,0.1414,0.1419,0.1393,0.1399,1631463.6
2026-05-13 06:00:00,0.1398,0.1407,0.1395,0.1398,1258187.0
2026-05-13 07:00:00,0.1399,0.1403,0.1393,0.1402,802169.0
2026-05-13 08:00:00,0.1403,0.1408,0.1397,0.1403,924800.7
2026-05-13 09:00:00,0.1403,0.1434,0.1402,0.1425,5479036.1
2026-05-13 10:00:00,0.1426,0.1427,0.1399,0.1403,1344227.2
2026-05-13 11:00:00,0.1403,0.1405,0.1382,0.1387,1971355.4
2026-05-13 12:00:00,0.1386,0.1391,0.1344,0.1357,5082056.2
2026-05-13 13:00:00,0.1357,0.1362,0.1334,0.1339,4103870.4
2026-05-13 14:00:00,0.1338,0.135,0.133,0.1339,2899052.0
2026-05-13 15:00:00,0.1339,0.1344,0.1309,0.1312,3308004.3
2026-05-13 16:00:00,0.1312,0.1329,0.1311,0.1326,2042873.9
2026-05-13 17:00:00,0.1326,0.1332,0.1322,0.1328,1202256.6
2026-05-13 18:00:00,0.1328,0.134,0.1328,0.1331,951755.7
2026-05-13 19:00:00,0.1332,0.1332,0.1321,0.1323,579239.0
2026-05-13 20:00:00,0.1323,0.1332,0.1322,0.1328,442532.9
2026-05-13 21:00:00,0.133,0.133,0.1314,0.1316,1171418.1
2026-05-13 22:00:00,0.1317,0.1321,0.131,0.132,847205.3
2026-05-13 23:00:00,0.132,0.1323,0.1317,0.132,337382.0
2026-05-14 00:00:00,0.132,0.1327,0.1319,0.1323,994321.1
2026-05-14 01:00:00,0.1322,0.1324,0.1317,0.1319,980349.3
2026-05-14 02:00:00,0.1319,0.1321,0.1303,0.1305,679813.6
2026-05-14 03:00:00,0.1305,0.1309,0.1284,0.1288,2347823.4
2026-05-14 04:00:00,0.1289,0.1297,0.1284,0.1295,1790233.5
2026-05-14 05:00:00,0.1295,0.1305,0.1292,0.1302,1533768.5
2026-05-14 06:00:00,0.1302,0.1311,0.1301,0.1304,1145142.1
2026-05-14 07:00:00,0.1303,0.1307,0.1298,0.1298,773436.6
2026-05-14 08:00:00,0.1298,0.1308,0.1294,0.1301,2436292.8
2026-05-14 09:00:00,0.1301,0.1306,0.1298,0.1299,1417018.4
2026-05-14 10:00:00,0.1299,0.1304,0.1294,0.1304,1615467.3
2026-05-14 11:00:00,0.1303,0.1305,0.1291,0.1292,1167227.2
2026-05-14 12:00:00,0.1291,0.1304,0.1291,0.1302,953506.0
2026-05-14 13:00:00,0.1302,0.131,0.1297,0.1303,2511820.0
2026-05-14 14:00:00,0.1303,0.1338,0.1297,0.1335,3981505.8
2026-05-14 15:00:00,0.1336,0.1345,0.1326,0.1344,2445418.0
2026-05-14 16:00:00,0.1344,0.1358,0.1327,0.1345,3995115.6
2026-05-14 17:00:00,0.1345,0.135,0.1328,0.1337,3078728.8
2026-05-14 18:00:00,0.1337,0.135,0.133,0.1345,2475290.6
2026-05-14 19:00:00,0.1346,0.1351,0.133,0.1334,1331717.5
2026-05-14 20:00:00,0.1333,0.1336,0.132,0.1329,896727.0
2026-05-14 21:00:00,0.133,0.1331,0.1323,0.1327,451677.5
2026-05-14 22:00:00,0.1327,0.133,0.1325,0.1325,435635.6
2026-05-14 23:00:00,0.1324,0.1324,0.1311,0.1314,1369342.3
2026-05-15 00:00:00,0.1314,0.1326,0.1313,0.1316,1367200.5
2026-05-15 01:00:00,0.1316,0.1319,0.1304,0.1305,1999145.2
2026-05-15 02:00:00,0.1305,0.1314,0.1294,0.1311,2213660.0
2026-05-15 03:00:00,0.1311,0.1314,0.1302,0.1305,880688.9
2026-05-15 04:00:00,0.1304,0.1305,0.1292,0.1292,534388.9
2026-05-15 05:00:00,0.1294,0.1297,0.1269,0.1271,3167798.3
2026-05-15 06:00:00,0.1272,0.1285,0.1268,0.1282,2013294.7
2026-05-15 07:00:00,0.1282,0.1296,0.128,0.1287,1561369.6
2026-05-15 08:00:00,0.1287,0.1287,0.1275,0.1282,1353633.0
2026-05-15 09:00:00,0.1283,0.1286,0.1278,0.1282,470551.5
2026-05-15 10:00:00,0.1282,0.1295,0.128,0.1291,1035884.8
2026-05-15 11:00:00,0.1291,0.1291,0.1283,0.1284,639451.1
2026-05-15 12:00:00,0.1285,0.1285,0.127,0.1272,1975606.4
2026-05-15 13:00:00,0.1271,0.1271,0.1228,0.1233,5537385.1
2026-05-15 14:00:00,0.1233,0.1247,0.1225,0.1238,3813096.5
2026-05-15 15:00:00,0.1239,0.1241,0.1232,0.1239,1298816.4
2026-05-15 16:00:00,0.124,0.1255,0.1236,0.1254,3933760.3
2026-05-15 17:00:00,0.1254,0.1263,0.1254,0.1262,1049732.6
2026-05-15 18:00:00,0.1262,0.1265,0.1255,0.126,805608.6
2026-05-15 19:00:00,0.1261,0.1263,0.1254,0.1256,1068038.1
2026-05-15 20:00:00,0.1257,0.1257,0.1248,0.1251,929303.2
2026-05-15 21:00:00,0.1252,0.1254,0.1244,0.1245,464599.8
2026-05-15 22:00:00,0.1246,0.125,0.1244,0.1249,495239.3
2026-05-15 23:00:00,0.1248,0.1251,0.1247,0.1248,674353.4
2026-05-16 00:00:00,0.1248,0.1251,0.1245,0.1247,739704.0
2026-05-16 01:00:00,0.1247,0.1249,0.124,0.1249,680351.3
2026-05-16 02:00:00,0.1248,0.125,0.1242,0.1246,472506.5
2026-05-16 03:00:00,0.1247,0.1251,0.1243,0.1246,1406961.7
2026-05-16 04:00:00,0.1246,0.1246,0.1232,0.1238,1982823.6
2026-05-16 05:00:00,0.1237,0.1238,0.1227,0.1229,898209.4
2026-05-16 06:00:00,0.123,0.123,0.1209,0.1214,2477585.5
2026-05-16 07:00:00,0.1213,0.1213,0.1185,0.1203,4080368.9
2026-05-16 08:00:00,0.1203,0.1207,0.1198,0.1198,847095.7
2026-05-16 09:00:00,0.12,0.1201,0.1182,0.1186,3459247.3
2026-05-16 10:00:00,0.1186,0.1189,0.1179,0.1187,1841561.3
2026-05-16 11:00:00,0.1188,0.1194,0.1188,0.1189,956275.4
2026-05-16 12:00:00,0.1189,0.1196,0.1187,0.1193,654925.0
2026-05-16 13:00:00,0.1193,0.1197,0.119,0.1191,876144.5
2026-05-16 14:00:00,0.1192,0.1206,0.1189,0.1199,557279.8
2026-05-16 15:00:00,0.1199,0.121,0.1198,0.1203,1710074.9
2026-05-16 16:00:00,0.1204,0.1212,0.1203,0.1208,903363.7
2026-05-16 17:00:00,0.1208,0.1212,0.1206,0.1209,1051695.8
2026-05-16 18:00:00,0.1208,0.1209,0.1202,0.1204,887310.1
2026-05-16 19:00:00,0.1203,0.1205,0.12,0.12,1356206.6
2026-05-16 20:00:00,0.1201,0.1203,0.1198,0.1199,209827.9
2026-05-16 21:00:00,0.1199,0.1201,0.1198,0.1199,198766.5
2026-05-16 22:00:00,0.1199,0.1199,0.1195,0.1195,338896.1
2026-05-16 23:00:00,0.1195,0.1198,0.1193,0.1195,270429.1
2026-05-17 00:00:00,0.1195,0.1198,0.1187,0.119,950090.4
2026-05-17 01:00:00,0.119,0.1193,0.1183,0.1185,743666.4
2026-05-17 02:00:00,0.1186,0.119,0.1184,0.1186,461146.6
2026-05-17 03:00:00,0.1187,0.1195,0.1187,0.1193,535855.6
2026-05-17 04:00:00,0.1192,0.1202,0.1191,0.1199,684344.2
2026-05-17 05:00:00,0.1199,0.1214,0.1199,0.121,1908680.4
2026-05-17 06:00:00,0.121,0.1224,0.121,0.1222,2266394.9
2026-05-17 07:00:00,0.1221,0.1222,0.1215,0.1218,1848570.5
2026-05-17 08:00:00,0.1219,0.1219,0.1207,0.121,761761.0
2026-05-17 09:00:00,0.121,0.122,0.1209,0.1218,538487.3
2026-05-17 10:00:00,0.1218,0.1223,0.1216,0.1221,5621572.4
2026-05-17 11:00:00,0.122,0.1222,0.1216,0.122,2102032.3
2026-05-17 12:00:00,0.1219,0.1225,0.1214,0.1216,4935157.9
2026-05-17 13:00:00,0.1216,0.122,0.1192,0.1199,17764149.5
2026-05-17 14:00:00,0.1199,0.12,0.1188,0.119,2403298.6
2026-05-17 15:00:00,0.119,0.1195,0.1189,0.1195,2209111.1
2026-05-17 16:00:00,0.1195,0.1198,0.1186,0.1188,1287121.1
2026-05-17 17:00:00,0.1188,0.119,0.1184,0.1186,1019187.6
2026-05-17 18:00:00,0.1186,0.1191,0.118,0.1187,2055027.6
2026-05-17 19:00:00,0.1188,0.1194,0.1185,0.1191,868994.2
2026-05-17 20:00:00,0.1191,0.1193,0.1186,0.1186,699657.5
2026-05-17 21:00:00,0.1185,0.1198,0.1184,0.1196,588923.4
2026-05-17 22:00:00,0.1195,0.1195,0.118,0.1181,906810.1
2026-05-17 23:00:00,0.1181,0.1182,0.1127,0.1165,11345829.2
2026-05-18 00:00:00,0.1164,0.1164,0.1151,0.1162,2370344.9
2026-05-18 01:00:00,0.1163,0.1168,0.1152,0.1165,2193309.2
2026-05-18 02:00:00,0.1165,0.1176,0.1165,0.117,3345226.7
2026-05-18 03:00:00,0.1171,0.1174,0.1163,0.1164,950223.4
2026-05-18 04:00:00,0.1165,0.1171,0.1164,0.1169,1663417.9
2026-05-18 05:00:00,0.1169,0.1169,0.1159,0.1161,850894.6
2026-05-18 06:00:00,0.1161,0.1164,0.1154,0.1161,1862826.6
2026-05-18 07:00:00,0.1162,0.1164,0.1151,0.116,2376745.4
2026-05-18 08:00:00,0.116,0.1162,0.1158,0.1162,848751.1
2026-05-18 09:00:00,0.1163,0.1163,0.1151,0.1152,795177.7
2026-05-18 10:00:00,0.1152,0.1152,0.1144,0.1149,1299230.8
2026-05-18 11:00:00,0.1149,0.1167,0.1144,0.1162,3150134.8
2026-05-18 12:00:00,0.1163,0.1175,0.1162,0.1171,1753148.1
2026-05-18 13:00:00,0.117,0.1171,0.1152,0.1164,1869470.7
2026-05-18 14:00:00,0.1163,0.1164,0.1148,0.1152,2710088.1
2026-05-18 15:00:00,0.1153,0.1156,0.114,0.1152,2616684.7
2026-05-18 16:00:00,0.1152,0.1159,0.115,0.1156,1297628.8
2026-05-18 17:00:00,0.1156,0.1164,0.1155,0.1161,608109.2
2026-05-18 18:00:00,0.116,0.1162,0.1141,0.1143,4791558.0
2026-05-18 19:00:00,0.1143,0.1171,0.1142,0.1166,1604293.6
2026-05-18 20:00:00,0.1167,0.1172,0.1162,0.1166,961826.5
2026-05-18 21:00:00,0.1166,0.1178,0.1161,0.1177,1759007.5
2026-05-18 22:00:00,0.1177,0.118,0.1169,0.1175,1508473.7
2026-05-18 23:00:00,0.1175,0.1177,0.1171,0.1176,586901.7
2026-05-19 00:00:00,0.1176,0.1187,0.1175,0.1181,1079728.5
2026-05-19 01:00:00,0.1181,0.1181,0.1168,0.1169,686953.6
2026-05-19 02:00:00,0.1168,0.1175,0.1164,0.1165,345185.0
2026-05-19 03:00:00,0.1165,0.1175,0.1164,0.117,587506.9
2026-05-19 04:00:00,0.117,0.1175,0.1167,0.117,1247605.2
2026-05-19 05:00:00,0.117,0.1171,0.1161,0.1166,631495.2
2026-05-19 06:00:00,0.1166,0.1173,0.1164,0.117,568358.7
2026-05-19 07:00:00,0.117,0.1178,0.1168,0.1175,1319984.9
2026-05-19 08:00:00,0.1174,0.1177,0.1165,0.1171,568744.3
2026-05-19 09:00:00,0.1171,0.1172,0.1157,0.1163,1019383.9
2026-05-19 10:00:00,0.1163,0.1164,0.1153,0.1159,626820.9
2026-05-19 11:00:00,0.1159,0.116,0.1147,0.1151,816720.1
2026-05-19 12:00:00,0.1151,0.1155,0.1148,0.1155,893878.0
2026-05-19 13:00:00,0.1155,0.1166,0.115,0.116,1448554.0
2026-05-19 14:00:00,0.116,0.1163,0.1143,0.115,1236650.1
2026-05-19 15:00:00,0.115,0.1155,0.1146,0.115,621816.5
2026-05-19 16:00:00,0.1151,0.1159,0.1146,0.1158,1013324.2
2026-05-19 17:00:00,0.1157,0.1157,0.1148,0.115,338627.0
2026-05-19 18:00:00,0.115,0.1153,0.1144,0.1145,801943.5
2026-05-19 19:00:00,0.1145,0.115,0.1143,0.1144,947975.4
2026-05-19 20:00:00,0.1144,0.1149,0.1143,0.1148,437920.5
2026-05-19 21:00:00,0.1148,0.1152,0.1143,0.1143,280154.6
2026-05-19 22:00:00,0.1144,0.1144,0.1134,0.1134,799207.4
2026-05-19 23:00:00,0.1133,0.1139,0.1133,0.1135,449924.7
2026-05-20 00:00:00,0.1135,0.1137,0.1129,0.1131,707270.6
2026-05-20 01:00:00,0.1133,0.1137,0.1125,0.1136,469982.4
2026-05-20 02:00:00,0.1136,0.1137,0.1123,0.1125,385877.9
2026-05-20 03:00:00,0.1124,0.113,0.1122,0.1124,692061.1
2026-05-20 04:00:00,0.1124,0.1133,0.1124,0.1133,439091.1
2026-05-20 05:00:00,0.1132,0.1142,0.1132,0.1138,1318860.3
2026-05-20 06:00:00,0.1139,0.1144,0.1136,0.1142,937282.8
2026-05-20 07:00:00,0.1141,0.1144,0.1138,0.1139,1011915.5
2026-05-20 08:00:00,0.1139,0.1146,0.1136,0.1137,835560.4
2026-05-20 09:00:00,0.1137,0.114,0.1129,0.1131,1355245.4
2026-05-20 10:00:00,0.1131,0.1135,0.1127,0.113,1221746.7
2026-05-20 11:00:00,0.113,0.1132,0.1123,0.1126,938153.7
2026-05-20 12:00:00,0.1124,0.1139,0.1121,0.1135,2037142.1
2026-05-20 13:00:00,0.1136,0.1136,0.1114,0.1121,2128578.9
2026-05-20 14:00:00,0.1122,0.1138,0.1119,0.1135,2887414.4
2026-05-20 15:00:00,0.1134,0.1142,0.1127,0.113,2153653.4
2026-05-20 16:00:00,0.1131,0.1133,0.112,0.1126,1651873.5
2026-05-20 17:00:00,0.1125,0.1137,0.1124,0.1128,2179471.2
2026-05-20 18:00:00,0.1127,0.1129,0.1116,0.1119,2352882.5
2026-05-20 19:00:00,0.1118,0.1124,0.1111,0.1121,2332529.9
2026-05-20 20:00:00,0.112,0.1124,0.1113,0.1124,1864241.1
2026-05-20 21:00:00,0.1123,0.1125,0.1107,0.1108,1940206.9
2026-05-20 22:00:00,0.1109,0.1112,0.11,0.1105,4447796.8
2026-05-20 23:00:00,0.1105,0.1106,0.1096,0.1101,3611429.0
2026-05-21 00:00:00,0.1101,0.1122,0.1099,0.1119,3198691.9
2026-05-21 01:00:00,0.1118,0.1125,0.1116,0.1119,1991109.2
2026-05-21 02:00:00,0.112,0.1125,0.1116,0.1119,1434748.9
2026-05-21 03:00:00,0.1119,0.113,0.1117,0.1128,1515330.9
2026-05-21 04:00:00,0.1128,0.1136,0.1126,0.1131,2203468.1
2026-05-21 05:00:00,0.113,0.1134,0.1107,0.1114,1898105.4
2026-05-21 06:00:00,0.1115,0.1118,0.1109,0.1114,1902363.7
2026-05-21 07:00:00,0.1114,0.1118,0.1108,0.1114,1352327.7
2026-05-21 08:00:00,0.1114,0.1125,0.1114,0.1115,1240552.4
2026-05-21 09:00:00,0.1115,0.1119,0.1101,0.1101,1806704.0
2026-05-21 10:00:00,0.1102,0.1105,0.1087,0.1089,4618798.8
2026-05-21 11:00:00,0.1089,0.1094,0.1086,0.1089,1318480.2
2026-05-21 12:00:00,0.1088,0.1098,0.1084,0.1094,1985670.8
2026-05-21 13:00:00,0.1093,0.1105,0.1088,0.1103,2490536.4
2026-05-21 14:00:00,0.1103,0.1112,0.1099,0.1106,3066874.4
2026-05-21 15:00:00,0.1107,0.1127,0.1103,0.1122,3084870.7
2026-05-21 16:00:00,0.1123,0.1128,0.1109,0.1116,2059024.5
2026-05-21 17:00:00,0.1117,0.1155,0.1115,0.1146,6615807.9
2026-05-21 18:00:00,0.1146,0.1158,0.1129,0.1137,3132663.5
2026-05-21 19:00:00,0.1138,0.1146,0.1134,0.1142,2656120.0
2026-05-21 20:00:00,0.1142,0.1147,0.1138,0.1141,1371271.2
2026-05-21 21:00:00,0.1142,0.1149,0.114,0.114,1792374.8
2026-05-21 22:00:00,0.114,0.1141,0.1128,0.1129,828722.3
2026-05-21 23:00:00,0.1129,0.1133,0.1124,0.113,1130566.7
2026-05-22 00:00:00,0.1129,0.1129,0.1115,0.1118,1173272.0
2026-05-22 01:00:00,0.1117,0.1125,0.1115,0.1123,1237277.0
2026-05-22 02:00:00,0.1124,0.1133,0.1123,0.1132,1622528.7
2026-05-22 03:00:00,0.1131,0.1144,0.113,0.1142,1004308.0
2026-05-22 04:00:00,0.1143,0.1153,0.1137,0.1143,1573377.9
2026-05-22 05:00:00,0.1143,0.1151,0.1139,0.1144,1571179.6
2026-05-22 06:00:00,0.1144,0.1144,0.1134,0.1137,1499767.9
2026-05-22 07:00:00,0.1137,0.1143,0.1129,0.1133,2116758.6
2026-05-22 08:00:00,0.1133,0.1142,0.1123,0.1128,2884233.3
2026-05-22 09:00:00,0.1128,0.1131,0.1122,0.1126,1645252.3
2026-05-22 10:00:00,0.1125,0.1132,0.112,0.1128,955933.8
2026-05-22 11:00:00,0.1129,0.1143,0.1127,0.1141,1124519.7
2026-05-22 12:00:00,0.1141,0.1156,0.1137,0.1156,2131196.1
2026-05-22 13:00:00,0.1156,0.1157,0.1136,0.1143,3342941.3
2026-05-22 14:00:00,0.1143,0.1143,0.1119,0.1122,2838898.4
2026-05-22 15:00:00,0.1122,0.1131,0.1115,0.1126,1437334.7
2026-05-22 16:00:00,0.1124,0.1131,0.1121,0.1129,1364406.0
2026-05-22 17:00:00,0.113,0.1135,0.1122,0.1124,1537659.6
2026-05-22 18:00:00,0.1123,0.1125,0.1087,0.1104,7092256.7
2026-05-22 19:00:00,0.1104,0.1108,0.1081,0.1091,7300909.6
2026-05-22 20:00:00,0.1092,0.1102,0.1089,0.11,2407860.7
2026-05-22 21:00:00,0.1101,0.1105,0.1098,0.1101,1115830.4
2026-05-22 22:00:00,0.1101,0.1103,0.1095,0.1099,901085.4
2026-05-22 23:00:00,0.1099,0.1104,0.1082,0.1088,2202616.8
2026-05-23 00:00:00,0.1088,0.1097,0.1083,0.1095,2330219.9
2026-05-23 01:00:00,0.1095,0.11,0.109,0.1098,600093.7
2026-05-23 02:00:00,0.1098,0.11,0.1093,0.1098,656415.3
2026-05-23 03:00:00,0.1098,0.1102,0.1097,0.1099,340476.7
2026-05-23 04:00:00,0.1098,0.1098,0.1088,0.109,952075.1
2026-05-23 05:00:00,0.109,0.1091,0.1083,0.1089,617769.3
2026-05-23 06:00:00,0.1089,0.1089,0.1078,0.1081,2154062.3
2026-05-23 07:00:00,0.1081,0.1082,0.1031,0.1041,12037896.5
2026-05-23 08:00:00,0.1041,0.1049,0.1034,0.1048,4167608.7
2026-05-23 09:00:00,0.1047,0.1052,0.1047,0.1048,892309.0
2026-05-23 10:00:00,0.1049,0.1052,0.1046,0.105,508138.8
2026-05-23 11:00:00,0.1049,0.1052,0.1048,0.1049,649146.9
2026-05-23 12:00:00,0.1049,0.105,0.1045,0.1047,1254557.9
2026-05-23 13:00:00,0.1048,0.106,0.1048,0.1057,3880124.3
2026-05-23 14:00:00,0.1058,0.1073,0.1055,0.1071,3147224.7
2026-05-23 15:00:00,0.1071,0.108,0.107,0.1076,2400362.1
2026-05-23 16:00:00,0.1075,0.1088,0.1072,0.1086,1809715.4
2026-05-23 17:00:00,0.1087,0.1091,0.108,0.1083,894424.0
2026-05-23 18:00:00,0.1083,0.1103,0.1082,0.1097,1840009.7
2026-05-23 19:00:00,0.1097,0.1103,0.1094,0.1096,2197806.0
2026-05-23 20:00:00,0.1096,0.1122,0.1091,0.1121,3494987.0
2026-05-23 21:00:00,0.1121,0.1123,0.1098,0.1102,2560598.1
2026-05-23 22:00:00,0.1103,0.1104,0.1087,0.1091,2335871.9
2026-05-23 23:00:00,0.1091,0.1096,0.1089,0.1094,1410410.6
2026-05-24 00:00:00,0.1095,0.1099,0.1091,0.1098,3418769.1
2026-05-24 01:00:00,0.1098,0.1101,0.1094,0.1096,545948.6
2026-05-24 02:00:00,0.1095,0.1096,0.1087,0.1093,669672.4
2026-05-24 03:00:00,0.1092,0.1097,0.1087,0.109,487954.6
2026-05-24 04:00:00,0.109,0.1093,0.1088,0.1089,1079607.6
2026-05-24 05:00:00,0.1089,0.1089,0.1082,0.1088,1050839.6
2026-05-24 06:00:00,0.1088,0.1095,0.1085,0.1093,614442.0
2026-05-24 07:00:00,0.1093,0.1097,0.1089,0.1091,652180.2
2026-05-24 08:00:00,0.109,0.1094,0.1085,0.1091,1024033.0
2026-05-24 09:00:00,0.1091,0.1092,0.107,0.1079,13649984.7
2026-05-24 10:00:00,0.1079,0.1084,0.1072,0.1073,2427977.6
2026-05-24 11:00:00,0.1074,0.1075,0.1064,0.1065,1963734.0
2026-05-24 12:00:00,0.1065,0.1066,0.106,0.1065,1073109.3
2026-05-24 13:00:00,0.1065,0.1068,0.1058,0.1063,1244636.1
2026-05-24 14:00:00,0.1064,0.1066,0.1047,0.1062,1699071.3
2026-05-24 15:00:00,0.1061,0.1062,0.1056,0.1058,488594.2
2026-05-24 16:00:00,0.1059,0.1065,0.1057,0.106,667494.9
2026-05-24 17:00:00,0.106,0.1064,0.1057,0.1061,1385952.6
2026-05-24 18:00:00,0.1061,0.1063,0.1058,0.1059,652240.1
2026-05-24 19:00:00,0.106,0.1065,0.1058,0.1064,563053.0
2026-05-24 20:00:00,0.1064,0.1065,0.1055,0.1056,1578879.8
2026-05-24 21:00:00,0.1056,0.1058,0.1035,0.1039,2511033.8
2026-05-24 22:00:00,0.104,0.1057,0.104,0.1048,2407586.8
2026-05-24 23:00:00,0.1049,0.106,0.1049,0.1057,627779.9
2026-05-25 00:00:00,0.1057,0.106,0.1053,0.1056,1203375.4
2026-05-25 01:00:00,0.1057,0.1062,0.1046,0.1047,1769575.4
2026-05-25 02:00:00,0.1048,0.106,0.1048,0.1051,1280497.9
2026-05-25 03:00:00,0.1051,0.1052,0.1049,0.105,653721.8
2026-05-25 04:00:00,0.1051,0.1065,0.1048,0.1063,895949.0
2026-05-25 05:00:00,0.1062,0.1075,0.1061,0.1072,1041103.9
2026-05-25 06:00:00,0.1072,0.1077,0.1066,0.1075,1355061.7
2026-05-25 07:00:00,0.1075,0.108,0.1069,0.1073,1316565.4
2026-05-25 08:00:00,0.1074,0.1079,0.1071,0.1078,705965.9
2026-05-25 09:00:00,0.1079,0.108,0.1072,0.1073,1097677.3
2026-05-25 10:00:00,0.1072,0.1082,0.1072,0.108,3263672.3
2026-05-25 11:00:00,0.1079,0.108,0.1076,0.1077,1072910.9
2026-05-25 12:00:00,0.1076,0.1085,0.1073,0.108,1908603.3
2026-05-25 13:00:00,0.108,0.1086,0.1077,0.1084,972351.4
2026-05-25 14:00:00,0.1084,0.1096,0.1083,0.109,1842861.1
2026-05-25 15:00:00,0.109,0.1095,0.1085,0.1094,1298945.0
2026-05-25 16:00:00,0.1094,0.1103,0.109,0.1099,2650866.4
2026-05-25 17:00:00,0.1099,0.1107,0.1097,0.1105,1463029.6
2026-05-25 18:00:00,0.1105,0.1111,0.1099,0.1099,1382472.4
2026-05-25 19:00:00,0.1099,0.11,0.109,0.1095,1951878.0
2026-05-25 20:00:00,0.1095,0.1102,0.1086,0.1089,2004514.6
2026-05-25 21:00:00,0.1088,0.1092,0.1086,0.1091,1270968.0
2026-05-25 22:00:00,0.1091,0.1092,0.1077,0.1078,1360231.7
2026-05-25 23:00:00,0.1078,0.1087,0.1076,0.1084,1121257.0
2026-05-26 00:00:00,0.1084,0.1086,0.1068,0.1078,2075511.8
2026-05-26 01:00:00,0.1077,0.1078,0.1064,0.1073,2609830.1
2026-05-26 02:00:00,0.1073,0.1074,0.1067,0.1071,4220613.2
2026-05-26 03:00:00,0.1071,0.1077,0.1068,0.1076,596797.0
2026-05-26 04:00:00,0.1076,0.1085,0.1073,0.1081,1501683.6
2026-05-26 05:00:00,0.1081,0.1097,0.1078,0.1094,1532356.5
2026-05-26 06:00:00,0.1095,0.11,0.1086,0.1097,1555969.7
2026-05-26 07:00:00,0.1097,0.1098,0.1083,0.1091,1703776.2
2026-05-26 08:00:00,0.1092,0.1104,0.1091,0.1102,2217957.3
2026-05-26 09:00:00,0.1102,0.1113,0.1099,0.111,3290520.3
2026-05-26 10:00:00,0.111,0.1129,0.1103,0.1124,4290985.7
2026-05-26 11:00:00,0.1125,0.1127,0.1114,0.1116,2284667.0
2026-05-26 12:00:00,0.1116,0.1125,0.1109,0.1123,3062597.4
2026-05-26 13:00:00,0.1123,0.1131,0.1109,0.1116,4018226.4
2026-05-26 14:00:00,0.1116,0.1129,0.111,0.1114,3803246.3
2026-05-26 15:00:00,0.1115,0.1115,0.1088,0.11,3460637.5
2026-05-26 16:00:00,0.11,0.1101,0.1088,0.1092,2169110.9
2026-05-26 17:00:00,0.1093,0.1097,0.1073,0.1078,3618917.5
2026-05-26 18:00:00,0.1078,0.1087,0.1075,0.108,1233085.9
2026-05-26 19:00:00,0.108,0.1087,0.1075,0.1085,880865.2
2026-05-26 20:00:00,0.1086,0.1088,0.1082,0.1088,400971.9
2026-05-26 21:00:00,0.1088,0.1093,0.108,0.1084,789588.8
2026-05-26 22:00:00,0.1084,0.1087,0.1081,0.1082,577199.8
2026-05-26 23:00:00,0.1084,0.1092,0.1084,0.1088,623815.0
2026-05-27 00:00:00,0.1088,0.1104,0.1088,0.1104,1702216.8
2026-05-27 01:00:00,0.1103,0.1104,0.1094,0.1094,975052.8
2026-05-27 02:00:00,0.1094,0.1096,0.1086,0.1093,1180133.1
2026-05-27 03:00:00,0.1093,0.1097,0.1084,0.1084,375553.7
2026-05-27 04:00:00,0.1083,0.1084,0.1066,0.108,2086887.8
2026-05-27 05:00:00,0.1081,0.1091,0.1079,0.109,1835719.1
2026-05-27 06:00:00,0.109,0.1096,0.1086,0.1095,1605210.7
2026-05-27 07:00:00,0.1095,0.1096,0.1089,0.1093,1991999.6
2026-05-27 08:00:00,0.1092,0.1101,0.1088,0.1089,1804675.9
2026-05-27 09:00:00,0.1089,0.1092,0.1083,0.1087,980973.3
2026-05-27 10:00:00,0.1086,0.109,0.1084,0.1089,999126.9
2026-05-27 11:00:00,0.1089,0.1095,0.1087,0.1087,1279543.1
2026-05-27 12:00:00,0.1088,0.1107,0.1084,0.1098,2841784.6
2026-05-27 13:00:00,0.1097,0.1098,0.1073,0.1085,2339880.2
2026-05-27 14:00:00,0.1085,0.1092,0.1077,0.1086,1892300.2
2026-05-27 15:00:00,0.1086,0.1106,0.1085,0.1101,1658310.6
2026-05-27 16:00:00,0.1102,0.1111,0.1093,0.1101,1358496.2
2026-05-27 17:00:00,0.1101,0.1101,0.1079,0.1084,1739132.5
2026-05-27 18:00:00,0.1083,0.1097,0.1078,0.1095,1333233.0
2026-05-27 19:00:00,0.1095,0.1099,0.109,0.1093,2215556.5
2026-05-27 20:00:00,0.1093,0.1097,0.1088,0.1097,2160394.3
2026-05-27 21:00:00,0.1096,0.1099,0.1057,0.1067,4392433.3
2026-05-27 22:00:00,0.1067,0.1076,0.1063,0.1069,1530574.9
2026-05-27 23:00:00,0.1069,0.1075,0.1066,0.1072,1194761.4
2026-05-28 00:00:00,0.1072,0.1076,0.1068,0.1072,1051175.2
2026-05-28 01:00:00,0.1072,0.1072,0.105,0.1065,2325708.4
2026-05-28 02:00:00,0.1066,0.107,0.1063,0.1066,686355.7
2026-05-28 03:00:00,0.1065,0.1065,0.1032,0.1036,5745647.7
2026-05-28 04:00:00,0.1035,0.1035,0.1014,0.103,6089398.0
2026-05-28 05:00:00,0.1031,0.1032,0.1019,0.1024,2073493.8
2026-05-28 06:00:00,0.1023,0.1025,0.1012,0.102,3581772.9
2026-05-28 07:00:00,0.102,0.1032,0.1019,0.1032,1252022.9
2026-05-28 08:00:00,0.1032,0.1033,0.1024,0.1025,1049257.0
2026-05-28 09:00:00,0.1024,0.1031,0.1023,0.1029,1000671.2
2026-05-28 10:00:00,0.1028,0.1031,0.1021,0.1021,1442698.9
2026-05-28 11:00:00,0.1021,0.1025,0.1018,0.1022,1367790.2
2026-05-28 12:00:00,0.1022,0.1027,0.1013,0.1026,1645074.5
2026-05-28 13:00:00,0.1026,0.1028,0.1014,0.1018,2867993.0
2026-05-28 14:00:00,0.1018,0.1029,0.1005,0.1019,4341600.3
2026-05-28 15:00:00,0.1019,0.1025,0.1011,0.102,1053188.5
2026-05-28 16:00:00,0.102,0.1039,0.1011,0.1037,1750874.9
2026-05-28 17:00:00,0.1038,0.105,0.1035,0.1049,1466145.5
2026-05-28 18:00:00,0.1049,0.1061,0.1047,0.106,1144032.6
2026-05-28 19:00:00,0.1059,0.106,0.1047,0.1049,1323985.4
2026-05-28 20:00:00,0.1049,0.1058,0.104,0.1052,1529470.8
2026-05-28 21:00:00,0.1052,0.106,0.1048,0.1054,1164214.3
2026-05-28 22:00:00,0.1053,0.1055,0.1038,0.104,1027589.0
2026-05-28 23:00:00,0.1039,0.1047,0.1038,0.1044,569159.2
2026-05-29 00:00:00,0.1044,0.1049,0.1042,0.1044,3241905.2
2026-05-29 01:00:00,0.1045,0.105,0.1039,0.1045,3446205.7
2026-05-29 02:00:00,0.1046,0.105,0.1034,0.1036,3027119.4
2026-05-29 03:00:00,0.1037,0.1043,0.1036,0.1037,1204915.9
2026-05-29 04:00:00,0.1038,0.1043,0.103,0.1043,521776.6
2026-05-29 05:00:00,0.1044,0.1049,0.1041,0.1045,759649.0
2026-05-29 06:00:00,0.1046,0.1065,0.1045,0.1057,2847689.5
2026-05-29 07:00:00,0.1057,0.1062,0.1046,0.105,1121750.8
2026-05-29 08:00:00,0.105,0.1058,0.1049,0.1051,821582.1
2026-05-29 09:00:00,0.1051,0.1059,0.105,0.1056,811142.7
2026-05-29 10:00:00,0.1055,0.1055,0.1043,0.1046,821172.3
2026-05-29 11:00:00,0.1045,0.1046,0.1032,0.1038,918321.4
2026-05-29 12:00:00,0.1038,0.104,0.1026,0.1027,1945249.8
2026-05-29 13:00:00,0.1026,0.1029,0.102,0.1027,1463874.7
2026-05-29 14:00:00,0.1027,0.103,0.1005,0.1025,3818459.3
2026-05-29 15:00:00,0.1026,0.1066,0.1023,0.1053,7534912.3
2026-05-29 16:00:00,0.1053,0.1055,0.104,0.105,2612469.1
2026-05-29 17:00:00,0.105,0.1056,0.1045,0.105,2610910.9
2026-05-29 18:00:00,0.105,0.1055,0.1034,0.1037,2218779.8
2026-05-29 19:00:00,0.1038,0.104,0.1026,0.1035,3637674.7
2026-05-29 20:00:00,0.1036,0.104,0.1032,0.1033,1042502.4
2026-05-29 21:00:00,0.1034,0.104,0.1026,0.1027,1565665.2
2026-05-29 22:00:00,0.1027,0.1032,0.1024,0.103,860179.2
2026-05-29 23:00:00,0.103,0.1034,0.1027,0.1032,599767.0
2026-05-30 00:00:00,0.1032,0.1039,0.103,0.1038,2207291.4
2026-05-30 01:00:00,0.1037,0.1054,0.1037,0.1053,3432123.8
2026-05-30 02:00:00,0.1054,0.1066,0.1053,0.1066,1682000.2
2026-05-30 03:00:00,0.1066,0.107,0.1052,0.1055,1159440.2
2026-05-30 04:00:00,0.1055,0.1061,0.1034,0.1047,3051687.4
2026-05-30 05:00:00,0.1047,0.1055,0.1043,0.1052,2708048.2
2026-05-30 06:00:00,0.1052,0.1054,0.1047,0.105,1580848.0
2026-05-30 07:00:00,0.105,0.1051,0.1045,0.1048,466082.8
2026-05-30 08:00:00,0.1048,0.1049,0.1043,0.1044,948636.7
2026-05-30 09:00:00,0.1044,0.105,0.104,0.1048,1338498.6
2026-05-30 10:00:00,0.1047,0.1048,0.1045,0.1046,542131.9
2026-05-30 11:00:00,0.1046,0.1049,0.1041,0.1046,539164.6
2026-05-30 12:00:00,0.1047,0.1049,0.1043,0.1048,473822.1
2026-05-30 13:00:00,0.1049,0.1054,0.1044,0.1052,1092918.9
2026-05-30 14:00:00,0.1052,0.1059,0.1051,0.1053,1244511.4
2026-05-30 15:00:00,0.1054,0.1056,0.1047,0.1049,917636.9
2026-05-30 16:00:00,0.105,0.1057,0.1047,0.105,1306262.5
2026-05-30 17:00:00,0.105,0.1051,0.1042,0.1049,912515.5
2026-05-30 18:00:00,0.1048,0.1051,0.1046,0.105,759640.2
2026-05-30 19:00:00,0.1049,0.1052,0.1046,0.1048,910638.8
2026-05-30 20:00:00,0.1049,0.105,0.1046,0.1048,491583.1
2026-05-30 21:00:00,0.1048,0.1051,0.1046,0.1047,911450.7
2026-05-30 22:00:00,0.1047,0.1047,0.1033,0.1036,726931.7
2026-05-30 23:00:00,0.1037,0.1039,0.1029,0.1034,2325020.1
2026-05-31 00:00:00,0.1034,0.1041,0.1031,0.1041,1617410.0
2026-05-31 01:00:00,0.1041,0.1046,0.104,0.1042,462635.3
2026-05-31 02:00:00,0.1042,0.1049,0.1037,0.1044,989110.9
2026-05-31 03:00:00,0.1045,0.1048,0.1041,0.1046,477279.2
2026-05-31 04:00:00,0.1046,0.1052,0.1044,0.105,1390683.0
2026-05-31 05:00:00,0.105,0.1051,0.1045,0.1046,490787.2
2026-05-31 06:00:00,0.1045,0.1045,0.1037,0.1037,744676.4
2026-05-31 07:00:00,0.1036,0.1037,0.1024,0.103,2138993.6
2026-05-31 08:00:00,0.103,0.1034,0.1027,0.1029,702628.6
2026-05-31 09:00:00,0.1029,0.1036,0.1026,0.1029,1006579.4
2026-05-31 10:00:00,0.1029,0.103,0.102,0.1025,1553375.3
2026-05-31 11:00:00,0.1026,0.1031,0.1025,0.103,1558970.2
2026-05-31 12:00:00,0.103,0.1035,0.1026,0.1033,923360.2
2026-05-31 13:00:00,0.1033,0.1034,0.1025,0.1026,1014383.4
2026-05-31 14:00:00,0.1026,0.1026,0.1003,0.1013,6983378.1
2026-05-31 15:00:00,0.1013,0.1021,0.1011,0.1012,1727441.1
2026-05-31 16:00:00,0.1011,0.1012,0.1002,0.1007,2967574.4
2026-05-31 17:00:00,0.1007,0.1016,0.1004,0.1016,892345.0
2026-05-31 18:00:00,0.1015,0.1018,0.101,0.1012,856307.9
2026-05-31 19:00:00,0.1012,0.1014,0.1005,0.1012,1213989.2
2026-05-31 20:00:00,0.1012,0.1019,0.1012,0.1017,1203903.1
2026-05-31 21:00:00,0.1018,0.103,0.1016,0.1028,956908.6
2026-05-31 22:00:00,0.1028,0.1038,0.1023,0.1037,2073003.8
2026-05-31 23:00:00,0.1037,0.1044,0.1026,0.1037,1103210.7
2026-06-01 00:00:00,0.1037,0.1041,0.1033,0.1034,2042543.0
2026-06-01 01:00:00,0.1034,0.1034,0.1016,0.1019,2315668.1
2026-06-01 02:00:00,0.1018,0.1036,0.1015,0.1035,1009932.5
2026-06-01 03:00:00,0.1035,0.1043,0.1034,0.1036,2445445.3
2026-06-01 04:00:00,0.1036,0.1042,0.102,0.1029,1386299.0
2026-06-01 05:00:00,0.1029,0.103,0.1019,0.1024,797793.2
2026-06-01 06:00:00,0.1024,0.1025,0.1007,0.1016,2142606.0
2026-06-01 07:00:00,0.1016,0.1019,0.1005,0.1008,2055431.2
2026-06-01 08:00:00,0.1008,0.1011,0.1002,0.1007,1891844.6
2026-06-01 09:00:00,0.1009,0.1017,0.1009,0.1013,1162156.3
2026-06-01 10:00:00,0.1012,0.1014,0.1005,0.1012,1587349.7
2026-06-01 11:00:00,0.1012,0.1016,0.1005,0.1007,1324170.9
2026-06-01 12:00:00,0.1008,0.101,0.0998,0.1002,2868903.4
2026-06-01 13:00:00,0.1003,0.1004,0.0983,0.0992,7115778.7
2026-06-01 14:00:00,0.0993,0.0997,0.0988,0.0992,4272334.2
2026-06-01 15:00:00,0.0993,0.1003,0.0987,0.1,2381484.9
2026-06-01 16:00:00,0.1,0.1012,0.0991,0.1012,3118609.9
2026-06-01 17:00:00,0.1012,0.1028,0.1009,0.1025,4063437.0
2026-06-01 18:00:00,0.1024,0.1036,0.102,0.1029,2396967.9
2026-06-01 19:00:00,0.1028,0.1033,0.1019,0.1032,1784419.6
2026-06-01 20:00:00,0.1033,0.1038,0.1027,0.1028,1773460.3
2026-06-01 21:00:00,0.1028,0.1029,0.1013,0.1016,1712250.1
2026-06-01 22:00:00,0.1015,0.102,0.1008,0.1019,2317939.3
2026-06-01 23:00:00,0.1019,0.1024,0.1015,0.1023,1823297.7
2026-06-02 00:00:00,0.1023,0.1028,0.1016,0.1016,1464765.7
2026-06-02 01:00:00,0.1016,0.102,0.1,0.1,2160522.8
2026-06-02 02:00:00,0.1001,0.1009,0.099,0.1009,3910682.5
2026-06-02 03:00:00,0.1009,0.1015,0.1005,0.1014,1773079.1
2026-06-02 04:00:00,0.1014,0.1017,0.1005,0.1005,1473419.9
2026-06-02 05:00:00,0.1005,0.1009,0.0993,0.0994,1956464.3
2026-06-02 06:00:00,0.0993,0.0997,0.0983,0.0988,3813098.7
2026-06-02 07:00:00,0.0989,0.099,0.0976,0.0985,2318781.4
2026-06-02 08:00:00,0.0984,0.0987,0.098,0.0983,1779447.5
2026-06-02 09:00:00,0.0984,0.0984,0.0973,0.0975,2809988.0
2026-06-02 10:00:00,0.0975,0.0983,0.097,0.0983,2455119.3
2026-06-02 11:00:00,0.0983,0.0988,0.098,0.0982,2113274.0
2026-06-02 12:00:00,0.098,0.0987,0.0977,0.0984,1507708.9
2026-06-02 13:00:00,0.0983,0.0989,0.098,0.0982,2685934.1
2026-06-02 14:00:00,0.0983,0.0983,0.0936,0.0951,9490976.1
2026-06-02 15:00:00,0.0951,0.0957,0.0924,0.0942,12715574.9
2026-06-02 16:00:00,0.0941,0.0963,0.0937,0.0951,3778761.7
2026-06-02 17:00:00,0.0951,0.0969,0.095,0.096,3978878.6
2026-06-02 18:00:00,0.096,0.0967,0.0942,0.0947,2800766.0
2026-06-02 19:00:00,0.0947,0.0952,0.0928,0.0947,4076663.1
2026-06-02 20:00:00,0.0947,0.0954,0.0937,0.0945,2293402.3
2026-06-02 21:00:00,0.0945,0.0954,0.094,0.0945,1857100.6
2026-06-02 22:00:00,0.0945,0.0946,0.0914,0.092,9863129.4
2026-06-02 23:00:00,0.0921,0.093,0.0909,0.0929,4658316.8
2026-06-03 00:00:00,0.093,0.0936,0.0925,0.093,2561879.3
2026-06-03 01:00:00,0.0929,0.0932,0.0917,0.092,2812636.1
2026-06-03 02:00:00,0.092,0.0921,0.0912,0.0918,1909474.0
2026-06-03 03:00:00,0.0917,0.0919,0.0893,0.0898,6003498.6
2026-06-03 04:00:00,0.0898,0.092,0.0898,0.092,4293702.1
2026-06-03 05:00:00,0.0919,0.0942,0.0919,0.094,4245464.1
2026-06-03 06:00:00,0.094,0.096,0.0937,0.0951,5216322.8
2026-06-03 07:00:00,0.0949,0.0961,0.0946,0.0961,1863181.3
2026-06-03 08:00:00,0.0961,0.0961,0.0953,0.0956,2107713.1
2026-06-03 09:00:00,0.0955,0.0962,0.0947,0.0957,4846951.0
2026-06-03 10:00:00,0.0957,0.0976,0.0957,0.0973,4256218.8
2026-06-03 11:00:00,0.0973,0.0981,0.0961,0.0964,2687984.0
2026-06-03 12:00:00,0.0964,0.0965,0.0955,0.0965,2441785.4
2026-06-03 13:00:00,0.0965,0.097,0.0957,0.0964,3883281.4
2026-06-03 14:00:00,0.0964,0.0967,0.0955,0.0961,2772975.5
2026-06-03 15:00:00,0.0961,0.0962,0.0947,0.0948,2367360.6
2026-06-03 16:00:00,0.0949,0.095,0.0931,0.0943,4683653.1
2026-06-03 17:00:00,0.0943,0.0952,0.0931,0.0946,3060263.3
2026-06-03 18:00:00,0.0947,0.0951,0.0936,0.0949,1935385.4
2026-06-03 19:00:00,0.0949,0.0951,0.0931,0.0934,2987014.7
2026-06-03 20:00:00,0.0933,0.0949,0.0916,0.0922,9744436.0
2026-06-03 21:00:00,0.0922,0.0955,0.092,0.0951,3958355.0
2026-06-03 22:00:00,0.095,0.0955,0.0935,0.094,2726789.0
2026-06-03 23:00:00,0.094,0.0941,0.093,0.093,2575648.7
2026-06-04 00:00:00,0.0929,0.0941,0.0914,0.0921,3179741.3
2026-06-04 01:00:00,0.0922,0.0927,0.089,0.0894,7851522.0
2026-06-04 02:00:00,0.0894,0.0906,0.0853,0.0897,19622602.7
2026-06-04 03:00:00,0.0898,0.0925,0.0898,0.0923,3570343.4
2026-06-04 04:00:00,0.0923,0.0928,0.0912,0.0914,2590147.6
2026-06-04 05:00:00,0.0914,0.0914,0.0896,0.0905,3218870.2
2026-06-04 06:00:00,0.0905,0.0916,0.0903,0.0906,2223577.1
2026-06-04 07:00:00,0.0906,0.0907,0.0892,0.0893,4297962.5
2026-06-04 08:00:00,0.0892,0.0898,0.0883,0.0892,2622422.9
2026-06-04 09:00:00,0.0891,0.0891,0.0864,0.0876,5920801.2
2026-06-04 10:00:00,0.0877,0.0879,0.0862,0.0867,6714968.1
2026-06-04 11:00:00,0.0868,0.0884,0.0866,0.0884,5022352.9
2026-06-04 12:00:00,0.0883,0.0907,0.0876,0.0905,5597235.3
2026-06-04 13:00:00,0.0906,0.0914,0.089,0.0913,4653582.5
2026-06-04 14:00:00,0.0914,0.0915,0.0902,0.0906,2867841.9
2026-06-04 15:00:00,0.0906,0.092,0.0901,0.0916,3826977.3
2026-06-04 16:00:00,0.0916,0.0918,0.0904,0.091,3714707.5
2026-06-04 17:00:00,0.0909,0.0914,0.0893,0.0899,2830120.0
2026-06-04 18:00:00,0.09,0.0911,0.0892,0.0907,1915762.2
2026-06-04 19:00:00,0.0906,0.0911,0.09,0.0904,1793842.9
2026-06-04 20:00:00,0.0903,0.0903,0.0892,0.0898,1278805.2
2026-06-04 21:00:00,0.0897,0.0901,0.0875,0.0878,1937205.3
2026-06-04 22:00:00,0.0878,0.0889,0.0874,0.0888,3199344.6
2026-06-04 23:00:00,0.0888,0.0894,0.0881,0.0893,972695.6
2026-06-05 00:00:00,0.0893,0.0899,0.0885,0.0886,2826325.4
2026-06-05 01:00:00,0.0885,0.0894,0.0878,0.0892,1466171.3
2026-06-05 02:00:00,0.0892,0.0892,0.0862,0.0863,1965496.3
2026-06-05 03:00:00,0.0862,0.0872,0.0854,0.086,3417358.6
2026-06-05 04:00:00,0.086,0.0877,0.0855,0.0875,3718647.1
2026-06-05 05:00:00,0.0876,0.0877,0.0844,0.0846,4926523.5
2026-06-05 06:00:00,0.0847,0.0847,0.0802,0.0826,15437062.2
2026-06-05 07:00:00,0.0825,0.0844,0.0808,0.0841,11923055.2
2026-06-05 08:00:00,0.0841,0.0842,0.0827,0.0832,3342512.8
2026-06-05 09:00:00,0.0832,0.0852,0.0832,0.0847,3231319.8
2026-06-05 10:00:00,0.0848,0.0851,0.0837,0.084,1620288.6
2026-06-05 11:00:00,0.084,0.0842,0.0818,0.082,7351094.8
2026-06-05 12:00:00,0.082,0.0826,0.0805,0.0814,6884077.8
2026-06-05 13:00:00,0.0814,0.0844,0.081,0.0811,8194857.0
2026-06-05 14:00:00,0.081,0.0832,0.08,0.0824,7693430.5
2026-06-05 15:00:00,0.0824,0.0827,0.0803,0.0811,6794639.6
2026-06-05 16:00:00,0.081,0.0827,0.0791,0.0826,13055747.9
2026-06-05 17:00:00,0.0825,0.0827,0.0809,0.0813,5050747.4
2026-06-05 18:00:00,0.0813,0.082,0.078,0.0784,7679802.8
2026-06-05 19:00:00,0.0784,0.0805,0.0771,0.0799,8050260.3
2026-06-05 20:00:00,0.0799,0.0819,0.079,0.0818,5529907.8
2026-06-05 21:00:00,0.0818,0.0824,0.0817,0.0817,2299695.3
2026-06-05 22:00:00,0.0816,0.0817,0.0801,0.0812,2477898.1
2026-06-05 23:00:00,0.0812,0.0816,0.0791,0.0804,6494482.9
2026-06-06 00:00:00,0.0804,0.0812,0.0804,0.0808,2367205.8
2026-06-06 01:00:00,0.0809,0.0812,0.08,0.0802,1208942.7
2026-06-06 02:00:00,0.0802,0.0803,0.0795,0.0797,1253966.7
2026-06-06 03:00:00,0.0797,0.0797,0.0786,0.0789,2469411.7
2026-06-06 04:00:00,0.079,0.0792,0.0747,0.0752,12422893.9
2026-06-06 05:00:00,0.0752,0.0776,0.074,0.0776,7842803.2
2026-06-06 06:00:00,0.0776,0.0791,0.0776,0.0779,3053644.6
2026-06-06 07:00:00,0.0779,0.0791,0.0777,0.079,3528035.2
2026-06-06 08:00:00,0.0789,0.0803,0.0787,0.08,2683129.5
2026-06-06 09:00:00,0.0799,0.0808,0.0793,0.0795,2666498.0
2026-06-06 10:00:00,0.0795,0.0795,0.0778,0.079,4949458.2
2026-06-06 11:00:00,0.0789,0.0799,0.0786,0.0796,2115078.5
2026-06-06 12:00:00,0.0797,0.0803,0.0788,0.08,2972260.8
2026-06-06 13:00:00,0.0799,0.0807,0.0798,0.0803,1884284.5
2026-06-06 14:00:00,0.0802,0.0809,0.0802,0.0803,2467773.6
2026-06-06 15:00:00,0.0803,0.0804,0.0789,0.0795,4241125.0
2026-06-06 16:00:00,0.0794,0.0799,0.0788,0.0798,1612926.3
2026-06-06 17:00:00,0.0798,0.08,0.0786,0.0788,2162037.1
2026-06-06 18:00:00,0.0788,0.0797,0.0787,0.0793,1264254.1
2026-06-06 19:00:00,0.0792,0.0798,0.0787,0.0787,1511868.3
2026-06-06 20:00:00,0.0787,0.0791,0.0785,0.079,1355324.9
2026-06-06 21:00:00,0.0791,0.0797,0.079,0.0792,1374939.7
2026-06-06 22:00:00,0.0791,0.0795,0.0788,0.0792,1166227.3
2026-06-06 23:00:00,0.0792,0.0801,0.0791,0.0799,844035.5
2026-06-07 00:00:00,0.08,0.0806,0.0798,0.0801,3146632.0
2026-06-07 01:00:00,0.08,0.0824,0.08,0.0821,3666128.5
2026-06-07 02:00:00,0.082,0.0822,0.0814,0.082,1620153.6
2026-06-07 03:00:00,0.0819,0.0823,0.0816,0.0821,1460177.0
2026-06-07 04:00:00,0.0821,0.0822,0.081,0.0821,1750599.1
2026-06-07 05:00:00,0.0821,0.083,0.0817,0.0826,4833249.2
2026-06-07 06:00:00,0.0826,0.084,0.0823,0.0829,24677903.6
2026-06-07 07:00:00,0.083,0.0834,0.0819,0.0827,32147198.5
2026-06-07 08:00:00,0.0827,0.0836,0.0821,0.0836,3412673.3
2026-06-07 09:00:00,0.0836,0.084,0.0827,0.0828,3228062.0
2026-06-07 10:00:00,0.0828,0.0832,0.082,0.0821,16195305.7
2026-06-07 11:00:00,0.0822,0.083,0.082,0.0826,1644527.2
2026-06-07 12:00:00,0.0825,0.0826,0.0807,0.0814,3005186.5
2026-06-07 13:00:00,0.0813,0.0816,0.081,0.0814,924449.0
2026-06-07 14:00:00,0.0814,0.0828,0.0814,0.0821,2443766.0
2026-06-07 15:00:00,0.0822,0.0822,0.0815,0.0819,2305509.5
2026-06-07 16:00:00,0.0819,0.082,0.0815,0.0817,1099840.4
2026-06-07 17:00:00,0.0817,0.0823,0.0816,0.0819,1338705.7
2026-06-07 18:00:00,0.0819,0.0821,0.0811,0.0811,1018883.1
2026-06-07 19:00:00,0.0812,0.0812,0.0793,0.0798,5260207.5
2026-06-07 20:00:00,0.0797,0.0808,0.0796,0.0807,3022587.5
2026-06-07 21:00:00,0.0807,0.0808,0.0801,0.0805,1133207.6
2026-06-07 22:00:00,0.0806,0.0853,0.0805,0.0824,9635895.4
2026-06-07 23:00:00,0.0824,0.0832,0.0824,0.0831,2363342.5
2026-06-08 00:00:00,0.0831,0.0841,0.0826,0.0836,1914137.3
2026-06-08 01:00:00,0.0836,0.0837,0.0817,0.0825,2241651.1
2026-06-08 02:00:00,0.0825,0.0828,0.0821,0.0824,1383882.1
2026-06-08 03:00:00,0.0825,0.083,0.0821,0.0825,733302.3
2026-06-08 04:00:00,0.0826,0.0826,0.0812,0.0813,925217.0
2026-06-08 05:00:00,0.0813,0.0816,0.0809,0.0816,2056547.8
2026-06-08 06:00:00,0.0815,0.0822,0.0815,0.0819,1535632.3
2026-06-08 07:00:00,0.0819,0.0825,0.0815,0.0823,1556132.4
2026-06-08 08:00:00,0.0823,0.0823,0.0812,0.0815,1859182.4
2026-06-08 09:00:00,0.0815,0.0827,0.0814,0.0827,3194917.9
2026-06-08 10:00:00,0.0827,0.0832,0.0822,0.0829,2378255.1
2026-06-08 11:00:00,0.0829,0.0841,0.0827,0.0834,3344326.7
2026-06-08 12:00:00,0.0834,0.0843,0.0825,0.0841,2880295.2
2026-06-08 13:00:00,0.0841,0.0842,0.0832,0.0834,2432398.4
2026-06-08 14:00:00,0.0834,0.084,0.0832,0.0839,3280409.3
2026-06-08 15:00:00,0.0839,0.0846,0.0835,0.0835,1735046.5
2026-06-08 16:00:00,0.0835,0.0844,0.083,0.0831,2999560.5
2026-06-08 17:00:00,0.0832,0.0837,0.0827,0.0837,2452121.5
2026-06-08 18:00:00,0.0838,0.084,0.0831,0.0832,1190282.0
2026-06-08 19:00:00,0.0833,0.0837,0.0831,0.0833,1321147.0
2026-06-08 20:00:00,0.0833,0.0833,0.0825,0.0831,1526573.1
2026-06-08 21:00:00,0.0832,0.084,0.0831,0.0831,1165342.3
2026-06-08 22:00:00,0.0831,0.0831,0.0822,0.0826,1823097.0
2026-06-08 23:00:00,0.0825,0.0829,0.0818,0.0822,2143661.7
2026-06-09 00:00:00,0.0822,0.0822,0.0801,0.0803,3810009.5
2026-06-09 01:00:00,0.0803,0.0809,0.0801,0.0807,2314304.0
2026-06-09 02:00:00,0.0808,0.0809,0.0798,0.0803,2375213.1
2026-06-09 03:00:00,0.0804,0.0806,0.0797,0.0805,1965521.3
2026-06-09 04:00:00,0.0805,0.0822,0.0803,0.0817,3490255.9
2026-06-09 05:00:00,0.0817,0.0824,0.0815,0.0819,1209168.2
2026-06-09 06:00:00,0.082,0.0823,0.0816,0.0817,1938468.8
2026-06-09 07:00:00,0.0817,0.0822,0.0813,0.0817,1068417.1
2026-06-09 08:00:00,0.0818,0.0819,0.081,0.0811,1685256.9
2026-06-09 09:00:00,0.0811,0.0813,0.0804,0.0805,1752122.1
2026-06-09 10:00:00,0.0806,0.0809,0.0802,0.0807,1996218.6
2026-06-09 11:00:00,0.0808,0.0808,0.0801,0.0804,1172481.7
2026-06-09 12:00:00,0.0804,0.081,0.0803,0.0808,2840125.2
2026-06-09 13:00:00,0.0809,0.0817,0.0806,0.0811,2965075.2
2026-06-09 14:00:00,0.0811,0.0813,0.0789,0.0801,6399911.9
2026-06-09 15:00:00,0.0801,0.0806,0.079,0.0792,3499505.8
2026-06-09 16:00:00,0.0791,0.0795,0.0779,0.079,6628599.2
2026-06-09 17:00:00,0.079,0.0807,0.079,0.0803,3688714.3
2026-06-09 18:00:00,0.0803,0.0812,0.0801,0.0808,1534783.5
2026-06-09 19:00:00,0.0808,0.0813,0.0805,0.0811,2485308.6
2026-06-09 20:00:00,0.0811,0.0817,0.081,0.0814,1940230.1
2026-06-09 21:00:00,0.0815,0.0815,0.0803,0.0805,1214670.2
2026-06-09 22:00:00,0.0804,0.0811,0.0801,0.0803,1794473.7
2026-06-09 23:00:00,0.0803,0.0808,0.0802,0.0803,2967010.2
2026-06-10 00:00:00,0.0804,0.0814,0.0803,0.0812,7087397.8
2026-06-10 01:00:00,0.0813,0.0814,0.0803,0.0805,1273670.4
2026-06-10 02:00:00,0.0805,0.0807,0.0795,0.0798,1149209.4
2026-06-10 03:00:00,0.0798,0.0803,0.0797,0.0799,878006.6
2026-06-10 04:00:00,0.0799,0.0801,0.0792,0.0796,900734.7
2026-06-10 05:00:00,0.0796,0.0797,0.079,0.0793,962063.5
2026-06-10 06:00:00,0.0793,0.0798,0.0791,0.0795,1157873.4
2026-06-10 07:00:00,0.0794,0.0802,0.0794,0.08,2547748.0
2026-06-10 08:00:00,0.0799,0.0799,0.0782,0.0786,6987656.9
2026-06-10 09:00:00,0.0785,0.0791,0.078,0.0789,1463831.3
2026-06-10 10:00:00,0.079,0.0793,0.0784,0.079,1265282.9
2026-06-10 11:00:00,0.0791,0.0793,0.0779,0.0782,3488093.8
2026-06-10 12:00:00,0.0782,0.0801,0.0778,0.0796,5593339.2
2026-06-10 13:00:00,0.0796,0.0814,0.0794,0.0805,4755165.6
2026-06-10 14:00:00,0.0805,0.0808,0.0798,0.0803,2992301.7
2026-06-10 15:00:00,0.0803,0.0817,0.0796,0.081,6407336.1
2026-06-10 16:00:00,0.081,0.0811,0.0787,0.0794,4927611.8
2026-06-10 17:00:00,0.0795,0.0799,0.0785,0.0792,3573585.5
2026-06-10 18:00:00,0.0793,0.0795,0.0786,0.0792,2109424.5
2026-06-10 19:00:00,0.0793,0.0795,0.078,0.0784,2123931.5
2026-06-10 20:00:00,0.0783,0.0786,0.0762,0.0771,4244283.6
2026-06-10 21:00:00,0.0771,0.0771,0.0757,0.076,2767989.5
2026-06-10 22:00:00,0.0761,0.0771,0.0756,0.0765,4944616.6
2026-06-10 23:00:00,0.0766,0.0777,0.0762,0.0776,3757086.9
2026-06-11 00:00:00,0.0776,0.0781,0.0775,0.0778,2629573.3
2026-06-11 01:00:00,0.0777,0.0789,0.0777,0.0787,1693053.4
2026-06-11 02:00:00,0.0786,0.0787,0.0776,0.078,1790390.1
2026-06-11 03:00:00,0.078,0.0815,0.0779,0.0805,8804043.4
2026-06-11 04:00:00,0.0806,0.0813,0.0801,0.0807,2626159.8
2026-06-11 05:00:00,0.0807,0.0808,0.08,0.08,1507861.2
2026-06-11 06:00:00,0.0801,0.0808,0.08,0.0803,2618857.2
2026-06-11 07:00:00,0.0801,0.0806,0.08,0.0803,1480497.0
2026-06-11 08:00:00,0.0803,0.0812,0.0803,0.0807,2361811.8
2026-06-11 09:00:00,0.0808,0.0808,0.08,0.0804,1599093.7
2026-06-11 10:00:00,0.0805,0.0812,0.0803,0.081,4142919.6
2026-06-11 11:00:00,0.081,0.0819,0.0808,0.0814,2375028.8
2026-06-11 12:00:00,0.0815,0.0816,0.08,0.0808,4146857.5
2026-06-11 13:00:00,0.0807,0.0814,0.0804,0.0811,2030829.3
2026-06-11 14:00:00,0.081,0.0814,0.0805,0.0808,1500438.6
2026-06-11 15:00:00,0.0808,0.081,0.0802,0.0807,3859859.5
2026-06-11 16:00:00,0.0808,0.081,0.0801,0.0803,2117717.6
2026-06-11 17:00:00,0.0802,0.0827,0.0798,0.0825,6048246.1
2026-06-11 18:00:00,0.0825,0.0861,0.0825,0.083,29644430.0
2026-06-11 19:00:00,0.083,0.085,0.0828,0.0837,4130397.7
2026-06-11 20:00:00,0.0837,0.0838,0.0828,0.0838,1716594.4
2026-06-11 21:00:00,0.0838,0.0846,0.0837,0.0843,2407219.2
2026-06-11 22:00:00,0.0844,0.0846,0.0833,0.0833,1603865.6
2026-06-11 23:00:00,0.0833,0.0837,0.0829,0.0835,1605244.0
2026-06-12 00:00:00,0.0836,0.0839,0.0832,0.0833,1657269.2
2026-06-12 01:00:00,0.0833,0.0833,0.0825,0.083,1141357.9
2026-06-12 02:00:00,0.0831,0.0836,0.0829,0.0834,779075.5
2026-06-12 03:00:00,0.0834,0.0838,0.0833,0.0835,2180136.2
2026-06-12 04:00:00,0.0836,0.0841,0.0833,0.0838,1019782.6
2026-06-12 05:00:00,0.0838,0.0839,0.0828,0.083,2109798.5
2026-06-12 06:00:00,0.0829,0.083,0.0819,0.082,2233352.3
2026-06-12 07:00:00,0.082,0.0827,0.082,0.0826,1657786.5
2026-06-12 08:00:00,0.0827,0.0838,0.0826,0.0837,2020257.7
2026-06-12 09:00:00,0.0837,0.085,0.0835,0.0845,3845846.3
2026-06-12 10:00:00,0.0844,0.0852,0.084,0.084,3778118.4
2026-06-12 11:00:00,0.084,0.0847,0.084,0.0844,1527115.6
2026-06-12 12:00:00,0.0843,0.085,0.0839,0.0841,2866193.4
2026-06-12 13:00:00,0.0842,0.0843,0.082,0.083,5310182.1
2026-06-12 14:00:00,0.0829,0.0855,0.0829,0.0854,5292868.5
2026-06-12 15:00:00,0.0853,0.0855,0.0833,0.0835,4145684.0
2026-06-12 16:00:00,0.0834,0.0844,0.0831,0.0843,2728582.5
2026-06-12 17:00:00,0.0844,0.0847,0.084,0.084,2506246.2
2026-06-12 18:00:00,0.084,0.0843,0.0835,0.0837,1037464.9
2026-06-12 19:00:00,0.0837,0.0845,0.0837,0.0839,1221063.1
2026-06-12 20:00:00,0.0839,0.0843,0.0835,0.0836,2021848.1
2026-06-12 21:00:00,0.0837,0.0844,0.0835,0.0838,1504566.9
2026-06-12 22:00:00,0.0838,0.084,0.0836,0.0839,718976.5
2026-06-12 23:00:00,0.0838,0.0839,0.0832,0.0839,909540.5
2026-06-13 00:00:00,0.0839,0.0844,0.0838,0.0843,1146958.9
2026-06-13 01:00:00,0.0842,0.0851,0.0841,0.0848,2610822.5
2026-06-13 02:00:00,0.0848,0.0848,0.0841,0.0845,809540.0
2026-06-13 03:00:00,0.0845,0.0847,0.0839,0.0842,1024532.3
2026-06-13 04:00:00,0.0842,0.0846,0.0839,0.084,1149276.9
2026-06-13 05:00:00,0.084,0.0844,0.0838,0.0841,806248.0
2026-06-13 06:00:00,0.0842,0.0854,0.0839,0.0851,2450563.7
2026-06-13 07:00:00,0.0851,0.086,0.0846,0.0857,3404731.1
2026-06-13 08:00:00,0.0857,0.0863,0.0855,0.0857,1429255.3
2026-06-13 09:00:00,0.0857,0.0861,0.0854,0.0855,967983.7
2026-06-13 10:00:00,0.0856,0.0861,0.0855,0.0857,845110.3
2026-06-13 11:00:00,0.0857,0.0865,0.0857,0.0864,883728.5
2026-06-13 12:00:00,0.0864,0.0868,0.0859,0.0862,1902580.5
2026-06-13 13:00:00,0.0862,0.0868,0.086,0.0862,1736996.9
2026-06-13 14:00:00,0.0862,0.0866,0.0859,0.0865,1632920.0
2026-06-13 15:00:00,0.0865,0.087,0.0862,0.0863,2484002.8
2026-06-13 16:00:00,0.0864,0.0864,0.0854,0.0858,2242818.9
2026-06-13 17:00:00,0.0858,0.0864,0.0856,0.0858,2506899.4
2026-06-13 18:00:00,0.0858,0.086,0.0852,0.0855,1600018.2
2026-06-13 19:00:00,0.0855,0.0859,0.0853,0.0855,1286014.4
2026-06-13 20:00:00,0.0856,0.0856,0.0852,0.0854,1383149.9
2026-06-13 21:00:00,0.0854,0.0863,0.0853,0.086,783766.1
2026-06-13 22:00:00,0.086,0.0861,0.0853,0.0853,679847.7
2026-06-13 23:00:00,0.0854,0.0856,0.0851,0.0852,1059750.8
2026-06-14 00:00:00,0.0853,0.0853,0.084,0.0845,2761454.4
2026-06-14 01:00:00,0.0845,0.0848,0.0841,0.0844,1546683.4
2026-06-14 02:00:00,0.0844,0.0848,0.0841,0.0842,1001098.5
2026-06-14 03:00:00,0.0841,0.0844,0.084,0.0843,478785.3
2026-06-14 04:00:00,0.0843,0.0843,0.0834,0.0836,1255438.2
2026-06-14 05:00:00,0.0836,0.084,0.0833,0.0838,1429813.2
2026-06-14 06:00:00,0.0838,0.0843,0.0835,0.0837,816262.2
2026-06-14 07:00:00,0.0836,0.0837,0.0833,0.0835,571863.9
2026-06-14 08:00:00,0.0836,0.0839,0.0833,0.0834,1182659.1
2026-06-14 09:00:00,0.0834,0.0837,0.0829,0.0835,1546666.0
2026-06-14 10:00:00,0.0835,0.0837,0.0832,0.0832,640164.2
2026-06-14 11:00:00,0.0832,0.0836,0.083,0.0834,1347443.6
2026-06-14 12:00:00,0.0834,0.0836,0.0828,0.0828,1821118.8
2026-06-14 13:00:00,0.0829,0.0834,0.0827,0.0831,1612219.2
2026-06-14 14:00:00,0.083,0.0831,0.0818,0.0824,2438459.6
2026-06-14 15:00:00,0.0825,0.0826,0.0823,0.0823,738112.2
2026-06-14 16:00:00,0.0823,0.0824,0.0819,0.082,1751092.4
2026-06-14 17:00:00,0.0819,0.0824,0.0817,0.0817,779260.9
2026-06-14 18:00:00,0.0818,0.0821,0.0817,0.0821,857252.5
2026-06-14 19:00:00,0.082,0.0835,0.082,0.0824,3232463.5
2026-06-14 20:00:00,0.0825,0.083,0.0823,0.0826,1039218.6
2026-06-14 21:00:00,0.0826,0.0861,0.0826,0.0854,3183186.9
2026-06-14 22:00:00,0.0855,0.0859,0.0849,0.0851,4161589.9
2026-06-14 23:00:00,0.0851,0.0859,0.0847,0.0858,1660935.2
2026-06-15 00:00:00,0.0858,0.0863,0.0852,0.0855,2944647.8
2026-06-15 01:00:00,0.0855,0.0856,0.0849,0.0852,1920833.0
2026-06-15 02:00:00,0.0851,0.0859,0.0851,0.0855,1228067.9
2026-06-15 03:00:00,0.0855,0.0864,0.0854,0.0861,815505.4
2026-06-15 04:00:00,0.086,0.0863,0.0855,0.0857,1018466.1
2026-06-15 05:00:00,0.0858,0.0869,0.0857,0.0869,1670551.2
2026-06-15 06:00:00,0.0868,0.0873,0.0863,0.0867,4732886.1
2026-06-15 07:00:00,0.0867,0.0872,0.0863,0.0863,1312259.4
2026-06-15 08:00:00,0.0864,0.0872,0.0863,0.0866,2724835.3
2026-06-15 09:00:00,0.0866,0.087,0.0863,0.0867,1270097.0
2026-06-15 10:00:00,0.0867,0.0877,0.0865,0.0875,3478297.9
2026-06-15 11:00:00,0.0875,0.0885,0.0871,0.0881,4013702.7
2026-06-15 12:00:00,0.0881,0.0886,0.0877,0.0884,2537482.6
2026-06-15 13:00:00,0.0884,0.0898,0.0883,0.0896,4711039.0
2026-06-15 14:00:00,0.0896,0.0897,0.0889,0.0891,2502215.2
2026-06-15 15:00:00,0.0891,0.0897,0.0879,0.0896,6942218.4
2026-06-15 16:00:00,0.0896,0.0899,0.0892,0.0892,2803559.2
2026-06-15 17:00:00,0.0892,0.0894,0.0885,0.0891,3969383.2
2026-06-15 18:00:00,0.0889,0.0892,0.0883,0.0883,1461406.3
2026-06-15 19:00:00,0.0882,0.0887,0.0869,0.0873,3337391.7
2026-06-15 20:00:00,0.0873,0.0875,0.0868,0.0868,1097786.7
2026-06-15 21:00:00,0.087,0.0873,0.0867,0.0869,714072.8
2026-06-15 22:00:00,0.0869,0.0873,0.0854,0.0857,2477166.1
2026-06-15 23:00:00,0.0858,0.0864,0.0855,0.0863,965110.4
2026-06-16 00:00:00,0.0863,0.0868,0.086,0.0863,1187361.5
2026-06-16 01:00:00,0.0861,0.0866,0.0861,0.0861,1340590.7
2026-06-16 02:00:00,0.0861,0.0863,0.0848,0.0852,2373244.5
2026-06-16 03:00:00,0.0853,0.0863,0.0851,0.0863,938466.6
2026-06-16 04:00:00,0.0862,0.0865,0.0852,0.0855,1240129.0
2026-06-16 05:00:00,0.0854,0.0861,0.0854,0.0859,1334115.7
2026-06-16 06:00:00,0.0859,0.0865,0.0858,0.0863,716137.1
2026-06-16 07:00:00,0.0863,0.0867,0.0859,0.0863,766078.0
2026-06-16 08:00:00,0.0864,0.0879,0.0863,0.0877,2218229.4
2026-06-16 09:00:00,0.0876,0.0881,0.0866,0.0867,1558313.3
2026-06-16 10:00:00,0.0867,0.0871,0.0865,0.0866,651207.9
2026-06-16 11:00:00,0.0866,0.0869,0.0861,0.0867,2168867.4
2026-06-16 12:00:00,0.0867,0.0877,0.0865,0.0871,1550279.5
2026-06-16 13:00:00,0.0872,0.0873,0.0856,0.0857,1877618.3
2026-06-16 14:00:00,0.0857,0.0861,0.0836,0.0841,3902488.0
2026-06-16 15:00:00,0.0841,0.085,0.084,0.0848,1136154.8
2026-06-16 16:00:00,0.0848,0.0849,0.0843,0.0845,1441624.5
2026-06-16 17:00:00,0.0846,0.0855,0.0844,0.0855,441054.8
2026-06-16 18:00:00,0.0855,0.0866,0.0855,0.086,2433267.4
2026-06-16 19:00:00,0.0858,0.0858,0.085,0.0854,1394231.2
2026-06-16 20:00:00,0.0854,0.0865,0.0852,0.0862,708382.4
2026-06-16 21:00:00,0.0863,0.0863,0.0856,0.0858,760488.1
2026-06-16 22:00:00,0.0858,0.0862,0.0856,0.0859,566794.0
2026-06-16 23:00:00,0.0859,0.086,0.0855,0.0856,357655.1
2026-06-17 00:00:00,0.0857,0.0865,0.0856,0.0862,521617.5
2026-06-17 01:00:00,0.0863,0.0885,0.0859,0.0883,1846203.9
2026-06-17 02:00:00,0.0884,0.0899,0.0883,0.0891,2239360.1
2026-06-17 03:00:00,0.0892,0.0892,0.0877,0.0888,1883573.3
2026-06-17 04:00:00,0.0888,0.0892,0.0883,0.0884,1415553.3
2026-06-17 05:00:00,0.0885,0.0889,0.0879,0.088,1313372.5
2026-06-17 06:00:00,0.0881,0.0884,0.0875,0.0875,895941.0
2026-06-17 07:00:00,0.0876,0.0884,0.0872,0.0878,2149012.1
2026-06-17 08:00:00,0.0878,0.0879,0.0862,0.0865,1555318.0
2026-06-17 09:00:00,0.0865,0.0868,0.0862,0.0865,1883542.0
2026-06-17 10:00:00,0.0866,0.0868,0.086,0.0861,1143625.5
2026-06-17 11:00:00,0.0861,0.0863,0.0855,0.0858,1557350.8
2026-06-17 12:00:00,0.0858,0.0865,0.0852,0.0864,2451827.2
2026-06-17 13:00:00,0.0864,0.0869,0.086,0.0861,1650482.0
2026-06-17 14:00:00,0.0861,0.0867,0.0854,0.0861,2948470.0
2026-06-17 15:00:00,0.0862,0.0884,0.0859,0.0884,2215593.8
2026-06-17 16:00:00,0.0884,0.0891,0.0877,0.0878,2703161.1
2026-06-17 17:00:00,0.0878,0.0884,0.0873,0.0883,1589025.5
2026-06-17 18:00:00,0.0883,0.0883,0.0853,0.0874,5113789.1
2026-06-17 19:00:00,0.0873,0.0876,0.0842,0.0847,4843738.6
2026-06-17 20:00:00,0.0847,0.0861,0.0844,0.0859,2750447.5
2026-06-17 21:00:00,0.0859,0.0859,0.0847,0.0853,1372148.2
2026-06-17 22:00:00,0.0853,0.0858,0.084,0.0855,1705398.8
2026-06-17 23:00:00,0.0856,0.0861,0.0855,0.0857,922187.6
2026-06-18 00:00:00,0.0858,0.0868,0.0857,0.0863,2363785.1
2026-06-18 01:00:00,0.0863,0.0877,0.0863,0.0872,1304325.4
2026-06-18 02:00:00,0.0873,0.0878,0.0868,0.0873,998895.9
2026-06-18 03:00:00,0.0872,0.0872,0.0856,0.0857,1003082.4
2026-06-18 04:00:00,0.0857,0.0859,0.0842,0.0843,2400984.8
2026-06-18 05:00:00,0.0843,0.0844,0.0836,0.0843,1556521.5
2026-06-18 06:00:00,0.0842,0.0846,0.0839,0.0845,1328817.7
2026-06-18 07:00:00,0.0844,0.0853,0.084,0.0851,1261172.4
2026-06-18 08:00:00,0.0851,0.0856,0.0848,0.0852,894215.3
2026-06-18 09:00:00,0.0851,0.086,0.085,0.0855,1295092.3
2026-06-18 10:00:00,0.0855,0.0855,0.0845,0.0847,2328918.1
2026-06-18 11:00:00,0.0847,0.085,0.084,0.0843,1254788.9
2026-06-18 12:00:00,0.0843,0.0853,0.0842,0.0853,2351164.1
2026-06-18 13:00:00,0.0853,0.0856,0.0838,0.0845,1778999.7
2026-06-18 14:00:00,0.0846,0.0857,0.0842,0.0853,2742163.0
2026-06-18 15:00:00,0.0853,0.0853,0.0812,0.0816,7216260.0
2026-06-18 16:00:00,0.0815,0.0827,0.0814,0.0825,3467437.1
2026-06-18 17:00:00,0.0826,0.0826,0.0815,0.0821,2306636.5
2026-06-18 18:00:00,0.0821,0.0828,0.0819,0.0825,2079145.3
2026-06-18 19:00:00,0.0825,0.0837,0.0822,0.0836,1087673.6
2026-06-18 20:00:00,0.0836,0.0851,0.0836,0.0848,1927895.1
2026-06-18 21:00:00,0.0849,0.0849,0.0841,0.0846,1070380.4
2026-06-18 22:00:00,0.0845,0.0849,0.0842,0.0847,647918.2
2026-06-18 23:00:00,0.0847,0.0855,0.0844,0.0853,791965.4
2026-06-19 00:00:00,0.0854,0.0858,0.0851,0.0858,1702664.3
2026-06-19 01:00:00,0.0858,0.0862,0.0853,0.0862,1053202.9
2026-06-19 02:00:00,0.0862,0.0866,0.0856,0.0865,1077773.7
2026-06-19 03:00:00,0.0865,0.0867,0.0841,0.0848,3275132.9
2026-06-19 04:00:00,0.0848,0.085,0.0828,0.0831,2478166.5
2026-06-19 05:00:00,0.0831,0.0837,0.0831,0.0834,951205.2
2026-06-19 06:00:00,0.0834,0.0837,0.083,0.0836,1370561.4
2026-06-19 07:00:00,0.0835,0.0835,0.0823,0.083,2533991.8
2026-06-19 08:00:00,0.083,0.084,0.0829,0.0835,1013416.0
2026-06-19 09:00:00,0.0835,0.0837,0.0825,0.0827,1435975.8
2026-06-19 10:00:00,0.0827,0.0827,0.0821,0.0825,984363.8
2026-06-19 11:00:00,0.0825,0.0828,0.0822,0.0825,624478.1
2026-06-19 12:00:00,0.0826,0.0837,0.0823,0.0837,1575252.6
2026-06-19 13:00:00,0.0838,0.0851,0.0832,0.085,1941247.6
2026-06-19 14:00:00,0.0849,0.0854,0.0843,0.0844,1653347.5
2026-06-19 15:00:00,0.0845,0.0849,0.0841,0.0845,649655.9
2026-06-19 16:00:00,0.0846,0.0851,0.0839,0.084,1129489.5
2026-06-19 17:00:00,0.084,0.085,0.0839,0.0847,620494.9
2026-06-19 18:00:00,0.0847,0.0847,0.0836,0.0838,912150.3
2026-06-19 19:00:00,0.0838,0.0838,0.0829,0.0831,802344.6
2026-06-19 20:00:00,0.0831,0.0838,0.0828,0.0838,840863.8
2026-06-19 21:00:00,0.0837,0.0839,0.0829,0.0831,966398.5
2026-06-19 22:00:00,0.0831,0.0837,0.0829,0.0835,431757.2
2026-06-19 23:00:00,0.0835,0.084,0.0832,0.0839,991400.3
2026-06-20 00:00:00,0.0839,0.0847,0.0837,0.0837,809706.8
2026-06-20 01:00:00,0.0837,0.0839,0.0834,0.0834,1051658.8
2026-06-20 02:00:00,0.0835,0.0836,0.0828,0.0828,1113267.5
2026-06-20 03:00:00,0.0828,0.0832,0.0827,0.0831,646944.4
2026-06-20 04:00:00,0.0831,0.0836,0.0829,0.0835,714201.8
2026-06-20 05:00:00,0.0836,0.0848,0.0833,0.0841,1988174.3
2026-06-20 06:00:00,0.0841,0.0845,0.084,0.0844,550780.1
2026-06-20 07:00:00,0.0844,0.0847,0.0839,0.0842,1242292.8
2026-06-20 08:00:00,0.0843,0.0846,0.0839,0.0841,1406758.7
2026-06-20 09:00:00,0.0841,0.0846,0.0841,0.0844,731802.5
2026-06-20 10:00:00,0.0844,0.0847,0.0839,0.0841,562099.7
2026-06-20 11:00:00,0.0841,0.0844,0.0837,0.0837,1123270.6
2026-06-20 12:00:00,0.0838,0.0841,0.0832,0.0834,880479.9
2026-06-20 13:00:00,0.0834,0.0834,0.0824,0.0828,2608999.1
2026-06-20 14:00:00,0.0827,0.0841,0.0818,0.0834,2336052.9
2026-06-20 15:00:00,0.0834,0.0845,0.0832,0.084,2990429.9
2026-06-20 16:00:00,0.084,0.084,0.0831,0.0835,432417.1
2026-06-20 17:00:00,0.0835,0.0835,0.0825,0.0829,760163.8
2026-06-20 18:00:00,0.083,0.0833,0.0828,0.083,436605.4
2026-06-20 19:00:00,0.083,0.0833,0.0829,0.0832,429440.5
2026-06-20 20:00:00,0.0832,0.0833,0.0829,0.0832,437240.4
2026-06-20 21:00:00,0.0833,0.0837,0.0832,0.0835,573686.0
2026-06-20 22:00:00,0.0835,0.0849,0.0833,0.0847,1618601.3
2026-06-20 23:00:00,0.0847,0.0851,0.0845,0.0846,748558.5
2026-06-21 00:00:00,0.0846,0.0846,0.084,0.0843,462550.2
2026-06-21 01:00:00,0.0844,0.0845,0.084,0.0842,176320.1
2026-06-21 02:00:00,0.0841,0.0841,0.0837,0.084,680584.7
2026-06-21 03:00:00,0.0839,0.0843,0.0837,0.0838,645402.2
2026-06-21 04:00:00,0.0838,0.0839,0.0832,0.0832,1237423.9
2026-06-21 05:00:00,0.0832,0.0834,0.0829,0.0831,682357.6
2026-06-21 06:00:00,0.0831,0.0836,0.083,0.0834,391137.2
2026-06-21 07:00:00,0.0834,0.0839,0.0832,0.0835,1012832.7
2026-06-21 08:00:00,0.0836,0.0837,0.0828,0.0835,1322140.3
2026-06-21 09:00:00,0.0836,0.0845,0.0833,0.0845,1313282.5
2026-06-21 10:00:00,0.0845,0.0848,0.0841,0.0841,665719.4
2026-06-21 11:00:00,0.0841,0.0844,0.0834,0.0837,842521.0
2026-06-21 12:00:00,0.0837,0.0839,0.0833,0.0839,909639.0
2026-06-21 13:00:00,0.0838,0.0842,0.0836,0.0841,970416.4
2026-06-21 14:00:00,0.0842,0.0844,0.0836,0.0841,818428.7
2026-06-21 15:00:00,0.0841,0.0847,0.0839,0.0844,744989.3
2026-06-21 16:00:00,0.0844,0.0845,0.0835,0.084,1079394.7
2026-06-21 17:00:00,0.0841,0.0844,0.0836,0.0837,1125656.3
2026-06-21 18:00:00,0.0837,0.0841,0.0832,0.0838,538986.5
2026-06-21 19:00:00,0.0838,0.0841,0.0836,0.0836,223111.9
2026-06-21 20:00:00,0.0836,0.0838,0.0828,0.0829,1687047.2
2026-06-21 21:00:00,0.083,0.083,0.0816,0.0823,2337389.1
2026-06-21 22:00:00,0.0823,0.0827,0.082,0.0823,1180077.6
2026-06-21 23:00:00,0.0823,0.0825,0.0817,0.0819,2000559.4
2026-06-22 00:00:00,0.0819,0.0834,0.0819,0.0833,1500397.5
2026-06-22 01:00:00,0.0833,0.0852,0.0831,0.0847,2529637.2
2026-06-22 02:00:00,0.0847,0.0848,0.0839,0.0839,725006.5
2026-06-22 03:00:00,0.0839,0.084,0.083,0.0832,692604.0
2026-06-22 04:00:00,0.0831,0.0837,0.0829,0.0835,1377874.8
2026-06-22 05:00:00,0.0836,0.0841,0.0835,0.0839,1189956.3
2026-06-22 06:00:00,0.084,0.0843,0.0837,0.0842,1363692.7
2026-06-22 07:00:00,0.0841,0.0853,0.0841,0.085,2072749.3
2026-06-22 08:00:00,0.0851,0.0855,0.0848,0.0852,941689.1
2026-06-22 09:00:00,0.0852,0.0856,0.0851,0.0854,1516535.1
2026-06-22 10:00:00,0.0853,0.0857,0.0848,0.0852,1013991.8
2026-06-22 11:00:00,0.0852,0.0865,0.085,0.0861,2375759.2
2026-06-22 12:00:00,0.0862,0.0865,0.0858,0.0862,2789193.2
2026-06-22 13:00:00,0.0861,0.087,0.0858,0.0868,2706589.9
2026-06-22 14:00:00,0.0868,0.0868,0.0849,0.0856,1613396.1
2026-06-22 15:00:00,0.0856,0.0859,0.0845,0.0847,2968674.1
2026-06-22 16:00:00,0.0847,0.0852,0.0843,0.0851,2064742.9
2026-06-22 17:00:00,0.085,0.085,0.0841,0.0848,1180162.4
2026-06-22 18:00:00,0.0848,0.0851,0.0838,0.0839,1414390.2
2026-06-22 19:00:00,0.0839,0.084,0.0834,0.0837,1744523.4
2026-06-22 20:00:00,0.0837,0.0842,0.0837,0.084,775726.0
2026-06-22 21:00:00,0.084,0.084,0.0832,0.0836,623648.7
2026-06-22 22:00:00,0.0836,0.0838,0.0824,0.083,1844581.5
2026-06-22 23:00:00,0.0829,0.0833,0.0828,0.0832,545433.1
2026-06-23 00:00:00,0.0832,0.0832,0.0826,0.0832,1031167.2
2026-06-23 01:00:00,0.0832,0.0834,0.0824,0.083,1050809.2
2026-06-23 02:00:00,0.083,0.083,0.0826,0.0829,771941.5
2026-06-23 03:00:00,0.0828,0.0829,0.0823,0.0828,1432260.0
2026-06-23 04:00:00,0.0828,0.0829,0.082,0.082,1186294.9
2026-06-23 05:00:00,0.0821,0.0822,0.0814,0.0817,1456857.0
2026-06-23 06:00:00,0.0817,0.0817,0.0791,0.0798,5994310.0
2026-06-23 07:00:00,0.0799,0.0802,0.0795,0.0796,2356507.4
2026-06-23 08:00:00,0.0796,0.0796,0.0767,0.0774,9757886.2
2026-06-23 09:00:00,0.0775,0.0781,0.0772,0.0778,3429269.5
2026-06-23 10:00:00,0.0778,0.0782,0.0775,0.0778,2450729.6
2026-06-23 11:00:00,0.0778,0.0791,0.0777,0.0791,2529763.1
2026-06-23 12:00:00,0.079,0.0792,0.0786,0.0787,1988534.6
2026-06-23 13:00:00,0.0788,0.08,0.0784,0.0798,1526136.1
2026-06-23 14:00:00,0.0798,0.0806,0.0791,0.0792,2123266.0
2026-06-23 15:00:00,0.0792,0.0792,0.0781,0.0786,1762081.7
2026-06-23 16:00:00,0.0786,0.0792,0.0783,0.0785,2202813.2
2026-06-23 17:00:00,0.0784,0.079,0.0781,0.0782,1189249.0
2026-06-23 18:00:00,0.0782,0.0787,0.0779,0.0783,1461137.6
2026-06-23 19:00:00,0.0783,0.0787,0.0782,0.0786,816362.8
2026-06-23 20:00:00,0.0786,0.0792,0.0786,0.079,1267181.4
2026-06-23 21:00:00,0.079,0.0793,0.0789,0.0791,766280.4
2026-06-23 22:00:00,0.079,0.0795,0.0789,0.0791,467554.3
2026-06-23 23:00:00,0.0791,0.0793,0.0788,0.0791,603535.4
2026-06-24 00:00:00,0.0791,0.0794,0.079,0.0791,757858.6
2026-06-24 01:00:00,0.0791,0.0794,0.0786,0.0787,985053.6
2026-06-24 02:00:00,0.0788,0.0788,0.0781,0.0782,1376021.9
2026-06-24 03:00:00,0.0782,0.0784,0.0777,0.0781,1087330.3
2026-06-24 04:00:00,0.0781,0.0785,0.0774,0.0783,745098.5
2026-06-24 05:00:00,0.0783,0.0789,0.0783,0.0787,647140.2
2026-06-24 06:00:00,0.0788,0.0788,0.0783,0.0786,569124.3
2026-06-24 07:00:00,0.0786,0.0787,0.0783,0.0784,818064.7
2026-06-24 08:00:00,0.0784,0.0787,0.0783,0.0786,696205.9
2026-06-24 09:00:00,0.0786,0.0787,0.0781,0.0785,1027069.3
2026-06-24 10:00:00,0.0784,0.0785,0.0777,0.0779,1941690.5
2026-06-24 11:00:00,0.0778,0.0791,0.0774,0.0786,2016806.8
2026-06-24 12:00:00,0.0786,0.0787,0.0781,0.0782,968094.7
2026-06-24 13:00:00,0.0782,0.0782,0.0762,0.0769,6615058.2
2026-06-24 14:00:00,0.0768,0.0775,0.0764,0.0772,4717871.5
2026-06-24 15:00:00,0.0773,0.0773,0.0752,0.0755,4833678.1
2026-06-24 16:00:00,0.0754,0.0765,0.073,0.0739,11596287.5
2026-06-24 17:00:00,0.0738,0.0745,0.0727,0.0731,6013989.1
2026-06-24 18:00:00,0.0732,0.0745,0.0727,0.0737,4309416.1
2026-06-24 19:00:00,0.0738,0.0745,0.0735,0.0745,2611675.7
2026-06-24 20:00:00,0.0745,0.0764,0.0743,0.0762,2974278.8
2026-06-24 21:00:00,0.0762,0.0765,0.0758,0.0765,812202.4
2026-06-24 22:00:00,0.0764,0.077,0.0759,0.0759,753352.0
2026-06-24 23:00:00,0.076,0.0762,0.0758,0.0761,1154650.4
2026-06-25 00:00:00,0.0761,0.0765,0.0759,0.076,1382905.0
2026-06-25 01:00:00,0.0761,0.077,0.076,0.076,4061505.9
2026-06-25 02:00:00,0.076,0.0762,0.0758,0.076,716478.9
2026-06-25 03:00:00,0.0759,0.0761,0.0754,0.0756,774345.0
2026-06-25 04:00:00,0.0756,0.0765,0.0754,0.0765,837441.1
2026-06-25 05:00:00,0.0764,0.0774,0.0764,0.0771,2114453.4
2026-06-25 06:00:00,0.0771,0.0774,0.0769,0.077,1196470.7
2026-06-25 07:00:00,0.077,0.0773,0.0768,0.0773,1835662.1
2026-06-25 08:00:00,0.0773,0.0774,0.0769,0.077,663833.7
2026-06-25 09:00:00,0.077,0.0771,0.0767,0.0769,686239.6
2026-06-25 10:00:00,0.0769,0.077,0.0762,0.0762,1447495.5
2026-06-25 11:00:00,0.0762,0.0764,0.0759,0.076,1474579.7
2026-06-25 12:00:00,0.076,0.077,0.0755,0.0761,2667355.8
2026-06-25 13:00:00,0.0761,0.0767,0.0705,0.0708,12361559.1
2026-06-25 14:00:00,0.0708,0.0746,0.0708,0.0732,8582136.7
2026-06-25 15:00:00,0.0732,0.0734,0.0722,0.0733,3287932.3
2026-06-25 16:00:00,0.0733,0.0742,0.0723,0.0724,2061513.6
2026-06-25 17:00:00,0.0725,0.0738,0.0724,0.0738,2522895.8
2026-06-25 18:00:00,0.0737,0.074,0.0726,0.0728,1901054.8
2026-06-25 19:00:00,0.0729,0.0729,0.0719,0.0722,1681055.2
2026-06-25 20:00:00,0.0723,0.073,0.072,0.0722,1615048.1
2026-06-25 21:00:00,0.0722,0.0738,0.0722,0.0737,1012370.2
2026-06-25 22:00:00,0.0737,0.0738,0.0731,0.0732,828099.8
2026-06-25 23:00:00,0.0731,0.0737,0.073,0.0733,474083.5
2026-06-26 00:00:00,0.0733,0.0735,0.0732,0.0732,986820.1
2026-06-26 01:00:00,0.0732,0.0734,0.0724,0.0726,1016848.2
2026-06-26 02:00:00,0.0726,0.0727,0.0708,0.0711,5434040.1
2026-06-26 03:00:00,0.0711,0.073,0.0705,0.0728,5262486.3
2026-06-26 04:00:00,0.0728,0.0731,0.0723,0.0724,1729125.3
2026-06-26 05:00:00,0.0723,0.0731,0.0722,0.0728,773989.3
2026-06-26 06:00:00,0.0727,0.0739,0.0723,0.0737,3413447.7
2026-06-26 07:00:00,0.0738,0.0743,0.0737,0.0741,2391319.5
2026-06-26 08:00:00,0.0741,0.0743,0.0729,0.0731,2118456.4
2026-06-26 09:00:00,0.0731,0.0731,0.072,0.0721,1859287.0
2026-06-26 10:00:00,0.0721,0.0724,0.0717,0.0718,1330566.2
2026-06-26 11:00:00,0.0719,0.0722,0.0712,0.0715,1597825.9
2026-06-26 12:00:00,0.0715,0.0723,0.071,0.0716,2287418.0
2026-06-26 13:00:00,0.0716,0.0731,0.0706,0.0729,5077985.5
2026-06-26 14:00:00,0.0729,0.0733,0.0721,0.0724,3707471.5
2026-06-26 15:00:00,0.0725,0.0739,0.0723,0.0734,2754926.7
2026-06-26 16:00:00,0.0735,0.0744,0.073,0.0739,2938878.5
2026-06-26 17:00:00,0.0738,0.0747,0.0738,0.0744,2709105.3
2026-06-26 18:00:00,0.0743,0.0752,0.0737,0.0738,2872153.8
2026-06-26 19:00:00,0.0738,0.0747,0.0736,0.0739,2292540.2
2026-06-26 20:00:00,0.074,0.075,0.0737,0.0738,2055849.0
2026-06-26 21:00:00,0.0738,0.0743,0.0735,0.074,1344456.1
2026-06-26 22:00:00,0.0739,0.0743,0.0737,0.0743,855288.6
2026-06-26 23:00:00,0.0743,0.0745,0.074,0.0744,815636.3
2026-06-27 00:00:00,0.0744,0.0748,0.0741,0.0746,987527.8
2026-06-27 01:00:00,0.0747,0.0747,0.0744,0.0745,751192.8
2026-06-27 02:00:00,0.0746,0.0755,0.0745,0.0754,909683.5
2026-06-27 03:00:00,0.0754,0.0755,0.075,0.0753,634644.0
2026-06-27 04:00:00,0.0753,0.0757,0.0748,0.0749,924082.3
2026-06-27 05:00:00,0.075,0.0751,0.0746,0.0751,839883.3
2026-06-27 06:00:00,0.075,0.0755,0.0746,0.075,692103.4
2026-06-27 07:00:00,0.0751,0.0753,0.0748,0.075,674296.6
2026-06-27 08:00:00,0.075,0.075,0.0745,0.0747,748689.0
2026-06-27 09:00:00,0.0747,0.0747,0.0742,0.0744,1175407.2
2026-06-27 10:00:00,0.0744,0.0745,0.0742,0.0745,1066123.7
2026-06-27 11:00:00,0.0744,0.0757,0.074,0.0744,4617448.4
2026-06-27 12:00:00,0.0745,0.0754,0.0744,0.0752,2833623.0
2026-06-27 13:00:00,0.0751,0.0757,0.075,0.0755,1194598.8
2026-06-27 14:00:00,0.0755,0.0758,0.0748,0.0752,2756821.2
2026-06-27 15:00:00,0.0753,0.0758,0.0751,0.0758,1694866.9
2026-06-27 16:00:00,0.0757,0.0759,0.0754,0.0755,541106.7
2026-06-27 17:00:00,0.0755,0.0755,0.0747,0.0747,1968253.3
2026-06-27 18:00:00,0.0746,0.0747,0.0741,0.0744,1310854.2
2026-06-27 19:00:00,0.0744,0.0756,0.0735,0.074,4422302.9
2026-06-27 20:00:00,0.074,0.0742,0.0738,0.074,847898.7
2026-06-27 21:00:00,0.074,0.0744,0.0733,0.0736,1376413.4
2026-06-27 22:00:00,0.0735,0.0738,0.0729,0.0738,942908.4
2026-06-27 23:00:00,0.0737,0.0738,0.0733,0.0734,654041.4
2026-06-28 00:00:00,0.0734,0.0737,0.0733,0.0736,628876.1
2026-06-28 01:00:00,0.0735,0.0737,0.0734,0.0736,419994.3
2026-06-28 02:00:00,0.0737,0.0739,0.0734,0.0735,623141.4
2026-06-28 03:00:00,0.0736,0.074,0.0736,0.074,257228.5
2026-06-28 04:00:00,0.074,0.0741,0.0737,0.0739,405842.2
2026-06-28 05:00:00,0.0738,0.0739,0.0732,0.0735,507930.0
2026-06-28 06:00:00,0.0735,0.0736,0.0729,0.0733,701569.9
2026-06-28 07:00:00,0.0732,0.0738,0.0732,0.0736,713551.3
2026-06-28 08:00:00,0.0736,0.0744,0.0735,0.0741,1236570.2
2026-06-28 09:00:00,0.0741,0.0744,0.0737,0.0737,551815.8
2026-06-28 10:00:00,0.0737,0.0741,0.0736,0.0741,403768.8
2026-06-28 11:00:00,0.0742,0.0745,0.074,0.0745,1014017.2
2026-06-28 12:00:00,0.0746,0.0746,0.074,0.0742,475316.1
2026-06-28 13:00:00,0.0742,0.0742,0.0737,0.0737,806252.5
2026-06-28 14:00:00,0.0737,0.0744,0.0737,0.074,745248.9
2026-06-28 15:00:00,0.074,0.0745,0.0737,0.074,1732366.4
2026-06-28 16:00:00,0.0741,0.0741,0.0732,0.0736,1349625.6
2026-06-28 17:00:00,0.0735,0.0737,0.0728,0.0734,1269128.8
2026-06-28 18:00:00,0.0733,0.0734,0.0731,0.0734,387959.8
2026-06-28 19:00:00,0.0734,0.0736,0.0727,0.0732,852999.1
2026-06-28 20:00:00,0.0731,0.0737,0.073,0.0733,1696863.8
2026-06-28 21:00:00,0.0733,0.0734,0.0724,0.0728,1026831.8
2026-06-28 22:00:00,0.0729,0.0738,0.0723,0.0727,1457624.1
2026-06-28 23:00:00,0.0726,0.0742,0.0726,0.0739,1520042.3
2026-06-29 00:00:00,0.0739,0.0743,0.0731,0.0743,1618066.3
2026-06-29 01:00:00,0.0742,0.0743,0.0737,0.0741,820762.6
2026-06-29 02:00:00,0.074,0.075,0.0732,0.0749,1411144.0
2026-06-29 03:00:00,0.0749,0.0763,0.0749,0.0757,19557762.2
2026-06-29 04:00:00,0.0757,0.0762,0.0748,0.0748,18796700.5
2026-06-29 05:00:00,0.0749,0.0758,0.0744,0.0753,3884287.5
2026-06-29 06:00:00,0.0753,0.076,0.0752,0.0756,2424495.0
2026-06-29 07:00:00,0.0755,0.076,0.0752,0.0757,1390595.1
2026-06-29 08:00:00,0.0757,0.076,0.0753,0.0753,769826.6
2026-06-29 09:00:00,0.0753,0.0758,0.0752,0.0757,1242021.1
2026-06-29 10:00:00,0.0758,0.0768,0.0758,0.0763,2916214.1
2026-06-29 11:00:00,0.0763,0.0765,0.0756,0.0759,2740009.8
2026-06-29 12:00:00,0.076,0.0773,0.0753,0.0759,3531720.0
2026-06-29 13:00:00,0.076,0.0765,0.0749,0.0753,3172891.7
2026-06-29 14:00:00,0.0753,0.0756,0.0746,0.0755,2413438.9
2026-06-29 15:00:00,0.0754,0.0761,0.0747,0.0761,1583646.7
2026-06-29 16:00:00,0.076,0.0765,0.0756,0.0762,1952841.0
2026-06-29 17:00:00,0.0761,0.0779,0.0761,0.0774,3098430.1
2026-06-29 18:00:00,0.0773,0.0782,0.0767,0.077,3183877.0
2026-06-29 19:00:00,0.0769,0.0783,0.0767,0.0772,4286721.0
2026-06-29 20:00:00,0.0773,0.0778,0.0769,0.0769,1456420.8
2026-06-29 21:00:00,0.077,0.0772,0.0766,0.077,1043747.3
2026-06-29 22:00:00,0.0771,0.0773,0.0768,0.0768,869063.2
2026-06-29 23:00:00,0.0768,0.077,0.0766,0.0768,751183.8
2026-06-30 00:00:00,0.0768,0.0768,0.0757,0.0761,1949774.8
2026-06-30 01:00:00,0.0761,0.0765,0.0758,0.0761,1133781.6
2026-06-30 02:00:00,0.0761,0.0766,0.0757,0.0764,1038521.3
2026-06-30 03:00:00,0.0764,0.0765,0.0759,0.0759,808420.4
2026-06-30 04:00:00,0.0759,0.0762,0.0757,0.076,444675.5
2026-06-30 05:00:00,0.0759,0.076,0.0755,0.0758,1321920.2
2026-06-30 06:00:00,0.0758,0.0769,0.0756,0.076,3825997.2
2026-06-30 07:00:00,0.076,0.0761,0.0752,0.0753,1352281.3
2026-06-30 08:00:00,0.0753,0.0753,0.0743,0.0746,2080367.9
2026-06-30 09:00:00,0.0746,0.0748,0.0744,0.0747,1555050.5
2026-06-30 10:00:00,0.0747,0.075,0.0746,0.0749,928806.4
2026-06-30 11:00:00,0.0748,0.0749,0.0741,0.0744,1539711.9
2026-06-30 12:00:00,0.0743,0.0743,0.0736,0.0736,2186209.3
2026-06-30 13:00:00,0.0736,0.0752,0.0736,0.0749,2761152.1
2026-06-30 14:00:00,0.0749,0.0756,0.0745,0.0745,1899767.0
2026-06-30 15:00:00,0.0745,0.0749,0.0741,0.0744,4109463.7
2026-06-30 16:00:00,0.0744,0.0755,0.0744,0.0754,1709615.9
2026-06-30 17:00:00,0.0754,0.0759,0.0753,0.0754,1294172.5
2026-06-30 18:00:00,0.0754,0.0768,0.0752,0.0765,3854550.6
2026-06-30 19:00:00,0.0764,0.0766,0.0759,0.0761,1928559.1
2026-06-30 20:00:00,0.076,0.0762,0.0756,0.0758,1332404.4
2026-06-30 21:00:00,0.0757,0.0763,0.0755,0.0761,976227.7
2026-06-30 22:00:00,0.076,0.0766,0.0759,0.076,1164598.9
2026-06-30 23:00:00,0.0761,0.0762,0.0759,0.0761,1090982.0
2026-07-01 00:00:00,0.0762,0.0765,0.0759,0.0763,1346143.2
2026-07-01 01:00:00,0.0764,0.0771,0.075,0.0766,4909801.5
2026-07-01 02:00:00,0.0767,0.0775,0.0764,0.0775,1165268.2
2026-07-01 03:00:00,0.0774,0.0779,0.077,0.0775,1950136.0
2026-07-01 04:00:00,0.0775,0.0783,0.0774,0.078,1516617.5
2026-07-01 05:00:00,0.078,0.0781,0.0775,0.0779,903316.7
2026-07-01 06:00:00,0.0779,0.078,0.0767,0.0769,2211867.3
2026-07-01 07:00:00,0.077,0.0776,0.0765,0.0773,1688779.6
2026-07-01 08:00:00,0.0773,0.0779,0.0771,0.0778,1946844.3
2026-07-01 09:00:00,0.0778,0.0782,0.0772,0.0778,3429200.4
2026-07-01 10:00:00,0.0778,0.078,0.0773,0.0776,1543073.5
2026-07-01 11:00:00,0.0776,0.0779,0.0769,0.0771,1420276.2
2026-07-01 12:00:00,0.0772,0.0773,0.0762,0.0766,2379910.4
2026-07-01 13:00:00,0.0767,0.0776,0.076,0.0775,3802426.6
2026-07-01 14:00:00,0.0774,0.0782,0.0771,0.0774,1899529.1
2026-07-01 15:00:00,0.0774,0.0787,0.0774,0.0781,2508336.9
2026-07-01 16:00:00,0.078,0.0783,0.0773,0.0773,1979880.5
2026-07-01 17:00:00,0.0774,0.0782,0.077,0.078,3299449.7
2026-07-01 18:00:00,0.0779,0.0786,0.0773,0.0775,3861926.0
2026-07-01 19:00:00,0.0775,0.0782,0.0772,0.0779,2182395.5
2026-07-01 20:00:00,0.0779,0.078,0.0769,0.0776,2594571.4
2026-07-01 21:00:00,0.0776,0.0786,0.0775,0.0784,1124968.5
2026-07-01 22:00:00,0.0783,0.0793,0.078,0.0781,2629447.3
2026-07-01 23:00:00,0.0781,0.0781,0.0766,0.0768,2908036.3
2026-07-02 00:00:00,0.0767,0.0768,0.0763,0.0768,1379774.7
2026-07-02 01:00:00,0.0768,0.0774,0.0768,0.0768,2608147.2
2026-07-02 02:00:00,0.0768,0.0773,0.0765,0.0771,982232.2
2026-07-02 03:00:00,0.077,0.0785,0.0768,0.0785,3175605.4
2026-07-02 04:00:00,0.0785,0.0789,0.0781,0.0784,2323916.4
2026-07-02 05:00:00,0.0783,0.0783,0.0778,0.078,1043756.9
2026-07-02 06:00:00,0.0779,0.078,0.0773,0.0773,1082753.5
2026-07-02 07:00:00,0.0773,0.0774,0.0764,0.077,3766518.7
2026-07-02 08:00:00,0.0771,0.0782,0.0768,0.0777,4805114.3
2026-07-02 09:00:00,0.0777,0.0785,0.0774,0.0778,3196989.9
2026-07-02 10:00:00,0.0779,0.0784,0.0778,0.0782,1466931.6
2026-07-02 11:00:00,0.0782,0.0783,0.0778,0.0781,1844923.6
2026-07-02 12:00:00,0.078,0.0788,0.0779,0.0784,3936181.3
2026-07-02 13:00:00,0.0785,0.0797,0.0776,0.079,15888257.0
2026-07-02 14:00:00,0.0791,0.0793,0.0772,0.0774,5942181.9
2026-07-02 15:00:00,0.0774,0.0776,0.0771,0.0773,2560000.2
2026-07-02 16:00:00,0.0773,0.0775,0.0768,0.0773,3227167.6
2026-07-02 17:00:00,0.0773,0.0779,0.0772,0.0776,1044513.4
2026-07-02 18:00:00,0.0775,0.0784,0.0775,0.0782,981433.4
2026-07-02 19:00:00,0.0782,0.0782,0.0777,0.0777,1178833.7
2026-07-02 20:00:00,0.0777,0.078,0.0776,0.0778,931420.0
2026-07-02 21:00:00,0.0778,0.0779,0.0772,0.0775,1022835.0
2026-07-02 22:00:00,0.0776,0.0776,0.0769,0.0772,1073224.6
2026-07-02 23:00:00,0.0772,0.0775,0.0769,0.0773,808166.5
2026-07-03 00:00:00,0.0773,0.0774,0.0766,0.0767,1915288.0
2026-07-03 01:00:00,0.0767,0.0773,0.0766,0.0772,372744.5
