timestamp,open,high,low,close,volume
2025-05-12 10:00:00,0.02309,0.02329,0.02293,0.02319,45692070.0
2025-05-12 11:00:00,0.02319,0.02323,0.02251,0.02259,45155009.0
2025-05-12 12:00:00,0.02257,0.02314,0.02247,0.02305,61118119.0
2025-05-12 13:00:00,0.02304,0.02337,0.02272,0.02311,96352062.0
2025-05-12 14:00:00,0.02312,0.02327,0.02206,0.02224,167818058.0
2025-05-12 15:00:00,0.02225,0.02246,0.02184,0.02208,99398444.0
2025-05-12 16:00:00,0.02209,0.02265,0.02194,0.02253,47504466.0
2025-05-12 17:00:00,0.02253,0.02284,0.0222,0.02234,37665818.0
2025-05-12 18:00:00,0.02235,0.02248,0.02104,0.02144,110788500.0
2025-05-12 19:00:00,0.02145,0.02208,0.02141,0.02206,50003059.0
2025-05-12 20:00:00,0.02206,0.02226,0.02184,0.02211,25533317.0
2025-05-12 21:00:00,0.02212,0.02241,0.02207,0.02221,26298542.0
2025-05-12 22:00:00,0.02221,0.02236,0.02211,0.02217,17043393.0
2025-05-12 23:00:00,0.02217,0.0223,0.02196,0.02203,23291313.0
2025-05-13 00:00:00,0.02204,0.02205,0.02155,0.02158,29140712.0
2025-05-13 01:00:00,0.02158,0.02171,0.02112,0.02131,31737259.0
2025-05-13 02:00:00,0.0213,0.0214,0.02074,0.02093,75871420.0
2025-05-13 03:00:00,0.02093,0.02113,0.02048,0.02048,48225931.0
2025-05-13 04:00:00,0.02048,0.02111,0.02039,0.02107,49410580.0
2025-05-13 05:00:00,0.02107,0.0219,0.02066,0.02082,91241395.0
2025-05-13 06:00:00,0.02083,0.02102,0.02079,0.02082,30988944.0
2025-05-13 07:00:00,0.02083,0.02121,0.02079,0.02091,43952444.0
2025-05-13 08:00:00,0.02091,0.02104,0.02075,0.02088,28805881.0
2025-05-13 09:00:00,0.02088,0.02142,0.02087,0.02132,69999039.0
2025-05-13 10:00:00,0.02132,0.02133,0.02105,0.02123,26949118.0
2025-05-13 11:00:00,0.02122,0.02147,0.02111,0.02127,38571621.0
2025-05-13 12:00:00,0.02128,0.02168,0.02104,0.02156,60526181.0
2025-05-13 13:00:00,0.02156,0.02181,0.02144,0.02154,44232179.0
2025-05-13 14:00:00,0.02153,0.02158,0.02105,0.02125,48351340.0
2025-05-13 15:00:00,0.02124,0.02166,0.02117,0.02165,39983747.0
2025-05-13 16:00:00,0.02165,0.02241,0.02157,0.02224,107110909.0
2025-05-13 17:00:00,0.02224,0.0225,0.02217,0.02227,33992919.0
2025-05-13 18:00:00,0.02227,0.0225,0.02226,0.02249,32882793.0
2025-05-13 19:00:00,0.02249,0.02305,0.02238,0.0228,73287273.0
2025-05-13 20:00:00,0.0228,0.02284,0.02248,0.02275,35070777.0
2025-05-13 21:00:00,0.02275,0.02279,0.02248,0.02256,36033787.0
2025-05-13 22:00:00,0.02256,0.02278,0.02237,0.0226,67976560.0
2025-05-13 23:00:00,0.02261,0.02267,0.02231,0.02253,33377974.0
2025-05-14 00:00:00,0.02254,0.02329,0.02251,0.02321,95735234.0
2025-05-14 01:00:00,0.02322,0.02348,0.02288,0.02296,93016792.0
2025-05-14 02:00:00,0.02296,0.02297,0.02245,0.0227,72962848.0
2025-05-14 03:00:00,0.0227,0.02272,0.02237,0.02262,37498421.0
2025-05-14 04:00:00,0.02263,0.02277,0.02235,0.02277,26279120.0
2025-05-14 05:00:00,0.02278,0.02301,0.02265,0.02291,28826906.0
2025-05-14 06:00:00,0.0229,0.02297,0.02271,0.02286,37522110.0
2025-05-14 07:00:00,0.02286,0.02286,0.02238,0.02251,37033684.0
2025-05-14 08:00:00,0.02251,0.02264,0.02184,0.02186,91674433.0
2025-05-14 09:00:00,0.02187,0.02216,0.02176,0.02209,56923175.0
2025-05-14 10:00:00,0.02209,0.02232,0.02203,0.02213,36661343.0
2025-05-14 11:00:00,0.02214,0.02244,0.02214,0.02232,21047804.0
2025-05-14 12:00:00,0.02232,0.02242,0.02195,0.02203,24851011.0
2025-05-14 13:00:00,0.02203,0.02224,0.02169,0.02207,45683057.0
2025-05-14 14:00:00,0.02207,0.02207,0.02156,0.02164,65823298.0
2025-05-14 15:00:00,0.02165,0.02179,0.0215,0.02178,28010966.0
2025-05-14 16:00:00,0.02177,0.02183,0.02146,0.02163,55744871.0
2025-05-14 17:00:00,0.02163,0.02172,0.02137,0.02171,31938210.0
2025-05-14 18:00:00,0.02171,0.02186,0.02161,0.02169,25480037.0
2025-05-14 19:00:00,0.02168,0.02172,0.02153,0.02165,12677256.0
2025-05-14 20:00:00,0.02166,0.02174,0.02161,0.02162,10872997.0
2025-05-14 21:00:00,0.02162,0.02173,0.02145,0.02167,13636967.0
2025-05-14 22:00:00,0.02167,0.02174,0.02141,0.02149,15751092.0
2025-05-14 23:00:00,0.02149,0.02154,0.02127,0.02148,17368937.0
2025-05-15 00:00:00,0.02149,0.02183,0.02145,0.02177,23128320.0
2025-05-15 01:00:00,0.02176,0.02186,0.02108,0.02117,37057825.0
2025-05-15 02:00:00,0.02116,0.02151,0.02111,0.02139,18900749.0
2025-05-15 03:00:00,0.0214,0.02148,0.02114,0.02119,21210969.0
2025-05-15 04:00:00,0.02119,0.02132,0.0211,0.02123,11702922.0
2025-05-15 05:00:00,0.02123,0.02129,0.02075,0.02079,24189116.0
2025-05-15 06:00:00,0.0208,0.02103,0.02054,0.02073,26047040.0
2025-05-15 07:00:00,0.02072,0.02073,0.02004,0.02006,57937244.0
2025-05-15 08:00:00,0.02005,0.02066,0.02005,0.02063,46811780.0
2025-05-15 09:00:00,0.02062,0.02067,0.02022,0.02036,32825165.0
2025-05-15 10:00:00,0.02035,0.02038,0.01992,0.02016,91635436.0
2025-05-15 11:00:00,0.02016,0.02052,0.02014,0.02039,58893193.0
2025-05-15 12:00:00,0.0204,0.02059,0.02018,0.0204,69592307.0
2025-05-15 13:00:00,0.02039,0.02054,0.01981,0.02008,62444804.0
2025-05-15 14:00:00,0.02009,0.02018,0.01958,0.01984,93703131.0
2025-05-15 15:00:00,0.01985,0.02065,0.01983,0.02062,55027525.0
2025-05-15 16:00:00,0.02061,0.02094,0.02044,0.02092,50830322.0
2025-05-15 17:00:00,0.02093,0.02118,0.02081,0.02087,27625757.0
2025-05-15 18:00:00,0.02087,0.0209,0.02009,0.02012,42835668.0
2025-05-15 19:00:00,0.02012,0.02042,0.01999,0.02022,26049783.0
2025-05-15 20:00:00,0.02023,0.0204,0.01998,0.02012,59940334.0
2025-05-15 21:00:00,0.02012,0.02012,0.01952,0.01999,34012299.0
2025-05-15 22:00:00,0.01999,0.02025,0.01986,0.01987,22977190.0
2025-05-15 23:00:00,0.01986,0.01994,0.01929,0.01985,47686181.0
2025-05-16 00:00:00,0.01986,0.02012,0.01971,0.01995,34941940.0
2025-05-16 01:00:00,0.01996,0.02014,0.01971,0.02003,25261459.0
2025-05-16 02:00:00,0.02003,0.02039,0.02002,0.02016,66780763.0
2025-05-16 03:00:00,0.02017,0.02031,0.02009,0.02025,15450056.0
2025-05-16 04:00:00,0.02025,0.02039,0.01996,0.0201,20142988.0
2025-05-16 05:00:00,0.02011,0.02046,0.02011,0.02039,16728047.0
2025-05-16 06:00:00,0.02038,0.02066,0.02031,0.02046,30578785.0
2025-05-16 07:00:00,0.02047,0.02064,0.02032,0.02049,31572685.0
2025-05-16 08:00:00,0.02049,0.02057,0.02,0.02024,36307575.0
2025-05-16 09:00:00,0.02025,0.02064,0.02023,0.02062,34109064.0
2025-05-16 10:00:00,0.02063,0.02069,0.02039,0.02058,36582035.0
2025-05-16 11:00:00,0.02058,0.02066,0.02035,0.02039,24978672.0
2025-05-16 12:00:00,0.02039,0.02045,0.02022,0.02024,18557272.0
2025-05-16 13:00:00,0.02024,0.02052,0.02022,0.02049,26467781.0
2025-05-16 14:00:00,0.02049,0.02049,0.01999,0.02016,46746599.0
2025-05-16 15:00:00,0.02016,0.02043,0.02016,0.0203,35103303.0
2025-05-16 16:00:00,0.02031,0.02042,0.0199,0.02019,33165865.0
2025-05-16 17:00:00,0.02019,0.02028,0.01991,0.02002,18789241.0
2025-05-16 18:00:00,0.02001,0.02012,0.01992,0.02,22750754.0
2025-05-16 19:00:00,0.01999,0.02013,0.01988,0.02004,22848701.0
2025-05-16 20:00:00,0.02003,0.02005,0.01962,0.01978,41479122.0
2025-05-16 21:00:00,0.01978,0.01999,0.0197,0.01979,22594143.0
2025-05-16 22:00:00,0.01978,0.0198,0.01925,0.01939,47634088.0
2025-05-16 23:00:00,0.01939,0.01961,0.01937,0.01945,27873288.0
2025-05-17 00:00:00,0.01945,0.01958,0.01909,0.01919,52854001.0
2025-05-17 01:00:00,0.01918,0.01918,0.01841,0.01848,80928312.0
2025-05-17 02:00:00,0.01848,0.01878,0.01825,0.01868,92017717.0
2025-05-17 03:00:00,0.01868,0.01892,0.01849,0.01891,36762987.0
2025-05-17 04:00:00,0.01891,0.0191,0.01882,0.01901,30020844.0
2025-05-17 05:00:00,0.01901,0.01903,0.01864,0.01869,20197717.0
2025-05-17 06:00:00,0.0187,0.01882,0.01861,0.01881,11393623.0
2025-05-17 07:00:00,0.0188,0.01893,0.0186,0.01874,16697205.0
2025-05-17 08:00:00,0.01874,0.01882,0.01857,0.01859,20672284.0
2025-05-17 09:00:00,0.01859,0.01869,0.01845,0.01864,23563593.0
2025-05-17 10:00:00,0.01863,0.0189,0.01857,0.01877,18341434.0
2025-05-17 11:00:00,0.01878,0.01882,0.01855,0.01868,36839834.0
2025-05-17 12:00:00,0.01868,0.01871,0.01854,0.01854,16236718.0
2025-05-17 13:00:00,0.01855,0.01864,0.01826,0.0184,41814260.0
2025-05-17 14:00:00,0.0184,0.01889,0.0184,0.01885,66594189.0
2025-05-17 15:00:00,0.01885,0.01889,0.01869,0.01879,50369419.0
2025-05-17 16:00:00,0.01878,0.01888,0.01836,0.01864,66812773.0
2025-05-17 17:00:00,0.01863,0.01884,0.01855,0.01855,22896508.0
2025-05-17 18:00:00,0.01854,0.01875,0.0184,0.0184,51311673.0
2025-05-17 19:00:00,0.01839,0.01863,0.01834,0.01842,13393440.0
2025-05-17 20:00:00,0.01841,0.01879,0.0184,0.01875,24879032.0
2025-05-17 21:00:00,0.01876,0.01876,0.01852,0.01866,23243483.0
2025-05-17 22:00:00,0.01866,0.01867,0.01831,0.01842,25904475.0
2025-05-17 23:00:00,0.01843,0.01863,0.01835,0.01852,10822700.0
2025-05-18 00:00:00,0.01852,0.01866,0.01841,0.01858,15527710.0
2025-05-18 01:00:00,0.01858,0.01875,0.01845,0.01868,12152515.0
2025-05-18 02:00:00,0.01868,0.01876,0.01857,0.01859,13497345.0
2025-05-18 03:00:00,0.0186,0.01866,0.01841,0.01853,28320823.0
2025-05-18 04:00:00,0.01854,0.01883,0.01854,0.01879,21274052.0
2025-05-18 05:00:00,0.0188,0.01947,0.0188,0.01944,46684903.0
2025-05-18 06:00:00,0.01944,0.01947,0.01904,0.01909,45151155.0
2025-05-18 07:00:00,0.01908,0.01941,0.01906,0.01938,20963665.0
2025-05-18 08:00:00,0.01938,0.0198,0.01934,0.01967,33171304.0
2025-05-18 09:00:00,0.01968,0.01979,0.01939,0.01956,28496298.0
2025-05-18 10:00:00,0.01955,0.01959,0.01936,0.0195,21078698.0
2025-05-18 11:00:00,0.0195,0.01956,0.01927,0.0193,33388032.0
2025-05-18 12:00:00,0.01929,0.0194,0.01911,0.01939,19331481.0
2025-05-18 13:00:00,0.0194,0.01975,0.01932,0.01972,85029009.0
2025-05-18 14:00:00,0.01972,0.02019,0.01957,0.02014,62221764.0
2025-05-18 15:00:00,0.02014,0.02048,0.01999,0.02035,48945307.0
2025-05-18 16:00:00,0.02036,0.02056,0.02024,0.02043,56519441.0
2025-05-18 17:00:00,0.02043,0.02043,0.01953,0.01959,68533316.0
2025-05-18 18:00:00,0.0196,0.01966,0.01907,0.01922,90852200.0
2025-05-18 19:00:00,0.01921,0.01935,0.01864,0.01865,68356733.0
2025-05-18 20:00:00,0.01865,0.01877,0.01825,0.01873,84841469.0
2025-05-18 21:00:00,0.01873,0.01919,0.01872,0.01887,33934437.0
2025-05-18 22:00:00,0.01888,0.01945,0.01868,0.01944,40229437.0
2025-05-18 23:00:00,0.01943,0.02012,0.01918,0.02003,54050854.0
2025-05-19 00:00:00,0.02003,0.02025,0.01946,0.01949,69649643.0
2025-05-19 01:00:00,0.01949,0.01957,0.01923,0.0193,32453287.0
2025-05-19 02:00:00,0.01929,0.01941,0.01896,0.01903,39844245.0
2025-05-19 03:00:00,0.01902,0.01906,0.01874,0.01883,21886895.0
2025-05-19 04:00:00,0.01883,0.01903,0.01847,0.0186,51205379.0
2025-05-19 05:00:00,0.01861,0.01878,0.01849,0.01863,60482210.0
2025-05-19 06:00:00,0.01863,0.01883,0.01818,0.0182,58085161.0
2025-05-19 07:00:00,0.0182,0.01877,0.01818,0.01864,58132415.0
2025-05-19 08:00:00,0.01863,0.01867,0.0184,0.01854,29023717.0
2025-05-19 09:00:00,0.01855,0.01867,0.01838,0.01841,50075119.0
2025-05-19 10:00:00,0.01841,0.01856,0.01827,0.01844,19686712.0
2025-05-19 11:00:00,0.01843,0.01859,0.01842,0.01853,30489451.0
2025-05-19 12:00:00,0.01852,0.01856,0.01805,0.0182,40155334.0
2025-05-19 13:00:00,0.0182,0.01883,0.01819,0.0187,63701758.0
2025-05-19 14:00:00,0.01871,0.01894,0.01862,0.01882,36697200.0
2025-05-19 15:00:00,0.01882,0.01904,0.0188,0.01892,27124908.0
2025-05-19 16:00:00,0.01892,0.01933,0.01873,0.0193,36461989.0
2025-05-19 17:00:00,0.0193,0.01961,0.01922,0.01927,60110788.0
2025-05-19 18:00:00,0.01926,0.01934,0.01884,0.01895,57145701.0
2025-05-19 19:00:00,0.01895,0.01925,0.01889,0.01912,42487225.0
2025-05-19 20:00:00,0.01911,0.0192,0.01898,0.01903,25221770.0
2025-05-19 21:00:00,0.01904,0.0191,0.01875,0.01905,28814138.0
2025-05-19 22:00:00,0.01904,0.01907,0.0188,0.01888,18259812.0
2025-05-19 23:00:00,0.01887,0.01905,0.01881,0.01898,14021916.0
2025-05-20 00:00:00,0.01899,0.01936,0.01879,0.01885,34389728.0
2025-05-20 01:00:00,0.01884,0.01941,0.01879,0.01926,26959546.0
2025-05-20 02:00:00,0.01927,0.01973,0.01927,0.01937,46132101.0
2025-05-20 03:00:00,0.01937,0.01941,0.01902,0.01917,40027490.0
2025-05-20 04:00:00,0.01917,0.01924,0.01898,0.01919,23017661.0
2025-05-20 05:00:00,0.0192,0.01939,0.01913,0.01913,30078980.0
2025-05-20 06:00:00,0.01913,0.01917,0.01885,0.01899,19825807.0
2025-05-20 07:00:00,0.019,0.01909,0.01881,0.01886,28548175.0
2025-05-20 08:00:00,0.01886,0.01894,0.01861,0.01873,32183902.0
2025-05-20 09:00:00,0.01873,0.01889,0.0187,0.01877,15963753.0
2025-05-20 10:00:00,0.01877,0.01885,0.01845,0.01858,35205010.0
2025-05-20 11:00:00,0.01859,0.01861,0.0183,0.01855,23043875.0
2025-05-20 12:00:00,0.01855,0.01855,0.01824,0.01841,34711864.0
2025-05-20 13:00:00,0.01842,0.01855,0.01833,0.01846,29798212.0
2025-05-20 14:00:00,0.01845,0.01862,0.01838,0.01847,22651686.0
2025-05-20 15:00:00,0.01846,0.0188,0.01846,0.01875,21783588.0
2025-05-20 16:00:00,0.01876,0.01889,0.01856,0.01858,24085435.0
2025-05-20 17:00:00,0.01859,0.01909,0.01856,0.01892,31247515.0
2025-05-20 18:00:00,0.01892,0.01899,0.01841,0.01846,29533027.0
2025-05-20 19:00:00,0.01846,0.01917,0.01841,0.01907,24138598.0
2025-05-20 20:00:00,0.01907,0.01946,0.01895,0.01934,34240089.0
2025-05-20 21:00:00,0.01935,0.01958,0.01932,0.01945,46619889.0
2025-05-20 22:00:00,0.01945,0.01959,0.01917,0.01939,35743930.0
2025-05-20 23:00:00,0.01939,0.01971,0.01932,0.0195,35414021.0
2025-05-21 00:00:00,0.01949,0.01967,0.01941,0.01947,22731189.0
2025-05-21 01:00:00,0.01947,0.01968,0.01934,0.01937,24525016.0
2025-05-21 02:00:00,0.01938,0.01959,0.01911,0.01959,25360962.0
2025-05-21 03:00:00,0.01959,0.01982,0.01956,0.01966,37190683.0
2025-05-21 04:00:00,0.01966,0.01995,0.01955,0.0197,38729155.0
2025-05-21 05:00:00,0.0197,0.02001,0.01966,0.01988,32284936.0
2025-05-21 06:00:00,0.01988,0.02006,0.0197,0.01986,32618192.0
2025-05-21 07:00:00,0.01986,0.01994,0.01938,0.01948,46333757.0
2025-05-21 08:00:00,0.01949,0.01958,0.01931,0.01932,37951233.0
2025-05-21 09:00:00,0.01933,0.01936,0.01912,0.01921,30783893.0
2025-05-21 10:00:00,0.01921,0.01934,0.01914,0.01931,31992492.0
2025-05-21 11:00:00,0.01931,0.01969,0.0193,0.01954,36622184.0
2025-05-21 12:00:00,0.01953,0.01975,0.0194,0.01957,36798275.0
2025-05-21 13:00:00,0.01957,0.01982,0.01938,0.01964,38196810.0
2025-05-21 14:00:00,0.01965,0.0199,0.01943,0.01989,54344373.0
2025-05-21 15:00:00,0.01989,0.02001,0.01968,0.01991,107139813.0
2025-05-21 16:00:00,0.01992,0.02076,0.01983,0.02035,148207330.0
2025-05-21 17:00:00,0.02036,0.0205,0.01917,0.0194,253340218.0
2025-05-21 18:00:00,0.01941,0.01973,0.01925,0.0195,70589327.0
2025-05-21 19:00:00,0.0195,0.01992,0.0194,0.01984,54337612.0
2025-05-21 20:00:00,0.01985,0.01989,0.01954,0.01969,28048941.0
2025-05-21 21:00:00,0.01969,0.01981,0.01955,0.01957,13394495.0
2025-05-21 22:00:00,0.01957,0.01993,0.01957,0.01989,22980381.0
2025-05-21 23:00:00,0.01988,0.02032,0.01979,0.01991,52381639.0
2025-05-22 00:00:00,0.01992,0.0205,0.0199,0.02049,42226840.0
2025-05-22 01:00:00,0.02049,0.02065,0.02031,0.02036,61087515.0
2025-05-22 02:00:00,0.02036,0.0205,0.02025,0.02037,35401124.0
2025-05-22 03:00:00,0.02037,0.02072,0.02025,0.02059,38663000.0
2025-05-22 04:00:00,0.0206,0.02069,0.02045,0.02061,33728862.0
2025-05-22 05:00:00,0.02062,0.02077,0.02047,0.02049,40938585.0
2025-05-22 06:00:00,0.02049,0.02059,0.02033,0.02044,40409390.0
2025-05-22 07:00:00,0.02045,0.02069,0.0204,0.02065,26925202.0
2025-05-22 08:00:00,0.02065,0.02098,0.02059,0.02085,56771601.0
2025-05-22 09:00:00,0.02086,0.02119,0.02078,0.02094,50857862.0
2025-05-22 10:00:00,0.02094,0.02103,0.02069,0.02077,48827632.0
2025-05-22 11:00:00,0.02076,0.02082,0.02049,0.02066,51608438.0
2025-05-22 12:00:00,0.02066,0.02085,0.02056,0.02078,42771285.0
2025-05-22 13:00:00,0.02079,0.0208,0.02037,0.02042,59963065.0
2025-05-22 14:00:00,0.02041,0.02094,0.02041,0.02084,69677803.0
2025-05-22 15:00:00,0.02085,0.02111,0.02079,0.02096,55202152.0
2025-05-22 16:00:00,0.02097,0.02125,0.02088,0.02121,55138503.0
2025-05-22 17:00:00,0.02122,0.02133,0.02102,0.02105,51059709.0
2025-05-22 18:00:00,0.02106,0.02118,0.02097,0.02108,29306797.0
2025-05-22 19:00:00,0.02107,0.02113,0.02075,0.02083,31107174.0
2025-05-22 20:00:00,0.02083,0.02115,0.02083,0.02087,31351723.0
2025-05-22 21:00:00,0.02086,0.02089,0.02068,0.02076,24072664.0
2025-05-22 22:00:00,0.02077,0.02113,0.02076,0.02091,25797620.0
2025-05-22 23:00:00,0.02091,0.02109,0.02085,0.02106,20334214.0
2025-05-23 00:00:00,0.02107,0.02129,0.02085,0.02096,48280305.0
2025-05-23 01:00:00,0.02096,0.0214,0.02086,0.02126,47768344.0
2025-05-23 02:00:00,0.02126,0.022,0.02126,0.02173,115283105.0
2025-05-23 03:00:00,0.02174,0.02191,0.02166,0.02185,33161947.0
2025-05-23 04:00:00,0.02185,0.02187,0.0211,0.02132,45103828.0
2025-05-23 05:00:00,0.02131,0.0214,0.02098,0.02128,31595712.0
2025-05-23 06:00:00,0.02128,0.02132,0.02065,0.02079,68382509.0
2025-05-23 07:00:00,0.02079,0.02107,0.02075,0.02079,28241281.0
2025-05-23 08:00:00,0.0208,0.02117,0.02075,0.02106,21100532.0
2025-05-23 09:00:00,0.02106,0.02152,0.021,0.02148,31128423.0
2025-05-23 10:00:00,0.02149,0.0215,0.0211,0.02126,33759713.0
2025-05-23 11:00:00,0.02126,0.02127,0.01983,0.01999,219756273.0
2025-05-23 12:00:00,0.01998,0.02001,0.01922,0.0198,205752302.0
2025-05-23 13:00:00,0.01981,0.02036,0.01963,0.02033,77522304.0
2025-05-23 14:00:00,0.02034,0.02052,0.02016,0.02035,49508262.0
2025-05-23 15:00:00,0.02034,0.02043,0.01994,0.01996,46419794.0
2025-05-23 16:00:00,0.01997,0.02014,0.01977,0.01996,65044530.0
2025-05-23 17:00:00,0.01996,0.02018,0.01987,0.01995,44731429.0
2025-05-23 18:00:00,0.01994,0.02004,0.0197,0.01978,85981902.0
2025-05-23 19:00:00,0.01977,0.01992,0.01972,0.01976,16359693.0
2025-05-23 20:00:00,0.01976,0.01976,0.01936,0.0194,34829976.0
2025-05-23 21:00:00,0.0194,0.0196,0.01927,0.0194,42658162.0
2025-05-23 22:00:00,0.0194,0.01953,0.01915,0.01916,42990717.0
2025-05-23 23:00:00,0.01915,0.0192,0.01866,0.01879,62156961.0
2025-05-24 00:00:00,0.01879,0.0191,0.01868,0.01883,52246760.0
2025-05-24 01:00:00,0.01882,0.01909,0.01881,0.0189,20758560.0
2025-05-24 02:00:00,0.01889,0.01916,0.01881,0.01911,19035786.0
2025-05-24 03:00:00,0.01912,0.01925,0.01906,0.01913,16085478.0
2025-05-24 04:00:00,0.01913,0.01923,0.01906,0.01913,16952231.0
2025-05-24 05:00:00,0.01914,0.01914,0.01891,0.01903,21411057.0
2025-05-24 06:00:00,0.01903,0.01906,0.01882,0.01898,22010664.0
2025-05-24 07:00:00,0.01899,0.01914,0.01891,0.01899,14420567.0
2025-05-24 08:00:00,0.01899,0.01908,0.01882,0.01906,93172789.0
2025-05-24 09:00:00,0.01906,0.01915,0.01898,0.01901,17138550.0
2025-05-24 10:00:00,0.019,0.0193,0.01895,0.01926,25488014.0
2025-05-24 11:00:00,0.01926,0.01944,0.01924,0.01926,27237292.0
2025-05-24 12:00:00,0.01926,0.0193,0.0191,0.01926,24749808.0
2025-05-24 13:00:00,0.01926,0.01932,0.01912,0.01913,13531988.0
2025-05-24 14:00:00,0.01912,0.01936,0.01911,0.01933,14063556.0
2025-05-24 15:00:00,0.01934,0.01941,0.01914,0.01924,11672454.0
2025-05-24 16:00:00,0.01925,0.01925,0.019,0.01911,18041597.0
2025-05-24 17:00:00,0.0191,0.01928,0.01904,0.01908,12529081.0
2025-05-24 18:00:00,0.01908,0.01919,0.0189,0.01892,14998101.0
2025-05-24 19:00:00,0.01892,0.01902,0.01888,0.01899,8979030.0
2025-05-24 20:00:00,0.01899,0.01909,0.01892,0.01896,7244704.0
2025-05-24 21:00:00,0.01897,0.01898,0.01871,0.01894,38207804.0
2025-05-24 22:00:00,0.01894,0.01894,0.01875,0.01878,21508592.0
2025-05-24 23:00:00,0.01879,0.01893,0.01864,0.01888,44294804.0
2025-05-25 00:00:00,0.01887,0.01897,0.01844,0.01853,51656391.0
2025-05-25 01:00:00,0.01853,0.01864,0.01836,0.01853,28221057.0
2025-05-25 02:00:00,0.01853,0.01862,0.01834,0.01856,23348853.0
2025-05-25 03:00:00,0.01855,0.01872,0.01854,0.01866,20065894.0
2025-05-25 04:00:00,0.01865,0.01871,0.01856,0.01869,13020435.0
2025-05-25 05:00:00,0.01869,0.01877,0.01861,0.01875,13815395.0
2025-05-25 06:00:00,0.01874,0.01875,0.01855,0.01866,13392213.0
2025-05-25 07:00:00,0.01866,0.01867,0.01841,0.01852,29679137.0
2025-05-25 08:00:00,0.01852,0.01852,0.01814,0.01824,36433005.0
2025-05-25 09:00:00,0.01823,0.01843,0.01814,0.01841,24913563.0
2025-05-25 10:00:00,0.01842,0.01847,0.01829,0.01832,19862082.0
2025-05-25 11:00:00,0.01831,0.01849,0.01828,0.01843,15458969.0
2025-05-25 12:00:00,0.01842,0.01858,0.01827,0.01854,18334822.0
2025-05-25 13:00:00,0.01854,0.01859,0.01838,0.01847,17444978.0
2025-05-25 14:00:00,0.01847,0.01853,0.01827,0.01833,14745231.0
2025-05-25 15:00:00,0.01833,0.01837,0.01792,0.0183,73396383.0
2025-05-25 16:00:00,0.0183,0.01831,0.01796,0.01803,27180206.0
2025-05-25 17:00:00,0.01803,0.01819,0.018,0.01816,20057253.0
2025-05-25 18:00:00,0.01816,0.01828,0.01811,0.01815,13497183.0
2025-05-25 19:00:00,0.01814,0.01841,0.01813,0.01831,20882269.0
2025-05-25 20:00:00,0.01831,0.01836,0.01819,0.01826,19803504.0
2025-05-25 21:00:00,0.01826,0.01835,0.01811,0.0182,9535850.0
2025-05-25 22:00:00,0.01821,0.01896,0.01818,0.01895,55584270.0
2025-05-25 23:00:00,0.01896,0.01917,0.01883,0.01912,37604004.0
2025-05-26 00:00:00,0.01911,0.01939,0.01898,0.01939,36112345.0
2025-05-26 01:00:00,0.0194,0.01943,0.01916,0.01924,31979297.0
2025-05-26 02:00:00,0.01924,0.01931,0.01915,0.01922,27107333.0
2025-05-26 03:00:00,0.01921,0.01937,0.01912,0.01926,21895221.0
2025-05-26 04:00:00,0.01927,0.01942,0.01923,0.01934,47492071.0
2025-05-26 05:00:00,0.01933,0.0195,0.01926,0.01941,35245812.0
2025-05-26 06:00:00,0.01941,0.01961,0.01938,0.01958,28344468.0
2025-05-26 07:00:00,0.01958,0.01981,0.01958,0.01976,41574589.0
2025-05-26 08:00:00,0.01977,0.01982,0.01959,0.01964,30220350.0
2025-05-26 09:00:00,0.01965,0.01988,0.01959,0.01965,27493103.0
2025-05-26 10:00:00,0.01964,0.01974,0.01944,0.01951,23018566.0
2025-05-26 11:00:00,0.01951,0.01953,0.01934,0.01943,27257022.0
2025-05-26 12:00:00,0.01943,0.01952,0.01927,0.01943,34845977.0
2025-05-26 13:00:00,0.01944,0.01955,0.01916,0.01923,47723649.0
2025-05-26 14:00:00,0.01922,0.01934,0.01903,0.01917,32450279.0
2025-05-26 15:00:00,0.01918,0.01955,0.01908,0.01943,31091393.0
2025-05-26 16:00:00,0.01943,0.01959,0.01909,0.01927,36985666.0
2025-05-26 17:00:00,0.01927,0.01935,0.01879,0.0189,40996896.0
2025-05-26 18:00:00,0.0189,0.01911,0.01881,0.01891,29424175.0
2025-05-26 19:00:00,0.01891,0.01906,0.01885,0.01897,14398137.0
2025-05-26 20:00:00,0.01896,0.01917,0.01886,0.01915,28304429.0
2025-05-26 21:00:00,0.01915,0.01923,0.019,0.01912,16713261.0
2025-05-26 22:00:00,0.01912,0.01934,0.01898,0.01899,19589969.0
2025-05-26 23:00:00,0.01899,0.01911,0.01892,0.0191,15073723.0
2025-05-27 00:00:00,0.0191,0.01926,0.01885,0.01886,16964149.0
2025-05-27 01:00:00,0.01886,0.01886,0.01843,0.01878,51293063.0
2025-05-27 02:00:00,0.01878,0.01898,0.01876,0.0189,36301279.0
2025-05-27 03:00:00,0.0189,0.01922,0.0189,0.01913,35204686.0
2025-05-27 04:00:00,0.01913,0.01929,0.01907,0.01911,22106400.0
2025-05-27 05:00:00,0.01912,0.01929,0.01899,0.01926,19012030.0
2025-05-27 06:00:00,0.01927,0.01975,0.01927,0.01946,69526351.0
2025-05-27 07:00:00,0.01948,0.01965,0.01944,0.01954,26050264.0
2025-05-27 08:00:00,0.01955,0.01972,0.01955,0.01971,30529551.0
2025-05-27 09:00:00,0.0197,0.01974,0.01956,0.01969,23647040.0
2025-05-27 10:00:00,0.01969,0.01971,0.01953,0.0196,19180685.0
2025-05-27 11:00:00,0.0196,0.01964,0.01942,0.01959,22721064.0
2025-05-27 12:00:00,0.0196,0.01968,0.0195,0.01964,24044202.0
2025-05-27 13:00:00,0.01963,0.02001,0.01947,0.01949,149042242.0
2025-05-27 14:00:00,0.0195,0.01961,0.01915,0.01935,44040235.0
2025-05-27 15:00:00,0.01935,0.01955,0.01926,0.01952,27671177.0
2025-05-27 16:00:00,0.01953,0.01977,0.01941,0.01969,36113664.0
2025-05-27 17:00:00,0.0197,0.01984,0.01961,0.01968,34168315.0
2025-05-27 18:00:00,0.01968,0.01973,0.0195,0.0196,30920525.0
2025-05-27 19:00:00,0.0196,0.01964,0.01946,0.0195,32013145.0
2025-05-27 20:00:00,0.01951,0.01961,0.01942,0.01948,17241691.0
2025-05-27 21:00:00,0.01948,0.01958,0.01931,0.0194,15191301.0
2025-05-27 22:00:00,0.01941,0.01947,0.01921,0.01931,22313286.0
2025-05-27 23:00:00,0.01932,0.0194,0.01923,0.01935,10081289.0
2025-05-28 00:00:00,0.01935,0.01961,0.01918,0.01961,21504154.0
2025-05-28 01:00:00,0.01961,0.01965,0.01943,0.01945,38918058.0
2025-05-28 02:00:00,0.01945,0.01948,0.01921,0.01932,18026853.0
2025-05-28 03:00:00,0.01932,0.01947,0.01923,0.0194,9019584.0
2025-05-28 04:00:00,0.0194,0.01952,0.01926,0.01946,11123627.0
2025-05-28 05:00:00,0.01947,0.0195,0.01931,0.0194,8906513.0
2025-05-28 06:00:00,0.0194,0.0194,0.01911,0.01913,16952158.0
2025-05-28 07:00:00,0.01912,0.0193,0.01908,0.01919,29822028.0
2025-05-28 08:00:00,0.01919,0.01926,0.01901,0.01923,29223406.0
2025-05-28 09:00:00,0.01924,0.01925,0.01899,0.01907,22008776.0
2025-05-28 10:00:00,0.01908,0.01926,0.0189,0.01925,21921075.0
2025-05-28 11:00:00,0.01925,0.01942,0.01925,0.01928,32700216.0
2025-05-28 12:00:00,0.01928,0.01981,0.0192,0.01967,66304909.0
2025-05-28 13:00:00,0.01968,0.01984,0.01936,0.01938,68626301.0
2025-05-28 14:00:00,0.01937,0.01948,0.01912,0.01925,103785943.0
2025-05-28 15:00:00,0.01924,0.01941,0.01902,0.01913,48004427.0
2025-05-28 16:00:00,0.01914,0.01939,0.01907,0.01932,17673248.0
2025-05-28 17:00:00,0.01934,0.01961,0.01916,0.0192,22205724.0
2025-05-28 18:00:00,0.01921,0.0193,0.01889,0.01889,21727652.0
2025-05-28 19:00:00,0.01888,0.01906,0.01864,0.01869,29935465.0
2025-05-28 20:00:00,0.01869,0.01893,0.01858,0.0189,48057824.0
2025-05-28 21:00:00,0.01889,0.01911,0.01878,0.01908,18316484.0
2025-05-28 22:00:00,0.01908,0.01911,0.01884,0.01894,18435105.0
2025-05-28 23:00:00,0.01895,0.01963,0.01893,0.01957,49157400.0
2025-05-29 00:00:00,0.01958,0.01999,0.01943,0.01998,86147447.0
2025-05-29 01:00:00,0.01998,0.02002,0.01962,0.01981,77423648.0
2025-05-29 02:00:00,0.01982,0.02035,0.01967,0.02025,70307650.0
2025-05-29 03:00:00,0.02025,0.02032,0.01993,0.01997,41950293.0
2025-05-29 04:00:00,0.01997,0.02003,0.01933,0.01952,51269147.0
2025-05-29 05:00:00,0.01952,0.01968,0.01943,0.0195,26745863.0
2025-05-29 06:00:00,0.0195,0.01961,0.01946,0.01954,14243988.0
2025-05-29 07:00:00,0.01954,0.01958,0.01941,0.0195,18161515.0
2025-05-29 08:00:00,0.01951,0.01965,0.01936,0.01961,33325436.0
2025-05-29 09:00:00,0.0196,0.01963,0.0195,0.01957,14895317.0
2025-05-29 10:00:00,0.01957,0.0196,0.01937,0.0195,18601891.0
2025-05-29 11:00:00,0.01951,0.01955,0.01941,0.01953,24341373.0
2025-05-29 12:00:00,0.01952,0.01953,0.01919,0.01926,32659907.0
2025-05-29 13:00:00,0.01925,0.01943,0.01905,0.01914,27179468.0
2025-05-29 14:00:00,0.01913,0.01934,0.01882,0.01929,44062341.0
2025-05-29 15:00:00,0.01929,0.01933,0.01899,0.01901,19339373.0
2025-05-29 16:00:00,0.01901,0.01911,0.01886,0.01891,30858729.0
2025-05-29 17:00:00,0.0189,0.01915,0.01886,0.01905,33648358.0
2025-05-29 18:00:00,0.01905,0.01919,0.01891,0.01892,25011351.0
2025-05-29 19:00:00,0.01892,0.01896,0.01862,0.01871,35886351.0
2025-05-29 20:00:00,0.01871,0.01885,0.01867,0.01875,35777641.0
2025-05-29 21:00:00,0.01875,0.01901,0.01872,0.019,25252137.0
2025-05-29 22:00:00,0.01899,0.01904,0.01877,0.01877,14829392.0
2025-05-29 23:00:00,0.01877,0.0188,0.01844,0.01855,45674302.0
2025-05-30 00:00:00,0.01855,0.0187,0.01731,0.01757,278609810.0
2025-05-30 01:00:00,0.01758,0.0179,0.0175,0.01763,94297242.0
2025-05-30 02:00:00,0.01763,0.01796,0.0176,0.01776,56468638.0
2025-05-30 03:00:00,0.01775,0.01792,0.01773,0.01781,36969249.0
2025-05-30 04:00:00,0.01781,0.01787,0.01768,0.01776,29092556.0
2025-05-30 05:00:00,0.01777,0.01791,0.01762,0.01775,34844020.0
2025-05-30 06:00:00,0.01775,0.01776,0.0173,0.01743,44054284.0
2025-05-30 07:00:00,0.01742,0.01773,0.01741,0.01754,73545566.0
2025-05-30 08:00:00,0.01754,0.01768,0.01744,0.01748,39415076.0
2025-05-30 09:00:00,0.01748,0.0176,0.01729,0.01757,49569006.0
2025-05-30 10:00:00,0.01756,0.01762,0.01736,0.0176,29396856.0
2025-05-30 11:00:00,0.01759,0.01772,0.01748,0.01764,23154220.0
2025-05-30 12:00:00,0.01765,0.01769,0.01729,0.01752,53735114.0
2025-05-30 13:00:00,0.01752,0.01763,0.01737,0.01742,61351063.0
2025-05-30 14:00:00,0.01743,0.01762,0.01736,0.01756,41161918.0
2025-05-30 15:00:00,0.01755,0.01767,0.0174,0.01742,19978862.0
2025-05-30 16:00:00,0.01742,0.0175,0.01665,0.01707,223476836.0
2025-05-30 17:00:00,0.01707,0.0172,0.01685,0.01703,48916156.0
2025-05-30 18:00:00,0.01703,0.01733,0.01702,0.01731,23876823.0
2025-05-30 19:00:00,0.0173,0.01749,0.0173,0.01738,26152997.0
2025-05-30 20:00:00,0.01738,0.01744,0.01722,0.01722,21241461.0
2025-05-30 21:00:00,0.01724,0.01733,0.01705,0.0171,19688352.0
2025-05-30 22:00:00,0.01711,0.01714,0.01647,0.0165,94632533.0
2025-05-30 23:00:00,0.01649,0.0166,0.0161,0.0164,101503504.0
2025-05-31 00:00:00,0.01641,0.01649,0.01585,0.01593,117722877.0
2025-05-31 01:00:00,0.01593,0.0161,0.01559,0.01587,131985321.0
2025-05-31 02:00:00,0.01586,0.01605,0.01575,0.0159,43427053.0
2025-05-31 03:00:00,0.0159,0.01617,0.01578,0.01611,50807471.0
2025-05-31 04:00:00,0.01611,0.0163,0.01596,0.01626,22743178.0
2025-05-31 05:00:00,0.01626,0.01634,0.0161,0.01611,32878297.0
2025-05-31 06:00:00,0.01611,0.01627,0.01609,0.01621,19609707.0
2025-05-31 07:00:00,0.01622,0.01631,0.01614,0.0162,20756617.0
2025-05-31 08:00:00,0.01621,0.01629,0.01606,0.01617,33578616.0
2025-05-31 09:00:00,0.01617,0.01622,0.01603,0.01613,28490250.0
2025-05-31 10:00:00,0.01612,0.01628,0.01603,0.01616,41933747.0
2025-05-31 11:00:00,0.01616,0.0162,0.01603,0.01607,21789279.0
2025-05-31 12:00:00,0.01607,0.01642,0.01604,0.01641,33726154.0
2025-05-31 13:00:00,0.01641,0.01662,0.01636,0.01639,51329719.0
2025-05-31 14:00:00,0.0164,0.01656,0.01637,0.0165,28200787.0
2025-05-31 15:00:00,0.01649,0.01662,0.01639,0.01643,51734234.0
2025-05-31 16:00:00,0.01642,0.0167,0.01639,0.01668,35332427.0
2025-05-31 17:00:00,0.01669,0.01675,0.01646,0.0165,30078080.0
2025-05-31 18:00:00,0.01649,0.01671,0.01648,0.01669,14310293.0
2025-05-31 19:00:00,0.01669,0.01675,0.01664,0.01668,12796971.0
2025-05-31 20:00:00,0.01667,0.01678,0.01662,0.01675,15014040.0
2025-05-31 21:00:00,0.01674,0.01685,0.01673,0.01678,34805032.0
2025-05-31 22:00:00,0.01678,0.01681,0.0166,0.01661,14554194.0
2025-05-31 23:00:00,0.01661,0.01671,0.01656,0.0166,26798466.0
2025-06-01 00:00:00,0.0166,0.01663,0.01649,0.01657,16452611.0
2025-06-01 01:00:00,0.01656,0.01666,0.01637,0.01643,17778032.0
2025-06-01 02:00:00,0.01643,0.01655,0.0163,0.0165,13481496.0
2025-06-01 03:00:00,0.01651,0.01658,0.01642,0.01649,7613583.0
2025-06-01 04:00:00,0.01649,0.01676,0.01642,0.01671,30000284.0
2025-06-01 05:00:00,0.01672,0.01672,0.01657,0.01666,32043699.0
2025-06-01 06:00:00,0.01666,0.01668,0.01653,0.01655,9378159.0
2025-06-01 07:00:00,0.01655,0.0166,0.0165,0.01656,10170091.0
2025-06-01 08:00:00,0.01656,0.01659,0.01638,0.01644,12896642.0
2025-06-01 09:00:00,0.01644,0.01648,0.0161,0.01623,44540617.0
2025-06-01 10:00:00,0.01622,0.01644,0.01621,0.01639,54256475.0
2025-06-01 11:00:00,0.01639,0.01654,0.01632,0.01645,12224518.0
2025-06-01 12:00:00,0.01646,0.01654,0.01631,0.01638,25539089.0
2025-06-01 13:00:00,0.01638,0.01655,0.01636,0.01644,32644769.0
2025-06-01 14:00:00,0.01644,0.01675,0.01644,0.01666,26801850.0
2025-06-01 15:00:00,0.01666,0.01672,0.0166,0.01669,34721866.0
2025-06-01 16:00:00,0.01669,0.01701,0.01667,0.01684,55126328.0
2025-06-01 17:00:00,0.01685,0.0169,0.01676,0.01677,20724698.0
2025-06-01 18:00:00,0.01677,0.01678,0.01648,0.01665,32144797.0
2025-06-01 19:00:00,0.01665,0.01674,0.01664,0.01672,15745000.0
2025-06-01 20:00:00,0.01672,0.01683,0.01664,0.01675,11531554.0
2025-06-01 21:00:00,0.01675,0.01691,0.01674,0.01689,14780922.0
2025-06-01 22:00:00,0.01689,0.01699,0.01685,0.01687,18167070.0
2025-06-01 23:00:00,0.01688,0.01701,0.01687,0.01692,28815197.0
2025-06-02 00:00:00,0.01692,0.01693,0.01683,0.01689,16525609.0
2025-06-02 01:00:00,0.0169,0.01703,0.01681,0.01682,22962667.0
2025-06-02 02:00:00,0.01682,0.01683,0.01659,0.01663,36375115.0
2025-06-02 03:00:00,0.01663,0.01664,0.01649,0.01657,18001617.0
2025-06-02 04:00:00,0.01657,0.01661,0.01645,0.01649,13128890.0
2025-06-02 05:00:00,0.01649,0.01659,0.01638,0.01649,11647791.0
2025-06-02 06:00:00,0.01648,0.01671,0.01641,0.01663,32181393.0
2025-06-02 07:00:00,0.01663,0.01684,0.01663,0.01666,16242671.0
2025-06-02 08:00:00,0.01667,0.01681,0.01648,0.01653,42227784.0
2025-06-02 09:00:00,0.01653,0.01653,0.01625,0.01632,49756274.0
2025-06-02 10:00:00,0.01633,0.01639,0.01624,0.01634,35260713.0
2025-06-02 11:00:00,0.01634,0.01641,0.01629,0.01637,22269966.0
2025-06-02 12:00:00,0.01636,0.01652,0.01626,0.0165,21655029.0
2025-06-02 13:00:00,0.01651,0.01669,0.01639,0.0165,33912080.0
2025-06-02 14:00:00,0.0165,0.01679,0.01643,0.01666,38354358.0
2025-06-02 15:00:00,0.01667,0.01679,0.01658,0.01669,20179885.0
2025-06-02 16:00:00,0.01668,0.0167,0.01651,0.01666,16641815.0
2025-06-02 17:00:00,0.01666,0.01671,0.01652,0.01667,15408140.0
2025-06-02 18:00:00,0.01667,0.01683,0.01659,0.01661,21612378.0
2025-06-02 19:00:00,0.01662,0.01669,0.01642,0.01655,18203207.0
2025-06-02 20:00:00,0.01655,0.01689,0.01655,0.01688,26201943.0
2025-06-02 21:00:00,0.01688,0.01709,0.01688,0.01709,32617095.0
2025-06-02 22:00:00,0.01709,0.01743,0.01709,0.01724,38407671.0
2025-06-02 23:00:00,0.01725,0.01735,0.01721,0.01727,28826102.0
2025-06-03 00:00:00,0.01728,0.01756,0.01724,0.01749,43403260.0
2025-06-03 01:00:00,0.0175,0.01785,0.0175,0.0178,26835032.0
2025-06-03 02:00:00,0.01781,0.01787,0.01766,0.01777,31815492.0
2025-06-03 03:00:00,0.01778,0.01781,0.01744,0.01747,33288189.0
2025-06-03 04:00:00,0.01748,0.0175,0.01727,0.01733,26254987.0
2025-06-03 05:00:00,0.01733,0.01753,0.01732,0.01751,14073293.0
2025-06-03 06:00:00,0.01751,0.01754,0.01735,0.01747,10614134.0
2025-06-03 07:00:00,0.01748,0.01752,0.01731,0.01733,13990998.0
2025-06-03 08:00:00,0.01734,0.01737,0.01715,0.01728,16737175.0
2025-06-03 09:00:00,0.01728,0.01747,0.01726,0.0174,9038229.0
2025-06-03 10:00:00,0.01739,0.01742,0.01732,0.01739,9636701.0
2025-06-03 11:00:00,0.0174,0.01745,0.01727,0.01733,9434818.0
2025-06-03 12:00:00,0.01733,0.0174,0.01726,0.01734,11051485.0
2025-06-03 13:00:00,0.01735,0.0176,0.01735,0.01747,44519460.0
2025-06-03 14:00:00,0.01747,0.01764,0.01729,0.01761,46060700.0
2025-06-03 15:00:00,0.01762,0.01766,0.01745,0.01749,19455086.0
2025-06-03 16:00:00,0.0175,0.01753,0.01732,0.01735,40078637.0
2025-06-03 17:00:00,0.01735,0.01758,0.01733,0.01747,16696045.0
2025-06-03 18:00:00,0.01747,0.01748,0.0173,0.01738,13870807.0
2025-06-03 19:00:00,0.01738,0.01755,0.01738,0.01747,17060515.0
2025-06-03 20:00:00,0.01747,0.01748,0.01708,0.01721,29781329.0
2025-06-03 21:00:00,0.0172,0.01726,0.01695,0.01704,26115162.0
2025-06-03 22:00:00,0.01704,0.01722,0.017,0.01717,14838591.0
2025-06-03 23:00:00,0.01717,0.01718,0.01704,0.01709,8637196.0
2025-06-04 00:00:00,0.01709,0.01717,0.01695,0.01715,13871172.0
2025-06-04 01:00:00,0.01716,0.01742,0.01716,0.01731,21352905.0
2025-06-04 02:00:00,0.01731,0.01742,0.01721,0.01721,7432291.0
2025-06-04 03:00:00,0.01721,0.01742,0.01718,0.01732,10932183.0
2025-06-04 04:00:00,0.01732,0.01739,0.01725,0.01731,14510717.0
2025-06-04 05:00:00,0.01731,0.01737,0.0172,0.01722,12067156.0
2025-06-04 06:00:00,0.01723,0.01727,0.01712,0.01717,19613679.0
2025-06-04 07:00:00,0.01718,0.01722,0.01706,0.01713,15426371.0
2025-06-04 08:00:00,0.01713,0.01732,0.01713,0.01723,12200690.0
2025-06-04 09:00:00,0.01724,0.01725,0.01703,0.01715,25830030.0
2025-06-04 10:00:00,0.01714,0.01717,0.01696,0.01698,20133006.0
2025-06-04 11:00:00,0.01697,0.01705,0.01685,0.01687,24599673.0
2025-06-04 12:00:00,0.01686,0.01695,0.01671,0.01674,32316920.0
2025-06-04 13:00:00,0.01674,0.01686,0.01666,0.01672,24161236.0
2025-06-04 14:00:00,0.01672,0.01691,0.01658,0.01689,30690216.0
2025-06-04 15:00:00,0.0169,0.01714,0.01683,0.01709,46992881.0
2025-06-04 16:00:00,0.0171,0.0171,0.01691,0.017,18759197.0
2025-06-04 17:00:00,0.017,0.017,0.01668,0.01677,23760384.0
2025-06-04 18:00:00,0.01676,0.01686,0.01673,0.01675,13508730.0
2025-06-04 19:00:00,0.01675,0.01681,0.01662,0.01663,9831930.0
2025-06-04 20:00:00,0.01662,0.01663,0.01631,0.01646,31332440.0
2025-06-04 21:00:00,0.01645,0.01665,0.01626,0.01656,22360893.0
2025-06-04 22:00:00,0.01655,0.01662,0.01642,0.01645,11982332.0
2025-06-04 23:00:00,0.01644,0.01651,0.01638,0.01643,12618450.0
2025-06-05 00:00:00,0.01643,0.01656,0.01635,0.01653,18510265.0
2025-06-05 01:00:00,0.01653,0.01662,0.01642,0.01646,6648436.0
2025-06-05 02:00:00,0.01647,0.01666,0.01647,0.01653,15647209.0
2025-06-05 03:00:00,0.01653,0.01658,0.01648,0.01653,5933793.0
2025-06-05 04:00:00,0.01653,0.01666,0.01646,0.01665,11104552.0
2025-06-05 05:00:00,0.01665,0.0167,0.01621,0.01629,46345198.0
2025-06-05 06:00:00,0.01629,0.01638,0.01622,0.01627,17883144.0
2025-06-05 07:00:00,0.01627,0.01666,0.01626,0.01649,43462211.0
2025-06-05 08:00:00,0.01649,0.01654,0.0164,0.01648,21513771.0
2025-06-05 09:00:00,0.01648,0.01659,0.01643,0.01653,8440277.0
2025-06-05 10:00:00,0.01652,0.01652,0.01622,0.0163,29775727.0
2025-06-05 11:00:00,0.0163,0.01632,0.01619,0.01627,44712321.0
2025-06-05 12:00:00,0.01626,0.01659,0.0162,0.01648,107181887.0
2025-06-05 13:00:00,0.01649,0.0166,0.01608,0.01611,42618048.0
2025-06-05 14:00:00,0.01612,0.01635,0.01591,0.01626,86273800.0
2025-06-05 15:00:00,0.01626,0.01639,0.01617,0.01628,31264394.0
2025-06-05 16:00:00,0.01628,0.0163,0.01581,0.01589,70482122.0
2025-06-05 17:00:00,0.01589,0.01604,0.01587,0.01599,28842105.0
2025-06-05 18:00:00,0.01598,0.01601,0.01583,0.01593,31691583.0
2025-06-05 19:00:00,0.01593,0.01596,0.01529,0.01559,164503220.0
2025-06-05 20:00:00,0.01559,0.01565,0.01498,0.01502,129394740.0
2025-06-05 21:00:00,0.01502,0.01539,0.01498,0.01534,75927669.0
2025-06-05 22:00:00,0.01533,0.01544,0.01522,0.01533,38179289.0
2025-06-05 23:00:00,0.01534,0.0154,0.01522,0.01524,30844454.0
2025-06-06 00:00:00,0.01524,0.0155,0.01521,0.0155,32308827.0
2025-06-06 01:00:00,0.0155,0.01553,0.01544,0.01547,23248339.0
2025-06-06 02:00:00,0.01546,0.01559,0.01538,0.01559,18148529.0
2025-06-06 03:00:00,0.01559,0.01574,0.01556,0.01571,39585602.0
2025-06-06 04:00:00,0.0157,0.0158,0.01567,0.01575,14829088.0
2025-06-06 05:00:00,0.01575,0.01579,0.01568,0.01573,16861106.0
2025-06-06 06:00:00,0.01572,0.01587,0.01571,0.01582,12628851.0
2025-06-06 07:00:00,0.01582,0.01585,0.01569,0.01573,14681925.0
2025-06-06 08:00:00,0.01574,0.01585,0.01571,0.01573,12470655.0
2025-06-06 09:00:00,0.01573,0.01589,0.01573,0.01575,13419479.0
2025-06-06 10:00:00,0.01576,0.01584,0.01572,0.01578,11346001.0
2025-06-06 11:00:00,0.01577,0.01587,0.01576,0.01582,9762319.0
2025-06-06 12:00:00,0.01581,0.01608,0.01576,0.01583,52395327.0
2025-06-06 13:00:00,0.01583,0.01611,0.01583,0.01602,23661249.0
2025-06-06 14:00:00,0.01603,0.01617,0.016,0.01615,43558530.0
2025-06-06 15:00:00,0.01615,0.01626,0.01597,0.01604,25562544.0
2025-06-06 16:00:00,0.01604,0.01612,0.0159,0.01592,14965875.0
2025-06-06 17:00:00,0.01593,0.01595,0.01573,0.0158,21079044.0
2025-06-06 18:00:00,0.01581,0.01584,0.01562,0.01563,18503613.0
2025-06-06 19:00:00,0.01563,0.01569,0.01556,0.01566,16428157.0
2025-06-06 20:00:00,0.01566,0.01581,0.01559,0.0157,19072414.0
2025-06-06 21:00:00,0.0157,0.01574,0.0156,0.01566,18493137.0
2025-06-06 22:00:00,0.01566,0.01567,0.01554,0.01559,13805923.0
2025-06-06 23:00:00,0.0156,0.0156,0.01542,0.01553,24106851.0
2025-06-07 00:00:00,0.01554,0.01579,0.01551,0.01579,19700160.0
2025-06-07 01:00:00,0.01578,0.01582,0.01572,0.01579,25918338.0
2025-06-07 02:00:00,0.01578,0.01602,0.01574,0.01601,82323970.0
2025-06-07 03:00:00,0.016,0.01618,0.01599,0.01615,43645507.0
2025-06-07 04:00:00,0.01615,0.01619,0.01608,0.01615,30091630.0
2025-06-07 05:00:00,0.01615,0.01629,0.01612,0.01627,20428007.0
2025-06-07 06:00:00,0.01628,0.01644,0.0162,0.01643,23811948.0
2025-06-07 07:00:00,0.01644,0.01644,0.01631,0.01637,23791617.0
2025-06-07 08:00:00,0.01637,0.0164,0.01631,0.01634,19542310.0
2025-06-07 09:00:00,0.01633,0.01635,0.01626,0.01628,23728907.0
2025-06-07 10:00:00,0.01629,0.01641,0.01624,0.01637,19341162.0
2025-06-07 11:00:00,0.01636,0.01642,0.01632,0.01634,19852550.0
2025-06-07 12:00:00,0.01634,0.01649,0.01633,0.01637,24891488.0
2025-06-07 13:00:00,0.01637,0.01651,0.01634,0.01642,15251370.0
2025-06-07 14:00:00,0.01643,0.01644,0.01634,0.01638,8524031.0
2025-06-07 15:00:00,0.01638,0.0164,0.01631,0.01637,13507150.0
2025-06-07 16:00:00,0.01636,0.01641,0.01621,0.01624,25612594.0
2025-06-07 17:00:00,0.01624,0.01627,0.01613,0.01614,21080062.0
2025-06-07 18:00:00,0.01615,0.01629,0.01614,0.01623,20239210.0
2025-06-07 19:00:00,0.01623,0.0163,0.01623,0.01623,5652872.0
2025-06-07 20:00:00,0.01623,0.0163,0.01621,0.01625,4975664.0
2025-06-07 21:00:00,0.01626,0.01634,0.01625,0.01631,9349254.0
2025-06-07 22:00:00,0.01632,0.0164,0.01627,0.0163,13032117.0
2025-06-07 23:00:00,0.01631,0.01631,0.01623,0.01625,6998959.0
2025-06-08 00:00:00,0.01626,0.01627,0.01615,0.01618,14773193.0
2025-06-08 01:00:00,0.01618,0.0163,0.01614,0.0163,7972163.0
2025-06-08 02:00:00,0.0163,0.0163,0.01618,0.01618,12919682.0
2025-06-08 03:00:00,0.01619,0.01619,0.01614,0.01614,10209603.0
2025-06-08 04:00:00,0.01614,0.01625,0.01609,0.01623,19252366.0
2025-06-08 05:00:00,0.01623,0.01624,0.01609,0.01609,6346889.0
2025-06-08 06:00:00,0.01609,0.01619,0.01609,0.01612,9298977.0
2025-06-08 07:00:00,0.01612,0.01616,0.016,0.01604,13914158.0
2025-06-08 08:00:00,0.01603,0.01615,0.01603,0.0161,12356244.0
2025-06-08 09:00:00,0.0161,0.01611,0.01589,0.01599,30237016.0
2025-06-08 10:00:00,0.016,0.01612,0.01595,0.01612,21701125.0
2025-06-08 11:00:00,0.01611,0.01631,0.0161,0.01627,34947633.0
2025-06-08 12:00:00,0.01628,0.01635,0.01619,0.01627,23901021.0
2025-06-08 13:00:00,0.01627,0.01643,0.01615,0.01624,37268759.0
2025-06-08 14:00:00,0.01623,0.01636,0.01622,0.01633,14472856.0
2025-06-08 15:00:00,0.01633,0.01642,0.01632,0.01636,18414573.0
2025-06-08 16:00:00,0.01637,0.01655,0.01637,0.01653,20096431.0
2025-06-08 17:00:00,0.01652,0.01659,0.01647,0.01648,19472103.0
2025-06-08 18:00:00,0.01649,0.01656,0.01642,0.01655,9315304.0
2025-06-08 19:00:00,0.01655,0.01658,0.01646,0.01658,14414905.0
2025-06-08 20:00:00,0.01658,0.01664,0.01651,0.01653,16420466.0
2025-06-08 21:00:00,0.01653,0.01667,0.01653,0.01661,12769686.0
2025-06-08 22:00:00,0.01661,0.01663,0.01634,0.01636,31048789.0
2025-06-08 23:00:00,0.01637,0.01637,0.01627,0.01633,24295069.0
2025-06-09 00:00:00,0.01633,0.01642,0.01625,0.01638,20138073.0
2025-06-09 01:00:00,0.01637,0.01639,0.01622,0.01624,22649219.0
2025-06-09 02:00:00,0.01623,0.01633,0.01617,0.01621,17807049.0
2025-06-09 03:00:00,0.01621,0.01627,0.01615,0.01624,17410531.0
2025-06-09 04:00:00,0.01624,0.01628,0.0161,0.01611,9920777.0
2025-06-09 05:00:00,0.01611,0.01612,0.01599,0.01602,15027762.0
2025-06-09 06:00:00,0.01602,0.01618,0.01596,0.01617,19030621.0
2025-06-09 07:00:00,0.01616,0.01617,0.01604,0.01616,11237277.0
2025-06-09 08:00:00,0.01617,0.01627,0.0161,0.01625,17350597.0
2025-06-09 09:00:00,0.01625,0.01647,0.01616,0.01641,28899298.0
2025-06-09 10:00:00,0.01641,0.01657,0.01637,0.01649,44571165.0
2025-06-09 11:00:00,0.0165,0.01663,0.01645,0.01653,26164716.0
2025-06-09 12:00:00,0.01654,0.01664,0.01648,0.01663,16097638.0
2025-06-09 13:00:00,0.01663,0.01664,0.01631,0.01634,44080075.0
2025-06-09 14:00:00,0.01635,0.01654,0.01633,0.01646,40442452.0
2025-06-09 15:00:00,0.01645,0.01662,0.01644,0.01648,25999093.0
2025-06-09 16:00:00,0.01648,0.01676,0.01648,0.01664,24895981.0
2025-06-09 17:00:00,0.01664,0.01679,0.01663,0.01674,23850091.0
2025-06-09 18:00:00,0.01673,0.01678,0.01668,0.01677,18497886.0
2025-06-09 19:00:00,0.01678,0.01681,0.01662,0.0167,22516613.0
2025-06-09 20:00:00,0.01669,0.01677,0.01669,0.01672,14370654.0
2025-06-09 21:00:00,0.01673,0.01721,0.01673,0.01713,62276023.0
2025-06-09 22:00:00,0.01714,0.01731,0.01711,0.0173,43812140.0
2025-06-09 23:00:00,0.0173,0.01732,0.01714,0.01726,27772865.0
2025-06-10 00:00:00,0.01727,0.01748,0.01724,0.01734,40277000.0
2025-06-10 01:00:00,0.01733,0.01742,0.01728,0.01738,21204810.0
2025-06-10 02:00:00,0.01737,0.01738,0.0172,0.01722,30925816.0
2025-06-10 03:00:00,0.01722,0.01723,0.0171,0.01715,35949590.0
2025-06-10 04:00:00,0.01716,0.01721,0.01704,0.01711,19384819.0
2025-06-10 05:00:00,0.01711,0.0172,0.01691,0.01696,30873433.0
2025-06-10 06:00:00,0.01696,0.01707,0.01686,0.01703,19503185.0
2025-06-10 07:00:00,0.01703,0.01714,0.01697,0.01705,24293550.0
2025-06-10 08:00:00,0.01706,0.01712,0.01694,0.01696,28127591.0
2025-06-10 09:00:00,0.01695,0.01716,0.01692,0.01715,25837553.0
2025-06-10 10:00:00,0.01716,0.01716,0.01695,0.01705,45190186.0
2025-06-10 11:00:00,0.01705,0.01773,0.01692,0.01773,135977078.0
2025-06-10 12:00:00,0.01773,0.01791,0.01757,0.01789,74502167.0
2025-06-10 13:00:00,0.0179,0.01795,0.01745,0.01763,80083842.0
2025-06-10 14:00:00,0.01762,0.01769,0.01728,0.01735,54172393.0
2025-06-10 15:00:00,0.01734,0.01753,0.01714,0.01739,53918498.0
2025-06-10 16:00:00,0.01739,0.01757,0.01737,0.0174,26664980.0
2025-06-10 17:00:00,0.0174,0.01755,0.01736,0.01739,17057321.0
2025-06-10 18:00:00,0.01739,0.01772,0.01734,0.01769,24973520.0
2025-06-10 19:00:00,0.0177,0.01791,0.01764,0.01771,49621240.0
2025-06-10 20:00:00,0.01772,0.01772,0.01752,0.0177,24894593.0
2025-06-10 21:00:00,0.0177,0.01773,0.01752,0.01764,39204906.0
2025-06-10 22:00:00,0.01764,0.01792,0.01763,0.01781,30092563.0
2025-06-10 23:00:00,0.01782,0.01788,0.01772,0.01788,18033618.0
2025-06-11 00:00:00,0.01788,0.01793,0.01762,0.01763,23249470.0
2025-06-11 01:00:00,0.01763,0.01765,0.01745,0.0175,14952620.0
2025-06-11 02:00:00,0.0175,0.01765,0.01745,0.01752,16313861.0
2025-06-11 03:00:00,0.01751,0.01778,0.01751,0.01768,14820080.0
2025-06-11 04:00:00,0.01768,0.0177,0.01758,0.01761,14834203.0
2025-06-11 05:00:00,0.01761,0.01764,0.01756,0.01763,12240050.0
2025-06-11 06:00:00,0.01764,0.01778,0.01761,0.01771,18650479.0
2025-06-11 07:00:00,0.01771,0.01783,0.01763,0.01775,22510408.0
2025-06-11 08:00:00,0.01776,0.01782,0.01753,0.01758,17112567.0
2025-06-11 09:00:00,0.01757,0.01762,0.01732,0.01736,30498383.0
2025-06-11 10:00:00,0.01737,0.01747,0.01729,0.01745,16223682.0
2025-06-11 11:00:00,0.01745,0.01748,0.01726,0.01738,14501715.0
2025-06-11 12:00:00,0.01738,0.01777,0.01731,0.01765,48794825.0
2025-06-11 13:00:00,0.01766,0.01784,0.01757,0.01769,26702316.0
2025-06-11 14:00:00,0.0177,0.01802,0.01767,0.01798,35404175.0
2025-06-11 15:00:00,0.01798,0.01815,0.01785,0.01808,44588895.0
2025-06-11 16:00:00,0.01808,0.01814,0.01794,0.01801,36979476.0
2025-06-11 17:00:00,0.01801,0.01801,0.01769,0.01769,29012722.0
2025-06-11 18:00:00,0.0177,0.01773,0.01745,0.01748,37193853.0
2025-06-11 19:00:00,0.01749,0.01752,0.01738,0.01741,22557723.0
2025-06-11 20:00:00,0.01741,0.01756,0.01726,0.01743,24565084.0
2025-06-11 21:00:00,0.01744,0.01757,0.01704,0.01708,35434652.0
2025-06-11 22:00:00,0.01708,0.01717,0.0169,0.01696,44217463.0
2025-06-11 23:00:00,0.01696,0.01712,0.01694,0.01707,16616172.0
2025-06-12 00:00:00,0.01707,0.01709,0.01681,0.01699,32943590.0
2025-06-12 01:00:00,0.01698,0.01702,0.01681,0.01697,22652685.0
2025-06-12 02:00:00,0.01696,0.01702,0.01681,0.01683,14991691.0
2025-06-12 03:00:00,0.01683,0.01685,0.01664,0.01671,33387682.0
2025-06-12 04:00:00,0.0167,0.01674,0.01638,0.01655,75481885.0
2025-06-12 05:00:00,0.01654,0.01668,0.01641,0.01663,17413987.0
2025-06-12 06:00:00,0.01663,0.01669,0.01651,0.01664,18433695.0
2025-06-12 07:00:00,0.01663,0.01667,0.01645,0.01649,18742987.0
2025-06-12 08:00:00,0.01648,0.01658,0.01644,0.01655,15786185.0
2025-06-12 09:00:00,0.01654,0.01659,0.01648,0.01657,17212284.0
2025-06-12 10:00:00,0.01656,0.01658,0.0163,0.01641,38270173.0
2025-06-12 11:00:00,0.0164,0.0164,0.01622,0.01624,41268704.0
2025-06-12 12:00:00,0.01624,0.0165,0.01618,0.01639,38955611.0
2025-06-12 13:00:00,0.01639,0.0166,0.01638,0.01652,26277394.0
2025-06-12 14:00:00,0.01653,0.01677,0.01653,0.01672,25443919.0
2025-06-12 15:00:00,0.01672,0.01677,0.01621,0.01628,44364817.0
2025-06-12 16:00:00,0.01628,0.01635,0.01613,0.01632,56493711.0
2025-06-12 17:00:00,0.01631,0.01658,0.01628,0.01646,46421843.0
2025-06-12 18:00:00,0.01646,0.01649,0.0161,0.01623,65877309.0
2025-06-12 19:00:00,0.01624,0.01632,0.0159,0.016,46369393.0
2025-06-12 20:00:00,0.01599,0.01606,0.01564,0.01575,83882549.0
2025-06-12 21:00:00,0.01574,0.01596,0.0157,0.01577,52742269.0
2025-06-12 22:00:00,0.01577,0.01589,0.01566,0.01573,30575388.0
2025-06-12 23:00:00,0.01572,0.01582,0.01567,0.01567,24885281.0
2025-06-13 00:00:00,0.01567,0.01569,0.01468,0.01481,299864214.0
2025-06-13 01:00:00,0.01481,0.01483,0.01438,0.01462,167200093.0
2025-06-13 02:00:00,0.01461,0.01471,0.01449,0.01467,58447971.0
2025-06-13 03:00:00,0.01466,0.01504,0.01465,0.01498,55376472.0
2025-06-13 04:00:00,0.01498,0.01498,0.01477,0.01485,56048284.0
2025-06-13 05:00:00,0.01484,0.01489,0.01478,0.01478,31137054.0
2025-06-13 06:00:00,0.01477,0.01483,0.01462,0.01483,36322150.0
2025-06-13 07:00:00,0.01483,0.01486,0.01471,0.01477,35555924.0
2025-06-13 08:00:00,0.01478,0.01504,0.01473,0.01484,47743730.0
2025-06-13 09:00:00,0.01484,0.01488,0.01469,0.01475,28552283.0
2025-06-13 10:00:00,0.01475,0.01485,0.0146,0.01484,34864421.0
2025-06-13 11:00:00,0.01485,0.01491,0.01471,0.01487,23950876.0
2025-06-13 12:00:00,0.01487,0.01497,0.0147,0.01474,39857212.0
2025-06-13 13:00:00,0.01473,0.01491,0.01467,0.01477,28846135.0
2025-06-13 14:00:00,0.01477,0.01487,0.01459,0.01482,61617401.0
2025-06-13 15:00:00,0.01482,0.01514,0.01475,0.01502,54372156.0
2025-06-13 16:00:00,0.01502,0.01528,0.01497,0.01518,38763114.0
2025-06-13 17:00:00,0.01518,0.01518,0.01493,0.01511,29157718.0
2025-06-13 18:00:00,0.0151,0.01514,0.01474,0.01487,41154651.0
2025-06-13 19:00:00,0.01487,0.01497,0.01478,0.01488,27963103.0
2025-06-13 20:00:00,0.01488,0.01518,0.01483,0.01507,33084864.0
2025-06-13 21:00:00,0.01508,0.01515,0.01499,0.01509,14080732.0
2025-06-13 22:00:00,0.01509,0.01521,0.01507,0.01515,13367411.0
2025-06-13 23:00:00,0.01515,0.01525,0.01512,0.01522,16724768.0
2025-06-14 00:00:00,0.01522,0.01529,0.01511,0.01513,39013179.0
2025-06-14 01:00:00,0.01513,0.01513,0.01502,0.01504,24977876.0
2025-06-14 02:00:00,0.01504,0.01512,0.01501,0.01503,8752582.0
2025-06-14 03:00:00,0.01504,0.01515,0.01504,0.01509,6596242.0
2025-06-14 04:00:00,0.01509,0.0152,0.01508,0.01516,11827515.0
2025-06-14 05:00:00,0.01517,0.01525,0.0151,0.01523,14528923.0
2025-06-14 06:00:00,0.01523,0.01525,0.01511,0.01511,17846641.0
2025-06-14 07:00:00,0.01511,0.01515,0.015,0.0151,11624713.0
2025-06-14 08:00:00,0.0151,0.0151,0.01502,0.01508,10533665.0
2025-06-14 09:00:00,0.01509,0.01509,0.015,0.015,12939288.0
2025-06-14 10:00:00,0.01501,0.01515,0.015,0.0151,10156715.0
2025-06-14 11:00:00,0.0151,0.0152,0.0151,0.01516,29957374.0
2025-06-14 12:00:00,0.01515,0.01518,0.01503,0.01515,17724961.0
2025-06-14 13:00:00,0.01514,0.01525,0.01509,0.01515,21423654.0
2025-06-14 14:00:00,0.01515,0.01521,0.01508,0.0151,10877414.0
2025-06-14 15:00:00,0.01511,0.01514,0.0149,0.01499,31219627.0
2025-06-14 16:00:00,0.01499,0.01505,0.01472,0.01476,32659579.0
2025-06-14 17:00:00,0.01476,0.01499,0.01474,0.01495,19656230.0
2025-06-14 18:00:00,0.01495,0.01507,0.0148,0.01494,22341993.0
2025-06-14 19:00:00,0.01494,0.015,0.01488,0.01489,20788873.0
2025-06-14 20:00:00,0.01488,0.01493,0.01473,0.01487,35304008.0
2025-06-14 21:00:00,0.01487,0.01516,0.01484,0.0151,100657984.0
2025-06-14 22:00:00,0.0151,0.01516,0.015,0.01505,16132806.0
2025-06-14 23:00:00,0.01505,0.01508,0.01502,0.01504,10086935.0
2025-06-15 00:00:00,0.01504,0.01515,0.01503,0.01515,11809664.0
2025-06-15 01:00:00,0.01515,0.01517,0.01504,0.01506,11101533.0
2025-06-15 02:00:00,0.01506,0.01518,0.01506,0.01511,7348498.0
2025-06-15 03:00:00,0.01511,0.0152,0.01511,0.01512,8482618.0
2025-06-15 04:00:00,0.01512,0.01519,0.01511,0.01515,7433837.0
2025-06-15 05:00:00,0.01515,0.01526,0.01508,0.01525,19092470.0
2025-06-15 06:00:00,0.01526,0.01529,0.01508,0.01509,9549193.0
2025-06-15 07:00:00,0.01509,0.01509,0.01497,0.01501,11380551.0
2025-06-15 08:00:00,0.01501,0.01502,0.01494,0.01499,9742719.0
2025-06-15 09:00:00,0.01498,0.01498,0.01486,0.01489,8963748.0
2025-06-15 10:00:00,0.01489,0.01503,0.01488,0.01501,11057044.0
2025-06-15 11:00:00,0.01501,0.01501,0.0149,0.01498,10369849.0
2025-06-15 12:00:00,0.01498,0.01508,0.01495,0.01507,19641502.0
2025-06-15 13:00:00,0.01507,0.01511,0.01493,0.01502,20298477.0
2025-06-15 14:00:00,0.01502,0.0152,0.01488,0.01515,28353957.0
2025-06-15 15:00:00,0.01516,0.01517,0.015,0.01502,18143360.0
2025-06-15 16:00:00,0.01502,0.01507,0.01493,0.01501,17569030.0
2025-06-15 17:00:00,0.01501,0.01504,0.01492,0.01498,9828255.0
2025-06-15 18:00:00,0.01498,0.01498,0.01486,0.01492,24317621.0
2025-06-15 19:00:00,0.01492,0.01499,0.01481,0.01486,17078025.0
2025-06-15 20:00:00,0.01486,0.01486,0.01464,0.01472,31485813.0
2025-06-15 21:00:00,0.01472,0.01476,0.01457,0.01475,25094716.0
2025-06-15 22:00:00,0.01474,0.01504,0.01473,0.01497,38616917.0
2025-06-15 23:00:00,0.01498,0.01502,0.01491,0.01499,16264038.0
2025-06-16 00:00:00,0.01499,0.01503,0.01489,0.01493,18257693.0
2025-06-16 01:00:00,0.01494,0.01517,0.01482,0.01516,23104233.0
2025-06-16 02:00:00,0.01516,0.01528,0.01515,0.01515,49335483.0
2025-06-16 03:00:00,0.01516,0.01519,0.0151,0.0151,10586696.0
2025-06-16 04:00:00,0.0151,0.01528,0.01508,0.01521,15554717.0
2025-06-16 05:00:00,0.01521,0.01543,0.01515,0.01536,28711570.0
2025-06-16 06:00:00,0.01537,0.01548,0.01534,0.01541,20101984.0
2025-06-16 07:00:00,0.01541,0.01558,0.01541,0.01552,30615043.0
2025-06-16 08:00:00,0.01552,0.01558,0.01544,0.01557,14942609.0
2025-06-16 09:00:00,0.01558,0.01569,0.01556,0.01562,39854994.0
2025-06-16 10:00:00,0.01561,0.01565,0.01547,0.01551,16664453.0
2025-06-16 11:00:00,0.0155,0.01557,0.01539,0.01551,18610414.0
2025-06-16 12:00:00,0.01552,0.01559,0.01542,0.01551,23723644.0
2025-06-16 13:00:00,0.01551,0.01568,0.01548,0.01567,26913609.0
2025-06-16 14:00:00,0.01568,0.01579,0.01563,0.01564,41978790.0
2025-06-16 15:00:00,0.01564,0.01566,0.01547,0.01551,123562392.0
2025-06-16 16:00:00,0.01551,0.01579,0.01551,0.01559,40479533.0
2025-06-16 17:00:00,0.0156,0.01564,0.01553,0.01557,26175750.0
2025-06-16 18:00:00,0.01557,0.01566,0.01556,0.01564,10349658.0
2025-06-16 19:00:00,0.01564,0.0157,0.01557,0.01562,38164613.0
2025-06-16 20:00:00,0.01562,0.01572,0.01556,0.01566,34580958.0
2025-06-16 21:00:00,0.01566,0.01569,0.01557,0.01563,9558926.0
2025-06-16 22:00:00,0.01562,0.01569,0.01504,0.01517,105484395.0
2025-06-16 23:00:00,0.01518,0.0153,0.01488,0.01492,55439908.0
2025-06-17 00:00:00,0.01493,0.01511,0.01456,0.0151,82077521.0
2025-06-17 01:00:00,0.01511,0.0152,0.01503,0.01504,19227408.0
2025-06-17 02:00:00,0.01504,0.01522,0.01497,0.01522,15928692.0
2025-06-17 03:00:00,0.01522,0.01528,0.01512,0.01517,16775127.0
2025-06-17 04:00:00,0.01517,0.01519,0.01505,0.01508,14449004.0
2025-06-17 05:00:00,0.01507,0.0151,0.01494,0.01498,13305356.0
2025-06-17 06:00:00,0.01497,0.01503,0.01489,0.01493,16028704.0
2025-06-17 07:00:00,0.01493,0.01498,0.01486,0.01487,10286135.0
2025-06-17 08:00:00,0.01486,0.01489,0.01472,0.01473,19549753.0
2025-06-17 09:00:00,0.01473,0.01479,0.01467,0.01471,24699162.0
2025-06-17 10:00:00,0.01471,0.01473,0.01459,0.01472,20846927.0
2025-06-17 11:00:00,0.01472,0.01472,0.01462,0.01467,17888706.0
2025-06-17 12:00:00,0.01468,0.01482,0.0146,0.01468,99568425.0
2025-06-17 13:00:00,0.01468,0.0148,0.01465,0.0147,42706984.0
2025-06-17 14:00:00,0.01471,0.01485,0.01464,0.01464,25758367.0
2025-06-17 15:00:00,0.01464,0.01464,0.01426,0.0144,163155281.0
2025-06-17 16:00:00,0.01439,0.01441,0.01392,0.01393,101372038.0
2025-06-17 17:00:00,0.01393,0.01423,0.0139,0.01411,55636884.0
2025-06-17 18:00:00,0.01412,0.01432,0.01407,0.01431,14472960.0
2025-06-17 19:00:00,0.01431,0.01459,0.01431,0.01447,37386792.0
2025-06-17 20:00:00,0.01448,0.01454,0.01433,0.01435,34075181.0
2025-06-17 21:00:00,0.01435,0.01437,0.01419,0.01424,22366088.0
2025-06-17 22:00:00,0.01425,0.01428,0.01412,0.01413,17382718.0
2025-06-17 23:00:00,0.01413,0.01436,0.01413,0.01426,28067408.0
2025-06-18 00:00:00,0.01426,0.01445,0.01426,0.01442,22385465.0
2025-06-18 01:00:00,0.01442,0.01448,0.01431,0.01432,22767816.0
2025-06-18 02:00:00,0.01432,0.01438,0.01427,0.01431,8847247.0
2025-06-18 03:00:00,0.0143,0.01438,0.01428,0.01434,16414994.0
2025-06-18 04:00:00,0.01434,0.01451,0.01431,0.01445,23019189.0
2025-06-18 05:00:00,0.01445,0.0145,0.01441,0.01442,14123947.0
2025-06-18 06:00:00,0.01442,0.01446,0.01434,0.01437,15661788.0
2025-06-18 07:00:00,0.01436,0.01439,0.01432,0.01436,9785080.0
2025-06-18 08:00:00,0.01437,0.01444,0.01418,0.01423,15628291.0
2025-06-18 09:00:00,0.01423,0.01427,0.01406,0.01411,14957450.0
2025-06-18 10:00:00,0.01412,0.01413,0.01381,0.01385,46944738.0
2025-06-18 11:00:00,0.01385,0.01406,0.0138,0.01405,30215922.0
2025-06-18 12:00:00,0.01405,0.01409,0.01389,0.01391,32776028.0
2025-06-18 13:00:00,0.01392,0.01394,0.0136,0.01393,49337738.0
2025-06-18 14:00:00,0.01394,0.0142,0.01386,0.01399,79305837.0
2025-06-18 15:00:00,0.01399,0.01416,0.01391,0.01408,36008186.0
2025-06-18 16:00:00,0.01409,0.01415,0.014,0.01409,14911970.0
2025-06-18 17:00:00,0.01409,0.01415,0.01392,0.01413,35237478.0
2025-06-18 18:00:00,0.01413,0.01425,0.01392,0.01392,57621762.0
2025-06-18 19:00:00,0.01391,0.01414,0.01388,0.01399,36162433.0
2025-06-18 20:00:00,0.014,0.01444,0.01396,0.01442,35177139.0
2025-06-18 21:00:00,0.01442,0.01455,0.0143,0.0145,43066857.0
2025-06-18 22:00:00,0.01449,0.01454,0.01443,0.01449,26202311.0
2025-06-18 23:00:00,0.01449,0.01456,0.01439,0.01447,13772286.0
2025-06-19 00:00:00,0.01446,0.01466,0.01441,0.0145,22106307.0
2025-06-19 01:00:00,0.01451,0.01453,0.01438,0.01442,15375983.0
2025-06-19 02:00:00,0.01443,0.0145,0.01437,0.0144,11965473.0
2025-06-19 03:00:00,0.0144,0.0145,0.0144,0.01449,9406349.0
2025-06-19 04:00:00,0.01449,0.0145,0.01438,0.01448,7331249.0
2025-06-19 05:00:00,0.01449,0.01456,0.01441,0.01442,9066448.0
2025-06-19 06:00:00,0.01442,0.01449,0.01435,0.01437,19263474.0
2025-06-19 07:00:00,0.01437,0.01441,0.01434,0.01435,13333057.0
2025-06-19 08:00:00,0.01435,0.01443,0.01431,0.01431,13459422.0
2025-06-19 09:00:00,0.01431,0.01449,0.01429,0.01445,12445534.0
2025-06-19 10:00:00,0.01444,0.01445,0.01433,0.01437,6952805.0
2025-06-19 11:00:00,0.01436,0.01436,0.01428,0.0143,10082072.0
2025-06-19 12:00:00,0.01429,0.01438,0.01426,0.01433,9418127.0
2025-06-19 13:00:00,0.01433,0.01438,0.0142,0.01423,19645916.0
2025-06-19 14:00:00,0.01423,0.0143,0.01414,0.01416,19149499.0
2025-06-19 15:00:00,0.01416,0.01422,0.01413,0.01416,13611099.0
2025-06-19 16:00:00,0.01416,0.01421,0.01404,0.01405,15283240.0
2025-06-19 17:00:00,0.01405,0.01433,0.01402,0.01424,38395736.0
2025-06-19 18:00:00,0.01425,0.01438,0.01417,0.01424,20657080.0
2025-06-19 19:00:00,0.01424,0.01428,0.01416,0.01418,8867323.0
2025-06-19 20:00:00,0.01418,0.01426,0.01412,0.01417,6785603.0
2025-06-19 21:00:00,0.01416,0.01424,0.01413,0.0142,19302199.0
2025-06-19 22:00:00,0.01421,0.01433,0.01421,0.01424,13262040.0
2025-06-19 23:00:00,0.01423,0.01425,0.01413,0.01419,8668127.0
2025-06-20 00:00:00,0.01419,0.01431,0.01417,0.01424,14800688.0
2025-06-20 01:00:00,0.01424,0.01431,0.01417,0.01427,17164420.0
2025-06-20 02:00:00,0.01428,0.01429,0.01415,0.0142,14961947.0
2025-06-20 03:00:00,0.01419,0.0142,0.01413,0.01417,11349448.0
2025-06-20 04:00:00,0.01416,0.0142,0.014,0.01402,16939023.0
2025-06-20 05:00:00,0.01403,0.01418,0.01399,0.01416,37083192.0
2025-06-20 06:00:00,0.01417,0.01427,0.01416,0.01423,11834454.0
2025-06-20 07:00:00,0.01423,0.01449,0.01421,0.01447,38833199.0
2025-06-20 08:00:00,0.01448,0.01456,0.01438,0.01443,37943164.0
2025-06-20 09:00:00,0.01444,0.01449,0.01438,0.01442,13125301.0
2025-06-20 10:00:00,0.01441,0.01447,0.01436,0.01443,14139282.0
2025-06-20 11:00:00,0.01443,0.01452,0.01439,0.01448,20524545.0
2025-06-20 12:00:00,0.01448,0.01454,0.01446,0.01448,15976040.0
2025-06-20 13:00:00,0.01448,0.01458,0.01437,0.01444,30109059.0
2025-06-20 14:00:00,0.01444,0.0145,0.01405,0.01407,64710282.0
2025-06-20 15:00:00,0.01407,0.01419,0.01401,0.01407,57641717.0
2025-06-20 16:00:00,0.01408,0.01408,0.0138,0.01384,68924471.0
2025-06-20 17:00:00,0.01385,0.01388,0.01341,0.01378,156074841.0
2025-06-20 18:00:00,0.01377,0.01388,0.01375,0.01384,35002018.0
2025-06-20 19:00:00,0.01384,0.01385,0.01371,0.01383,25006800.0
2025-06-20 20:00:00,0.01383,0.01402,0.01382,0.01391,11689337.0
2025-06-20 21:00:00,0.01392,0.01392,0.01377,0.01377,11590917.0
2025-06-20 22:00:00,0.01377,0.01377,0.01361,0.01368,23617750.0
2025-06-20 23:00:00,0.01368,0.01376,0.01362,0.01375,16223591.0
2025-06-21 00:00:00,0.01374,0.01386,0.01372,0.0138,18242050.0
2025-06-21 01:00:00,0.01379,0.01397,0.01379,0.01394,25984369.0
2025-06-21 02:00:00,0.01395,0.014,0.01391,0.01397,9363152.0
2025-06-21 03:00:00,0.01396,0.01403,0.01393,0.01398,11610359.0
2025-06-21 04:00:00,0.01399,0.01401,0.01395,0.01396,9800583.0
2025-06-21 05:00:00,0.01397,0.01403,0.01395,0.01399,11646712.0
2025-06-21 06:00:00,0.01399,0.01403,0.01397,0.01398,8527795.0
2025-06-21 07:00:00,0.01398,0.01402,0.01392,0.01396,8899579.0
2025-06-21 08:00:00,0.01396,0.01405,0.0139,0.01404,10234243.0
2025-06-21 09:00:00,0.01405,0.01406,0.01395,0.01397,9844531.0
2025-06-21 10:00:00,0.01398,0.01405,0.01391,0.01392,9089064.0
2025-06-21 11:00:00,0.01392,0.01397,0.0139,0.0139,7010219.0
2025-06-21 12:00:00,0.0139,0.01395,0.01376,0.01378,14972473.0
2025-06-21 13:00:00,0.01378,0.01382,0.01359,0.0136,19767689.0
2025-06-21 14:00:00,0.0136,0.01368,0.01353,0.01358,26782561.0
2025-06-21 15:00:00,0.01357,0.01364,0.01346,0.0136,34406176.0
2025-06-21 16:00:00,0.0136,0.01366,0.01346,0.01352,39009055.0
2025-06-21 17:00:00,0.01351,0.01358,0.01325,0.01332,43015170.0
2025-06-21 18:00:00,0.01332,0.0134,0.01324,0.01329,24037446.0
2025-06-21 19:00:00,0.01328,0.0133,0.01316,0.01316,27806163.0
2025-06-21 20:00:00,0.01316,0.0133,0.01313,0.01327,26906976.0
2025-06-21 21:00:00,0.01327,0.01328,0.01255,0.0128,116676419.0
2025-06-21 22:00:00,0.0128,0.013,0.01278,0.01298,56902652.0
2025-06-21 23:00:00,0.01297,0.01308,0.01275,0.01306,104591144.0
2025-06-22 00:00:00,0.01307,0.01326,0.01296,0.01318,64967260.0
2025-06-22 01:00:00,0.01318,0.01326,0.013,0.013,29913783.0
2025-06-22 02:00:00,0.01301,0.0131,0.01282,0.01293,48577674.0
2025-06-22 03:00:00,0.01293,0.01298,0.01276,0.01285,38972667.0
2025-06-22 04:00:00,0.01285,0.01299,0.01278,0.01293,17830730.0
2025-06-22 05:00:00,0.01293,0.013,0.01284,0.01295,13328747.0
2025-06-22 06:00:00,0.01294,0.01305,0.01287,0.01301,17283502.0
2025-06-22 07:00:00,0.01302,0.01305,0.01284,0.01287,18015349.0
2025-06-22 08:00:00,0.01287,0.0129,0.01275,0.0128,15047049.0
2025-06-22 09:00:00,0.01279,0.01285,0.01252,0.01256,56288909.0
2025-06-22 10:00:00,0.01256,0.0127,0.01253,0.01264,41810780.0
2025-06-22 11:00:00,0.01263,0.01278,0.01258,0.01264,23651929.0
2025-06-22 12:00:00,0.01264,0.01274,0.01245,0.01264,32454704.0
2025-06-22 13:00:00,0.01264,0.01267,0.012,0.01221,274861537.0
2025-06-22 14:00:00,0.01222,0.01241,0.01201,0.0124,134713901.0
2025-06-22 15:00:00,0.0124,0.01245,0.01218,0.01219,72204224.0
2025-06-22 16:00:00,0.01219,0.01222,0.01192,0.01199,122944577.0
2025-06-22 17:00:00,0.01198,0.01219,0.01181,0.01198,130795890.0
2025-06-22 18:00:00,0.01199,0.01233,0.01195,0.01216,99209566.0
2025-06-22 19:00:00,0.01215,0.01218,0.01204,0.01209,37625749.0
2025-06-22 20:00:00,0.01209,0.01228,0.01178,0.0122,158498900.0
2025-06-22 21:00:00,0.01221,0.01233,0.01208,0.01214,39914691.0
2025-06-22 22:00:00,0.01215,0.0125,0.01214,0.01249,52367833.0
2025-06-22 23:00:00,0.0125,0.01255,0.01244,0.01254,30019810.0
2025-06-23 00:00:00,0.01254,0.01272,0.01251,0.0126,34952704.0
2025-06-23 01:00:00,0.0126,0.01262,0.01244,0.0126,41482414.0
2025-06-23 02:00:00,0.0126,0.01262,0.01252,0.01254,24822829.0
2025-06-23 03:00:00,0.01255,0.0126,0.01251,0.01254,22793643.0
2025-06-23 04:00:00,0.01254,0.01261,0.01251,0.01256,23729318.0
2025-06-23 05:00:00,0.01256,0.01276,0.01256,0.01274,28077705.0
2025-06-23 06:00:00,0.01274,0.01278,0.01266,0.01273,23768664.0
2025-06-23 07:00:00,0.01273,0.01284,0.0127,0.01274,21739829.0
2025-06-23 08:00:00,0.01273,0.01278,0.01267,0.01274,12360474.0
2025-06-23 09:00:00,0.01273,0.01274,0.01263,0.01271,14943172.0
2025-06-23 10:00:00,0.0127,0.01271,0.0126,0.01266,19938297.0
2025-06-23 11:00:00,0.01265,0.01274,0.01261,0.01272,11472972.0
2025-06-23 12:00:00,0.01273,0.01288,0.01264,0.01287,22482424.0
2025-06-23 13:00:00,0.01287,0.01313,0.01265,0.0131,60004925.0
2025-06-23 14:00:00,0.0131,0.01318,0.01296,0.01312,93482021.0
2025-06-23 15:00:00,0.01312,0.01326,0.01288,0.01288,86489626.0
2025-06-23 16:00:00,0.01288,0.01291,0.01248,0.0126,92821640.0
2025-06-23 17:00:00,0.0126,0.01315,0.01255,0.01307,97805816.0
2025-06-23 18:00:00,0.01307,0.01329,0.01307,0.01324,78785010.0
2025-06-23 19:00:00,0.01323,0.01335,0.01314,0.01329,37986672.0
2025-06-23 20:00:00,0.0133,0.01361,0.01327,0.01352,96479884.0
2025-06-23 21:00:00,0.01353,0.0136,0.01346,0.01351,30492410.0
2025-06-23 22:00:00,0.01351,0.01402,0.0135,0.01397,118200544.0
2025-06-23 23:00:00,0.01398,0.01402,0.01391,0.01393,32727306.0
2025-06-24 00:00:00,0.01393,0.01404,0.0139,0.01397,53977983.0
2025-06-24 01:00:00,0.01398,0.01411,0.01388,0.01401,58127901.0
2025-06-24 02:00:00,0.014,0.01402,0.0139,0.01393,22329138.0
2025-06-24 03:00:00,0.01393,0.01397,0.01382,0.01383,25451775.0
2025-06-24 04:00:00,0.01383,0.01389,0.01378,0.01388,15186812.0
2025-06-24 05:00:00,0.01388,0.01419,0.01387,0.01418,27424967.0
2025-06-24 06:00:00,0.01418,0.01434,0.01412,0.01426,56290572.0
2025-06-24 07:00:00,0.01426,0.0144,0.01405,0.01409,67220489.0
2025-06-24 08:00:00,0.01408,0.01413,0.01392,0.01405,43934706.0
2025-06-24 09:00:00,0.01404,0.01422,0.01399,0.01408,17863292.0
2025-06-24 10:00:00,0.01408,0.01413,0.01402,0.01406,14886035.0
2025-06-24 11:00:00,0.01406,0.01414,0.01398,0.01404,32940936.0
2025-06-24 12:00:00,0.01405,0.01411,0.014,0.01406,21521857.0
2025-06-24 13:00:00,0.01405,0.01412,0.01393,0.01405,44387212.0
2025-06-24 14:00:00,0.01405,0.01422,0.01403,0.01407,39795164.0
2025-06-24 15:00:00,0.01408,0.01415,0.01398,0.01407,30226342.0
2025-06-24 16:00:00,0.01407,0.01447,0.01407,0.01446,42582686.0
2025-06-24 17:00:00,0.01446,0.01446,0.01413,0.01417,30356914.0
2025-06-24 18:00:00,0.01418,0.0142,0.01401,0.01406,15865762.0
2025-06-24 19:00:00,0.01406,0.0141,0.01395,0.01406,13251783.0
2025-06-24 20:00:00,0.01405,0.01415,0.014,0.01414,16731917.0
2025-06-24 21:00:00,0.01415,0.01426,0.01406,0.01424,11455831.0
2025-06-24 22:00:00,0.01423,0.01424,0.01412,0.01418,16204045.0
2025-06-24 23:00:00,0.01417,0.01424,0.01407,0.01422,15124478.0
2025-06-25 00:00:00,0.01421,0.01429,0.01411,0.01423,16011752.0
2025-06-25 01:00:00,0.01423,0.01427,0.0141,0.01416,14145371.0
2025-06-25 02:00:00,0.01417,0.01427,0.01416,0.01418,9996847.0
2025-06-25 03:00:00,0.01419,0.01427,0.01415,0.01416,9062056.0
2025-06-25 04:00:00,0.01415,0.01417,0.01405,0.01409,9563892.0
2025-06-25 05:00:00,0.01409,0.01413,0.01403,0.01405,13361244.0
2025-06-25 06:00:00,0.01405,0.01413,0.01403,0.01409,10321460.0
2025-06-25 07:00:00,0.01409,0.01417,0.01404,0.0141,12276641.0
2025-06-25 08:00:00,0.0141,0.01413,0.01385,0.01395,25340463.0
2025-06-25 09:00:00,0.01396,0.01399,0.01376,0.01382,26986162.0
2025-06-25 10:00:00,0.01382,0.01388,0.01374,0.01384,22555725.0
2025-06-25 11:00:00,0.01384,0.01398,0.01378,0.01397,15362273.0
2025-06-25 12:00:00,0.01398,0.01399,0.01384,0.01392,21318549.0
2025-06-25 13:00:00,0.01392,0.01413,0.01388,0.01404,33266737.0
2025-06-25 14:00:00,0.01405,0.01405,0.01371,0.01384,47000460.0
2025-06-25 15:00:00,0.01384,0.01385,0.01356,0.01359,42883520.0
2025-06-25 16:00:00,0.01359,0.01362,0.01345,0.0135,44590556.0
2025-06-25 17:00:00,0.0135,0.01378,0.01348,0.01367,30571299.0
2025-06-25 18:00:00,0.01366,0.01368,0.01355,0.0136,17725766.0
2025-06-25 19:00:00,0.0136,0.01377,0.01359,0.01372,27757168.0
2025-06-25 20:00:00,0.01372,0.01377,0.01366,0.01376,13554476.0
2025-06-25 21:00:00,0.01376,0.01382,0.01356,0.01359,22090732.0
2025-06-25 22:00:00,0.01359,0.01359,0.01343,0.01348,22045722.0
2025-06-25 23:00:00,0.01347,0.01352,0.0134,0.0135,23087286.0
2025-06-26 00:00:00,0.01351,0.01358,0.01348,0.01353,12817974.0
2025-06-26 01:00:00,0.01352,0.01381,0.01346,0.01368,26423200.0
2025-06-26 02:00:00,0.01368,0.0138,0.01361,0.01378,25780677.0
2025-06-26 03:00:00,0.01378,0.01393,0.01366,0.01369,39229372.0
2025-06-26 04:00:00,0.01369,0.0137,0.01354,0.01363,13051213.0
2025-06-26 05:00:00,0.01364,0.01364,0.01352,0.01358,9984327.0
2025-06-26 06:00:00,0.01357,0.01367,0.01354,0.01365,17987302.0
2025-06-26 07:00:00,0.01365,0.01385,0.01363,0.01382,20902665.0
2025-06-26 08:00:00,0.01382,0.01389,0.01372,0.01372,19160012.0
2025-06-26 09:00:00,0.01373,0.01377,0.01359,0.01362,31900216.0
2025-06-26 10:00:00,0.01362,0.01375,0.0136,0.01372,25110960.0
2025-06-26 11:00:00,0.01372,0.01377,0.01365,0.01368,27588286.0
2025-06-26 12:00:00,0.01368,0.01368,0.01346,0.0135,30110570.0
2025-06-26 13:00:00,0.01351,0.01353,0.01333,0.01338,60066795.0
2025-06-26 14:00:00,0.01338,0.01364,0.01331,0.01353,36088475.0
2025-06-26 15:00:00,0.01353,0.01355,0.01331,0.01345,29357199.0
2025-06-26 16:00:00,0.01344,0.01345,0.01329,0.01334,30352225.0
2025-06-26 17:00:00,0.01334,0.01346,0.01329,0.01329,16007558.0
2025-06-26 18:00:00,0.0133,0.01341,0.01326,0.01332,18772655.0
2025-06-26 19:00:00,0.01332,0.01353,0.0133,0.01346,24670818.0
2025-06-26 20:00:00,0.01346,0.0137,0.01343,0.0136,21456891.0
2025-06-26 21:00:00,0.0136,0.01363,0.01335,0.01348,34665736.0
2025-06-26 22:00:00,0.01347,0.01357,0.01328,0.01331,40451652.0
2025-06-26 23:00:00,0.0133,0.01335,0.01328,0.01332,15579581.0
2025-06-27 00:00:00,0.01333,0.01341,0.01319,0.0132,14833810.0
2025-06-27 01:00:00,0.0132,0.01363,0.01312,0.01342,142162855.0
2025-06-27 02:00:00,0.01342,0.01352,0.01339,0.01348,16523187.0
2025-06-27 03:00:00,0.01349,0.01351,0.01342,0.01348,11468785.0
2025-06-27 04:00:00,0.01348,0.01348,0.01338,0.01343,11383656.0
2025-06-27 05:00:00,0.01343,0.01362,0.01338,0.01339,16644783.0
2025-06-27 06:00:00,0.01339,0.01348,0.01334,0.01343,13328168.0
2025-06-27 07:00:00,0.01343,0.01354,0.0133,0.01333,9740947.0
2025-06-27 08:00:00,0.01333,0.01356,0.01333,0.01353,14772784.0
2025-06-27 09:00:00,0.01354,0.01355,0.01344,0.01347,21434445.0
2025-06-27 10:00:00,0.01348,0.01348,0.01335,0.01335,13228530.0
2025-06-27 11:00:00,0.01335,0.01342,0.01333,0.01335,12003461.0
2025-06-27 12:00:00,0.01336,0.01345,0.01325,0.01327,21207899.0
2025-06-27 13:00:00,0.01327,0.01341,0.01326,0.01341,12241769.0
2025-06-27 14:00:00,0.01341,0.01348,0.01333,0.01334,17075850.0
2025-06-27 15:00:00,0.01334,0.01356,0.01332,0.01353,16858658.0
2025-06-27 16:00:00,0.01353,0.01372,0.01348,0.01357,32005067.0
2025-06-27 17:00:00,0.01357,0.01358,0.01328,0.01336,31315002.0
2025-06-27 18:00:00,0.01336,0.01338,0.01316,0.01321,21845501.0
2025-06-27 19:00:00,0.01321,0.01331,0.01321,0.01328,26649315.0
2025-06-27 20:00:00,0.01328,0.01345,0.01326,0.01344,17365987.0
2025-06-27 21:00:00,0.01345,0.01354,0.01338,0.01352,21569282.0
2025-06-27 22:00:00,0.01352,0.01357,0.0135,0.01355,8769897.0
2025-06-27 23:00:00,0.01355,0.01356,0.01349,0.01353,8481028.0
2025-06-28 00:00:00,0.01353,0.01358,0.01349,0.01353,5890339.0
2025-06-28 01:00:00,0.01353,0.0136,0.01346,0.01358,5445171.0
2025-06-28 02:00:00,0.01359,0.01363,0.01352,0.01352,6558806.0
2025-06-28 03:00:00,0.01353,0.01355,0.01348,0.01349,4319109.0
2025-06-28 04:00:00,0.01349,0.01352,0.01344,0.01345,5037206.0
2025-06-28 05:00:00,0.01345,0.01356,0.01342,0.01347,9676314.0
2025-06-28 06:00:00,0.01347,0.01353,0.01345,0.01353,8866926.0
2025-06-28 07:00:00,0.01353,0.01362,0.0135,0.01359,9291686.0
2025-06-28 08:00:00,0.0136,0.01361,0.01351,0.01355,8404703.0
2025-06-28 09:00:00,0.01355,0.01362,0.0135,0.01359,12315468.0
2025-06-28 10:00:00,0.01359,0.01366,0.01355,0.01361,11768725.0
2025-06-28 11:00:00,0.01362,0.0137,0.01361,0.01364,10789189.0
2025-06-28 12:00:00,0.01364,0.01366,0.01359,0.01363,8344614.0
2025-06-28 13:00:00,0.01364,0.01368,0.01357,0.01358,24068572.0
2025-06-28 14:00:00,0.01358,0.01366,0.01358,0.01363,18806316.0
2025-06-28 15:00:00,0.01363,0.01376,0.01361,0.01374,17288417.0
2025-06-28 16:00:00,0.01374,0.01391,0.01374,0.01375,54506808.0
2025-06-28 17:00:00,0.01376,0.01392,0.01369,0.01391,25438094.0
2025-06-28 18:00:00,0.01392,0.01396,0.01385,0.01395,26310904.0
2025-06-28 19:00:00,0.01396,0.01398,0.01389,0.0139,22088316.0
2025-06-28 20:00:00,0.01391,0.01392,0.01383,0.01385,12824674.0
2025-06-28 21:00:00,0.01384,0.01397,0.01383,0.01396,20421112.0
2025-06-28 22:00:00,0.01396,0.0141,0.01393,0.01402,23670740.0
2025-06-28 23:00:00,0.01403,0.01404,0.01396,0.01398,16264009.0
2025-06-29 00:00:00,0.01399,0.01407,0.01394,0.014,31728364.0
2025-06-29 01:00:00,0.014,0.014,0.01386,0.01388,9042581.0
2025-06-29 02:00:00,0.01388,0.0139,0.01382,0.01388,11153187.0
2025-06-29 03:00:00,0.01388,0.0139,0.01382,0.01383,6730499.0
2025-06-29 04:00:00,0.01384,0.01388,0.01382,0.01387,6277776.0
2025-06-29 05:00:00,0.01386,0.01389,0.01382,0.01389,5796746.0
2025-06-29 06:00:00,0.01389,0.01398,0.01388,0.01396,11378118.0
2025-06-29 07:00:00,0.01396,0.014,0.0139,0.014,19715062.0
2025-06-29 08:00:00,0.014,0.01409,0.01398,0.01407,16690771.0
2025-06-29 09:00:00,0.01408,0.01416,0.01403,0.01409,26020904.0
2025-06-29 10:00:00,0.01409,0.01413,0.01403,0.0141,17643180.0
2025-06-29 11:00:00,0.0141,0.0141,0.01401,0.01405,12716044.0
2025-06-29 12:00:00,0.01404,0.01411,0.01401,0.01407,15828570.0
2025-06-29 13:00:00,0.01407,0.0141,0.01396,0.01399,26741742.0
2025-06-29 14:00:00,0.01399,0.01406,0.01388,0.01389,19543235.0
2025-06-29 15:00:00,0.01389,0.01393,0.01383,0.01388,21168241.0
2025-06-29 16:00:00,0.01387,0.01397,0.01386,0.01396,18725169.0
2025-06-29 17:00:00,0.01397,0.014,0.01389,0.014,13638179.0
2025-06-29 18:00:00,0.01399,0.01407,0.01394,0.01406,9925037.0
2025-06-29 19:00:00,0.01406,0.01413,0.01404,0.01413,12441788.0
2025-06-29 20:00:00,0.01413,0.01415,0.01405,0.01405,18987300.0
2025-06-29 21:00:00,0.01405,0.01437,0.01397,0.01434,46163457.0
2025-06-29 22:00:00,0.01435,0.01517,0.01435,0.01514,161192497.0
2025-06-29 23:00:00,0.01515,0.0152,0.01496,0.01496,66090654.0
2025-06-30 00:00:00,0.01496,0.01519,0.01496,0.01498,59945965.0
2025-06-30 01:00:00,0.01498,0.015,0.01473,0.01473,40772578.0
2025-06-30 02:00:00,0.01473,0.01478,0.01469,0.01469,14683448.0
2025-06-30 03:00:00,0.01469,0.01475,0.01465,0.01468,9597529.0
2025-06-30 04:00:00,0.01468,0.01469,0.01453,0.01456,14212893.0
2025-06-30 05:00:00,0.01456,0.0146,0.0145,0.01456,14270758.0
2025-06-30 06:00:00,0.01456,0.01463,0.01436,0.01445,25972153.0
2025-06-30 07:00:00,0.01445,0.01466,0.01441,0.01464,15152007.0
2025-06-30 08:00:00,0.01464,0.01468,0.0145,0.0145,19412028.0
2025-06-30 09:00:00,0.01451,0.01455,0.01438,0.01438,20786262.0
2025-06-30 10:00:00,0.01438,0.01445,0.01434,0.01438,19976235.0
2025-06-30 11:00:00,0.01439,0.01449,0.01435,0.01435,11474143.0
2025-06-30 12:00:00,0.01436,0.01449,0.01422,0.01429,24086437.0
2025-06-30 13:00:00,0.01429,0.0144,0.01416,0.01419,38358982.0
2025-06-30 14:00:00,0.0142,0.01429,0.01405,0.01412,73621879.0
2025-06-30 15:00:00,0.01413,0.01438,0.01405,0.01423,87366430.0
2025-06-30 16:00:00,0.01423,0.01434,0.01418,0.01432,33497657.0
2025-06-30 17:00:00,0.01431,0.01438,0.0142,0.01423,22502866.0
2025-06-30 18:00:00,0.01422,0.01429,0.01413,0.01418,17149037.0
2025-06-30 19:00:00,0.01417,0.01448,0.01417,0.01446,36817813.0
2025-06-30 20:00:00,0.01446,0.01451,0.01434,0.01435,31048987.0
2025-06-30 21:00:00,0.01436,0.01441,0.01421,0.01426,23360302.0
2025-06-30 22:00:00,0.01427,0.01431,0.01421,0.01421,14956717.0
2025-06-30 23:00:00,0.01421,0.01429,0.01414,0.01419,14279459.0
2025-07-01 00:00:00,0.0142,0.01429,0.01408,0.01417,31598296.0
2025-07-01 01:00:00,0.01416,0.01422,0.01407,0.0141,21866918.0
2025-07-01 02:00:00,0.01409,0.01414,0.01402,0.01405,10321532.0
2025-07-01 03:00:00,0.01404,0.0141,0.014,0.01407,12484481.0
2025-07-01 04:00:00,0.01406,0.01406,0.01378,0.01379,51617878.0
2025-07-01 05:00:00,0.01379,0.01382,0.01368,0.0138,27439880.0
2025-07-01 06:00:00,0.01381,0.01386,0.01375,0.01382,20181939.0
2025-07-01 07:00:00,0.01382,0.0139,0.01365,0.01388,45854442.0
2025-07-01 08:00:00,0.01388,0.01388,0.01373,0.01377,39412606.0
2025-07-01 09:00:00,0.01377,0.01386,0.01374,0.01384,13589838.0
2025-07-01 10:00:00,0.01383,0.01387,0.01379,0.01383,12295838.0
2025-07-01 11:00:00,0.01383,0.01384,0.01368,0.01371,18970352.0
2025-07-01 12:00:00,0.01371,0.01373,0.01363,0.01366,13828876.0
2025-07-01 13:00:00,0.01365,0.01378,0.01357,0.01377,36359175.0
2025-07-01 14:00:00,0.01377,0.01386,0.0136,0.01372,50275753.0
2025-07-01 15:00:00,0.01372,0.01376,0.01365,0.01371,17566622.0
2025-07-01 16:00:00,0.0137,0.0137,0.01358,0.0136,19924443.0
2025-07-01 17:00:00,0.01361,0.01363,0.01351,0.01357,16952059.0
2025-07-01 18:00:00,0.01357,0.01357,0.01331,0.01336,31439688.0
2025-07-01 19:00:00,0.01335,0.01347,0.01331,0.01338,18033457.0
2025-07-01 20:00:00,0.01339,0.01347,0.01332,0.01345,18007483.0
2025-07-01 21:00:00,0.01344,0.01353,0.01338,0.01346,13379787.0
2025-07-01 22:00:00,0.01346,0.01348,0.01338,0.01339,14191138.0
2025-07-01 23:00:00,0.01338,0.0134,0.0133,0.01339,19695562.0
2025-07-02 00:00:00,0.01339,0.01347,0.01337,0.0134,21075407.0
2025-07-02 01:00:00,0.0134,0.01352,0.01325,0.01347,24284834.0
2025-07-02 02:00:00,0.01346,0.01348,0.01338,0.01344,11803495.0
2025-07-02 03:00:00,0.01344,0.01357,0.01344,0.01345,21455262.0
2025-07-02 04:00:00,0.01345,0.0137,0.01343,0.01368,20224117.0
2025-07-02 05:00:00,0.01368,0.01377,0.01363,0.01372,29736950.0
2025-07-02 06:00:00,0.01372,0.01382,0.01366,0.01381,34087479.0
2025-07-02 07:00:00,0.01381,0.01383,0.01371,0.01377,15026129.0
2025-07-02 08:00:00,0.01378,0.01385,0.01374,0.01377,21344726.0
2025-07-02 09:00:00,0.01378,0.01381,0.01373,0.01374,17031995.0
2025-07-02 10:00:00,0.01374,0.01386,0.0137,0.01384,13032580.0
2025-07-02 11:00:00,0.01384,0.01391,0.01377,0.01379,20015741.0
2025-07-02 12:00:00,0.0138,0.01383,0.01374,0.0138,23140665.0
2025-07-02 13:00:00,0.0138,0.01396,0.01379,0.0139,19508965.0
2025-07-02 14:00:00,0.01389,0.01403,0.01388,0.01401,30254369.0
2025-07-02 15:00:00,0.01402,0.01426,0.01401,0.01424,50589379.0
2025-07-02 16:00:00,0.01424,0.01483,0.01423,0.01476,128507058.0
2025-07-02 17:00:00,0.01477,0.01486,0.01454,0.01473,83608120.0
2025-07-02 18:00:00,0.01473,0.01491,0.01473,0.01489,44632087.0
2025-07-02 19:00:00,0.01489,0.01498,0.01481,0.01496,43077490.0
2025-07-02 20:00:00,0.01496,0.01503,0.01488,0.01493,68748576.0
2025-07-02 21:00:00,0.01494,0.015,0.01486,0.01498,29592833.0
2025-07-02 22:00:00,0.01498,0.01507,0.01489,0.01491,36170967.0
2025-07-02 23:00:00,0.01491,0.01491,0.0147,0.01472,40737920.0
2025-07-03 00:00:00,0.01473,0.01488,0.01467,0.01482,50306935.0
2025-07-03 01:00:00,0.01482,0.01491,0.01475,0.0149,16394312.0
2025-07-03 02:00:00,0.0149,0.01491,0.01475,0.01482,13653760.0
2025-07-03 03:00:00,0.01483,0.01487,0.01474,0.01474,11032328.0
2025-07-03 04:00:00,0.01474,0.01493,0.01473,0.01492,18897084.0
2025-07-03 05:00:00,0.01492,0.01511,0.0149,0.01509,52303953.0
2025-07-03 06:00:00,0.0151,0.0152,0.01502,0.01515,27704998.0
2025-07-03 07:00:00,0.01514,0.0152,0.01509,0.01511,24353399.0
2025-07-03 08:00:00,0.01512,0.01517,0.01502,0.01503,28816955.0
2025-07-03 09:00:00,0.01503,0.01517,0.01501,0.01506,26320720.0
2025-07-03 10:00:00,0.01507,0.01508,0.01485,0.01493,23039366.0
2025-07-03 11:00:00,0.01494,0.01496,0.01483,0.01487,13657649.0
2025-07-03 12:00:00,0.01488,0.01505,0.01467,0.01484,50085732.0
2025-07-03 13:00:00,0.01483,0.01513,0.01482,0.01508,52643485.0
2025-07-03 14:00:00,0.01508,0.01512,0.01483,0.01486,32869401.0
2025-07-03 15:00:00,0.01487,0.01488,0.01457,0.0146,39294922.0
2025-07-03 16:00:00,0.0146,0.01472,0.0146,0.01467,35141629.0
2025-07-03 17:00:00,0.01468,0.01479,0.01468,0.01476,16150235.0
2025-07-03 18:00:00,0.01475,0.01479,0.0145,0.01475,80732574.0
2025-07-03 19:00:00,0.01474,0.01482,0.01473,0.01481,7041210.0
2025-07-03 20:00:00,0.01482,0.01488,0.01479,0.01486,9869570.0
2025-07-03 21:00:00,0.01486,0.01492,0.01479,0.0149,13266533.0
2025-07-03 22:00:00,0.01489,0.01492,0.01482,0.01486,9887516.0
2025-07-03 23:00:00,0.01485,0.01487,0.01477,0.01481,7031313.0
2025-07-04 00:00:00,0.01482,0.01487,0.01474,0.0148,14838587.0
2025-07-04 01:00:00,0.01479,0.01492,0.01479,0.0148,12124304.0
2025-07-04 02:00:00,0.0148,0.0148,0.01461,0.01464,24836400.0
2025-07-04 03:00:00,0.01464,0.01474,0.01463,0.01465,14257625.0
2025-07-04 04:00:00,0.01465,0.01469,0.01452,0.01453,18579373.0
2025-07-04 05:00:00,0.01453,0.01463,0.0145,0.01455,28854535.0
2025-07-04 06:00:00,0.01454,0.01454,0.01434,0.01438,29109820.0
2025-07-04 07:00:00,0.01437,0.01443,0.01415,0.01418,77708487.0
2025-07-04 08:00:00,0.01419,0.01432,0.0141,0.0143,52660324.0
2025-07-04 09:00:00,0.0143,0.01438,0.01428,0.01433,19663035.0
2025-07-04 10:00:00,0.01432,0.01434,0.01421,0.01421,27034047.0
2025-07-04 11:00:00,0.0142,0.01427,0.01418,0.01424,22795344.0
2025-07-04 12:00:00,0.01423,0.01428,0.01416,0.0142,17269668.0
2025-07-04 13:00:00,0.0142,0.01427,0.0141,0.01411,35445036.0
2025-07-04 14:00:00,0.01411,0.01414,0.01397,0.01406,39043023.0
2025-07-04 15:00:00,0.01407,0.01409,0.01387,0.01388,28377723.0
2025-07-04 16:00:00,0.01387,0.0139,0.01361,0.01376,61063184.0
2025-07-04 17:00:00,0.01376,0.01386,0.01369,0.01384,36160198.0
2025-07-04 18:00:00,0.01383,0.01383,0.01371,0.01377,27600249.0
2025-07-04 19:00:00,0.01377,0.01381,0.01368,0.01373,21040008.0
2025-07-04 20:00:00,0.01373,0.01383,0.01371,0.01379,27780873.0
2025-07-04 21:00:00,0.01379,0.01385,0.01372,0.01382,35096742.0
2025-07-04 22:00:00,0.01383,0.01394,0.01381,0.01392,26338732.0
2025-07-04 23:00:00,0.01393,0.01393,0.01384,0.01387,20407093.0
2025-07-05 00:00:00,0.01387,0.01401,0.01385,0.01399,61803266.0
2025-07-05 01:00:00,0.01399,0.014,0.01385,0.01391,30261738.0
2025-07-05 02:00:00,0.01391,0.01397,0.0138,0.01397,40698021.0
2025-07-05 03:00:00,0.01397,0.01404,0.01393,0.01393,36007322.0
2025-07-05 04:00:00,0.01394,0.01396,0.01384,0.01384,14066534.0
2025-07-05 05:00:00,0.01384,0.0139,0.0138,0.0139,16207158.0
2025-07-05 06:00:00,0.0139,0.01406,0.01387,0.01403,41552754.0
2025-07-05 07:00:00,0.01404,0.01408,0.01395,0.01397,22773821.0
2025-07-05 08:00:00,0.01397,0.014,0.01385,0.01391,32838770.0
2025-07-05 09:00:00,0.0139,0.01396,0.01382,0.01395,11665795.0
2025-07-05 10:00:00,0.01395,0.01396,0.01387,0.01387,8433226.0
2025-07-05 11:00:00,0.01388,0.01395,0.01386,0.01386,21840934.0
2025-07-05 12:00:00,0.01387,0.01388,0.01373,0.01377,26531158.0
2025-07-05 13:00:00,0.01377,0.01386,0.01374,0.01374,14016534.0
2025-07-05 14:00:00,0.01375,0.01383,0.01374,0.01382,23247128.0
2025-07-05 15:00:00,0.01382,0.01384,0.01375,0.01377,15983021.0
2025-07-05 16:00:00,0.01377,0.01382,0.0137,0.01381,17408473.0
2025-07-05 17:00:00,0.01381,0.01386,0.01365,0.0137,28258928.0
2025-07-05 18:00:00,0.0137,0.0137,0.01359,0.01361,18075036.0
2025-07-05 19:00:00,0.01361,0.01376,0.01357,0.01375,20873759.0
2025-07-05 20:00:00,0.01376,0.01381,0.0137,0.0138,12203113.0
2025-07-05 21:00:00,0.01381,0.01394,0.0138,0.01389,26265541.0
2025-07-05 22:00:00,0.01389,0.01394,0.01385,0.01394,15909753.0
2025-07-05 23:00:00,0.01394,0.01397,0.01389,0.01391,18188091.0
2025-07-06 00:00:00,0.01392,0.01393,0.01383,0.0139,10852975.0
2025-07-06 01:00:00,0.0139,0.0139,0.01381,0.01385,19512650.0
2025-07-06 02:00:00,0.01386,0.01391,0.01382,0.01382,6017869.0
2025-07-06 03:00:00,0.01382,0.01386,0.01381,0.01382,10240417.0
2025-07-06 04:00:00,0.01382,0.01389,0.01378,0.01378,11131718.0
2025-07-06 05:00:00,0.01378,0.0138,0.01376,0.01378,5520686.0
2025-07-06 06:00:00,0.01378,0.01389,0.01378,0.01386,10620388.0
2025-07-06 07:00:00,0.01387,0.01396,0.01386,0.01386,14533160.0
2025-07-06 08:00:00,0.01387,0.01396,0.01381,0.01392,24077463.0
2025-07-06 09:00:00,0.01392,0.01394,0.01385,0.01385,11033023.0
2025-07-06 10:00:00,0.01385,0.01391,0.0138,0.01387,21437760.0
2025-07-06 11:00:00,0.01387,0.01395,0.01383,0.01394,9257517.0
2025-07-06 12:00:00,0.01394,0.01404,0.01389,0.01404,18015755.0
2025-07-06 13:00:00,0.01405,0.01431,0.01401,0.01426,36717256.0
2025-07-06 14:00:00,0.01426,0.01429,0.01408,0.01419,31831788.0
2025-07-06 15:00:00,0.01419,0.01421,0.0141,0.01419,13646998.0
2025-07-06 16:00:00,0.01419,0.01431,0.01419,0.01429,29142174.0
2025-07-06 17:00:00,0.01429,0.01429,0.0142,0.01424,9157445.0
2025-07-06 18:00:00,0.01424,0.01425,0.01407,0.01414,14711391.0
2025-07-06 19:00:00,0.01414,0.0142,0.01412,0.01419,3789539.0
2025-07-06 20:00:00,0.01418,0.01427,0.01417,0.0142,4646487.0
2025-07-06 21:00:00,0.01421,0.01449,0.01421,0.01438,34920751.0
2025-07-06 22:00:00,0.01438,0.01453,0.01437,0.01437,26876991.0
2025-07-06 23:00:00,0.01438,0.01441,0.01419,0.01425,26827696.0
2025-07-07 00:00:00,0.01426,0.01431,0.01421,0.01426,20643170.0
2025-07-07 01:00:00,0.01427,0.0143,0.01419,0.01428,7481293.0
2025-07-07 02:00:00,0.01427,0.01449,0.01427,0.01437,26698300.0
2025-07-07 03:00:00,0.01437,0.01447,0.01434,0.01438,22207109.0
2025-07-07 04:00:00,0.01438,0.01444,0.01429,0.01431,31842408.0
2025-07-07 05:00:00,0.01432,0.01436,0.01425,0.01427,10318014.0
2025-07-07 06:00:00,0.01428,0.01435,0.01419,0.01421,15499498.0
2025-07-07 07:00:00,0.01421,0.01441,0.01418,0.0144,14038086.0
2025-07-07 08:00:00,0.0144,0.01446,0.01437,0.01439,14201890.0
2025-07-07 09:00:00,0.01439,0.01439,0.01429,0.0143,17394253.0
2025-07-07 10:00:00,0.0143,0.0143,0.01422,0.01423,15360862.0
2025-07-07 11:00:00,0.01424,0.01429,0.01418,0.01422,9089590.0
2025-07-07 12:00:00,0.01422,0.01424,0.01412,0.0142,10857729.0
2025-07-07 13:00:00,0.01421,0.01438,0.01418,0.01437,20454300.0
2025-07-07 14:00:00,0.01437,0.01438,0.01407,0.01413,19489855.0
2025-07-07 15:00:00,0.01413,0.01421,0.01411,0.01416,14471502.0
2025-07-07 16:00:00,0.01415,0.01421,0.01402,0.01406,33996249.0
2025-07-07 17:00:00,0.01406,0.01417,0.01402,0.01411,16951018.0
2025-07-07 18:00:00,0.01411,0.01413,0.01396,0.01409,19279119.0
2025-07-07 19:00:00,0.01409,0.01425,0.01408,0.01411,21255111.0
2025-07-07 20:00:00,0.01411,0.01411,0.01394,0.01398,20692875.0
2025-07-07 21:00:00,0.01398,0.0141,0.01389,0.01405,30736470.0
2025-07-07 22:00:00,0.01406,0.01409,0.01396,0.01402,10281488.0
2025-07-07 23:00:00,0.01401,0.01414,0.01401,0.01411,10842646.0
2025-07-08 00:00:00,0.01411,0.01417,0.01402,0.01405,44791729.0
2025-07-08 01:00:00,0.01406,0.01406,0.01389,0.01392,22709684.0
2025-07-08 02:00:00,0.01392,0.01397,0.01385,0.01386,45520408.0
2025-07-08 03:00:00,0.01386,0.01393,0.01384,0.0139,13721218.0
2025-07-08 04:00:00,0.0139,0.0139,0.01379,0.0139,25960967.0
2025-07-08 05:00:00,0.0139,0.01396,0.01385,0.01394,15106362.0
2025-07-08 06:00:00,0.01394,0.01402,0.01392,0.01392,12910194.0
2025-07-08 07:00:00,0.01392,0.01401,0.01389,0.01398,10128073.0
2025-07-08 08:00:00,0.01398,0.01401,0.01387,0.01387,10733181.0
2025-07-08 09:00:00,0.01387,0.01401,0.01385,0.01397,20596215.0
2025-07-08 10:00:00,0.01397,0.01411,0.01395,0.01411,17851415.0
2025-07-08 11:00:00,0.01412,0.01422,0.0141,0.01417,22758338.0
2025-07-08 12:00:00,0.01417,0.01426,0.01413,0.01426,16969747.0
2025-07-08 13:00:00,0.01426,0.01431,0.01415,0.01426,18047129.0
2025-07-08 14:00:00,0.01426,0.01427,0.01401,0.01402,23201190.0
2025-07-08 15:00:00,0.01402,0.01408,0.01399,0.01405,29119615.0
2025-07-08 16:00:00,0.01406,0.01422,0.014,0.01416,26299694.0
2025-07-08 17:00:00,0.01417,0.01446,0.01414,0.01439,38843816.0
2025-07-08 18:00:00,0.0144,0.0145,0.01439,0.0145,13027960.0
2025-07-08 19:00:00,0.0145,0.01451,0.01433,0.01442,63533078.0
2025-07-08 20:00:00,0.01441,0.01446,0.01434,0.01436,14067487.0
2025-07-08 21:00:00,0.01437,0.01445,0.01435,0.01442,12252072.0
2025-07-08 22:00:00,0.01442,0.01447,0.01431,0.01437,25943026.0
2025-07-08 23:00:00,0.01437,0.01439,0.01431,0.01433,11489405.0
2025-07-09 00:00:00,0.01434,0.01439,0.01426,0.01431,8989282.0
2025-07-09 01:00:00,0.01431,0.01441,0.01419,0.01422,10556994.0
2025-07-09 02:00:00,0.01423,0.01423,0.01415,0.01419,12178535.0
2025-07-09 03:00:00,0.0142,0.01427,0.01418,0.0142,10301794.0
2025-07-09 04:00:00,0.0142,0.01431,0.01418,0.0143,7367703.0
2025-07-09 05:00:00,0.0143,0.01451,0.01425,0.01442,41314360.0
2025-07-09 06:00:00,0.01442,0.01451,0.01435,0.01451,15542147.0
2025-07-09 07:00:00,0.01451,0.01465,0.01449,0.01464,28759239.0
2025-07-09 08:00:00,0.01463,0.01482,0.01454,0.01473,59438768.0
2025-07-09 09:00:00,0.01473,0.01476,0.01461,0.01468,21655289.0
2025-07-09 10:00:00,0.01468,0.0147,0.01461,0.01468,13984746.0
2025-07-09 11:00:00,0.01469,0.01476,0.01464,0.0147,22753701.0
2025-07-09 12:00:00,0.01471,0.01495,0.01469,0.01487,60635138.0
2025-07-09 13:00:00,0.01487,0.0149,0.01477,0.0148,27897136.0
2025-07-09 14:00:00,0.01481,0.01489,0.01458,0.01476,56042552.0
2025-07-09 15:00:00,0.01475,0.01482,0.01472,0.01476,14868843.0
2025-07-09 16:00:00,0.01477,0.01489,0.01477,0.01484,17949100.0
2025-07-09 17:00:00,0.01483,0.01483,0.01472,0.0148,23667179.0
2025-07-09 18:00:00,0.01481,0.01497,0.01478,0.0149,41547605.0
2025-07-09 19:00:00,0.0149,0.01532,0.01488,0.01528,76552214.0
2025-07-09 20:00:00,0.01528,0.01538,0.01512,0.01526,68197428.0
2025-07-09 21:00:00,0.01527,0.0155,0.01525,0.01538,37086787.0
2025-07-09 22:00:00,0.01539,0.01554,0.01539,0.01545,34183116.0
2025-07-09 23:00:00,0.01545,0.01547,0.01534,0.01537,24538768.0
2025-07-10 00:00:00,0.01537,0.01547,0.01523,0.01525,28250096.0
2025-07-10 01:00:00,0.01525,0.01536,0.01525,0.0153,14450792.0
2025-07-10 02:00:00,0.0153,0.01547,0.0153,0.01545,17374060.0
2025-07-10 03:00:00,0.01546,0.01549,0.0154,0.01542,19877604.0
2025-07-10 04:00:00,0.01542,0.01547,0.01533,0.01544,22357108.0
2025-07-10 05:00:00,0.01544,0.01549,0.01534,0.01535,13960645.0
2025-07-10 06:00:00,0.01535,0.01552,0.01529,0.01552,19350271.0
2025-07-10 07:00:00,0.01551,0.01559,0.01545,0.01547,31705162.0
2025-07-10 08:00:00,0.01548,0.01552,0.0154,0.01552,24527341.0
2025-07-10 09:00:00,0.01552,0.01554,0.01543,0.01548,29284002.0
2025-07-10 10:00:00,0.01547,0.01554,0.01538,0.01552,27523152.0
2025-07-10 11:00:00,0.01552,0.01552,0.01543,0.01551,18555033.0
2025-07-10 12:00:00,0.0155,0.0155,0.01536,0.01548,20169789.0
2025-07-10 13:00:00,0.01547,0.01566,0.01545,0.01554,38490153.0
2025-07-10 14:00:00,0.01554,0.01557,0.01535,0.01549,33547347.0
2025-07-10 15:00:00,0.0155,0.01551,0.01537,0.01541,21725071.0
2025-07-10 16:00:00,0.01542,0.01579,0.0154,0.01578,61014424.0
2025-07-10 17:00:00,0.01578,0.01606,0.01572,0.01604,57000417.0
2025-07-10 18:00:00,0.01604,0.01611,0.01589,0.01606,47662967.0
2025-07-10 19:00:00,0.01605,0.01612,0.01592,0.01598,18703486.0
2025-07-10 20:00:00,0.01598,0.01622,0.01597,0.01619,30945334.0
2025-07-10 21:00:00,0.01619,0.01673,0.01616,0.01668,109185361.0
2025-07-10 22:00:00,0.01668,0.01699,0.01668,0.01697,51349955.0
2025-07-10 23:00:00,0.01697,0.01699,0.01678,0.01693,42492072.0
2025-07-11 00:00:00,0.01693,0.01699,0.01657,0.01677,41928581.0
2025-07-11 01:00:00,0.01677,0.01711,0.01677,0.01711,52443724.0
2025-07-11 02:00:00,0.0171,0.01725,0.01701,0.01721,43146226.0
2025-07-11 03:00:00,0.0172,0.01734,0.0171,0.01728,33483996.0
2025-07-11 04:00:00,0.01729,0.01753,0.01719,0.01752,45543198.0
2025-07-11 05:00:00,0.01752,0.01779,0.01749,0.01767,93660876.0
2025-07-11 06:00:00,0.01767,0.01783,0.01719,0.01723,76665144.0
2025-07-11 07:00:00,0.01723,0.01739,0.01708,0.0172,74980923.0
2025-07-11 08:00:00,0.01721,0.01745,0.0172,0.01741,41438621.0
2025-07-11 09:00:00,0.01741,0.0176,0.01726,0.01751,72137799.0
2025-07-11 10:00:00,0.0175,0.01757,0.0174,0.01745,46028578.0
2025-07-11 11:00:00,0.01745,0.01748,0.01724,0.01733,36848247.0
2025-07-11 12:00:00,0.01733,0.0176,0.01726,0.0176,27525198.0
2025-07-11 13:00:00,0.0176,0.01774,0.01735,0.01769,53867204.0
2025-07-11 14:00:00,0.01769,0.01785,0.01751,0.01764,44453460.0
2025-07-11 15:00:00,0.01763,0.01782,0.01719,0.01729,95670847.0
2025-07-11 16:00:00,0.0173,0.01769,0.01724,0.01762,75031854.0
2025-07-11 17:00:00,0.01762,0.01783,0.01756,0.01778,53881026.0
2025-07-11 18:00:00,0.01777,0.01791,0.01768,0.01778,43016673.0
2025-07-11 19:00:00,0.01778,0.01791,0.01769,0.01783,25322646.0
2025-07-11 20:00:00,0.01783,0.01783,0.01748,0.01749,31374783.0
2025-07-11 21:00:00,0.0175,0.01756,0.0171,0.01727,63228388.0
2025-07-11 22:00:00,0.01727,0.01732,0.01671,0.01694,69050051.0
2025-07-11 23:00:00,0.01694,0.01715,0.01691,0.01703,22908486.0
2025-07-12 00:00:00,0.01702,0.0171,0.01665,0.01687,55650111.0
2025-07-12 01:00:00,0.01688,0.01736,0.01688,0.0173,84120627.0
2025-07-12 02:00:00,0.0173,0.01741,0.01717,0.0172,26899376.0
2025-07-12 03:00:00,0.0172,0.01735,0.01719,0.01729,19314547.0
2025-07-12 04:00:00,0.0173,0.01732,0.01685,0.01688,27383406.0
2025-07-12 05:00:00,0.01689,0.01706,0.01673,0.01699,20813836.0
2025-07-12 06:00:00,0.01698,0.01726,0.01693,0.01723,24755717.0
2025-07-12 07:00:00,0.01722,0.01732,0.01707,0.01714,21142150.0
2025-07-12 08:00:00,0.01714,0.01723,0.01693,0.01699,19524950.0
2025-07-12 09:00:00,0.01698,0.01723,0.01693,0.01717,25423107.0
2025-07-12 10:00:00,0.01717,0.01719,0.01706,0.01716,15615965.0
2025-07-12 11:00:00,0.01717,0.01721,0.01707,0.01712,16912614.0
2025-07-12 12:00:00,0.01711,0.0172,0.01656,0.0168,49505607.0
2025-07-12 13:00:00,0.0168,0.0168,0.01644,0.01671,53029304.0
2025-07-12 14:00:00,0.01672,0.01685,0.01654,0.01656,38089894.0
2025-07-12 15:00:00,0.01656,0.01659,0.01616,0.01628,71563482.0
2025-07-12 16:00:00,0.01628,0.01652,0.01615,0.01631,71702641.0
2025-07-12 17:00:00,0.01631,0.01669,0.01628,0.01665,19018705.0
2025-07-12 18:00:00,0.01665,0.01673,0.01651,0.01665,12297464.0
2025-07-12 19:00:00,0.01666,0.0167,0.01654,0.01664,7578592.0
2025-07-12 20:00:00,0.01664,0.01665,0.01634,0.01635,32012195.0
2025-07-12 21:00:00,0.01636,0.01663,0.01635,0.0166,16618530.0
2025-07-12 22:00:00,0.01661,0.01664,0.01644,0.01661,25195042.0
2025-07-12 23:00:00,0.01661,0.0167,0.0165,0.01666,19612804.0
2025-07-13 00:00:00,0.01666,0.01681,0.01659,0.01669,23656221.0
2025-07-13 01:00:00,0.01669,0.01686,0.01665,0.01677,15621378.0
2025-07-13 02:00:00,0.01677,0.01682,0.01657,0.01677,20320307.0
2025-07-13 03:00:00,0.01677,0.0168,0.01665,0.01671,13606530.0
2025-07-13 04:00:00,0.01672,0.01697,0.01663,0.01697,30778963.0
2025-07-13 05:00:00,0.01697,0.017,0.01678,0.01681,14506030.0
2025-07-13 06:00:00,0.01681,0.0171,0.0168,0.01694,23841901.0
2025-07-13 07:00:00,0.01694,0.01717,0.01691,0.01707,21273212.0
2025-07-13 08:00:00,0.01707,0.01712,0.0169,0.01701,21024255.0
2025-07-13 09:00:00,0.01701,0.01707,0.0168,0.01687,11469152.0
2025-07-13 10:00:00,0.01688,0.01699,0.01685,0.01688,12818649.0
2025-07-13 11:00:00,0.01688,0.01711,0.01687,0.01711,19788331.0
2025-07-13 12:00:00,0.0171,0.01736,0.01701,0.01731,27117216.0
2025-07-13 13:00:00,0.0173,0.01741,0.01712,0.0173,34226362.0
2025-07-13 14:00:00,0.01731,0.01754,0.01718,0.01726,56023277.0
2025-07-13 15:00:00,0.01727,0.01769,0.01727,0.01738,85616018.0
2025-07-13 16:00:00,0.01739,0.01763,0.01724,0.01725,66080587.0
2025-07-13 17:00:00,0.01725,0.01745,0.01717,0.01736,18693605.0
2025-07-13 18:00:00,0.01736,0.01759,0.01731,0.01752,23068690.0
2025-07-13 19:00:00,0.01753,0.01759,0.01735,0.01737,33080831.0
2025-07-13 20:00:00,0.01737,0.01761,0.01731,0.01758,21082833.0
2025-07-13 21:00:00,0.01757,0.0176,0.01703,0.0172,39960178.0
2025-07-13 22:00:00,0.01719,0.01727,0.01699,0.01713,46021418.0
2025-07-13 23:00:00,0.01713,0.0173,0.01703,0.01724,24913205.0
2025-07-14 00:00:00,0.01724,0.01745,0.01714,0.01734,43079541.0
2025-07-14 01:00:00,0.01734,0.01767,0.01729,0.01764,41573972.0
2025-07-14 02:00:00,0.01765,0.01797,0.01755,0.01775,64622690.0
2025-07-14 03:00:00,0.01775,0.01819,0.01773,0.018,72875771.0
2025-07-14 04:00:00,0.018,0.01836,0.01788,0.01834,60065700.0
2025-07-14 05:00:00,0.01834,0.01841,0.01767,0.01788,109078827.0
2025-07-14 06:00:00,0.01788,0.01793,0.01768,0.01777,35361145.0
2025-07-14 07:00:00,0.01776,0.01808,0.01774,0.01796,60508711.0
2025-07-14 08:00:00,0.01797,0.01798,0.01758,0.01778,55318410.0
2025-07-14 09:00:00,0.01778,0.01793,0.01768,0.01776,42072986.0
2025-07-14 10:00:00,0.01776,0.01786,0.01755,0.01779,32085409.0
2025-07-14 11:00:00,0.01779,0.01782,0.01755,0.01757,25978585.0
2025-07-14 12:00:00,0.01757,0.01767,0.01746,0.01763,31293721.0
2025-07-14 13:00:00,0.01764,0.01779,0.0175,0.01766,51220411.0
2025-07-14 14:00:00,0.01767,0.01779,0.01722,0.01745,63772139.0
2025-07-14 15:00:00,0.01745,0.01745,0.01702,0.01718,64880713.0
2025-07-14 16:00:00,0.01718,0.01737,0.01706,0.0173,45795203.0
2025-07-14 17:00:00,0.0173,0.01731,0.01707,0.01718,30396930.0
2025-07-14 18:00:00,0.01718,0.01718,0.01688,0.0169,30488610.0
2025-07-14 19:00:00,0.0169,0.017,0.01679,0.0169,23481147.0
2025-07-14 20:00:00,0.0169,0.01708,0.01667,0.017,61671407.0
2025-07-14 21:00:00,0.01699,0.01713,0.01694,0.01709,16029064.0
2025-07-14 22:00:00,0.01708,0.01715,0.01699,0.01707,18754218.0
2025-07-14 23:00:00,0.01707,0.01709,0.01691,0.01705,19947605.0
2025-07-15 00:00:00,0.01706,0.01721,0.0168,0.01688,28800142.0
2025-07-15 01:00:00,0.01687,0.01702,0.01665,0.01682,34156841.0
2025-07-15 02:00:00,0.01682,0.01694,0.01667,0.01672,47799744.0
2025-07-15 03:00:00,0.01672,0.01672,0.01638,0.01658,88958552.0
2025-07-15 04:00:00,0.01658,0.0168,0.0164,0.01674,37985130.0
2025-07-15 05:00:00,0.01674,0.0168,0.01664,0.0167,19501977.0
2025-07-15 06:00:00,0.0167,0.01682,0.01661,0.01673,36577301.0
2025-07-15 07:00:00,0.01674,0.01685,0.01656,0.01659,29110258.0
2025-07-15 08:00:00,0.01659,0.0167,0.01644,0.0166,22725718.0
2025-07-15 09:00:00,0.01659,0.01678,0.01659,0.01665,28767329.0
2025-07-15 10:00:00,0.01665,0.01674,0.01662,0.01668,14326348.0
2025-07-15 11:00:00,0.01668,0.01673,0.01651,0.0167,23671341.0
2025-07-15 12:00:00,0.0167,0.01693,0.01648,0.01678,32747922.0
2025-07-15 13:00:00,0.01677,0.01717,0.01677,0.0171,50443978.0
2025-07-15 14:00:00,0.01711,0.01722,0.0165,0.01658,59517034.0
2025-07-15 15:00:00,0.01659,0.01717,0.01655,0.01711,48865493.0
2025-07-15 16:00:00,0.01711,0.01746,0.01709,0.0173,47911324.0
2025-07-15 17:00:00,0.0173,0.01772,0.01725,0.01771,42152879.0
2025-07-15 18:00:00,0.01771,0.01796,0.01733,0.01747,110303213.0
2025-07-15 19:00:00,0.01746,0.01766,0.01714,0.0172,37063535.0
2025-07-15 20:00:00,0.0172,0.0174,0.01711,0.01726,43746910.0
2025-07-15 21:00:00,0.01725,0.0176,0.01723,0.01756,28255752.0
2025-07-15 22:00:00,0.01756,0.01757,0.0174,0.01756,14195140.0
2025-07-15 23:00:00,0.01756,0.01786,0.01756,0.01782,32773813.0
2025-07-16 00:00:00,0.01782,0.01792,0.01767,0.01789,32540610.0
2025-07-16 01:00:00,0.01789,0.01796,0.01778,0.01782,38559086.0
2025-07-16 02:00:00,0.01781,0.01782,0.01736,0.01746,30464083.0
2025-07-16 03:00:00,0.01745,0.01751,0.01739,0.01745,14271847.0
2025-07-16 04:00:00,0.01746,0.01751,0.01729,0.01749,13658840.0
2025-07-16 05:00:00,0.01749,0.01764,0.01748,0.01753,23614840.0
2025-07-16 06:00:00,0.01753,0.01776,0.01744,0.01774,35681425.0
2025-07-16 07:00:00,0.01774,0.0179,0.01765,0.0178,21884557.0
2025-07-16 08:00:00,0.01781,0.01782,0.01768,0.01773,28638682.0
2025-07-16 09:00:00,0.01773,0.01784,0.01759,0.0177,27775825.0
2025-07-16 10:00:00,0.0177,0.01771,0.01751,0.01751,16144554.0
2025-07-16 11:00:00,0.01751,0.01768,0.01751,0.01765,14639847.0
2025-07-16 12:00:00,0.01765,0.0179,0.01762,0.01773,28930795.0
2025-07-16 13:00:00,0.01773,0.01784,0.01754,0.01771,51882439.0
2025-07-16 14:00:00,0.0177,0.01806,0.01753,0.01801,114746754.0
2025-07-16 15:00:00,0.01801,0.01809,0.01759,0.01782,68738381.0
2025-07-16 16:00:00,0.01781,0.01829,0.0178,0.01828,66095344.0
2025-07-16 17:00:00,0.01828,0.01844,0.01821,0.01835,50328756.0
2025-07-16 18:00:00,0.01836,0.01859,0.0183,0.01836,54760223.0
2025-07-16 19:00:00,0.01837,0.01842,0.01817,0.01833,40658379.0
2025-07-16 20:00:00,0.01834,0.01878,0.01833,0.01861,73085865.0
2025-07-16 21:00:00,0.01862,0.01892,0.01852,0.0187,58594018.0
2025-07-16 22:00:00,0.0187,0.01888,0.0183,0.01843,61775174.0
2025-07-16 23:00:00,0.01843,0.01845,0.01809,0.01815,30535078.0
2025-07-17 00:00:00,0.01815,0.01857,0.0181,0.01825,35417506.0
2025-07-17 01:00:00,0.01824,0.01839,0.01774,0.0179,51035920.0
2025-07-17 02:00:00,0.01789,0.01812,0.01785,0.01809,17368804.0
2025-07-17 03:00:00,0.01809,0.01809,0.01762,0.01776,32001364.0
2025-07-17 04:00:00,0.01776,0.01795,0.0177,0.01795,27928555.0
2025-07-17 05:00:00,0.01794,0.01823,0.0178,0.01822,21756990.0
2025-07-17 06:00:00,0.01822,0.01852,0.01809,0.0183,38033560.0
2025-07-17 07:00:00,0.0183,0.0184,0.01809,0.01834,35591684.0
2025-07-17 08:00:00,0.01835,0.01852,0.01829,0.01847,68317989.0
2025-07-17 09:00:00,0.01846,0.01877,0.0184,0.01864,46064209.0
2025-07-17 10:00:00,0.01863,0.0187,0.01846,0.01852,34398579.0
2025-07-17 11:00:00,0.01852,0.01856,0.01836,0.01842,29865638.0
2025-07-17 12:00:00,0.01841,0.01865,0.01822,0.01857,52702156.0
2025-07-17 13:00:00,0.01856,0.01866,0.01808,0.01842,58163612.0
2025-07-17 14:00:00,0.01843,0.01864,0.01829,0.01853,43351354.0
2025-07-17 15:00:00,0.01854,0.01859,0.01821,0.01845,34069280.0
2025-07-17 16:00:00,0.01844,0.01854,0.01786,0.01816,70931588.0
2025-07-17 17:00:00,0.01816,0.01845,0.01808,0.01843,49964978.0
2025-07-17 18:00:00,0.01843,0.01852,0.01832,0.01843,24574824.0
2025-07-17 19:00:00,0.01844,0.01856,0.01804,0.01806,35192016.0
2025-07-17 20:00:00,0.01806,0.01821,0.01779,0.01812,57992763.0
2025-07-17 21:00:00,0.01812,0.01872,0.01812,0.0185,74704936.0
2025-07-17 22:00:00,0.01851,0.0189,0.01841,0.01875,43643724.0
2025-07-17 23:00:00,0.01875,0.01894,0.01858,0.01861,45933306.0
2025-07-18 00:00:00,0.01861,0.01906,0.01849,0.01904,42497462.0
2025-07-18 01:00:00,0.01904,0.01934,0.01898,0.01928,68440892.0
2025-07-18 02:00:00,0.01928,0.01931,0.01903,0.01919,45976720.0
2025-07-18 03:00:00,0.01919,0.01931,0.0191,0.01931,33938855.0
2025-07-18 04:00:00,0.01931,0.01986,0.01918,0.01984,77667106.0
2025-07-18 05:00:00,0.01984,0.02048,0.01975,0.02042,116272848.0
2025-07-18 06:00:00,0.02042,0.02042,0.01994,0.02027,120603445.0
2025-07-18 07:00:00,0.02028,0.02045,0.01996,0.01999,111291943.0
2025-07-18 08:00:00,0.02,0.0203,0.01968,0.01984,107647813.0
2025-07-18 09:00:00,0.01984,0.02011,0.01971,0.02009,46757713.0
2025-07-18 10:00:00,0.0201,0.0201,0.01955,0.0199,39925137.0
2025-07-18 11:00:00,0.01991,0.01993,0.01952,0.01985,53439253.0
2025-07-18 12:00:00,0.01985,0.0202,0.01975,0.0202,40586831.0
2025-07-18 13:00:00,0.0202,0.0203,0.01993,0.02005,62393398.0
2025-07-18 14:00:00,0.02005,0.02026,0.01924,0.01952,116965917.0
2025-07-18 15:00:00,0.01951,0.01963,0.01887,0.0191,138898944.0
2025-07-18 16:00:00,0.0191,0.01942,0.01902,0.01926,60575708.0
2025-07-18 17:00:00,0.01926,0.01947,0.01913,0.01937,41881429.0
2025-07-18 18:00:00,0.01936,0.01936,0.01893,0.01897,29356924.0
2025-07-18 19:00:00,0.01897,0.01909,0.01874,0.01891,46660937.0
2025-07-18 20:00:00,0.0189,0.01892,0.01821,0.0186,82681300.0
2025-07-18 21:00:00,0.01859,0.01896,0.01855,0.01874,30811873.0
2025-07-18 22:00:00,0.01874,0.01892,0.01851,0.01854,62169310.0
2025-07-18 23:00:00,0.01854,0.0187,0.01835,0.01869,35051189.0
2025-07-19 00:00:00,0.0187,0.01878,0.01825,0.01825,32833477.0
2025-07-19 01:00:00,0.01825,0.01859,0.01808,0.01851,58048200.0
2025-07-19 02:00:00,0.01852,0.01874,0.01838,0.01868,36824268.0
2025-07-19 03:00:00,0.01868,0.01907,0.01866,0.01907,39578735.0
2025-07-19 04:00:00,0.01908,0.01934,0.01899,0.01913,54119393.0
2025-07-19 05:00:00,0.01913,0.01919,0.01892,0.01899,49976741.0
2025-07-19 06:00:00,0.01898,0.01909,0.01885,0.01895,30348779.0
2025-07-19 07:00:00,0.01895,0.01902,0.01871,0.01877,91250344.0
2025-07-19 08:00:00,0.01877,0.01881,0.01854,0.01864,51861287.0
2025-07-19 09:00:00,0.01864,0.01879,0.01848,0.01855,35144334.0
2025-07-19 10:00:00,0.01855,0.01874,0.01846,0.01858,30394088.0
2025-07-19 11:00:00,0.01859,0.01869,0.01834,0.01839,35796556.0
2025-07-19 12:00:00,0.01839,0.01854,0.01828,0.01853,19849063.0
2025-07-19 13:00:00,0.01852,0.01853,0.0183,0.01838,21284887.0
2025-07-19 14:00:00,0.01839,0.01842,0.01809,0.01813,36584589.0
2025-07-19 15:00:00,0.01812,0.01848,0.01812,0.01834,36338194.0
2025-07-19 16:00:00,0.01833,0.01861,0.01823,0.01851,29197202.0
2025-07-19 17:00:00,0.0185,0.01851,0.01832,0.0185,22474199.0
2025-07-19 18:00:00,0.01849,0.01879,0.01846,0.01874,39317784.0
2025-07-19 19:00:00,0.01874,0.01931,0.01871,0.0192,65445842.0
2025-07-19 20:00:00,0.0192,0.01944,0.01916,0.01921,76499870.0
2025-07-19 21:00:00,0.01921,0.01927,0.01895,0.01917,46185880.0
2025-07-19 22:00:00,0.01917,0.0193,0.01906,0.01922,25860120.0
2025-07-19 23:00:00,0.01922,0.01933,0.01914,0.01932,26004731.0
2025-07-20 00:00:00,0.01932,0.01936,0.01911,0.01924,60379897.0
2025-07-20 01:00:00,0.01924,0.01949,0.01918,0.01919,49171217.0
2025-07-20 02:00:00,0.01919,0.01936,0.01912,0.01925,18889202.0
2025-07-20 03:00:00,0.01924,0.01955,0.01919,0.01936,27496730.0
2025-07-20 04:00:00,0.01936,0.01961,0.01927,0.01944,31989634.0
2025-07-20 05:00:00,0.01944,0.01977,0.01931,0.0197,55250570.0
2025-07-20 06:00:00,0.0197,0.01981,0.01948,0.01951,40482038.0
2025-07-20 07:00:00,0.01951,0.01979,0.0195,0.01964,34911045.0
2025-07-20 08:00:00,0.01964,0.01989,0.01963,0.01983,44682934.0
2025-07-20 09:00:00,0.01983,0.02,0.01967,0.01984,35887054.0
2025-07-20 10:00:00,0.01984,0.01989,0.0197,0.01972,43034914.0
2025-07-20 11:00:00,0.01973,0.02003,0.01972,0.0199,35503169.0
2025-07-20 12:00:00,0.0199,0.01997,0.01973,0.01991,45943201.0
2025-07-20 13:00:00,0.01992,0.02009,0.01988,0.02008,40936171.0
2025-07-20 14:00:00,0.02007,0.02011,0.01976,0.02001,51146841.0
2025-07-20 15:00:00,0.02001,0.02032,0.01994,0.02029,58412930.0
2025-07-20 16:00:00,0.02029,0.02057,0.02025,0.0204,104356859.0
2025-07-20 17:00:00,0.0204,0.02047,0.01998,0.02001,100092111.0
2025-07-20 18:00:00,0.02001,0.02027,0.02,0.02024,53534618.0
2025-07-20 19:00:00,0.02024,0.0204,0.02009,0.02011,51382509.0
2025-07-20 20:00:00,0.02011,0.02019,0.01993,0.02002,34155002.0
2025-07-20 21:00:00,0.02001,0.02015,0.01977,0.02014,34547130.0
2025-07-20 22:00:00,0.02015,0.02017,0.01934,0.01991,121247264.0
2025-07-20 23:00:00,0.01991,0.02019,0.01977,0.01996,46462707.0
2025-07-21 00:00:00,0.01997,0.02,0.01953,0.01987,54560180.0
2025-07-21 01:00:00,0.01988,0.01994,0.01947,0.01972,25586125.0
2025-07-21 02:00:00,0.01972,0.02002,0.01972,0.02002,30336986.0
2025-07-21 03:00:00,0.02003,0.02032,0.02,0.02027,25465883.0
2025-07-21 04:00:00,0.02027,0.02032,0.02015,0.02019,28907457.0
2025-07-21 05:00:00,0.02019,0.02026,0.01999,0.02025,39328833.0
2025-07-21 06:00:00,0.02025,0.02048,0.02019,0.02037,45085391.0
2025-07-21 07:00:00,0.02037,0.02052,0.02037,0.02046,39682557.0
2025-07-21 08:00:00,0.02046,0.02066,0.02026,0.02037,38556662.0
2025-07-21 09:00:00,0.02037,0.02041,0.02011,0.02024,46609047.0
2025-07-21 10:00:00,0.02024,0.0204,0.02004,0.02038,28836875.0
2025-07-21 11:00:00,0.02037,0.02071,0.02036,0.0205,39895840.0
2025-07-21 12:00:00,0.02051,0.02069,0.02034,0.02055,45665356.0
2025-07-21 13:00:00,0.02055,0.02079,0.02026,0.02065,76996059.0
2025-07-21 14:00:00,0.02065,0.02094,0.02041,0.02074,58442918.0
2025-07-21 15:00:00,0.02074,0.02097,0.02045,0.02048,105588712.0
2025-07-21 16:00:00,0.02048,0.02052,0.01988,0.0201,78870863.0
2025-07-21 17:00:00,0.0201,0.02026,0.01996,0.02019,46253231.0
2025-07-21 18:00:00,0.0202,0.02053,0.01999,0.02004,49513448.0
2025-07-21 19:00:00,0.02003,0.02023,0.01976,0.01987,48559381.0
2025-07-21 20:00:00,0.01987,0.02015,0.0198,0.01988,35237999.0
2025-07-21 21:00:00,0.01987,0.02019,0.0198,0.02002,31419279.0
2025-07-21 22:00:00,0.02002,0.02035,0.01999,0.02029,18639937.0
2025-07-21 23:00:00,0.02029,0.02051,0.02016,0.02032,19606392.0
2025-07-22 00:00:00,0.02032,0.02045,0.02007,0.0201,23649283.0
2025-07-22 01:00:00,0.0201,0.0207,0.01954,0.0206,103304707.0
2025-07-22 02:00:00,0.0206,0.02063,0.01993,0.02001,44322605.0
2025-07-22 03:00:00,0.02001,0.02013,0.01961,0.01984,75238332.0
2025-07-22 04:00:00,0.01983,0.01987,0.01917,0.01918,90425185.0
2025-07-22 05:00:00,0.01918,0.01961,0.01916,0.01937,53188950.0
2025-07-22 06:00:00,0.01937,0.01964,0.01927,0.01947,39658654.0
2025-07-22 07:00:00,0.01947,0.01979,0.01935,0.01943,33583224.0
2025-07-22 08:00:00,0.01943,0.01944,0.01889,0.01926,69841545.0
2025-07-22 09:00:00,0.01926,0.0194,0.01893,0.0193,42731975.0
2025-07-22 10:00:00,0.0193,0.01965,0.01922,0.01964,29065026.0
2025-07-22 11:00:00,0.01964,0.01971,0.0194,0.01959,31189966.0
2025-07-22 12:00:00,0.01959,0.01968,0.01947,0.01955,28370828.0
2025-07-22 13:00:00,0.01956,0.01978,0.01916,0.01932,92763292.0
2025-07-22 14:00:00,0.01932,0.01974,0.01903,0.01974,67073274.0
2025-07-22 15:00:00,0.01974,0.01999,0.01963,0.01971,58143022.0
2025-07-22 16:00:00,0.01971,0.02012,0.01962,0.01981,46755303.0
2025-07-22 17:00:00,0.0198,0.01987,0.01941,0.01966,42463320.0
2025-07-22 18:00:00,0.01965,0.02014,0.01946,0.01993,65860272.0
2025-07-22 19:00:00,0.01992,0.01999,0.01943,0.01949,35952234.0
2025-07-22 20:00:00,0.0195,0.01993,0.01945,0.01984,32295759.0
2025-07-22 21:00:00,0.01984,0.02004,0.01976,0.01996,21396323.0
2025-07-22 22:00:00,0.01997,0.0201,0.01992,0.01997,16459149.0
2025-07-22 23:00:00,0.01998,0.02018,0.01996,0.02015,42129067.0
2025-07-23 00:00:00,0.02016,0.0202,0.01975,0.01977,27394869.0
2025-07-23 01:00:00,0.01978,0.01989,0.01964,0.01985,24990708.0
2025-07-23 02:00:00,0.01987,0.01993,0.0197,0.01984,32450049.0
2025-07-23 03:00:00,0.01984,0.02003,0.01973,0.01983,19407978.0
2025-07-23 04:00:00,0.01984,0.02018,0.01979,0.02015,23994662.0
2025-07-23 05:00:00,0.02015,0.02017,0.02001,0.02009,28255276.0
2025-07-23 06:00:00,0.02009,0.02015,0.01976,0.01989,36841342.0
2025-07-23 07:00:00,0.01989,0.02003,0.01966,0.01978,32709032.0
2025-07-23 08:00:00,0.01978,0.01994,0.01971,0.01994,18394527.0
2025-07-23 09:00:00,0.01994,0.01999,0.0194,0.0194,32986822.0
2025-07-23 10:00:00,0.0194,0.0194,0.0192,0.01932,43289606.0
2025-07-23 11:00:00,0.01931,0.01932,0.01915,0.0193,24941061.0
2025-07-23 12:00:00,0.01929,0.01938,0.01873,0.01883,98878025.0
2025-07-23 13:00:00,0.01884,0.01901,0.01813,0.01838,213890108.0
2025-07-23 14:00:00,0.01838,0.01863,0.0183,0.01853,65387831.0
2025-07-23 15:00:00,0.01853,0.01869,0.01826,0.01864,40793925.0
2025-07-23 16:00:00,0.01863,0.01863,0.01801,0.01804,65403862.0
2025-07-23 17:00:00,0.01804,0.01816,0.01768,0.01802,116399174.0
2025-07-23 18:00:00,0.01803,0.01826,0.01803,0.01825,24005033.0
2025-07-23 19:00:00,0.01824,0.01825,0.018,0.01803,28278174.0
2025-07-23 20:00:00,0.01803,0.01815,0.01741,0.01779,104444884.0
2025-07-23 21:00:00,0.01779,0.01787,0.01722,0.01774,70694633.0
2025-07-23 22:00:00,0.01774,0.01794,0.01759,0.01782,24265330.0
2025-07-23 23:00:00,0.01782,0.01793,0.01779,0.01783,20006902.0
2025-07-24 00:00:00,0.01784,0.01812,0.01769,0.0181,28630042.0
2025-07-24 01:00:00,0.01809,0.01813,0.01789,0.0181,23419525.0
2025-07-24 02:00:00,0.0181,0.01813,0.01793,0.01799,14522272.0
2025-07-24 03:00:00,0.01799,0.01821,0.01791,0.01792,16889396.0
2025-07-24 04:00:00,0.01792,0.01803,0.01754,0.01756,31247748.0
2025-07-24 05:00:00,0.01757,0.01759,0.01685,0.01691,87870477.0
2025-07-24 06:00:00,0.01691,0.01729,0.01647,0.01675,89882346.0
2025-07-24 07:00:00,0.01675,0.0171,0.01653,0.01708,80631611.0
2025-07-24 08:00:00,0.01707,0.01731,0.01699,0.01726,48396046.0
2025-07-24 09:00:00,0.01726,0.01736,0.01714,0.01724,40813231.0
2025-07-24 10:00:00,0.01725,0.01736,0.01691,0.01718,40854431.0
2025-07-24 11:00:00,0.01718,0.01759,0.01716,0.01753,31977267.0
2025-07-24 12:00:00,0.01752,0.01759,0.0173,0.01738,28845184.0
2025-07-24 13:00:00,0.01737,0.01755,0.01723,0.01725,30270072.0
2025-07-24 14:00:00,0.01726,0.01792,0.01707,0.01789,68075788.0
2025-07-24 15:00:00,0.01789,0.01807,0.01766,0.01773,76763062.0
2025-07-24 16:00:00,0.01773,0.01781,0.01721,0.01733,55018795.0
2025-07-24 17:00:00,0.01734,0.01777,0.0173,0.01763,33132277.0
2025-07-24 18:00:00,0.01763,0.01772,0.01746,0.01762,22525723.0
2025-07-24 19:00:00,0.01762,0.01774,0.01746,0.01747,19132970.0
2025-07-24 20:00:00,0.01747,0.01772,0.01744,0.01766,37704499.0
2025-07-24 21:00:00,0.01766,0.01766,0.01734,0.01742,17819021.0
2025-07-24 22:00:00,0.01742,0.01761,0.01728,0.01751,68984201.0
2025-07-24 23:00:00,0.0175,0.0175,0.01716,0.01723,40352243.0
2025-07-25 00:00:00,0.01724,0.01726,0.01689,0.01705,35420473.0
2025-07-25 01:00:00,0.01705,0.01732,0.01694,0.01726,27287304.0
2025-07-25 02:00:00,0.01726,0.01735,0.01686,0.01689,33631878.0
2025-07-25 03:00:00,0.01689,0.01707,0.01656,0.01687,62830632.0
2025-07-25 04:00:00,0.01686,0.01711,0.01661,0.01709,37310629.0
2025-07-25 05:00:00,0.01708,0.01709,0.01678,0.01682,25727966.0
2025-07-25 06:00:00,0.01683,0.01702,0.01667,0.0169,22743707.0
2025-07-25 07:00:00,0.01688,0.01711,0.01668,0.01692,39630343.0
2025-07-25 08:00:00,0.01692,0.01716,0.01685,0.01697,22039332.0
2025-07-25 09:00:00,0.01697,0.01739,0.01691,0.01739,37188513.0
2025-07-25 10:00:00,0.01739,0.01749,0.01726,0.01735,24590406.0
2025-07-25 11:00:00,0.01735,0.01743,0.01725,0.0173,21403258.0
2025-07-25 12:00:00,0.01731,0.01746,0.01721,0.01734,40429048.0
2025-07-25 13:00:00,0.01734,0.01745,0.01717,0.0174,32241750.0
2025-07-25 14:00:00,0.0174,0.01744,0.01679,0.01682,51845056.0
2025-07-25 15:00:00,0.01681,0.01698,0.01658,0.01687,37782015.0
2025-07-25 16:00:00,0.01686,0.0171,0.01676,0.01706,27341103.0
2025-07-25 17:00:00,0.01705,0.01716,0.01691,0.01699,32602731.0
2025-07-25 18:00:00,0.01698,0.01711,0.01698,0.01705,13255958.0
2025-07-25 19:00:00,0.01705,0.01719,0.017,0.01706,14844459.0
2025-07-25 20:00:00,0.01705,0.01747,0.01704,0.0174,30551294.0
2025-07-25 21:00:00,0.01741,0.01762,0.01741,0.0176,22242845.0
2025-07-25 22:00:00,0.0176,0.01767,0.01754,0.01763,19156443.0
2025-07-25 23:00:00,0.01763,0.01763,0.01754,0.01759,16675366.0
2025-07-26 00:00:00,0.0176,0.01762,0.0175,0.01757,19217802.0
2025-07-26 01:00:00,0.01757,0.01759,0.01743,0.01744,12949337.0
2025-07-26 02:00:00,0.01744,0.01776,0.01744,0.01763,25379472.0
2025-07-26 03:00:00,0.01762,0.01768,0.01756,0.01764,11195670.0
2025-07-26 04:00:00,0.01763,0.01768,0.01756,0.01758,9306791.0
2025-07-26 05:00:00,0.01758,0.01764,0.01752,0.01759,12104776.0
2025-07-26 06:00:00,0.0176,0.01761,0.0175,0.01751,10499824.0
2025-07-26 07:00:00,0.0175,0.01762,0.0175,0.01755,7806061.0
2025-07-26 08:00:00,0.01755,0.01769,0.01754,0.0176,13984600.0
2025-07-26 09:00:00,0.0176,0.01764,0.01753,0.01764,9102696.0
2025-07-26 10:00:00,0.01763,0.01776,0.01761,0.01763,12459198.0
2025-07-26 11:00:00,0.01764,0.01772,0.01757,0.0176,16181477.0
2025-07-26 12:00:00,0.01761,0.01767,0.01751,0.01766,10762270.0
2025-07-26 13:00:00,0.01766,0.01778,0.01761,0.0177,19689859.0
2025-07-26 14:00:00,0.0177,0.01782,0.01764,0.01771,26897812.0
2025-07-26 15:00:00,0.01771,0.01781,0.01762,0.01779,22983204.0
2025-07-26 16:00:00,0.0178,0.01787,0.01772,0.01779,18863174.0
2025-07-26 17:00:00,0.01778,0.0178,0.01763,0.01768,18732766.0
2025-07-26 18:00:00,0.01768,0.01791,0.01757,0.0179,19060585.0
2025-07-26 19:00:00,0.0179,0.018,0.01784,0.01798,21546965.0
2025-07-26 20:00:00,0.01798,0.018,0.01781,0.01781,13532963.0
2025-07-26 21:00:00,0.01781,0.0179,0.01776,0.01787,10934721.0
2025-07-26 22:00:00,0.01788,0.01803,0.01777,0.01778,30995307.0
2025-07-26 23:00:00,0.01778,0.01779,0.01764,0.01766,17149194.0
2025-07-27 00:00:00,0.01767,0.01774,0.01764,0.01774,13458801.0
2025-07-27 01:00:00,0.01775,0.01785,0.01766,0.01778,11209658.0
2025-07-27 02:00:00,0.01778,0.01801,0.01776,0.01793,16630273.0
2025-07-27 03:00:00,0.01794,0.01798,0.0178,0.01783,24167472.0
2025-07-27 04:00:00,0.01783,0.01794,0.01781,0.01794,9431519.0
2025-07-27 05:00:00,0.01795,0.01807,0.01791,0.01798,28032876.0
2025-07-27 06:00:00,0.01798,0.01798,0.01784,0.01792,22402926.0
2025-07-27 07:00:00,0.01793,0.018,0.01781,0.01787,13059943.0
2025-07-27 08:00:00,0.01787,0.0179,0.01771,0.01776,13669711.0
2025-07-27 09:00:00,0.01776,0.01779,0.01762,0.01767,22460852.0
2025-07-27 10:00:00,0.01766,0.01802,0.01766,0.01798,32485157.0
2025-07-27 11:00:00,0.01798,0.01803,0.01782,0.01785,19996651.0
2025-07-27 12:00:00,0.01784,0.01797,0.01769,0.01796,26612549.0
2025-07-27 13:00:00,0.01795,0.01804,0.0178,0.01783,13725495.0
2025-07-27 14:00:00,0.01783,0.01795,0.01772,0.01779,14748325.0
2025-07-27 15:00:00,0.01779,0.01785,0.01767,0.01785,24317794.0
2025-07-27 16:00:00,0.01785,0.01823,0.01784,0.01798,59028203.0
2025-07-27 17:00:00,0.01798,0.01804,0.01786,0.01801,29612812.0
2025-07-27 18:00:00,0.01801,0.01817,0.01799,0.01809,32397927.0
2025-07-27 19:00:00,0.01808,0.01809,0.01795,0.01799,15837366.0
2025-07-27 20:00:00,0.018,0.01813,0.01796,0.018,10440993.0
2025-07-27 21:00:00,0.01801,0.01812,0.01788,0.01812,14578210.0
2025-07-27 22:00:00,0.01812,0.01847,0.01811,0.01834,46242417.0
2025-07-27 23:00:00,0.01834,0.01836,0.01818,0.01834,17680766.0
2025-07-28 00:00:00,0.01834,0.01855,0.01828,0.01829,41484248.0
2025-07-28 01:00:00,0.01829,0.0183,0.01802,0.01811,22938044.0
2025-07-28 02:00:00,0.01811,0.01858,0.01804,0.01844,41326460.0
2025-07-28 03:00:00,0.01844,0.01849,0.0183,0.01837,14881420.0
2025-07-28 04:00:00,0.01838,0.01857,0.01828,0.01852,43950055.0
2025-07-28 05:00:00,0.01852,0.01872,0.0185,0.01865,41567033.0
2025-07-28 06:00:00,0.01865,0.01869,0.01855,0.01862,24646352.0
2025-07-28 07:00:00,0.01862,0.01862,0.01836,0.0185,30086241.0
2025-07-28 08:00:00,0.0185,0.01858,0.01838,0.01848,44659750.0
2025-07-28 09:00:00,0.01848,0.01872,0.01842,0.01864,40918433.0
2025-07-28 10:00:00,0.01865,0.01866,0.01845,0.01849,17284449.0
2025-07-28 11:00:00,0.01849,0.0185,0.01832,0.01845,18167894.0
2025-07-28 12:00:00,0.01845,0.01848,0.01825,0.01829,22845729.0
2025-07-28 13:00:00,0.01829,0.0183,0.01795,0.01802,59129470.0
2025-07-28 14:00:00,0.01802,0.0181,0.01758,0.01764,69334262.0
2025-07-28 15:00:00,0.01764,0.01782,0.01735,0.01757,62202281.0
2025-07-28 16:00:00,0.01756,0.01763,0.01737,0.01747,24827229.0
2025-07-28 17:00:00,0.01748,0.01758,0.01734,0.0174,22602957.0
2025-07-28 18:00:00,0.01741,0.01743,0.01713,0.01722,37120033.0
2025-07-28 19:00:00,0.01722,0.01737,0.01701,0.01717,30646195.0
2025-07-28 20:00:00,0.01718,0.01722,0.01688,0.017,45312205.0
2025-07-28 21:00:00,0.01699,0.01718,0.01684,0.01701,44412492.0
2025-07-28 22:00:00,0.01701,0.01709,0.01675,0.01691,24624550.0
2025-07-28 23:00:00,0.0169,0.017,0.01682,0.01697,15709608.0
2025-07-29 00:00:00,0.01698,0.01711,0.01661,0.01689,55231485.0
2025-07-29 01:00:00,0.01689,0.01699,0.01675,0.01677,10553141.0
2025-07-29 02:00:00,0.01676,0.01679,0.01658,0.01666,30322569.0
2025-07-29 03:00:00,0.01666,0.01702,0.01666,0.01698,22199901.0
2025-07-29 04:00:00,0.01698,0.01707,0.01686,0.01688,24149795.0
2025-07-29 05:00:00,0.01687,0.01725,0.01685,0.01724,28468792.0
2025-07-29 06:00:00,0.01724,0.01744,0.01719,0.01742,40164381.0
2025-07-29 07:00:00,0.01742,0.01764,0.0174,0.01758,31397905.0
2025-07-29 08:00:00,0.01759,0.01762,0.01744,0.01757,19840403.0
2025-07-29 09:00:00,0.01758,0.01761,0.01742,0.01745,19663961.0
2025-07-29 10:00:00,0.01746,0.01747,0.01701,0.01705,37306522.0
2025-07-29 11:00:00,0.01704,0.01721,0.01703,0.01714,19265743.0
2025-07-29 12:00:00,0.01714,0.01744,0.01712,0.01731,23779592.0
2025-07-29 13:00:00,0.01731,0.0174,0.01704,0.01708,37180594.0
2025-07-29 14:00:00,0.01709,0.01709,0.01666,0.0168,51448314.0
2025-07-29 15:00:00,0.01679,0.01699,0.01672,0.01684,36266360.0
2025-07-29 16:00:00,0.01685,0.01688,0.0165,0.01681,36969009.0
2025-07-29 17:00:00,0.01681,0.01696,0.01676,0.0168,29294269.0
2025-07-29 18:00:00,0.0168,0.01685,0.01668,0.01674,17516935.0
2025-07-29 19:00:00,0.01674,0.01686,0.01656,0.01659,36476789.0
2025-07-29 20:00:00,0.01659,0.01669,0.01635,0.0165,42733178.0
2025-07-29 21:00:00,0.01651,0.0169,0.0164,0.01677,22021578.0
2025-07-29 22:00:00,0.01676,0.01681,0.01662,0.01677,15810488.0
2025-07-29 23:00:00,0.01678,0.01686,0.01673,0.01683,29783298.0
2025-07-30 00:00:00,0.01683,0.01684,0.01653,0.01667,18759212.0
2025-07-30 01:00:00,0.01666,0.01687,0.01644,0.01674,32422412.0
2025-07-30 02:00:00,0.01675,0.01686,0.01666,0.01675,15972271.0
2025-07-30 03:00:00,0.01675,0.0168,0.01666,0.01669,13597463.0
2025-07-30 04:00:00,0.01668,0.01678,0.01654,0.01656,9160800.0
2025-07-30 05:00:00,0.01656,0.01675,0.01646,0.01667,10032144.0
2025-07-30 06:00:00,0.01666,0.01672,0.01657,0.01668,10163990.0
2025-07-30 07:00:00,0.01667,0.01676,0.01646,0.01648,29866724.0
2025-07-30 08:00:00,0.01648,0.01665,0.01635,0.01654,43822204.0
2025-07-30 09:00:00,0.01654,0.01659,0.01626,0.01633,61022116.0
2025-07-30 10:00:00,0.01633,0.01643,0.01614,0.01618,22158332.0
2025-07-30 11:00:00,0.01619,0.0163,0.01586,0.01599,55719897.0
2025-07-30 12:00:00,0.01598,0.01615,0.01585,0.01606,46150585.0
2025-07-30 13:00:00,0.01606,0.01614,0.01595,0.0161,42474947.0
2025-07-30 14:00:00,0.0161,0.0165,0.01601,0.01647,56177161.0
2025-07-30 15:00:00,0.01647,0.0165,0.01624,0.01635,29119636.0
2025-07-30 16:00:00,0.01636,0.0166,0.01632,0.01646,24135114.0
2025-07-30 17:00:00,0.01647,0.01654,0.01638,0.01651,18946969.0
2025-07-30 18:00:00,0.01651,0.01661,0.01605,0.01606,165454115.0
2025-07-30 19:00:00,0.01606,0.01631,0.01541,0.01623,188438786.0
2025-07-30 20:00:00,0.01623,0.01645,0.01619,0.01624,25946742.0
2025-07-30 21:00:00,0.01624,0.01634,0.01602,0.01619,19390091.0
2025-07-30 22:00:00,0.01618,0.01628,0.01609,0.01617,18846731.0
2025-07-30 23:00:00,0.01617,0.01644,0.01617,0.01641,14403062.0
2025-07-31 00:00:00,0.01641,0.01663,0.01635,0.01653,41605710.0
2025-07-31 01:00:00,0.01653,0.01658,0.01644,0.01651,16736144.0
2025-07-31 02:00:00,0.01652,0.0166,0.01649,0.01657,13599658.0
2025-07-31 03:00:00,0.01657,0.01665,0.01655,0.01661,13246077.0
2025-07-31 04:00:00,0.01662,0.01663,0.01655,0.01661,25147967.0
2025-07-31 05:00:00,0.01661,0.01664,0.01654,0.01658,11457602.0
2025-07-31 06:00:00,0.01657,0.01666,0.01652,0.01662,23876478.0
2025-07-31 07:00:00,0.01662,0.01664,0.01656,0.01658,13113687.0
2025-07-31 08:00:00,0.01658,0.01667,0.01657,0.01661,14637764.0
2025-07-31 09:00:00,0.01661,0.01668,0.01655,0.01665,13736108.0
2025-07-31 10:00:00,0.01664,0.01666,0.01655,0.01655,16028358.0
2025-07-31 11:00:00,0.01656,0.01658,0.01642,0.01649,25476565.0
2025-07-31 12:00:00,0.01648,0.01651,0.01632,0.01639,38191524.0
2025-07-31 13:00:00,0.0164,0.0164,0.01604,0.01614,59687099.0
2025-07-31 14:00:00,0.01615,0.01621,0.01582,0.01589,44320439.0
2025-07-31 15:00:00,0.01589,0.01614,0.01583,0.01604,27454218.0
2025-07-31 16:00:00,0.01603,0.01644,0.01599,0.01631,50525539.0
2025-07-31 17:00:00,0.01632,0.01632,0.01599,0.01604,31564479.0
2025-07-31 18:00:00,0.01604,0.01612,0.01587,0.01598,34232420.0
2025-07-31 19:00:00,0.01598,0.01602,0.01585,0.01586,26547228.0
2025-07-31 20:00:00,0.01586,0.01591,0.01571,0.01582,30439103.0
2025-07-31 21:00:00,0.01581,0.01589,0.01553,0.01572,27735103.0
2025-07-31 22:00:00,0.01571,0.01572,0.01548,0.01553,30995604.0
2025-07-31 23:00:00,0.01554,0.01567,0.01537,0.01546,31488532.0
2025-08-01 00:00:00,0.01546,0.01549,0.015,0.01538,152490785.0
2025-08-01 01:00:00,0.01538,0.01547,0.01518,0.01535,49767488.0
2025-08-01 02:00:00,0.01534,0.01555,0.01529,0.0155,23758087.0
2025-08-01 03:00:00,0.0155,0.01559,0.01544,0.0155,19563101.0
2025-08-01 04:00:00,0.0155,0.01551,0.01535,0.01537,33857372.0
2025-08-01 05:00:00,0.01537,0.01544,0.0152,0.01527,35922418.0
2025-08-01 06:00:00,0.01526,0.01533,0.01508,0.01529,43611505.0
2025-08-01 07:00:00,0.01529,0.01536,0.01516,0.01523,35549869.0
2025-08-01 08:00:00,0.01522,0.01522,0.01483,0.01505,75346663.0
2025-08-01 09:00:00,0.01505,0.01527,0.01499,0.01499,32278811.0
2025-08-01 10:00:00,0.01499,0.01517,0.01498,0.01515,27930752.0
2025-08-01 11:00:00,0.01515,0.01528,0.01504,0.01524,25604958.0
2025-08-01 12:00:00,0.01524,0.01541,0.01511,0.01529,63141209.0
2025-08-01 13:00:00,0.0153,0.01537,0.01481,0.01493,73384594.0
2025-08-01 14:00:00,0.01492,0.01544,0.01483,0.01539,66809960.0
2025-08-01 15:00:00,0.0154,0.01543,0.01514,0.01538,48146075.0
2025-08-01 16:00:00,0.01539,0.01549,0.0151,0.01515,40796795.0
2025-08-01 17:00:00,0.01515,0.01529,0.01502,0.01506,45235709.0
2025-08-01 18:00:00,0.01506,0.01523,0.0149,0.01508,54772088.0
2025-08-01 19:00:00,0.01508,0.01534,0.01506,0.01529,41173800.0
2025-08-01 20:00:00,0.01529,0.01535,0.01488,0.01518,51809944.0
2025-08-01 21:00:00,0.01518,0.01529,0.01514,0.01518,23526103.0
2025-08-01 22:00:00,0.01518,0.0152,0.01449,0.01475,158953693.0
2025-08-01 23:00:00,0.01475,0.015,0.01471,0.01494,28217931.0
2025-08-02 00:00:00,0.01494,0.01512,0.01489,0.01511,39320243.0
2025-08-02 01:00:00,0.01512,0.01516,0.01499,0.01515,19487616.0
2025-08-02 02:00:00,0.01515,0.01516,0.01508,0.01512,12717656.0
2025-08-02 03:00:00,0.01513,0.01517,0.0151,0.01515,8517904.0
2025-08-02 04:00:00,0.01515,0.0152,0.01508,0.01518,11432308.0
2025-08-02 05:00:00,0.01518,0.0152,0.01512,0.01513,8692513.0
2025-08-02 06:00:00,0.01513,0.01515,0.01473,0.01482,42525833.0
2025-08-02 07:00:00,0.01482,0.01511,0.01467,0.0151,23456659.0
2025-08-02 08:00:00,0.0151,0.01512,0.01486,0.01489,21218822.0
2025-08-02 09:00:00,0.01488,0.01495,0.01479,0.01487,20587715.0
2025-08-02 10:00:00,0.01488,0.01489,0.0147,0.01482,42627314.0
2025-08-02 11:00:00,0.01481,0.01499,0.01469,0.01489,29267597.0
2025-08-02 12:00:00,0.01488,0.01493,0.01476,0.0149,11446369.0
2025-08-02 13:00:00,0.0149,0.01496,0.01476,0.01491,20176705.0
2025-08-02 14:00:00,0.01492,0.01494,0.01461,0.01468,31768570.0
2025-08-02 15:00:00,0.01468,0.01483,0.01455,0.01462,34752737.0
2025-08-02 16:00:00,0.01461,0.01474,0.01445,0.01468,70872893.0
2025-08-02 17:00:00,0.01467,0.01479,0.01435,0.01441,46520667.0
2025-08-02 18:00:00,0.01442,0.01451,0.01428,0.01438,64686550.0
2025-08-02 19:00:00,0.01438,0.01468,0.0143,0.01451,36355809.0
2025-08-02 20:00:00,0.01451,0.01463,0.01449,0.01462,28570549.0
2025-08-02 21:00:00,0.01461,0.0147,0.0145,0.01461,19461560.0
2025-08-02 22:00:00,0.01461,0.01472,0.0145,0.01467,16040657.0
2025-08-02 23:00:00,0.01467,0.01472,0.01446,0.01463,20255393.0
2025-08-03 00:00:00,0.01463,0.01477,0.0144,0.01476,38576698.0
2025-08-03 01:00:00,0.01477,0.01483,0.01472,0.01479,28202141.0
2025-08-03 02:00:00,0.01479,0.01489,0.01478,0.01487,10688714.0
2025-08-03 03:00:00,0.01488,0.01489,0.01481,0.01484,16751853.0
2025-08-03 04:00:00,0.01483,0.01488,0.01477,0.01486,13975756.0
2025-08-03 05:00:00,0.01486,0.01493,0.01485,0.01489,10872382.0
2025-08-03 06:00:00,0.01489,0.0149,0.01484,0.01489,8771685.0
2025-08-03 07:00:00,0.01489,0.01495,0.01488,0.01491,14696751.0
2025-08-03 08:00:00,0.0149,0.01496,0.01486,0.01491,15083064.0
2025-08-03 09:00:00,0.01492,0.01496,0.01487,0.01496,24160411.0
2025-08-03 10:00:00,0.01496,0.01504,0.01495,0.01499,19931895.0
2025-08-03 11:00:00,0.015,0.01513,0.015,0.01506,31616514.0
2025-08-03 12:00:00,0.01505,0.01509,0.01497,0.01505,16164984.0
2025-08-03 13:00:00,0.01505,0.01509,0.01497,0.01502,11902588.0
2025-08-03 14:00:00,0.01503,0.01505,0.01493,0.01504,19995032.0
2025-08-03 15:00:00,0.01504,0.01509,0.01498,0.01506,13733696.0
2025-08-03 16:00:00,0.01506,0.01512,0.01501,0.0151,12695172.0
2025-08-03 17:00:00,0.01511,0.01512,0.01502,0.01509,9901711.0
2025-08-03 18:00:00,0.01509,0.01512,0.01503,0.01509,11320374.0
2025-08-03 19:00:00,0.01509,0.01515,0.01505,0.01506,8116040.0
2025-08-03 20:00:00,0.01506,0.01511,0.01502,0.01509,5780674.0
2025-08-03 21:00:00,0.01508,0.01514,0.01507,0.01513,10343454.0
2025-08-03 22:00:00,0.01513,0.01519,0.01506,0.01514,13058306.0
2025-08-03 23:00:00,0.01513,0.01524,0.01512,0.01514,16543091.0
2025-08-04 00:00:00,0.01514,0.01541,0.01511,0.01541,21112824.0
2025-08-04 01:00:00,0.0154,0.01543,0.01524,0.01525,14412861.0
2025-08-04 02:00:00,0.01525,0.01538,0.0152,0.01538,12071994.0
2025-08-04 03:00:00,0.01539,0.0154,0.0153,0.01532,8186139.0
2025-08-04 04:00:00,0.01532,0.0154,0.01529,0.0153,17039077.0
2025-08-04 05:00:00,0.0153,0.0154,0.01526,0.01538,13155134.0
2025-08-04 06:00:00,0.01538,0.0154,0.0153,0.0154,21995116.0
2025-08-04 07:00:00,0.0154,0.01551,0.0154,0.01546,18118340.0
2025-08-04 08:00:00,0.01547,0.01551,0.0154,0.01544,23679571.0
2025-08-04 09:00:00,0.01545,0.01549,0.01537,0.01539,25523369.0
2025-08-04 10:00:00,0.01539,0.01542,0.01535,0.01537,11700434.0
2025-08-04 11:00:00,0.01536,0.01537,0.01525,0.01528,22119718.0
2025-08-04 12:00:00,0.01528,0.01536,0.01526,0.01536,16040192.0
2025-08-04 13:00:00,0.01535,0.01557,0.01527,0.01556,38939188.0
2025-08-04 14:00:00,0.01557,0.01569,0.01547,0.01551,40445617.0
2025-08-04 15:00:00,0.01552,0.01559,0.01545,0.01555,16874792.0
2025-08-04 16:00:00,0.01555,0.01576,0.01553,0.01575,26989626.0
2025-08-04 17:00:00,0.01575,0.01588,0.01572,0.01578,27678965.0
2025-08-04 18:00:00,0.01578,0.01581,0.01565,0.0157,17236559.0
2025-08-04 19:00:00,0.0157,0.01571,0.01555,0.01557,18561014.0
2025-08-04 20:00:00,0.01557,0.01574,0.01557,0.01571,19223672.0
2025-08-04 21:00:00,0.01571,0.01587,0.0157,0.01581,20031894.0
2025-08-04 22:00:00,0.01582,0.01588,0.01581,0.01588,14221134.0
2025-08-04 23:00:00,0.01589,0.01589,0.01581,0.01585,16401640.0
2025-08-05 00:00:00,0.01585,0.01589,0.01578,0.01582,14816192.0
2025-08-05 01:00:00,0.01582,0.01589,0.01571,0.01572,13459600.0
2025-08-05 02:00:00,0.01571,0.01577,0.0157,0.01574,9225906.0
2025-08-05 03:00:00,0.01573,0.01573,0.0155,0.0155,20450087.0
2025-08-05 04:00:00,0.0155,0.0156,0.01548,0.01553,17206778.0
2025-08-05 05:00:00,0.01553,0.01561,0.0155,0.01558,24614489.0
2025-08-05 06:00:00,0.01557,0.01562,0.01541,0.01545,29500934.0
2025-08-05 07:00:00,0.01544,0.01545,0.01517,0.01521,44232926.0
2025-08-05 08:00:00,0.01522,0.01534,0.01517,0.01533,14184246.0
2025-08-05 09:00:00,0.01533,0.01557,0.01533,0.01555,15234344.0
2025-08-05 10:00:00,0.01554,0.01568,0.01546,0.01563,19738833.0
2025-08-05 11:00:00,0.01564,0.01569,0.0156,0.01564,13739537.0
2025-08-05 12:00:00,0.01564,0.01566,0.01532,0.01541,32880097.0
2025-08-05 13:00:00,0.0154,0.01551,0.01536,0.01549,22002412.0
2025-08-05 14:00:00,0.01548,0.01549,0.01504,0.01514,92303720.0
2025-08-05 15:00:00,0.01514,0.01523,0.01495,0.01502,50218438.0
2025-08-05 16:00:00,0.01502,0.01518,0.01499,0.01508,36789421.0
2025-08-05 17:00:00,0.01508,0.0152,0.01503,0.01518,24045159.0
2025-08-05 18:00:00,0.01518,0.0152,0.015,0.01512,19231500.0
2025-08-05 19:00:00,0.01513,0.01517,0.01501,0.01505,24241551.0
2025-08-05 20:00:00,0.01506,0.01521,0.01506,0.01509,11237720.0
2025-08-05 21:00:00,0.01508,0.01515,0.01496,0.01499,15262834.0
2025-08-05 22:00:00,0.01499,0.01511,0.01482,0.0151,27322421.0
2025-08-05 23:00:00,0.01509,0.01526,0.01507,0.01524,28407203.0
2025-08-06 00:00:00,0.01524,0.01524,0.01501,0.01503,31626254.0
2025-08-06 01:00:00,0.01503,0.01505,0.01492,0.01504,20921851.0
2025-08-06 02:00:00,0.01504,0.01505,0.01489,0.01497,13689410.0
2025-08-06 03:00:00,0.01497,0.01497,0.01484,0.01489,10163066.0
2025-08-06 04:00:00,0.0149,0.01492,0.01482,0.01489,9793248.0
2025-08-06 05:00:00,0.01489,0.01531,0.01485,0.01513,34506899.0
2025-08-06 06:00:00,0.01514,0.01526,0.01506,0.01521,15139109.0
2025-08-06 07:00:00,0.01521,0.01534,0.01519,0.01531,16816001.0
2025-08-06 08:00:00,0.01532,0.01534,0.01513,0.01521,13679397.0
2025-08-06 09:00:00,0.01521,0.01535,0.01516,0.01524,17901690.0
2025-08-06 10:00:00,0.01525,0.01527,0.01513,0.01516,18514109.0
2025-08-06 11:00:00,0.01516,0.01526,0.01513,0.01518,8380920.0
2025-08-06 12:00:00,0.01518,0.01521,0.01501,0.0151,15201450.0
2025-08-06 13:00:00,0.0151,0.01523,0.01504,0.01518,28081398.0
2025-08-06 14:00:00,0.01518,0.01543,0.0151,0.01542,30143505.0
2025-08-06 15:00:00,0.01543,0.01558,0.01534,0.01553,36860903.0
2025-08-06 16:00:00,0.01554,0.01559,0.01536,0.0154,28317494.0
2025-08-06 17:00:00,0.0154,0.01554,0.01534,0.01553,11274299.0
2025-08-06 18:00:00,0.01554,0.01559,0.01546,0.01546,14712283.0
2025-08-06 19:00:00,0.01547,0.01552,0.01541,0.01547,14555497.0
2025-08-06 20:00:00,0.01547,0.01549,0.0154,0.01544,5762635.0
2025-08-06 21:00:00,0.01544,0.0155,0.01537,0.01545,12979903.0
2025-08-06 22:00:00,0.01546,0.01548,0.01542,0.01546,9467740.0
2025-08-06 23:00:00,0.01547,0.01548,0.01541,0.01542,6202076.0
2025-08-07 00:00:00,0.01543,0.0155,0.01537,0.01544,14469884.0
2025-08-07 01:00:00,0.01544,0.01559,0.01541,0.01544,16685745.0
2025-08-07 02:00:00,0.01544,0.0155,0.01539,0.01541,9595857.0
2025-08-07 03:00:00,0.01541,0.01545,0.01536,0.01538,8532931.0
2025-08-07 04:00:00,0.01537,0.01551,0.01536,0.01545,9245115.0
2025-08-07 05:00:00,0.01544,0.01555,0.01541,0.01553,24371392.0
2025-08-07 06:00:00,0.01553,0.01561,0.01548,0.01551,39807216.0
2025-08-07 07:00:00,0.01551,0.01559,0.01551,0.01555,50205262.0
2025-08-07 08:00:00,0.01555,0.01561,0.01549,0.01551,13769372.0
2025-08-07 09:00:00,0.01551,0.01555,0.01547,0.01554,28587371.0
2025-08-07 10:00:00,0.01554,0.01596,0.01552,0.01595,53458239.0
2025-08-07 11:00:00,0.01596,0.01612,0.01595,0.01611,40734022.0
2025-08-07 12:00:00,0.01611,0.01615,0.01596,0.01608,32705082.0
2025-08-07 13:00:00,0.01608,0.01617,0.01605,0.01608,22218883.0
2025-08-07 14:00:00,0.01609,0.0161,0.01594,0.01597,19273839.0
2025-08-07 15:00:00,0.01598,0.01605,0.01591,0.01602,11637994.0
2025-08-07 16:00:00,0.01601,0.01606,0.01568,0.01589,35503830.0
2025-08-07 17:00:00,0.01588,0.01595,0.01584,0.01588,17946651.0
2025-08-07 18:00:00,0.01589,0.01591,0.01576,0.01587,23655794.0
2025-08-07 19:00:00,0.01587,0.01613,0.01585,0.01612,20613512.0
2025-08-07 20:00:00,0.01611,0.01618,0.01606,0.01615,23864528.0
2025-08-07 21:00:00,0.01615,0.01629,0.01613,0.01623,20950381.0
2025-08-07 22:00:00,0.01624,0.01644,0.0162,0.01642,16587550.0
2025-08-07 23:00:00,0.01642,0.01643,0.01632,0.01642,14843538.0
2025-08-08 00:00:00,0.01642,0.01678,0.01618,0.01645,99588968.0
2025-08-08 01:00:00,0.01646,0.01663,0.0162,0.01641,200682647.0
2025-08-08 02:00:00,0.0164,0.01657,0.01635,0.01646,17382241.0
2025-08-08 03:00:00,0.01646,0.01669,0.01643,0.01657,19768445.0
2025-08-08 04:00:00,0.01657,0.0166,0.01647,0.01648,14549686.0
2025-08-08 05:00:00,0.01647,0.01651,0.01637,0.01638,12715789.0
2025-08-08 06:00:00,0.01638,0.01663,0.01637,0.0166,20399691.0
2025-08-08 07:00:00,0.0166,0.01677,0.01648,0.01671,30518638.0
2025-08-08 08:00:00,0.01671,0.01683,0.01662,0.01667,23257762.0
2025-08-08 09:00:00,0.01667,0.01683,0.01663,0.01679,29353047.0
2025-08-08 10:00:00,0.01679,0.01679,0.01665,0.0167,16202656.0
2025-08-08 11:00:00,0.0167,0.01674,0.01667,0.0167,17366395.0
2025-08-08 12:00:00,0.0167,0.0167,0.01644,0.01645,25716795.0
2025-08-08 13:00:00,0.01645,0.01683,0.01645,0.01682,32696867.0
2025-08-08 14:00:00,0.01683,0.01693,0.01656,0.01666,40253900.0
2025-08-08 15:00:00,0.01666,0.01668,0.01639,0.01652,25731208.0
2025-08-08 16:00:00,0.01652,0.01669,0.01652,0.01667,20480400.0
2025-08-08 17:00:00,0.01667,0.01705,0.01667,0.01705,36024477.0
2025-08-08 18:00:00,0.01705,0.01712,0.0169,0.01698,45512504.0
2025-08-08 19:00:00,0.01698,0.01705,0.01691,0.01704,23558443.0
2025-08-08 20:00:00,0.01705,0.01707,0.01692,0.01698,11758649.0
2025-08-08 21:00:00,0.01698,0.01701,0.01692,0.01698,14194183.0
2025-08-08 22:00:00,0.01698,0.0171,0.01693,0.01701,34376184.0
2025-08-08 23:00:00,0.01701,0.01702,0.01693,0.01698,16704648.0
2025-08-09 00:00:00,0.01699,0.01705,0.01695,0.01699,12884843.0
2025-08-09 01:00:00,0.01699,0.01706,0.01693,0.01704,13221013.0
2025-08-09 02:00:00,0.01704,0.01707,0.01695,0.01696,11224119.0
2025-08-09 03:00:00,0.01695,0.01703,0.01693,0.01701,14561288.0
2025-08-09 04:00:00,0.017,0.01716,0.01697,0.01712,18798510.0
2025-08-09 05:00:00,0.01711,0.0176,0.0171,0.01759,71363809.0
2025-08-09 06:00:00,0.01759,0.0176,0.01737,0.01742,43321962.0
2025-08-09 07:00:00,0.01742,0.01753,0.01739,0.01747,15161795.0
2025-08-09 08:00:00,0.01748,0.01761,0.01727,0.01757,49976044.0
2025-08-09 09:00:00,0.01756,0.01774,0.01753,0.0177,38833239.0
2025-08-09 10:00:00,0.0177,0.01786,0.01768,0.01777,32929015.0
2025-08-09 11:00:00,0.01776,0.01783,0.01768,0.01779,18007752.0
2025-08-09 12:00:00,0.01779,0.018,0.01777,0.01799,24041631.0
2025-08-09 13:00:00,0.01799,0.01799,0.0177,0.01772,44439657.0
2025-08-09 14:00:00,0.01772,0.01778,0.01761,0.01775,28921334.0
2025-08-09 15:00:00,0.01775,0.01781,0.01761,0.01775,25205169.0
2025-08-09 16:00:00,0.01776,0.01795,0.01776,0.01782,22836952.0
2025-08-09 17:00:00,0.01782,0.01803,0.01779,0.01802,24351636.0
2025-08-09 18:00:00,0.01801,0.01806,0.01793,0.01801,30329034.0
2025-08-09 19:00:00,0.01801,0.01814,0.018,0.01805,14121133.0
2025-08-09 20:00:00,0.01806,0.01828,0.01802,0.01822,45006076.0
2025-08-09 21:00:00,0.01822,0.01823,0.01791,0.01796,52734429.0
2025-08-09 22:00:00,0.01797,0.01812,0.01784,0.01789,26603576.0
2025-08-09 23:00:00,0.01789,0.01799,0.01782,0.01791,12768957.0
2025-08-10 00:00:00,0.01791,0.0182,0.0179,0.01815,18775430.0
2025-08-10 01:00:00,0.01814,0.01825,0.01803,0.0181,34815244.0
2025-08-10 02:00:00,0.01809,0.01814,0.01786,0.0179,32756739.0
2025-08-10 03:00:00,0.01789,0.01809,0.0178,0.01802,53569999.0
2025-08-10 04:00:00,0.01802,0.01817,0.01796,0.01809,20015748.0
2025-08-10 05:00:00,0.01809,0.01809,0.01782,0.01784,22129671.0
2025-08-10 06:00:00,0.01785,0.01785,0.01762,0.0177,31206306.0
2025-08-10 07:00:00,0.0177,0.01777,0.01729,0.01734,65591810.0
2025-08-10 08:00:00,0.01733,0.01749,0.01711,0.01747,51347511.0
2025-08-10 09:00:00,0.01746,0.01751,0.01739,0.01743,20919304.0
2025-08-10 10:00:00,0.01743,0.01747,0.01719,0.01723,26447770.0
2025-08-10 11:00:00,0.01723,0.01735,0.01719,0.01722,25602223.0
2025-08-10 12:00:00,0.01722,0.01736,0.01717,0.01735,34434201.0
2025-08-10 13:00:00,0.01735,0.01738,0.01717,0.01719,16455772.0
2025-08-10 14:00:00,0.01719,0.01759,0.01714,0.01755,47946572.0
2025-08-10 15:00:00,0.01755,0.01766,0.01748,0.01759,35432215.0
2025-08-10 16:00:00,0.01759,0.01774,0.01756,0.01771,40231460.0
2025-08-10 17:00:00,0.01771,0.01774,0.01757,0.01774,21836184.0
2025-08-10 18:00:00,0.01773,0.01792,0.01773,0.01792,24117589.0
2025-08-10 19:00:00,0.01792,0.01804,0.01787,0.01788,34006511.0
2025-08-10 20:00:00,0.01789,0.01794,0.01775,0.01778,44478748.0
2025-08-10 21:00:00,0.01779,0.01779,0.01748,0.01767,36621323.0
2025-08-10 22:00:00,0.01768,0.01769,0.01754,0.01768,15654232.0
2025-08-10 23:00:00,0.01769,0.01773,0.01758,0.01769,10463801.0
2025-08-11 00:00:00,0.01768,0.01773,0.01755,0.01758,16817058.0
2025-08-11 01:00:00,0.01758,0.01803,0.01757,0.01797,41729081.0
2025-08-11 02:00:00,0.01797,0.01837,0.01797,0.01829,57879892.0
2025-08-11 03:00:00,0.01829,0.01829,0.01811,0.01816,25221028.0
2025-08-11 04:00:00,0.01817,0.0183,0.01803,0.01803,31798082.0
2025-08-11 05:00:00,0.01803,0.01811,0.01796,0.01801,38317940.0
2025-08-11 06:00:00,0.01801,0.01805,0.0179,0.01791,17132836.0
2025-08-11 07:00:00,0.0179,0.01794,0.0175,0.01752,44656103.0
2025-08-11 08:00:00,0.01754,0.01774,0.01745,0.0177,29770087.0
2025-08-11 09:00:00,0.01769,0.01782,0.0176,0.01766,38744988.0
2025-08-11 10:00:00,0.01765,0.01765,0.01745,0.01747,27263919.0
2025-08-11 11:00:00,0.01746,0.01747,0.0169,0.017,50029208.0
2025-08-11 12:00:00,0.017,0.01707,0.01688,0.01699,42987407.0
2025-08-11 13:00:00,0.01699,0.01731,0.01681,0.01723,64602369.0
2025-08-11 14:00:00,0.01724,0.01742,0.01716,0.01721,37610953.0
2025-08-11 15:00:00,0.01722,0.01729,0.01706,0.01728,27365150.0
2025-08-11 16:00:00,0.01728,0.01761,0.01719,0.01734,43971284.0
2025-08-11 17:00:00,0.01733,0.01741,0.01707,0.01716,27032153.0
2025-08-11 18:00:00,0.01716,0.01726,0.01697,0.01719,32205377.0
2025-08-11 19:00:00,0.01718,0.01721,0.01688,0.01703,29205385.0
2025-08-11 20:00:00,0.01703,0.01704,0.01689,0.01698,14957357.0
2025-08-11 21:00:00,0.01698,0.01703,0.01667,0.01682,70364987.0
2025-08-11 22:00:00,0.01682,0.01683,0.01655,0.0167,34350015.0
2025-08-11 23:00:00,0.0167,0.01681,0.01667,0.01669,13468739.0
2025-08-12 00:00:00,0.01669,0.01696,0.01666,0.01692,26816851.0
2025-08-12 01:00:00,0.01691,0.01698,0.01685,0.01692,17706469.0
2025-08-12 02:00:00,0.01692,0.01711,0.0169,0.01701,14522300.0
2025-08-12 03:00:00,0.017,0.01701,0.01684,0.0169,28040494.0
2025-08-12 04:00:00,0.01691,0.017,0.01687,0.01696,14111036.0
2025-08-12 05:00:00,0.01696,0.01696,0.01671,0.01675,29427980.0
2025-08-12 06:00:00,0.01674,0.01686,0.01656,0.01676,22361016.0
2025-08-12 07:00:00,0.01677,0.01705,0.01676,0.01702,23260021.0
2025-08-12 08:00:00,0.01703,0.01704,0.01685,0.01685,17800292.0
2025-08-12 09:00:00,0.01684,0.01685,0.0167,0.01672,20446305.0
2025-08-12 10:00:00,0.01671,0.01672,0.01654,0.0166,43120577.0
2025-08-12 11:00:00,0.0166,0.01675,0.01646,0.01671,27935548.0
2025-08-12 12:00:00,0.01672,0.0174,0.01664,0.01721,114358842.0
2025-08-12 13:00:00,0.01722,0.01733,0.01692,0.0171,46031041.0
2025-08-12 14:00:00,0.0171,0.01747,0.01706,0.0174,24243946.0
2025-08-12 15:00:00,0.0174,0.01766,0.01739,0.01763,39599889.0
2025-08-12 16:00:00,0.01764,0.0178,0.01753,0.01778,44285104.0
2025-08-12 17:00:00,0.01778,0.01804,0.01777,0.01788,61916941.0
2025-08-12 18:00:00,0.01789,0.01808,0.01784,0.01789,37580271.0
2025-08-12 19:00:00,0.0179,0.01801,0.01784,0.01799,32687749.0
2025-08-12 20:00:00,0.01799,0.01824,0.01795,0.01814,37884620.0
2025-08-12 21:00:00,0.01815,0.01815,0.01791,0.01797,25322552.0
2025-08-12 22:00:00,0.01798,0.01806,0.0179,0.018,17344788.0
2025-08-12 23:00:00,0.018,0.01804,0.0179,0.01796,15837951.0
2025-08-13 00:00:00,0.01797,0.01812,0.01797,0.01803,39789573.0
2025-08-13 01:00:00,0.01803,0.01803,0.01783,0.01791,28909725.0
2025-08-13 02:00:00,0.01792,0.0182,0.01781,0.01817,33220915.0
2025-08-13 03:00:00,0.01818,0.01828,0.01802,0.0182,47053096.0
2025-08-13 04:00:00,0.0182,0.01829,0.01808,0.01815,28418410.0
2025-08-13 05:00:00,0.01814,0.01815,0.01788,0.01789,28340526.0
2025-08-13 06:00:00,0.01789,0.01798,0.0178,0.0179,28951034.0
2025-08-13 07:00:00,0.0179,0.01814,0.01789,0.01813,15700617.0
2025-08-13 08:00:00,0.01812,0.01842,0.01811,0.01835,41191075.0
2025-08-13 09:00:00,0.01835,0.01857,0.01835,0.01857,54300533.0
2025-08-13 10:00:00,0.01856,0.01865,0.01853,0.01855,38005602.0
2025-08-13 11:00:00,0.01855,0.01859,0.01838,0.01849,43118376.0
2025-08-13 12:00:00,0.0185,0.01859,0.01834,0.01837,44724559.0
2025-08-13 13:00:00,0.01837,0.01881,0.01836,0.01868,102115731.0
2025-08-13 14:00:00,0.01869,0.01879,0.01833,0.01847,107211912.0
2025-08-13 15:00:00,0.01848,0.01869,0.01831,0.01857,67393271.0
2025-08-13 16:00:00,0.01858,0.0188,0.01852,0.01864,46939756.0
2025-08-13 17:00:00,0.01864,0.0188,0.01859,0.01875,33487917.0
2025-08-13 18:00:00,0.01874,0.01884,0.01848,0.01854,33874557.0
2025-08-13 19:00:00,0.01854,0.01873,0.0185,0.01871,42409114.0
2025-08-13 20:00:00,0.01872,0.01873,0.01854,0.01862,34596175.0
2025-08-13 21:00:00,0.01863,0.0188,0.01861,0.01877,33424642.0
2025-08-13 22:00:00,0.01877,0.01911,0.01869,0.01901,47681696.0
2025-08-13 23:00:00,0.019,0.01915,0.01887,0.0189,29936041.0
2025-08-14 00:00:00,0.01891,0.01902,0.01869,0.01871,29072717.0
2025-08-14 01:00:00,0.01871,0.01901,0.0186,0.01887,46447249.0
2025-08-14 02:00:00,0.01887,0.01912,0.01877,0.0191,41076357.0
2025-08-14 03:00:00,0.01911,0.01913,0.01897,0.019,52159843.0
2025-08-14 04:00:00,0.01899,0.01907,0.01885,0.01886,23243578.0
2025-08-14 05:00:00,0.01886,0.01892,0.01867,0.01869,39493974.0
2025-08-14 06:00:00,0.01869,0.01876,0.01843,0.01871,50674019.0
2025-08-14 07:00:00,0.0187,0.01873,0.01844,0.01854,26175391.0
2025-08-14 08:00:00,0.01854,0.01855,0.01818,0.01827,61912900.0
2025-08-14 09:00:00,0.01827,0.01843,0.01814,0.0184,33289796.0
2025-08-14 10:00:00,0.0184,0.01842,0.01807,0.01826,38325815.0
2025-08-14 11:00:00,0.01826,0.01834,0.01814,0.01819,26906891.0
2025-08-14 12:00:00,0.01819,0.01828,0.01681,0.01712,439040935.0
2025-08-14 13:00:00,0.01712,0.0174,0.01678,0.01727,196569788.0
2025-08-14 14:00:00,0.01728,0.01748,0.01716,0.01729,64012632.0
2025-08-14 15:00:00,0.01729,0.01734,0.01705,0.01706,49126027.0
2025-08-14 16:00:00,0.01706,0.01706,0.01668,0.01678,102372330.0
2025-08-14 17:00:00,0.01677,0.01687,0.01659,0.01685,51999038.0
2025-08-14 18:00:00,0.01684,0.01685,0.01653,0.01679,33805423.0
2025-08-14 19:00:00,0.0168,0.01691,0.01676,0.01677,33892202.0
2025-08-14 20:00:00,0.01676,0.01677,0.01661,0.01673,39168481.0
2025-08-14 21:00:00,0.01672,0.01672,0.01633,0.01651,62672185.0
2025-08-14 22:00:00,0.0165,0.01667,0.01638,0.01663,25513561.0
2025-08-14 23:00:00,0.01664,0.01674,0.0166,0.01668,23530812.0
2025-08-15 00:00:00,0.01668,0.01687,0.01662,0.01672,42567305.0
2025-08-15 01:00:00,0.01672,0.01687,0.01666,0.01683,53316844.0
2025-08-15 02:00:00,0.01683,0.01693,0.01679,0.01683,28260236.0
2025-08-15 03:00:00,0.01683,0.01707,0.01678,0.01696,25557594.0
2025-08-15 04:00:00,0.01696,0.01699,0.01683,0.01685,26479104.0
2025-08-15 05:00:00,0.01686,0.01699,0.01678,0.01698,28374313.0
2025-08-15 06:00:00,0.01697,0.01727,0.01697,0.01712,41415065.0
2025-08-15 07:00:00,0.01711,0.01713,0.01695,0.01704,37415224.0
2025-08-15 08:00:00,0.01704,0.01715,0.01699,0.01701,23294696.0
2025-08-15 09:00:00,0.01701,0.01706,0.01679,0.01686,35445193.0
2025-08-15 10:00:00,0.01686,0.01702,0.01683,0.01687,17139077.0
2025-08-15 11:00:00,0.01688,0.01694,0.01679,0.01687,14980608.0
2025-08-15 12:00:00,0.01686,0.0171,0.01667,0.0169,101092095.0
2025-08-15 13:00:00,0.0169,0.01694,0.01667,0.01675,46701232.0
2025-08-15 14:00:00,0.01674,0.01685,0.01644,0.01651,68599546.0
2025-08-15 15:00:00,0.01651,0.01653,0.01602,0.01618,76519793.0
2025-08-15 16:00:00,0.01617,0.01647,0.01596,0.01628,76949282.0
2025-08-15 17:00:00,0.01627,0.01644,0.01612,0.01636,36716695.0
2025-08-15 18:00:00,0.01636,0.01638,0.01615,0.0162,28609657.0
2025-08-15 19:00:00,0.0162,0.01633,0.01612,0.01623,23410907.0
2025-08-15 20:00:00,0.01623,0.01642,0.01616,0.01641,22339821.0
2025-08-15 21:00:00,0.01641,0.01652,0.01631,0.01652,21381157.0
2025-08-15 22:00:00,0.01651,0.01668,0.01645,0.01667,15161497.0
2025-08-15 23:00:00,0.01667,0.01672,0.01647,0.01656,23293150.0
2025-08-16 00:00:00,0.01656,0.01681,0.01654,0.01679,22465240.0
2025-08-16 01:00:00,0.01679,0.01682,0.0167,0.01677,16962394.0
2025-08-16 02:00:00,0.01677,0.0168,0.01668,0.01671,12343828.0
2025-08-16 03:00:00,0.01671,0.01678,0.01665,0.01667,8573987.0
2025-08-16 04:00:00,0.01667,0.01682,0.01665,0.01682,8456979.0
2025-08-16 05:00:00,0.01682,0.01682,0.0167,0.01672,9118569.0
2025-08-16 06:00:00,0.01672,0.01678,0.01669,0.01672,11560945.0
2025-08-16 07:00:00,0.01672,0.01694,0.01671,0.01691,16162014.0
2025-08-16 08:00:00,0.01691,0.01695,0.01685,0.01685,15506774.0
2025-08-16 09:00:00,0.01685,0.01709,0.01681,0.01681,31443057.0
2025-08-16 10:00:00,0.01682,0.01692,0.01674,0.01685,46854674.0
2025-08-16 11:00:00,0.01686,0.01705,0.01682,0.01683,31316275.0
2025-08-16 12:00:00,0.01684,0.01705,0.0168,0.01703,32194206.0
2025-08-16 13:00:00,0.01703,0.01715,0.01689,0.01689,22196789.0
2025-08-16 14:00:00,0.0169,0.0172,0.01686,0.01718,21331613.0
2025-08-16 15:00:00,0.01717,0.01755,0.01717,0.01738,149966343.0
2025-08-16 16:00:00,0.01738,0.0175,0.01719,0.01724,49747275.0
2025-08-16 17:00:00,0.01725,0.0173,0.01714,0.01723,22010320.0
2025-08-16 18:00:00,0.01724,0.01746,0.01722,0.01729,32992564.0
2025-08-16 19:00:00,0.0173,0.01738,0.01725,0.01727,11032312.0
2025-08-16 20:00:00,0.01726,0.01744,0.01726,0.01733,22577893.0
2025-08-16 21:00:00,0.01732,0.01734,0.01722,0.01723,11021887.0
2025-08-16 22:00:00,0.01723,0.01737,0.01718,0.01735,40260997.0
2025-08-16 23:00:00,0.01735,0.01736,0.01719,0.01722,9538125.0
2025-08-17 00:00:00,0.01723,0.01728,0.01714,0.01716,23760618.0
2025-08-17 01:00:00,0.01715,0.0172,0.01709,0.01716,17526880.0
2025-08-17 02:00:00,0.01716,0.01729,0.01707,0.01729,24360560.0
2025-08-17 03:00:00,0.01728,0.01733,0.01719,0.01727,8790543.0
2025-08-17 04:00:00,0.01727,0.01744,0.01727,0.01743,21505869.0
2025-08-17 05:00:00,0.01743,0.0175,0.01739,0.01746,21708635.0
2025-08-17 06:00:00,0.01746,0.01759,0.01735,0.01736,26525412.0
2025-08-17 07:00:00,0.01737,0.01749,0.01736,0.01747,16179673.0
2025-08-17 08:00:00,0.01748,0.01769,0.01745,0.01765,35342599.0
2025-08-17 09:00:00,0.01765,0.01767,0.01755,0.01764,18386319.0
2025-08-17 10:00:00,0.01764,0.01765,0.01753,0.01761,15725465.0
2025-08-17 11:00:00,0.01761,0.01762,0.01749,0.01758,14454342.0
2025-08-17 12:00:00,0.01758,0.01762,0.01743,0.01745,16614619.0
2025-08-17 13:00:00,0.01746,0.01757,0.0174,0.01751,13452227.0
2025-08-17 14:00:00,0.01751,0.01763,0.01745,0.01763,20348350.0
2025-08-17 15:00:00,0.01762,0.01783,0.01756,0.01782,26867582.0
2025-08-17 16:00:00,0.01783,0.01795,0.0176,0.01766,44784487.0
2025-08-17 17:00:00,0.01765,0.01767,0.01753,0.01757,25642535.0
2025-08-17 18:00:00,0.01757,0.01765,0.01719,0.01741,48997635.0
2025-08-17 19:00:00,0.01742,0.0175,0.01728,0.01731,20741293.0
2025-08-17 20:00:00,0.01731,0.01742,0.01729,0.0173,28147213.0
2025-08-17 21:00:00,0.0173,0.01736,0.01724,0.01726,22545616.0
2025-08-17 22:00:00,0.01726,0.01752,0.01724,0.01747,22192645.0
2025-08-17 23:00:00,0.01747,0.01747,0.01718,0.01724,14494096.0
2025-08-18 00:00:00,0.01724,0.01726,0.01707,0.01721,31082164.0
2025-08-18 01:00:00,0.0172,0.01723,0.01688,0.01693,49744139.0
2025-08-18 02:00:00,0.01692,0.01694,0.0165,0.01651,79006799.0
2025-08-18 03:00:00,0.01651,0.01659,0.01635,0.01656,43723608.0
2025-08-18 04:00:00,0.01655,0.01684,0.01648,0.01679,37349961.0
2025-08-18 05:00:00,0.01679,0.01688,0.0166,0.01681,20448885.0
2025-08-18 06:00:00,0.01681,0.01681,0.01638,0.01651,34698755.0
2025-08-18 07:00:00,0.01652,0.01661,0.01644,0.01651,30562431.0
2025-08-18 08:00:00,0.01651,0.01654,0.01639,0.0164,15514082.0
2025-08-18 09:00:00,0.0164,0.01667,0.01629,0.0166,89256066.0
2025-08-18 10:00:00,0.0166,0.01663,0.01649,0.01651,34361407.0
2025-08-18 11:00:00,0.01651,0.01658,0.01645,0.01654,21955720.0
2025-08-18 12:00:00,0.01653,0.01687,0.01648,0.01687,27417058.0
2025-08-18 13:00:00,0.01687,0.0169,0.01653,0.01653,38127758.0
2025-08-18 14:00:00,0.01653,0.01671,0.01648,0.01671,58792702.0
2025-08-18 15:00:00,0.01671,0.01677,0.01654,0.01673,38442777.0
2025-08-18 16:00:00,0.01673,0.01679,0.01652,0.01656,18801896.0
2025-08-18 17:00:00,0.01655,0.01691,0.01653,0.01676,25287252.0
2025-08-18 18:00:00,0.01675,0.01681,0.01667,0.01679,14122974.0
2025-08-18 19:00:00,0.0168,0.01686,0.01669,0.01675,15453641.0
2025-08-18 20:00:00,0.01675,0.0168,0.0166,0.0167,15502283.0
2025-08-18 21:00:00,0.01669,0.01685,0.01667,0.01682,10770565.0
2025-08-18 22:00:00,0.01683,0.01698,0.0168,0.0168,16826734.0
2025-08-18 23:00:00,0.0168,0.01684,0.01657,0.01662,15799076.0
2025-08-19 00:00:00,0.01661,0.01679,0.01634,0.01679,46424510.0
2025-08-19 01:00:00,0.01679,0.01687,0.01655,0.0166,20997351.0
2025-08-19 02:00:00,0.01661,0.01666,0.01651,0.01654,18176582.0
2025-08-19 03:00:00,0.01655,0.01658,0.01617,0.01623,65632033.0
2025-08-19 04:00:00,0.01623,0.01641,0.01608,0.01641,46015018.0
2025-08-19 05:00:00,0.01641,0.01647,0.01633,0.01633,24290749.0
2025-08-19 06:00:00,0.01634,0.01638,0.01623,0.01632,16624072.0
2025-08-19 07:00:00,0.01633,0.01634,0.01617,0.01631,28903741.0
2025-08-19 08:00:00,0.01631,0.01652,0.01619,0.01641,33615629.0
2025-08-19 09:00:00,0.01641,0.01665,0.01641,0.01658,25090700.0
2025-08-19 10:00:00,0.01658,0.01671,0.01655,0.01662,17630937.0
2025-08-19 11:00:00,0.01662,0.01671,0.01659,0.01669,14065388.0
2025-08-19 12:00:00,0.01669,0.0167,0.01653,0.01662,19425190.0
2025-08-19 13:00:00,0.01661,0.01673,0.01638,0.01655,40455948.0
2025-08-19 14:00:00,0.01656,0.01663,0.01612,0.01623,62272124.0
2025-08-19 15:00:00,0.01624,0.01644,0.01613,0.01619,37626062.0
2025-08-19 16:00:00,0.01619,0.01621,0.01597,0.01603,49338789.0
2025-08-19 17:00:00,0.01603,0.01614,0.01589,0.01611,53342738.0
2025-08-19 18:00:00,0.0161,0.01611,0.01579,0.01587,27990213.0
2025-08-19 19:00:00,0.01587,0.01606,0.01575,0.01592,26916321.0
2025-08-19 20:00:00,0.01591,0.01607,0.01582,0.01607,16442011.0
2025-08-19 21:00:00,0.01606,0.01607,0.01597,0.01602,12471140.0
2025-08-19 22:00:00,0.01602,0.01603,0.0159,0.01592,13428771.0
2025-08-19 23:00:00,0.01593,0.01593,0.01569,0.01575,30802232.0
2025-08-20 00:00:00,0.01575,0.01591,0.01574,0.01585,18414412.0
2025-08-20 01:00:00,0.01586,0.01594,0.01567,0.01592,25740073.0
2025-08-20 02:00:00,0.01592,0.01604,0.0159,0.01594,30796385.0
2025-08-20 03:00:00,0.01595,0.01614,0.01592,0.01601,15189503.0
2025-08-20 04:00:00,0.01601,0.01619,0.01601,0.01615,17440526.0
2025-08-20 05:00:00,0.01615,0.01615,0.01603,0.01612,10521955.0
2025-08-20 06:00:00,0.01613,0.01614,0.016,0.01607,15569203.0
2025-08-20 07:00:00,0.01608,0.01616,0.016,0.016,10400254.0
2025-08-20 08:00:00,0.01601,0.01626,0.01599,0.01625,16067351.0
2025-08-20 09:00:00,0.01624,0.01625,0.01612,0.01616,11133227.0
2025-08-20 10:00:00,0.01616,0.01628,0.01613,0.01622,9666418.0
2025-08-20 11:00:00,0.01622,0.01624,0.01595,0.01616,16435340.0
2025-08-20 12:00:00,0.01617,0.0163,0.0161,0.01612,19768706.0
2025-08-20 13:00:00,0.01613,0.01616,0.01579,0.01587,34759226.0
2025-08-20 14:00:00,0.01587,0.01631,0.01575,0.01617,45501442.0
2025-08-20 15:00:00,0.01617,0.01656,0.01615,0.01638,68160671.0
2025-08-20 16:00:00,0.01639,0.01668,0.01639,0.0165,27955176.0
2025-08-20 17:00:00,0.01651,0.01676,0.01651,0.01667,26239086.0
2025-08-20 18:00:00,0.01667,0.01669,0.01634,0.01651,30459795.0
2025-08-20 19:00:00,0.01651,0.01677,0.0165,0.01675,18990980.0
2025-08-20 20:00:00,0.01675,0.01682,0.0167,0.01678,18689702.0
2025-08-20 21:00:00,0.01678,0.01681,0.01664,0.01675,11125310.0
2025-08-20 22:00:00,0.01675,0.01681,0.01671,0.01674,11552272.0
2025-08-20 23:00:00,0.01673,0.01674,0.01663,0.01666,11668600.0
2025-08-21 00:00:00,0.01667,0.01669,0.01658,0.01668,15245571.0
2025-08-21 01:00:00,0.01668,0.01679,0.01662,0.01679,16451760.0
2025-08-21 02:00:00,0.01678,0.01684,0.01654,0.01662,19327707.0
2025-08-21 03:00:00,0.01662,0.01684,0.01662,0.01669,16487949.0
2025-08-21 04:00:00,0.01669,0.01677,0.01664,0.01671,8092586.0
2025-08-21 05:00:00,0.01671,0.01675,0.01662,0.01674,6455710.0
2025-08-21 06:00:00,0.01674,0.01674,0.01658,0.0166,8728592.0
2025-08-21 07:00:00,0.0166,0.01662,0.01644,0.01656,13053298.0
2025-08-21 08:00:00,0.01656,0.01659,0.01639,0.0164,19359079.0
2025-08-21 09:00:00,0.0164,0.01645,0.01629,0.01635,13895076.0
2025-08-21 10:00:00,0.01635,0.0164,0.0163,0.01636,13581270.0
2025-08-21 11:00:00,0.01636,0.01642,0.01625,0.01633,15214490.0
2025-08-21 12:00:00,0.01633,0.01638,0.01616,0.01623,16825961.0
2025-08-21 13:00:00,0.01623,0.01649,0.0162,0.01632,21808960.0
2025-08-21 14:00:00,0.01631,0.01654,0.01619,0.01627,36614790.0
2025-08-21 15:00:00,0.01628,0.01631,0.0161,0.01616,21852388.0
2025-08-21 16:00:00,0.01616,0.01628,0.0161,0.01612,21152758.0
2025-08-21 17:00:00,0.01613,0.01628,0.01608,0.01623,8620256.0
2025-08-21 18:00:00,0.01623,0.01638,0.0162,0.01635,8544826.0
2025-08-21 19:00:00,0.01635,0.01639,0.01613,0.01617,13018755.0
2025-08-21 20:00:00,0.01617,0.01633,0.01608,0.01626,12853598.0
2025-08-21 21:00:00,0.01627,0.01637,0.01615,0.0163,12528739.0
2025-08-21 22:00:00,0.0163,0.0164,0.01629,0.01635,7595073.0
2025-08-21 23:00:00,0.01635,0.01636,0.01613,0.01621,6962134.0
2025-08-22 00:00:00,0.01622,0.01632,0.01615,0.01617,11106816.0
2025-08-22 01:00:00,0.01617,0.01627,0.01608,0.01625,25023147.0
2025-08-22 02:00:00,0.01626,0.01647,0.01621,0.01634,13666982.0
2025-08-22 03:00:00,0.01634,0.01639,0.01612,0.01618,6343955.0
2025-08-22 04:00:00,0.01618,0.01633,0.01616,0.0162,6894004.0
2025-08-22 05:00:00,0.0162,0.01628,0.01611,0.01625,12516060.0
2025-08-22 06:00:00,0.01624,0.01633,0.01612,0.01616,9578732.0
2025-08-22 07:00:00,0.01616,0.01633,0.01614,0.0163,12759567.0
2025-08-22 08:00:00,0.01629,0.01639,0.01623,0.01623,15484364.0
2025-08-22 09:00:00,0.01623,0.01627,0.01614,0.01624,11282190.0
2025-08-22 10:00:00,0.01624,0.01624,0.01606,0.01613,21312776.0
2025-08-22 11:00:00,0.01612,0.01613,0.01592,0.01594,40626964.0
2025-08-22 12:00:00,0.01595,0.01595,0.0156,0.01581,77345518.0
2025-08-22 13:00:00,0.01582,0.01613,0.01571,0.01598,47380416.0
2025-08-22 14:00:00,0.01598,0.01706,0.01598,0.01693,326907411.0
2025-08-22 15:00:00,0.01693,0.0173,0.01693,0.01716,83055989.0
2025-08-22 16:00:00,0.01716,0.01776,0.01716,0.01769,109098701.0
2025-08-22 17:00:00,0.0177,0.01799,0.0177,0.01789,80784057.0
2025-08-22 18:00:00,0.0179,0.01811,0.01788,0.01807,63661636.0
2025-08-22 19:00:00,0.01807,0.01824,0.01803,0.01817,55605049.0
2025-08-22 20:00:00,0.01817,0.01825,0.01809,0.01823,52459846.0
2025-08-22 21:00:00,0.01823,0.01851,0.0182,0.01843,61013173.0
2025-08-22 22:00:00,0.01843,0.01881,0.0184,0.01859,80310966.0
2025-08-22 23:00:00,0.0186,0.01894,0.01858,0.01885,49406730.0
2025-08-23 00:00:00,0.01885,0.01892,0.0185,0.0185,103520955.0
2025-08-23 01:00:00,0.01851,0.01863,0.01819,0.01841,76908322.0
2025-08-23 02:00:00,0.01841,0.01843,0.01786,0.01808,53726319.0
2025-08-23 03:00:00,0.01809,0.01822,0.01798,0.01809,38548878.0
2025-08-23 04:00:00,0.01809,0.0185,0.01809,0.0185,41500988.0
2025-08-23 05:00:00,0.01849,0.01878,0.01848,0.0187,48974069.0
2025-08-23 06:00:00,0.0187,0.01872,0.01846,0.01858,71289668.0
2025-08-23 07:00:00,0.01858,0.0187,0.01839,0.01845,58910547.0
2025-08-23 08:00:00,0.01845,0.01863,0.01845,0.01859,71581959.0
2025-08-23 09:00:00,0.01859,0.01875,0.01849,0.01869,53809143.0
2025-08-23 10:00:00,0.01869,0.01872,0.01853,0.01859,26939835.0
2025-08-23 11:00:00,0.0186,0.01872,0.01854,0.01861,30029622.0
2025-08-23 12:00:00,0.01862,0.01879,0.01851,0.01854,46717885.0
2025-08-23 13:00:00,0.01853,0.01853,0.01833,0.01844,50938775.0
2025-08-23 14:00:00,0.01845,0.0186,0.01836,0.01845,30516073.0
2025-08-23 15:00:00,0.01846,0.01851,0.0184,0.01842,28787251.0
2025-08-23 16:00:00,0.01843,0.01845,0.01822,0.01828,33068710.0
2025-08-23 17:00:00,0.01828,0.01836,0.01828,0.01832,20265989.0
2025-08-23 18:00:00,0.01832,0.01843,0.01831,0.01837,8985385.0
2025-08-23 19:00:00,0.01838,0.01863,0.01838,0.01863,22040582.0
2025-08-23 20:00:00,0.01863,0.01865,0.01842,0.0185,17563800.0
2025-08-23 21:00:00,0.01849,0.0185,0.01838,0.01845,14154480.0
2025-08-23 22:00:00,0.01845,0.0185,0.01838,0.01849,25163324.0
2025-08-23 23:00:00,0.01849,0.01852,0.01839,0.01842,11423671.0
2025-08-24 00:00:00,0.01842,0.01849,0.01838,0.0184,14977563.0
2025-08-24 01:00:00,0.01839,0.01839,0.01824,0.01826,23744736.0
2025-08-24 02:00:00,0.01826,0.01829,0.01815,0.0182,19327235.0
2025-08-24 03:00:00,0.01819,0.01824,0.0181,0.01822,21424609.0
2025-08-24 04:00:00,0.01823,0.01826,0.01813,0.01818,10413049.0
2025-08-24 05:00:00,0.01818,0.01818,0.01802,0.01807,13647261.0
2025-08-24 06:00:00,0.01807,0.01807,0.01771,0.01772,33321993.0
2025-08-24 07:00:00,0.01772,0.01785,0.0177,0.01775,41902581.0
2025-08-24 08:00:00,0.01776,0.01788,0.0177,0.01775,18586860.0
2025-08-24 09:00:00,0.01774,0.0178,0.0176,0.01762,18130262.0
2025-08-24 10:00:00,0.01762,0.01762,0.01732,0.01736,63523032.0
2025-08-24 11:00:00,0.01736,0.01748,0.01726,0.0174,40005825.0
2025-08-24 12:00:00,0.01739,0.01749,0.01734,0.01747,22242539.0
2025-08-24 13:00:00,0.01747,0.01768,0.01746,0.0175,67503476.0
2025-08-24 14:00:00,0.0175,0.01757,0.01743,0.01752,20452574.0
2025-08-24 15:00:00,0.01752,0.01783,0.01749,0.01765,37653817.0
2025-08-24 16:00:00,0.01765,0.01777,0.01755,0.01771,24223637.0
2025-08-24 17:00:00,0.01771,0.01829,0.01771,0.01813,54084678.0
2025-08-24 18:00:00,0.01813,0.01872,0.01807,0.01858,78502203.0
2025-08-24 19:00:00,0.01858,0.01874,0.01748,0.01799,312564956.0
2025-08-24 20:00:00,0.018,0.01808,0.01749,0.01792,110018358.0
2025-08-24 21:00:00,0.01792,0.01821,0.01779,0.018,52750000.0
2025-08-24 22:00:00,0.018,0.01803,0.01768,0.018,42940392.0
2025-08-24 23:00:00,0.018,0.01814,0.01794,0.01798,28605201.0
2025-08-25 00:00:00,0.01798,0.01808,0.01748,0.01771,48434333.0
2025-08-25 01:00:00,0.01771,0.01794,0.01767,0.01785,23324125.0
2025-08-25 02:00:00,0.01784,0.01819,0.01784,0.01817,30850125.0
2025-08-25 03:00:00,0.01817,0.01832,0.01809,0.01813,45795217.0
2025-08-25 04:00:00,0.01813,0.01821,0.01795,0.01795,23084776.0
2025-08-25 05:00:00,0.01796,0.018,0.01778,0.01779,18877483.0
2025-08-25 06:00:00,0.0178,0.01783,0.01745,0.01745,45887948.0
2025-08-25 07:00:00,0.01746,0.01756,0.0171,0.01718,64097447.0
2025-08-25 08:00:00,0.01718,0.01732,0.017,0.0172,46415350.0
2025-08-25 09:00:00,0.01719,0.01724,0.0171,0.01716,23370010.0
2025-08-25 10:00:00,0.01715,0.01715,0.01671,0.01678,75913493.0
2025-08-25 11:00:00,0.01679,0.01698,0.01679,0.01696,24570349.0
2025-08-25 12:00:00,0.01696,0.01702,0.01684,0.01695,26886016.0
2025-08-25 13:00:00,0.01695,0.01698,0.01672,0.01684,50436470.0
2025-08-25 14:00:00,0.01685,0.01713,0.0168,0.01695,63347871.0
2025-08-25 15:00:00,0.01696,0.01703,0.01672,0.01678,37655814.0
2025-08-25 16:00:00,0.01678,0.01688,0.01663,0.01663,54260643.0
2025-08-25 17:00:00,0.01663,0.01667,0.01648,0.01661,38800093.0
2025-08-25 18:00:00,0.01661,0.01668,0.01653,0.01656,10404096.0
2025-08-25 19:00:00,0.01655,0.01661,0.01621,0.01624,55202581.0
2025-08-25 20:00:00,0.01625,0.0163,0.01578,0.01581,131147228.0
2025-08-25 21:00:00,0.01581,0.01595,0.01574,0.01579,82099038.0
2025-08-25 22:00:00,0.01579,0.01605,0.01575,0.01597,51113536.0
2025-08-25 23:00:00,0.01598,0.01605,0.01586,0.016,26912762.0
2025-08-26 00:00:00,0.016,0.01607,0.01586,0.01597,39536818.0
2025-08-26 01:00:00,0.01598,0.0163,0.01589,0.01629,38373604.0
2025-08-26 02:00:00,0.01628,0.01637,0.01608,0.01614,20862230.0
2025-08-26 03:00:00,0.01614,0.01619,0.01604,0.01616,7456687.0
2025-08-26 04:00:00,0.01616,0.01629,0.01616,0.01623,16790263.0
2025-08-26 05:00:00,0.01623,0.01626,0.01611,0.01613,12646071.0
2025-08-26 06:00:00,0.01612,0.0162,0.01605,0.01606,31012831.0
2025-08-26 07:00:00,0.01607,0.01637,0.01604,0.01628,41870303.0
2025-08-26 08:00:00,0.01628,0.01632,0.01617,0.01621,23374375.0
2025-08-26 09:00:00,0.0162,0.01623,0.0161,0.01614,20252883.0
2025-08-26 10:00:00,0.01615,0.01633,0.01613,0.01625,13703777.0
2025-08-26 11:00:00,0.01625,0.01629,0.0161,0.01621,15557787.0
2025-08-26 12:00:00,0.01621,0.01668,0.01613,0.01651,53716670.0
2025-08-26 13:00:00,0.0165,0.01662,0.01618,0.0164,50724552.0
2025-08-26 14:00:00,0.0164,0.01655,0.01624,0.01652,38788976.0
2025-08-26 15:00:00,0.01651,0.01661,0.01636,0.01644,21835913.0
2025-08-26 16:00:00,0.01644,0.01673,0.01641,0.01672,33179271.0
2025-08-26 17:00:00,0.01672,0.01673,0.01649,0.0166,28779794.0
2025-08-26 18:00:00,0.0166,0.0167,0.01658,0.01666,13223254.0
2025-08-26 19:00:00,0.01665,0.01691,0.01658,0.01685,27946104.0
2025-08-26 20:00:00,0.01686,0.01695,0.01674,0.01677,27206159.0
2025-08-26 21:00:00,0.01677,0.01688,0.01672,0.01688,19118319.0
2025-08-26 22:00:00,0.01689,0.01692,0.01679,0.01684,14730508.0
2025-08-26 23:00:00,0.01684,0.0169,0.01671,0.01674,14571825.0
2025-08-27 00:00:00,0.01674,0.01678,0.01663,0.01666,14854492.0
2025-08-27 01:00:00,0.01666,0.01676,0.0166,0.01675,17173450.0
2025-08-27 02:00:00,0.01675,0.01681,0.0166,0.01674,10341833.0
2025-08-27 03:00:00,0.01673,0.01702,0.01667,0.01693,21183538.0
2025-08-27 04:00:00,0.01693,0.01714,0.01691,0.01709,20294378.0
2025-08-27 05:00:00,0.01708,0.01714,0.01694,0.01695,18294743.0
2025-08-27 06:00:00,0.01695,0.017,0.01684,0.01686,12456292.0
2025-08-27 07:00:00,0.01686,0.01687,0.01668,0.01673,25620644.0
2025-08-27 08:00:00,0.01674,0.01679,0.01661,0.01672,14643327.0
2025-08-27 09:00:00,0.01672,0.01687,0.01669,0.0167,17609167.0
2025-08-27 10:00:00,0.01671,0.01676,0.01663,0.01667,13260468.0
2025-08-27 11:00:00,0.01667,0.01677,0.01666,0.01673,7905996.0
2025-08-27 12:00:00,0.01673,0.01676,0.01651,0.01666,21760695.0
2025-08-27 13:00:00,0.01666,0.01682,0.01649,0.01661,45394649.0
2025-08-27 14:00:00,0.01661,0.01694,0.01655,0.01675,46365403.0
2025-08-27 15:00:00,0.01675,0.0169,0.01669,0.01677,24858468.0
2025-08-27 16:00:00,0.01678,0.01679,0.01657,0.01669,26679796.0
2025-08-27 17:00:00,0.01669,0.01684,0.01662,0.01675,16722344.0
2025-08-27 18:00:00,0.01676,0.01682,0.01661,0.01661,10783305.0
2025-08-27 19:00:00,0.01662,0.01664,0.01639,0.01651,24009550.0
2025-08-27 20:00:00,0.01652,0.01678,0.01632,0.01676,143079152.0
2025-08-27 21:00:00,0.01676,0.01682,0.01648,0.01652,20827086.0
2025-08-27 22:00:00,0.01653,0.01658,0.01636,0.01651,17219893.0
2025-08-27 23:00:00,0.01651,0.01655,0.01639,0.01642,10614900.0
2025-08-28 00:00:00,0.01642,0.0165,0.01623,0.01639,13573580.0
2025-08-28 01:00:00,0.0164,0.01662,0.01639,0.01657,11098201.0
2025-08-28 02:00:00,0.01657,0.01669,0.01651,0.01652,7590429.0
2025-08-28 03:00:00,0.01652,0.01666,0.01649,0.01665,7422289.0
2025-08-28 04:00:00,0.01665,0.01679,0.0166,0.01678,15434712.0
2025-08-28 05:00:00,0.01678,0.01683,0.01667,0.01672,14571273.0
2025-08-28 06:00:00,0.01672,0.01674,0.01665,0.01672,12890838.0
2025-08-28 07:00:00,0.01673,0.01677,0.01661,0.01675,14635746.0
2025-08-28 08:00:00,0.01676,0.01691,0.01674,0.01679,20017762.0
2025-08-28 09:00:00,0.01679,0.01679,0.01661,0.01665,13109174.0
2025-08-28 10:00:00,0.01666,0.01675,0.01659,0.01675,10415949.0
2025-08-28 11:00:00,0.01675,0.01675,0.01665,0.01673,14457924.0
2025-08-28 12:00:00,0.01674,0.01684,0.01668,0.01678,18909097.0
2025-08-28 13:00:00,0.01679,0.01692,0.01674,0.01692,38731153.0
2025-08-28 14:00:00,0.01693,0.01714,0.01688,0.01708,55806687.0
2025-08-28 15:00:00,0.01708,0.01718,0.01673,0.01678,56210039.0
2025-08-28 16:00:00,0.01679,0.01696,0.01651,0.01651,31378708.0
2025-08-28 17:00:00,0.01651,0.0167,0.01647,0.01667,53269274.0
2025-08-28 18:00:00,0.01667,0.01682,0.01661,0.01674,9640998.0
2025-08-28 19:00:00,0.01675,0.01681,0.01648,0.01649,20983690.0
2025-08-28 20:00:00,0.01648,0.01666,0.01645,0.01662,18061986.0
2025-08-28 21:00:00,0.01662,0.01689,0.01661,0.01689,20419068.0
2025-08-28 22:00:00,0.01688,0.01726,0.01688,0.01724,41322680.0
2025-08-28 23:00:00,0.01724,0.01735,0.01717,0.01727,42222391.0
2025-08-29 00:00:00,0.01727,0.01735,0.01713,0.01717,51971871.0
2025-08-29 01:00:00,0.01718,0.01721,0.01691,0.01697,28593565.0
2025-08-29 02:00:00,0.01697,0.01726,0.01693,0.01714,17724983.0
2025-08-29 03:00:00,0.01713,0.01728,0.01707,0.0172,18753563.0
2025-08-29 04:00:00,0.0172,0.01725,0.01702,0.01707,18456995.0
2025-08-29 05:00:00,0.01707,0.01713,0.01699,0.01703,18712071.0
2025-08-29 06:00:00,0.01702,0.01707,0.01674,0.01683,55671487.0
2025-08-29 07:00:00,0.01683,0.01683,0.01635,0.01638,68751889.0
2025-08-29 08:00:00,0.01638,0.01644,0.01614,0.01615,44348980.0
2025-08-29 09:00:00,0.01615,0.0163,0.01601,0.01628,33216955.0
2025-08-29 10:00:00,0.01627,0.0164,0.01625,0.01633,32177234.0
2025-08-29 11:00:00,0.01632,0.0164,0.01617,0.01619,28590198.0
2025-08-29 12:00:00,0.01619,0.01673,0.01618,0.01641,127084842.0
2025-08-29 13:00:00,0.0164,0.01641,0.01595,0.01609,73972791.0
2025-08-29 14:00:00,0.0161,0.01622,0.01581,0.0161,104948459.0
2025-08-29 15:00:00,0.0161,0.01626,0.01596,0.01602,28047678.0
2025-08-29 16:00:00,0.01601,0.01607,0.01586,0.01596,29884229.0
2025-08-29 17:00:00,0.01595,0.01595,0.01575,0.01582,22279682.0
2025-08-29 18:00:00,0.01582,0.01587,0.01573,0.01578,20950400.0
2025-08-29 19:00:00,0.01578,0.01608,0.01573,0.01598,25101419.0
2025-08-29 20:00:00,0.01599,0.016,0.01584,0.01588,22786525.0
2025-08-29 21:00:00,0.01588,0.01616,0.0158,0.01613,23195921.0
2025-08-29 22:00:00,0.01614,0.01614,0.01602,0.01613,12498063.0
2025-08-29 23:00:00,0.01613,0.01613,0.01602,0.01604,10437699.0
2025-08-30 00:00:00,0.01604,0.01607,0.01595,0.01602,12365865.0
2025-08-30 01:00:00,0.01602,0.01607,0.01575,0.01578,19295728.0
2025-08-30 02:00:00,0.01578,0.01604,0.01575,0.01601,13334135.0
2025-08-30 03:00:00,0.01601,0.01633,0.01601,0.01626,21229216.0
2025-08-30 04:00:00,0.01626,0.0163,0.01619,0.0162,6329764.0
2025-08-30 05:00:00,0.01619,0.0163,0.01617,0.01622,9778261.0
2025-08-30 06:00:00,0.01623,0.0163,0.01621,0.01626,14501014.0
2025-08-30 07:00:00,0.01626,0.01643,0.01624,0.01641,13040640.0
2025-08-30 08:00:00,0.01641,0.01644,0.01628,0.01628,20624936.0
2025-08-30 09:00:00,0.01629,0.01633,0.01624,0.01626,10548908.0
2025-08-30 10:00:00,0.01626,0.01635,0.01623,0.01632,11435664.0
2025-08-30 11:00:00,0.01632,0.01637,0.01624,0.01635,7755870.0
2025-08-30 12:00:00,0.01635,0.01635,0.01609,0.01615,39558520.0
2025-08-30 13:00:00,0.01614,0.01616,0.016,0.01615,24356541.0
2025-08-30 14:00:00,0.01614,0.01616,0.01604,0.01614,8000588.0
2025-08-30 15:00:00,0.01615,0.01634,0.01609,0.01629,11480529.0
2025-08-30 16:00:00,0.01628,0.01631,0.0161,0.01612,23793316.0
2025-08-30 17:00:00,0.01612,0.01616,0.01604,0.0161,7686382.0
2025-08-30 18:00:00,0.0161,0.01615,0.01604,0.0161,8940555.0
2025-08-30 19:00:00,0.01609,0.01617,0.01605,0.01617,8997390.0
2025-08-30 20:00:00,0.01617,0.01618,0.01606,0.01612,20461697.0
2025-08-30 21:00:00,0.01611,0.01616,0.01606,0.01612,18829060.0
2025-08-30 22:00:00,0.01611,0.01618,0.01605,0.01616,14224724.0
2025-08-30 23:00:00,0.01615,0.01622,0.01614,0.01618,12127133.0
2025-08-31 00:00:00,0.01618,0.01649,0.01618,0.01648,39537516.0
2025-08-31 01:00:00,0.01648,0.0167,0.01646,0.01668,39132771.0
2025-08-31 02:00:00,0.01668,0.01674,0.01657,0.01671,25501071.0
2025-08-31 03:00:00,0.01672,0.01691,0.01672,0.01679,54352247.0
2025-08-31 04:00:00,0.0168,0.0168,0.01658,0.01662,31785839.0
2025-08-31 05:00:00,0.01662,0.01665,0.01651,0.01653,25166832.0
2025-08-31 06:00:00,0.01654,0.01657,0.01646,0.01648,19804664.0
2025-08-31 07:00:00,0.01648,0.01658,0.01647,0.01651,9760222.0
2025-08-31 08:00:00,0.01652,0.01671,0.01652,0.01667,22308240.0
2025-08-31 09:00:00,0.01667,0.01669,0.01652,0.01652,17396643.0
2025-08-31 10:00:00,0.01653,0.01655,0.01635,0.01641,17695865.0
2025-08-31 11:00:00,0.01641,0.01649,0.01635,0.01646,14709668.0
2025-08-31 12:00:00,0.01646,0.01654,0.01636,0.01651,12241424.0
2025-08-31 13:00:00,0.01651,0.01654,0.01636,0.0164,15230616.0
2025-08-31 14:00:00,0.0164,0.01641,0.01626,0.01631,20278317.0
2025-08-31 15:00:00,0.01631,0.01647,0.01631,0.01645,11314014.0
2025-08-31 16:00:00,0.01644,0.01645,0.01634,0.01638,9535531.0
2025-08-31 17:00:00,0.01637,0.01639,0.01629,0.01635,14231881.0
2025-08-31 18:00:00,0.01634,0.01651,0.01633,0.01651,10590541.0
2025-08-31 19:00:00,0.01652,0.01652,0.01635,0.01636,16665629.0
2025-08-31 20:00:00,0.01636,0.01643,0.01631,0.01638,8839918.0
2025-08-31 21:00:00,0.01638,0.01653,0.01634,0.0165,15123350.0
2025-08-31 22:00:00,0.01651,0.01655,0.01631,0.01637,15950923.0
2025-08-31 23:00:00,0.01636,0.01636,0.0161,0.01611,39295749.0
2025-09-01 00:00:00,0.01611,0.01614,0.01584,0.01602,58833538.0
2025-09-01 01:00:00,0.01602,0.01613,0.01592,0.016,39111660.0
2025-09-01 02:00:00,0.01601,0.01601,0.01569,0.01579,34543824.0
2025-09-01 03:00:00,0.0158,0.01587,0.01573,0.01584,23011144.0
2025-09-01 04:00:00,0.01583,0.01589,0.01561,0.01568,38700191.0
2025-09-01 05:00:00,0.01568,0.01579,0.01555,0.01573,36534010.0
2025-09-01 06:00:00,0.01573,0.01579,0.01558,0.01575,29548456.0
2025-09-01 07:00:00,0.01575,0.01634,0.01566,0.01634,65705240.0
2025-09-01 08:00:00,0.01634,0.01661,0.01629,0.0166,95361201.0
2025-09-01 09:00:00,0.0166,0.0167,0.01644,0.01647,50291348.0
2025-09-01 10:00:00,0.01647,0.01647,0.01613,0.01623,46704005.0
2025-09-01 11:00:00,0.01623,0.01627,0.01602,0.01605,31952513.0
2025-09-01 12:00:00,0.01605,0.01616,0.01598,0.01602,32562519.0
2025-09-01 13:00:00,0.01602,0.01612,0.01585,0.01588,43853702.0
2025-09-01 14:00:00,0.01588,0.01599,0.0158,0.01589,30433260.0
2025-09-01 15:00:00,0.01589,0.01594,0.01573,0.01577,38575990.0
2025-09-01 16:00:00,0.01576,0.01587,0.01568,0.01578,31959209.0
2025-09-01 17:00:00,0.01578,0.01582,0.01562,0.0157,29677868.0
2025-09-01 18:00:00,0.0157,0.01583,0.01569,0.01578,21517857.0
2025-09-01 19:00:00,0.01578,0.01587,0.01574,0.01587,17066102.0
2025-09-01 20:00:00,0.01587,0.01588,0.01527,0.01549,147669825.0
2025-09-01 21:00:00,0.01548,0.0155,0.0151,0.01531,75161774.0
2025-09-01 22:00:00,0.01531,0.01543,0.01524,0.0154,27990000.0
2025-09-01 23:00:00,0.0154,0.01566,0.01539,0.0156,29771766.0
2025-09-02 00:00:00,0.01561,0.01565,0.01552,0.01557,27618270.0
2025-09-02 01:00:00,0.01556,0.01578,0.01547,0.01568,43024123.0
2025-09-02 02:00:00,0.01568,0.01587,0.01562,0.01586,30035130.0
2025-09-02 03:00:00,0.01586,0.01599,0.01582,0.01596,33395771.0
2025-09-02 04:00:00,0.01597,0.01603,0.01592,0.01602,17619654.0
2025-09-02 05:00:00,0.01602,0.01602,0.01588,0.01591,16777235.0
2025-09-02 06:00:00,0.01591,0.016,0.01589,0.01594,19569475.0
2025-09-02 07:00:00,0.01593,0.01594,0.0158,0.01582,12689102.0
2025-09-02 08:00:00,0.01582,0.01594,0.01578,0.01586,26416033.0
2025-09-02 09:00:00,0.01586,0.01595,0.01582,0.01594,14226967.0
2025-09-02 10:00:00,0.01595,0.01597,0.01586,0.01596,14759156.0
2025-09-02 11:00:00,0.01596,0.01596,0.0158,0.01582,19721924.0
2025-09-02 12:00:00,0.01582,0.01584,0.01544,0.01545,74747292.0
2025-09-02 13:00:00,0.01545,0.01609,0.01545,0.01603,109425996.0
2025-09-02 14:00:00,0.01604,0.01617,0.01591,0.01605,57049011.0
2025-09-02 15:00:00,0.01605,0.01607,0.01566,0.0157,32670295.0
2025-09-02 16:00:00,0.0157,0.0159,0.0157,0.01586,31319666.0
2025-09-02 17:00:00,0.01587,0.01603,0.01587,0.01596,22906955.0
2025-09-02 18:00:00,0.01597,0.01603,0.01575,0.01593,20010413.0
2025-09-02 19:00:00,0.01594,0.01601,0.01582,0.01586,15373162.0
2025-09-02 20:00:00,0.01587,0.01612,0.01583,0.01607,28247432.0
2025-09-02 21:00:00,0.01607,0.01623,0.01606,0.0162,18725727.0
2025-09-02 22:00:00,0.01619,0.0162,0.01609,0.01619,20249282.0
2025-09-02 23:00:00,0.01619,0.0162,0.01608,0.01612,22943719.0
2025-09-03 00:00:00,0.01612,0.01618,0.01604,0.01608,19592640.0
2025-09-03 01:00:00,0.01607,0.0162,0.01602,0.01619,13754372.0
2025-09-03 02:00:00,0.01619,0.01627,0.01611,0.01623,28797654.0
2025-09-03 03:00:00,0.01622,0.01625,0.01611,0.01617,13888076.0
2025-09-03 04:00:00,0.01617,0.01618,0.01604,0.01608,30802833.0
2025-09-03 05:00:00,0.01609,0.01609,0.01598,0.01599,14444798.0
2025-09-03 06:00:00,0.016,0.01606,0.0159,0.01596,17361952.0
2025-09-03 07:00:00,0.01597,0.016,0.01588,0.016,19911002.0
2025-09-03 08:00:00,0.01599,0.01611,0.01595,0.01597,18351898.0
2025-09-03 09:00:00,0.01598,0.01607,0.01589,0.01607,40879903.0
2025-09-03 10:00:00,0.01608,0.01613,0.01605,0.01608,16530049.0
2025-09-03 11:00:00,0.01609,0.01616,0.01606,0.01606,13960332.0
2025-09-03 12:00:00,0.01606,0.01612,0.01595,0.01598,13949853.0
2025-09-03 13:00:00,0.01598,0.01625,0.01597,0.01612,24360808.0
2025-09-03 14:00:00,0.01613,0.01636,0.0161,0.01633,29394674.0
2025-09-03 15:00:00,0.01633,0.01639,0.01623,0.01631,25413266.0
2025-09-03 16:00:00,0.01632,0.01638,0.01618,0.0162,20168839.0
2025-09-03 17:00:00,0.0162,0.01636,0.0162,0.01631,24066128.0
2025-09-03 18:00:00,0.01631,0.01635,0.01623,0.01628,16891890.0
2025-09-03 19:00:00,0.01628,0.01635,0.01625,0.01634,16263502.0
2025-09-03 20:00:00,0.01634,0.01636,0.01627,0.01631,13772963.0
2025-09-03 21:00:00,0.01631,0.01634,0.01623,0.01633,11038309.0
2025-09-03 22:00:00,0.01633,0.01638,0.01627,0.01629,9044595.0
2025-09-03 23:00:00,0.01629,0.0163,0.01622,0.01624,9872776.0
2025-09-04 00:00:00,0.01625,0.01631,0.01622,0.01626,10597808.0
2025-09-04 01:00:00,0.01627,0.01627,0.01616,0.01621,9713230.0
2025-09-04 02:00:00,0.01622,0.01622,0.01606,0.01608,14559941.0
2025-09-04 03:00:00,0.01608,0.01608,0.01591,0.01592,15183544.0
2025-09-04 04:00:00,0.01591,0.016,0.01588,0.01591,17847264.0
2025-09-04 05:00:00,0.0159,0.0159,0.01568,0.01574,32013867.0
2025-09-04 06:00:00,0.01574,0.01576,0.01567,0.01572,23075386.0
2025-09-04 07:00:00,0.01571,0.0158,0.01569,0.01578,22328148.0
2025-09-04 08:00:00,0.01578,0.01586,0.01575,0.01577,25086003.0
2025-09-04 09:00:00,0.01578,0.01582,0.01576,0.0158,16481171.0
2025-09-04 10:00:00,0.01581,0.01588,0.01575,0.01575,19813790.0
2025-09-04 11:00:00,0.01575,0.01586,0.01572,0.01576,17384560.0
2025-09-04 12:00:00,0.01576,0.01587,0.01569,0.01581,20280074.0
2025-09-04 13:00:00,0.01581,0.01583,0.01567,0.01575,23463588.0
2025-09-04 14:00:00,0.01574,0.01575,0.01556,0.01567,38294786.0
2025-09-04 15:00:00,0.01566,0.01567,0.01555,0.01562,35122296.0
2025-09-04 16:00:00,0.01561,0.01563,0.0155,0.01558,26061739.0
2025-09-04 17:00:00,0.01558,0.01569,0.01557,0.01559,16914567.0
2025-09-04 18:00:00,0.01558,0.01564,0.01544,0.01553,17024901.0
2025-09-04 19:00:00,0.01553,0.01559,0.01545,0.01549,17238469.0
2025-09-04 20:00:00,0.01549,0.01563,0.01547,0.01556,17308870.0
2025-09-04 21:00:00,0.01556,0.01569,0.01555,0.01567,13417567.0
2025-09-04 22:00:00,0.01567,0.0158,0.01565,0.01578,11146838.0
2025-09-04 23:00:00,0.01578,0.01581,0.01562,0.01562,9689180.0
2025-09-05 00:00:00,0.01561,0.01573,0.01561,0.01568,11200825.0
2025-09-05 01:00:00,0.01567,0.01579,0.01565,0.01576,9149260.0
2025-09-05 02:00:00,0.01576,0.01581,0.01571,0.0158,10322764.0
2025-09-05 03:00:00,0.0158,0.01582,0.01574,0.01581,9548194.0
2025-09-05 04:00:00,0.01581,0.01583,0.01577,0.01581,8985484.0
2025-09-05 05:00:00,0.0158,0.01586,0.01578,0.01584,9387377.0
2025-09-05 06:00:00,0.01584,0.01587,0.0158,0.01584,11909217.0
2025-09-05 07:00:00,0.01585,0.01613,0.01585,0.01613,30592971.0
2025-09-05 08:00:00,0.01613,0.01616,0.01601,0.0161,36451523.0
2025-09-05 09:00:00,0.0161,0.01616,0.01605,0.01616,21810687.0
2025-09-05 10:00:00,0.01616,0.01623,0.01607,0.01607,20105859.0
2025-09-05 11:00:00,0.01607,0.01617,0.01604,0.01611,42934853.0
2025-09-05 12:00:00,0.01612,0.01639,0.01607,0.01639,112685700.0
2025-09-05 13:00:00,0.0164,0.01645,0.01633,0.01639,68143558.0
2025-09-05 14:00:00,0.01639,0.01641,0.01584,0.01596,128986922.0
2025-09-05 15:00:00,0.01596,0.01611,0.01591,0.01599,40933703.0
2025-09-05 16:00:00,0.01599,0.01607,0.01595,0.01605,18093335.0
2025-09-05 17:00:00,0.01605,0.01605,0.01589,0.0159,14507521.0
2025-09-05 18:00:00,0.01591,0.01606,0.01583,0.01603,12762468.0
2025-09-05 19:00:00,0.01603,0.01612,0.01602,0.01612,18432530.0
2025-09-05 20:00:00,0.01613,0.0162,0.01609,0.01618,26286854.0
2025-09-05 21:00:00,0.01619,0.0162,0.016,0.01607,40464221.0
2025-09-05 22:00:00,0.01608,0.01621,0.01604,0.01617,13059182.0
2025-09-05 23:00:00,0.01617,0.0162,0.01613,0.01614,9721740.0
2025-09-06 00:00:00,0.01614,0.0162,0.0161,0.01616,7893488.0
2025-09-06 01:00:00,0.01616,0.01616,0.01607,0.01611,7119127.0
2025-09-06 02:00:00,0.01611,0.01613,0.016,0.01608,7305325.0
2025-09-06 03:00:00,0.01608,0.0161,0.01605,0.01608,7792238.0
2025-09-06 04:00:00,0.01608,0.01609,0.01595,0.01603,10049448.0
2025-09-06 05:00:00,0.01602,0.01603,0.01592,0.01593,16489543.0
2025-09-06 06:00:00,0.01593,0.01598,0.01592,0.01595,7523813.0
2025-09-06 07:00:00,0.01595,0.01597,0.0159,0.01594,9052303.0
2025-09-06 08:00:00,0.01595,0.01596,0.01588,0.01591,9272603.0
2025-09-06 09:00:00,0.01591,0.01591,0.01583,0.01586,12325946.0
2025-09-06 10:00:00,0.01585,0.01595,0.01582,0.01595,10236781.0
2025-09-06 11:00:00,0.01594,0.01594,0.01585,0.01592,14725737.0
2025-09-06 12:00:00,0.01592,0.01595,0.01585,0.01587,12139553.0
2025-09-06 13:00:00,0.01587,0.01592,0.01586,0.0159,7040192.0
2025-09-06 14:00:00,0.01591,0.01606,0.0159,0.01602,10890493.0
2025-09-06 15:00:00,0.01603,0.01603,0.01584,0.01585,16346402.0
2025-09-06 16:00:00,0.01585,0.01599,0.01575,0.01593,28002707.0
2025-09-06 17:00:00,0.01593,0.01595,0.01582,0.01587,7331739.0
2025-09-06 18:00:00,0.01587,0.01593,0.01585,0.01591,7084235.0
2025-09-06 19:00:00,0.01591,0.01593,0.01576,0.01578,10394451.0
2025-09-06 20:00:00,0.01578,0.01592,0.01577,0.01591,10613212.0
2025-09-06 21:00:00,0.01592,0.01594,0.01586,0.01594,12765396.0
2025-09-06 22:00:00,0.01594,0.01601,0.01592,0.01595,11405208.0
2025-09-06 23:00:00,0.01596,0.01603,0.01593,0.01595,8269711.0
2025-09-07 00:00:00,0.01595,0.01606,0.01594,0.01603,11569782.0
2025-09-07 01:00:00,0.01603,0.01619,0.01601,0.01614,15924101.0
2025-09-07 02:00:00,0.01615,0.01619,0.01611,0.01617,15380951.0
2025-09-07 03:00:00,0.01617,0.01619,0.0161,0.01614,17114086.0
2025-09-07 04:00:00,0.01615,0.01616,0.01611,0.01616,9718890.0
2025-09-07 05:00:00,0.01617,0.01631,0.01614,0.01628,21035767.0
2025-09-07 06:00:00,0.01629,0.01636,0.0162,0.01621,33245518.0
2025-09-07 07:00:00,0.0162,0.01628,0.01616,0.01621,19044168.0
2025-09-07 08:00:00,0.01622,0.01636,0.01622,0.01629,19511683.0
2025-09-07 09:00:00,0.01628,0.01629,0.01618,0.01624,16969664.0
2025-09-07 10:00:00,0.01624,0.01628,0.01622,0.01626,10106255.0
2025-09-07 11:00:00,0.01627,0.01631,0.01624,0.01631,13418009.0
2025-09-07 12:00:00,0.01631,0.01636,0.01623,0.01632,27915726.0
2025-09-07 13:00:00,0.01632,0.01639,0.01629,0.01632,26356394.0
2025-09-07 14:00:00,0.01632,0.01637,0.01626,0.01631,30570592.0
2025-09-07 15:00:00,0.0163,0.01634,0.01625,0.0163,30811386.0
2025-09-07 16:00:00,0.01629,0.01631,0.01621,0.01623,22221548.0
2025-09-07 17:00:00,0.01622,0.01623,0.01613,0.01614,21079584.0
2025-09-07 18:00:00,0.01615,0.0162,0.01607,0.01612,15226751.0
2025-09-07 19:00:00,0.01611,0.01624,0.0161,0.01616,17495266.0
2025-09-07 20:00:00,0.01616,0.01623,0.01613,0.01623,12758022.0
2025-09-07 21:00:00,0.01623,0.01624,0.01617,0.01617,12137421.0
2025-09-07 22:00:00,0.01617,0.01629,0.01614,0.01627,16605749.0
2025-09-07 23:00:00,0.01627,0.01638,0.01623,0.01626,15760470.0
2025-09-08 00:00:00,0.01626,0.01635,0.01622,0.01625,12265452.0
2025-09-08 01:00:00,0.01625,0.01629,0.01619,0.01626,18301922.0
2025-09-08 02:00:00,0.01625,0.01653,0.01623,0.01652,30193561.0
2025-09-08 03:00:00,0.01653,0.01662,0.01649,0.01654,53588538.0
2025-09-08 04:00:00,0.01654,0.01655,0.01641,0.01647,19555564.0
2025-09-08 05:00:00,0.01647,0.01653,0.01639,0.01644,15098216.0
2025-09-08 06:00:00,0.01644,0.0165,0.01636,0.01644,19446201.0
2025-09-08 07:00:00,0.01644,0.01649,0.01636,0.01639,13726873.0
2025-09-08 08:00:00,0.01639,0.01655,0.01639,0.01652,16869627.0
2025-09-08 09:00:00,0.01652,0.01667,0.01648,0.01664,28530354.0
2025-09-08 10:00:00,0.01663,0.0167,0.01659,0.01662,26431849.0
2025-09-08 11:00:00,0.01663,0.01664,0.01648,0.01657,18805618.0
2025-09-08 12:00:00,0.01658,0.01667,0.01653,0.01666,16974057.0
2025-09-08 13:00:00,0.01667,0.01683,0.0166,0.01661,49682837.0
2025-09-08 14:00:00,0.01662,0.01688,0.0166,0.01688,59086420.0
2025-09-08 15:00:00,0.01687,0.017,0.01687,0.01692,55352467.0
2025-09-08 16:00:00,0.01691,0.01701,0.01685,0.01688,51994739.0
2025-09-08 17:00:00,0.01688,0.0171,0.01682,0.01691,50841964.0
2025-09-08 18:00:00,0.01691,0.0171,0.0169,0.01704,53421818.0
2025-09-08 19:00:00,0.01705,0.01705,0.01681,0.01684,28977244.0
2025-09-08 20:00:00,0.01685,0.01688,0.0167,0.01678,25672866.0
2025-09-08 21:00:00,0.01678,0.01695,0.01675,0.01694,21014613.0
2025-09-08 22:00:00,0.01695,0.01702,0.01693,0.01696,19357285.0
2025-09-08 23:00:00,0.01696,0.01701,0.01685,0.0169,17004225.0
2025-09-09 00:00:00,0.01691,0.01714,0.01691,0.01706,48894254.0
2025-09-09 01:00:00,0.01706,0.01712,0.0169,0.01691,19009119.0
2025-09-09 02:00:00,0.0169,0.01698,0.01672,0.01678,22252990.0
2025-09-09 03:00:00,0.01677,0.01704,0.01673,0.01703,21428886.0
2025-09-09 04:00:00,0.01703,0.01711,0.01695,0.01704,23401481.0
2025-09-09 05:00:00,0.01704,0.01711,0.01699,0.01711,13351161.0
2025-09-09 06:00:00,0.0171,0.01747,0.01709,0.01741,44524427.0
2025-09-09 07:00:00,0.01742,0.01753,0.01732,0.01745,44270653.0
2025-09-09 08:00:00,0.01745,0.01752,0.01738,0.01751,26583858.0
2025-09-09 09:00:00,0.01751,0.01755,0.01742,0.01744,35040886.0
2025-09-09 10:00:00,0.01744,0.01751,0.01732,0.01735,55075331.0
2025-09-09 11:00:00,0.01735,0.0175,0.01734,0.01736,28508047.0
2025-09-09 12:00:00,0.01737,0.01751,0.01717,0.01722,52896066.0
2025-09-09 13:00:00,0.01722,0.01736,0.01712,0.01729,45608626.0
2025-09-09 14:00:00,0.0173,0.01734,0.01683,0.01698,98593543.0
2025-09-09 15:00:00,0.01698,0.01702,0.01674,0.01683,38893181.0
2025-09-09 16:00:00,0.01683,0.01688,0.01664,0.01676,32752797.0
2025-09-09 17:00:00,0.01676,0.0169,0.01673,0.01679,17203422.0
2025-09-09 18:00:00,0.01679,0.01686,0.01675,0.01681,10084777.0
2025-09-09 19:00:00,0.01682,0.01696,0.01678,0.0169,14409858.0
2025-09-09 20:00:00,0.0169,0.01693,0.01681,0.01691,18629127.0
2025-09-09 21:00:00,0.0169,0.01699,0.01679,0.01682,16024089.0
2025-09-09 22:00:00,0.01682,0.01695,0.01675,0.01695,15691170.0
2025-09-09 23:00:00,0.01696,0.01701,0.01686,0.01693,22898775.0
2025-09-10 00:00:00,0.01693,0.01697,0.01678,0.01679,20803021.0
2025-09-10 01:00:00,0.01679,0.01699,0.01674,0.01688,17478399.0
2025-09-10 02:00:00,0.01688,0.01715,0.01688,0.01709,24582053.0
2025-09-10 03:00:00,0.01709,0.01719,0.01702,0.01715,12539002.0
2025-09-10 04:00:00,0.01715,0.01715,0.01704,0.01714,14219784.0
2025-09-10 05:00:00,0.01714,0.01715,0.01697,0.01708,11663574.0
2025-09-10 06:00:00,0.01708,0.01718,0.017,0.01712,13909417.0
2025-09-10 07:00:00,0.01712,0.01722,0.01708,0.01712,18918913.0
2025-09-10 08:00:00,0.01713,0.01717,0.01706,0.01709,16105914.0
2025-09-10 09:00:00,0.01709,0.01712,0.017,0.01711,10445930.0
2025-09-10 10:00:00,0.01711,0.01711,0.0169,0.01693,21808544.0
2025-09-10 11:00:00,0.01692,0.01702,0.0169,0.01697,14799555.0
2025-09-10 12:00:00,0.01698,0.01737,0.01695,0.01729,85684548.0
2025-09-10 13:00:00,0.01729,0.01749,0.01724,0.01735,48191202.0
2025-09-10 14:00:00,0.01736,0.01746,0.01727,0.0173,32458265.0
2025-09-10 15:00:00,0.0173,0.01739,0.01726,0.01727,21310983.0
2025-09-10 16:00:00,0.01727,0.0173,0.01711,0.0173,20815362.0
2025-09-10 17:00:00,0.01731,0.01734,0.01714,0.01721,23350672.0
2025-09-10 18:00:00,0.01721,0.01722,0.01711,0.0172,13369108.0
2025-09-10 19:00:00,0.0172,0.0172,0.01689,0.01698,25093291.0
2025-09-10 20:00:00,0.01698,0.0171,0.01697,0.01708,10647913.0
2025-09-10 21:00:00,0.01708,0.01726,0.01706,0.01721,18143313.0
2025-09-10 22:00:00,0.0172,0.01729,0.01719,0.01726,8853687.0
2025-09-10 23:00:00,0.01727,0.01731,0.01723,0.01729,15937213.0
2025-09-11 00:00:00,0.01729,0.01734,0.01724,0.01734,10420325.0
2025-09-11 01:00:00,0.01733,0.0174,0.0173,0.01733,11400486.0
2025-09-11 02:00:00,0.01733,0.01737,0.01729,0.01729,13315204.0
2025-09-11 03:00:00,0.01729,0.01744,0.01728,0.01743,13955521.0
2025-09-11 04:00:00,0.01742,0.01742,0.01731,0.01738,18545912.0
2025-09-11 05:00:00,0.01738,0.01738,0.01723,0.01728,17778174.0
2025-09-11 06:00:00,0.01727,0.01733,0.01718,0.01733,14695321.0
2025-09-11 07:00:00,0.01734,0.01763,0.01733,0.01747,64233676.0
2025-09-11 08:00:00,0.01746,0.01753,0.0174,0.01744,30172838.0
2025-09-11 09:00:00,0.01744,0.01744,0.01733,0.01735,14406073.0
2025-09-11 10:00:00,0.01734,0.01735,0.0171,0.01723,57192151.0
2025-09-11 11:00:00,0.01723,0.0173,0.01711,0.01715,30741800.0
2025-09-11 12:00:00,0.01714,0.01741,0.01689,0.01714,140119523.0
2025-09-11 13:00:00,0.01715,0.01722,0.01691,0.01722,45997417.0
2025-09-11 14:00:00,0.01722,0.01722,0.01697,0.01712,18056263.0
2025-09-11 15:00:00,0.01711,0.01716,0.01701,0.01705,32621378.0
2025-09-11 16:00:00,0.01704,0.0172,0.01703,0.01713,29915006.0
2025-09-11 17:00:00,0.01713,0.01724,0.0171,0.01722,9439206.0
2025-09-11 18:00:00,0.01723,0.01726,0.01712,0.01721,16727524.0
2025-09-11 19:00:00,0.0172,0.01738,0.01718,0.01735,12283138.0
2025-09-11 20:00:00,0.01735,0.01743,0.01731,0.01735,11537232.0
2025-09-11 21:00:00,0.01736,0.01745,0.01733,0.01744,10002726.0
2025-09-11 22:00:00,0.01744,0.01755,0.01743,0.0175,31677828.0
2025-09-11 23:00:00,0.0175,0.01763,0.0175,0.01756,23588669.0
2025-09-12 00:00:00,0.01756,0.01783,0.01752,0.01774,35164427.0
2025-09-12 01:00:00,0.01774,0.01784,0.01763,0.01763,23762629.0
2025-09-12 02:00:00,0.01764,0.01772,0.01762,0.01765,15267843.0
2025-09-12 03:00:00,0.01764,0.01765,0.01752,0.0176,15128081.0
2025-09-12 04:00:00,0.01759,0.01768,0.01751,0.01765,24888867.0
2025-09-12 05:00:00,0.01764,0.01792,0.01759,0.0179,53291533.0
2025-09-12 06:00:00,0.0179,0.01802,0.01782,0.01788,73489308.0
2025-09-12 07:00:00,0.01787,0.01794,0.01775,0.01784,36970538.0
2025-09-12 08:00:00,0.01784,0.01785,0.01767,0.01769,28403482.0
2025-09-12 09:00:00,0.01769,0.01776,0.01757,0.01761,41896069.0
2025-09-12 10:00:00,0.01761,0.01763,0.0175,0.01759,29626528.0
2025-09-12 11:00:00,0.01759,0.01765,0.01744,0.01746,26975447.0
2025-09-12 12:00:00,0.01746,0.01757,0.01734,0.01755,37213862.0
2025-09-12 13:00:00,0.01755,0.01764,0.01748,0.01761,54917033.0
2025-09-12 14:00:00,0.01761,0.01772,0.01751,0.01762,42685274.0
2025-09-12 15:00:00,0.01762,0.01764,0.01747,0.01762,37682469.0
2025-09-12 16:00:00,0.01762,0.0178,0.01758,0.0178,53813392.0
2025-09-12 17:00:00,0.01781,0.01797,0.01772,0.01791,41328158.0
2025-09-12 18:00:00,0.0179,0.01807,0.01788,0.01804,35475653.0
2025-09-12 19:00:00,0.01804,0.01809,0.01795,0.01807,34832725.0
2025-09-12 20:00:00,0.01806,0.01808,0.01791,0.018,34954012.0
2025-09-12 21:00:00,0.01799,0.018,0.01786,0.01794,33353611.0
2025-09-12 22:00:00,0.01794,0.0181,0.01794,0.01805,38216776.0
2025-09-12 23:00:00,0.01804,0.01805,0.01796,0.01803,29277178.0
2025-09-13 00:00:00,0.01803,0.01806,0.01795,0.01804,35063926.0
2025-09-13 01:00:00,0.01804,0.01825,0.01804,0.01806,57593005.0
2025-09-13 02:00:00,0.01805,0.01822,0.018,0.01818,18141560.0
2025-09-13 03:00:00,0.01819,0.01833,0.01816,0.01823,90749483.0
2025-09-13 04:00:00,0.01824,0.01825,0.01814,0.01817,23202294.0
2025-09-13 05:00:00,0.01816,0.01819,0.01807,0.01818,31694165.0
2025-09-13 06:00:00,0.01818,0.01829,0.01817,0.01824,29130410.0
2025-09-13 07:00:00,0.01825,0.01826,0.01817,0.01818,12533777.0
2025-09-13 08:00:00,0.01818,0.01838,0.01816,0.01837,26991576.0
2025-09-13 09:00:00,0.01838,0.01852,0.01836,0.01844,64268193.0
2025-09-13 10:00:00,0.01844,0.01859,0.0184,0.01851,39529312.0
2025-09-13 11:00:00,0.01852,0.01862,0.0184,0.01861,29673458.0
2025-09-13 12:00:00,0.01861,0.01869,0.01852,0.01866,37637329.0
2025-09-13 13:00:00,0.01867,0.01875,0.01807,0.01837,99373187.0
2025-09-13 14:00:00,0.01837,0.01855,0.01818,0.01841,45392530.0
2025-09-13 15:00:00,0.0184,0.01856,0.01825,0.01835,47210128.0
2025-09-13 16:00:00,0.01836,0.01846,0.0181,0.01818,59653860.0
2025-09-13 17:00:00,0.01819,0.01833,0.01791,0.01833,74315424.0
2025-09-13 18:00:00,0.01832,0.01836,0.01821,0.01834,23403330.0
2025-09-13 19:00:00,0.01834,0.01834,0.01823,0.01829,15760882.0
2025-09-13 20:00:00,0.01829,0.01844,0.01828,0.01837,22440671.0
2025-09-13 21:00:00,0.01837,0.01851,0.01836,0.01841,20583373.0
2025-09-13 22:00:00,0.01842,0.01847,0.01835,0.01839,10130227.0
2025-09-13 23:00:00,0.01839,0.01844,0.01834,0.01837,13166791.0
2025-09-14 00:00:00,0.01838,0.01841,0.01817,0.01823,15483863.0
2025-09-14 01:00:00,0.01822,0.01826,0.01799,0.01825,33309683.0
2025-09-14 02:00:00,0.01826,0.01838,0.01819,0.01826,15281948.0
2025-09-14 03:00:00,0.01827,0.01829,0.01803,0.01806,19529306.0
2025-09-14 04:00:00,0.01806,0.01813,0.01788,0.01807,22907549.0
2025-09-14 05:00:00,0.01807,0.01825,0.01806,0.01824,8460172.0
2025-09-14 06:00:00,0.01824,0.01826,0.01799,0.0181,10981693.0
2025-09-14 07:00:00,0.01811,0.01812,0.01797,0.01802,10565206.0
2025-09-14 08:00:00,0.01802,0.01807,0.01793,0.01798,15033815.0
2025-09-14 09:00:00,0.01797,0.01811,0.01792,0.01803,20616712.0
2025-09-14 10:00:00,0.01803,0.01805,0.01793,0.01794,9919964.0
2025-09-14 11:00:00,0.01794,0.01797,0.01756,0.01758,45923316.0
2025-09-14 12:00:00,0.01758,0.01771,0.01741,0.0175,32759738.0
2025-09-14 13:00:00,0.0175,0.01758,0.01732,0.01743,41249826.0
2025-09-14 14:00:00,0.01743,0.01757,0.0172,0.01731,63558362.0
2025-09-14 15:00:00,0.0173,0.01737,0.01715,0.01729,38499070.0
2025-09-14 16:00:00,0.01728,0.01749,0.01724,0.01741,27967308.0
2025-09-14 17:00:00,0.01741,0.01762,0.01737,0.01754,25601857.0
2025-09-14 18:00:00,0.01754,0.01754,0.01741,0.01742,12411234.0
2025-09-14 19:00:00,0.01742,0.01752,0.01737,0.01744,10281177.0
2025-09-14 20:00:00,0.01743,0.01755,0.01743,0.01747,12160861.0
2025-09-14 21:00:00,0.01747,0.01765,0.01737,0.01759,14623625.0
2025-09-14 22:00:00,0.0176,0.01772,0.01751,0.01765,9290593.0
2025-09-14 23:00:00,0.01766,0.01766,0.01741,0.01744,17919097.0
2025-09-15 00:00:00,0.01744,0.01761,0.01744,0.01748,19139590.0
2025-09-15 01:00:00,0.01748,0.01761,0.01728,0.01756,14805398.0
2025-09-15 02:00:00,0.01756,0.01769,0.0175,0.01753,13848392.0
2025-09-15 03:00:00,0.01753,0.01771,0.01751,0.01768,11510823.0
2025-09-15 04:00:00,0.01768,0.01777,0.01761,0.01763,15416093.0
2025-09-15 05:00:00,0.01762,0.01787,0.01762,0.01785,24840369.0
2025-09-15 06:00:00,0.01785,0.01786,0.01743,0.01752,25789283.0
2025-09-15 07:00:00,0.01751,0.01766,0.01718,0.01724,62719582.0
2025-09-15 08:00:00,0.01724,0.01724,0.01666,0.01672,149927584.0
2025-09-15 09:00:00,0.01672,0.01695,0.01669,0.01692,36682903.0
2025-09-15 10:00:00,0.01691,0.01692,0.01674,0.01688,22397391.0
2025-09-15 11:00:00,0.01687,0.01691,0.01676,0.01685,19268973.0
2025-09-15 12:00:00,0.01684,0.01689,0.01667,0.01668,27183034.0
2025-09-15 13:00:00,0.01668,0.01688,0.01664,0.01676,36437476.0
2025-09-15 14:00:00,0.01676,0.01682,0.01658,0.01664,46718922.0
2025-09-15 15:00:00,0.01664,0.0167,0.0164,0.01652,54504087.0
2025-09-15 16:00:00,0.01653,0.01655,0.01632,0.01637,35487876.0
2025-09-15 17:00:00,0.01638,0.01657,0.01636,0.01657,24465997.0
2025-09-15 18:00:00,0.01656,0.01663,0.01648,0.01659,26412509.0
2025-09-15 19:00:00,0.01658,0.01666,0.0165,0.01659,14754823.0
2025-09-15 20:00:00,0.01659,0.01669,0.01656,0.01667,19972773.0
2025-09-15 21:00:00,0.01668,0.01672,0.01663,0.01669,14230477.0
2025-09-15 22:00:00,0.01669,0.01672,0.0166,0.01664,9088727.0
2025-09-15 23:00:00,0.01664,0.01669,0.01661,0.01667,9623442.0
2025-09-16 00:00:00,0.01666,0.0167,0.01659,0.01666,11256386.0
2025-09-16 01:00:00,0.01667,0.01675,0.0166,0.0166,13422905.0
2025-09-16 02:00:00,0.01661,0.01669,0.01655,0.01656,8247901.0
2025-09-16 03:00:00,0.01657,0.01665,0.01655,0.01657,8136530.0
2025-09-16 04:00:00,0.01656,0.0166,0.01639,0.01658,9835021.0
2025-09-16 05:00:00,0.01658,0.01677,0.01657,0.01677,18030811.0
2025-09-16 06:00:00,0.01678,0.01682,0.01662,0.01671,20275115.0
2025-09-16 07:00:00,0.01671,0.01685,0.0167,0.01683,14409300.0
2025-09-16 08:00:00,0.01683,0.01701,0.01683,0.01695,20493327.0
2025-09-16 09:00:00,0.01694,0.01698,0.01684,0.01691,32674041.0
2025-09-16 10:00:00,0.01691,0.01691,0.01673,0.01675,22101113.0
2025-09-16 11:00:00,0.01675,0.01682,0.0167,0.01677,21603488.0
2025-09-16 12:00:00,0.01676,0.01683,0.01674,0.01677,16353238.0
2025-09-16 13:00:00,0.01678,0.01694,0.0166,0.01681,75924556.0
2025-09-16 14:00:00,0.0168,0.0168,0.01654,0.01679,39665850.0
2025-09-16 15:00:00,0.01679,0.01697,0.01669,0.01696,46349753.0
2025-09-16 16:00:00,0.01697,0.01698,0.0168,0.01687,36326022.0
2025-09-16 17:00:00,0.01686,0.01714,0.01685,0.01704,42485137.0
2025-09-16 18:00:00,0.01704,0.01713,0.01693,0.017,22868488.0
2025-09-16 19:00:00,0.01699,0.01708,0.01695,0.01707,14313141.0
2025-09-16 20:00:00,0.01707,0.01711,0.01703,0.01708,19280829.0
2025-09-16 21:00:00,0.01708,0.01712,0.01701,0.01708,14846122.0
2025-09-16 22:00:00,0.01709,0.01717,0.01706,0.01711,11398587.0
2025-09-16 23:00:00,0.0171,0.0171,0.01699,0.017,12587771.0
2025-09-17 00:00:00,0.01701,0.01704,0.01693,0.01699,13865052.0
2025-09-17 01:00:00,0.01699,0.01706,0.01693,0.017,11484462.0
2025-09-17 02:00:00,0.01701,0.01718,0.01696,0.01707,17503199.0
2025-09-17 03:00:00,0.01708,0.01712,0.0169,0.01692,14094916.0
2025-09-17 04:00:00,0.01691,0.01698,0.01678,0.01684,28452865.0
2025-09-17 05:00:00,0.01685,0.01696,0.01679,0.01696,20692377.0
2025-09-17 06:00:00,0.01695,0.0171,0.01691,0.01708,22646076.0
2025-09-17 07:00:00,0.01708,0.01708,0.017,0.01706,8444660.0
2025-09-17 08:00:00,0.01706,0.01707,0.01682,0.01688,24844537.0
2025-09-17 09:00:00,0.01688,0.01688,0.01677,0.01677,13453328.0
2025-09-17 10:00:00,0.01677,0.01682,0.01669,0.01675,15300519.0
2025-09-17 11:00:00,0.01675,0.01683,0.01672,0.01681,8824819.0
2025-09-17 12:00:00,0.0168,0.01692,0.01675,0.01686,12367120.0
2025-09-17 13:00:00,0.01686,0.01691,0.01678,0.01684,14208277.0
2025-09-17 14:00:00,0.01684,0.01689,0.01672,0.01674,14827508.0
2025-09-17 15:00:00,0.01675,0.01683,0.01673,0.01678,13210629.0
2025-09-17 16:00:00,0.01677,0.01694,0.01665,0.01691,19437934.0
2025-09-17 17:00:00,0.0169,0.01716,0.01681,0.01683,64960309.0
2025-09-17 18:00:00,0.01682,0.01719,0.01676,0.01688,176722446.0
2025-09-17 19:00:00,0.01689,0.01736,0.01688,0.01735,71634545.0
2025-09-17 20:00:00,0.01736,0.01766,0.01726,0.01731,59471089.0
2025-09-17 21:00:00,0.01731,0.01768,0.01713,0.01767,31706856.0
2025-09-17 22:00:00,0.01767,0.01815,0.01767,0.01812,90637175.0
2025-09-17 23:00:00,0.01812,0.01822,0.01792,0.01798,66829823.0
2025-09-18 00:00:00,0.01798,0.01808,0.01778,0.01783,47065606.0
2025-09-18 01:00:00,0.01783,0.01803,0.0178,0.01792,22302082.0
2025-09-18 02:00:00,0.01792,0.01799,0.01779,0.01797,22638538.0
2025-09-18 03:00:00,0.01797,0.01817,0.01794,0.01808,40850206.0
2025-09-18 04:00:00,0.01809,0.01811,0.01798,0.01806,29473133.0
2025-09-18 05:00:00,0.01805,0.01806,0.01791,0.01798,20931336.0
2025-09-18 06:00:00,0.01798,0.01802,0.01774,0.01781,25820214.0
2025-09-18 07:00:00,0.01781,0.01789,0.01772,0.01782,19697021.0
2025-09-18 08:00:00,0.01782,0.01794,0.01779,0.01783,16162889.0
2025-09-18 09:00:00,0.01783,0.01794,0.01773,0.01788,33726924.0
2025-09-18 10:00:00,0.01788,0.01792,0.01773,0.01781,17811324.0
2025-09-18 11:00:00,0.01782,0.01787,0.01779,0.01784,12595040.0
2025-09-18 12:00:00,0.01784,0.01797,0.0178,0.01794,16275248.0
2025-09-18 13:00:00,0.01795,0.01809,0.01786,0.01805,33057558.0
2025-09-18 14:00:00,0.01806,0.01819,0.01805,0.01814,38853064.0
2025-09-18 15:00:00,0.01815,0.01824,0.01808,0.01821,40493348.0
2025-09-18 16:00:00,0.01821,0.01835,0.01821,0.01829,34402171.0
2025-09-18 17:00:00,0.01829,0.01854,0.01827,0.01853,57262751.0
2025-09-18 18:00:00,0.01853,0.01865,0.01846,0.01862,40015420.0
2025-09-18 19:00:00,0.01862,0.01865,0.01834,0.01844,38408141.0
2025-09-18 20:00:00,0.01844,0.01855,0.01841,0.01847,18941681.0
2025-09-18 21:00:00,0.01847,0.01851,0.01839,0.01843,13249007.0
2025-09-18 22:00:00,0.01843,0.01847,0.01829,0.01829,25928851.0
2025-09-18 23:00:00,0.01829,0.01838,0.01817,0.01832,36384556.0
2025-09-19 00:00:00,0.01832,0.0187,0.01832,0.01869,37002816.0
2025-09-19 01:00:00,0.0187,0.01881,0.01857,0.01863,55029377.0
2025-09-19 02:00:00,0.01862,0.0187,0.0184,0.01843,20688019.0
2025-09-19 03:00:00,0.01843,0.01854,0.01812,0.01817,51341678.0
2025-09-19 04:00:00,0.01816,0.01836,0.01797,0.01834,38167897.0
2025-09-19 05:00:00,0.01834,0.01837,0.0181,0.0182,23613372.0
2025-09-19 06:00:00,0.01819,0.01822,0.018,0.018,22240212.0
2025-09-19 07:00:00,0.018,0.01821,0.01798,0.01813,25215066.0
2025-09-19 08:00:00,0.01813,0.01828,0.01806,0.01807,24887976.0
2025-09-19 09:00:00,0.01808,0.01823,0.01786,0.01795,26104454.0
2025-09-19 10:00:00,0.01795,0.01803,0.01787,0.01792,30542131.0
2025-09-19 11:00:00,0.01791,0.01792,0.01759,0.0177,50242183.0
2025-09-19 12:00:00,0.01769,0.01784,0.01766,0.0177,24920682.0
2025-09-19 13:00:00,0.0177,0.01791,0.0177,0.01783,22735150.0
2025-09-19 14:00:00,0.01783,0.01787,0.0175,0.01761,49013275.0
2025-09-19 15:00:00,0.0176,0.01762,0.01737,0.01754,83245775.0
2025-09-19 16:00:00,0.01754,0.01764,0.01749,0.01759,34821808.0
2025-09-19 17:00:00,0.01759,0.01759,0.01734,0.01734,23324657.0
2025-09-19 18:00:00,0.01735,0.01739,0.01723,0.01728,24052791.0
2025-09-19 19:00:00,0.01729,0.01737,0.01726,0.01726,13594134.0
2025-09-19 20:00:00,0.01725,0.01735,0.01725,0.01727,13750926.0
2025-09-19 21:00:00,0.01727,0.01738,0.01721,0.01737,18132013.0
2025-09-19 22:00:00,0.01736,0.01742,0.01732,0.01732,15021664.0
2025-09-19 23:00:00,0.01732,0.01733,0.01697,0.01718,34671022.0
2025-09-20 00:00:00,0.01717,0.01731,0.01714,0.0173,14041694.0
2025-09-20 01:00:00,0.0173,0.0173,0.01715,0.0172,15654639.0
2025-09-20 02:00:00,0.01719,0.01722,0.017,0.01721,23084937.0
2025-09-20 03:00:00,0.01721,0.01728,0.01713,0.01726,9057338.0
2025-09-20 04:00:00,0.01725,0.01743,0.01722,0.0174,14761661.0
2025-09-20 05:00:00,0.01741,0.01751,0.01739,0.0175,17116960.0
2025-09-20 06:00:00,0.0175,0.01751,0.01742,0.01745,29988902.0
2025-09-20 07:00:00,0.01745,0.01755,0.01741,0.01755,18442719.0
2025-09-20 08:00:00,0.01754,0.01759,0.0174,0.0174,18124654.0
2025-09-20 09:00:00,0.01741,0.01746,0.01728,0.01733,16076540.0
2025-09-20 10:00:00,0.01734,0.01739,0.01725,0.01726,12615918.0
2025-09-20 11:00:00,0.01726,0.01737,0.01719,0.01731,20818514.0
2025-09-20 12:00:00,0.01731,0.01736,0.01725,0.01736,9418632.0
2025-09-20 13:00:00,0.01735,0.01742,0.01728,0.01733,11484272.0
2025-09-20 14:00:00,0.01732,0.01771,0.01728,0.01767,24697559.0
2025-09-20 15:00:00,0.01767,0.01782,0.01762,0.01764,31371818.0
2025-09-20 16:00:00,0.01765,0.01772,0.01753,0.01764,18142072.0
2025-09-20 17:00:00,0.01765,0.01766,0.01745,0.01753,16975149.0
2025-09-20 18:00:00,0.01753,0.01758,0.01743,0.01748,16112126.0
2025-09-20 19:00:00,0.01748,0.01758,0.01744,0.0175,12058731.0
2025-09-20 20:00:00,0.0175,0.01766,0.01748,0.01763,7383031.0
2025-09-20 21:00:00,0.01762,0.01772,0.01758,0.01763,11467892.0
2025-09-20 22:00:00,0.01764,0.01764,0.01753,0.01758,5532061.0
2025-09-20 23:00:00,0.01757,0.01757,0.01745,0.01751,17068562.0
2025-09-21 00:00:00,0.01752,0.01762,0.01746,0.01756,16619447.0
2025-09-21 01:00:00,0.01757,0.01758,0.01741,0.01744,17509106.0
2025-09-21 02:00:00,0.01744,0.01756,0.01736,0.01756,45417315.0
2025-09-21 03:00:00,0.01756,0.0176,0.0175,0.01758,11279761.0
2025-09-21 04:00:00,0.01758,0.01759,0.01749,0.01756,15994427.0
2025-09-21 05:00:00,0.01757,0.01772,0.01752,0.01771,17293065.0
2025-09-21 06:00:00,0.01772,0.01781,0.01769,0.01773,20048115.0
2025-09-21 07:00:00,0.01773,0.01788,0.01767,0.01772,32870515.0
2025-09-21 08:00:00,0.01773,0.01779,0.0176,0.01763,19523280.0
2025-09-21 09:00:00,0.01764,0.01766,0.01729,0.01749,57011469.0
2025-09-21 10:00:00,0.01748,0.01758,0.01738,0.01739,30318407.0
2025-09-21 11:00:00,0.01738,0.01752,0.01736,0.01745,19935207.0
2025-09-21 12:00:00,0.01745,0.01767,0.01743,0.01749,21235249.0
2025-09-21 13:00:00,0.01749,0.01764,0.01747,0.01763,12876866.0
2025-09-21 14:00:00,0.01762,0.01766,0.01748,0.01748,10969109.0
2025-09-21 15:00:00,0.01747,0.01756,0.01737,0.0174,24754885.0
2025-09-21 16:00:00,0.01741,0.01744,0.01721,0.01727,43057032.0
2025-09-21 17:00:00,0.01728,0.01746,0.01713,0.01745,36146550.0
2025-09-21 18:00:00,0.01745,0.01752,0.01736,0.01752,17964951.0
2025-09-21 19:00:00,0.01752,0.01752,0.01732,0.01743,14023258.0
2025-09-21 20:00:00,0.01742,0.01743,0.01731,0.01734,18938309.0
2025-09-21 21:00:00,0.01734,0.01741,0.01727,0.01735,13169518.0
2025-09-21 22:00:00,0.01734,0.01743,0.01718,0.01741,20018308.0
2025-09-21 23:00:00,0.0174,0.01741,0.01719,0.01724,10808050.0
2025-09-22 00:00:00,0.01724,0.01734,0.01663,0.01674,149534265.0
2025-09-22 01:00:00,0.01673,0.01686,0.0166,0.01672,55326486.0
2025-09-22 02:00:00,0.01672,0.01675,0.01635,0.01645,85585105.0
2025-09-22 03:00:00,0.01645,0.01663,0.01643,0.01654,29417504.0
2025-09-22 04:00:00,0.01654,0.0166,0.01644,0.0165,25596303.0
2025-09-22 05:00:00,0.0165,0.01652,0.01607,0.01608,47701471.0
2025-09-22 06:00:00,0.01608,0.01611,0.01484,0.01549,476637550.0
2025-09-22 07:00:00,0.01548,0.01558,0.0154,0.01541,87280448.0
2025-09-22 08:00:00,0.01541,0.01554,0.01528,0.01548,67516530.0
2025-09-22 09:00:00,0.01549,0.0155,0.01528,0.01531,65362782.0
2025-09-22 10:00:00,0.01531,0.0155,0.01526,0.01547,40695219.0
2025-09-22 11:00:00,0.01546,0.01548,0.01533,0.01536,35637942.0
2025-09-22 12:00:00,0.01536,0.01548,0.01531,0.01543,53534697.0
2025-09-22 13:00:00,0.01542,0.01552,0.0153,0.01552,39804182.0
2025-09-22 14:00:00,0.01552,0.01552,0.0152,0.01525,54352756.0
2025-09-22 15:00:00,0.01524,0.0153,0.01511,0.01514,49065940.0
2025-09-22 16:00:00,0.01514,0.01524,0.01507,0.01512,28622737.0
2025-09-22 17:00:00,0.01512,0.01523,0.01504,0.01519,43672913.0
2025-09-22 18:00:00,0.0152,0.01521,0.01513,0.01514,34298724.0
2025-09-22 19:00:00,0.01514,0.01515,0.01493,0.015,56500434.0
2025-09-22 20:00:00,0.015,0.01519,0.01498,0.01516,78559367.0
2025-09-22 21:00:00,0.01516,0.01531,0.01508,0.01528,36203183.0
2025-09-22 22:00:00,0.01528,0.01534,0.01524,0.01531,29411111.0
2025-09-22 23:00:00,0.0153,0.01535,0.01528,0.01532,18716544.0
2025-09-23 00:00:00,0.01532,0.0154,0.01524,0.01524,20279624.0
2025-09-23 01:00:00,0.01524,0.01526,0.01508,0.01508,17156954.0
2025-09-23 02:00:00,0.01509,0.01518,0.01498,0.015,23422305.0
2025-09-23 03:00:00,0.015,0.01532,0.01491,0.01527,48921331.0
2025-09-23 04:00:00,0.01527,0.01533,0.01511,0.01521,23149868.0
2025-09-23 05:00:00,0.0152,0.01527,0.01511,0.01516,23638118.0
2025-09-23 06:00:00,0.01516,0.0154,0.01516,0.01539,43332327.0
2025-09-23 07:00:00,0.01538,0.0154,0.01531,0.01533,28635518.0
2025-09-23 08:00:00,0.01534,0.01548,0.0153,0.01545,29177349.0
2025-09-23 09:00:00,0.01545,0.01553,0.01536,0.01539,19936209.0
2025-09-23 10:00:00,0.01538,0.01552,0.01536,0.01549,17506002.0
2025-09-23 11:00:00,0.01548,0.01551,0.01539,0.01546,18419649.0
2025-09-23 12:00:00,0.01546,0.01552,0.01539,0.01548,19569054.0
2025-09-23 13:00:00,0.01547,0.01552,0.01538,0.01542,22329171.0
2025-09-23 14:00:00,0.01543,0.0156,0.01536,0.01537,36884877.0
2025-09-23 15:00:00,0.01537,0.01555,0.01528,0.01543,27313029.0
2025-09-23 16:00:00,0.01543,0.01561,0.01536,0.01554,28574193.0
2025-09-23 17:00:00,0.01554,0.01556,0.01523,0.01524,22890499.0
2025-09-23 18:00:00,0.01525,0.01533,0.01513,0.01518,36525602.0
2025-09-23 19:00:00,0.01518,0.01532,0.01509,0.01514,19747372.0
2025-09-23 20:00:00,0.01513,0.01526,0.01507,0.01526,11615021.0
2025-09-23 21:00:00,0.01526,0.01538,0.01518,0.01534,10145913.0
2025-09-23 22:00:00,0.01534,0.01536,0.01521,0.01524,6873249.0
2025-09-23 23:00:00,0.01523,0.01528,0.01509,0.01511,25962627.0
2025-09-24 00:00:00,0.01511,0.01529,0.01508,0.0152,21355632.0
2025-09-24 01:00:00,0.0152,0.01543,0.01515,0.01542,18997643.0
2025-09-24 02:00:00,0.01542,0.01545,0.01527,0.01533,29476709.0
2025-09-24 03:00:00,0.01533,0.01536,0.015,0.01506,55003974.0
2025-09-24 04:00:00,0.01506,0.01531,0.01479,0.01519,74636646.0
2025-09-24 05:00:00,0.01519,0.0154,0.01519,0.01538,20705452.0
2025-09-24 06:00:00,0.01538,0.01549,0.01531,0.01545,59664171.0
2025-09-24 07:00:00,0.01545,0.01549,0.01536,0.01546,20345548.0
2025-09-24 08:00:00,0.01547,0.0155,0.01541,0.01548,22740043.0
2025-09-24 09:00:00,0.01547,0.01554,0.01543,0.01547,23761725.0
2025-09-24 10:00:00,0.01548,0.01549,0.01541,0.01547,19699511.0
2025-09-24 11:00:00,0.01547,0.01554,0.01545,0.01549,18492120.0
2025-09-24 12:00:00,0.0155,0.01555,0.01547,0.01551,14339905.0
2025-09-24 13:00:00,0.01551,0.01556,0.01539,0.0154,42100731.0
2025-09-24 14:00:00,0.0154,0.01567,0.0154,0.0156,29237658.0
2025-09-24 15:00:00,0.0156,0.01563,0.01543,0.01546,21200897.0
2025-09-24 16:00:00,0.01545,0.01552,0.01539,0.01549,9513396.0
2025-09-24 17:00:00,0.01549,0.01558,0.01548,0.0155,16155959.0
2025-09-24 18:00:00,0.0155,0.01551,0.01539,0.01542,24366121.0
2025-09-24 19:00:00,0.01542,0.01544,0.01532,0.01539,11904224.0
2025-09-24 20:00:00,0.01539,0.01542,0.01527,0.01536,15794945.0
2025-09-24 21:00:00,0.01536,0.01536,0.01515,0.01519,14786324.0
2025-09-24 22:00:00,0.01519,0.01528,0.01517,0.01521,7150182.0
2025-09-24 23:00:00,0.0152,0.01525,0.01516,0.01523,9607034.0
2025-09-25 00:00:00,0.01523,0.01525,0.01507,0.01511,18170245.0
2025-09-25 01:00:00,0.0151,0.01515,0.01497,0.01502,37313364.0
2025-09-25 02:00:00,0.01502,0.01524,0.01493,0.01513,56380574.0
2025-09-25 03:00:00,0.01514,0.01514,0.01485,0.015,47329468.0
2025-09-25 04:00:00,0.01499,0.01505,0.01466,0.01475,66640717.0
2025-09-25 05:00:00,0.01475,0.01499,0.01469,0.01492,48353021.0
2025-09-25 06:00:00,0.01492,0.01493,0.01472,0.01473,38639422.0
2025-09-25 07:00:00,0.01472,0.01488,0.0147,0.01477,34204457.0
2025-09-25 08:00:00,0.01478,0.01489,0.01474,0.0148,18436928.0
2025-09-25 09:00:00,0.01481,0.01499,0.01478,0.01479,49385666.0
2025-09-25 10:00:00,0.0148,0.01493,0.01478,0.01478,13345643.0
2025-09-25 11:00:00,0.01478,0.01483,0.01466,0.01472,22281522.0
2025-09-25 12:00:00,0.01473,0.01486,0.01438,0.01475,112485445.0
2025-09-25 13:00:00,0.01475,0.01491,0.01464,0.01478,66625428.0
2025-09-25 14:00:00,0.01478,0.01503,0.01478,0.01487,40325537.0
2025-09-25 15:00:00,0.01486,0.01489,0.01476,0.01483,26785843.0
2025-09-25 16:00:00,0.01483,0.01486,0.01451,0.01454,28893195.0
2025-09-25 17:00:00,0.01453,0.01456,0.01398,0.01409,148705339.0
2025-09-25 18:00:00,0.01409,0.01456,0.01406,0.01456,110071238.0
2025-09-25 19:00:00,0.01455,0.01464,0.01442,0.01444,25228258.0
2025-09-25 20:00:00,0.01444,0.01445,0.01418,0.01422,20399422.0
2025-09-25 21:00:00,0.01421,0.01438,0.01413,0.0143,26362404.0
2025-09-25 22:00:00,0.01429,0.0144,0.01419,0.01424,14995129.0
2025-09-25 23:00:00,0.01425,0.01435,0.01402,0.01418,31672691.0
2025-09-26 00:00:00,0.01419,0.0144,0.01412,0.01436,41576830.0
2025-09-26 01:00:00,0.01437,0.01445,0.0143,0.01438,25384219.0
2025-09-26 02:00:00,0.01439,0.01446,0.01431,0.01437,14511846.0
2025-09-26 03:00:00,0.01436,0.01444,0.01432,0.01442,20265516.0
2025-09-26 04:00:00,0.01442,0.01444,0.01428,0.0143,22185088.0
2025-09-26 05:00:00,0.0143,0.01442,0.01423,0.01427,15421688.0
2025-09-26 06:00:00,0.01427,0.01438,0.0142,0.01423,34346037.0
2025-09-26 07:00:00,0.01423,0.01433,0.01416,0.0143,16879178.0
2025-09-26 08:00:00,0.01431,0.0144,0.0143,0.01434,14210214.0
2025-09-26 09:00:00,0.01434,0.01439,0.01419,0.01425,14985389.0
2025-09-26 10:00:00,0.01426,0.01426,0.01407,0.01412,23797368.0
2025-09-26 11:00:00,0.01412,0.01423,0.01401,0.01418,23837241.0
2025-09-26 12:00:00,0.01417,0.01442,0.014,0.01429,50634623.0
2025-09-26 13:00:00,0.0143,0.01448,0.01419,0.01443,42077172.0
2025-09-26 14:00:00,0.01443,0.01446,0.01422,0.01427,26317365.0
2025-09-26 15:00:00,0.01428,0.01442,0.01427,0.01438,20921936.0
2025-09-26 16:00:00,0.01437,0.01459,0.01437,0.01456,35290380.0
2025-09-26 17:00:00,0.01457,0.01475,0.01453,0.01474,28364230.0
2025-09-26 18:00:00,0.01473,0.01484,0.0147,0.01476,18964329.0
2025-09-26 19:00:00,0.01476,0.01476,0.01456,0.01464,21066865.0
2025-09-26 20:00:00,0.01464,0.0147,0.01459,0.01462,7473609.0
2025-09-26 21:00:00,0.01462,0.01468,0.01458,0.01467,17547682.0
2025-09-26 22:00:00,0.01468,0.01472,0.01462,0.01462,7739280.0
2025-09-26 23:00:00,0.01462,0.01466,0.01458,0.01466,14330953.0
2025-09-27 00:00:00,0.01466,0.01466,0.01455,0.01462,13318782.0
2025-09-27 01:00:00,0.01462,0.01462,0.01451,0.01455,9152950.0
2025-09-27 02:00:00,0.01455,0.01461,0.01452,0.01453,10564620.0
2025-09-27 03:00:00,0.01452,0.01463,0.01452,0.01458,10475490.0
2025-09-27 04:00:00,0.01457,0.01462,0.01456,0.01461,6116521.0
2025-09-27 05:00:00,0.01461,0.01472,0.01455,0.01465,13118752.0
2025-09-27 06:00:00,0.01464,0.01467,0.01459,0.01463,4711049.0
2025-09-27 07:00:00,0.01464,0.01467,0.01454,0.01456,7308717.0
2025-09-27 08:00:00,0.01455,0.01456,0.0144,0.0144,12256594.0
2025-09-27 09:00:00,0.0144,0.0145,0.01434,0.01447,9694546.0
2025-09-27 10:00:00,0.01448,0.01456,0.01443,0.01451,9665649.0
2025-09-27 11:00:00,0.01452,0.01452,0.01447,0.0145,10616734.0
2025-09-27 12:00:00,0.0145,0.01459,0.01443,0.01455,15465915.0
2025-09-27 13:00:00,0.01454,0.01455,0.01447,0.01447,7466801.0
2025-09-27 14:00:00,0.01448,0.01452,0.01442,0.01444,10225223.0
2025-09-27 15:00:00,0.01443,0.01458,0.01433,0.01456,12660659.0
2025-09-27 16:00:00,0.01457,0.01459,0.0144,0.01442,11789487.0
2025-09-27 17:00:00,0.01442,0.01442,0.0143,0.01439,22114758.0
2025-09-27 18:00:00,0.01438,0.01441,0.01431,0.01437,8618458.0
2025-09-27 19:00:00,0.01436,0.01443,0.01434,0.0144,8832250.0
2025-09-27 20:00:00,0.01441,0.01445,0.01437,0.01441,5771928.0
2025-09-27 21:00:00,0.01441,0.01452,0.01439,0.0145,10061062.0
2025-09-27 22:00:00,0.0145,0.01463,0.0145,0.0145,13364114.0
2025-09-27 23:00:00,0.0145,0.01454,0.01442,0.01443,12384929.0
2025-09-28 00:00:00,0.01443,0.01446,0.01434,0.01436,12386840.0
2025-09-28 01:00:00,0.01436,0.01437,0.01424,0.01427,24895545.0
2025-09-28 02:00:00,0.01428,0.01434,0.01425,0.0143,7126948.0
2025-09-28 03:00:00,0.0143,0.01433,0.01425,0.01431,8861078.0
2025-09-28 04:00:00,0.01431,0.01432,0.01425,0.01429,10613198.0
2025-09-28 05:00:00,0.0143,0.01432,0.01424,0.01426,10289626.0
2025-09-28 06:00:00,0.01426,0.01428,0.01417,0.01424,12980754.0
2025-09-28 07:00:00,0.01424,0.01428,0.01417,0.01422,12137253.0
2025-09-28 08:00:00,0.01421,0.01426,0.01414,0.01415,14317638.0
2025-09-28 09:00:00,0.01415,0.01418,0.01409,0.01413,12998059.0
2025-09-28 10:00:00,0.01413,0.01427,0.01406,0.01426,25946276.0
2025-09-28 11:00:00,0.01426,0.01426,0.01413,0.0142,19821659.0
2025-09-28 12:00:00,0.01419,0.01421,0.0141,0.01416,38846853.0
2025-09-28 13:00:00,0.01417,0.01443,0.01415,0.01439,22690782.0
2025-09-28 14:00:00,0.01439,0.01444,0.0143,0.0144,22960690.0
2025-09-28 15:00:00,0.0144,0.01445,0.01433,0.0144,21968819.0
2025-09-28 16:00:00,0.0144,0.01455,0.0144,0.01448,30614957.0
2025-09-28 17:00:00,0.01448,0.01458,0.01444,0.01454,11730021.0
2025-09-28 18:00:00,0.01453,0.01459,0.01452,0.01459,9455149.0
2025-09-28 19:00:00,0.0146,0.01461,0.01452,0.01461,12192778.0
2025-09-28 20:00:00,0.01461,0.01475,0.01458,0.01467,15788710.0
2025-09-28 21:00:00,0.01466,0.01475,0.01463,0.01467,15365159.0
2025-09-28 22:00:00,0.01468,0.01497,0.01467,0.01494,39709616.0
2025-09-28 23:00:00,0.01494,0.01498,0.01491,0.01494,35899254.0
2025-09-29 00:00:00,0.01495,0.01495,0.01486,0.01491,14696975.0
2025-09-29 01:00:00,0.01491,0.01492,0.0148,0.0148,14166046.0
2025-09-29 02:00:00,0.01481,0.01489,0.01476,0.01482,10685299.0
2025-09-29 03:00:00,0.01481,0.01483,0.01475,0.01481,22907895.0
2025-09-29 04:00:00,0.01481,0.01482,0.01471,0.01472,16199979.0
2025-09-29 05:00:00,0.01471,0.01473,0.01462,0.01471,25290922.0
2025-09-29 06:00:00,0.0147,0.01471,0.01458,0.01459,19846259.0
2025-09-29 07:00:00,0.01458,0.01468,0.01456,0.01464,11575951.0
2025-09-29 08:00:00,0.01464,0.01474,0.0146,0.01469,13415026.0
2025-09-29 09:00:00,0.01469,0.01475,0.01464,0.01466,11118467.0
2025-09-29 10:00:00,0.01466,0.01474,0.01455,0.01455,26801777.0
2025-09-29 11:00:00,0.01455,0.01456,0.01443,0.01453,16073987.0
2025-09-29 12:00:00,0.01452,0.01456,0.01433,0.01434,19323803.0
2025-09-29 13:00:00,0.01434,0.01463,0.01428,0.01457,62492763.0
2025-09-29 14:00:00,0.01458,0.01478,0.01456,0.01473,41585515.0
2025-09-29 15:00:00,0.01473,0.01476,0.01449,0.0145,37230855.0
2025-09-29 16:00:00,0.0145,0.01459,0.01435,0.01438,31053069.0
2025-09-29 17:00:00,0.01438,0.0145,0.01432,0.01447,15379434.0
2025-09-29 18:00:00,0.01447,0.01448,0.01438,0.01446,9949342.0
2025-09-29 19:00:00,0.01447,0.01461,0.01445,0.01459,20095161.0
2025-09-29 20:00:00,0.01459,0.01481,0.01459,0.01478,26948379.0
2025-09-29 21:00:00,0.0148,0.01481,0.01469,0.01469,18297497.0
2025-09-29 22:00:00,0.0147,0.0147,0.01456,0.01458,12542330.0
2025-09-29 23:00:00,0.01459,0.0146,0.01447,0.01448,9000187.0
2025-09-30 00:00:00,0.01449,0.01455,0.01433,0.01436,27190196.0
2025-09-30 01:00:00,0.01435,0.01446,0.01419,0.01429,30695991.0
2025-09-30 02:00:00,0.01428,0.01438,0.01427,0.01429,17879060.0
2025-09-30 03:00:00,0.01429,0.01442,0.01426,0.01435,10126258.0
2025-09-30 04:00:00,0.01435,0.01444,0.01434,0.01434,11995753.0
2025-09-30 05:00:00,0.01435,0.01445,0.01433,0.0144,15650232.0
2025-09-30 06:00:00,0.0144,0.01447,0.01434,0.01439,12151416.0
2025-09-30 07:00:00,0.01439,0.01443,0.01425,0.01434,14985970.0
2025-09-30 08:00:00,0.01434,0.01436,0.01428,0.01429,17516505.0
2025-09-30 09:00:00,0.01428,0.01436,0.01421,0.01423,19204471.0
2025-09-30 10:00:00,0.01423,0.01428,0.01421,0.01423,15452215.0
2025-09-30 11:00:00,0.01425,0.01433,0.01416,0.0143,14455640.0
2025-09-30 12:00:00,0.01429,0.01432,0.0142,0.01421,12938830.0
2025-09-30 13:00:00,0.01422,0.01435,0.01415,0.01423,16045372.0
2025-09-30 14:00:00,0.01423,0.01426,0.0141,0.01422,26119028.0
2025-09-30 15:00:00,0.01421,0.01422,0.01385,0.01402,47225455.0
2025-09-30 16:00:00,0.01402,0.01405,0.01392,0.01399,21495341.0
2025-09-30 17:00:00,0.014,0.01412,0.01398,0.01401,22575106.0
2025-09-30 18:00:00,0.01401,0.01416,0.01399,0.01414,10441605.0
2025-09-30 19:00:00,0.01414,0.0144,0.0141,0.01436,13484498.0
2025-09-30 20:00:00,0.01437,0.01448,0.01434,0.01445,14564365.0
2025-09-30 21:00:00,0.01446,0.01451,0.01436,0.01436,22240828.0
2025-09-30 22:00:00,0.01436,0.01447,0.01429,0.01431,8846385.0
2025-09-30 23:00:00,0.0143,0.01441,0.01425,0.01441,15910521.0
2025-10-01 00:00:00,0.01441,0.01445,0.01428,0.01436,11566222.0
2025-10-01 01:00:00,0.01436,0.01448,0.01431,0.01447,11762362.0
2025-10-01 02:00:00,0.01446,0.0145,0.01442,0.01443,11934584.0
2025-10-01 03:00:00,0.01443,0.01447,0.01429,0.01431,12619715.0
2025-10-01 04:00:00,0.0143,0.01446,0.01429,0.01439,12843620.0
2025-10-01 05:00:00,0.0144,0.01454,0.0144,0.01446,15400521.0
2025-10-01 06:00:00,0.01446,0.01452,0.01435,0.01437,11181087.0
2025-10-01 07:00:00,0.01437,0.0145,0.01435,0.01444,14642135.0
2025-10-01 08:00:00,0.01444,0.01514,0.01443,0.01511,90025682.0
2025-10-01 09:00:00,0.01511,0.01531,0.01511,0.01524,76511738.0
2025-10-01 10:00:00,0.01524,0.01526,0.01505,0.01507,36872265.0
2025-10-01 11:00:00,0.01507,0.01512,0.01504,0.01509,17840927.0
2025-10-01 12:00:00,0.01509,0.01513,0.01495,0.01498,28482312.0
2025-10-01 13:00:00,0.01497,0.0151,0.01497,0.01503,18072645.0
2025-10-01 14:00:00,0.01504,0.01514,0.015,0.01505,30590787.0
2025-10-01 15:00:00,0.01506,0.0152,0.01503,0.01516,19388486.0
2025-10-01 16:00:00,0.01516,0.0152,0.01508,0.01512,20372447.0
2025-10-01 17:00:00,0.01513,0.01523,0.01511,0.01516,16133690.0
2025-10-01 18:00:00,0.01517,0.0154,0.01517,0.01537,29822895.0
2025-10-01 19:00:00,0.01537,0.01545,0.01535,0.01537,22270916.0
2025-10-01 20:00:00,0.01537,0.0154,0.01531,0.01534,31643949.0
2025-10-01 21:00:00,0.01535,0.01535,0.01527,0.01532,20226030.0
2025-10-01 22:00:00,0.01532,0.0154,0.01531,0.01535,22827601.0
2025-10-01 23:00:00,0.01535,0.01546,0.01532,0.01544,19175228.0
2025-10-02 00:00:00,0.01544,0.0155,0.01539,0.01541,23524190.0
2025-10-02 01:00:00,0.01541,0.01568,0.01539,0.01567,33021780.0
2025-10-02 02:00:00,0.01567,0.0157,0.01558,0.01565,26695716.0
2025-10-02 03:00:00,0.01565,0.0157,0.01561,0.01564,27409828.0
2025-10-02 04:00:00,0.01564,0.01575,0.01564,0.01574,26049496.0
2025-10-02 05:00:00,0.01574,0.01584,0.01571,0.01577,24211128.0
2025-10-02 06:00:00,0.01578,0.0159,0.01576,0.01583,39880144.0
2025-10-02 07:00:00,0.01583,0.01585,0.01569,0.01571,41172079.0
2025-10-02 08:00:00,0.01571,0.01578,0.0157,0.01573,15227192.0
2025-10-02 09:00:00,0.01572,0.01575,0.01569,0.01572,18454003.0
2025-10-02 10:00:00,0.01571,0.01578,0.01564,0.01576,23726518.0
2025-10-02 11:00:00,0.01576,0.01584,0.01574,0.01576,14466510.0
2025-10-02 12:00:00,0.01576,0.0159,0.01575,0.01588,28831238.0
2025-10-02 13:00:00,0.01587,0.0159,0.01571,0.01582,28025784.0
2025-10-02 14:00:00,0.01583,0.01584,0.01547,0.0156,57579725.0
2025-10-02 15:00:00,0.01559,0.01581,0.01548,0.01579,45420237.0
2025-10-02 16:00:00,0.0158,0.01598,0.01576,0.01583,32944473.0
2025-10-02 17:00:00,0.01583,0.01614,0.0158,0.0161,39139875.0
2025-10-02 18:00:00,0.01611,0.01628,0.01611,0.01621,42092904.0
2025-10-02 19:00:00,0.01622,0.01644,0.01618,0.01635,47904547.0
2025-10-02 20:00:00,0.01637,0.0164,0.0162,0.0163,24988243.0
2025-10-02 21:00:00,0.0163,0.01638,0.01623,0.01625,15922663.0
2025-10-02 22:00:00,0.01624,0.01631,0.01615,0.01615,29162171.0
2025-10-02 23:00:00,0.01616,0.01619,0.0161,0.01617,17729885.0
2025-10-03 00:00:00,0.01618,0.01622,0.01596,0.01599,14840298.0
2025-10-03 01:00:00,0.01599,0.01603,0.01583,0.01584,19137433.0
2025-10-03 02:00:00,0.01584,0.01597,0.01583,0.01592,15654777.0
2025-10-03 03:00:00,0.01593,0.01611,0.01587,0.01592,38194731.0
2025-10-03 04:00:00,0.01591,0.0161,0.01589,0.01603,21704792.0
2025-10-03 05:00:00,0.01603,0.01605,0.01587,0.01593,28095012.0
2025-10-03 06:00:00,0.01593,0.01602,0.01577,0.0159,28217116.0
2025-10-03 07:00:00,0.0159,0.01594,0.01582,0.01592,20434490.0
2025-10-03 08:00:00,0.01592,0.01596,0.01579,0.01594,26736406.0
2025-10-03 09:00:00,0.01594,0.01598,0.01585,0.01594,16230015.0
2025-10-03 10:00:00,0.01594,0.01594,0.01587,0.01588,8738974.0
2025-10-03 11:00:00,0.01588,0.01588,0.01579,0.01582,10266274.0
2025-10-03 12:00:00,0.01583,0.01592,0.01581,0.01589,13310274.0
2025-10-03 13:00:00,0.01588,0.01603,0.01571,0.0159,23856302.0
2025-10-03 14:00:00,0.0159,0.01599,0.01572,0.0159,30246787.0
2025-10-03 15:00:00,0.01589,0.01625,0.01585,0.01623,33562175.0
2025-10-03 16:00:00,0.01623,0.01646,0.01617,0.01619,59763289.0
2025-10-03 17:00:00,0.01619,0.0162,0.01569,0.01592,105623291.0
2025-10-03 18:00:00,0.01592,0.01621,0.01584,0.01621,29378232.0
2025-10-03 19:00:00,0.01621,0.01637,0.01614,0.01627,38545985.0
2025-10-03 20:00:00,0.01627,0.01642,0.01622,0.01637,32828027.0
2025-10-03 21:00:00,0.01638,0.01644,0.01631,0.01637,19909523.0
2025-10-03 22:00:00,0.01638,0.01646,0.01637,0.0164,12648064.0
2025-10-03 23:00:00,0.01639,0.01639,0.0163,0.01633,13131837.0
2025-10-04 00:00:00,0.01634,0.01642,0.01622,0.0163,18365272.0
2025-10-04 01:00:00,0.01631,0.01631,0.01611,0.01616,13580265.0
2025-10-04 02:00:00,0.01616,0.01624,0.01604,0.0161,25989961.0
2025-10-04 03:00:00,0.0161,0.01612,0.01594,0.01602,34368064.0
2025-10-04 04:00:00,0.01603,0.01612,0.01594,0.01603,13899800.0
2025-10-04 05:00:00,0.01604,0.01615,0.01601,0.01609,7676507.0
2025-10-04 06:00:00,0.01609,0.0162,0.01608,0.01613,12867889.0
2025-10-04 07:00:00,0.01613,0.01614,0.01598,0.01605,12487577.0
2025-10-04 08:00:00,0.01605,0.01606,0.01587,0.0159,33362192.0
2025-10-04 09:00:00,0.01589,0.01597,0.01579,0.01582,14009643.0
2025-10-04 10:00:00,0.01582,0.01588,0.01571,0.01574,18199590.0
2025-10-04 11:00:00,0.01573,0.01583,0.01572,0.01581,17113365.0
2025-10-04 12:00:00,0.01581,0.0159,0.01578,0.01581,17681637.0
2025-10-04 13:00:00,0.01581,0.01601,0.0158,0.01589,28227624.0
2025-10-04 14:00:00,0.01588,0.016,0.0157,0.0157,14638799.0
2025-10-04 15:00:00,0.01571,0.01579,0.01553,0.01558,41899174.0
2025-10-04 16:00:00,0.01559,0.01561,0.01541,0.01554,38927271.0
2025-10-04 17:00:00,0.01554,0.01565,0.0155,0.01558,11676486.0
2025-10-04 18:00:00,0.01558,0.01562,0.01554,0.01557,7985378.0
2025-10-04 19:00:00,0.01557,0.01569,0.01557,0.01569,6669144.0
2025-10-04 20:00:00,0.01569,0.01577,0.01569,0.01571,6945522.0
2025-10-04 21:00:00,0.01571,0.01582,0.01571,0.01577,15957317.0
2025-10-04 22:00:00,0.01577,0.01595,0.01577,0.01589,21800658.0
2025-10-04 23:00:00,0.01589,0.01591,0.01583,0.01588,11312383.0
2025-10-05 00:00:00,0.01588,0.01594,0.01572,0.01575,20733987.0
2025-10-05 01:00:00,0.01574,0.01583,0.01573,0.01582,6901082.0
2025-10-05 02:00:00,0.01582,0.01624,0.01578,0.0162,50374960.0
2025-10-05 03:00:00,0.0162,0.01629,0.01606,0.01608,38225751.0
2025-10-05 04:00:00,0.01608,0.01631,0.01603,0.0162,47183073.0
2025-10-05 05:00:00,0.0162,0.01628,0.01616,0.01624,27407256.0
2025-10-05 06:00:00,0.01623,0.0163,0.01618,0.01622,33978090.0
2025-10-05 07:00:00,0.01622,0.01644,0.01617,0.01642,41026958.0
2025-10-05 08:00:00,0.01642,0.01651,0.01629,0.01634,42479385.0
2025-10-05 09:00:00,0.01634,0.01635,0.01609,0.01614,53074364.0
2025-10-05 10:00:00,0.01614,0.01618,0.01603,0.01608,28636697.0
2025-10-05 11:00:00,0.01608,0.01611,0.01596,0.0161,16461580.0
2025-10-05 12:00:00,0.01609,0.01609,0.01595,0.01598,13131554.0
2025-10-05 13:00:00,0.01598,0.01608,0.01597,0.01604,17781630.0
2025-10-05 14:00:00,0.01605,0.01613,0.0159,0.01599,22246710.0
2025-10-05 15:00:00,0.01599,0.01611,0.01597,0.01606,9634417.0
2025-10-05 16:00:00,0.01605,0.01609,0.01586,0.01602,26582672.0
2025-10-05 17:00:00,0.01603,0.01607,0.01579,0.01581,17048556.0
2025-10-05 18:00:00,0.01581,0.01587,0.01571,0.01578,21762866.0
2025-10-05 19:00:00,0.01579,0.01579,0.01554,0.01555,17080591.0
2025-10-05 20:00:00,0.01555,0.01571,0.0155,0.01563,14439128.0
2025-10-05 21:00:00,0.01562,0.01568,0.01558,0.01567,10927921.0
2025-10-05 22:00:00,0.01567,0.01577,0.01561,0.01573,12331265.0
2025-10-05 23:00:00,0.01573,0.0158,0.01572,0.01572,10098158.0
2025-10-06 00:00:00,0.01573,0.01592,0.01563,0.01571,37797286.0
2025-10-06 01:00:00,0.01571,0.016,0.01563,0.01586,17502308.0
2025-10-06 02:00:00,0.01585,0.016,0.01574,0.01592,14484345.0
2025-10-06 03:00:00,0.01591,0.016,0.01586,0.01594,12604408.0
2025-10-06 04:00:00,0.01594,0.01595,0.01578,0.01578,9691855.0
2025-10-06 05:00:00,0.01578,0.01591,0.01573,0.01588,14072141.0
2025-10-06 06:00:00,0.01588,0.01614,0.01587,0.01606,23732026.0
2025-10-06 07:00:00,0.01606,0.01612,0.01586,0.01593,20527129.0
2025-10-06 08:00:00,0.01594,0.0161,0.01594,0.01607,23126084.0
2025-10-06 09:00:00,0.01608,0.01614,0.01604,0.01606,21739853.0
2025-10-06 10:00:00,0.01606,0.01609,0.01599,0.01607,9071864.0
2025-10-06 11:00:00,0.01606,0.01616,0.01599,0.01605,21320895.0
2025-10-06 12:00:00,0.01606,0.01616,0.01605,0.01614,16617673.0
2025-10-06 13:00:00,0.01614,0.01642,0.0161,0.01641,46057788.0
2025-10-06 14:00:00,0.01641,0.01646,0.01627,0.01632,37667632.0
2025-10-06 15:00:00,0.01632,0.01656,0.01632,0.01649,39868495.0
2025-10-06 16:00:00,0.01649,0.01657,0.01637,0.01648,36815866.0
2025-10-06 17:00:00,0.01649,0.01663,0.01647,0.01651,34356092.0
2025-10-06 18:00:00,0.01651,0.0166,0.01648,0.01658,13203116.0
2025-10-06 19:00:00,0.01658,0.01659,0.01649,0.01656,19033336.0
2025-10-06 20:00:00,0.01656,0.01666,0.0165,0.01655,26009142.0
2025-10-06 21:00:00,0.01654,0.01661,0.01644,0.01657,19231652.0
2025-10-06 22:00:00,0.01657,0.01662,0.01648,0.01654,11035970.0
2025-10-06 23:00:00,0.01654,0.01656,0.0164,0.01644,13302104.0
2025-10-07 00:00:00,0.01644,0.01653,0.01641,0.01652,11904458.0
2025-10-07 01:00:00,0.01651,0.01656,0.01636,0.0164,14581129.0
2025-10-07 02:00:00,0.01641,0.01644,0.0163,0.01633,17382200.0
2025-10-07 03:00:00,0.01633,0.01638,0.01626,0.01633,13552871.0
2025-10-07 04:00:00,0.01632,0.01652,0.01621,0.01646,20444687.0
2025-10-07 05:00:00,0.01645,0.01645,0.01635,0.01636,16141726.0
2025-10-07 06:00:00,0.01635,0.01638,0.01606,0.01611,25666582.0
2025-10-07 07:00:00,0.01611,0.01621,0.01605,0.01612,22155931.0
2025-10-07 08:00:00,0.01612,0.01612,0.01591,0.01607,33213767.0
2025-10-07 09:00:00,0.01607,0.01617,0.01607,0.01612,12477413.0
2025-10-07 10:00:00,0.01611,0.01621,0.01608,0.01618,12449015.0
2025-10-07 11:00:00,0.01617,0.0163,0.01613,0.01628,14570956.0
2025-10-07 12:00:00,0.01627,0.01636,0.01617,0.01636,15805002.0
2025-10-07 13:00:00,0.01637,0.01639,0.01593,0.01614,69190975.0
2025-10-07 14:00:00,0.01614,0.01617,0.01571,0.01571,89499788.0
2025-10-07 15:00:00,0.01571,0.01578,0.01539,0.01547,169815851.0
2025-10-07 16:00:00,0.01547,0.01558,0.01525,0.01546,72824195.0
2025-10-07 17:00:00,0.01546,0.01555,0.01539,0.0154,22095405.0
2025-10-07 18:00:00,0.0154,0.01546,0.01533,0.01533,17563757.0
2025-10-07 19:00:00,0.01534,0.01545,0.01531,0.01538,19160237.0
2025-10-07 20:00:00,0.01539,0.0156,0.01537,0.01552,12069988.0
2025-10-07 21:00:00,0.01551,0.01556,0.01534,0.01539,11924598.0
2025-10-07 22:00:00,0.01539,0.01547,0.01534,0.0154,8643321.0
2025-10-07 23:00:00,0.0154,0.01543,0.01525,0.0153,16204397.0
2025-10-08 00:00:00,0.0153,0.01544,0.01525,0.01537,17067964.0
2025-10-08 01:00:00,0.01538,0.0155,0.01535,0.01547,10545187.0
2025-10-08 02:00:00,0.01546,0.01551,0.01541,0.01542,5885861.0
2025-10-08 03:00:00,0.01543,0.01543,0.01506,0.01521,28318685.0
2025-10-08 04:00:00,0.01521,0.01535,0.01509,0.01532,13787450.0
2025-10-08 05:00:00,0.01532,0.01532,0.01518,0.01522,11290668.0
2025-10-08 06:00:00,0.01521,0.01527,0.01514,0.01525,9248029.0
2025-10-08 07:00:00,0.01525,0.01537,0.01521,0.01535,11937861.0
2025-10-08 08:00:00,0.01535,0.01562,0.01534,0.01553,26848898.0
2025-10-08 09:00:00,0.01553,0.01555,0.01538,0.01545,8120073.0
2025-10-08 10:00:00,0.01545,0.01555,0.01545,0.01552,15096771.0
2025-10-08 11:00:00,0.01552,0.01556,0.0154,0.01544,8590137.0
2025-10-08 12:00:00,0.01544,0.01551,0.01541,0.01547,17936156.0
2025-10-08 13:00:00,0.01546,0.01559,0.01536,0.01558,17917994.0
2025-10-08 14:00:00,0.01559,0.01581,0.01545,0.01549,27164841.0
2025-10-08 15:00:00,0.01549,0.01566,0.01549,0.01559,10922100.0
2025-10-08 16:00:00,0.01559,0.01585,0.01555,0.01585,20683975.0
2025-10-08 17:00:00,0.01585,0.01622,0.01583,0.01617,50487301.0
2025-10-08 18:00:00,0.01617,0.01623,0.016,0.01609,33153491.0
2025-10-08 19:00:00,0.01609,0.01611,0.01597,0.01603,17663369.0
2025-10-08 20:00:00,0.01603,0.0161,0.01592,0.01594,16191044.0
2025-10-08 21:00:00,0.01594,0.01603,0.01589,0.01595,10361535.0
2025-10-08 22:00:00,0.01595,0.01603,0.01595,0.01596,11199955.0
2025-10-08 23:00:00,0.01596,0.01597,0.01587,0.0159,13587684.0
2025-10-09 00:00:00,0.0159,0.01596,0.01583,0.01583,8783849.0
2025-10-09 01:00:00,0.01583,0.01585,0.01568,0.01575,14722387.0
2025-10-09 02:00:00,0.01575,0.01575,0.01537,0.01543,16905410.0
2025-10-09 03:00:00,0.01544,0.01566,0.01543,0.01562,12404090.0
2025-10-09 04:00:00,0.01561,0.01567,0.01557,0.01567,8991211.0
2025-10-09 05:00:00,0.01566,0.01571,0.01557,0.01562,9844438.0
2025-10-09 06:00:00,0.01562,0.01563,0.01546,0.01548,11960648.0
2025-10-09 07:00:00,0.01548,0.01553,0.01534,0.01539,15370844.0
2025-10-09 08:00:00,0.01539,0.01542,0.01502,0.01504,49054155.0
2025-10-09 09:00:00,0.01504,0.01522,0.01503,0.01514,32961918.0
2025-10-09 10:00:00,0.01514,0.01523,0.01509,0.01517,26125010.0
2025-10-09 11:00:00,0.01518,0.01527,0.01516,0.01517,40472272.0
2025-10-09 12:00:00,0.01516,0.01537,0.01516,0.01533,21072340.0
2025-10-09 13:00:00,0.01533,0.01536,0.01503,0.01503,25717033.0
2025-10-09 14:00:00,0.01503,0.01515,0.01483,0.01497,64082823.0
2025-10-09 15:00:00,0.01497,0.01508,0.01483,0.01489,25925073.0
2025-10-09 16:00:00,0.01489,0.01504,0.01481,0.01486,36382267.0
2025-10-09 17:00:00,0.01486,0.01528,0.01484,0.01526,27939613.0
2025-10-09 18:00:00,0.01527,0.01536,0.0152,0.01522,35637458.0
2025-10-09 19:00:00,0.01522,0.01531,0.01519,0.01527,10243382.0
2025-10-09 20:00:00,0.01527,0.01538,0.01522,0.01525,12311783.0
2025-10-09 21:00:00,0.01526,0.01531,0.01518,0.0153,7957707.0
2025-10-09 22:00:00,0.0153,0.01559,0.01528,0.0155,17327297.0
2025-10-09 23:00:00,0.0155,0.01551,0.01538,0.01541,5594424.0
2025-10-10 00:00:00,0.01542,0.01548,0.01537,0.01542,5576999.0
2025-10-10 01:00:00,0.01541,0.01549,0.01538,0.01545,8161703.0
2025-10-10 02:00:00,0.01545,0.01548,0.01534,0.01536,9282466.0
2025-10-10 03:00:00,0.01537,0.01585,0.01527,0.01566,31595454.0
2025-10-10 04:00:00,0.01565,0.01576,0.01554,0.01562,15143706.0
2025-10-10 05:00:00,0.01562,0.01588,0.01554,0.01588,15764646.0
2025-10-10 06:00:00,0.01587,0.01591,0.01558,0.01563,16907411.0
2025-10-10 07:00:00,0.01562,0.01565,0.0155,0.01553,19989692.0
2025-10-10 08:00:00,0.01553,0.01566,0.01549,0.01563,17176269.0
2025-10-10 09:00:00,0.01562,0.01575,0.01553,0.01559,27582266.0
2025-10-10 10:00:00,0.01559,0.0158,0.01558,0.01577,19648665.0
2025-10-10 11:00:00,0.01577,0.0158,0.0157,0.01575,15541142.0
2025-10-10 12:00:00,0.01575,0.01584,0.01571,0.01583,23262269.0
2025-10-10 13:00:00,0.01583,0.01599,0.01578,0.01588,32158839.0
2025-10-10 14:00:00,0.01588,0.01597,0.01545,0.01557,46210362.0
2025-10-10 15:00:00,0.01557,0.01559,0.01475,0.01486,204475395.0
2025-10-10 16:00:00,0.01486,0.01501,0.01474,0.01479,56576217.0
2025-10-10 17:00:00,0.01479,0.01487,0.01459,0.01467,33811266.0
2025-10-10 18:00:00,0.01467,0.01478,0.01461,0.01465,32921632.0
2025-10-10 19:00:00,0.01466,0.0147,0.0142,0.01442,77751634.0
2025-10-10 20:00:00,0.01441,0.01457,0.01297,0.01331,266950722.0
2025-10-10 21:00:00,0.01332,0.01346,0.00259,0.0093,1207708595.0
2025-10-10 22:00:00,0.00928,0.00962,0.00751,0.00953,895737197.0
2025-10-10 23:00:00,0.00953,0.011,0.00942,0.01015,529087359.0
2025-10-11 00:00:00,0.01015,0.01096,0.01007,0.0108,315317958.0
2025-10-11 01:00:00,0.01079,0.01084,0.01025,0.01032,210798940.0
2025-10-11 02:00:00,0.01032,0.0112,0.0103,0.01112,101320221.0
2025-10-11 03:00:00,0.01112,0.0112,0.01074,0.01106,77718218.0
2025-10-11 04:00:00,0.01106,0.01136,0.01103,0.01134,61767498.0
2025-10-11 05:00:00,0.01133,0.0114,0.01084,0.0109,114854600.0
2025-10-11 06:00:00,0.0109,0.0113,0.0109,0.01109,105423151.0
2025-10-11 07:00:00,0.0111,0.01126,0.011,0.01124,71333692.0
2025-10-11 08:00:00,0.01123,0.01169,0.01113,0.01165,60127234.0
2025-10-11 09:00:00,0.01165,0.01178,0.01148,0.01151,71845385.0
2025-10-11 10:00:00,0.01151,0.01167,0.01143,0.0115,70698602.0
2025-10-11 11:00:00,0.0115,0.01151,0.01123,0.01141,60261131.0
2025-10-11 12:00:00,0.01141,0.01147,0.01109,0.0112,48078728.0
2025-10-11 13:00:00,0.0112,0.01127,0.01092,0.01122,70950431.0
2025-10-11 14:00:00,0.01123,0.01124,0.01104,0.0112,39731208.0
2025-10-11 15:00:00,0.0112,0.01134,0.01107,0.01112,74621985.0
2025-10-11 16:00:00,0.01112,0.01117,0.01089,0.01092,76419535.0
2025-10-11 17:00:00,0.01092,0.01104,0.01088,0.01099,47759711.0
2025-10-11 18:00:00,0.01099,0.01099,0.01083,0.01084,31171884.0
2025-10-11 19:00:00,0.01083,0.01085,0.01032,0.01048,108435404.0
2025-10-11 20:00:00,0.01047,0.01048,0.01016,0.01026,99646358.0
2025-10-11 21:00:00,0.01025,0.01062,0.01003,0.01051,112861464.0
2025-10-11 22:00:00,0.01052,0.01065,0.01047,0.01063,64503676.0
2025-10-11 23:00:00,0.01062,0.01068,0.01052,0.01057,24855668.0
2025-10-12 00:00:00,0.01056,0.01074,0.0105,0.01052,26950923.0
2025-10-12 01:00:00,0.01052,0.01075,0.0105,0.01054,40204447.0
2025-10-12 02:00:00,0.01054,0.01071,0.01046,0.0106,32362037.0
2025-10-12 03:00:00,0.0106,0.01088,0.01057,0.01074,48659811.0
2025-10-12 04:00:00,0.01075,0.01092,0.01072,0.0108,27434681.0
2025-10-12 05:00:00,0.01081,0.01087,0.01076,0.01078,25659187.0
2025-10-12 06:00:00,0.01078,0.01088,0.01076,0.0108,45570332.0
2025-10-12 07:00:00,0.0108,0.01085,0.01071,0.0108,29522854.0
2025-10-12 08:00:00,0.01079,0.01092,0.01071,0.01071,41858108.0
2025-10-12 09:00:00,0.01071,0.01079,0.01059,0.01078,40165979.0
2025-10-12 10:00:00,0.01079,0.01084,0.01068,0.01072,40278668.0
2025-10-12 11:00:00,0.01072,0.01086,0.01072,0.01079,51619917.0
2025-10-12 12:00:00,0.0108,0.01096,0.01077,0.01088,55115718.0
2025-10-12 13:00:00,0.01089,0.01099,0.01072,0.01075,47956795.0
2025-10-12 14:00:00,0.01075,0.0115,0.01074,0.0113,130428821.0
2025-10-12 15:00:00,0.01131,0.01183,0.01129,0.01179,157902845.0
2025-10-12 16:00:00,0.0118,0.01214,0.01176,0.01195,134316728.0
2025-10-12 17:00:00,0.01196,0.0121,0.01191,0.01207,63838936.0
2025-10-12 18:00:00,0.01208,0.01217,0.01187,0.01198,70155618.0
2025-10-12 19:00:00,0.01198,0.01214,0.01197,0.01211,50500119.0
2025-10-12 20:00:00,0.01211,0.01224,0.01204,0.01208,54019590.0
2025-10-12 21:00:00,0.01208,0.01214,0.01178,0.012,52116262.0
2025-10-12 22:00:00,0.012,0.01212,0.01187,0.01194,29223663.0
2025-10-12 23:00:00,0.01194,0.01198,0.01179,0.01194,44535853.0
2025-10-13 00:00:00,0.01195,0.01206,0.01176,0.01181,44256794.0
2025-10-13 01:00:00,0.01179,0.01195,0.01173,0.01193,24162442.0
2025-10-13 02:00:00,0.01193,0.012,0.01182,0.01192,23768362.0
2025-10-13 03:00:00,0.01193,0.01196,0.01176,0.01179,18299207.0
2025-10-13 04:00:00,0.0118,0.01187,0.01174,0.01185,12608943.0
2025-10-13 05:00:00,0.01185,0.01187,0.01176,0.01178,19425144.0
2025-10-13 06:00:00,0.01178,0.01199,0.01171,0.01195,34878133.0
2025-10-13 07:00:00,0.01196,0.01211,0.01191,0.01198,69697495.0
2025-10-13 08:00:00,0.01199,0.01223,0.01195,0.01216,65361281.0
2025-10-13 09:00:00,0.01216,0.01221,0.01205,0.01219,50578747.0
2025-10-13 10:00:00,0.01219,0.01223,0.01205,0.01218,30915699.0
2025-10-13 11:00:00,0.01217,0.01218,0.01158,0.01187,205946824.0
2025-10-13 12:00:00,0.01186,0.01209,0.01172,0.01195,66033880.0
2025-10-13 13:00:00,0.01195,0.01241,0.01189,0.0122,264839875.0
2025-10-13 14:00:00,0.0122,0.01225,0.0118,0.01192,162526320.0
2025-10-13 15:00:00,0.01192,0.01229,0.0119,0.0122,65628852.0
2025-10-13 16:00:00,0.0122,0.01234,0.01209,0.01228,71069526.0
2025-10-13 17:00:00,0.01228,0.01261,0.01222,0.01257,89267769.0
2025-10-13 18:00:00,0.01256,0.01259,0.01236,0.01243,82728962.0
2025-10-13 19:00:00,0.01243,0.0126,0.01241,0.01256,79864426.0
2025-10-13 20:00:00,0.01256,0.01264,0.01247,0.01262,45743625.0
2025-10-13 21:00:00,0.01262,0.01269,0.01248,0.01251,45831251.0
2025-10-13 22:00:00,0.0125,0.01264,0.0125,0.01257,32817968.0
2025-10-13 23:00:00,0.01256,0.01263,0.01245,0.0125,34637868.0
2025-10-14 00:00:00,0.01251,0.01259,0.01241,0.01248,29769234.0
2025-10-14 01:00:00,0.01248,0.01249,0.01235,0.01242,24695856.0
2025-10-14 02:00:00,0.01242,0.01243,0.01222,0.01223,23768826.0
2025-10-14 03:00:00,0.01223,0.01223,0.01208,0.01211,25309825.0
2025-10-14 04:00:00,0.01211,0.01217,0.01182,0.01191,39994222.0
2025-10-14 05:00:00,0.0119,0.01206,0.01171,0.01182,75939222.0
2025-10-14 06:00:00,0.01182,0.0119,0.01117,0.01146,123077553.0
2025-10-14 07:00:00,0.01146,0.01156,0.01134,0.01143,81907199.0
2025-10-14 08:00:00,0.01143,0.01162,0.01134,0.01152,36006126.0
2025-10-14 09:00:00,0.01151,0.01163,0.0115,0.01158,40146301.0
2025-10-14 10:00:00,0.01158,0.01158,0.01123,0.01143,74737535.0
2025-10-14 11:00:00,0.01143,0.01166,0.01142,0.01155,29582245.0
2025-10-14 12:00:00,0.01155,0.01156,0.0113,0.01131,69703113.0
2025-10-14 13:00:00,0.01132,0.01155,0.01117,0.01145,78496601.0
2025-10-14 14:00:00,0.01145,0.01174,0.01138,0.01156,64672946.0
2025-10-14 15:00:00,0.01156,0.01197,0.01148,0.01194,44261953.0
2025-10-14 16:00:00,0.01194,0.01215,0.01182,0.01191,73515748.0
2025-10-14 17:00:00,0.01191,0.01212,0.01173,0.01204,38815600.0
2025-10-14 18:00:00,0.01204,0.01221,0.01202,0.01207,21178854.0
2025-10-14 19:00:00,0.01208,0.01217,0.0118,0.01199,55567532.0
2025-10-14 20:00:00,0.01199,0.01205,0.0119,0.01203,18852487.0
2025-10-14 21:00:00,0.01203,0.01207,0.01192,0.01207,20224941.0
2025-10-14 22:00:00,0.01207,0.01216,0.01197,0.01202,22224463.0
2025-10-14 23:00:00,0.01201,0.01208,0.01201,0.01203,17084056.0
2025-10-15 00:00:00,0.01203,0.01204,0.0119,0.012,15965492.0
2025-10-15 01:00:00,0.012,0.01201,0.01186,0.01193,15150478.0
2025-10-15 02:00:00,0.01194,0.01213,0.01194,0.012,22406360.0
2025-10-15 03:00:00,0.012,0.01203,0.01183,0.01192,27978210.0
2025-10-15 04:00:00,0.01192,0.01207,0.01188,0.01204,10491476.0
2025-10-15 05:00:00,0.01204,0.01216,0.01202,0.01203,47775236.0
2025-10-15 06:00:00,0.01203,0.01214,0.01192,0.01211,41710426.0
2025-10-15 07:00:00,0.01211,0.01216,0.01199,0.01211,35958906.0
2025-10-15 08:00:00,0.0121,0.01232,0.01207,0.01212,43765865.0
2025-10-15 09:00:00,0.01211,0.01212,0.01196,0.01202,23665899.0
2025-10-15 10:00:00,0.01201,0.01206,0.0119,0.01195,29198748.0
2025-10-15 11:00:00,0.01194,0.01197,0.01175,0.01181,29140441.0
2025-10-15 12:00:00,0.0118,0.01183,0.01158,0.01168,50035720.0
2025-10-15 13:00:00,0.01167,0.01182,0.01146,0.01176,67128323.0
2025-10-15 14:00:00,0.01176,0.01191,0.01159,0.01168,66939112.0
2025-10-15 15:00:00,0.01168,0.0118,0.01151,0.01162,53769954.0
2025-10-15 16:00:00,0.01162,0.01173,0.01154,0.01167,32805429.0
2025-10-15 17:00:00,0.01166,0.01168,0.01152,0.01168,51594923.0
2025-10-15 18:00:00,0.01168,0.01175,0.0116,0.01173,25218403.0
2025-10-15 19:00:00,0.01173,0.01174,0.01152,0.01157,18595961.0
2025-10-15 20:00:00,0.01158,0.01163,0.01127,0.01145,40718153.0
2025-10-15 21:00:00,0.01145,0.01155,0.01131,0.0114,23259144.0
2025-10-15 22:00:00,0.0114,0.0115,0.01133,0.01137,21667239.0
2025-10-15 23:00:00,0.01137,0.01145,0.01136,0.01142,17258272.0
2025-10-16 00:00:00,0.01142,0.01148,0.01135,0.01135,17787464.0
2025-10-16 01:00:00,0.01136,0.01155,0.01136,0.01153,19683845.0
2025-10-16 02:00:00,0.01153,0.01161,0.01144,0.01155,17763532.0
2025-10-16 03:00:00,0.01156,0.01156,0.01148,0.01148,15638582.0
2025-10-16 04:00:00,0.01148,0.01164,0.01146,0.01152,20151525.0
2025-10-16 05:00:00,0.01152,0.01166,0.01148,0.01157,13570970.0
2025-10-16 06:00:00,0.01157,0.01174,0.01157,0.0117,19967207.0
2025-10-16 07:00:00,0.0117,0.01172,0.01156,0.01159,20916574.0
2025-10-16 08:00:00,0.0116,0.01164,0.01146,0.01148,22407857.0
2025-10-16 09:00:00,0.01148,0.01175,0.01112,0.01163,131011463.0
2025-10-16 10:00:00,0.01163,0.01179,0.01161,0.01169,33276150.0
2025-10-16 11:00:00,0.01169,0.01174,0.01159,0.01169,20002330.0
2025-10-16 12:00:00,0.01169,0.01182,0.01167,0.01173,61983051.0
2025-10-16 13:00:00,0.01173,0.01184,0.01166,0.0117,54865897.0
2025-10-16 14:00:00,0.01171,0.01181,0.01141,0.01156,72262660.0
2025-10-16 15:00:00,0.01157,0.01163,0.01114,0.01125,71028920.0
2025-10-16 16:00:00,0.01124,0.01161,0.01109,0.0116,152412827.0
2025-10-16 17:00:00,0.0116,0.0116,0.01134,0.01139,54891281.0
2025-10-16 18:00:00,0.01139,0.0114,0.0112,0.01133,31837961.0
2025-10-16 19:00:00,0.01134,0.01136,0.01098,0.01112,70875439.0
2025-10-16 20:00:00,0.01112,0.01116,0.01083,0.01092,50018276.0
2025-10-16 21:00:00,0.01092,0.01113,0.01089,0.01112,28953530.0
2025-10-16 22:00:00,0.01112,0.01119,0.01098,0.01098,63827426.0
2025-10-16 23:00:00,0.01098,0.01114,0.01097,0.01111,22625148.0
2025-10-17 00:00:00,0.01111,0.01121,0.01109,0.01119,27440577.0
2025-10-17 01:00:00,0.01119,0.01131,0.01112,0.01116,32626652.0
2025-10-17 02:00:00,0.01115,0.01118,0.01099,0.01111,45870064.0
2025-10-17 03:00:00,0.01112,0.01116,0.01108,0.01115,15793467.0
2025-10-17 04:00:00,0.01116,0.01116,0.01105,0.01108,20427665.0
2025-10-17 05:00:00,0.01108,0.01109,0.01091,0.01094,30946178.0
2025-10-17 06:00:00,0.01095,0.011,0.01051,0.01057,138065914.0
2025-10-17 07:00:00,0.01057,0.01061,0.01022,0.01028,140724823.0
2025-10-17 08:00:00,0.01029,0.01036,0.01007,0.01016,124107363.0
2025-10-17 09:00:00,0.01016,0.01057,0.01013,0.01034,58342738.0
2025-10-17 10:00:00,0.01034,0.0104,0.01014,0.01032,62133929.0
2025-10-17 11:00:00,0.01032,0.01067,0.0103,0.01055,104890246.0
2025-10-17 12:00:00,0.01055,0.01066,0.0105,0.0105,34527854.0
2025-10-17 13:00:00,0.01051,0.01068,0.01041,0.01058,82379751.0
2025-10-17 14:00:00,0.01058,0.01063,0.01037,0.01048,68338970.0
2025-10-17 15:00:00,0.01048,0.0107,0.01043,0.01069,52295077.0
2025-10-17 16:00:00,0.01068,0.01085,0.01059,0.01063,66780934.0
2025-10-17 17:00:00,0.01064,0.01074,0.01059,0.01071,28111317.0
2025-10-17 18:00:00,0.01072,0.01079,0.01066,0.01068,22186878.0
2025-10-17 19:00:00,0.01069,0.01073,0.0106,0.01067,21553557.0
2025-10-17 20:00:00,0.01067,0.01078,0.01062,0.01074,24592233.0
2025-10-17 21:00:00,0.01075,0.01086,0.01074,0.01082,25431217.0
2025-10-17 22:00:00,0.01082,0.01084,0.01072,0.01075,20840083.0
2025-10-17 23:00:00,0.01075,0.01076,0.01066,0.01069,36729573.0
2025-10-18 00:00:00,0.01069,0.01074,0.01065,0.0107,21758802.0
2025-10-18 01:00:00,0.01071,0.01083,0.01071,0.01082,19725662.0
2025-10-18 02:00:00,0.01082,0.01085,0.01071,0.01075,33387594.0
2025-10-18 03:00:00,0.01075,0.01082,0.01074,0.01078,21319046.0
2025-10-18 04:00:00,0.01077,0.01077,0.01066,0.01067,16999737.0
2025-10-18 05:00:00,0.01066,0.01073,0.01063,0.01072,17658588.0
2025-10-18 06:00:00,0.01073,0.01079,0.01068,0.01076,15536896.0
2025-10-18 07:00:00,0.01076,0.01096,0.01074,0.01086,47654373.0
2025-10-18 08:00:00,0.01085,0.01094,0.01085,0.01088,24042549.0
2025-10-18 09:00:00,0.01087,0.01103,0.01084,0.01099,33309683.0
2025-10-18 10:00:00,0.01099,0.01101,0.01091,0.01098,24288423.0
2025-10-18 11:00:00,0.01098,0.01102,0.01091,0.01099,22779967.0
2025-10-18 12:00:00,0.01099,0.01105,0.01095,0.01099,17873277.0
2025-10-18 13:00:00,0.01099,0.01099,0.01081,0.01083,29225859.0
2025-10-18 14:00:00,0.01083,0.01093,0.01074,0.01092,20404939.0
2025-10-18 15:00:00,0.01091,0.01096,0.0108,0.01089,17558991.0
2025-10-18 16:00:00,0.01088,0.01091,0.01072,0.0108,28047679.0
2025-10-18 17:00:00,0.0108,0.01094,0.01076,0.01093,20406000.0
2025-10-18 18:00:00,0.01093,0.01097,0.01088,0.01091,17699279.0
2025-10-18 19:00:00,0.01091,0.01097,0.01086,0.01096,26282385.0
2025-10-18 20:00:00,0.01096,0.01106,0.01095,0.01098,19290679.0
2025-10-18 21:00:00,0.01098,0.01103,0.01092,0.01102,20794235.0
2025-10-18 22:00:00,0.01103,0.01104,0.01095,0.01097,14332243.0
2025-10-18 23:00:00,0.01096,0.01099,0.01094,0.01095,15011949.0
2025-10-19 00:00:00,0.01096,0.01097,0.01088,0.01093,18427046.0
2025-10-19 01:00:00,0.01092,0.01097,0.01088,0.01095,10085806.0
2025-10-19 02:00:00,0.01095,0.01098,0.01088,0.01092,7658846.0
2025-10-19 03:00:00,0.01091,0.01104,0.01089,0.01103,12745503.0
2025-10-19 04:00:00,0.01103,0.01103,0.01091,0.01094,16653370.0
2025-10-19 05:00:00,0.01094,0.01099,0.01086,0.01089,6395872.0
2025-10-19 06:00:00,0.0109,0.01092,0.01081,0.01086,12339945.0
2025-10-19 07:00:00,0.01086,0.01091,0.01084,0.01088,17697164.0
2025-10-19 08:00:00,0.01088,0.01104,0.01077,0.0108,58983089.0
2025-10-19 09:00:00,0.0108,0.01108,0.01072,0.01096,65025563.0
2025-10-19 10:00:00,0.01097,0.01118,0.01091,0.0111,45972256.0
2025-10-19 11:00:00,0.01109,0.01123,0.01106,0.01109,39539634.0
2025-10-19 12:00:00,0.0111,0.01113,0.011,0.01104,31078526.0
2025-10-19 13:00:00,0.01105,0.01125,0.011,0.01119,36578023.0
2025-10-19 14:00:00,0.0112,0.01128,0.01112,0.01127,50199289.0
2025-10-19 15:00:00,0.01127,0.01128,0.01119,0.01122,43158536.0
2025-10-19 16:00:00,0.01122,0.01128,0.01114,0.01124,34806906.0
2025-10-19 17:00:00,0.01124,0.01137,0.01123,0.01124,45491486.0
2025-10-19 18:00:00,0.01125,0.01131,0.01123,0.01126,16564179.0
2025-10-19 19:00:00,0.01127,0.01129,0.01121,0.01127,20616033.0
2025-10-19 20:00:00,0.01127,0.01131,0.01123,0.01131,19286131.0
2025-10-19 21:00:00,0.01131,0.01131,0.01118,0.01125,23130886.0
2025-10-19 22:00:00,0.01126,0.0113,0.01124,0.01126,17943603.0
2025-10-19 23:00:00,0.01125,0.01126,0.01114,0.01116,27971866.0
2025-10-20 00:00:00,0.01117,0.01117,0.01092,0.01109,38359666.0
2025-10-20 01:00:00,0.01109,0.01113,0.01101,0.01107,15119906.0
2025-10-20 02:00:00,0.01106,0.01118,0.01098,0.01114,11953244.0
2025-10-20 03:00:00,0.01113,0.01149,0.01111,0.01145,29129982.0
2025-10-20 04:00:00,0.01145,0.0115,0.0114,0.01147,29107469.0
2025-10-20 05:00:00,0.01147,0.01155,0.0114,0.01154,31069640.0
2025-10-20 06:00:00,0.01154,0.01171,0.01145,0.01162,63188173.0
2025-10-20 07:00:00,0.01161,0.01164,0.0115,0.01155,54391317.0
2025-10-20 08:00:00,0.01156,0.01163,0.01148,0.01154,17853255.0
2025-10-20 09:00:00,0.01153,0.0116,0.0115,0.01157,24585941.0
2025-10-20 10:00:00,0.01158,0.01172,0.01152,0.01156,24589107.0
2025-10-20 11:00:00,0.01157,0.01157,0.01149,0.01154,21878493.0
2025-10-20 12:00:00,0.01155,0.01159,0.01148,0.01152,20319860.0
2025-10-20 13:00:00,0.01153,0.01164,0.01148,0.01163,27259453.0
2025-10-20 14:00:00,0.01164,0.01164,0.01151,0.01157,24451728.0
2025-10-20 15:00:00,0.01157,0.01161,0.01142,0.01143,28633380.0
2025-10-20 16:00:00,0.01143,0.01144,0.01118,0.01132,64043836.0
2025-10-20 17:00:00,0.01132,0.01141,0.01126,0.01134,44998350.0
2025-10-20 18:00:00,0.01134,0.01143,0.01129,0.01142,25352870.0
2025-10-20 19:00:00,0.01141,0.01157,0.01137,0.01153,19677496.0
2025-10-20 20:00:00,0.01153,0.01154,0.01147,0.01151,18691632.0
2025-10-20 21:00:00,0.01151,0.01155,0.01138,0.0114,16634047.0
2025-10-20 22:00:00,0.01139,0.01145,0.01138,0.01139,11592776.0
2025-10-20 23:00:00,0.01139,0.01139,0.01132,0.01133,12886174.0
2025-10-21 00:00:00,0.01133,0.01135,0.0113,0.01131,10139437.0
2025-10-21 01:00:00,0.01131,0.01132,0.0112,0.01124,25984781.0
2025-10-21 02:00:00,0.01124,0.01125,0.01115,0.01115,16540809.0
2025-10-21 03:00:00,0.01115,0.01119,0.01105,0.0111,24322832.0
2025-10-21 04:00:00,0.0111,0.01111,0.01085,0.01087,51585934.0
2025-10-21 05:00:00,0.01088,0.01095,0.01083,0.01087,26728704.0
2025-10-21 06:00:00,0.01087,0.01093,0.01083,0.01089,18441506.0
2025-10-21 07:00:00,0.01089,0.01098,0.01087,0.01096,22674927.0
2025-10-21 08:00:00,0.01096,0.01096,0.01079,0.01088,24932317.0
2025-10-21 09:00:00,0.01087,0.01091,0.01084,0.01088,22433691.0
2025-10-21 10:00:00,0.01088,0.01107,0.01087,0.01101,20200054.0
2025-10-21 11:00:00,0.01101,0.01106,0.01096,0.01102,11826071.0
2025-10-21 12:00:00,0.01103,0.0112,0.011,0.01111,39689854.0
2025-10-21 13:00:00,0.01111,0.01118,0.01101,0.01108,34773490.0
2025-10-21 14:00:00,0.01109,0.01161,0.01108,0.01158,66343768.0
2025-10-21 15:00:00,0.01159,0.01178,0.01152,0.01169,103192933.0
2025-10-21 16:00:00,0.01169,0.01179,0.01149,0.01153,58618387.0
2025-10-21 17:00:00,0.01154,0.01167,0.01142,0.0116,66466035.0
2025-10-21 18:00:00,0.0116,0.01164,0.01152,0.0116,12073638.0
2025-10-21 19:00:00,0.0116,0.01164,0.01153,0.01153,24974367.0
2025-10-21 20:00:00,0.01154,0.01156,0.01135,0.01143,45488415.0
2025-10-21 21:00:00,0.01142,0.01145,0.01121,0.01141,41714996.0
2025-10-21 22:00:00,0.01141,0.01141,0.01106,0.01111,69261462.0
2025-10-21 23:00:00,0.0111,0.01113,0.01089,0.01091,53628690.0
2025-10-22 00:00:00,0.01091,0.01097,0.0108,0.01088,38639132.0
2025-10-22 01:00:00,0.01088,0.01098,0.01085,0.01089,35839668.0
2025-10-22 02:00:00,0.0109,0.01095,0.01086,0.01087,25333905.0
2025-10-22 03:00:00,0.01087,0.01088,0.0108,0.01086,19597637.0
2025-10-22 04:00:00,0.01087,0.01099,0.01086,0.01098,19056745.0
2025-10-22 05:00:00,0.01098,0.01098,0.0107,0.01083,53349478.0
2025-10-22 06:00:00,0.01082,0.01086,0.01079,0.01079,17316036.0
2025-10-22 07:00:00,0.01079,0.01087,0.01074,0.01085,21121978.0
2025-10-22 08:00:00,0.01085,0.01085,0.01077,0.01079,16137288.0
2025-10-22 09:00:00,0.01079,0.01081,0.01066,0.01072,31613603.0
2025-10-22 10:00:00,0.01073,0.01082,0.01068,0.01068,21791410.0
2025-10-22 11:00:00,0.01068,0.01088,0.01056,0.0108,42003478.0
2025-10-22 12:00:00,0.01079,0.01089,0.01074,0.0108,21669426.0
2025-10-22 13:00:00,0.0108,0.01097,0.01075,0.01096,42078199.0
2025-10-22 14:00:00,0.01095,0.01095,0.0107,0.01094,63261354.0
2025-10-22 15:00:00,0.01095,0.011,0.01074,0.01084,36747071.0
2025-10-22 16:00:00,0.01084,0.01089,0.0107,0.01078,44188163.0
2025-10-22 17:00:00,0.01078,0.0108,0.0106,0.01064,23933750.0
2025-10-22 18:00:00,0.01064,0.01071,0.01056,0.01062,22279034.0
2025-10-22 19:00:00,0.01062,0.01074,0.01051,0.01061,30295677.0
2025-10-22 20:00:00,0.01062,0.01065,0.01044,0.01046,25538771.0
2025-10-22 21:00:00,0.01046,0.01047,0.0101,0.01027,87408416.0
2025-10-22 22:00:00,0.01026,0.01035,0.0102,0.01025,21123762.0
2025-10-22 23:00:00,0.01025,0.01051,0.01025,0.01047,26118164.0
2025-10-23 00:00:00,0.01047,0.0105,0.01042,0.01048,12271775.0
2025-10-23 01:00:00,0.01048,0.01055,0.01045,0.01047,17365969.0
2025-10-23 02:00:00,0.01048,0.01052,0.01046,0.01051,10881039.0
2025-10-23 03:00:00,0.0105,0.01054,0.01047,0.01049,9168130.0
2025-10-23 04:00:00,0.0105,0.01059,0.01047,0.01055,4891400.0
2025-10-23 05:00:00,0.01055,0.01063,0.01054,0.01063,12828364.0
2025-10-23 06:00:00,0.01062,0.01077,0.0106,0.01075,35059138.0
2025-10-23 07:00:00,0.01074,0.01075,0.01066,0.01072,16672362.0
2025-10-23 08:00:00,0.01072,0.01086,0.01072,0.01079,31753155.0
2025-10-23 09:00:00,0.01079,0.01083,0.01076,0.01081,20737507.0
2025-10-23 10:00:00,0.01082,0.01088,0.01079,0.0108,16911810.0
2025-10-23 11:00:00,0.01079,0.01081,0.01071,0.01074,31325272.0
2025-10-23 12:00:00,0.01073,0.01073,0.01061,0.01072,25963293.0
2025-10-23 13:00:00,0.01072,0.01088,0.01068,0.01083,29198373.0
2025-10-23 14:00:00,0.01083,0.01085,0.0107,0.01079,34914682.0
2025-10-23 15:00:00,0.0108,0.01095,0.01077,0.01088,25449594.0
2025-10-23 16:00:00,0.01088,0.01104,0.01087,0.01101,22449960.0
2025-10-23 17:00:00,0.01102,0.01122,0.01091,0.01115,49916905.0
2025-10-23 18:00:00,0.01116,0.01116,0.01097,0.01098,34483022.0
2025-10-23 19:00:00,0.01099,0.01101,0.01092,0.011,17959518.0
2025-10-23 20:00:00,0.011,0.011,0.0108,0.01086,23449087.0
2025-10-23 21:00:00,0.01085,0.01091,0.01083,0.01086,23926470.0
2025-10-23 22:00:00,0.01085,0.01093,0.01084,0.0109,18507229.0
2025-10-23 23:00:00,0.0109,0.0109,0.01084,0.0109,11344742.0
2025-10-24 00:00:00,0.01091,0.01102,0.01087,0.01098,19234439.0
2025-10-24 01:00:00,0.01099,0.011,0.01091,0.01098,13572518.0
2025-10-24 02:00:00,0.01098,0.01098,0.0109,0.0109,17253268.0
2025-10-24 03:00:00,0.0109,0.01091,0.01084,0.01087,16270233.0
2025-10-24 04:00:00,0.01088,0.01113,0.01083,0.0111,27686463.0
2025-10-24 05:00:00,0.0111,0.01111,0.01101,0.01104,18858098.0
2025-10-24 06:00:00,0.01103,0.01107,0.01101,0.01106,19002408.0
2025-10-24 07:00:00,0.01106,0.01106,0.0109,0.01098,19360118.0
2025-10-24 08:00:00,0.01098,0.01107,0.01093,0.011,11692594.0
2025-10-24 09:00:00,0.01101,0.01101,0.01094,0.01095,9799933.0
2025-10-24 10:00:00,0.01095,0.01096,0.01088,0.01089,12645018.0
2025-10-24 11:00:00,0.01089,0.01092,0.01078,0.01092,18413970.0
2025-10-24 12:00:00,0.01092,0.01125,0.0109,0.01102,65911826.0
2025-10-24 13:00:00,0.01102,0.01104,0.01084,0.01094,30536819.0
2025-10-24 14:00:00,0.01094,0.01094,0.01075,0.01085,27865983.0
2025-10-24 15:00:00,0.01084,0.01093,0.01079,0.01086,22459996.0
2025-10-24 16:00:00,0.01087,0.01088,0.01078,0.01085,19042792.0
2025-10-24 17:00:00,0.01085,0.01101,0.01084,0.01091,29674773.0
2025-10-24 18:00:00,0.01091,0.01105,0.0109,0.01104,19055249.0
2025-10-24 19:00:00,0.01104,0.01114,0.01104,0.0111,23441855.0
2025-10-24 20:00:00,0.01109,0.01114,0.01106,0.01108,15489144.0
2025-10-24 21:00:00,0.01109,0.01114,0.01109,0.01113,15188067.0
2025-10-24 22:00:00,0.01114,0.01121,0.01111,0.01117,24193584.0
2025-10-24 23:00:00,0.01118,0.01119,0.01113,0.01117,22174619.0
2025-10-25 00:00:00,0.01117,0.01119,0.01109,0.01112,16397372.0
2025-10-25 01:00:00,0.01112,0.01118,0.01108,0.01111,18168781.0
2025-10-25 02:00:00,0.01112,0.01114,0.01106,0.01113,16558863.0
2025-10-25 03:00:00,0.01113,0.01113,0.01105,0.01108,12736977.0
2025-10-25 04:00:00,0.01108,0.01117,0.01107,0.01114,14321306.0
2025-10-25 05:00:00,0.01113,0.01113,0.01104,0.01106,13177461.0
2025-10-25 06:00:00,0.01106,0.01107,0.01099,0.01101,10384350.0
2025-10-25 07:00:00,0.01102,0.0111,0.01099,0.01103,20886892.0
2025-10-25 08:00:00,0.01102,0.01109,0.01101,0.01109,16199361.0
2025-10-25 09:00:00,0.01109,0.01112,0.01104,0.01106,17060395.0
2025-10-25 10:00:00,0.01106,0.01107,0.01101,0.01104,9801817.0
2025-10-25 11:00:00,0.01103,0.01109,0.01101,0.01108,12577566.0
2025-10-25 12:00:00,0.01108,0.01116,0.01108,0.01114,19913210.0
2025-10-25 13:00:00,0.01114,0.01115,0.0111,0.0111,9547167.0
2025-10-25 14:00:00,0.0111,0.0112,0.01108,0.01118,28322709.0
2025-10-25 15:00:00,0.01118,0.01121,0.01114,0.01119,19938692.0
2025-10-25 16:00:00,0.0112,0.0112,0.01112,0.01114,17412349.0
2025-10-25 17:00:00,0.01114,0.01119,0.01112,0.01113,13165287.0
2025-10-25 18:00:00,0.01112,0.01121,0.0111,0.01117,20907721.0
2025-10-25 19:00:00,0.01118,0.01118,0.01113,0.01117,8668482.0
2025-10-25 20:00:00,0.01117,0.01119,0.01112,0.01112,10376831.0
2025-10-25 21:00:00,0.01113,0.01114,0.01106,0.0111,16138130.0
2025-10-25 22:00:00,0.01111,0.01115,0.01107,0.01114,15872799.0
2025-10-25 23:00:00,0.01113,0.01113,0.01104,0.01106,21812107.0
2025-10-26 00:00:00,0.01107,0.01111,0.01101,0.01106,21182470.0
2025-10-26 01:00:00,0.01106,0.01109,0.01093,0.01098,20154268.0
2025-10-26 02:00:00,0.01098,0.011,0.01091,0.01096,16225407.0
2025-10-26 03:00:00,0.01095,0.01097,0.0109,0.01095,6826211.0
2025-10-26 04:00:00,0.01095,0.011,0.01093,0.01098,9359627.0
2025-10-26 05:00:00,0.01098,0.01104,0.01095,0.01103,10677409.0
2025-10-26 06:00:00,0.01103,0.01103,0.01099,0.01102,7120495.0
2025-10-26 07:00:00,0.01103,0.01113,0.01101,0.01112,12045098.0
2025-10-26 08:00:00,0.01111,0.01115,0.01109,0.01111,12382404.0
2025-10-26 09:00:00,0.01112,0.01127,0.01107,0.01124,32890392.0
2025-10-26 10:00:00,0.01124,0.01124,0.01116,0.0112,16302414.0
2025-10-26 11:00:00,0.0112,0.01139,0.01116,0.01137,33971132.0
2025-10-26 12:00:00,0.01136,0.0114,0.01131,0.01137,36611169.0
2025-10-26 13:00:00,0.01137,0.01144,0.01132,0.0114,23509522.0
2025-10-26 14:00:00,0.0114,0.01141,0.01134,0.01139,26327719.0
2025-10-26 15:00:00,0.01138,0.0115,0.01134,0.0115,29538005.0
2025-10-26 16:00:00,0.0115,0.0115,0.01137,0.01138,26176389.0
2025-10-26 17:00:00,0.01138,0.01144,0.01136,0.01142,19086969.0
2025-10-26 18:00:00,0.01143,0.01147,0.01141,0.01142,20058682.0
2025-10-26 19:00:00,0.01143,0.01143,0.01138,0.01141,9832234.0
2025-10-26 20:00:00,0.01141,0.01142,0.01129,0.01131,26398203.0
2025-10-26 21:00:00,0.01132,0.0114,0.01125,0.01139,16973553.0
2025-10-26 22:00:00,0.01139,0.01167,0.01139,0.01156,56358974.0
2025-10-26 23:00:00,0.01156,0.01158,0.01144,0.01145,15580862.0
2025-10-27 00:00:00,0.01146,0.01158,0.01144,0.01154,22152693.0
2025-10-27 01:00:00,0.01155,0.01163,0.0115,0.01161,17379648.0
2025-10-27 02:00:00,0.01161,0.01164,0.01148,0.01155,19671370.0
2025-10-27 03:00:00,0.01155,0.0116,0.01151,0.01156,14357698.0
2025-10-27 04:00:00,0.01156,0.01158,0.01152,0.01157,8344473.0
2025-10-27 05:00:00,0.01157,0.01167,0.01154,0.01155,16554350.0
2025-10-27 06:00:00,0.01155,0.01159,0.01148,0.01154,24493084.0
2025-10-27 07:00:00,0.01155,0.01158,0.01138,0.01147,34374342.0
2025-10-27 08:00:00,0.01147,0.0115,0.01133,0.01138,35034018.0
2025-10-27 09:00:00,0.01138,0.01138,0.01125,0.0113,33063221.0
2025-10-27 10:00:00,0.01129,0.01133,0.01126,0.0113,16811233.0
2025-10-27 11:00:00,0.0113,0.01133,0.01121,0.01133,22993324.0
2025-10-27 12:00:00,0.01133,0.01134,0.0112,0.0112,17372855.0
2025-10-27 13:00:00,0.0112,0.01127,0.01105,0.01123,47805183.0
2025-10-27 14:00:00,0.01124,0.01125,0.01109,0.01115,42487921.0
2025-10-27 15:00:00,0.01116,0.01128,0.01116,0.01121,25874775.0
2025-10-27 16:00:00,0.01121,0.01144,0.01121,0.01142,24589673.0
2025-10-27 17:00:00,0.01141,0.01151,0.01137,0.01149,32512515.0
2025-10-27 18:00:00,0.01148,0.01154,0.01144,0.01145,32018201.0
2025-10-27 19:00:00,0.01146,0.01147,0.0113,0.01132,32097486.0
2025-10-27 20:00:00,0.01132,0.01133,0.01119,0.01121,24419289.0
2025-10-27 21:00:00,0.01121,0.01135,0.01119,0.01124,19118806.0
2025-10-27 22:00:00,0.01125,0.01131,0.01116,0.01119,12706807.0
2025-10-27 23:00:00,0.01119,0.01123,0.01109,0.0112,31470135.0
2025-10-28 00:00:00,0.0112,0.01126,0.01115,0.01122,21618731.0
2025-10-28 01:00:00,0.01123,0.01131,0.01121,0.01122,11010474.0
2025-10-28 02:00:00,0.01124,0.01127,0.01104,0.01114,21353780.0
2025-10-28 03:00:00,0.01113,0.01117,0.011,0.01107,34635945.0
2025-10-28 04:00:00,0.01106,0.01117,0.01102,0.01113,17945328.0
2025-10-28 05:00:00,0.01113,0.01117,0.01095,0.01099,34054814.0
2025-10-28 06:00:00,0.01099,0.01125,0.01099,0.01125,29891094.0
2025-10-28 07:00:00,0.01125,0.01129,0.01107,0.0111,33200086.0
2025-10-28 08:00:00,0.0111,0.01118,0.01109,0.01116,12603029.0
2025-10-28 09:00:00,0.01116,0.01119,0.01109,0.01115,18116960.0
2025-10-28 10:00:00,0.01116,0.01116,0.01108,0.01114,22706234.0
2025-10-28 11:00:00,0.01113,0.01119,0.0111,0.01111,14404846.0
2025-10-28 12:00:00,0.01111,0.01123,0.01108,0.01122,19028161.0
2025-10-28 13:00:00,0.01121,0.01134,0.01121,0.01131,40937383.0
2025-10-28 14:00:00,0.01131,0.01136,0.0109,0.01116,74895252.0
2025-10-28 15:00:00,0.01116,0.01123,0.01105,0.01111,31548712.0
2025-10-28 16:00:00,0.0111,0.01122,0.01104,0.01118,22851667.0
2025-10-28 17:00:00,0.01118,0.01121,0.01112,0.01117,11771473.0
2025-10-28 18:00:00,0.01116,0.01122,0.01105,0.0111,9765243.0
2025-10-28 19:00:00,0.0111,0.01113,0.01085,0.01092,39769564.0
2025-10-28 20:00:00,0.01091,0.01091,0.01062,0.01072,88978301.0
2025-10-28 21:00:00,0.01071,0.01081,0.01053,0.01072,49037702.0
2025-10-28 22:00:00,0.01072,0.01083,0.01068,0.01079,23249215.0
2025-10-28 23:00:00,0.0108,0.0108,0.01074,0.01076,21055350.0
2025-10-29 00:00:00,0.01076,0.01081,0.01072,0.01076,23639460.0
2025-10-29 01:00:00,0.01076,0.01083,0.01072,0.01078,23712112.0
2025-10-29 02:00:00,0.01078,0.0108,0.01075,0.01075,20746376.0
2025-10-29 03:00:00,0.01075,0.01076,0.0107,0.01073,18656134.0
2025-10-29 04:00:00,0.01072,0.01079,0.01072,0.01075,17790580.0
2025-10-29 05:00:00,0.01076,0.01085,0.01074,0.01084,27477941.0
2025-10-29 06:00:00,0.01083,0.01086,0.01079,0.01082,16349232.0
2025-10-29 07:00:00,0.01081,0.01086,0.01074,0.0108,19316347.0
2025-10-29 08:00:00,0.0108,0.0108,0.01074,0.01079,12384959.0
2025-10-29 09:00:00,0.01079,0.01084,0.01075,0.01081,13461615.0
2025-10-29 10:00:00,0.01081,0.01098,0.01081,0.0109,20527612.0
2025-10-29 11:00:00,0.0109,0.01098,0.01089,0.01096,10519445.0
2025-10-29 12:00:00,0.01095,0.01098,0.01092,0.01095,13134260.0
2025-10-29 13:00:00,0.01095,0.01104,0.01093,0.01097,27320859.0
2025-10-29 14:00:00,0.01097,0.01099,0.01088,0.01094,32300256.0
2025-10-29 15:00:00,0.01094,0.01096,0.0107,0.01078,24999914.0
2025-10-29 16:00:00,0.01077,0.01088,0.01071,0.01082,16916869.0
2025-10-29 17:00:00,0.01082,0.01113,0.0108,0.01113,21709017.0
2025-10-29 18:00:00,0.01114,0.01117,0.01054,0.01098,241999729.0
2025-10-29 19:00:00,0.01098,0.01111,0.01087,0.01102,53249948.0
2025-10-29 20:00:00,0.01103,0.01119,0.01094,0.01113,52723921.0
2025-10-29 21:00:00,0.01114,0.01115,0.01106,0.01109,17286271.0
2025-10-29 22:00:00,0.01109,0.01109,0.011,0.01101,15503908.0
2025-10-29 23:00:00,0.01101,0.01101,0.01073,0.01079,56348826.0
2025-10-30 00:00:00,0.01079,0.01088,0.01071,0.01087,17040916.0
2025-10-30 01:00:00,0.01087,0.01087,0.01077,0.0108,19143004.0
2025-10-30 02:00:00,0.0108,0.0109,0.01078,0.01089,17017153.0
2025-10-30 03:00:00,0.01089,0.01091,0.01079,0.01085,18124220.0
2025-10-30 04:00:00,0.01084,0.01084,0.01035,0.01051,122189569.0
2025-10-30 05:00:00,0.01051,0.01072,0.01044,0.01069,24079776.0
2025-10-30 06:00:00,0.01068,0.01072,0.01057,0.01064,17041542.0
2025-10-30 07:00:00,0.01064,0.01077,0.01061,0.01073,28626762.0
2025-10-30 08:00:00,0.01073,0.01073,0.01056,0.01057,20122428.0
2025-10-30 09:00:00,0.01057,0.01059,0.01047,0.01049,21394335.0
2025-10-30 10:00:00,0.01048,0.01052,0.0104,0.01045,26519081.0
2025-10-30 11:00:00,0.01044,0.01047,0.01036,0.01037,34174266.0
2025-10-30 12:00:00,0.01037,0.0104,0.01013,0.01023,81303910.0
2025-10-30 13:00:00,0.01022,0.01028,0.00998,0.01001,72799717.0
2025-10-30 14:00:00,0.01,0.01011,0.00995,0.01,59773020.0
2025-10-30 15:00:00,0.01001,0.01003,0.00981,0.00987,60044551.0
2025-10-30 16:00:00,0.00986,0.00996,0.00982,0.00988,57420631.0
2025-10-30 17:00:00,0.00988,0.00988,0.00955,0.00974,68139927.0
2025-10-30 18:00:00,0.00973,0.00974,0.00956,0.0096,23260266.0
2025-10-30 19:00:00,0.00961,0.00965,0.00945,0.00952,61576006.0
2025-10-30 20:00:00,0.00953,0.00967,0.00949,0.00966,57479036.0
2025-10-30 21:00:00,0.00965,0.00974,0.00961,0.00971,31043023.0
2025-10-30 22:00:00,0.00972,0.00975,0.00968,0.00974,16264642.0
2025-10-30 23:00:00,0.00975,0.00991,0.00974,0.00989,54767027.0
2025-10-31 00:00:00,0.00989,0.01007,0.00987,0.01005,32942697.0
2025-10-31 01:00:00,0.01006,0.01017,0.01004,0.01014,27325232.0
2025-10-31 02:00:00,0.01015,0.01016,0.01002,0.0101,24668606.0
2025-10-31 03:00:00,0.01011,0.01013,0.01005,0.01009,19329623.0
2025-10-31 04:00:00,0.01009,0.01018,0.01008,0.01016,38599139.0
2025-10-31 05:00:00,0.01016,0.01016,0.01007,0.01008,17792264.0
2025-10-31 06:00:00,0.01009,0.01011,0.01003,0.01005,16736482.0
2025-10-31 07:00:00,0.01006,0.01011,0.01003,0.01006,29886307.0
2025-10-31 08:00:00,0.01007,0.01007,0.00998,0.01006,28930476.0
2025-10-31 09:00:00,0.01007,0.01009,0.00999,0.01004,32037978.0
2025-10-31 10:00:00,0.01004,0.01008,0.01001,0.01001,16602384.0
2025-10-31 11:00:00,0.01002,0.01015,0.00997,0.01015,23968424.0
2025-10-31 12:00:00,0.01014,0.01021,0.01005,0.01005,31952049.0
2025-10-31 13:00:00,0.01005,0.01015,0.01001,0.01009,44206833.0
2025-10-31 14:00:00,0.01009,0.01017,0.01001,0.01016,38741171.0
2025-10-31 15:00:00,0.01015,0.01024,0.0101,0.01012,37051202.0
2025-10-31 16:00:00,0.01011,0.01014,0.00985,0.00986,31522193.0
2025-10-31 17:00:00,0.00986,0.00995,0.00976,0.0099,28172336.0
2025-10-31 18:00:00,0.0099,0.01006,0.00987,0.01,40251958.0
2025-10-31 19:00:00,0.00999,0.01024,0.00993,0.01018,44517742.0
2025-10-31 20:00:00,0.01017,0.01018,0.01001,0.01003,26117718.0
2025-10-31 21:00:00,0.01003,0.01008,0.00999,0.01006,26554475.0
2025-10-31 22:00:00,0.01006,0.0101,0.01004,0.01007,14706532.0
2025-10-31 23:00:00,0.01007,0.0101,0.01004,0.01005,12466492.0
2025-11-01 00:00:00,0.01006,0.01009,0.01001,0.01009,19807867.0
2025-11-01 01:00:00,0.01009,0.01014,0.01004,0.01004,15478477.0
2025-11-01 02:00:00,0.01003,0.01009,0.00997,0.01009,14765507.0
2025-11-01 03:00:00,0.01008,0.01011,0.01006,0.01009,11460650.0
2025-11-01 04:00:00,0.01008,0.01009,0.01001,0.01003,15773042.0
2025-11-01 05:00:00,0.01003,0.01003,0.00998,0.01,16033024.0
2025-11-01 06:00:00,0.00999,0.01006,0.00999,0.01006,16089297.0
2025-11-01 07:00:00,0.01006,0.01021,0.01004,0.01019,21025121.0
2025-11-01 08:00:00,0.01019,0.01034,0.01016,0.01033,32705390.0
2025-11-01 09:00:00,0.01033,0.01038,0.01021,0.01023,29851691.0
2025-11-01 10:00:00,0.01023,0.01031,0.01023,0.01027,18958601.0
2025-11-01 11:00:00,0.01028,0.01033,0.01025,0.01033,17128677.0
2025-11-01 12:00:00,0.01034,0.01038,0.01031,0.01035,43793317.0
2025-11-01 13:00:00,0.01036,0.01042,0.01022,0.01034,40137717.0
2025-11-01 14:00:00,0.01034,0.01036,0.0102,0.01029,30871099.0
2025-11-01 15:00:00,0.01028,0.01039,0.01026,0.01036,19144763.0
2025-11-01 16:00:00,0.01035,0.01046,0.01033,0.01038,31868464.0
2025-11-01 17:00:00,0.01038,0.01044,0.01034,0.01041,16793696.0
2025-11-01 18:00:00,0.01041,0.01044,0.01037,0.0104,20168303.0
2025-11-01 19:00:00,0.0104,0.01043,0.01037,0.01043,6951238.0
2025-11-01 20:00:00,0.01043,0.01052,0.01042,0.01047,17874300.0
2025-11-01 21:00:00,0.01046,0.01052,0.01034,0.01035,16420950.0
2025-11-01 22:00:00,0.01035,0.01041,0.01034,0.01041,13002406.0
2025-11-01 23:00:00,0.01042,0.01046,0.01038,0.01045,13327194.0
2025-11-02 00:00:00,0.01044,0.01045,0.01038,0.01039,10916320.0
2025-11-02 01:00:00,0.01039,0.01043,0.01034,0.01035,7371767.0
2025-11-02 02:00:00,0.01035,0.01042,0.01033,0.01036,5787721.0
2025-11-02 03:00:00,0.01036,0.01037,0.0103,0.01034,14146237.0
2025-11-02 04:00:00,0.01035,0.01051,0.01032,0.0105,15772785.0
2025-11-02 05:00:00,0.01051,0.01055,0.01043,0.01054,21415953.0
2025-11-02 06:00:00,0.01053,0.01057,0.01049,0.01056,20745601.0
2025-11-02 07:00:00,0.01056,0.01059,0.01054,0.01057,27583186.0
2025-11-02 08:00:00,0.01057,0.01058,0.01043,0.01047,20276048.0
2025-11-02 09:00:00,0.01047,0.01053,0.0104,0.01042,27383319.0
2025-11-02 10:00:00,0.01042,0.01047,0.01036,0.01039,35246755.0
2025-11-02 11:00:00,0.01039,0.0105,0.01037,0.01049,33916795.0
2025-11-02 12:00:00,0.0105,0.01051,0.01044,0.01046,23461000.0
2025-11-02 13:00:00,0.01045,0.01046,0.01033,0.01036,23129767.0
2025-11-02 14:00:00,0.01035,0.01038,0.01013,0.01018,61756925.0
2025-11-02 15:00:00,0.01017,0.01023,0.01011,0.01017,25146121.0
2025-11-02 16:00:00,0.01016,0.01019,0.01003,0.01019,32475408.0
2025-11-02 17:00:00,0.01019,0.01021,0.01011,0.01017,15836037.0
2025-11-02 18:00:00,0.01018,0.01018,0.01011,0.01011,21060152.0
2025-11-02 19:00:00,0.01011,0.01014,0.01005,0.01013,15037143.0
2025-11-02 20:00:00,0.01013,0.01021,0.01009,0.0102,18515630.0
2025-11-02 21:00:00,0.01019,0.01029,0.01019,0.01023,24627587.0
2025-11-02 22:00:00,0.01024,0.01028,0.0102,0.01027,17084065.0
2025-11-02 23:00:00,0.01027,0.01054,0.01027,0.01048,42895473.0
2025-11-03 00:00:00,0.01048,0.01051,0.01029,0.0103,35925764.0
2025-11-03 01:00:00,0.01029,0.01031,0.01013,0.01016,24619275.0
2025-11-03 02:00:00,0.01016,0.01019,0.01,0.01009,29081459.0
2025-11-03 03:00:00,0.01009,0.01011,0.00961,0.00965,94293242.0
2025-11-03 04:00:00,0.00965,0.0097,0.00953,0.00969,66344972.0
2025-11-03 05:00:00,0.00969,0.00978,0.00954,0.00956,40324388.0
2025-11-03 06:00:00,0.00955,0.00962,0.00939,0.00953,74384535.0
2025-11-03 07:00:00,0.00953,0.00962,0.00947,0.00955,42565489.0
2025-11-03 08:00:00,0.00954,0.00958,0.00944,0.00954,29438865.0
2025-11-03 09:00:00,0.00954,0.0097,0.00945,0.00947,41876018.0
2025-11-03 10:00:00,0.00947,0.00956,0.00938,0.0094,39062672.0
2025-11-03 11:00:00,0.00941,0.00959,0.00941,0.0095,32878192.0
2025-11-03 12:00:00,0.0095,0.00957,0.00944,0.0095,53237708.0
2025-11-03 13:00:00,0.0095,0.00962,0.00944,0.00953,39427877.0
2025-11-03 14:00:00,0.00953,0.00963,0.00946,0.00957,58005215.0
2025-11-03 15:00:00,0.00957,0.00958,0.00835,0.0088,445092117.0
2025-11-03 16:00:00,0.0088,0.0091,0.00868,0.00902,101727071.0
2025-11-03 17:00:00,0.00901,0.00922,0.00898,0.00919,74304644.0
2025-11-03 18:00:00,0.0092,0.0092,0.00896,0.00899,30491052.0
2025-11-03 19:00:00,0.00898,0.00901,0.00882,0.00883,43273178.0
2025-11-03 20:00:00,0.00884,0.00887,0.0086,0.00866,76092951.0
2025-11-03 21:00:00,0.00865,0.00881,0.00858,0.00878,62445309.0
2025-11-03 22:00:00,0.00878,0.00885,0.00864,0.00877,52366215.0
2025-11-03 23:00:00,0.00877,0.00887,0.00868,0.00884,44826273.0
2025-11-04 00:00:00,0.00883,0.00905,0.00875,0.00896,49412189.0
2025-11-04 01:00:00,0.00896,0.00901,0.0089,0.00893,46614089.0
2025-11-04 02:00:00,0.00893,0.00899,0.00891,0.00897,18283150.0
2025-11-04 03:00:00,0.00897,0.00912,0.00896,0.0091,29032150.0
2025-11-04 04:00:00,0.0091,0.00915,0.00906,0.00909,25173719.0
2025-11-04 05:00:00,0.00908,0.0091,0.0086,0.00862,104938035.0
2025-11-04 06:00:00,0.00862,0.00899,0.00862,0.00873,99632518.0
2025-11-04 07:00:00,0.00874,0.00874,0.00852,0.0086,66705642.0
2025-11-04 08:00:00,0.0086,0.00886,0.00857,0.00875,43260751.0
2025-11-04 09:00:00,0.00876,0.0088,0.00871,0.00877,26039007.0
2025-11-04 10:00:00,0.00877,0.00889,0.00877,0.00888,35313579.0
2025-11-04 11:00:00,0.00887,0.00896,0.00881,0.00884,41266286.0
2025-11-04 12:00:00,0.00884,0.00884,0.00872,0.00875,26782084.0
2025-11-04 13:00:00,0.00875,0.00879,0.00865,0.00874,30227154.0
2025-11-04 14:00:00,0.00873,0.00901,0.00865,0.00895,64126010.0
2025-11-04 15:00:00,0.00895,0.00902,0.00876,0.00881,55305801.0
2025-11-04 16:00:00,0.00881,0.00891,0.00863,0.00868,70454952.0
2025-11-04 17:00:00,0.00868,0.00875,0.00839,0.00865,125057565.0
2025-11-04 18:00:00,0.00865,0.00866,0.00823,0.00855,131097101.0
2025-11-04 19:00:00,0.00854,0.00863,0.00837,0.00839,119557137.0
2025-11-04 20:00:00,0.00839,0.00848,0.00791,0.00837,275812389.0
2025-11-04 21:00:00,0.00838,0.0084,0.00791,0.00832,200749675.0
2025-11-04 22:00:00,0.00832,0.0086,0.00826,0.00855,83566672.0
2025-11-04 23:00:00,0.00855,0.00884,0.00849,0.00851,60395459.0
2025-11-05 00:00:00,0.00851,0.00857,0.00838,0.00844,47573837.0
2025-11-05 01:00:00,0.00845,0.00847,0.0081,0.00843,69829881.0
2025-11-05 02:00:00,0.00843,0.00872,0.00843,0.0087,55587653.0
2025-11-05 03:00:00,0.00871,0.00879,0.00868,0.00876,29224964.0
2025-11-05 04:00:00,0.00876,0.00879,0.00867,0.00873,22058209.0
2025-11-05 05:00:00,0.00873,0.0088,0.00872,0.00877,26390665.0
2025-11-05 06:00:00,0.00876,0.00881,0.0087,0.0088,25493281.0
2025-11-05 07:00:00,0.0088,0.00882,0.00871,0.00879,29380721.0
2025-11-05 08:00:00,0.00879,0.00879,0.00858,0.00867,28181765.0
2025-11-05 09:00:00,0.00867,0.00879,0.00866,0.00875,29383328.0
2025-11-05 10:00:00,0.00875,0.00877,0.00863,0.00864,19482049.0
2025-11-05 11:00:00,0.00864,0.00881,0.00863,0.00879,22139435.0
2025-11-05 12:00:00,0.00879,0.00887,0.00874,0.00886,21218525.0
2025-11-05 13:00:00,0.00885,0.00895,0.00878,0.0089,30293964.0
2025-11-05 14:00:00,0.0089,0.00897,0.00875,0.0089,64190936.0
2025-11-05 15:00:00,0.0089,0.00894,0.00885,0.00893,62407804.0
2025-11-05 16:00:00,0.00894,0.00903,0.00884,0.00902,38156774.0
2025-11-05 17:00:00,0.00901,0.00906,0.00897,0.00902,33975846.0
2025-11-05 18:00:00,0.00902,0.00909,0.00898,0.00906,24611104.0
2025-11-05 19:00:00,0.00906,0.00907,0.00899,0.00902,33272516.0
2025-11-05 20:00:00,0.00902,0.0091,0.00899,0.00903,33439255.0
2025-11-05 21:00:00,0.00902,0.00906,0.00897,0.00902,23306282.0
2025-11-05 22:00:00,0.00903,0.00913,0.00899,0.00912,29343759.0
2025-11-05 23:00:00,0.00912,0.00913,0.00903,0.00904,23998268.0
2025-11-06 00:00:00,0.00904,0.00904,0.00896,0.009,30628933.0
2025-11-06 01:00:00,0.00899,0.00899,0.00885,0.00895,28939763.0
2025-11-06 02:00:00,0.00894,0.00904,0.00884,0.00896,26233602.0
2025-11-06 03:00:00,0.00897,0.009,0.00894,0.00894,17413756.0
2025-11-06 04:00:00,0.00895,0.00897,0.00891,0.00892,16445674.0
2025-11-06 05:00:00,0.00892,0.00892,0.00872,0.00874,21568570.0
2025-11-06 06:00:00,0.00874,0.00882,0.00872,0.00877,14991522.0
2025-11-06 07:00:00,0.00877,0.00882,0.0087,0.00875,31226932.0
2025-11-06 08:00:00,0.00875,0.00879,0.00871,0.00874,27659499.0
2025-11-06 09:00:00,0.00875,0.00882,0.00873,0.00878,23147783.0
2025-11-06 10:00:00,0.00878,0.00884,0.00871,0.00881,25992160.0
2025-11-06 11:00:00,0.0088,0.00883,0.00873,0.00878,20095504.0
2025-11-06 12:00:00,0.00878,0.0088,0.00865,0.00865,26240669.0
2025-11-06 13:00:00,0.00865,0.00891,0.00865,0.00885,55655867.0
2025-11-06 14:00:00,0.00886,0.00887,0.00865,0.00867,74746496.0
2025-11-06 15:00:00,0.00868,0.00882,0.00853,0.0086,66215891.0
2025-11-06 16:00:00,0.0086,0.00865,0.00843,0.00859,57749231.0
2025-11-06 17:00:00,0.00859,0.00878,0.00856,0.00875,45591854.0
2025-11-06 18:00:00,0.00875,0.00892,0.00865,0.0088,30888714.0
2025-11-06 19:00:00,0.0088,0.00885,0.00875,0.00881,33402818.0
2025-11-06 20:00:00,0.00882,0.00888,0.0087,0.00875,43625575.0
2025-11-06 21:00:00,0.00875,0.00889,0.00871,0.00886,26993309.0
2025-11-06 22:00:00,0.00886,0.00889,0.00877,0.00888,22906550.0
2025-11-06 23:00:00,0.00888,0.00888,0.00874,0.00885,33466866.0
2025-11-07 00:00:00,0.00885,0.00901,0.00885,0.00897,46797023.0
2025-11-07 01:00:00,0.00898,0.00909,0.00887,0.00905,63549297.0
2025-11-07 02:00:00,0.00905,0.00906,0.00894,0.00905,69393268.0
2025-11-07 03:00:00,0.00905,0.00916,0.00904,0.00912,31423373.0
2025-11-07 04:00:00,0.00913,0.00917,0.00904,0.00912,25437675.0
2025-11-07 05:00:00,0.00912,0.00932,0.00911,0.00931,36026052.0
2025-11-07 06:00:00,0.00931,0.00935,0.00924,0.00925,24864300.0
2025-11-07 07:00:00,0.00925,0.00938,0.00921,0.00935,23517547.0
2025-11-07 08:00:00,0.00935,0.00937,0.00921,0.00926,33017942.0
2025-11-07 09:00:00,0.00926,0.0093,0.00908,0.00924,45852113.0
2025-11-07 10:00:00,0.00924,0.00931,0.00913,0.00917,40921530.0
2025-11-07 11:00:00,0.00916,0.00918,0.00899,0.00911,61736226.0
2025-11-07 12:00:00,0.00911,0.00913,0.00886,0.00894,39777746.0
2025-11-07 13:00:00,0.00894,0.00916,0.0089,0.0091,58889247.0
2025-11-07 14:00:00,0.00909,0.00937,0.00896,0.00932,86885641.0
2025-11-07 15:00:00,0.00932,0.00963,0.00924,0.00959,97930444.0
2025-11-07 16:00:00,0.00959,0.01024,0.00959,0.0101,206637996.0
2025-11-07 17:00:00,0.0101,0.01037,0.00994,0.01034,138563771.0
2025-11-07 18:00:00,0.01034,0.01057,0.01029,0.01039,122419098.0
2025-11-07 19:00:00,0.01039,0.01045,0.01032,0.0104,66393012.0
2025-11-07 20:00:00,0.0104,0.01054,0.01032,0.01051,58220672.0
2025-11-07 21:00:00,0.01051,0.0107,0.0105,0.01059,62294504.0
2025-11-07 22:00:00,0.0106,0.01062,0.01049,0.01057,37096531.0
2025-11-07 23:00:00,0.01057,0.01057,0.01023,0.0103,83678063.0
2025-11-08 00:00:00,0.0103,0.01057,0.01018,0.01019,111193170.0
2025-11-08 01:00:00,0.01018,0.0105,0.01018,0.01047,73944103.0
2025-11-08 02:00:00,0.01048,0.01061,0.01042,0.01045,48628213.0
2025-11-08 03:00:00,0.01045,0.01056,0.0103,0.0103,42831590.0
2025-11-08 04:00:00,0.0103,0.01048,0.0103,0.01033,51722691.0
2025-11-08 05:00:00,0.01033,0.01037,0.01005,0.01007,78218481.0
2025-11-08 06:00:00,0.01008,0.0101,0.00993,0.01003,83888655.0
2025-11-08 07:00:00,0.01004,0.01012,0.0099,0.01007,64664052.0
2025-11-08 08:00:00,0.01008,0.01026,0.00999,0.01016,58877090.0
2025-11-08 09:00:00,0.01016,0.01016,0.00991,0.00996,56089805.0
2025-11-08 10:00:00,0.00996,0.01014,0.00995,0.01011,44025663.0
2025-11-08 11:00:00,0.0101,0.01019,0.01006,0.01013,30179654.0
2025-11-08 12:00:00,0.01012,0.01018,0.01006,0.01015,26958236.0
2025-11-08 13:00:00,0.01014,0.01015,0.00992,0.00992,59471418.0
2025-11-08 14:00:00,0.00992,0.00998,0.00979,0.00994,72092659.0
2025-11-08 15:00:00,0.00994,0.01005,0.00981,0.01003,84377933.0
2025-11-08 16:00:00,0.01004,0.01012,0.00982,0.01007,125143503.0
2025-11-08 17:00:00,0.01007,0.01013,0.00999,0.01004,73169658.0
2025-11-08 18:00:00,0.01003,0.01011,0.01,0.01007,18679458.0
2025-11-08 19:00:00,0.01007,0.01013,0.00998,0.01011,53613955.0
2025-11-08 20:00:00,0.01011,0.01035,0.01009,0.01024,159591370.0
2025-11-08 21:00:00,0.01023,0.01028,0.01017,0.01022,112922485.0
2025-11-08 22:00:00,0.01021,0.0103,0.01018,0.01022,37001919.0
2025-11-08 23:00:00,0.01022,0.0103,0.01021,0.0103,25573280.0
2025-11-09 00:00:00,0.0103,0.01032,0.01013,0.01016,39105930.0
2025-11-09 01:00:00,0.01016,0.01024,0.01004,0.01011,30951405.0
2025-11-09 02:00:00,0.01011,0.01012,0.00978,0.00982,68416927.0
2025-11-09 03:00:00,0.00982,0.00987,0.00967,0.00972,62056407.0
2025-11-09 04:00:00,0.00973,0.00985,0.0097,0.00977,35088192.0
2025-11-09 05:00:00,0.00977,0.00983,0.00972,0.00981,30981040.0
2025-11-09 06:00:00,0.00981,0.00993,0.00974,0.00982,58304408.0
2025-11-09 07:00:00,0.00982,0.00998,0.00981,0.00994,38294318.0
2025-11-09 08:00:00,0.00993,0.00994,0.00976,0.00981,32227988.0
2025-11-09 09:00:00,0.00982,0.00993,0.00971,0.00975,38670656.0
2025-11-09 10:00:00,0.00974,0.00985,0.00966,0.00984,44421505.0
2025-11-09 11:00:00,0.00985,0.00998,0.00984,0.00994,36471730.0
2025-11-09 12:00:00,0.00994,0.01004,0.00992,0.00997,34423341.0
2025-11-09 13:00:00,0.00997,0.0101,0.00994,0.01004,33769653.0
2025-11-09 14:00:00,0.01004,0.0103,0.00998,0.01007,100410305.0
2025-11-09 15:00:00,0.01007,0.01026,0.01006,0.0102,54308934.0
2025-11-09 16:00:00,0.0102,0.01024,0.01012,0.01021,30055208.0
2025-11-09 17:00:00,0.01022,0.01026,0.01011,0.01014,19724282.0
2025-11-09 18:00:00,0.01015,0.01029,0.01007,0.01027,24960578.0
2025-11-09 19:00:00,0.01026,0.01036,0.01022,0.01036,43080204.0
2025-11-09 20:00:00,0.01036,0.01036,0.01024,0.01027,26868163.0
2025-11-09 21:00:00,0.01028,0.01032,0.01022,0.01026,37915347.0
2025-11-09 22:00:00,0.01025,0.01025,0.01014,0.01022,21155707.0
2025-11-09 23:00:00,0.01023,0.01034,0.01013,0.0102,29006232.0
2025-11-10 00:00:00,0.0102,0.01046,0.0101,0.01036,51135937.0
2025-11-10 01:00:00,0.01036,0.01043,0.0103,0.01032,43033809.0
2025-11-10 02:00:00,0.01031,0.0104,0.01028,0.01038,27196944.0
2025-11-10 03:00:00,0.01038,0.01049,0.01035,0.01038,24567040.0
2025-11-10 04:00:00,0.01037,0.0104,0.01025,0.01028,33125861.0
2025-11-10 05:00:00,0.01027,0.01064,0.01024,0.01038,116872763.0
2025-11-10 06:00:00,0.01037,0.01042,0.01032,0.0104,34571848.0
2025-11-10 07:00:00,0.01041,0.01046,0.01033,0.01039,29828684.0
2025-11-10 08:00:00,0.01039,0.01039,0.01025,0.01033,59176311.0
2025-11-10 09:00:00,0.01033,0.01063,0.01031,0.01055,43984318.0
2025-11-10 10:00:00,0.01056,0.01057,0.01031,0.01038,57417706.0
2025-11-10 11:00:00,0.01038,0.01052,0.01038,0.01048,25664517.0
2025-11-10 12:00:00,0.01049,0.01054,0.01039,0.01045,30092674.0
2025-11-10 13:00:00,0.01045,0.0106,0.01043,0.01052,26291616.0
2025-11-10 14:00:00,0.01052,0.01052,0.01025,0.01035,86089115.0
2025-11-10 15:00:00,0.01035,0.01056,0.01033,0.01041,42268529.0
2025-11-10 16:00:00,0.01042,0.01049,0.01024,0.0103,38418765.0
2025-11-10 17:00:00,0.0103,0.0105,0.01027,0.01046,42443650.0
2025-11-10 18:00:00,0.01047,0.01048,0.01035,0.01035,23923896.0
2025-11-10 19:00:00,0.01035,0.01061,0.01034,0.0105,27180704.0
2025-11-10 20:00:00,0.01051,0.01061,0.01045,0.0105,27502586.0
2025-11-10 21:00:00,0.0105,0.0105,0.01038,0.01048,23695618.0
2025-11-10 22:00:00,0.01048,0.01089,0.01041,0.0108,66510993.0
2025-11-10 23:00:00,0.0108,0.01081,0.01054,0.01063,44775972.0
2025-11-11 00:00:00,0.01064,0.0107,0.01042,0.01057,36066552.0
2025-11-11 01:00:00,0.01057,0.01085,0.01054,0.01056,39310455.0
2025-11-11 02:00:00,0.01056,0.01081,0.01049,0.01076,27443546.0
2025-11-11 03:00:00,0.01075,0.01084,0.0107,0.01073,38512297.0
2025-11-11 04:00:00,0.01072,0.01076,0.01052,0.01055,21861571.0
2025-11-11 05:00:00,0.01055,0.01056,0.01033,0.01034,29063280.0
2025-11-11 06:00:00,0.01034,0.0104,0.01026,0.01035,37983668.0
2025-11-11 07:00:00,0.01034,0.01034,0.0101,0.01012,35794518.0
2025-11-11 08:00:00,0.01012,0.01025,0.0101,0.01023,27666868.0
2025-11-11 09:00:00,0.01022,0.0103,0.01014,0.01015,25331235.0
2025-11-11 10:00:00,0.01015,0.01022,0.01014,0.0102,24376894.0
2025-11-11 11:00:00,0.0102,0.01028,0.01015,0.01021,28745371.0
2025-11-11 12:00:00,0.01021,0.01031,0.01008,0.01016,24965650.0
2025-11-11 13:00:00,0.01017,0.01025,0.01009,0.0101,33243454.0
2025-11-11 14:00:00,0.0101,0.01033,0.01003,0.01032,55019987.0
2025-11-11 15:00:00,0.01032,0.01032,0.01012,0.01019,49646762.0
2025-11-11 16:00:00,0.01018,0.01031,0.01015,0.01024,40285288.0
2025-11-11 17:00:00,0.01024,0.01035,0.01018,0.01025,21970648.0
2025-11-11 18:00:00,0.01025,0.01031,0.01011,0.01015,25648023.0
2025-11-11 19:00:00,0.01015,0.01018,0.01003,0.01004,27790314.0
2025-11-11 20:00:00,0.01004,0.01007,0.00991,0.00994,47264835.0
2025-11-11 21:00:00,0.00994,0.01002,0.00987,0.00991,29403176.0
2025-11-11 22:00:00,0.0099,0.01009,0.00984,0.01003,35274774.0
2025-11-11 23:00:00,0.01003,0.01004,0.00984,0.00989,22425534.0
2025-11-12 00:00:00,0.00989,0.00997,0.00982,0.00988,34534707.0
2025-11-12 01:00:00,0.00988,0.01008,0.00987,0.01004,29809593.0
2025-11-12 02:00:00,0.01004,0.0101,0.00995,0.01005,16574326.0
2025-11-12 03:00:00,0.01004,0.01009,0.01003,0.01006,16467237.0
2025-11-12 04:00:00,0.01007,0.0101,0.01003,0.0101,9940047.0
2025-11-12 05:00:00,0.0101,0.01017,0.01006,0.01013,23263212.0
2025-11-12 06:00:00,0.01012,0.01019,0.01012,0.01014,18308725.0
2025-11-12 07:00:00,0.01013,0.01017,0.01005,0.01007,25513357.0
2025-11-12 08:00:00,0.01008,0.01037,0.01008,0.01029,28142603.0
2025-11-12 09:00:00,0.0103,0.01043,0.01029,0.01042,31280075.0
2025-11-12 10:00:00,0.01042,0.01055,0.01042,0.01049,32354997.0
2025-11-12 11:00:00,0.01049,0.01056,0.01044,0.01048,30469232.0
2025-11-12 12:00:00,0.01047,0.01053,0.0104,0.01042,33680145.0
2025-11-12 13:00:00,0.01043,0.01052,0.01037,0.0105,21159524.0
2025-11-12 14:00:00,0.0105,0.01051,0.01009,0.01026,70758182.0
2025-11-12 15:00:00,0.01025,0.01036,0.00988,0.00995,112309108.0
2025-11-12 16:00:00,0.00996,0.00999,0.00962,0.00964,127616674.0
2025-11-12 17:00:00,0.00965,0.00974,0.0095,0.00966,87322863.0
2025-11-12 18:00:00,0.00966,0.00971,0.00952,0.00952,52932285.0
2025-11-12 19:00:00,0.00952,0.00957,0.00937,0.00953,73264291.0
2025-11-12 20:00:00,0.00953,0.00974,0.0095,0.00968,38387671.0
2025-11-12 21:00:00,0.00969,0.00973,0.00965,0.00968,37701133.0
2025-11-12 22:00:00,0.00968,0.00972,0.0096,0.00971,24279800.0
2025-11-12 23:00:00,0.00971,0.00971,0.00958,0.00963,22181581.0
2025-11-13 00:00:00,0.00962,0.00973,0.0096,0.00966,22254472.0
2025-11-13 01:00:00,0.00965,0.00983,0.00965,0.00973,22738036.0
2025-11-13 02:00:00,0.00973,0.00979,0.0097,0.00972,12793991.0
2025-11-13 03:00:00,0.00972,0.00994,0.00955,0.00987,37209517.0
2025-11-13 04:00:00,0.00987,0.00996,0.00978,0.00991,33158205.0
2025-11-13 05:00:00,0.0099,0.01005,0.00984,0.01003,26373345.0
2025-11-13 06:00:00,0.01003,0.01007,0.00995,0.00995,20764802.0
2025-11-13 07:00:00,0.00996,0.01,0.00987,0.00989,16991585.0
2025-11-13 08:00:00,0.00989,0.00996,0.00985,0.00991,24448754.0
2025-11-13 09:00:00,0.00992,0.00994,0.00978,0.00981,19973394.0
2025-11-13 10:00:00,0.00982,0.00994,0.00981,0.00986,15892415.0
2025-11-13 11:00:00,0.00987,0.00991,0.00984,0.00988,16319202.0
2025-11-13 12:00:00,0.00989,0.00996,0.00985,0.00993,14204074.0
2025-11-13 13:00:00,0.00994,0.00998,0.0098,0.00988,30543908.0
2025-11-13 14:00:00,0.00988,0.01005,0.00968,0.00994,66899710.0
2025-11-13 15:00:00,0.00993,0.01001,0.00972,0.00979,57721073.0
2025-11-13 16:00:00,0.00979,0.00983,0.0096,0.00962,57459615.0
2025-11-13 17:00:00,0.00963,0.00966,0.00934,0.00936,58575223.0
2025-11-13 18:00:00,0.00937,0.00941,0.00916,0.00927,64882175.0
2025-11-13 19:00:00,0.00927,0.00937,0.00908,0.00913,61102593.0
2025-11-13 20:00:00,0.00913,0.00921,0.00903,0.00913,37010939.0
2025-11-13 21:00:00,0.00913,0.00918,0.00901,0.0091,50673052.0
2025-11-13 22:00:00,0.00909,0.00933,0.00906,0.00928,35295779.0
2025-11-13 23:00:00,0.00928,0.00947,0.00925,0.00934,52791056.0
2025-11-14 00:00:00,0.00935,0.00942,0.00922,0.00927,31098049.0
2025-11-14 01:00:00,0.00927,0.00933,0.00921,0.00923,28957142.0
2025-11-14 02:00:00,0.00923,0.00934,0.00923,0.00927,23902513.0
2025-11-14 03:00:00,0.00927,0.0093,0.00918,0.00923,18889357.0
2025-11-14 04:00:00,0.00923,0.00923,0.00879,0.00903,90690894.0
2025-11-14 05:00:00,0.00903,0.00924,0.00903,0.00918,51222090.0
2025-11-14 06:00:00,0.00919,0.00927,0.00896,0.00926,56808975.0
2025-11-14 07:00:00,0.00925,0.00931,0.00917,0.00922,51578171.0
2025-11-14 08:00:00,0.00923,0.00923,0.0091,0.00913,19248786.0
2025-11-14 09:00:00,0.00913,0.00917,0.00896,0.00897,29917249.0
2025-11-14 10:00:00,0.00897,0.00907,0.00896,0.00901,29374241.0
2025-11-14 11:00:00,0.00901,0.00901,0.00887,0.00894,34237032.0
2025-11-14 12:00:00,0.00894,0.00903,0.00872,0.00901,94459146.0
2025-11-14 13:00:00,0.00901,0.00908,0.00889,0.009,65111055.0
2025-11-14 14:00:00,0.009,0.00925,0.00893,0.00918,60265982.0
2025-11-14 15:00:00,0.00918,0.00931,0.00906,0.00922,61043730.0
2025-11-14 16:00:00,0.00922,0.00934,0.00914,0.00932,26396572.0
2025-11-14 17:00:00,0.00931,0.00936,0.00909,0.00912,40681548.0
2025-11-14 18:00:00,0.00913,0.00928,0.00911,0.00916,35398506.0
2025-11-14 19:00:00,0.00917,0.00934,0.00915,0.00931,19849057.0
2025-11-14 20:00:00,0.00931,0.00933,0.00902,0.00908,28252585.0
2025-11-14 21:00:00,0.00908,0.0092,0.00904,0.00913,18148032.0
2025-11-14 22:00:00,0.00913,0.00918,0.00904,0.00905,19786552.0
2025-11-14 23:00:00,0.00906,0.00906,0.00876,0.00896,59983467.0
2025-11-15 00:00:00,0.00897,0.00909,0.00895,0.00906,27245411.0
2025-11-15 01:00:00,0.00907,0.0092,0.00902,0.00916,20731412.0
2025-11-15 02:00:00,0.00917,0.00921,0.00911,0.00921,19039699.0
2025-11-15 03:00:00,0.0092,0.00927,0.00918,0.00924,17787609.0
2025-11-15 04:00:00,0.00924,0.00927,0.00919,0.00919,9306952.0
2025-11-15 05:00:00,0.0092,0.0093,0.00919,0.00929,11805430.0
2025-11-15 06:00:00,0.00929,0.00944,0.00928,0.00935,35021872.0
2025-11-15 07:00:00,0.00934,0.00935,0.00925,0.00927,8226535.0
2025-11-15 08:00:00,0.00927,0.00928,0.00909,0.00914,25184448.0
2025-11-15 09:00:00,0.00913,0.00924,0.00911,0.00918,14050233.0
2025-11-15 10:00:00,0.00917,0.00928,0.00914,0.00925,36577629.0
2025-11-15 11:00:00,0.00924,0.00929,0.00918,0.00923,26290618.0
2025-11-15 12:00:00,0.00922,0.00934,0.0092,0.00931,17391024.0
2025-11-15 13:00:00,0.00931,0.00942,0.00928,0.00933,27945178.0
2025-11-15 14:00:00,0.00933,0.00933,0.00922,0.00928,22887095.0
2025-11-15 15:00:00,0.00927,0.00927,0.00918,0.00919,35027427.0
2025-11-15 16:00:00,0.00919,0.00923,0.00913,0.00922,21444899.0
2025-11-15 17:00:00,0.00921,0.0093,0.00918,0.00928,25555797.0
2025-11-15 18:00:00,0.00927,0.00929,0.0092,0.00922,18436152.0
2025-11-15 19:00:00,0.00922,0.00925,0.0092,0.0092,12167194.0
2025-11-15 20:00:00,0.00921,0.00921,0.0091,0.00911,16562523.0
2025-11-15 21:00:00,0.00911,0.0092,0.00905,0.00906,18724749.0
2025-11-15 22:00:00,0.00906,0.00915,0.00905,0.00914,26924291.0
2025-11-15 23:00:00,0.00914,0.00916,0.0091,0.0091,15477553.0
2025-11-16 00:00:00,0.0091,0.00912,0.00899,0.00906,17985050.0
2025-11-16 01:00:00,0.00906,0.00909,0.00893,0.00907,47298751.0
2025-11-16 02:00:00,0.00906,0.00921,0.00903,0.0092,25593299.0
2025-11-16 03:00:00,0.00921,0.00925,0.00917,0.00919,14766765.0
2025-11-16 04:00:00,0.0092,0.0092,0.0091,0.00915,10303376.0
2025-11-16 05:00:00,0.00915,0.00921,0.00914,0.00915,13852960.0
2025-11-16 06:00:00,0.00916,0.00922,0.00915,0.00915,9395138.0
2025-11-16 07:00:00,0.00916,0.00918,0.00912,0.00918,13582200.0
2025-11-16 08:00:00,0.00919,0.00919,0.0091,0.00914,28077582.0
2025-11-16 09:00:00,0.00913,0.00922,0.00908,0.0092,22821751.0
2025-11-16 10:00:00,0.0092,0.00921,0.00915,0.00917,22945366.0
2025-11-16 11:00:00,0.00915,0.00917,0.00895,0.00898,55299316.0
2025-11-16 12:00:00,0.00897,0.00904,0.00891,0.00899,35621099.0
2025-11-16 13:00:00,0.00899,0.00902,0.00887,0.00892,26823605.0
2025-11-16 14:00:00,0.00892,0.00902,0.00889,0.00899,24733276.0
2025-11-16 15:00:00,0.00899,0.00899,0.00876,0.00878,36359562.0
2025-11-16 16:00:00,0.00878,0.00887,0.00859,0.00864,68298185.0
2025-11-16 17:00:00,0.00864,0.00868,0.0085,0.0086,90345305.0
2025-11-16 18:00:00,0.0086,0.00955,0.00828,0.00848,765081704.0
2025-11-16 19:00:00,0.00848,0.00864,0.00841,0.00841,59979664.0
2025-11-16 20:00:00,0.00842,0.0085,0.00839,0.00841,35252929.0
2025-11-16 21:00:00,0.00841,0.00842,0.00829,0.00842,39398768.0
2025-11-16 22:00:00,0.00841,0.00864,0.00837,0.00857,43422449.0
2025-11-16 23:00:00,0.00857,0.00865,0.0084,0.00859,64983042.0
2025-11-17 00:00:00,0.00859,0.00873,0.00846,0.00867,45786899.0
2025-11-17 01:00:00,0.00866,0.00869,0.00859,0.00862,31143435.0
2025-11-17 02:00:00,0.00862,0.0087,0.00859,0.00868,42105884.0
2025-11-17 03:00:00,0.00869,0.00878,0.00869,0.00873,19501594.0
2025-11-17 04:00:00,0.00873,0.00878,0.00869,0.00871,12237849.0
2025-11-17 05:00:00,0.00872,0.00876,0.00867,0.00874,15188769.0
2025-11-17 06:00:00,0.00874,0.00881,0.00871,0.0088,12844633.0
2025-11-17 07:00:00,0.0088,0.00884,0.00877,0.00879,20354168.0
2025-11-17 08:00:00,0.0088,0.00881,0.00876,0.00878,13107795.0
2025-11-17 09:00:00,0.00877,0.00885,0.00875,0.00883,13442184.0
2025-11-17 10:00:00,0.00882,0.0089,0.00881,0.00884,23581344.0
2025-11-17 11:00:00,0.00885,0.00893,0.00884,0.0089,15610386.0
2025-11-17 12:00:00,0.00891,0.00891,0.00887,0.00888,21833358.0
2025-11-17 13:00:00,0.00888,0.00889,0.00857,0.00867,80218988.0
2025-11-17 14:00:00,0.00867,0.00902,0.00862,0.00883,137507839.0
2025-11-17 15:00:00,0.00884,0.0089,0.00863,0.00866,83225064.0
2025-11-17 16:00:00,0.00866,0.00883,0.00853,0.0088,54594782.0
2025-11-17 17:00:00,0.0088,0.00882,0.00853,0.00857,32042828.0
2025-11-17 18:00:00,0.00857,0.00864,0.00843,0.0085,41985808.0
2025-11-17 19:00:00,0.00849,0.00853,0.00834,0.00842,41405308.0
2025-11-17 20:00:00,0.00841,0.00845,0.00827,0.00838,38161398.0
2025-11-17 21:00:00,0.00838,0.00844,0.00827,0.00835,33454684.0
2025-11-17 22:00:00,0.00835,0.00848,0.00832,0.00843,23861456.0
2025-11-17 23:00:00,0.00843,0.00845,0.00837,0.00845,24185364.0
2025-11-18 00:00:00,0.00846,0.00851,0.00827,0.00848,37525641.0
2025-11-18 01:00:00,0.00847,0.00856,0.00846,0.00854,20510877.0
2025-11-18 02:00:00,0.00854,0.00869,0.00846,0.00852,43937469.0
2025-11-18 03:00:00,0.00852,0.00867,0.00841,0.00862,66159850.0
2025-11-18 04:00:00,0.00862,0.00868,0.00848,0.00866,30922681.0
2025-11-18 05:00:00,0.00866,0.00876,0.0086,0.00866,19120964.0
2025-11-18 06:00:00,0.00866,0.00869,0.00853,0.00853,19699728.0
2025-11-18 07:00:00,0.00853,0.00863,0.0085,0.00858,23225263.0
2025-11-18 08:00:00,0.00858,0.00869,0.00856,0.00864,30700043.0
2025-11-18 09:00:00,0.00864,0.00866,0.00858,0.00864,14602419.0
2025-11-18 10:00:00,0.00864,0.00868,0.00861,0.00865,19026039.0
2025-11-18 11:00:00,0.00865,0.00865,0.00856,0.00859,18153936.0
2025-11-18 12:00:00,0.00859,0.00866,0.00853,0.00864,18947622.0
2025-11-18 13:00:00,0.00863,0.00863,0.00855,0.0086,21618723.0
2025-11-18 14:00:00,0.0086,0.00874,0.00858,0.00858,30029158.0
2025-11-18 15:00:00,0.00858,0.00881,0.00853,0.00875,43926804.0
2025-11-18 16:00:00,0.00875,0.00891,0.00873,0.00886,29702672.0
2025-11-18 17:00:00,0.00885,0.00887,0.00874,0.00877,31174741.0
2025-11-18 18:00:00,0.00877,0.00885,0.00876,0.00881,17064821.0
2025-11-18 19:00:00,0.00881,0.00886,0.00879,0.00881,7988923.0
2025-11-18 20:00:00,0.00881,0.00883,0.00875,0.00877,13502013.0
2025-11-18 21:00:00,0.00876,0.00878,0.00863,0.00864,10877280.0
2025-11-18 22:00:00,0.00864,0.00879,0.00863,0.00875,13811577.0
2025-11-18 23:00:00,0.00876,0.00876,0.00867,0.00869,8830102.0
2025-11-19 00:00:00,0.00869,0.00869,0.00856,0.00864,18144953.0
2025-11-19 01:00:00,0.00864,0.0087,0.00859,0.00864,17125891.0
2025-11-19 02:00:00,0.00865,0.00871,0.00863,0.00865,7867702.0
2025-11-19 03:00:00,0.00865,0.00867,0.00853,0.00855,10244357.0
2025-11-19 04:00:00,0.00855,0.00855,0.00849,0.00849,17213350.0
2025-11-19 05:00:00,0.00849,0.0085,0.00829,0.00834,33583680.0
2025-11-19 06:00:00,0.00835,0.00846,0.00832,0.00845,22384738.0
2025-11-19 07:00:00,0.00844,0.00854,0.00843,0.00852,17415738.0
2025-11-19 08:00:00,0.00851,0.00856,0.00847,0.00848,38389080.0
2025-11-19 09:00:00,0.00849,0.00849,0.00842,0.00848,19055360.0
2025-11-19 10:00:00,0.00848,0.00853,0.00845,0.00846,11435886.0
2025-11-19 11:00:00,0.00846,0.00846,0.00841,0.00842,14240326.0
2025-11-19 12:00:00,0.00842,0.00848,0.00841,0.00848,15911613.0
2025-11-19 13:00:00,0.00847,0.00849,0.00838,0.00838,14151440.0
2025-11-19 14:00:00,0.00839,0.00844,0.00828,0.00842,51207577.0
2025-11-19 15:00:00,0.00842,0.00855,0.0082,0.00821,74603543.0
2025-11-19 16:00:00,0.00821,0.0083,0.00811,0.00814,64359123.0
2025-11-19 17:00:00,0.00815,0.0082,0.00803,0.00818,46453011.0
2025-11-19 18:00:00,0.00817,0.0082,0.00799,0.00806,50987279.0
2025-11-19 19:00:00,0.00806,0.00808,0.00798,0.00805,24448705.0
2025-11-19 20:00:00,0.00805,0.00821,0.00803,0.00819,40065263.0
2025-11-19 21:00:00,0.00819,0.00838,0.00817,0.00834,52995530.0
2025-11-19 22:00:00,0.00835,0.00835,0.00825,0.00831,21367533.0
2025-11-19 23:00:00,0.00831,0.0084,0.0083,0.00835,38057399.0
2025-11-20 00:00:00,0.00835,0.00839,0.00831,0.00834,12990890.0
2025-11-20 01:00:00,0.00834,0.00842,0.00834,0.0084,19456014.0
2025-11-20 02:00:00,0.00841,0.00847,0.0084,0.00844,32020929.0
2025-11-20 03:00:00,0.00845,0.00845,0.00839,0.0084,28165765.0
2025-11-20 04:00:00,0.00841,0.00847,0.00836,0.00847,21736812.0
2025-11-20 05:00:00,0.00847,0.00848,0.00841,0.00844,26883420.0
2025-11-20 06:00:00,0.00844,0.00847,0.00839,0.00843,24324016.0
2025-11-20 07:00:00,0.00844,0.00851,0.00842,0.0085,22826541.0
2025-11-20 08:00:00,0.0085,0.00853,0.00847,0.00851,26650767.0
2025-11-20 09:00:00,0.00851,0.00854,0.00846,0.00849,30162992.0
2025-11-20 10:00:00,0.0085,0.0085,0.00841,0.00847,12909988.0
2025-11-20 11:00:00,0.00847,0.00851,0.00842,0.00849,18446275.0
2025-11-20 12:00:00,0.00849,0.00869,0.00848,0.00867,53249004.0
2025-11-20 13:00:00,0.00868,0.00873,0.00857,0.00862,77428743.0
2025-11-20 14:00:00,0.00863,0.00874,0.00851,0.00868,61908235.0
2025-11-20 15:00:00,0.00868,0.00869,0.00851,0.00853,40922018.0
2025-11-20 16:00:00,0.00852,0.00853,0.00811,0.00817,192760051.0
2025-11-20 17:00:00,0.00816,0.00821,0.00793,0.008,167737494.0
2025-11-20 18:00:00,0.00799,0.00808,0.00792,0.00794,78731109.0
2025-11-20 19:00:00,0.00794,0.0081,0.00784,0.00809,59501266.0
2025-11-20 20:00:00,0.00808,0.00809,0.00797,0.00801,42115424.0
2025-11-20 21:00:00,0.00801,0.0082,0.008,0.00813,27114890.0
2025-11-20 22:00:00,0.00814,0.00831,0.00814,0.00824,35451229.0
2025-11-20 23:00:00,0.00824,0.00824,0.00799,0.00803,68602986.0
2025-11-21 00:00:00,0.00804,0.00817,0.00802,0.00815,47432602.0
2025-11-21 01:00:00,0.00816,0.00827,0.00814,0.00823,36947068.0
2025-11-21 02:00:00,0.00822,0.00824,0.00795,0.00798,78180736.0
2025-11-21 03:00:00,0.00798,0.00815,0.00798,0.00807,59320566.0
2025-11-21 04:00:00,0.00807,0.00808,0.00791,0.00805,58006344.0
2025-11-21 05:00:00,0.00805,0.0081,0.00793,0.00794,34183221.0
2025-11-21 06:00:00,0.00795,0.00801,0.00792,0.00795,31574004.0
2025-11-21 07:00:00,0.00795,0.00798,0.007,0.00752,452719017.0
2025-11-21 08:00:00,0.00752,0.00769,0.00748,0.00758,118887715.0
2025-11-21 09:00:00,0.00759,0.00765,0.00741,0.00743,63198638.0
2025-11-21 10:00:00,0.00743,0.00754,0.00739,0.00742,83349932.0
2025-11-21 11:00:00,0.00741,0.00749,0.00731,0.00734,55890086.0
2025-11-21 12:00:00,0.00735,0.00757,0.0072,0.00749,180524040.0
2025-11-21 13:00:00,0.00749,0.00757,0.00743,0.00751,56605507.0
2025-11-21 14:00:00,0.00751,0.00767,0.00745,0.00763,131976222.0
2025-11-21 15:00:00,0.00763,0.00764,0.0074,0.00746,47554323.0
2025-11-21 16:00:00,0.00745,0.00768,0.00735,0.00766,107087512.0
2025-11-21 17:00:00,0.00767,0.00777,0.00765,0.00768,43512240.0
2025-11-21 18:00:00,0.00769,0.00779,0.00752,0.00774,68220221.0
2025-11-21 19:00:00,0.00774,0.00778,0.00762,0.00766,28615337.0
2025-11-21 20:00:00,0.00765,0.00766,0.00749,0.00754,50636254.0
2025-11-21 21:00:00,0.00754,0.00769,0.00747,0.00763,36831500.0
2025-11-21 22:00:00,0.00764,0.00765,0.00738,0.00739,36629196.0
2025-11-21 23:00:00,0.00738,0.0076,0.00729,0.00758,46024294.0
2025-11-22 00:00:00,0.00758,0.00761,0.00752,0.00757,29816782.0
2025-11-22 01:00:00,0.00757,0.00761,0.00755,0.00758,14981835.0
2025-11-22 02:00:00,0.00758,0.00759,0.00748,0.00754,10191292.0
2025-11-22 03:00:00,0.00753,0.00759,0.00748,0.00749,13304898.0
2025-11-22 04:00:00,0.00749,0.00749,0.00733,0.00745,36297995.0
2025-11-22 05:00:00,0.00744,0.00746,0.0073,0.00737,30897724.0
2025-11-22 06:00:00,0.00737,0.0075,0.00731,0.00746,26688867.0
2025-11-22 07:00:00,0.00746,0.0075,0.00742,0.00748,14794894.0
2025-11-22 08:00:00,0.00748,0.00749,0.00729,0.00735,42759684.0
2025-11-22 09:00:00,0.00735,0.00747,0.00732,0.00742,42112743.0
2025-11-22 10:00:00,0.00743,0.00746,0.00733,0.00737,29854535.0
2025-11-22 11:00:00,0.00737,0.00749,0.00736,0.00744,34799668.0
2025-11-22 12:00:00,0.00744,0.00744,0.00732,0.00735,30582308.0
2025-11-22 13:00:00,0.00735,0.00738,0.00728,0.00734,38535949.0
2025-11-22 14:00:00,0.00735,0.00749,0.00735,0.00746,60134885.0
2025-11-22 15:00:00,0.00746,0.00747,0.00734,0.0074,27376096.0
2025-11-22 16:00:00,0.00739,0.00751,0.00738,0.00748,37628129.0
2025-11-22 17:00:00,0.00747,0.00748,0.00741,0.00743,26691769.0
2025-11-22 18:00:00,0.00743,0.00744,0.00737,0.00742,23462486.0
2025-11-22 19:00:00,0.00742,0.00747,0.00739,0.00741,20529516.0
2025-11-22 20:00:00,0.00741,0.00745,0.00734,0.00738,23582593.0
2025-11-22 21:00:00,0.00737,0.00742,0.00736,0.00741,17642122.0
2025-11-22 22:00:00,0.00741,0.00757,0.00738,0.00752,40841224.0
2025-11-22 23:00:00,0.00751,0.00752,0.00741,0.00741,20434771.0
2025-11-23 00:00:00,0.00742,0.00745,0.00736,0.0074,23872985.0
2025-11-23 01:00:00,0.0074,0.00753,0.00739,0.00749,15768021.0
2025-11-23 02:00:00,0.00749,0.00756,0.00747,0.00753,16615783.0
2025-11-23 03:00:00,0.00753,0.00754,0.00746,0.00752,12461399.0
2025-11-23 04:00:00,0.00752,0.00761,0.00751,0.00759,29867086.0
2025-11-23 05:00:00,0.00758,0.00759,0.00754,0.00757,20277891.0
2025-11-23 06:00:00,0.00757,0.0076,0.0075,0.00752,16570131.0
2025-11-23 07:00:00,0.00752,0.00752,0.00743,0.00751,15349664.0
2025-11-23 08:00:00,0.00751,0.00753,0.00749,0.00753,23734895.0
2025-11-23 09:00:00,0.00753,0.00758,0.00751,0.00753,17312979.0
2025-11-23 10:00:00,0.00753,0.00756,0.00751,0.00752,18912206.0
2025-11-23 11:00:00,0.00752,0.00754,0.00745,0.00753,28090849.0
2025-11-23 12:00:00,0.00753,0.0076,0.00753,0.00754,26672944.0
2025-11-23 13:00:00,0.00754,0.00757,0.0075,0.00755,14105799.0
2025-11-23 14:00:00,0.00756,0.00759,0.00746,0.00747,32299847.0
2025-11-23 15:00:00,0.00747,0.00756,0.00744,0.00754,18266988.0
2025-11-23 16:00:00,0.00754,0.00757,0.00747,0.00747,29302068.0
2025-11-23 17:00:00,0.00748,0.0075,0.00744,0.00747,37660198.0
2025-11-23 18:00:00,0.00747,0.00755,0.00747,0.0075,30762800.0
2025-11-23 19:00:00,0.00751,0.00759,0.00749,0.00754,39354837.0
2025-11-23 20:00:00,0.00754,0.00755,0.0075,0.00752,29196431.0
2025-11-23 21:00:00,0.00751,0.00758,0.00749,0.00757,34659542.0
2025-11-23 22:00:00,0.00757,0.00757,0.0075,0.00752,31848218.0
2025-11-23 23:00:00,0.00753,0.00753,0.0074,0.00742,32776661.0
2025-11-24 00:00:00,0.00741,0.00746,0.00734,0.00741,37907563.0
2025-11-24 01:00:00,0.0074,0.00747,0.00737,0.00746,29838166.0
2025-11-24 02:00:00,0.00745,0.00765,0.00744,0.00757,57082673.0
2025-11-24 03:00:00,0.00757,0.00765,0.00754,0.00757,28284223.0
2025-11-24 04:00:00,0.00757,0.0076,0.00745,0.00749,21977918.0
2025-11-24 05:00:00,0.00749,0.00766,0.00748,0.00759,26842268.0
2025-11-24 06:00:00,0.00759,0.0076,0.00748,0.00753,114920157.0
2025-11-24 07:00:00,0.00753,0.00753,0.00745,0.00746,71734814.0
2025-11-24 08:00:00,0.00746,0.00749,0.00744,0.00748,26682404.0
2025-11-24 09:00:00,0.00748,0.00748,0.00732,0.00733,37031123.0
2025-11-24 10:00:00,0.00734,0.00737,0.00732,0.00733,27728072.0
2025-11-24 11:00:00,0.00733,0.00739,0.0073,0.00738,24017133.0
2025-11-24 12:00:00,0.00738,0.00739,0.00731,0.00733,21946869.0
2025-11-24 13:00:00,0.00733,0.00742,0.00733,0.00735,37902983.0
2025-11-24 14:00:00,0.00735,0.00747,0.00728,0.00743,87284855.0
2025-11-24 15:00:00,0.00743,0.00753,0.00739,0.0075,54554835.0
2025-11-24 16:00:00,0.0075,0.0076,0.0075,0.00757,39394209.0
2025-11-24 17:00:00,0.00757,0.0078,0.00757,0.00779,59222579.0
2025-11-24 18:00:00,0.00779,0.00787,0.00776,0.00777,43280468.0
2025-11-24 19:00:00,0.00777,0.0078,0.00773,0.00774,27745554.0
2025-11-24 20:00:00,0.00774,0.00786,0.00774,0.00782,29353727.0
2025-11-24 21:00:00,0.00783,0.00785,0.00775,0.00778,17838874.0
2025-11-24 22:00:00,0.00777,0.00783,0.0077,0.00775,12142425.0
2025-11-24 23:00:00,0.00776,0.00776,0.0077,0.00772,8461054.0
2025-11-25 00:00:00,0.00771,0.00774,0.00767,0.00772,14566892.0
2025-11-25 01:00:00,0.00773,0.00776,0.00768,0.00768,10357054.0
2025-11-25 02:00:00,0.00768,0.00771,0.00763,0.00771,13826103.0
2025-11-25 03:00:00,0.00771,0.00773,0.00767,0.00769,16220618.0
2025-11-25 04:00:00,0.00769,0.00773,0.00766,0.0077,8268056.0
2025-11-25 05:00:00,0.0077,0.00772,0.00766,0.00769,5603744.0
2025-11-25 06:00:00,0.00768,0.00769,0.0076,0.00765,14672982.0
2025-11-25 07:00:00,0.00765,0.00769,0.00762,0.00762,14205535.0
2025-11-25 08:00:00,0.00763,0.0077,0.00762,0.00763,21788979.0
2025-11-25 09:00:00,0.00763,0.00769,0.00759,0.00769,15932117.0
2025-11-25 10:00:00,0.00768,0.00769,0.00764,0.00768,15399503.0
2025-11-25 11:00:00,0.00768,0.00768,0.00763,0.00764,12028866.0
2025-11-25 12:00:00,0.00765,0.00776,0.00762,0.00771,23435020.0
2025-11-25 13:00:00,0.0077,0.00775,0.00763,0.00765,41254763.0
2025-11-25 14:00:00,0.00765,0.00771,0.00754,0.00764,83350796.0
2025-11-25 15:00:00,0.00764,0.00774,0.00756,0.00769,40694192.0
2025-11-25 16:00:00,0.00769,0.0078,0.00768,0.00776,25751284.0
2025-11-25 17:00:00,0.00776,0.00786,0.00773,0.00781,25217954.0
2025-11-25 18:00:00,0.00781,0.00789,0.00777,0.00777,26046731.0
2025-11-25 19:00:00,0.00778,0.00779,0.00762,0.00776,15384364.0
2025-11-25 20:00:00,0.00776,0.00783,0.00775,0.00779,11266044.0
2025-11-25 21:00:00,0.0078,0.00782,0.00776,0.00777,8612921.0
2025-11-25 22:00:00,0.00776,0.00786,0.00768,0.00784,15854371.0
2025-11-25 23:00:00,0.00784,0.00789,0.0078,0.00781,15677807.0
2025-11-26 00:00:00,0.00781,0.00784,0.00778,0.00779,9231098.0
2025-11-26 01:00:00,0.00779,0.00783,0.00775,0.00779,9649968.0
2025-11-26 02:00:00,0.0078,0.0078,0.00775,0.00777,4007195.0
2025-11-26 03:00:00,0.00776,0.00777,0.00768,0.0077,6563635.0
2025-11-26 04:00:00,0.0077,0.00771,0.00767,0.00768,5264473.0
2025-11-26 05:00:00,0.00768,0.00776,0.00767,0.00774,7657941.0
2025-11-26 06:00:00,0.00774,0.00778,0.00772,0.00777,8732142.0
2025-11-26 07:00:00,0.00776,0.00777,0.00773,0.00775,7893497.0
2025-11-26 08:00:00,0.00776,0.00776,0.00768,0.00768,9608233.0
2025-11-26 09:00:00,0.00769,0.0077,0.0076,0.00765,24504390.0
2025-11-26 10:00:00,0.00765,0.0077,0.00762,0.00765,48540481.0
2025-11-26 11:00:00,0.00764,0.00765,0.00757,0.00759,12536238.0
2025-11-26 12:00:00,0.0076,0.0076,0.00751,0.00756,12769959.0
2025-11-26 13:00:00,0.00756,0.00763,0.00755,0.00762,26551093.0
2025-11-26 14:00:00,0.00762,0.00764,0.00753,0.00754,23980430.0
2025-11-26 15:00:00,0.00754,0.0076,0.00748,0.00752,28851091.0
2025-11-26 16:00:00,0.00753,0.00766,0.00753,0.00761,15988948.0
2025-11-26 17:00:00,0.00761,0.00785,0.00761,0.00782,30238408.0
2025-11-26 18:00:00,0.00782,0.0079,0.00779,0.00789,58631982.0
2025-11-26 19:00:00,0.00789,0.00789,0.00781,0.00784,22573690.0
2025-11-26 20:00:00,0.00784,0.00784,0.00777,0.00781,12966558.0
2025-11-26 21:00:00,0.00781,0.00791,0.00778,0.00788,12145668.0
2025-11-26 22:00:00,0.00787,0.00789,0.00784,0.00787,14779777.0
2025-11-26 23:00:00,0.00786,0.00788,0.00782,0.00784,6705158.0
2025-11-27 00:00:00,0.00784,0.00788,0.00781,0.00785,12255965.0
2025-11-27 01:00:00,0.00784,0.0079,0.00782,0.00786,6854435.0
2025-11-27 02:00:00,0.00787,0.00791,0.00782,0.00782,11200331.0
2025-11-27 03:00:00,0.00783,0.00787,0.00777,0.00779,18540965.0
2025-11-27 04:00:00,0.0078,0.00785,0.00779,0.00783,6840047.0
2025-11-27 05:00:00,0.00783,0.00784,0.00776,0.00777,5552962.0
2025-11-27 06:00:00,0.00777,0.00785,0.00776,0.00783,11804642.0
2025-11-27 07:00:00,0.00783,0.00784,0.0078,0.00782,30717032.0
2025-11-27 08:00:00,0.00782,0.00782,0.00778,0.00781,8375699.0
2025-11-27 09:00:00,0.00781,0.00788,0.00778,0.00785,17279064.0
2025-11-27 10:00:00,0.00784,0.00786,0.0078,0.00782,8808181.0
2025-11-27 11:00:00,0.00783,0.00784,0.0078,0.00782,6843363.0
2025-11-27 12:00:00,0.00781,0.00782,0.00775,0.00776,6374121.0
2025-11-27 13:00:00,0.00777,0.00784,0.00777,0.00781,10515249.0
2025-11-27 14:00:00,0.00781,0.00786,0.0078,0.00785,10006171.0
2025-11-27 15:00:00,0.00785,0.00795,0.00783,0.00793,9625455.0
2025-11-27 16:00:00,0.00794,0.008,0.00792,0.00799,27297602.0
2025-11-27 17:00:00,0.00799,0.00804,0.00796,0.00803,15199306.0
2025-11-27 18:00:00,0.00804,0.0081,0.00801,0.00809,27096072.0
2025-11-27 19:00:00,0.00809,0.00814,0.00807,0.0081,32184669.0
2025-11-27 20:00:00,0.00811,0.00814,0.00808,0.00813,17118928.0
2025-11-27 21:00:00,0.00813,0.00815,0.00807,0.00808,12976546.0
2025-11-27 22:00:00,0.00807,0.00808,0.00792,0.00796,23733242.0
2025-11-27 23:00:00,0.00795,0.00798,0.00791,0.00794,11465520.0
2025-11-28 00:00:00,0.00794,0.00802,0.00794,0.00799,12499202.0
2025-11-28 01:00:00,0.008,0.00803,0.00786,0.00787,33196611.0
2025-11-28 02:00:00,0.00787,0.00791,0.0078,0.00788,25188103.0
2025-11-28 03:00:00,0.00788,0.00788,0.00784,0.00785,13146817.0
2025-11-28 04:00:00,0.00785,0.00787,0.00781,0.00782,7973753.0
2025-11-28 05:00:00,0.00782,0.00785,0.0078,0.00783,17953262.0
2025-11-28 06:00:00,0.00783,0.00783,0.00778,0.0078,8141790.0
2025-11-28 07:00:00,0.0078,0.00788,0.0078,0.00783,13880812.0
2025-11-28 08:00:00,0.00784,0.00808,0.00783,0.00803,29727714.0
2025-11-28 09:00:00,0.00803,0.00805,0.00797,0.00798,24133702.0
2025-11-28 10:00:00,0.00798,0.00801,0.00797,0.00798,14154014.0
2025-11-28 11:00:00,0.00798,0.00799,0.00784,0.00792,12342114.0
2025-11-28 12:00:00,0.00792,0.00796,0.00789,0.00789,10840962.0
2025-11-28 13:00:00,0.00789,0.00804,0.00785,0.00801,19782506.0
2025-11-28 14:00:00,0.00801,0.00807,0.00796,0.008,23467722.0
2025-11-28 15:00:00,0.00801,0.00811,0.00799,0.00802,31022048.0
2025-11-28 16:00:00,0.00802,0.00802,0.00785,0.00788,39446994.0
2025-11-28 17:00:00,0.00789,0.0079,0.00777,0.0078,44558338.0
2025-11-28 18:00:00,0.00781,0.00783,0.0077,0.00781,25274221.0
2025-11-28 19:00:00,0.00781,0.00789,0.00781,0.00788,7048753.0
2025-11-28 20:00:00,0.00787,0.00788,0.00781,0.00787,15103933.0
2025-11-28 21:00:00,0.00787,0.00789,0.00782,0.00782,11094572.0
2025-11-28 22:00:00,0.00781,0.00789,0.00778,0.00788,12958449.0
2025-11-28 23:00:00,0.00788,0.0079,0.00783,0.00783,10394782.0
2025-11-29 00:00:00,0.00783,0.00785,0.0078,0.00784,7371496.0
2025-11-29 01:00:00,0.00785,0.0079,0.00784,0.00788,4007261.0
2025-11-29 02:00:00,0.00788,0.0079,0.00785,0.0079,5336967.0
2025-11-29 03:00:00,0.0079,0.00795,0.00785,0.00786,8239041.0
2025-11-29 04:00:00,0.00787,0.00792,0.00784,0.00791,4174558.0
2025-11-29 05:00:00,0.0079,0.00791,0.00786,0.00786,4239836.0
2025-11-29 06:00:00,0.00786,0.00788,0.00775,0.0078,20526890.0
2025-11-29 07:00:00,0.00779,0.00783,0.00776,0.00778,7022061.0
2025-11-29 08:00:00,0.00777,0.00782,0.00776,0.00777,7671588.0
2025-11-29 09:00:00,0.00778,0.00779,0.00775,0.00777,4475941.0
2025-11-29 10:00:00,0.00776,0.0078,0.00771,0.00778,8216027.0
2025-11-29 11:00:00,0.00778,0.00784,0.00777,0.00782,3028514.0
2025-11-29 12:00:00,0.00783,0.00783,0.00774,0.00775,5031007.0
2025-11-29 13:00:00,0.00774,0.00776,0.00771,0.00772,5189789.0
2025-11-29 14:00:00,0.00772,0.00773,0.00768,0.00769,9345277.0
2025-11-29 15:00:00,0.00768,0.00778,0.00768,0.00776,12400472.0
2025-11-29 16:00:00,0.00775,0.00776,0.0077,0.00772,3367212.0
2025-11-29 17:00:00,0.00773,0.00773,0.00762,0.00763,10103192.0
2025-11-29 18:00:00,0.00763,0.00767,0.00759,0.00766,21632858.0
2025-11-29 19:00:00,0.00766,0.00769,0.00764,0.00766,9380860.0
2025-11-29 20:00:00,0.00766,0.00769,0.0076,0.00769,17006288.0
2025-11-29 21:00:00,0.00769,0.00771,0.00765,0.00769,8435826.0
2025-11-29 22:00:00,0.00768,0.00769,0.00764,0.00766,7219922.0
2025-11-29 23:00:00,0.00765,0.00767,0.00761,0.00765,3706509.0
2025-11-30 00:00:00,0.00765,0.00768,0.00763,0.00765,3687556.0
2025-11-30 01:00:00,0.00764,0.0077,0.00764,0.00768,3648013.0
2025-11-30 02:00:00,0.00767,0.00771,0.00762,0.00763,4184257.0
2025-11-30 03:00:00,0.00764,0.00767,0.00756,0.00767,9748060.0
2025-11-30 04:00:00,0.00767,0.00769,0.00761,0.00763,9960902.0
2025-11-30 05:00:00,0.00763,0.00763,0.00757,0.00759,13713457.0
2025-11-30 06:00:00,0.00758,0.00767,0.00757,0.00763,6107378.0
2025-11-30 07:00:00,0.00763,0.00767,0.00762,0.00766,12779320.0
2025-11-30 08:00:00,0.00765,0.00772,0.00763,0.00765,13774073.0
2025-11-30 09:00:00,0.00765,0.00768,0.00763,0.00765,7384231.0
2025-11-30 10:00:00,0.00765,0.00767,0.00762,0.00762,9232041.0
2025-11-30 11:00:00,0.00762,0.00765,0.00759,0.0076,8561146.0
2025-11-30 12:00:00,0.0076,0.00771,0.00757,0.00767,10247775.0
2025-11-30 13:00:00,0.00768,0.00778,0.00767,0.00775,16096107.0
2025-11-30 14:00:00,0.00776,0.00777,0.00763,0.00766,10054750.0
2025-11-30 15:00:00,0.00766,0.00767,0.0076,0.00763,9384015.0
2025-11-30 16:00:00,0.00764,0.00773,0.00763,0.00771,12449263.0
2025-11-30 17:00:00,0.00771,0.00774,0.00766,0.00772,6658382.0
2025-11-30 18:00:00,0.00773,0.00774,0.0077,0.00773,5983442.0
2025-11-30 19:00:00,0.00772,0.00774,0.00768,0.00769,5087164.0
2025-11-30 20:00:00,0.00769,0.00773,0.00764,0.00768,14045154.0
2025-11-30 21:00:00,0.00767,0.00769,0.00763,0.00767,9150485.0
2025-11-30 22:00:00,0.00767,0.00773,0.00764,0.00768,20062941.0
2025-11-30 23:00:00,0.00769,0.00769,0.00751,0.00751,17794375.0
2025-12-01 00:00:00,0.00752,0.00754,0.00697,0.00698,200938707.0
2025-12-01 01:00:00,0.00698,0.0071,0.00694,0.00701,55241067.0
2025-12-01 02:00:00,0.00701,0.00706,0.00697,0.00699,55212202.0
2025-12-01 03:00:00,0.00698,0.007,0.00686,0.00689,47974875.0
2025-12-01 04:00:00,0.00689,0.00691,0.00683,0.00686,40366466.0
2025-12-01 05:00:00,0.00686,0.00694,0.00685,0.00688,31933743.0
2025-12-01 06:00:00,0.00689,0.00691,0.00686,0.00687,23991962.0
2025-12-01 07:00:00,0.00687,0.0069,0.00682,0.00689,30093444.0
2025-12-01 08:00:00,0.00689,0.00697,0.00688,0.00695,15516461.0
2025-12-01 09:00:00,0.00695,0.00698,0.00692,0.00692,12724027.0
2025-12-01 10:00:00,0.00692,0.00697,0.00692,0.00692,9401399.0
2025-12-01 11:00:00,0.00692,0.00693,0.00683,0.00686,19790251.0
2025-12-01 12:00:00,0.00686,0.00686,0.00671,0.0068,56706660.0
2025-12-01 13:00:00,0.0068,0.00687,0.00674,0.00676,43938214.0
2025-12-01 14:00:00,0.00676,0.0069,0.00675,0.00681,42991555.0
2025-12-01 15:00:00,0.00682,0.00682,0.00657,0.00671,93158847.0
2025-12-01 16:00:00,0.0067,0.0067,0.00658,0.0066,37242573.0
2025-12-01 17:00:00,0.00659,0.00666,0.00657,0.00662,25601997.0
2025-12-01 18:00:00,0.00662,0.00673,0.00662,0.00673,24791094.0
2025-12-01 19:00:00,0.00672,0.00673,0.00667,0.00672,13426348.0
2025-12-01 20:00:00,0.00672,0.00684,0.00672,0.00677,28242440.0
2025-12-01 21:00:00,0.00677,0.00689,0.00677,0.00686,12402287.0
2025-12-01 22:00:00,0.00686,0.00691,0.00679,0.0068,11509223.0
2025-12-01 23:00:00,0.00681,0.00684,0.00676,0.00677,11444299.0
2025-12-02 00:00:00,0.00677,0.00679,0.00671,0.00673,24478092.0
2025-12-02 01:00:00,0.00672,0.00683,0.0067,0.00672,22808203.0
2025-12-02 02:00:00,0.00671,0.00675,0.00669,0.00671,27255669.0
2025-12-02 03:00:00,0.0067,0.00676,0.00664,0.00674,13536601.0
2025-12-02 04:00:00,0.00674,0.00678,0.00674,0.00675,17434595.0
2025-12-02 05:00:00,0.00675,0.00676,0.00671,0.00674,5830889.0
2025-12-02 06:00:00,0.00674,0.00678,0.00673,0.00677,7036848.0
2025-12-02 07:00:00,0.00677,0.00679,0.00674,0.00675,8096651.0
2025-12-02 08:00:00,0.00675,0.00676,0.00668,0.00669,11945031.0
2025-12-02 09:00:00,0.00669,0.00675,0.00669,0.00673,22829728.0
2025-12-02 10:00:00,0.00673,0.00681,0.00671,0.00678,9633698.0
2025-12-02 11:00:00,0.00679,0.00682,0.00676,0.0068,15610807.0
2025-12-02 12:00:00,0.00681,0.00685,0.00677,0.0068,27693385.0
2025-12-02 13:00:00,0.00681,0.0069,0.00679,0.00688,23276906.0
2025-12-02 14:00:00,0.00688,0.00705,0.00687,0.00705,48714208.0
2025-12-02 15:00:00,0.00705,0.00752,0.00705,0.0075,125978405.0
2025-12-02 16:00:00,0.00751,0.00756,0.00739,0.0075,82422700.0
2025-12-02 17:00:00,0.0075,0.00757,0.00747,0.0075,37033317.0
2025-12-02 18:00:00,0.0075,0.00752,0.00746,0.00749,20673611.0
2025-12-02 19:00:00,0.00748,0.00749,0.00738,0.0074,17271499.0
2025-12-02 20:00:00,0.0074,0.00741,0.00729,0.00734,30951007.0
2025-12-02 21:00:00,0.00734,0.00742,0.00732,0.0074,16530225.0
2025-12-02 22:00:00,0.00741,0.00751,0.00741,0.0075,17759494.0
2025-12-02 23:00:00,0.00751,0.00751,0.0074,0.00741,11939858.0
2025-12-03 00:00:00,0.00742,0.00749,0.00741,0.00746,12259204.0
2025-12-03 01:00:00,0.00746,0.00748,0.00743,0.00745,14530885.0
2025-12-03 02:00:00,0.00745,0.00753,0.00743,0.00749,22255077.0
2025-12-03 03:00:00,0.00749,0.00753,0.00746,0.00748,6970567.0
2025-12-03 04:00:00,0.00747,0.00756,0.00745,0.00753,15471581.0
2025-12-03 05:00:00,0.00754,0.00758,0.00752,0.00754,10852965.0
2025-12-03 06:00:00,0.00754,0.00762,0.00752,0.00757,35819079.0
2025-12-03 07:00:00,0.00756,0.00758,0.00754,0.00757,16910759.0
2025-12-03 08:00:00,0.00757,0.00764,0.00755,0.00763,22979246.0
2025-12-03 09:00:00,0.00762,0.00768,0.00759,0.00766,31113510.0
2025-12-03 10:00:00,0.00767,0.00769,0.00759,0.0076,38800728.0
2025-12-03 11:00:00,0.00761,0.00764,0.00758,0.00763,9294564.0
2025-12-03 12:00:00,0.00763,0.00765,0.00757,0.00759,16926639.0
2025-12-03 13:00:00,0.00759,0.00761,0.00757,0.00759,15298022.0
2025-12-03 14:00:00,0.0076,0.00768,0.00741,0.00753,114784393.0
2025-12-03 15:00:00,0.00753,0.00762,0.00751,0.00761,36796231.0
2025-12-03 16:00:00,0.00762,0.00762,0.00751,0.00757,49129033.0
2025-12-03 17:00:00,0.00756,0.00769,0.00755,0.00768,25980535.0
2025-12-03 18:00:00,0.00768,0.00773,0.0076,0.00762,24935341.0
2025-12-03 19:00:00,0.00763,0.00765,0.00759,0.00764,10325095.0
2025-12-03 20:00:00,0.00764,0.0077,0.00761,0.00765,16229008.0
2025-12-03 21:00:00,0.00765,0.00778,0.00765,0.00777,12401969.0
2025-12-03 22:00:00,0.00776,0.00782,0.00772,0.00781,22401318.0
2025-12-03 23:00:00,0.00781,0.00788,0.00774,0.00775,16404109.0
2025-12-04 00:00:00,0.00776,0.00778,0.00769,0.00772,12472748.0
2025-12-04 01:00:00,0.00772,0.00785,0.00772,0.00773,16114770.0
2025-12-04 02:00:00,0.00773,0.00781,0.00772,0.00778,13590197.0
2025-12-04 03:00:00,0.00777,0.00781,0.00773,0.00774,14074553.0
2025-12-04 04:00:00,0.00774,0.00776,0.00771,0.00774,4195129.0
2025-12-04 05:00:00,0.00774,0.00778,0.00772,0.00775,11990618.0
2025-12-04 06:00:00,0.00775,0.00782,0.00774,0.0078,15913958.0
2025-12-04 07:00:00,0.0078,0.0078,0.00773,0.00778,17330885.0
2025-12-04 08:00:00,0.00779,0.00781,0.00773,0.00776,10616365.0
2025-12-04 09:00:00,0.00776,0.00782,0.00776,0.0078,8122558.0
2025-12-04 10:00:00,0.0078,0.00781,0.00775,0.00776,6053488.0
2025-12-04 11:00:00,0.00775,0.00775,0.00769,0.00774,21252721.0
2025-12-04 12:00:00,0.00774,0.00775,0.00767,0.0077,7515838.0
2025-12-04 13:00:00,0.0077,0.00772,0.00764,0.00766,17638243.0
2025-12-04 14:00:00,0.00765,0.00771,0.00759,0.0076,23579766.0
2025-12-04 15:00:00,0.0076,0.00779,0.0076,0.00777,36016617.0
2025-12-04 16:00:00,0.00777,0.0078,0.00767,0.00769,21890077.0
2025-12-04 17:00:00,0.00769,0.0077,0.0076,0.00768,10448090.0
2025-12-04 18:00:00,0.00768,0.00771,0.00761,0.00764,8350932.0
2025-12-04 19:00:00,0.00764,0.00764,0.00744,0.0076,27661682.0
2025-12-04 20:00:00,0.00761,0.00764,0.00755,0.0076,6416912.0
2025-12-04 21:00:00,0.00761,0.00762,0.0075,0.0075,5099225.0
2025-12-04 22:00:00,0.00751,0.00758,0.0075,0.00755,5060762.0
2025-12-04 23:00:00,0.00755,0.00755,0.00749,0.00751,2419653.0
2025-12-05 00:00:00,0.0075,0.00757,0.00748,0.00753,4844238.0
2025-12-05 01:00:00,0.00753,0.00758,0.00752,0.00754,5218739.0
2025-12-05 02:00:00,0.00754,0.00762,0.00752,0.00757,7070911.0
2025-12-05 03:00:00,0.00757,0.0076,0.00751,0.00753,10302267.0
2025-12-05 04:00:00,0.00752,0.00755,0.00744,0.0075,9017720.0
2025-12-05 05:00:00,0.00749,0.00752,0.00748,0.00749,4295471.0
2025-12-05 06:00:00,0.0075,0.00756,0.0075,0.00754,8965466.0
2025-12-05 07:00:00,0.00754,0.00759,0.00752,0.00756,10642470.0
2025-12-05 08:00:00,0.00756,0.00757,0.00751,0.00752,12430355.0
2025-12-05 09:00:00,0.00752,0.00752,0.00737,0.00739,25259533.0
2025-12-05 10:00:00,0.00738,0.00745,0.00737,0.00741,10991509.0
2025-12-05 11:00:00,0.0074,0.00742,0.00733,0.00736,12410799.0
2025-12-05 12:00:00,0.00736,0.00739,0.00734,0.00738,9447140.0
2025-12-05 13:00:00,0.00738,0.00742,0.00728,0.00731,22252330.0
2025-12-05 14:00:00,0.0073,0.00735,0.00727,0.00729,43302882.0
2025-12-05 15:00:00,0.0073,0.00748,0.00729,0.00733,86767248.0
2025-12-05 16:00:00,0.00733,0.00733,0.00703,0.00709,78519569.0
2025-12-05 17:00:00,0.00709,0.00713,0.00701,0.00708,25794565.0
2025-12-05 18:00:00,0.00709,0.00715,0.00698,0.00698,28588745.0
2025-12-05 19:00:00,0.00698,0.00711,0.00694,0.00708,32124480.0
2025-12-05 20:00:00,0.00707,0.00712,0.00703,0.00705,13492767.0
2025-12-05 21:00:00,0.00705,0.00712,0.00705,0.0071,17182254.0
2025-12-05 22:00:00,0.0071,0.0072,0.00708,0.00716,12088305.0
2025-12-05 23:00:00,0.00716,0.00716,0.00709,0.00712,6784445.0
2025-12-06 00:00:00,0.00712,0.00713,0.00706,0.00712,7609793.0
2025-12-06 01:00:00,0.00711,0.00712,0.00707,0.00709,5785478.0
2025-12-06 02:00:00,0.00708,0.00713,0.00706,0.00712,6595253.0
2025-12-06 03:00:00,0.00712,0.00718,0.00712,0.00713,4818370.0
2025-12-06 04:00:00,0.00713,0.00714,0.00708,0.00709,6185225.0
2025-12-06 05:00:00,0.00709,0.0071,0.00707,0.00709,4375475.0
2025-12-06 06:00:00,0.00708,0.00712,0.00707,0.00709,8466515.0
2025-12-06 07:00:00,0.0071,0.00714,0.00708,0.00714,7898137.0
2025-12-06 08:00:00,0.00713,0.00717,0.00711,0.00712,12541225.0
2025-12-06 09:00:00,0.00711,0.00719,0.00711,0.00717,10771428.0
2025-12-06 10:00:00,0.00716,0.00717,0.00709,0.0071,8645619.0
2025-12-06 11:00:00,0.00709,0.00715,0.00708,0.00713,4904367.0
2025-12-06 12:00:00,0.00714,0.0072,0.00712,0.00714,7915481.0
2025-12-06 13:00:00,0.00715,0.00719,0.00713,0.00716,4877950.0
2025-12-06 14:00:00,0.00715,0.00726,0.00714,0.00723,17714963.0
2025-12-06 15:00:00,0.00724,0.00724,0.00717,0.00722,15100604.0
2025-12-06 16:00:00,0.00722,0.00732,0.00721,0.00729,12321746.0
2025-12-06 17:00:00,0.00729,0.00735,0.00727,0.00733,9326492.0
2025-12-06 18:00:00,0.00734,0.00739,0.00731,0.00732,18574120.0
2025-12-06 19:00:00,0.00733,0.00735,0.00722,0.00725,16736281.0
2025-12-06 20:00:00,0.00725,0.0073,0.00723,0.00729,13814648.0
2025-12-06 21:00:00,0.00728,0.00738,0.00727,0.00728,27221080.0
2025-12-06 22:00:00,0.00728,0.00731,0.00721,0.00721,9492011.0
2025-12-06 23:00:00,0.00722,0.00723,0.00714,0.00717,17616475.0
2025-12-07 00:00:00,0.00718,0.0073,0.00714,0.00728,54744171.0
2025-12-07 01:00:00,0.00728,0.00728,0.00722,0.00722,7867339.0
2025-12-07 02:00:00,0.00723,0.00727,0.00722,0.00726,13158495.0
2025-12-07 03:00:00,0.00725,0.00727,0.00724,0.00727,8277080.0
2025-12-07 04:00:00,0.00726,0.00726,0.00721,0.00721,6207054.0
2025-12-07 05:00:00,0.00721,0.00726,0.00719,0.00726,4566241.0
2025-12-07 06:00:00,0.00725,0.00729,0.00724,0.00727,5860809.0
2025-12-07 07:00:00,0.00728,0.00728,0.00716,0.00719,7779621.0
2025-12-07 08:00:00,0.00718,0.00719,0.00713,0.00714,6661558.0
2025-12-07 09:00:00,0.00714,0.00717,0.0071,0.00712,10418510.0
2025-12-07 10:00:00,0.00711,0.00713,0.00708,0.00709,12402633.0
2025-12-07 11:00:00,0.00709,0.00712,0.00708,0.0071,10599753.0
2025-12-07 12:00:00,0.0071,0.00715,0.00708,0.00712,10472488.0
2025-12-07 13:00:00,0.00712,0.00713,0.00701,0.00702,23836001.0
2025-12-07 14:00:00,0.00702,0.00704,0.00681,0.00688,109237898.0
2025-12-07 15:00:00,0.00688,0.00713,0.00685,0.0071,54634030.0
2025-12-07 16:00:00,0.0071,0.0071,0.00701,0.00708,24450719.0
2025-12-07 17:00:00,0.00708,0.00731,0.00703,0.00726,61430414.0
2025-12-07 18:00:00,0.00726,0.00731,0.00725,0.00725,17279300.0
2025-12-07 19:00:00,0.00726,0.00727,0.0072,0.00727,21389792.0
2025-12-07 20:00:00,0.00727,0.00729,0.00724,0.00727,11098613.0
2025-12-07 21:00:00,0.00728,0.00728,0.00703,0.00708,48134189.0
2025-12-07 22:00:00,0.00708,0.00709,0.00688,0.007,81340716.0
2025-12-07 23:00:00,0.007,0.00706,0.00698,0.00704,15261871.0
2025-12-08 00:00:00,0.00704,0.0071,0.00701,0.00705,13577582.0
2025-12-08 01:00:00,0.00704,0.00725,0.00703,0.00713,29028146.0
2025-12-08 02:00:00,0.00713,0.0072,0.00712,0.0072,5665318.0
2025-12-08 03:00:00,0.0072,0.00726,0.00719,0.00722,14416281.0
2025-12-08 04:00:00,0.00722,0.00731,0.00722,0.00727,7757732.0
2025-12-08 05:00:00,0.00727,0.00729,0.00724,0.00728,4558923.0
2025-12-08 06:00:00,0.00727,0.00736,0.00727,0.00734,9417027.0
2025-12-08 07:00:00,0.00734,0.00736,0.0073,0.00732,27837069.0
2025-12-08 08:00:00,0.00732,0.00734,0.0073,0.00733,9802697.0
2025-12-08 09:00:00,0.00732,0.00745,0.00731,0.00739,19416281.0
2025-12-08 10:00:00,0.0074,0.00741,0.00738,0.00739,8031523.0
2025-12-08 11:00:00,0.00739,0.0074,0.00734,0.00736,9380154.0
2025-12-08 12:00:00,0.00737,0.0074,0.0073,0.00738,22118241.0
2025-12-08 13:00:00,0.0074,0.00743,0.00735,0.00737,15306559.0
2025-12-08 14:00:00,0.00738,0.00748,0.00734,0.00739,55251638.0
2025-12-08 15:00:00,0.0074,0.00742,0.00727,0.00733,51069170.0
2025-12-08 16:00:00,0.00733,0.00746,0.00728,0.00738,45149314.0
2025-12-08 17:00:00,0.00738,0.00741,0.00733,0.00739,34366825.0
2025-12-08 18:00:00,0.00739,0.00741,0.00726,0.00729,22172683.0
2025-12-08 19:00:00,0.0073,0.00733,0.00728,0.00729,13238897.0
2025-12-08 20:00:00,0.00729,0.00738,0.00729,0.00737,13851592.0
2025-12-08 21:00:00,0.00737,0.0074,0.00728,0.00737,20223954.0
2025-12-08 22:00:00,0.00737,0.00738,0.00729,0.00734,9815544.0
2025-12-08 23:00:00,0.00734,0.00735,0.00727,0.00731,7703370.0
2025-12-09 00:00:00,0.00731,0.00734,0.00726,0.00728,15324872.0
2025-12-09 01:00:00,0.00729,0.00729,0.00719,0.00722,14876699.0
2025-12-09 02:00:00,0.00722,0.00726,0.00721,0.00721,12750813.0
2025-12-09 03:00:00,0.00721,0.00729,0.00717,0.00728,12434672.0
2025-12-09 04:00:00,0.00729,0.00729,0.00718,0.00719,8253749.0
2025-12-09 05:00:00,0.00718,0.00722,0.00715,0.00718,11912873.0
2025-12-09 06:00:00,0.00717,0.0072,0.00714,0.00719,8991319.0
2025-12-09 07:00:00,0.00719,0.00724,0.00718,0.00723,6418543.0
2025-12-09 08:00:00,0.00723,0.00724,0.00719,0.00722,4433991.0
2025-12-09 09:00:00,0.00721,0.00721,0.00717,0.00718,4129031.0
2025-12-09 10:00:00,0.00718,0.0072,0.00714,0.00719,13158372.0
2025-12-09 11:00:00,0.00719,0.00723,0.00716,0.00723,7049240.0
2025-12-09 12:00:00,0.00722,0.00732,0.00721,0.00729,15881116.0
2025-12-09 13:00:00,0.0073,0.00733,0.00726,0.00729,20611178.0
2025-12-09 14:00:00,0.0073,0.00732,0.00722,0.00727,35859411.0
2025-12-09 15:00:00,0.00728,0.00762,0.00727,0.0076,88202288.0
2025-12-09 16:00:00,0.00761,0.00791,0.00761,0.00789,112921211.0
2025-12-09 17:00:00,0.00789,0.00796,0.00785,0.00791,41722942.0
2025-12-09 18:00:00,0.00791,0.00794,0.00783,0.00788,22553110.0
2025-12-09 19:00:00,0.00787,0.0079,0.00782,0.00787,8830625.0
2025-12-09 20:00:00,0.00786,0.00788,0.00772,0.00778,24119338.0
2025-12-09 21:00:00,0.00779,0.00781,0.0076,0.00769,19710696.0
2025-12-09 22:00:00,0.00769,0.00783,0.00768,0.0078,22016270.0
2025-12-09 23:00:00,0.0078,0.00785,0.00777,0.00779,5656506.0
2025-12-10 00:00:00,0.00779,0.00781,0.00768,0.00768,12953467.0
2025-12-10 01:00:00,0.00769,0.00771,0.00761,0.00762,16130031.0
2025-12-10 02:00:00,0.00762,0.00767,0.00761,0.00765,4909100.0
2025-12-10 03:00:00,0.00765,0.00765,0.00761,0.00762,5218174.0
2025-12-10 04:00:00,0.00762,0.00766,0.0076,0.00762,4668330.0
2025-12-10 05:00:00,0.00761,0.00766,0.0076,0.00761,4072388.0
2025-12-10 06:00:00,0.0076,0.00762,0.00758,0.00759,5275105.0
2025-12-10 07:00:00,0.00759,0.0076,0.00753,0.0076,9306022.0
2025-12-10 08:00:00,0.00759,0.0076,0.00754,0.00755,6744415.0
2025-12-10 09:00:00,0.00754,0.00762,0.00751,0.00761,8789637.0
2025-12-10 10:00:00,0.00761,0.00768,0.00751,0.00751,14693411.0
2025-12-10 11:00:00,0.00751,0.00754,0.00747,0.00751,16634742.0
2025-12-10 12:00:00,0.00752,0.00752,0.00746,0.00749,10750693.0
2025-12-10 13:00:00,0.00749,0.00754,0.00748,0.00754,11504489.0
2025-12-10 14:00:00,0.00755,0.00756,0.0075,0.00753,19894102.0
2025-12-10 15:00:00,0.00753,0.00759,0.0075,0.00756,12285680.0
2025-12-10 16:00:00,0.00755,0.00766,0.00753,0.00762,13162155.0
2025-12-10 17:00:00,0.00761,0.0077,0.0076,0.00767,31638570.0
2025-12-10 18:00:00,0.00767,0.00785,0.00764,0.00772,42614205.0
2025-12-10 19:00:00,0.00773,0.0079,0.00762,0.00779,95241304.0
2025-12-10 20:00:00,0.00779,0.00794,0.00763,0.00767,72895869.0
2025-12-10 21:00:00,0.00768,0.00773,0.00755,0.00756,22642712.0
2025-12-10 22:00:00,0.00756,0.00762,0.00745,0.0076,26225783.0
2025-12-10 23:00:00,0.0076,0.0076,0.00751,0.00751,5439700.0
2025-12-11 00:00:00,0.00751,0.00752,0.00734,0.00738,27890282.0
2025-12-11 01:00:00,0.00737,0.00739,0.00727,0.00728,26895612.0
2025-12-11 02:00:00,0.00727,0.00728,0.0072,0.00723,14573997.0
2025-12-11 03:00:00,0.00723,0.00724,0.00712,0.00712,24175093.0
2025-12-11 04:00:00,0.00712,0.0072,0.00707,0.00718,35500323.0
2025-12-11 05:00:00,0.00717,0.0072,0.00714,0.00719,11480701.0
2025-12-11 06:00:00,0.00718,0.00719,0.00713,0.00715,19320639.0
2025-12-11 07:00:00,0.00715,0.00717,0.00713,0.00713,11671754.0
2025-12-11 08:00:00,0.00713,0.00714,0.00709,0.00713,15181299.0
2025-12-11 09:00:00,0.00713,0.00715,0.0071,0.00711,9144584.0
2025-12-11 10:00:00,0.00711,0.00713,0.00708,0.00711,10936513.0
2025-12-11 11:00:00,0.00711,0.00718,0.0071,0.00714,11096450.0
2025-12-11 12:00:00,0.00713,0.00719,0.00712,0.00718,17495348.0
2025-12-11 13:00:00,0.00718,0.0072,0.00715,0.00718,18104384.0
2025-12-11 14:00:00,0.00719,0.00721,0.00708,0.00714,39739572.0
2025-12-11 15:00:00,0.00713,0.00725,0.00708,0.00713,24893404.0
2025-12-11 16:00:00,0.00713,0.00718,0.00706,0.00714,13765739.0
2025-12-11 17:00:00,0.00713,0.0072,0.00712,0.00715,14800549.0
2025-12-11 18:00:00,0.00715,0.00732,0.00714,0.00723,28817927.0
2025-12-11 19:00:00,0.00723,0.00732,0.00719,0.00721,23484765.0
2025-12-11 20:00:00,0.00721,0.00734,0.00721,0.00731,12703421.0
2025-12-11 21:00:00,0.00732,0.00752,0.00731,0.00745,42843320.0
2025-12-11 22:00:00,0.00744,0.00748,0.00735,0.00742,15358934.0
2025-12-11 23:00:00,0.00742,0.00742,0.00736,0.00739,6602210.0
2025-12-12 00:00:00,0.00738,0.00742,0.00725,0.00726,11314166.0
2025-12-12 01:00:00,0.00727,0.00736,0.00726,0.00732,6518438.0
2025-12-12 02:00:00,0.00732,0.0074,0.0073,0.00735,7455437.0
2025-12-12 03:00:00,0.00736,0.00737,0.00729,0.00733,7260581.0
2025-12-12 04:00:00,0.00733,0.00733,0.00729,0.0073,4657136.0
2025-12-12 05:00:00,0.0073,0.00738,0.00728,0.00738,8287378.0
2025-12-12 06:00:00,0.00739,0.00745,0.00734,0.00735,5528471.0
2025-12-12 07:00:00,0.00736,0.00737,0.00734,0.00735,5773382.0
2025-12-12 08:00:00,0.00735,0.00737,0.00726,0.00731,35276714.0
2025-12-12 09:00:00,0.00731,0.00737,0.00729,0.00737,10814355.0
2025-12-12 10:00:00,0.00736,0.0074,0.00733,0.00734,15014381.0
2025-12-12 11:00:00,0.00734,0.00734,0.0073,0.00732,10134814.0
2025-12-12 12:00:00,0.00732,0.00736,0.0073,0.00736,10183486.0
2025-12-12 13:00:00,0.00735,0.00736,0.0073,0.00731,9893505.0
2025-12-12 14:00:00,0.00731,0.00737,0.00728,0.00733,15353648.0
2025-12-12 15:00:00,0.00733,0.00733,0.00696,0.00701,48633961.0
2025-12-12 16:00:00,0.007,0.00703,0.00688,0.00694,57633180.0
2025-12-12 17:00:00,0.00694,0.00707,0.00694,0.00699,20576185.0
2025-12-12 18:00:00,0.00699,0.0071,0.00699,0.00704,25063989.0
2025-12-12 19:00:00,0.00703,0.00703,0.00697,0.00701,9188324.0
2025-12-12 20:00:00,0.007,0.00704,0.00699,0.00703,15833390.0
2025-12-12 21:00:00,0.00702,0.00709,0.00701,0.00706,8997743.0
2025-12-12 22:00:00,0.00706,0.00714,0.00705,0.00712,12973806.0
2025-12-12 23:00:00,0.00712,0.00714,0.0071,0.00712,13347324.0
2025-12-13 00:00:00,0.00713,0.00716,0.00711,0.00713,4062449.0
2025-12-13 01:00:00,0.00713,0.00714,0.00711,0.00713,3782224.0
2025-12-13 02:00:00,0.00714,0.00717,0.00714,0.00716,4861154.0
2025-12-13 03:00:00,0.00715,0.00723,0.00713,0.00719,11500814.0
2025-12-13 04:00:00,0.00719,0.0072,0.00716,0.00718,6729617.0
2025-12-13 05:00:00,0.00718,0.0072,0.00716,0.00717,3422120.0
2025-12-13 06:00:00,0.00716,0.00716,0.00713,0.00713,2446885.0
2025-12-13 07:00:00,0.00714,0.0072,0.00714,0.00718,10302965.0
2025-12-13 08:00:00,0.00719,0.00724,0.00717,0.00718,6629766.0
2025-12-13 09:00:00,0.00717,0.00719,0.00714,0.00714,7588991.0
2025-12-13 10:00:00,0.00714,0.00719,0.00714,0.00717,4700824.0
2025-12-13 11:00:00,0.00717,0.00718,0.00714,0.00714,3296446.0
2025-12-13 12:00:00,0.00715,0.00717,0.00712,0.00714,13314691.0
2025-12-13 13:00:00,0.00715,0.00717,0.00714,0.00715,9169647.0
2025-12-13 14:00:00,0.00715,0.00715,0.0071,0.00712,9326459.0
2025-12-13 15:00:00,0.00712,0.00718,0.00712,0.00716,9127611.0
2025-12-13 16:00:00,0.00716,0.00719,0.00715,0.00716,7459915.0
2025-12-13 17:00:00,0.00715,0.00716,0.00712,0.00712,2323894.0
2025-12-13 18:00:00,0.00712,0.00714,0.0071,0.0071,4197925.0
2025-12-13 19:00:00,0.00709,0.00713,0.00709,0.00712,2225538.0
2025-12-13 20:00:00,0.00712,0.00712,0.00708,0.0071,4188899.0
2025-12-13 21:00:00,0.0071,0.0071,0.00704,0.0071,5074730.0
2025-12-13 22:00:00,0.00711,0.00712,0.00708,0.00711,4607180.0
2025-12-13 23:00:00,0.00711,0.00716,0.00709,0.00715,7426043.0
2025-12-14 00:00:00,0.00715,0.00715,0.0071,0.00713,6674533.0
2025-12-14 01:00:00,0.00713,0.00716,0.00713,0.00713,4200838.0
2025-12-14 02:00:00,0.00713,0.00715,0.00712,0.00714,3043511.0
2025-12-14 03:00:00,0.00715,0.00716,0.00709,0.0071,4475993.0
2025-12-14 04:00:00,0.0071,0.0071,0.00702,0.00703,9429716.0
2025-12-14 05:00:00,0.00703,0.00705,0.007,0.00702,9198775.0
2025-12-14 06:00:00,0.00702,0.00704,0.00699,0.00702,24881016.0
2025-12-14 07:00:00,0.00702,0.00704,0.007,0.00702,12166894.0
2025-12-14 08:00:00,0.00703,0.00704,0.007,0.00701,7725092.0
2025-12-14 09:00:00,0.007,0.00705,0.007,0.00703,8485004.0
2025-12-14 10:00:00,0.00704,0.00705,0.00697,0.007,16434007.0
2025-12-14 11:00:00,0.00701,0.00701,0.00689,0.00699,24122137.0
2025-12-14 12:00:00,0.00698,0.00702,0.00694,0.007,11315077.0
2025-12-14 13:00:00,0.00699,0.007,0.00695,0.00698,9509725.0
2025-12-14 14:00:00,0.00699,0.007,0.0069,0.00692,9443442.0
2025-12-14 15:00:00,0.00693,0.00694,0.00689,0.00694,7303307.0
2025-12-14 16:00:00,0.00694,0.00697,0.00691,0.00694,13796328.0
2025-12-14 17:00:00,0.00694,0.00695,0.00685,0.00687,12180077.0
2025-12-14 18:00:00,0.00687,0.00693,0.00686,0.00692,5516544.0
2025-12-14 19:00:00,0.00692,0.00692,0.00686,0.00689,5621290.0
2025-12-14 20:00:00,0.00688,0.00694,0.00685,0.0069,14576256.0
2025-12-14 21:00:00,0.00689,0.0069,0.00683,0.00685,6684535.0
2025-12-14 22:00:00,0.00685,0.00688,0.00682,0.00686,11997128.0
2025-12-14 23:00:00,0.00686,0.00688,0.00673,0.0068,65521778.0
2025-12-15 00:00:00,0.0068,0.00686,0.00678,0.00685,21614869.0
2025-12-15 01:00:00,0.00686,0.00696,0.00684,0.00694,17789840.0
2025-12-15 02:00:00,0.00695,0.00704,0.00694,0.00694,13635442.0
2025-12-15 03:00:00,0.00694,0.00698,0.00693,0.00696,4207643.0
2025-12-15 04:00:00,0.00697,0.00701,0.00696,0.00699,6522916.0
2025-12-15 05:00:00,0.007,0.00703,0.00698,0.00703,2224889.0
2025-12-15 06:00:00,0.00703,0.00705,0.007,0.00701,7068309.0
2025-12-15 07:00:00,0.007,0.00701,0.00692,0.00694,5163442.0
2025-12-15 08:00:00,0.00694,0.00698,0.00693,0.00696,7195380.0
2025-12-15 09:00:00,0.00695,0.00699,0.00695,0.00697,8531132.0
2025-12-15 10:00:00,0.00697,0.007,0.00694,0.00695,7013501.0
2025-12-15 11:00:00,0.00696,0.00697,0.00691,0.00693,11430836.0
2025-12-15 12:00:00,0.00692,0.00698,0.0069,0.00697,6265203.0
2025-12-15 13:00:00,0.00698,0.00698,0.00689,0.00691,6086944.0
2025-12-15 14:00:00,0.00692,0.00699,0.0067,0.00678,38138947.0
2025-12-15 15:00:00,0.00677,0.0068,0.00654,0.0066,89910508.0
2025-12-15 16:00:00,0.00658,0.00661,0.00646,0.00651,42424514.0
2025-12-15 17:00:00,0.00651,0.00652,0.0064,0.00643,28036231.0
2025-12-15 18:00:00,0.00642,0.00647,0.00633,0.00646,28417682.0
2025-12-15 19:00:00,0.00646,0.00654,0.00645,0.00648,21642662.0
2025-12-15 20:00:00,0.00647,0.00648,0.0064,0.00644,15396724.0
2025-12-15 21:00:00,0.00644,0.00652,0.00643,0.0065,13922518.0
2025-12-15 22:00:00,0.0065,0.00655,0.00649,0.00654,17978029.0
2025-12-15 23:00:00,0.00654,0.00655,0.0065,0.00652,17821688.0
2025-12-16 00:00:00,0.00652,0.00653,0.00645,0.00646,12501526.0
2025-12-16 01:00:00,0.00645,0.0065,0.00645,0.00648,14019585.0
2025-12-16 02:00:00,0.00647,0.00652,0.00643,0.00649,13123180.0
2025-12-16 03:00:00,0.0065,0.00652,0.00645,0.00651,11023119.0
2025-12-16 04:00:00,0.00651,0.00652,0.00637,0.00646,11427020.0
2025-12-16 05:00:00,0.00646,0.00649,0.00645,0.00647,5572212.0
2025-12-16 06:00:00,0.00648,0.00652,0.00647,0.0065,8606933.0
2025-12-16 07:00:00,0.00651,0.00652,0.0064,0.00643,17701064.0
2025-12-16 08:00:00,0.00643,0.0065,0.00643,0.00648,8079708.0
2025-12-16 09:00:00,0.00648,0.0065,0.00647,0.00648,16047285.0
2025-12-16 10:00:00,0.00649,0.00666,0.00648,0.00662,22128884.0
2025-12-16 11:00:00,0.00662,0.00669,0.0066,0.00668,14741024.0
2025-12-16 12:00:00,0.00669,0.0067,0.00663,0.00664,17201694.0
2025-12-16 13:00:00,0.00664,0.00672,0.00655,0.00656,35582643.0
2025-12-16 14:00:00,0.00656,0.00667,0.0065,0.00661,46493898.0
2025-12-16 15:00:00,0.00662,0.0067,0.00655,0.00669,20366205.0
2025-12-16 16:00:00,0.00668,0.00671,0.00662,0.00665,14497699.0
2025-12-16 17:00:00,0.00666,0.00669,0.00659,0.0066,13878852.0
2025-12-16 18:00:00,0.0066,0.0067,0.00659,0.00667,14241891.0
2025-12-16 19:00:00,0.00667,0.0067,0.00659,0.00666,15298779.0
2025-12-16 20:00:00,0.00666,0.00669,0.00664,0.00665,10423271.0
2025-12-16 21:00:00,0.00666,0.00666,0.00661,0.00664,4040805.0
2025-12-16 22:00:00,0.00664,0.00665,0.00662,0.00663,5572232.0
2025-12-16 23:00:00,0.00662,0.00662,0.00657,0.0066,9926290.0
2025-12-17 00:00:00,0.0066,0.0066,0.00655,0.00657,4813498.0
2025-12-17 01:00:00,0.00658,0.00665,0.00658,0.00659,6363303.0
2025-12-17 02:00:00,0.00659,0.00662,0.00656,0.00662,7003572.0
2025-12-17 03:00:00,0.00661,0.00663,0.00657,0.00658,4146800.0
2025-12-17 04:00:00,0.00658,0.0066,0.00653,0.00654,2396396.0
2025-12-17 05:00:00,0.00654,0.00657,0.0065,0.00655,7587844.0
2025-12-17 06:00:00,0.00655,0.00659,0.00654,0.00654,10098788.0
2025-12-17 07:00:00,0.00654,0.00656,0.00652,0.00653,7296650.0
2025-12-17 08:00:00,0.00653,0.00653,0.00649,0.00649,11823025.0
2025-12-17 09:00:00,0.00649,0.00651,0.00647,0.00651,7152775.0
2025-12-17 10:00:00,0.00651,0.00652,0.00648,0.0065,9483230.0
2025-12-17 11:00:00,0.00649,0.00654,0.00648,0.00654,5273859.0
2025-12-17 12:00:00,0.00654,0.00655,0.00651,0.00654,19305994.0
2025-12-17 13:00:00,0.00654,0.0066,0.00651,0.00658,34335264.0
2025-12-17 14:00:00,0.00658,0.00677,0.00646,0.00677,66686429.0
2025-12-17 15:00:00,0.00677,0.00685,0.0065,0.00652,54317810.0
2025-12-17 16:00:00,0.00651,0.00658,0.00632,0.00642,62427533.0
2025-12-17 17:00:00,0.00642,0.00644,0.0063,0.00631,32775730.0
2025-12-17 18:00:00,0.00631,0.00636,0.00623,0.00625,25378865.0
2025-12-17 19:00:00,0.00625,0.0063,0.00619,0.00629,23340006.0
2025-12-17 20:00:00,0.0063,0.00636,0.00626,0.00627,11506272.0
2025-12-17 21:00:00,0.00627,0.0063,0.0062,0.00622,9787766.0
2025-12-17 22:00:00,0.00621,0.00628,0.00616,0.00627,17561256.0
2025-12-17 23:00:00,0.00626,0.00626,0.0062,0.00623,4722086.0
2025-12-18 00:00:00,0.00622,0.00625,0.0062,0.00624,6096528.0
2025-12-18 01:00:00,0.00623,0.00623,0.00617,0.00619,19410614.0
2025-12-18 02:00:00,0.00618,0.00625,0.00615,0.00622,8056265.0
2025-12-18 03:00:00,0.00621,0.00623,0.00615,0.00616,7275770.0
2025-12-18 04:00:00,0.00617,0.0062,0.00616,0.00617,4576010.0
2025-12-18 05:00:00,0.00616,0.00617,0.00608,0.00609,13043833.0
2025-12-18 06:00:00,0.00609,0.00612,0.00606,0.00607,31379803.0
2025-12-18 07:00:00,0.00608,0.00611,0.00605,0.0061,44093059.0
2025-12-18 08:00:00,0.00609,0.00615,0.00608,0.00613,56515340.0
2025-12-18 09:00:00,0.00612,0.00615,0.00609,0.0061,51116127.0
2025-12-18 10:00:00,0.00611,0.00612,0.00609,0.0061,29375684.0
2025-12-18 11:00:00,0.00611,0.00612,0.00607,0.00611,28040521.0
2025-12-18 12:00:00,0.00611,0.00613,0.00608,0.0061,21729004.0
2025-12-18 13:00:00,0.00611,0.00635,0.00611,0.00634,62136930.0
2025-12-18 14:00:00,0.00634,0.0064,0.00619,0.00624,47049167.0
2025-12-18 15:00:00,0.00625,0.00639,0.00619,0.00632,52218570.0
2025-12-18 16:00:00,0.00632,0.00633,0.00625,0.00628,18499874.0
2025-12-18 17:00:00,0.00628,0.00628,0.00587,0.00602,101585092.0
2025-12-18 18:00:00,0.00602,0.00608,0.0059,0.00592,37135179.0
2025-12-18 19:00:00,0.00593,0.00594,0.00575,0.00576,66211925.0
2025-12-18 20:00:00,0.00577,0.00586,0.00577,0.00582,31706179.0
2025-12-18 21:00:00,0.00582,0.00598,0.00582,0.00597,33865099.0
2025-12-18 22:00:00,0.00598,0.00601,0.00593,0.00595,19890744.0
2025-12-18 23:00:00,0.00595,0.00595,0.00589,0.00589,9782286.0
2025-12-19 00:00:00,0.00589,0.00592,0.00586,0.00589,12464651.0
2025-12-19 01:00:00,0.00589,0.00589,0.00581,0.00584,22547900.0
2025-12-19 02:00:00,0.00583,0.00587,0.00581,0.00586,22923239.0
2025-12-19 03:00:00,0.00586,0.0061,0.00586,0.00604,61015265.0
2025-12-19 04:00:00,0.00604,0.00608,0.00604,0.00605,19100892.0
2025-12-19 05:00:00,0.00604,0.00605,0.00602,0.00603,12695956.0
2025-12-19 06:00:00,0.00602,0.00609,0.00601,0.00609,11308551.0
2025-12-19 07:00:00,0.00609,0.00622,0.00609,0.00615,25503591.0
2025-12-19 08:00:00,0.00616,0.00619,0.00615,0.00618,15255499.0
2025-12-19 09:00:00,0.00617,0.00618,0.00614,0.00614,7064417.0
2025-12-19 10:00:00,0.00615,0.00616,0.0061,0.00611,8296086.0
2025-12-19 11:00:00,0.0061,0.00615,0.0061,0.00614,8156577.0
2025-12-19 12:00:00,0.00614,0.00616,0.00611,0.00615,16263722.0
2025-12-19 13:00:00,0.00614,0.00617,0.00613,0.00615,14634590.0
2025-12-19 14:00:00,0.00614,0.00627,0.00612,0.00622,34616214.0
2025-12-19 15:00:00,0.00622,0.00637,0.0062,0.00623,40985181.0
2025-12-19 16:00:00,0.00623,0.00637,0.00623,0.00628,25262512.0
2025-12-19 17:00:00,0.00628,0.00634,0.00614,0.00614,40092258.0
2025-12-19 18:00:00,0.00615,0.00624,0.00614,0.00623,24626589.0
2025-12-19 19:00:00,0.00623,0.00639,0.00623,0.00636,18547845.0
2025-12-19 20:00:00,0.00636,0.00641,0.00634,0.00638,21605044.0
2025-12-19 21:00:00,0.00638,0.00638,0.00631,0.00631,9143173.0
2025-12-19 22:00:00,0.00631,0.00637,0.00631,0.00634,8794683.0
2025-12-19 23:00:00,0.00635,0.00635,0.00631,0.00632,4163023.0
2025-12-20 00:00:00,0.00632,0.00632,0.00629,0.0063,11770995.0
2025-12-20 01:00:00,0.0063,0.0063,0.00627,0.00628,6020338.0
2025-12-20 02:00:00,0.00628,0.0063,0.00626,0.00628,4603796.0
2025-12-20 03:00:00,0.00628,0.00632,0.00626,0.0063,6488415.0
2025-12-20 04:00:00,0.00631,0.00631,0.00626,0.00627,8912545.0
2025-12-20 05:00:00,0.00626,0.00631,0.00626,0.0063,8923700.0
2025-12-20 06:00:00,0.0063,0.00633,0.00629,0.00631,5072257.0
2025-12-20 07:00:00,0.00631,0.00638,0.0063,0.00638,17559424.0
2025-12-20 08:00:00,0.00638,0.00643,0.00637,0.00637,9666673.0
2025-12-20 09:00:00,0.00637,0.00639,0.00635,0.00635,5578770.0
2025-12-20 10:00:00,0.00635,0.00637,0.00631,0.00632,8017390.0
2025-12-20 11:00:00,0.00631,0.00637,0.00631,0.00637,11481029.0
2025-12-20 12:00:00,0.00637,0.00637,0.00631,0.00632,7676487.0
2025-12-20 13:00:00,0.00632,0.00634,0.00627,0.00631,17036715.0
2025-12-20 14:00:00,0.00631,0.00632,0.00627,0.00632,15485584.0
2025-12-20 15:00:00,0.00633,0.00633,0.00627,0.0063,15021380.0
2025-12-20 16:00:00,0.0063,0.0063,0.00627,0.00628,9621433.0
2025-12-20 17:00:00,0.00629,0.00632,0.00628,0.00629,7471185.0
2025-12-20 18:00:00,0.00629,0.00632,0.00628,0.00632,10778977.0
2025-12-20 19:00:00,0.00632,0.00632,0.00629,0.00631,12470082.0
2025-12-20 20:00:00,0.0063,0.00632,0.00629,0.00632,6753318.0
2025-12-20 21:00:00,0.00632,0.00635,0.00631,0.00632,8391383.0
2025-12-20 22:00:00,0.00632,0.00635,0.0063,0.00635,6718849.0
2025-12-20 23:00:00,0.00634,0.00634,0.0063,0.0063,7266079.0
2025-12-21 00:00:00,0.0063,0.00631,0.00627,0.00628,5399753.0
2025-12-21 01:00:00,0.00628,0.00629,0.00622,0.00622,10822635.0
2025-12-21 02:00:00,0.00622,0.00623,0.00617,0.00618,11372804.0
2025-12-21 03:00:00,0.00618,0.00623,0.00618,0.00622,5540407.0
2025-12-21 04:00:00,0.00622,0.00622,0.0062,0.0062,4466984.0
2025-12-21 05:00:00,0.0062,0.00624,0.0062,0.0062,5759328.0
2025-12-21 06:00:00,0.00621,0.00622,0.00619,0.00622,7317557.0
2025-12-21 07:00:00,0.00622,0.00622,0.00619,0.00621,7866088.0
2025-12-21 08:00:00,0.0062,0.00627,0.00619,0.00625,11159880.0
2025-12-21 09:00:00,0.00625,0.00628,0.00622,0.00625,13868227.0
2025-12-21 10:00:00,0.00626,0.00627,0.00619,0.0062,9884708.0
2025-12-21 11:00:00,0.0062,0.00621,0.00618,0.00618,7198346.0
2025-12-21 12:00:00,0.00618,0.00621,0.00614,0.00614,15563478.0
2025-12-21 13:00:00,0.00615,0.00615,0.00598,0.00599,47471213.0
2025-12-21 14:00:00,0.00598,0.00604,0.00598,0.00603,23259438.0
2025-12-21 15:00:00,0.00602,0.00604,0.00599,0.00603,25124762.0
2025-12-21 16:00:00,0.00602,0.00607,0.00599,0.00607,26620474.0
2025-12-21 17:00:00,0.00607,0.00611,0.00605,0.00607,15777762.0
2025-12-21 18:00:00,0.00606,0.00608,0.00601,0.00608,15393147.0
2025-12-21 19:00:00,0.00608,0.0061,0.00604,0.00609,8775889.0
2025-12-21 20:00:00,0.0061,0.0061,0.00606,0.00607,2076606.0
2025-12-21 21:00:00,0.00607,0.00609,0.00604,0.00605,6220961.0
2025-12-21 22:00:00,0.00604,0.00615,0.00603,0.00614,10555286.0
2025-12-21 23:00:00,0.00615,0.00619,0.00612,0.00613,6847361.0
2025-12-22 00:00:00,0.00612,0.00633,0.00612,0.00618,49792901.0
2025-12-22 01:00:00,0.00617,0.00625,0.00616,0.00617,13159737.0
2025-12-22 02:00:00,0.00617,0.00617,0.00606,0.00614,16292199.0
2025-12-22 03:00:00,0.00614,0.00621,0.00613,0.00619,8076527.0
2025-12-22 04:00:00,0.00619,0.00623,0.00618,0.00622,5854832.0
2025-12-22 05:00:00,0.00622,0.00624,0.00618,0.00621,5465224.0
2025-12-22 06:00:00,0.00621,0.00625,0.0062,0.00622,13890163.0
2025-12-22 07:00:00,0.00621,0.00628,0.0062,0.00626,11385174.0
2025-12-22 08:00:00,0.00625,0.00635,0.00625,0.00628,20689483.0
2025-12-22 09:00:00,0.00628,0.00628,0.00623,0.00626,7209064.0
2025-12-22 10:00:00,0.00626,0.00632,0.00625,0.00626,12472817.0
2025-12-22 11:00:00,0.00627,0.00632,0.00624,0.00628,11465591.0
2025-12-22 12:00:00,0.00628,0.00635,0.00628,0.00629,16200347.0
2025-12-22 13:00:00,0.0063,0.0063,0.00624,0.00627,5091291.0
2025-12-22 14:00:00,0.00627,0.00633,0.00623,0.00629,30868944.0
2025-12-22 15:00:00,0.00629,0.00634,0.00621,0.0063,25594725.0
2025-12-22 16:00:00,0.0063,0.00634,0.00626,0.00628,11957897.0
2025-12-22 17:00:00,0.00627,0.00628,0.00623,0.00625,10921629.0
2025-12-22 18:00:00,0.00624,0.00629,0.00623,0.00625,9826926.0
2025-12-22 19:00:00,0.00625,0.00625,0.00611,0.00613,21685212.0
2025-12-22 20:00:00,0.00612,0.00616,0.00608,0.00612,18680916.0
2025-12-22 21:00:00,0.00612,0.00617,0.00611,0.00613,8328802.0
2025-12-22 22:00:00,0.00613,0.00621,0.00611,0.0062,9645224.0
2025-12-22 23:00:00,0.00621,0.00622,0.00618,0.00621,6238472.0
2025-12-23 00:00:00,0.00621,0.00626,0.00619,0.00624,9899339.0
2025-12-23 01:00:00,0.00625,0.00625,0.00619,0.0062,10984175.0
2025-12-23 02:00:00,0.0062,0.00623,0.00616,0.00616,12433286.0
2025-12-23 03:00:00,0.00616,0.00616,0.00612,0.00614,11732217.0
2025-12-23 04:00:00,0.00615,0.00616,0.00611,0.00612,5031087.0
2025-12-23 05:00:00,0.00612,0.00613,0.00607,0.00611,10438296.0
2025-12-23 06:00:00,0.0061,0.00611,0.00605,0.00609,14402666.0
2025-12-23 07:00:00,0.00608,0.00611,0.00606,0.00609,16871429.0
2025-12-23 08:00:00,0.00609,0.00612,0.00606,0.00607,8896389.0
2025-12-23 09:00:00,0.00607,0.00609,0.00606,0.00609,16756819.0
2025-12-23 10:00:00,0.00609,0.00611,0.00608,0.00609,12420801.0
2025-12-23 11:00:00,0.00609,0.00612,0.00609,0.0061,8938787.0
2025-12-23 12:00:00,0.00609,0.0061,0.00604,0.00606,16038453.0
2025-12-23 13:00:00,0.00605,0.00607,0.00599,0.00602,22902166.0
2025-12-23 14:00:00,0.00601,0.00604,0.00593,0.00597,26136846.0
2025-12-23 15:00:00,0.00597,0.00604,0.00596,0.00602,18692928.0
2025-12-23 16:00:00,0.00601,0.00613,0.006,0.00611,25484734.0
2025-12-23 17:00:00,0.00612,0.00614,0.00601,0.00601,17760421.0
2025-12-23 18:00:00,0.00601,0.00617,0.00601,0.00615,27731411.0
2025-12-23 19:00:00,0.00615,0.00616,0.0061,0.00611,10425220.0
2025-12-23 20:00:00,0.00611,0.0062,0.0061,0.00614,16328347.0
2025-12-23 21:00:00,0.00615,0.00616,0.00612,0.00613,4020708.0
2025-12-23 22:00:00,0.00613,0.00616,0.0061,0.00612,7922676.0
2025-12-23 23:00:00,0.00611,0.00614,0.0061,0.00613,5336173.0
2025-12-24 00:00:00,0.00614,0.00616,0.00611,0.00616,13521719.0
2025-12-24 01:00:00,0.00616,0.00617,0.0061,0.00611,3386617.0
2025-12-24 02:00:00,0.0061,0.0061,0.00603,0.00604,7289376.0
2025-12-24 03:00:00,0.00603,0.00607,0.00601,0.00606,8319040.0
2025-12-24 04:00:00,0.00606,0.00609,0.00601,0.00601,5370748.0
2025-12-24 05:00:00,0.00601,0.00602,0.00595,0.00597,14889573.0
2025-12-24 06:00:00,0.00597,0.00602,0.00595,0.00601,15549645.0
2025-12-24 07:00:00,0.00601,0.00603,0.006,0.00601,7238620.0
2025-12-24 08:00:00,0.006,0.00606,0.00598,0.006,52669666.0
2025-12-24 09:00:00,0.006,0.00603,0.006,0.00601,9103637.0
2025-12-24 10:00:00,0.00602,0.00604,0.006,0.00601,4912461.0
2025-12-24 11:00:00,0.00601,0.00604,0.00601,0.00603,12635627.0
2025-12-24 12:00:00,0.00603,0.00605,0.00602,0.00604,6069186.0
2025-12-24 13:00:00,0.00604,0.00605,0.00602,0.00602,4832948.0
2025-12-24 14:00:00,0.00603,0.00606,0.00595,0.00604,18961562.0
2025-12-24 15:00:00,0.00604,0.00609,0.00601,0.00608,14444621.0
2025-12-24 16:00:00,0.00608,0.00613,0.00604,0.0061,16388082.0
2025-12-24 17:00:00,0.0061,0.00611,0.00606,0.00607,10281466.0
2025-12-24 18:00:00,0.00606,0.00609,0.00604,0.00607,9738880.0
2025-12-24 19:00:00,0.00606,0.00611,0.00605,0.0061,7861090.0
2025-12-24 20:00:00,0.0061,0.00613,0.0061,0.00611,8251673.0
2025-12-24 21:00:00,0.00611,0.00612,0.00609,0.00611,6437712.0
2025-12-24 22:00:00,0.00612,0.00619,0.00612,0.00616,7952486.0
2025-12-24 23:00:00,0.00616,0.00617,0.00611,0.00613,16153002.0
2025-12-25 00:00:00,0.00613,0.00614,0.0061,0.0061,3235466.0
2025-12-25 01:00:00,0.0061,0.00614,0.0061,0.00613,3103957.0
2025-12-25 02:00:00,0.00612,0.00621,0.00612,0.00619,6914216.0
2025-12-25 03:00:00,0.00619,0.00624,0.00619,0.00621,15522953.0
2025-12-25 04:00:00,0.00622,0.00626,0.00621,0.00624,9164116.0
2025-12-25 05:00:00,0.00624,0.00624,0.00621,0.00621,3547667.0
2025-12-25 06:00:00,0.00621,0.00624,0.00621,0.00623,5404574.0
2025-12-25 07:00:00,0.00623,0.00624,0.00619,0.00623,11560407.0
2025-12-25 08:00:00,0.00624,0.00629,0.00621,0.00622,15801240.0
2025-12-25 09:00:00,0.00622,0.00623,0.00618,0.0062,15171808.0
2025-12-25 10:00:00,0.0062,0.0062,0.00611,0.00613,11160745.0
2025-12-25 11:00:00,0.00613,0.00615,0.00612,0.00613,4780948.0
2025-12-25 12:00:00,0.00613,0.00618,0.00612,0.00617,5031081.0
2025-12-25 13:00:00,0.00617,0.00618,0.00614,0.00616,4434428.0
2025-12-25 14:00:00,0.00616,0.00616,0.0061,0.0061,10948659.0
2025-12-25 15:00:00,0.0061,0.0062,0.00608,0.00617,19801597.0
2025-12-25 16:00:00,0.00617,0.00621,0.00613,0.00615,9464614.0
2025-12-25 17:00:00,0.00614,0.00615,0.00611,0.00613,4679555.0
2025-12-25 18:00:00,0.00612,0.00619,0.00612,0.00618,7079007.0
2025-12-25 19:00:00,0.00618,0.00619,0.00616,0.00619,4141031.0
2025-12-25 20:00:00,0.00619,0.00621,0.00616,0.00619,8157863.0
2025-12-25 21:00:00,0.00619,0.00619,0.00616,0.00618,2581377.0
2025-12-25 22:00:00,0.00618,0.00618,0.006,0.00602,21043255.0
2025-12-25 23:00:00,0.00602,0.00606,0.00594,0.00597,24202881.0
2025-12-26 00:00:00,0.00597,0.006,0.00594,0.00599,11289395.0
2025-12-26 01:00:00,0.00599,0.00603,0.00598,0.00603,8788070.0
2025-12-26 02:00:00,0.00603,0.00626,0.00603,0.00623,39486567.0
2025-12-26 03:00:00,0.00623,0.00625,0.00617,0.00619,11307279.0
2025-12-26 04:00:00,0.00618,0.00622,0.00614,0.0062,9491646.0
2025-12-26 05:00:00,0.0062,0.00621,0.00618,0.0062,3476705.0
2025-12-26 06:00:00,0.00621,0.00623,0.00617,0.00618,13065535.0
2025-12-26 07:00:00,0.00618,0.00622,0.00611,0.00613,18190108.0
2025-12-26 08:00:00,0.00612,0.00616,0.00611,0.00614,11986100.0
2025-12-26 09:00:00,0.00614,0.00616,0.00611,0.00616,11405365.0
2025-12-26 10:00:00,0.00615,0.00616,0.00613,0.00615,7773863.0
2025-12-26 11:00:00,0.00615,0.00616,0.00612,0.00614,14319969.0
2025-12-26 12:00:00,0.00614,0.00618,0.00614,0.00617,9019164.0
2025-12-26 13:00:00,0.00618,0.00618,0.00614,0.00615,8250787.0
2025-12-26 14:00:00,0.00615,0.00616,0.00601,0.00603,40569320.0
2025-12-26 15:00:00,0.00603,0.00605,0.00597,0.00604,38417089.0
2025-12-26 16:00:00,0.00604,0.00605,0.00597,0.00598,8943540.0
2025-12-26 17:00:00,0.00598,0.00606,0.00598,0.00604,14039642.0
2025-12-26 18:00:00,0.00604,0.00607,0.00603,0.00606,8478947.0
2025-12-26 19:00:00,0.00606,0.00612,0.00605,0.00609,6589782.0
2025-12-26 20:00:00,0.00609,0.00612,0.00608,0.0061,10570863.0
2025-12-26 21:00:00,0.0061,0.00611,0.00606,0.00607,4377625.0
2025-12-26 22:00:00,0.00606,0.00608,0.00604,0.00608,6641678.0
2025-12-26 23:00:00,0.00608,0.00609,0.00607,0.00609,4226717.0
2025-12-27 00:00:00,0.00608,0.00609,0.00607,0.00607,7828758.0
2025-12-27 01:00:00,0.00608,0.0061,0.00605,0.00609,4580831.0
2025-12-27 02:00:00,0.0061,0.0061,0.00607,0.00609,4477390.0
2025-12-27 03:00:00,0.00609,0.00614,0.00607,0.00612,8186270.0
2025-12-27 04:00:00,0.00612,0.00613,0.00608,0.00609,5310062.0
2025-12-27 05:00:00,0.00608,0.00609,0.00606,0.00606,6622558.0
2025-12-27 06:00:00,0.00606,0.00607,0.00605,0.00605,2827495.0
2025-12-27 07:00:00,0.00606,0.00608,0.00604,0.00606,10326616.0
2025-12-27 08:00:00,0.00606,0.00607,0.00605,0.00605,4363980.0
2025-12-27 09:00:00,0.00606,0.00608,0.00602,0.00603,9119982.0
2025-12-27 10:00:00,0.00603,0.00605,0.00599,0.00604,7990701.0
2025-12-27 11:00:00,0.00603,0.00611,0.00603,0.0061,12988784.0
2025-12-27 12:00:00,0.00611,0.00611,0.00608,0.0061,9089423.0
2025-12-27 13:00:00,0.00609,0.0061,0.00604,0.00606,8613948.0
2025-12-27 14:00:00,0.00606,0.00609,0.00605,0.00608,8141211.0
2025-12-27 15:00:00,0.00609,0.00613,0.00608,0.00612,15744215.0
2025-12-27 16:00:00,0.00611,0.00619,0.00611,0.00614,39034376.0
2025-12-27 17:00:00,0.00613,0.00616,0.00613,0.00615,7455894.0
2025-12-27 18:00:00,0.00615,0.00615,0.00612,0.00614,4778886.0
2025-12-27 19:00:00,0.00613,0.00614,0.00612,0.00613,6657664.0
2025-12-27 20:00:00,0.00614,0.00616,0.00612,0.00613,9754835.0
2025-12-27 21:00:00,0.00613,0.0062,0.00613,0.00618,15193638.0
2025-12-27 22:00:00,0.00618,0.00624,0.00617,0.0062,24947097.0
2025-12-27 23:00:00,0.0062,0.00628,0.0062,0.00627,24083990.0
2025-12-28 00:00:00,0.00627,0.0063,0.00624,0.00625,38439452.0
2025-12-28 01:00:00,0.00624,0.00626,0.00622,0.00625,6741015.0
2025-12-28 02:00:00,0.00625,0.00627,0.00624,0.00626,7208134.0
2025-12-28 03:00:00,0.00626,0.00627,0.00624,0.00627,6716166.0
2025-12-28 04:00:00,0.00627,0.00627,0.00624,0.00625,5157363.0
2025-12-28 05:00:00,0.00626,0.00629,0.00625,0.00628,6710061.0
2025-12-28 06:00:00,0.00628,0.00634,0.00627,0.00632,13493541.0
2025-12-28 07:00:00,0.00632,0.00634,0.00629,0.0063,12462094.0
2025-12-28 08:00:00,0.0063,0.00631,0.00627,0.00627,11135950.0
2025-12-28 09:00:00,0.00627,0.00628,0.00624,0.00626,8437860.0
2025-12-28 10:00:00,0.00627,0.0063,0.00627,0.0063,8687552.0
2025-12-28 11:00:00,0.0063,0.0063,0.00624,0.00627,10342460.0
2025-12-28 12:00:00,0.00627,0.00627,0.00621,0.00622,10051425.0
2025-12-28 13:00:00,0.00623,0.00624,0.00621,0.00624,7457493.0
2025-12-28 14:00:00,0.00624,0.0063,0.00623,0.00628,11168650.0
2025-12-28 15:00:00,0.00628,0.00629,0.00625,0.00625,9796403.0
2025-12-28 16:00:00,0.00625,0.00629,0.00625,0.00626,10805096.0
2025-12-28 17:00:00,0.00625,0.00628,0.00622,0.00622,13124260.0
2025-12-28 18:00:00,0.00622,0.00625,0.00616,0.00617,41371511.0
2025-12-28 19:00:00,0.00616,0.00618,0.00612,0.00614,12171558.0
2025-12-28 20:00:00,0.00614,0.00615,0.00612,0.00614,14764728.0
2025-12-28 21:00:00,0.00614,0.00615,0.0061,0.00613,11389757.0
2025-12-28 22:00:00,0.00613,0.00618,0.00612,0.00617,10196161.0
2025-12-28 23:00:00,0.00618,0.00621,0.00614,0.0062,6841627.0
2025-12-29 00:00:00,0.00621,0.0063,0.00618,0.00627,13769168.0
2025-12-29 01:00:00,0.00626,0.00632,0.0062,0.00627,31210220.0
2025-12-29 02:00:00,0.00627,0.00636,0.00627,0.00628,30573811.0
2025-12-29 03:00:00,0.00628,0.00635,0.00627,0.00633,12106754.0
2025-12-29 04:00:00,0.00633,0.00635,0.0063,0.00633,16028110.0
2025-12-29 05:00:00,0.00633,0.00633,0.00628,0.00628,14594204.0
2025-12-29 06:00:00,0.00628,0.0063,0.00625,0.00625,9292170.0
2025-12-29 07:00:00,0.00626,0.00629,0.00622,0.00628,10229093.0
2025-12-29 08:00:00,0.00628,0.00629,0.00625,0.00625,6151239.0
2025-12-29 09:00:00,0.00625,0.00626,0.00612,0.00616,23752248.0
2025-12-29 10:00:00,0.00617,0.00622,0.00615,0.0062,12924431.0
2025-12-29 11:00:00,0.0062,0.00621,0.00615,0.00616,9573877.0
2025-12-29 12:00:00,0.00616,0.00617,0.00604,0.00611,34132809.0
2025-12-29 13:00:00,0.00611,0.00612,0.00605,0.00606,23941861.0
2025-12-29 14:00:00,0.00607,0.00614,0.00602,0.00608,55484202.0
2025-12-29 15:00:00,0.00607,0.00615,0.00606,0.0061,21821085.0
2025-12-29 16:00:00,0.0061,0.00611,0.00606,0.00607,24940329.0
2025-12-29 17:00:00,0.00607,0.00609,0.00604,0.00608,12292090.0
2025-12-29 18:00:00,0.00608,0.00609,0.00602,0.00603,8740813.0
2025-12-29 19:00:00,0.00603,0.00608,0.006,0.00603,17979720.0
2025-12-29 20:00:00,0.00603,0.00605,0.006,0.00601,18922557.0
2025-12-29 21:00:00,0.00601,0.00605,0.00601,0.00604,5983794.0
2025-12-29 22:00:00,0.00603,0.00605,0.00601,0.00602,11643063.0
2025-12-29 23:00:00,0.00602,0.00603,0.00599,0.00602,18707962.0
2025-12-30 00:00:00,0.00601,0.00604,0.00598,0.00602,7547071.0
2025-12-30 01:00:00,0.00603,0.00603,0.00599,0.006,4773055.0
2025-12-30 02:00:00,0.00599,0.00603,0.00599,0.00601,7212501.0
2025-12-30 03:00:00,0.006,0.00605,0.00597,0.00602,10251980.0
2025-12-30 04:00:00,0.00603,0.00605,0.00601,0.00602,4227407.0
2025-12-30 05:00:00,0.00602,0.00603,0.00597,0.006,8341290.0
2025-12-30 06:00:00,0.00601,0.00606,0.006,0.00604,5961962.0
2025-12-30 07:00:00,0.00604,0.00606,0.00601,0.00602,8515428.0
2025-12-30 08:00:00,0.00601,0.00611,0.00601,0.00605,28142462.0
2025-12-30 09:00:00,0.00604,0.00608,0.00604,0.00607,10173103.0
2025-12-30 10:00:00,0.00607,0.00608,0.00604,0.00606,13263563.0
2025-12-30 11:00:00,0.00606,0.00608,0.00605,0.00608,8328171.0
2025-12-30 12:00:00,0.00608,0.00608,0.00605,0.00605,11758353.0
2025-12-30 13:00:00,0.00606,0.00607,0.00603,0.00605,10886007.0
2025-12-30 14:00:00,0.00605,0.00609,0.00598,0.00607,46169565.0
2025-12-30 15:00:00,0.00608,0.00608,0.00601,0.00608,16303927.0
2025-12-30 16:00:00,0.00607,0.0061,0.00599,0.00602,19230885.0
2025-12-30 17:00:00,0.00601,0.00603,0.00597,0.006,17692984.0
2025-12-30 18:00:00,0.006,0.00601,0.00598,0.006,14241646.0
2025-12-30 19:00:00,0.00599,0.00602,0.00594,0.00602,29796587.0
2025-12-30 20:00:00,0.00601,0.00602,0.00596,0.00597,13020396.0
2025-12-30 21:00:00,0.00596,0.00599,0.00595,0.00596,9897172.0
2025-12-30 22:00:00,0.00596,0.00599,0.00595,0.00597,9624365.0
2025-12-30 23:00:00,0.00597,0.00601,0.00597,0.00599,4160417.0
2025-12-31 00:00:00,0.00599,0.00599,0.00595,0.00596,7783443.0
2025-12-31 01:00:00,0.00596,0.00602,0.00596,0.006,11817121.0
2025-12-31 02:00:00,0.00601,0.00601,0.00598,0.00599,10149252.0
2025-12-31 03:00:00,0.00598,0.00599,0.00595,0.00597,12321033.0
2025-12-31 04:00:00,0.00597,0.00598,0.00595,0.00596,7515329.0
2025-12-31 05:00:00,0.00597,0.00597,0.00594,0.00595,11560122.0
2025-12-31 06:00:00,0.00596,0.00596,0.00591,0.00594,19212411.0
2025-12-31 07:00:00,0.00593,0.00595,0.00591,0.00594,13851085.0
2025-12-31 08:00:00,0.00594,0.00595,0.00588,0.0059,13037361.0
2025-12-31 09:00:00,0.0059,0.00592,0.00588,0.00591,8817660.0
2025-12-31 10:00:00,0.00592,0.00592,0.00588,0.00589,13795923.0
2025-12-31 11:00:00,0.00589,0.00595,0.00588,0.00595,14912647.0
2025-12-31 12:00:00,0.00595,0.00596,0.0059,0.0059,7223746.0
2025-12-31 13:00:00,0.0059,0.00594,0.00589,0.00593,8059023.0
2025-12-31 14:00:00,0.00594,0.00598,0.00592,0.00596,20151887.0
2025-12-31 15:00:00,0.00596,0.00597,0.00589,0.00591,26263418.0
2025-12-31 16:00:00,0.00591,0.00591,0.00572,0.00578,79837282.0
2025-12-31 17:00:00,0.00579,0.00581,0.00575,0.00577,27584123.0
2025-12-31 18:00:00,0.00578,0.0058,0.00574,0.00577,30824267.0
2025-12-31 19:00:00,0.00578,0.00586,0.00577,0.00583,18050314.0
2025-12-31 20:00:00,0.00582,0.00588,0.00577,0.00587,35935751.0
2025-12-31 21:00:00,0.00586,0.00591,0.00586,0.00588,16075110.0
2025-12-31 22:00:00,0.00588,0.00589,0.00584,0.00585,11375977.0
2025-12-31 23:00:00,0.00585,0.00586,0.00584,0.00584,5373025.0
2026-01-01 00:00:00,0.00585,0.00589,0.00585,0.00587,9862283.0
2026-01-01 01:00:00,0.00586,0.0059,0.00585,0.00586,14574216.0
2026-01-01 02:00:00,0.00586,0.00586,0.00584,0.00585,5728252.0
2026-01-01 03:00:00,0.00586,0.00587,0.00583,0.00585,7036554.0
2026-01-01 04:00:00,0.00585,0.00585,0.00582,0.00584,5626024.0
2026-01-01 05:00:00,0.00585,0.00589,0.00585,0.00588,4100619.0
2026-01-01 06:00:00,0.00588,0.0059,0.00586,0.00587,5049875.0
2026-01-01 07:00:00,0.00586,0.00593,0.00586,0.00592,8616842.0
2026-01-01 08:00:00,0.00591,0.00594,0.0059,0.00594,8127634.0
2026-01-01 09:00:00,0.00594,0.00599,0.00594,0.00597,24553993.0
2026-01-01 10:00:00,0.00597,0.00598,0.00595,0.00598,9479691.0
2026-01-01 11:00:00,0.00597,0.00599,0.00596,0.00599,11392658.0
2026-01-01 12:00:00,0.00599,0.006,0.00595,0.00598,9319328.0
2026-01-01 13:00:00,0.00598,0.00605,0.00598,0.00605,20761759.0
2026-01-01 14:00:00,0.00605,0.00608,0.00601,0.00606,30619147.0
2026-01-01 15:00:00,0.00607,0.00616,0.00605,0.00612,55646399.0
2026-01-01 16:00:00,0.00613,0.00616,0.0061,0.00614,39580942.0
2026-01-01 17:00:00,0.00613,0.0062,0.00613,0.00618,63022597.0
2026-01-01 18:00:00,0.00618,0.0062,0.00616,0.00618,27120797.0
2026-01-01 19:00:00,0.00618,0.00625,0.00618,0.00624,29633027.0
2026-01-01 20:00:00,0.00625,0.00627,0.00621,0.00624,16142905.0
2026-01-01 21:00:00,0.00624,0.00624,0.00619,0.00623,17954692.0
2026-01-01 22:00:00,0.00623,0.0063,0.00622,0.0063,19036724.0
2026-01-01 23:00:00,0.0063,0.00632,0.00628,0.00629,20430538.0
2026-01-02 00:00:00,0.0063,0.00633,0.00625,0.00627,29852859.0
2026-01-02 01:00:00,0.00628,0.0063,0.00626,0.00628,21978883.0
2026-01-02 02:00:00,0.00628,0.00629,0.00624,0.00628,26179845.0
2026-01-02 03:00:00,0.00628,0.00636,0.00628,0.00636,52560458.0
2026-01-02 04:00:00,0.00637,0.00638,0.0063,0.00632,15913094.0
2026-01-02 05:00:00,0.00632,0.00634,0.00629,0.00634,18928944.0
2026-01-02 06:00:00,0.00634,0.00636,0.0063,0.0063,13749600.0
2026-01-02 07:00:00,0.00631,0.00632,0.00625,0.00626,9838516.0
2026-01-02 08:00:00,0.00627,0.00629,0.00624,0.00629,16462832.0
2026-01-02 09:00:00,0.00629,0.00647,0.00627,0.00639,65899725.0
2026-01-02 10:00:00,0.00639,0.00642,0.00637,0.0064,31776830.0
2026-01-02 11:00:00,0.0064,0.0064,0.00631,0.00634,24967258.0
2026-01-02 12:00:00,0.00633,0.00651,0.00632,0.00647,65601979.0
2026-01-02 13:00:00,0.00647,0.00647,0.00638,0.00639,34438868.0
2026-01-02 14:00:00,0.00638,0.00651,0.00632,0.00644,106776295.0
2026-01-02 15:00:00,0.00644,0.00649,0.00637,0.00644,46099455.0
2026-01-02 16:00:00,0.00644,0.00666,0.00642,0.00664,99511296.0
2026-01-02 17:00:00,0.00664,0.00671,0.0066,0.00664,66325565.0
2026-01-02 18:00:00,0.00665,0.0067,0.00656,0.0066,46066971.0
2026-01-02 19:00:00,0.00661,0.00669,0.0066,0.00668,18258126.0
2026-01-02 20:00:00,0.00668,0.00671,0.00663,0.00665,38129089.0
2026-01-02 21:00:00,0.00665,0.00673,0.00664,0.00671,22181872.0
2026-01-02 22:00:00,0.00671,0.00682,0.00669,0.00678,44997762.0
2026-01-02 23:00:00,0.00679,0.00681,0.00676,0.00679,21197839.0
2026-01-03 00:00:00,0.00679,0.00687,0.00678,0.00679,24032381.0
2026-01-03 01:00:00,0.00679,0.00682,0.00676,0.00679,15074757.0
2026-01-03 02:00:00,0.00678,0.00687,0.00675,0.00685,15890832.0
2026-01-03 03:00:00,0.00684,0.00696,0.00683,0.00695,27034053.0
2026-01-03 04:00:00,0.00694,0.00695,0.0069,0.00693,19174857.0
2026-01-03 05:00:00,0.00694,0.00697,0.00689,0.00692,10812609.0
2026-01-03 06:00:00,0.00692,0.00698,0.00681,0.00684,29762306.0
2026-01-03 07:00:00,0.00684,0.00684,0.00669,0.00671,63368861.0
2026-01-03 08:00:00,0.0067,0.00677,0.00668,0.00673,33884470.0
2026-01-03 09:00:00,0.00674,0.00678,0.00671,0.00674,18584877.0
2026-01-03 10:00:00,0.00673,0.00675,0.00669,0.0067,15838622.0
2026-01-03 11:00:00,0.00671,0.00671,0.00666,0.00668,15442936.0
2026-01-03 12:00:00,0.00668,0.00675,0.00667,0.00675,17148140.0
2026-01-03 13:00:00,0.00675,0.00677,0.00674,0.00675,12567154.0
2026-01-03 14:00:00,0.00676,0.00677,0.00674,0.00676,16665583.0
2026-01-03 15:00:00,0.00676,0.00676,0.00673,0.00674,9997608.0
2026-01-03 16:00:00,0.00674,0.00685,0.00672,0.00683,38990661.0
2026-01-03 17:00:00,0.00684,0.00685,0.00678,0.00681,17375056.0
2026-01-03 18:00:00,0.0068,0.00681,0.00675,0.0068,18652750.0
2026-01-03 19:00:00,0.00681,0.00681,0.00677,0.0068,6161290.0
2026-01-03 20:00:00,0.0068,0.0068,0.00674,0.00677,24244614.0
2026-01-03 21:00:00,0.00676,0.00682,0.00675,0.00678,30766459.0
2026-01-03 22:00:00,0.00677,0.00686,0.00675,0.00686,16849433.0
2026-01-03 23:00:00,0.00686,0.00686,0.00681,0.00683,12701176.0
2026-01-04 00:00:00,0.00683,0.00693,0.00681,0.00687,45683652.0
2026-01-04 01:00:00,0.00687,0.00688,0.00681,0.00685,12324034.0
2026-01-04 02:00:00,0.00686,0.0069,0.00684,0.00686,15376181.0
2026-01-04 03:00:00,0.00687,0.00698,0.00687,0.00694,36686473.0
2026-01-04 04:00:00,0.00693,0.00694,0.00689,0.00691,24889758.0
2026-01-04 05:00:00,0.00691,0.00697,0.00691,0.00697,21349442.0
2026-01-04 06:00:00,0.00697,0.00701,0.00687,0.00688,29649839.0
2026-01-04 07:00:00,0.00688,0.00697,0.00687,0.00695,16833251.0
2026-01-04 08:00:00,0.00694,0.00698,0.00688,0.00696,34584975.0
2026-01-04 09:00:00,0.00696,0.00701,0.00692,0.00698,23593818.0
2026-01-04 10:00:00,0.00698,0.00701,0.00696,0.00698,25085649.0
2026-01-04 11:00:00,0.00698,0.00702,0.00694,0.00701,24461239.0
2026-01-04 12:00:00,0.00702,0.00715,0.00701,0.00706,33984883.0
2026-01-04 13:00:00,0.00705,0.0071,0.007,0.0071,34893364.0
2026-01-04 14:00:00,0.0071,0.0072,0.00707,0.00718,29902678.0
2026-01-04 15:00:00,0.00718,0.0073,0.00718,0.00727,62107944.0
2026-01-04 16:00:00,0.00726,0.0075,0.00726,0.0075,80621434.0
2026-01-04 17:00:00,0.00749,0.00758,0.00746,0.00753,47391720.0
2026-01-04 18:00:00,0.00753,0.00759,0.00743,0.00748,47939123.0
2026-01-04 19:00:00,0.00747,0.00748,0.0073,0.00738,51636582.0
2026-01-04 20:00:00,0.00739,0.00744,0.00738,0.00739,20750199.0
2026-01-04 21:00:00,0.00738,0.00745,0.0073,0.00736,15149037.0
2026-01-04 22:00:00,0.00735,0.00744,0.00734,0.00742,27343914.0
2026-01-04 23:00:00,0.00742,0.00754,0.0074,0.00745,23981671.0
2026-01-05 00:00:00,0.00744,0.00752,0.00736,0.00739,55011742.0
2026-01-05 01:00:00,0.00739,0.0075,0.00738,0.00745,43297994.0
2026-01-05 02:00:00,0.00744,0.00747,0.00735,0.00743,23660633.0
2026-01-05 03:00:00,0.00743,0.00744,0.00733,0.00736,16576262.0
2026-01-05 04:00:00,0.00736,0.0074,0.00723,0.00728,53331157.0
2026-01-05 05:00:00,0.00727,0.00733,0.00723,0.00724,21847054.0
2026-01-05 06:00:00,0.00724,0.00727,0.00717,0.00722,25225276.0
2026-01-05 07:00:00,0.00721,0.00732,0.0072,0.00728,12622924.0
2026-01-05 08:00:00,0.00728,0.0073,0.00718,0.00719,12036175.0
2026-01-05 09:00:00,0.00719,0.00719,0.00709,0.00713,29947455.0
2026-01-05 10:00:00,0.00713,0.00718,0.00708,0.00713,26481190.0
2026-01-05 11:00:00,0.00712,0.00717,0.00711,0.00715,12589732.0
2026-01-05 12:00:00,0.00715,0.00722,0.00713,0.00721,23565380.0
2026-01-05 13:00:00,0.00721,0.00722,0.00714,0.00719,16075867.0
2026-01-05 14:00:00,0.00719,0.00733,0.00716,0.0073,30043108.0
2026-01-05 15:00:00,0.00729,0.00739,0.00721,0.00737,27878054.0
2026-01-05 16:00:00,0.00736,0.00738,0.00731,0.00734,15795412.0
2026-01-05 17:00:00,0.00733,0.00746,0.00725,0.00742,32183760.0
2026-01-05 18:00:00,0.00743,0.00753,0.00739,0.00752,17082387.0
2026-01-05 19:00:00,0.00752,0.00753,0.00743,0.00746,15012610.0
2026-01-05 20:00:00,0.00747,0.0076,0.00746,0.0075,23262104.0
2026-01-05 21:00:00,0.00749,0.00753,0.00747,0.0075,7918749.0
2026-01-05 22:00:00,0.0075,0.00762,0.00749,0.00759,20791901.0
2026-01-05 23:00:00,0.00759,0.0076,0.00752,0.00752,14969078.0
2026-01-06 00:00:00,0.00753,0.00756,0.00744,0.00754,17403859.0
2026-01-06 01:00:00,0.00755,0.00763,0.00749,0.0075,15977235.0
2026-01-06 02:00:00,0.00751,0.00755,0.00749,0.0075,20690491.0
2026-01-06 03:00:00,0.0075,0.00765,0.00749,0.00759,16823038.0
2026-01-06 04:00:00,0.0076,0.00764,0.00757,0.00761,21887893.0
2026-01-06 05:00:00,0.0076,0.00761,0.00755,0.00756,12139130.0
2026-01-06 06:00:00,0.00756,0.00762,0.0075,0.00756,35859832.0
2026-01-06 07:00:00,0.00756,0.00757,0.00744,0.00746,14786398.0
2026-01-06 08:00:00,0.00746,0.00752,0.00746,0.0075,12512925.0
2026-01-06 09:00:00,0.00751,0.00762,0.00749,0.00759,11645705.0
2026-01-06 10:00:00,0.00759,0.00765,0.00756,0.00764,15271298.0
2026-01-06 11:00:00,0.00763,0.0077,0.00762,0.00767,18707281.0
2026-01-06 12:00:00,0.00766,0.00773,0.00765,0.00773,24052818.0
2026-01-06 13:00:00,0.00772,0.00775,0.00769,0.00771,33750993.0
2026-01-06 14:00:00,0.00772,0.0079,0.0077,0.00775,68994628.0
2026-01-06 15:00:00,0.00774,0.00779,0.00755,0.00761,49404249.0
2026-01-06 16:00:00,0.0076,0.00763,0.00736,0.00744,67849957.0
2026-01-06 17:00:00,0.00743,0.00747,0.00722,0.00724,66137096.0
2026-01-06 18:00:00,0.00724,0.0074,0.00722,0.00739,23690850.0
2026-01-06 19:00:00,0.00739,0.00743,0.00736,0.00737,13741074.0
2026-01-06 20:00:00,0.00738,0.0075,0.00738,0.00748,14507196.0
2026-01-06 21:00:00,0.00748,0.00768,0.00746,0.00766,21143954.0
2026-01-06 22:00:00,0.00766,0.00767,0.00752,0.00756,11809867.0
2026-01-06 23:00:00,0.00756,0.00762,0.00755,0.00758,8288718.0
2026-01-07 00:00:00,0.00758,0.00759,0.00742,0.00742,17214828.0
2026-01-07 01:00:00,0.00742,0.00748,0.00736,0.00737,14162647.0
2026-01-07 02:00:00,0.00737,0.00742,0.00734,0.00742,16982016.0
2026-01-07 03:00:00,0.00741,0.00746,0.00739,0.00739,6576293.0
2026-01-07 04:00:00,0.0074,0.00743,0.00737,0.00738,8017264.0
2026-01-07 05:00:00,0.00738,0.00745,0.00737,0.0074,7316620.0
2026-01-07 06:00:00,0.0074,0.00743,0.00736,0.00738,19985341.0
2026-01-07 07:00:00,0.00739,0.00756,0.00739,0.00754,24038306.0
2026-01-07 08:00:00,0.00755,0.00761,0.00753,0.00756,31926579.0
2026-01-07 09:00:00,0.00757,0.00759,0.00747,0.00752,65361846.0
2026-01-07 10:00:00,0.00752,0.00757,0.00746,0.00747,38252399.0
2026-01-07 11:00:00,0.00746,0.00746,0.00739,0.00745,37936293.0
2026-01-07 12:00:00,0.00745,0.00746,0.00736,0.00737,10261782.0
2026-01-07 13:00:00,0.00737,0.00741,0.00733,0.00733,13162627.0
2026-01-07 14:00:00,0.00733,0.00739,0.00723,0.00737,40414555.0
2026-01-07 15:00:00,0.00737,0.00737,0.0072,0.00727,29898594.0
2026-01-07 16:00:00,0.00726,0.00734,0.00724,0.0073,22604928.0
2026-01-07 17:00:00,0.0073,0.00738,0.00728,0.00734,16905473.0
2026-01-07 18:00:00,0.00734,0.00736,0.00727,0.00729,23465319.0
2026-01-07 19:00:00,0.0073,0.00734,0.00723,0.00732,12654703.0
2026-01-07 20:00:00,0.00731,0.00732,0.00725,0.00727,8557129.0
2026-01-07 21:00:00,0.00728,0.00731,0.00725,0.00725,5912658.0
2026-01-07 22:00:00,0.00725,0.00734,0.00724,0.00726,12602845.0
2026-01-07 23:00:00,0.00726,0.00737,0.00723,0.00734,34711225.0
2026-01-08 00:00:00,0.00734,0.00737,0.00731,0.00735,22277718.0
2026-01-08 01:00:00,0.00736,0.00737,0.00732,0.00735,11379645.0
2026-01-08 02:00:00,0.00735,0.00738,0.00728,0.0073,16175331.0
2026-01-08 03:00:00,0.0073,0.00735,0.0072,0.00724,11674141.0
2026-01-08 04:00:00,0.00724,0.00733,0.00723,0.00731,26659117.0
2026-01-08 05:00:00,0.00731,0.00733,0.00723,0.00724,32110615.0
2026-01-08 06:00:00,0.00725,0.00726,0.00713,0.00714,58954429.0
2026-01-08 07:00:00,0.00714,0.00727,0.00708,0.00726,33524371.0
2026-01-08 08:00:00,0.00726,0.0073,0.00717,0.00717,18344978.0
2026-01-08 09:00:00,0.00718,0.00721,0.0071,0.00711,25691242.0
2026-01-08 10:00:00,0.00711,0.0072,0.00705,0.0072,25476124.0
2026-01-08 11:00:00,0.00719,0.0072,0.00709,0.00714,20222723.0
2026-01-08 12:00:00,0.00714,0.00715,0.00706,0.00708,28986126.0
2026-01-08 13:00:00,0.00708,0.00712,0.00704,0.00708,13263226.0
2026-01-08 14:00:00,0.00707,0.00711,0.00699,0.0071,43094904.0
2026-01-08 15:00:00,0.0071,0.00728,0.00705,0.00728,32878886.0
2026-01-08 16:00:00,0.00729,0.0073,0.00718,0.00725,14744208.0
2026-01-08 17:00:00,0.00726,0.0073,0.0072,0.00729,15198706.0
2026-01-08 18:00:00,0.00728,0.0073,0.00719,0.00722,19309151.0
2026-01-08 19:00:00,0.00722,0.00725,0.00716,0.00717,8909295.0
2026-01-08 20:00:00,0.00717,0.00717,0.0071,0.00716,9625072.0
2026-01-08 21:00:00,0.00716,0.00727,0.00716,0.00726,12539568.0
2026-01-08 22:00:00,0.00726,0.00729,0.00717,0.00723,8159953.0
2026-01-08 23:00:00,0.00724,0.00725,0.0072,0.00721,4756190.0
2026-01-09 00:00:00,0.00721,0.00722,0.00718,0.00721,4416100.0
2026-01-09 01:00:00,0.00721,0.00727,0.00711,0.00714,28992601.0
2026-01-09 02:00:00,0.00714,0.00721,0.00713,0.00715,7022603.0
2026-01-09 03:00:00,0.00715,0.00724,0.00713,0.00723,5840878.0
2026-01-09 04:00:00,0.00722,0.00724,0.00718,0.00719,7481238.0
2026-01-09 05:00:00,0.00719,0.00722,0.00717,0.0072,3823595.0
2026-01-09 06:00:00,0.0072,0.00723,0.00717,0.00721,4753485.0
2026-01-09 07:00:00,0.00722,0.00722,0.00718,0.00718,6469213.0
2026-01-09 08:00:00,0.00719,0.00721,0.00703,0.00708,17010740.0
2026-01-09 09:00:00,0.00709,0.00718,0.00709,0.00714,15617370.0
2026-01-09 10:00:00,0.00714,0.00714,0.00709,0.00712,6596531.0
2026-01-09 11:00:00,0.00713,0.00715,0.00709,0.00711,7647637.0
2026-01-09 12:00:00,0.00711,0.00711,0.00706,0.00709,7136935.0
2026-01-09 13:00:00,0.0071,0.00724,0.00709,0.00719,31074363.0
2026-01-09 14:00:00,0.0072,0.0072,0.00708,0.00711,24408065.0
2026-01-09 15:00:00,0.00712,0.00738,0.00707,0.0073,68749998.0
2026-01-09 16:00:00,0.00731,0.00743,0.00729,0.00735,23658786.0
2026-01-09 17:00:00,0.00735,0.00735,0.00719,0.00728,15633160.0
2026-01-09 18:00:00,0.00728,0.0073,0.0071,0.00719,14925870.0
2026-01-09 19:00:00,0.00718,0.00718,0.00708,0.0071,18214581.0
2026-01-09 20:00:00,0.0071,0.00717,0.00709,0.00713,7867110.0
2026-01-09 21:00:00,0.00713,0.00719,0.0071,0.00717,17878743.0
2026-01-09 22:00:00,0.00717,0.00724,0.00715,0.00722,7943702.0
2026-01-09 23:00:00,0.00722,0.00722,0.00717,0.00718,5458003.0
2026-01-10 00:00:00,0.00718,0.00719,0.00712,0.00713,4525524.0
2026-01-10 01:00:00,0.00714,0.00717,0.00712,0.00712,9366061.0
2026-01-10 02:00:00,0.00712,0.00712,0.00707,0.00709,15279503.0
2026-01-10 03:00:00,0.0071,0.00713,0.00706,0.00712,7307814.0
2026-01-10 04:00:00,0.00712,0.00712,0.00707,0.00707,9687974.0
2026-01-10 05:00:00,0.00708,0.00708,0.00704,0.00705,6217628.0
2026-01-10 06:00:00,0.00704,0.00708,0.007,0.00706,6939699.0
2026-01-10 07:00:00,0.00706,0.00716,0.00706,0.00714,8106381.0
2026-01-10 08:00:00,0.00713,0.00718,0.00713,0.00717,13876765.0
2026-01-10 09:00:00,0.00717,0.0072,0.00716,0.00718,8460614.0
2026-01-10 10:00:00,0.00718,0.00719,0.00714,0.00717,15506941.0
2026-01-10 11:00:00,0.00717,0.00722,0.00714,0.00721,9481836.0
2026-01-10 12:00:00,0.00722,0.00727,0.0072,0.00726,8432430.0
2026-01-10 13:00:00,0.00725,0.00728,0.00722,0.00722,7290971.0
2026-01-10 14:00:00,0.00722,0.00722,0.00716,0.00718,13401771.0
2026-01-10 15:00:00,0.00718,0.00721,0.00715,0.00716,6462223.0
2026-01-10 16:00:00,0.00716,0.00716,0.00711,0.00713,9353201.0
2026-01-10 17:00:00,0.00712,0.00719,0.00711,0.00711,15907213.0
2026-01-10 18:00:00,0.00712,0.00715,0.0071,0.00713,7828023.0
2026-01-10 19:00:00,0.00713,0.00724,0.00713,0.00723,7105113.0
2026-01-10 20:00:00,0.00723,0.00723,0.00718,0.00719,8867970.0
2026-01-10 21:00:00,0.00718,0.00719,0.00713,0.00713,5082424.0
2026-01-10 22:00:00,0.00712,0.00713,0.00707,0.00707,12001264.0
2026-01-10 23:00:00,0.00707,0.00711,0.00706,0.00709,8625942.0
2026-01-11 00:00:00,0.00709,0.00712,0.00707,0.0071,8210544.0
2026-01-11 01:00:00,0.0071,0.00712,0.00708,0.0071,6948714.0
2026-01-11 02:00:00,0.00711,0.00714,0.0071,0.00711,5685861.0
2026-01-11 03:00:00,0.00711,0.00712,0.0071,0.00711,2459341.0
2026-01-11 04:00:00,0.00711,0.00715,0.00709,0.00713,7336214.0
2026-01-11 05:00:00,0.00713,0.00714,0.0071,0.00713,7160442.0
2026-01-11 06:00:00,0.00713,0.00713,0.00708,0.00713,9839432.0
2026-01-11 07:00:00,0.00714,0.00716,0.00711,0.00715,8255159.0
2026-01-11 08:00:00,0.00715,0.00717,0.00712,0.00714,12882898.0
2026-01-11 09:00:00,0.00715,0.0072,0.00714,0.00719,7512060.0
2026-01-11 10:00:00,0.00718,0.00719,0.00715,0.00717,10855121.0
2026-01-11 11:00:00,0.00717,0.00719,0.00716,0.00719,6158189.0
2026-01-11 12:00:00,0.00719,0.00724,0.00719,0.00722,13716295.0
2026-01-11 13:00:00,0.00722,0.00723,0.00715,0.00717,4761341.0
2026-01-11 14:00:00,0.00716,0.00722,0.00715,0.00721,5969018.0
2026-01-11 15:00:00,0.00722,0.00722,0.00706,0.00709,27432098.0
2026-01-11 16:00:00,0.00709,0.00722,0.00707,0.00715,36139051.0
2026-01-11 17:00:00,0.00714,0.00717,0.00709,0.00717,7024507.0
2026-01-11 18:00:00,0.00717,0.00717,0.00711,0.00715,5533121.0
2026-01-11 19:00:00,0.00715,0.00717,0.00711,0.00712,7754588.0
2026-01-11 20:00:00,0.00712,0.00712,0.007,0.00704,28245372.0
2026-01-11 21:00:00,0.00703,0.00706,0.00699,0.00706,16620600.0
2026-01-11 22:00:00,0.00705,0.00705,0.00692,0.00693,19984596.0
2026-01-11 23:00:00,0.00692,0.00702,0.00687,0.00699,18440020.0
2026-01-12 00:00:00,0.007,0.00703,0.00691,0.00702,16220856.0
2026-01-12 01:00:00,0.00703,0.00713,0.00702,0.00707,26683024.0
2026-01-12 02:00:00,0.00708,0.00724,0.00708,0.00721,20968985.0
2026-01-12 03:00:00,0.00722,0.00726,0.00711,0.00711,15729345.0
2026-01-12 04:00:00,0.00712,0.00717,0.00709,0.00715,9256909.0
2026-01-12 05:00:00,0.00715,0.00718,0.00711,0.00713,6503154.0
2026-01-12 06:00:00,0.00712,0.00713,0.00705,0.00707,10359783.0
2026-01-12 07:00:00,0.00707,0.00712,0.00696,0.00697,13954466.0
2026-01-12 08:00:00,0.00696,0.00703,0.00688,0.00693,22905632.0
2026-01-12 09:00:00,0.00694,0.00696,0.0069,0.00691,14141610.0
2026-01-12 10:00:00,0.00692,0.00694,0.00688,0.00689,19553107.0
2026-01-12 11:00:00,0.00689,0.007,0.00689,0.00697,21755768.0
2026-01-12 12:00:00,0.00697,0.00699,0.00688,0.00689,26917868.0
2026-01-12 13:00:00,0.0069,0.0069,0.00681,0.00684,34726579.0
2026-01-12 14:00:00,0.00684,0.00696,0.00677,0.00693,41797864.0
2026-01-12 15:00:00,0.00692,0.00702,0.00689,0.007,23899319.0
2026-01-12 16:00:00,0.007,0.00707,0.00697,0.00703,14803277.0
2026-01-12 17:00:00,0.00703,0.00705,0.00686,0.00693,16914501.0
2026-01-12 18:00:00,0.00693,0.00699,0.00689,0.00692,10372175.0
2026-01-12 19:00:00,0.00693,0.00696,0.00688,0.00694,7289580.0
2026-01-12 20:00:00,0.00694,0.00698,0.00687,0.00689,16900877.0
2026-01-12 21:00:00,0.00689,0.00689,0.0068,0.00684,12499759.0
2026-01-12 22:00:00,0.00684,0.00695,0.00683,0.00691,65185220.0
2026-01-12 23:00:00,0.00691,0.00691,0.00686,0.00688,13217421.0
2026-01-13 00:00:00,0.00688,0.00691,0.00687,0.00691,7514609.0
2026-01-13 01:00:00,0.00691,0.00696,0.00687,0.0069,15873420.0
2026-01-13 02:00:00,0.0069,0.00696,0.0069,0.00691,4168035.0
2026-01-13 03:00:00,0.0069,0.00698,0.00688,0.00697,7128293.0
2026-01-13 04:00:00,0.00697,0.00701,0.00695,0.00701,5634657.0
2026-01-13 05:00:00,0.007,0.00708,0.007,0.00701,12908242.0
2026-01-13 06:00:00,0.00701,0.00707,0.007,0.00706,12122873.0
2026-01-13 07:00:00,0.00706,0.00707,0.00702,0.00703,5878865.0
2026-01-13 08:00:00,0.00703,0.00709,0.00702,0.00708,6625793.0
2026-01-13 09:00:00,0.00708,0.00714,0.00708,0.00709,19275866.0
2026-01-13 10:00:00,0.0071,0.00713,0.00706,0.0071,12072925.0
2026-01-13 11:00:00,0.0071,0.00718,0.00708,0.00714,14818482.0
2026-01-13 12:00:00,0.00713,0.00719,0.00711,0.00717,17741442.0
2026-01-13 13:00:00,0.00717,0.00729,0.00717,0.00726,53469695.0
2026-01-13 14:00:00,0.00725,0.00734,0.00723,0.00726,44394957.0
2026-01-13 15:00:00,0.00725,0.00735,0.00718,0.00734,37115658.0
2026-01-13 16:00:00,0.00733,0.00748,0.00733,0.00743,118691765.0
2026-01-13 17:00:00,0.00743,0.00744,0.00735,0.00741,42344349.0
2026-01-13 18:00:00,0.00741,0.00745,0.00736,0.00738,25915568.0
2026-01-13 19:00:00,0.00738,0.00741,0.00733,0.0074,23895093.0
2026-01-13 20:00:00,0.00741,0.00742,0.00731,0.00734,20569887.0
2026-01-13 21:00:00,0.00734,0.0074,0.00734,0.0074,13521290.0
2026-01-13 22:00:00,0.00739,0.00775,0.00739,0.00768,150209203.0
2026-01-13 23:00:00,0.00768,0.00771,0.00755,0.00758,45216328.0
2026-01-14 00:00:00,0.00758,0.00766,0.00757,0.00763,28459824.0
2026-01-14 01:00:00,0.00764,0.00766,0.00757,0.00759,22276068.0
2026-01-14 02:00:00,0.00759,0.00763,0.00755,0.00755,17375065.0
2026-01-14 03:00:00,0.00756,0.00761,0.00755,0.00761,13869652.0
2026-01-14 04:00:00,0.0076,0.00761,0.00753,0.00754,33645139.0
2026-01-14 05:00:00,0.00755,0.00759,0.00749,0.00756,29080971.0
2026-01-14 06:00:00,0.00757,0.00762,0.00752,0.00761,26095918.0
2026-01-14 07:00:00,0.00761,0.00763,0.00756,0.00757,20479710.0
2026-01-14 08:00:00,0.00758,0.00763,0.00757,0.00757,11597442.0
2026-01-14 09:00:00,0.00758,0.00765,0.00758,0.00764,16580680.0
2026-01-14 10:00:00,0.00765,0.00766,0.00757,0.0076,19638315.0
2026-01-14 11:00:00,0.00759,0.0076,0.00754,0.00757,20283049.0
2026-01-14 12:00:00,0.00757,0.00762,0.00755,0.00756,10075697.0
2026-01-14 13:00:00,0.00756,0.00756,0.00745,0.00747,36863156.0
2026-01-14 14:00:00,0.00747,0.00766,0.00746,0.0076,36811175.0
2026-01-14 15:00:00,0.0076,0.00769,0.00755,0.00762,49867460.0
2026-01-14 16:00:00,0.00762,0.0077,0.00759,0.00761,32860176.0
2026-01-14 17:00:00,0.00761,0.00764,0.0075,0.00752,36526799.0
2026-01-14 18:00:00,0.00752,0.00754,0.00738,0.00745,42606954.0
2026-01-14 19:00:00,0.00744,0.00759,0.00742,0.00751,38597069.0
2026-01-14 20:00:00,0.00751,0.00758,0.00749,0.00752,20249989.0
2026-01-14 21:00:00,0.00751,0.00754,0.00747,0.0075,14029697.0
2026-01-14 22:00:00,0.0075,0.00751,0.00739,0.00743,20901223.0
2026-01-14 23:00:00,0.00742,0.00749,0.00742,0.00744,10235306.0
2026-01-15 00:00:00,0.00743,0.00746,0.0074,0.00744,17148129.0
2026-01-15 01:00:00,0.00744,0.00749,0.0074,0.00742,14184640.0
2026-01-15 02:00:00,0.00741,0.00743,0.00732,0.00734,18303010.0
2026-01-15 03:00:00,0.00734,0.00736,0.00719,0.0072,35687009.0
2026-01-15 04:00:00,0.00721,0.00729,0.00719,0.00727,11279449.0
2026-01-15 05:00:00,0.00727,0.0073,0.00725,0.00727,11228891.0
2026-01-15 06:00:00,0.00726,0.00729,0.00723,0.00725,13518658.0
2026-01-15 07:00:00,0.00724,0.00737,0.00723,0.00734,17117718.0
2026-01-15 08:00:00,0.00734,0.00734,0.00729,0.00732,8575081.0
2026-01-15 09:00:00,0.00732,0.00738,0.00729,0.00735,12683806.0
2026-01-15 10:00:00,0.00735,0.00736,0.0073,0.00731,12145335.0
2026-01-15 11:00:00,0.00732,0.00733,0.00727,0.00728,8830790.0
2026-01-15 12:00:00,0.00728,0.00734,0.00728,0.00734,14102102.0
2026-01-15 13:00:00,0.00734,0.00736,0.00731,0.00732,11579905.0
2026-01-15 14:00:00,0.00732,0.00736,0.00717,0.00722,35283208.0
2026-01-15 15:00:00,0.00722,0.00726,0.00701,0.00713,48706978.0
2026-01-15 16:00:00,0.00713,0.00716,0.00704,0.00713,22407114.0
2026-01-15 17:00:00,0.00712,0.00715,0.00703,0.00705,21545796.0
2026-01-15 18:00:00,0.00705,0.00707,0.00694,0.00698,38743717.0
2026-01-15 19:00:00,0.00697,0.007,0.00693,0.007,13360754.0
2026-01-15 20:00:00,0.00699,0.00703,0.00691,0.00694,16883337.0
2026-01-15 21:00:00,0.00694,0.00699,0.00693,0.00697,10766780.0
2026-01-15 22:00:00,0.00697,0.00701,0.00695,0.00698,7541775.0
2026-01-15 23:00:00,0.00698,0.00702,0.00696,0.00701,15727967.0
2026-01-16 00:00:00,0.007,0.00703,0.00699,0.00702,15598129.0
2026-01-16 01:00:00,0.00701,0.00703,0.007,0.00702,10083022.0
2026-01-16 02:00:00,0.00701,0.00707,0.00696,0.00707,24400457.0
2026-01-16 03:00:00,0.00707,0.00708,0.00701,0.00701,10806645.0
2026-01-16 04:00:00,0.00702,0.00704,0.00694,0.00696,25006357.0
2026-01-16 05:00:00,0.00697,0.00705,0.00696,0.00703,15311658.0
2026-01-16 06:00:00,0.00703,0.00709,0.00701,0.00709,12428523.0
2026-01-16 07:00:00,0.00708,0.00713,0.00705,0.00707,19719233.0
2026-01-16 08:00:00,0.00708,0.00711,0.00707,0.0071,5330541.0
2026-01-16 09:00:00,0.00711,0.00711,0.00704,0.00705,35310976.0
2026-01-16 10:00:00,0.00705,0.00706,0.007,0.00704,63941047.0
2026-01-16 11:00:00,0.00705,0.00713,0.00704,0.00707,88729850.0
2026-01-16 12:00:00,0.00707,0.00709,0.00703,0.00705,19038161.0
2026-01-16 13:00:00,0.00705,0.00706,0.00701,0.00704,7086364.0
2026-01-16 14:00:00,0.00704,0.00709,0.00704,0.00705,19361716.0
2026-01-16 15:00:00,0.00705,0.00709,0.00684,0.0069,85754545.0
2026-01-16 16:00:00,0.00689,0.007,0.00687,0.00696,23767374.0
2026-01-16 17:00:00,0.00696,0.00701,0.00689,0.00701,15394756.0
2026-01-16 18:00:00,0.00702,0.00704,0.00698,0.00699,6429312.0
2026-01-16 19:00:00,0.00699,0.00703,0.00694,0.00702,15692305.0
2026-01-16 20:00:00,0.00703,0.00718,0.00698,0.00717,22299105.0
2026-01-16 21:00:00,0.00718,0.00725,0.00717,0.00723,32682480.0
2026-01-16 22:00:00,0.00722,0.0073,0.00722,0.00727,26521705.0
2026-01-16 23:00:00,0.00728,0.00728,0.00723,0.00726,7815609.0
2026-01-17 00:00:00,0.00726,0.00731,0.00723,0.00729,20360186.0
2026-01-17 01:00:00,0.00729,0.0074,0.00728,0.00738,46388601.0
2026-01-17 02:00:00,0.00738,0.00741,0.00726,0.00727,27009482.0
2026-01-17 03:00:00,0.00728,0.00736,0.00726,0.00734,22661375.0
2026-01-17 04:00:00,0.00734,0.0074,0.00731,0.00738,23740918.0
2026-01-17 05:00:00,0.00739,0.00748,0.00738,0.00741,48863224.0
2026-01-17 06:00:00,0.00741,0.0075,0.00739,0.00743,40618849.0
2026-01-17 07:00:00,0.00744,0.00758,0.00743,0.00755,47964498.0
2026-01-17 08:00:00,0.00754,0.00773,0.00753,0.00766,115009983.0
2026-01-17 09:00:00,0.00767,0.00771,0.00757,0.00761,58210063.0
2026-01-17 10:00:00,0.0076,0.00766,0.00756,0.00758,31750088.0
2026-01-17 11:00:00,0.00758,0.00762,0.0075,0.0075,51608585.0
2026-01-17 12:00:00,0.0075,0.00774,0.00749,0.00774,77640646.0
2026-01-17 13:00:00,0.00774,0.00783,0.00769,0.00779,139430869.0
2026-01-17 14:00:00,0.00778,0.00824,0.00778,0.00812,275533884.0
2026-01-17 15:00:00,0.00812,0.00825,0.00787,0.00804,291096118.0
2026-01-17 16:00:00,0.00803,0.00808,0.0079,0.00805,114997149.0
2026-01-17 17:00:00,0.00806,0.00816,0.00788,0.00792,86256818.0
2026-01-17 18:00:00,0.00792,0.00801,0.00792,0.00801,58060408.0
2026-01-17 19:00:00,0.008,0.00808,0.0079,0.00796,90732389.0
2026-01-17 20:00:00,0.00796,0.00806,0.00792,0.00792,67942964.0
2026-01-17 21:00:00,0.00792,0.00793,0.00778,0.00784,66240167.0
2026-01-17 22:00:00,0.00785,0.00786,0.0077,0.00776,72076645.0
2026-01-17 23:00:00,0.00776,0.00782,0.00775,0.0078,33610904.0
2026-01-18 00:00:00,0.0078,0.00796,0.00776,0.00785,82162280.0
2026-01-18 01:00:00,0.00786,0.00792,0.00766,0.00771,93159246.0
2026-01-18 02:00:00,0.00771,0.00776,0.00765,0.00772,53638297.0
2026-01-18 03:00:00,0.00772,0.00777,0.00766,0.00768,39032384.0
2026-01-18 04:00:00,0.00767,0.0077,0.00763,0.0077,40212306.0
2026-01-18 05:00:00,0.00769,0.0077,0.00764,0.00768,26198507.0
2026-01-18 06:00:00,0.00768,0.00772,0.00764,0.00765,15011988.0
2026-01-18 07:00:00,0.00764,0.00777,0.00759,0.00772,56143429.0
2026-01-18 08:00:00,0.00771,0.00775,0.00764,0.00766,28695539.0
2026-01-18 09:00:00,0.00766,0.00767,0.0076,0.00762,21100380.0
2026-01-18 10:00:00,0.00763,0.00763,0.00757,0.00759,33955236.0
2026-01-18 11:00:00,0.00759,0.00762,0.00757,0.00759,13884428.0
2026-01-18 12:00:00,0.00758,0.00762,0.00754,0.00757,25578112.0
2026-01-18 13:00:00,0.00757,0.00759,0.00752,0.00755,40290039.0
2026-01-18 14:00:00,0.00755,0.00762,0.00749,0.00753,39590474.0
2026-01-18 15:00:00,0.00752,0.00759,0.0075,0.00758,31057981.0
2026-01-18 16:00:00,0.00758,0.00762,0.00752,0.00753,39527997.0
2026-01-18 17:00:00,0.00753,0.00756,0.00749,0.00755,25624618.0
2026-01-18 18:00:00,0.00755,0.00762,0.00753,0.00759,22580658.0
2026-01-18 19:00:00,0.00759,0.00762,0.0075,0.00753,18832346.0
2026-01-18 20:00:00,0.00753,0.00761,0.00751,0.00756,11136045.0
2026-01-18 21:00:00,0.00757,0.00763,0.00756,0.0076,11873939.0
2026-01-18 22:00:00,0.00761,0.00763,0.00758,0.00762,18871172.0
2026-01-18 23:00:00,0.00762,0.00762,0.00715,0.00716,170438310.0
2026-01-19 00:00:00,0.00716,0.00716,0.00634,0.00672,563791429.0
2026-01-19 01:00:00,0.00672,0.00678,0.00668,0.00672,62366512.0
2026-01-19 02:00:00,0.00671,0.0068,0.0067,0.00677,21748367.0
2026-01-19 03:00:00,0.00677,0.00686,0.00675,0.00683,34175694.0
2026-01-19 04:00:00,0.00683,0.00684,0.00671,0.00671,37387082.0
2026-01-19 05:00:00,0.00672,0.00676,0.00665,0.0067,84443033.0
2026-01-19 06:00:00,0.00669,0.00671,0.00663,0.00665,68839574.0
2026-01-19 07:00:00,0.00664,0.00669,0.00663,0.00668,33617179.0
2026-01-19 08:00:00,0.00667,0.00677,0.00663,0.00676,64485205.0
2026-01-19 09:00:00,0.00675,0.00676,0.00667,0.00668,34661138.0
2026-01-19 10:00:00,0.00668,0.00668,0.00664,0.00668,20809328.0
2026-01-19 11:00:00,0.00668,0.0067,0.00664,0.00664,28207384.0
2026-01-19 12:00:00,0.00664,0.00665,0.00659,0.0066,37835285.0
2026-01-19 13:00:00,0.00661,0.00665,0.00657,0.00658,34607562.0
2026-01-19 14:00:00,0.00658,0.00667,0.00657,0.00662,42560798.0
2026-01-19 15:00:00,0.00663,0.00665,0.00659,0.00662,23558109.0
2026-01-19 16:00:00,0.00662,0.00671,0.00659,0.00671,23351799.0
2026-01-19 17:00:00,0.00671,0.00673,0.00668,0.00671,27396509.0
2026-01-19 18:00:00,0.00671,0.00673,0.00667,0.00672,14499002.0
2026-01-19 19:00:00,0.00672,0.00682,0.00672,0.00677,25423308.0
2026-01-19 20:00:00,0.00678,0.00679,0.00674,0.00679,16796798.0
2026-01-19 21:00:00,0.00679,0.00681,0.0067,0.00673,22034029.0
2026-01-19 22:00:00,0.00672,0.00675,0.00663,0.00664,24059640.0
2026-01-19 23:00:00,0.00664,0.00672,0.00662,0.00668,38162552.0
2026-01-20 00:00:00,0.00667,0.0067,0.00665,0.00667,33105312.0
2026-01-20 01:00:00,0.00666,0.0067,0.00662,0.00664,18576377.0
2026-01-20 02:00:00,0.00664,0.00677,0.00662,0.00675,29532963.0
2026-01-20 03:00:00,0.00676,0.00678,0.00666,0.0067,31914625.0
2026-01-20 04:00:00,0.0067,0.00676,0.00663,0.00671,40225409.0
2026-01-20 05:00:00,0.0067,0.00674,0.00664,0.00668,43244391.0
2026-01-20 06:00:00,0.00668,0.00669,0.00656,0.00663,50311312.0
2026-01-20 07:00:00,0.00663,0.00669,0.00656,0.00657,42337884.0
2026-01-20 08:00:00,0.00657,0.00658,0.00649,0.00655,43067732.0
2026-01-20 09:00:00,0.00655,0.0066,0.00653,0.0066,22848244.0
2026-01-20 10:00:00,0.0066,0.0067,0.00659,0.00665,62493878.0
2026-01-20 11:00:00,0.00665,0.00665,0.00652,0.00652,29438078.0
2026-01-20 12:00:00,0.00652,0.00681,0.00652,0.0068,93372855.0
2026-01-20 13:00:00,0.00679,0.0068,0.00652,0.00653,48703523.0
2026-01-20 14:00:00,0.00653,0.00664,0.00651,0.00655,53784098.0
2026-01-20 15:00:00,0.00655,0.00656,0.00644,0.00649,52714577.0
2026-01-20 16:00:00,0.00649,0.00653,0.00637,0.00641,51167482.0
2026-01-20 17:00:00,0.00641,0.00647,0.00632,0.00635,49423685.0
2026-01-20 18:00:00,0.00636,0.00639,0.00632,0.00635,41065274.0
2026-01-20 19:00:00,0.00636,0.00641,0.00636,0.00637,31956721.0
2026-01-20 20:00:00,0.00637,0.00643,0.00634,0.00643,22826109.0
2026-01-20 21:00:00,0.00643,0.00644,0.00635,0.00637,18809062.0
2026-01-20 22:00:00,0.00637,0.00638,0.00623,0.0063,49069032.0
2026-01-20 23:00:00,0.00631,0.00632,0.00626,0.00629,20401330.0
2026-01-21 00:00:00,0.00629,0.00641,0.00628,0.00641,39360567.0
2026-01-21 01:00:00,0.00641,0.00645,0.0064,0.00643,20704702.0
2026-01-21 02:00:00,0.00644,0.00654,0.00643,0.00652,35437544.0
2026-01-21 03:00:00,0.00653,0.00659,0.0065,0.00651,26117948.0
2026-01-21 04:00:00,0.00652,0.00653,0.00644,0.00645,11401417.0
2026-01-21 05:00:00,0.00645,0.00648,0.00644,0.00644,14032349.0
2026-01-21 06:00:00,0.00644,0.00646,0.00639,0.00639,16985408.0
2026-01-21 07:00:00,0.00639,0.00643,0.00637,0.00639,11827666.0
2026-01-21 08:00:00,0.00639,0.00643,0.00635,0.00639,16936284.0
2026-01-21 09:00:00,0.00639,0.00645,0.00637,0.00642,17879217.0
2026-01-21 10:00:00,0.00642,0.00648,0.00638,0.00638,26056737.0
2026-01-21 11:00:00,0.00638,0.00641,0.0063,0.00632,13209605.0
2026-01-21 12:00:00,0.00631,0.00633,0.0062,0.00633,36719021.0
2026-01-21 13:00:00,0.00633,0.00637,0.00625,0.00627,22968379.0
2026-01-21 14:00:00,0.00627,0.00647,0.00625,0.00645,42853316.0
2026-01-21 15:00:00,0.00645,0.00652,0.00642,0.00651,41881017.0
2026-01-21 16:00:00,0.00651,0.00653,0.00623,0.00625,31989054.0
2026-01-21 17:00:00,0.00625,0.00633,0.00619,0.00628,61626346.0
2026-01-21 18:00:00,0.00628,0.00637,0.00625,0.00635,35106814.0
2026-01-21 19:00:00,0.00635,0.00666,0.00631,0.00666,80999536.0
2026-01-21 20:00:00,0.00665,0.00668,0.00655,0.00666,46547104.0
2026-01-21 21:00:00,0.00667,0.00669,0.00663,0.00666,20245605.0
2026-01-21 22:00:00,0.00665,0.00668,0.00656,0.00659,19551288.0
2026-01-21 23:00:00,0.00659,0.0066,0.00647,0.00649,26553476.0
2026-01-22 00:00:00,0.0065,0.0066,0.00649,0.00656,15673925.0
2026-01-22 01:00:00,0.00657,0.00674,0.00655,0.00672,54387919.0
2026-01-22 02:00:00,0.00672,0.00675,0.00668,0.00669,35689378.0
2026-01-22 03:00:00,0.00669,0.00672,0.00662,0.00667,15163180.0
2026-01-22 04:00:00,0.00666,0.00678,0.00666,0.00674,39216722.0
2026-01-22 05:00:00,0.00674,0.00685,0.00666,0.00668,59579646.0
2026-01-22 06:00:00,0.00668,0.00669,0.00657,0.0066,33749255.0
2026-01-22 07:00:00,0.0066,0.00662,0.00653,0.00657,18744519.0
2026-01-22 08:00:00,0.00658,0.0066,0.00652,0.00658,20903684.0
2026-01-22 09:00:00,0.00658,0.00663,0.00657,0.00661,16884419.0
2026-01-22 10:00:00,0.00661,0.00662,0.00655,0.00655,22639974.0
2026-01-22 11:00:00,0.00655,0.00655,0.00649,0.00651,8340808.0
2026-01-22 12:00:00,0.00651,0.00652,0.00647,0.00647,13355197.0
2026-01-22 13:00:00,0.00647,0.00652,0.00643,0.00646,20483609.0
2026-01-22 14:00:00,0.00645,0.00646,0.00633,0.00635,37560333.0
2026-01-22 15:00:00,0.00635,0.00642,0.00628,0.00637,25598243.0
2026-01-22 16:00:00,0.00636,0.00647,0.00636,0.00645,16457287.0
2026-01-22 17:00:00,0.00645,0.00646,0.00638,0.00645,12781455.0
2026-01-22 18:00:00,0.00644,0.00645,0.00637,0.00638,12689246.0
2026-01-22 19:00:00,0.00637,0.00639,0.0063,0.00635,73548195.0
2026-01-22 20:00:00,0.00634,0.00635,0.00627,0.0063,27438668.0
2026-01-22 21:00:00,0.00631,0.00634,0.00629,0.00632,10905139.0
2026-01-22 22:00:00,0.00632,0.00636,0.00629,0.00631,19083128.0
2026-01-22 23:00:00,0.0063,0.00636,0.00627,0.00635,20490671.0
2026-01-23 00:00:00,0.00636,0.00643,0.00632,0.0064,50713220.0
2026-01-23 01:00:00,0.0064,0.00652,0.0064,0.00651,27531080.0
2026-01-23 02:00:00,0.00652,0.00653,0.00646,0.00647,24120600.0
2026-01-23 03:00:00,0.00646,0.00658,0.00644,0.00652,33692413.0
2026-01-23 04:00:00,0.00651,0.00665,0.00651,0.00662,37172138.0
2026-01-23 05:00:00,0.00661,0.00661,0.0065,0.00653,37631204.0
2026-01-23 06:00:00,0.00652,0.00655,0.00646,0.00648,17589160.0
2026-01-23 07:00:00,0.00648,0.0065,0.00646,0.00648,9042688.0
2026-01-23 08:00:00,0.00647,0.0065,0.00641,0.00642,21271472.0
2026-01-23 09:00:00,0.00642,0.00647,0.00641,0.00644,11965497.0
2026-01-23 10:00:00,0.00644,0.00646,0.00639,0.00641,13900642.0
2026-01-23 11:00:00,0.0064,0.00644,0.0064,0.00642,11800454.0
2026-01-23 12:00:00,0.00643,0.00644,0.0064,0.00641,11567106.0
2026-01-23 13:00:00,0.0064,0.00647,0.00639,0.00644,14987888.0
2026-01-23 14:00:00,0.00643,0.00644,0.00625,0.00632,85190709.0
2026-01-23 15:00:00,0.00633,0.00646,0.00628,0.00643,51750377.0
2026-01-23 16:00:00,0.00643,0.00648,0.00634,0.00644,54758339.0
2026-01-23 17:00:00,0.00644,0.00659,0.00638,0.00648,56546153.0
2026-01-23 18:00:00,0.00648,0.00654,0.00646,0.00649,33843422.0
2026-01-23 19:00:00,0.00648,0.00648,0.00633,0.00636,36679655.0
2026-01-23 20:00:00,0.00636,0.00638,0.00627,0.0063,40572815.0
2026-01-23 21:00:00,0.00631,0.00636,0.0063,0.00632,17163349.0
2026-01-23 22:00:00,0.00632,0.00639,0.00631,0.00639,18383199.0
2026-01-23 23:00:00,0.00638,0.00638,0.00633,0.00637,6927152.0
2026-01-24 00:00:00,0.00637,0.00639,0.00632,0.00632,19327596.0
2026-01-24 01:00:00,0.00632,0.00635,0.00629,0.00633,12311920.0
2026-01-24 02:00:00,0.00634,0.00635,0.00631,0.00632,10849626.0
2026-01-24 03:00:00,0.00632,0.00636,0.00631,0.00632,17101101.0
2026-01-24 04:00:00,0.00632,0.00633,0.0063,0.00631,8961016.0
2026-01-24 05:00:00,0.00632,0.00632,0.00629,0.00632,9755632.0
2026-01-24 06:00:00,0.00632,0.00637,0.00632,0.00636,10225761.0
2026-01-24 07:00:00,0.00636,0.00637,0.00633,0.00633,13829465.0
2026-01-24 08:00:00,0.00634,0.00639,0.00633,0.00638,11512189.0
2026-01-24 09:00:00,0.00638,0.00638,0.00631,0.00632,10227144.0
2026-01-24 10:00:00,0.00632,0.00636,0.00631,0.00635,10838734.0
2026-01-24 11:00:00,0.00635,0.00636,0.00633,0.00636,5162799.0
2026-01-24 12:00:00,0.00637,0.00638,0.00635,0.00636,9343877.0
2026-01-24 13:00:00,0.00636,0.00637,0.00629,0.00629,21325300.0
2026-01-24 14:00:00,0.00629,0.00634,0.00626,0.00631,28371483.0
2026-01-24 15:00:00,0.00632,0.00634,0.00624,0.00625,24090579.0
2026-01-24 16:00:00,0.00624,0.00628,0.0062,0.00626,26222272.0
2026-01-24 17:00:00,0.00626,0.00628,0.00623,0.00625,15501398.0
2026-01-24 18:00:00,0.00626,0.00627,0.00622,0.00623,13146005.0
2026-01-24 19:00:00,0.00623,0.00624,0.0062,0.00621,28961654.0
2026-01-24 20:00:00,0.00621,0.00624,0.0062,0.00622,23421982.0
2026-01-24 21:00:00,0.00621,0.00624,0.0062,0.00622,9721362.0
2026-01-24 22:00:00,0.00622,0.00625,0.0062,0.00623,14571181.0
2026-01-24 23:00:00,0.00623,0.00625,0.00622,0.00622,11339128.0
2026-01-25 00:00:00,0.00623,0.00625,0.0062,0.00622,20296830.0
2026-01-25 01:00:00,0.00623,0.00623,0.00615,0.00618,24148763.0
2026-01-25 02:00:00,0.00617,0.00623,0.00616,0.00619,16733597.0
2026-01-25 03:00:00,0.00619,0.00621,0.00613,0.00615,11558829.0
2026-01-25 04:00:00,0.00614,0.00619,0.00611,0.00616,19702720.0
2026-01-25 05:00:00,0.00616,0.00617,0.00613,0.00617,4926671.0
2026-01-25 06:00:00,0.00616,0.00617,0.00614,0.00614,15752239.0
2026-01-25 07:00:00,0.00614,0.00616,0.00611,0.00614,12263774.0
2026-01-25 08:00:00,0.00614,0.00617,0.0061,0.00614,22458591.0
2026-01-25 09:00:00,0.00614,0.00623,0.00613,0.0062,17644657.0
2026-01-25 10:00:00,0.0062,0.00625,0.0062,0.00621,19192190.0
2026-01-25 11:00:00,0.00621,0.00621,0.00615,0.00616,11229585.0
2026-01-25 12:00:00,0.00616,0.00616,0.00609,0.00613,25243641.0
2026-01-25 13:00:00,0.00613,0.00617,0.00611,0.00614,30709800.0
2026-01-25 14:00:00,0.00614,0.00615,0.00605,0.0061,35108992.0
2026-01-25 15:00:00,0.00609,0.00613,0.00607,0.00609,23935449.0
2026-01-25 16:00:00,0.00608,0.00608,0.00594,0.006,68910853.0
2026-01-25 17:00:00,0.00601,0.00602,0.00597,0.00598,19393528.0
2026-01-25 18:00:00,0.00597,0.00599,0.00587,0.00593,55587318.0
2026-01-25 19:00:00,0.00592,0.00595,0.00575,0.00579,73496945.0
2026-01-25 20:00:00,0.00578,0.00587,0.00577,0.00586,40627039.0
2026-01-25 21:00:00,0.00586,0.00592,0.00586,0.00589,31144392.0
2026-01-25 22:00:00,0.00589,0.00591,0.00586,0.00588,9797892.0
2026-01-25 23:00:00,0.00589,0.00595,0.00586,0.00594,15666097.0
2026-01-26 00:00:00,0.00595,0.006,0.00591,0.00597,20249097.0
2026-01-26 01:00:00,0.00598,0.00608,0.00598,0.00606,29190791.0
2026-01-26 02:00:00,0.00607,0.00607,0.00602,0.00604,14456037.0
2026-01-26 03:00:00,0.00605,0.00608,0.00598,0.006,11379895.0
2026-01-26 04:00:00,0.006,0.00607,0.006,0.00604,10710582.0
2026-01-26 05:00:00,0.00604,0.00605,0.00601,0.00603,10548473.0
2026-01-26 06:00:00,0.00603,0.00614,0.00602,0.00613,25243870.0
2026-01-26 07:00:00,0.00614,0.00617,0.0061,0.00612,31581961.0
2026-01-26 08:00:00,0.00612,0.00618,0.0061,0.00611,18701430.0
2026-01-26 09:00:00,0.00611,0.00611,0.00604,0.00605,16953079.0
2026-01-26 10:00:00,0.00606,0.0061,0.00606,0.00608,11423848.0
2026-01-26 11:00:00,0.00608,0.0061,0.00606,0.00607,6906810.0
2026-01-26 12:00:00,0.00608,0.0061,0.00605,0.00607,5477542.0
2026-01-26 13:00:00,0.00607,0.0061,0.00607,0.00608,6953334.0
2026-01-26 14:00:00,0.00608,0.00616,0.00603,0.0061,30449024.0
2026-01-26 15:00:00,0.00611,0.00617,0.00603,0.00609,28424304.0
2026-01-26 16:00:00,0.00609,0.00612,0.00604,0.00607,24747256.0
2026-01-26 17:00:00,0.00607,0.0061,0.00601,0.00609,21341169.0
2026-01-26 18:00:00,0.00609,0.00613,0.00607,0.0061,20919197.0
2026-01-26 19:00:00,0.0061,0.00613,0.00606,0.00607,7874415.0
2026-01-26 20:00:00,0.00606,0.00608,0.00601,0.00602,12600557.0
2026-01-26 21:00:00,0.00602,0.00613,0.00601,0.0061,16260638.0
2026-01-26 22:00:00,0.0061,0.00612,0.00607,0.00607,11588532.0
2026-01-26 23:00:00,0.00607,0.0061,0.00604,0.00605,10463344.0
2026-01-27 00:00:00,0.00605,0.00609,0.00604,0.00608,8845176.0
2026-01-27 01:00:00,0.00607,0.00612,0.00604,0.0061,14375975.0
2026-01-27 02:00:00,0.00611,0.00613,0.00608,0.00608,12251100.0
2026-01-27 03:00:00,0.00608,0.00609,0.00603,0.00604,14702718.0
2026-01-27 04:00:00,0.00604,0.00607,0.00601,0.00604,12552104.0
2026-01-27 05:00:00,0.00604,0.00604,0.00602,0.00604,6471429.0
2026-01-27 06:00:00,0.00604,0.00604,0.00601,0.00601,5860308.0
2026-01-27 07:00:00,0.00602,0.00605,0.00601,0.00604,8051687.0
2026-01-27 08:00:00,0.00604,0.00605,0.00599,0.00602,13565305.0
2026-01-27 09:00:00,0.00602,0.00603,0.00597,0.00598,16231344.0
2026-01-27 10:00:00,0.00598,0.00602,0.00598,0.006,8126033.0
2026-01-27 11:00:00,0.00601,0.00603,0.006,0.00601,9441669.0
2026-01-27 12:00:00,0.006,0.00601,0.00596,0.00598,5280088.0
2026-01-27 13:00:00,0.00598,0.00599,0.00594,0.00595,11134301.0
2026-01-27 14:00:00,0.00595,0.00602,0.00593,0.00594,24041282.0
2026-01-27 15:00:00,0.00594,0.00604,0.00593,0.00604,9708243.0
2026-01-27 16:00:00,0.00604,0.00614,0.00602,0.0061,35901872.0
2026-01-27 17:00:00,0.0061,0.0061,0.00593,0.00596,36454035.0
2026-01-27 18:00:00,0.00596,0.00609,0.00596,0.00606,10127743.0
2026-01-27 19:00:00,0.00606,0.00611,0.00604,0.00609,8784717.0
2026-01-27 20:00:00,0.0061,0.00617,0.0061,0.00614,19489351.0
2026-01-27 21:00:00,0.00615,0.00616,0.00607,0.00607,14091496.0
2026-01-27 22:00:00,0.00608,0.00613,0.00607,0.0061,12460457.0
2026-01-27 23:00:00,0.00609,0.0061,0.00606,0.00607,17684221.0
2026-01-28 00:00:00,0.00608,0.0061,0.00602,0.00606,9103533.0
2026-01-28 01:00:00,0.00606,0.00606,0.006,0.00602,10835719.0
2026-01-28 02:00:00,0.00602,0.00606,0.00601,0.00606,21624191.0
2026-01-28 03:00:00,0.00606,0.00608,0.00602,0.00603,19264328.0
2026-01-28 04:00:00,0.00602,0.00603,0.00598,0.006,12232164.0
2026-01-28 05:00:00,0.006,0.00605,0.00598,0.00604,8592305.0
2026-01-28 06:00:00,0.00605,0.00607,0.00602,0.00606,13118630.0
2026-01-28 07:00:00,0.00606,0.00606,0.006,0.00602,12531067.0
2026-01-28 08:00:00,0.00601,0.00603,0.00598,0.00598,11514747.0
2026-01-28 09:00:00,0.00599,0.00606,0.00597,0.00605,7415472.0
2026-01-28 10:00:00,0.00606,0.00608,0.006,0.006,31998107.0
2026-01-28 11:00:00,0.00601,0.00606,0.00599,0.00605,16408248.0
2026-01-28 12:00:00,0.00605,0.00605,0.00597,0.006,17075483.0
2026-01-28 13:00:00,0.00599,0.00603,0.00597,0.00599,13077253.0
2026-01-28 14:00:00,0.00598,0.00601,0.00593,0.00598,11914666.0
2026-01-28 15:00:00,0.00597,0.006,0.0059,0.00593,27734836.0
2026-01-28 16:00:00,0.00593,0.00594,0.00589,0.00591,21513996.0
2026-01-28 17:00:00,0.00591,0.00597,0.00587,0.00594,36431812.0
2026-01-28 18:00:00,0.00593,0.00594,0.00588,0.00592,18404332.0
2026-01-28 19:00:00,0.00591,0.00595,0.00587,0.00594,41986656.0
2026-01-28 20:00:00,0.00593,0.00601,0.00591,0.00594,18908279.0
2026-01-28 21:00:00,0.00594,0.00601,0.00589,0.00598,41741338.0
2026-01-28 22:00:00,0.00598,0.00603,0.00593,0.00603,27274270.0
2026-01-28 23:00:00,0.00603,0.00604,0.00594,0.00595,20579080.0
2026-01-29 00:00:00,0.00595,0.00597,0.00585,0.00589,38059667.0
2026-01-29 01:00:00,0.00588,0.0059,0.00582,0.00585,22990668.0
2026-01-29 02:00:00,0.00585,0.00587,0.00574,0.00578,53759827.0
2026-01-29 03:00:00,0.00577,0.00582,0.00576,0.00576,22119381.0
2026-01-29 04:00:00,0.00576,0.00577,0.00572,0.00574,21885580.0
2026-01-29 05:00:00,0.00574,0.00577,0.00574,0.00574,10809650.0
2026-01-29 06:00:00,0.00574,0.00579,0.00574,0.00578,8225771.0
2026-01-29 07:00:00,0.00578,0.00581,0.00576,0.00576,18905519.0
2026-01-29 08:00:00,0.00576,0.00578,0.00572,0.00574,13454565.0
2026-01-29 09:00:00,0.00574,0.00576,0.00572,0.00574,14509713.0
2026-01-29 10:00:00,0.00573,0.00575,0.0057,0.00572,14125823.0
2026-01-29 11:00:00,0.00571,0.00571,0.00567,0.00569,22390861.0
2026-01-29 12:00:00,0.00569,0.0057,0.00564,0.00567,21303690.0
2026-01-29 13:00:00,0.00567,0.00573,0.00567,0.00573,17726599.0
2026-01-29 14:00:00,0.00573,0.00574,0.00558,0.00558,50004416.0
2026-01-29 15:00:00,0.00559,0.00559,0.00537,0.00552,146909164.0
2026-01-29 16:00:00,0.00551,0.00557,0.00545,0.00556,25516493.0
2026-01-29 17:00:00,0.00556,0.00565,0.00547,0.00548,39414690.0
2026-01-29 18:00:00,0.00548,0.0055,0.00538,0.00538,47427326.0
2026-01-29 19:00:00,0.00539,0.00549,0.00537,0.00546,31787961.0
2026-01-29 20:00:00,0.00545,0.00552,0.00544,0.00551,10286662.0
2026-01-29 21:00:00,0.00552,0.00555,0.00551,0.00553,17874420.0
2026-01-29 22:00:00,0.00554,0.00556,0.00551,0.00552,12973207.0
2026-01-29 23:00:00,0.00552,0.00553,0.00548,0.0055,15352064.0
2026-01-30 00:00:00,0.0055,0.00552,0.00548,0.0055,18262588.0
2026-01-30 01:00:00,0.0055,0.00553,0.00523,0.00544,198166435.0
2026-01-30 02:00:00,0.00543,0.00544,0.00532,0.00539,70037851.0
2026-01-30 03:00:00,0.0054,0.00543,0.00538,0.00539,24933128.0
2026-01-30 04:00:00,0.00539,0.00547,0.00539,0.00542,17884441.0
2026-01-30 05:00:00,0.00542,0.00544,0.00539,0.00541,10857293.0
2026-01-30 06:00:00,0.0054,0.00541,0.0053,0.00534,18683515.0
2026-01-30 07:00:00,0.00534,0.00544,0.00534,0.00541,22300309.0
2026-01-30 08:00:00,0.00542,0.00543,0.00536,0.00539,14593779.0
2026-01-30 09:00:00,0.00539,0.00541,0.00536,0.00539,7337408.0
2026-01-30 10:00:00,0.00539,0.00541,0.00537,0.0054,9407423.0
2026-01-30 11:00:00,0.0054,0.00549,0.00539,0.00546,19192348.0
2026-01-30 12:00:00,0.00546,0.00546,0.00539,0.00541,24102716.0
2026-01-30 13:00:00,0.0054,0.00543,0.00535,0.00537,39786459.0
2026-01-30 14:00:00,0.00537,0.00545,0.00537,0.00539,53683604.0
2026-01-30 15:00:00,0.0054,0.00543,0.00533,0.0054,72824697.0
2026-01-30 16:00:00,0.0054,0.00545,0.00536,0.0054,43040375.0
2026-01-30 17:00:00,0.0054,0.00544,0.00537,0.00539,33458521.0
2026-01-30 18:00:00,0.00539,0.00549,0.00526,0.00546,75057942.0
2026-01-30 19:00:00,0.00547,0.00549,0.00544,0.00544,50126263.0
2026-01-30 20:00:00,0.00543,0.00544,0.00534,0.00536,46002689.0
2026-01-30 21:00:00,0.00537,0.00542,0.00535,0.00539,28674242.0
2026-01-30 22:00:00,0.00539,0.0054,0.00535,0.00539,10905221.0
2026-01-30 23:00:00,0.00539,0.00539,0.00534,0.00538,16842118.0
2026-01-31 00:00:00,0.00538,0.00538,0.00533,0.00535,11327873.0
2026-01-31 01:00:00,0.00535,0.00535,0.0053,0.00534,13985636.0
2026-01-31 02:00:00,0.00534,0.00536,0.00529,0.00533,15929194.0
2026-01-31 03:00:00,0.00533,0.00533,0.0053,0.0053,17499319.0
2026-01-31 04:00:00,0.0053,0.00532,0.00527,0.00529,14472421.0
2026-01-31 05:00:00,0.00529,0.00529,0.00527,0.00528,9090307.0
2026-01-31 06:00:00,0.00528,0.00529,0.0052,0.00524,24864245.0
2026-01-31 07:00:00,0.00524,0.00524,0.00516,0.00523,22109955.0
2026-01-31 08:00:00,0.00523,0.00524,0.00512,0.00519,47531361.0
2026-01-31 09:00:00,0.00518,0.00524,0.00517,0.00519,12534699.0
2026-01-31 10:00:00,0.00519,0.00522,0.00516,0.00519,21634051.0
2026-01-31 11:00:00,0.0052,0.0052,0.00515,0.00518,11527590.0
2026-01-31 12:00:00,0.00518,0.00518,0.00513,0.00514,23140671.0
2026-01-31 13:00:00,0.00514,0.00515,0.00509,0.00512,31932982.0
2026-01-31 14:00:00,0.00512,0.00513,0.00481,0.00492,199744562.0
2026-01-31 15:00:00,0.00493,0.00501,0.00492,0.00492,44030244.0
2026-01-31 16:00:00,0.00493,0.00502,0.00488,0.00489,79340655.0
2026-01-31 17:00:00,0.0049,0.00491,0.00458,0.00469,243914280.0
2026-01-31 18:00:00,0.00469,0.00472,0.00434,0.0046,300530443.0
2026-01-31 19:00:00,0.0046,0.00467,0.00457,0.00464,74593295.0
2026-01-31 20:00:00,0.00464,0.00469,0.00459,0.00467,51890153.0
2026-01-31 21:00:00,0.00467,0.00477,0.00465,0.00474,35397934.0
2026-01-31 22:00:00,0.00474,0.00475,0.0047,0.00473,21609415.0
2026-01-31 23:00:00,0.00472,0.00484,0.00472,0.00483,66751394.0
2026-02-01 00:00:00,0.00484,0.0049,0.00484,0.00486,32081073.0
2026-02-01 01:00:00,0.00487,0.00487,0.0048,0.00485,19865275.0
2026-02-01 02:00:00,0.00485,0.00489,0.00483,0.00489,17025682.0
2026-02-01 03:00:00,0.00488,0.0049,0.00485,0.00486,23601167.0
2026-02-01 04:00:00,0.00487,0.00488,0.00485,0.00486,12212784.0
2026-02-01 05:00:00,0.00486,0.00489,0.00483,0.00484,17600829.0
2026-02-01 06:00:00,0.00485,0.00489,0.00484,0.00485,13101964.0
2026-02-01 07:00:00,0.00485,0.00491,0.00483,0.00486,21606903.0
2026-02-01 08:00:00,0.00486,0.0049,0.00484,0.00486,14244242.0
2026-02-01 09:00:00,0.00486,0.00489,0.00481,0.00487,15262297.0
2026-02-01 10:00:00,0.00488,0.0049,0.00478,0.00479,31919013.0
2026-02-01 11:00:00,0.00479,0.00485,0.00479,0.00482,18689184.0
2026-02-01 12:00:00,0.00481,0.00482,0.00476,0.00479,19045691.0
2026-02-01 13:00:00,0.00479,0.00484,0.00477,0.00479,19473615.0
2026-02-01 14:00:00,0.00479,0.00483,0.00471,0.00478,57275212.0
2026-02-01 15:00:00,0.00478,0.00478,0.00462,0.00469,51773245.0
2026-02-01 16:00:00,0.00469,0.00473,0.00464,0.00469,26884535.0
2026-02-01 17:00:00,0.00469,0.00472,0.00466,0.00471,17400216.0
2026-02-01 18:00:00,0.00471,0.00483,0.00471,0.00477,37117654.0
2026-02-01 19:00:00,0.00477,0.00478,0.00471,0.00473,18818970.0
2026-02-01 20:00:00,0.00473,0.00481,0.00468,0.00475,15106725.0
2026-02-01 21:00:00,0.00475,0.00476,0.00469,0.00471,17244318.0
2026-02-01 22:00:00,0.00471,0.00479,0.0047,0.00475,18863087.0
2026-02-01 23:00:00,0.00474,0.00479,0.00459,0.00469,80160240.0
2026-02-02 00:00:00,0.00469,0.00482,0.00465,0.00478,38112394.0
2026-02-02 01:00:00,0.00479,0.00486,0.00471,0.00479,50189401.0
2026-02-02 02:00:00,0.00479,0.00481,0.00473,0.00474,27696250.0
2026-02-02 03:00:00,0.00474,0.00477,0.00454,0.00474,115645528.0
2026-02-02 04:00:00,0.00474,0.0048,0.00465,0.00469,28483700.0
2026-02-02 05:00:00,0.0047,0.0047,0.00457,0.00462,31038914.0
2026-02-02 06:00:00,0.00462,0.00476,0.00455,0.00468,89795763.0
2026-02-02 07:00:00,0.00468,0.00472,0.00465,0.00466,35038915.0
2026-02-02 08:00:00,0.00466,0.00471,0.00466,0.00469,27994093.0
2026-02-02 09:00:00,0.00469,0.00477,0.00466,0.00474,47284612.0
2026-02-02 10:00:00,0.00473,0.00476,0.00473,0.00475,24509399.0
2026-02-02 11:00:00,0.00475,0.00478,0.00473,0.00473,17978607.0
2026-02-02 12:00:00,0.00474,0.00479,0.00473,0.00477,23651152.0
2026-02-02 13:00:00,0.00477,0.0048,0.00476,0.00479,37008307.0
2026-02-02 14:00:00,0.00479,0.00487,0.00475,0.00483,62206799.0
2026-02-02 15:00:00,0.00483,0.00494,0.00481,0.00489,63469281.0
2026-02-02 16:00:00,0.00489,0.00491,0.00485,0.00485,60879324.0
2026-02-02 17:00:00,0.00486,0.00489,0.00482,0.00484,20807386.0
2026-02-02 18:00:00,0.00483,0.00487,0.00482,0.00486,12314542.0
2026-02-02 19:00:00,0.00486,0.00487,0.00481,0.00482,22164983.0
2026-02-02 20:00:00,0.00481,0.00484,0.00479,0.00481,17831777.0
2026-02-02 21:00:00,0.00481,0.00485,0.00481,0.00482,23384993.0
2026-02-02 22:00:00,0.00482,0.00485,0.00481,0.00482,52903717.0
2026-02-02 23:00:00,0.00483,0.00483,0.00479,0.0048,9453011.0
2026-02-03 00:00:00,0.0048,0.00481,0.00476,0.00481,18329397.0
2026-02-03 01:00:00,0.0048,0.00481,0.00476,0.00479,9395728.0
2026-02-03 02:00:00,0.00479,0.00479,0.00471,0.00471,12225371.0
2026-02-03 03:00:00,0.00471,0.00481,0.0047,0.00479,18994193.0
2026-02-03 04:00:00,0.0048,0.00483,0.00477,0.00481,16640565.0
2026-02-03 05:00:00,0.00482,0.00482,0.00476,0.00478,10753463.0
2026-02-03 06:00:00,0.00478,0.0048,0.00474,0.00479,16486509.0
2026-02-03 07:00:00,0.00478,0.0048,0.00477,0.00479,9420853.0
2026-02-03 08:00:00,0.00479,0.00482,0.00476,0.00477,15654748.0
2026-02-03 09:00:00,0.00478,0.0048,0.00471,0.00476,37422433.0
2026-02-03 10:00:00,0.00475,0.00479,0.00474,0.00476,20113959.0
2026-02-03 11:00:00,0.00476,0.00479,0.00475,0.00478,18455820.0
2026-02-03 12:00:00,0.00477,0.00483,0.00476,0.00481,24124754.0
2026-02-03 13:00:00,0.00481,0.00483,0.00479,0.00481,19013205.0
2026-02-03 14:00:00,0.00482,0.00483,0.00472,0.00472,41564929.0
2026-02-03 15:00:00,0.00473,0.00484,0.00471,0.00484,56011440.0
2026-02-03 16:00:00,0.00483,0.00483,0.0047,0.00471,56711321.0
2026-02-03 17:00:00,0.0047,0.00472,0.00459,0.0046,38557279.0
2026-02-03 18:00:00,0.0046,0.00462,0.0045,0.00451,90462222.0
2026-02-03 19:00:00,0.00451,0.00478,0.00451,0.00474,92928927.0
2026-02-03 20:00:00,0.00474,0.00496,0.0047,0.0049,191858411.0
2026-02-03 21:00:00,0.00491,0.00494,0.00481,0.00481,44592498.0
2026-02-03 22:00:00,0.00481,0.00482,0.00473,0.00474,33713210.0
2026-02-03 23:00:00,0.00475,0.00475,0.00468,0.00472,37340630.0
2026-02-04 00:00:00,0.00472,0.00478,0.0047,0.00475,16359954.0
2026-02-04 01:00:00,0.00475,0.00482,0.00475,0.00478,13802307.0
2026-02-04 02:00:00,0.00477,0.00478,0.00474,0.00475,17330185.0
2026-02-04 03:00:00,0.00476,0.00483,0.00476,0.0048,24001284.0
2026-02-04 04:00:00,0.0048,0.00481,0.00479,0.00479,13691274.0
2026-02-04 05:00:00,0.00479,0.0048,0.00475,0.00476,13350009.0
2026-02-04 06:00:00,0.00476,0.0048,0.00475,0.00479,10623301.0
2026-02-04 07:00:00,0.00478,0.00481,0.00475,0.00479,16046793.0
2026-02-04 08:00:00,0.00478,0.00481,0.00476,0.00479,11718021.0
2026-02-04 09:00:00,0.00479,0.0048,0.00475,0.00478,29948501.0
2026-02-04 10:00:00,0.00477,0.00479,0.00473,0.00477,47716848.0
2026-02-04 11:00:00,0.00476,0.00478,0.0047,0.00475,38614639.0
2026-02-04 12:00:00,0.00475,0.00477,0.00472,0.00475,13315468.0
2026-02-04 13:00:00,0.00475,0.00476,0.00468,0.00468,22740047.0
2026-02-04 14:00:00,0.00468,0.00472,0.00461,0.00462,48552987.0
2026-02-04 15:00:00,0.00462,0.00469,0.00455,0.00461,44293157.0
2026-02-04 16:00:00,0.00461,0.00465,0.00456,0.00461,76072458.0
2026-02-04 17:00:00,0.00461,0.00466,0.00456,0.00465,80542960.0
2026-02-04 18:00:00,0.00464,0.00473,0.00456,0.00467,117893106.0
2026-02-04 19:00:00,0.00468,0.00476,0.00464,0.00475,41220441.0
2026-02-04 20:00:00,0.00475,0.00476,0.0047,0.00472,21344836.0
2026-02-04 21:00:00,0.00472,0.00473,0.00463,0.00466,30423212.0
2026-02-04 22:00:00,0.00466,0.00474,0.00458,0.00463,28540816.0
2026-02-04 23:00:00,0.00462,0.0047,0.00462,0.00467,27441959.0
2026-02-05 00:00:00,0.00466,0.00467,0.00463,0.00465,11162954.0
2026-02-05 01:00:00,0.00464,0.00471,0.0046,0.00464,32345435.0
2026-02-05 02:00:00,0.00464,0.00468,0.00459,0.00459,39662734.0
2026-02-05 03:00:00,0.0046,0.00463,0.00455,0.00456,40424612.0
2026-02-05 04:00:00,0.00456,0.0046,0.00453,0.00455,31126472.0
2026-02-05 05:00:00,0.00454,0.0046,0.0045,0.00455,33394335.0
2026-02-05 06:00:00,0.00455,0.00455,0.00449,0.0045,20842908.0
2026-02-05 07:00:00,0.00451,0.00457,0.0045,0.00451,42324984.0
2026-02-05 08:00:00,0.00452,0.00458,0.0045,0.00454,49736688.0
2026-02-05 09:00:00,0.00454,0.0046,0.00452,0.00453,20135837.0
2026-02-05 10:00:00,0.00454,0.00454,0.00442,0.00444,32450955.0
2026-02-05 11:00:00,0.00444,0.00447,0.00435,0.00442,72798216.0
2026-02-05 12:00:00,0.00442,0.00444,0.00436,0.0044,46955538.0
2026-02-05 13:00:00,0.00441,0.00444,0.00437,0.00438,32058129.0
2026-02-05 14:00:00,0.00439,0.00449,0.00438,0.00439,46329806.0
2026-02-05 15:00:00,0.00439,0.00441,0.0041,0.00423,221035806.0
2026-02-05 16:00:00,0.00423,0.00429,0.00418,0.00423,79885803.0
2026-02-05 17:00:00,0.00423,0.00426,0.00409,0.00412,101839718.0
2026-02-05 18:00:00,0.00412,0.00415,0.00405,0.00414,70051976.0
2026-02-05 19:00:00,0.00414,0.00415,0.00405,0.00407,34770209.0
2026-02-05 20:00:00,0.00407,0.00411,0.00384,0.00391,218952770.0
2026-02-05 21:00:00,0.00391,0.00402,0.00386,0.00392,94203864.0
2026-02-05 22:00:00,0.00392,0.00401,0.00386,0.00392,61550885.0
2026-02-05 23:00:00,0.00393,0.00402,0.00387,0.00388,68063950.0
2026-02-06 00:00:00,0.00389,0.0039,0.0034,0.00381,783324793.0
2026-02-06 01:00:00,0.00382,0.00392,0.00379,0.00392,120520927.0
2026-02-06 02:00:00,0.00392,0.00395,0.00379,0.00381,58493082.0
2026-02-06 03:00:00,0.00382,0.00386,0.00378,0.00383,36916072.0
2026-02-06 04:00:00,0.00384,0.00388,0.0038,0.00387,48086040.0
2026-02-06 05:00:00,0.00387,0.00398,0.00386,0.00397,53123250.0
2026-02-06 06:00:00,0.00397,0.00399,0.00388,0.0039,56539601.0
2026-02-06 07:00:00,0.00389,0.00393,0.00386,0.00389,45046368.0
2026-02-06 08:00:00,0.00389,0.00393,0.00385,0.00389,48482209.0
2026-02-06 09:00:00,0.00388,0.004,0.00387,0.00398,46122932.0
2026-02-06 10:00:00,0.00398,0.00405,0.00396,0.00404,45316865.0
2026-02-06 11:00:00,0.00404,0.00406,0.00402,0.00405,39149558.0
2026-02-06 12:00:00,0.00405,0.00406,0.00403,0.00405,23635922.0
2026-02-06 13:00:00,0.00406,0.00413,0.00405,0.00411,42516983.0
2026-02-06 14:00:00,0.00411,0.00423,0.00408,0.00421,65505656.0
2026-02-06 15:00:00,0.0042,0.00423,0.00416,0.00421,51149472.0
2026-02-06 16:00:00,0.00421,0.00436,0.0042,0.00433,99687542.0
2026-02-06 17:00:00,0.00433,0.00445,0.00431,0.00439,68302752.0
2026-02-06 18:00:00,0.00438,0.00439,0.00426,0.00428,81670429.0
2026-02-06 19:00:00,0.00429,0.00433,0.00427,0.00432,39148867.0
2026-02-06 20:00:00,0.00432,0.00435,0.00428,0.00429,47428664.0
2026-02-06 21:00:00,0.00429,0.00432,0.00427,0.00431,16061834.0
2026-02-06 22:00:00,0.00431,0.00439,0.00431,0.00437,82352324.0
2026-02-06 23:00:00,0.00437,0.00439,0.00431,0.00433,57202681.0
2026-02-07 00:00:00,0.00433,0.00433,0.00425,0.00427,41183755.0
2026-02-07 01:00:00,0.00427,0.0043,0.00424,0.00429,29178935.0
2026-02-07 02:00:00,0.00429,0.00431,0.00426,0.00429,27822820.0
2026-02-07 03:00:00,0.00429,0.00433,0.00429,0.0043,25008578.0
2026-02-07 04:00:00,0.00431,0.00435,0.00428,0.0043,38104609.0
2026-02-07 05:00:00,0.0043,0.00433,0.00429,0.00429,30278555.0
2026-02-07 06:00:00,0.0043,0.00432,0.00422,0.00422,46228562.0
2026-02-07 07:00:00,0.00423,0.00424,0.00412,0.00416,87326063.0
2026-02-07 08:00:00,0.00415,0.00418,0.00413,0.00417,47623389.0
2026-02-07 09:00:00,0.00417,0.00419,0.00414,0.00415,14773601.0
2026-02-07 10:00:00,0.00415,0.00416,0.00412,0.00414,18431536.0
2026-02-07 11:00:00,0.00415,0.00415,0.00412,0.00414,21610904.0
2026-02-07 12:00:00,0.00414,0.0043,0.00414,0.00425,70029083.0
2026-02-07 13:00:00,0.00426,0.00427,0.0042,0.00423,29449992.0
2026-02-07 14:00:00,0.00424,0.00425,0.00418,0.00419,32418826.0
2026-02-07 15:00:00,0.00419,0.00428,0.00419,0.00426,31748686.0
2026-02-07 16:00:00,0.00425,0.00437,0.00424,0.00427,434427137.0
2026-02-07 17:00:00,0.00427,0.0043,0.00425,0.00428,27377087.0
2026-02-07 18:00:00,0.00428,0.00435,0.00427,0.00432,46979638.0
2026-02-07 19:00:00,0.00432,0.00432,0.00428,0.00428,14070953.0
2026-02-07 20:00:00,0.00428,0.00431,0.00427,0.0043,9869578.0
2026-02-07 21:00:00,0.0043,0.00431,0.00425,0.00426,34119165.0
2026-02-07 22:00:00,0.00427,0.00429,0.00425,0.00425,19328024.0
2026-02-07 23:00:00,0.00425,0.00426,0.00422,0.00425,12737178.0
2026-02-08 00:00:00,0.00426,0.00426,0.00421,0.00423,11721560.0
2026-02-08 01:00:00,0.00423,0.00425,0.00422,0.00423,12210526.0
2026-02-08 02:00:00,0.00423,0.00424,0.0042,0.00422,15100687.0
2026-02-08 03:00:00,0.00422,0.00422,0.00417,0.00418,20795111.0
2026-02-08 04:00:00,0.00418,0.00421,0.00417,0.00419,8324880.0
2026-02-08 05:00:00,0.0042,0.00421,0.00418,0.00419,6553086.0
2026-02-08 06:00:00,0.00418,0.0042,0.00416,0.00417,10300957.0
2026-02-08 07:00:00,0.00417,0.00418,0.00414,0.00417,11085229.0
2026-02-08 08:00:00,0.00417,0.00422,0.00416,0.00421,41636915.0
2026-02-08 09:00:00,0.00421,0.00423,0.00416,0.00418,21120549.0
2026-02-08 10:00:00,0.00418,0.0042,0.00414,0.00416,21023956.0
2026-02-08 11:00:00,0.00416,0.00422,0.00416,0.00422,18791983.0
2026-02-08 12:00:00,0.00422,0.00422,0.00419,0.00421,19158725.0
2026-02-08 13:00:00,0.00421,0.00422,0.00419,0.00422,21845512.0
2026-02-08 14:00:00,0.00422,0.00423,0.00419,0.00421,11863910.0
2026-02-08 15:00:00,0.00421,0.00422,0.00415,0.00416,35308868.0
2026-02-08 16:00:00,0.00417,0.00417,0.00408,0.0041,46510299.0
2026-02-08 17:00:00,0.0041,0.00414,0.00409,0.00413,25297044.0
2026-02-08 18:00:00,0.00413,0.00416,0.00411,0.00414,43768609.0
2026-02-08 19:00:00,0.00414,0.00415,0.00413,0.00414,9828104.0
2026-02-08 20:00:00,0.00414,0.00414,0.00409,0.0041,12296524.0
2026-02-08 21:00:00,0.0041,0.00411,0.00406,0.00407,13026322.0
2026-02-08 22:00:00,0.00408,0.00409,0.00405,0.00407,17425763.0
2026-02-08 23:00:00,0.00408,0.00416,0.00403,0.00407,49169495.0
2026-02-09 00:00:00,0.00406,0.00408,0.00403,0.00405,11891583.0
2026-02-09 01:00:00,0.00406,0.0041,0.00405,0.00408,33257216.0
2026-02-09 02:00:00,0.00408,0.00413,0.00406,0.00411,18912121.0
2026-02-09 03:00:00,0.00411,0.00418,0.00411,0.00417,27011234.0
2026-02-09 04:00:00,0.00416,0.00416,0.00414,0.00414,22142130.0
2026-02-09 05:00:00,0.00414,0.00417,0.00413,0.00416,19432526.0
2026-02-09 06:00:00,0.00416,0.00416,0.0041,0.00413,13470400.0
2026-02-09 07:00:00,0.00413,0.00414,0.00411,0.00411,9861369.0
2026-02-09 08:00:00,0.00411,0.00412,0.00404,0.00406,33808526.0
2026-02-09 09:00:00,0.00406,0.00407,0.00402,0.00403,21508643.0
2026-02-09 10:00:00,0.00404,0.00404,0.00397,0.00398,27327165.0
2026-02-09 11:00:00,0.00399,0.00403,0.00399,0.004,25594696.0
2026-02-09 12:00:00,0.00401,0.00403,0.004,0.00401,9978612.0
2026-02-09 13:00:00,0.00401,0.00403,0.00399,0.00399,25415065.0
2026-02-09 14:00:00,0.00399,0.00406,0.00398,0.00404,57635581.0
2026-02-09 15:00:00,0.00405,0.00408,0.004,0.00406,36151672.0
2026-02-09 16:00:00,0.00405,0.00412,0.00403,0.00408,27398070.0
2026-02-09 17:00:00,0.00408,0.00414,0.00405,0.00413,51683602.0
2026-02-09 18:00:00,0.00413,0.00414,0.00408,0.00409,32097115.0
2026-02-09 19:00:00,0.0041,0.00412,0.00408,0.00412,9989453.0
2026-02-09 20:00:00,0.00412,0.00412,0.00407,0.00411,23605072.0
2026-02-09 21:00:00,0.00411,0.00412,0.00406,0.00411,46325268.0
2026-02-09 22:00:00,0.00411,0.00413,0.0041,0.00412,20542178.0
2026-02-09 23:00:00,0.00411,0.00413,0.0041,0.00411,18208760.0
2026-02-10 00:00:00,0.00411,0.00413,0.0041,0.00412,18700558.0
2026-02-10 01:00:00,0.00412,0.00415,0.00411,0.00412,23687929.0
2026-02-10 02:00:00,0.00412,0.00413,0.0041,0.00412,19261536.0
2026-02-10 03:00:00,0.00412,0.00412,0.00403,0.00405,38416497.0
2026-02-10 04:00:00,0.00406,0.00409,0.00406,0.00408,14954225.0
2026-02-10 05:00:00,0.00409,0.00409,0.00403,0.00404,20048744.0
2026-02-10 06:00:00,0.00403,0.00404,0.00396,0.00398,33863276.0
2026-02-10 07:00:00,0.00398,0.00401,0.00398,0.00399,9719346.0
2026-02-10 08:00:00,0.004,0.00403,0.00399,0.00402,18465988.0
2026-02-10 09:00:00,0.00402,0.00404,0.004,0.00401,17861240.0
2026-02-10 10:00:00,0.00402,0.00402,0.00399,0.00399,15375988.0
2026-02-10 11:00:00,0.004,0.00402,0.00399,0.00399,19301194.0
2026-02-10 12:00:00,0.00399,0.00402,0.00398,0.004,20599338.0
2026-02-10 13:00:00,0.004,0.00403,0.00399,0.00401,26878796.0
2026-02-10 14:00:00,0.00401,0.00404,0.00399,0.00401,43596262.0
2026-02-10 15:00:00,0.00401,0.00405,0.00399,0.00403,39654364.0
2026-02-10 16:00:00,0.00403,0.00405,0.004,0.00403,38905859.0
2026-02-10 17:00:00,0.00403,0.00404,0.004,0.00401,21401514.0
2026-02-10 18:00:00,0.00402,0.00402,0.00393,0.00396,54047806.0
2026-02-10 19:00:00,0.00396,0.00399,0.00395,0.00398,35697098.0
2026-02-10 20:00:00,0.00398,0.00398,0.00395,0.00396,15883984.0
2026-02-10 21:00:00,0.00396,0.00398,0.00394,0.00396,15090703.0
2026-02-10 22:00:00,0.00397,0.00399,0.00396,0.00397,6885167.0
2026-02-10 23:00:00,0.00397,0.00398,0.00396,0.00397,6456611.0
2026-02-11 00:00:00,0.00396,0.00398,0.00395,0.00397,19082482.0
2026-02-11 01:00:00,0.00397,0.00399,0.00396,0.00398,16691835.0
2026-02-11 02:00:00,0.00398,0.004,0.00396,0.00397,8214286.0
2026-02-11 03:00:00,0.00397,0.00398,0.00392,0.00395,52672597.0
2026-02-11 04:00:00,0.00395,0.00396,0.0039,0.00391,54905189.0
2026-02-11 05:00:00,0.00391,0.00393,0.00388,0.0039,27185799.0
2026-02-11 06:00:00,0.0039,0.00391,0.00384,0.00385,58226105.0
2026-02-11 07:00:00,0.00384,0.00386,0.00383,0.00384,45819646.0
2026-02-11 08:00:00,0.00384,0.00386,0.00383,0.00386,20182268.0
2026-02-11 09:00:00,0.00386,0.00387,0.00384,0.00386,18081693.0
2026-02-11 10:00:00,0.00386,0.00387,0.00382,0.00384,28181002.0
2026-02-11 11:00:00,0.00384,0.00388,0.00383,0.00387,22438294.0
2026-02-11 12:00:00,0.00387,0.00391,0.00386,0.00388,39267864.0
2026-02-11 13:00:00,0.00389,0.00393,0.00387,0.00393,50366378.0
2026-02-11 14:00:00,0.00393,0.00407,0.00387,0.00388,123020444.0
2026-02-11 15:00:00,0.00388,0.0039,0.00382,0.00386,91883563.0
2026-02-11 16:00:00,0.00386,0.00392,0.00384,0.00384,56270232.0
2026-02-11 17:00:00,0.00384,0.00391,0.00382,0.00387,35369998.0
2026-02-11 18:00:00,0.00387,0.00392,0.00384,0.00391,42896521.0
2026-02-11 19:00:00,0.00391,0.00392,0.00387,0.00388,46422172.0
2026-02-11 20:00:00,0.00388,0.00391,0.00385,0.0039,62273230.0
2026-02-11 21:00:00,0.0039,0.00396,0.00389,0.00393,47196218.0
2026-02-11 22:00:00,0.00393,0.00395,0.00389,0.0039,36439013.0
2026-02-11 23:00:00,0.00389,0.00391,0.00385,0.00388,30713133.0
2026-02-12 00:00:00,0.00389,0.00393,0.00388,0.00392,41496210.0
2026-02-12 01:00:00,0.00392,0.00396,0.00391,0.00391,47701210.0
2026-02-12 02:00:00,0.00391,0.00393,0.0039,0.00391,21321730.0
2026-02-12 03:00:00,0.00392,0.00395,0.00391,0.00395,16246207.0
2026-02-12 04:00:00,0.00394,0.00398,0.00393,0.00396,25303736.0
2026-02-12 05:00:00,0.00396,0.00398,0.00394,0.00398,30141075.0
2026-02-12 06:00:00,0.00398,0.00402,0.00396,0.00399,35513075.0
2026-02-12 07:00:00,0.004,0.00402,0.00398,0.00401,14911554.0
2026-02-12 08:00:00,0.00401,0.00402,0.00399,0.00401,19628264.0
2026-02-12 09:00:00,0.00401,0.00403,0.00399,0.00402,28519147.0
2026-02-12 10:00:00,0.00402,0.00407,0.00401,0.00406,13905830.0
2026-02-12 11:00:00,0.00407,0.00407,0.00403,0.00405,24409813.0
2026-02-12 12:00:00,0.00405,0.00405,0.00399,0.004,29477989.0
2026-02-12 13:00:00,0.00401,0.00403,0.00397,0.00402,48583759.0
2026-02-12 14:00:00,0.00402,0.00403,0.00398,0.00399,36916292.0
2026-02-12 15:00:00,0.004,0.00403,0.00396,0.00397,48567191.0
2026-02-12 16:00:00,0.00397,0.00399,0.0039,0.00393,70594545.0
2026-02-12 17:00:00,0.00393,0.00397,0.00392,0.00393,28272865.0
2026-02-12 18:00:00,0.00393,0.00396,0.00392,0.00395,35394561.0
2026-02-12 19:00:00,0.00395,0.00401,0.00393,0.00397,29980669.0
2026-02-12 20:00:00,0.00396,0.00397,0.00391,0.00392,38468374.0
2026-02-12 21:00:00,0.00391,0.00394,0.00391,0.00393,24376109.0
2026-02-12 22:00:00,0.00393,0.00398,0.00391,0.00398,17779522.0
2026-02-12 23:00:00,0.00398,0.004,0.00397,0.004,12820015.0
2026-02-13 00:00:00,0.00399,0.004,0.00393,0.00394,12111248.0
2026-02-13 01:00:00,0.00395,0.00396,0.00393,0.00394,15665524.0
2026-02-13 02:00:00,0.00394,0.00394,0.00391,0.00393,19745914.0
2026-02-13 03:00:00,0.00392,0.00393,0.0039,0.00391,18968811.0
2026-02-13 04:00:00,0.00391,0.00391,0.00388,0.00389,13606150.0
2026-02-13 05:00:00,0.00389,0.00389,0.00386,0.00387,11995196.0
2026-02-13 06:00:00,0.00387,0.0039,0.00385,0.0039,14096342.0
2026-02-13 07:00:00,0.00389,0.00392,0.00388,0.00389,24536122.0
2026-02-13 08:00:00,0.0039,0.00393,0.00389,0.00391,19373692.0
2026-02-13 09:00:00,0.00391,0.00394,0.0039,0.00393,18256551.0
2026-02-13 10:00:00,0.00393,0.00396,0.00393,0.00396,29108643.0
2026-02-13 11:00:00,0.00395,0.00397,0.00394,0.00397,16330659.0
2026-02-13 12:00:00,0.00396,0.00396,0.00393,0.00394,13274451.0
2026-02-13 13:00:00,0.00394,0.004,0.00393,0.004,49262319.0
2026-02-13 14:00:00,0.00399,0.00404,0.00396,0.004,59368449.0
2026-02-13 15:00:00,0.004,0.0041,0.004,0.00404,119923240.0
2026-02-13 16:00:00,0.00404,0.0041,0.00403,0.0041,57045611.0
2026-02-13 17:00:00,0.00409,0.00411,0.00407,0.00409,36016423.0
2026-02-13 18:00:00,0.00408,0.00409,0.00406,0.00408,23586618.0
2026-02-13 19:00:00,0.00407,0.00409,0.00406,0.00407,12901472.0
2026-02-13 20:00:00,0.00407,0.00409,0.00406,0.00408,18396485.0
2026-02-13 21:00:00,0.00408,0.00411,0.00408,0.0041,21273667.0
2026-02-13 22:00:00,0.0041,0.00412,0.00408,0.00409,15023064.0
2026-02-13 23:00:00,0.00409,0.0041,0.00408,0.0041,10360387.0
2026-02-14 00:00:00,0.00409,0.00413,0.00409,0.00412,20560554.0
2026-02-14 01:00:00,0.00412,0.00413,0.0041,0.00412,14020076.0
2026-02-14 02:00:00,0.00413,0.00414,0.00412,0.00413,9245697.0
2026-02-14 03:00:00,0.00413,0.00417,0.00413,0.00416,16527424.0
2026-02-14 04:00:00,0.00415,0.00415,0.00413,0.00414,8895040.0
2026-02-14 05:00:00,0.00414,0.00416,0.00412,0.00413,9051666.0
2026-02-14 06:00:00,0.00413,0.00414,0.00411,0.00413,9449576.0
2026-02-14 07:00:00,0.00414,0.00416,0.00413,0.00414,15616043.0
2026-02-14 08:00:00,0.00414,0.00418,0.00413,0.00418,34101765.0
2026-02-14 09:00:00,0.00417,0.00419,0.00417,0.00418,12776956.0
2026-02-14 10:00:00,0.00418,0.00419,0.00416,0.00418,21659289.0
2026-02-14 11:00:00,0.00417,0.00424,0.00417,0.00422,28951356.0
2026-02-14 12:00:00,0.00422,0.00425,0.0042,0.00421,44488525.0
2026-02-14 13:00:00,0.0042,0.00422,0.00418,0.0042,54260159.0
2026-02-14 14:00:00,0.0042,0.00427,0.0042,0.00426,43615041.0
2026-02-14 15:00:00,0.00426,0.00428,0.00424,0.00427,27384949.0
2026-02-14 16:00:00,0.00427,0.0043,0.00424,0.00429,66789573.0
2026-02-14 17:00:00,0.00429,0.00432,0.00428,0.00429,68324639.0
2026-02-14 18:00:00,0.00429,0.00433,0.00428,0.00432,56213428.0
2026-02-14 19:00:00,0.00432,0.00435,0.0043,0.00433,46389450.0
2026-02-14 20:00:00,0.00434,0.00435,0.00428,0.0043,46530464.0
2026-02-14 21:00:00,0.00431,0.00434,0.00427,0.00431,44971930.0
2026-02-14 22:00:00,0.0043,0.00438,0.0043,0.00437,24870608.0
2026-02-14 23:00:00,0.00436,0.00436,0.00432,0.00434,38105301.0
2026-02-15 00:00:00,0.00434,0.00434,0.00429,0.00432,26649076.0
2026-02-15 01:00:00,0.00432,0.00434,0.00428,0.00432,30548747.0
2026-02-15 02:00:00,0.00432,0.00433,0.00427,0.0043,31326259.0
2026-02-15 03:00:00,0.0043,0.00431,0.00423,0.00431,76929384.0
2026-02-15 04:00:00,0.00431,0.00437,0.0043,0.00432,58451623.0
2026-02-15 05:00:00,0.00432,0.00436,0.00431,0.00434,21282191.0
2026-02-15 06:00:00,0.00434,0.00436,0.00432,0.00432,13922495.0
2026-02-15 07:00:00,0.00432,0.00437,0.00432,0.00435,18096168.0
2026-02-15 08:00:00,0.00435,0.00437,0.00427,0.00429,31537328.0
2026-02-15 09:00:00,0.00428,0.00432,0.00427,0.0043,18233950.0
2026-02-15 10:00:00,0.0043,0.00431,0.00424,0.00427,19906156.0
2026-02-15 11:00:00,0.00427,0.00428,0.00425,0.00426,16353861.0
2026-02-15 12:00:00,0.00426,0.00426,0.00413,0.00413,63204443.0
2026-02-15 13:00:00,0.00413,0.00418,0.00408,0.0041,57725903.0
2026-02-15 14:00:00,0.0041,0.00415,0.0041,0.00414,31320161.0
2026-02-15 15:00:00,0.00413,0.00415,0.00412,0.00412,6551531.0
2026-02-15 16:00:00,0.00412,0.00413,0.0041,0.00411,11435582.0
2026-02-15 17:00:00,0.00412,0.00413,0.00403,0.00406,45916087.0
2026-02-15 18:00:00,0.00406,0.00408,0.00402,0.00403,36031995.0
2026-02-15 19:00:00,0.00404,0.00406,0.004,0.00404,28543935.0
2026-02-15 20:00:00,0.00403,0.00406,0.00401,0.00405,14477600.0
2026-02-15 21:00:00,0.00405,0.00406,0.00404,0.00405,11100481.0
2026-02-15 22:00:00,0.00405,0.00407,0.00404,0.00407,8002156.0
2026-02-15 23:00:00,0.00406,0.00408,0.00402,0.00407,11412309.0
2026-02-16 00:00:00,0.00407,0.0041,0.00407,0.00409,10805825.0
2026-02-16 01:00:00,0.00409,0.0041,0.00406,0.00408,6227700.0
2026-02-16 02:00:00,0.00408,0.00409,0.00405,0.00406,11427068.0
2026-02-16 03:00:00,0.00406,0.00408,0.00405,0.00408,12028880.0
2026-02-16 04:00:00,0.00407,0.0041,0.00407,0.0041,11601152.0
2026-02-16 05:00:00,0.0041,0.00411,0.00404,0.00405,10131301.0
2026-02-16 06:00:00,0.00406,0.00409,0.00405,0.00408,5126645.0
2026-02-16 07:00:00,0.00407,0.00409,0.00405,0.00407,11379589.0
2026-02-16 08:00:00,0.00407,0.0041,0.00407,0.00408,4755122.0
2026-02-16 09:00:00,0.00408,0.00412,0.00408,0.00411,10031504.0
2026-02-16 10:00:00,0.00411,0.00411,0.00409,0.00409,6842537.0
2026-02-16 11:00:00,0.00409,0.00411,0.00404,0.0041,29055114.0
2026-02-16 12:00:00,0.00411,0.00419,0.00409,0.00419,40961705.0
2026-02-16 13:00:00,0.00419,0.00421,0.00408,0.0041,45379375.0
2026-02-16 14:00:00,0.00409,0.00413,0.00407,0.0041,14843434.0
2026-02-16 15:00:00,0.00411,0.00413,0.00402,0.00405,52261619.0
2026-02-16 16:00:00,0.00404,0.00409,0.00404,0.00408,22036577.0
2026-02-16 17:00:00,0.00408,0.00409,0.00405,0.00408,18337605.0
2026-02-16 18:00:00,0.00408,0.0041,0.00407,0.00407,15994960.0
2026-02-16 19:00:00,0.00407,0.00411,0.00406,0.0041,11429904.0
2026-02-16 20:00:00,0.0041,0.00414,0.00408,0.00413,19441924.0
2026-02-16 21:00:00,0.00412,0.00417,0.00411,0.00417,42339789.0
2026-02-16 22:00:00,0.00417,0.00417,0.00414,0.00415,12289693.0
2026-02-16 23:00:00,0.00414,0.00415,0.00413,0.00414,5502561.0
2026-02-17 00:00:00,0.00415,0.00415,0.00412,0.00412,16274079.0
2026-02-17 01:00:00,0.00413,0.00414,0.00411,0.00411,5520096.0
2026-02-17 02:00:00,0.00411,0.00415,0.00409,0.00413,12737683.0
2026-02-17 03:00:00,0.00413,0.00413,0.0041,0.00411,7229846.0
2026-02-17 04:00:00,0.0041,0.00411,0.00409,0.00409,16355441.0
2026-02-17 05:00:00,0.00409,0.0041,0.00404,0.00407,28202812.0
2026-02-17 06:00:00,0.00406,0.00409,0.00406,0.00408,6186737.0
2026-02-17 07:00:00,0.00408,0.00408,0.00406,0.00406,12203311.0
2026-02-17 08:00:00,0.00407,0.00408,0.00404,0.00405,13426920.0
2026-02-17 09:00:00,0.00405,0.00406,0.00403,0.00406,7781754.0
2026-02-17 10:00:00,0.00405,0.00406,0.00403,0.00404,29320642.0
2026-02-17 11:00:00,0.00405,0.00408,0.00404,0.00407,16303307.0
2026-02-17 12:00:00,0.00407,0.00409,0.00405,0.00407,22839862.0
2026-02-17 13:00:00,0.00407,0.00411,0.00405,0.00408,20713992.0
2026-02-17 14:00:00,0.00409,0.00411,0.00401,0.00403,46424983.0
2026-02-17 15:00:00,0.00402,0.00408,0.00402,0.00408,43498239.0
2026-02-17 16:00:00,0.00407,0.00413,0.00407,0.00409,49745360.0
2026-02-17 17:00:00,0.00409,0.0041,0.00403,0.00404,56281642.0
2026-02-17 18:00:00,0.00405,0.00412,0.00403,0.0041,41307513.0
2026-02-17 19:00:00,0.0041,0.0041,0.00405,0.00405,39868435.0
2026-02-17 20:00:00,0.00406,0.00407,0.00403,0.00404,19325626.0
2026-02-17 21:00:00,0.00404,0.00407,0.00404,0.00406,5872407.0
2026-02-17 22:00:00,0.00405,0.00406,0.00401,0.00404,34575784.0
2026-02-17 23:00:00,0.00404,0.00405,0.00403,0.00405,15578381.0
2026-02-18 00:00:00,0.00405,0.00405,0.00403,0.00404,16040747.0
2026-02-18 01:00:00,0.00404,0.00404,0.00402,0.00403,27684184.0
2026-02-18 02:00:00,0.00403,0.00407,0.00403,0.00405,11605257.0
2026-02-18 03:00:00,0.00404,0.00408,0.00404,0.00407,18635851.0
2026-02-18 04:00:00,0.00406,0.00407,0.00405,0.00405,8245631.0
2026-02-18 05:00:00,0.00406,0.00406,0.00404,0.00406,6325567.0
2026-02-18 06:00:00,0.00405,0.00407,0.00405,0.00405,8415718.0
2026-02-18 07:00:00,0.00405,0.00409,0.00404,0.00407,12333113.0
2026-02-18 08:00:00,0.00408,0.0041,0.00406,0.00406,6564431.0
2026-02-18 09:00:00,0.00407,0.00407,0.00405,0.00406,9930806.0
2026-02-18 10:00:00,0.00405,0.00406,0.00401,0.00403,28851079.0
2026-02-18 11:00:00,0.00403,0.00403,0.00398,0.004,23994624.0
2026-02-18 12:00:00,0.004,0.00402,0.00399,0.00401,15464924.0
2026-02-18 13:00:00,0.00401,0.00401,0.00397,0.00399,25408451.0
2026-02-18 14:00:00,0.00399,0.00401,0.00396,0.00399,43340476.0
2026-02-18 15:00:00,0.004,0.00407,0.004,0.00402,33719849.0
2026-02-18 16:00:00,0.00402,0.00403,0.00398,0.00398,46598114.0
2026-02-18 17:00:00,0.00398,0.00403,0.00397,0.00398,22299503.0
2026-02-18 18:00:00,0.00397,0.00398,0.00391,0.00391,37362482.0
2026-02-18 19:00:00,0.00391,0.00394,0.00386,0.00389,24201784.0
2026-02-18 20:00:00,0.00389,0.00392,0.00387,0.00388,18688921.0
2026-02-18 21:00:00,0.00388,0.0039,0.00386,0.00388,15905863.0
2026-02-18 22:00:00,0.00388,0.00389,0.00385,0.00389,27003513.0
2026-02-18 23:00:00,0.00388,0.00388,0.00386,0.00388,8634486.0
2026-02-19 00:00:00,0.00387,0.00389,0.00386,0.00386,18468805.0
2026-02-19 01:00:00,0.00387,0.00391,0.00387,0.0039,17232769.0
2026-02-19 02:00:00,0.00391,0.00392,0.00389,0.00391,12692069.0
2026-02-19 03:00:00,0.00391,0.00391,0.00389,0.00391,10597234.0
2026-02-19 04:00:00,0.00391,0.00392,0.00389,0.00389,16310909.0
2026-02-19 05:00:00,0.00389,0.0039,0.00386,0.00388,11091490.0
2026-02-19 06:00:00,0.00388,0.0039,0.00388,0.00389,6411146.0
2026-02-19 07:00:00,0.00389,0.0039,0.00387,0.00389,14883762.0
2026-02-19 08:00:00,0.00389,0.00389,0.00384,0.00384,16912025.0
2026-02-19 09:00:00,0.00384,0.00388,0.00384,0.00385,14356853.0
2026-02-19 10:00:00,0.00385,0.00387,0.00383,0.00385,8223684.0
2026-02-19 11:00:00,0.00384,0.00386,0.00383,0.00383,7043158.0
2026-02-19 12:00:00,0.00383,0.00386,0.00382,0.00384,14251936.0
2026-02-19 13:00:00,0.00384,0.00385,0.00375,0.00378,49233697.0
2026-02-19 14:00:00,0.00377,0.00381,0.00375,0.00378,22460688.0
2026-02-19 15:00:00,0.00378,0.00381,0.00374,0.00375,21497095.0
2026-02-19 16:00:00,0.00375,0.00376,0.00372,0.00374,27008315.0
2026-02-19 17:00:00,0.00374,0.00379,0.00372,0.00373,34927564.0
2026-02-19 18:00:00,0.00373,0.00377,0.00372,0.00376,15871447.0
2026-02-19 19:00:00,0.00376,0.00377,0.00372,0.00375,12591649.0
2026-02-19 20:00:00,0.00375,0.00378,0.00374,0.00377,28009990.0
2026-02-19 21:00:00,0.00377,0.00378,0.00376,0.00376,12552569.0
2026-02-19 22:00:00,0.00377,0.00378,0.00375,0.00376,9931188.0
2026-02-19 23:00:00,0.00376,0.0038,0.00376,0.0038,6071121.0
2026-02-20 00:00:00,0.00379,0.00382,0.00379,0.0038,18409160.0
2026-02-20 01:00:00,0.0038,0.00382,0.0038,0.00382,10550520.0
2026-02-20 02:00:00,0.00383,0.00384,0.00381,0.00382,17378855.0
2026-02-20 03:00:00,0.00382,0.00385,0.00381,0.00383,3992383.0
2026-02-20 04:00:00,0.00383,0.00384,0.0038,0.00382,14747976.0
2026-02-20 05:00:00,0.00383,0.00386,0.00381,0.00383,7568534.0
2026-02-20 06:00:00,0.00384,0.00385,0.00382,0.00385,5874852.0
2026-02-20 07:00:00,0.00385,0.00385,0.00382,0.00384,6179558.0
2026-02-20 08:00:00,0.00384,0.00386,0.00382,0.00384,7547414.0
2026-02-20 09:00:00,0.00385,0.00388,0.00385,0.00387,15813368.0
2026-02-20 10:00:00,0.00386,0.0039,0.00386,0.00388,15207711.0
2026-02-20 11:00:00,0.00388,0.00388,0.00383,0.00384,19839925.0
2026-02-20 12:00:00,0.00384,0.00384,0.00381,0.00382,17941284.0
2026-02-20 13:00:00,0.00382,0.00382,0.00372,0.00374,27801504.0
2026-02-20 14:00:00,0.00375,0.00382,0.00374,0.00379,15991897.0
2026-02-20 15:00:00,0.0038,0.00391,0.00379,0.00391,45505581.0
2026-02-20 16:00:00,0.00391,0.00395,0.00387,0.00392,33110301.0
2026-02-20 17:00:00,0.00391,0.00394,0.00382,0.00393,42355748.0
2026-02-20 18:00:00,0.00393,0.00397,0.0039,0.00394,38422477.0
2026-02-20 19:00:00,0.00394,0.00394,0.0039,0.00392,20354516.0
2026-02-20 20:00:00,0.00391,0.00394,0.0039,0.00391,13820717.0
2026-02-20 21:00:00,0.00391,0.00392,0.0039,0.00392,8756051.0
2026-02-20 22:00:00,0.00392,0.00393,0.00391,0.00393,18263632.0
2026-02-20 23:00:00,0.00393,0.00394,0.00391,0.00391,8196891.0
2026-02-21 00:00:00,0.00392,0.00393,0.0039,0.0039,6936405.0
2026-02-21 01:00:00,0.0039,0.00392,0.0039,0.00392,3731739.0
2026-02-21 02:00:00,0.00391,0.00396,0.00391,0.00396,16788482.0
2026-02-21 03:00:00,0.00396,0.00396,0.00393,0.00396,7085163.0
2026-02-21 04:00:00,0.00396,0.00396,0.00394,0.00395,2730791.0
2026-02-21 05:00:00,0.00396,0.00398,0.00395,0.00395,10175291.0
2026-02-21 06:00:00,0.00395,0.00396,0.00391,0.00392,10877150.0
2026-02-21 07:00:00,0.00393,0.00396,0.00392,0.00396,12421909.0
2026-02-21 08:00:00,0.00395,0.00401,0.00394,0.00401,14982709.0
2026-02-21 09:00:00,0.004,0.00406,0.004,0.00401,50826748.0
2026-02-21 10:00:00,0.00401,0.00403,0.004,0.00401,17578541.0
2026-02-21 11:00:00,0.00401,0.00403,0.00399,0.004,29156557.0
2026-02-21 12:00:00,0.004,0.00401,0.00396,0.00398,19142645.0
2026-02-21 13:00:00,0.00397,0.004,0.00396,0.004,14390520.0
2026-02-21 14:00:00,0.00399,0.00402,0.00397,0.00397,17083006.0
2026-02-21 15:00:00,0.00398,0.00398,0.00395,0.00396,16542624.0
2026-02-21 16:00:00,0.00396,0.00397,0.00392,0.00392,22563651.0
2026-02-21 17:00:00,0.00392,0.00394,0.00391,0.00393,12330324.0
2026-02-21 18:00:00,0.00393,0.00395,0.00393,0.00394,6206641.0
2026-02-21 19:00:00,0.00395,0.00395,0.00392,0.00394,6126978.0
2026-02-21 20:00:00,0.00393,0.00394,0.0039,0.0039,12340720.0
2026-02-21 21:00:00,0.0039,0.00393,0.0039,0.00392,5098159.0
2026-02-21 22:00:00,0.00392,0.00393,0.0039,0.00391,6706976.0
2026-02-21 23:00:00,0.00391,0.00391,0.00388,0.00388,9618593.0
2026-02-22 00:00:00,0.00388,0.00388,0.00383,0.00385,17016455.0
2026-02-22 01:00:00,0.00385,0.00386,0.00385,0.00385,5872415.0
2026-02-22 02:00:00,0.00385,0.00387,0.00381,0.00381,23658495.0
2026-02-22 03:00:00,0.00382,0.00382,0.00379,0.00381,13331711.0
2026-02-22 04:00:00,0.00381,0.00382,0.0038,0.00381,7043787.0
2026-02-22 05:00:00,0.00381,0.00381,0.00378,0.0038,4282581.0
2026-02-22 06:00:00,0.0038,0.00381,0.00378,0.0038,14061046.0
2026-02-22 07:00:00,0.0038,0.00382,0.00379,0.0038,4912375.0
2026-02-22 08:00:00,0.0038,0.00381,0.00378,0.00379,12253584.0
2026-02-22 09:00:00,0.00378,0.00381,0.00378,0.0038,8447944.0
2026-02-22 10:00:00,0.0038,0.00382,0.00379,0.0038,16589152.0
2026-02-22 11:00:00,0.0038,0.00381,0.00377,0.00377,25533546.0
2026-02-22 12:00:00,0.00377,0.00378,0.00372,0.00373,49812941.0
2026-02-22 13:00:00,0.00373,0.00374,0.00367,0.00367,68936498.0
2026-02-22 14:00:00,0.00368,0.00369,0.00365,0.00367,31557250.0
2026-02-22 15:00:00,0.00367,0.00368,0.00364,0.00367,18581108.0
2026-02-22 16:00:00,0.00367,0.00367,0.00364,0.00366,14277000.0
2026-02-22 17:00:00,0.00366,0.00366,0.00362,0.00364,29385099.0
2026-02-22 18:00:00,0.00364,0.00365,0.00362,0.00364,15879063.0
2026-02-22 19:00:00,0.00364,0.00364,0.00362,0.00363,8124113.0
2026-02-22 20:00:00,0.00363,0.00364,0.00361,0.00362,17305311.0
2026-02-22 21:00:00,0.00363,0.00364,0.00361,0.00364,12962586.0
2026-02-22 22:00:00,0.00364,0.00366,0.00363,0.00365,13840150.0
2026-02-22 23:00:00,0.00365,0.00365,0.00362,0.00364,12116049.0
2026-02-23 00:00:00,0.00364,0.00364,0.00359,0.00359,32017499.0
2026-02-23 01:00:00,0.00359,0.0036,0.0034,0.00342,154927618.0
2026-02-23 02:00:00,0.00343,0.00348,0.00342,0.00347,38132774.0
2026-02-23 03:00:00,0.00348,0.00349,0.00345,0.00348,48970930.0
2026-02-23 04:00:00,0.00348,0.00349,0.00346,0.00346,20194659.0
2026-02-23 05:00:00,0.00347,0.00352,0.00346,0.00351,31447106.0
2026-02-23 06:00:00,0.00351,0.00358,0.00351,0.00357,33736059.0
2026-02-23 07:00:00,0.00357,0.00359,0.00356,0.00357,23234621.0
2026-02-23 08:00:00,0.00357,0.00358,0.00355,0.00357,14034828.0
2026-02-23 09:00:00,0.00357,0.00363,0.00356,0.00363,19727208.0
2026-02-23 10:00:00,0.00362,0.00364,0.00362,0.00363,18377543.0
2026-02-23 11:00:00,0.00363,0.00367,0.00363,0.00364,19359696.0
2026-02-23 12:00:00,0.00364,0.00368,0.00362,0.00365,51790119.0
2026-02-23 13:00:00,0.00365,0.00366,0.00361,0.00361,26765082.0
2026-02-23 14:00:00,0.00361,0.00361,0.00355,0.00355,56329219.0
2026-02-23 15:00:00,0.00356,0.00357,0.00347,0.00348,39401100.0
2026-02-23 16:00:00,0.00349,0.00349,0.00345,0.00347,38016816.0
2026-02-23 17:00:00,0.00347,0.00348,0.00339,0.00343,53036734.0
2026-02-23 18:00:00,0.00343,0.00351,0.00342,0.00348,39838038.0
2026-02-23 19:00:00,0.00348,0.0035,0.00346,0.00347,52462963.0
2026-02-23 20:00:00,0.00348,0.0035,0.00345,0.00349,24884366.0
2026-02-23 21:00:00,0.00349,0.00352,0.00349,0.0035,31765372.0
2026-02-23 22:00:00,0.0035,0.00354,0.0035,0.00351,12454988.0
2026-02-23 23:00:00,0.00351,0.00354,0.0035,0.00351,12008047.0
2026-02-24 00:00:00,0.00351,0.00355,0.00351,0.00353,19089589.0
2026-02-24 01:00:00,0.00353,0.00353,0.00344,0.00349,70318075.0
2026-02-24 02:00:00,0.00349,0.00349,0.00345,0.00346,17092598.0
2026-02-24 03:00:00,0.00346,0.00346,0.00343,0.00343,37876657.0
2026-02-24 04:00:00,0.00344,0.00344,0.00341,0.00343,51474144.0
2026-02-24 05:00:00,0.00344,0.00345,0.0034,0.00342,32788935.0
2026-02-24 06:00:00,0.00341,0.00345,0.00341,0.00344,18830967.0
2026-02-24 07:00:00,0.00344,0.00347,0.00343,0.00346,18984462.0
2026-02-24 08:00:00,0.00345,0.00348,0.00344,0.00347,9978824.0
2026-02-24 09:00:00,0.00347,0.00348,0.00344,0.00344,10837209.0
2026-02-24 10:00:00,0.00345,0.00345,0.00343,0.00344,11849185.0
2026-02-24 11:00:00,0.00344,0.00345,0.00342,0.00344,9564500.0
2026-02-24 12:00:00,0.00343,0.00346,0.00342,0.00345,19737102.0
2026-02-24 13:00:00,0.00345,0.00346,0.00341,0.00344,19759754.0
2026-02-24 14:00:00,0.00344,0.00352,0.00342,0.0035,45238304.0
2026-02-24 15:00:00,0.0035,0.00355,0.00348,0.00351,43784952.0
2026-02-24 16:00:00,0.00352,0.00354,0.00348,0.00353,55778205.0
2026-02-24 17:00:00,0.00353,0.00353,0.00351,0.00351,21676149.0
2026-02-24 18:00:00,0.00351,0.00353,0.00349,0.00352,14637761.0
2026-02-24 19:00:00,0.00352,0.00354,0.00351,0.00354,11144857.0
2026-02-24 20:00:00,0.00353,0.00355,0.00353,0.00353,9826371.0
2026-02-24 21:00:00,0.00353,0.00354,0.0035,0.00352,11436929.0
2026-02-24 22:00:00,0.00352,0.00354,0.00351,0.00352,7728184.0
2026-02-24 23:00:00,0.00351,0.00352,0.00348,0.0035,15584676.0
2026-02-25 00:00:00,0.00349,0.00351,0.00348,0.00349,19200351.0
2026-02-25 01:00:00,0.00349,0.00362,0.00349,0.00355,57985921.0
2026-02-25 02:00:00,0.00356,0.00359,0.00354,0.00355,36127514.0
2026-02-25 03:00:00,0.00354,0.00355,0.00349,0.0035,32058674.0
2026-02-25 04:00:00,0.0035,0.00351,0.00347,0.0035,34170559.0
2026-02-25 05:00:00,0.00349,0.0035,0.00343,0.00345,15012326.0
2026-02-25 06:00:00,0.00345,0.00351,0.00345,0.00349,22872737.0
2026-02-25 07:00:00,0.00349,0.00354,0.00349,0.00354,35250670.0
2026-02-25 08:00:00,0.00354,0.00356,0.00351,0.00355,20885912.0
2026-02-25 09:00:00,0.00355,0.00357,0.00353,0.00353,24746633.0
2026-02-25 10:00:00,0.00353,0.00354,0.0035,0.00351,33924368.0
2026-02-25 11:00:00,0.00352,0.00354,0.0035,0.00354,14658813.0
2026-02-25 12:00:00,0.00353,0.0036,0.00353,0.00359,40223556.0
2026-02-25 13:00:00,0.0036,0.00365,0.00358,0.00362,28266622.0
2026-02-25 14:00:00,0.00362,0.00367,0.00361,0.00367,33289243.0
2026-02-25 15:00:00,0.00368,0.00375,0.00365,0.00372,39466529.0
2026-02-25 16:00:00,0.00372,0.0038,0.00372,0.0038,50411641.0
2026-02-25 17:00:00,0.0038,0.00386,0.0038,0.00384,47545106.0
2026-02-25 18:00:00,0.00385,0.00392,0.00382,0.00391,46057678.0
2026-02-25 19:00:00,0.00392,0.004,0.00389,0.00399,72652173.0
2026-02-25 20:00:00,0.00399,0.00403,0.00394,0.00401,112425486.0
2026-02-25 21:00:00,0.00401,0.00415,0.004,0.00413,201713342.0
2026-02-25 22:00:00,0.00413,0.00415,0.00402,0.00404,139188934.0
2026-02-25 23:00:00,0.00403,0.00404,0.00385,0.00389,107854602.0
2026-02-26 00:00:00,0.0039,0.0039,0.00382,0.00385,120070595.0
2026-02-26 01:00:00,0.00386,0.0039,0.00384,0.00384,51405438.0
2026-02-26 02:00:00,0.00384,0.00386,0.0038,0.00385,45416831.0
2026-02-26 03:00:00,0.00385,0.00386,0.00382,0.00386,18746361.0
2026-02-26 04:00:00,0.00385,0.00387,0.00382,0.00383,36367517.0
2026-02-26 05:00:00,0.00383,0.00383,0.00376,0.00379,40742855.0
2026-02-26 06:00:00,0.00379,0.00381,0.00376,0.00378,32040472.0
2026-02-26 07:00:00,0.00377,0.0038,0.00376,0.00378,17011379.0
2026-02-26 08:00:00,0.00379,0.0038,0.00377,0.00377,28759153.0
2026-02-26 09:00:00,0.00377,0.00385,0.00377,0.00381,81697473.0
2026-02-26 10:00:00,0.0038,0.00381,0.00373,0.00374,40409999.0
2026-02-26 11:00:00,0.00373,0.00374,0.00372,0.00374,13674941.0
2026-02-26 12:00:00,0.00374,0.00379,0.00373,0.00378,11414786.0
2026-02-26 13:00:00,0.00379,0.0038,0.00376,0.00377,37413281.0
2026-02-26 14:00:00,0.00378,0.0038,0.00373,0.00377,63526988.0
2026-02-26 15:00:00,0.00376,0.00379,0.00372,0.00376,51836527.0
2026-02-26 16:00:00,0.00377,0.00377,0.00361,0.00362,93371661.0
2026-02-26 17:00:00,0.00362,0.00366,0.00361,0.00363,51720083.0
2026-02-26 18:00:00,0.00363,0.00369,0.00362,0.00369,33283209.0
2026-02-26 19:00:00,0.00368,0.00374,0.00368,0.00373,65954367.0
2026-02-26 20:00:00,0.00372,0.00373,0.00369,0.0037,41387453.0
2026-02-26 21:00:00,0.00369,0.00371,0.00368,0.00369,27192013.0
2026-02-26 22:00:00,0.0037,0.00372,0.00368,0.00371,15551548.0
2026-02-26 23:00:00,0.0037,0.00371,0.00369,0.00371,15356390.0
2026-02-27 00:00:00,0.00372,0.00372,0.00369,0.0037,26926983.0
2026-02-27 01:00:00,0.0037,0.00371,0.00368,0.0037,12067235.0
2026-02-27 02:00:00,0.00371,0.00373,0.0037,0.00371,18377224.0
2026-02-27 03:00:00,0.00371,0.00377,0.0037,0.00375,25990956.0
2026-02-27 04:00:00,0.00376,0.00384,0.00375,0.00379,32128360.0
2026-02-27 05:00:00,0.0038,0.00384,0.00379,0.00382,25517793.0
2026-02-27 06:00:00,0.00382,0.00385,0.00381,0.00382,34075822.0
2026-02-27 07:00:00,0.00382,0.00384,0.0038,0.00384,18989482.0
2026-02-27 08:00:00,0.00384,0.00387,0.00383,0.00385,20594063.0
2026-02-27 09:00:00,0.00385,0.00387,0.00383,0.00385,18849320.0
2026-02-27 10:00:00,0.00384,0.00385,0.00377,0.00378,67882053.0
2026-02-27 11:00:00,0.00378,0.0038,0.00371,0.00373,55380032.0
2026-02-27 12:00:00,0.00373,0.00376,0.0037,0.00372,51797284.0
2026-02-27 13:00:00,0.00372,0.00376,0.00368,0.00372,51699892.0
2026-02-27 14:00:00,0.00372,0.00373,0.00367,0.00368,59031545.0
2026-02-27 15:00:00,0.00368,0.00371,0.00366,0.0037,59386298.0
2026-02-27 16:00:00,0.00369,0.00371,0.00365,0.00366,38225070.0
2026-02-27 17:00:00,0.00367,0.00371,0.00363,0.00371,49891786.0
2026-02-27 18:00:00,0.00371,0.00371,0.00368,0.00369,28622873.0
2026-02-27 19:00:00,0.00368,0.00368,0.00364,0.00366,20943854.0
2026-02-27 20:00:00,0.00367,0.00368,0.00365,0.00366,24157062.0
2026-02-27 21:00:00,0.00366,0.00367,0.00363,0.00364,20470366.0
2026-02-27 22:00:00,0.00364,0.00366,0.00358,0.00363,20136173.0
2026-02-27 23:00:00,0.00364,0.00367,0.00363,0.00365,22131334.0
2026-02-28 00:00:00,0.00366,0.00368,0.00365,0.00367,32122492.0
2026-02-28 01:00:00,0.00367,0.00368,0.00362,0.00362,27361992.0
2026-02-28 02:00:00,0.00362,0.00364,0.00362,0.00363,17147561.0
2026-02-28 03:00:00,0.00363,0.00365,0.00361,0.00362,18718062.0
2026-02-28 04:00:00,0.00362,0.00363,0.0036,0.00362,14283888.0
2026-02-28 05:00:00,0.00362,0.00363,0.00358,0.0036,33336967.0
2026-02-28 06:00:00,0.0036,0.0036,0.00342,0.00344,185307565.0
2026-02-28 07:00:00,0.00343,0.00356,0.00341,0.0035,136854480.0
2026-02-28 08:00:00,0.00349,0.0035,0.00343,0.00343,59946490.0
2026-02-28 09:00:00,0.00343,0.00345,0.00338,0.0034,65061860.0
2026-02-28 10:00:00,0.00339,0.00343,0.00338,0.0034,45083668.0
2026-02-28 11:00:00,0.00341,0.00342,0.00338,0.00339,52630633.0
2026-02-28 12:00:00,0.00339,0.00339,0.00336,0.00339,43234475.0
2026-02-28 13:00:00,0.00339,0.00346,0.00336,0.00345,44577412.0
2026-02-28 14:00:00,0.00346,0.00348,0.00338,0.00339,48316939.0
2026-02-28 15:00:00,0.00338,0.00341,0.00336,0.0034,82885398.0
2026-02-28 16:00:00,0.0034,0.00344,0.00339,0.00343,28531078.0
2026-02-28 17:00:00,0.00343,0.00348,0.00341,0.00347,43121511.0
2026-02-28 18:00:00,0.00346,0.00355,0.00344,0.00352,31373361.0
2026-02-28 19:00:00,0.00352,0.00359,0.00349,0.00356,41453932.0
2026-02-28 20:00:00,0.00356,0.00362,0.00354,0.0036,62736568.0
2026-02-28 21:00:00,0.00359,0.0036,0.00354,0.00355,45697676.0
2026-02-28 22:00:00,0.00356,0.00363,0.00356,0.00361,47579613.0
2026-02-28 23:00:00,0.00362,0.00362,0.00358,0.0036,25491283.0
2026-03-01 00:00:00,0.0036,0.00361,0.00355,0.00357,27902295.0
2026-03-01 01:00:00,0.00356,0.00367,0.00354,0.00363,55947100.0
2026-03-01 02:00:00,0.00364,0.00373,0.00364,0.0037,55743028.0
2026-03-01 03:00:00,0.00369,0.0037,0.00363,0.00363,46009060.0
2026-03-01 04:00:00,0.00364,0.00365,0.00358,0.00362,23726464.0
2026-03-01 05:00:00,0.00363,0.00365,0.00362,0.00364,15077714.0
2026-03-01 06:00:00,0.00364,0.00365,0.00358,0.0036,27540220.0
2026-03-01 07:00:00,0.00359,0.00362,0.00357,0.00361,35521219.0
2026-03-01 08:00:00,0.00361,0.00362,0.00354,0.00355,29267910.0
2026-03-01 09:00:00,0.00355,0.00357,0.00352,0.00352,31050144.0
2026-03-01 10:00:00,0.00353,0.00355,0.0035,0.00353,26601623.0
2026-03-01 11:00:00,0.00354,0.00354,0.00352,0.00353,18019549.0
2026-03-01 12:00:00,0.00353,0.00355,0.0035,0.00351,14907915.0
2026-03-01 13:00:00,0.0035,0.00359,0.00348,0.00358,44488711.0
2026-03-01 14:00:00,0.00358,0.0036,0.00354,0.00356,26505649.0
2026-03-01 15:00:00,0.00356,0.00359,0.00355,0.00357,19165173.0
2026-03-01 16:00:00,0.00357,0.0036,0.00349,0.00353,30311336.0
2026-03-01 17:00:00,0.00353,0.00354,0.00346,0.00349,24540630.0
2026-03-01 18:00:00,0.00349,0.00355,0.00349,0.00351,23275881.0
2026-03-01 19:00:00,0.00351,0.00351,0.00346,0.00347,33654398.0
2026-03-01 20:00:00,0.00348,0.00348,0.0034,0.00342,53501227.0
2026-03-01 21:00:00,0.00342,0.00347,0.00341,0.00346,21722110.0
2026-03-01 22:00:00,0.00345,0.00352,0.00344,0.00347,38273131.0
2026-03-01 23:00:00,0.00347,0.00351,0.00347,0.00349,9687694.0
2026-03-02 00:00:00,0.00349,0.00355,0.00348,0.00353,17869631.0
2026-03-02 01:00:00,0.00353,0.00358,0.00352,0.00355,21525300.0
2026-03-02 02:00:00,0.00355,0.00356,0.00351,0.00352,26236910.0
2026-03-02 03:00:00,0.00352,0.00357,0.00351,0.00355,29829698.0
2026-03-02 04:00:00,0.00355,0.00358,0.00355,0.00356,19873275.0
2026-03-02 05:00:00,0.00356,0.00357,0.00353,0.00354,11802281.0
2026-03-02 06:00:00,0.00353,0.00353,0.00348,0.0035,17025218.0
2026-03-02 07:00:00,0.0035,0.0035,0.00345,0.00347,10241120.0
2026-03-02 08:00:00,0.00347,0.00349,0.00343,0.00348,22239305.0
2026-03-02 09:00:00,0.00347,0.00352,0.00347,0.00349,17557261.0
2026-03-02 10:00:00,0.00348,0.00349,0.00347,0.00347,7096450.0
2026-03-02 11:00:00,0.00348,0.00349,0.00346,0.00347,27261531.0
2026-03-02 12:00:00,0.00347,0.00348,0.00345,0.00346,9025323.0
2026-03-02 13:00:00,0.00346,0.00346,0.00343,0.00343,13691281.0
2026-03-02 14:00:00,0.00343,0.00356,0.00343,0.00356,31399433.0
2026-03-02 15:00:00,0.00357,0.00369,0.00356,0.00363,73439231.0
2026-03-02 16:00:00,0.00363,0.00371,0.00361,0.00366,69578826.0
2026-03-02 17:00:00,0.00366,0.00366,0.00357,0.00361,32555005.0
2026-03-02 18:00:00,0.00362,0.00363,0.00359,0.00361,36415132.0
2026-03-02 19:00:00,0.00361,0.00361,0.00357,0.00359,31346888.0
2026-03-02 20:00:00,0.0036,0.00362,0.00357,0.00358,28609760.0
2026-03-02 21:00:00,0.00358,0.00359,0.00356,0.00359,26419178.0
2026-03-02 22:00:00,0.00359,0.00361,0.00358,0.00359,14379525.0
2026-03-02 23:00:00,0.00358,0.00358,0.00352,0.00355,42567582.0
2026-03-03 00:00:00,0.00354,0.00354,0.0035,0.00352,28003228.0
2026-03-03 01:00:00,0.00352,0.00354,0.00351,0.00351,18818654.0
2026-03-03 02:00:00,0.0035,0.00351,0.00347,0.00351,20761148.0
2026-03-03 03:00:00,0.0035,0.00352,0.00348,0.0035,13237960.0
2026-03-03 04:00:00,0.00351,0.00352,0.00348,0.00348,13000076.0
2026-03-03 05:00:00,0.00349,0.00352,0.00348,0.0035,18381144.0
2026-03-03 06:00:00,0.0035,0.00351,0.00348,0.00349,12770786.0
2026-03-03 07:00:00,0.00349,0.00351,0.00348,0.00349,9574731.0
2026-03-03 08:00:00,0.0035,0.0035,0.00341,0.00343,37749914.0
2026-03-03 09:00:00,0.00343,0.00346,0.00339,0.0034,40496467.0
2026-03-03 10:00:00,0.00339,0.00343,0.00339,0.00343,68719405.0
2026-03-03 11:00:00,0.00342,0.00344,0.00341,0.00344,64204658.0
2026-03-03 12:00:00,0.00344,0.00349,0.00343,0.00346,43897153.0
2026-03-03 13:00:00,0.00346,0.00348,0.00343,0.00344,29162338.0
2026-03-03 14:00:00,0.00344,0.00351,0.00342,0.00346,50778569.0
2026-03-03 15:00:00,0.00347,0.00354,0.00344,0.00351,47503207.0
2026-03-03 16:00:00,0.00351,0.00362,0.00349,0.00355,51826152.0
2026-03-03 17:00:00,0.00355,0.00355,0.00348,0.00352,73273239.0
2026-03-03 18:00:00,0.00352,0.00358,0.00352,0.00356,46177137.0
2026-03-03 19:00:00,0.00355,0.00356,0.00352,0.00354,34798635.0
2026-03-03 20:00:00,0.00354,0.00354,0.00349,0.00351,35208045.0
2026-03-03 21:00:00,0.0035,0.00351,0.00347,0.00349,20732046.0
2026-03-03 22:00:00,0.00349,0.00354,0.00349,0.00352,20194432.0
2026-03-03 23:00:00,0.00353,0.00355,0.00351,0.00352,17563370.0
2026-03-04 00:00:00,0.00351,0.00353,0.00347,0.00351,21309461.0
2026-03-04 01:00:00,0.0035,0.00353,0.00349,0.00351,24853571.0
2026-03-04 02:00:00,0.0035,0.00353,0.00349,0.00353,26157936.0
2026-03-04 03:00:00,0.00353,0.00354,0.00348,0.00352,87792617.0
2026-03-04 04:00:00,0.00353,0.00353,0.00348,0.00352,32862933.0
2026-03-04 05:00:00,0.00352,0.00354,0.00349,0.00352,16045495.0
2026-03-04 06:00:00,0.00353,0.00354,0.0035,0.00353,16745121.0
2026-03-04 07:00:00,0.00353,0.00357,0.00351,0.00355,25208217.0
2026-03-04 08:00:00,0.00356,0.00368,0.00354,0.00367,75390926.0
2026-03-04 09:00:00,0.00367,0.0037,0.00364,0.00366,96571142.0
2026-03-04 10:00:00,0.00366,0.00368,0.00361,0.00361,52060984.0
2026-03-04 11:00:00,0.00362,0.00362,0.00356,0.00357,37532719.0
2026-03-04 12:00:00,0.00358,0.00358,0.00352,0.00356,53162954.0
2026-03-04 13:00:00,0.00355,0.00359,0.00355,0.00358,34418970.0
2026-03-04 14:00:00,0.00358,0.00364,0.00356,0.00358,72862881.0
2026-03-04 15:00:00,0.00358,0.0037,0.00357,0.00369,61010375.0
2026-03-04 16:00:00,0.0037,0.00372,0.00363,0.00364,62002784.0
2026-03-04 17:00:00,0.00364,0.00367,0.00361,0.00365,58132720.0
2026-03-04 18:00:00,0.00365,0.00369,0.00363,0.00368,15783559.0
2026-03-04 19:00:00,0.00367,0.00375,0.00367,0.00373,63500285.0
2026-03-04 20:00:00,0.00373,0.00373,0.00366,0.00366,26503821.0
2026-03-04 21:00:00,0.00366,0.00367,0.00364,0.00366,17785631.0
2026-03-04 22:00:00,0.00365,0.00368,0.00361,0.00362,35644391.0
2026-03-04 23:00:00,0.00361,0.00363,0.00357,0.00362,36751851.0
2026-03-05 00:00:00,0.00362,0.00362,0.00358,0.00359,30666991.0
2026-03-05 01:00:00,0.00358,0.0036,0.00356,0.00357,24418952.0
2026-03-05 02:00:00,0.00356,0.0036,0.00356,0.00359,10974153.0
2026-03-05 03:00:00,0.00359,0.00361,0.00358,0.00359,21527616.0
2026-03-05 04:00:00,0.00359,0.00361,0.00358,0.0036,10925753.0
2026-03-05 05:00:00,0.0036,0.0036,0.00356,0.00357,12892559.0
2026-03-05 06:00:00,0.00357,0.00358,0.00354,0.00357,25991644.0
2026-03-05 07:00:00,0.00357,0.00358,0.00353,0.00355,29604729.0
2026-03-05 08:00:00,0.00354,0.00357,0.00353,0.00356,23292386.0
2026-03-05 09:00:00,0.00356,0.00362,0.00356,0.00361,25670750.0
2026-03-05 10:00:00,0.00361,0.00366,0.0036,0.00365,31612839.0
2026-03-05 11:00:00,0.00366,0.00366,0.00361,0.00361,14165483.0
2026-03-05 12:00:00,0.00361,0.00365,0.0036,0.00364,31056489.0
2026-03-05 13:00:00,0.00364,0.00364,0.00356,0.00357,42167191.0
2026-03-05 14:00:00,0.00357,0.00361,0.00356,0.0036,89093742.0
2026-03-05 15:00:00,0.0036,0.00361,0.00353,0.00355,78504119.0
2026-03-05 16:00:00,0.00355,0.00355,0.00346,0.00351,102901261.0
2026-03-05 17:00:00,0.00351,0.00353,0.00345,0.00346,40120180.0
2026-03-05 18:00:00,0.00346,0.00352,0.00345,0.00352,54531730.0
2026-03-05 19:00:00,0.00352,0.00357,0.00352,0.00353,34577397.0
2026-03-05 20:00:00,0.00354,0.00359,0.00354,0.00358,24068808.0
2026-03-05 21:00:00,0.00358,0.00359,0.00355,0.00357,25175295.0
2026-03-05 22:00:00,0.00357,0.00358,0.00355,0.00356,30575611.0
2026-03-05 23:00:00,0.00356,0.00357,0.00354,0.00354,14843975.0
2026-03-06 00:00:00,0.00355,0.00355,0.00352,0.00352,20439594.0
2026-03-06 01:00:00,0.00353,0.00357,0.00351,0.00357,26750630.0
2026-03-06 02:00:00,0.00356,0.00358,0.00354,0.00357,17125669.0
2026-03-06 03:00:00,0.00357,0.00358,0.00355,0.00358,21424038.0
2026-03-06 04:00:00,0.00358,0.00358,0.00353,0.00354,41807898.0
2026-03-06 05:00:00,0.00354,0.00355,0.0035,0.00352,62870248.0
2026-03-06 06:00:00,0.00352,0.00357,0.00352,0.00356,19644430.0
2026-03-06 07:00:00,0.00356,0.00359,0.00354,0.00357,14337734.0
2026-03-06 08:00:00,0.00357,0.00358,0.00354,0.00355,9769712.0
2026-03-06 09:00:00,0.00355,0.00355,0.0035,0.00352,42940092.0
2026-03-06 10:00:00,0.00352,0.00356,0.00352,0.00353,29817789.0
2026-03-06 11:00:00,0.00353,0.00353,0.00349,0.00349,26190255.0
2026-03-06 12:00:00,0.00349,0.0035,0.00346,0.0035,39307631.0
2026-03-06 13:00:00,0.0035,0.00352,0.00345,0.00345,77560539.0
2026-03-06 14:00:00,0.00345,0.00348,0.00335,0.00339,114386262.0
2026-03-06 15:00:00,0.00338,0.00343,0.00337,0.00339,70578331.0
2026-03-06 16:00:00,0.00339,0.00341,0.00337,0.0034,39645758.0
2026-03-06 17:00:00,0.0034,0.00341,0.00335,0.00338,50518454.0
2026-03-06 18:00:00,0.00338,0.00343,0.00337,0.00343,16383849.0
2026-03-06 19:00:00,0.00343,0.00346,0.00342,0.00345,19169594.0
2026-03-06 20:00:00,0.00345,0.00345,0.00343,0.00343,12768260.0
2026-03-06 21:00:00,0.00344,0.00344,0.00341,0.00342,14087707.0
2026-03-06 22:00:00,0.00342,0.00344,0.00341,0.00343,20318476.0
2026-03-06 23:00:00,0.00344,0.00344,0.00342,0.00342,4696947.0
2026-03-07 00:00:00,0.00343,0.00345,0.00341,0.00342,26940182.0
2026-03-07 01:00:00,0.00342,0.00342,0.00338,0.00339,15120483.0
2026-03-07 02:00:00,0.0034,0.0034,0.00337,0.0034,12356264.0
2026-03-07 03:00:00,0.00339,0.00342,0.00338,0.00339,15985362.0
2026-03-07 04:00:00,0.00338,0.00341,0.00335,0.00338,35478970.0
2026-03-07 05:00:00,0.00339,0.0034,0.00337,0.00339,8641331.0
2026-03-07 06:00:00,0.00338,0.00339,0.00335,0.00336,29348693.0
2026-03-07 07:00:00,0.00336,0.00337,0.00334,0.00337,33146644.0
2026-03-07 08:00:00,0.00337,0.00339,0.00336,0.00337,24322878.0
2026-03-07 09:00:00,0.00337,0.00339,0.00336,0.00338,15742472.0
2026-03-07 10:00:00,0.00339,0.0034,0.00338,0.0034,7107066.0
2026-03-07 11:00:00,0.00339,0.00341,0.00338,0.00339,17649843.0
2026-03-07 12:00:00,0.00339,0.00339,0.00335,0.00335,7319781.0
2026-03-07 13:00:00,0.00336,0.00338,0.00335,0.00336,13056313.0
2026-03-07 14:00:00,0.00337,0.00337,0.00333,0.00334,31103632.0
2026-03-07 15:00:00,0.00334,0.00335,0.00332,0.00333,41407667.0
2026-03-07 16:00:00,0.00334,0.00335,0.00332,0.00334,19493801.0
2026-03-07 17:00:00,0.00334,0.00337,0.00334,0.00335,20937467.0
2026-03-07 18:00:00,0.00334,0.00335,0.00332,0.00334,26541299.0
2026-03-07 19:00:00,0.00333,0.00334,0.00329,0.0033,50272871.0
2026-03-07 20:00:00,0.00331,0.00332,0.0033,0.00331,14635899.0
2026-03-07 21:00:00,0.00331,0.00331,0.00329,0.0033,16248732.0
2026-03-07 22:00:00,0.00329,0.00331,0.00324,0.00326,60236640.0
2026-03-07 23:00:00,0.00326,0.00329,0.00325,0.00329,13781229.0
2026-03-08 00:00:00,0.00328,0.00329,0.00326,0.00327,15052924.0
2026-03-08 01:00:00,0.00327,0.00329,0.00326,0.00327,19222089.0
2026-03-08 02:00:00,0.00327,0.00328,0.00323,0.00323,23435486.0
2026-03-08 03:00:00,0.00323,0.00323,0.00321,0.00322,14199761.0
2026-03-08 04:00:00,0.00322,0.00323,0.00318,0.00319,39652748.0
2026-03-08 05:00:00,0.00318,0.00322,0.00318,0.0032,19624983.0
2026-03-08 06:00:00,0.0032,0.00322,0.00319,0.00321,12543251.0
2026-03-08 07:00:00,0.00322,0.00327,0.00321,0.00325,41292424.0
2026-03-08 08:00:00,0.00325,0.00328,0.00324,0.00327,26659167.0
2026-03-08 09:00:00,0.00327,0.00328,0.00325,0.00327,26858784.0
2026-03-08 10:00:00,0.00326,0.00331,0.00326,0.0033,41186976.0
2026-03-08 11:00:00,0.0033,0.0033,0.00325,0.00328,29068810.0
2026-03-08 12:00:00,0.00328,0.00331,0.00324,0.00328,32654250.0
2026-03-08 13:00:00,0.00329,0.00329,0.00323,0.00326,61560889.0
2026-03-08 14:00:00,0.00326,0.00327,0.00323,0.00325,31649156.0
2026-03-08 15:00:00,0.00325,0.00326,0.00321,0.00324,16755629.0
2026-03-08 16:00:00,0.00324,0.00325,0.00322,0.00323,11664331.0
2026-03-08 17:00:00,0.00322,0.00325,0.00322,0.00324,10985221.0
2026-03-08 18:00:00,0.00325,0.00326,0.00323,0.00325,12285056.0
2026-03-08 19:00:00,0.00325,0.00336,0.00324,0.00335,36944812.0
2026-03-08 20:00:00,0.00335,0.0034,0.00333,0.00334,49124352.0
2026-03-08 21:00:00,0.00334,0.00335,0.00329,0.00333,45121733.0
2026-03-08 22:00:00,0.00333,0.00333,0.00324,0.00331,64083311.0
2026-03-08 23:00:00,0.0033,0.00331,0.00326,0.00328,45606087.0
2026-03-09 00:00:00,0.00327,0.00336,0.00327,0.00331,43046901.0
2026-03-09 01:00:00,0.00331,0.00335,0.00329,0.00332,28513607.0
2026-03-09 02:00:00,0.00331,0.00336,0.00329,0.00334,25338268.0
2026-03-09 03:00:00,0.00333,0.00339,0.00332,0.00332,56688882.0
2026-03-09 04:00:00,0.00333,0.00337,0.00333,0.00334,29976662.0
2026-03-09 05:00:00,0.00335,0.00343,0.00333,0.00341,72607410.0
2026-03-09 06:00:00,0.00341,0.00342,0.00336,0.00336,32444838.0
2026-03-09 07:00:00,0.00335,0.00336,0.0033,0.00334,67349046.0
2026-03-09 08:00:00,0.00334,0.00337,0.00333,0.00334,41879973.0
2026-03-09 09:00:00,0.00335,0.00338,0.00333,0.00334,29640208.0
2026-03-09 10:00:00,0.00334,0.00336,0.00333,0.00333,18683997.0
2026-03-09 11:00:00,0.00334,0.00335,0.00331,0.00334,29354033.0
2026-03-09 12:00:00,0.00334,0.00339,0.00334,0.00337,23231612.0
2026-03-09 13:00:00,0.00338,0.00344,0.00337,0.00342,39296037.0
2026-03-09 14:00:00,0.00341,0.00345,0.0034,0.00343,49501199.0
2026-03-09 15:00:00,0.00343,0.00344,0.00339,0.00341,25636486.0
2026-03-09 16:00:00,0.00341,0.00344,0.00337,0.00338,42096343.0
2026-03-09 17:00:00,0.00337,0.00341,0.00337,0.00339,31833302.0
2026-03-09 18:00:00,0.00339,0.0034,0.00336,0.00338,18279961.0
2026-03-09 19:00:00,0.00338,0.00348,0.00337,0.0034,40406525.0
2026-03-09 20:00:00,0.00339,0.00341,0.00338,0.0034,28236842.0
2026-03-09 21:00:00,0.00341,0.00343,0.0034,0.00341,24425672.0
2026-03-09 22:00:00,0.00342,0.00343,0.00335,0.00335,45038273.0
2026-03-09 23:00:00,0.00336,0.00337,0.00334,0.00336,11317592.0
2026-03-10 00:00:00,0.00335,0.0034,0.00334,0.00338,28010409.0
2026-03-10 01:00:00,0.00339,0.0034,0.00335,0.00339,27607350.0
2026-03-10 02:00:00,0.00338,0.00344,0.00338,0.00342,74702034.0
2026-03-10 03:00:00,0.00342,0.00343,0.00338,0.0034,28273091.0
2026-03-10 04:00:00,0.0034,0.00343,0.00339,0.00342,27164393.0
2026-03-10 05:00:00,0.00342,0.00342,0.00339,0.0034,30221157.0
2026-03-10 06:00:00,0.00339,0.0034,0.00336,0.00338,28122333.0
2026-03-10 07:00:00,0.00337,0.00342,0.00337,0.00341,23684978.0
2026-03-10 08:00:00,0.00341,0.00343,0.00339,0.00341,37860303.0
2026-03-10 09:00:00,0.00341,0.00345,0.00341,0.00343,53485515.0
2026-03-10 10:00:00,0.00342,0.00343,0.0034,0.00342,33120374.0
2026-03-10 11:00:00,0.00341,0.00342,0.0034,0.00341,19136091.0
2026-03-10 12:00:00,0.00342,0.00342,0.00339,0.00341,25131047.0
2026-03-10 13:00:00,0.00342,0.00344,0.00339,0.0034,55358023.0
2026-03-10 14:00:00,0.00341,0.00351,0.00338,0.00351,116268974.0
2026-03-10 15:00:00,0.0035,0.00351,0.00344,0.00349,61630877.0
2026-03-10 16:00:00,0.00348,0.0035,0.00346,0.00347,48891467.0
2026-03-10 17:00:00,0.00347,0.00348,0.00342,0.00344,59405403.0
2026-03-10 18:00:00,0.00344,0.00344,0.00335,0.00336,50730503.0
2026-03-10 19:00:00,0.00336,0.00338,0.00335,0.00336,44312008.0
2026-03-10 20:00:00,0.00337,0.00338,0.00335,0.00336,19186261.0
2026-03-10 21:00:00,0.00335,0.00337,0.00333,0.00334,19756764.0
2026-03-10 22:00:00,0.00334,0.00336,0.00332,0.00334,24739372.0
2026-03-10 23:00:00,0.00335,0.00336,0.00334,0.00334,19138717.0
2026-03-11 00:00:00,0.00335,0.00337,0.00333,0.00336,31190805.0
2026-03-11 01:00:00,0.00335,0.00336,0.00335,0.00336,8754386.0
2026-03-11 02:00:00,0.00336,0.00336,0.00332,0.00334,32023618.0
2026-03-11 03:00:00,0.00334,0.00336,0.00333,0.00333,11735560.0
2026-03-11 04:00:00,0.00334,0.00335,0.00331,0.00334,22673825.0
2026-03-11 05:00:00,0.00334,0.00334,0.00328,0.00329,24884521.0
2026-03-11 06:00:00,0.0033,0.00334,0.00329,0.00333,19715449.0
2026-03-11 07:00:00,0.00333,0.00334,0.00331,0.00333,7146911.0
2026-03-11 08:00:00,0.00332,0.00337,0.00332,0.00336,26098625.0
2026-03-11 09:00:00,0.00336,0.0034,0.00335,0.00337,60758697.0
2026-03-11 10:00:00,0.00338,0.00343,0.00337,0.00339,49818735.0
2026-03-11 11:00:00,0.00339,0.00343,0.00339,0.00341,28252810.0
2026-03-11 12:00:00,0.00342,0.00348,0.0034,0.00347,60283502.0
2026-03-11 13:00:00,0.00347,0.00354,0.00342,0.00345,89340229.0
2026-03-11 14:00:00,0.00345,0.00349,0.00345,0.00345,69638926.0
2026-03-11 15:00:00,0.00345,0.00346,0.00338,0.00342,84844248.0
2026-03-11 16:00:00,0.00343,0.00344,0.00341,0.00342,56581655.0
2026-03-11 17:00:00,0.00343,0.00346,0.0034,0.00343,46929464.0
2026-03-11 18:00:00,0.00343,0.00346,0.00343,0.00344,33190118.0
2026-03-11 19:00:00,0.00344,0.00345,0.00342,0.00343,37769888.0
2026-03-11 20:00:00,0.00343,0.00344,0.00341,0.00343,22692182.0
2026-03-11 21:00:00,0.00343,0.00344,0.00342,0.00343,19037375.0
2026-03-11 22:00:00,0.00344,0.00345,0.00341,0.00342,21379451.0
2026-03-11 23:00:00,0.00343,0.00344,0.00339,0.0034,20696357.0
2026-03-12 00:00:00,0.00339,0.00341,0.00338,0.00341,33572111.0
2026-03-12 01:00:00,0.00341,0.00341,0.00337,0.00339,22596862.0
2026-03-12 02:00:00,0.00339,0.00342,0.00336,0.00337,33095716.0
2026-03-12 03:00:00,0.00337,0.00338,0.00336,0.00336,22406937.0
2026-03-12 04:00:00,0.00336,0.00338,0.00334,0.00336,13225632.0
2026-03-12 05:00:00,0.00336,0.00336,0.00333,0.00334,20414141.0
2026-03-12 06:00:00,0.00335,0.00337,0.00334,0.00337,9078080.0
2026-03-12 07:00:00,0.00336,0.00339,0.00335,0.00339,28293255.0
2026-03-12 08:00:00,0.00339,0.0034,0.00337,0.00338,22960646.0
2026-03-12 09:00:00,0.00338,0.00343,0.00337,0.00341,48758661.0
2026-03-12 10:00:00,0.00341,0.00343,0.0034,0.00341,40531787.0
2026-03-12 11:00:00,0.00341,0.00341,0.00335,0.00336,58517903.0
2026-03-12 12:00:00,0.00336,0.00337,0.00333,0.00334,47391449.0
2026-03-12 13:00:00,0.00334,0.00336,0.0033,0.00333,52130556.0
2026-03-12 14:00:00,0.00333,0.00336,0.00329,0.00332,58883144.0
2026-03-12 15:00:00,0.00333,0.00337,0.00332,0.00335,53719910.0
2026-03-12 16:00:00,0.00335,0.00339,0.00334,0.00337,28806845.0
2026-03-12 17:00:00,0.00338,0.00338,0.00335,0.00335,27847029.0
2026-03-12 18:00:00,0.00335,0.00335,0.00332,0.00333,23769440.0
2026-03-12 19:00:00,0.00333,0.00336,0.0033,0.00335,55782491.0
2026-03-12 20:00:00,0.00334,0.00335,0.00331,0.00332,15101504.0
2026-03-12 21:00:00,0.00332,0.00337,0.00332,0.00337,15727575.0
2026-03-12 22:00:00,0.00337,0.00337,0.00334,0.00335,23711727.0
2026-03-12 23:00:00,0.00335,0.00336,0.00333,0.00334,52506001.0
2026-03-13 00:00:00,0.00335,0.00343,0.00334,0.00338,105153000.0
2026-03-13 01:00:00,0.00338,0.00347,0.00338,0.00347,70281557.0
2026-03-13 02:00:00,0.00346,0.00348,0.00342,0.00343,58884000.0
2026-03-13 03:00:00,0.00343,0.0035,0.00342,0.00349,82812802.0
2026-03-13 04:00:00,0.00349,0.00351,0.00345,0.00346,36676356.0
2026-03-13 05:00:00,0.00346,0.0035,0.00345,0.00349,44280461.0
2026-03-13 06:00:00,0.00349,0.0035,0.00346,0.00348,55134168.0
2026-03-13 07:00:00,0.00349,0.00352,0.00347,0.00351,62912198.0
2026-03-13 08:00:00,0.0035,0.00357,0.00349,0.00352,90028143.0
2026-03-13 09:00:00,0.00352,0.00355,0.00351,0.00354,79249240.0
2026-03-13 10:00:00,0.00353,0.00361,0.00353,0.0036,100120508.0
2026-03-13 11:00:00,0.0036,0.0036,0.00353,0.00355,69344453.0
2026-03-13 12:00:00,0.00354,0.00358,0.00354,0.00355,52119869.0
2026-03-13 13:00:00,0.00355,0.00361,0.00355,0.00357,93852341.0
2026-03-13 14:00:00,0.00358,0.00359,0.00352,0.00354,105827411.0
2026-03-13 15:00:00,0.00353,0.00358,0.00352,0.00355,101876912.0
2026-03-13 16:00:00,0.00355,0.00357,0.00352,0.00355,58041660.0
2026-03-13 17:00:00,0.00356,0.00357,0.00348,0.0035,63162734.0
2026-03-13 18:00:00,0.00351,0.00352,0.00348,0.0035,36591884.0
2026-03-13 19:00:00,0.0035,0.00354,0.00349,0.00353,27172678.0
2026-03-13 20:00:00,0.00353,0.00358,0.00352,0.00357,96712292.0
2026-03-13 21:00:00,0.00357,0.00366,0.00354,0.00354,373604854.0
2026-03-13 22:00:00,0.00355,0.00356,0.00348,0.0035,63477315.0
2026-03-13 23:00:00,0.0035,0.00353,0.0035,0.00352,26971799.0
2026-03-14 00:00:00,0.00353,0.00353,0.00348,0.00348,53923981.0
2026-03-14 01:00:00,0.00348,0.00351,0.00347,0.0035,22027568.0
2026-03-14 02:00:00,0.0035,0.00352,0.00349,0.00351,42064936.0
2026-03-14 03:00:00,0.00351,0.00354,0.0035,0.00353,26804118.0
2026-03-14 04:00:00,0.00354,0.00359,0.00351,0.00352,77573948.0
2026-03-14 05:00:00,0.00352,0.00352,0.00348,0.00349,23151909.0
2026-03-14 06:00:00,0.00349,0.0035,0.00342,0.00345,53268164.0
2026-03-14 07:00:00,0.00345,0.00346,0.00341,0.00343,26607094.0
2026-03-14 08:00:00,0.00342,0.00344,0.0034,0.00342,29053853.0
2026-03-14 09:00:00,0.00342,0.00342,0.00339,0.00341,23899100.0
2026-03-14 10:00:00,0.00341,0.00341,0.00339,0.00339,11331878.0
2026-03-14 11:00:00,0.00339,0.00341,0.00339,0.00341,11748505.0
2026-03-14 12:00:00,0.0034,0.00341,0.00337,0.0034,29696181.0
2026-03-14 13:00:00,0.00339,0.00344,0.00339,0.00342,26379310.0
2026-03-14 14:00:00,0.00342,0.00346,0.00341,0.00342,23079822.0
2026-03-14 15:00:00,0.00341,0.00343,0.00338,0.00341,54778872.0
2026-03-14 16:00:00,0.00341,0.00343,0.00339,0.00342,26631863.0
2026-03-14 17:00:00,0.00342,0.00343,0.00339,0.00339,18923742.0
2026-03-14 18:00:00,0.0034,0.00341,0.00338,0.0034,21859327.0
2026-03-14 19:00:00,0.00341,0.00341,0.00338,0.00339,20632302.0
2026-03-14 20:00:00,0.00339,0.00339,0.00337,0.00337,33267505.0
2026-03-14 21:00:00,0.00337,0.00338,0.00335,0.00336,35231341.0
2026-03-14 22:00:00,0.00336,0.00337,0.00335,0.00336,6605045.0
2026-03-14 23:00:00,0.00336,0.0034,0.00336,0.00339,21699496.0
2026-03-15 00:00:00,0.0034,0.00341,0.00338,0.0034,41487947.0
2026-03-15 01:00:00,0.0034,0.00345,0.00338,0.00344,82442720.0
2026-03-15 02:00:00,0.00345,0.00349,0.00345,0.00348,35845734.0
2026-03-15 03:00:00,0.00348,0.00348,0.00343,0.00344,41764162.0
2026-03-15 04:00:00,0.00344,0.00345,0.00341,0.00342,25789348.0
2026-03-15 05:00:00,0.00342,0.00342,0.00339,0.0034,22554133.0
2026-03-15 06:00:00,0.0034,0.00342,0.00338,0.0034,29767804.0
2026-03-15 07:00:00,0.0034,0.00342,0.00339,0.00341,19774847.0
2026-03-15 08:00:00,0.00341,0.00342,0.0034,0.00342,7959664.0
2026-03-15 09:00:00,0.00342,0.00345,0.00341,0.00344,51626470.0
2026-03-15 10:00:00,0.00344,0.00347,0.00344,0.00347,23876236.0
2026-03-15 11:00:00,0.00346,0.0035,0.00346,0.00348,28215792.0
2026-03-15 12:00:00,0.00348,0.00348,0.00346,0.00346,17440613.0
2026-03-15 13:00:00,0.00346,0.00347,0.00342,0.00343,43026228.0
2026-03-15 14:00:00,0.00344,0.00346,0.00342,0.00345,28195405.0
2026-03-15 15:00:00,0.00346,0.00346,0.00342,0.00343,40501104.0
2026-03-15 16:00:00,0.00343,0.00346,0.00343,0.00344,13454638.0
2026-03-15 17:00:00,0.00344,0.00351,0.00343,0.00349,22884336.0
2026-03-15 18:00:00,0.0035,0.00352,0.00346,0.00346,24421098.0
2026-03-15 19:00:00,0.00347,0.00351,0.00346,0.00351,38647662.0
2026-03-15 20:00:00,0.00351,0.00353,0.00348,0.0035,22133654.0
2026-03-15 21:00:00,0.0035,0.00353,0.0035,0.00351,22699673.0
2026-03-15 22:00:00,0.00352,0.00354,0.00349,0.00354,34368617.0
2026-03-15 23:00:00,0.00354,0.00355,0.00347,0.0035,35021507.0
2026-03-16 00:00:00,0.00349,0.00353,0.00348,0.00352,33440021.0
2026-03-16 01:00:00,0.00352,0.00355,0.00349,0.00353,50923636.0
2026-03-16 02:00:00,0.00354,0.00355,0.0035,0.00354,16604023.0
2026-03-16 03:00:00,0.00354,0.00364,0.00353,0.00359,76497151.0
2026-03-16 04:00:00,0.0036,0.00361,0.00357,0.0036,29900772.0
2026-03-16 05:00:00,0.0036,0.00362,0.00358,0.00361,21615187.0
2026-03-16 06:00:00,0.0036,0.00365,0.00358,0.00362,56300766.0
2026-03-16 07:00:00,0.00363,0.00366,0.00361,0.00363,41125213.0
2026-03-16 08:00:00,0.00364,0.00368,0.0036,0.00362,80881489.0
2026-03-16 09:00:00,0.00363,0.00366,0.00363,0.00365,31233846.0
2026-03-16 10:00:00,0.00364,0.00364,0.00359,0.00361,24085209.0
2026-03-16 11:00:00,0.00362,0.00362,0.00358,0.00359,19743919.0
2026-03-16 12:00:00,0.00359,0.00361,0.00358,0.00359,22482441.0
2026-03-16 13:00:00,0.00359,0.00362,0.00357,0.00359,26670993.0
2026-03-16 14:00:00,0.00359,0.00362,0.00355,0.00359,45211844.0
2026-03-16 15:00:00,0.00359,0.00361,0.00358,0.00358,23494465.0
2026-03-16 16:00:00,0.00359,0.00365,0.00358,0.00363,46942338.0
2026-03-16 17:00:00,0.00363,0.00364,0.0036,0.00362,18563043.0
2026-03-16 18:00:00,0.00362,0.00364,0.00359,0.00359,18526320.0
2026-03-16 19:00:00,0.0036,0.00364,0.00359,0.00361,12357436.0
2026-03-16 20:00:00,0.00362,0.00364,0.0036,0.00363,7606751.0
2026-03-16 21:00:00,0.00364,0.00369,0.00363,0.00367,31937260.0
2026-03-16 22:00:00,0.00367,0.00371,0.00366,0.00369,43384228.0
2026-03-16 23:00:00,0.00369,0.00372,0.00366,0.00369,31200613.0
2026-03-17 00:00:00,0.00369,0.0037,0.00362,0.00369,62402157.0
2026-03-17 01:00:00,0.00369,0.0037,0.00365,0.00367,66633594.0
2026-03-17 02:00:00,0.00367,0.00369,0.00365,0.00368,17025066.0
2026-03-17 03:00:00,0.00368,0.00369,0.00361,0.00363,28565480.0
2026-03-17 04:00:00,0.00364,0.00365,0.00359,0.00361,28411864.0
2026-03-17 05:00:00,0.00362,0.00363,0.0036,0.00362,28202064.0
2026-03-17 06:00:00,0.00363,0.00364,0.0036,0.0036,11208631.0
2026-03-17 07:00:00,0.00361,0.00363,0.0036,0.00361,8731548.0
2026-03-17 08:00:00,0.00361,0.00362,0.00359,0.0036,14304762.0
2026-03-17 09:00:00,0.0036,0.00361,0.00358,0.0036,13646358.0
2026-03-17 10:00:00,0.0036,0.00362,0.00359,0.00361,14103241.0
2026-03-17 11:00:00,0.00361,0.00363,0.0036,0.00361,6676321.0
2026-03-17 12:00:00,0.0036,0.00361,0.00355,0.00356,38353740.0
2026-03-17 13:00:00,0.00356,0.00358,0.00354,0.00355,33149477.0
2026-03-17 14:00:00,0.00355,0.00358,0.00353,0.00357,21782807.0
2026-03-17 15:00:00,0.00358,0.0036,0.00355,0.00359,21643926.0
2026-03-17 16:00:00,0.00359,0.00361,0.00358,0.0036,22059559.0
2026-03-17 17:00:00,0.00361,0.00364,0.00359,0.00362,18670494.0
2026-03-17 18:00:00,0.00363,0.00365,0.00361,0.00363,20604574.0
2026-03-17 19:00:00,0.00363,0.00363,0.00361,0.00361,28341631.0
2026-03-17 20:00:00,0.0036,0.00362,0.0036,0.00362,10198513.0
2026-03-17 21:00:00,0.00362,0.00365,0.00362,0.00363,14745711.0
2026-03-17 22:00:00,0.00364,0.00365,0.0036,0.00362,29099955.0
2026-03-17 23:00:00,0.00363,0.00364,0.00359,0.00359,26412460.0
2026-03-18 00:00:00,0.00359,0.0036,0.00357,0.0036,26824268.0
2026-03-18 01:00:00,0.0036,0.00363,0.00359,0.00363,26046299.0
2026-03-18 02:00:00,0.00362,0.00365,0.00362,0.00364,18228347.0
2026-03-18 03:00:00,0.00364,0.00368,0.00364,0.00365,22657419.0
2026-03-18 04:00:00,0.00366,0.00366,0.00362,0.00364,10901748.0
2026-03-18 05:00:00,0.00365,0.00369,0.00364,0.00364,31424644.0
2026-03-18 06:00:00,0.00365,0.00368,0.00364,0.00365,11631606.0
2026-03-18 07:00:00,0.00365,0.00368,0.00363,0.00368,19586551.0
2026-03-18 08:00:00,0.00368,0.00371,0.00367,0.00368,22874075.0
2026-03-18 09:00:00,0.00368,0.0037,0.00367,0.00369,18965690.0
2026-03-18 10:00:00,0.00369,0.00369,0.00365,0.00366,28778898.0
2026-03-18 11:00:00,0.00365,0.00365,0.00349,0.00352,108266204.0
2026-03-18 12:00:00,0.00352,0.00352,0.00346,0.00347,53206019.0
2026-03-18 13:00:00,0.00347,0.00351,0.00345,0.00347,105059813.0
2026-03-18 14:00:00,0.00347,0.00348,0.00339,0.0034,101548107.0
2026-03-18 15:00:00,0.0034,0.00341,0.00337,0.00339,78216427.0
2026-03-18 16:00:00,0.00339,0.00341,0.00337,0.00339,54871085.0
2026-03-18 17:00:00,0.00339,0.00344,0.00336,0.00341,49315564.0
2026-03-18 18:00:00,0.00342,0.00346,0.0034,0.00342,39714643.0
2026-03-18 19:00:00,0.00343,0.00346,0.00341,0.00342,31421910.0
2026-03-18 20:00:00,0.00342,0.00344,0.00338,0.00343,29787794.0
2026-03-18 21:00:00,0.00343,0.00347,0.00343,0.00347,22092715.0
2026-03-18 22:00:00,0.00347,0.00347,0.00343,0.00345,17777196.0
2026-03-18 23:00:00,0.00345,0.00346,0.00343,0.00346,14549318.0
2026-03-19 00:00:00,0.00346,0.00346,0.00343,0.00344,27899567.0
2026-03-19 01:00:00,0.00344,0.00344,0.00342,0.00343,27619653.0
2026-03-19 02:00:00,0.00342,0.00343,0.0034,0.00341,11621943.0
2026-03-19 03:00:00,0.00341,0.00346,0.00341,0.00343,17342719.0
2026-03-19 04:00:00,0.00342,0.00343,0.0034,0.00341,15867183.0
2026-03-19 05:00:00,0.00341,0.00341,0.00337,0.00338,20596585.0
2026-03-19 06:00:00,0.00338,0.0034,0.00337,0.00338,25644970.0
2026-03-19 07:00:00,0.00339,0.0034,0.00334,0.00336,30060226.0
2026-03-19 08:00:00,0.00335,0.00337,0.00334,0.00335,14944280.0
2026-03-19 09:00:00,0.00335,0.00339,0.00335,0.00339,20706045.0
2026-03-19 10:00:00,0.00339,0.00339,0.00336,0.00336,9791571.0
2026-03-19 11:00:00,0.00336,0.00338,0.00336,0.00336,34383638.0
2026-03-19 12:00:00,0.00336,0.00337,0.00331,0.00332,80653448.0
2026-03-19 13:00:00,0.00332,0.00334,0.00328,0.00334,49518621.0
2026-03-19 14:00:00,0.00334,0.00335,0.0033,0.00333,57144250.0
2026-03-19 15:00:00,0.00332,0.00333,0.00328,0.00333,38088412.0
2026-03-19 16:00:00,0.00332,0.00332,0.00329,0.0033,19352463.0
2026-03-19 17:00:00,0.0033,0.00334,0.00329,0.00333,19496328.0
2026-03-19 18:00:00,0.00333,0.00333,0.00331,0.00333,21082971.0
2026-03-19 19:00:00,0.00333,0.00337,0.00333,0.00335,41504646.0
2026-03-19 20:00:00,0.00334,0.00337,0.00334,0.00336,7305956.0
2026-03-19 21:00:00,0.00336,0.00337,0.00335,0.00336,9424566.0
2026-03-19 22:00:00,0.00336,0.00337,0.00334,0.00336,14048663.0
2026-03-19 23:00:00,0.00336,0.00337,0.00335,0.00336,39981430.0
2026-03-20 00:00:00,0.00336,0.00338,0.00335,0.00337,21592740.0
2026-03-20 01:00:00,0.00338,0.00343,0.00338,0.00341,40622929.0
2026-03-20 02:00:00,0.00341,0.00342,0.00338,0.00339,31988381.0
2026-03-20 03:00:00,0.0034,0.00342,0.00339,0.0034,11446899.0
2026-03-20 04:00:00,0.00339,0.00342,0.00338,0.00341,53694434.0
2026-03-20 05:00:00,0.00342,0.00344,0.0034,0.00341,92308665.0
2026-03-20 06:00:00,0.00341,0.00341,0.00339,0.0034,18050324.0
2026-03-20 07:00:00,0.00339,0.0034,0.00337,0.00339,19306907.0
2026-03-20 08:00:00,0.00339,0.00342,0.00338,0.0034,8424750.0
2026-03-20 09:00:00,0.00339,0.00339,0.00336,0.00338,18726025.0
2026-03-20 10:00:00,0.00339,0.00339,0.00337,0.00338,11554429.0
2026-03-20 11:00:00,0.00337,0.00339,0.00335,0.00337,17557530.0
2026-03-20 12:00:00,0.00338,0.00338,0.00335,0.00335,16968396.0
2026-03-20 13:00:00,0.00335,0.00337,0.00334,0.00335,24259433.0
2026-03-20 14:00:00,0.00335,0.00337,0.00332,0.00334,51740407.0
2026-03-20 15:00:00,0.00334,0.00337,0.00332,0.00337,24210634.0
2026-03-20 16:00:00,0.00337,0.00337,0.00335,0.00337,18957086.0
2026-03-20 17:00:00,0.00337,0.00337,0.00335,0.00337,13382478.0
2026-03-20 18:00:00,0.00337,0.00338,0.00333,0.00334,17006897.0
2026-03-20 19:00:00,0.00334,0.00335,0.00331,0.00335,16439372.0
2026-03-20 20:00:00,0.00335,0.00335,0.00331,0.00333,16952251.0
2026-03-20 21:00:00,0.00333,0.00337,0.00332,0.00336,32821418.0
2026-03-20 22:00:00,0.00336,0.00339,0.00336,0.00336,11347912.0
2026-03-20 23:00:00,0.00336,0.00337,0.00333,0.00333,26883948.0
2026-03-21 00:00:00,0.00334,0.00335,0.00333,0.00334,9530213.0
2026-03-21 01:00:00,0.00334,0.00335,0.00333,0.00334,12182775.0
2026-03-21 02:00:00,0.00333,0.00335,0.00333,0.00335,3982599.0
2026-03-21 03:00:00,0.00335,0.00335,0.00332,0.00333,8425406.0
2026-03-21 04:00:00,0.00332,0.00334,0.00332,0.00333,9722182.0
2026-03-21 05:00:00,0.00333,0.00335,0.00333,0.00334,3927861.0
2026-03-21 06:00:00,0.00334,0.00335,0.00333,0.00334,5301772.0
2026-03-21 07:00:00,0.00335,0.00335,0.00333,0.00333,14283085.0
2026-03-21 08:00:00,0.00334,0.00335,0.00333,0.00335,23856360.0
2026-03-21 09:00:00,0.00334,0.00335,0.00333,0.00334,12383007.0
2026-03-21 10:00:00,0.00333,0.00334,0.00324,0.00331,121710985.0
2026-03-21 11:00:00,0.0033,0.00331,0.00329,0.0033,11719989.0
2026-03-21 12:00:00,0.0033,0.00332,0.0033,0.00332,16885415.0
2026-03-21 13:00:00,0.00331,0.00332,0.00331,0.00332,7118725.0
2026-03-21 14:00:00,0.00331,0.00334,0.00331,0.00333,22754449.0
2026-03-21 15:00:00,0.00333,0.00335,0.00332,0.00334,4518823.0
2026-03-21 16:00:00,0.00334,0.00335,0.00332,0.00333,44425264.0
2026-03-21 17:00:00,0.00333,0.00333,0.00331,0.00332,6165685.0
2026-03-21 18:00:00,0.00331,0.00333,0.00331,0.00332,7855303.0
2026-03-21 19:00:00,0.00331,0.00332,0.00331,0.00332,5468576.0
2026-03-21 20:00:00,0.00332,0.00334,0.00331,0.00333,17173717.0
2026-03-21 21:00:00,0.00334,0.00335,0.00332,0.00332,9117075.0
2026-03-21 22:00:00,0.00332,0.00332,0.0033,0.0033,16055540.0
2026-03-21 23:00:00,0.00331,0.00331,0.00317,0.0032,101435544.0
2026-03-22 00:00:00,0.0032,0.00323,0.00313,0.00321,126842410.0
2026-03-22 01:00:00,0.00321,0.00323,0.00318,0.0032,34348775.0
2026-03-22 02:00:00,0.0032,0.00322,0.00319,0.00321,22162700.0
2026-03-22 03:00:00,0.00321,0.00323,0.00319,0.0032,18695590.0
2026-03-22 04:00:00,0.0032,0.00322,0.0032,0.00322,15115517.0
2026-03-22 05:00:00,0.00322,0.00322,0.0032,0.00322,15668547.0
2026-03-22 06:00:00,0.00321,0.00321,0.00319,0.00321,12186709.0
2026-03-22 07:00:00,0.00321,0.00321,0.00316,0.00316,28150833.0
2026-03-22 08:00:00,0.00316,0.00317,0.0031,0.00313,136954969.0
2026-03-22 09:00:00,0.00314,0.00314,0.00311,0.00312,58518466.0
2026-03-22 10:00:00,0.00311,0.00311,0.00308,0.0031,75975469.0
2026-03-22 11:00:00,0.0031,0.00311,0.00309,0.0031,31789132.0
2026-03-22 12:00:00,0.0031,0.00313,0.00309,0.00311,35578362.0
2026-03-22 13:00:00,0.00311,0.00312,0.0031,0.00311,35405123.0
2026-03-22 14:00:00,0.00311,0.00312,0.00308,0.00309,31202740.0
2026-03-22 15:00:00,0.00309,0.00311,0.00308,0.00311,23432623.0
2026-03-22 16:00:00,0.0031,0.0031,0.00308,0.00309,18660510.0
2026-03-22 17:00:00,0.00309,0.0031,0.00306,0.00308,46507453.0
2026-03-22 18:00:00,0.00307,0.00308,0.00303,0.00306,78659707.0
2026-03-22 19:00:00,0.00305,0.00306,0.00302,0.00305,24260932.0
2026-03-22 20:00:00,0.00305,0.00306,0.00303,0.00304,24890994.0
2026-03-22 21:00:00,0.00304,0.00305,0.00298,0.00304,86610136.0
2026-03-22 22:00:00,0.00304,0.00308,0.00302,0.00308,42908684.0
2026-03-22 23:00:00,0.00307,0.00309,0.00304,0.00305,15189326.0
2026-03-23 00:00:00,0.00306,0.00307,0.00304,0.00307,23677950.0
2026-03-23 01:00:00,0.00306,0.00308,0.00306,0.00307,18505896.0
2026-03-23 02:00:00,0.00306,0.0031,0.00306,0.00308,7473977.0
2026-03-23 03:00:00,0.00308,0.00309,0.00307,0.00307,12259374.0
2026-03-23 04:00:00,0.00307,0.0031,0.00307,0.00309,10114003.0
2026-03-23 05:00:00,0.00309,0.0031,0.00307,0.00308,17424463.0
2026-03-23 06:00:00,0.00308,0.00309,0.00302,0.00304,22922690.0
2026-03-23 07:00:00,0.00303,0.00304,0.003,0.00301,43745922.0
2026-03-23 08:00:00,0.00301,0.00302,0.00299,0.003,20805377.0
2026-03-23 09:00:00,0.003,0.00306,0.00299,0.00305,41853601.0
2026-03-23 10:00:00,0.00305,0.00307,0.00305,0.00305,28824785.0
2026-03-23 11:00:00,0.00305,0.00321,0.00305,0.00315,218103524.0
2026-03-23 12:00:00,0.00315,0.00317,0.00313,0.00315,41269875.0
2026-03-23 13:00:00,0.00316,0.00321,0.00314,0.0032,16063067.0
2026-03-23 14:00:00,0.00321,0.00322,0.00318,0.0032,15664547.0
2026-03-23 15:00:00,0.00321,0.00322,0.00313,0.00313,27362765.0
2026-03-23 16:00:00,0.00313,0.00315,0.0031,0.00313,62785639.0
2026-03-23 17:00:00,0.00312,0.00314,0.0031,0.00314,64735822.0
2026-03-23 18:00:00,0.00315,0.00319,0.00313,0.00319,16563672.0
2026-03-23 19:00:00,0.00318,0.0032,0.00314,0.00314,27252044.0
2026-03-23 20:00:00,0.00314,0.00319,0.00313,0.00318,24932240.0
2026-03-23 21:00:00,0.00319,0.0032,0.00317,0.00319,11984830.0
2026-03-23 22:00:00,0.00319,0.00319,0.00317,0.00318,18195055.0
2026-03-23 23:00:00,0.00318,0.0032,0.00317,0.0032,17696858.0
2026-03-24 00:00:00,0.00321,0.00323,0.00317,0.00321,44096990.0
2026-03-24 01:00:00,0.0032,0.00321,0.00317,0.00318,26346336.0
2026-03-24 02:00:00,0.00319,0.00324,0.00318,0.0032,40001988.0
2026-03-24 03:00:00,0.0032,0.00325,0.0032,0.00325,33018378.0
2026-03-24 04:00:00,0.00325,0.00325,0.00322,0.00322,49827176.0
2026-03-24 05:00:00,0.00322,0.00323,0.00321,0.00321,7207367.0
2026-03-24 06:00:00,0.00321,0.00323,0.0032,0.00322,19535776.0
2026-03-24 07:00:00,0.00321,0.00325,0.0032,0.00324,20947536.0
2026-03-24 08:00:00,0.00324,0.00326,0.00323,0.00326,32543497.0
2026-03-24 09:00:00,0.00325,0.00327,0.00324,0.00325,46032856.0
2026-03-24 10:00:00,0.00325,0.00325,0.00318,0.00321,43045994.0
2026-03-24 11:00:00,0.00321,0.00322,0.00318,0.0032,47100409.0
2026-03-24 12:00:00,0.00321,0.00322,0.00319,0.00322,9156024.0
2026-03-24 13:00:00,0.00321,0.00322,0.00317,0.00317,45051034.0
2026-03-24 14:00:00,0.00317,0.0032,0.00315,0.00319,48178670.0
2026-03-24 15:00:00,0.00319,0.0032,0.00318,0.00319,13221230.0
2026-03-24 16:00:00,0.00318,0.00321,0.00317,0.00318,20752624.0
2026-03-24 17:00:00,0.00318,0.00318,0.00314,0.00316,22267269.0
2026-03-24 18:00:00,0.00316,0.00319,0.00314,0.00318,17763516.0
2026-03-24 19:00:00,0.00318,0.00319,0.00317,0.00319,9106604.0
2026-03-24 20:00:00,0.00319,0.00327,0.00318,0.00324,44916131.0
2026-03-24 21:00:00,0.00325,0.00325,0.00322,0.00325,15817182.0
2026-03-24 22:00:00,0.00325,0.00325,0.0032,0.0032,8638040.0
2026-03-24 23:00:00,0.0032,0.00322,0.0032,0.0032,12418772.0
2026-03-25 00:00:00,0.0032,0.00323,0.00319,0.00321,28871550.0
2026-03-25 01:00:00,0.00321,0.00323,0.0032,0.00322,6584266.0
2026-03-25 02:00:00,0.00322,0.00322,0.0032,0.00321,9752788.0
2026-03-25 03:00:00,0.0032,0.00321,0.00316,0.00319,31379963.0
2026-03-25 04:00:00,0.00318,0.00319,0.00317,0.00318,11837933.0
2026-03-25 05:00:00,0.00319,0.0032,0.00316,0.00316,12348229.0
2026-03-25 06:00:00,0.00316,0.00317,0.00315,0.00316,30607027.0
2026-03-25 07:00:00,0.00315,0.00317,0.00313,0.00315,17643597.0
2026-03-25 08:00:00,0.00315,0.00319,0.00314,0.00316,19407040.0
2026-03-25 09:00:00,0.00317,0.00321,0.00315,0.00319,33534513.0
2026-03-25 10:00:00,0.0032,0.00323,0.00318,0.0032,14806849.0
2026-03-25 11:00:00,0.0032,0.00322,0.0032,0.00321,16291303.0
2026-03-25 12:00:00,0.00321,0.00326,0.00321,0.00324,43734683.0
2026-03-25 13:00:00,0.00325,0.00326,0.0032,0.0032,50290609.0
2026-03-25 14:00:00,0.00321,0.00323,0.00318,0.00321,39529398.0
2026-03-25 15:00:00,0.0032,0.00322,0.00318,0.00319,21504695.0
2026-03-25 16:00:00,0.00319,0.00322,0.00317,0.0032,30240365.0
2026-03-25 17:00:00,0.0032,0.00322,0.00319,0.00319,8353741.0
2026-03-25 18:00:00,0.0032,0.00322,0.00318,0.00319,26440736.0
2026-03-25 19:00:00,0.0032,0.0032,0.00316,0.00317,24755071.0
2026-03-25 20:00:00,0.00317,0.00317,0.00314,0.00315,33731235.0
2026-03-25 21:00:00,0.00315,0.00316,0.00314,0.00316,19261556.0
2026-03-25 22:00:00,0.00315,0.0032,0.00315,0.00317,44404836.0
2026-03-25 23:00:00,0.00318,0.00318,0.00314,0.00315,10363889.0
2026-03-26 00:00:00,0.00316,0.00316,0.00314,0.00315,8396354.0
2026-03-26 01:00:00,0.00315,0.00316,0.00314,0.00314,10812896.0
2026-03-26 02:00:00,0.00314,0.00314,0.00309,0.00313,33758257.0
2026-03-26 03:00:00,0.00312,0.00313,0.0031,0.00311,21073274.0
2026-03-26 04:00:00,0.00312,0.00313,0.0031,0.00312,21020091.0
2026-03-26 05:00:00,0.00313,0.00313,0.0031,0.0031,29460653.0
2026-03-26 06:00:00,0.0031,0.00311,0.00307,0.0031,36626013.0
2026-03-26 07:00:00,0.0031,0.00311,0.00309,0.00311,8492371.0
2026-03-26 08:00:00,0.0031,0.00311,0.00308,0.0031,25378181.0
2026-03-26 09:00:00,0.00309,0.0031,0.00305,0.00306,34694356.0
2026-03-26 10:00:00,0.00306,0.00306,0.00303,0.00304,19153590.0
2026-03-26 11:00:00,0.00304,0.00305,0.00303,0.00304,36857455.0
2026-03-26 12:00:00,0.00303,0.00305,0.00302,0.00304,17814520.0
2026-03-26 13:00:00,0.00304,0.00307,0.00303,0.00306,47937573.0
2026-03-26 14:00:00,0.00306,0.00308,0.00304,0.00306,22192790.0
2026-03-26 15:00:00,0.00305,0.00306,0.00302,0.00302,22374980.0
2026-03-26 16:00:00,0.00303,0.00303,0.00299,0.00301,40741695.0
2026-03-26 17:00:00,0.00301,0.00304,0.00301,0.00302,17258298.0
2026-03-26 18:00:00,0.00302,0.00303,0.003,0.00302,27501517.0
2026-03-26 19:00:00,0.00302,0.00302,0.003,0.00301,14070517.0
2026-03-26 20:00:00,0.00301,0.00308,0.00299,0.00304,79602677.0
2026-03-26 21:00:00,0.00304,0.00308,0.00303,0.00306,7841870.0
2026-03-26 22:00:00,0.00306,0.00307,0.00304,0.00304,12389247.0
2026-03-26 23:00:00,0.00305,0.00305,0.00303,0.00303,44935243.0
2026-03-27 00:00:00,0.00304,0.00306,0.00304,0.00305,14911236.0
2026-03-27 01:00:00,0.00305,0.00307,0.00304,0.00307,6658208.0
2026-03-27 02:00:00,0.00307,0.00308,0.00305,0.00307,24160069.0
2026-03-27 03:00:00,0.00306,0.00307,0.00306,0.00306,4650454.0
2026-03-27 04:00:00,0.00306,0.00308,0.00304,0.00307,10496993.0
2026-03-27 05:00:00,0.00307,0.00308,0.00305,0.00306,9548448.0
2026-03-27 06:00:00,0.00307,0.00307,0.00305,0.00307,9033397.0
2026-03-27 07:00:00,0.00307,0.00308,0.00306,0.00306,13563315.0
2026-03-27 08:00:00,0.00306,0.00307,0.00302,0.00304,26623315.0
2026-03-27 09:00:00,0.00304,0.00304,0.003,0.00301,22405871.0
2026-03-27 10:00:00,0.00301,0.00302,0.00294,0.00296,71289374.0
2026-03-27 11:00:00,0.00295,0.00297,0.00294,0.00296,43226101.0
2026-03-27 12:00:00,0.00295,0.00296,0.00291,0.00294,51870372.0
2026-03-27 13:00:00,0.00293,0.00296,0.00292,0.00293,35387505.0
2026-03-27 14:00:00,0.00294,0.00296,0.00292,0.00295,32466666.0
2026-03-27 15:00:00,0.00295,0.00298,0.00293,0.00294,49479692.0
2026-03-27 16:00:00,0.00293,0.00296,0.00292,0.00295,30280617.0
2026-03-27 17:00:00,0.00295,0.00297,0.00294,0.00296,15469535.0
2026-03-27 18:00:00,0.00296,0.00296,0.00294,0.00295,20264153.0
2026-03-27 19:00:00,0.00295,0.00298,0.00294,0.00297,14413698.0
2026-03-27 20:00:00,0.00298,0.00298,0.00295,0.00296,8085965.0
2026-03-27 21:00:00,0.00297,0.00298,0.00296,0.00296,6513489.0
2026-03-27 22:00:00,0.00297,0.00298,0.00296,0.00296,6457609.0
2026-03-27 23:00:00,0.00296,0.00296,0.00294,0.00295,6287357.0
2026-03-28 00:00:00,0.00294,0.00297,0.00294,0.00296,8972266.0
2026-03-28 01:00:00,0.00295,0.00295,0.00292,0.00294,18576842.0
2026-03-28 02:00:00,0.00294,0.00295,0.00291,0.00291,24554696.0
2026-03-28 03:00:00,0.00291,0.00293,0.00291,0.00292,3746898.0
2026-03-28 04:00:00,0.00292,0.00294,0.00291,0.00292,23083934.0
2026-03-28 05:00:00,0.00292,0.00292,0.0029,0.00292,5375222.0
2026-03-28 06:00:00,0.00292,0.00294,0.00291,0.00292,20560772.0
2026-03-28 07:00:00,0.00291,0.00293,0.00291,0.00292,11096382.0
2026-03-28 08:00:00,0.00292,0.00293,0.00291,0.00292,9931345.0
2026-03-28 09:00:00,0.00292,0.00292,0.00288,0.0029,57235520.0
2026-03-28 10:00:00,0.0029,0.00292,0.00289,0.0029,27977510.0
2026-03-28 11:00:00,0.0029,0.00291,0.00289,0.00291,3798594.0
2026-03-28 12:00:00,0.00291,0.00292,0.0029,0.00291,10048516.0
2026-03-28 13:00:00,0.00291,0.00298,0.0029,0.00295,35925763.0
2026-03-28 14:00:00,0.00296,0.00296,0.00292,0.00293,15608453.0
2026-03-28 15:00:00,0.00292,0.00296,0.00291,0.00294,24227006.0
2026-03-28 16:00:00,0.00294,0.00295,0.00293,0.00294,16381064.0
2026-03-28 17:00:00,0.00295,0.00295,0.00291,0.00293,13850723.0
2026-03-28 18:00:00,0.00292,0.00293,0.00292,0.00292,4232256.0
2026-03-28 19:00:00,0.00292,0.00292,0.00289,0.00289,11676417.0
2026-03-28 20:00:00,0.00289,0.00292,0.00289,0.00291,11391196.0
2026-03-28 21:00:00,0.00291,0.00291,0.00285,0.00287,38235237.0
2026-03-28 22:00:00,0.00286,0.00289,0.00286,0.00288,12627634.0
2026-03-28 23:00:00,0.00287,0.00288,0.00282,0.00283,25728427.0
2026-03-29 00:00:00,0.00283,0.00284,0.00281,0.00283,17117314.0
2026-03-29 01:00:00,0.00284,0.00285,0.00283,0.00285,13765071.0
2026-03-29 02:00:00,0.00284,0.00286,0.00284,0.00285,3131426.0
2026-03-29 03:00:00,0.00285,0.00287,0.00284,0.00285,17977548.0
2026-03-29 04:00:00,0.00285,0.00285,0.00283,0.00284,3665691.0
2026-03-29 05:00:00,0.00284,0.00284,0.00282,0.00284,3868693.0
2026-03-29 06:00:00,0.00283,0.00285,0.00283,0.00285,9004039.0
2026-03-29 07:00:00,0.00285,0.00285,0.00282,0.00282,16232013.0
2026-03-29 08:00:00,0.00282,0.00283,0.00282,0.00283,6699942.0
2026-03-29 09:00:00,0.00283,0.00284,0.00282,0.00282,6094530.0
2026-03-29 10:00:00,0.00282,0.00283,0.0028,0.00281,15355633.0
2026-03-29 11:00:00,0.00282,0.00284,0.0028,0.00281,14505506.0
2026-03-29 12:00:00,0.00281,0.00282,0.00279,0.00281,21213869.0
2026-03-29 13:00:00,0.00281,0.00281,0.00278,0.00279,33685844.0
2026-03-29 14:00:00,0.00279,0.0028,0.00276,0.00278,31133798.0
2026-03-29 15:00:00,0.00278,0.00279,0.00275,0.00277,31796191.0
2026-03-29 16:00:00,0.00277,0.00281,0.00276,0.00278,28553855.0
2026-03-29 17:00:00,0.00279,0.0028,0.00276,0.00279,9879326.0
2026-03-29 18:00:00,0.00279,0.00279,0.00277,0.00278,9805309.0
2026-03-29 19:00:00,0.00278,0.00278,0.00276,0.00277,14281803.0
2026-03-29 20:00:00,0.00277,0.0028,0.00277,0.00278,10604649.0
2026-03-29 21:00:00,0.00279,0.0028,0.00278,0.00279,14121326.0
2026-03-29 22:00:00,0.00278,0.00278,0.00268,0.00275,51048075.0
2026-03-29 23:00:00,0.00275,0.00278,0.00275,0.00278,21860409.0
2026-03-30 00:00:00,0.00278,0.00285,0.00278,0.00283,17828903.0
2026-03-30 01:00:00,0.00283,0.00287,0.00283,0.00285,14405780.0
2026-03-30 02:00:00,0.00286,0.00289,0.00285,0.00287,15427145.0
2026-03-30 03:00:00,0.00286,0.00287,0.00285,0.00286,6085796.0
2026-03-30 04:00:00,0.00286,0.00289,0.00286,0.00289,6216446.0
2026-03-30 05:00:00,0.00289,0.0029,0.00285,0.00287,8717303.0
2026-03-30 06:00:00,0.00287,0.00289,0.00285,0.00289,6778050.0
2026-03-30 07:00:00,0.00289,0.00293,0.00287,0.00292,19499255.0
2026-03-30 08:00:00,0.00292,0.00295,0.00291,0.00293,34513629.0
2026-03-30 09:00:00,0.00293,0.00294,0.00289,0.0029,17648469.0
2026-03-30 10:00:00,0.0029,0.00292,0.00289,0.00291,13616858.0
2026-03-30 11:00:00,0.00291,0.00299,0.00291,0.00293,29507190.0
2026-03-30 12:00:00,0.00293,0.00296,0.00293,0.00294,18558846.0
2026-03-30 13:00:00,0.00295,0.00296,0.00291,0.00292,17976038.0
2026-03-30 14:00:00,0.00292,0.00293,0.00289,0.00291,36843207.0
2026-03-30 15:00:00,0.00291,0.00291,0.00287,0.00288,17666089.0
2026-03-30 16:00:00,0.00288,0.0029,0.00287,0.0029,9986993.0
2026-03-30 17:00:00,0.00289,0.00289,0.00284,0.00286,13870228.0
2026-03-30 18:00:00,0.00286,0.00287,0.00283,0.00284,18836995.0
2026-03-30 19:00:00,0.00285,0.00286,0.00282,0.00286,16155046.0
2026-03-30 20:00:00,0.00286,0.00286,0.00284,0.00286,6888854.0
2026-03-30 21:00:00,0.00286,0.00289,0.00285,0.00289,5953997.0
2026-03-30 22:00:00,0.00288,0.0029,0.00287,0.00288,4325243.0
2026-03-30 23:00:00,0.00288,0.0029,0.00286,0.00288,28602485.0
2026-03-31 00:00:00,0.00289,0.0029,0.00286,0.00289,25082202.0
2026-03-31 01:00:00,0.00289,0.00294,0.00288,0.00291,16059947.0
2026-03-31 02:00:00,0.00291,0.00294,0.00291,0.00293,4096622.0
2026-03-31 03:00:00,0.00292,0.00292,0.0029,0.00291,8369522.0
2026-03-31 04:00:00,0.00291,0.00293,0.00289,0.0029,10714402.0
2026-03-31 05:00:00,0.0029,0.00292,0.00289,0.00292,2805613.0
2026-03-31 06:00:00,0.00291,0.00293,0.0029,0.00293,24286736.0
2026-03-31 07:00:00,0.00293,0.00294,0.00292,0.00293,20537806.0
2026-03-31 08:00:00,0.00293,0.00293,0.00288,0.00288,26084727.0
2026-03-31 09:00:00,0.00288,0.00289,0.00285,0.00286,15610469.0
2026-03-31 10:00:00,0.00287,0.00289,0.00287,0.00288,9632665.0
2026-03-31 11:00:00,0.00288,0.00291,0.00287,0.0029,9820404.0
2026-03-31 12:00:00,0.00289,0.00291,0.00288,0.00289,14936233.0
2026-03-31 13:00:00,0.00289,0.00293,0.00288,0.00292,14437490.0
2026-03-31 14:00:00,0.00293,0.00296,0.0029,0.0029,22834611.0
2026-03-31 15:00:00,0.00291,0.00294,0.00289,0.00289,16225983.0
2026-03-31 16:00:00,0.00289,0.00294,0.00288,0.00294,33414716.0
2026-03-31 17:00:00,0.00294,0.00297,0.00291,0.00292,23927956.0
2026-03-31 18:00:00,0.00293,0.00295,0.00292,0.00294,9281749.0
2026-03-31 19:00:00,0.00293,0.00295,0.00292,0.00294,12019140.0
2026-03-31 20:00:00,0.00294,0.00294,0.00292,0.00293,7359730.0
2026-03-31 21:00:00,0.00293,0.00293,0.00291,0.00291,10934378.0
2026-03-31 22:00:00,0.00291,0.00291,0.00289,0.00289,5172782.0
2026-03-31 23:00:00,0.00289,0.00291,0.00289,0.0029,2921342.0
2026-04-01 00:00:00,0.0029,0.00291,0.00288,0.0029,12300239.0
2026-04-01 01:00:00,0.00291,0.00291,0.00288,0.00288,1747614.0
2026-04-01 02:00:00,0.00289,0.00291,0.00288,0.00289,13729338.0
2026-04-01 03:00:00,0.0029,0.00296,0.0029,0.00295,10558339.0
2026-04-01 04:00:00,0.00295,0.00298,0.00294,0.00295,12457180.0
2026-04-01 05:00:00,0.00295,0.00298,0.00295,0.00297,14541284.0
2026-04-01 06:00:00,0.00296,0.00306,0.00296,0.00298,63149746.0
2026-04-01 07:00:00,0.00299,0.00299,0.00296,0.00297,17522714.0
2026-04-01 08:00:00,0.00297,0.00299,0.00296,0.00298,16317225.0
2026-04-01 09:00:00,0.00298,0.00298,0.00295,0.00295,11912087.0
2026-04-01 10:00:00,0.00296,0.00297,0.00295,0.00296,5721700.0
2026-04-01 11:00:00,0.00297,0.00299,0.00295,0.00299,11953226.0
2026-04-01 12:00:00,0.00299,0.00305,0.00298,0.00301,39972308.0
2026-04-01 13:00:00,0.003,0.00302,0.00296,0.00297,17477294.0
2026-04-01 14:00:00,0.00297,0.003,0.00296,0.00298,9707641.0
2026-04-01 15:00:00,0.00299,0.003,0.00298,0.003,7572894.0
2026-04-01 16:00:00,0.003,0.00301,0.00299,0.003,5707856.0
2026-04-01 17:00:00,0.003,0.00302,0.00296,0.00297,12492758.0
2026-04-01 18:00:00,0.00296,0.00297,0.00294,0.00295,10841390.0
2026-04-01 19:00:00,0.00295,0.00297,0.00294,0.00297,2862947.0
2026-04-01 20:00:00,0.00296,0.00296,0.00292,0.00295,12536989.0
2026-04-01 21:00:00,0.00294,0.00298,0.00294,0.00298,6918075.0
2026-04-01 22:00:00,0.00297,0.00298,0.00293,0.00294,8427310.0
2026-04-01 23:00:00,0.00293,0.00294,0.00292,0.00293,16741731.0
2026-04-02 00:00:00,0.00294,0.00295,0.00293,0.00294,11434485.0
2026-04-02 01:00:00,0.00294,0.00295,0.00286,0.00288,55805193.0
2026-04-02 02:00:00,0.00288,0.00288,0.00284,0.00286,17404663.0
2026-04-02 03:00:00,0.00286,0.00287,0.00284,0.00285,7608775.0
2026-04-02 04:00:00,0.00284,0.00286,0.00284,0.00284,6249657.0
2026-04-02 05:00:00,0.00285,0.00286,0.00283,0.00286,10244820.0
2026-04-02 06:00:00,0.00285,0.00289,0.00285,0.00286,12080005.0
2026-04-02 07:00:00,0.00287,0.00288,0.00286,0.00288,4940381.0
2026-04-02 08:00:00,0.00287,0.00288,0.00285,0.00286,4337816.0
2026-04-02 09:00:00,0.00286,0.00287,0.00283,0.00284,16102017.0
2026-04-02 10:00:00,0.00284,0.00285,0.00282,0.00285,12126320.0
2026-04-02 11:00:00,0.00285,0.00285,0.00283,0.00284,13294135.0
2026-04-02 12:00:00,0.00284,0.00284,0.00281,0.00283,11599517.0
2026-04-02 13:00:00,0.00283,0.00283,0.0028,0.00281,16747317.0
2026-04-02 14:00:00,0.00281,0.00288,0.00281,0.00288,20458827.0
2026-04-02 15:00:00,0.00288,0.00288,0.00283,0.00285,19933937.0
2026-04-02 16:00:00,0.00286,0.00289,0.00284,0.00286,20984369.0
2026-04-02 17:00:00,0.00286,0.00289,0.00284,0.00285,11469193.0
2026-04-02 18:00:00,0.00285,0.00287,0.00283,0.00285,7182172.0
2026-04-02 19:00:00,0.00286,0.00286,0.00283,0.00284,9197586.0
2026-04-02 20:00:00,0.00285,0.00286,0.00283,0.00286,8865881.0
2026-04-02 21:00:00,0.00286,0.00286,0.00283,0.00286,10393017.0
2026-04-02 22:00:00,0.00285,0.00286,0.00285,0.00285,3187793.0
2026-04-02 23:00:00,0.00286,0.00286,0.00285,0.00286,11214577.0
2026-04-03 00:00:00,0.00286,0.00287,0.00284,0.00286,6835687.0
2026-04-03 01:00:00,0.00286,0.00288,0.00284,0.00285,5691671.0
2026-04-03 02:00:00,0.00285,0.00287,0.00283,0.00287,12784896.0
2026-04-03 03:00:00,0.00287,0.00289,0.00286,0.00288,10936505.0
2026-04-03 04:00:00,0.00288,0.00291,0.00286,0.00289,14346279.0
2026-04-03 05:00:00,0.0029,0.00293,0.00288,0.00291,15310364.0
2026-04-03 06:00:00,0.00291,0.00294,0.00291,0.00293,14853007.0
2026-04-03 07:00:00,0.00293,0.00293,0.0029,0.0029,15038478.0
2026-04-03 08:00:00,0.00291,0.00295,0.0029,0.00293,23911929.0
2026-04-03 09:00:00,0.00294,0.00297,0.00293,0.00295,15625993.0
2026-04-03 10:00:00,0.00295,0.00296,0.00293,0.00293,18628197.0
2026-04-03 11:00:00,0.00294,0.00295,0.00292,0.00294,5470814.0
2026-04-03 12:00:00,0.00294,0.00298,0.00293,0.00294,22682322.0
2026-04-03 13:00:00,0.00294,0.00295,0.00292,0.00293,14462358.0
2026-04-03 14:00:00,0.00293,0.00294,0.00291,0.00293,7213032.0
2026-04-03 15:00:00,0.00293,0.00293,0.00291,0.00292,5328938.0
2026-04-03 16:00:00,0.00291,0.00293,0.0029,0.00292,12336926.0
2026-04-03 17:00:00,0.00293,0.00293,0.0029,0.00292,10907297.0
2026-04-03 18:00:00,0.00292,0.00294,0.00291,0.00291,7444273.0
2026-04-03 19:00:00,0.00291,0.00292,0.0029,0.00291,7282419.0
2026-04-03 20:00:00,0.00292,0.00293,0.0029,0.00292,13515050.0
2026-04-03 21:00:00,0.00292,0.00294,0.00292,0.00293,13602306.0
2026-04-03 22:00:00,0.00293,0.00293,0.0029,0.00291,5656465.0
2026-04-03 23:00:00,0.0029,0.00291,0.00289,0.0029,6114787.0
2026-04-04 00:00:00,0.0029,0.0029,0.00286,0.00288,8777599.0
2026-04-04 01:00:00,0.00288,0.00289,0.00287,0.00288,3837231.0
2026-04-04 02:00:00,0.00287,0.00288,0.00285,0.00285,13923895.0
2026-04-04 03:00:00,0.00285,0.00287,0.00285,0.00286,5135866.0
2026-04-04 04:00:00,0.00286,0.00289,0.00285,0.00289,19492811.0
2026-04-04 05:00:00,0.00288,0.00292,0.00287,0.00289,26826863.0
2026-04-04 06:00:00,0.00289,0.00291,0.00288,0.00291,10789412.0
2026-04-04 07:00:00,0.0029,0.00291,0.00289,0.0029,7715678.0
2026-04-04 08:00:00,0.00289,0.0029,0.00288,0.00288,3634212.0
2026-04-04 09:00:00,0.00289,0.0029,0.00288,0.00289,9443992.0
2026-04-04 10:00:00,0.00289,0.0029,0.00288,0.0029,4334848.0
2026-04-04 11:00:00,0.0029,0.0029,0.00288,0.0029,7633127.0
2026-04-04 12:00:00,0.00289,0.0029,0.00288,0.00288,5604506.0
2026-04-04 13:00:00,0.00288,0.00289,0.00287,0.00288,12392836.0
2026-04-04 14:00:00,0.00288,0.0029,0.00286,0.0029,15757514.0
2026-04-04 15:00:00,0.0029,0.00293,0.0029,0.0029,15457711.0
2026-04-04 16:00:00,0.00291,0.00291,0.00289,0.0029,11035770.0
2026-04-04 17:00:00,0.0029,0.00293,0.00289,0.00292,16873666.0
2026-04-04 18:00:00,0.00291,0.00292,0.0029,0.00291,13585200.0
2026-04-04 19:00:00,0.00291,0.00294,0.0029,0.00292,19529239.0
2026-04-04 20:00:00,0.00291,0.00292,0.0029,0.0029,4004600.0
2026-04-04 21:00:00,0.0029,0.00291,0.0029,0.00291,1885753.0
2026-04-04 22:00:00,0.0029,0.00292,0.0029,0.0029,2999440.0
2026-04-04 23:00:00,0.00291,0.00294,0.0029,0.00293,18769249.0
2026-04-05 00:00:00,0.00293,0.00293,0.0029,0.0029,11488038.0
2026-04-05 01:00:00,0.00289,0.0029,0.00288,0.00289,3754704.0
2026-04-05 02:00:00,0.00288,0.00289,0.00288,0.00288,4322889.0
2026-04-05 03:00:00,0.00288,0.00288,0.00287,0.00288,4188462.0
2026-04-05 04:00:00,0.00288,0.00288,0.00286,0.00286,5176459.0
2026-04-05 05:00:00,0.00287,0.00287,0.00283,0.00284,8977775.0
2026-04-05 06:00:00,0.00284,0.00284,0.00281,0.00283,19978967.0
2026-04-05 07:00:00,0.00282,0.00283,0.00282,0.00282,9436122.0
2026-04-05 08:00:00,0.00282,0.00284,0.00281,0.00283,9238954.0
2026-04-05 09:00:00,0.00284,0.00285,0.00283,0.00284,13527011.0
2026-04-05 10:00:00,0.00285,0.00286,0.00283,0.00284,8009699.0
2026-04-05 11:00:00,0.00283,0.00285,0.00282,0.00285,19642083.0
2026-04-05 12:00:00,0.00285,0.00285,0.00282,0.00282,6398178.0
2026-04-05 13:00:00,0.00282,0.00284,0.00281,0.00284,15627786.0
2026-04-05 14:00:00,0.00284,0.00284,0.00281,0.00282,11494823.0
2026-04-05 15:00:00,0.00282,0.00286,0.0028,0.00284,23580583.0
2026-04-05 16:00:00,0.00284,0.00285,0.00283,0.00283,29123299.0
2026-04-05 17:00:00,0.00283,0.00285,0.00282,0.00284,7629433.0
2026-04-05 18:00:00,0.00284,0.00285,0.00283,0.00283,4840227.0
2026-04-05 19:00:00,0.00283,0.00285,0.00282,0.00283,5150367.0
2026-04-05 20:00:00,0.00283,0.00284,0.00282,0.00284,22406073.0
2026-04-05 21:00:00,0.00283,0.00284,0.00282,0.00283,6896048.0
2026-04-05 22:00:00,0.00283,0.00288,0.00283,0.00287,11548278.0
2026-04-05 23:00:00,0.00287,0.00291,0.00286,0.00291,23740074.0
2026-04-06 00:00:00,0.00291,0.00294,0.00291,0.00293,22617580.0
2026-04-06 01:00:00,0.00293,0.00293,0.00291,0.00292,11081165.0
2026-04-06 02:00:00,0.00292,0.00297,0.00292,0.00295,48672842.0
2026-04-06 03:00:00,0.00296,0.00298,0.00293,0.00294,23590044.0
2026-04-06 04:00:00,0.00295,0.00296,0.00293,0.00294,22816256.0
2026-04-06 05:00:00,0.00294,0.00295,0.00293,0.00294,16137895.0
2026-04-06 06:00:00,0.00294,0.00296,0.00292,0.00294,9481425.0
2026-04-06 07:00:00,0.00294,0.00295,0.00293,0.00294,10531168.0
2026-04-06 08:00:00,0.00294,0.00296,0.00293,0.00293,9059814.0
2026-04-06 09:00:00,0.00294,0.00297,0.00294,0.00295,23893259.0
2026-04-06 10:00:00,0.00296,0.00299,0.00296,0.00297,14874497.0
2026-04-06 11:00:00,0.00298,0.003,0.00296,0.00299,31947330.0
2026-04-06 12:00:00,0.00299,0.003,0.00297,0.003,26707050.0
2026-04-06 13:00:00,0.00299,0.00299,0.00296,0.00296,22346215.0
2026-04-06 14:00:00,0.00297,0.00297,0.00293,0.00296,48731630.0
2026-04-06 15:00:00,0.00296,0.00299,0.00296,0.00297,37497620.0
2026-04-06 16:00:00,0.00297,0.00298,0.00294,0.00296,20545096.0
2026-04-06 17:00:00,0.00296,0.00297,0.00293,0.00295,29901701.0
2026-04-06 18:00:00,0.00294,0.00297,0.00294,0.00295,6288952.0
2026-04-06 19:00:00,0.00295,0.00296,0.00293,0.00295,5972713.0
2026-04-06 20:00:00,0.00295,0.00295,0.00293,0.00293,13831746.0
2026-04-06 21:00:00,0.00293,0.00294,0.00291,0.00291,26352308.0
2026-04-06 22:00:00,0.00292,0.00292,0.00286,0.00286,21468001.0
2026-04-06 23:00:00,0.00286,0.00288,0.00284,0.00287,38497548.0
2026-04-07 00:00:00,0.00286,0.00288,0.00286,0.00287,26296079.0
2026-04-07 01:00:00,0.00287,0.00289,0.00286,0.00287,14268778.0
2026-04-07 02:00:00,0.00286,0.00288,0.00285,0.00287,13475365.0
2026-04-07 03:00:00,0.00288,0.00289,0.00287,0.00289,3919696.0
2026-04-07 04:00:00,0.00289,0.0029,0.00287,0.00289,9209262.0
2026-04-07 05:00:00,0.00289,0.00289,0.00286,0.00287,12176193.0
2026-04-07 06:00:00,0.00287,0.00287,0.00285,0.00287,8349341.0
2026-04-07 07:00:00,0.00286,0.00288,0.00285,0.00287,6781057.0
2026-04-07 08:00:00,0.00288,0.00289,0.00283,0.00285,21226771.0
2026-04-07 09:00:00,0.00285,0.00287,0.00285,0.00286,14495963.0
2026-04-07 10:00:00,0.00286,0.00286,0.00282,0.00282,26082635.0
2026-04-07 11:00:00,0.00282,0.00283,0.00281,0.00282,11045550.0
2026-04-07 12:00:00,0.00282,0.00282,0.00278,0.00282,59809252.0
2026-04-07 13:00:00,0.00282,0.00283,0.00281,0.00282,13530591.0
2026-04-07 14:00:00,0.00282,0.00283,0.00279,0.0028,37112162.0
2026-04-07 15:00:00,0.00279,0.00282,0.00277,0.00282,58074116.0
2026-04-07 16:00:00,0.00282,0.00285,0.00281,0.00282,51389817.0
2026-04-07 17:00:00,0.00282,0.00286,0.00281,0.00285,6116559.0
2026-04-07 18:00:00,0.00284,0.00285,0.00283,0.00284,9785227.0
2026-04-07 19:00:00,0.00283,0.00289,0.00283,0.00288,24503565.0
2026-04-07 20:00:00,0.00288,0.0029,0.00288,0.00288,18761013.0
2026-04-07 21:00:00,0.00288,0.00297,0.00288,0.00296,38325623.0
2026-04-07 22:00:00,0.00297,0.00308,0.00296,0.00307,152695611.0
2026-04-07 23:00:00,0.00308,0.00312,0.00304,0.0031,146357466.0
2026-04-08 00:00:00,0.0031,0.00314,0.00306,0.00307,124096266.0
2026-04-08 01:00:00,0.00308,0.00312,0.00306,0.0031,35188638.0
2026-04-08 02:00:00,0.00311,0.00313,0.00308,0.00309,32009691.0
2026-04-08 03:00:00,0.0031,0.00312,0.00309,0.0031,34410541.0
2026-04-08 04:00:00,0.0031,0.00313,0.0031,0.0031,39207417.0
2026-04-08 05:00:00,0.00311,0.00313,0.0031,0.00312,33766625.0
2026-04-08 06:00:00,0.00312,0.00314,0.00311,0.00312,45152258.0
2026-04-08 07:00:00,0.00313,0.00314,0.00311,0.00311,23150262.0
2026-04-08 08:00:00,0.00311,0.00312,0.00308,0.00309,36661337.0
2026-04-08 09:00:00,0.00309,0.0031,0.00307,0.00308,20357235.0
2026-04-08 10:00:00,0.00309,0.0031,0.00307,0.00307,21431520.0
2026-04-08 11:00:00,0.00306,0.00308,0.00304,0.00306,34872198.0
2026-04-08 12:00:00,0.00306,0.00307,0.00304,0.00304,50609544.0
2026-04-08 13:00:00,0.00304,0.00307,0.00304,0.00307,38113724.0
2026-04-08 14:00:00,0.00306,0.00308,0.00302,0.00303,47602351.0
2026-04-08 15:00:00,0.00303,0.00307,0.00302,0.00306,31222214.0
2026-04-08 16:00:00,0.00306,0.00314,0.00306,0.00309,180304262.0
2026-04-08 17:00:00,0.00309,0.00313,0.00307,0.00307,43405800.0
2026-04-08 18:00:00,0.00308,0.00308,0.00304,0.00304,21303359.0
2026-04-08 19:00:00,0.00305,0.00306,0.00303,0.00306,35302109.0
2026-04-08 20:00:00,0.00307,0.00308,0.00303,0.00306,16287084.0
2026-04-08 21:00:00,0.00305,0.00311,0.00304,0.00311,25280412.0
2026-04-08 22:00:00,0.00311,0.00312,0.00307,0.00307,30254611.0
2026-04-08 23:00:00,0.00307,0.00307,0.00302,0.00304,37010532.0
2026-04-09 00:00:00,0.00303,0.00304,0.003,0.00303,32351302.0
2026-04-09 01:00:00,0.00302,0.00303,0.00299,0.00302,20525789.0
2026-04-09 02:00:00,0.00301,0.00303,0.003,0.00302,20474528.0
2026-04-09 03:00:00,0.00302,0.00304,0.00301,0.00301,14287195.0
2026-04-09 04:00:00,0.003,0.00304,0.003,0.00303,9608923.0
2026-04-09 05:00:00,0.00302,0.00307,0.00302,0.00305,20664710.0
2026-04-09 06:00:00,0.00305,0.00309,0.00304,0.00307,30152265.0
2026-04-09 07:00:00,0.00308,0.00311,0.00308,0.0031,37808308.0
2026-04-09 08:00:00,0.0031,0.00311,0.00302,0.00303,39316632.0
2026-04-09 09:00:00,0.00303,0.00303,0.003,0.00303,24196667.0
2026-04-09 10:00:00,0.00302,0.00302,0.003,0.00301,12879919.0
2026-04-09 11:00:00,0.00301,0.00303,0.003,0.003,13391219.0
2026-04-09 12:00:00,0.003,0.00303,0.00297,0.003,140339456.0
2026-04-09 13:00:00,0.00301,0.00301,0.00298,0.00299,21780345.0
2026-04-09 14:00:00,0.00299,0.003,0.00297,0.003,21602047.0
2026-04-09 15:00:00,0.00299,0.00307,0.00298,0.00305,64823153.0
2026-04-09 16:00:00,0.00305,0.00308,0.00305,0.00306,25055877.0
2026-04-09 17:00:00,0.00306,0.00308,0.00305,0.00307,26387603.0
2026-04-09 18:00:00,0.00306,0.00306,0.00303,0.00305,37781269.0
2026-04-09 19:00:00,0.00305,0.00309,0.00305,0.00306,23037176.0
2026-04-09 20:00:00,0.00307,0.00311,0.00307,0.00309,17161453.0
2026-04-09 21:00:00,0.00309,0.0031,0.00307,0.00309,10378162.0
2026-04-09 22:00:00,0.0031,0.00316,0.00309,0.00309,32673956.0
2026-04-09 23:00:00,0.00309,0.0031,0.00304,0.00305,35758240.0
2026-04-10 00:00:00,0.00306,0.00307,0.00304,0.00306,22645171.0
2026-04-10 01:00:00,0.00306,0.00308,0.00303,0.00304,23464314.0
2026-04-10 02:00:00,0.00305,0.00305,0.00302,0.00303,7068598.0
2026-04-10 03:00:00,0.00303,0.00304,0.00301,0.00301,6924527.0
2026-04-10 04:00:00,0.00301,0.0031,0.00301,0.00308,13297659.0
2026-04-10 05:00:00,0.00309,0.00309,0.00305,0.00307,16159295.0
2026-04-10 06:00:00,0.00308,0.00309,0.00304,0.00306,15528483.0
2026-04-10 07:00:00,0.00305,0.00306,0.00304,0.00304,10162253.0
2026-04-10 08:00:00,0.00305,0.00306,0.00302,0.00304,17341900.0
2026-04-10 09:00:00,0.00304,0.00306,0.00303,0.00303,10529831.0
2026-04-10 10:00:00,0.00303,0.00305,0.00302,0.00303,11688359.0
2026-04-10 11:00:00,0.00303,0.00304,0.00301,0.00302,20822425.0
2026-04-10 12:00:00,0.00303,0.00306,0.00303,0.00304,28623309.0
2026-04-10 13:00:00,0.00304,0.00307,0.00303,0.00306,24987923.0
2026-04-10 14:00:00,0.00305,0.00309,0.00303,0.00308,63805541.0
2026-04-10 15:00:00,0.00308,0.0031,0.00306,0.00306,23344228.0
2026-04-10 16:00:00,0.00307,0.00309,0.00306,0.00307,16920323.0
2026-04-10 17:00:00,0.00306,0.00306,0.00303,0.00305,22658643.0
2026-04-10 18:00:00,0.00305,0.00311,0.00305,0.0031,32641595.0
2026-04-10 19:00:00,0.00311,0.00313,0.0031,0.00312,24798885.0
2026-04-10 20:00:00,0.00313,0.00313,0.00309,0.00311,17585431.0
2026-04-10 21:00:00,0.00311,0.00311,0.00308,0.00309,4181130.0
2026-04-10 22:00:00,0.0031,0.0031,0.00308,0.00308,1040162.0
2026-04-10 23:00:00,0.00309,0.00309,0.00307,0.00308,8101392.0
2026-04-11 00:00:00,0.00307,0.00308,0.00304,0.00305,5293071.0
2026-04-11 01:00:00,0.00305,0.00305,0.003,0.00304,38126797.0
2026-04-11 02:00:00,0.00304,0.00305,0.00303,0.00305,18118835.0
2026-04-11 03:00:00,0.00305,0.00306,0.00303,0.00304,6440283.0
2026-04-11 04:00:00,0.00303,0.00306,0.00303,0.00304,5930226.0
2026-04-11 05:00:00,0.00304,0.00304,0.00301,0.00302,15404151.0
2026-04-11 06:00:00,0.00301,0.00302,0.00299,0.00302,21216289.0
2026-04-11 07:00:00,0.00302,0.00302,0.00301,0.00302,4157618.0
2026-04-11 08:00:00,0.00302,0.00303,0.00301,0.00303,3307449.0
2026-04-11 09:00:00,0.00303,0.00304,0.00301,0.00303,6028324.0
2026-04-11 10:00:00,0.00302,0.00303,0.00301,0.00301,3152124.0
2026-04-11 11:00:00,0.00301,0.00302,0.00301,0.00302,2212394.0
2026-04-11 12:00:00,0.00301,0.00301,0.00298,0.00299,13387861.0
2026-04-11 13:00:00,0.00299,0.003,0.00298,0.00299,28849569.0
2026-04-11 14:00:00,0.003,0.00301,0.00298,0.00298,13373144.0
2026-04-11 15:00:00,0.00299,0.003,0.00298,0.00299,11190054.0
2026-04-11 16:00:00,0.00299,0.00305,0.00299,0.00303,46886069.0
2026-04-11 17:00:00,0.00303,0.00305,0.00302,0.00303,13541605.0
2026-04-11 18:00:00,0.00302,0.00308,0.00301,0.00307,41935348.0
2026-04-11 19:00:00,0.00307,0.0031,0.00306,0.00308,48816648.0
2026-04-11 20:00:00,0.00309,0.00309,0.00303,0.00305,30887843.0
2026-04-11 21:00:00,0.00304,0.00305,0.00303,0.00305,6490539.0
2026-04-11 22:00:00,0.00306,0.00307,0.00304,0.00305,3257704.0
2026-04-11 23:00:00,0.00305,0.00305,0.00302,0.00303,7129178.0
2026-04-12 00:00:00,0.00302,0.00303,0.00302,0.00303,9585889.0
2026-04-12 01:00:00,0.00303,0.00303,0.00292,0.00293,80098485.0
2026-04-12 02:00:00,0.00293,0.00296,0.00291,0.00294,27524475.0
2026-04-12 03:00:00,0.00295,0.00296,0.00294,0.00294,18424856.0
2026-04-12 04:00:00,0.00294,0.00298,0.00293,0.00297,37278992.0
2026-04-12 05:00:00,0.00296,0.00297,0.00296,0.00297,8773058.0
2026-04-12 06:00:00,0.00296,0.00297,0.00294,0.00294,15367461.0
2026-04-12 07:00:00,0.00294,0.00295,0.00292,0.00294,11669566.0
2026-04-12 08:00:00,0.00294,0.00295,0.00293,0.00294,4945308.0
2026-04-12 09:00:00,0.00294,0.00295,0.00293,0.00293,8237781.0
2026-04-12 10:00:00,0.00293,0.00294,0.00293,0.00293,15534231.0
2026-04-12 11:00:00,0.00293,0.00295,0.00293,0.00294,11395256.0
2026-04-12 12:00:00,0.00293,0.00298,0.00292,0.00295,16207628.0
2026-04-12 13:00:00,0.00294,0.00296,0.00292,0.00293,22955028.0
2026-04-12 14:00:00,0.00293,0.00295,0.00293,0.00294,12129012.0
2026-04-12 15:00:00,0.00294,0.00294,0.00291,0.00292,17073004.0
2026-04-12 16:00:00,0.00291,0.00293,0.0029,0.0029,21707553.0
2026-04-12 17:00:00,0.0029,0.00295,0.0029,0.00294,28601686.0
2026-04-12 18:00:00,0.00295,0.00295,0.00293,0.00293,14033999.0
2026-04-12 19:00:00,0.00293,0.00294,0.00292,0.00292,4445604.0
2026-04-12 20:00:00,0.00293,0.00295,0.00291,0.00293,8917181.0
2026-04-12 21:00:00,0.00293,0.00294,0.00291,0.00292,7415510.0
2026-04-12 22:00:00,0.00292,0.00292,0.00288,0.00289,44893996.0
2026-04-12 23:00:00,0.00289,0.0029,0.00287,0.00288,10709150.0
2026-04-13 00:00:00,0.00288,0.00292,0.00288,0.00291,10598939.0
2026-04-13 01:00:00,0.00291,0.00292,0.0029,0.00292,6993793.0
2026-04-13 02:00:00,0.00292,0.00293,0.0029,0.00292,5878402.0
2026-04-13 03:00:00,0.00292,0.00292,0.0029,0.0029,3667999.0
2026-04-13 04:00:00,0.0029,0.00291,0.00289,0.00289,7799368.0
2026-04-13 05:00:00,0.0029,0.0029,0.00288,0.0029,13103868.0
2026-04-13 06:00:00,0.00289,0.00293,0.00289,0.0029,15966528.0
2026-04-13 07:00:00,0.0029,0.0029,0.00288,0.00289,21458547.0
2026-04-13 08:00:00,0.00288,0.0029,0.00287,0.00288,6516279.0
2026-04-13 09:00:00,0.00289,0.00292,0.00289,0.00291,21447747.0
2026-04-13 10:00:00,0.00292,0.00292,0.00289,0.00291,11361540.0
2026-04-13 11:00:00,0.0029,0.00293,0.0029,0.00291,5392729.0
2026-04-13 12:00:00,0.00292,0.00298,0.0029,0.00297,15404689.0
2026-04-13 13:00:00,0.00296,0.00297,0.00293,0.00296,26530861.0
2026-04-13 14:00:00,0.00296,0.00297,0.00294,0.00296,17050533.0
2026-04-13 15:00:00,0.00296,0.00296,0.0029,0.00291,22452337.0
2026-04-13 16:00:00,0.00291,0.00293,0.00289,0.00292,24577292.0
2026-04-13 17:00:00,0.00291,0.00294,0.0029,0.0029,11096235.0
2026-04-13 18:00:00,0.0029,0.00292,0.00289,0.00291,12668884.0
2026-04-13 19:00:00,0.00292,0.00297,0.00291,0.00296,27486374.0
2026-04-13 20:00:00,0.00297,0.00297,0.00292,0.00292,19105954.0
2026-04-13 21:00:00,0.00292,0.00295,0.00291,0.00295,24149549.0
2026-04-13 22:00:00,0.00294,0.00305,0.00294,0.00304,113947023.0
2026-04-13 23:00:00,0.00304,0.00307,0.00301,0.00305,52180644.0
2026-04-14 00:00:00,0.00305,0.00307,0.00301,0.00302,71297940.0
2026-04-14 01:00:00,0.00301,0.00303,0.003,0.00301,24939560.0
2026-04-14 02:00:00,0.00301,0.00302,0.00299,0.00301,20575682.0
2026-04-14 03:00:00,0.003,0.00302,0.003,0.003,6724800.0
2026-04-14 04:00:00,0.003,0.00302,0.00298,0.00299,20256213.0
2026-04-14 05:00:00,0.003,0.003,0.00297,0.00299,22095470.0
2026-04-14 06:00:00,0.00299,0.00301,0.00298,0.003,25304581.0
2026-04-14 07:00:00,0.00299,0.00301,0.00299,0.003,20352671.0
2026-04-14 08:00:00,0.003,0.00301,0.00298,0.003,20258993.0
2026-04-14 09:00:00,0.00299,0.00302,0.00299,0.00302,15498242.0
2026-04-14 10:00:00,0.00302,0.00302,0.003,0.00301,7398270.0
2026-04-14 11:00:00,0.003,0.00301,0.00298,0.00299,21170987.0
2026-04-14 12:00:00,0.00298,0.00299,0.00296,0.00297,22496517.0
2026-04-14 13:00:00,0.00297,0.00303,0.00297,0.00302,39202664.0
2026-04-14 14:00:00,0.00302,0.00304,0.00299,0.00301,55027354.0
2026-04-14 15:00:00,0.00301,0.00302,0.00297,0.00299,18782299.0
2026-04-14 16:00:00,0.00299,0.00303,0.00298,0.00299,72926952.0
2026-04-14 17:00:00,0.00299,0.003,0.00295,0.00296,55681691.0
2026-04-14 18:00:00,0.00297,0.00297,0.0029,0.00291,57058214.0
2026-04-14 19:00:00,0.00291,0.00296,0.00291,0.00296,19890885.0
2026-04-14 20:00:00,0.00296,0.00297,0.00293,0.00293,13397981.0
2026-04-14 21:00:00,0.00293,0.00296,0.00293,0.00296,9456781.0
2026-04-14 22:00:00,0.00296,0.00298,0.00295,0.00295,7529665.0
2026-04-14 23:00:00,0.00295,0.00297,0.00294,0.00296,20736922.0
2026-04-15 00:00:00,0.00295,0.00298,0.00295,0.00297,23228558.0
2026-04-15 01:00:00,0.00296,0.003,0.00295,0.00299,23259307.0
2026-04-15 02:00:00,0.00299,0.00299,0.00296,0.00298,7902025.0
2026-04-15 03:00:00,0.00298,0.00298,0.00296,0.00298,17004455.0
2026-04-15 04:00:00,0.00298,0.00301,0.00298,0.00301,15844961.0
2026-04-15 05:00:00,0.00301,0.00302,0.00297,0.00298,15409372.0
2026-04-15 06:00:00,0.00299,0.00299,0.00296,0.00297,7189718.0
2026-04-15 07:00:00,0.00297,0.00298,0.00295,0.00295,19040510.0
2026-04-15 08:00:00,0.00295,0.003,0.00295,0.00299,12977589.0
2026-04-15 09:00:00,0.00299,0.003,0.00297,0.003,19393636.0
2026-04-15 10:00:00,0.003,0.00303,0.00299,0.003,29517037.0
2026-04-15 11:00:00,0.00301,0.00306,0.00301,0.00303,44190936.0
2026-04-15 12:00:00,0.00303,0.00305,0.00302,0.00304,27428320.0
2026-04-15 13:00:00,0.00305,0.00309,0.00304,0.00305,103591170.0
2026-04-15 14:00:00,0.00305,0.00311,0.00304,0.00311,80508533.0
2026-04-15 15:00:00,0.00311,0.00312,0.00306,0.00309,137224001.0
2026-04-15 16:00:00,0.0031,0.00313,0.00308,0.00312,123475969.0
2026-04-15 17:00:00,0.00313,0.00314,0.00308,0.00311,82489032.0
2026-04-15 18:00:00,0.0031,0.00313,0.00309,0.00309,209226223.0
2026-04-15 19:00:00,0.00309,0.0031,0.00306,0.00306,183416266.0
2026-04-15 20:00:00,0.00306,0.0031,0.00305,0.00308,67277470.0
2026-04-15 21:00:00,0.00308,0.00314,0.00308,0.00314,46843702.0
2026-04-15 22:00:00,0.00313,0.00317,0.00311,0.00312,87045030.0
2026-04-15 23:00:00,0.00311,0.00312,0.00308,0.00312,66519672.0
2026-04-16 00:00:00,0.00313,0.00314,0.00309,0.00311,47268683.0
2026-04-16 01:00:00,0.00311,0.00313,0.00308,0.00312,57024983.0
2026-04-16 02:00:00,0.00312,0.00316,0.0031,0.00311,110047099.0
2026-04-16 03:00:00,0.00311,0.00315,0.0031,0.00314,85915379.0
2026-04-16 04:00:00,0.00314,0.00317,0.00313,0.00316,135286506.0
2026-04-16 05:00:00,0.00316,0.00317,0.00314,0.00314,55665817.0
2026-04-16 06:00:00,0.00314,0.00319,0.00313,0.00318,35592929.0
2026-04-16 07:00:00,0.00318,0.00322,0.00316,0.00319,71266049.0
2026-04-16 08:00:00,0.0032,0.00321,0.00318,0.0032,85756277.0
2026-04-16 09:00:00,0.00319,0.00323,0.00316,0.00318,87853361.0
2026-04-16 10:00:00,0.00319,0.00323,0.00317,0.00318,83626770.0
2026-04-16 11:00:00,0.00319,0.00325,0.00318,0.00324,66385138.0
2026-04-16 12:00:00,0.00325,0.00339,0.00325,0.00331,286542867.0
2026-04-16 13:00:00,0.00332,0.00339,0.00325,0.00328,190523054.0
2026-04-16 14:00:00,0.00328,0.00329,0.00321,0.00325,97762618.0
2026-04-16 15:00:00,0.00324,0.00335,0.00323,0.00334,101986677.0
2026-04-16 16:00:00,0.00334,0.00338,0.00328,0.00332,149027795.0
2026-04-16 17:00:00,0.00331,0.00339,0.0033,0.00335,120856681.0
2026-04-16 18:00:00,0.00334,0.00342,0.00333,0.0034,116486428.0
2026-04-16 19:00:00,0.00341,0.00344,0.00339,0.00342,89078616.0
2026-04-16 20:00:00,0.00341,0.00343,0.00336,0.00337,66042387.0
2026-04-16 21:00:00,0.00338,0.00339,0.00333,0.00338,83983521.0
2026-04-16 22:00:00,0.00339,0.00344,0.00339,0.00341,53631617.0
2026-04-16 23:00:00,0.00342,0.00346,0.00341,0.00343,47791874.0
2026-04-17 00:00:00,0.00342,0.00344,0.00339,0.00343,63580104.0
2026-04-17 01:00:00,0.00343,0.00345,0.00339,0.0034,53105368.0
2026-04-17 02:00:00,0.00341,0.00341,0.00335,0.00338,50027061.0
2026-04-17 03:00:00,0.00339,0.0034,0.00336,0.00338,15259995.0
2026-04-17 04:00:00,0.00338,0.00338,0.00333,0.00336,18078131.0
2026-04-17 05:00:00,0.00335,0.00335,0.0033,0.0033,60272578.0
2026-04-17 06:00:00,0.0033,0.00334,0.00329,0.00333,40489974.0
2026-04-17 07:00:00,0.00333,0.00336,0.00332,0.00335,31477619.0
2026-04-17 08:00:00,0.00335,0.00336,0.00333,0.00335,29506123.0
2026-04-17 09:00:00,0.00334,0.00339,0.00333,0.00339,41751176.0
2026-04-17 10:00:00,0.00339,0.0034,0.00333,0.00334,39859740.0
2026-04-17 11:00:00,0.00334,0.00338,0.00334,0.00335,16194593.0
2026-04-17 12:00:00,0.00336,0.0034,0.00334,0.00338,42482612.0
2026-04-17 13:00:00,0.00337,0.00345,0.00336,0.00344,118113343.0
2026-04-17 14:00:00,0.00344,0.00346,0.00342,0.00344,68675998.0
2026-04-17 15:00:00,0.00343,0.00345,0.00339,0.00342,53390443.0
2026-04-17 16:00:00,0.00343,0.00352,0.00342,0.00349,99412452.0
2026-04-17 17:00:00,0.00348,0.0035,0.00345,0.00346,43140112.0
2026-04-17 18:00:00,0.00347,0.00347,0.0034,0.00343,45887695.0
2026-04-17 19:00:00,0.00343,0.00347,0.00342,0.00346,30464333.0
2026-04-17 20:00:00,0.00346,0.00347,0.00343,0.00344,30205416.0
2026-04-17 21:00:00,0.00345,0.00347,0.00343,0.00344,29226210.0
2026-04-17 22:00:00,0.00344,0.00345,0.00342,0.00343,15517420.0
2026-04-17 23:00:00,0.00343,0.00343,0.00338,0.0034,42317735.0
2026-04-18 00:00:00,0.0034,0.00341,0.00336,0.00338,19876982.0
2026-04-18 01:00:00,0.00339,0.00342,0.00336,0.00338,30139160.0
2026-04-18 02:00:00,0.00337,0.00341,0.00336,0.00341,18772452.0
2026-04-18 03:00:00,0.0034,0.00342,0.00338,0.00339,16728273.0
2026-04-18 04:00:00,0.0034,0.0034,0.00335,0.00337,42291773.0
2026-04-18 05:00:00,0.00337,0.00345,0.00337,0.00344,43246774.0
2026-04-18 06:00:00,0.00344,0.00349,0.00343,0.00349,62489498.0
2026-04-18 07:00:00,0.00348,0.00352,0.00347,0.0035,74861537.0
2026-04-18 08:00:00,0.0035,0.00352,0.00342,0.00345,126718876.0
2026-04-18 09:00:00,0.00345,0.00349,0.00341,0.00344,122214511.0
2026-04-18 10:00:00,0.00343,0.00343,0.00336,0.00338,101199749.0
2026-04-18 11:00:00,0.00338,0.00338,0.00331,0.00335,58360157.0
2026-04-18 12:00:00,0.00335,0.00335,0.00329,0.00332,47786655.0
2026-04-18 13:00:00,0.00331,0.00334,0.00328,0.00333,60382998.0
2026-04-18 14:00:00,0.00332,0.00336,0.00331,0.00334,34815253.0
2026-04-18 15:00:00,0.00334,0.00336,0.00332,0.00332,15790068.0
2026-04-18 16:00:00,0.00332,0.00333,0.00327,0.00328,36632842.0
2026-04-18 17:00:00,0.00328,0.00331,0.00326,0.00328,96703942.0
2026-04-18 18:00:00,0.00328,0.00329,0.00323,0.00323,36837352.0
2026-04-18 19:00:00,0.00323,0.00326,0.00322,0.00324,21549839.0
2026-04-18 20:00:00,0.00324,0.00325,0.00321,0.00324,20275684.0
2026-04-18 21:00:00,0.00324,0.00326,0.00322,0.00324,11047203.0
2026-04-18 22:00:00,0.00325,0.00326,0.00324,0.00324,12072401.0
2026-04-18 23:00:00,0.00324,0.00326,0.00322,0.00322,5147062.0
2026-04-19 00:00:00,0.00322,0.00323,0.00318,0.00319,35367324.0
2026-04-19 01:00:00,0.0032,0.00322,0.00316,0.00319,32689646.0
2026-04-19 02:00:00,0.00318,0.00318,0.00314,0.00316,16024433.0
2026-04-19 03:00:00,0.00316,0.0032,0.00315,0.00317,12529619.0
2026-04-19 04:00:00,0.00318,0.0032,0.00316,0.00317,26576695.0
2026-04-19 05:00:00,0.00318,0.0032,0.00317,0.00318,12797272.0
2026-04-19 06:00:00,0.00317,0.0032,0.00316,0.0032,16205104.0
2026-04-19 07:00:00,0.0032,0.00321,0.00316,0.00321,20525968.0
2026-04-19 08:00:00,0.0032,0.00324,0.00319,0.00322,17589105.0
2026-04-19 09:00:00,0.00322,0.00323,0.0032,0.00321,22248025.0
2026-04-19 10:00:00,0.00321,0.00321,0.00319,0.0032,18165053.0
2026-04-19 11:00:00,0.0032,0.00324,0.00318,0.00322,24098977.0
2026-04-19 12:00:00,0.00321,0.00326,0.0032,0.00325,26111719.0
2026-04-19 13:00:00,0.00325,0.00331,0.00324,0.00327,35978814.0
2026-04-19 14:00:00,0.00327,0.00329,0.00325,0.00328,21966851.0
2026-04-19 15:00:00,0.00328,0.00329,0.0032,0.00325,81528848.0
2026-04-19 16:00:00,0.00325,0.00325,0.0032,0.00322,22654941.0
2026-04-19 17:00:00,0.00321,0.00322,0.00318,0.00318,32473778.0
2026-04-19 18:00:00,0.00319,0.00322,0.00318,0.00319,19712561.0
2026-04-19 19:00:00,0.00319,0.00325,0.00319,0.00325,15540129.0
2026-04-19 20:00:00,0.00324,0.00326,0.00321,0.00325,41734663.0
2026-04-19 21:00:00,0.00325,0.00326,0.00322,0.00323,16178080.0
2026-04-19 22:00:00,0.00323,0.00323,0.00315,0.00319,48396739.0
2026-04-19 23:00:00,0.00319,0.0032,0.00317,0.00317,11674042.0
2026-04-20 00:00:00,0.00317,0.00323,0.00317,0.00322,52610084.0
2026-04-20 01:00:00,0.00323,0.00324,0.0032,0.00321,37976638.0
2026-04-20 02:00:00,0.00321,0.00323,0.00319,0.00322,21808461.0
2026-04-20 03:00:00,0.00322,0.00324,0.0032,0.00323,20810503.0
2026-04-20 04:00:00,0.00323,0.00323,0.0032,0.00321,12935244.0
2026-04-20 05:00:00,0.00321,0.00322,0.00316,0.00316,33951576.0
2026-04-20 06:00:00,0.00316,0.00323,0.00316,0.00318,25862286.0
2026-04-20 07:00:00,0.00319,0.00323,0.00317,0.00318,24185608.0
2026-04-20 08:00:00,0.00319,0.0032,0.00317,0.00317,22933737.0
2026-04-20 09:00:00,0.00317,0.0032,0.00316,0.00318,18327330.0
2026-04-20 10:00:00,0.00319,0.00322,0.00318,0.0032,12227259.0
2026-04-20 11:00:00,0.00321,0.00322,0.00319,0.00319,17763037.0
2026-04-20 12:00:00,0.00319,0.00323,0.00318,0.00321,23392319.0
2026-04-20 13:00:00,0.00321,0.00323,0.00319,0.00322,27521841.0
2026-04-20 14:00:00,0.00322,0.00326,0.0032,0.00322,42316991.0
2026-04-20 15:00:00,0.00321,0.00325,0.00319,0.00322,33775798.0
2026-04-20 16:00:00,0.00322,0.00323,0.00321,0.00321,9481796.0
2026-04-20 17:00:00,0.00322,0.00325,0.00322,0.00323,12458976.0
2026-04-20 18:00:00,0.00323,0.00328,0.00323,0.00327,40981567.0
2026-04-20 19:00:00,0.00327,0.00327,0.00325,0.00327,13970727.0
2026-04-20 20:00:00,0.00327,0.00328,0.00325,0.00327,17449988.0
2026-04-20 21:00:00,0.00327,0.00328,0.00324,0.00326,31284644.0
2026-04-20 22:00:00,0.00326,0.00326,0.00323,0.00323,15566529.0
2026-04-20 23:00:00,0.00323,0.00323,0.00321,0.00322,9625657.0
2026-04-21 00:00:00,0.00322,0.00324,0.00321,0.00324,24944526.0
2026-04-21 01:00:00,0.00324,0.00324,0.00322,0.00322,9732690.0
2026-04-21 02:00:00,0.00322,0.00323,0.0032,0.00321,20907353.0
2026-04-21 03:00:00,0.00321,0.00322,0.00318,0.00321,27874794.0
2026-04-21 04:00:00,0.00321,0.00322,0.00319,0.00322,20191888.0
2026-04-21 05:00:00,0.00322,0.00323,0.00321,0.00322,11345364.0
2026-04-21 06:00:00,0.00321,0.00324,0.00319,0.00321,22436033.0
2026-04-21 07:00:00,0.00321,0.00323,0.00319,0.00321,11504261.0
2026-04-21 08:00:00,0.00321,0.00322,0.00319,0.0032,13218928.0
2026-04-21 09:00:00,0.0032,0.00323,0.00319,0.00323,17949376.0
2026-04-21 10:00:00,0.00323,0.00324,0.00321,0.00323,18057475.0
2026-04-21 11:00:00,0.00323,0.00325,0.0032,0.00322,14735695.0
2026-04-21 12:00:00,0.00322,0.00323,0.00318,0.00319,35883920.0
2026-04-21 13:00:00,0.0032,0.0032,0.00317,0.00318,30841189.0
2026-04-21 14:00:00,0.00319,0.00323,0.00318,0.00319,27626526.0
2026-04-21 15:00:00,0.00319,0.00322,0.00317,0.00321,26967995.0
2026-04-21 16:00:00,0.00321,0.00324,0.00318,0.0032,30476397.0
2026-04-21 17:00:00,0.0032,0.00321,0.00315,0.00316,52663914.0
2026-04-21 18:00:00,0.00317,0.00318,0.00315,0.00317,22948026.0
2026-04-21 19:00:00,0.00317,0.00317,0.00312,0.00313,126105298.0
2026-04-21 20:00:00,0.00313,0.00319,0.00313,0.00318,51161691.0
2026-04-21 21:00:00,0.00318,0.00321,0.00317,0.0032,12052310.0
2026-04-21 22:00:00,0.0032,0.00322,0.00318,0.00319,16956077.0
2026-04-21 23:00:00,0.0032,0.00323,0.00318,0.00322,27274085.0
2026-04-22 00:00:00,0.00323,0.00324,0.00321,0.00322,19774114.0
2026-04-22 01:00:00,0.00322,0.00322,0.00319,0.0032,27900379.0
2026-04-22 02:00:00,0.0032,0.00325,0.0032,0.00324,62390473.0
2026-04-22 03:00:00,0.00325,0.00326,0.00322,0.00324,99563404.0
2026-04-22 04:00:00,0.00324,0.00328,0.00323,0.00326,28164411.0
2026-04-22 05:00:00,0.00326,0.00332,0.00325,0.0033,83581479.0
2026-04-22 06:00:00,0.0033,0.00331,0.00328,0.0033,37948191.0
2026-04-22 07:00:00,0.0033,0.00332,0.00329,0.00331,29785739.0
2026-04-22 08:00:00,0.0033,0.00332,0.0033,0.00331,32037475.0
2026-04-22 09:00:00,0.00331,0.00332,0.00328,0.00329,66014077.0
2026-04-22 10:00:00,0.00329,0.00329,0.00325,0.00328,42795617.0
2026-04-22 11:00:00,0.00328,0.0033,0.00327,0.00329,32623996.0
2026-04-22 12:00:00,0.00328,0.0033,0.00328,0.00328,28401684.0
2026-04-22 13:00:00,0.00328,0.00329,0.00326,0.00326,37156895.0
2026-04-22 14:00:00,0.00327,0.00332,0.00326,0.0033,40472578.0
2026-04-22 15:00:00,0.0033,0.00333,0.00328,0.00331,43863177.0
2026-04-22 16:00:00,0.0033,0.00332,0.0033,0.00332,33585977.0
2026-04-22 17:00:00,0.00332,0.00333,0.00328,0.00332,42320629.0
2026-04-22 18:00:00,0.00332,0.00334,0.0033,0.0033,18857334.0
2026-04-22 19:00:00,0.0033,0.00331,0.00324,0.00328,38093988.0
2026-04-22 20:00:00,0.00327,0.00327,0.00323,0.00325,30784442.0
2026-04-22 21:00:00,0.00325,0.00327,0.00324,0.00326,27640609.0
2026-04-22 22:00:00,0.00326,0.00326,0.00322,0.00323,37088413.0
2026-04-22 23:00:00,0.00323,0.00323,0.00318,0.00319,45514715.0
2026-04-23 00:00:00,0.00319,0.00321,0.00314,0.0032,66217428.0
2026-04-23 01:00:00,0.00321,0.00322,0.00318,0.0032,35267835.0
2026-04-23 02:00:00,0.0032,0.00321,0.00316,0.00318,26990688.0
2026-04-23 03:00:00,0.00318,0.0032,0.00315,0.00317,40291635.0
2026-04-23 04:00:00,0.00317,0.00318,0.00315,0.00318,7946942.0
2026-04-23 05:00:00,0.00318,0.00319,0.00317,0.00317,30057871.0
2026-04-23 06:00:00,0.00318,0.0032,0.00318,0.00319,10508698.0
2026-04-23 07:00:00,0.0032,0.0032,0.00317,0.00317,26944662.0
2026-04-23 08:00:00,0.00318,0.00319,0.00315,0.00318,28339725.0
2026-04-23 09:00:00,0.00318,0.00318,0.00314,0.00316,27179062.0
2026-04-23 10:00:00,0.00316,0.00316,0.00312,0.00314,107527465.0
2026-04-23 11:00:00,0.00314,0.00318,0.00313,0.00316,17197297.0
2026-04-23 12:00:00,0.00316,0.00319,0.00316,0.00319,17375158.0
2026-04-23 13:00:00,0.00319,0.0032,0.00318,0.00319,30860956.0
2026-04-23 14:00:00,0.00319,0.00321,0.00318,0.0032,23041933.0
2026-04-23 15:00:00,0.0032,0.00324,0.00319,0.00323,28164740.0
2026-04-23 16:00:00,0.00323,0.00324,0.0032,0.0032,25793856.0
2026-04-23 17:00:00,0.0032,0.00321,0.00314,0.00317,101717147.0
2026-04-23 18:00:00,0.00317,0.00319,0.00316,0.00316,29218840.0
2026-04-23 19:00:00,0.00317,0.00319,0.00316,0.00317,24052077.0
2026-04-23 20:00:00,0.00317,0.00322,0.00317,0.00319,13368504.0
2026-04-23 21:00:00,0.00318,0.00325,0.00318,0.00321,35599429.0
2026-04-23 22:00:00,0.00321,0.00323,0.00321,0.00321,29525574.0
2026-04-23 23:00:00,0.00321,0.00324,0.0032,0.00324,25431527.0
2026-04-24 00:00:00,0.00324,0.00325,0.00323,0.00325,60302416.0
2026-04-24 01:00:00,0.00325,0.00325,0.00321,0.00324,28826911.0
2026-04-24 02:00:00,0.00324,0.00325,0.00321,0.00322,58855663.0
2026-04-24 03:00:00,0.00322,0.00323,0.0032,0.00323,27420515.0
2026-04-24 04:00:00,0.00323,0.00323,0.00319,0.0032,40349002.0
2026-04-24 05:00:00,0.0032,0.00325,0.00319,0.00324,39289775.0
2026-04-24 06:00:00,0.00324,0.00326,0.00323,0.00325,110829226.0
2026-04-24 07:00:00,0.00325,0.00327,0.00323,0.00324,50459798.0
2026-04-24 08:00:00,0.00325,0.00327,0.00324,0.00325,29171448.0
2026-04-24 09:00:00,0.00325,0.00325,0.00322,0.00323,36459823.0
2026-04-24 10:00:00,0.00324,0.00328,0.00322,0.00327,34006100.0
2026-04-24 11:00:00,0.00326,0.00329,0.00326,0.00328,30627983.0
2026-04-24 12:00:00,0.00328,0.00329,0.00325,0.00327,30151613.0
2026-04-24 13:00:00,0.00326,0.00328,0.00325,0.00326,21020411.0
2026-04-24 14:00:00,0.00325,0.00327,0.00324,0.00326,28334497.0
2026-04-24 15:00:00,0.00326,0.00333,0.00323,0.00332,43129203.0
2026-04-24 16:00:00,0.00332,0.00337,0.00329,0.0033,86629124.0
2026-04-24 17:00:00,0.0033,0.00334,0.0033,0.00332,40444705.0
2026-04-24 18:00:00,0.00332,0.00335,0.0033,0.00334,29498658.0
2026-04-24 19:00:00,0.00334,0.00347,0.00334,0.00345,224085379.0
2026-04-24 20:00:00,0.00346,0.00358,0.00341,0.00354,628203721.0
2026-04-24 21:00:00,0.00353,0.00365,0.00349,0.00358,475155110.0
2026-04-24 22:00:00,0.00358,0.00361,0.00349,0.00352,196483377.0
2026-04-24 23:00:00,0.00352,0.00358,0.0035,0.00355,162241607.0
2026-04-25 00:00:00,0.00354,0.00365,0.00352,0.00364,295482655.0
2026-04-25 01:00:00,0.00364,0.00378,0.0036,0.00369,615617624.0
2026-04-25 02:00:00,0.00369,0.00375,0.00362,0.0037,273169260.0
2026-04-25 03:00:00,0.0037,0.00384,0.00368,0.00372,361011829.0
2026-04-25 04:00:00,0.00373,0.00374,0.00359,0.00363,269361389.0
2026-04-25 05:00:00,0.00362,0.00372,0.0036,0.00367,160302233.0
2026-04-25 06:00:00,0.00366,0.00376,0.00359,0.00359,272418570.0
2026-04-25 07:00:00,0.00359,0.00365,0.00354,0.00362,148110589.0
2026-04-25 08:00:00,0.00362,0.00368,0.00359,0.00363,146695644.0
2026-04-25 09:00:00,0.00363,0.0037,0.00361,0.00367,146764616.0
2026-04-25 10:00:00,0.00366,0.0037,0.00359,0.0036,144660372.0
2026-04-25 11:00:00,0.0036,0.00363,0.00353,0.00357,204017478.0
2026-04-25 12:00:00,0.00356,0.00356,0.0035,0.00352,116278587.0
2026-04-25 13:00:00,0.00351,0.0036,0.00351,0.00355,153221517.0
2026-04-25 14:00:00,0.00355,0.00356,0.00349,0.00352,112663622.0
2026-04-25 15:00:00,0.00351,0.00353,0.00347,0.00351,77600304.0
2026-04-25 16:00:00,0.0035,0.00352,0.00344,0.00346,107972453.0
2026-04-25 17:00:00,0.00346,0.00349,0.00344,0.00347,47137872.0
2026-04-25 18:00:00,0.00347,0.00351,0.00346,0.00349,34268376.0
2026-04-25 19:00:00,0.00348,0.0035,0.00345,0.00345,44298085.0
2026-04-25 20:00:00,0.00346,0.00349,0.00345,0.00348,56700678.0
2026-04-25 21:00:00,0.00349,0.00351,0.00348,0.00348,64829462.0
2026-04-25 22:00:00,0.00349,0.0035,0.00348,0.00348,17199005.0
2026-04-25 23:00:00,0.00348,0.00349,0.00347,0.00347,24041636.0
2026-04-26 00:00:00,0.00347,0.00348,0.00342,0.00344,56942038.0
2026-04-26 01:00:00,0.00344,0.00346,0.00341,0.00342,31638159.0
2026-04-26 02:00:00,0.00342,0.00344,0.0034,0.00343,69794667.0
2026-04-26 03:00:00,0.00343,0.00344,0.0034,0.00344,21298164.0
2026-04-26 04:00:00,0.00344,0.00346,0.00342,0.00343,25848361.0
2026-04-26 05:00:00,0.00343,0.00348,0.00342,0.00345,39300779.0
2026-04-26 06:00:00,0.00345,0.00349,0.00344,0.00346,31374869.0
2026-04-26 07:00:00,0.00346,0.00349,0.00345,0.00345,40337640.0
2026-04-26 08:00:00,0.00345,0.00346,0.00343,0.00345,37373851.0
2026-04-26 09:00:00,0.00346,0.00347,0.00345,0.00345,26233604.0
2026-04-26 10:00:00,0.00345,0.00346,0.00344,0.00344,28930143.0
2026-04-26 11:00:00,0.00345,0.00345,0.00341,0.00343,45852718.0
2026-04-26 12:00:00,0.00343,0.00346,0.00341,0.00341,40413169.0
2026-04-26 13:00:00,0.00342,0.00344,0.0034,0.0034,40411990.0
2026-04-26 14:00:00,0.0034,0.00344,0.0034,0.00342,40254243.0
2026-04-26 15:00:00,0.00342,0.00343,0.0034,0.00341,25039952.0
2026-04-26 16:00:00,0.00341,0.00343,0.00339,0.0034,29918111.0
2026-04-26 17:00:00,0.0034,0.00341,0.00338,0.0034,19137295.0
2026-04-26 18:00:00,0.0034,0.00342,0.00339,0.00342,55902693.0
2026-04-26 19:00:00,0.00342,0.00345,0.00341,0.00341,30369067.0
2026-04-26 20:00:00,0.00341,0.00343,0.0034,0.00341,17371262.0
2026-04-26 21:00:00,0.00342,0.00343,0.00339,0.00342,30310037.0
2026-04-26 22:00:00,0.00341,0.00343,0.00338,0.0034,20304706.0
2026-04-26 23:00:00,0.0034,0.00341,0.00338,0.0034,18035096.0
2026-04-27 00:00:00,0.0034,0.00343,0.00338,0.00343,53892161.0
2026-04-27 01:00:00,0.00343,0.00347,0.00342,0.00344,72301027.0
2026-04-27 02:00:00,0.00345,0.00348,0.00342,0.00345,47179578.0
2026-04-27 03:00:00,0.00345,0.00349,0.00345,0.00349,52489164.0
2026-04-27 04:00:00,0.00348,0.0035,0.00347,0.00349,58090582.0
2026-04-27 05:00:00,0.00349,0.0035,0.00338,0.00342,119907288.0
2026-04-27 06:00:00,0.00342,0.00342,0.00335,0.00337,88309034.0
2026-04-27 07:00:00,0.00336,0.00336,0.00333,0.00334,67685625.0
2026-04-27 08:00:00,0.00335,0.00336,0.00333,0.00336,36749457.0
2026-04-27 09:00:00,0.00335,0.00337,0.00335,0.00335,16452797.0
2026-04-27 10:00:00,0.00335,0.00335,0.00333,0.00333,11025476.0
2026-04-27 11:00:00,0.00333,0.00336,0.00331,0.00335,10671136.0
2026-04-27 12:00:00,0.00336,0.00336,0.00333,0.00334,16630912.0
2026-04-27 13:00:00,0.00335,0.00336,0.00331,0.00332,14701040.0
2026-04-27 14:00:00,0.00332,0.00339,0.00332,0.00336,31302042.0
2026-04-27 15:00:00,0.00336,0.00336,0.00328,0.0033,87228878.0
2026-04-27 16:00:00,0.0033,0.00331,0.00328,0.0033,30086476.0
2026-04-27 17:00:00,0.0033,0.00332,0.00329,0.0033,30413785.0
2026-04-27 18:00:00,0.0033,0.00331,0.00327,0.00329,19225641.0
2026-04-27 19:00:00,0.00328,0.00329,0.00325,0.00327,18974609.0
2026-04-27 20:00:00,0.00327,0.00329,0.00326,0.00328,10006365.0
2026-04-27 21:00:00,0.00328,0.00329,0.00326,0.00328,35702032.0
2026-04-27 22:00:00,0.00328,0.0033,0.00327,0.00329,12934964.0
2026-04-27 23:00:00,0.00328,0.00331,0.00328,0.0033,24201525.0
2026-04-28 00:00:00,0.0033,0.0033,0.00327,0.00327,13943282.0
2026-04-28 01:00:00,0.00327,0.00329,0.00326,0.00327,30101776.0
2026-04-28 02:00:00,0.00327,0.00331,0.00326,0.00327,56758058.0
2026-04-28 03:00:00,0.00327,0.0033,0.00325,0.00329,18237428.0
2026-04-28 04:00:00,0.00328,0.00331,0.00328,0.00329,51481736.0
2026-04-28 05:00:00,0.0033,0.00333,0.00328,0.00332,57914726.0
2026-04-28 06:00:00,0.00333,0.00334,0.0033,0.00331,37209227.0
2026-04-28 07:00:00,0.00331,0.00334,0.00329,0.00332,31302381.0
2026-04-28 08:00:00,0.00332,0.00336,0.00331,0.00332,33160969.0
2026-04-28 09:00:00,0.00331,0.00333,0.00328,0.00329,24459869.0
2026-04-28 10:00:00,0.00329,0.00331,0.00329,0.0033,22666044.0
2026-04-28 11:00:00,0.0033,0.0033,0.00326,0.00329,34930039.0
2026-04-28 12:00:00,0.00329,0.00332,0.00327,0.00331,41338580.0
2026-04-28 13:00:00,0.00331,0.00331,0.00328,0.00329,52375810.0
2026-04-28 14:00:00,0.00329,0.00329,0.00325,0.00329,56734327.0
2026-04-28 15:00:00,0.00329,0.00331,0.00328,0.0033,15245940.0
2026-04-28 16:00:00,0.0033,0.00331,0.00328,0.0033,27904829.0
2026-04-28 17:00:00,0.00329,0.0033,0.00327,0.00328,17060508.0
2026-04-28 18:00:00,0.00328,0.00329,0.00326,0.00328,22955419.0
2026-04-28 19:00:00,0.00328,0.00331,0.00327,0.00329,21129412.0
2026-04-28 20:00:00,0.00329,0.0033,0.00328,0.00329,15537747.0
2026-04-28 21:00:00,0.00329,0.00335,0.00329,0.00335,57975382.0
2026-04-28 22:00:00,0.00335,0.00336,0.00333,0.00333,28120495.0
2026-04-28 23:00:00,0.00334,0.00334,0.00332,0.00332,15360067.0
2026-04-29 00:00:00,0.00332,0.00334,0.00329,0.00333,43263153.0
2026-04-29 01:00:00,0.00334,0.00335,0.00332,0.00333,26425625.0
2026-04-29 02:00:00,0.00334,0.00337,0.00333,0.00335,38858380.0
2026-04-29 03:00:00,0.00335,0.00339,0.00335,0.00339,39783377.0
2026-04-29 04:00:00,0.00339,0.0034,0.00335,0.00335,65610252.0
2026-04-29 05:00:00,0.00335,0.00337,0.00334,0.00336,10947955.0
2026-04-29 06:00:00,0.00336,0.00338,0.00335,0.00337,32185763.0
2026-04-29 07:00:00,0.00337,0.00338,0.00334,0.00335,29931734.0
2026-04-29 08:00:00,0.00335,0.00336,0.00333,0.00334,24377723.0
2026-04-29 09:00:00,0.00334,0.00338,0.00333,0.00337,27285993.0
2026-04-29 10:00:00,0.00337,0.0034,0.00336,0.00336,34256601.0
2026-04-29 11:00:00,0.00336,0.00338,0.00334,0.00335,36425451.0
2026-04-29 12:00:00,0.00335,0.00335,0.00331,0.00333,48943917.0
2026-04-29 13:00:00,0.00333,0.00333,0.00329,0.00331,61339779.0
2026-04-29 14:00:00,0.00331,0.00332,0.00328,0.00329,50120126.0
2026-04-29 15:00:00,0.00329,0.0033,0.00323,0.00323,68616680.0
2026-04-29 16:00:00,0.00323,0.00324,0.0032,0.00322,91079080.0
2026-04-29 17:00:00,0.00322,0.00325,0.00322,0.00324,27822558.0
2026-04-29 18:00:00,0.00324,0.00325,0.00315,0.0032,109086214.0
2026-04-29 19:00:00,0.00321,0.00321,0.00318,0.00318,26920957.0
2026-04-29 20:00:00,0.00318,0.00323,0.00318,0.00321,26174157.0
2026-04-29 21:00:00,0.00321,0.00324,0.0032,0.00322,28810268.0
2026-04-29 22:00:00,0.00322,0.00323,0.00321,0.00322,13372486.0
2026-04-29 23:00:00,0.00322,0.00322,0.0032,0.00321,22321725.0
2026-04-30 00:00:00,0.00321,0.00325,0.0032,0.00325,20756587.0
2026-04-30 01:00:00,0.00326,0.00327,0.00324,0.00325,23014537.0
2026-04-30 02:00:00,0.00326,0.00326,0.0032,0.00321,21349643.0
2026-04-30 03:00:00,0.00321,0.00323,0.0032,0.00321,21589360.0
2026-04-30 04:00:00,0.00322,0.00322,0.00319,0.00319,19929561.0
2026-04-30 05:00:00,0.0032,0.00323,0.00319,0.0032,25492623.0
2026-04-30 06:00:00,0.0032,0.00323,0.0032,0.00322,22568447.0
2026-04-30 07:00:00,0.00322,0.00326,0.00322,0.00326,13878883.0
2026-04-30 08:00:00,0.00326,0.00326,0.00323,0.00325,13436322.0
2026-04-30 09:00:00,0.00325,0.00328,0.00324,0.00326,36849126.0
2026-04-30 10:00:00,0.00326,0.00327,0.00325,0.00326,18766914.0
2026-04-30 11:00:00,0.00326,0.00327,0.00323,0.00324,28112405.0
2026-04-30 12:00:00,0.00324,0.00326,0.00322,0.00322,30957464.0
2026-04-30 13:00:00,0.00322,0.00323,0.00319,0.0032,40031304.0
2026-04-30 14:00:00,0.0032,0.00321,0.00318,0.0032,38980441.0
2026-04-30 15:00:00,0.0032,0.00323,0.00319,0.00322,47368747.0
2026-04-30 16:00:00,0.00322,0.00323,0.0032,0.0032,22692478.0
2026-04-30 17:00:00,0.0032,0.00322,0.0032,0.0032,19465095.0
2026-04-30 18:00:00,0.00321,0.00322,0.0032,0.00321,22607291.0
2026-04-30 19:00:00,0.0032,0.00323,0.0032,0.00322,13027354.0
2026-04-30 20:00:00,0.00322,0.00322,0.00321,0.00321,13232055.0
2026-04-30 21:00:00,0.00321,0.00322,0.0032,0.0032,8800192.0
2026-04-30 22:00:00,0.0032,0.0032,0.00318,0.00319,12512811.0
2026-04-30 23:00:00,0.00319,0.0032,0.00318,0.0032,14658014.0
2026-05-01 00:00:00,0.0032,0.00322,0.00319,0.0032,11862581.0
2026-05-01 01:00:00,0.0032,0.00323,0.0032,0.00322,6153254.0
2026-05-01 02:00:00,0.00323,0.00323,0.00321,0.00323,6347715.0
2026-05-01 03:00:00,0.00323,0.00326,0.00322,0.00323,31319848.0
2026-05-01 04:00:00,0.00323,0.00325,0.00322,0.00323,9008919.0
2026-05-01 05:00:00,0.00322,0.00324,0.00322,0.00323,4285178.0
2026-05-01 06:00:00,0.00323,0.00323,0.0032,0.00321,4576415.0
2026-05-01 07:00:00,0.0032,0.00321,0.0032,0.00321,8723272.0
2026-05-01 08:00:00,0.00321,0.00323,0.0032,0.00321,24031244.0
2026-05-01 09:00:00,0.00321,0.00322,0.0032,0.0032,18000133.0
2026-05-01 10:00:00,0.0032,0.00321,0.00318,0.00319,26361372.0
2026-05-01 11:00:00,0.00319,0.00321,0.00318,0.0032,23664619.0
2026-05-01 12:00:00,0.00319,0.00323,0.00319,0.00322,25241538.0
2026-05-01 13:00:00,0.00322,0.00326,0.00322,0.00325,33017388.0
2026-05-01 14:00:00,0.00326,0.00326,0.00324,0.00326,27139772.0
2026-05-01 15:00:00,0.00326,0.00327,0.00323,0.00326,29270002.0
2026-05-01 16:00:00,0.00326,0.00327,0.00324,0.00326,28710232.0
2026-05-01 17:00:00,0.00325,0.00326,0.00324,0.00326,38999160.0
2026-05-01 18:00:00,0.00325,0.00327,0.00325,0.00326,6976772.0
2026-05-01 19:00:00,0.00325,0.00327,0.00324,0.00324,28044589.0
2026-05-01 20:00:00,0.00325,0.00326,0.00322,0.00322,17928379.0
2026-05-01 21:00:00,0.00323,0.00325,0.00321,0.00324,52881375.0
2026-05-01 22:00:00,0.00324,0.00325,0.00322,0.00322,12053988.0
2026-05-01 23:00:00,0.00322,0.00322,0.00319,0.00322,12622639.0
2026-05-02 00:00:00,0.00321,0.00322,0.0032,0.00322,33235181.0
2026-05-02 01:00:00,0.00322,0.00323,0.00321,0.00322,13203207.0
2026-05-02 02:00:00,0.00322,0.00322,0.0032,0.0032,9424696.0
2026-05-02 03:00:00,0.00321,0.00321,0.00319,0.00321,7818779.0
2026-05-02 04:00:00,0.0032,0.0032,0.00319,0.00319,19922185.0
2026-05-02 05:00:00,0.00319,0.0032,0.00318,0.00318,12976083.0
2026-05-02 06:00:00,0.00319,0.0032,0.00318,0.0032,14462017.0
2026-05-02 07:00:00,0.00319,0.0032,0.00318,0.0032,8624625.0
2026-05-02 08:00:00,0.00319,0.00319,0.00318,0.00318,34060754.0
2026-05-02 09:00:00,0.00318,0.0032,0.00318,0.00319,19304123.0
2026-05-02 10:00:00,0.00318,0.00319,0.00318,0.00319,9189801.0
2026-05-02 11:00:00,0.00318,0.00319,0.00316,0.00317,67681096.0
2026-05-02 12:00:00,0.00316,0.00318,0.00316,0.00317,17820914.0
2026-05-02 13:00:00,0.00316,0.00319,0.00316,0.00318,15593005.0
2026-05-02 14:00:00,0.00319,0.00322,0.00318,0.00322,22885368.0
2026-05-02 15:00:00,0.00322,0.00322,0.0032,0.00321,17147735.0
2026-05-02 16:00:00,0.00321,0.00322,0.0032,0.00322,14278280.0
2026-05-02 17:00:00,0.00322,0.00322,0.0032,0.0032,8842974.0
2026-05-02 18:00:00,0.00321,0.00322,0.00318,0.0032,37590094.0
2026-05-02 19:00:00,0.0032,0.00322,0.0032,0.00321,13813048.0
2026-05-02 20:00:00,0.00321,0.00322,0.0032,0.00321,12938974.0
2026-05-02 21:00:00,0.00321,0.00323,0.00318,0.00321,25204473.0
2026-05-02 22:00:00,0.0032,0.00321,0.00319,0.0032,9249408.0
2026-05-02 23:00:00,0.0032,0.0032,0.00318,0.00319,12936100.0
2026-05-03 00:00:00,0.00319,0.00319,0.00316,0.00318,28064195.0
2026-05-03 01:00:00,0.00318,0.00318,0.00313,0.00314,52531576.0
2026-05-03 02:00:00,0.00313,0.00314,0.00312,0.00313,13959205.0
2026-05-03 03:00:00,0.00313,0.00315,0.00311,0.00312,61769916.0
2026-05-03 04:00:00,0.00312,0.00313,0.00311,0.00312,19702217.0
2026-05-03 05:00:00,0.00312,0.00313,0.0031,0.00311,34559843.0
2026-05-03 06:00:00,0.00311,0.00311,0.00309,0.0031,27052940.0
2026-05-03 07:00:00,0.0031,0.00312,0.00309,0.00311,36201357.0
2026-05-03 08:00:00,0.00311,0.00312,0.00309,0.0031,32980886.0
2026-05-03 09:00:00,0.0031,0.00312,0.00309,0.00312,29465654.0
2026-05-03 10:00:00,0.00312,0.00313,0.0031,0.0031,10059913.0
2026-05-03 11:00:00,0.0031,0.00313,0.00309,0.00311,32902949.0
2026-05-03 12:00:00,0.00311,0.00313,0.00311,0.00311,33207991.0
2026-05-03 13:00:00,0.00311,0.00312,0.0031,0.0031,35578737.0
2026-05-03 14:00:00,0.00311,0.00312,0.0031,0.00311,13803367.0
2026-05-03 15:00:00,0.00311,0.00312,0.0031,0.00311,22491564.0
2026-05-03 16:00:00,0.00311,0.00312,0.00309,0.0031,13215952.0
2026-05-03 17:00:00,0.0031,0.00312,0.00308,0.0031,27735435.0
2026-05-03 18:00:00,0.00311,0.00311,0.00309,0.00311,4537711.0
2026-05-03 19:00:00,0.0031,0.00312,0.0031,0.0031,26392216.0
2026-05-03 20:00:00,0.00311,0.00313,0.0031,0.00311,81881865.0
2026-05-03 21:00:00,0.00311,0.00311,0.00307,0.00308,32358144.0
2026-05-03 22:00:00,0.00309,0.00313,0.00309,0.00311,40421345.0
2026-05-03 23:00:00,0.00311,0.00312,0.00308,0.00309,19219291.0
2026-05-04 00:00:00,0.00309,0.0031,0.00305,0.0031,33901113.0
2026-05-04 01:00:00,0.0031,0.00312,0.00307,0.00312,78575724.0
2026-05-04 02:00:00,0.00312,0.00319,0.00312,0.00318,94519184.0
2026-05-04 03:00:00,0.00319,0.0032,0.00317,0.00319,60144572.0
2026-05-04 04:00:00,0.00319,0.00321,0.00319,0.00319,26396290.0
2026-05-04 05:00:00,0.0032,0.00322,0.00317,0.00319,36172126.0
2026-05-04 06:00:00,0.00319,0.0032,0.00316,0.00319,31550753.0
2026-05-04 07:00:00,0.00318,0.00319,0.00317,0.00318,25104419.0
2026-05-04 08:00:00,0.00319,0.00319,0.00317,0.00317,25479675.0
2026-05-04 09:00:00,0.00318,0.00322,0.00317,0.0032,30773795.0
2026-05-04 10:00:00,0.0032,0.0032,0.0031,0.00312,193286877.0
2026-05-04 11:00:00,0.00312,0.00313,0.00311,0.00312,59434729.0
2026-05-04 12:00:00,0.00311,0.00314,0.00311,0.00312,34187110.0
2026-05-04 13:00:00,0.00311,0.00314,0.00309,0.00311,47892932.0
2026-05-04 14:00:00,0.00311,0.00317,0.0031,0.00316,111580012.0
2026-05-04 15:00:00,0.00315,0.00318,0.00311,0.00313,100563252.0
2026-05-04 16:00:00,0.00312,0.00316,0.00311,0.00313,59593412.0
2026-05-04 17:00:00,0.00313,0.00318,0.00313,0.00318,49132276.0
2026-05-04 18:00:00,0.00317,0.00319,0.00315,0.00317,36952016.0
2026-05-04 19:00:00,0.00317,0.00318,0.00314,0.00316,38076472.0
2026-05-04 20:00:00,0.00316,0.00316,0.00312,0.00312,33823084.0
2026-05-04 21:00:00,0.00312,0.00318,0.00312,0.00317,36722963.0
2026-05-04 22:00:00,0.00317,0.00318,0.00313,0.00313,56644797.0
2026-05-04 23:00:00,0.00313,0.00313,0.00311,0.00312,19901005.0
2026-05-05 00:00:00,0.00312,0.00313,0.00311,0.00312,36433213.0
2026-05-05 01:00:00,0.00313,0.00317,0.00311,0.00315,37648483.0
2026-05-05 02:00:00,0.00316,0.00319,0.00314,0.00315,64894816.0
2026-05-05 03:00:00,0.00315,0.00318,0.00314,0.00316,27019086.0
2026-05-05 04:00:00,0.00316,0.00318,0.00315,0.00315,15152456.0
2026-05-05 05:00:00,0.00316,0.00318,0.00314,0.00317,33178826.0
2026-05-05 06:00:00,0.00318,0.0032,0.00317,0.0032,19414503.0
2026-05-05 07:00:00,0.0032,0.00323,0.00319,0.00322,42537003.0
2026-05-05 08:00:00,0.00323,0.00325,0.0032,0.00321,78024958.0
2026-05-05 09:00:00,0.00321,0.00324,0.00321,0.00322,36292728.0
2026-05-05 10:00:00,0.00323,0.00327,0.00321,0.00325,60852884.0
2026-05-05 11:00:00,0.00325,0.00326,0.00323,0.00326,44152419.0
2026-05-05 12:00:00,0.00326,0.00331,0.00325,0.00329,105973809.0
2026-05-05 13:00:00,0.00329,0.00332,0.00326,0.00329,63944211.0
2026-05-05 14:00:00,0.00328,0.00331,0.00325,0.00328,74420457.0
2026-05-05 15:00:00,0.00329,0.0033,0.00328,0.0033,29906655.0
2026-05-05 16:00:00,0.0033,0.00332,0.00329,0.0033,44315812.0
2026-05-05 17:00:00,0.0033,0.00331,0.00327,0.00329,40170822.0
2026-05-05 18:00:00,0.00329,0.00332,0.00329,0.00332,24998289.0
2026-05-05 19:00:00,0.00332,0.0034,0.00331,0.00339,123580816.0
2026-05-05 20:00:00,0.0034,0.00351,0.00339,0.0035,349740540.0
2026-05-05 21:00:00,0.0035,0.00366,0.00349,0.00357,385116848.0
2026-05-05 22:00:00,0.00357,0.00358,0.00344,0.00346,215650643.0
2026-05-05 23:00:00,0.00347,0.0035,0.00344,0.00349,67039215.0
2026-05-06 00:00:00,0.00348,0.00352,0.00345,0.00349,122663053.0
2026-05-06 01:00:00,0.00348,0.00358,0.00347,0.00355,106046813.0
2026-05-06 02:00:00,0.00355,0.00358,0.0035,0.00357,86349475.0
2026-05-06 03:00:00,0.00357,0.00365,0.00356,0.00362,148116912.0
2026-05-06 04:00:00,0.00363,0.00368,0.00361,0.00361,172931221.0
2026-05-06 05:00:00,0.00361,0.00364,0.00357,0.00364,143458793.0
2026-05-06 06:00:00,0.00363,0.00365,0.00358,0.00359,87821331.0
2026-05-06 07:00:00,0.00358,0.00359,0.00354,0.00356,87505056.0
2026-05-06 08:00:00,0.00355,0.00365,0.00355,0.00364,78910503.0
2026-05-06 09:00:00,0.00363,0.00369,0.00362,0.00365,95817702.0
2026-05-06 10:00:00,0.00365,0.00369,0.00363,0.00368,78030403.0
2026-05-06 11:00:00,0.00368,0.00372,0.00366,0.00372,104878390.0
2026-05-06 12:00:00,0.00372,0.00375,0.00368,0.0037,128994481.0
2026-05-06 13:00:00,0.0037,0.00371,0.00362,0.00363,140350864.0
2026-05-06 14:00:00,0.00363,0.00363,0.00357,0.0036,128310111.0
2026-05-06 15:00:00,0.00361,0.00369,0.0036,0.00367,138611182.0
2026-05-06 16:00:00,0.00367,0.00373,0.00365,0.00371,97092245.0
2026-05-06 17:00:00,0.0037,0.00374,0.00364,0.00365,88686610.0
2026-05-06 18:00:00,0.00365,0.00366,0.00362,0.00362,51010912.0
2026-05-06 19:00:00,0.00362,0.00365,0.00361,0.00363,44187968.0
2026-05-06 20:00:00,0.00363,0.00368,0.00362,0.00367,29436689.0
2026-05-06 21:00:00,0.00368,0.00379,0.00367,0.00376,79836853.0
2026-05-06 22:00:00,0.00377,0.00377,0.00368,0.00369,90808237.0
2026-05-06 23:00:00,0.00369,0.00372,0.00365,0.00372,73751520.0
2026-05-07 00:00:00,0.00371,0.00373,0.00367,0.00368,55154707.0
2026-05-07 01:00:00,0.00367,0.00371,0.00363,0.00366,69608154.0
2026-05-07 02:00:00,0.00366,0.00369,0.00362,0.00367,46386193.0
2026-05-07 03:00:00,0.00367,0.00373,0.00366,0.00369,65731389.0
2026-05-07 04:00:00,0.00369,0.00386,0.00369,0.00386,165733225.0
2026-05-07 05:00:00,0.00386,0.0039,0.00378,0.00379,124704074.0
2026-05-07 06:00:00,0.00378,0.0038,0.0037,0.00379,106318360.0
2026-05-07 07:00:00,0.00379,0.00382,0.00377,0.00379,43802336.0
2026-05-07 08:00:00,0.00379,0.0038,0.00374,0.00378,34126793.0
2026-05-07 09:00:00,0.00379,0.00379,0.00373,0.00375,38172860.0
2026-05-07 10:00:00,0.00374,0.00381,0.00374,0.00378,64407794.0
2026-05-07 11:00:00,0.00378,0.00382,0.00376,0.00377,45261625.0
2026-05-07 12:00:00,0.00377,0.00381,0.00377,0.00379,45269882.0
2026-05-07 13:00:00,0.00379,0.00381,0.00374,0.00375,59721050.0
2026-05-07 14:00:00,0.00375,0.00376,0.00363,0.00367,94256592.0
2026-05-07 15:00:00,0.00367,0.00369,0.00362,0.00363,70097324.0
2026-05-07 16:00:00,0.00364,0.00368,0.00362,0.00367,53627295.0
2026-05-07 17:00:00,0.00366,0.00368,0.00363,0.00368,54227249.0
2026-05-07 18:00:00,0.00368,0.00375,0.00366,0.0037,89919583.0
2026-05-07 19:00:00,0.0037,0.00376,0.00369,0.00374,62466331.0
2026-05-07 20:00:00,0.00373,0.00378,0.0037,0.00371,70764312.0
2026-05-07 21:00:00,0.00371,0.00375,0.00368,0.00372,42306059.0
2026-05-07 22:00:00,0.00373,0.00375,0.0037,0.00373,35928475.0
2026-05-07 23:00:00,0.00372,0.00377,0.00372,0.00375,22137465.0
2026-05-08 00:00:00,0.00375,0.00376,0.00373,0.00376,22142192.0
2026-05-08 01:00:00,0.00376,0.00379,0.00374,0.00378,22969009.0
2026-05-08 02:00:00,0.00378,0.00381,0.00375,0.00378,41762737.0
2026-05-08 03:00:00,0.00378,0.00381,0.00375,0.00376,55234906.0
2026-05-08 04:00:00,0.00376,0.00379,0.00374,0.00375,32845315.0
2026-05-08 05:00:00,0.00376,0.00376,0.0037,0.00371,34900572.0
2026-05-08 06:00:00,0.0037,0.00375,0.00368,0.00375,36567531.0
2026-05-08 07:00:00,0.00375,0.00379,0.00372,0.00378,35007150.0
2026-05-08 08:00:00,0.00378,0.00382,0.00377,0.00381,60213902.0
2026-05-08 09:00:00,0.00381,0.00384,0.00378,0.00382,188479523.0
2026-05-08 10:00:00,0.00383,0.00391,0.00382,0.00386,501572234.0
2026-05-08 11:00:00,0.00385,0.00392,0.00384,0.0039,561745721.0
2026-05-08 12:00:00,0.0039,0.00409,0.00389,0.00408,923101943.0
2026-05-08 13:00:00,0.00407,0.0043,0.00404,0.00423,2071766124.0
2026-05-08 14:00:00,0.00423,0.00454,0.00417,0.00434,1864743009.0
2026-05-08 15:00:00,0.00434,0.00439,0.00406,0.00408,1167728224.0
2026-05-08 16:00:00,0.00408,0.00411,0.00393,0.00398,778916891.0
2026-05-08 17:00:00,0.00398,0.00407,0.00394,0.00405,479488621.0
2026-05-08 18:00:00,0.00404,0.00411,0.004,0.00408,341827360.0
2026-05-08 19:00:00,0.00408,0.00412,0.00401,0.00412,244627708.0
2026-05-08 20:00:00,0.00412,0.00421,0.00409,0.00421,251890321.0
2026-05-08 21:00:00,0.00421,0.00425,0.00416,0.00419,222109571.0
2026-05-08 22:00:00,0.00418,0.00424,0.0041,0.00415,223127579.0
2026-05-08 23:00:00,0.00415,0.00417,0.00412,0.00416,87256035.0
2026-05-09 00:00:00,0.00416,0.00423,0.00415,0.00419,187505567.0
2026-05-09 01:00:00,0.00419,0.00422,0.00415,0.0042,419775515.0
2026-05-09 02:00:00,0.0042,0.00426,0.00418,0.00422,305756962.0
2026-05-09 03:00:00,0.00423,0.00434,0.00421,0.00428,606672472.0
2026-05-09 04:00:00,0.00428,0.00448,0.00427,0.00444,731716116.0
2026-05-09 05:00:00,0.00445,0.00447,0.00425,0.00431,835082792.0
2026-05-09 06:00:00,0.00431,0.00448,0.00427,0.0043,2673461732.0
2026-05-09 07:00:00,0.00429,0.00432,0.00422,0.00425,1206283464.0
2026-05-09 08:00:00,0.00425,0.00427,0.00418,0.00424,898439243.0
2026-05-09 09:00:00,0.00423,0.00427,0.00418,0.00422,787789797.0
2026-05-09 10:00:00,0.00421,0.00433,0.00421,0.0043,368566239.0
2026-05-09 11:00:00,0.00429,0.00435,0.00422,0.00423,421364261.0
2026-05-09 12:00:00,0.00423,0.00423,0.00414,0.00416,214482910.0
2026-05-09 13:00:00,0.00417,0.00417,0.00411,0.00415,175508124.0
2026-05-09 14:00:00,0.00416,0.00416,0.00409,0.00413,189696871.0
2026-05-09 15:00:00,0.00413,0.00415,0.0041,0.00412,148335278.0
2026-05-09 16:00:00,0.00413,0.00415,0.00408,0.0041,223629714.0
2026-05-09 17:00:00,0.0041,0.00414,0.0041,0.00412,158790601.0
2026-05-09 18:00:00,0.00413,0.00415,0.00411,0.00412,134838537.0
2026-05-09 19:00:00,0.00413,0.00414,0.00411,0.00413,44471927.0
2026-05-09 20:00:00,0.00414,0.00415,0.00412,0.00413,38649708.0
2026-05-09 21:00:00,0.00414,0.00415,0.00413,0.00415,25724701.0
2026-05-09 22:00:00,0.00415,0.00415,0.00411,0.00412,99166618.0
2026-05-09 23:00:00,0.00411,0.00412,0.00407,0.00409,119980849.0
2026-05-10 00:00:00,0.00409,0.00412,0.00405,0.00407,192614271.0
2026-05-10 01:00:00,0.00406,0.00407,0.00402,0.00404,99178479.0
2026-05-10 02:00:00,0.00404,0.00408,0.00402,0.00406,123788690.0
2026-05-10 03:00:00,0.00406,0.0041,0.00405,0.00408,45761706.0
2026-05-10 04:00:00,0.00409,0.00409,0.00406,0.00406,48375978.0
2026-05-10 05:00:00,0.00407,0.00408,0.00405,0.00406,54663678.0
2026-05-10 06:00:00,0.00407,0.00408,0.00405,0.00407,76537839.0
2026-05-10 07:00:00,0.00406,0.00408,0.00403,0.00406,133890620.0
2026-05-10 08:00:00,0.00406,0.00414,0.00405,0.00412,336070602.0
2026-05-10 09:00:00,0.00413,0.00415,0.00408,0.00409,242097730.0
2026-05-10 10:00:00,0.00409,0.00412,0.00407,0.00411,99365202.0
2026-05-10 11:00:00,0.0041,0.00413,0.0041,0.00411,40398803.0
2026-05-10 12:00:00,0.00411,0.00411,0.00408,0.00411,95688487.0
2026-05-10 13:00:00,0.0041,0.00414,0.0041,0.00412,68439115.0
2026-05-10 14:00:00,0.00412,0.00412,0.00407,0.00408,85999983.0
2026-05-10 15:00:00,0.00408,0.00409,0.00406,0.00408,192234844.0
2026-05-10 16:00:00,0.00408,0.00413,0.00407,0.00412,151299651.0
2026-05-10 17:00:00,0.00412,0.00414,0.0041,0.00411,278799118.0
2026-05-10 18:00:00,0.00411,0.00414,0.0041,0.00412,92912210.0
2026-05-10 19:00:00,0.00413,0.00414,0.0041,0.00411,74012318.0
2026-05-10 20:00:00,0.0041,0.00412,0.00394,0.00398,258435061.0
2026-05-10 21:00:00,0.00397,0.00402,0.00394,0.00399,93241419.0
2026-05-10 22:00:00,0.00398,0.00406,0.00397,0.00405,101519771.0
2026-05-10 23:00:00,0.00406,0.0041,0.00403,0.00407,62478117.0
2026-05-11 00:00:00,0.00407,0.00408,0.004,0.00402,99759577.0
2026-05-11 01:00:00,0.00403,0.00406,0.004,0.00402,74758738.0
2026-05-11 02:00:00,0.00403,0.00404,0.004,0.00402,69197783.0
2026-05-11 03:00:00,0.00401,0.00402,0.00393,0.00397,105170913.0
2026-05-11 04:00:00,0.00398,0.004,0.00395,0.00398,119114236.0
2026-05-11 05:00:00,0.00399,0.00401,0.00398,0.004,119509787.0
2026-05-11 06:00:00,0.00399,0.00402,0.00399,0.00401,101088122.0
2026-05-11 07:00:00,0.004,0.00401,0.00397,0.00397,92845239.0
2026-05-11 08:00:00,0.00398,0.00401,0.00396,0.00399,178834845.0
2026-05-11 09:00:00,0.004,0.00402,0.00397,0.00399,183631990.0
2026-05-11 10:00:00,0.004,0.00404,0.00398,0.00398,65652904.0
2026-05-11 11:00:00,0.00399,0.00401,0.00398,0.004,61953605.0
2026-05-11 12:00:00,0.004,0.004,0.00397,0.00397,57440615.0
2026-05-11 13:00:00,0.00397,0.00399,0.00394,0.00395,61205908.0
2026-05-11 14:00:00,0.00395,0.00397,0.00391,0.00392,105647942.0
2026-05-11 15:00:00,0.00393,0.00393,0.00388,0.00392,114741122.0
2026-05-11 16:00:00,0.00391,0.00394,0.0039,0.00393,98986310.0
2026-05-11 17:00:00,0.00393,0.00396,0.00391,0.00395,52595050.0
2026-05-11 18:00:00,0.00395,0.00397,0.00394,0.00394,41147610.0
2026-05-11 19:00:00,0.00395,0.00396,0.00393,0.00396,28927917.0
2026-05-11 20:00:00,0.00395,0.00398,0.00394,0.00395,30548522.0
2026-05-11 21:00:00,0.00396,0.00397,0.00395,0.00396,23918600.0
2026-05-11 22:00:00,0.00395,0.00396,0.00392,0.00393,32575662.0
2026-05-11 23:00:00,0.00393,0.00393,0.0039,0.00392,22346760.0
2026-05-12 00:00:00,0.00392,0.00393,0.0039,0.00392,64742036.0
2026-05-12 01:00:00,0.00392,0.00392,0.00383,0.00385,110644312.0
2026-05-12 02:00:00,0.00386,0.00387,0.00384,0.00386,49403465.0
2026-05-12 03:00:00,0.00385,0.00387,0.00384,0.00384,51931871.0
2026-05-12 04:00:00,0.00385,0.00386,0.00383,0.00385,46796119.0
2026-05-12 05:00:00,0.00386,0.00387,0.00385,0.00385,40768514.0
2026-05-12 06:00:00,0.00386,0.00392,0.00385,0.00386,214728010.0
2026-05-12 07:00:00,0.00385,0.00386,0.00382,0.00386,88725980.0
2026-05-12 08:00:00,0.00385,0.00387,0.00383,0.00385,146403926.0
2026-05-12 09:00:00,0.00386,0.0039,0.00383,0.00389,64349562.0
2026-05-12 10:00:00,0.00388,0.00389,0.00382,0.00382,67594965.0
2026-05-12 11:00:00,0.00383,0.00384,0.00377,0.00378,99486462.0
2026-05-12 12:00:00,0.00378,0.00381,0.00375,0.00379,112701783.0
2026-05-12 13:00:00,0.00379,0.0038,0.00373,0.00373,122569423.0
2026-05-12 14:00:00,0.00373,0.00376,0.00369,0.00371,170652511.0
2026-05-12 15:00:00,0.00372,0.00375,0.00368,0.00371,104257433.0
2026-05-12 16:00:00,0.0037,0.00373,0.00368,0.00371,124598937.0
2026-05-12 17:00:00,0.0037,0.00375,0.0037,0.00374,104651723.0
2026-05-12 18:00:00,0.00374,0.00377,0.00373,0.00374,41279144.0
2026-05-12 19:00:00,0.00375,0.00378,0.00374,0.00377,41759639.0
2026-05-12 20:00:00,0.00378,0.00378,0.00375,0.00376,35461513.0
2026-05-12 21:00:00,0.00376,0.00377,0.00375,0.00375,15871733.0
2026-05-12 22:00:00,0.00376,0.00377,0.00375,0.00376,13717482.0
2026-05-12 23:00:00,0.00376,0.00377,0.00374,0.00376,40499699.0
2026-05-13 00:00:00,0.00376,0.0038,0.00375,0.00378,62779064.0
2026-05-13 01:00:00,0.00379,0.00382,0.00378,0.00381,74755777.0
2026-05-13 02:00:00,0.0038,0.00384,0.0038,0.00381,47551630.0
2026-05-13 03:00:00,0.00382,0.00383,0.00381,0.00383,48240814.0
2026-05-13 04:00:00,0.00382,0.00385,0.00381,0.00381,44636635.0
2026-05-13 05:00:00,0.00381,0.00382,0.00377,0.0038,43010833.0
2026-05-13 06:00:00,0.00379,0.00381,0.00378,0.00379,69830098.0
2026-05-13 07:00:00,0.0038,0.00384,0.00379,0.00383,89693712.0
2026-05-13 08:00:00,0.00384,0.00385,0.00382,0.00383,61741261.0
2026-05-13 09:00:00,0.00383,0.00392,0.00383,0.00391,96880130.0
2026-05-13 10:00:00,0.00392,0.00393,0.00387,0.00388,96617697.0
2026-05-13 11:00:00,0.00389,0.00389,0.00382,0.00382,81264016.0
2026-05-13 12:00:00,0.00383,0.00384,0.00372,0.00373,156641749.0
2026-05-13 13:00:00,0.00374,0.00376,0.00368,0.00369,225967852.0
2026-05-13 14:00:00,0.0037,0.0037,0.00366,0.00369,236062690.0
2026-05-13 15:00:00,0.0037,0.00371,0.0036,0.00362,179867497.0
2026-05-13 16:00:00,0.00361,0.00369,0.00361,0.00367,128940038.0
2026-05-13 17:00:00,0.00367,0.00369,0.00366,0.00366,58738742.0
2026-05-13 18:00:00,0.00367,0.0037,0.00366,0.00368,37243674.0
2026-05-13 19:00:00,0.00369,0.00369,0.00364,0.00365,40672367.0
2026-05-13 20:00:00,0.00364,0.00367,0.00364,0.00366,18650661.0
2026-05-13 21:00:00,0.00367,0.00367,0.00361,0.00362,32441821.0
2026-05-13 22:00:00,0.00361,0.00364,0.0036,0.00362,24567496.0
2026-05-13 23:00:00,0.00362,0.00363,0.00361,0.00362,7375201.0
2026-05-14 00:00:00,0.00362,0.00364,0.00361,0.00362,19118535.0
2026-05-14 01:00:00,0.00363,0.00364,0.00362,0.00363,16319665.0
2026-05-14 02:00:00,0.00362,0.00364,0.0036,0.00361,33831408.0
2026-05-14 03:00:00,0.0036,0.00362,0.00354,0.00356,136630603.0
2026-05-14 04:00:00,0.00355,0.00359,0.00355,0.00359,46944086.0
2026-05-14 05:00:00,0.00358,0.00361,0.00358,0.00361,41875210.0
2026-05-14 06:00:00,0.0036,0.00362,0.0036,0.0036,48976896.0
2026-05-14 07:00:00,0.00361,0.00361,0.00358,0.00358,36452893.0
2026-05-14 08:00:00,0.00359,0.00359,0.00356,0.00357,65833843.0
2026-05-14 09:00:00,0.00358,0.00359,0.00356,0.00357,91273694.0
2026-05-14 10:00:00,0.00357,0.0036,0.00357,0.00359,50580145.0
2026-05-14 11:00:00,0.00359,0.00362,0.00359,0.0036,40508616.0
2026-05-14 12:00:00,0.0036,0.00364,0.00359,0.00363,49855168.0
2026-05-14 13:00:00,0.00364,0.00364,0.00361,0.00362,69213263.0
2026-05-14 14:00:00,0.00361,0.0037,0.00359,0.00369,91721823.0
2026-05-14 15:00:00,0.00368,0.00374,0.00367,0.00371,113709415.0
2026-05-14 16:00:00,0.00371,0.00377,0.00371,0.00377,119582746.0
2026-05-14 17:00:00,0.00376,0.00378,0.00371,0.00374,75602262.0
2026-05-14 18:00:00,0.00375,0.00378,0.00371,0.00378,58306646.0
2026-05-14 19:00:00,0.00378,0.00378,0.00373,0.00373,32763901.0
2026-05-14 20:00:00,0.00374,0.00375,0.0037,0.00374,55740092.0
2026-05-14 21:00:00,0.00374,0.00374,0.00372,0.00373,20010481.0
2026-05-14 22:00:00,0.00373,0.00375,0.00372,0.00373,36701599.0
2026-05-14 23:00:00,0.00373,0.00373,0.00369,0.0037,30324528.0
2026-05-15 00:00:00,0.0037,0.00372,0.00368,0.00371,54967536.0
2026-05-15 01:00:00,0.0037,0.00373,0.00368,0.0037,87675721.0
2026-05-15 02:00:00,0.0037,0.00371,0.00365,0.0037,119054019.0
2026-05-15 03:00:00,0.00371,0.00371,0.00368,0.00369,50726290.0
2026-05-15 04:00:00,0.00369,0.0037,0.00364,0.00365,60655844.0
2026-05-15 05:00:00,0.00364,0.00366,0.00357,0.00359,325311957.0
2026-05-15 06:00:00,0.00358,0.00362,0.00358,0.0036,306401116.0
2026-05-15 07:00:00,0.00361,0.00364,0.0036,0.00361,110887031.0
2026-05-15 08:00:00,0.00361,0.00362,0.00358,0.0036,145737649.0
2026-05-15 09:00:00,0.00359,0.00361,0.00358,0.0036,170825152.0
2026-05-15 10:00:00,0.0036,0.00364,0.00358,0.00363,31422248.0
2026-05-15 11:00:00,0.00364,0.00364,0.00361,0.00361,35217875.0
2026-05-15 12:00:00,0.00362,0.00362,0.00359,0.00359,48735991.0
2026-05-15 13:00:00,0.0036,0.0036,0.00345,0.00346,251195572.0
2026-05-15 14:00:00,0.00347,0.00352,0.00345,0.00348,128115298.0
2026-05-15 15:00:00,0.00348,0.0035,0.00347,0.00349,77506602.0
2026-05-15 16:00:00,0.00348,0.00353,0.00348,0.00353,38183312.0
2026-05-15 17:00:00,0.00353,0.00356,0.00352,0.00355,25313254.0
2026-05-15 18:00:00,0.00356,0.00357,0.00353,0.00354,31791172.0
2026-05-15 19:00:00,0.00354,0.00354,0.00351,0.00352,31463032.0
2026-05-15 20:00:00,0.00352,0.00352,0.00349,0.0035,42449705.0
2026-05-15 21:00:00,0.0035,0.00351,0.00349,0.0035,12879022.0
2026-05-15 22:00:00,0.0035,0.00352,0.0035,0.00352,20335434.0
2026-05-15 23:00:00,0.00351,0.00352,0.0035,0.0035,5889437.0
2026-05-16 00:00:00,0.0035,0.00352,0.00349,0.0035,17978827.0
2026-05-16 01:00:00,0.00349,0.0035,0.00347,0.0035,33633975.0
2026-05-16 02:00:00,0.0035,0.0035,0.00348,0.00349,11603689.0
2026-05-16 03:00:00,0.00349,0.00349,0.00347,0.00347,3187749.0
2026-05-16 04:00:00,0.00347,0.00348,0.00344,0.00346,32536909.0
2026-05-16 05:00:00,0.00346,0.00347,0.00345,0.00347,25605471.0
2026-05-16 06:00:00,0.00346,0.00347,0.00341,0.00344,38376829.0
2026-05-16 07:00:00,0.00343,0.00344,0.00335,0.00337,118363090.0
2026-05-16 08:00:00,0.00338,0.00339,0.00337,0.00338,20702877.0
2026-05-16 09:00:00,0.00337,0.00339,0.00333,0.00337,84593561.0
2026-05-16 10:00:00,0.00337,0.00337,0.00333,0.00336,49699253.0
2026-05-16 11:00:00,0.00336,0.00338,0.00336,0.00337,13582972.0
2026-05-16 12:00:00,0.00337,0.00338,0.00336,0.00337,11779088.0
2026-05-16 13:00:00,0.00337,0.00338,0.00336,0.00336,22481347.0
2026-05-16 14:00:00,0.00336,0.00339,0.00335,0.00337,40861816.0
2026-05-16 15:00:00,0.00337,0.0034,0.00336,0.00339,37687104.0
2026-05-16 16:00:00,0.00339,0.00341,0.00338,0.0034,37989078.0
2026-05-16 17:00:00,0.00341,0.00343,0.0034,0.00342,22981633.0
2026-05-16 18:00:00,0.00341,0.00342,0.00339,0.0034,20686805.0
2026-05-16 19:00:00,0.0034,0.0034,0.00337,0.00338,10326873.0
2026-05-16 20:00:00,0.00339,0.00339,0.00337,0.00338,5270409.0
2026-05-16 21:00:00,0.00338,0.00341,0.00337,0.0034,30062926.0
2026-05-16 22:00:00,0.0034,0.00341,0.00339,0.0034,7529504.0
2026-05-16 23:00:00,0.00339,0.0034,0.00339,0.00339,13868301.0
2026-05-17 00:00:00,0.00339,0.00341,0.00337,0.00339,32083912.0
2026-05-17 01:00:00,0.00338,0.00339,0.00335,0.00336,57064056.0
2026-05-17 02:00:00,0.00336,0.00337,0.00335,0.00335,13512761.0
2026-05-17 03:00:00,0.00336,0.0034,0.00336,0.0034,14388417.0
2026-05-17 04:00:00,0.00339,0.00342,0.00339,0.00342,15806914.0
2026-05-17 05:00:00,0.00342,0.00344,0.00341,0.00342,19077533.0
2026-05-17 06:00:00,0.00341,0.00346,0.00341,0.00344,36684992.0
2026-05-17 07:00:00,0.00345,0.00349,0.00344,0.00346,34145778.0
2026-05-17 08:00:00,0.00346,0.00347,0.00344,0.00345,17631003.0
2026-05-17 09:00:00,0.00345,0.00346,0.00344,0.00346,18088248.0
2026-05-17 10:00:00,0.00345,0.00348,0.00345,0.00347,26128159.0
2026-05-17 11:00:00,0.00347,0.00347,0.00343,0.00343,14346738.0
2026-05-17 12:00:00,0.00344,0.00346,0.00344,0.00344,21811414.0
2026-05-17 13:00:00,0.00343,0.00346,0.00342,0.00344,27382000.0
2026-05-17 14:00:00,0.00344,0.00344,0.00341,0.00343,46528095.0
2026-05-17 15:00:00,0.00342,0.00343,0.00341,0.00342,4148575.0
2026-05-17 16:00:00,0.00341,0.00343,0.00339,0.0034,19843025.0
2026-05-17 17:00:00,0.00339,0.0034,0.00337,0.0034,21780529.0
2026-05-17 18:00:00,0.00339,0.00341,0.00338,0.0034,19107641.0
2026-05-17 19:00:00,0.0034,0.00342,0.0034,0.00341,11207952.0
2026-05-17 20:00:00,0.00342,0.00342,0.00339,0.0034,19258994.0
2026-05-17 21:00:00,0.0034,0.00343,0.00339,0.00341,10819715.0
2026-05-17 22:00:00,0.00341,0.00341,0.00336,0.00337,20708569.0
2026-05-17 23:00:00,0.00337,0.00337,0.0032,0.00331,180267666.0
2026-05-18 00:00:00,0.00331,0.00332,0.00328,0.00331,50160333.0
2026-05-18 01:00:00,0.00332,0.00332,0.00328,0.00332,19623212.0
2026-05-18 02:00:00,0.00332,0.00334,0.00332,0.00333,42297223.0
2026-05-18 03:00:00,0.00334,0.00335,0.00332,0.00333,19267452.0
2026-05-18 04:00:00,0.00333,0.00334,0.00332,0.00334,22791062.0
2026-05-18 05:00:00,0.00334,0.00335,0.00331,0.00332,18307966.0
2026-05-18 06:00:00,0.00331,0.00333,0.00329,0.00331,45971459.0
2026-05-18 07:00:00,0.00331,0.00332,0.00328,0.00328,18949080.0
2026-05-18 08:00:00,0.00329,0.00331,0.00328,0.00331,13788043.0
2026-05-18 09:00:00,0.00331,0.00331,0.00328,0.00328,20135056.0
2026-05-18 10:00:00,0.00329,0.00329,0.00326,0.00327,19837323.0
2026-05-18 11:00:00,0.00327,0.00331,0.00325,0.0033,21557963.0
2026-05-18 12:00:00,0.0033,0.00335,0.0033,0.00334,34591467.0
2026-05-18 13:00:00,0.00333,0.00333,0.0033,0.00333,26571044.0
2026-05-18 14:00:00,0.00333,0.00333,0.00328,0.00328,38710526.0
2026-05-18 15:00:00,0.00328,0.0033,0.00326,0.00328,31838403.0
2026-05-18 16:00:00,0.00329,0.00331,0.00327,0.0033,29102613.0
2026-05-18 17:00:00,0.0033,0.00331,0.00329,0.00331,12721535.0
2026-05-18 18:00:00,0.00331,0.00331,0.00325,0.00326,17259674.0
2026-05-18 19:00:00,0.00325,0.00333,0.00325,0.00333,37157272.0
2026-05-18 20:00:00,0.00333,0.00335,0.00332,0.00332,23367756.0
2026-05-18 21:00:00,0.00332,0.00339,0.00332,0.00338,28019733.0
2026-05-18 22:00:00,0.00338,0.0034,0.00337,0.00338,30607693.0
2026-05-18 23:00:00,0.00338,0.0034,0.00337,0.0034,13435525.0
2026-05-19 00:00:00,0.00339,0.00341,0.00339,0.00341,20998681.0
2026-05-19 01:00:00,0.0034,0.0034,0.00337,0.00338,11195403.0
2026-05-19 02:00:00,0.00338,0.00339,0.00336,0.00337,14958354.0
2026-05-19 03:00:00,0.00336,0.00338,0.00335,0.00336,20856590.0
2026-05-19 04:00:00,0.00336,0.00339,0.00335,0.00336,30547557.0
2026-05-19 05:00:00,0.00336,0.00337,0.00333,0.00337,15394269.0
2026-05-19 06:00:00,0.00336,0.0034,0.00336,0.00339,11672295.0
2026-05-19 07:00:00,0.00338,0.00339,0.00337,0.00338,14246836.0
2026-05-19 08:00:00,0.00338,0.00338,0.00336,0.00337,23980971.0
2026-05-19 09:00:00,0.00337,0.00338,0.00335,0.00337,26435834.0
2026-05-19 10:00:00,0.00337,0.00338,0.00334,0.00335,22673384.0
2026-05-19 11:00:00,0.00335,0.00335,0.00331,0.00333,16853297.0
2026-05-19 12:00:00,0.00332,0.00335,0.00332,0.00335,6568756.0
2026-05-19 13:00:00,0.00335,0.00337,0.00333,0.00336,18632781.0
2026-05-19 14:00:00,0.00335,0.00336,0.00332,0.00334,36731400.0
2026-05-19 15:00:00,0.00334,0.00336,0.00332,0.00335,8351915.0
2026-05-19 16:00:00,0.00335,0.00339,0.00334,0.00339,13608549.0
2026-05-19 17:00:00,0.00338,0.00339,0.00335,0.00337,12591534.0
2026-05-19 18:00:00,0.00337,0.00338,0.00334,0.00335,16513271.0
2026-05-19 19:00:00,0.00335,0.00336,0.00333,0.00335,10229793.0
2026-05-19 20:00:00,0.00335,0.00337,0.00335,0.00337,5177498.0
2026-05-19 21:00:00,0.00337,0.00337,0.00334,0.00334,8483325.0
2026-05-19 22:00:00,0.00335,0.00335,0.00331,0.00332,18134068.0
2026-05-19 23:00:00,0.00331,0.00334,0.00331,0.00333,9045707.0
2026-05-20 00:00:00,0.00333,0.00334,0.00331,0.00332,12834000.0
2026-05-20 01:00:00,0.00332,0.00334,0.0033,0.00334,20070804.0
2026-05-20 02:00:00,0.00333,0.00334,0.00331,0.00331,5608532.0
2026-05-20 03:00:00,0.00331,0.00333,0.00329,0.00332,15607746.0
2026-05-20 04:00:00,0.00332,0.00333,0.00331,0.00333,16093653.0
2026-05-20 05:00:00,0.00333,0.00336,0.00333,0.00336,15381425.0
2026-05-20 06:00:00,0.00336,0.00337,0.00334,0.00337,16758410.0
2026-05-20 07:00:00,0.00336,0.00338,0.00335,0.00335,12850551.0
2026-05-20 08:00:00,0.00336,0.00338,0.00335,0.00336,20828103.0
2026-05-20 09:00:00,0.00336,0.00338,0.00336,0.00337,9188246.0
2026-05-20 10:00:00,0.00337,0.00338,0.00336,0.00336,13137624.0
2026-05-20 11:00:00,0.00337,0.00337,0.00334,0.00334,6466800.0
2026-05-20 12:00:00,0.00334,0.00338,0.00334,0.00337,15207307.0
2026-05-20 13:00:00,0.00337,0.00337,0.00334,0.00336,12522188.0
2026-05-20 14:00:00,0.00337,0.00342,0.00335,0.00341,30051211.0
2026-05-20 15:00:00,0.00341,0.00344,0.0034,0.00343,17694976.0
2026-05-20 16:00:00,0.00343,0.00345,0.0034,0.00341,20675659.0
2026-05-20 17:00:00,0.00341,0.00344,0.00341,0.00341,18388035.0
2026-05-20 18:00:00,0.00341,0.00342,0.00338,0.00338,5312902.0
2026-05-20 19:00:00,0.00339,0.00341,0.00338,0.0034,13527850.0
2026-05-20 20:00:00,0.0034,0.00342,0.00338,0.00342,9851553.0
2026-05-20 21:00:00,0.00342,0.00342,0.0034,0.0034,6711428.0
2026-05-20 22:00:00,0.00339,0.00339,0.00335,0.00337,23290883.0
2026-05-20 23:00:00,0.00337,0.00338,0.00336,0.00337,8158456.0
2026-05-21 00:00:00,0.00337,0.00341,0.00336,0.00341,21662756.0
2026-05-21 01:00:00,0.00341,0.00342,0.00338,0.00338,19075184.0
2026-05-21 02:00:00,0.00338,0.00341,0.00338,0.00339,10114854.0
2026-05-21 03:00:00,0.00338,0.00341,0.00338,0.00341,6753998.0
2026-05-21 04:00:00,0.0034,0.00342,0.00339,0.0034,14296596.0
2026-05-21 05:00:00,0.0034,0.00341,0.00336,0.00338,12919543.0
2026-05-21 06:00:00,0.00337,0.00339,0.00336,0.00338,14600418.0
2026-05-21 07:00:00,0.00337,0.0034,0.00337,0.00339,8712443.0
2026-05-21 08:00:00,0.0034,0.00341,0.00339,0.0034,9172915.0
2026-05-21 09:00:00,0.0034,0.00341,0.00337,0.00337,6285575.0
2026-05-21 10:00:00,0.00337,0.00338,0.00331,0.00333,32173527.0
2026-05-21 11:00:00,0.00333,0.00334,0.00331,0.00331,36503955.0
2026-05-21 12:00:00,0.00331,0.00334,0.00331,0.00334,16742123.0
2026-05-21 13:00:00,0.00334,0.00337,0.00333,0.00337,21075758.0
2026-05-21 14:00:00,0.00337,0.00337,0.00334,0.00335,11066632.0
2026-05-21 15:00:00,0.00335,0.00339,0.00334,0.00338,17182592.0
2026-05-21 16:00:00,0.00338,0.00339,0.00336,0.00338,10394791.0
2026-05-21 17:00:00,0.00338,0.00345,0.00337,0.00343,28584828.0
2026-05-21 18:00:00,0.00344,0.00345,0.0034,0.00341,23774542.0
2026-05-21 19:00:00,0.00342,0.00344,0.00341,0.00343,8429263.0
2026-05-21 20:00:00,0.00344,0.00344,0.00342,0.00343,6738290.0
2026-05-21 21:00:00,0.00343,0.00344,0.00342,0.00342,8610365.0
2026-05-21 22:00:00,0.00343,0.00343,0.0034,0.0034,10141902.0
2026-05-21 23:00:00,0.0034,0.00342,0.00339,0.00341,10691502.0
2026-05-22 00:00:00,0.00341,0.00341,0.00337,0.00337,10970033.0
2026-05-22 01:00:00,0.00338,0.0034,0.00337,0.00338,9127047.0
2026-05-22 02:00:00,0.00339,0.00343,0.00339,0.00342,21373974.0
2026-05-22 03:00:00,0.00342,0.00346,0.00342,0.00345,23140340.0
2026-05-22 04:00:00,0.00345,0.00348,0.00343,0.00344,9481667.0
2026-05-22 05:00:00,0.00344,0.00347,0.00343,0.00345,9394632.0
2026-05-22 06:00:00,0.00345,0.00345,0.00342,0.00343,13892436.0
2026-05-22 07:00:00,0.00343,0.00346,0.00341,0.00345,23004356.0
2026-05-22 08:00:00,0.00345,0.00347,0.00342,0.00345,14912847.0
2026-05-22 09:00:00,0.00345,0.00346,0.00343,0.00343,16006574.0
2026-05-22 10:00:00,0.00343,0.00345,0.00342,0.00343,31608339.0
2026-05-22 11:00:00,0.00344,0.00345,0.00342,0.00345,22480056.0
2026-05-22 12:00:00,0.00345,0.00349,0.00344,0.00349,17159846.0
2026-05-22 13:00:00,0.00349,0.00349,0.00345,0.00346,27374152.0
2026-05-22 14:00:00,0.00346,0.00346,0.00339,0.0034,20783267.0
2026-05-22 15:00:00,0.00339,0.00342,0.00338,0.00342,8963275.0
2026-05-22 16:00:00,0.00341,0.00343,0.0034,0.00341,15921823.0
2026-05-22 17:00:00,0.00341,0.00344,0.00339,0.00341,12307018.0
2026-05-22 18:00:00,0.0034,0.0034,0.00329,0.00333,38378949.0
2026-05-22 19:00:00,0.00333,0.00334,0.00325,0.00328,84163006.0
2026-05-22 20:00:00,0.00328,0.0033,0.00326,0.0033,23264666.0
2026-05-22 21:00:00,0.00329,0.00332,0.00329,0.00331,14459974.0
2026-05-22 22:00:00,0.0033,0.00331,0.00327,0.00329,27277426.0
2026-05-22 23:00:00,0.00328,0.0033,0.00321,0.00324,40325730.0
2026-05-23 00:00:00,0.00325,0.00327,0.00322,0.00326,32431727.0
2026-05-23 01:00:00,0.00326,0.00327,0.00325,0.00327,17147706.0
2026-05-23 02:00:00,0.00328,0.00328,0.00326,0.00327,17339257.0
2026-05-23 03:00:00,0.00326,0.00328,0.00326,0.00327,6800196.0
2026-05-23 04:00:00,0.00326,0.00327,0.00323,0.00324,17417678.0
2026-05-23 05:00:00,0.00323,0.00324,0.00321,0.00323,34150330.0
2026-05-23 06:00:00,0.00322,0.00323,0.0032,0.00321,28104804.0
2026-05-23 07:00:00,0.00322,0.00322,0.00308,0.00312,127710281.0
2026-05-23 08:00:00,0.00313,0.00313,0.00309,0.00312,61063718.0
2026-05-23 09:00:00,0.00311,0.00312,0.00309,0.00309,15898462.0
2026-05-23 10:00:00,0.0031,0.00311,0.00309,0.0031,12087760.0
2026-05-23 11:00:00,0.0031,0.00311,0.00308,0.0031,20032487.0
2026-05-23 12:00:00,0.00309,0.00312,0.00309,0.00312,10337476.0
2026-05-23 13:00:00,0.00312,0.00317,0.00312,0.00316,34845945.0
2026-05-23 14:00:00,0.00316,0.0032,0.00315,0.00319,29051744.0
2026-05-23 15:00:00,0.00319,0.00323,0.00318,0.00323,44805208.0
2026-05-23 16:00:00,0.00323,0.00325,0.00321,0.00323,34899498.0
2026-05-23 17:00:00,0.00324,0.00325,0.00321,0.00322,51922594.0
2026-05-23 18:00:00,0.00322,0.00329,0.00321,0.00326,17181036.0
2026-05-23 19:00:00,0.00325,0.00326,0.00324,0.00325,6152381.0
2026-05-23 20:00:00,0.00324,0.00336,0.00323,0.00335,37813009.0
2026-05-23 21:00:00,0.00336,0.00337,0.00329,0.00331,31399661.0
2026-05-23 22:00:00,0.00331,0.00332,0.00326,0.00329,35329421.0
2026-05-23 23:00:00,0.00328,0.00329,0.00327,0.00328,14994953.0
2026-05-24 00:00:00,0.00329,0.00329,0.00327,0.00328,8755849.0
2026-05-24 01:00:00,0.00328,0.00329,0.00327,0.00329,7877843.0
2026-05-24 02:00:00,0.00329,0.00329,0.00326,0.00327,7508692.0
2026-05-24 03:00:00,0.00328,0.00329,0.00326,0.00327,23707758.0
2026-05-24 04:00:00,0.00327,0.00328,0.00326,0.00328,17369659.0
2026-05-24 05:00:00,0.00327,0.00327,0.00324,0.00326,17770533.0
2026-05-24 06:00:00,0.00326,0.00328,0.00325,0.00327,12735155.0
2026-05-24 07:00:00,0.00328,0.00328,0.00325,0.00326,4401942.0
2026-05-24 08:00:00,0.00326,0.00328,0.00325,0.00328,9146728.0
2026-05-24 09:00:00,0.00327,0.00328,0.00326,0.00328,8633772.0
2026-05-24 10:00:00,0.00327,0.00329,0.00325,0.00326,21065650.0
2026-05-24 11:00:00,0.00326,0.00327,0.00324,0.00327,13371632.0
2026-05-24 12:00:00,0.00326,0.00327,0.00323,0.00325,15817550.0
2026-05-24 13:00:00,0.00325,0.00325,0.00321,0.00321,15902219.0
2026-05-24 14:00:00,0.00321,0.00322,0.00316,0.0032,46375344.0
2026-05-24 15:00:00,0.0032,0.00321,0.00319,0.0032,9648128.0
2026-05-24 16:00:00,0.00321,0.00322,0.00319,0.0032,9217005.0
2026-05-24 17:00:00,0.0032,0.00321,0.00319,0.0032,8614264.0
2026-05-24 18:00:00,0.00321,0.00321,0.00317,0.00318,10540516.0
2026-05-24 19:00:00,0.00318,0.00319,0.00317,0.00318,7121662.0
2026-05-24 20:00:00,0.00318,0.00318,0.00316,0.00317,8608417.0
2026-05-24 21:00:00,0.00316,0.00318,0.00312,0.00313,18081049.0
2026-05-24 22:00:00,0.00313,0.00319,0.00313,0.00316,24209873.0
2026-05-24 23:00:00,0.00317,0.00319,0.00316,0.00317,13602235.0
2026-05-25 00:00:00,0.00318,0.0032,0.00317,0.00319,9385369.0
2026-05-25 01:00:00,0.00319,0.0032,0.00317,0.00318,6551029.0
2026-05-25 02:00:00,0.00318,0.00321,0.00318,0.0032,10438573.0
2026-05-25 03:00:00,0.0032,0.0032,0.00318,0.00319,12434761.0
2026-05-25 04:00:00,0.0032,0.00324,0.00318,0.00324,11435345.0
2026-05-25 05:00:00,0.00323,0.00325,0.00323,0.00324,13878982.0
2026-05-25 06:00:00,0.00324,0.00327,0.00323,0.00326,17168442.0
2026-05-25 07:00:00,0.00327,0.00327,0.00324,0.00325,10984249.0
2026-05-25 08:00:00,0.00325,0.00326,0.00324,0.00326,9891826.0
2026-05-25 09:00:00,0.00326,0.00327,0.00324,0.00326,12366656.0
2026-05-25 10:00:00,0.00325,0.00328,0.00325,0.00327,7322710.0
2026-05-25 11:00:00,0.00327,0.00329,0.00325,0.00325,19906268.0
2026-05-25 12:00:00,0.00325,0.00328,0.00325,0.00327,16983361.0
2026-05-25 13:00:00,0.00327,0.0033,0.00326,0.0033,10209707.0
2026-05-25 14:00:00,0.0033,0.00332,0.00329,0.00331,16192740.0
2026-05-25 15:00:00,0.00331,0.00332,0.00329,0.00331,19959355.0
2026-05-25 16:00:00,0.00332,0.00337,0.00331,0.00337,28860827.0
2026-05-25 17:00:00,0.00337,0.00337,0.00333,0.00334,16685253.0
2026-05-25 18:00:00,0.00335,0.00336,0.00332,0.00332,19297568.0
2026-05-25 19:00:00,0.00333,0.00334,0.00331,0.00332,21935019.0
2026-05-25 20:00:00,0.00333,0.00334,0.00329,0.0033,24465062.0
2026-05-25 21:00:00,0.00331,0.00333,0.0033,0.00332,26998381.0
2026-05-25 22:00:00,0.00332,0.00332,0.00328,0.00329,24987394.0
2026-05-25 23:00:00,0.00328,0.0033,0.00327,0.00329,14544981.0
2026-05-26 00:00:00,0.00329,0.00329,0.00322,0.00325,30530790.0
2026-05-26 01:00:00,0.00325,0.00326,0.00322,0.00324,21944903.0
2026-05-26 02:00:00,0.00324,0.00324,0.00321,0.00321,16457023.0
2026-05-26 03:00:00,0.00321,0.00323,0.0032,0.00322,26822957.0
2026-05-26 04:00:00,0.00322,0.00326,0.00321,0.00325,10559242.0
2026-05-26 05:00:00,0.00326,0.0033,0.00325,0.00329,22171949.0
2026-05-26 06:00:00,0.00328,0.00332,0.00326,0.00331,21328641.0
2026-05-26 07:00:00,0.00331,0.00331,0.00326,0.0033,26416432.0
2026-05-26 08:00:00,0.00331,0.00334,0.0033,0.00332,41498613.0
2026-05-26 09:00:00,0.00333,0.00333,0.0033,0.00332,13415991.0
2026-05-26 10:00:00,0.00332,0.00338,0.00331,0.00338,26216947.0
2026-05-26 11:00:00,0.00338,0.00338,0.00334,0.00334,21295367.0
2026-05-26 12:00:00,0.00334,0.00335,0.00332,0.00334,26273956.0
2026-05-26 13:00:00,0.00334,0.00337,0.00331,0.00336,19895477.0
2026-05-26 14:00:00,0.00337,0.00339,0.00333,0.00336,33546920.0
2026-05-26 15:00:00,0.00336,0.00336,0.00331,0.00333,25535414.0
2026-05-26 16:00:00,0.00333,0.00334,0.00329,0.00331,18838572.0
2026-05-26 17:00:00,0.00332,0.00333,0.00325,0.00328,24275205.0
2026-05-26 18:00:00,0.00327,0.00331,0.00326,0.00327,22846023.0
2026-05-26 19:00:00,0.00327,0.00329,0.00325,0.00329,10968383.0
2026-05-26 20:00:00,0.00329,0.0033,0.00327,0.00328,5229001.0
2026-05-26 21:00:00,0.00328,0.0033,0.00326,0.00326,17253291.0
2026-05-26 22:00:00,0.00327,0.00328,0.00325,0.00326,8265596.0
2026-05-26 23:00:00,0.00327,0.0033,0.00327,0.00327,20203028.0
2026-05-27 00:00:00,0.00327,0.00331,0.00327,0.00329,26507881.0
2026-05-27 01:00:00,0.0033,0.0033,0.00327,0.00327,16984673.0
2026-05-27 02:00:00,0.00326,0.00327,0.00323,0.00325,14062159.0
2026-05-27 03:00:00,0.00326,0.00326,0.00323,0.00323,12443245.0
2026-05-27 04:00:00,0.00323,0.00324,0.0032,0.00323,18291150.0
2026-05-27 05:00:00,0.00324,0.00326,0.00322,0.00325,8629031.0
2026-05-27 06:00:00,0.00325,0.00327,0.00324,0.00326,11618073.0
2026-05-27 07:00:00,0.00327,0.00327,0.00324,0.00325,15492258.0
2026-05-27 08:00:00,0.00326,0.00327,0.00323,0.00324,15447407.0
2026-05-27 09:00:00,0.00324,0.00324,0.00321,0.00321,17117101.0
2026-05-27 10:00:00,0.00321,0.00323,0.00321,0.00322,8877963.0
2026-05-27 11:00:00,0.00322,0.00324,0.00321,0.00322,11650520.0
2026-05-27 12:00:00,0.00323,0.00324,0.0032,0.00323,28118590.0
2026-05-27 13:00:00,0.00323,0.00323,0.00317,0.00319,32168131.0
2026-05-27 14:00:00,0.0032,0.00322,0.00317,0.00322,32459000.0
2026-05-27 15:00:00,0.00322,0.00328,0.00322,0.00326,20126493.0
2026-05-27 16:00:00,0.00326,0.00329,0.00324,0.00326,17942942.0
2026-05-27 17:00:00,0.00325,0.00326,0.0032,0.0032,15641078.0
2026-05-27 18:00:00,0.0032,0.00324,0.00318,0.00323,16711254.0
2026-05-27 19:00:00,0.00323,0.00325,0.00322,0.00324,16117889.0
2026-05-27 20:00:00,0.00324,0.00325,0.00322,0.00324,13112877.0
2026-05-27 21:00:00,0.00323,0.00324,0.00312,0.00315,36497566.0
2026-05-27 22:00:00,0.00315,0.00316,0.00311,0.00312,43924064.0
2026-05-27 23:00:00,0.00312,0.00315,0.00309,0.00315,27710316.0
2026-05-28 00:00:00,0.00314,0.00316,0.00314,0.00315,19302665.0
2026-05-28 01:00:00,0.00315,0.00316,0.00311,0.00314,21167582.0
2026-05-28 02:00:00,0.00314,0.00316,0.00313,0.00314,10532817.0
2026-05-28 03:00:00,0.00314,0.00314,0.00304,0.00306,80754977.0
2026-05-28 04:00:00,0.00306,0.00306,0.003,0.00303,44439361.0
2026-05-28 05:00:00,0.00303,0.00303,0.00298,0.003,31661141.0
2026-05-28 06:00:00,0.00301,0.00303,0.00299,0.00302,20661083.0
2026-05-28 07:00:00,0.00302,0.00305,0.00301,0.00305,16715544.0
2026-05-28 08:00:00,0.00304,0.00305,0.003,0.003,21067853.0
2026-05-28 09:00:00,0.003,0.00303,0.003,0.00302,26707755.0
2026-05-28 10:00:00,0.00303,0.00304,0.00298,0.00299,25788477.0
2026-05-28 11:00:00,0.00299,0.00301,0.00299,0.003,25088976.0
2026-05-28 12:00:00,0.00301,0.00302,0.00298,0.00301,27204227.0
2026-05-28 13:00:00,0.00301,0.00303,0.00299,0.003,18380009.0
2026-05-28 14:00:00,0.003,0.00303,0.00295,0.00301,34641216.0
2026-05-28 15:00:00,0.003,0.00302,0.00296,0.00301,25893245.0
2026-05-28 16:00:00,0.00301,0.00307,0.00299,0.00306,53444555.0
2026-05-28 17:00:00,0.00306,0.00309,0.00305,0.00308,22389378.0
2026-05-28 18:00:00,0.00309,0.00311,0.00308,0.0031,11174280.0
2026-05-28 19:00:00,0.0031,0.00311,0.00308,0.00308,13084638.0
2026-05-28 20:00:00,0.00308,0.0031,0.00305,0.00308,13700088.0
2026-05-28 21:00:00,0.00308,0.00311,0.00308,0.00309,10472412.0
2026-05-28 22:00:00,0.00309,0.00309,0.00304,0.00305,26920629.0
2026-05-28 23:00:00,0.00306,0.00307,0.00304,0.00306,8414417.0
2026-05-29 00:00:00,0.00305,0.00308,0.00305,0.00308,16250716.0
2026-05-29 01:00:00,0.00307,0.00309,0.00307,0.00309,7454026.0
2026-05-29 02:00:00,0.00308,0.00309,0.00304,0.00304,6825476.0
2026-05-29 03:00:00,0.00305,0.00307,0.00304,0.00305,6608798.0
2026-05-29 04:00:00,0.00305,0.00306,0.00303,0.00306,6423445.0
2026-05-29 05:00:00,0.00307,0.00309,0.00307,0.00309,5548073.0
2026-05-29 06:00:00,0.00309,0.00313,0.00308,0.00312,17475972.0
2026-05-29 07:00:00,0.00312,0.00314,0.00308,0.0031,19215101.0
2026-05-29 08:00:00,0.0031,0.00312,0.00309,0.00311,19772328.0
2026-05-29 09:00:00,0.00311,0.00314,0.0031,0.00313,8748993.0
2026-05-29 10:00:00,0.00314,0.00314,0.00309,0.00311,13600754.0
2026-05-29 11:00:00,0.0031,0.00311,0.00304,0.00307,15803241.0
2026-05-29 12:00:00,0.00307,0.00307,0.00302,0.00303,19921780.0
2026-05-29 13:00:00,0.00302,0.00303,0.003,0.00303,21172738.0
2026-05-29 14:00:00,0.00303,0.00304,0.00297,0.00303,36579715.0
2026-05-29 15:00:00,0.00304,0.00314,0.00302,0.00312,45845323.0
2026-05-29 16:00:00,0.00311,0.00313,0.00308,0.00312,19217396.0
2026-05-29 17:00:00,0.00312,0.00313,0.0031,0.0031,17979636.0
2026-05-29 18:00:00,0.00311,0.00312,0.00307,0.00309,22317942.0
2026-05-29 19:00:00,0.00308,0.0031,0.00305,0.00308,17411982.0
2026-05-29 20:00:00,0.00308,0.00311,0.00308,0.00308,16562817.0
2026-05-29 21:00:00,0.00309,0.0031,0.00307,0.00307,23739099.0
2026-05-29 22:00:00,0.00307,0.0031,0.00306,0.00306,16278448.0
2026-05-29 23:00:00,0.00306,0.00309,0.00306,0.00309,8699128.0
2026-05-30 00:00:00,0.00309,0.00312,0.00307,0.00311,24221776.0
2026-05-30 01:00:00,0.0031,0.00314,0.0031,0.00313,23544054.0
2026-05-30 02:00:00,0.00313,0.00317,0.00313,0.00317,30712084.0
2026-05-30 03:00:00,0.00317,0.00318,0.00313,0.00313,9256498.0
2026-05-30 04:00:00,0.00314,0.00315,0.00308,0.00313,32170118.0
2026-05-30 05:00:00,0.00312,0.00314,0.00311,0.00314,14035388.0
2026-05-30 06:00:00,0.00314,0.00315,0.00313,0.00313,3978831.0
2026-05-30 07:00:00,0.00313,0.00313,0.00311,0.00313,13172807.0
2026-05-30 08:00:00,0.00313,0.00313,0.0031,0.0031,15439413.0
2026-05-30 09:00:00,0.0031,0.00313,0.0031,0.00311,4863824.0
2026-05-30 10:00:00,0.00311,0.00313,0.00311,0.00311,7720400.0
2026-05-30 11:00:00,0.00311,0.00313,0.0031,0.00311,5366994.0
2026-05-30 12:00:00,0.00312,0.00312,0.00311,0.00312,5174725.0
2026-05-30 13:00:00,0.00311,0.00313,0.0031,0.00312,8639119.0
2026-05-30 14:00:00,0.00312,0.00314,0.00311,0.00312,15486703.0
2026-05-30 15:00:00,0.00312,0.00313,0.0031,0.00311,11851871.0
2026-05-30 16:00:00,0.00312,0.00313,0.00311,0.00313,10978273.0
2026-05-30 17:00:00,0.00313,0.00314,0.00311,0.00313,15296668.0
2026-05-30 18:00:00,0.00312,0.00315,0.00312,0.00314,11605712.0
2026-05-30 19:00:00,0.00313,0.00314,0.00312,0.00313,6167774.0
2026-05-30 20:00:00,0.00313,0.00315,0.00313,0.00313,7404889.0
2026-05-30 21:00:00,0.00314,0.00314,0.00313,0.00313,15822033.0
2026-05-30 22:00:00,0.00313,0.00313,0.00309,0.0031,13592176.0
2026-05-30 23:00:00,0.0031,0.00311,0.00309,0.0031,7596542.0
2026-05-31 00:00:00,0.0031,0.00312,0.0031,0.00311,9693627.0
2026-05-31 01:00:00,0.00311,0.00313,0.00311,0.00312,14207068.0
2026-05-31 02:00:00,0.00311,0.00314,0.0031,0.00312,16203443.0
2026-05-31 03:00:00,0.00313,0.00313,0.0031,0.00312,23495592.0
2026-05-31 04:00:00,0.00311,0.00313,0.0031,0.00312,16087307.0
2026-05-31 05:00:00,0.00312,0.00313,0.00311,0.00312,8915595.0
2026-05-31 06:00:00,0.00312,0.00312,0.0031,0.0031,9579895.0
2026-05-31 07:00:00,0.0031,0.0031,0.00307,0.00309,11322885.0
2026-05-31 08:00:00,0.00308,0.0031,0.00308,0.0031,8605747.0
2026-05-31 09:00:00,0.0031,0.00311,0.00308,0.00308,7833013.0
2026-05-31 10:00:00,0.00308,0.00309,0.00306,0.00309,14480380.0
2026-05-31 11:00:00,0.00309,0.0031,0.00307,0.00308,10047759.0
2026-05-31 12:00:00,0.00308,0.0031,0.00307,0.00308,5791777.0
2026-05-31 13:00:00,0.00309,0.0031,0.00308,0.00309,8384272.0
2026-05-31 14:00:00,0.00309,0.00309,0.00302,0.00302,34765795.0
2026-05-31 15:00:00,0.00302,0.00307,0.00302,0.00304,34164450.0
2026-05-31 16:00:00,0.00305,0.00305,0.00301,0.00302,19969459.0
2026-05-31 17:00:00,0.00303,0.00305,0.00301,0.00304,12780241.0
2026-05-31 18:00:00,0.00304,0.00305,0.00303,0.00305,12675236.0
2026-05-31 19:00:00,0.00305,0.00305,0.00302,0.00304,7596165.0
2026-05-31 20:00:00,0.00305,0.00307,0.00304,0.00307,22004397.0
2026-05-31 21:00:00,0.00306,0.00312,0.00306,0.0031,15161072.0
2026-05-31 22:00:00,0.00311,0.00314,0.00309,0.00313,20338741.0
2026-05-31 23:00:00,0.00314,0.00319,0.00313,0.00315,48473823.0
2026-06-01 00:00:00,0.00316,0.00318,0.00315,0.00316,34468803.0
2026-06-01 01:00:00,0.00316,0.00316,0.0031,0.00311,21774583.0
2026-06-01 02:00:00,0.0031,0.00317,0.00309,0.00316,16996275.0
2026-06-01 03:00:00,0.00317,0.00319,0.00316,0.00317,24492283.0
2026-06-01 04:00:00,0.00318,0.00319,0.00313,0.00314,20800570.0
2026-06-01 05:00:00,0.00314,0.00315,0.00312,0.00313,17903465.0
2026-06-01 06:00:00,0.00312,0.00314,0.00309,0.0031,23900029.0
2026-06-01 07:00:00,0.0031,0.00312,0.00307,0.00308,17154260.0
2026-06-01 08:00:00,0.00308,0.0031,0.00307,0.0031,20883639.0
2026-06-01 09:00:00,0.00309,0.00311,0.00308,0.00309,18401364.0
2026-06-01 10:00:00,0.0031,0.00311,0.00308,0.00309,14499828.0
2026-06-01 11:00:00,0.0031,0.00311,0.00308,0.00309,22259773.0
2026-06-01 12:00:00,0.0031,0.0031,0.00305,0.0031,31527204.0
2026-06-01 13:00:00,0.00309,0.00309,0.00304,0.00305,53857802.0
2026-06-01 14:00:00,0.00305,0.00307,0.00304,0.00307,34695026.0
2026-06-01 15:00:00,0.00307,0.00309,0.00304,0.00306,56776584.0
2026-06-01 16:00:00,0.00307,0.00311,0.00304,0.0031,55355800.0
2026-06-01 17:00:00,0.0031,0.00314,0.00309,0.00313,62960437.0
2026-06-01 18:00:00,0.00312,0.00315,0.00311,0.00312,34235028.0
2026-06-01 19:00:00,0.00312,0.00315,0.00311,0.00314,20822763.0
2026-06-01 20:00:00,0.00314,0.00314,0.00312,0.00312,10727005.0
2026-06-01 21:00:00,0.00312,0.00313,0.0031,0.0031,28551274.0
2026-06-01 22:00:00,0.00311,0.00313,0.00308,0.00312,23918057.0
2026-06-01 23:00:00,0.00312,0.00314,0.00311,0.00313,14968166.0
2026-06-02 00:00:00,0.00312,0.00314,0.0031,0.0031,14599572.0
2026-06-02 01:00:00,0.00311,0.00311,0.00306,0.00306,20880195.0
2026-06-02 02:00:00,0.00306,0.0031,0.00302,0.0031,29745979.0
2026-06-02 03:00:00,0.0031,0.00313,0.00309,0.00313,35958668.0
2026-06-02 04:00:00,0.00313,0.00313,0.00309,0.00309,20474044.0
2026-06-02 05:00:00,0.00309,0.0031,0.00305,0.00306,26623077.0
2026-06-02 06:00:00,0.00306,0.00307,0.00304,0.00305,20116942.0
2026-06-02 07:00:00,0.00305,0.00307,0.00302,0.00305,17021093.0
2026-06-02 08:00:00,0.00306,0.00307,0.00304,0.00306,21173422.0
2026-06-02 09:00:00,0.00305,0.00306,0.00303,0.00304,15290924.0
2026-06-02 10:00:00,0.00303,0.00307,0.00303,0.00307,28810978.0
2026-06-02 11:00:00,0.00307,0.00307,0.00303,0.00305,18834753.0
2026-06-02 12:00:00,0.00304,0.00306,0.00303,0.00305,29044317.0
2026-06-02 13:00:00,0.00305,0.00306,0.00304,0.00305,22591721.0
2026-06-02 14:00:00,0.00304,0.00305,0.0029,0.00295,160921692.0
2026-06-02 15:00:00,0.00295,0.00295,0.00283,0.00287,146657833.0
2026-06-02 16:00:00,0.00286,0.00294,0.00285,0.00291,112077870.0
2026-06-02 17:00:00,0.00291,0.00296,0.00291,0.00293,40086483.0
2026-06-02 18:00:00,0.00293,0.00295,0.00288,0.0029,59317063.0
2026-06-02 19:00:00,0.0029,0.00292,0.00284,0.0029,77961817.0
2026-06-02 20:00:00,0.0029,0.00292,0.00287,0.00292,21961865.0
2026-06-02 21:00:00,0.00292,0.00294,0.00291,0.00292,25947670.0
2026-06-02 22:00:00,0.00291,0.00291,0.00283,0.00284,55865168.0
2026-06-02 23:00:00,0.00284,0.00287,0.00278,0.00284,74045749.0
2026-06-03 00:00:00,0.00285,0.00291,0.00284,0.0029,65268809.0
2026-06-03 01:00:00,0.00289,0.00292,0.00287,0.0029,33346794.0
2026-06-03 02:00:00,0.0029,0.00291,0.00288,0.00289,26509353.0
2026-06-03 03:00:00,0.0029,0.00291,0.00283,0.00285,44914020.0
2026-06-03 04:00:00,0.00284,0.00292,0.00284,0.00292,22875272.0
2026-06-03 05:00:00,0.00293,0.003,0.00292,0.003,24751915.0
2026-06-03 06:00:00,0.003,0.00301,0.00297,0.00299,43650735.0
2026-06-03 07:00:00,0.00298,0.00302,0.00297,0.00299,17209396.0
2026-06-03 08:00:00,0.00299,0.003,0.00297,0.00297,42527756.0
2026-06-03 09:00:00,0.00297,0.00297,0.00294,0.00296,39785337.0
2026-06-03 10:00:00,0.00295,0.00299,0.00295,0.00298,23098527.0
2026-06-03 11:00:00,0.00299,0.003,0.00295,0.00296,20454083.0
2026-06-03 12:00:00,0.00296,0.00298,0.00295,0.00298,18334367.0
2026-06-03 13:00:00,0.00298,0.00299,0.00296,0.00298,35756787.0
2026-06-03 14:00:00,0.00298,0.00299,0.00295,0.00298,39256472.0
2026-06-03 15:00:00,0.00298,0.00298,0.00294,0.00295,54206172.0
2026-06-03 16:00:00,0.00294,0.00294,0.00288,0.00293,55543740.0
2026-06-03 17:00:00,0.00293,0.00296,0.0029,0.00293,36302643.0
2026-06-03 18:00:00,0.00294,0.00294,0.0029,0.00293,18117053.0
2026-06-03 19:00:00,0.00293,0.00293,0.00287,0.00289,21569310.0
2026-06-03 20:00:00,0.00288,0.00291,0.00282,0.00284,39442903.0
2026-06-03 21:00:00,0.00284,0.00294,0.00283,0.00293,50305980.0
2026-06-03 22:00:00,0.00293,0.00294,0.00288,0.0029,34955798.0
2026-06-03 23:00:00,0.0029,0.0029,0.00286,0.00287,25426164.0
2026-06-04 00:00:00,0.00286,0.00288,0.00279,0.00281,62006892.0
2026-06-04 01:00:00,0.00281,0.00283,0.00269,0.00271,148270722.0
2026-06-04 02:00:00,0.00272,0.00275,0.00258,0.00274,223863150.0
2026-06-04 03:00:00,0.00273,0.0028,0.00273,0.00278,62296485.0
2026-06-04 04:00:00,0.00279,0.0028,0.00275,0.00277,43897037.0
2026-06-04 05:00:00,0.00276,0.00277,0.00273,0.00274,34127411.0
2026-06-04 06:00:00,0.00275,0.00279,0.00273,0.00276,37502243.0
2026-06-04 07:00:00,0.00275,0.00276,0.0027,0.00271,43648297.0
2026-06-04 08:00:00,0.00271,0.00272,0.00268,0.00269,50603461.0
2026-06-04 09:00:00,0.00269,0.00269,0.00262,0.00267,55217896.0
2026-06-04 10:00:00,0.00266,0.00267,0.00262,0.00264,57097812.0
2026-06-04 11:00:00,0.00264,0.00268,0.00262,0.00267,44894778.0
2026-06-04 12:00:00,0.00267,0.00275,0.00265,0.00274,59880470.0
2026-06-04 13:00:00,0.00274,0.00276,0.0027,0.00274,36999182.0
2026-06-04 14:00:00,0.00275,0.00276,0.00272,0.00274,17638559.0
2026-06-04 15:00:00,0.00274,0.00278,0.00274,0.00276,40806624.0
2026-06-04 16:00:00,0.00276,0.00276,0.00273,0.00275,22262061.0
2026-06-04 17:00:00,0.00274,0.00276,0.0027,0.00273,30187857.0
2026-06-04 18:00:00,0.00272,0.00276,0.0027,0.00275,23921183.0
2026-06-04 19:00:00,0.00275,0.00276,0.00273,0.00273,11376096.0
2026-06-04 20:00:00,0.00274,0.00274,0.0027,0.00271,11851201.0
2026-06-04 21:00:00,0.00272,0.00273,0.00266,0.00267,31734042.0
2026-06-04 22:00:00,0.00267,0.0027,0.00266,0.00269,18288775.0
2026-06-04 23:00:00,0.00269,0.00272,0.00268,0.00271,11859882.0
2026-06-05 00:00:00,0.0027,0.00272,0.00268,0.00268,31335228.0
2026-06-05 01:00:00,0.00267,0.00269,0.00264,0.00268,26101657.0
2026-06-05 02:00:00,0.00267,0.00268,0.00261,0.00261,40897520.0
2026-06-05 03:00:00,0.00261,0.00264,0.00259,0.00261,41108389.0
2026-06-05 04:00:00,0.00261,0.00266,0.00259,0.00266,26798098.0
2026-06-05 05:00:00,0.00266,0.00267,0.00259,0.0026,27105021.0
2026-06-05 06:00:00,0.00259,0.0026,0.00243,0.00253,133941034.0
2026-06-05 07:00:00,0.00254,0.00259,0.00248,0.00258,46062659.0
2026-06-05 08:00:00,0.00258,0.00258,0.00253,0.00255,23549318.0
2026-06-05 09:00:00,0.00255,0.00261,0.00254,0.00259,29814442.0
2026-06-05 10:00:00,0.0026,0.0026,0.00256,0.00258,27336912.0
2026-06-05 11:00:00,0.00258,0.00259,0.00255,0.00256,25835616.0
2026-06-05 12:00:00,0.00257,0.00259,0.00253,0.00258,38328615.0
2026-06-05 13:00:00,0.00259,0.00263,0.00252,0.00253,52750118.0
2026-06-05 14:00:00,0.00253,0.00257,0.0025,0.00254,51367254.0
2026-06-05 15:00:00,0.00255,0.00255,0.00249,0.00252,59163102.0
2026-06-05 16:00:00,0.00251,0.00257,0.00246,0.00257,97655790.0
2026-06-05 17:00:00,0.00257,0.00258,0.00252,0.00253,28456021.0
2026-06-05 18:00:00,0.00253,0.00254,0.00242,0.00243,45987550.0
2026-06-05 19:00:00,0.00243,0.0025,0.00239,0.00248,69063182.0
2026-06-05 20:00:00,0.00248,0.00254,0.00245,0.00254,47026458.0
2026-06-05 21:00:00,0.00253,0.00257,0.00253,0.00255,9835032.0
2026-06-05 22:00:00,0.00255,0.00255,0.00251,0.00253,16482901.0
2026-06-05 23:00:00,0.00253,0.00254,0.00246,0.0025,31260456.0
2026-06-06 00:00:00,0.0025,0.00255,0.0025,0.00254,10806496.0
2026-06-06 01:00:00,0.00254,0.00254,0.0025,0.00252,13110015.0
2026-06-06 02:00:00,0.00251,0.00251,0.00249,0.00249,22728923.0
2026-06-06 03:00:00,0.00249,0.00249,0.00246,0.00247,16166013.0
2026-06-06 04:00:00,0.00247,0.00249,0.00235,0.00238,66423488.0
2026-06-06 05:00:00,0.00238,0.00246,0.00234,0.00246,46498061.0
2026-06-06 06:00:00,0.00246,0.00249,0.00245,0.00245,13644917.0
2026-06-06 07:00:00,0.00245,0.0025,0.00244,0.00248,28176259.0
2026-06-06 08:00:00,0.00247,0.00251,0.00246,0.0025,18034233.0
2026-06-06 09:00:00,0.0025,0.00251,0.00247,0.00247,12001749.0
2026-06-06 10:00:00,0.00247,0.00247,0.00242,0.00244,25642623.0
2026-06-06 11:00:00,0.00245,0.00248,0.00244,0.00246,15302270.0
2026-06-06 12:00:00,0.00247,0.00249,0.00245,0.00249,22615600.0
2026-06-06 13:00:00,0.00248,0.0025,0.00247,0.00249,12505604.0
2026-06-06 14:00:00,0.00248,0.0025,0.00248,0.00249,15526879.0
2026-06-06 15:00:00,0.00248,0.00249,0.00244,0.00249,31738190.0
2026-06-06 16:00:00,0.00248,0.0025,0.00247,0.00249,34037966.0
2026-06-06 17:00:00,0.00248,0.0025,0.00245,0.00246,22926789.0
2026-06-06 18:00:00,0.00245,0.00248,0.00244,0.00247,20500450.0
2026-06-06 19:00:00,0.00246,0.00249,0.00246,0.00246,7435234.0
2026-06-06 20:00:00,0.00246,0.00246,0.00244,0.00245,24956287.0
2026-06-06 21:00:00,0.00245,0.00248,0.00245,0.00247,30875365.0
2026-06-06 22:00:00,0.00247,0.00248,0.00246,0.00247,14590796.0
2026-06-06 23:00:00,0.00246,0.0025,0.00246,0.00249,24147482.0
2026-06-07 00:00:00,0.00249,0.00251,0.00248,0.0025,13852001.0
2026-06-07 01:00:00,0.00249,0.00257,0.00249,0.00256,36370530.0
2026-06-07 02:00:00,0.00256,0.00256,0.00253,0.00255,21344906.0
2026-06-07 03:00:00,0.00255,0.00256,0.00253,0.00255,32384424.0
2026-06-07 04:00:00,0.00254,0.00256,0.00253,0.00256,9562602.0
2026-06-07 05:00:00,0.00256,0.00258,0.00255,0.00257,27687674.0
2026-06-07 06:00:00,0.00256,0.0026,0.00255,0.00258,51254398.0
2026-06-07 07:00:00,0.00258,0.0026,0.00257,0.00259,31576537.0
2026-06-07 08:00:00,0.00258,0.00263,0.00257,0.00263,29848827.0
2026-06-07 09:00:00,0.00263,0.00264,0.0026,0.0026,15474578.0
2026-06-07 10:00:00,0.0026,0.00261,0.00258,0.00259,22034752.0
2026-06-07 11:00:00,0.00259,0.00262,0.00258,0.0026,27287637.0
2026-06-07 12:00:00,0.0026,0.00261,0.00254,0.00257,53917829.0
2026-06-07 13:00:00,0.00257,0.00258,0.00256,0.00256,21089313.0
2026-06-07 14:00:00,0.00257,0.0026,0.00256,0.00258,14835564.0
2026-06-07 15:00:00,0.00259,0.00259,0.00256,0.00257,23866987.0
2026-06-07 16:00:00,0.00257,0.00259,0.00256,0.00258,22099221.0
2026-06-07 17:00:00,0.00258,0.0026,0.00257,0.00259,22591278.0
2026-06-07 18:00:00,0.00259,0.0026,0.00257,0.00258,11880405.0
2026-06-07 19:00:00,0.00257,0.00257,0.00251,0.00254,46727320.0
2026-06-07 20:00:00,0.00253,0.00257,0.00252,0.00256,14690802.0
2026-06-07 21:00:00,0.00257,0.00257,0.00254,0.00255,6660495.0
2026-06-07 22:00:00,0.00256,0.00269,0.00255,0.00263,53502290.0
2026-06-07 23:00:00,0.00262,0.00264,0.00261,0.00263,19403655.0
2026-06-08 00:00:00,0.00263,0.00267,0.00262,0.00266,26864736.0
2026-06-08 01:00:00,0.00265,0.00266,0.0026,0.00263,40220155.0
2026-06-08 02:00:00,0.00263,0.00264,0.00262,0.00264,27616355.0
2026-06-08 03:00:00,0.00264,0.00265,0.00263,0.00264,26549422.0
2026-06-08 04:00:00,0.00264,0.00265,0.00259,0.00259,30221701.0
2026-06-08 05:00:00,0.00259,0.00261,0.00258,0.00259,21712884.0
2026-06-08 06:00:00,0.0026,0.00263,0.0026,0.00261,17913677.0
2026-06-08 07:00:00,0.00261,0.00263,0.0026,0.00263,17660426.0
2026-06-08 08:00:00,0.00262,0.00264,0.0026,0.00261,22025400.0
2026-06-08 09:00:00,0.00261,0.00264,0.00261,0.00264,29659276.0
2026-06-08 10:00:00,0.00264,0.00265,0.00262,0.00263,17449021.0
2026-06-08 11:00:00,0.00263,0.00267,0.00263,0.00267,33442320.0
2026-06-08 12:00:00,0.00266,0.00268,0.00263,0.00267,29573077.0
2026-06-08 13:00:00,0.00268,0.00268,0.00264,0.00266,17631369.0
2026-06-08 14:00:00,0.00266,0.00267,0.00264,0.00267,20265919.0
2026-06-08 15:00:00,0.00267,0.0027,0.00265,0.00265,22821076.0
2026-06-08 16:00:00,0.00266,0.00269,0.00265,0.00266,18541290.0
2026-06-08 17:00:00,0.00267,0.00269,0.00265,0.00269,21559588.0
2026-06-08 18:00:00,0.00269,0.00269,0.00266,0.00267,15136551.0
2026-06-08 19:00:00,0.00266,0.00268,0.00266,0.00267,14525054.0
2026-06-08 20:00:00,0.00266,0.00267,0.00264,0.00265,11110260.0
2026-06-08 21:00:00,0.00266,0.00269,0.00266,0.00266,12781032.0
2026-06-08 22:00:00,0.00266,0.00266,0.00263,0.00265,13448995.0
2026-06-08 23:00:00,0.00265,0.00265,0.00262,0.00263,18480511.0
2026-06-09 00:00:00,0.00263,0.00263,0.00256,0.00257,47624593.0
2026-06-09 01:00:00,0.00257,0.0026,0.00256,0.00258,14821541.0
2026-06-09 02:00:00,0.00259,0.00259,0.00256,0.00257,15849784.0
2026-06-09 03:00:00,0.00258,0.00259,0.00256,0.00258,12314560.0
2026-06-09 04:00:00,0.00258,0.00262,0.00257,0.00261,22191052.0
2026-06-09 05:00:00,0.00261,0.00265,0.0026,0.00263,20456011.0
2026-06-09 06:00:00,0.00262,0.00264,0.00262,0.00263,15459533.0
2026-06-09 07:00:00,0.00263,0.00265,0.00261,0.00264,19762680.0
2026-06-09 08:00:00,0.00264,0.00264,0.0026,0.00262,17931906.0
2026-06-09 09:00:00,0.00262,0.00262,0.00259,0.00259,13546271.0
2026-06-09 10:00:00,0.0026,0.0026,0.00258,0.00259,26720178.0
2026-06-09 11:00:00,0.00259,0.00261,0.00258,0.0026,8242133.0
2026-06-09 12:00:00,0.0026,0.00262,0.00259,0.00261,23707737.0
2026-06-09 13:00:00,0.00261,0.00262,0.00258,0.0026,18806844.0
2026-06-09 14:00:00,0.00259,0.0026,0.00253,0.00257,42126661.0
2026-06-09 15:00:00,0.00257,0.00258,0.00254,0.00254,30871304.0
2026-06-09 16:00:00,0.00254,0.00256,0.00251,0.00253,35854457.0
2026-06-09 17:00:00,0.00254,0.00259,0.00253,0.00256,41351561.0
2026-06-09 18:00:00,0.00256,0.0026,0.00256,0.00258,12973855.0
2026-06-09 19:00:00,0.00258,0.0026,0.00257,0.00259,15576458.0
2026-06-09 20:00:00,0.00259,0.00261,0.00259,0.0026,29803181.0
2026-06-09 21:00:00,0.0026,0.00261,0.00257,0.00257,17040951.0
2026-06-09 22:00:00,0.00258,0.0026,0.00256,0.00256,9573822.0
2026-06-09 23:00:00,0.00256,0.00258,0.00255,0.00257,11931137.0
2026-06-10 00:00:00,0.00258,0.00259,0.00255,0.00259,20778964.0
2026-06-10 01:00:00,0.00258,0.00259,0.00255,0.00257,16302171.0
2026-06-10 02:00:00,0.00257,0.00258,0.00254,0.00255,17575975.0
2026-06-10 03:00:00,0.00255,0.00257,0.00254,0.00256,13056587.0
2026-06-10 04:00:00,0.00257,0.00257,0.00254,0.00254,17082035.0
2026-06-10 05:00:00,0.00255,0.00256,0.00254,0.00254,19610694.0
2026-06-10 06:00:00,0.00254,0.00256,0.00254,0.00256,11510076.0
2026-06-10 07:00:00,0.00255,0.00258,0.00255,0.00257,20930327.0
2026-06-10 08:00:00,0.00257,0.00257,0.00254,0.00254,17458057.0
2026-06-10 09:00:00,0.00254,0.00256,0.00253,0.00255,18651904.0
2026-06-10 10:00:00,0.00255,0.00256,0.00254,0.00255,11019677.0
2026-06-10 11:00:00,0.00255,0.00255,0.0025,0.00251,44651757.0
2026-06-10 12:00:00,0.00251,0.00258,0.0025,0.00257,50811083.0
2026-06-10 13:00:00,0.00256,0.00262,0.00256,0.0026,40325140.0
2026-06-10 14:00:00,0.0026,0.00261,0.00257,0.0026,32338615.0
2026-06-10 15:00:00,0.00259,0.00264,0.00258,0.00262,45480943.0
2026-06-10 16:00:00,0.00262,0.00263,0.00258,0.0026,38155295.0
2026-06-10 17:00:00,0.0026,0.00261,0.00256,0.00259,40315070.0
2026-06-10 18:00:00,0.00259,0.0026,0.00257,0.00258,19585868.0
2026-06-10 19:00:00,0.00258,0.00259,0.00254,0.00255,23924204.0
2026-06-10 20:00:00,0.00255,0.00255,0.00251,0.00252,32870979.0
2026-06-10 21:00:00,0.00252,0.00253,0.00249,0.00249,43611324.0
2026-06-10 22:00:00,0.00249,0.00253,0.00247,0.00252,32785841.0
2026-06-10 23:00:00,0.00252,0.00254,0.00251,0.00253,23750318.0
2026-06-11 00:00:00,0.00253,0.00256,0.00253,0.00255,24150762.0
2026-06-11 01:00:00,0.00255,0.0026,0.00255,0.0026,34173267.0
2026-06-11 02:00:00,0.0026,0.0026,0.00256,0.00258,25177198.0
2026-06-11 03:00:00,0.00258,0.00264,0.00257,0.00263,32035046.0
2026-06-11 04:00:00,0.00263,0.00267,0.00262,0.00266,51661157.0
2026-06-11 05:00:00,0.00266,0.00266,0.00255,0.00258,157743142.0
2026-06-11 06:00:00,0.00258,0.00261,0.00256,0.00259,68336998.0
2026-06-11 07:00:00,0.00259,0.00282,0.00259,0.00266,375395876.0
2026-06-11 08:00:00,0.00267,0.0027,0.00266,0.00269,54663017.0
2026-06-11 09:00:00,0.00269,0.0027,0.00267,0.0027,37482507.0
2026-06-11 10:00:00,0.0027,0.00271,0.00268,0.0027,29439878.0
2026-06-11 11:00:00,0.0027,0.00272,0.00269,0.00269,28260233.0
2026-06-11 12:00:00,0.00269,0.0027,0.00265,0.00268,54735739.0
2026-06-11 13:00:00,0.00268,0.00272,0.00267,0.00269,30171533.0
2026-06-11 14:00:00,0.0027,0.00272,0.00268,0.0027,30702500.0
2026-06-11 15:00:00,0.00269,0.00271,0.00267,0.0027,42974039.0
2026-06-11 16:00:00,0.0027,0.00271,0.00268,0.00268,20576695.0
2026-06-11 17:00:00,0.00268,0.00275,0.00264,0.00273,68966684.0
2026-06-11 18:00:00,0.00273,0.00274,0.0027,0.00271,34177067.0
2026-06-11 19:00:00,0.00272,0.00274,0.0027,0.00272,23845277.0
2026-06-11 20:00:00,0.00272,0.00272,0.0027,0.00271,18807408.0
2026-06-11 21:00:00,0.00271,0.00274,0.00271,0.00272,37718742.0
2026-06-11 22:00:00,0.00271,0.00273,0.0027,0.0027,9574234.0
2026-06-11 23:00:00,0.0027,0.00272,0.00269,0.00271,21887281.0
2026-06-12 00:00:00,0.00271,0.00273,0.0027,0.00271,18773479.0
2026-06-12 01:00:00,0.00271,0.00272,0.00268,0.0027,18222841.0
2026-06-12 02:00:00,0.0027,0.00273,0.0027,0.00271,11594472.0
2026-06-12 03:00:00,0.00271,0.00271,0.00268,0.0027,8812796.0
2026-06-12 04:00:00,0.0027,0.00271,0.00268,0.00269,23869185.0
2026-06-12 05:00:00,0.00269,0.0027,0.00266,0.00268,29343160.0
2026-06-12 06:00:00,0.00267,0.00267,0.00264,0.00264,61550810.0
2026-06-12 07:00:00,0.00264,0.00266,0.00263,0.00264,51223961.0
2026-06-12 08:00:00,0.00265,0.00267,0.00265,0.00266,22265178.0
2026-06-12 09:00:00,0.00266,0.00269,0.00266,0.00268,19574311.0
2026-06-12 10:00:00,0.00268,0.00269,0.00266,0.00268,18563064.0
2026-06-12 11:00:00,0.00268,0.00268,0.00266,0.00266,16968533.0
2026-06-12 12:00:00,0.00266,0.00268,0.00266,0.00266,41615697.0
2026-06-12 13:00:00,0.00266,0.00267,0.00263,0.00264,54826514.0
2026-06-12 14:00:00,0.00264,0.0027,0.00264,0.00269,51355373.0
2026-06-12 15:00:00,0.00269,0.00271,0.00265,0.00265,59808269.0
2026-06-12 16:00:00,0.00265,0.00267,0.00263,0.00266,28035482.0
2026-06-12 17:00:00,0.00267,0.00268,0.00265,0.00266,47449563.0
2026-06-12 18:00:00,0.00265,0.00267,0.00264,0.00266,38170583.0
2026-06-12 19:00:00,0.00266,0.00267,0.00264,0.00266,25284272.0
2026-06-12 20:00:00,0.00266,0.00268,0.00265,0.00265,16164468.0
2026-06-12 21:00:00,0.00265,0.00267,0.00264,0.00265,10191169.0
2026-06-12 22:00:00,0.00265,0.00266,0.00263,0.00264,7131535.0
2026-06-12 23:00:00,0.00264,0.00266,0.00263,0.00265,27766519.0
2026-06-13 00:00:00,0.00265,0.00266,0.00264,0.00265,30087090.0
2026-06-13 01:00:00,0.00266,0.00269,0.00265,0.00268,23100515.0
2026-06-13 02:00:00,0.00269,0.00269,0.00267,0.00267,26160169.0
2026-06-13 03:00:00,0.00268,0.00268,0.00264,0.00265,22724826.0
2026-06-13 04:00:00,0.00265,0.00267,0.00263,0.00265,23260534.0
2026-06-13 05:00:00,0.00265,0.00266,0.00264,0.00265,17273377.0
2026-06-13 06:00:00,0.00265,0.00268,0.00264,0.00266,22195001.0
2026-06-13 07:00:00,0.00266,0.00268,0.00265,0.00268,23481830.0
2026-06-13 08:00:00,0.00268,0.00269,0.00267,0.00269,23932251.0
2026-06-13 09:00:00,0.00269,0.0027,0.00268,0.00268,13316991.0
2026-06-13 10:00:00,0.00268,0.00269,0.00267,0.00267,11328359.0
2026-06-13 11:00:00,0.00267,0.0027,0.00267,0.00268,13866818.0
2026-06-13 12:00:00,0.00268,0.0027,0.00268,0.00269,28343894.0
2026-06-13 13:00:00,0.00269,0.0027,0.00268,0.00269,10420020.0
2026-06-13 14:00:00,0.00269,0.0027,0.00267,0.00269,14560074.0
2026-06-13 15:00:00,0.00269,0.00271,0.00268,0.00269,17810634.0
2026-06-13 16:00:00,0.00269,0.0027,0.00267,0.00269,36525111.0
2026-06-13 17:00:00,0.00269,0.0027,0.00267,0.00268,15842063.0
2026-06-13 18:00:00,0.00269,0.00269,0.00266,0.00267,7110946.0
2026-06-13 19:00:00,0.00266,0.00268,0.00266,0.00267,17671634.0
2026-06-13 20:00:00,0.00266,0.00268,0.00266,0.00266,5637599.0
2026-06-13 21:00:00,0.00266,0.00269,0.00266,0.00268,7468795.0
2026-06-13 22:00:00,0.00269,0.00269,0.00267,0.00268,4364357.0
2026-06-13 23:00:00,0.00268,0.00268,0.00266,0.00266,12531844.0
2026-06-14 00:00:00,0.00267,0.00267,0.00265,0.00266,12342662.0
2026-06-14 01:00:00,0.00267,0.00268,0.00265,0.00266,21321734.0
2026-06-14 02:00:00,0.00266,0.00268,0.00265,0.00266,14584663.0
2026-06-14 03:00:00,0.00265,0.00266,0.00264,0.00265,10960824.0
2026-06-14 04:00:00,0.00264,0.00265,0.00262,0.00264,24866205.0
2026-06-14 05:00:00,0.00264,0.00264,0.0026,0.00262,34844443.0
2026-06-14 06:00:00,0.00263,0.00264,0.00261,0.00262,46448932.0
2026-06-14 07:00:00,0.00262,0.00263,0.0026,0.00261,13721070.0
2026-06-14 08:00:00,0.00261,0.00263,0.0026,0.00262,17425227.0
2026-06-14 09:00:00,0.00262,0.00262,0.00259,0.00262,22758634.0
2026-06-14 10:00:00,0.00262,0.00263,0.00261,0.00261,15446232.0
2026-06-14 11:00:00,0.00261,0.00262,0.0026,0.00261,13888637.0
2026-06-14 12:00:00,0.00262,0.00263,0.00259,0.00261,21759393.0
2026-06-14 13:00:00,0.00261,0.00261,0.00258,0.0026,26619906.0
2026-06-14 14:00:00,0.0026,0.0026,0.00256,0.00258,47777421.0
2026-06-14 15:00:00,0.00258,0.00259,0.00257,0.00259,8485941.0
2026-06-14 16:00:00,0.00258,0.0026,0.00257,0.00259,21454110.0
2026-06-14 17:00:00,0.00259,0.0026,0.00257,0.00259,20368109.0
2026-06-14 18:00:00,0.00259,0.00259,0.00258,0.00258,13902643.0
2026-06-14 19:00:00,0.00259,0.0026,0.00258,0.0026,11445372.0
2026-06-14 20:00:00,0.00259,0.00263,0.00259,0.00262,12944723.0
2026-06-14 21:00:00,0.00262,0.00273,0.00261,0.0027,51322486.0
2026-06-14 22:00:00,0.00271,0.00273,0.0027,0.00272,39550884.0
2026-06-14 23:00:00,0.00272,0.00274,0.00271,0.00273,41841181.0
2026-06-15 00:00:00,0.00273,0.00275,0.00272,0.00273,49247218.0
2026-06-15 01:00:00,0.00273,0.00274,0.00271,0.00273,37575746.0
2026-06-15 02:00:00,0.00273,0.00275,0.00272,0.00273,24689559.0
2026-06-15 03:00:00,0.00273,0.00275,0.00273,0.00275,13512774.0
2026-06-15 04:00:00,0.00274,0.00275,0.00272,0.00273,8845611.0
2026-06-15 05:00:00,0.00272,0.00275,0.00272,0.00274,23722993.0
2026-06-15 06:00:00,0.00274,0.00275,0.00273,0.00274,18524167.0
2026-06-15 07:00:00,0.00273,0.00275,0.00272,0.00273,22467181.0
2026-06-15 08:00:00,0.00273,0.00275,0.00273,0.00274,14881022.0
2026-06-15 09:00:00,0.00274,0.00275,0.00272,0.00273,39294565.0
2026-06-15 10:00:00,0.00273,0.00275,0.00272,0.00274,139940260.0
2026-06-15 11:00:00,0.00275,0.00279,0.00274,0.00278,67852017.0
2026-06-15 12:00:00,0.00278,0.00279,0.00276,0.00277,32189044.0
2026-06-15 13:00:00,0.00278,0.00281,0.00277,0.00278,127651052.0
2026-06-15 14:00:00,0.00278,0.00279,0.00277,0.00278,23867947.0
2026-06-15 15:00:00,0.00277,0.0028,0.00275,0.00279,48972230.0
2026-06-15 16:00:00,0.00279,0.00281,0.00278,0.00279,61250864.0
2026-06-15 17:00:00,0.00279,0.00279,0.00277,0.00278,26281657.0
2026-06-15 18:00:00,0.00278,0.00279,0.00275,0.00276,43097728.0
2026-06-15 19:00:00,0.00275,0.00277,0.00272,0.00273,59695618.0
2026-06-15 20:00:00,0.00274,0.00276,0.00274,0.00275,25700155.0
2026-06-15 21:00:00,0.00274,0.00276,0.00274,0.00275,9046787.0
2026-06-15 22:00:00,0.00276,0.00277,0.00272,0.00273,56426612.0
2026-06-15 23:00:00,0.00274,0.00275,0.00272,0.00274,23335836.0
2026-06-16 00:00:00,0.00275,0.00276,0.00273,0.00274,35371586.0
2026-06-16 01:00:00,0.00274,0.00276,0.00273,0.00274,21468873.0
2026-06-16 02:00:00,0.00274,0.00274,0.0027,0.00271,143244247.0
2026-06-16 03:00:00,0.00272,0.00275,0.00271,0.00274,13709043.0
2026-06-16 04:00:00,0.00275,0.00275,0.00272,0.00273,13342801.0
2026-06-16 05:00:00,0.00273,0.00275,0.00273,0.00274,6847578.0
2026-06-16 06:00:00,0.00274,0.00276,0.00274,0.00276,17875378.0
2026-06-16 07:00:00,0.00275,0.00276,0.00274,0.00276,20000469.0
2026-06-16 08:00:00,0.00275,0.00278,0.00274,0.00276,19390547.0
2026-06-16 09:00:00,0.00276,0.00277,0.00275,0.00275,12192402.0
2026-06-16 10:00:00,0.00274,0.00277,0.00274,0.00276,6886211.0
2026-06-16 11:00:00,0.00275,0.00276,0.00273,0.00274,16115393.0
2026-06-16 12:00:00,0.00274,0.00277,0.00274,0.00275,9572320.0
2026-06-16 13:00:00,0.00275,0.00276,0.00271,0.00271,32695742.0
2026-06-16 14:00:00,0.00272,0.00272,0.00266,0.00267,67487954.0
2026-06-16 15:00:00,0.00267,0.0027,0.00267,0.0027,20779861.0
2026-06-16 16:00:00,0.0027,0.00271,0.00268,0.00269,17766703.0
2026-06-16 17:00:00,0.00268,0.00271,0.00268,0.00271,12295508.0
2026-06-16 18:00:00,0.00271,0.00273,0.0027,0.00271,22099137.0
2026-06-16 19:00:00,0.00271,0.00272,0.00269,0.0027,15816218.0
2026-06-16 20:00:00,0.0027,0.00273,0.00269,0.00273,12389229.0
2026-06-16 21:00:00,0.00272,0.00273,0.0027,0.00272,19208294.0
2026-06-16 22:00:00,0.00272,0.00273,0.0027,0.00271,4545085.0
2026-06-16 23:00:00,0.00272,0.00272,0.00269,0.0027,4027232.0
2026-06-17 00:00:00,0.0027,0.00273,0.0027,0.00272,24733656.0
2026-06-17 01:00:00,0.00271,0.00276,0.00271,0.00276,34071178.0
2026-06-17 02:00:00,0.00276,0.00277,0.00274,0.00275,20492061.0
2026-06-17 03:00:00,0.00276,0.00276,0.00272,0.00273,11907143.0
2026-06-17 04:00:00,0.00274,0.00274,0.00272,0.00273,9153448.0
2026-06-17 05:00:00,0.00274,0.00274,0.00272,0.00272,20593443.0
2026-06-17 06:00:00,0.00273,0.00273,0.0027,0.00271,11016372.0
2026-06-17 07:00:00,0.00271,0.00273,0.00269,0.0027,25302558.0
2026-06-17 08:00:00,0.0027,0.00271,0.00266,0.00267,21353267.0
2026-06-17 09:00:00,0.00267,0.00269,0.00266,0.00268,8355380.0
2026-06-17 10:00:00,0.00268,0.00269,0.00267,0.00268,11705716.0
2026-06-17 11:00:00,0.00268,0.00269,0.00267,0.00268,6668389.0
2026-06-17 12:00:00,0.00268,0.00271,0.00267,0.0027,28053279.0
2026-06-17 13:00:00,0.0027,0.00272,0.00269,0.0027,16473881.0
2026-06-17 14:00:00,0.0027,0.00271,0.00268,0.0027,28247874.0
2026-06-17 15:00:00,0.00269,0.00275,0.00269,0.00275,32638597.0
2026-06-17 16:00:00,0.00275,0.00277,0.00273,0.00274,30052688.0
2026-06-17 17:00:00,0.00274,0.00275,0.00272,0.00274,32411744.0
2026-06-17 18:00:00,0.00274,0.00276,0.00266,0.00272,105072069.0
2026-06-17 19:00:00,0.00272,0.00273,0.00265,0.00266,72501898.0
2026-06-17 20:00:00,0.00266,0.0027,0.00266,0.00268,22355809.0
2026-06-17 21:00:00,0.00268,0.00269,0.00266,0.00267,14878066.0
2026-06-17 22:00:00,0.00267,0.00269,0.00263,0.00268,32622835.0
2026-06-17 23:00:00,0.00268,0.00269,0.00266,0.00268,24590825.0
2026-06-18 00:00:00,0.00268,0.00269,0.00267,0.00268,28836461.0
2026-06-18 01:00:00,0.00268,0.0027,0.00268,0.00268,10749663.0
2026-06-18 02:00:00,0.00269,0.0027,0.00267,0.00268,15206223.0
2026-06-18 03:00:00,0.00268,0.00269,0.00265,0.00266,19481474.0
2026-06-18 04:00:00,0.00265,0.00265,0.00261,0.00262,33530577.0
2026-06-18 05:00:00,0.00262,0.00262,0.00259,0.00261,24576898.0
2026-06-18 06:00:00,0.00262,0.00264,0.00261,0.00264,9461567.0
2026-06-18 07:00:00,0.00263,0.00266,0.00262,0.00264,11140590.0
2026-06-18 08:00:00,0.00264,0.00265,0.00263,0.00264,27111777.0
2026-06-18 09:00:00,0.00263,0.00266,0.00263,0.00264,9028195.0
2026-06-18 10:00:00,0.00265,0.00266,0.00263,0.00264,20171096.0
2026-06-18 11:00:00,0.00265,0.00265,0.00262,0.00262,12373333.0
2026-06-18 12:00:00,0.00263,0.00265,0.00262,0.00264,12687565.0
2026-06-18 13:00:00,0.00263,0.00265,0.0026,0.00261,36128079.0
2026-06-18 14:00:00,0.00262,0.00265,0.00261,0.00264,31277423.0
2026-06-18 15:00:00,0.00263,0.00263,0.00252,0.00253,123299758.0
2026-06-18 16:00:00,0.00253,0.00257,0.00252,0.00255,32036097.0
2026-06-18 17:00:00,0.00256,0.00256,0.00253,0.00256,17292825.0
2026-06-18 18:00:00,0.00256,0.00257,0.00254,0.00256,13294589.0
2026-06-18 19:00:00,0.00256,0.00259,0.00256,0.00259,10497089.0
2026-06-18 20:00:00,0.00259,0.00262,0.00258,0.00261,27412818.0
2026-06-18 21:00:00,0.00261,0.00261,0.00259,0.00259,9415989.0
2026-06-18 22:00:00,0.00259,0.0026,0.00258,0.0026,6349791.0
2026-06-18 23:00:00,0.00259,0.0026,0.00256,0.00259,25076187.0
2026-06-19 00:00:00,0.00258,0.0026,0.00258,0.0026,10074558.0
2026-06-19 01:00:00,0.0026,0.00261,0.00258,0.00259,10166425.0
2026-06-19 02:00:00,0.00259,0.0026,0.00257,0.0026,11300483.0
2026-06-19 03:00:00,0.00259,0.0026,0.00254,0.00257,47738872.0
2026-06-19 04:00:00,0.00256,0.00257,0.00253,0.00254,26523494.0
2026-06-19 05:00:00,0.00254,0.00256,0.00254,0.00256,4344378.0
2026-06-19 06:00:00,0.00256,0.00257,0.00255,0.00257,13580712.0
2026-06-19 07:00:00,0.00257,0.00257,0.00253,0.00255,10437452.0
2026-06-19 08:00:00,0.00255,0.00255,0.00254,0.00254,10415147.0
2026-06-19 09:00:00,0.00254,0.00254,0.00252,0.00253,19416615.0
2026-06-19 10:00:00,0.00254,0.00254,0.00252,0.00254,18807223.0
2026-06-19 11:00:00,0.00254,0.00255,0.00253,0.00254,9878358.0
2026-06-19 12:00:00,0.00254,0.00255,0.00252,0.00255,24381948.0
2026-06-19 13:00:00,0.00256,0.00257,0.00253,0.00256,15503285.0
2026-06-19 14:00:00,0.00256,0.00257,0.00255,0.00256,14692739.0
2026-06-19 15:00:00,0.00255,0.00257,0.00255,0.00257,7893269.0
2026-06-19 16:00:00,0.00257,0.00258,0.00255,0.00256,21448510.0
2026-06-19 17:00:00,0.00256,0.00257,0.00254,0.00257,24405342.0
2026-06-19 18:00:00,0.00257,0.00257,0.00255,0.00256,17186628.0
2026-06-19 19:00:00,0.00255,0.00255,0.00253,0.00254,10247181.0
2026-06-19 20:00:00,0.00254,0.00256,0.00254,0.00256,6161815.0
2026-06-19 21:00:00,0.00256,0.00257,0.00253,0.00254,4846399.0
2026-06-19 22:00:00,0.00254,0.00256,0.00253,0.00256,5590876.0
2026-06-19 23:00:00,0.00256,0.00256,0.00255,0.00256,4199240.0
2026-06-20 00:00:00,0.00256,0.00258,0.00255,0.00256,8651915.0
2026-06-20 01:00:00,0.00255,0.00258,0.00255,0.00257,15501864.0
2026-06-20 02:00:00,0.00257,0.00258,0.00255,0.00255,5647131.0
2026-06-20 03:00:00,0.00255,0.00258,0.00254,0.00257,10668210.0
2026-06-20 04:00:00,0.00256,0.00259,0.00256,0.00258,27221814.0
2026-06-20 05:00:00,0.00259,0.00262,0.00258,0.00259,47159833.0
2026-06-20 06:00:00,0.0026,0.00261,0.00258,0.0026,19885176.0
2026-06-20 07:00:00,0.0026,0.00261,0.00258,0.00259,22989190.0
2026-06-20 08:00:00,0.00259,0.00261,0.00257,0.0026,10103228.0
2026-06-20 09:00:00,0.00261,0.00267,0.0026,0.00265,76531904.0
2026-06-20 10:00:00,0.00265,0.00266,0.00262,0.00265,41983669.0
2026-06-20 11:00:00,0.00265,0.00267,0.00263,0.00263,50472498.0
2026-06-20 12:00:00,0.00264,0.00265,0.00262,0.00263,34413968.0
2026-06-20 13:00:00,0.00263,0.00264,0.0026,0.00261,38652044.0
2026-06-20 14:00:00,0.00261,0.00269,0.00259,0.00267,68814735.0
2026-06-20 15:00:00,0.00267,0.00273,0.00266,0.00273,101977375.0
2026-06-20 16:00:00,0.00273,0.00275,0.00268,0.00271,62758274.0
2026-06-20 17:00:00,0.00271,0.00273,0.00269,0.00272,57737192.0
2026-06-20 18:00:00,0.00272,0.00275,0.0027,0.00275,44628331.0
2026-06-20 19:00:00,0.00275,0.00275,0.00271,0.00273,42965484.0
2026-06-20 20:00:00,0.00273,0.00274,0.0027,0.0027,18832715.0
2026-06-20 21:00:00,0.0027,0.00272,0.00269,0.00271,18395637.0
2026-06-20 22:00:00,0.00272,0.00275,0.00271,0.00273,35153170.0
2026-06-20 23:00:00,0.00273,0.00274,0.00271,0.00271,17728840.0
2026-06-21 00:00:00,0.00272,0.00274,0.0027,0.00274,21938735.0
2026-06-21 01:00:00,0.00274,0.00277,0.00272,0.00275,70721755.0
2026-06-21 02:00:00,0.00275,0.00277,0.00273,0.00275,38792484.0
2026-06-21 03:00:00,0.00275,0.00275,0.00271,0.00273,32211287.0
2026-06-21 04:00:00,0.00272,0.00272,0.00268,0.0027,51614159.0
2026-06-21 05:00:00,0.0027,0.0027,0.00268,0.00269,12301840.0
2026-06-21 06:00:00,0.00268,0.0027,0.00268,0.00269,12180195.0
2026-06-21 07:00:00,0.00269,0.00271,0.00268,0.0027,14513179.0
2026-06-21 08:00:00,0.0027,0.00271,0.00269,0.0027,18033534.0
2026-06-21 09:00:00,0.0027,0.00272,0.00268,0.00271,11734546.0
2026-06-21 10:00:00,0.0027,0.00271,0.00269,0.00269,18161549.0
2026-06-21 11:00:00,0.00269,0.0027,0.00267,0.00267,50702911.0
2026-06-21 12:00:00,0.00267,0.00268,0.00266,0.00268,14129730.0
2026-06-21 13:00:00,0.00268,0.00268,0.00266,0.00268,16999622.0
2026-06-21 14:00:00,0.00268,0.00268,0.00266,0.00267,4796521.0
2026-06-21 15:00:00,0.00266,0.00268,0.00266,0.00267,12766499.0
2026-06-21 16:00:00,0.00267,0.00267,0.00264,0.00265,21085517.0
2026-06-21 17:00:00,0.00266,0.00266,0.00263,0.00264,9585884.0
2026-06-21 18:00:00,0.00264,0.00265,0.00263,0.00264,13078454.0
2026-06-21 19:00:00,0.00264,0.00265,0.00263,0.00265,5823902.0
2026-06-21 20:00:00,0.00265,0.00265,0.00261,0.00262,22830485.0
2026-06-21 21:00:00,0.00263,0.00263,0.00259,0.0026,29733367.0
2026-06-21 22:00:00,0.00261,0.00262,0.00259,0.00259,26548499.0
2026-06-21 23:00:00,0.0026,0.0026,0.00256,0.00257,22113346.0
2026-06-22 00:00:00,0.00257,0.0026,0.00256,0.0026,33243830.0
2026-06-22 01:00:00,0.00259,0.00265,0.00259,0.00262,44822368.0
2026-06-22 02:00:00,0.00261,0.00262,0.00259,0.0026,23463584.0
2026-06-22 03:00:00,0.00259,0.0026,0.00256,0.00257,33097895.0
2026-06-22 04:00:00,0.00257,0.00258,0.00256,0.00258,16675197.0
2026-06-22 05:00:00,0.00258,0.00259,0.00257,0.00258,10239319.0
2026-06-22 06:00:00,0.00258,0.00259,0.00257,0.00259,12571362.0
2026-06-22 07:00:00,0.00259,0.00261,0.00258,0.00259,23704754.0
2026-06-22 08:00:00,0.0026,0.00261,0.00259,0.0026,15769521.0
2026-06-22 09:00:00,0.0026,0.00261,0.00259,0.0026,9262622.0
2026-06-22 10:00:00,0.00261,0.00261,0.00259,0.00259,6829576.0
2026-06-22 11:00:00,0.0026,0.00264,0.0026,0.00263,28558501.0
2026-06-22 12:00:00,0.00263,0.00266,0.00263,0.00265,32033116.0
2026-06-22 13:00:00,0.00266,0.00268,0.00264,0.00267,40321491.0
2026-06-22 14:00:00,0.00267,0.00267,0.00263,0.00265,44790696.0
2026-06-22 15:00:00,0.00265,0.00266,0.00261,0.00262,34077106.0
2026-06-22 16:00:00,0.00261,0.00262,0.0026,0.00262,27262896.0
2026-06-22 17:00:00,0.00261,0.00262,0.00258,0.0026,24832092.0
2026-06-22 18:00:00,0.0026,0.00261,0.00257,0.00258,44667373.0
2026-06-22 19:00:00,0.00257,0.00258,0.00255,0.00256,20455470.0
2026-06-22 20:00:00,0.00256,0.00258,0.00255,0.00256,24399578.0
2026-06-22 21:00:00,0.00255,0.00256,0.00254,0.00255,15918256.0
2026-06-22 22:00:00,0.00255,0.00256,0.00249,0.00251,60690825.0
2026-06-22 23:00:00,0.00252,0.00252,0.0025,0.00252,20691523.0
2026-06-23 00:00:00,0.00252,0.00252,0.00249,0.00252,25341734.0
2026-06-23 01:00:00,0.00252,0.00253,0.00251,0.00252,50978409.0
2026-06-23 02:00:00,0.00253,0.00254,0.00251,0.00254,16336935.0
2026-06-23 03:00:00,0.00254,0.00256,0.00252,0.00255,31723172.0
2026-06-23 04:00:00,0.00255,0.00256,0.00253,0.00254,11939798.0
2026-06-23 05:00:00,0.00253,0.00254,0.00252,0.00253,24869210.0
2026-06-23 06:00:00,0.00252,0.00253,0.00245,0.00248,72541983.0
2026-06-23 07:00:00,0.00248,0.00249,0.00246,0.00247,18911970.0
2026-06-23 08:00:00,0.00247,0.00248,0.0024,0.00243,115831907.0
2026-06-23 09:00:00,0.00243,0.00244,0.00241,0.00242,52394371.0
2026-06-23 10:00:00,0.00242,0.00244,0.00241,0.00243,27081399.0
2026-06-23 11:00:00,0.00243,0.00245,0.00243,0.00245,10219313.0
2026-06-23 12:00:00,0.00245,0.00246,0.00243,0.00245,51570342.0
2026-06-23 13:00:00,0.00245,0.00247,0.00243,0.00247,55389679.0
2026-06-23 14:00:00,0.00247,0.00249,0.00246,0.00246,30282008.0
2026-06-23 15:00:00,0.00246,0.00247,0.00244,0.00246,34329620.0
2026-06-23 16:00:00,0.00247,0.00248,0.00245,0.00245,19231084.0
2026-06-23 17:00:00,0.00246,0.00246,0.00243,0.00244,60856090.0
2026-06-23 18:00:00,0.00244,0.00244,0.00242,0.00243,26801792.0
2026-06-23 19:00:00,0.00242,0.00243,0.0024,0.00242,62398290.0
2026-06-23 20:00:00,0.00242,0.00243,0.00241,0.00241,33030464.0
2026-06-23 21:00:00,0.00242,0.00243,0.00241,0.00243,12416927.0
2026-06-23 22:00:00,0.00243,0.00243,0.00242,0.00243,5774471.0
2026-06-23 23:00:00,0.00242,0.00243,0.00241,0.00242,10202127.0
2026-06-24 00:00:00,0.00243,0.00244,0.00243,0.00244,21090510.0
2026-06-24 01:00:00,0.00244,0.00245,0.00242,0.00242,42976430.0
2026-06-24 02:00:00,0.00242,0.00243,0.0024,0.00241,12558990.0
2026-06-24 03:00:00,0.00241,0.00242,0.0024,0.0024,9599154.0
2026-06-24 04:00:00,0.0024,0.00241,0.00237,0.00241,23146930.0
2026-06-24 05:00:00,0.00241,0.00242,0.0024,0.00242,13422252.0
2026-06-24 06:00:00,0.00241,0.00242,0.0024,0.00241,7578084.0
2026-06-24 07:00:00,0.00241,0.00241,0.00239,0.0024,8532542.0
2026-06-24 08:00:00,0.0024,0.00242,0.00239,0.00241,16095215.0
2026-06-24 09:00:00,0.00241,0.00242,0.0024,0.0024,10514045.0
2026-06-24 10:00:00,0.0024,0.00241,0.00239,0.0024,13480915.0
2026-06-24 11:00:00,0.00241,0.00244,0.00239,0.00243,26058005.0
2026-06-24 12:00:00,0.00243,0.00244,0.00242,0.00243,22942535.0
2026-06-24 13:00:00,0.00243,0.00243,0.00235,0.00238,102081967.0
2026-06-24 14:00:00,0.00238,0.0024,0.00237,0.0024,62535899.0
2026-06-24 15:00:00,0.0024,0.0024,0.00232,0.00235,112265483.0
2026-06-24 16:00:00,0.00235,0.00236,0.00224,0.00227,161071486.0
2026-06-24 17:00:00,0.00227,0.00229,0.00222,0.00226,158839130.0
2026-06-24 18:00:00,0.00225,0.00232,0.00224,0.00228,102772443.0
2026-06-24 19:00:00,0.00229,0.0023,0.00228,0.0023,62973077.0
2026-06-24 20:00:00,0.0023,0.00237,0.0023,0.00235,58315401.0
2026-06-24 21:00:00,0.00236,0.00237,0.00234,0.00236,12155184.0
2026-06-24 22:00:00,0.00237,0.00239,0.00235,0.00235,10996992.0
2026-06-24 23:00:00,0.00235,0.00236,0.00234,0.00235,24411443.0
2026-06-25 00:00:00,0.00235,0.00236,0.00234,0.00234,16749871.0
2026-06-25 01:00:00,0.00235,0.00235,0.00233,0.00235,14922420.0
2026-06-25 02:00:00,0.00234,0.00235,0.00234,0.00234,15229732.0
2026-06-25 03:00:00,0.00234,0.00235,0.00234,0.00234,14227471.0
2026-06-25 04:00:00,0.00234,0.00238,0.00234,0.00237,31490824.0
2026-06-25 05:00:00,0.002371,0.002435,0.002371,0.002401,55496846.0
2026-06-25 06:00:00,0.002401,0.002406,0.002392,0.002392,12471957.0
2026-06-25 07:00:00,0.002392,0.002397,0.002387,0.002397,31236849.0
2026-06-25 08:00:00,0.002396,0.002398,0.002389,0.00239,8311377.0
2026-06-25 09:00:00,0.00239,0.002395,0.002385,0.002391,25940383.0
2026-06-25 10:00:00,0.002391,0.002391,0.002369,0.002369,14780291.0
2026-06-25 11:00:00,0.002369,0.002371,0.002361,0.002367,24466424.0
2026-06-25 12:00:00,0.002368,0.00238,0.002346,0.002359,60154746.0
2026-06-25 13:00:00,0.002359,0.002379,0.002183,0.002195,209104543.0
2026-06-25 14:00:00,0.002196,0.002307,0.002196,0.002266,127673460.0
2026-06-25 15:00:00,0.002266,0.002289,0.002241,0.002285,93462924.0
2026-06-25 16:00:00,0.002284,0.002308,0.00227,0.002274,49700546.0
2026-06-25 17:00:00,0.002272,0.002303,0.002268,0.002303,32792813.0
2026-06-25 18:00:00,0.002303,0.002303,0.00227,0.002278,22464919.0
2026-06-25 19:00:00,0.002278,0.002278,0.002257,0.002265,21113254.0
2026-06-25 20:00:00,0.002266,0.00229,0.002266,0.002267,16113259.0
2026-06-25 21:00:00,0.002267,0.002309,0.002267,0.002307,8376357.0
2026-06-25 22:00:00,0.002306,0.002308,0.002286,0.002288,8388410.0
2026-06-25 23:00:00,0.002289,0.002297,0.002283,0.002288,7322965.0
2026-06-26 00:00:00,0.002289,0.002293,0.00228,0.002281,11889172.0
2026-06-26 01:00:00,0.002282,0.002283,0.002258,0.002261,10692118.0
2026-06-26 02:00:00,0.002262,0.002263,0.002199,0.002217,60583701.0
2026-06-26 03:00:00,0.002219,0.002284,0.002202,0.00228,47171415.0
2026-06-26 04:00:00,0.002278,0.002285,0.00227,0.002272,11301856.0
2026-06-26 05:00:00,0.002273,0.002289,0.00227,0.002286,20813088.0
2026-06-26 06:00:00,0.002285,0.002326,0.002278,0.002325,25100902.0
2026-06-26 07:00:00,0.002326,0.002335,0.002322,0.002323,10163560.0
2026-06-26 08:00:00,0.002322,0.002323,0.002296,0.002299,10362060.0
2026-06-26 09:00:00,0.002298,0.002305,0.002277,0.002277,10838052.0
2026-06-26 10:00:00,0.002279,0.002287,0.002268,0.00227,7079721.0
2026-06-26 11:00:00,0.00227,0.002277,0.002253,0.002261,13705481.0
2026-06-26 12:00:00,0.002262,0.002293,0.002244,0.002258,42271675.0
2026-06-26 13:00:00,0.002259,0.002314,0.002237,0.00231,38141936.0
2026-06-26 14:00:00,0.002309,0.002318,0.002287,0.002295,17445138.0
2026-06-26 15:00:00,0.002295,0.002328,0.002286,0.002316,26305606.0
2026-06-26 16:00:00,0.002317,0.00235,0.002313,0.002334,38242801.0
2026-06-26 17:00:00,0.002333,0.00236,0.002333,0.002355,31573781.0
2026-06-26 18:00:00,0.002354,0.002357,0.002325,0.002327,28151307.0
2026-06-26 19:00:00,0.002328,0.002347,0.002323,0.002327,26160195.0
2026-06-26 20:00:00,0.002328,0.00236,0.002328,0.002339,50487999.0
2026-06-26 21:00:00,0.00234,0.002358,0.002332,0.002344,24705800.0
2026-06-26 22:00:00,0.002343,0.00235,0.002334,0.002348,11673804.0
2026-06-26 23:00:00,0.00235,0.002354,0.002343,0.002345,8736261.0
2026-06-27 00:00:00,0.002346,0.002353,0.002324,0.002337,13086415.0
2026-06-27 01:00:00,0.002337,0.002338,0.002315,0.002317,12385291.0
2026-06-27 02:00:00,0.002316,0.00234,0.002312,0.002331,21893806.0
2026-06-27 03:00:00,0.00233,0.002336,0.002317,0.002325,25694301.0
2026-06-27 04:00:00,0.002324,0.002333,0.002313,0.002315,9427154.0
2026-06-27 05:00:00,0.002315,0.002317,0.0023,0.002311,15707412.0
2026-06-27 06:00:00,0.00231,0.00232,0.002305,0.00231,10063376.0
2026-06-27 07:00:00,0.002309,0.00232,0.002306,0.002316,9874515.0
2026-06-27 08:00:00,0.002317,0.002317,0.002297,0.002307,11029768.0
2026-06-27 09:00:00,0.002307,0.002311,0.002301,0.00231,4780091.0
2026-06-27 10:00:00,0.00231,0.00231,0.002302,0.002305,4180939.0
2026-06-27 11:00:00,0.002303,0.002303,0.002289,0.002299,6538490.0
2026-06-27 12:00:00,0.002298,0.002305,0.002294,0.002296,3965674.0
2026-06-27 13:00:00,0.002296,0.002308,0.002295,0.002303,7248649.0
2026-06-27 14:00:00,0.002303,0.002315,0.0023,0.002309,13850991.0
2026-06-27 15:00:00,0.002309,0.002325,0.002309,0.002319,8925951.0
2026-06-27 16:00:00,0.002318,0.002318,0.002303,0.002305,10154683.0
2026-06-27 17:00:00,0.002304,0.002304,0.002276,0.002285,23394430.0
2026-06-27 18:00:00,0.002285,0.002286,0.002268,0.002279,13162727.0
2026-06-27 19:00:00,0.002279,0.002284,0.002256,0.002271,14821072.0
2026-06-27 20:00:00,0.002272,0.00228,0.002272,0.002277,11080118.0
2026-06-27 21:00:00,0.002278,0.002281,0.002263,0.002271,14277736.0
2026-06-27 22:00:00,0.00227,0.00227,0.002247,0.002263,20055711.0
2026-06-27 23:00:00,0.002263,0.002267,0.002245,0.002257,8580295.0
2026-06-28 00:00:00,0.002258,0.002266,0.002257,0.002259,4573661.0
2026-06-28 01:00:00,0.002258,0.002261,0.002252,0.002257,6387212.0
2026-06-28 02:00:00,0.002258,0.002264,0.002242,0.002243,10339673.0
2026-06-28 03:00:00,0.002244,0.002254,0.002242,0.002252,8753204.0
2026-06-28 04:00:00,0.002252,0.00226,0.002246,0.002254,5102618.0
2026-06-28 05:00:00,0.002255,0.002255,0.002236,0.002251,6200846.0
2026-06-28 06:00:00,0.002251,0.002254,0.002232,0.002252,7882067.0
2026-06-28 07:00:00,0.002253,0.002277,0.002253,0.002276,16157149.0
2026-06-28 08:00:00,0.002275,0.002285,0.002265,0.002275,21370327.0
2026-06-28 09:00:00,0.002275,0.002279,0.002253,0.002256,5923391.0
2026-06-28 10:00:00,0.002257,0.002267,0.002249,0.002254,5351341.0
2026-06-28 11:00:00,0.002255,0.002273,0.002255,0.00227,5577521.0
2026-06-28 12:00:00,0.002269,0.002279,0.00226,0.002267,6488640.0
2026-06-28 13:00:00,0.002267,0.002267,0.002252,0.002259,7151610.0
2026-06-28 14:00:00,0.002259,0.002314,0.002257,0.002279,46589355.0
2026-06-28 15:00:00,0.002278,0.002289,0.002266,0.002286,10740324.0
2026-06-28 16:00:00,0.002287,0.002289,0.002256,0.002261,7043790.0
2026-06-28 17:00:00,0.002262,0.002268,0.002242,0.00226,15100799.0
2026-06-28 18:00:00,0.00226,0.002263,0.002254,0.002261,7835316.0
2026-06-28 19:00:00,0.00226,0.002273,0.002247,0.002265,8859508.0
2026-06-28 20:00:00,0.002264,0.002287,0.002264,0.002273,10680018.0
2026-06-28 21:00:00,0.002272,0.002274,0.002238,0.002244,12694909.0
2026-06-28 22:00:00,0.002256,0.002279,0.002226,0.002239,19077804.0
2026-06-28 23:00:00,0.002238,0.002269,0.002235,0.002259,9855130.0
2026-06-29 00:00:00,0.002255,0.002283,0.002243,0.00228,13968221.0
2026-06-29 01:00:00,0.002279,0.00228,0.002257,0.002267,9307744.0
2026-06-29 02:00:00,0.002264,0.002289,0.002247,0.002289,16574197.0
2026-06-29 03:00:00,0.002289,0.002304,0.002287,0.002294,16759510.0
2026-06-29 04:00:00,0.002292,0.002333,0.002278,0.002279,30250889.0
2026-06-29 05:00:00,0.00228,0.002282,0.002255,0.002281,13669819.0
2026-06-29 06:00:00,0.002282,0.002292,0.002281,0.002284,11035397.0
2026-06-29 07:00:00,0.002285,0.002296,0.002279,0.002287,9827672.0
2026-06-29 08:00:00,0.002285,0.002292,0.002273,0.002277,7915340.0
2026-06-29 09:00:00,0.002274,0.002285,0.002272,0.002285,8235016.0
2026-06-29 10:00:00,0.002284,0.00229,0.002275,0.002282,11850027.0
2026-06-29 11:00:00,0.002282,0.002296,0.002273,0.00228,24470548.0
2026-06-29 12:00:00,0.00228,0.002313,0.002259,0.002287,22535067.0
2026-06-29 13:00:00,0.00229,0.002297,0.002255,0.002272,31570967.0
2026-06-29 14:00:00,0.002273,0.002279,0.002244,0.002279,37640091.0
2026-06-29 15:00:00,0.00228,0.002288,0.00226,0.002286,10643203.0
2026-06-29 16:00:00,0.002286,0.002289,0.002277,0.002284,15115572.0
2026-06-29 17:00:00,0.002287,0.002329,0.002283,0.002307,36636328.0
2026-06-29 18:00:00,0.002308,0.002312,0.002296,0.002297,17012413.0
2026-06-29 19:00:00,0.002298,0.002304,0.00229,0.002293,7266541.0
2026-06-29 20:00:00,0.002291,0.002293,0.00228,0.002282,5248108.0
2026-06-29 21:00:00,0.002282,0.002296,0.002275,0.002292,6346516.0
2026-06-29 22:00:00,0.002292,0.002296,0.002277,0.002277,8256594.0
2026-06-29 23:00:00,0.002277,0.002286,0.002274,0.00228,9054397.0
2026-06-30 00:00:00,0.002278,0.002316,0.002259,0.002263,80712760.0
2026-06-30 01:00:00,0.002262,0.002269,0.002254,0.002264,11187619.0
2026-06-30 02:00:00,0.002264,0.002292,0.002259,0.002276,35600750.0
2026-06-30 03:00:00,0.002275,0.00228,0.002271,0.002272,6125993.0
2026-06-30 04:00:00,0.002274,0.002284,0.002269,0.00228,11077817.0
2026-06-30 05:00:00,0.00228,0.002283,0.002274,0.002282,6897399.0
2026-06-30 06:00:00,0.002282,0.002316,0.002279,0.002284,21116750.0
2026-06-30 07:00:00,0.002283,0.002288,0.002276,0.00228,6293986.0
2026-06-30 08:00:00,0.002281,0.002286,0.002271,0.002278,14069554.0
2026-06-30 09:00:00,0.002279,0.002279,0.002259,0.00227,11994904.0
2026-06-30 10:00:00,0.00227,0.002277,0.002266,0.002271,7626080.0
2026-06-30 11:00:00,0.002271,0.002271,0.002245,0.00225,13238199.0
2026-06-30 12:00:00,0.002249,0.002249,0.002218,0.002219,28805163.0
2026-06-30 13:00:00,0.002218,0.002252,0.00221,0.002242,35792656.0
2026-06-30 14:00:00,0.002239,0.002262,0.002239,0.002247,24350031.0
2026-06-30 15:00:00,0.002244,0.00225,0.002235,0.00224,11992026.0
2026-06-30 16:00:00,0.002237,0.002247,0.002224,0.002244,15214019.0
2026-06-30 17:00:00,0.002244,0.002251,0.002239,0.002246,11743257.0
2026-06-30 18:00:00,0.002246,0.002267,0.002243,0.002266,8431847.0
2026-06-30 19:00:00,0.002265,0.002271,0.002256,0.002261,37422632.0
2026-06-30 20:00:00,0.002259,0.002268,0.002222,0.002225,98148948.0
2026-06-30 21:00:00,0.002223,0.002243,0.002223,0.002235,54550887.0
2026-06-30 22:00:00,0.002236,0.002243,0.002216,0.00222,28341277.0
2026-06-30 23:00:00,0.002219,0.002251,0.002213,0.002234,132817085.0
2026-07-01 00:00:00,0.002236,0.002243,0.002227,0.002239,14538674.0
2026-07-01 01:00:00,0.002241,0.002251,0.002185,0.002248,53538112.0
2026-07-01 02:00:00,0.002249,0.002262,0.002241,0.00226,24079491.0
2026-07-01 03:00:00,0.00226,0.002291,0.002258,0.002285,22676112.0
2026-07-01 04:00:00,0.002287,0.002324,0.002285,0.002296,38048118.0
2026-07-01 05:00:00,0.002297,0.002302,0.00228,0.002285,24996604.0
2026-07-01 06:00:00,0.002284,0.002308,0.002259,0.002268,29847721.0
2026-07-01 07:00:00,0.00227,0.002276,0.002263,0.002274,11114976.0
2026-07-01 08:00:00,0.002273,0.002277,0.00226,0.002277,14145874.0
2026-07-01 09:00:00,0.002277,0.002282,0.002269,0.002277,14080168.0
2026-07-01 10:00:00,0.002275,0.002289,0.002275,0.002281,24260806.0
2026-07-01 11:00:00,0.00228,0.002314,0.002278,0.002298,21005364.0
2026-07-01 12:00:00,0.002299,0.002301,0.002282,0.002288,17797727.0
2026-07-01 13:00:00,0.002289,0.00233,0.002264,0.002319,50521492.0
2026-07-01 14:00:00,0.002321,0.00234,0.002302,0.002312,70215928.0
2026-07-01 15:00:00,0.002313,0.002347,0.002312,0.002333,26164926.0
2026-07-01 16:00:00,0.002333,0.002344,0.002323,0.002327,18136064.0
2026-07-01 17:00:00,0.002326,0.002333,0.002305,0.002329,56827916.0
2026-07-01 18:00:00,0.00233,0.00234,0.002312,0.002319,17966586.0
2026-07-01 19:00:00,0.00232,0.002327,0.0023,0.002304,21388353.0
2026-07-01 20:00:00,0.002305,0.002341,0.002299,0.002318,70923517.0
2026-07-01 21:00:00,0.002319,0.002357,0.002317,0.002349,25039627.0
2026-07-01 22:00:00,0.002348,0.002382,0.002329,0.002334,56391100.0
2026-07-01 23:00:00,0.00233,0.002343,0.002303,0.002304,37598089.0
2026-07-02 00:00:00,0.002305,0.002308,0.002288,0.002294,21382504.0
2026-07-02 01:00:00,0.002296,0.002322,0.002294,0.002314,12153317.0
2026-07-02 02:00:00,0.002311,0.002317,0.002308,0.002315,5773881.0
2026-07-02 03:00:00,0.002313,0.002342,0.002306,0.002336,25935723.0
2026-07-02 04:00:00,0.002335,0.002336,0.00232,0.00233,15355421.0
2026-07-02 05:00:00,0.002331,0.002331,0.002307,0.002309,12807998.0
2026-07-02 06:00:00,0.002308,0.002309,0.002296,0.002296,11819502.0
2026-07-02 07:00:00,0.002295,0.002309,0.002295,0.002305,19541080.0
2026-07-02 08:00:00,0.002306,0.002317,0.002302,0.002309,23958579.0
2026-07-02 09:00:00,0.002309,0.002342,0.002304,0.002337,49352596.0
2026-07-02 10:00:00,0.002337,0.002346,0.00233,0.00233,29103040.0
2026-07-02 11:00:00,0.002331,0.002338,0.002318,0.00233,41279440.0
2026-07-02 12:00:00,0.00233,0.002397,0.002328,0.00235,84154427.0
2026-07-02 13:00:00,0.002353,0.002382,0.002342,0.002365,32050262.0
2026-07-02 14:00:00,0.002366,0.00237,0.002325,0.00233,32241353.0
2026-07-02 15:00:00,0.002328,0.00233,0.00229,0.002303,71333040.0
2026-07-02 16:00:00,0.002307,0.002312,0.002292,0.002303,30027217.0
2026-07-02 17:00:00,0.002301,0.002312,0.002298,0.002303,23812257.0
2026-07-02 18:00:00,0.002303,0.002342,0.002301,0.002313,51235702.0
2026-07-02 19:00:00,0.002313,0.002317,0.002295,0.002296,18692949.0
2026-07-02 20:00:00,0.002296,0.002341,0.002293,0.002305,66513480.0
2026-07-02 21:00:00,0.002305,0.002317,0.002297,0.002316,10682685.0
2026-07-02 22:00:00,0.002315,0.002329,0.002311,0.002326,13354562.0
2026-07-02 23:00:00,0.002324,0.002328,0.002316,0.00232,14919625.0
2026-07-03 00:00:00,0.00232,0.002342,0.00231,0.002313,48925116.0
2026-07-03 01:00:00,0.002312,0.002325,0.002312,0.002322,16447796.0
