timestamp,open,high,low,close,volume
2025-05-12 10:00:00,1.114,1.118,1.102,1.114,847121.51
2025-05-12 11:00:00,1.113,1.116,1.089,1.093,634675.19
2025-05-12 12:00:00,1.093,1.117,1.093,1.113,666655.4
2025-05-12 13:00:00,1.113,1.127,1.099,1.114,985321.99
2025-05-12 14:00:00,1.115,1.126,1.065,1.078,2441570.73
2025-05-12 15:00:00,1.078,1.093,1.063,1.075,947649.37
2025-05-12 16:00:00,1.076,1.093,1.067,1.087,489219.09
2025-05-12 17:00:00,1.086,1.097,1.068,1.073,278461.31
2025-05-12 18:00:00,1.074,1.078,1.027,1.048,2021190.35
2025-05-12 19:00:00,1.048,1.071,1.047,1.07,850565.85
2025-05-12 20:00:00,1.069,1.081,1.06,1.075,262222.66
2025-05-12 21:00:00,1.074,1.081,1.071,1.074,152630.63
2025-05-12 22:00:00,1.075,1.08,1.071,1.071,172723.75
2025-05-12 23:00:00,1.07,1.085,1.069,1.079,172905.53
2025-05-13 00:00:00,1.079,1.082,1.057,1.057,385536.33
2025-05-13 01:00:00,1.058,1.067,1.04,1.047,448064.42
2025-05-13 02:00:00,1.047,1.051,1.028,1.038,722082.93
2025-05-13 03:00:00,1.038,1.042,1.015,1.016,652153.31
2025-05-13 04:00:00,1.016,1.044,1.01,1.042,974661.17
2025-05-13 05:00:00,1.042,1.044,1.029,1.036,461454.88
2025-05-13 06:00:00,1.036,1.055,1.035,1.044,389046.51
2025-05-13 07:00:00,1.044,1.059,1.041,1.047,452966.42
2025-05-13 08:00:00,1.048,1.055,1.043,1.049,307020.15
2025-05-13 09:00:00,1.049,1.064,1.047,1.06,259383.23
2025-05-13 10:00:00,1.061,1.062,1.045,1.051,495509.8
2025-05-13 11:00:00,1.051,1.064,1.048,1.063,428595.47
2025-05-13 12:00:00,1.064,1.082,1.055,1.067,1395309.88
2025-05-13 13:00:00,1.068,1.077,1.062,1.066,644013.83
2025-05-13 14:00:00,1.066,1.086,1.056,1.074,938267.61
2025-05-13 15:00:00,1.074,1.099,1.068,1.097,921248.68
2025-05-13 16:00:00,1.098,1.12,1.093,1.107,1302817.9
2025-05-13 17:00:00,1.107,1.127,1.106,1.122,785202.74
2025-05-13 18:00:00,1.122,1.145,1.121,1.144,817637.47
2025-05-13 19:00:00,1.145,1.169,1.136,1.15,1654461.3
2025-05-13 20:00:00,1.15,1.157,1.128,1.155,1373990.9
2025-05-13 21:00:00,1.154,1.163,1.138,1.157,1057740.95
2025-05-13 22:00:00,1.157,1.166,1.143,1.152,767457.62
2025-05-13 23:00:00,1.152,1.154,1.138,1.152,884019.62
2025-05-14 00:00:00,1.151,1.162,1.143,1.16,968877.64
2025-05-14 01:00:00,1.16,1.177,1.147,1.152,1085924.94
2025-05-14 02:00:00,1.152,1.153,1.126,1.128,1193679.9
2025-05-14 03:00:00,1.127,1.135,1.118,1.135,511838.02
2025-05-14 04:00:00,1.134,1.145,1.126,1.143,558026.4
2025-05-14 05:00:00,1.144,1.154,1.139,1.148,505870.41
2025-05-14 06:00:00,1.149,1.151,1.134,1.142,383623.58
2025-05-14 07:00:00,1.142,1.142,1.121,1.122,570521.0
2025-05-14 08:00:00,1.123,1.127,1.088,1.093,2067505.89
2025-05-14 09:00:00,1.093,1.103,1.086,1.102,824972.95
2025-05-14 10:00:00,1.102,1.107,1.093,1.094,292972.83
2025-05-14 11:00:00,1.095,1.11,1.095,1.103,486487.22
2025-05-14 12:00:00,1.104,1.109,1.091,1.093,388991.63
2025-05-14 13:00:00,1.094,1.107,1.075,1.089,997929.22
2025-05-14 14:00:00,1.09,1.09,1.068,1.072,722217.35
2025-05-14 15:00:00,1.072,1.078,1.062,1.076,515413.3
2025-05-14 16:00:00,1.076,1.076,1.059,1.066,513118.45
2025-05-14 17:00:00,1.066,1.07,1.052,1.069,294587.51
2025-05-14 18:00:00,1.068,1.074,1.062,1.073,290758.18
2025-05-14 19:00:00,1.073,1.079,1.068,1.071,272774.48
2025-05-14 20:00:00,1.071,1.075,1.068,1.068,242833.94
2025-05-14 21:00:00,1.068,1.069,1.059,1.068,274459.24
2025-05-14 22:00:00,1.068,1.07,1.054,1.059,293566.48
2025-05-14 23:00:00,1.058,1.063,1.051,1.061,267392.65
2025-05-15 00:00:00,1.061,1.078,1.059,1.073,546783.21
2025-05-15 01:00:00,1.072,1.075,1.041,1.047,619749.44
2025-05-15 02:00:00,1.046,1.058,1.044,1.053,341867.77
2025-05-15 03:00:00,1.052,1.054,1.038,1.039,430260.22
2025-05-15 04:00:00,1.04,1.048,1.037,1.04,186926.69
2025-05-15 05:00:00,1.04,1.042,1.023,1.025,494672.5
2025-05-15 06:00:00,1.025,1.034,1.019,1.023,663696.16
2025-05-15 07:00:00,1.023,1.025,0.992,0.996,1043066.28
2025-05-15 08:00:00,0.996,1.021,0.995,1.02,746570.85
2025-05-15 09:00:00,1.019,1.023,0.992,1.001,624080.71
2025-05-15 10:00:00,1.002,1.003,0.98,0.993,584846.07
2025-05-15 11:00:00,0.993,1.01,0.991,1.0,382562.09
2025-05-15 12:00:00,1.001,1.019,0.995,1.006,918568.56
2025-05-15 13:00:00,1.006,1.016,0.975,0.991,1342412.31
2025-05-15 14:00:00,0.992,0.997,0.968,0.979,1058923.97
2025-05-15 15:00:00,0.978,1.023,0.977,1.02,645940.92
2025-05-15 16:00:00,1.02,1.04,1.011,1.04,753166.06
2025-05-15 17:00:00,1.039,1.044,1.022,1.025,443648.66
2025-05-15 18:00:00,1.025,1.026,0.989,0.995,672983.57
2025-05-15 19:00:00,0.995,1.004,0.981,0.992,424273.05
2025-05-15 20:00:00,0.993,1.002,0.982,0.992,868415.87
2025-05-15 21:00:00,0.991,0.992,0.971,0.99,330034.97
2025-05-15 22:00:00,0.99,1.001,0.982,0.982,349081.93
2025-05-15 23:00:00,0.982,0.989,0.959,0.988,751248.95
2025-05-16 00:00:00,0.987,0.996,0.982,0.986,424202.55
2025-05-16 01:00:00,0.986,0.997,0.977,0.993,259041.62
2025-05-16 02:00:00,0.994,1.005,0.99,0.998,700785.51
2025-05-16 03:00:00,0.998,1.006,0.991,1.004,220019.64
2025-05-16 04:00:00,1.004,1.009,0.987,0.995,171671.36
2025-05-16 05:00:00,0.996,1.006,0.996,1.002,242490.86
2025-05-16 06:00:00,1.002,1.007,0.998,0.999,318247.73
2025-05-16 07:00:00,0.999,1.009,0.993,1.002,258265.68
2025-05-16 08:00:00,1.002,1.006,0.977,0.985,501819.93
2025-05-16 09:00:00,0.985,1.006,0.984,1.004,399064.62
2025-05-16 10:00:00,1.004,1.008,0.996,1.007,312489.07
2025-05-16 11:00:00,1.007,1.016,0.996,0.999,475203.17
2025-05-16 12:00:00,0.999,1.004,0.988,0.989,344984.89
2025-05-16 13:00:00,0.989,1.003,0.986,1.0,339779.81
2025-05-16 14:00:00,1.0,1.0,0.978,0.984,647536.98
2025-05-16 15:00:00,0.984,0.997,0.984,0.988,284422.06
2025-05-16 16:00:00,0.989,0.995,0.968,0.984,398812.5
2025-05-16 17:00:00,0.983,0.99,0.97,0.974,240138.95
2025-05-16 18:00:00,0.974,0.982,0.973,0.98,170832.97
2025-05-16 19:00:00,0.979,0.985,0.975,0.984,212281.52
2025-05-16 20:00:00,0.983,0.985,0.966,0.972,532709.56
2025-05-16 21:00:00,0.972,0.977,0.965,0.971,288083.64
2025-05-16 22:00:00,0.97,0.971,0.951,0.962,436913.21
2025-05-16 23:00:00,0.961,0.97,0.96,0.962,181908.64
2025-05-17 00:00:00,0.961,0.964,0.942,0.952,883057.62
2025-05-17 01:00:00,0.951,0.954,0.928,0.934,736133.09
2025-05-17 02:00:00,0.935,0.946,0.926,0.941,262387.25
2025-05-17 03:00:00,0.941,0.948,0.931,0.947,289225.65
2025-05-17 04:00:00,0.947,0.955,0.942,0.95,93996.36
2025-05-17 05:00:00,0.95,0.952,0.935,0.937,144987.3
2025-05-17 06:00:00,0.937,0.948,0.933,0.946,297632.96
2025-05-17 07:00:00,0.946,0.954,0.939,0.944,235493.44
2025-05-17 08:00:00,0.944,0.947,0.934,0.934,175444.12
2025-05-17 09:00:00,0.935,0.942,0.927,0.937,271523.7
2025-05-17 10:00:00,0.938,0.947,0.935,0.943,176864.74
2025-05-17 11:00:00,0.943,0.944,0.932,0.935,241845.42
2025-05-17 12:00:00,0.935,0.939,0.93,0.931,105151.19
2025-05-17 13:00:00,0.931,0.935,0.919,0.923,279163.73
2025-05-17 14:00:00,0.923,0.94,0.923,0.939,333762.1
2025-05-17 15:00:00,0.939,0.94,0.929,0.929,250738.84
2025-05-17 16:00:00,0.929,0.933,0.908,0.921,986876.88
2025-05-17 17:00:00,0.921,0.93,0.92,0.92,255798.18
2025-05-17 18:00:00,0.92,0.932,0.914,0.915,748003.59
2025-05-17 19:00:00,0.915,0.924,0.913,0.914,205605.64
2025-05-17 20:00:00,0.915,0.932,0.913,0.93,360085.62
2025-05-17 21:00:00,0.93,0.931,0.918,0.921,231684.8
2025-05-17 22:00:00,0.921,0.921,0.902,0.908,378750.58
2025-05-17 23:00:00,0.908,0.917,0.906,0.912,109922.96
2025-05-18 00:00:00,0.912,0.914,0.903,0.912,361434.05
2025-05-18 01:00:00,0.913,0.92,0.907,0.918,234698.24
2025-05-18 02:00:00,0.918,0.92,0.911,0.911,136323.73
2025-05-18 03:00:00,0.911,0.916,0.901,0.906,574342.2
2025-05-18 04:00:00,0.907,0.916,0.906,0.913,236762.77
2025-05-18 05:00:00,0.913,0.938,0.913,0.937,394942.8
2025-05-18 06:00:00,0.936,0.937,0.921,0.923,334167.55
2025-05-18 07:00:00,0.923,0.941,0.921,0.94,289888.04
2025-05-18 08:00:00,0.941,0.954,0.94,0.95,514558.42
2025-05-18 09:00:00,0.951,0.957,0.936,0.939,484664.27
2025-05-18 10:00:00,0.939,0.942,0.93,0.935,273234.03
2025-05-18 11:00:00,0.934,0.94,0.922,0.923,863198.58
2025-05-18 12:00:00,0.923,0.928,0.913,0.927,366137.74
2025-05-18 13:00:00,0.927,0.943,0.921,0.942,491031.5
2025-05-18 14:00:00,0.942,0.969,0.939,0.959,816511.38
2025-05-18 15:00:00,0.959,0.979,0.953,0.972,622669.92
2025-05-18 16:00:00,0.972,0.974,0.957,0.969,772840.87
2025-05-18 17:00:00,0.968,0.968,0.917,0.921,1472070.87
2025-05-18 18:00:00,0.921,0.924,0.897,0.906,1170135.33
2025-05-18 19:00:00,0.905,0.911,0.879,0.88,948136.41
2025-05-18 20:00:00,0.879,0.887,0.859,0.884,2507508.45
2025-05-18 21:00:00,0.884,0.904,0.884,0.892,757764.39
2025-05-18 22:00:00,0.893,0.919,0.881,0.919,664268.87
2025-05-18 23:00:00,0.919,0.948,0.91,0.943,810396.43
2025-05-19 00:00:00,0.943,0.952,0.915,0.919,745326.72
2025-05-19 01:00:00,0.919,0.921,0.904,0.907,325777.56
2025-05-19 02:00:00,0.906,0.91,0.887,0.891,748818.65
2025-05-19 03:00:00,0.89,0.891,0.873,0.877,593209.19
2025-05-19 04:00:00,0.876,0.886,0.864,0.87,530848.77
2025-05-19 05:00:00,0.87,0.88,0.868,0.876,875492.38
2025-05-19 06:00:00,0.875,0.885,0.859,0.859,408203.39
2025-05-19 07:00:00,0.859,0.891,0.859,0.881,419673.64
2025-05-19 08:00:00,0.88,0.889,0.871,0.876,567937.12
2025-05-19 09:00:00,0.875,0.881,0.868,0.871,655535.27
2025-05-19 10:00:00,0.871,0.878,0.864,0.872,362401.12
2025-05-19 11:00:00,0.871,0.878,0.869,0.875,163211.98
2025-05-19 12:00:00,0.875,0.876,0.859,0.862,352101.29
2025-05-19 13:00:00,0.863,0.891,0.862,0.881,823481.52
2025-05-19 14:00:00,0.882,0.895,0.881,0.888,471261.22
2025-05-19 15:00:00,0.888,0.896,0.882,0.889,443429.51
2025-05-19 16:00:00,0.889,0.907,0.88,0.906,1002285.79
2025-05-19 17:00:00,0.906,0.922,0.901,0.902,816206.79
2025-05-19 18:00:00,0.902,0.907,0.886,0.891,496529.39
2025-05-19 19:00:00,0.891,0.902,0.887,0.897,332385.83
2025-05-19 20:00:00,0.897,0.902,0.893,0.895,541478.31
2025-05-19 21:00:00,0.895,0.899,0.887,0.899,358371.77
2025-05-19 22:00:00,0.899,0.899,0.888,0.892,334092.88
2025-05-19 23:00:00,0.891,0.902,0.89,0.9,406781.04
2025-05-20 00:00:00,0.9,0.919,0.892,0.894,533964.75
2025-05-20 01:00:00,0.893,0.917,0.891,0.911,503865.67
2025-05-20 02:00:00,0.912,0.927,0.911,0.912,619455.06
2025-05-20 03:00:00,0.913,0.918,0.901,0.906,594352.69
2025-05-20 04:00:00,0.906,0.909,0.895,0.906,598305.28
2025-05-20 05:00:00,0.907,0.913,0.901,0.901,747491.61
2025-05-20 06:00:00,0.902,0.904,0.887,0.894,529748.52
2025-05-20 07:00:00,0.895,0.896,0.874,0.881,682229.66
2025-05-20 08:00:00,0.881,0.885,0.869,0.875,944421.66
2025-05-20 09:00:00,0.874,0.877,0.866,0.869,638683.47
2025-05-20 10:00:00,0.868,0.873,0.852,0.856,1386423.3
2025-05-20 11:00:00,0.857,0.869,0.848,0.86,692168.59
2025-05-20 12:00:00,0.861,0.862,0.851,0.856,590328.34
2025-05-20 13:00:00,0.856,0.86,0.85,0.855,728732.69
2025-05-20 14:00:00,0.855,0.865,0.852,0.855,473782.74
2025-05-20 15:00:00,0.854,0.87,0.853,0.868,359817.79
2025-05-20 16:00:00,0.868,0.874,0.855,0.857,360720.48
2025-05-20 17:00:00,0.856,0.877,0.855,0.872,498841.48
2025-05-20 18:00:00,0.872,0.875,0.85,0.853,621067.77
2025-05-20 19:00:00,0.853,0.88,0.851,0.875,327757.36
2025-05-20 20:00:00,0.874,0.888,0.87,0.882,736439.45
2025-05-20 21:00:00,0.883,0.89,0.873,0.876,613219.93
2025-05-20 22:00:00,0.876,0.879,0.863,0.872,360319.53
2025-05-20 23:00:00,0.872,0.881,0.867,0.869,776677.93
2025-05-21 00:00:00,0.869,0.878,0.866,0.871,509920.92
2025-05-21 01:00:00,0.871,0.883,0.869,0.873,618151.38
2025-05-21 02:00:00,0.873,0.888,0.863,0.886,321931.66
2025-05-21 03:00:00,0.886,0.906,0.883,0.898,552121.03
2025-05-21 04:00:00,0.898,0.906,0.89,0.896,806858.12
2025-05-21 05:00:00,0.896,0.921,0.894,0.919,950287.35
2025-05-21 06:00:00,0.919,0.931,0.908,0.921,1310323.18
2025-05-21 07:00:00,0.922,0.925,0.898,0.903,725620.68
2025-05-21 08:00:00,0.903,0.909,0.893,0.893,522687.92
2025-05-21 09:00:00,0.893,0.897,0.887,0.891,463440.2
2025-05-21 10:00:00,0.891,0.895,0.883,0.888,815294.69
2025-05-21 11:00:00,0.888,0.908,0.888,0.894,641015.58
2025-05-21 12:00:00,0.893,0.898,0.881,0.883,554489.09
2025-05-21 13:00:00,0.884,0.898,0.875,0.891,718183.42
2025-05-21 14:00:00,0.892,0.909,0.883,0.908,1020569.84
2025-05-21 15:00:00,0.908,0.912,0.897,0.909,1721272.17
2025-05-21 16:00:00,0.909,0.943,0.905,0.923,1355436.03
2025-05-21 17:00:00,0.923,0.93,0.868,0.877,3418229.9
2025-05-21 18:00:00,0.878,0.89,0.87,0.878,1125949.12
2025-05-21 19:00:00,0.878,0.901,0.872,0.898,510446.74
2025-05-21 20:00:00,0.898,0.9,0.881,0.889,547272.75
2025-05-21 21:00:00,0.889,0.896,0.884,0.885,235791.14
2025-05-21 22:00:00,0.886,0.898,0.884,0.897,326853.57
2025-05-21 23:00:00,0.896,0.921,0.894,0.9,1122454.41
2025-05-22 00:00:00,0.9,0.929,0.899,0.928,671031.9
2025-05-22 01:00:00,0.929,0.936,0.914,0.922,989242.63
2025-05-22 02:00:00,0.923,0.935,0.918,0.933,785387.1
2025-05-22 03:00:00,0.934,0.955,0.93,0.947,824028.98
2025-05-22 04:00:00,0.948,0.954,0.939,0.95,581900.9
2025-05-22 05:00:00,0.951,0.958,0.941,0.942,645830.05
2025-05-22 06:00:00,0.943,0.948,0.933,0.936,700946.57
2025-05-22 07:00:00,0.936,0.952,0.933,0.948,489575.28
2025-05-22 08:00:00,0.948,0.967,0.945,0.96,1305901.86
2025-05-22 09:00:00,0.96,0.975,0.957,0.965,890382.16
2025-05-22 10:00:00,0.964,0.969,0.953,0.961,833433.29
2025-05-22 11:00:00,0.96,0.963,0.947,0.954,721942.99
2025-05-22 12:00:00,0.954,0.964,0.947,0.959,758205.75
2025-05-22 13:00:00,0.96,0.96,0.937,0.945,1689484.25
2025-05-22 14:00:00,0.946,0.967,0.945,0.962,872201.82
2025-05-22 15:00:00,0.962,0.974,0.959,0.962,440099.37
2025-05-22 16:00:00,0.962,0.97,0.951,0.952,410051.46
2025-05-22 17:00:00,0.953,0.968,0.949,0.962,357396.07
2025-05-22 18:00:00,0.962,0.985,0.957,0.98,741042.75
2025-05-22 19:00:00,0.98,0.983,0.956,0.96,826155.67
2025-05-22 20:00:00,0.961,0.973,0.958,0.962,549024.24
2025-05-22 21:00:00,0.962,0.962,0.949,0.955,470941.63
2025-05-22 22:00:00,0.955,0.967,0.953,0.954,359322.42
2025-05-22 23:00:00,0.955,0.969,0.955,0.966,334587.0
2025-05-23 00:00:00,0.966,0.973,0.958,0.967,945664.72
2025-05-23 01:00:00,0.968,0.987,0.964,0.977,968046.78
2025-05-23 02:00:00,0.976,1.006,0.973,0.988,2104074.26
2025-05-23 03:00:00,0.988,1.012,0.988,1.01,901369.35
2025-05-23 04:00:00,1.01,1.014,0.974,0.984,1197796.87
2025-05-23 05:00:00,0.983,0.995,0.975,0.986,553718.28
2025-05-23 06:00:00,0.986,0.988,0.959,0.965,921506.51
2025-05-23 07:00:00,0.965,0.975,0.961,0.961,412881.87
2025-05-23 08:00:00,0.962,0.981,0.959,0.979,504081.87
2025-05-23 09:00:00,0.978,0.993,0.976,0.993,428287.25
2025-05-23 10:00:00,0.993,0.993,0.972,0.978,513472.17
2025-05-23 11:00:00,0.978,0.979,0.895,0.905,5318162.12
2025-05-23 12:00:00,0.906,0.92,0.873,0.901,4358054.67
2025-05-23 13:00:00,0.902,0.922,0.891,0.922,1388192.46
2025-05-23 14:00:00,0.922,0.925,0.909,0.913,867793.32
2025-05-23 15:00:00,0.914,0.917,0.897,0.899,639715.14
2025-05-23 16:00:00,0.899,0.904,0.888,0.9,804031.74
2025-05-23 17:00:00,0.899,0.913,0.899,0.904,468644.43
2025-05-23 18:00:00,0.903,0.907,0.892,0.896,623669.63
2025-05-23 19:00:00,0.895,0.903,0.894,0.896,367039.34
2025-05-23 20:00:00,0.896,0.896,0.879,0.882,484511.97
2025-05-23 21:00:00,0.883,0.889,0.876,0.881,287624.83
2025-05-23 22:00:00,0.881,0.889,0.872,0.873,360256.21
2025-05-23 23:00:00,0.873,0.875,0.854,0.859,788568.61
2025-05-24 00:00:00,0.859,0.87,0.853,0.859,406096.74
2025-05-24 01:00:00,0.859,0.871,0.858,0.864,481843.49
2025-05-24 02:00:00,0.864,0.874,0.86,0.871,465491.16
2025-05-24 03:00:00,0.872,0.878,0.869,0.876,364539.21
2025-05-24 04:00:00,0.875,0.879,0.87,0.876,740409.86
2025-05-24 05:00:00,0.877,0.877,0.865,0.87,448697.55
2025-05-24 06:00:00,0.869,0.874,0.862,0.869,214395.95
2025-05-24 07:00:00,0.869,0.876,0.867,0.869,236188.48
2025-05-24 08:00:00,0.869,0.873,0.863,0.871,195008.06
2025-05-24 09:00:00,0.871,0.873,0.865,0.866,421664.2
2025-05-24 10:00:00,0.866,0.877,0.864,0.875,507315.91
2025-05-24 11:00:00,0.875,0.878,0.868,0.869,481894.01
2025-05-24 12:00:00,0.869,0.872,0.863,0.87,463278.05
2025-05-24 13:00:00,0.869,0.87,0.86,0.861,224201.7
2025-05-24 14:00:00,0.86,0.876,0.858,0.874,474655.21
2025-05-24 15:00:00,0.874,0.876,0.864,0.87,326763.53
2025-05-24 16:00:00,0.869,0.873,0.862,0.87,290873.66
2025-05-24 17:00:00,0.87,0.877,0.868,0.871,250481.82
2025-05-24 18:00:00,0.87,0.875,0.863,0.865,196918.16
2025-05-24 19:00:00,0.864,0.872,0.863,0.871,119966.78
2025-05-24 20:00:00,0.871,0.876,0.869,0.873,182228.67
2025-05-24 21:00:00,0.873,0.875,0.863,0.871,287151.06
2025-05-24 22:00:00,0.871,0.872,0.865,0.867,97309.23
2025-05-24 23:00:00,0.867,0.875,0.864,0.873,370282.32
2025-05-25 00:00:00,0.872,0.877,0.853,0.858,672994.65
2025-05-25 01:00:00,0.858,0.859,0.844,0.854,534959.3
2025-05-25 02:00:00,0.854,0.861,0.842,0.859,248683.78
2025-05-25 03:00:00,0.86,0.869,0.859,0.866,165848.73
2025-05-25 04:00:00,0.865,0.866,0.858,0.865,129000.5
2025-05-25 05:00:00,0.864,0.868,0.862,0.867,71453.31
2025-05-25 06:00:00,0.867,0.868,0.861,0.864,96664.28
2025-05-25 07:00:00,0.863,0.863,0.85,0.857,204492.66
2025-05-25 08:00:00,0.857,0.857,0.838,0.844,760766.23
2025-05-25 09:00:00,0.843,0.851,0.839,0.85,490493.67
2025-05-25 10:00:00,0.85,0.853,0.844,0.845,147585.57
2025-05-25 11:00:00,0.845,0.852,0.843,0.85,160823.21
2025-05-25 12:00:00,0.85,0.857,0.845,0.856,225341.41
2025-05-25 13:00:00,0.856,0.859,0.85,0.853,216711.05
2025-05-25 14:00:00,0.853,0.856,0.844,0.847,292895.07
2025-05-25 15:00:00,0.848,0.85,0.829,0.849,787963.03
2025-05-25 16:00:00,0.848,0.848,0.838,0.847,324785.62
2025-05-25 17:00:00,0.847,0.852,0.843,0.845,201052.22
2025-05-25 18:00:00,0.845,0.849,0.843,0.844,302240.54
2025-05-25 19:00:00,0.844,0.858,0.844,0.853,426447.95
2025-05-25 20:00:00,0.853,0.853,0.846,0.849,273619.54
2025-05-25 21:00:00,0.85,0.856,0.842,0.848,187699.18
2025-05-25 22:00:00,0.849,0.877,0.847,0.874,801723.43
2025-05-25 23:00:00,0.874,0.876,0.867,0.875,511283.82
2025-05-26 00:00:00,0.875,0.884,0.869,0.884,1003808.61
2025-05-26 01:00:00,0.884,0.885,0.87,0.873,1061431.47
2025-05-26 02:00:00,0.872,0.873,0.867,0.868,410850.16
2025-05-26 03:00:00,0.868,0.875,0.865,0.871,355046.58
2025-05-26 04:00:00,0.872,0.873,0.868,0.869,785875.8
2025-05-26 05:00:00,0.869,0.878,0.867,0.876,392333.07
2025-05-26 06:00:00,0.876,0.886,0.874,0.885,532527.31
2025-05-26 07:00:00,0.886,0.895,0.884,0.892,797491.35
2025-05-26 08:00:00,0.892,0.894,0.882,0.884,567188.0
2025-05-26 09:00:00,0.885,0.891,0.88,0.882,689260.89
2025-05-26 10:00:00,0.882,0.885,0.874,0.878,293676.27
2025-05-26 11:00:00,0.878,0.881,0.872,0.877,168208.84
2025-05-26 12:00:00,0.878,0.887,0.875,0.885,380369.9
2025-05-26 13:00:00,0.886,0.889,0.868,0.872,614007.62
2025-05-26 14:00:00,0.872,0.876,0.864,0.871,294456.91
2025-05-26 15:00:00,0.872,0.888,0.867,0.886,549426.13
2025-05-26 16:00:00,0.887,0.891,0.869,0.874,595852.63
2025-05-26 17:00:00,0.875,0.885,0.869,0.875,773897.16
2025-05-26 18:00:00,0.874,0.885,0.871,0.877,319467.75
2025-05-26 19:00:00,0.877,0.887,0.876,0.885,298182.41
2025-05-26 20:00:00,0.885,0.9,0.882,0.899,571726.56
2025-05-26 21:00:00,0.899,0.901,0.891,0.898,672044.08
2025-05-26 22:00:00,0.898,0.9,0.886,0.886,301266.01
2025-05-26 23:00:00,0.886,0.888,0.88,0.885,181261.33
2025-05-27 00:00:00,0.885,0.889,0.871,0.873,382194.28
2025-05-27 01:00:00,0.873,0.873,0.858,0.865,779503.39
2025-05-27 02:00:00,0.865,0.876,0.865,0.871,278362.96
2025-05-27 03:00:00,0.87,0.883,0.87,0.874,471896.76
2025-05-27 04:00:00,0.874,0.881,0.872,0.875,288824.53
2025-05-27 05:00:00,0.874,0.884,0.867,0.884,264172.83
2025-05-27 06:00:00,0.884,0.91,0.883,0.892,1582721.6
2025-05-27 07:00:00,0.892,0.912,0.891,0.908,602184.92
2025-05-27 08:00:00,0.909,0.931,0.908,0.929,1322578.75
2025-05-27 09:00:00,0.93,0.933,0.915,0.927,1391872.1
2025-05-27 10:00:00,0.927,0.928,0.915,0.926,620749.04
2025-05-27 11:00:00,0.925,0.937,0.919,0.936,540686.78
2025-05-27 12:00:00,0.936,0.938,0.916,0.924,838903.06
2025-05-27 13:00:00,0.925,0.934,0.919,0.923,1309006.81
2025-05-27 14:00:00,0.924,0.927,0.904,0.91,1013528.9
2025-05-27 15:00:00,0.91,0.923,0.905,0.922,559861.12
2025-05-27 16:00:00,0.923,0.935,0.916,0.929,649067.68
2025-05-27 17:00:00,0.928,0.95,0.928,0.938,1038963.43
2025-05-27 18:00:00,0.938,0.944,0.928,0.928,486111.35
2025-05-27 19:00:00,0.927,0.932,0.924,0.928,392056.07
2025-05-27 20:00:00,0.928,0.937,0.921,0.924,407120.81
2025-05-27 21:00:00,0.925,0.926,0.913,0.916,407006.65
2025-05-27 22:00:00,0.917,0.919,0.908,0.911,466732.62
2025-05-27 23:00:00,0.91,0.912,0.906,0.91,327372.32
2025-05-28 00:00:00,0.91,0.914,0.898,0.914,585990.27
2025-05-28 01:00:00,0.915,0.915,0.9,0.901,269616.31
2025-05-28 02:00:00,0.901,0.903,0.893,0.899,354599.9
2025-05-28 03:00:00,0.899,0.906,0.895,0.903,298556.19
2025-05-28 04:00:00,0.902,0.91,0.894,0.905,453243.42
2025-05-28 05:00:00,0.905,0.908,0.898,0.904,419721.17
2025-05-28 06:00:00,0.903,0.903,0.892,0.894,212045.41
2025-05-28 07:00:00,0.894,0.901,0.892,0.894,216569.65
2025-05-28 08:00:00,0.895,0.907,0.894,0.905,247178.64
2025-05-28 09:00:00,0.905,0.908,0.895,0.9,307283.72
2025-05-28 10:00:00,0.9,0.918,0.889,0.917,1070028.37
2025-05-28 11:00:00,0.917,0.93,0.916,0.92,1313609.59
2025-05-28 12:00:00,0.921,0.943,0.918,0.932,956295.03
2025-05-28 13:00:00,0.933,0.939,0.917,0.919,1048259.41
2025-05-28 14:00:00,0.918,0.922,0.899,0.899,1296100.92
2025-05-28 15:00:00,0.9,0.909,0.891,0.899,729090.09
2025-05-28 16:00:00,0.899,0.91,0.897,0.909,291049.88
2025-05-28 17:00:00,0.909,0.923,0.906,0.909,401539.27
2025-05-28 18:00:00,0.909,0.913,0.888,0.89,577108.87
2025-05-28 19:00:00,0.89,0.903,0.881,0.882,719375.49
2025-05-28 20:00:00,0.882,0.893,0.879,0.893,468159.88
2025-05-28 21:00:00,0.892,0.905,0.891,0.903,348869.11
2025-05-28 22:00:00,0.903,0.907,0.894,0.898,617665.15
2025-05-28 23:00:00,0.898,0.937,0.897,0.936,1123985.74
2025-05-29 00:00:00,0.936,0.981,0.931,0.979,3496962.93
2025-05-29 01:00:00,0.979,0.979,0.959,0.971,1952882.12
2025-05-29 02:00:00,0.971,1.011,0.969,1.011,4759497.59
2025-05-29 03:00:00,1.011,1.012,0.995,0.999,2401539.05
2025-05-29 04:00:00,1.0,1.003,0.954,0.964,2588139.93
2025-05-29 05:00:00,0.964,0.971,0.957,0.964,2200749.33
2025-05-29 06:00:00,0.964,0.979,0.96,0.967,1508595.16
2025-05-29 07:00:00,0.967,0.975,0.96,0.971,582096.56
2025-05-29 08:00:00,0.972,0.978,0.96,0.967,883213.32
2025-05-29 09:00:00,0.966,0.969,0.96,0.968,511806.5
2025-05-29 10:00:00,0.968,0.971,0.956,0.963,725415.68
2025-05-29 11:00:00,0.963,0.965,0.956,0.962,691178.91
2025-05-29 12:00:00,0.962,0.963,0.944,0.95,1046105.14
2025-05-29 13:00:00,0.951,0.956,0.93,0.933,1673531.46
2025-05-29 14:00:00,0.933,0.937,0.906,0.936,2431601.67
2025-05-29 15:00:00,0.935,0.938,0.914,0.918,1077560.88
2025-05-29 16:00:00,0.919,0.93,0.915,0.918,639190.86
2025-05-29 17:00:00,0.917,0.933,0.915,0.928,701761.11
2025-05-29 18:00:00,0.927,0.936,0.92,0.924,587073.92
2025-05-29 19:00:00,0.924,0.93,0.915,0.921,652454.32
2025-05-29 20:00:00,0.922,0.927,0.919,0.921,852918.7
2025-05-29 21:00:00,0.921,0.957,0.919,0.946,1518771.43
2025-05-29 22:00:00,0.947,0.947,0.91,0.911,996139.93
2025-05-29 23:00:00,0.911,0.917,0.896,0.903,1098831.24
2025-05-30 00:00:00,0.903,0.912,0.848,0.862,5152052.76
2025-05-30 01:00:00,0.863,0.89,0.86,0.88,2021491.72
2025-05-30 02:00:00,0.879,0.911,0.879,0.903,1359911.83
2025-05-30 03:00:00,0.903,0.917,0.9,0.908,1042195.79
2025-05-30 04:00:00,0.908,0.943,0.897,0.934,1978392.65
2025-05-30 05:00:00,0.934,0.964,0.924,0.959,2984125.41
2025-05-30 06:00:00,0.958,1.002,0.936,0.951,7722089.65
2025-05-30 07:00:00,0.951,0.989,0.95,0.961,3741794.89
2025-05-30 08:00:00,0.962,0.994,0.954,0.99,3527851.69
2025-05-30 09:00:00,0.99,1.02,0.964,0.994,9728843.77
2025-05-30 10:00:00,0.994,0.997,0.974,0.981,1947023.97
2025-05-30 11:00:00,0.981,0.986,0.966,0.974,1563768.19
2025-05-30 12:00:00,0.975,0.984,0.945,0.969,3194472.46
2025-05-30 13:00:00,0.97,0.984,0.939,0.94,2437449.92
2025-05-30 14:00:00,0.94,0.947,0.903,0.91,5560506.99
2025-05-30 15:00:00,0.909,0.927,0.879,0.882,3275723.28
2025-05-30 16:00:00,0.882,0.889,0.854,0.857,3706940.66
2025-05-30 17:00:00,0.857,0.875,0.853,0.874,1582326.91
2025-05-30 18:00:00,0.873,0.904,0.87,0.888,2981106.26
2025-05-30 19:00:00,0.887,0.9,0.882,0.885,882800.19
2025-05-30 20:00:00,0.884,0.892,0.881,0.883,504201.4
2025-05-30 21:00:00,0.883,0.886,0.863,0.866,959415.87
2025-05-30 22:00:00,0.866,0.866,0.836,0.836,2181627.0
2025-05-30 23:00:00,0.837,0.838,0.805,0.815,3677069.42
2025-05-31 00:00:00,0.815,0.815,0.781,0.794,4614967.54
2025-05-31 01:00:00,0.793,0.804,0.778,0.801,3009189.5
2025-05-31 02:00:00,0.801,0.805,0.789,0.79,1925481.92
2025-05-31 03:00:00,0.791,0.809,0.785,0.804,2379213.24
2025-05-31 04:00:00,0.804,0.811,0.796,0.81,1013716.02
2025-05-31 05:00:00,0.809,0.833,0.801,0.812,1271766.55
2025-05-31 06:00:00,0.812,0.837,0.809,0.819,1558929.9
2025-05-31 07:00:00,0.82,0.83,0.815,0.818,673616.63
2025-05-31 08:00:00,0.818,0.823,0.811,0.813,641729.98
2025-05-31 09:00:00,0.814,0.821,0.809,0.81,621202.7
2025-05-31 10:00:00,0.81,0.819,0.804,0.817,1528356.19
2025-05-31 11:00:00,0.817,0.817,0.806,0.81,651449.56
2025-05-31 12:00:00,0.809,0.82,0.805,0.819,819803.15
2025-05-31 13:00:00,0.819,0.829,0.814,0.819,1306206.67
2025-05-31 14:00:00,0.819,0.829,0.816,0.824,991457.94
2025-05-31 15:00:00,0.824,0.832,0.816,0.818,777517.48
2025-05-31 16:00:00,0.817,0.837,0.815,0.836,658057.06
2025-05-31 17:00:00,0.835,0.842,0.829,0.83,650921.56
2025-05-31 18:00:00,0.83,0.86,0.829,0.857,833930.32
2025-05-31 19:00:00,0.858,0.86,0.848,0.849,322111.6
2025-05-31 20:00:00,0.849,0.85,0.843,0.845,213737.27
2025-05-31 21:00:00,0.845,0.852,0.837,0.84,388407.25
2025-05-31 22:00:00,0.841,0.842,0.834,0.834,306747.83
2025-05-31 23:00:00,0.834,0.841,0.828,0.831,681490.24
2025-06-01 00:00:00,0.832,0.839,0.826,0.835,789358.66
2025-06-01 01:00:00,0.835,0.842,0.83,0.836,741286.98
2025-06-01 02:00:00,0.836,0.842,0.828,0.835,508782.14
2025-06-01 03:00:00,0.836,0.837,0.823,0.832,354939.12
2025-06-01 04:00:00,0.832,0.846,0.827,0.842,341201.91
2025-06-01 05:00:00,0.843,0.854,0.843,0.849,668167.34
2025-06-01 06:00:00,0.848,0.85,0.841,0.842,285990.49
2025-06-01 07:00:00,0.841,0.846,0.837,0.838,319686.26
2025-06-01 08:00:00,0.838,0.84,0.831,0.834,262370.56
2025-06-01 09:00:00,0.834,0.838,0.815,0.828,810535.28
2025-06-01 10:00:00,0.828,0.856,0.823,0.853,1751507.84
2025-06-01 11:00:00,0.852,0.863,0.847,0.848,809454.31
2025-06-01 12:00:00,0.847,0.851,0.839,0.843,678839.73
2025-06-01 13:00:00,0.843,0.853,0.841,0.845,516609.44
2025-06-01 14:00:00,0.846,0.856,0.845,0.848,498174.89
2025-06-01 15:00:00,0.848,0.857,0.845,0.855,299702.85
2025-06-01 16:00:00,0.854,0.875,0.853,0.857,1040836.7
2025-06-01 17:00:00,0.857,0.859,0.852,0.853,393713.71
2025-06-01 18:00:00,0.852,0.853,0.835,0.844,637742.02
2025-06-01 19:00:00,0.844,0.85,0.839,0.849,281015.6
2025-06-01 20:00:00,0.85,0.854,0.842,0.849,438845.97
2025-06-01 21:00:00,0.849,0.856,0.846,0.85,318926.91
2025-06-01 22:00:00,0.85,0.86,0.85,0.858,321360.32
2025-06-01 23:00:00,0.857,0.863,0.854,0.856,280253.45
2025-06-02 00:00:00,0.855,0.863,0.847,0.85,548961.39
2025-06-02 01:00:00,0.85,0.858,0.843,0.844,485868.9
2025-06-02 02:00:00,0.845,0.845,0.837,0.839,305618.22
2025-06-02 03:00:00,0.84,0.84,0.83,0.832,323932.69
2025-06-02 04:00:00,0.832,0.834,0.825,0.826,443501.49
2025-06-02 05:00:00,0.826,0.832,0.814,0.822,903338.1
2025-06-02 06:00:00,0.822,0.837,0.816,0.83,979707.25
2025-06-02 07:00:00,0.829,0.841,0.829,0.836,356182.49
2025-06-02 08:00:00,0.836,0.847,0.83,0.834,1024856.32
2025-06-02 09:00:00,0.834,0.834,0.824,0.83,429529.54
2025-06-02 10:00:00,0.83,0.832,0.823,0.826,701410.93
2025-06-02 11:00:00,0.826,0.829,0.819,0.825,453517.69
2025-06-02 12:00:00,0.825,0.838,0.824,0.835,296917.4
2025-06-02 13:00:00,0.835,0.849,0.827,0.833,725302.11
2025-06-02 14:00:00,0.833,0.844,0.828,0.837,866569.89
2025-06-02 15:00:00,0.838,0.844,0.833,0.841,552561.95
2025-06-02 16:00:00,0.842,0.849,0.83,0.845,913026.2
2025-06-02 17:00:00,0.845,0.846,0.838,0.843,563090.33
2025-06-02 18:00:00,0.842,0.854,0.838,0.84,766200.44
2025-06-02 19:00:00,0.84,0.842,0.831,0.835,309138.83
2025-06-02 20:00:00,0.836,0.853,0.836,0.85,382795.99
2025-06-02 21:00:00,0.85,0.867,0.849,0.866,793821.73
2025-06-02 22:00:00,0.866,0.883,0.866,0.88,787487.27
2025-06-02 23:00:00,0.881,0.895,0.869,0.871,2877354.83
2025-06-03 00:00:00,0.872,0.886,0.868,0.88,2006715.44
2025-06-03 01:00:00,0.88,0.89,0.875,0.887,1137158.32
2025-06-03 02:00:00,0.887,0.888,0.864,0.868,1530627.35
2025-06-03 03:00:00,0.868,0.869,0.859,0.861,863329.96
2025-06-03 04:00:00,0.861,0.862,0.851,0.855,315497.25
2025-06-03 05:00:00,0.854,0.868,0.854,0.867,433358.83
2025-06-03 06:00:00,0.867,0.87,0.858,0.869,931096.11
2025-06-03 07:00:00,0.869,0.87,0.859,0.861,432964.3
2025-06-03 08:00:00,0.861,0.863,0.851,0.859,587069.43
2025-06-03 09:00:00,0.858,0.866,0.854,0.862,535227.61
2025-06-03 10:00:00,0.861,0.862,0.857,0.862,371970.56
2025-06-03 11:00:00,0.862,0.867,0.854,0.857,900744.58
2025-06-03 12:00:00,0.857,0.863,0.852,0.861,377873.13
2025-06-03 13:00:00,0.862,0.886,0.862,0.876,2223108.57
2025-06-03 14:00:00,0.877,0.886,0.869,0.884,1446137.86
2025-06-03 15:00:00,0.884,0.896,0.868,0.871,4379309.48
2025-06-03 16:00:00,0.871,0.877,0.864,0.866,689395.19
2025-06-03 17:00:00,0.866,0.878,0.865,0.869,545261.04
2025-06-03 18:00:00,0.869,0.87,0.863,0.867,315136.21
2025-06-03 19:00:00,0.867,0.885,0.867,0.878,1290848.49
2025-06-03 20:00:00,0.878,0.881,0.863,0.865,434913.1
2025-06-03 21:00:00,0.864,0.865,0.846,0.85,1418059.66
2025-06-03 22:00:00,0.85,0.855,0.843,0.85,789440.58
2025-06-03 23:00:00,0.85,0.855,0.84,0.846,684835.89
2025-06-04 00:00:00,0.845,0.855,0.841,0.854,605478.79
2025-06-04 01:00:00,0.855,0.869,0.855,0.859,659000.94
2025-06-04 02:00:00,0.859,0.866,0.854,0.856,374082.08
2025-06-04 03:00:00,0.856,0.876,0.856,0.869,1076068.6
2025-06-04 04:00:00,0.87,0.871,0.863,0.87,284259.46
2025-06-04 05:00:00,0.871,0.873,0.86,0.86,273252.29
2025-06-04 06:00:00,0.86,0.866,0.857,0.864,488789.87
2025-06-04 07:00:00,0.864,0.865,0.856,0.862,532815.9
2025-06-04 08:00:00,0.862,0.871,0.859,0.869,427808.82
2025-06-04 09:00:00,0.87,0.872,0.859,0.865,535980.71
2025-06-04 10:00:00,0.865,0.87,0.858,0.861,560859.06
2025-06-04 11:00:00,0.86,0.873,0.852,0.854,1674069.63
2025-06-04 12:00:00,0.854,0.86,0.848,0.848,592532.46
2025-06-04 13:00:00,0.848,0.856,0.844,0.848,543824.44
2025-06-04 14:00:00,0.847,0.863,0.842,0.862,796009.94
2025-06-04 15:00:00,0.862,0.934,0.854,0.91,8261267.97
2025-06-04 16:00:00,0.91,0.939,0.895,0.918,6498656.55
2025-06-04 17:00:00,0.918,0.931,0.896,0.903,2159072.33
2025-06-04 18:00:00,0.904,0.92,0.898,0.907,1201541.69
2025-06-04 19:00:00,0.907,0.915,0.89,0.893,858809.51
2025-06-04 20:00:00,0.892,0.897,0.879,0.891,1814227.02
2025-06-04 21:00:00,0.891,0.907,0.881,0.9,694699.59
2025-06-04 22:00:00,0.899,0.903,0.883,0.886,525657.7
2025-06-04 23:00:00,0.885,0.895,0.882,0.885,563581.11
2025-06-05 00:00:00,0.885,0.894,0.881,0.887,721209.69
2025-06-05 01:00:00,0.887,0.896,0.877,0.88,753923.35
2025-06-05 02:00:00,0.881,0.894,0.873,0.875,1292079.54
2025-06-05 03:00:00,0.875,0.883,0.871,0.877,666968.34
2025-06-05 04:00:00,0.878,0.887,0.875,0.885,541488.2
2025-06-05 05:00:00,0.886,0.89,0.866,0.872,762720.54
2025-06-05 06:00:00,0.873,0.882,0.865,0.869,853802.47
2025-06-05 07:00:00,0.87,0.873,0.858,0.86,1073935.89
2025-06-05 08:00:00,0.86,0.865,0.846,0.856,1483466.79
2025-06-05 09:00:00,0.856,0.863,0.841,0.844,1999639.52
2025-06-05 10:00:00,0.844,0.848,0.836,0.847,1302112.66
2025-06-05 11:00:00,0.847,0.853,0.84,0.852,348777.78
2025-06-05 12:00:00,0.851,0.867,0.847,0.862,998105.2
2025-06-05 13:00:00,0.862,0.865,0.844,0.844,859147.47
2025-06-05 14:00:00,0.844,0.853,0.833,0.843,1334054.0
2025-06-05 15:00:00,0.843,0.853,0.841,0.843,456177.78
2025-06-05 16:00:00,0.844,0.845,0.827,0.833,1183192.34
2025-06-05 17:00:00,0.834,0.842,0.831,0.839,426716.91
2025-06-05 18:00:00,0.838,0.842,0.828,0.834,921613.85
2025-06-05 19:00:00,0.834,0.836,0.803,0.817,4248759.26
2025-06-05 20:00:00,0.818,0.821,0.743,0.753,10596719.36
2025-06-05 21:00:00,0.752,0.772,0.751,0.768,4191535.07
2025-06-05 22:00:00,0.767,0.773,0.757,0.765,1588105.18
2025-06-05 23:00:00,0.766,0.768,0.758,0.76,1265517.25
2025-06-06 00:00:00,0.761,0.771,0.753,0.766,1256499.76
2025-06-06 01:00:00,0.767,0.768,0.759,0.762,1368542.63
2025-06-06 02:00:00,0.762,0.774,0.755,0.77,2153012.82
2025-06-06 03:00:00,0.771,0.775,0.762,0.774,2818931.13
2025-06-06 04:00:00,0.774,0.775,0.762,0.769,2402592.43
2025-06-06 05:00:00,0.768,0.774,0.762,0.767,1346623.22
2025-06-06 06:00:00,0.767,0.775,0.764,0.772,1069916.33
2025-06-06 07:00:00,0.771,0.777,0.763,0.767,1471216.36
2025-06-06 08:00:00,0.767,0.774,0.765,0.769,852375.15
2025-06-06 09:00:00,0.769,0.778,0.768,0.769,785834.2
2025-06-06 10:00:00,0.77,0.775,0.768,0.77,624234.49
2025-06-06 11:00:00,0.77,0.779,0.768,0.772,629249.07
2025-06-06 12:00:00,0.773,0.788,0.771,0.776,1892095.86
2025-06-06 13:00:00,0.776,0.793,0.776,0.784,1447625.64
2025-06-06 14:00:00,0.784,0.794,0.779,0.794,1033179.9
2025-06-06 15:00:00,0.794,0.8,0.78,0.787,1230125.08
2025-06-06 16:00:00,0.787,0.792,0.777,0.78,951547.82
2025-06-06 17:00:00,0.78,0.781,0.766,0.773,1100493.48
2025-06-06 18:00:00,0.773,0.776,0.762,0.767,771257.27
2025-06-06 19:00:00,0.767,0.771,0.764,0.765,651931.23
2025-06-06 20:00:00,0.765,0.777,0.762,0.771,445971.88
2025-06-06 21:00:00,0.771,0.777,0.766,0.769,441179.06
2025-06-06 22:00:00,0.769,0.772,0.766,0.771,264246.17
2025-06-06 23:00:00,0.771,0.775,0.767,0.771,303856.47
2025-06-07 00:00:00,0.772,0.785,0.771,0.784,449119.74
2025-06-07 01:00:00,0.784,0.785,0.774,0.776,197308.61
2025-06-07 02:00:00,0.775,0.788,0.774,0.785,892024.54
2025-06-07 03:00:00,0.785,0.793,0.784,0.79,415481.7
2025-06-07 04:00:00,0.79,0.793,0.786,0.79,458169.36
2025-06-07 05:00:00,0.79,0.797,0.788,0.795,271655.99
2025-06-07 06:00:00,0.795,0.801,0.791,0.801,738631.48
2025-06-07 07:00:00,0.8,0.803,0.796,0.801,468129.02
2025-06-07 08:00:00,0.801,0.805,0.799,0.802,424326.99
2025-06-07 09:00:00,0.803,0.805,0.798,0.802,374260.45
2025-06-07 10:00:00,0.802,0.813,0.802,0.812,314647.34
2025-06-07 11:00:00,0.812,0.817,0.81,0.813,453369.3
2025-06-07 12:00:00,0.814,0.818,0.81,0.813,474479.51
2025-06-07 13:00:00,0.812,0.828,0.81,0.826,720578.03
2025-06-07 14:00:00,0.826,0.83,0.82,0.827,571217.86
2025-06-07 15:00:00,0.828,0.834,0.823,0.828,560799.65
2025-06-07 16:00:00,0.828,0.832,0.816,0.819,486261.3
2025-06-07 17:00:00,0.819,0.821,0.815,0.817,390877.28
2025-06-07 18:00:00,0.817,0.823,0.816,0.818,298585.13
2025-06-07 19:00:00,0.818,0.823,0.818,0.82,129967.51
2025-06-07 20:00:00,0.821,0.827,0.82,0.826,160954.57
2025-06-07 21:00:00,0.826,0.83,0.824,0.827,229608.34
2025-06-07 22:00:00,0.827,0.83,0.825,0.829,232699.76
2025-06-07 23:00:00,0.828,0.832,0.827,0.831,501855.53
2025-06-08 00:00:00,0.832,0.833,0.822,0.823,303546.14
2025-06-08 01:00:00,0.823,0.831,0.821,0.828,231519.99
2025-06-08 02:00:00,0.828,0.828,0.822,0.822,163218.48
2025-06-08 03:00:00,0.821,0.829,0.82,0.823,245263.01
2025-06-08 04:00:00,0.823,0.825,0.821,0.822,182843.29
2025-06-08 05:00:00,0.822,0.822,0.802,0.814,1051601.31
2025-06-08 06:00:00,0.814,0.818,0.812,0.814,202200.55
2025-06-08 07:00:00,0.814,0.817,0.812,0.813,123363.03
2025-06-08 08:00:00,0.814,0.818,0.809,0.813,660445.57
2025-06-08 09:00:00,0.814,0.814,0.804,0.807,578818.26
2025-06-08 10:00:00,0.806,0.812,0.803,0.81,492871.04
2025-06-08 11:00:00,0.81,0.817,0.81,0.815,379844.14
2025-06-08 12:00:00,0.816,0.818,0.811,0.814,224496.32
2025-06-08 13:00:00,0.814,0.827,0.811,0.817,308768.31
2025-06-08 14:00:00,0.817,0.821,0.815,0.82,211091.62
2025-06-08 15:00:00,0.82,0.822,0.818,0.819,323391.34
2025-06-08 16:00:00,0.818,0.829,0.818,0.826,641921.14
2025-06-08 17:00:00,0.826,0.83,0.82,0.82,334229.11
2025-06-08 18:00:00,0.82,0.823,0.817,0.819,151403.09
2025-06-08 19:00:00,0.819,0.821,0.815,0.819,232150.94
2025-06-08 20:00:00,0.819,0.821,0.817,0.818,153195.51
2025-06-08 21:00:00,0.818,0.825,0.817,0.823,239252.34
2025-06-08 22:00:00,0.823,0.823,0.813,0.815,386869.11
2025-06-08 23:00:00,0.815,0.815,0.809,0.812,309695.82
2025-06-09 00:00:00,0.812,0.818,0.809,0.816,403334.99
2025-06-09 01:00:00,0.816,0.816,0.805,0.808,423774.88
2025-06-09 02:00:00,0.809,0.813,0.805,0.805,367071.76
2025-06-09 03:00:00,0.805,0.809,0.801,0.809,370715.13
2025-06-09 04:00:00,0.809,0.811,0.805,0.806,109671.98
2025-06-09 05:00:00,0.806,0.807,0.801,0.803,420997.76
2025-06-09 06:00:00,0.803,0.812,0.801,0.81,191483.56
2025-06-09 07:00:00,0.81,0.814,0.806,0.814,217866.78
2025-06-09 08:00:00,0.813,0.817,0.811,0.817,404202.91
2025-06-09 09:00:00,0.817,0.831,0.814,0.82,954548.13
2025-06-09 10:00:00,0.821,0.831,0.821,0.827,1875616.56
2025-06-09 11:00:00,0.827,0.832,0.825,0.831,549271.1
2025-06-09 12:00:00,0.83,0.834,0.825,0.833,298039.48
2025-06-09 13:00:00,0.833,0.835,0.819,0.824,967478.63
2025-06-09 14:00:00,0.824,0.833,0.823,0.829,573100.84
2025-06-09 15:00:00,0.829,0.839,0.829,0.832,400242.05
2025-06-09 16:00:00,0.832,0.845,0.832,0.839,844865.35
2025-06-09 17:00:00,0.839,0.842,0.833,0.838,391841.71
2025-06-09 18:00:00,0.838,0.842,0.837,0.842,230270.07
2025-06-09 19:00:00,0.842,0.843,0.834,0.837,238696.09
2025-06-09 20:00:00,0.837,0.84,0.835,0.839,476762.99
2025-06-09 21:00:00,0.839,0.865,0.839,0.863,1525078.54
2025-06-09 22:00:00,0.864,0.877,0.86,0.876,1000767.73
2025-06-09 23:00:00,0.876,0.882,0.87,0.879,689634.47
2025-06-10 00:00:00,0.88,0.898,0.879,0.886,957783.87
2025-06-10 01:00:00,0.886,0.894,0.881,0.888,977243.6
2025-06-10 02:00:00,0.888,0.889,0.875,0.879,784075.44
2025-06-10 03:00:00,0.879,0.88,0.871,0.877,705561.04
2025-06-10 04:00:00,0.877,0.884,0.872,0.874,385349.52
2025-06-10 05:00:00,0.874,0.88,0.861,0.865,1044792.88
2025-06-10 06:00:00,0.865,0.871,0.86,0.867,443410.11
2025-06-10 07:00:00,0.867,0.872,0.863,0.868,446493.69
2025-06-10 08:00:00,0.868,0.87,0.861,0.863,264670.84
2025-06-10 09:00:00,0.862,0.875,0.861,0.874,380286.88
2025-06-10 10:00:00,0.874,0.874,0.863,0.872,475362.48
2025-06-10 11:00:00,0.873,0.957,0.868,0.947,11283502.21
2025-06-10 12:00:00,0.946,0.963,0.943,0.953,3556696.71
2025-06-10 13:00:00,0.953,0.959,0.927,0.945,2735408.33
2025-06-10 14:00:00,0.946,0.951,0.924,0.929,1623122.08
2025-06-10 15:00:00,0.928,0.941,0.914,0.929,1675063.3
2025-06-10 16:00:00,0.929,0.939,0.927,0.931,1019799.35
2025-06-10 17:00:00,0.931,0.947,0.931,0.941,1382253.42
2025-06-10 18:00:00,0.941,0.954,0.938,0.949,995627.15
2025-06-10 19:00:00,0.949,0.969,0.946,0.952,2473462.1
2025-06-10 20:00:00,0.952,0.952,0.942,0.949,910481.89
2025-06-10 21:00:00,0.949,0.957,0.937,0.952,1178227.92
2025-06-10 22:00:00,0.952,0.975,0.952,0.964,896477.35
2025-06-10 23:00:00,0.965,0.984,0.96,0.984,1004754.66
2025-06-11 00:00:00,0.984,1.001,0.976,0.978,3342113.91
2025-06-11 01:00:00,0.978,0.986,0.972,0.98,967860.24
2025-06-11 02:00:00,0.98,0.992,0.969,0.981,823646.43
2025-06-11 03:00:00,0.981,0.99,0.97,0.973,584457.41
2025-06-11 04:00:00,0.973,0.984,0.969,0.98,461666.82
2025-06-11 05:00:00,0.979,0.987,0.972,0.983,540098.82
2025-06-11 06:00:00,0.982,0.987,0.967,0.977,843089.45
2025-06-11 07:00:00,0.977,0.982,0.973,0.974,436386.11
2025-06-11 08:00:00,0.974,0.975,0.958,0.96,959168.38
2025-06-11 09:00:00,0.96,0.963,0.951,0.956,1067560.0
2025-06-11 10:00:00,0.956,0.962,0.952,0.96,425955.14
2025-06-11 11:00:00,0.961,0.965,0.956,0.964,547306.0
2025-06-11 12:00:00,0.964,0.988,0.954,0.973,2694363.52
2025-06-11 13:00:00,0.974,0.986,0.97,0.973,1334676.79
2025-06-11 14:00:00,0.974,0.991,0.971,0.988,1432185.92
2025-06-11 15:00:00,0.988,1.008,0.985,0.996,1828137.58
2025-06-11 16:00:00,0.996,1.0,0.981,0.994,769674.6
2025-06-11 17:00:00,0.993,0.997,0.978,0.979,1049471.04
2025-06-11 18:00:00,0.979,0.984,0.967,0.968,1466057.09
2025-06-11 19:00:00,0.968,0.971,0.959,0.963,757290.86
2025-06-11 20:00:00,0.962,0.972,0.955,0.967,466888.95
2025-06-11 21:00:00,0.967,0.98,0.941,0.952,1465596.57
2025-06-11 22:00:00,0.951,0.959,0.943,0.95,1166788.72
2025-06-11 23:00:00,0.95,0.962,0.95,0.96,401267.5
2025-06-12 00:00:00,0.96,0.973,0.956,0.97,918140.25
2025-06-12 01:00:00,0.97,0.972,0.957,0.97,527639.09
2025-06-12 02:00:00,0.97,0.979,0.957,0.958,602136.09
2025-06-12 03:00:00,0.958,0.964,0.95,0.959,740089.29
2025-06-12 04:00:00,0.959,0.961,0.952,0.956,315411.23
2025-06-12 05:00:00,0.956,0.956,0.945,0.952,549837.4
2025-06-12 06:00:00,0.951,0.955,0.939,0.948,574590.02
2025-06-12 07:00:00,0.949,0.95,0.928,0.93,880708.38
2025-06-12 08:00:00,0.93,0.944,0.919,0.94,1034585.87
2025-06-12 09:00:00,0.939,0.944,0.932,0.937,408478.54
2025-06-12 10:00:00,0.936,0.937,0.922,0.928,835052.5
2025-06-12 11:00:00,0.927,0.929,0.918,0.918,508425.09
2025-06-12 12:00:00,0.918,0.935,0.913,0.927,951626.82
2025-06-12 13:00:00,0.927,0.943,0.923,0.941,636125.99
2025-06-12 14:00:00,0.942,0.951,0.94,0.942,919174.77
2025-06-12 15:00:00,0.942,0.946,0.907,0.911,1220122.18
2025-06-12 16:00:00,0.911,0.929,0.911,0.926,605013.29
2025-06-12 17:00:00,0.925,0.94,0.924,0.93,603066.66
2025-06-12 18:00:00,0.93,0.93,0.907,0.911,502407.4
2025-06-12 19:00:00,0.912,0.915,0.886,0.889,1220714.04
2025-06-12 20:00:00,0.888,0.893,0.864,0.869,2041948.93
2025-06-12 21:00:00,0.868,0.884,0.868,0.868,1266790.3
2025-06-12 22:00:00,0.868,0.876,0.866,0.87,522807.7
2025-06-12 23:00:00,0.869,0.872,0.861,0.861,1489765.02
2025-06-13 00:00:00,0.862,0.863,0.797,0.808,6367993.95
2025-06-13 01:00:00,0.808,0.808,0.784,0.792,3271402.28
2025-06-13 02:00:00,0.792,0.803,0.787,0.795,1984939.29
2025-06-13 03:00:00,0.796,0.819,0.795,0.812,1752549.38
2025-06-13 04:00:00,0.811,0.817,0.805,0.81,836621.49
2025-06-13 05:00:00,0.809,0.823,0.808,0.815,526385.14
2025-06-13 06:00:00,0.815,0.823,0.804,0.823,1239755.21
2025-06-13 07:00:00,0.822,0.824,0.811,0.812,853700.6
2025-06-13 08:00:00,0.812,0.822,0.808,0.814,1028497.39
2025-06-13 09:00:00,0.813,0.815,0.804,0.81,411256.12
2025-06-13 10:00:00,0.811,0.814,0.805,0.81,796304.4
2025-06-13 11:00:00,0.81,0.816,0.802,0.815,831447.95
2025-06-13 12:00:00,0.814,0.82,0.808,0.809,1402672.43
2025-06-13 13:00:00,0.809,0.815,0.804,0.808,812179.4
2025-06-13 14:00:00,0.809,0.814,0.794,0.809,1274526.84
2025-06-13 15:00:00,0.809,0.819,0.804,0.81,1024148.3
2025-06-13 16:00:00,0.811,0.828,0.807,0.815,895212.32
2025-06-13 17:00:00,0.814,0.815,0.8,0.808,698946.24
2025-06-13 18:00:00,0.808,0.809,0.788,0.795,1042661.3
2025-06-13 19:00:00,0.795,0.803,0.792,0.8,863103.77
2025-06-13 20:00:00,0.8,0.813,0.797,0.809,325762.55
2025-06-13 21:00:00,0.81,0.816,0.805,0.812,335796.93
2025-06-13 22:00:00,0.813,0.823,0.812,0.82,350545.84
2025-06-13 23:00:00,0.82,0.834,0.82,0.83,765497.91
2025-06-14 00:00:00,0.83,0.83,0.819,0.82,490460.57
2025-06-14 01:00:00,0.82,0.824,0.815,0.82,310637.04
2025-06-14 02:00:00,0.819,0.822,0.814,0.815,96794.95
2025-06-14 03:00:00,0.815,0.819,0.812,0.814,239779.5
2025-06-14 04:00:00,0.813,0.82,0.812,0.816,605738.54
2025-06-14 05:00:00,0.815,0.823,0.813,0.82,274827.26
2025-06-14 06:00:00,0.82,0.822,0.813,0.813,380844.26
2025-06-14 07:00:00,0.814,0.817,0.807,0.815,456745.47
2025-06-14 08:00:00,0.814,0.816,0.809,0.813,156959.66
2025-06-14 09:00:00,0.812,0.814,0.808,0.809,173330.54
2025-06-14 10:00:00,0.809,0.813,0.807,0.812,160276.7
2025-06-14 11:00:00,0.811,0.817,0.811,0.815,147979.87
2025-06-14 12:00:00,0.814,0.814,0.808,0.814,221578.68
2025-06-14 13:00:00,0.813,0.818,0.809,0.811,301840.83
2025-06-14 14:00:00,0.812,0.813,0.805,0.806,309230.33
2025-06-14 15:00:00,0.806,0.81,0.796,0.801,336025.58
2025-06-14 16:00:00,0.801,0.804,0.788,0.791,463466.85
2025-06-14 17:00:00,0.791,0.803,0.789,0.802,500246.37
2025-06-14 18:00:00,0.802,0.809,0.791,0.799,474628.52
2025-06-14 19:00:00,0.799,0.803,0.797,0.798,410907.17
2025-06-14 20:00:00,0.798,0.806,0.796,0.804,1272384.81
2025-06-14 21:00:00,0.804,0.81,0.798,0.807,316299.17
2025-06-14 22:00:00,0.807,0.812,0.806,0.808,246793.26
2025-06-14 23:00:00,0.807,0.812,0.807,0.808,119832.86
2025-06-15 00:00:00,0.808,0.816,0.808,0.816,276914.55
2025-06-15 01:00:00,0.816,0.817,0.808,0.809,127927.22
2025-06-15 02:00:00,0.809,0.814,0.808,0.809,75919.95
2025-06-15 03:00:00,0.809,0.811,0.806,0.81,328294.23
2025-06-15 04:00:00,0.81,0.815,0.81,0.815,168466.34
2025-06-15 05:00:00,0.815,0.818,0.809,0.818,175038.78
2025-06-15 06:00:00,0.818,0.82,0.81,0.811,219847.7
2025-06-15 07:00:00,0.81,0.811,0.805,0.808,377262.92
2025-06-15 08:00:00,0.808,0.809,0.803,0.804,371801.41
2025-06-15 09:00:00,0.804,0.805,0.799,0.802,271717.78
2025-06-15 10:00:00,0.802,0.811,0.802,0.81,428420.2
2025-06-15 11:00:00,0.81,0.812,0.805,0.811,335706.15
2025-06-15 12:00:00,0.81,0.815,0.808,0.815,109468.68
2025-06-15 13:00:00,0.815,0.823,0.813,0.823,488129.86
2025-06-15 14:00:00,0.822,0.827,0.813,0.825,662088.63
2025-06-15 15:00:00,0.825,0.826,0.815,0.817,631285.72
2025-06-15 16:00:00,0.818,0.821,0.814,0.818,516900.2
2025-06-15 17:00:00,0.818,0.818,0.812,0.816,210383.33
2025-06-15 18:00:00,0.816,0.816,0.808,0.811,241428.52
2025-06-15 19:00:00,0.81,0.813,0.802,0.805,287932.58
2025-06-15 20:00:00,0.805,0.806,0.793,0.798,476129.76
2025-06-15 21:00:00,0.798,0.803,0.795,0.803,253916.2
2025-06-15 22:00:00,0.803,0.816,0.801,0.811,296668.64
2025-06-15 23:00:00,0.811,0.817,0.809,0.815,435483.59
2025-06-16 00:00:00,0.815,0.815,0.809,0.812,128775.97
2025-06-16 01:00:00,0.813,0.823,0.804,0.822,456905.28
2025-06-16 02:00:00,0.823,0.832,0.822,0.826,582791.69
2025-06-16 03:00:00,0.826,0.827,0.82,0.821,177996.0
2025-06-16 04:00:00,0.821,0.828,0.819,0.822,321022.75
2025-06-16 05:00:00,0.822,0.843,0.821,0.835,894401.49
2025-06-16 06:00:00,0.835,0.844,0.83,0.836,620862.37
2025-06-16 07:00:00,0.837,0.847,0.837,0.841,608752.48
2025-06-16 08:00:00,0.841,0.843,0.836,0.841,348530.12
2025-06-16 09:00:00,0.841,0.842,0.835,0.837,971901.47
2025-06-16 10:00:00,0.837,0.84,0.831,0.834,697639.66
2025-06-16 11:00:00,0.833,0.839,0.826,0.836,462435.51
2025-06-16 12:00:00,0.835,0.841,0.831,0.838,451703.43
2025-06-16 13:00:00,0.838,0.853,0.838,0.853,1599417.17
2025-06-16 14:00:00,0.853,0.861,0.848,0.852,1963562.16
2025-06-16 15:00:00,0.852,0.86,0.849,0.852,564241.62
2025-06-16 16:00:00,0.851,0.858,0.85,0.854,311502.01
2025-06-16 17:00:00,0.854,0.859,0.851,0.858,512337.81
2025-06-16 18:00:00,0.858,0.867,0.858,0.867,385772.4
2025-06-16 19:00:00,0.867,0.875,0.865,0.869,569214.72
2025-06-16 20:00:00,0.869,0.88,0.864,0.877,907736.9
2025-06-16 21:00:00,0.878,0.878,0.868,0.871,416740.82
2025-06-16 22:00:00,0.871,0.876,0.83,0.842,2105619.26
2025-06-16 23:00:00,0.843,0.85,0.819,0.821,1812571.68
2025-06-17 00:00:00,0.821,0.836,0.806,0.834,1250759.81
2025-06-17 01:00:00,0.835,0.839,0.828,0.828,302788.74
2025-06-17 02:00:00,0.829,0.844,0.824,0.842,851248.21
2025-06-17 03:00:00,0.843,0.846,0.834,0.836,769252.71
2025-06-17 04:00:00,0.836,0.838,0.825,0.826,294258.19
2025-06-17 05:00:00,0.825,0.826,0.817,0.819,356357.72
2025-06-17 06:00:00,0.819,0.823,0.814,0.816,419723.7
2025-06-17 07:00:00,0.816,0.82,0.813,0.815,327738.82
2025-06-17 08:00:00,0.815,0.815,0.807,0.808,297485.99
2025-06-17 09:00:00,0.808,0.811,0.802,0.806,565864.16
2025-06-17 10:00:00,0.806,0.807,0.795,0.802,821996.75
2025-06-17 11:00:00,0.803,0.803,0.791,0.796,1233136.09
2025-06-17 12:00:00,0.796,0.802,0.793,0.799,640049.13
2025-06-17 13:00:00,0.799,0.806,0.798,0.799,581732.28
2025-06-17 14:00:00,0.799,0.808,0.796,0.798,399238.92
2025-06-17 15:00:00,0.798,0.799,0.779,0.785,2104692.01
2025-06-17 16:00:00,0.785,0.786,0.767,0.767,1065297.75
2025-06-17 17:00:00,0.767,0.778,0.762,0.767,942693.17
2025-06-17 18:00:00,0.767,0.786,0.765,0.786,507083.99
2025-06-17 19:00:00,0.785,0.8,0.784,0.792,545788.58
2025-06-17 20:00:00,0.791,0.794,0.778,0.78,390645.33
2025-06-17 21:00:00,0.779,0.784,0.773,0.777,506989.55
2025-06-17 22:00:00,0.776,0.777,0.765,0.767,185553.29
2025-06-17 23:00:00,0.767,0.778,0.766,0.776,264266.33
2025-06-18 00:00:00,0.776,0.781,0.77,0.778,750212.39
2025-06-18 01:00:00,0.778,0.783,0.772,0.772,336808.38
2025-06-18 02:00:00,0.773,0.78,0.769,0.777,594725.1
2025-06-18 03:00:00,0.776,0.787,0.776,0.784,412911.33
2025-06-18 04:00:00,0.784,0.795,0.783,0.792,698775.17
2025-06-18 05:00:00,0.792,0.795,0.788,0.789,180413.77
2025-06-18 06:00:00,0.789,0.791,0.78,0.785,237289.55
2025-06-18 07:00:00,0.785,0.788,0.782,0.786,193072.87
2025-06-18 08:00:00,0.786,0.788,0.776,0.78,281820.04
2025-06-18 09:00:00,0.78,0.783,0.772,0.776,236964.59
2025-06-18 10:00:00,0.776,0.776,0.752,0.755,621578.22
2025-06-18 11:00:00,0.755,0.765,0.75,0.763,1674285.65
2025-06-18 12:00:00,0.764,0.764,0.754,0.755,409381.97
2025-06-18 13:00:00,0.755,0.757,0.74,0.756,943008.55
2025-06-18 14:00:00,0.756,0.77,0.753,0.76,1052995.29
2025-06-18 15:00:00,0.759,0.764,0.753,0.758,341581.86
2025-06-18 16:00:00,0.758,0.76,0.754,0.758,234302.4
2025-06-18 17:00:00,0.757,0.767,0.749,0.764,763139.79
2025-06-18 18:00:00,0.763,0.77,0.753,0.753,824482.11
2025-06-18 19:00:00,0.753,0.767,0.751,0.757,486131.88
2025-06-18 20:00:00,0.757,0.783,0.754,0.78,526598.19
2025-06-18 21:00:00,0.78,0.783,0.772,0.781,471579.19
2025-06-18 22:00:00,0.781,0.784,0.776,0.778,171096.26
2025-06-18 23:00:00,0.778,0.782,0.774,0.781,169611.81
2025-06-19 00:00:00,0.78,0.793,0.776,0.785,305885.5
2025-06-19 01:00:00,0.785,0.787,0.778,0.78,224247.61
2025-06-19 02:00:00,0.781,0.783,0.776,0.778,173343.77
2025-06-19 03:00:00,0.778,0.787,0.778,0.786,147610.29
2025-06-19 04:00:00,0.787,0.788,0.778,0.784,250349.33
2025-06-19 05:00:00,0.784,0.791,0.783,0.785,392621.58
2025-06-19 06:00:00,0.785,0.788,0.783,0.783,184782.1
2025-06-19 07:00:00,0.784,0.786,0.78,0.782,161542.41
2025-06-19 08:00:00,0.781,0.788,0.779,0.782,425763.47
2025-06-19 09:00:00,0.781,0.792,0.78,0.789,477530.53
2025-06-19 10:00:00,0.788,0.789,0.775,0.779,845769.69
2025-06-19 11:00:00,0.78,0.78,0.775,0.778,206547.35
2025-06-19 12:00:00,0.778,0.781,0.773,0.777,362386.85
2025-06-19 13:00:00,0.778,0.779,0.769,0.771,519348.54
2025-06-19 14:00:00,0.77,0.776,0.764,0.766,424790.57
2025-06-19 15:00:00,0.765,0.771,0.765,0.766,202114.54
2025-06-19 16:00:00,0.767,0.772,0.76,0.761,167357.51
2025-06-19 17:00:00,0.762,0.778,0.759,0.772,463631.38
2025-06-19 18:00:00,0.772,0.779,0.766,0.771,205281.74
2025-06-19 19:00:00,0.77,0.772,0.767,0.769,237839.57
2025-06-19 20:00:00,0.769,0.774,0.767,0.77,315597.54
2025-06-19 21:00:00,0.771,0.774,0.768,0.772,390059.96
2025-06-19 22:00:00,0.773,0.781,0.773,0.777,202374.08
2025-06-19 23:00:00,0.777,0.782,0.775,0.777,82780.74
2025-06-20 00:00:00,0.777,0.782,0.776,0.777,129315.03
2025-06-20 01:00:00,0.778,0.781,0.772,0.78,145531.64
2025-06-20 02:00:00,0.78,0.78,0.772,0.773,113825.56
2025-06-20 03:00:00,0.773,0.774,0.768,0.769,138679.47
2025-06-20 04:00:00,0.768,0.771,0.761,0.761,228034.19
2025-06-20 05:00:00,0.762,0.769,0.76,0.769,295708.24
2025-06-20 06:00:00,0.768,0.771,0.766,0.769,288982.06
2025-06-20 07:00:00,0.768,0.787,0.767,0.785,646515.46
2025-06-20 08:00:00,0.784,0.791,0.779,0.782,597852.13
2025-06-20 09:00:00,0.782,0.783,0.774,0.776,323564.43
2025-06-20 10:00:00,0.776,0.776,0.77,0.773,416233.82
2025-06-20 11:00:00,0.773,0.779,0.771,0.777,503703.64
2025-06-20 12:00:00,0.778,0.784,0.776,0.78,193517.87
2025-06-20 13:00:00,0.78,0.791,0.774,0.776,1121546.94
2025-06-20 14:00:00,0.776,0.778,0.753,0.754,694398.78
2025-06-20 15:00:00,0.754,0.764,0.753,0.759,486894.01
2025-06-20 16:00:00,0.759,0.76,0.747,0.751,468127.85
2025-06-20 17:00:00,0.751,0.753,0.721,0.742,3852148.29
2025-06-20 18:00:00,0.741,0.749,0.74,0.743,679423.82
2025-06-20 19:00:00,0.743,0.744,0.735,0.742,317129.77
2025-06-20 20:00:00,0.742,0.753,0.741,0.747,165801.66
2025-06-20 21:00:00,0.747,0.747,0.739,0.739,187026.23
2025-06-20 22:00:00,0.74,0.74,0.724,0.727,415009.49
2025-06-20 23:00:00,0.726,0.734,0.724,0.729,625268.57
2025-06-21 00:00:00,0.73,0.74,0.729,0.736,246084.56
2025-06-21 01:00:00,0.737,0.745,0.735,0.743,206053.3
2025-06-21 02:00:00,0.743,0.743,0.734,0.735,158761.15
2025-06-21 03:00:00,0.735,0.737,0.731,0.732,320701.57
2025-06-21 04:00:00,0.731,0.732,0.727,0.728,115687.43
2025-06-21 05:00:00,0.729,0.732,0.727,0.728,211792.06
2025-06-21 06:00:00,0.728,0.729,0.725,0.727,227636.0
2025-06-21 07:00:00,0.726,0.727,0.709,0.716,3153176.54
2025-06-21 08:00:00,0.715,0.722,0.712,0.722,509708.17
2025-06-21 09:00:00,0.722,0.724,0.715,0.72,433525.35
2025-06-21 10:00:00,0.721,0.722,0.714,0.715,348512.46
2025-06-21 11:00:00,0.716,0.719,0.714,0.715,373401.75
2025-06-21 12:00:00,0.715,0.718,0.705,0.706,527549.85
2025-06-21 13:00:00,0.707,0.711,0.694,0.696,1088250.34
2025-06-21 14:00:00,0.696,0.7,0.687,0.693,2087965.43
2025-06-21 15:00:00,0.693,0.698,0.689,0.696,505651.88
2025-06-21 16:00:00,0.696,0.699,0.691,0.694,371379.87
2025-06-21 17:00:00,0.693,0.697,0.683,0.685,805440.28
2025-06-21 18:00:00,0.685,0.696,0.685,0.688,628276.35
2025-06-21 19:00:00,0.688,0.691,0.682,0.683,755256.47
2025-06-21 20:00:00,0.683,0.697,0.683,0.695,653479.73
2025-06-21 21:00:00,0.695,0.697,0.659,0.676,3306095.22
2025-06-21 22:00:00,0.676,0.684,0.673,0.678,1014110.81
2025-06-21 23:00:00,0.679,0.681,0.662,0.68,1673056.03
2025-06-22 00:00:00,0.681,0.694,0.674,0.69,1168973.66
2025-06-22 01:00:00,0.69,0.692,0.681,0.681,636937.42
2025-06-22 02:00:00,0.681,0.685,0.674,0.681,717237.65
2025-06-22 03:00:00,0.681,0.685,0.67,0.677,628314.14
2025-06-22 04:00:00,0.677,0.688,0.676,0.685,633374.75
2025-06-22 05:00:00,0.684,0.691,0.678,0.684,413928.89
2025-06-22 06:00:00,0.684,0.687,0.68,0.682,220175.61
2025-06-22 07:00:00,0.682,0.683,0.675,0.677,439039.08
2025-06-22 08:00:00,0.678,0.681,0.673,0.675,382553.0
2025-06-22 09:00:00,0.675,0.678,0.661,0.663,838914.91
2025-06-22 10:00:00,0.663,0.675,0.661,0.672,726317.84
2025-06-22 11:00:00,0.672,0.678,0.672,0.675,444093.01
2025-06-22 12:00:00,0.675,0.678,0.666,0.675,347432.56
2025-06-22 13:00:00,0.676,0.676,0.632,0.646,4764809.09
2025-06-22 14:00:00,0.646,0.66,0.633,0.657,2157490.21
2025-06-22 15:00:00,0.658,0.66,0.644,0.646,761960.93
2025-06-22 16:00:00,0.646,0.651,0.642,0.644,617055.0
2025-06-22 17:00:00,0.644,0.651,0.639,0.646,691628.96
2025-06-22 18:00:00,0.646,0.649,0.638,0.641,468868.39
2025-06-22 19:00:00,0.641,0.642,0.635,0.638,395009.07
2025-06-22 20:00:00,0.639,0.646,0.618,0.643,1950326.46
2025-06-22 21:00:00,0.643,0.647,0.635,0.637,662834.81
2025-06-22 22:00:00,0.637,0.656,0.636,0.656,1031437.4
2025-06-22 23:00:00,0.655,0.657,0.652,0.655,472579.92
2025-06-23 00:00:00,0.654,0.665,0.653,0.659,588477.54
2025-06-23 01:00:00,0.659,0.661,0.654,0.661,202729.46
2025-06-23 02:00:00,0.661,0.661,0.657,0.658,138252.71
2025-06-23 03:00:00,0.658,0.661,0.655,0.656,167172.27
2025-06-23 04:00:00,0.656,0.66,0.655,0.657,242999.46
2025-06-23 05:00:00,0.657,0.662,0.656,0.661,333008.63
2025-06-23 06:00:00,0.661,0.666,0.657,0.661,380982.57
2025-06-23 07:00:00,0.661,0.667,0.66,0.661,392514.69
2025-06-23 08:00:00,0.66,0.664,0.659,0.663,401715.61
2025-06-23 09:00:00,0.663,0.665,0.659,0.661,310452.07
2025-06-23 10:00:00,0.66,0.661,0.653,0.656,286069.77
2025-06-23 11:00:00,0.655,0.656,0.65,0.655,254746.38
2025-06-23 12:00:00,0.654,0.663,0.649,0.662,399979.32
2025-06-23 13:00:00,0.663,0.671,0.647,0.668,1582894.56
2025-06-23 14:00:00,0.669,0.674,0.656,0.657,1166231.61
2025-06-23 15:00:00,0.658,0.662,0.645,0.646,485508.82
2025-06-23 16:00:00,0.646,0.647,0.627,0.635,2113090.71
2025-06-23 17:00:00,0.635,0.663,0.633,0.659,2249538.48
2025-06-23 18:00:00,0.659,0.676,0.659,0.671,2282393.54
2025-06-23 19:00:00,0.67,0.678,0.668,0.675,701375.8
2025-06-23 20:00:00,0.674,0.699,0.673,0.69,1899948.51
2025-06-23 21:00:00,0.691,0.695,0.683,0.684,669828.23
2025-06-23 22:00:00,0.684,0.715,0.684,0.711,2795861.84
2025-06-23 23:00:00,0.712,0.715,0.708,0.709,820259.95
2025-06-24 00:00:00,0.71,0.713,0.705,0.71,1073087.21
2025-06-24 01:00:00,0.709,0.715,0.706,0.712,724319.33
2025-06-24 02:00:00,0.712,0.713,0.706,0.711,1837368.75
2025-06-24 03:00:00,0.712,0.715,0.708,0.71,1058207.02
2025-06-24 04:00:00,0.711,0.712,0.708,0.711,516705.18
2025-06-24 05:00:00,0.711,0.726,0.709,0.724,1671505.07
2025-06-24 06:00:00,0.723,0.729,0.718,0.724,932944.3
2025-06-24 07:00:00,0.724,0.726,0.707,0.708,810825.26
2025-06-24 08:00:00,0.708,0.713,0.701,0.709,972732.45
2025-06-24 09:00:00,0.709,0.719,0.707,0.711,531971.58
2025-06-24 10:00:00,0.711,0.714,0.707,0.711,561335.56
2025-06-24 11:00:00,0.712,0.713,0.705,0.711,457206.24
2025-06-24 12:00:00,0.711,0.714,0.706,0.708,395254.82
2025-06-24 13:00:00,0.708,0.715,0.705,0.713,912391.24
2025-06-24 14:00:00,0.713,0.722,0.712,0.715,1006048.13
2025-06-24 15:00:00,0.716,0.72,0.71,0.714,676666.86
2025-06-24 16:00:00,0.715,0.734,0.712,0.734,1161610.56
2025-06-24 17:00:00,0.733,0.734,0.718,0.721,735470.02
2025-06-24 18:00:00,0.722,0.724,0.714,0.718,436085.97
2025-06-24 19:00:00,0.719,0.719,0.707,0.714,435108.01
2025-06-24 20:00:00,0.713,0.721,0.711,0.721,272611.58
2025-06-24 21:00:00,0.721,0.724,0.715,0.723,328243.99
2025-06-24 22:00:00,0.723,0.723,0.718,0.722,422798.44
2025-06-24 23:00:00,0.722,0.723,0.717,0.723,285996.55
2025-06-25 00:00:00,0.723,0.724,0.715,0.724,323861.78
2025-06-25 01:00:00,0.723,0.726,0.717,0.724,554731.8
2025-06-25 02:00:00,0.723,0.729,0.718,0.719,567621.38
2025-06-25 03:00:00,0.72,0.726,0.717,0.72,284437.21
2025-06-25 04:00:00,0.72,0.723,0.717,0.718,192074.39
2025-06-25 05:00:00,0.719,0.72,0.714,0.715,215647.85
2025-06-25 06:00:00,0.714,0.72,0.713,0.718,236099.15
2025-06-25 07:00:00,0.719,0.72,0.715,0.716,414744.97
2025-06-25 08:00:00,0.717,0.717,0.707,0.712,526582.02
2025-06-25 09:00:00,0.712,0.714,0.701,0.702,783772.48
2025-06-25 10:00:00,0.702,0.707,0.7,0.704,767446.51
2025-06-25 11:00:00,0.705,0.71,0.701,0.709,470584.75
2025-06-25 12:00:00,0.709,0.71,0.703,0.709,416694.87
2025-06-25 13:00:00,0.709,0.718,0.707,0.717,548450.98
2025-06-25 14:00:00,0.716,0.718,0.69,0.706,2081909.1
2025-06-25 15:00:00,0.705,0.705,0.694,0.697,1387033.25
2025-06-25 16:00:00,0.698,0.702,0.694,0.697,428360.29
2025-06-25 17:00:00,0.697,0.707,0.695,0.7,272960.29
2025-06-25 18:00:00,0.7,0.701,0.696,0.697,215116.27
2025-06-25 19:00:00,0.697,0.705,0.697,0.701,365691.37
2025-06-25 20:00:00,0.701,0.706,0.699,0.706,315802.7
2025-06-25 21:00:00,0.705,0.71,0.697,0.699,473613.52
2025-06-25 22:00:00,0.699,0.699,0.689,0.693,504575.4
2025-06-25 23:00:00,0.693,0.699,0.69,0.698,287563.05
2025-06-26 00:00:00,0.698,0.702,0.697,0.7,151440.91
2025-06-26 01:00:00,0.7,0.716,0.698,0.712,738622.38
2025-06-26 02:00:00,0.712,0.721,0.707,0.72,817353.41
2025-06-26 03:00:00,0.72,0.729,0.71,0.716,820689.76
2025-06-26 04:00:00,0.716,0.717,0.707,0.712,424538.69
2025-06-26 05:00:00,0.712,0.712,0.707,0.708,205944.49
2025-06-26 06:00:00,0.708,0.714,0.706,0.714,205441.75
2025-06-26 07:00:00,0.714,0.723,0.711,0.717,381907.11
2025-06-26 08:00:00,0.718,0.723,0.714,0.717,297727.71
2025-06-26 09:00:00,0.717,0.717,0.703,0.704,582177.76
2025-06-26 10:00:00,0.704,0.708,0.702,0.705,299499.7
2025-06-26 11:00:00,0.705,0.705,0.698,0.701,522741.99
2025-06-26 12:00:00,0.701,0.702,0.691,0.693,400514.57
2025-06-26 13:00:00,0.693,0.697,0.685,0.688,1478180.35
2025-06-26 14:00:00,0.687,0.698,0.682,0.692,672461.93
2025-06-26 15:00:00,0.692,0.696,0.682,0.689,697024.57
2025-06-26 16:00:00,0.688,0.689,0.678,0.681,394481.02
2025-06-26 17:00:00,0.682,0.688,0.68,0.681,327083.15
2025-06-26 18:00:00,0.68,0.689,0.679,0.683,539749.12
2025-06-26 19:00:00,0.684,0.695,0.683,0.693,354570.16
2025-06-26 20:00:00,0.692,0.71,0.691,0.701,859589.05
2025-06-26 21:00:00,0.7,0.701,0.687,0.694,508027.33
2025-06-26 22:00:00,0.693,0.698,0.689,0.69,273969.14
2025-06-26 23:00:00,0.69,0.693,0.688,0.69,201973.53
2025-06-27 00:00:00,0.69,0.697,0.686,0.686,342358.99
2025-06-27 01:00:00,0.686,0.7,0.681,0.699,551440.98
2025-06-27 02:00:00,0.699,0.701,0.695,0.699,407840.49
2025-06-27 03:00:00,0.7,0.701,0.695,0.695,434725.46
2025-06-27 04:00:00,0.696,0.7,0.693,0.699,130001.06
2025-06-27 05:00:00,0.699,0.707,0.695,0.695,354396.13
2025-06-27 06:00:00,0.695,0.702,0.694,0.697,300299.81
2025-06-27 07:00:00,0.697,0.706,0.697,0.701,384731.86
2025-06-27 08:00:00,0.702,0.711,0.697,0.707,435795.82
2025-06-27 09:00:00,0.708,0.708,0.703,0.706,494827.94
2025-06-27 10:00:00,0.706,0.706,0.698,0.698,201124.99
2025-06-27 11:00:00,0.697,0.7,0.696,0.697,133494.75
2025-06-27 12:00:00,0.697,0.705,0.689,0.69,712776.31
2025-06-27 13:00:00,0.69,0.693,0.687,0.692,258869.83
2025-06-27 14:00:00,0.692,0.698,0.688,0.69,454225.95
2025-06-27 15:00:00,0.689,0.702,0.688,0.701,907576.16
2025-06-27 16:00:00,0.701,0.71,0.696,0.702,651749.55
2025-06-27 17:00:00,0.701,0.702,0.689,0.693,778854.02
2025-06-27 18:00:00,0.692,0.693,0.684,0.686,366901.94
2025-06-27 19:00:00,0.686,0.693,0.685,0.691,173457.03
2025-06-27 20:00:00,0.691,0.701,0.69,0.7,405352.97
2025-06-27 21:00:00,0.7,0.703,0.698,0.701,189211.03
2025-06-27 22:00:00,0.702,0.705,0.701,0.704,159138.79
2025-06-27 23:00:00,0.704,0.705,0.694,0.697,775090.08
2025-06-28 00:00:00,0.697,0.703,0.697,0.699,728984.87
2025-06-28 01:00:00,0.699,0.703,0.697,0.703,207621.54
2025-06-28 02:00:00,0.702,0.703,0.699,0.7,99911.1
2025-06-28 03:00:00,0.699,0.7,0.697,0.697,128198.52
2025-06-28 04:00:00,0.697,0.698,0.696,0.697,67374.67
2025-06-28 05:00:00,0.696,0.7,0.695,0.695,90100.55
2025-06-28 06:00:00,0.695,0.697,0.694,0.696,74520.74
2025-06-28 07:00:00,0.697,0.702,0.696,0.701,184939.2
2025-06-28 08:00:00,0.702,0.703,0.697,0.697,370054.28
2025-06-28 09:00:00,0.698,0.704,0.696,0.701,169470.42
2025-06-28 10:00:00,0.702,0.705,0.702,0.702,198173.17
2025-06-28 11:00:00,0.703,0.705,0.699,0.7,129754.8
2025-06-28 12:00:00,0.7,0.701,0.699,0.701,115925.98
2025-06-28 13:00:00,0.701,0.703,0.698,0.698,69060.79
2025-06-28 14:00:00,0.698,0.701,0.698,0.701,83027.05
2025-06-28 15:00:00,0.701,0.706,0.7,0.706,249855.67
2025-06-28 16:00:00,0.706,0.716,0.706,0.714,700359.59
2025-06-28 17:00:00,0.714,0.723,0.711,0.721,348040.61
2025-06-28 18:00:00,0.722,0.722,0.716,0.719,271541.25
2025-06-28 19:00:00,0.719,0.72,0.715,0.716,110156.32
2025-06-28 20:00:00,0.715,0.72,0.714,0.716,131161.83
2025-06-28 21:00:00,0.716,0.722,0.715,0.722,185609.33
2025-06-28 22:00:00,0.721,0.725,0.72,0.722,189789.29
2025-06-28 23:00:00,0.722,0.723,0.719,0.721,162694.73
2025-06-29 00:00:00,0.721,0.725,0.72,0.724,99785.9
2025-06-29 01:00:00,0.724,0.724,0.715,0.716,393618.31
2025-06-29 02:00:00,0.716,0.718,0.714,0.717,173519.07
2025-06-29 03:00:00,0.718,0.721,0.717,0.717,343241.39
2025-06-29 04:00:00,0.718,0.719,0.716,0.717,131367.91
2025-06-29 05:00:00,0.717,0.72,0.716,0.72,75138.06
2025-06-29 06:00:00,0.721,0.722,0.716,0.719,159065.0
2025-06-29 07:00:00,0.719,0.721,0.717,0.72,151751.96
2025-06-29 08:00:00,0.721,0.725,0.72,0.725,160310.22
2025-06-29 09:00:00,0.724,0.728,0.722,0.725,574483.01
2025-06-29 10:00:00,0.725,0.727,0.722,0.723,196731.67
2025-06-29 11:00:00,0.723,0.727,0.722,0.726,124999.18
2025-06-29 12:00:00,0.725,0.728,0.723,0.727,296092.71
2025-06-29 13:00:00,0.726,0.729,0.721,0.721,206590.37
2025-06-29 14:00:00,0.722,0.724,0.718,0.718,278729.81
2025-06-29 15:00:00,0.719,0.72,0.716,0.718,134497.1
2025-06-29 16:00:00,0.718,0.724,0.718,0.724,288576.28
2025-06-29 17:00:00,0.725,0.729,0.722,0.729,115079.97
2025-06-29 18:00:00,0.728,0.732,0.725,0.731,163190.19
2025-06-29 19:00:00,0.731,0.734,0.728,0.733,233115.12
2025-06-29 20:00:00,0.733,0.735,0.731,0.731,243792.21
2025-06-29 21:00:00,0.731,0.74,0.726,0.74,409783.54
2025-06-29 22:00:00,0.74,0.775,0.74,0.772,2539057.44
2025-06-29 23:00:00,0.772,0.776,0.767,0.768,820340.41
2025-06-30 00:00:00,0.768,0.776,0.767,0.773,1141404.01
2025-06-30 01:00:00,0.773,0.773,0.761,0.762,605583.3
2025-06-30 02:00:00,0.762,0.762,0.755,0.755,249835.18
2025-06-30 03:00:00,0.755,0.761,0.755,0.757,133862.07
2025-06-30 04:00:00,0.758,0.758,0.75,0.752,201211.63
2025-06-30 05:00:00,0.752,0.756,0.751,0.754,159640.35
2025-06-30 06:00:00,0.754,0.756,0.74,0.746,484561.63
2025-06-30 07:00:00,0.745,0.756,0.744,0.753,378476.74
2025-06-30 08:00:00,0.754,0.756,0.745,0.746,469938.6
2025-06-30 09:00:00,0.746,0.749,0.742,0.742,193052.4
2025-06-30 10:00:00,0.742,0.744,0.739,0.741,283571.57
2025-06-30 11:00:00,0.742,0.747,0.74,0.74,817265.64
2025-06-30 12:00:00,0.741,0.744,0.733,0.735,645690.08
2025-06-30 13:00:00,0.736,0.742,0.733,0.735,264410.0
2025-06-30 14:00:00,0.734,0.738,0.728,0.73,610237.2
2025-06-30 15:00:00,0.73,0.755,0.729,0.747,1692492.19
2025-06-30 16:00:00,0.747,0.752,0.741,0.748,645271.58
2025-06-30 17:00:00,0.748,0.754,0.747,0.75,694627.45
2025-06-30 18:00:00,0.75,0.754,0.743,0.743,371227.45
2025-06-30 19:00:00,0.743,0.761,0.741,0.758,888464.05
2025-06-30 20:00:00,0.758,0.762,0.749,0.751,509179.05
2025-06-30 21:00:00,0.75,0.753,0.744,0.745,301874.09
2025-06-30 22:00:00,0.745,0.746,0.742,0.743,438927.62
2025-06-30 23:00:00,0.743,0.746,0.741,0.742,276340.12
2025-07-01 00:00:00,0.742,0.75,0.74,0.745,938948.86
2025-07-01 01:00:00,0.745,0.748,0.741,0.741,405097.79
2025-07-01 02:00:00,0.741,0.742,0.736,0.736,375809.72
2025-07-01 03:00:00,0.737,0.739,0.733,0.734,238076.57
2025-07-01 04:00:00,0.734,0.735,0.725,0.726,376868.37
2025-07-01 05:00:00,0.726,0.728,0.72,0.725,316900.38
2025-07-01 06:00:00,0.724,0.729,0.721,0.727,193829.68
2025-07-01 07:00:00,0.727,0.733,0.721,0.731,227616.07
2025-07-01 08:00:00,0.732,0.732,0.725,0.728,324545.56
2025-07-01 09:00:00,0.727,0.729,0.723,0.725,224691.1
2025-07-01 10:00:00,0.725,0.726,0.719,0.722,342314.11
2025-07-01 11:00:00,0.723,0.724,0.716,0.718,297519.07
2025-07-01 12:00:00,0.718,0.722,0.713,0.716,353748.23
2025-07-01 13:00:00,0.715,0.719,0.71,0.718,387139.33
2025-07-01 14:00:00,0.717,0.724,0.709,0.713,640751.04
2025-07-01 15:00:00,0.713,0.717,0.711,0.713,451172.98
2025-07-01 16:00:00,0.714,0.718,0.712,0.714,294372.38
2025-07-01 17:00:00,0.714,0.714,0.71,0.712,146662.46
2025-07-01 18:00:00,0.712,0.713,0.702,0.705,415644.99
2025-07-01 19:00:00,0.704,0.709,0.702,0.703,213494.25
2025-07-01 20:00:00,0.704,0.708,0.701,0.707,339452.82
2025-07-01 21:00:00,0.706,0.709,0.702,0.703,194619.67
2025-07-01 22:00:00,0.703,0.705,0.699,0.699,234047.43
2025-07-01 23:00:00,0.698,0.7,0.694,0.698,609176.33
2025-07-02 00:00:00,0.698,0.7,0.695,0.696,261718.71
2025-07-02 01:00:00,0.696,0.704,0.69,0.703,484328.03
2025-07-02 02:00:00,0.703,0.706,0.7,0.703,322712.75
2025-07-02 03:00:00,0.703,0.711,0.703,0.707,351480.97
2025-07-02 04:00:00,0.706,0.72,0.705,0.72,447295.1
2025-07-02 05:00:00,0.72,0.721,0.714,0.72,383657.52
2025-07-02 06:00:00,0.719,0.727,0.717,0.726,396479.34
2025-07-02 07:00:00,0.725,0.727,0.714,0.716,373897.41
2025-07-02 08:00:00,0.716,0.721,0.716,0.719,420835.89
2025-07-02 09:00:00,0.72,0.721,0.717,0.718,293847.03
2025-07-02 10:00:00,0.718,0.723,0.715,0.722,222850.97
2025-07-02 11:00:00,0.722,0.727,0.716,0.716,350619.22
2025-07-02 12:00:00,0.716,0.718,0.713,0.716,212689.23
2025-07-02 13:00:00,0.717,0.726,0.717,0.722,330864.09
2025-07-02 14:00:00,0.722,0.732,0.722,0.731,551493.81
2025-07-02 15:00:00,0.731,0.74,0.729,0.739,1067501.18
2025-07-02 16:00:00,0.739,0.77,0.738,0.769,2966181.15
2025-07-02 17:00:00,0.77,0.777,0.758,0.764,1599710.65
2025-07-02 18:00:00,0.764,0.774,0.764,0.772,788308.65
2025-07-02 19:00:00,0.773,0.777,0.767,0.776,796920.68
2025-07-02 20:00:00,0.776,0.779,0.77,0.773,1320290.23
2025-07-02 21:00:00,0.773,0.778,0.771,0.773,824895.41
2025-07-02 22:00:00,0.774,0.783,0.772,0.773,543780.91
2025-07-02 23:00:00,0.773,0.775,0.763,0.764,446919.74
2025-07-03 00:00:00,0.765,0.77,0.76,0.764,592273.42
2025-07-03 01:00:00,0.763,0.773,0.762,0.772,520280.72
2025-07-03 02:00:00,0.772,0.772,0.761,0.765,563439.62
2025-07-03 03:00:00,0.766,0.768,0.761,0.761,348786.88
2025-07-03 04:00:00,0.762,0.77,0.761,0.768,343079.61
2025-07-03 05:00:00,0.769,0.783,0.769,0.781,776196.67
2025-07-03 06:00:00,0.781,0.791,0.777,0.785,1433840.16
2025-07-03 07:00:00,0.786,0.786,0.78,0.783,502098.5
2025-07-03 08:00:00,0.784,0.785,0.776,0.777,569869.3
2025-07-03 09:00:00,0.776,0.79,0.776,0.784,877631.36
2025-07-03 10:00:00,0.785,0.785,0.773,0.776,702559.79
2025-07-03 11:00:00,0.776,0.779,0.771,0.775,312487.94
2025-07-03 12:00:00,0.775,0.787,0.764,0.774,1320509.96
2025-07-03 13:00:00,0.774,0.793,0.772,0.786,1362448.16
2025-07-03 14:00:00,0.786,0.79,0.773,0.775,877610.88
2025-07-03 15:00:00,0.775,0.775,0.76,0.761,1112570.27
2025-07-03 16:00:00,0.761,0.769,0.76,0.766,473360.92
2025-07-03 17:00:00,0.766,0.77,0.765,0.768,283237.72
2025-07-03 18:00:00,0.768,0.772,0.766,0.769,307591.87
2025-07-03 19:00:00,0.769,0.775,0.769,0.775,307863.11
2025-07-03 20:00:00,0.774,0.78,0.774,0.779,144422.79
2025-07-03 21:00:00,0.779,0.782,0.774,0.776,232758.02
2025-07-03 22:00:00,0.776,0.777,0.772,0.774,276715.95
2025-07-03 23:00:00,0.774,0.775,0.768,0.772,151819.71
2025-07-04 00:00:00,0.772,0.777,0.77,0.773,264624.29
2025-07-04 01:00:00,0.773,0.78,0.773,0.773,195546.16
2025-07-04 02:00:00,0.773,0.773,0.764,0.765,387632.69
2025-07-04 03:00:00,0.765,0.77,0.763,0.765,159443.08
2025-07-04 04:00:00,0.765,0.768,0.76,0.761,381641.17
2025-07-04 05:00:00,0.76,0.767,0.76,0.761,381714.47
2025-07-04 06:00:00,0.762,0.762,0.753,0.755,380755.24
2025-07-04 07:00:00,0.755,0.757,0.744,0.745,1169029.79
2025-07-04 08:00:00,0.746,0.751,0.742,0.748,911628.63
2025-07-04 09:00:00,0.749,0.755,0.749,0.751,307239.73
2025-07-04 10:00:00,0.751,0.753,0.746,0.748,384647.13
2025-07-04 11:00:00,0.748,0.752,0.747,0.748,164724.45
2025-07-04 12:00:00,0.748,0.75,0.743,0.745,179610.63
2025-07-04 13:00:00,0.746,0.748,0.737,0.737,741422.19
2025-07-04 14:00:00,0.738,0.739,0.728,0.734,670915.37
2025-07-04 15:00:00,0.734,0.735,0.724,0.724,639944.88
2025-07-04 16:00:00,0.725,0.725,0.714,0.722,755917.5
2025-07-04 17:00:00,0.722,0.728,0.722,0.727,378618.75
2025-07-04 18:00:00,0.727,0.727,0.72,0.723,233301.87
2025-07-04 19:00:00,0.723,0.725,0.719,0.719,203814.21
2025-07-04 20:00:00,0.719,0.725,0.718,0.721,293825.32
2025-07-04 21:00:00,0.721,0.725,0.718,0.723,397446.86
2025-07-04 22:00:00,0.722,0.728,0.722,0.728,278016.87
2025-07-04 23:00:00,0.728,0.728,0.722,0.724,216361.36
2025-07-05 00:00:00,0.724,0.732,0.724,0.729,354437.92
2025-07-05 01:00:00,0.729,0.729,0.723,0.724,115569.65
2025-07-05 02:00:00,0.724,0.725,0.719,0.725,177346.98
2025-07-05 03:00:00,0.725,0.73,0.725,0.726,142793.24
2025-07-05 04:00:00,0.726,0.728,0.723,0.723,264932.68
2025-07-05 05:00:00,0.723,0.726,0.72,0.725,182184.52
2025-07-05 06:00:00,0.725,0.732,0.724,0.731,232341.84
2025-07-05 07:00:00,0.73,0.732,0.724,0.727,183955.01
2025-07-05 08:00:00,0.726,0.728,0.72,0.724,263513.83
2025-07-05 09:00:00,0.723,0.724,0.719,0.724,154329.02
2025-07-05 10:00:00,0.723,0.724,0.721,0.721,102498.22
2025-07-05 11:00:00,0.721,0.726,0.721,0.723,180785.23
2025-07-05 12:00:00,0.723,0.724,0.719,0.722,205351.16
2025-07-05 13:00:00,0.722,0.724,0.719,0.72,160586.81
2025-07-05 14:00:00,0.72,0.722,0.718,0.721,258503.48
2025-07-05 15:00:00,0.722,0.723,0.717,0.717,237000.6
2025-07-05 16:00:00,0.718,0.722,0.714,0.718,372971.79
2025-07-05 17:00:00,0.718,0.721,0.713,0.716,157321.24
2025-07-05 18:00:00,0.715,0.715,0.707,0.707,383633.44
2025-07-05 19:00:00,0.707,0.715,0.706,0.714,121797.37
2025-07-05 20:00:00,0.714,0.717,0.712,0.717,97727.61
2025-07-05 21:00:00,0.717,0.722,0.717,0.721,210155.43
2025-07-05 22:00:00,0.721,0.729,0.72,0.728,315172.96
2025-07-05 23:00:00,0.727,0.729,0.723,0.725,263194.31
2025-07-06 00:00:00,0.725,0.725,0.72,0.724,162970.01
2025-07-06 01:00:00,0.724,0.724,0.719,0.721,163674.57
2025-07-06 02:00:00,0.721,0.723,0.718,0.718,222619.61
2025-07-06 03:00:00,0.719,0.72,0.717,0.72,196958.47
2025-07-06 04:00:00,0.72,0.722,0.717,0.717,94098.35
2025-07-06 05:00:00,0.718,0.718,0.716,0.717,108593.18
2025-07-06 06:00:00,0.716,0.723,0.716,0.722,170968.07
2025-07-06 07:00:00,0.721,0.724,0.72,0.72,165486.17
2025-07-06 08:00:00,0.721,0.723,0.717,0.721,336910.75
2025-07-06 09:00:00,0.72,0.723,0.718,0.718,238284.39
2025-07-06 10:00:00,0.718,0.722,0.717,0.719,181646.89
2025-07-06 11:00:00,0.718,0.723,0.718,0.723,100459.61
2025-07-06 12:00:00,0.723,0.726,0.721,0.726,229162.83
2025-07-06 13:00:00,0.727,0.746,0.725,0.743,1035411.96
2025-07-06 14:00:00,0.744,0.746,0.733,0.738,745667.19
2025-07-06 15:00:00,0.739,0.741,0.736,0.741,484780.13
2025-07-06 16:00:00,0.741,0.745,0.739,0.742,359290.18
2025-07-06 17:00:00,0.742,0.742,0.737,0.739,201166.02
2025-07-06 18:00:00,0.738,0.739,0.729,0.733,405047.1
2025-07-06 19:00:00,0.734,0.736,0.732,0.735,272806.46
2025-07-06 20:00:00,0.735,0.741,0.735,0.738,271981.81
2025-07-06 21:00:00,0.737,0.757,0.737,0.748,887838.37
2025-07-06 22:00:00,0.749,0.759,0.749,0.75,856467.12
2025-07-06 23:00:00,0.75,0.751,0.74,0.744,783380.91
2025-07-07 00:00:00,0.744,0.745,0.74,0.74,321199.62
2025-07-07 01:00:00,0.741,0.746,0.737,0.745,353380.84
2025-07-07 02:00:00,0.746,0.753,0.745,0.749,243538.12
2025-07-07 03:00:00,0.749,0.759,0.749,0.751,338429.72
2025-07-07 04:00:00,0.752,0.754,0.748,0.75,208515.96
2025-07-07 05:00:00,0.75,0.752,0.744,0.745,385851.27
2025-07-07 06:00:00,0.745,0.751,0.742,0.742,216186.48
2025-07-07 07:00:00,0.742,0.749,0.74,0.749,285556.88
2025-07-07 08:00:00,0.749,0.75,0.744,0.746,256436.11
2025-07-07 09:00:00,0.746,0.746,0.74,0.742,252413.98
2025-07-07 10:00:00,0.742,0.742,0.738,0.738,331303.92
2025-07-07 11:00:00,0.738,0.74,0.735,0.737,440717.36
2025-07-07 12:00:00,0.737,0.738,0.73,0.734,585610.55
2025-07-07 13:00:00,0.734,0.742,0.731,0.742,523062.99
2025-07-07 14:00:00,0.741,0.743,0.727,0.731,715910.52
2025-07-07 15:00:00,0.732,0.735,0.73,0.733,411936.67
2025-07-07 16:00:00,0.732,0.735,0.724,0.726,1206848.84
2025-07-07 17:00:00,0.725,0.735,0.723,0.731,338280.33
2025-07-07 18:00:00,0.731,0.732,0.724,0.732,351606.13
2025-07-07 19:00:00,0.732,0.737,0.73,0.731,457547.2
2025-07-07 20:00:00,0.73,0.73,0.724,0.725,304199.99
2025-07-07 21:00:00,0.726,0.73,0.722,0.728,325506.48
2025-07-07 22:00:00,0.728,0.728,0.723,0.724,343797.88
2025-07-07 23:00:00,0.724,0.73,0.724,0.729,175495.37
2025-07-08 00:00:00,0.728,0.733,0.724,0.724,833085.52
2025-07-08 01:00:00,0.724,0.725,0.717,0.718,424719.44
2025-07-08 02:00:00,0.718,0.723,0.717,0.719,969003.1
2025-07-08 03:00:00,0.719,0.721,0.718,0.718,442788.2
2025-07-08 04:00:00,0.718,0.718,0.713,0.717,184846.93
2025-07-08 05:00:00,0.718,0.719,0.716,0.718,239597.97
2025-07-08 06:00:00,0.718,0.723,0.718,0.721,282753.51
2025-07-08 07:00:00,0.72,0.721,0.717,0.719,236105.36
2025-07-08 08:00:00,0.719,0.72,0.707,0.71,708979.16
2025-07-08 09:00:00,0.71,0.714,0.708,0.712,333384.36
2025-07-08 10:00:00,0.712,0.718,0.711,0.716,815776.44
2025-07-08 11:00:00,0.716,0.722,0.715,0.718,746062.02
2025-07-08 12:00:00,0.719,0.724,0.715,0.723,874422.27
2025-07-08 13:00:00,0.724,0.729,0.717,0.726,620567.38
2025-07-08 14:00:00,0.726,0.727,0.709,0.71,616625.72
2025-07-08 15:00:00,0.709,0.712,0.703,0.707,607596.92
2025-07-08 16:00:00,0.708,0.715,0.703,0.711,614550.03
2025-07-08 17:00:00,0.711,0.736,0.71,0.73,2487989.96
2025-07-08 18:00:00,0.731,0.736,0.73,0.736,467392.0
2025-07-08 19:00:00,0.736,0.736,0.723,0.726,414258.76
2025-07-08 20:00:00,0.727,0.727,0.719,0.719,315802.19
2025-07-08 21:00:00,0.719,0.725,0.717,0.723,234193.89
2025-07-08 22:00:00,0.723,0.726,0.721,0.722,427532.93
2025-07-08 23:00:00,0.722,0.727,0.72,0.725,335606.75
2025-07-09 00:00:00,0.725,0.727,0.718,0.72,453125.89
2025-07-09 01:00:00,0.719,0.726,0.712,0.715,563564.95
2025-07-09 02:00:00,0.714,0.716,0.711,0.715,484011.95
2025-07-09 03:00:00,0.714,0.718,0.709,0.71,627751.22
2025-07-09 04:00:00,0.709,0.718,0.709,0.717,508353.41
2025-07-09 05:00:00,0.717,0.733,0.716,0.726,1258421.5
2025-07-09 06:00:00,0.727,0.729,0.722,0.728,519280.28
2025-07-09 07:00:00,0.728,0.73,0.725,0.727,373228.26
2025-07-09 08:00:00,0.727,0.733,0.726,0.729,665170.51
2025-07-09 09:00:00,0.73,0.732,0.725,0.729,264199.78
2025-07-09 10:00:00,0.728,0.732,0.724,0.731,409369.68
2025-07-09 11:00:00,0.732,0.737,0.73,0.735,784150.32
2025-07-09 12:00:00,0.735,0.752,0.733,0.747,1776464.27
2025-07-09 13:00:00,0.747,0.751,0.743,0.745,1247022.31
2025-07-09 14:00:00,0.745,0.757,0.736,0.742,1598125.16
2025-07-09 15:00:00,0.743,0.749,0.741,0.745,354243.47
2025-07-09 16:00:00,0.745,0.752,0.745,0.75,657511.88
2025-07-09 17:00:00,0.75,0.75,0.742,0.747,786646.69
2025-07-09 18:00:00,0.747,0.766,0.746,0.761,1800027.73
2025-07-09 19:00:00,0.762,0.791,0.759,0.784,2305654.57
2025-07-09 20:00:00,0.785,0.79,0.778,0.787,1924727.11
2025-07-09 21:00:00,0.787,0.805,0.787,0.795,1823714.13
2025-07-09 22:00:00,0.796,0.805,0.796,0.803,1466803.3
2025-07-09 23:00:00,0.804,0.804,0.794,0.797,897962.12
2025-07-10 00:00:00,0.797,0.805,0.786,0.787,1147408.38
2025-07-10 01:00:00,0.788,0.793,0.787,0.789,516072.48
2025-07-10 02:00:00,0.79,0.799,0.789,0.792,1679134.37
2025-07-10 03:00:00,0.792,0.794,0.788,0.792,296715.65
2025-07-10 04:00:00,0.792,0.792,0.785,0.792,342850.28
2025-07-10 05:00:00,0.792,0.792,0.784,0.786,529341.04
2025-07-10 06:00:00,0.786,0.794,0.783,0.793,414798.72
2025-07-10 07:00:00,0.793,0.801,0.785,0.792,1485863.86
2025-07-10 08:00:00,0.792,0.794,0.788,0.794,583515.7
2025-07-10 09:00:00,0.793,0.794,0.786,0.791,853540.78
2025-07-10 10:00:00,0.792,0.796,0.786,0.794,434438.68
2025-07-10 11:00:00,0.793,0.793,0.77,0.772,2510914.6
2025-07-10 12:00:00,0.773,0.776,0.762,0.775,1252596.27
2025-07-10 13:00:00,0.775,0.785,0.774,0.779,891869.42
2025-07-10 14:00:00,0.779,0.783,0.772,0.778,1053588.06
2025-07-10 15:00:00,0.778,0.78,0.772,0.775,594245.76
2025-07-10 16:00:00,0.775,0.801,0.774,0.801,1951918.28
2025-07-10 17:00:00,0.8,0.813,0.795,0.813,1591707.03
2025-07-10 18:00:00,0.812,0.816,0.8,0.807,1246733.33
2025-07-10 19:00:00,0.807,0.809,0.799,0.803,488325.85
2025-07-10 20:00:00,0.803,0.813,0.801,0.81,887465.98
2025-07-10 21:00:00,0.81,0.85,0.809,0.843,3424022.7
2025-07-10 22:00:00,0.844,0.853,0.84,0.852,1443616.31
2025-07-10 23:00:00,0.852,0.852,0.839,0.845,1002491.17
2025-07-11 00:00:00,0.846,0.847,0.828,0.835,1183413.68
2025-07-11 01:00:00,0.834,0.855,0.834,0.855,743676.65
2025-07-11 02:00:00,0.855,0.86,0.848,0.852,1063411.3
2025-07-11 03:00:00,0.851,0.853,0.846,0.849,675213.91
2025-07-11 04:00:00,0.848,0.862,0.843,0.862,1345021.98
2025-07-11 05:00:00,0.861,0.88,0.86,0.871,3173392.49
2025-07-11 06:00:00,0.871,0.879,0.848,0.85,1249188.73
2025-07-11 07:00:00,0.85,0.858,0.844,0.848,921401.38
2025-07-11 08:00:00,0.848,0.867,0.848,0.865,946276.12
2025-07-11 09:00:00,0.866,0.884,0.859,0.871,1092679.71
2025-07-11 10:00:00,0.871,0.871,0.862,0.862,1039048.94
2025-07-11 11:00:00,0.862,0.865,0.856,0.86,693461.97
2025-07-11 12:00:00,0.86,0.867,0.855,0.863,1195168.21
2025-07-11 13:00:00,0.863,0.873,0.857,0.869,771392.53
2025-07-11 14:00:00,0.869,0.882,0.865,0.872,1367299.56
2025-07-11 15:00:00,0.873,0.879,0.69,0.852,3643806.77
2025-07-11 16:00:00,0.852,0.864,0.85,0.862,1193245.4
2025-07-11 17:00:00,0.862,0.874,0.861,0.872,955378.23
2025-07-11 18:00:00,0.872,0.877,0.866,0.872,608743.3
2025-07-11 19:00:00,0.871,0.875,0.864,0.874,534134.05
2025-07-11 20:00:00,0.874,0.874,0.857,0.858,704930.16
2025-07-11 21:00:00,0.858,0.86,0.835,0.842,858487.2
2025-07-11 22:00:00,0.843,0.846,0.816,0.828,1113847.13
2025-07-11 23:00:00,0.829,0.839,0.829,0.835,393535.12
2025-07-12 00:00:00,0.835,0.841,0.822,0.832,710967.5
2025-07-12 01:00:00,0.832,0.847,0.832,0.844,405566.93
2025-07-12 02:00:00,0.844,0.849,0.839,0.839,327187.24
2025-07-12 03:00:00,0.839,0.843,0.836,0.84,288245.47
2025-07-12 04:00:00,0.84,0.84,0.821,0.824,495247.57
2025-07-12 05:00:00,0.824,0.832,0.817,0.828,577056.35
2025-07-12 06:00:00,0.828,0.835,0.823,0.833,354347.92
2025-07-12 07:00:00,0.833,0.838,0.828,0.832,508509.94
2025-07-12 08:00:00,0.832,0.836,0.827,0.829,259698.66
2025-07-12 09:00:00,0.829,0.837,0.827,0.834,246522.99
2025-07-12 10:00:00,0.834,0.834,0.828,0.832,248276.92
2025-07-12 11:00:00,0.832,0.835,0.828,0.83,292745.49
2025-07-12 12:00:00,0.829,0.834,0.804,0.817,1014978.4
2025-07-12 13:00:00,0.817,0.817,0.802,0.813,589715.79
2025-07-12 14:00:00,0.813,0.819,0.807,0.809,705989.53
2025-07-12 15:00:00,0.809,0.81,0.793,0.799,1756603.65
2025-07-12 16:00:00,0.799,0.809,0.794,0.801,419986.47
2025-07-12 17:00:00,0.801,0.815,0.8,0.814,283130.92
2025-07-12 18:00:00,0.814,0.816,0.809,0.813,166565.7
2025-07-12 19:00:00,0.813,0.815,0.809,0.812,194085.79
2025-07-12 20:00:00,0.812,0.813,0.8,0.8,233936.36
2025-07-12 21:00:00,0.8,0.811,0.8,0.811,258023.12
2025-07-12 22:00:00,0.811,0.811,0.802,0.809,252595.91
2025-07-12 23:00:00,0.808,0.811,0.803,0.808,309560.45
2025-07-13 00:00:00,0.808,0.813,0.804,0.807,301068.73
2025-07-13 01:00:00,0.808,0.813,0.805,0.81,386473.42
2025-07-13 02:00:00,0.81,0.81,0.801,0.807,337091.46
2025-07-13 03:00:00,0.808,0.81,0.803,0.807,242495.23
2025-07-13 04:00:00,0.808,0.818,0.805,0.818,273082.21
2025-07-13 05:00:00,0.818,0.825,0.815,0.822,592794.69
2025-07-13 06:00:00,0.821,0.826,0.817,0.817,311672.77
2025-07-13 07:00:00,0.818,0.829,0.815,0.826,315669.48
2025-07-13 08:00:00,0.826,0.826,0.814,0.818,407659.7
2025-07-13 09:00:00,0.818,0.821,0.814,0.818,398163.26
2025-07-13 10:00:00,0.818,0.825,0.816,0.818,299427.13
2025-07-13 11:00:00,0.818,0.83,0.818,0.829,294862.03
2025-07-13 12:00:00,0.829,0.839,0.825,0.837,730677.32
2025-07-13 13:00:00,0.837,0.838,0.828,0.833,604288.65
2025-07-13 14:00:00,0.834,0.848,0.831,0.838,2113785.1
2025-07-13 15:00:00,0.837,0.855,0.837,0.84,1207149.26
2025-07-13 16:00:00,0.84,0.845,0.829,0.829,604688.42
2025-07-13 17:00:00,0.83,0.84,0.824,0.837,353374.32
2025-07-13 18:00:00,0.838,0.846,0.836,0.845,264321.47
2025-07-13 19:00:00,0.845,0.853,0.839,0.843,630357.63
2025-07-13 20:00:00,0.843,0.851,0.839,0.847,418028.33
2025-07-13 21:00:00,0.846,0.848,0.827,0.834,396297.58
2025-07-13 22:00:00,0.834,0.839,0.826,0.833,618153.81
2025-07-13 23:00:00,0.832,0.841,0.831,0.838,399669.62
2025-07-14 00:00:00,0.839,0.851,0.835,0.844,612807.71
2025-07-14 01:00:00,0.845,0.852,0.838,0.849,424843.2
2025-07-14 02:00:00,0.85,0.866,0.847,0.857,1126588.76
2025-07-14 03:00:00,0.858,0.88,0.856,0.869,1424459.42
2025-07-14 04:00:00,0.87,0.886,0.868,0.884,1204590.11
2025-07-14 05:00:00,0.884,0.887,0.861,0.873,2067515.37
2025-07-14 06:00:00,0.872,0.874,0.865,0.87,971296.22
2025-07-14 07:00:00,0.869,0.883,0.866,0.88,1247748.6
2025-07-14 08:00:00,0.88,0.881,0.867,0.873,513817.67
2025-07-14 09:00:00,0.873,0.889,0.869,0.879,1034262.62
2025-07-14 10:00:00,0.879,0.889,0.868,0.886,1328548.7
2025-07-14 11:00:00,0.885,0.893,0.875,0.877,1085711.32
2025-07-14 12:00:00,0.877,0.883,0.87,0.883,851465.99
2025-07-14 13:00:00,0.884,0.892,0.878,0.886,1151265.11
2025-07-14 14:00:00,0.887,0.897,0.866,0.878,2337568.48
2025-07-14 15:00:00,0.877,0.88,0.855,0.863,2281681.2
2025-07-14 16:00:00,0.862,0.883,0.859,0.879,1073338.73
2025-07-14 17:00:00,0.879,0.879,0.864,0.869,791556.25
2025-07-14 18:00:00,0.869,0.869,0.851,0.852,429378.01
2025-07-14 19:00:00,0.851,0.859,0.849,0.854,303564.24
2025-07-14 20:00:00,0.853,0.86,0.841,0.855,788444.25
2025-07-14 21:00:00,0.854,0.868,0.854,0.865,204614.62
2025-07-14 22:00:00,0.864,0.864,0.857,0.861,508692.66
2025-07-14 23:00:00,0.861,0.862,0.856,0.861,198651.77
2025-07-15 00:00:00,0.861,0.868,0.848,0.851,487231.57
2025-07-15 01:00:00,0.851,0.861,0.841,0.853,648432.01
2025-07-15 02:00:00,0.852,0.858,0.843,0.846,624202.72
2025-07-15 03:00:00,0.846,0.847,0.826,0.836,1289660.13
2025-07-15 04:00:00,0.836,0.847,0.826,0.845,634461.9
2025-07-15 05:00:00,0.845,0.847,0.839,0.844,404959.42
2025-07-15 06:00:00,0.845,0.852,0.84,0.844,429291.54
2025-07-15 07:00:00,0.844,0.851,0.838,0.838,412412.52
2025-07-15 08:00:00,0.838,0.843,0.831,0.836,323663.1
2025-07-15 09:00:00,0.836,0.847,0.836,0.84,287109.88
2025-07-15 10:00:00,0.84,0.843,0.836,0.838,345365.31
2025-07-15 11:00:00,0.838,0.843,0.831,0.841,409785.58
2025-07-15 12:00:00,0.841,0.857,0.833,0.849,1219242.78
2025-07-15 13:00:00,0.849,0.89,0.847,0.87,2398684.86
2025-07-15 14:00:00,0.871,0.873,0.83,0.833,1263320.32
2025-07-15 15:00:00,0.833,0.865,0.831,0.862,1008362.35
2025-07-15 16:00:00,0.862,0.876,0.86,0.871,803674.58
2025-07-15 17:00:00,0.871,0.893,0.866,0.892,1326047.93
2025-07-15 18:00:00,0.893,0.895,0.866,0.876,1414327.62
2025-07-15 19:00:00,0.875,0.884,0.856,0.861,954645.28
2025-07-15 20:00:00,0.861,0.871,0.857,0.865,519394.9
2025-07-15 21:00:00,0.865,0.881,0.862,0.88,597452.33
2025-07-15 22:00:00,0.88,0.883,0.874,0.883,317549.62
2025-07-15 23:00:00,0.884,0.909,0.883,0.907,1673506.05
2025-07-16 00:00:00,0.908,0.919,0.896,0.916,1406334.0
2025-07-16 01:00:00,0.915,0.916,0.905,0.91,1029268.28
2025-07-16 02:00:00,0.91,0.91,0.884,0.889,995580.97
2025-07-16 03:00:00,0.888,0.895,0.887,0.891,499409.9
2025-07-16 04:00:00,0.892,0.897,0.882,0.897,725577.72
2025-07-16 05:00:00,0.897,0.911,0.896,0.907,739711.52
2025-07-16 06:00:00,0.907,0.92,0.901,0.92,991808.93
2025-07-16 07:00:00,0.919,0.93,0.915,0.92,1752311.01
2025-07-16 08:00:00,0.92,0.921,0.909,0.911,1316566.21
2025-07-16 09:00:00,0.911,0.916,0.903,0.91,775994.47
2025-07-16 10:00:00,0.91,0.911,0.9,0.9,1069175.02
2025-07-16 11:00:00,0.899,0.909,0.899,0.905,466101.6
2025-07-16 12:00:00,0.905,0.919,0.902,0.907,1516851.74
2025-07-16 13:00:00,0.907,0.923,0.905,0.922,1325381.07
2025-07-16 14:00:00,0.922,0.936,0.912,0.927,1832118.42
2025-07-16 15:00:00,0.927,0.931,0.899,0.912,2335349.98
2025-07-16 16:00:00,0.912,0.93,0.909,0.927,2248590.47
2025-07-16 17:00:00,0.928,0.933,0.92,0.928,588287.63
2025-07-16 18:00:00,0.927,0.939,0.926,0.927,1341364.73
2025-07-16 19:00:00,0.927,0.936,0.923,0.93,1878500.81
2025-07-16 20:00:00,0.93,0.946,0.93,0.938,1215992.66
2025-07-16 21:00:00,0.938,0.952,0.934,0.943,1463626.49
2025-07-16 22:00:00,0.943,0.948,0.922,0.925,757854.45
2025-07-16 23:00:00,0.926,0.928,0.918,0.928,818111.05
2025-07-17 00:00:00,0.928,0.944,0.927,0.93,561524.84
2025-07-17 01:00:00,0.931,0.941,0.912,0.922,830584.93
2025-07-17 02:00:00,0.922,0.931,0.919,0.925,229857.02
2025-07-17 03:00:00,0.926,0.927,0.904,0.909,1833282.13
2025-07-17 04:00:00,0.908,0.913,0.904,0.913,400830.77
2025-07-17 05:00:00,0.912,0.928,0.904,0.927,1499196.05
2025-07-17 06:00:00,0.927,0.945,0.916,0.938,1172701.85
2025-07-17 07:00:00,0.939,0.952,0.927,0.947,1227729.58
2025-07-17 08:00:00,0.947,0.953,0.936,0.948,1583969.71
2025-07-17 09:00:00,0.948,0.969,0.943,0.963,4389567.7
2025-07-17 10:00:00,0.964,0.969,0.944,0.947,2020845.18
2025-07-17 11:00:00,0.947,0.947,0.932,0.933,1161183.14
2025-07-17 12:00:00,0.934,0.949,0.925,0.945,1460388.68
2025-07-17 13:00:00,0.944,0.949,0.917,0.935,1451990.15
2025-07-17 14:00:00,0.934,0.945,0.929,0.94,1142201.81
2025-07-17 15:00:00,0.94,0.941,0.925,0.937,1145152.32
2025-07-17 16:00:00,0.937,1.006,0.91,0.976,13006406.18
2025-07-17 17:00:00,0.977,1.072,0.958,1.052,20727440.61
2025-07-17 18:00:00,1.052,1.073,1.018,1.036,6604388.57
2025-07-17 19:00:00,1.037,1.045,1.014,1.017,2712594.47
2025-07-17 20:00:00,1.017,1.018,0.989,1.006,3411341.88
2025-07-17 21:00:00,1.006,1.05,1.005,1.035,3037620.82
2025-07-17 22:00:00,1.035,1.064,1.023,1.046,2732906.52
2025-07-17 23:00:00,1.046,1.062,1.036,1.04,2056506.11
2025-07-18 00:00:00,1.04,1.082,1.029,1.078,2665930.75
2025-07-18 01:00:00,1.078,1.12,1.069,1.11,6311618.47
2025-07-18 02:00:00,1.111,1.118,1.094,1.102,4026243.34
2025-07-18 03:00:00,1.102,1.108,1.088,1.1,2340612.84
2025-07-18 04:00:00,1.101,1.127,1.098,1.118,2960339.5
2025-07-18 05:00:00,1.118,1.149,1.117,1.149,3991767.0
2025-07-18 06:00:00,1.148,1.156,1.119,1.127,3653883.74
2025-07-18 07:00:00,1.128,1.149,1.122,1.123,2658272.21
2025-07-18 08:00:00,1.124,1.153,1.115,1.134,2711886.52
2025-07-18 09:00:00,1.135,1.137,1.04,1.103,4303025.31
2025-07-18 10:00:00,1.104,1.104,1.068,1.082,3542084.63
2025-07-18 11:00:00,1.083,1.09,1.054,1.065,1953272.67
2025-07-18 12:00:00,1.065,1.096,1.061,1.096,1549762.68
2025-07-18 13:00:00,1.095,1.144,1.088,1.132,3689492.26
2025-07-18 14:00:00,1.133,1.137,1.096,1.108,5374913.73
2025-07-18 15:00:00,1.108,1.112,1.063,1.075,2755560.35
2025-07-18 16:00:00,1.075,1.09,1.067,1.08,1059217.37
2025-07-18 17:00:00,1.08,1.1,1.075,1.09,1009102.43
2025-07-18 18:00:00,1.089,1.092,1.068,1.08,578419.13
2025-07-18 19:00:00,1.08,1.092,1.06,1.073,1342937.55
2025-07-18 20:00:00,1.072,1.074,1.034,1.056,2436830.26
2025-07-18 21:00:00,1.056,1.075,1.055,1.061,968440.93
2025-07-18 22:00:00,1.061,1.066,1.047,1.049,636848.8
2025-07-18 23:00:00,1.049,1.055,1.041,1.054,593946.22
2025-07-19 00:00:00,1.055,1.07,1.04,1.041,1221904.72
2025-07-19 01:00:00,1.041,1.069,1.028,1.067,1388818.31
2025-07-19 02:00:00,1.068,1.078,1.06,1.072,690865.16
2025-07-19 03:00:00,1.072,1.118,1.072,1.107,2848336.7
2025-07-19 04:00:00,1.107,1.122,1.093,1.103,1593776.92
2025-07-19 05:00:00,1.103,1.103,1.092,1.093,455659.45
2025-07-19 06:00:00,1.093,1.105,1.089,1.093,418727.11
2025-07-19 07:00:00,1.093,1.101,1.082,1.082,675693.92
2025-07-19 08:00:00,1.082,1.086,1.073,1.076,510759.55
2025-07-19 09:00:00,1.076,1.083,1.071,1.072,279246.9
2025-07-19 10:00:00,1.072,1.079,1.068,1.071,292687.13
2025-07-19 11:00:00,1.071,1.084,1.062,1.077,521284.5
2025-07-19 12:00:00,1.077,1.09,1.074,1.087,1005204.02
2025-07-19 13:00:00,1.087,1.09,1.078,1.082,301117.93
2025-07-19 14:00:00,1.082,1.088,1.074,1.078,679839.94
2025-07-19 15:00:00,1.078,1.099,1.077,1.086,866570.82
2025-07-19 16:00:00,1.085,1.099,1.076,1.089,662434.21
2025-07-19 17:00:00,1.09,1.09,1.069,1.082,566867.76
2025-07-19 18:00:00,1.082,1.105,1.078,1.103,586988.74
2025-07-19 19:00:00,1.104,1.129,1.098,1.117,2139423.49
2025-07-19 20:00:00,1.118,1.129,1.108,1.11,730630.79
2025-07-19 21:00:00,1.11,1.113,1.086,1.112,660251.43
2025-07-19 22:00:00,1.111,1.129,1.104,1.108,1066595.21
2025-07-19 23:00:00,1.107,1.115,1.102,1.11,322118.65
2025-07-20 00:00:00,1.11,1.114,1.097,1.1,758522.5
2025-07-20 01:00:00,1.1,1.117,1.094,1.095,1504894.22
2025-07-20 02:00:00,1.096,1.108,1.091,1.101,689011.08
2025-07-20 03:00:00,1.1,1.133,1.097,1.127,1444458.78
2025-07-20 04:00:00,1.127,1.17,1.106,1.116,3448282.3
2025-07-20 05:00:00,1.116,1.126,1.106,1.124,977653.51
2025-07-20 06:00:00,1.124,1.124,1.111,1.113,579574.25
2025-07-20 07:00:00,1.113,1.135,1.113,1.124,714835.65
2025-07-20 08:00:00,1.123,1.166,1.121,1.16,2472515.29
2025-07-20 09:00:00,1.16,1.221,1.156,1.197,6691709.8
2025-07-20 10:00:00,1.197,1.228,1.197,1.213,4140846.59
2025-07-20 11:00:00,1.213,1.229,1.2,1.222,3587254.26
2025-07-20 12:00:00,1.221,1.233,1.183,1.194,2315174.68
2025-07-20 13:00:00,1.194,1.206,1.179,1.198,1118631.65
2025-07-20 14:00:00,1.198,1.198,1.166,1.185,2759195.06
2025-07-20 15:00:00,1.185,1.27,1.183,1.245,6850119.82
2025-07-20 16:00:00,1.244,1.291,1.227,1.285,3907055.02
2025-07-20 17:00:00,1.284,1.284,1.211,1.212,8086649.85
2025-07-20 18:00:00,1.213,1.229,1.213,1.229,1024785.62
2025-07-20 19:00:00,1.228,1.244,1.223,1.233,1463359.48
2025-07-20 20:00:00,1.232,1.232,1.214,1.222,967546.33
2025-07-20 21:00:00,1.223,1.236,1.216,1.228,566256.93
2025-07-20 22:00:00,1.229,1.231,1.178,1.199,3119552.24
2025-07-20 23:00:00,1.2,1.21,1.189,1.19,1043552.14
2025-07-21 00:00:00,1.191,1.197,1.172,1.196,1229498.18
2025-07-21 01:00:00,1.197,1.208,1.183,1.191,978753.94
2025-07-21 02:00:00,1.19,1.205,1.189,1.201,704982.11
2025-07-21 03:00:00,1.201,1.215,1.199,1.214,974655.12
2025-07-21 04:00:00,1.213,1.223,1.206,1.216,934624.95
2025-07-21 05:00:00,1.216,1.222,1.204,1.222,737863.18
2025-07-21 06:00:00,1.222,1.244,1.214,1.227,2121372.47
2025-07-21 07:00:00,1.228,1.243,1.228,1.23,1058751.67
2025-07-21 08:00:00,1.229,1.236,1.211,1.221,1604618.32
2025-07-21 09:00:00,1.222,1.224,1.21,1.218,1228354.56
2025-07-21 10:00:00,1.218,1.253,1.212,1.253,1718270.86
2025-07-21 11:00:00,1.253,1.256,1.239,1.246,2067138.75
2025-07-21 12:00:00,1.247,1.255,1.238,1.248,1373921.73
2025-07-21 13:00:00,1.248,1.264,1.229,1.26,2107438.22
2025-07-21 14:00:00,1.261,1.279,1.24,1.258,3504366.55
2025-07-21 15:00:00,1.257,1.269,1.247,1.25,1955374.18
2025-07-21 16:00:00,1.251,1.257,1.216,1.239,2763621.12
2025-07-21 17:00:00,1.238,1.264,1.235,1.259,1537264.71
2025-07-21 18:00:00,1.26,1.262,1.223,1.228,947404.68
2025-07-21 19:00:00,1.227,1.242,1.201,1.209,1582439.68
2025-07-21 20:00:00,1.208,1.221,1.202,1.206,2729884.94
2025-07-21 21:00:00,1.205,1.217,1.2,1.211,867316.97
2025-07-21 22:00:00,1.211,1.221,1.205,1.209,459528.87
2025-07-21 23:00:00,1.209,1.214,1.197,1.203,1107646.51
2025-07-22 00:00:00,1.203,1.213,1.189,1.193,931992.87
2025-07-22 01:00:00,1.193,1.214,1.124,1.211,2890843.11
2025-07-22 02:00:00,1.212,1.217,1.176,1.18,857182.58
2025-07-22 03:00:00,1.18,1.187,1.167,1.179,1233752.24
2025-07-22 04:00:00,1.179,1.185,1.146,1.149,1414105.88
2025-07-22 05:00:00,1.149,1.169,1.148,1.164,1924609.81
2025-07-22 06:00:00,1.165,1.181,1.161,1.17,1001541.05
2025-07-22 07:00:00,1.17,1.187,1.161,1.165,1168677.59
2025-07-22 08:00:00,1.165,1.165,1.138,1.152,2738446.35
2025-07-22 09:00:00,1.151,1.163,1.133,1.16,1042692.09
2025-07-22 10:00:00,1.16,1.189,1.16,1.187,827858.85
2025-07-22 11:00:00,1.188,1.188,1.174,1.178,734122.47
2025-07-22 12:00:00,1.178,1.18,1.165,1.169,555194.46
2025-07-22 13:00:00,1.169,1.185,1.156,1.159,1411443.78
2025-07-22 14:00:00,1.158,1.199,1.142,1.196,2214198.67
2025-07-22 15:00:00,1.196,1.202,1.174,1.189,2328404.12
2025-07-22 16:00:00,1.189,1.209,1.183,1.198,1412478.09
2025-07-22 17:00:00,1.197,1.203,1.179,1.19,1148018.16
2025-07-22 18:00:00,1.19,1.205,1.181,1.2,590973.68
2025-07-22 19:00:00,1.2,1.204,1.179,1.188,802356.27
2025-07-22 20:00:00,1.187,1.221,1.185,1.218,792791.98
2025-07-22 21:00:00,1.218,1.219,1.203,1.209,467439.12
2025-07-22 22:00:00,1.209,1.217,1.207,1.21,565736.37
2025-07-22 23:00:00,1.209,1.221,1.208,1.219,1060030.27
2025-07-23 00:00:00,1.218,1.22,1.194,1.197,952804.15
2025-07-23 01:00:00,1.197,1.204,1.19,1.192,751300.12
2025-07-23 02:00:00,1.192,1.203,1.187,1.19,695982.81
2025-07-23 03:00:00,1.19,1.198,1.18,1.184,457296.83
2025-07-23 04:00:00,1.184,1.192,1.181,1.192,256281.88
2025-07-23 05:00:00,1.191,1.192,1.182,1.187,322774.2
2025-07-23 06:00:00,1.188,1.188,1.13,1.175,1868571.61
2025-07-23 07:00:00,1.174,1.185,1.167,1.169,624914.96
2025-07-23 08:00:00,1.169,1.173,1.163,1.172,529751.41
2025-07-23 09:00:00,1.172,1.173,1.153,1.155,503286.22
2025-07-23 10:00:00,1.155,1.159,1.146,1.159,480542.45
2025-07-23 11:00:00,1.158,1.158,1.146,1.154,547944.22
2025-07-23 12:00:00,1.154,1.156,1.121,1.128,901988.71
2025-07-23 13:00:00,1.129,1.134,1.077,1.089,6056368.45
2025-07-23 14:00:00,1.089,1.11,1.086,1.1,1388825.0
2025-07-23 15:00:00,1.1,1.113,1.089,1.11,978383.57
2025-07-23 16:00:00,1.11,1.11,1.075,1.077,1065436.65
2025-07-23 17:00:00,1.077,1.087,1.064,1.084,1391926.1
2025-07-23 18:00:00,1.084,1.095,1.082,1.095,389472.66
2025-07-23 19:00:00,1.095,1.096,1.079,1.081,396201.17
2025-07-23 20:00:00,1.081,1.087,1.052,1.073,1729664.04
2025-07-23 21:00:00,1.073,1.082,1.047,1.079,1710526.5
2025-07-23 22:00:00,1.079,1.103,1.069,1.092,551319.63
2025-07-23 23:00:00,1.092,1.104,1.091,1.093,277139.58
2025-07-24 00:00:00,1.093,1.105,1.083,1.105,538365.37
2025-07-24 01:00:00,1.105,1.105,1.087,1.101,559093.05
2025-07-24 02:00:00,1.101,1.104,1.089,1.093,440619.4
2025-07-24 03:00:00,1.093,1.107,1.091,1.094,530822.38
2025-07-24 04:00:00,1.094,1.1,1.078,1.079,609907.07
2025-07-24 05:00:00,1.079,1.083,1.051,1.054,881260.46
2025-07-24 06:00:00,1.055,1.076,1.026,1.043,1883275.99
2025-07-24 07:00:00,1.043,1.062,1.024,1.059,1921760.0
2025-07-24 08:00:00,1.059,1.086,1.051,1.079,1423579.84
2025-07-24 09:00:00,1.08,1.084,1.064,1.07,503164.71
2025-07-24 10:00:00,1.071,1.079,1.051,1.068,596338.78
2025-07-24 11:00:00,1.067,1.089,1.066,1.086,953888.09
2025-07-24 12:00:00,1.086,1.09,1.071,1.076,872296.87
2025-07-24 13:00:00,1.076,1.087,1.07,1.072,502540.57
2025-07-24 14:00:00,1.073,1.127,1.067,1.126,2430876.72
2025-07-24 15:00:00,1.126,1.133,1.099,1.105,2744097.1
2025-07-24 16:00:00,1.105,1.106,1.072,1.079,877725.12
2025-07-24 17:00:00,1.08,1.104,1.078,1.098,658912.13
2025-07-24 18:00:00,1.098,1.106,1.088,1.103,370014.03
2025-07-24 19:00:00,1.103,1.11,1.099,1.102,422246.04
2025-07-24 20:00:00,1.102,1.111,1.098,1.107,408442.62
2025-07-24 21:00:00,1.106,1.107,1.083,1.088,265739.28
2025-07-24 22:00:00,1.088,1.094,1.078,1.085,493722.14
2025-07-24 23:00:00,1.085,1.085,1.066,1.073,728694.14
2025-07-25 00:00:00,1.074,1.075,1.05,1.054,908038.67
2025-07-25 01:00:00,1.054,1.07,1.041,1.066,684692.49
2025-07-25 02:00:00,1.066,1.07,1.038,1.042,964868.4
2025-07-25 03:00:00,1.041,1.054,1.031,1.046,788419.3
2025-07-25 04:00:00,1.045,1.064,1.033,1.063,728781.67
2025-07-25 05:00:00,1.062,1.063,1.047,1.049,654218.09
2025-07-25 06:00:00,1.049,1.061,1.041,1.056,374612.56
2025-07-25 07:00:00,1.055,1.072,1.048,1.063,1180617.98
2025-07-25 08:00:00,1.063,1.08,1.062,1.068,1889625.62
2025-07-25 09:00:00,1.068,1.098,1.061,1.095,2971296.91
2025-07-25 10:00:00,1.095,1.104,1.088,1.096,1051148.64
2025-07-25 11:00:00,1.096,1.112,1.095,1.104,1039658.75
2025-07-25 12:00:00,1.104,1.11,1.092,1.095,815865.54
2025-07-25 13:00:00,1.096,1.098,1.082,1.094,909972.22
2025-07-25 14:00:00,1.095,1.098,1.064,1.066,1790623.37
2025-07-25 15:00:00,1.066,1.074,1.046,1.064,1063125.89
2025-07-25 16:00:00,1.063,1.077,1.053,1.074,485748.97
2025-07-25 17:00:00,1.073,1.08,1.059,1.059,328495.23
2025-07-25 18:00:00,1.059,1.071,1.058,1.065,221239.66
2025-07-25 19:00:00,1.064,1.077,1.062,1.068,125444.78
2025-07-25 20:00:00,1.067,1.096,1.066,1.089,398558.45
2025-07-25 21:00:00,1.09,1.102,1.09,1.1,295782.1
2025-07-25 22:00:00,1.1,1.103,1.092,1.093,819678.34
2025-07-25 23:00:00,1.094,1.097,1.091,1.096,248260.87
2025-07-26 00:00:00,1.096,1.101,1.092,1.098,678986.64
2025-07-26 01:00:00,1.098,1.098,1.085,1.085,320883.18
2025-07-26 02:00:00,1.086,1.106,1.085,1.097,412607.74
2025-07-26 03:00:00,1.097,1.098,1.085,1.095,377170.88
2025-07-26 04:00:00,1.095,1.102,1.094,1.099,393576.85
2025-07-26 05:00:00,1.098,1.108,1.096,1.106,268484.18
2025-07-26 06:00:00,1.106,1.107,1.097,1.1,210194.87
2025-07-26 07:00:00,1.099,1.103,1.096,1.1,197620.97
2025-07-26 08:00:00,1.099,1.103,1.091,1.096,970095.91
2025-07-26 09:00:00,1.096,1.097,1.086,1.091,1275153.66
2025-07-26 10:00:00,1.092,1.098,1.088,1.09,375733.97
2025-07-26 11:00:00,1.09,1.093,1.082,1.083,426185.87
2025-07-26 12:00:00,1.083,1.088,1.077,1.086,347044.57
2025-07-26 13:00:00,1.086,1.094,1.083,1.086,534750.06
2025-07-26 14:00:00,1.086,1.091,1.078,1.079,494533.54
2025-07-26 15:00:00,1.079,1.086,1.074,1.086,262027.86
2025-07-26 16:00:00,1.085,1.09,1.079,1.083,293826.75
2025-07-26 17:00:00,1.083,1.083,1.073,1.077,315526.43
2025-07-26 18:00:00,1.077,1.09,1.072,1.087,556436.68
2025-07-26 19:00:00,1.086,1.095,1.086,1.094,183179.45
2025-07-26 20:00:00,1.094,1.094,1.085,1.086,264492.63
2025-07-26 21:00:00,1.085,1.09,1.082,1.089,209857.28
2025-07-26 22:00:00,1.089,1.101,1.082,1.082,607863.57
2025-07-26 23:00:00,1.083,1.084,1.075,1.078,192947.87
2025-07-27 00:00:00,1.079,1.082,1.074,1.082,176384.65
2025-07-27 01:00:00,1.083,1.094,1.079,1.086,383820.68
2025-07-27 02:00:00,1.086,1.102,1.082,1.101,495138.25
2025-07-27 03:00:00,1.101,1.103,1.093,1.097,362939.48
2025-07-27 04:00:00,1.097,1.106,1.092,1.106,292067.2
2025-07-27 05:00:00,1.105,1.119,1.105,1.108,1138562.03
2025-07-27 06:00:00,1.108,1.109,1.092,1.095,528953.54
2025-07-27 07:00:00,1.096,1.096,1.079,1.081,935931.64
2025-07-27 08:00:00,1.08,1.086,1.077,1.085,383576.53
2025-07-27 09:00:00,1.084,1.084,1.075,1.079,265186.88
2025-07-27 10:00:00,1.079,1.112,1.078,1.108,649311.77
2025-07-27 11:00:00,1.107,1.11,1.097,1.101,539538.76
2025-07-27 12:00:00,1.101,1.111,1.095,1.11,526625.79
2025-07-27 13:00:00,1.11,1.13,1.104,1.106,1099857.15
2025-07-27 14:00:00,1.105,1.127,1.104,1.11,1025838.46
2025-07-27 15:00:00,1.11,1.123,1.103,1.12,1018474.5
2025-07-27 16:00:00,1.121,1.142,1.114,1.12,2105690.7
2025-07-27 17:00:00,1.12,1.126,1.112,1.125,644636.32
2025-07-27 18:00:00,1.125,1.139,1.123,1.13,882492.43
2025-07-27 19:00:00,1.13,1.132,1.122,1.126,229611.83
2025-07-27 20:00:00,1.126,1.133,1.12,1.123,380124.37
2025-07-27 21:00:00,1.124,1.134,1.117,1.132,332284.76
2025-07-27 22:00:00,1.133,1.153,1.132,1.147,956261.97
2025-07-27 23:00:00,1.146,1.146,1.133,1.141,650184.65
2025-07-28 00:00:00,1.141,1.153,1.135,1.135,935060.12
2025-07-28 01:00:00,1.134,1.136,1.121,1.125,736567.6
2025-07-28 02:00:00,1.124,1.158,1.118,1.15,1791606.68
2025-07-28 03:00:00,1.15,1.155,1.139,1.148,310653.68
2025-07-28 04:00:00,1.147,1.162,1.138,1.161,674892.46
2025-07-28 05:00:00,1.161,1.187,1.158,1.184,1554469.01
2025-07-28 06:00:00,1.183,1.187,1.167,1.178,1036218.1
2025-07-28 07:00:00,1.178,1.178,1.157,1.164,707369.75
2025-07-28 08:00:00,1.164,1.181,1.161,1.18,1799168.94
2025-07-28 09:00:00,1.18,1.188,1.172,1.184,1075922.71
2025-07-28 10:00:00,1.183,1.193,1.175,1.181,501266.96
2025-07-28 11:00:00,1.18,1.182,1.161,1.168,837640.16
2025-07-28 12:00:00,1.168,1.177,1.158,1.158,613071.45
2025-07-28 13:00:00,1.159,1.161,1.13,1.133,1974748.8
2025-07-28 14:00:00,1.133,1.138,1.088,1.094,3830245.06
2025-07-28 15:00:00,1.094,1.108,1.088,1.095,1435415.01
2025-07-28 16:00:00,1.095,1.11,1.083,1.099,1234942.91
2025-07-28 17:00:00,1.098,1.102,1.087,1.089,761924.82
2025-07-28 18:00:00,1.089,1.09,1.067,1.079,797071.51
2025-07-28 19:00:00,1.079,1.09,1.07,1.081,651340.81
2025-07-28 20:00:00,1.081,1.084,1.066,1.075,546049.65
2025-07-28 21:00:00,1.074,1.083,1.061,1.074,845369.22
2025-07-28 22:00:00,1.074,1.081,1.059,1.068,331417.53
2025-07-28 23:00:00,1.069,1.076,1.064,1.073,262557.51
2025-07-29 00:00:00,1.074,1.085,1.053,1.067,1266634.03
2025-07-29 01:00:00,1.068,1.071,1.054,1.054,182303.72
2025-07-29 02:00:00,1.054,1.057,1.042,1.049,668444.68
2025-07-29 03:00:00,1.049,1.068,1.049,1.061,780501.34
2025-07-29 04:00:00,1.061,1.066,1.054,1.055,419507.53
2025-07-29 05:00:00,1.054,1.083,1.053,1.083,850411.2
2025-07-29 06:00:00,1.083,1.093,1.077,1.091,827049.09
2025-07-29 07:00:00,1.091,1.12,1.091,1.11,1482170.73
2025-07-29 08:00:00,1.111,1.111,1.094,1.101,1086902.21
2025-07-29 09:00:00,1.101,1.102,1.087,1.092,679643.08
2025-07-29 10:00:00,1.092,1.094,1.069,1.072,966682.76
2025-07-29 11:00:00,1.072,1.084,1.071,1.075,414277.03
2025-07-29 12:00:00,1.075,1.091,1.075,1.081,1172548.51
2025-07-29 13:00:00,1.081,1.097,1.072,1.075,970434.11
2025-07-29 14:00:00,1.075,1.075,1.044,1.05,1833317.58
2025-07-29 15:00:00,1.05,1.051,1.026,1.036,1541332.48
2025-07-29 16:00:00,1.037,1.039,1.011,1.022,1598203.27
2025-07-29 17:00:00,1.022,1.078,1.02,1.045,6436903.84
2025-07-29 18:00:00,1.046,1.047,1.03,1.036,1380882.95
2025-07-29 19:00:00,1.037,1.048,1.029,1.031,710937.61
2025-07-29 20:00:00,1.031,1.048,1.016,1.034,1438938.52
2025-07-29 21:00:00,1.035,1.051,1.025,1.045,490809.11
2025-07-29 22:00:00,1.045,1.048,1.034,1.042,269954.9
2025-07-29 23:00:00,1.042,1.047,1.037,1.042,432404.18
2025-07-30 00:00:00,1.043,1.043,1.025,1.033,335673.03
2025-07-30 01:00:00,1.034,1.047,1.021,1.037,567982.56
2025-07-30 02:00:00,1.037,1.052,1.033,1.046,329711.44
2025-07-30 03:00:00,1.047,1.049,1.038,1.038,298975.94
2025-07-30 04:00:00,1.038,1.045,1.03,1.034,211647.28
2025-07-30 05:00:00,1.034,1.046,1.029,1.04,214253.11
2025-07-30 06:00:00,1.041,1.047,1.036,1.045,187894.52
2025-07-30 07:00:00,1.044,1.048,1.029,1.034,243352.52
2025-07-30 08:00:00,1.034,1.042,1.027,1.036,434323.55
2025-07-30 09:00:00,1.036,1.039,1.017,1.023,567350.79
2025-07-30 10:00:00,1.023,1.032,1.014,1.017,387256.41
2025-07-30 11:00:00,1.017,1.022,0.992,1.0,1915392.63
2025-07-30 12:00:00,1.0,1.012,0.988,1.005,1785022.89
2025-07-30 13:00:00,1.005,1.009,0.995,1.005,832954.93
2025-07-30 14:00:00,1.004,1.03,1.0,1.027,750289.01
2025-07-30 15:00:00,1.027,1.029,1.013,1.021,461152.86
2025-07-30 16:00:00,1.022,1.041,1.015,1.03,950212.34
2025-07-30 17:00:00,1.03,1.044,1.029,1.04,447762.43
2025-07-30 18:00:00,1.039,1.047,1.011,1.013,1717257.06
2025-07-30 19:00:00,1.013,1.032,0.969,1.027,3525566.36
2025-07-30 20:00:00,1.027,1.043,1.025,1.028,570514.02
2025-07-30 21:00:00,1.028,1.032,1.007,1.017,436501.5
2025-07-30 22:00:00,1.017,1.02,1.005,1.01,263940.11
2025-07-30 23:00:00,1.01,1.031,1.01,1.015,598593.47
2025-07-31 00:00:00,1.015,1.031,1.008,1.028,924226.71
2025-07-31 01:00:00,1.028,1.032,1.019,1.03,618885.03
2025-07-31 02:00:00,1.03,1.043,1.025,1.04,351427.69
2025-07-31 03:00:00,1.039,1.046,1.036,1.042,281366.74
2025-07-31 04:00:00,1.043,1.045,1.036,1.044,330691.19
2025-07-31 05:00:00,1.043,1.046,1.039,1.04,216394.24
2025-07-31 06:00:00,1.04,1.051,1.037,1.05,265189.08
2025-07-31 07:00:00,1.049,1.05,1.034,1.037,387790.91
2025-07-31 08:00:00,1.037,1.045,1.037,1.039,208259.24
2025-07-31 09:00:00,1.038,1.043,1.036,1.039,408940.07
2025-07-31 10:00:00,1.04,1.041,1.033,1.034,243945.02
2025-07-31 11:00:00,1.035,1.036,1.024,1.027,266960.68
2025-07-31 12:00:00,1.028,1.03,1.014,1.02,425218.15
2025-07-31 13:00:00,1.019,1.019,0.994,1.001,1516428.17
2025-07-31 14:00:00,1.002,1.005,0.983,0.99,1363487.02
2025-07-31 15:00:00,0.99,1.004,0.986,0.997,526820.84
2025-07-31 16:00:00,0.997,1.02,0.995,1.009,664506.21
2025-07-31 17:00:00,1.009,1.009,0.991,0.993,531623.9
2025-07-31 18:00:00,0.993,0.999,0.981,0.99,471050.05
2025-07-31 19:00:00,0.991,0.993,0.978,0.981,320324.89
2025-07-31 20:00:00,0.98,0.981,0.97,0.975,814928.08
2025-07-31 21:00:00,0.975,0.979,0.956,0.967,830626.95
2025-07-31 22:00:00,0.966,0.966,0.952,0.957,640257.17
2025-07-31 23:00:00,0.956,0.964,0.946,0.951,579238.59
2025-08-01 00:00:00,0.951,0.953,0.918,0.944,2533574.0
2025-08-01 01:00:00,0.944,0.949,0.932,0.941,763074.86
2025-08-01 02:00:00,0.94,0.957,0.938,0.955,697512.47
2025-08-01 03:00:00,0.955,0.96,0.949,0.954,232877.82
2025-08-01 04:00:00,0.953,0.953,0.943,0.943,595575.37
2025-08-01 05:00:00,0.942,0.947,0.934,0.939,313961.13
2025-08-01 06:00:00,0.939,0.94,0.927,0.94,702762.1
2025-08-01 07:00:00,0.94,0.943,0.928,0.933,585500.92
2025-08-01 08:00:00,0.932,0.932,0.908,0.92,1517139.49
2025-08-01 09:00:00,0.92,0.932,0.92,0.922,654181.67
2025-08-01 10:00:00,0.922,0.931,0.921,0.926,385227.46
2025-08-01 11:00:00,0.927,0.936,0.922,0.934,740444.96
2025-08-01 12:00:00,0.933,0.943,0.924,0.935,1258446.94
2025-08-01 13:00:00,0.935,0.944,0.905,0.914,1787325.73
2025-08-01 14:00:00,0.914,0.945,0.907,0.94,1892786.33
2025-08-01 15:00:00,0.94,0.953,0.933,0.948,956858.54
2025-08-01 16:00:00,0.948,0.953,0.927,0.931,689706.78
2025-08-01 17:00:00,0.93,0.933,0.915,0.919,985468.22
2025-08-01 18:00:00,0.918,0.932,0.909,0.92,1140858.02
2025-08-01 19:00:00,0.919,0.933,0.916,0.927,591111.75
2025-08-01 20:00:00,0.927,0.932,0.898,0.919,1315086.2
2025-08-01 21:00:00,0.919,0.926,0.912,0.914,473568.84
2025-08-01 22:00:00,0.913,0.913,0.869,0.884,2496290.92
2025-08-01 23:00:00,0.884,0.903,0.883,0.899,704372.13
2025-08-02 00:00:00,0.899,0.905,0.891,0.902,954009.69
2025-08-02 01:00:00,0.903,0.905,0.895,0.903,350105.79
2025-08-02 02:00:00,0.902,0.906,0.898,0.904,276836.95
2025-08-02 03:00:00,0.905,0.908,0.902,0.904,285765.15
2025-08-02 04:00:00,0.904,0.907,0.898,0.902,409424.6
2025-08-02 05:00:00,0.902,0.904,0.898,0.9,269328.94
2025-08-02 06:00:00,0.9,0.901,0.877,0.882,827707.53
2025-08-02 07:00:00,0.882,0.901,0.873,0.9,753096.77
2025-08-02 08:00:00,0.901,0.901,0.885,0.887,468550.59
2025-08-02 09:00:00,0.886,0.891,0.883,0.887,301557.78
2025-08-02 10:00:00,0.886,0.889,0.88,0.888,277955.97
2025-08-02 11:00:00,0.888,0.901,0.887,0.895,424579.31
2025-08-02 12:00:00,0.895,0.896,0.887,0.895,247221.3
2025-08-02 13:00:00,0.895,0.899,0.888,0.896,313982.54
2025-08-02 14:00:00,0.896,0.897,0.879,0.884,484399.0
2025-08-02 15:00:00,0.885,0.893,0.876,0.88,413072.87
2025-08-02 16:00:00,0.879,0.893,0.871,0.886,622695.34
2025-08-02 17:00:00,0.887,0.893,0.862,0.866,680163.58
2025-08-02 18:00:00,0.867,0.872,0.853,0.859,1380838.02
2025-08-02 19:00:00,0.858,0.877,0.851,0.86,824054.96
2025-08-02 20:00:00,0.86,0.872,0.859,0.87,453232.49
2025-08-02 21:00:00,0.87,0.878,0.865,0.87,303473.65
2025-08-02 22:00:00,0.87,0.879,0.864,0.876,171475.02
2025-08-02 23:00:00,0.876,0.877,0.861,0.87,221141.1
2025-08-03 00:00:00,0.87,0.88,0.856,0.879,444781.84
2025-08-03 01:00:00,0.879,0.883,0.874,0.88,244380.18
2025-08-03 02:00:00,0.88,0.892,0.88,0.891,383796.53
2025-08-03 03:00:00,0.891,0.892,0.887,0.888,174910.49
2025-08-03 04:00:00,0.887,0.89,0.885,0.89,111166.08
2025-08-03 05:00:00,0.89,0.893,0.888,0.89,126978.09
2025-08-03 06:00:00,0.889,0.894,0.884,0.887,290492.0
2025-08-03 07:00:00,0.888,0.891,0.885,0.89,244616.79
2025-08-03 08:00:00,0.89,0.897,0.89,0.896,273318.11
2025-08-03 09:00:00,0.896,0.9,0.892,0.9,169656.0
2025-08-03 10:00:00,0.9,0.904,0.898,0.902,322809.61
2025-08-03 11:00:00,0.902,0.907,0.9,0.9,333058.96
2025-08-03 12:00:00,0.9,0.906,0.892,0.903,794933.33
2025-08-03 13:00:00,0.903,0.911,0.899,0.906,354546.93
2025-08-03 14:00:00,0.907,0.908,0.901,0.906,263833.75
2025-08-03 15:00:00,0.905,0.909,0.903,0.909,490633.69
2025-08-03 16:00:00,0.908,0.916,0.905,0.914,581343.79
2025-08-03 17:00:00,0.914,0.916,0.908,0.914,621412.84
2025-08-03 18:00:00,0.914,0.917,0.909,0.916,138994.53
2025-08-03 19:00:00,0.917,0.922,0.914,0.917,340309.39
2025-08-03 20:00:00,0.916,0.921,0.913,0.919,216753.24
2025-08-03 21:00:00,0.919,0.923,0.917,0.922,233523.16
2025-08-03 22:00:00,0.923,0.926,0.916,0.922,187311.74
2025-08-03 23:00:00,0.922,0.925,0.918,0.919,298960.14
2025-08-04 00:00:00,0.92,0.941,0.918,0.939,470276.33
2025-08-04 01:00:00,0.939,0.945,0.927,0.929,549033.25
2025-08-04 02:00:00,0.929,0.94,0.925,0.94,338380.42
2025-08-04 03:00:00,0.939,0.941,0.931,0.933,305096.27
2025-08-04 04:00:00,0.933,0.939,0.926,0.928,263138.29
2025-08-04 05:00:00,0.928,0.932,0.924,0.931,154930.15
2025-08-04 06:00:00,0.932,0.932,0.924,0.931,199577.33
2025-08-04 07:00:00,0.931,0.939,0.93,0.935,248295.02
2025-08-04 08:00:00,0.936,0.938,0.928,0.932,319101.99
2025-08-04 09:00:00,0.932,0.936,0.927,0.927,233613.54
2025-08-04 10:00:00,0.928,0.933,0.926,0.929,299244.64
2025-08-04 11:00:00,0.929,0.932,0.923,0.924,340378.58
2025-08-04 12:00:00,0.925,0.931,0.922,0.931,201037.95
2025-08-04 13:00:00,0.931,0.943,0.925,0.943,698580.92
2025-08-04 14:00:00,0.943,0.953,0.935,0.937,1203420.58
2025-08-04 15:00:00,0.937,0.945,0.933,0.941,399904.92
2025-08-04 16:00:00,0.94,0.954,0.94,0.948,509021.6
2025-08-04 17:00:00,0.949,0.959,0.941,0.944,632353.55
2025-08-04 18:00:00,0.943,0.946,0.934,0.936,299231.06
2025-08-04 19:00:00,0.936,0.939,0.929,0.934,300583.63
2025-08-04 20:00:00,0.933,0.947,0.933,0.943,328518.91
2025-08-04 21:00:00,0.944,0.956,0.944,0.95,365789.99
2025-08-04 22:00:00,0.951,0.956,0.951,0.956,276518.93
2025-08-04 23:00:00,0.956,0.957,0.951,0.955,185777.46
2025-08-05 00:00:00,0.954,0.959,0.949,0.951,230500.49
2025-08-05 01:00:00,0.951,0.956,0.948,0.95,189632.74
2025-08-05 02:00:00,0.95,0.954,0.947,0.948,292045.16
2025-08-05 03:00:00,0.948,0.949,0.934,0.934,303859.76
2025-08-05 04:00:00,0.934,0.94,0.931,0.932,223014.55
2025-08-05 05:00:00,0.933,0.94,0.931,0.939,183917.11
2025-08-05 06:00:00,0.939,0.944,0.927,0.93,409792.29
2025-08-05 07:00:00,0.93,0.931,0.912,0.916,696328.0
2025-08-05 08:00:00,0.916,0.927,0.915,0.926,308956.8
2025-08-05 09:00:00,0.926,0.932,0.925,0.929,227878.67
2025-08-05 10:00:00,0.929,0.938,0.926,0.933,247050.26
2025-08-05 11:00:00,0.934,0.939,0.93,0.937,505111.14
2025-08-05 12:00:00,0.937,0.94,0.914,0.919,969145.31
2025-08-05 13:00:00,0.918,0.926,0.916,0.924,466155.97
2025-08-05 14:00:00,0.923,0.924,0.896,0.9,1704051.75
2025-08-05 15:00:00,0.899,0.907,0.891,0.894,741201.32
2025-08-05 16:00:00,0.894,0.929,0.891,0.912,3747958.56
2025-08-05 17:00:00,0.911,0.912,0.894,0.909,1281528.1
2025-08-05 18:00:00,0.909,0.911,0.899,0.904,1714975.31
2025-08-05 19:00:00,0.905,0.908,0.895,0.898,1724638.17
2025-08-05 20:00:00,0.897,0.906,0.897,0.899,257229.3
2025-08-05 21:00:00,0.898,0.903,0.892,0.894,258842.0
2025-08-05 22:00:00,0.893,0.905,0.887,0.904,534737.89
2025-08-05 23:00:00,0.903,0.913,0.903,0.91,333991.14
2025-08-06 00:00:00,0.911,0.911,0.896,0.899,432092.15
2025-08-06 01:00:00,0.898,0.9,0.894,0.899,200461.04
2025-08-06 02:00:00,0.899,0.899,0.891,0.896,129371.31
2025-08-06 03:00:00,0.896,0.897,0.889,0.89,110882.42
2025-08-06 04:00:00,0.89,0.891,0.886,0.889,72967.98
2025-08-06 05:00:00,0.889,0.918,0.887,0.909,480752.87
2025-08-06 06:00:00,0.909,0.92,0.905,0.918,470440.97
2025-08-06 07:00:00,0.918,0.927,0.916,0.924,643449.62
2025-08-06 08:00:00,0.924,0.925,0.913,0.917,468492.24
2025-08-06 09:00:00,0.917,0.928,0.915,0.923,483919.05
2025-08-06 10:00:00,0.924,0.926,0.914,0.916,353570.88
2025-08-06 11:00:00,0.917,0.926,0.915,0.921,252645.68
2025-08-06 12:00:00,0.921,0.925,0.91,0.911,435487.85
2025-08-06 13:00:00,0.912,0.921,0.91,0.919,619460.46
2025-08-06 14:00:00,0.919,0.937,0.917,0.936,810291.69
2025-08-06 15:00:00,0.937,0.942,0.929,0.939,807435.45
2025-08-06 16:00:00,0.939,0.946,0.927,0.929,610872.3
2025-08-06 17:00:00,0.93,0.942,0.927,0.942,282975.42
2025-08-06 18:00:00,0.942,0.949,0.94,0.942,355765.29
2025-08-06 19:00:00,0.942,0.945,0.936,0.94,152826.75
2025-08-06 20:00:00,0.941,0.941,0.932,0.937,199811.53
2025-08-06 21:00:00,0.937,0.94,0.931,0.935,179833.3
2025-08-06 22:00:00,0.935,0.941,0.934,0.94,272411.31
2025-08-06 23:00:00,0.94,0.941,0.937,0.94,150728.03
2025-08-07 00:00:00,0.941,0.945,0.937,0.94,368360.5
2025-08-07 01:00:00,0.94,0.95,0.934,0.936,319212.96
2025-08-07 02:00:00,0.935,0.938,0.933,0.935,264486.18
2025-08-07 03:00:00,0.935,0.937,0.931,0.932,125338.97
2025-08-07 04:00:00,0.932,0.941,0.93,0.933,365981.89
2025-08-07 05:00:00,0.932,0.938,0.929,0.938,1117162.23
2025-08-07 06:00:00,0.937,0.946,0.933,0.94,1860376.09
2025-08-07 07:00:00,0.941,0.948,0.94,0.943,1881611.49
2025-08-07 08:00:00,0.943,0.951,0.943,0.949,417056.61
2025-08-07 09:00:00,0.949,0.957,0.947,0.957,478428.2
2025-08-07 10:00:00,0.956,0.992,0.954,0.992,1866950.83
2025-08-07 11:00:00,0.992,1.014,0.986,1.012,2221620.91
2025-08-07 12:00:00,1.012,1.026,1.007,1.017,2769220.87
2025-08-07 13:00:00,1.017,1.018,1.006,1.016,875625.13
2025-08-07 14:00:00,1.016,1.016,0.997,1.003,976879.24
2025-08-07 15:00:00,1.003,1.016,0.998,1.012,1353327.55
2025-08-07 16:00:00,1.012,1.017,0.993,1.005,1010639.15
2025-08-07 17:00:00,1.005,1.007,0.997,1.005,686286.3
2025-08-07 18:00:00,1.005,1.006,0.998,1.001,396427.98
2025-08-07 19:00:00,1.0,1.026,0.999,1.02,1118125.68
2025-08-07 20:00:00,1.02,1.03,1.016,1.028,430397.92
2025-08-07 21:00:00,1.028,1.037,1.027,1.031,913548.54
2025-08-07 22:00:00,1.031,1.063,1.028,1.059,1247801.67
2025-08-07 23:00:00,1.058,1.058,1.043,1.058,1057161.96
2025-08-08 00:00:00,1.058,1.068,1.035,1.05,1880054.99
2025-08-08 01:00:00,1.05,1.067,1.037,1.054,4668305.56
2025-08-08 02:00:00,1.054,1.065,1.046,1.057,894595.66
2025-08-08 03:00:00,1.058,1.091,1.056,1.081,1840456.46
2025-08-08 04:00:00,1.081,1.116,1.073,1.093,4103631.4
2025-08-08 05:00:00,1.093,1.101,1.078,1.08,1112600.27
2025-08-08 06:00:00,1.081,1.108,1.078,1.103,666594.19
2025-08-08 07:00:00,1.103,1.12,1.093,1.104,3376175.44
2025-08-08 08:00:00,1.104,1.129,1.098,1.1,2214284.97
2025-08-08 09:00:00,1.1,1.111,1.095,1.102,842454.21
2025-08-08 10:00:00,1.102,1.119,1.094,1.103,1333759.8
2025-08-08 11:00:00,1.103,1.113,1.101,1.104,904556.84
2025-08-08 12:00:00,1.104,1.107,1.088,1.093,882788.89
2025-08-08 13:00:00,1.093,1.131,1.093,1.125,1992796.59
2025-08-08 14:00:00,1.125,1.135,1.115,1.125,3103358.09
2025-08-08 15:00:00,1.125,1.128,1.097,1.103,1100201.82
2025-08-08 16:00:00,1.104,1.112,1.097,1.1,1993379.24
2025-08-08 17:00:00,1.1,1.14,1.1,1.137,1608577.77
2025-08-08 18:00:00,1.137,1.145,1.118,1.13,1717115.66
2025-08-08 19:00:00,1.131,1.134,1.121,1.132,679733.74
2025-08-08 20:00:00,1.132,1.134,1.121,1.124,440370.51
2025-08-08 21:00:00,1.124,1.126,1.116,1.121,383034.08
2025-08-08 22:00:00,1.122,1.129,1.119,1.124,681345.14
2025-08-08 23:00:00,1.124,1.126,1.118,1.119,490477.27
2025-08-09 00:00:00,1.12,1.131,1.119,1.129,511292.85
2025-08-09 01:00:00,1.128,1.136,1.122,1.135,328901.89
2025-08-09 02:00:00,1.135,1.136,1.124,1.132,368170.69
2025-08-09 03:00:00,1.132,1.139,1.128,1.136,374548.55
2025-08-09 04:00:00,1.136,1.145,1.132,1.14,696371.28
2025-08-09 05:00:00,1.14,1.177,1.138,1.176,2208700.99
2025-08-09 06:00:00,1.176,1.186,1.161,1.164,1638488.57
2025-08-09 07:00:00,1.163,1.19,1.154,1.169,2073825.88
2025-08-09 08:00:00,1.168,1.18,1.158,1.165,1325825.61
2025-08-09 09:00:00,1.164,1.179,1.16,1.175,828072.31
2025-08-09 10:00:00,1.175,1.197,1.171,1.193,1484928.81
2025-08-09 11:00:00,1.193,1.193,1.172,1.184,1177065.52
2025-08-09 12:00:00,1.183,1.187,1.174,1.182,508123.35
2025-08-09 13:00:00,1.182,1.183,1.168,1.172,917691.52
2025-08-09 14:00:00,1.173,1.185,1.163,1.185,946586.06
2025-08-09 15:00:00,1.185,1.202,1.18,1.189,2155429.48
2025-08-09 16:00:00,1.19,1.199,1.186,1.195,1025279.72
2025-08-09 17:00:00,1.195,1.222,1.192,1.218,1848788.19
2025-08-09 18:00:00,1.218,1.22,1.207,1.218,1152478.04
2025-08-09 19:00:00,1.218,1.285,1.218,1.272,5853295.79
2025-08-09 20:00:00,1.273,1.329,1.268,1.314,5409338.73
2025-08-09 21:00:00,1.315,1.353,1.276,1.32,6959174.95
2025-08-09 22:00:00,1.32,1.368,1.309,1.325,4825571.65
2025-08-09 23:00:00,1.326,1.335,1.306,1.325,1548598.1
2025-08-10 00:00:00,1.326,1.37,1.317,1.359,2687511.01
2025-08-10 01:00:00,1.358,1.372,1.335,1.337,2393759.17
2025-08-10 02:00:00,1.338,1.34,1.312,1.313,1952639.47
2025-08-10 03:00:00,1.313,1.32,1.302,1.307,1353232.59
2025-08-10 04:00:00,1.307,1.32,1.292,1.313,1168124.12
2025-08-10 05:00:00,1.313,1.32,1.296,1.303,1257625.85
2025-08-10 06:00:00,1.302,1.314,1.294,1.297,1570618.24
2025-08-10 07:00:00,1.297,1.302,1.254,1.255,3280998.17
2025-08-10 08:00:00,1.256,1.284,1.225,1.277,4911397.86
2025-08-10 09:00:00,1.278,1.296,1.272,1.287,1043528.94
2025-08-10 10:00:00,1.288,1.295,1.274,1.278,992104.86
2025-08-10 11:00:00,1.279,1.289,1.274,1.279,990945.97
2025-08-10 12:00:00,1.279,1.29,1.275,1.283,566906.3
2025-08-10 13:00:00,1.284,1.319,1.283,1.299,2191568.81
2025-08-10 14:00:00,1.299,1.379,1.295,1.376,5156895.54
2025-08-10 15:00:00,1.375,1.431,1.363,1.374,9351441.73
2025-08-10 16:00:00,1.375,1.42,1.359,1.41,4220585.05
2025-08-10 17:00:00,1.41,1.434,1.395,1.404,4073318.67
2025-08-10 18:00:00,1.404,1.443,1.398,1.407,2522256.33
2025-08-10 19:00:00,1.407,1.442,1.399,1.422,2373896.92
2025-08-10 20:00:00,1.422,1.429,1.404,1.406,2320603.96
2025-08-10 21:00:00,1.406,1.411,1.379,1.39,1591319.17
2025-08-10 22:00:00,1.391,1.409,1.38,1.409,576131.67
2025-08-10 23:00:00,1.409,1.454,1.401,1.441,1958728.84
2025-08-11 00:00:00,1.44,1.472,1.418,1.439,4012653.99
2025-08-11 01:00:00,1.438,1.556,1.438,1.508,7514113.33
2025-08-11 02:00:00,1.508,1.534,1.462,1.473,3311472.22
2025-08-11 03:00:00,1.474,1.496,1.457,1.461,2065418.58
2025-08-11 04:00:00,1.46,1.518,1.458,1.506,2076743.37
2025-08-11 05:00:00,1.507,1.519,1.485,1.489,2595102.3
2025-08-11 06:00:00,1.49,1.511,1.47,1.479,1973258.54
2025-08-11 07:00:00,1.479,1.5,1.47,1.493,2064939.34
2025-08-11 08:00:00,1.493,1.507,1.463,1.48,2013446.67
2025-08-11 09:00:00,1.48,1.489,1.458,1.467,1776151.88
2025-08-11 10:00:00,1.468,1.478,1.442,1.45,2488829.99
2025-08-11 11:00:00,1.451,1.454,1.405,1.424,5529962.35
2025-08-11 12:00:00,1.424,1.459,1.416,1.455,2917043.45
2025-08-11 13:00:00,1.456,1.507,1.442,1.494,4356534.28
2025-08-11 14:00:00,1.494,1.575,1.487,1.527,7892842.14
2025-08-11 15:00:00,1.527,1.574,1.513,1.553,4650603.2
2025-08-11 16:00:00,1.554,1.623,1.549,1.549,10447217.21
2025-08-11 17:00:00,1.548,1.581,1.528,1.544,4083671.18
2025-08-11 18:00:00,1.545,1.562,1.533,1.557,2015537.77
2025-08-11 19:00:00,1.557,1.572,1.513,1.536,2837667.73
2025-08-11 20:00:00,1.536,1.542,1.5,1.52,2297864.98
2025-08-11 21:00:00,1.52,1.555,1.503,1.522,2487994.19
2025-08-11 22:00:00,1.522,1.533,1.502,1.531,1621986.82
2025-08-11 23:00:00,1.53,1.537,1.492,1.495,1587271.2
2025-08-12 00:00:00,1.495,1.548,1.495,1.538,3166764.15
2025-08-12 01:00:00,1.537,1.568,1.527,1.537,2239785.06
2025-08-12 02:00:00,1.537,1.58,1.515,1.557,2039727.78
2025-08-12 03:00:00,1.557,1.566,1.531,1.551,1657758.9
2025-08-12 04:00:00,1.55,1.576,1.537,1.544,1229073.58
2025-08-12 05:00:00,1.543,1.543,1.467,1.477,5947423.39
2025-08-12 06:00:00,1.477,1.507,1.476,1.494,2209933.52
2025-08-12 07:00:00,1.493,1.509,1.479,1.505,1455943.95
2025-08-12 08:00:00,1.506,1.554,1.486,1.491,4100126.38
2025-08-12 09:00:00,1.492,1.505,1.478,1.484,1755630.71
2025-08-12 10:00:00,1.484,1.494,1.465,1.469,2325820.24
2025-08-12 11:00:00,1.469,1.497,1.457,1.493,3345485.98
2025-08-12 12:00:00,1.492,1.593,1.478,1.544,9377977.49
2025-08-12 13:00:00,1.544,1.552,1.484,1.51,5859154.47
2025-08-12 14:00:00,1.51,1.554,1.502,1.554,3168871.88
2025-08-12 15:00:00,1.554,1.599,1.553,1.579,3389780.75
2025-08-12 16:00:00,1.579,1.628,1.55,1.561,5524198.91
2025-08-12 17:00:00,1.561,1.592,1.55,1.569,2488502.89
2025-08-12 18:00:00,1.57,1.582,1.536,1.547,2650514.48
2025-08-12 19:00:00,1.547,1.566,1.544,1.564,1958582.42
2025-08-12 20:00:00,1.564,1.61,1.557,1.584,5233279.63
2025-08-12 21:00:00,1.584,1.593,1.516,1.532,5729476.63
2025-08-12 22:00:00,1.532,1.555,1.523,1.544,1237080.21
2025-08-12 23:00:00,1.544,1.553,1.531,1.542,1191847.41
2025-08-13 00:00:00,1.542,1.57,1.526,1.526,2127995.82
2025-08-13 01:00:00,1.527,1.528,1.485,1.505,2871622.65
2025-08-13 02:00:00,1.506,1.513,1.496,1.509,2092440.82
2025-08-13 03:00:00,1.508,1.528,1.504,1.521,1599271.12
2025-08-13 04:00:00,1.522,1.551,1.52,1.545,2464669.5
2025-08-13 05:00:00,1.546,1.57,1.536,1.548,2073040.02
2025-08-13 06:00:00,1.549,1.57,1.544,1.551,1335459.29
2025-08-13 07:00:00,1.55,1.558,1.531,1.536,999177.93
2025-08-13 08:00:00,1.536,1.544,1.517,1.531,2034804.0
2025-08-13 09:00:00,1.532,1.548,1.523,1.536,1508317.25
2025-08-13 10:00:00,1.536,1.547,1.526,1.545,1047581.59
2025-08-13 11:00:00,1.545,1.564,1.507,1.522,2312188.03
2025-08-13 12:00:00,1.521,1.55,1.51,1.518,1848102.7
2025-08-13 13:00:00,1.518,1.542,1.497,1.508,2439718.17
2025-08-13 14:00:00,1.508,1.519,1.484,1.492,2379102.01
2025-08-13 15:00:00,1.492,1.508,1.48,1.495,1596877.95
2025-08-13 16:00:00,1.496,1.529,1.491,1.5,1374032.91
2025-08-13 17:00:00,1.5,1.512,1.491,1.505,632511.2
2025-08-13 18:00:00,1.505,1.51,1.472,1.477,824044.52
2025-08-13 19:00:00,1.477,1.488,1.457,1.473,2067988.0
2025-08-13 20:00:00,1.473,1.483,1.458,1.472,840864.69
2025-08-13 21:00:00,1.473,1.501,1.473,1.486,1127661.13
2025-08-13 22:00:00,1.487,1.508,1.481,1.495,1037653.59
2025-08-13 23:00:00,1.495,1.511,1.492,1.502,917947.09
2025-08-14 00:00:00,1.502,1.521,1.496,1.501,1421955.72
2025-08-14 01:00:00,1.501,1.52,1.488,1.498,1592042.02
2025-08-14 02:00:00,1.498,1.505,1.49,1.496,719380.45
2025-08-14 03:00:00,1.495,1.5,1.483,1.497,858225.58
2025-08-14 04:00:00,1.498,1.5,1.475,1.475,1003152.01
2025-08-14 05:00:00,1.475,1.484,1.465,1.475,4751234.05
2025-08-14 06:00:00,1.474,1.479,1.441,1.448,2641871.7
2025-08-14 07:00:00,1.449,1.451,1.426,1.437,1736879.13
2025-08-14 08:00:00,1.437,1.44,1.414,1.418,1054342.95
2025-08-14 09:00:00,1.418,1.44,1.414,1.429,1258241.79
2025-08-14 10:00:00,1.429,1.433,1.413,1.43,1723769.3
2025-08-14 11:00:00,1.43,1.435,1.422,1.432,1250208.01
2025-08-14 12:00:00,1.431,1.437,1.318,1.377,11194998.69
2025-08-14 13:00:00,1.378,1.422,1.339,1.41,7436582.84
2025-08-14 14:00:00,1.41,1.463,1.404,1.442,5038186.75
2025-08-14 15:00:00,1.443,1.498,1.435,1.441,5988421.15
2025-08-14 16:00:00,1.441,1.45,1.392,1.393,2393609.72
2025-08-14 17:00:00,1.394,1.413,1.387,1.401,1091391.67
2025-08-14 18:00:00,1.401,1.418,1.382,1.396,1393773.14
2025-08-14 19:00:00,1.397,1.412,1.394,1.402,669917.45
2025-08-14 20:00:00,1.402,1.404,1.385,1.401,664793.48
2025-08-14 21:00:00,1.401,1.401,1.357,1.369,2218456.25
2025-08-14 22:00:00,1.369,1.395,1.36,1.383,1284805.51
2025-08-14 23:00:00,1.383,1.404,1.382,1.386,1357765.83
2025-08-15 00:00:00,1.387,1.392,1.37,1.38,1207532.62
2025-08-15 01:00:00,1.379,1.395,1.375,1.385,1021141.37
2025-08-15 02:00:00,1.384,1.411,1.381,1.39,1152263.07
2025-08-15 03:00:00,1.39,1.398,1.376,1.383,933891.31
2025-08-15 04:00:00,1.382,1.4,1.379,1.388,552065.46
2025-08-15 05:00:00,1.389,1.403,1.386,1.401,482614.04
2025-08-15 06:00:00,1.401,1.431,1.391,1.413,1690346.14
2025-08-15 07:00:00,1.413,1.429,1.405,1.422,1029761.97
2025-08-15 08:00:00,1.422,1.444,1.417,1.419,1457861.37
2025-08-15 09:00:00,1.42,1.422,1.372,1.38,1175769.4
2025-08-15 10:00:00,1.381,1.405,1.378,1.392,931768.57
2025-08-15 11:00:00,1.393,1.411,1.381,1.385,1575850.41
2025-08-15 12:00:00,1.385,1.416,1.375,1.393,2612999.97
2025-08-15 13:00:00,1.393,1.397,1.375,1.381,1334775.88
2025-08-15 14:00:00,1.38,1.392,1.351,1.36,2200162.22
2025-08-15 15:00:00,1.361,1.362,1.322,1.335,3440401.07
2025-08-15 16:00:00,1.334,1.358,1.325,1.35,2081509.72
2025-08-15 17:00:00,1.351,1.375,1.346,1.374,1590434.3
2025-08-15 18:00:00,1.373,1.378,1.346,1.354,956339.01
2025-08-15 19:00:00,1.354,1.366,1.344,1.347,505941.42
2025-08-15 20:00:00,1.347,1.367,1.343,1.358,729736.95
2025-08-15 21:00:00,1.358,1.363,1.35,1.358,721918.03
2025-08-15 22:00:00,1.359,1.396,1.354,1.395,823385.87
2025-08-15 23:00:00,1.394,1.398,1.372,1.383,675256.12
2025-08-16 00:00:00,1.384,1.42,1.382,1.407,1413237.12
2025-08-16 01:00:00,1.408,1.432,1.4,1.428,987934.26
2025-08-16 02:00:00,1.428,1.438,1.413,1.422,1165385.52
2025-08-16 03:00:00,1.421,1.421,1.405,1.408,419953.88
2025-08-16 04:00:00,1.409,1.416,1.39,1.414,890738.71
2025-08-16 05:00:00,1.415,1.417,1.399,1.406,369255.51
2025-08-16 06:00:00,1.407,1.407,1.392,1.394,419711.14
2025-08-16 07:00:00,1.394,1.406,1.393,1.399,356722.53
2025-08-16 08:00:00,1.398,1.401,1.384,1.384,347480.89
2025-08-16 09:00:00,1.384,1.394,1.367,1.369,1579545.92
2025-08-16 10:00:00,1.369,1.38,1.363,1.376,1155063.07
2025-08-16 11:00:00,1.376,1.388,1.364,1.364,398312.25
2025-08-16 12:00:00,1.365,1.377,1.357,1.376,424336.86
2025-08-16 13:00:00,1.376,1.386,1.365,1.366,531013.2
2025-08-16 14:00:00,1.366,1.405,1.365,1.4,758200.39
2025-08-16 15:00:00,1.401,1.403,1.383,1.393,1050721.54
2025-08-16 16:00:00,1.392,1.403,1.389,1.395,388105.31
2025-08-16 17:00:00,1.395,1.398,1.384,1.389,380565.72
2025-08-16 18:00:00,1.388,1.4,1.386,1.392,227038.35
2025-08-16 19:00:00,1.392,1.413,1.391,1.4,876103.81
2025-08-16 20:00:00,1.401,1.415,1.397,1.403,589375.27
2025-08-16 21:00:00,1.402,1.405,1.397,1.399,233829.47
2025-08-16 22:00:00,1.399,1.413,1.394,1.411,292503.68
2025-08-16 23:00:00,1.41,1.411,1.396,1.41,357120.02
2025-08-17 00:00:00,1.409,1.418,1.403,1.406,404903.78
2025-08-17 01:00:00,1.406,1.415,1.398,1.399,388296.51
2025-08-17 02:00:00,1.399,1.413,1.395,1.413,244023.23
2025-08-17 03:00:00,1.413,1.425,1.407,1.42,548574.93
2025-08-17 04:00:00,1.419,1.441,1.415,1.438,940858.23
2025-08-17 05:00:00,1.438,1.447,1.405,1.41,1182206.29
2025-08-17 06:00:00,1.411,1.414,1.396,1.397,512630.97
2025-08-17 07:00:00,1.398,1.403,1.389,1.398,765237.49
2025-08-17 08:00:00,1.398,1.438,1.392,1.433,1433583.92
2025-08-17 09:00:00,1.432,1.436,1.413,1.434,1494393.52
2025-08-17 10:00:00,1.434,1.44,1.415,1.431,968009.08
2025-08-17 11:00:00,1.43,1.43,1.417,1.421,555986.2
2025-08-17 12:00:00,1.422,1.422,1.392,1.393,783764.61
2025-08-17 13:00:00,1.393,1.395,1.369,1.371,1988708.22
2025-08-17 14:00:00,1.371,1.397,1.37,1.395,1428815.0
2025-08-17 15:00:00,1.395,1.402,1.369,1.399,1874668.13
2025-08-17 16:00:00,1.399,1.418,1.375,1.383,2005547.31
2025-08-17 17:00:00,1.384,1.391,1.376,1.384,400757.29
2025-08-17 18:00:00,1.385,1.386,1.362,1.383,1052272.1
2025-08-17 19:00:00,1.383,1.384,1.354,1.358,1634270.17
2025-08-17 20:00:00,1.359,1.372,1.358,1.366,523257.92
2025-08-17 21:00:00,1.366,1.376,1.363,1.368,385699.57
2025-08-17 22:00:00,1.369,1.387,1.369,1.378,399905.71
2025-08-17 23:00:00,1.379,1.379,1.363,1.366,435791.99
2025-08-18 00:00:00,1.366,1.377,1.36,1.368,473881.83
2025-08-18 01:00:00,1.367,1.37,1.345,1.351,1156234.05
2025-08-18 02:00:00,1.351,1.354,1.326,1.332,1531548.14
2025-08-18 03:00:00,1.332,1.339,1.317,1.331,1482121.68
2025-08-18 04:00:00,1.33,1.341,1.326,1.34,490147.51
2025-08-18 05:00:00,1.34,1.344,1.321,1.331,672486.28
2025-08-18 06:00:00,1.331,1.332,1.312,1.322,633820.03
2025-08-18 07:00:00,1.323,1.326,1.311,1.316,508371.38
2025-08-18 08:00:00,1.315,1.327,1.309,1.31,699994.48
2025-08-18 09:00:00,1.31,1.311,1.285,1.294,3486212.34
2025-08-18 10:00:00,1.295,1.299,1.283,1.29,1693386.42
2025-08-18 11:00:00,1.29,1.29,1.277,1.281,1971767.33
2025-08-18 12:00:00,1.281,1.3,1.278,1.298,907436.1
2025-08-18 13:00:00,1.299,1.308,1.278,1.278,1547641.85
2025-08-18 14:00:00,1.278,1.308,1.278,1.305,674807.25
2025-08-18 15:00:00,1.305,1.307,1.293,1.302,408772.58
2025-08-18 16:00:00,1.301,1.306,1.287,1.292,367382.69
2025-08-18 17:00:00,1.291,1.312,1.291,1.297,331729.49
2025-08-18 18:00:00,1.297,1.303,1.291,1.301,132709.28
2025-08-18 19:00:00,1.302,1.307,1.289,1.293,554062.66
2025-08-18 20:00:00,1.293,1.301,1.287,1.295,204354.6
2025-08-18 21:00:00,1.295,1.304,1.293,1.299,250349.86
2025-08-18 22:00:00,1.299,1.31,1.293,1.293,379253.13
2025-08-18 23:00:00,1.293,1.3,1.282,1.286,407753.69
2025-08-19 00:00:00,1.286,1.304,1.278,1.303,1273062.09
2025-08-19 01:00:00,1.303,1.308,1.281,1.285,526147.06
2025-08-19 02:00:00,1.285,1.287,1.278,1.279,294671.4
2025-08-19 03:00:00,1.28,1.284,1.265,1.276,956930.33
2025-08-19 04:00:00,1.275,1.278,1.263,1.278,665384.96
2025-08-19 05:00:00,1.278,1.282,1.269,1.272,551204.89
2025-08-19 06:00:00,1.272,1.278,1.267,1.272,417064.56
2025-08-19 07:00:00,1.272,1.294,1.262,1.29,970033.88
2025-08-19 08:00:00,1.29,1.299,1.281,1.295,657060.2
2025-08-19 09:00:00,1.295,1.311,1.291,1.308,1036049.73
2025-08-19 10:00:00,1.308,1.321,1.307,1.318,1046524.68
2025-08-19 11:00:00,1.319,1.329,1.313,1.325,706833.39
2025-08-19 12:00:00,1.325,1.328,1.311,1.32,655191.87
2025-08-19 13:00:00,1.321,1.321,1.296,1.303,1173353.04
2025-08-19 14:00:00,1.304,1.311,1.263,1.269,1923304.5
2025-08-19 15:00:00,1.27,1.289,1.261,1.282,1192327.28
2025-08-19 16:00:00,1.281,1.288,1.265,1.275,1192663.57
2025-08-19 17:00:00,1.274,1.304,1.271,1.303,865577.83
2025-08-19 18:00:00,1.303,1.305,1.274,1.281,673544.34
2025-08-19 19:00:00,1.281,1.3,1.274,1.291,554362.17
2025-08-19 20:00:00,1.29,1.297,1.282,1.296,450862.05
2025-08-19 21:00:00,1.297,1.297,1.285,1.289,283998.87
2025-08-19 22:00:00,1.288,1.295,1.28,1.286,474999.93
2025-08-19 23:00:00,1.286,1.286,1.271,1.275,880833.68
2025-08-20 00:00:00,1.276,1.294,1.274,1.287,434250.53
2025-08-20 01:00:00,1.287,1.301,1.271,1.298,849688.6
2025-08-20 02:00:00,1.298,1.303,1.288,1.291,577627.9
2025-08-20 03:00:00,1.291,1.309,1.285,1.286,689518.04
2025-08-20 04:00:00,1.286,1.303,1.286,1.3,551201.04
2025-08-20 05:00:00,1.3,1.318,1.299,1.318,512386.99
2025-08-20 06:00:00,1.318,1.323,1.305,1.313,763208.87
2025-08-20 07:00:00,1.312,1.318,1.306,1.308,462699.78
2025-08-20 08:00:00,1.309,1.35,1.308,1.347,2045377.05
2025-08-20 09:00:00,1.347,1.362,1.333,1.349,1782061.74
2025-08-20 10:00:00,1.35,1.359,1.332,1.35,866568.24
2025-08-20 11:00:00,1.35,1.351,1.325,1.334,1444823.79
2025-08-20 12:00:00,1.335,1.352,1.322,1.326,672204.84
2025-08-20 13:00:00,1.326,1.326,1.292,1.3,1832449.78
2025-08-20 14:00:00,1.299,1.335,1.283,1.317,1887929.61
2025-08-20 15:00:00,1.317,1.354,1.315,1.326,2519016.93
2025-08-20 16:00:00,1.326,1.35,1.314,1.318,1442203.29
2025-08-20 17:00:00,1.318,1.357,1.318,1.352,737768.37
2025-08-20 18:00:00,1.353,1.355,1.33,1.338,739718.34
2025-08-20 19:00:00,1.338,1.351,1.329,1.341,867218.32
2025-08-20 20:00:00,1.341,1.345,1.326,1.335,824003.78
2025-08-20 21:00:00,1.335,1.344,1.324,1.328,507998.45
2025-08-20 22:00:00,1.328,1.336,1.324,1.331,635404.97
2025-08-20 23:00:00,1.331,1.332,1.306,1.309,575601.36
2025-08-21 00:00:00,1.308,1.31,1.295,1.306,873681.08
2025-08-21 01:00:00,1.306,1.314,1.292,1.311,614036.69
2025-08-21 02:00:00,1.31,1.313,1.274,1.285,1162626.19
2025-08-21 03:00:00,1.284,1.298,1.276,1.276,664922.23
2025-08-21 04:00:00,1.277,1.279,1.268,1.269,687039.6
2025-08-21 05:00:00,1.269,1.2839,1.2645,1.2838,684240.45
2025-08-21 06:00:00,1.2838,1.2841,1.268,1.279,452574.32
2025-08-21 07:00:00,1.2789,1.2843,1.2657,1.2824,504009.57
2025-08-21 08:00:00,1.2825,1.2858,1.274,1.28,342867.69
2025-08-21 09:00:00,1.28,1.2864,1.2721,1.2755,601411.36
2025-08-21 10:00:00,1.2754,1.2863,1.273,1.2837,342977.69
2025-08-21 11:00:00,1.2837,1.2968,1.2776,1.2835,625933.2
2025-08-21 12:00:00,1.2834,1.2834,1.2476,1.2543,1652406.54
2025-08-21 13:00:00,1.2542,1.2696,1.2471,1.2579,700025.93
2025-08-21 14:00:00,1.258,1.282,1.2524,1.26,784912.7
2025-08-21 15:00:00,1.26,1.2665,1.2551,1.2606,632312.59
2025-08-21 16:00:00,1.2607,1.2679,1.2568,1.2574,288642.81
2025-08-21 17:00:00,1.2574,1.2656,1.2531,1.2653,343811.87
2025-08-21 18:00:00,1.2652,1.2805,1.2616,1.2799,310247.02
2025-08-21 19:00:00,1.2798,1.2888,1.2737,1.2742,773908.18
2025-08-21 20:00:00,1.2742,1.2839,1.266,1.2765,473913.72
2025-08-21 21:00:00,1.2765,1.2777,1.2672,1.2691,318881.72
2025-08-21 22:00:00,1.2691,1.283,1.2688,1.2788,1007478.86
2025-08-21 23:00:00,1.2789,1.2799,1.2702,1.2773,258264.86
2025-08-22 00:00:00,1.2773,1.2795,1.2688,1.2741,289343.57
2025-08-22 01:00:00,1.274,1.2804,1.2671,1.2782,483080.4
2025-08-22 02:00:00,1.2783,1.2968,1.2763,1.2893,739450.49
2025-08-22 03:00:00,1.2893,1.3018,1.2845,1.2898,762751.82
2025-08-22 04:00:00,1.2899,1.3039,1.2838,1.2864,691822.31
2025-08-22 05:00:00,1.2865,1.2916,1.2796,1.2914,303146.2
2025-08-22 06:00:00,1.2914,1.3076,1.2875,1.3017,1143894.21
2025-08-22 07:00:00,1.3018,1.3102,1.293,1.3067,917478.25
2025-08-22 08:00:00,1.307,1.3369,1.3064,1.3202,1608759.31
2025-08-22 09:00:00,1.3202,1.3394,1.3148,1.3348,938662.99
2025-08-22 10:00:00,1.3348,1.3465,1.3195,1.3206,3247591.09
2025-08-22 11:00:00,1.3207,1.3216,1.2986,1.2992,878358.06
2025-08-22 12:00:00,1.2992,1.3238,1.2868,1.3171,2050272.54
2025-08-22 13:00:00,1.3172,1.3614,1.3151,1.3566,3004309.23
2025-08-22 14:00:00,1.3566,1.4799,1.3566,1.4286,19751815.32
2025-08-22 15:00:00,1.4287,1.4522,1.4287,1.433,2232347.22
2025-08-22 16:00:00,1.4331,1.4701,1.4331,1.4567,2753011.75
2025-08-22 17:00:00,1.4568,1.4806,1.4432,1.4468,2752849.37
2025-08-22 18:00:00,1.4467,1.4874,1.4388,1.4748,2508781.78
2025-08-22 19:00:00,1.4746,1.51,1.4673,1.5003,1180455.01
2025-08-22 20:00:00,1.5005,1.524,1.4869,1.5199,1630320.23
2025-08-22 21:00:00,1.5198,1.5318,1.5093,1.5178,1353706.82
2025-08-22 22:00:00,1.5178,1.5253,1.5073,1.519,1520840.05
2025-08-22 23:00:00,1.519,1.55,1.5177,1.5399,1212590.98
2025-08-23 00:00:00,1.5397,1.5661,1.5324,1.5633,1401761.13
2025-08-23 01:00:00,1.5634,1.5787,1.5375,1.5605,2559315.09
2025-08-23 02:00:00,1.5606,1.5638,1.52,1.532,2114641.38
2025-08-23 03:00:00,1.532,1.533,1.5046,1.51,1631130.11
2025-08-23 04:00:00,1.5101,1.5165,1.4926,1.513,1177809.52
2025-08-23 05:00:00,1.5128,1.5161,1.498,1.5151,1350785.6
2025-08-23 06:00:00,1.515,1.5187,1.5006,1.5045,928209.25
2025-08-23 07:00:00,1.5044,1.5045,1.481,1.4855,1099898.03
2025-08-23 08:00:00,1.4855,1.4972,1.4855,1.4926,752119.22
2025-08-23 09:00:00,1.4925,1.504,1.4855,1.5033,1347207.86
2025-08-23 10:00:00,1.5032,1.5048,1.495,1.4954,513311.16
2025-08-23 11:00:00,1.4954,1.5025,1.4884,1.4909,305344.72
2025-08-23 12:00:00,1.491,1.4938,1.4833,1.4907,543070.75
2025-08-23 13:00:00,1.4907,1.5024,1.4895,1.4988,610131.88
2025-08-23 14:00:00,1.4988,1.533,1.4972,1.5099,1812653.07
2025-08-23 15:00:00,1.5099,1.5314,1.5041,1.5292,1136980.39
2025-08-23 16:00:00,1.5292,1.5353,1.5198,1.5234,617072.41
2025-08-23 17:00:00,1.5233,1.5417,1.5151,1.5164,1197043.44
2025-08-23 18:00:00,1.5165,1.5275,1.516,1.5249,361367.39
2025-08-23 19:00:00,1.525,1.5314,1.5234,1.5276,344452.72
2025-08-23 20:00:00,1.5276,1.5304,1.522,1.5228,152481.04
2025-08-23 21:00:00,1.5227,1.5227,1.5145,1.521,227050.54
2025-08-23 22:00:00,1.521,1.5285,1.5203,1.528,209803.78
2025-08-23 23:00:00,1.528,1.5347,1.5279,1.532,354028.28
2025-08-24 00:00:00,1.532,1.5393,1.527,1.5314,370246.56
2025-08-24 01:00:00,1.5314,1.5316,1.5211,1.5236,341751.55
2025-08-24 02:00:00,1.5236,1.5243,1.501,1.5025,745359.31
2025-08-24 03:00:00,1.5026,1.5032,1.4936,1.4984,549859.05
2025-08-24 04:00:00,1.4983,1.5033,1.4955,1.4987,279337.99
2025-08-24 05:00:00,1.4986,1.5028,1.4922,1.493,367241.28
2025-08-24 06:00:00,1.4931,1.4938,1.4618,1.4636,1160908.3
2025-08-24 07:00:00,1.4636,1.4699,1.4583,1.4624,641413.87
2025-08-24 08:00:00,1.4625,1.4685,1.4531,1.4552,553996.04
2025-08-24 09:00:00,1.4553,1.4619,1.4527,1.4553,302702.7
2025-08-24 10:00:00,1.4553,1.4553,1.4359,1.4367,945649.89
2025-08-24 11:00:00,1.4366,1.4412,1.4284,1.4307,572275.98
2025-08-24 12:00:00,1.4307,1.4381,1.4223,1.4377,1098498.82
2025-08-24 13:00:00,1.4377,1.4583,1.4374,1.4506,1245684.54
2025-08-24 14:00:00,1.4505,1.4645,1.4465,1.4577,728566.18
2025-08-24 15:00:00,1.4577,1.4816,1.4553,1.4624,1415252.85
2025-08-24 16:00:00,1.4623,1.4735,1.4611,1.4669,609913.22
2025-08-24 17:00:00,1.467,1.4958,1.4659,1.4934,1145969.28
2025-08-24 18:00:00,1.4936,1.544,1.4904,1.5228,2268596.71
2025-08-24 19:00:00,1.5227,1.5401,1.4313,1.4729,5881930.05
2025-08-24 20:00:00,1.4729,1.4731,1.4336,1.4562,2512666.03
2025-08-24 21:00:00,1.4561,1.4754,1.4437,1.4554,821474.92
2025-08-24 22:00:00,1.4554,1.4591,1.3771,1.439,2272613.42
2025-08-24 23:00:00,1.439,1.4449,1.4272,1.4359,618455.04
2025-08-25 00:00:00,1.436,1.4477,1.41,1.4169,1278938.14
2025-08-25 01:00:00,1.417,1.4293,1.4124,1.4231,812048.61
2025-08-25 02:00:00,1.4232,1.4348,1.4108,1.4328,901007.22
2025-08-25 03:00:00,1.4327,1.4382,1.4049,1.4086,541590.39
2025-08-25 04:00:00,1.4087,1.4121,1.3941,1.403,1063658.22
2025-08-25 05:00:00,1.403,1.4072,1.3973,1.3975,666431.66
2025-08-25 06:00:00,1.3975,1.3979,1.373,1.3745,1568508.4
2025-08-25 07:00:00,1.3746,1.3805,1.3563,1.3626,1756865.94
2025-08-25 08:00:00,1.3624,1.364,1.3444,1.3554,1557227.9
2025-08-25 09:00:00,1.3553,1.3572,1.3463,1.3514,496400.75
2025-08-25 10:00:00,1.3514,1.354,1.3321,1.3351,1166124.05
2025-08-25 11:00:00,1.3353,1.352,1.3286,1.352,2012972.08
2025-08-25 12:00:00,1.352,1.3635,1.3485,1.3563,1392107.31
2025-08-25 13:00:00,1.3561,1.358,1.3411,1.3512,1072179.31
2025-08-25 14:00:00,1.3513,1.3666,1.3502,1.3653,894493.98
2025-08-25 15:00:00,1.3653,1.3718,1.3458,1.3478,900433.03
2025-08-25 16:00:00,1.3479,1.3627,1.3346,1.3351,807626.23
2025-08-25 17:00:00,1.3352,1.3365,1.3209,1.3213,935554.09
2025-08-25 18:00:00,1.3214,1.3277,1.3143,1.318,469293.22
2025-08-25 19:00:00,1.3179,1.32,1.2594,1.2661,6724164.27
2025-08-25 20:00:00,1.2662,1.2745,1.2523,1.2548,2688967.91
2025-08-25 21:00:00,1.2548,1.2627,1.2444,1.2466,1427641.59
2025-08-25 22:00:00,1.2467,1.2817,1.2467,1.2721,1001437.02
2025-08-25 23:00:00,1.272,1.2736,1.2612,1.2651,675323.61
2025-08-26 00:00:00,1.2651,1.268,1.2545,1.2623,941920.7
2025-08-26 01:00:00,1.2624,1.2888,1.2586,1.2886,728954.76
2025-08-26 02:00:00,1.2886,1.3016,1.2846,1.2899,716096.86
2025-08-26 03:00:00,1.2899,1.2927,1.2798,1.2889,358712.44
2025-08-26 04:00:00,1.2888,1.2916,1.2706,1.2708,805624.19
2025-08-26 05:00:00,1.2707,1.2762,1.2675,1.2724,680090.07
2025-08-26 06:00:00,1.2725,1.2851,1.2721,1.2839,726200.91
2025-08-26 07:00:00,1.2839,1.2882,1.2699,1.2753,525220.61
2025-08-26 08:00:00,1.2752,1.2805,1.2699,1.2781,244214.75
2025-08-26 09:00:00,1.278,1.2874,1.2763,1.2805,305555.35
2025-08-26 10:00:00,1.2807,1.2974,1.2786,1.2893,421870.81
2025-08-26 11:00:00,1.2893,1.2906,1.2733,1.2811,424277.16
2025-08-26 12:00:00,1.2812,1.3126,1.2736,1.2924,2111413.95
2025-08-26 13:00:00,1.2925,1.2993,1.2725,1.289,1052383.77
2025-08-26 14:00:00,1.2891,1.3004,1.2772,1.2953,779105.97
2025-08-26 15:00:00,1.2952,1.3012,1.2754,1.2825,880143.06
2025-08-26 16:00:00,1.2825,1.2866,1.2762,1.2848,541471.53
2025-08-26 17:00:00,1.2847,1.2855,1.2682,1.2803,479851.4
2025-08-26 18:00:00,1.2803,1.293,1.2792,1.2907,410837.24
2025-08-26 19:00:00,1.2906,1.3017,1.2807,1.2962,586563.21
2025-08-26 20:00:00,1.2962,1.3092,1.2914,1.3035,929640.67
2025-08-26 21:00:00,1.3034,1.3088,1.2974,1.3084,600033.8
2025-08-26 22:00:00,1.3084,1.3115,1.2974,1.3027,474441.12
2025-08-26 23:00:00,1.3026,1.3106,1.2981,1.3065,542595.84
2025-08-27 00:00:00,1.3065,1.3066,1.2919,1.2943,632242.89
2025-08-27 01:00:00,1.2944,1.2955,1.2823,1.2906,527044.77
2025-08-27 02:00:00,1.2907,1.2987,1.2792,1.2885,543201.82
2025-08-27 03:00:00,1.2886,1.3061,1.2777,1.2953,402167.14
2025-08-27 04:00:00,1.2954,1.3032,1.2884,1.3003,820137.84
2025-08-27 05:00:00,1.3004,1.3016,1.2863,1.29,581787.81
2025-08-27 06:00:00,1.2901,1.2904,1.2783,1.2816,510412.2
2025-08-27 07:00:00,1.2815,1.2844,1.2662,1.2702,664932.19
2025-08-27 08:00:00,1.2703,1.2751,1.2602,1.2747,635039.06
2025-08-27 09:00:00,1.2746,1.2797,1.2691,1.2692,600866.8
2025-08-27 10:00:00,1.2693,1.2724,1.2544,1.2584,806830.79
2025-08-27 11:00:00,1.2584,1.2783,1.2581,1.2749,581348.15
2025-08-27 12:00:00,1.2748,1.2799,1.2579,1.2673,493376.83
2025-08-27 13:00:00,1.2673,1.2862,1.2589,1.265,887778.0
2025-08-27 14:00:00,1.2651,1.2828,1.26,1.268,1290862.06
2025-08-27 15:00:00,1.2681,1.287,1.2669,1.2837,1189901.75
2025-08-27 16:00:00,1.2838,1.2839,1.264,1.2771,665462.35
2025-08-27 17:00:00,1.277,1.2806,1.2614,1.276,440140.49
2025-08-27 18:00:00,1.2758,1.2833,1.2704,1.2709,341083.35
2025-08-27 19:00:00,1.2709,1.2723,1.254,1.2663,568025.72
2025-08-27 20:00:00,1.2664,1.2852,1.251,1.2781,3153320.61
2025-08-27 21:00:00,1.2782,1.2817,1.2557,1.2612,295539.48
2025-08-27 22:00:00,1.2612,1.2653,1.2423,1.2561,818301.31
2025-08-27 23:00:00,1.2561,1.2636,1.2495,1.2549,348904.05
2025-08-28 00:00:00,1.255,1.2609,1.2419,1.2526,422836.95
2025-08-28 01:00:00,1.2527,1.2624,1.2508,1.253,300891.21
2025-08-28 02:00:00,1.253,1.2585,1.2484,1.2536,342196.98
2025-08-28 03:00:00,1.2537,1.2654,1.2499,1.2608,424785.22
2025-08-28 04:00:00,1.2608,1.2766,1.2572,1.2745,476565.59
2025-08-28 05:00:00,1.2746,1.2799,1.2655,1.2711,321737.3
2025-08-28 06:00:00,1.2711,1.2769,1.2681,1.2754,275032.97
2025-08-28 07:00:00,1.2755,1.2815,1.2708,1.2797,460398.11
2025-08-28 08:00:00,1.2798,1.2904,1.273,1.275,469269.31
2025-08-28 09:00:00,1.2749,1.2773,1.2666,1.2708,520840.53
2025-08-28 10:00:00,1.2707,1.2843,1.2673,1.2838,347734.66
2025-08-28 11:00:00,1.2837,1.2837,1.2673,1.2737,756793.91
2025-08-28 12:00:00,1.2736,1.2875,1.2675,1.2781,1260781.89
2025-08-28 13:00:00,1.2782,1.28,1.2582,1.2648,1030018.03
2025-08-28 14:00:00,1.2649,1.2783,1.2585,1.2679,822806.07
2025-08-28 15:00:00,1.268,1.2742,1.2515,1.2578,778087.7
2025-08-28 16:00:00,1.2578,1.2678,1.2455,1.2455,709583.46
2025-08-28 17:00:00,1.2454,1.2599,1.2433,1.2569,460874.71
2025-08-28 18:00:00,1.2568,1.2592,1.2509,1.2532,244208.89
2025-08-28 19:00:00,1.2532,1.2549,1.2332,1.2332,447614.2
2025-08-28 20:00:00,1.2332,1.2444,1.2329,1.238,369537.24
2025-08-28 21:00:00,1.2381,1.2521,1.2373,1.25,268957.14
2025-08-28 22:00:00,1.25,1.2732,1.25,1.2713,611896.43
2025-08-28 23:00:00,1.2713,1.2721,1.2601,1.267,394655.33
2025-08-29 00:00:00,1.267,1.2718,1.2557,1.2611,533658.43
2025-08-29 01:00:00,1.2611,1.2615,1.2485,1.2516,344369.5
2025-08-29 02:00:00,1.2515,1.2644,1.2502,1.2591,202481.23
2025-08-29 03:00:00,1.2591,1.2613,1.2502,1.2548,426652.35
2025-08-29 04:00:00,1.2547,1.2643,1.2513,1.2538,256523.96
2025-08-29 05:00:00,1.2539,1.2544,1.2435,1.2478,314812.66
2025-08-29 06:00:00,1.2479,1.2502,1.234,1.2401,2549445.62
2025-08-29 07:00:00,1.2401,1.2401,1.2039,1.2087,2809641.23
2025-08-29 08:00:00,1.2086,1.2128,1.1924,1.1944,1662110.95
2025-08-29 09:00:00,1.1944,1.2033,1.1866,1.2008,836015.93
2025-08-29 10:00:00,1.2007,1.2081,1.1987,1.204,751215.85
2025-08-29 11:00:00,1.2039,1.2096,1.2014,1.2053,679151.93
2025-08-29 12:00:00,1.2053,1.2427,1.2031,1.2212,1683624.83
2025-08-29 13:00:00,1.221,1.2271,1.1999,1.2127,1742535.94
2025-08-29 14:00:00,1.2128,1.2295,1.195,1.2199,2020808.59
2025-08-29 15:00:00,1.22,1.232,1.2188,1.2235,923908.32
2025-08-29 16:00:00,1.2235,1.2355,1.2169,1.2211,683051.86
2025-08-29 17:00:00,1.221,1.2223,1.2083,1.2132,572611.57
2025-08-29 18:00:00,1.2133,1.2144,1.1962,1.2006,1830318.23
2025-08-29 19:00:00,1.2005,1.2138,1.1927,1.2072,1461290.55
2025-08-29 20:00:00,1.2071,1.215,1.2014,1.205,1106504.2
2025-08-29 21:00:00,1.2051,1.2216,1.1984,1.2134,1304526.56
2025-08-29 22:00:00,1.2134,1.2185,1.2031,1.2185,316722.69
2025-08-29 23:00:00,1.2185,1.2221,1.2101,1.2137,384876.38
2025-08-30 00:00:00,1.2133,1.2169,1.2104,1.2124,258141.45
2025-08-30 01:00:00,1.2124,1.2149,1.1914,1.1936,580849.79
2025-08-30 02:00:00,1.1937,1.2132,1.1916,1.2046,535672.63
2025-08-30 03:00:00,1.2046,1.2256,1.2023,1.2119,958071.83
2025-08-30 04:00:00,1.212,1.2247,1.212,1.2226,155176.98
2025-08-30 05:00:00,1.2227,1.237,1.2216,1.2284,476318.29
2025-08-30 06:00:00,1.2285,1.2379,1.2257,1.2354,370964.73
2025-08-30 07:00:00,1.2354,1.2393,1.2253,1.2315,448705.27
2025-08-30 08:00:00,1.2316,1.2318,1.2226,1.2263,265561.43
2025-08-30 09:00:00,1.2264,1.2271,1.2209,1.2214,256785.25
2025-08-30 10:00:00,1.2215,1.2255,1.2198,1.2249,128713.72
2025-08-30 11:00:00,1.2248,1.2259,1.2182,1.2221,103701.77
2025-08-30 12:00:00,1.2221,1.2229,1.2051,1.2119,302912.98
2025-08-30 13:00:00,1.2118,1.2138,1.2003,1.2115,284254.3
2025-08-30 14:00:00,1.2114,1.2122,1.2033,1.209,199670.51
2025-08-30 15:00:00,1.209,1.2164,1.2067,1.2108,244646.03
2025-08-30 16:00:00,1.2108,1.2125,1.2032,1.2054,223850.39
2025-08-30 17:00:00,1.2056,1.2105,1.2033,1.2066,167195.58
2025-08-30 18:00:00,1.2066,1.2098,1.202,1.2047,127561.46
2025-08-30 19:00:00,1.2046,1.2062,1.2013,1.206,99437.36
2025-08-30 20:00:00,1.206,1.2062,1.2007,1.204,72199.63
2025-08-30 21:00:00,1.2039,1.2077,1.2023,1.204,73721.68
2025-08-30 22:00:00,1.2039,1.2094,1.2009,1.208,148840.2
2025-08-30 23:00:00,1.2081,1.2133,1.2073,1.208,106192.93
2025-08-31 00:00:00,1.2081,1.23,1.2058,1.2257,886674.45
2025-08-31 01:00:00,1.2257,1.2278,1.2193,1.2268,332933.39
2025-08-31 02:00:00,1.2268,1.2288,1.224,1.2285,226574.6
2025-08-31 03:00:00,1.2286,1.2317,1.2233,1.2316,450519.79
2025-08-31 04:00:00,1.2317,1.2333,1.224,1.2273,226756.13
2025-08-31 05:00:00,1.2273,1.2273,1.2208,1.2244,254016.55
2025-08-31 06:00:00,1.2245,1.227,1.2171,1.2179,136849.51
2025-08-31 07:00:00,1.2179,1.2282,1.2171,1.2213,1750356.87
2025-08-31 08:00:00,1.2211,1.2421,1.2209,1.2411,355739.83
2025-08-31 09:00:00,1.2412,1.247,1.2306,1.2328,726072.93
2025-08-31 10:00:00,1.2329,1.2357,1.223,1.2274,660709.62
2025-08-31 11:00:00,1.2275,1.2335,1.222,1.2331,478180.14
2025-08-31 12:00:00,1.2331,1.2351,1.2204,1.2305,373797.33
2025-08-31 13:00:00,1.2304,1.2327,1.2121,1.2145,631677.58
2025-08-31 14:00:00,1.2144,1.2162,1.205,1.2085,244711.56
2025-08-31 15:00:00,1.2083,1.223,1.2062,1.2223,396808.27
2025-08-31 16:00:00,1.2223,1.2223,1.2098,1.2175,291507.28
2025-08-31 17:00:00,1.2174,1.2187,1.2123,1.2152,183805.4
2025-08-31 18:00:00,1.2153,1.2296,1.2145,1.2274,493926.81
2025-08-31 19:00:00,1.2275,1.2279,1.2164,1.2166,228255.14
2025-08-31 20:00:00,1.2167,1.2243,1.214,1.2218,151610.86
2025-08-31 21:00:00,1.2217,1.2271,1.219,1.2232,338479.92
2025-08-31 22:00:00,1.2233,1.2238,1.2061,1.2081,182342.38
2025-08-31 23:00:00,1.208,1.208,1.1888,1.1908,702319.41
2025-09-01 00:00:00,1.1907,1.1907,1.1535,1.1728,1916511.88
2025-09-01 01:00:00,1.1729,1.1817,1.1643,1.1737,748812.84
2025-09-01 02:00:00,1.1736,1.1744,1.1527,1.1619,913689.2
2025-09-01 03:00:00,1.162,1.167,1.1572,1.1606,568836.96
2025-09-01 04:00:00,1.1605,1.1631,1.149,1.1554,578178.22
2025-09-01 05:00:00,1.1555,1.1641,1.1513,1.1635,447788.47
2025-09-01 06:00:00,1.1636,1.1702,1.1566,1.165,227977.24
2025-09-01 07:00:00,1.165,1.1955,1.1575,1.1941,1615465.08
2025-09-01 08:00:00,1.1941,1.212,1.1941,1.2097,968387.02
2025-09-01 09:00:00,1.2096,1.2121,1.1985,1.1994,491620.73
2025-09-01 10:00:00,1.1993,1.2006,1.1803,1.1869,559459.9
2025-09-01 11:00:00,1.187,1.1914,1.1729,1.1767,411853.36
2025-09-01 12:00:00,1.1768,1.1863,1.1753,1.1805,284214.43
2025-09-01 13:00:00,1.1806,1.1874,1.1703,1.1724,788026.02
2025-09-01 14:00:00,1.1724,1.1824,1.1702,1.1773,986184.05
2025-09-01 15:00:00,1.1773,1.1811,1.1664,1.17,461295.64
2025-09-01 16:00:00,1.1699,1.1746,1.1646,1.1708,380422.0
2025-09-01 17:00:00,1.1707,1.1739,1.1577,1.1623,1045180.61
2025-09-01 18:00:00,1.1624,1.1773,1.1617,1.17,473196.08
2025-09-01 19:00:00,1.17,1.1778,1.168,1.1776,214778.1
2025-09-01 20:00:00,1.1776,1.1784,1.1445,1.1563,1423896.46
2025-09-01 21:00:00,1.1561,1.1577,1.1285,1.1428,1547270.9
2025-09-01 22:00:00,1.1426,1.1533,1.1387,1.1477,589365.48
2025-09-01 23:00:00,1.1477,1.1622,1.1451,1.1598,768531.88
2025-09-02 00:00:00,1.1598,1.1636,1.1544,1.1621,278835.63
2025-09-02 01:00:00,1.162,1.1709,1.1549,1.1635,320241.96
2025-09-02 02:00:00,1.1636,1.1809,1.1627,1.18,462783.0
2025-09-02 03:00:00,1.18,1.189,1.1772,1.1837,611829.13
2025-09-02 04:00:00,1.1838,1.1857,1.1805,1.1853,456252.49
2025-09-02 05:00:00,1.1854,1.1881,1.1795,1.1803,236215.28
2025-09-02 06:00:00,1.1803,1.1841,1.1771,1.182,507144.35
2025-09-02 07:00:00,1.1821,1.1827,1.1748,1.1771,299246.08
2025-09-02 08:00:00,1.177,1.1831,1.1743,1.1772,315845.07
2025-09-02 09:00:00,1.1773,1.1834,1.1751,1.182,317823.44
2025-09-02 10:00:00,1.1821,1.1828,1.1723,1.1779,309766.39
2025-09-02 11:00:00,1.178,1.1782,1.1609,1.1626,652829.78
2025-09-02 12:00:00,1.1625,1.1666,1.1329,1.1338,965034.5
2025-09-02 13:00:00,1.1337,1.1818,1.1304,1.1774,2031916.43
2025-09-02 14:00:00,1.1776,1.1864,1.1656,1.1728,1383820.5
2025-09-02 15:00:00,1.1727,1.1746,1.1536,1.1571,876461.88
2025-09-02 16:00:00,1.1572,1.1698,1.1548,1.1682,474216.5
2025-09-02 17:00:00,1.1682,1.1795,1.168,1.1757,295416.2
2025-09-02 18:00:00,1.1757,1.1812,1.1632,1.1743,628599.39
2025-09-02 19:00:00,1.1745,1.1807,1.1651,1.1703,374515.64
2025-09-02 20:00:00,1.1702,1.1886,1.167,1.1873,471965.19
2025-09-02 21:00:00,1.1874,1.1961,1.1845,1.1959,625515.83
2025-09-02 22:00:00,1.1957,1.201,1.1904,1.2001,792074.33
2025-09-02 23:00:00,1.2002,1.2027,1.1964,1.1992,175814.13
2025-09-03 00:00:00,1.1993,1.2012,1.1905,1.1921,171125.79
2025-09-03 01:00:00,1.1921,1.2014,1.1877,1.2014,231529.14
2025-09-03 02:00:00,1.2013,1.2069,1.195,1.2035,488131.03
2025-09-03 03:00:00,1.2034,1.2075,1.1974,1.2053,282998.11
2025-09-03 04:00:00,1.2052,1.2067,1.198,1.2017,230768.54
2025-09-03 05:00:00,1.2016,1.2016,1.1911,1.1964,347237.3
2025-09-03 06:00:00,1.1965,1.2028,1.1905,1.1969,314381.38
2025-09-03 07:00:00,1.197,1.2035,1.1943,1.1979,243808.7
2025-09-03 08:00:00,1.1979,1.21,1.1958,1.1982,452666.49
2025-09-03 09:00:00,1.1982,1.2123,1.1922,1.2104,539698.89
2025-09-03 10:00:00,1.2106,1.2193,1.2039,1.2184,880170.73
2025-09-03 11:00:00,1.2185,1.2266,1.2101,1.2104,1060509.91
2025-09-03 12:00:00,1.2106,1.2153,1.2048,1.2081,329563.04
2025-09-03 13:00:00,1.2081,1.2334,1.2071,1.2237,966803.4
2025-09-03 14:00:00,1.2239,1.2465,1.2211,1.2431,2205504.43
2025-09-03 15:00:00,1.2432,1.2452,1.2302,1.2356,1120986.28
2025-09-03 16:00:00,1.2357,1.2405,1.2314,1.2325,595381.85
2025-09-03 17:00:00,1.2324,1.2447,1.2324,1.2384,803871.4
2025-09-03 18:00:00,1.2385,1.2402,1.233,1.2363,403478.06
2025-09-03 19:00:00,1.2362,1.2449,1.2326,1.2433,316983.27
2025-09-03 20:00:00,1.2434,1.2542,1.2412,1.2494,660076.42
2025-09-03 21:00:00,1.2495,1.2536,1.2403,1.2462,329651.14
2025-09-03 22:00:00,1.2461,1.2493,1.2403,1.2435,279546.93
2025-09-03 23:00:00,1.2436,1.2446,1.2368,1.2383,184756.97
2025-09-04 00:00:00,1.2384,1.2474,1.2361,1.2414,256739.05
2025-09-04 01:00:00,1.2415,1.2417,1.2337,1.2381,272741.57
2025-09-04 02:00:00,1.2381,1.2383,1.2264,1.2279,399094.74
2025-09-04 03:00:00,1.2279,1.2295,1.2187,1.2199,644864.56
2025-09-04 04:00:00,1.2198,1.2246,1.2175,1.2184,353505.11
2025-09-04 05:00:00,1.2184,1.2184,1.2003,1.2053,617850.97
2025-09-04 06:00:00,1.2052,1.2059,1.1954,1.1992,470095.3
2025-09-04 07:00:00,1.1992,1.2133,1.1988,1.212,434874.59
2025-09-04 08:00:00,1.212,1.2231,1.2007,1.2024,1035763.34
2025-09-04 09:00:00,1.2025,1.2156,1.2001,1.2062,3833404.64
2025-09-04 10:00:00,1.206,1.2133,1.2049,1.2057,408443.93
2025-09-04 11:00:00,1.2055,1.2146,1.2017,1.2019,280220.58
2025-09-04 12:00:00,1.202,1.203,1.1882,1.1997,2083159.24
2025-09-04 13:00:00,1.1995,1.2001,1.1854,1.1895,764006.19
2025-09-04 14:00:00,1.1894,1.1918,1.1736,1.1771,643279.84
2025-09-04 15:00:00,1.1772,1.1776,1.1614,1.1618,785847.85
2025-09-04 16:00:00,1.1618,1.1648,1.1547,1.1584,385348.26
2025-09-04 17:00:00,1.1585,1.1701,1.1584,1.1644,367235.41
2025-09-04 18:00:00,1.1645,1.1678,1.1516,1.1569,684626.93
2025-09-04 19:00:00,1.157,1.1608,1.1533,1.1551,259996.23
2025-09-04 20:00:00,1.1551,1.1625,1.1538,1.1587,358735.25
2025-09-04 21:00:00,1.1589,1.1649,1.158,1.1639,216974.44
2025-09-04 22:00:00,1.1639,1.1705,1.1606,1.1682,473890.07
2025-09-04 23:00:00,1.1683,1.1737,1.156,1.1565,1048676.34
2025-09-05 00:00:00,1.1563,1.1688,1.1559,1.1648,319186.53
2025-09-05 01:00:00,1.165,1.1722,1.1641,1.1692,176094.44
2025-09-05 02:00:00,1.1692,1.1756,1.1631,1.1746,250050.59
2025-09-05 03:00:00,1.1745,1.181,1.168,1.1805,706274.02
2025-09-05 04:00:00,1.1805,1.1827,1.1751,1.1816,230756.85
2025-09-05 05:00:00,1.1815,1.1945,1.1788,1.1926,412210.14
2025-09-05 06:00:00,1.1926,1.1932,1.18,1.1845,322942.84
2025-09-05 07:00:00,1.1846,1.2285,1.1845,1.2253,1360670.09
2025-09-05 08:00:00,1.2253,1.2256,1.2043,1.2119,990491.51
2025-09-05 09:00:00,1.212,1.2129,1.2014,1.2096,462735.7
2025-09-05 10:00:00,1.2096,1.2152,1.207,1.2079,360051.3
2025-09-05 11:00:00,1.2081,1.2101,1.2035,1.2072,313074.25
2025-09-05 12:00:00,1.2073,1.2342,1.2051,1.2271,2976934.93
2025-09-05 13:00:00,1.2272,1.2315,1.2172,1.2213,949193.64
2025-09-05 14:00:00,1.2213,1.2217,1.1631,1.1695,3458600.53
2025-09-05 15:00:00,1.1695,1.1843,1.1664,1.1746,625348.7
2025-09-05 16:00:00,1.1744,1.1783,1.1703,1.175,378909.82
2025-09-05 17:00:00,1.1749,1.1749,1.1666,1.171,280395.02
2025-09-05 18:00:00,1.1709,1.1836,1.1667,1.1792,372918.42
2025-09-05 19:00:00,1.1793,1.1831,1.1751,1.1795,389767.74
2025-09-05 20:00:00,1.1794,1.196,1.1762,1.196,484219.46
2025-09-05 21:00:00,1.1959,1.2003,1.1783,1.1802,1042730.12
2025-09-05 22:00:00,1.18,1.1916,1.18,1.1867,329008.62
2025-09-05 23:00:00,1.1866,1.1894,1.1804,1.1814,117833.95
2025-09-06 00:00:00,1.1814,1.197,1.1789,1.1958,435691.44
2025-09-06 01:00:00,1.1957,1.1957,1.186,1.1884,213037.49
2025-09-06 02:00:00,1.1884,1.1907,1.1832,1.1881,219309.78
2025-09-06 03:00:00,1.188,1.1885,1.1812,1.1822,270735.64
2025-09-06 04:00:00,1.1821,1.1823,1.1712,1.1737,169648.55
2025-09-06 05:00:00,1.1735,1.1735,1.1644,1.1654,391155.06
2025-09-06 06:00:00,1.1655,1.1699,1.1649,1.1662,224182.73
2025-09-06 07:00:00,1.1662,1.1683,1.165,1.1675,242739.58
2025-09-06 08:00:00,1.1674,1.1689,1.1599,1.1605,242156.78
2025-09-06 09:00:00,1.1604,1.1604,1.1522,1.1533,491163.14
2025-09-06 10:00:00,1.1533,1.1576,1.1489,1.1569,503620.64
2025-09-06 11:00:00,1.1569,1.1576,1.1498,1.1568,500328.76
2025-09-06 12:00:00,1.1567,1.1588,1.1533,1.1585,265003.03
2025-09-06 13:00:00,1.1584,1.1627,1.1569,1.1626,314145.98
2025-09-06 14:00:00,1.1627,1.173,1.1624,1.1715,389847.6
2025-09-06 15:00:00,1.1716,1.1716,1.1567,1.157,410659.13
2025-09-06 16:00:00,1.1569,1.171,1.1563,1.1686,353649.41
2025-09-06 17:00:00,1.1685,1.1686,1.1578,1.1615,256287.76
2025-09-06 18:00:00,1.1614,1.1674,1.1608,1.1624,204933.44
2025-09-06 19:00:00,1.1624,1.1626,1.1461,1.1478,399143.66
2025-09-06 20:00:00,1.1479,1.1595,1.1477,1.1577,283306.31
2025-09-06 21:00:00,1.1578,1.1599,1.1533,1.1598,104565.57
2025-09-06 22:00:00,1.1596,1.1626,1.1571,1.1607,479382.91
2025-09-06 23:00:00,1.1608,1.1623,1.1557,1.1563,73530.33
2025-09-07 00:00:00,1.1562,1.1649,1.1556,1.163,329693.73
2025-09-07 01:00:00,1.163,1.172,1.162,1.1683,246037.84
2025-09-07 02:00:00,1.1682,1.1687,1.1621,1.1683,197011.97
2025-09-07 03:00:00,1.1682,1.1698,1.1644,1.1664,234879.57
2025-09-07 04:00:00,1.1664,1.1722,1.1662,1.1718,176461.83
2025-09-07 05:00:00,1.1719,1.173,1.1671,1.1714,102749.36
2025-09-07 06:00:00,1.1713,1.1718,1.1634,1.1638,234722.87
2025-09-07 07:00:00,1.1638,1.1791,1.1628,1.1745,515151.98
2025-09-07 08:00:00,1.1745,1.1818,1.1741,1.1789,471372.25
2025-09-07 09:00:00,1.179,1.182,1.1701,1.1768,305803.62
2025-09-07 10:00:00,1.1768,1.1892,1.1768,1.1884,381241.23
2025-09-07 11:00:00,1.1885,1.1936,1.1842,1.1921,343195.29
2025-09-07 12:00:00,1.1919,1.1919,1.1814,1.1867,333459.12
2025-09-07 13:00:00,1.1866,1.1929,1.1837,1.1856,258164.47
2025-09-07 14:00:00,1.1855,1.2002,1.1829,1.2,506517.23
2025-09-07 15:00:00,1.1999,1.2004,1.1879,1.1899,1074266.54
2025-09-07 16:00:00,1.19,1.1927,1.1806,1.1818,404924.16
2025-09-07 17:00:00,1.1818,1.183,1.1755,1.1777,396748.91
2025-09-07 18:00:00,1.1777,1.1791,1.1711,1.175,259682.39
2025-09-07 19:00:00,1.1749,1.1816,1.1734,1.1795,292487.49
2025-09-07 20:00:00,1.1795,1.1853,1.1743,1.185,146367.13
2025-09-07 21:00:00,1.185,1.1867,1.1814,1.1822,180052.54
2025-09-07 22:00:00,1.1819,1.194,1.1812,1.1936,201324.83
2025-09-07 23:00:00,1.1938,1.2051,1.1933,1.1993,456464.01
2025-09-08 00:00:00,1.1992,1.2023,1.1907,1.1958,654359.81
2025-09-08 01:00:00,1.1957,1.1975,1.1812,1.1859,641156.09
2025-09-08 02:00:00,1.1861,1.2007,1.182,1.2005,446723.99
2025-09-08 03:00:00,1.2006,1.2183,1.1996,1.2069,942740.69
2025-09-08 04:00:00,1.2068,1.2094,1.1937,1.1965,321415.34
2025-09-08 05:00:00,1.1966,1.2025,1.1891,1.1957,339543.66
2025-09-08 06:00:00,1.1957,1.199,1.1894,1.1936,442964.11
2025-09-08 07:00:00,1.1935,1.2007,1.186,1.1905,324707.53
2025-09-08 08:00:00,1.1907,1.2029,1.1895,1.2015,461996.47
2025-09-08 09:00:00,1.2017,1.211,1.1984,1.2052,762779.15
2025-09-08 10:00:00,1.2052,1.2168,1.2027,1.2088,918405.52
2025-09-08 11:00:00,1.2089,1.2097,1.1932,1.2011,971364.44
2025-09-08 12:00:00,1.2012,1.2087,1.1968,1.2066,482965.78
2025-09-08 13:00:00,1.2066,1.2186,1.2008,1.2025,771876.85
2025-09-08 14:00:00,1.2025,1.22,1.2005,1.2152,1285862.63
2025-09-08 15:00:00,1.2152,1.2306,1.2131,1.2224,1497982.59
2025-09-08 16:00:00,1.2223,1.2274,1.2084,1.2142,1077464.43
2025-09-08 17:00:00,1.2141,1.2204,1.204,1.2069,724288.42
2025-09-08 18:00:00,1.2068,1.2165,1.206,1.2144,219932.33
2025-09-08 19:00:00,1.2143,1.2156,1.1976,1.1996,541704.44
2025-09-08 20:00:00,1.1997,1.2015,1.1878,1.1941,734243.7
2025-09-08 21:00:00,1.1939,1.2028,1.1912,1.2006,702781.35
2025-09-08 22:00:00,1.2007,1.208,1.1984,1.199,278026.21
2025-09-08 23:00:00,1.1991,1.2039,1.1933,1.1986,261606.12
2025-09-09 00:00:00,1.1985,1.213,1.1966,1.2108,375862.97
2025-09-09 01:00:00,1.2107,1.2144,1.1928,1.1935,484813.33
2025-09-09 02:00:00,1.1935,1.195,1.1786,1.1844,767302.03
2025-09-09 03:00:00,1.1843,1.2083,1.1821,1.2077,369944.58
2025-09-09 04:00:00,1.2077,1.2077,1.1966,1.2041,459446.86
2025-09-09 05:00:00,1.2039,1.2123,1.1974,1.2115,346652.22
2025-09-09 06:00:00,1.2114,1.2494,1.2101,1.2436,1671671.71
2025-09-09 07:00:00,1.2437,1.269,1.2344,1.2488,4863167.7
2025-09-09 08:00:00,1.2489,1.2513,1.2353,1.2425,963944.59
2025-09-09 09:00:00,1.2424,1.2445,1.2365,1.2379,672310.7
2025-09-09 10:00:00,1.238,1.2425,1.2293,1.232,802524.55
2025-09-09 11:00:00,1.232,1.2429,1.2305,1.2328,616010.65
2025-09-09 12:00:00,1.2327,1.2462,1.2151,1.2158,1359597.15
2025-09-09 13:00:00,1.2157,1.2198,1.2042,1.2172,946714.65
2025-09-09 14:00:00,1.2172,1.2215,1.182,1.1864,1913429.88
2025-09-09 15:00:00,1.1864,1.1886,1.1648,1.1735,1382692.08
2025-09-09 16:00:00,1.1736,1.1772,1.1636,1.1728,655136.57
2025-09-09 17:00:00,1.1729,1.1803,1.1693,1.1748,829455.15
2025-09-09 18:00:00,1.1748,1.181,1.1701,1.1768,455942.27
2025-09-09 19:00:00,1.1769,1.1817,1.1709,1.1772,497600.79
2025-09-09 20:00:00,1.1773,1.1826,1.1722,1.1826,279710.44
2025-09-09 21:00:00,1.1826,1.194,1.1765,1.1875,792661.6
2025-09-09 22:00:00,1.1875,1.1908,1.1771,1.1866,384922.71
2025-09-09 23:00:00,1.1867,1.1909,1.1814,1.1836,270442.7
2025-09-10 00:00:00,1.1837,1.1871,1.1756,1.1761,439210.02
2025-09-10 01:00:00,1.1763,1.1913,1.1739,1.1856,611613.32
2025-09-10 02:00:00,1.1857,1.2069,1.1857,1.2065,821227.83
2025-09-10 03:00:00,1.2064,1.2124,1.1983,1.2064,714740.42
2025-09-10 04:00:00,1.2064,1.2065,1.1952,1.198,720326.01
2025-09-10 05:00:00,1.1979,1.1994,1.1881,1.1954,974856.32
2025-09-10 06:00:00,1.1954,1.2012,1.1901,1.1995,330270.96
2025-09-10 07:00:00,1.1995,1.213,1.1965,1.2061,433489.95
2025-09-10 08:00:00,1.2061,1.2099,1.2014,1.2081,433556.09
2025-09-10 09:00:00,1.2083,1.2089,1.1984,1.2038,269048.9
2025-09-10 10:00:00,1.2038,1.2052,1.1973,1.1996,289849.65
2025-09-10 11:00:00,1.1995,1.2051,1.198,1.2021,299076.04
2025-09-10 12:00:00,1.2022,1.2318,1.2015,1.2261,1933661.1
2025-09-10 13:00:00,1.2259,1.2511,1.2225,1.2406,2753450.43
2025-09-10 14:00:00,1.2407,1.2574,1.2322,1.2343,1354616.07
2025-09-10 15:00:00,1.2345,1.2461,1.2344,1.2389,650163.49
2025-09-10 16:00:00,1.239,1.2416,1.2264,1.2416,736449.43
2025-09-10 17:00:00,1.2416,1.2451,1.2305,1.2396,543471.59
2025-09-10 18:00:00,1.2394,1.2402,1.2283,1.2317,304252.82
2025-09-10 19:00:00,1.2318,1.2324,1.2098,1.2169,877667.59
2025-09-10 20:00:00,1.2169,1.2248,1.2162,1.2226,217925.85
2025-09-10 21:00:00,1.2227,1.2302,1.2212,1.2281,262296.97
2025-09-10 22:00:00,1.228,1.2385,1.2267,1.2373,155773.19
2025-09-10 23:00:00,1.2375,1.2409,1.2332,1.2387,226333.79
2025-09-11 00:00:00,1.2386,1.2445,1.2339,1.2426,362239.63
2025-09-11 01:00:00,1.2425,1.268,1.2402,1.2645,997637.3
2025-09-11 02:00:00,1.2647,1.2786,1.2603,1.2666,1403962.31
2025-09-11 03:00:00,1.2667,1.2739,1.2583,1.2688,983971.87
2025-09-11 04:00:00,1.2689,1.2696,1.2591,1.2617,1007718.2
2025-09-11 05:00:00,1.2617,1.2788,1.2565,1.2721,620100.91
2025-09-11 06:00:00,1.2722,1.2823,1.2615,1.2755,792548.69
2025-09-11 07:00:00,1.2756,1.28,1.266,1.2674,865867.37
2025-09-11 08:00:00,1.2677,1.273,1.2604,1.2675,417117.98
2025-09-11 09:00:00,1.2676,1.2688,1.2594,1.264,388953.01
2025-09-11 10:00:00,1.264,1.265,1.2583,1.262,361533.14
2025-09-11 11:00:00,1.2619,1.2673,1.2525,1.2574,678627.96
2025-09-11 12:00:00,1.2573,1.2793,1.2326,1.2524,2848307.45
2025-09-11 13:00:00,1.2524,1.2547,1.2312,1.2525,1061998.79
2025-09-11 14:00:00,1.2524,1.2549,1.2319,1.2485,731542.26
2025-09-11 15:00:00,1.2486,1.2497,1.2305,1.2349,837127.64
2025-09-11 16:00:00,1.235,1.2465,1.2345,1.2409,426186.5
2025-09-11 17:00:00,1.2408,1.2597,1.2381,1.2515,962111.79
2025-09-11 18:00:00,1.2515,1.2596,1.2448,1.2582,215066.05
2025-09-11 19:00:00,1.2581,1.2743,1.2545,1.2706,332743.76
2025-09-11 20:00:00,1.2707,1.2759,1.263,1.2657,426999.45
2025-09-11 21:00:00,1.2656,1.2746,1.2643,1.2739,172187.73
2025-09-11 22:00:00,1.274,1.2847,1.27,1.2829,833843.54
2025-09-11 23:00:00,1.2826,1.2958,1.2781,1.2938,600614.35
2025-09-12 00:00:00,1.2937,1.3068,1.2851,1.2971,878863.25
2025-09-12 01:00:00,1.2972,1.3048,1.2867,1.2871,638614.82
2025-09-12 02:00:00,1.2872,1.3064,1.286,1.2973,941420.74
2025-09-12 03:00:00,1.2973,1.2991,1.2886,1.2959,358129.05
2025-09-12 04:00:00,1.2959,1.2986,1.2827,1.2854,896129.68
2025-09-12 05:00:00,1.2854,1.2966,1.2804,1.2965,492437.49
2025-09-12 06:00:00,1.2966,1.3007,1.2889,1.2895,474711.34
2025-09-12 07:00:00,1.2896,1.2935,1.2805,1.2827,525861.11
2025-09-12 08:00:00,1.2828,1.2833,1.2723,1.2797,460850.73
2025-09-12 09:00:00,1.2798,1.2828,1.2722,1.2758,520885.04
2025-09-12 10:00:00,1.2757,1.276,1.2661,1.2716,430064.87
2025-09-12 11:00:00,1.2715,1.2767,1.2628,1.2638,341990.65
2025-09-12 12:00:00,1.2639,1.2727,1.2563,1.2701,531245.77
2025-09-12 13:00:00,1.2701,1.2766,1.2666,1.2765,542652.93
2025-09-12 14:00:00,1.2765,1.2878,1.271,1.2849,1141742.23
2025-09-12 15:00:00,1.2849,1.285,1.2693,1.2794,444943.72
2025-09-12 16:00:00,1.2795,1.2926,1.2773,1.2919,480421.07
2025-09-12 17:00:00,1.292,1.3047,1.286,1.3005,1062366.14
2025-09-12 18:00:00,1.3004,1.312,1.2952,1.3084,723156.18
2025-09-12 19:00:00,1.3084,1.3088,1.2993,1.3036,783439.1
2025-09-12 20:00:00,1.3036,1.3036,1.2892,1.2971,874091.2
2025-09-12 21:00:00,1.2971,1.2971,1.2893,1.2924,314754.61
2025-09-12 22:00:00,1.2925,1.3094,1.2925,1.2975,396408.17
2025-09-12 23:00:00,1.2976,1.3041,1.2955,1.3041,533505.91
2025-09-13 00:00:00,1.3041,1.3177,1.2983,1.3156,443951.54
2025-09-13 01:00:00,1.3157,1.3257,1.3083,1.3088,673650.07
2025-09-13 02:00:00,1.3087,1.3123,1.3038,1.3056,317554.31
2025-09-13 03:00:00,1.3055,1.3197,1.3031,1.3188,489071.03
2025-09-13 04:00:00,1.3187,1.3199,1.309,1.3092,477510.16
2025-09-13 05:00:00,1.3092,1.3105,1.3011,1.31,398936.9
2025-09-13 06:00:00,1.31,1.3176,1.303,1.3062,330082.82
2025-09-13 07:00:00,1.3063,1.3064,1.3013,1.3025,191629.96
2025-09-13 08:00:00,1.3025,1.3152,1.3025,1.3151,281053.36
2025-09-13 09:00:00,1.3153,1.3319,1.3138,1.3233,1141633.14
2025-09-13 10:00:00,1.3232,1.3286,1.3165,1.3179,664133.47
2025-09-13 11:00:00,1.318,1.3255,1.3141,1.3246,573486.12
2025-09-13 12:00:00,1.3245,1.3245,1.3159,1.321,384931.22
2025-09-13 13:00:00,1.3209,1.3292,1.2814,1.301,1292672.35
2025-09-13 14:00:00,1.3009,1.3126,1.2879,1.3045,739810.71
2025-09-13 15:00:00,1.3044,1.314,1.2895,1.296,1235280.16
2025-09-13 16:00:00,1.2961,1.3017,1.2747,1.2766,992201.67
2025-09-13 17:00:00,1.2767,1.2827,1.2626,1.281,918469.49
2025-09-13 18:00:00,1.2809,1.2881,1.2746,1.2866,285533.55
2025-09-13 19:00:00,1.2866,1.2896,1.2813,1.2864,412499.43
2025-09-13 20:00:00,1.2863,1.3036,1.2853,1.2971,530148.59
2025-09-13 21:00:00,1.297,1.3006,1.2921,1.2964,542622.25
2025-09-13 22:00:00,1.2965,1.2991,1.2905,1.2938,645272.97
2025-09-13 23:00:00,1.2937,1.2992,1.2911,1.2959,194826.18
2025-09-14 00:00:00,1.2958,1.2986,1.2828,1.2858,319854.12
2025-09-14 01:00:00,1.2857,1.2905,1.2724,1.2899,505356.49
2025-09-14 02:00:00,1.29,1.2981,1.2869,1.2927,244779.27
2025-09-14 03:00:00,1.2928,1.2937,1.2686,1.2717,374412.21
2025-09-14 04:00:00,1.2718,1.2779,1.26,1.2741,963680.1
2025-09-14 05:00:00,1.2742,1.284,1.2729,1.2833,265293.34
2025-09-14 06:00:00,1.2831,1.2881,1.2611,1.2727,699204.18
2025-09-14 07:00:00,1.2728,1.2767,1.2633,1.2673,265795.61
2025-09-14 08:00:00,1.2674,1.2746,1.264,1.2695,440267.69
2025-09-14 09:00:00,1.2692,1.2769,1.2663,1.275,306970.92
2025-09-14 10:00:00,1.275,1.2765,1.2692,1.2705,279557.84
2025-09-14 11:00:00,1.2706,1.2728,1.2445,1.2471,1412152.54
2025-09-14 12:00:00,1.2471,1.2541,1.2347,1.2425,847210.55
2025-09-14 13:00:00,1.2425,1.2439,1.2221,1.2324,835826.23
2025-09-14 14:00:00,1.2322,1.2418,1.217,1.2254,802800.37
2025-09-14 15:00:00,1.2255,1.2274,1.2134,1.222,1322595.25
2025-09-14 16:00:00,1.222,1.2331,1.2196,1.228,474059.07
2025-09-14 17:00:00,1.228,1.2418,1.2277,1.2359,662930.12
2025-09-14 18:00:00,1.2359,1.2366,1.227,1.2283,276188.28
2025-09-14 19:00:00,1.2282,1.235,1.2243,1.2307,150757.91
2025-09-14 20:00:00,1.2306,1.24,1.2302,1.2373,427042.21
2025-09-14 21:00:00,1.2372,1.2477,1.2285,1.2421,245187.93
2025-09-14 22:00:00,1.2421,1.2483,1.232,1.2438,486324.52
2025-09-14 23:00:00,1.2433,1.2438,1.2267,1.2307,214169.38
2025-09-15 00:00:00,1.2307,1.2395,1.228,1.2295,187691.35
2025-09-15 01:00:00,1.2294,1.2387,1.2165,1.2344,410663.58
2025-09-15 02:00:00,1.2343,1.2443,1.2327,1.2364,221106.26
2025-09-15 03:00:00,1.2365,1.2523,1.2353,1.2489,218430.11
2025-09-15 04:00:00,1.249,1.254,1.2464,1.2472,296831.02
2025-09-15 05:00:00,1.2471,1.261,1.2457,1.2597,239984.45
2025-09-15 06:00:00,1.2598,1.2598,1.2301,1.2368,604413.86
2025-09-15 07:00:00,1.2367,1.2478,1.2167,1.2215,607626.45
2025-09-15 08:00:00,1.2214,1.2217,1.1807,1.182,1878965.25
2025-09-15 09:00:00,1.182,1.1993,1.1799,1.1951,816115.98
2025-09-15 10:00:00,1.195,1.1954,1.1785,1.1876,676918.41
2025-09-15 11:00:00,1.1875,1.19,1.1813,1.1866,283705.82
2025-09-15 12:00:00,1.1866,1.1898,1.1765,1.1768,425473.63
2025-09-15 13:00:00,1.1768,1.1898,1.1743,1.1812,582228.17
2025-09-15 14:00:00,1.1813,1.1919,1.1728,1.1783,473160.46
2025-09-15 15:00:00,1.1784,1.1844,1.1658,1.1767,623925.88
2025-09-15 16:00:00,1.1766,1.1792,1.1639,1.1689,818483.81
2025-09-15 17:00:00,1.1688,1.1803,1.1666,1.1799,207045.9
2025-09-15 18:00:00,1.1799,1.1807,1.1722,1.1788,181234.33
2025-09-15 19:00:00,1.1785,1.1841,1.172,1.1764,219042.42
2025-09-15 20:00:00,1.1764,1.1814,1.175,1.1798,118509.59
2025-09-15 21:00:00,1.1798,1.1829,1.1779,1.1799,241622.75
2025-09-15 22:00:00,1.1798,1.182,1.1742,1.1769,148242.09
2025-09-15 23:00:00,1.1768,1.1802,1.1752,1.1771,162700.71
2025-09-16 00:00:00,1.177,1.177,1.1702,1.1733,148565.58
2025-09-16 01:00:00,1.1733,1.1804,1.1693,1.1698,366585.14
2025-09-16 02:00:00,1.1698,1.1771,1.1688,1.169,189804.95
2025-09-16 03:00:00,1.1689,1.1746,1.1673,1.1674,229491.54
2025-09-16 04:00:00,1.1675,1.1696,1.1578,1.1681,522679.38
2025-09-16 05:00:00,1.1681,1.1755,1.1665,1.1749,288837.88
2025-09-16 06:00:00,1.175,1.1793,1.1639,1.1682,387969.68
2025-09-16 07:00:00,1.1683,1.1747,1.1681,1.1693,316258.74
2025-09-16 08:00:00,1.1693,1.1857,1.1693,1.1844,761912.03
2025-09-16 09:00:00,1.1844,1.1867,1.1783,1.1829,197912.28
2025-09-16 10:00:00,1.1829,1.1848,1.1742,1.1748,240672.76
2025-09-16 11:00:00,1.1749,1.1786,1.1704,1.1771,255605.13
2025-09-16 12:00:00,1.1772,1.1832,1.1752,1.1784,280481.03
2025-09-16 13:00:00,1.1785,1.1867,1.1583,1.1717,833574.84
2025-09-16 14:00:00,1.1715,1.1715,1.148,1.1644,1064362.3
2025-09-16 15:00:00,1.1644,1.18,1.159,1.18,709764.69
2025-09-16 16:00:00,1.18,1.1836,1.1722,1.18,803413.22
2025-09-16 17:00:00,1.1799,1.203,1.1795,1.1926,917412.71
2025-09-16 18:00:00,1.1927,1.2026,1.1927,1.1983,705757.61
2025-09-16 19:00:00,1.1984,1.2047,1.1956,1.201,360135.85
2025-09-16 20:00:00,1.2009,1.2052,1.1983,1.2052,222734.49
2025-09-16 21:00:00,1.2051,1.211,1.2026,1.2066,234202.07
2025-09-16 22:00:00,1.2066,1.2143,1.2064,1.2115,367217.31
2025-09-16 23:00:00,1.2114,1.2114,1.1998,1.2019,245981.26
2025-09-17 00:00:00,1.2019,1.2092,1.1967,1.2016,244626.46
2025-09-17 01:00:00,1.2017,1.2055,1.1962,1.2011,221090.44
2025-09-17 02:00:00,1.2011,1.211,1.198,1.2028,335426.02
2025-09-17 03:00:00,1.2028,1.2057,1.1937,1.1945,448205.8
2025-09-17 04:00:00,1.1945,1.1992,1.1812,1.1838,500030.0
2025-09-17 05:00:00,1.1837,1.1986,1.1832,1.1981,351283.89
2025-09-17 06:00:00,1.198,1.2102,1.1919,1.2097,356344.96
2025-09-17 07:00:00,1.2096,1.2111,1.205,1.2064,270091.15
2025-09-17 08:00:00,1.2064,1.2066,1.1915,1.1942,322005.57
2025-09-17 09:00:00,1.1941,1.1942,1.187,1.1879,224624.45
2025-09-17 10:00:00,1.1879,1.1926,1.1826,1.187,257575.61
2025-09-17 11:00:00,1.1869,1.1968,1.1863,1.1948,112852.55
2025-09-17 12:00:00,1.1949,1.1991,1.1866,1.1938,241875.93
2025-09-17 13:00:00,1.1937,1.1992,1.1873,1.1923,567306.27
2025-09-17 14:00:00,1.1923,1.1976,1.1872,1.188,544038.18
2025-09-17 15:00:00,1.1881,1.1917,1.1844,1.1862,342241.81
2025-09-17 16:00:00,1.1861,1.1948,1.1752,1.1918,334906.56
2025-09-17 17:00:00,1.1918,1.2076,1.1813,1.1827,579666.96
2025-09-17 18:00:00,1.1825,1.2096,1.1765,1.1834,2917797.7
2025-09-17 19:00:00,1.1833,1.2237,1.1829,1.2196,1157538.68
2025-09-17 20:00:00,1.2196,1.2339,1.2062,1.2091,1320354.38
2025-09-17 21:00:00,1.209,1.252,1.1989,1.2518,842991.43
2025-09-17 22:00:00,1.2518,1.3087,1.2472,1.3069,3695093.22
2025-09-17 23:00:00,1.3069,1.3266,1.3019,1.3076,1989758.03
2025-09-18 00:00:00,1.3076,1.3247,1.2929,1.2943,1545280.86
2025-09-18 01:00:00,1.2942,1.3163,1.2911,1.3123,811883.01
2025-09-18 02:00:00,1.3124,1.3142,1.3018,1.3141,721533.5
2025-09-18 03:00:00,1.3142,1.331,1.3097,1.3173,1595123.99
2025-09-18 04:00:00,1.3173,1.3456,1.3107,1.3401,1506913.51
2025-09-18 05:00:00,1.34,1.3495,1.3246,1.3276,2081648.69
2025-09-18 06:00:00,1.3276,1.3336,1.2981,1.3059,1732428.88
2025-09-18 07:00:00,1.3059,1.3357,1.3058,1.3285,1153607.1
2025-09-18 08:00:00,1.3285,1.3367,1.3209,1.3348,691072.73
2025-09-18 09:00:00,1.3347,1.3347,1.3202,1.3229,933909.17
2025-09-18 10:00:00,1.3229,1.3291,1.3122,1.3154,712423.06
2025-09-18 11:00:00,1.3155,1.3201,1.3091,1.3134,361006.96
2025-09-18 12:00:00,1.3135,1.3259,1.3089,1.3153,634611.91
2025-09-18 13:00:00,1.3152,1.3196,1.307,1.3174,519715.14
2025-09-18 14:00:00,1.3174,1.3387,1.3168,1.3236,1091735.78
2025-09-18 15:00:00,1.3237,1.3326,1.3206,1.3252,885137.0
2025-09-18 16:00:00,1.3253,1.3419,1.3225,1.3317,583502.91
2025-09-18 17:00:00,1.3316,1.3508,1.3281,1.3461,1022167.3
2025-09-18 18:00:00,1.346,1.3493,1.3401,1.3489,413888.09
2025-09-18 19:00:00,1.349,1.3528,1.3306,1.3348,1106277.71
2025-09-18 20:00:00,1.3349,1.3377,1.3289,1.3342,298976.95
2025-09-18 21:00:00,1.3343,1.342,1.3307,1.3383,308510.19
2025-09-18 22:00:00,1.3382,1.3485,1.3337,1.3409,339608.44
2025-09-18 23:00:00,1.3409,1.3417,1.3325,1.3374,378574.3
2025-09-19 00:00:00,1.3373,1.353,1.3369,1.353,403134.58
2025-09-19 01:00:00,1.3529,1.3568,1.3443,1.3481,399305.34
2025-09-19 02:00:00,1.348,1.3559,1.3386,1.3435,359856.5
2025-09-19 03:00:00,1.3436,1.351,1.322,1.3247,1312697.13
2025-09-19 04:00:00,1.3246,1.3255,1.3065,1.3242,1354256.15
2025-09-19 05:00:00,1.3242,1.3292,1.3122,1.3177,454906.78
2025-09-19 06:00:00,1.3178,1.3202,1.2948,1.2968,1451891.2
2025-09-19 07:00:00,1.2967,1.3098,1.2921,1.3031,987039.96
2025-09-19 08:00:00,1.3031,1.3178,1.3026,1.3067,503109.35
2025-09-19 09:00:00,1.3068,1.3144,1.2876,1.2936,628625.71
2025-09-19 10:00:00,1.2937,1.2973,1.2891,1.2914,438659.73
2025-09-19 11:00:00,1.2913,1.2926,1.27,1.276,1066737.19
2025-09-19 12:00:00,1.2759,1.2866,1.2744,1.2794,436398.93
2025-09-19 13:00:00,1.2793,1.291,1.2785,1.2834,996183.5
2025-09-19 14:00:00,1.2833,1.2876,1.2647,1.2725,1353748.92
2025-09-19 15:00:00,1.2723,1.2755,1.2587,1.271,1013670.02
2025-09-19 16:00:00,1.271,1.2838,1.2699,1.2777,679059.51
2025-09-19 17:00:00,1.2779,1.2782,1.2578,1.2583,414490.35
2025-09-19 18:00:00,1.2583,1.2612,1.2469,1.254,655488.36
2025-09-19 19:00:00,1.2541,1.2582,1.248,1.2482,154608.92
2025-09-19 20:00:00,1.2481,1.2579,1.2477,1.2524,193794.15
2025-09-19 21:00:00,1.2526,1.2616,1.2497,1.2616,363988.68
2025-09-19 22:00:00,1.2614,1.2644,1.2566,1.2566,311241.45
2025-09-19 23:00:00,1.2565,1.2572,1.2419,1.2541,227534.59
2025-09-20 00:00:00,1.254,1.2608,1.2512,1.2606,176727.92
2025-09-20 01:00:00,1.2607,1.2607,1.2453,1.2477,188857.19
2025-09-20 02:00:00,1.2476,1.2497,1.2383,1.2495,188106.93
2025-09-20 03:00:00,1.2495,1.2497,1.2432,1.2464,123101.24
2025-09-20 04:00:00,1.2463,1.2479,1.2425,1.2446,112947.09
2025-09-20 05:00:00,1.2447,1.254,1.2411,1.2505,238596.86
2025-09-20 06:00:00,1.2504,1.2529,1.2457,1.2526,341702.08
2025-09-20 07:00:00,1.2525,1.2729,1.2525,1.271,623636.4
2025-09-20 08:00:00,1.2709,1.2711,1.2505,1.2518,396419.05
2025-09-20 09:00:00,1.2518,1.2593,1.2464,1.2558,524108.54
2025-09-20 10:00:00,1.2557,1.2656,1.2536,1.2593,455502.71
2025-09-20 11:00:00,1.259,1.2689,1.2552,1.2647,328617.58
2025-09-20 12:00:00,1.2647,1.2655,1.2575,1.262,195173.71
2025-09-20 13:00:00,1.262,1.2713,1.2585,1.2656,262950.89
2025-09-20 14:00:00,1.2656,1.2878,1.2607,1.2862,473041.84
2025-09-20 15:00:00,1.2862,1.3053,1.2827,1.2941,1017959.5
2025-09-20 16:00:00,1.2941,1.296,1.2832,1.2892,548421.1
2025-09-20 17:00:00,1.2891,1.2896,1.2784,1.2817,347395.1
2025-09-20 18:00:00,1.2816,1.2835,1.2614,1.2634,576692.37
2025-09-20 19:00:00,1.2634,1.2701,1.2608,1.2649,206383.83
2025-09-20 20:00:00,1.2648,1.2777,1.2638,1.2744,132089.32
2025-09-20 21:00:00,1.2743,1.2829,1.2737,1.2753,186786.98
2025-09-20 22:00:00,1.2752,1.2767,1.271,1.274,103124.18
2025-09-20 23:00:00,1.2739,1.274,1.2664,1.2682,127068.68
2025-09-21 00:00:00,1.2681,1.2763,1.2673,1.2748,144559.34
2025-09-21 01:00:00,1.2747,1.2774,1.2654,1.2697,134297.83
2025-09-21 02:00:00,1.2696,1.2761,1.2637,1.2757,178639.41
2025-09-21 03:00:00,1.2756,1.2764,1.2713,1.2732,104810.96
2025-09-21 04:00:00,1.2732,1.2738,1.2666,1.2701,164917.25
2025-09-21 05:00:00,1.2702,1.2725,1.26,1.2709,530245.25
2025-09-21 06:00:00,1.271,1.2755,1.2672,1.2672,250969.54
2025-09-21 07:00:00,1.2673,1.2725,1.263,1.2662,315486.77
2025-09-21 08:00:00,1.2663,1.2686,1.2581,1.2616,295002.59
2025-09-21 09:00:00,1.2616,1.2627,1.2444,1.256,589929.41
2025-09-21 10:00:00,1.2559,1.259,1.2495,1.2497,170530.42
2025-09-21 11:00:00,1.2496,1.2628,1.2478,1.2557,653848.51
2025-09-21 12:00:00,1.2558,1.2729,1.2552,1.2653,459852.77
2025-09-21 13:00:00,1.2652,1.2676,1.2604,1.2666,261617.75
2025-09-21 14:00:00,1.2665,1.2696,1.2609,1.2611,254276.66
2025-09-21 15:00:00,1.261,1.2685,1.2569,1.258,259675.18
2025-09-21 16:00:00,1.2581,1.2622,1.2461,1.2509,426833.67
2025-09-21 17:00:00,1.2508,1.2605,1.2428,1.26,288415.1
2025-09-21 18:00:00,1.26,1.2671,1.2548,1.2671,294887.78
2025-09-21 19:00:00,1.2671,1.2675,1.2532,1.2646,243338.32
2025-09-21 20:00:00,1.2646,1.2646,1.2542,1.2565,114691.53
2025-09-21 21:00:00,1.2566,1.263,1.254,1.256,369886.37
2025-09-21 22:00:00,1.256,1.2598,1.246,1.2587,365725.03
2025-09-21 23:00:00,1.2588,1.2589,1.2451,1.2476,203892.72
2025-09-22 00:00:00,1.2475,1.2552,1.2007,1.2057,2466139.71
2025-09-22 01:00:00,1.2056,1.2195,1.2004,1.2057,595429.88
2025-09-22 02:00:00,1.2058,1.2108,1.1779,1.1839,2091176.11
2025-09-22 03:00:00,1.1841,1.1906,1.1825,1.1855,503795.13
2025-09-22 04:00:00,1.1854,1.1916,1.1794,1.1836,547849.37
2025-09-22 05:00:00,1.1835,1.1859,1.1592,1.1608,691897.3
2025-09-22 06:00:00,1.1609,1.1622,1.09,1.132,8533474.05
2025-09-22 07:00:00,1.1319,1.1372,1.1245,1.125,1874784.1
2025-09-22 08:00:00,1.125,1.1304,1.118,1.1269,1849620.36
2025-09-22 09:00:00,1.1269,1.1273,1.106,1.109,1178672.72
2025-09-22 10:00:00,1.1091,1.1208,1.1071,1.1191,909135.28
2025-09-22 11:00:00,1.1192,1.1223,1.1111,1.114,687412.69
2025-09-22 12:00:00,1.114,1.1289,1.1103,1.1276,762374.48
2025-09-22 13:00:00,1.1275,1.1324,1.11,1.1248,2098809.48
2025-09-22 14:00:00,1.1246,1.133,1.1149,1.1172,1667160.38
2025-09-22 15:00:00,1.1173,1.1197,1.1078,1.1091,630772.62
2025-09-22 16:00:00,1.1091,1.1156,1.1029,1.1044,890007.56
2025-09-22 17:00:00,1.1045,1.1134,1.0986,1.1102,620155.15
2025-09-22 18:00:00,1.1101,1.1173,1.1076,1.1097,543515.42
2025-09-22 19:00:00,1.1096,1.1117,1.0962,1.1001,623125.73
2025-09-22 20:00:00,1.1,1.1139,1.0991,1.1109,525682.38
2025-09-22 21:00:00,1.111,1.1161,1.1082,1.1156,332206.96
2025-09-22 22:00:00,1.1153,1.1177,1.1099,1.1132,191206.21
2025-09-22 23:00:00,1.1132,1.1147,1.1086,1.1112,260756.72
2025-09-23 00:00:00,1.1114,1.1163,1.0991,1.1037,924759.98
2025-09-23 01:00:00,1.1036,1.1098,1.0972,1.0978,220095.28
2025-09-23 02:00:00,1.0979,1.106,1.0901,1.0918,675234.31
2025-09-23 03:00:00,1.0917,1.1136,1.0863,1.1104,710508.7
2025-09-23 04:00:00,1.1103,1.1145,1.0991,1.1036,337995.61
2025-09-23 05:00:00,1.1037,1.1159,1.0985,1.1089,776275.15
2025-09-23 06:00:00,1.109,1.1287,1.1084,1.1246,981127.79
2025-09-23 07:00:00,1.1246,1.1264,1.1185,1.1194,547753.16
2025-09-23 08:00:00,1.1195,1.128,1.1167,1.1269,695836.4
2025-09-23 09:00:00,1.1268,1.1343,1.1209,1.1216,943378.64
2025-09-23 10:00:00,1.1215,1.135,1.1194,1.1272,656826.94
2025-09-23 11:00:00,1.1272,1.1275,1.1202,1.1235,297024.3
2025-09-23 12:00:00,1.1234,1.1325,1.1186,1.1292,2735341.01
2025-09-23 13:00:00,1.1291,1.133,1.1214,1.1268,547562.2
2025-09-23 14:00:00,1.1268,1.1382,1.1202,1.1226,842998.29
2025-09-23 15:00:00,1.1225,1.1253,1.1097,1.1155,769491.27
2025-09-23 16:00:00,1.1155,1.1279,1.108,1.1222,773183.74
2025-09-23 17:00:00,1.1221,1.1227,1.1018,1.1048,854898.76
2025-09-23 18:00:00,1.105,1.1275,1.1,1.1041,1236909.53
2025-09-23 19:00:00,1.104,1.1152,1.1,1.1042,441034.52
2025-09-23 20:00:00,1.1041,1.1148,1.1014,1.1147,270030.45
2025-09-23 21:00:00,1.1147,1.1187,1.1099,1.1171,269085.24
2025-09-23 22:00:00,1.1171,1.1186,1.1099,1.1142,116323.79
2025-09-23 23:00:00,1.1142,1.1172,1.1075,1.1094,181591.95
2025-09-24 00:00:00,1.1094,1.1235,1.1087,1.1181,187850.39
2025-09-24 01:00:00,1.118,1.1333,1.1154,1.1286,257964.3
2025-09-24 02:00:00,1.1287,1.1297,1.1184,1.1234,274420.97
2025-09-24 03:00:00,1.1233,1.1246,1.0994,1.1058,652067.85
2025-09-24 04:00:00,1.1057,1.1203,1.0866,1.1098,1414869.64
2025-09-24 05:00:00,1.1098,1.1303,1.1083,1.1288,473017.9
2025-09-24 06:00:00,1.1289,1.1329,1.1215,1.1254,501039.56
2025-09-24 07:00:00,1.1254,1.1264,1.1176,1.1233,297529.17
2025-09-24 08:00:00,1.1234,1.1261,1.1183,1.1219,186669.93
2025-09-24 09:00:00,1.122,1.1271,1.1192,1.1256,216899.48
2025-09-24 10:00:00,1.1254,1.1298,1.1196,1.1294,239945.71
2025-09-24 11:00:00,1.1294,1.1379,1.1275,1.136,389386.9
2025-09-24 12:00:00,1.1361,1.1391,1.1293,1.1323,327724.55
2025-09-24 13:00:00,1.1324,1.1351,1.1182,1.1185,351221.82
2025-09-24 14:00:00,1.1185,1.1388,1.1185,1.1316,267361.17
2025-09-24 15:00:00,1.1317,1.1332,1.1216,1.1226,375343.63
2025-09-24 16:00:00,1.1227,1.1268,1.1186,1.1223,330271.11
2025-09-24 17:00:00,1.1224,1.1291,1.1214,1.1247,198240.96
2025-09-24 18:00:00,1.1247,1.1253,1.119,1.1209,255500.77
2025-09-24 19:00:00,1.1208,1.1229,1.1151,1.1203,178929.71
2025-09-24 20:00:00,1.1204,1.1218,1.1128,1.1193,110654.86
2025-09-24 21:00:00,1.1193,1.1202,1.1047,1.1073,183392.65
2025-09-24 22:00:00,1.1072,1.1148,1.1069,1.1092,180772.08
2025-09-24 23:00:00,1.1093,1.113,1.1066,1.1099,122496.31
2025-09-25 00:00:00,1.11,1.1135,1.099,1.1016,390418.11
2025-09-25 01:00:00,1.1015,1.1042,1.0932,1.097,812601.78
2025-09-25 02:00:00,1.0971,1.1122,1.0906,1.1054,788147.07
2025-09-25 03:00:00,1.1053,1.1056,1.0886,1.0991,842801.4
2025-09-25 04:00:00,1.0991,1.1034,1.0771,1.0846,1304754.11
2025-09-25 05:00:00,1.0843,1.1005,1.0781,1.091,692223.67
2025-09-25 06:00:00,1.0909,1.0924,1.0792,1.0819,729832.7
2025-09-25 07:00:00,1.082,1.0918,1.0796,1.0832,471919.41
2025-09-25 08:00:00,1.0833,1.0923,1.081,1.0858,572364.18
2025-09-25 09:00:00,1.0857,1.0997,1.0839,1.0862,703402.64
2025-09-25 10:00:00,1.0861,1.0967,1.0852,1.0853,220861.0
2025-09-25 11:00:00,1.0854,1.0901,1.0761,1.0781,764858.2
2025-09-25 12:00:00,1.0781,1.0998,1.0597,1.0821,2570570.84
2025-09-25 13:00:00,1.0821,1.0958,1.0755,1.091,1182232.68
2025-09-25 14:00:00,1.0911,1.1138,1.0911,1.0993,1025948.6
2025-09-25 15:00:00,1.0993,1.1005,1.0892,1.0959,620978.31
2025-09-25 16:00:00,1.0958,1.096,1.0713,1.0741,1112170.36
2025-09-25 17:00:00,1.074,1.0747,1.04,1.0472,4441185.5
2025-09-25 18:00:00,1.0472,1.0842,1.041,1.0834,1578526.07
2025-09-25 19:00:00,1.0835,1.0889,1.0732,1.074,1036936.71
2025-09-25 20:00:00,1.0741,1.0756,1.0559,1.0593,562215.02
2025-09-25 21:00:00,1.0593,1.0727,1.0541,1.07,799168.7
2025-09-25 22:00:00,1.07,1.0744,1.0587,1.0636,326399.75
2025-09-25 23:00:00,1.0637,1.0705,1.0467,1.0585,893423.48
2025-09-26 00:00:00,1.0586,1.0901,1.047,1.0732,1851883.34
2025-09-26 01:00:00,1.0733,1.0768,1.0676,1.0722,500081.19
2025-09-26 02:00:00,1.0721,1.0782,1.0668,1.0719,256239.9
2025-09-26 03:00:00,1.072,1.0776,1.0688,1.0759,411943.85
2025-09-26 04:00:00,1.076,1.0781,1.0665,1.0681,404246.68
2025-09-26 05:00:00,1.0682,1.0762,1.0622,1.0635,369283.78
2025-09-26 06:00:00,1.0637,1.0721,1.0581,1.0612,590124.32
2025-09-26 07:00:00,1.0612,1.0688,1.0554,1.063,676403.24
2025-09-26 08:00:00,1.0629,1.0694,1.0617,1.0622,593919.04
2025-09-26 09:00:00,1.0623,1.065,1.052,1.057,297745.25
2025-09-26 10:00:00,1.057,1.0602,1.025,1.0447,3283767.58
2025-09-26 11:00:00,1.0446,1.07,1.0395,1.0578,1929511.43
2025-09-26 12:00:00,1.0578,1.0787,1.0457,1.067,1346809.42
2025-09-26 13:00:00,1.067,1.0788,1.058,1.0743,1166603.4
2025-09-26 14:00:00,1.0742,1.0784,1.0575,1.0641,728275.52
2025-09-26 15:00:00,1.0642,1.0741,1.0632,1.0696,498192.91
2025-09-26 16:00:00,1.0695,1.0854,1.0686,1.0837,584525.75
2025-09-26 17:00:00,1.0836,1.0989,1.0804,1.098,708270.98
2025-09-26 18:00:00,1.098,1.1056,1.0926,1.0968,626178.9
2025-09-26 19:00:00,1.0967,1.0976,1.0851,1.0914,618885.77
2025-09-26 20:00:00,1.0913,1.0963,1.0882,1.0908,330557.83
2025-09-26 21:00:00,1.0907,1.0959,1.0882,1.0951,324113.46
2025-09-26 22:00:00,1.0952,1.0986,1.0936,1.0937,165713.11
2025-09-26 23:00:00,1.0938,1.097,1.0916,1.0968,107424.89
2025-09-27 00:00:00,1.0967,1.0984,1.0928,1.0981,203270.64
2025-09-27 01:00:00,1.0981,1.0983,1.0902,1.0935,154808.78
2025-09-27 02:00:00,1.0935,1.095,1.0898,1.0907,115941.82
2025-09-27 03:00:00,1.0907,1.1,1.0902,1.0952,228664.36
2025-09-27 04:00:00,1.0951,1.0968,1.091,1.0916,145244.58
2025-09-27 05:00:00,1.0916,1.0958,1.0872,1.0924,185967.86
2025-09-27 06:00:00,1.0924,1.0931,1.089,1.0931,108834.87
2025-09-27 07:00:00,1.0932,1.0951,1.0879,1.0886,145816.04
2025-09-27 08:00:00,1.0886,1.089,1.0815,1.0821,430324.89
2025-09-27 09:00:00,1.0822,1.0882,1.0774,1.088,182885.72
2025-09-27 10:00:00,1.0879,1.0951,1.0865,1.0919,338352.99
2025-09-27 11:00:00,1.0918,1.0918,1.0881,1.0896,80750.72
2025-09-27 12:00:00,1.0896,1.0967,1.0839,1.0956,204895.32
2025-09-27 13:00:00,1.0955,1.0959,1.0908,1.092,241869.83
2025-09-27 14:00:00,1.092,1.094,1.0878,1.0878,145294.91
2025-09-27 15:00:00,1.0877,1.0938,1.0804,1.0928,256404.6
2025-09-27 16:00:00,1.0929,1.0933,1.0856,1.0872,126953.92
2025-09-27 17:00:00,1.0873,1.0901,1.0807,1.0893,550146.48
2025-09-27 18:00:00,1.0892,1.0901,1.0834,1.0875,104520.81
2025-09-27 19:00:00,1.0875,1.0897,1.0846,1.0886,149567.15
2025-09-27 20:00:00,1.0887,1.0926,1.0866,1.0883,100644.66
2025-09-27 21:00:00,1.0884,1.0957,1.0874,1.0941,118196.96
2025-09-27 22:00:00,1.0941,1.1025,1.0932,1.0937,196485.58
2025-09-27 23:00:00,1.0938,1.0964,1.09,1.0917,111672.67
2025-09-28 00:00:00,1.0917,1.0935,1.0846,1.0863,181451.08
2025-09-28 01:00:00,1.0863,1.0871,1.079,1.0818,219450.63
2025-09-28 02:00:00,1.0818,1.0864,1.0803,1.0823,109283.17
2025-09-28 03:00:00,1.0825,1.0852,1.0795,1.0834,92553.59
2025-09-28 04:00:00,1.0834,1.0834,1.0786,1.0802,129580.06
2025-09-28 05:00:00,1.0802,1.0829,1.0769,1.0781,122791.47
2025-09-28 06:00:00,1.078,1.0796,1.0698,1.0749,202358.51
2025-09-28 07:00:00,1.0751,1.0776,1.0712,1.0747,128148.93
2025-09-28 08:00:00,1.0746,1.077,1.0683,1.0692,117461.87
2025-09-28 09:00:00,1.0692,1.0725,1.0655,1.0702,246922.23
2025-09-28 10:00:00,1.0702,1.0709,1.0652,1.0689,142717.27
2025-09-28 11:00:00,1.069,1.0701,1.0622,1.0657,227202.69
2025-09-28 12:00:00,1.0658,1.067,1.0568,1.0632,494600.4
2025-09-28 13:00:00,1.0632,1.0826,1.0626,1.0798,501117.78
2025-09-28 14:00:00,1.0798,1.0829,1.0763,1.0807,160960.54
2025-09-28 15:00:00,1.0806,1.0835,1.0791,1.0831,175357.32
2025-09-28 16:00:00,1.0831,1.0935,1.0822,1.0879,287251.65
2025-09-28 17:00:00,1.0879,1.0972,1.0846,1.0923,257475.76
2025-09-28 18:00:00,1.0924,1.0944,1.0904,1.094,144038.83
2025-09-28 19:00:00,1.0944,1.0961,1.0894,1.096,106945.8
2025-09-28 20:00:00,1.0961,1.107,1.0945,1.0992,310110.49
2025-09-28 21:00:00,1.0993,1.1036,1.0961,1.0984,182366.79
2025-09-28 22:00:00,1.0985,1.1233,1.0985,1.1204,746420.57
2025-09-28 23:00:00,1.1205,1.1227,1.1146,1.1177,254950.51
2025-09-29 00:00:00,1.1177,1.1209,1.1116,1.1141,255952.43
2025-09-29 01:00:00,1.1141,1.1336,1.1113,1.1175,820271.97
2025-09-29 02:00:00,1.1175,1.1275,1.1129,1.1182,434402.5
2025-09-29 03:00:00,1.1182,1.1251,1.1137,1.1248,471239.75
2025-09-29 04:00:00,1.1248,1.1256,1.1124,1.1127,334501.74
2025-09-29 05:00:00,1.1127,1.1151,1.1063,1.1134,282840.5
2025-09-29 06:00:00,1.1136,1.1147,1.1071,1.108,256434.35
2025-09-29 07:00:00,1.1081,1.1153,1.104,1.1133,141673.16
2025-09-29 08:00:00,1.1133,1.1232,1.112,1.1204,254931.17
2025-09-29 09:00:00,1.1203,1.1237,1.116,1.1193,272527.21
2025-09-29 10:00:00,1.1193,1.1222,1.1107,1.1131,405559.0
2025-09-29 11:00:00,1.1132,1.1149,1.1049,1.1144,503578.83
2025-09-29 12:00:00,1.1143,1.1166,1.0989,1.0998,518609.27
2025-09-29 13:00:00,1.0998,1.1224,1.0928,1.1158,855286.42
2025-09-29 14:00:00,1.116,1.1453,1.1146,1.1364,1220547.77
2025-09-29 15:00:00,1.1365,1.1386,1.1139,1.1165,810107.93
2025-09-29 16:00:00,1.1166,1.1238,1.1074,1.1084,319273.37
2025-09-29 17:00:00,1.1085,1.1184,1.1031,1.1174,578114.55
2025-09-29 18:00:00,1.1175,1.118,1.11,1.1167,229171.11
2025-09-29 19:00:00,1.1168,1.1347,1.1156,1.134,304099.99
2025-09-29 20:00:00,1.1341,1.151,1.132,1.1492,529230.77
2025-09-29 21:00:00,1.1493,1.1653,1.1415,1.1589,884054.62
2025-09-29 22:00:00,1.159,1.169,1.1547,1.1677,749464.31
2025-09-29 23:00:00,1.1678,1.187,1.1659,1.1772,1154952.97
2025-09-30 00:00:00,1.1771,1.1976,1.1668,1.1789,1367921.45
2025-09-30 01:00:00,1.1788,1.198,1.1722,1.187,1234399.81
2025-09-30 02:00:00,1.187,1.1921,1.1784,1.1786,547238.41
2025-09-30 03:00:00,1.1784,1.1949,1.1749,1.1913,1011669.3
2025-09-30 04:00:00,1.1914,1.2069,1.1828,1.1832,1571577.08
2025-09-30 05:00:00,1.1833,1.1955,1.1749,1.1895,988573.77
2025-09-30 06:00:00,1.1894,1.2093,1.1821,1.1916,1935774.62
2025-09-30 07:00:00,1.1915,1.2012,1.1845,1.1867,909197.68
2025-09-30 08:00:00,1.1867,1.1963,1.1708,1.1719,979144.03
2025-09-30 09:00:00,1.1718,1.179,1.1498,1.1516,1379477.49
2025-09-30 10:00:00,1.1515,1.1535,1.1401,1.1413,556444.55
2025-09-30 11:00:00,1.1413,1.157,1.1358,1.1525,861872.54
2025-09-30 12:00:00,1.1525,1.1525,1.132,1.1327,572166.07
2025-09-30 13:00:00,1.1326,1.1326,1.104,1.1043,941504.03
2025-09-30 14:00:00,1.1044,1.1073,1.0867,1.0999,1437178.06
2025-09-30 15:00:00,1.0999,1.1001,1.0762,1.0882,869023.29
2025-09-30 16:00:00,1.0881,1.0903,1.0758,1.0835,682516.59
2025-09-30 17:00:00,1.0834,1.0905,1.0751,1.0882,828145.98
2025-09-30 18:00:00,1.0882,1.1018,1.0845,1.1002,742185.08
2025-09-30 19:00:00,1.1002,1.1177,1.0931,1.1158,682166.28
2025-09-30 20:00:00,1.1159,1.1185,1.0926,1.1083,1385361.59
2025-09-30 21:00:00,1.1083,1.1185,1.0962,1.0962,595802.68
2025-09-30 22:00:00,1.0963,1.1078,1.0868,1.088,452089.06
2025-09-30 23:00:00,1.088,1.0892,1.0818,1.0874,418741.43
2025-10-01 00:00:00,1.0875,1.0898,1.0788,1.0898,323966.51
2025-10-01 01:00:00,1.0898,1.0995,1.0813,1.0991,396326.21
2025-10-01 02:00:00,1.0992,1.103,1.0934,1.0939,371337.3
2025-10-01 03:00:00,1.0939,1.1012,1.0897,1.0904,264789.47
2025-10-01 04:00:00,1.0903,1.1115,1.0898,1.1025,589769.31
2025-10-01 05:00:00,1.1025,1.1104,1.1011,1.1082,370902.14
2025-10-01 06:00:00,1.1083,1.1098,1.0908,1.0918,381500.04
2025-10-01 07:00:00,1.0918,1.0983,1.089,1.0927,257579.65
2025-10-01 08:00:00,1.0926,1.1708,1.0899,1.1576,3138493.59
2025-10-01 09:00:00,1.1577,1.1674,1.1526,1.1598,1130044.57
2025-10-01 10:00:00,1.1599,1.1608,1.1418,1.1454,1086359.57
2025-10-01 11:00:00,1.1454,1.1515,1.1445,1.1488,421410.06
2025-10-01 12:00:00,1.1489,1.1598,1.146,1.1517,697600.67
2025-10-01 13:00:00,1.1517,1.1631,1.1492,1.1602,537780.47
2025-10-01 14:00:00,1.1601,1.1799,1.1572,1.1724,1247702.08
2025-10-01 15:00:00,1.1725,1.1764,1.1641,1.1691,801396.01
2025-10-01 16:00:00,1.1691,1.197,1.1691,1.188,1275657.42
2025-10-01 17:00:00,1.188,1.1996,1.1857,1.1886,1310239.41
2025-10-01 18:00:00,1.1886,1.2077,1.1886,1.2035,1127323.75
2025-10-01 19:00:00,1.2034,1.2055,1.1964,1.2016,934551.26
2025-10-01 20:00:00,1.2017,1.2051,1.1912,1.1987,793925.42
2025-10-01 21:00:00,1.1986,1.1988,1.188,1.1883,425885.77
2025-10-01 22:00:00,1.1883,1.1973,1.1837,1.1904,509291.41
2025-10-01 23:00:00,1.1903,1.1963,1.1894,1.1926,510543.7
2025-10-02 00:00:00,1.1925,1.208,1.1872,1.1914,967086.95
2025-10-02 01:00:00,1.1915,1.2035,1.1869,1.2027,335911.76
2025-10-02 02:00:00,1.2026,1.2036,1.1963,1.2006,274022.35
2025-10-02 03:00:00,1.2005,1.216,1.1983,1.2051,950395.11
2025-10-02 04:00:00,1.2051,1.2135,1.2002,1.2122,417692.94
2025-10-02 05:00:00,1.2122,1.2235,1.2082,1.2137,679705.91
2025-10-02 06:00:00,1.2138,1.2257,1.2102,1.2124,708362.39
2025-10-02 07:00:00,1.2125,1.2137,1.1948,1.1966,552356.92
2025-10-02 08:00:00,1.1966,1.205,1.1966,1.1993,356359.64
2025-10-02 09:00:00,1.1994,1.2036,1.1952,1.2001,340678.38
2025-10-02 10:00:00,1.2001,1.2041,1.1927,1.1988,678484.25
2025-10-02 11:00:00,1.1987,1.2084,1.197,1.2063,521914.99
2025-10-02 12:00:00,1.2063,1.2168,1.2053,1.2152,628825.44
2025-10-02 13:00:00,1.2152,1.2365,1.2041,1.2297,1505475.73
2025-10-02 14:00:00,1.2297,1.2312,1.1996,1.2068,1451583.09
2025-10-02 15:00:00,1.2071,1.2273,1.1972,1.2249,1157715.57
2025-10-02 16:00:00,1.2249,1.2348,1.2128,1.2199,745262.84
2025-10-02 17:00:00,1.2197,1.2398,1.2153,1.2353,555028.98
2025-10-02 18:00:00,1.2354,1.246,1.2345,1.2369,699043.53
2025-10-02 19:00:00,1.2369,1.3194,1.2364,1.2895,4961730.54
2025-10-02 20:00:00,1.2896,1.3001,1.2657,1.2855,1122706.89
2025-10-02 21:00:00,1.2855,1.342,1.2757,1.2956,2118341.79
2025-10-02 22:00:00,1.2956,1.3072,1.2904,1.3005,1220104.28
2025-10-02 23:00:00,1.3003,1.3054,1.2864,1.3005,645853.85
2025-10-03 00:00:00,1.3004,1.301,1.2739,1.2786,704020.53
2025-10-03 01:00:00,1.2785,1.2839,1.2651,1.2666,509272.43
2025-10-03 02:00:00,1.2665,1.2765,1.2628,1.2733,419549.4
2025-10-03 03:00:00,1.2733,1.2833,1.2583,1.2628,1092923.04
2025-10-03 04:00:00,1.2629,1.2684,1.2557,1.2667,893246.58
2025-10-03 05:00:00,1.2668,1.268,1.248,1.2504,543910.77
2025-10-03 06:00:00,1.2505,1.2513,1.244,1.2513,700496.42
2025-10-03 07:00:00,1.2512,1.2515,1.241,1.2436,369556.97
2025-10-03 08:00:00,1.2437,1.247,1.2287,1.2426,1531997.28
2025-10-03 09:00:00,1.2426,1.2498,1.237,1.2493,570364.88
2025-10-03 10:00:00,1.2493,1.2496,1.2395,1.2422,452116.2
2025-10-03 11:00:00,1.2418,1.2424,1.2297,1.2328,464004.01
2025-10-03 12:00:00,1.2329,1.2446,1.2319,1.2407,526009.49
2025-10-03 13:00:00,1.2407,1.2474,1.2317,1.2424,533005.14
2025-10-03 14:00:00,1.2423,1.256,1.2334,1.2502,753843.81
2025-10-03 15:00:00,1.2501,1.2724,1.2388,1.2707,1841206.14
2025-10-03 16:00:00,1.2708,1.2851,1.259,1.2621,2390105.53
2025-10-03 17:00:00,1.2621,1.2621,1.2228,1.2352,2457832.45
2025-10-03 18:00:00,1.2353,1.2601,1.2311,1.2514,1248707.46
2025-10-03 19:00:00,1.2515,1.2565,1.2344,1.2402,1804630.13
2025-10-03 20:00:00,1.24,1.2452,1.2255,1.2452,1038795.16
2025-10-03 21:00:00,1.2453,1.247,1.2354,1.2369,365324.46
2025-10-03 22:00:00,1.2369,1.2427,1.2363,1.2372,175830.86
2025-10-03 23:00:00,1.2373,1.2376,1.2298,1.2323,379422.28
2025-10-04 00:00:00,1.2324,1.2367,1.2266,1.2281,305836.08
2025-10-04 01:00:00,1.2283,1.2283,1.2142,1.2181,772877.75
2025-10-04 02:00:00,1.2181,1.2254,1.2107,1.2145,655074.58
2025-10-04 03:00:00,1.2144,1.2191,1.2089,1.2154,308993.13
2025-10-04 04:00:00,1.2155,1.2191,1.2115,1.2148,235386.74
2025-10-04 05:00:00,1.2147,1.2203,1.2133,1.2182,599963.88
2025-10-04 06:00:00,1.2183,1.2274,1.2167,1.2243,512969.19
2025-10-04 07:00:00,1.2244,1.2256,1.2142,1.2172,229519.1
2025-10-04 08:00:00,1.2171,1.2198,1.21,1.2121,179163.08
2025-10-04 09:00:00,1.2121,1.2175,1.2038,1.205,248762.65
2025-10-04 10:00:00,1.205,1.211,1.1977,1.2012,432759.08
2025-10-04 11:00:00,1.2011,1.2072,1.1975,1.2024,826289.73
2025-10-04 12:00:00,1.2023,1.2046,1.1976,1.1984,261492.08
2025-10-04 13:00:00,1.1983,1.2131,1.1979,1.2069,437772.26
2025-10-04 14:00:00,1.2069,1.2148,1.1938,1.1941,244488.76
2025-10-04 15:00:00,1.1941,1.199,1.1813,1.1902,853677.97
2025-10-04 16:00:00,1.1903,1.1988,1.1853,1.196,305626.2
2025-10-04 17:00:00,1.196,1.2018,1.1936,1.1979,315775.82
2025-10-04 18:00:00,1.1979,1.1985,1.1919,1.1933,264433.45
2025-10-04 19:00:00,1.1932,1.2082,1.1931,1.2055,316697.85
2025-10-04 20:00:00,1.2056,1.2097,1.2024,1.2028,201949.86
2025-10-04 21:00:00,1.2028,1.2104,1.2022,1.2041,139626.03
2025-10-04 22:00:00,1.2043,1.208,1.2019,1.2033,112116.71
2025-10-04 23:00:00,1.2034,1.2063,1.2003,1.2022,100358.42
2025-10-05 00:00:00,1.2023,1.2068,1.1933,1.1938,123926.14
2025-10-05 01:00:00,1.1939,1.2017,1.1938,1.199,201308.64
2025-10-05 02:00:00,1.1991,1.2159,1.1958,1.213,850485.29
2025-10-05 03:00:00,1.213,1.2194,1.209,1.2119,748996.33
2025-10-05 04:00:00,1.2118,1.2313,1.2099,1.2266,949009.47
2025-10-05 05:00:00,1.2267,1.231,1.2221,1.2269,615068.65
2025-10-05 06:00:00,1.227,1.2292,1.2182,1.2209,402855.67
2025-10-05 07:00:00,1.2208,1.2419,1.2202,1.2419,648674.61
2025-10-05 08:00:00,1.2419,1.2455,1.2291,1.2302,659110.78
2025-10-05 09:00:00,1.2302,1.2312,1.2063,1.2097,1014791.84
2025-10-05 10:00:00,1.2098,1.2103,1.1627,1.1797,2078460.96
2025-10-05 11:00:00,1.1796,1.1917,1.1777,1.1897,1011589.54
2025-10-05 12:00:00,1.1897,1.1905,1.179,1.18,442477.42
2025-10-05 13:00:00,1.18,1.1896,1.1794,1.1847,371780.02
2025-10-05 14:00:00,1.1846,1.1901,1.1766,1.1828,477965.59
2025-10-05 15:00:00,1.1827,1.1891,1.1811,1.183,727968.57
2025-10-05 16:00:00,1.183,1.1866,1.1733,1.1839,559960.54
2025-10-05 17:00:00,1.184,1.1869,1.1634,1.1717,716806.37
2025-10-05 18:00:00,1.1717,1.1757,1.1682,1.1718,298091.52
2025-10-05 19:00:00,1.1719,1.1736,1.1612,1.1625,267551.25
2025-10-05 20:00:00,1.1626,1.1703,1.1587,1.1666,384573.14
2025-10-05 21:00:00,1.1665,1.1679,1.1637,1.167,144711.42
2025-10-05 22:00:00,1.1671,1.1706,1.1621,1.1667,162233.77
2025-10-05 23:00:00,1.1667,1.1696,1.1633,1.1637,433316.65
2025-10-06 00:00:00,1.1637,1.1764,1.1581,1.1636,653867.88
2025-10-06 01:00:00,1.1635,1.1759,1.1604,1.1705,425316.13
2025-10-06 02:00:00,1.1704,1.1809,1.1649,1.1765,332467.09
2025-10-06 03:00:00,1.1764,1.1805,1.1746,1.1785,224254.36
2025-10-06 04:00:00,1.1785,1.1793,1.1701,1.1716,393870.77
2025-10-06 05:00:00,1.1716,1.1734,1.1662,1.1716,318972.72
2025-10-06 06:00:00,1.1717,1.1834,1.1711,1.1797,439690.51
2025-10-06 07:00:00,1.1797,1.1863,1.1727,1.1831,424601.55
2025-10-06 08:00:00,1.1833,1.1888,1.1778,1.1867,469087.26
2025-10-06 09:00:00,1.1867,1.2043,1.185,1.2025,541619.18
2025-10-06 10:00:00,1.2025,1.2155,1.1944,1.2129,1083022.65
2025-10-06 11:00:00,1.2129,1.2464,1.2041,1.2151,2679379.14
2025-10-06 12:00:00,1.2152,1.2258,1.2061,1.2174,1049197.29
2025-10-06 13:00:00,1.2175,1.2871,1.214,1.283,2875374.12
2025-10-06 14:00:00,1.2829,1.2936,1.2439,1.2508,4288606.99
2025-10-06 15:00:00,1.2508,1.2724,1.2471,1.2572,1163915.0
2025-10-06 16:00:00,1.2571,1.2649,1.2479,1.2574,1028591.75
2025-10-06 17:00:00,1.2574,1.2692,1.255,1.2609,976812.63
2025-10-06 18:00:00,1.261,1.2664,1.251,1.2632,435307.0
2025-10-06 19:00:00,1.2632,1.2675,1.2585,1.2637,398131.32
2025-10-06 20:00:00,1.2638,1.2731,1.2575,1.2588,505314.14
2025-10-06 21:00:00,1.2588,1.2635,1.2442,1.2574,1154837.17
2025-10-06 22:00:00,1.2571,1.2635,1.2538,1.259,526614.95
2025-10-06 23:00:00,1.259,1.2613,1.2494,1.2533,766927.64
2025-10-07 00:00:00,1.2535,1.2605,1.2523,1.258,284931.48
2025-10-07 01:00:00,1.2579,1.2612,1.2468,1.2481,404261.28
2025-10-07 02:00:00,1.2482,1.25,1.2341,1.2358,620322.45
2025-10-07 03:00:00,1.2358,1.239,1.2304,1.235,257038.75
2025-10-07 04:00:00,1.2349,1.2537,1.228,1.2516,719433.3
2025-10-07 05:00:00,1.2515,1.2515,1.2426,1.247,518079.59
2025-10-07 06:00:00,1.2471,1.2496,1.2276,1.2334,954576.65
2025-10-07 07:00:00,1.2334,1.2399,1.2312,1.2364,427058.61
2025-10-07 08:00:00,1.2365,1.2368,1.217,1.2297,888568.83
2025-10-07 09:00:00,1.2297,1.2344,1.2236,1.2266,707857.0
2025-10-07 10:00:00,1.2265,1.2333,1.2239,1.2315,461198.35
2025-10-07 11:00:00,1.2316,1.2437,1.2289,1.2395,422695.67
2025-10-07 12:00:00,1.2394,1.2504,1.2298,1.2501,870795.32
2025-10-07 13:00:00,1.2502,1.2603,1.2236,1.2351,1839620.57
2025-10-07 14:00:00,1.2352,1.2379,1.2006,1.2013,2988508.9
2025-10-07 15:00:00,1.2014,1.2061,1.1828,1.188,2606958.72
2025-10-07 16:00:00,1.1881,1.2048,1.1732,1.1969,1414404.73
2025-10-07 17:00:00,1.1969,1.2027,1.1847,1.1855,735291.6
2025-10-07 18:00:00,1.1855,1.1912,1.182,1.1832,518941.38
2025-10-07 19:00:00,1.1831,1.196,1.1829,1.1882,725353.87
2025-10-07 20:00:00,1.1883,1.2101,1.1867,1.1955,955813.41
2025-10-07 21:00:00,1.1954,1.1967,1.1839,1.1855,285306.5
2025-10-07 22:00:00,1.1856,1.1949,1.1837,1.1896,255680.76
2025-10-07 23:00:00,1.1895,1.1901,1.179,1.1853,358356.56
2025-10-08 00:00:00,1.1854,1.1984,1.18,1.1951,300323.8
2025-10-08 01:00:00,1.1951,1.2045,1.192,1.195,347466.26
2025-10-08 02:00:00,1.195,1.1975,1.19,1.1918,236899.64
2025-10-08 03:00:00,1.1916,1.1918,1.1676,1.175,736297.99
2025-10-08 04:00:00,1.175,1.1837,1.167,1.1757,980882.75
2025-10-08 05:00:00,1.1758,1.1759,1.1659,1.1684,406979.33
2025-10-08 06:00:00,1.1685,1.1737,1.1648,1.1717,309287.12
2025-10-08 07:00:00,1.1718,1.1731,1.1634,1.1701,629291.35
2025-10-08 08:00:00,1.1702,1.1871,1.1678,1.1828,545726.04
2025-10-08 09:00:00,1.1829,1.1838,1.171,1.1786,812211.46
2025-10-08 10:00:00,1.1787,1.1898,1.1787,1.1854,405861.5
2025-10-08 11:00:00,1.1855,1.1875,1.1758,1.1773,386123.65
2025-10-08 12:00:00,1.1772,1.1865,1.1747,1.1853,477529.94
2025-10-08 13:00:00,1.1853,1.1936,1.1729,1.1928,680715.35
2025-10-08 14:00:00,1.1928,1.207,1.1766,1.1799,1088500.05
2025-10-08 15:00:00,1.1799,1.1938,1.1794,1.1826,691371.32
2025-10-08 16:00:00,1.1827,1.1976,1.1803,1.1976,465577.83
2025-10-08 17:00:00,1.1976,1.2227,1.1955,1.2184,1085495.01
2025-10-08 18:00:00,1.2185,1.2213,1.2061,1.2114,464398.54
2025-10-08 19:00:00,1.2113,1.2119,1.1991,1.2039,383847.35
2025-10-08 20:00:00,1.2039,1.2056,1.192,1.1928,206053.08
2025-10-08 21:00:00,1.1927,1.2012,1.1924,1.1977,141317.87
2025-10-08 22:00:00,1.1976,1.2068,1.1971,1.1973,423405.67
2025-10-08 23:00:00,1.1975,1.2023,1.1936,1.1989,345787.7
2025-10-09 00:00:00,1.1989,1.2048,1.192,1.193,512994.21
2025-10-09 01:00:00,1.1931,1.1941,1.1841,1.1897,518118.83
2025-10-09 02:00:00,1.1896,1.1897,1.1682,1.1713,399007.14
2025-10-09 03:00:00,1.1714,1.1893,1.1714,1.1888,226021.93
2025-10-09 04:00:00,1.1887,1.1944,1.1857,1.1908,171238.93
2025-10-09 05:00:00,1.1908,1.1934,1.1841,1.1864,158082.59
2025-10-09 06:00:00,1.1865,1.1869,1.1757,1.177,297910.34
2025-10-09 07:00:00,1.177,1.1811,1.1675,1.1708,391593.83
2025-10-09 08:00:00,1.1708,1.1729,1.1369,1.1403,1538668.64
2025-10-09 09:00:00,1.1404,1.1552,1.1399,1.1528,779746.98
2025-10-09 10:00:00,1.1528,1.158,1.1458,1.1513,458198.7
2025-10-09 11:00:00,1.1512,1.1562,1.1488,1.1502,371791.47
2025-10-09 12:00:00,1.1501,1.1678,1.1488,1.1646,772042.94
2025-10-09 13:00:00,1.1645,1.1666,1.1418,1.1433,638285.78
2025-10-09 14:00:00,1.1433,1.1496,1.1186,1.1313,2541967.81
2025-10-09 15:00:00,1.1313,1.141,1.1255,1.1318,1797613.15
2025-10-09 16:00:00,1.1318,1.1366,1.1176,1.1208,1179574.15
2025-10-09 17:00:00,1.1208,1.1456,1.1188,1.1439,957202.15
2025-10-09 18:00:00,1.1439,1.1455,1.1356,1.1356,391971.06
2025-10-09 19:00:00,1.1357,1.1462,1.1355,1.1451,600151.97
2025-10-09 20:00:00,1.1451,1.1504,1.1403,1.144,555465.36
2025-10-09 21:00:00,1.144,1.1514,1.1432,1.1507,354204.51
2025-10-09 22:00:00,1.1508,1.1636,1.149,1.1635,203848.05
2025-10-09 23:00:00,1.1635,1.1638,1.1551,1.1619,358787.35
2025-10-10 00:00:00,1.162,1.1648,1.1588,1.1615,254466.19
2025-10-10 01:00:00,1.1616,1.1696,1.1601,1.1657,154716.64
2025-10-10 02:00:00,1.1657,1.1659,1.1559,1.1591,274481.1
2025-10-10 03:00:00,1.1592,1.1921,1.1547,1.1798,615706.26
2025-10-10 04:00:00,1.1798,1.1875,1.1745,1.1807,354890.15
2025-10-10 05:00:00,1.1808,1.1908,1.1738,1.1855,302907.68
2025-10-10 06:00:00,1.1856,1.1909,1.1751,1.177,646435.36
2025-10-10 07:00:00,1.1771,1.1778,1.1655,1.1673,416647.43
2025-10-10 08:00:00,1.1673,1.1789,1.1642,1.1783,486910.83
2025-10-10 09:00:00,1.1782,1.1887,1.1733,1.1794,563405.17
2025-10-10 10:00:00,1.1794,1.1925,1.1786,1.1907,350283.07
2025-10-10 11:00:00,1.1907,1.1921,1.1806,1.1858,262098.73
2025-10-10 12:00:00,1.1858,1.1866,1.1797,1.1862,363678.34
2025-10-10 13:00:00,1.1862,1.2019,1.1862,1.1917,578453.14
2025-10-10 14:00:00,1.1917,1.1973,1.1692,1.1715,797041.2
2025-10-10 15:00:00,1.1716,1.1743,1.1174,1.1233,4633618.59
2025-10-10 16:00:00,1.1233,1.1449,1.1199,1.1311,1429213.93
2025-10-10 17:00:00,1.131,1.134,1.1139,1.1204,781804.06
2025-10-10 18:00:00,1.1205,1.1261,1.1095,1.1097,636168.77
2025-10-10 19:00:00,1.1097,1.114,1.0848,1.0952,1524810.14
2025-10-10 20:00:00,1.0954,1.109,1.0001,1.0195,4310329.73
2025-10-10 21:00:00,1.0195,1.0391,0.2314,0.7939,23694291.01
2025-10-10 22:00:00,0.7952,0.975,0.661,0.8102,15171375.35
2025-10-10 23:00:00,0.8101,0.8783,0.8007,0.8296,8721097.45
2025-10-11 00:00:00,0.8293,0.8408,0.78,0.8207,4073045.65
2025-10-11 01:00:00,0.821,0.8234,0.7757,0.7774,1839935.53
2025-10-11 02:00:00,0.7773,0.84,0.7768,0.823,4065066.91
2025-10-11 03:00:00,0.823,0.8254,0.7867,0.7979,2348365.52
2025-10-11 04:00:00,0.7976,0.8235,0.7956,0.8222,2275186.67
2025-10-11 05:00:00,0.822,0.8243,0.799,0.8168,1247271.94
2025-10-11 06:00:00,0.8168,0.837,0.8153,0.8258,1923708.23
2025-10-11 07:00:00,0.8257,0.8451,0.8183,0.8405,2553265.56
2025-10-11 08:00:00,0.8406,0.868,0.829,0.8651,1969111.93
2025-10-11 09:00:00,0.865,0.8836,0.8491,0.8571,3806488.38
2025-10-11 10:00:00,0.8571,0.8801,0.8566,0.867,2304689.29
2025-10-11 11:00:00,0.8669,0.8713,0.853,0.8668,954909.81
2025-10-11 12:00:00,0.8667,0.8719,0.8323,0.8429,2598116.77
2025-10-11 13:00:00,0.8429,0.8445,0.8228,0.8403,2191943.95
2025-10-11 14:00:00,0.8404,0.8427,0.831,0.8397,1085261.1
2025-10-11 15:00:00,0.8396,0.8545,0.8393,0.8533,2062980.46
2025-10-11 16:00:00,0.8532,0.8625,0.8473,0.8561,2298771.22
2025-10-11 17:00:00,0.8561,0.8609,0.8453,0.85,1022205.16
2025-10-11 18:00:00,0.85,0.8513,0.8422,0.8435,489014.04
2025-10-11 19:00:00,0.8436,0.8443,0.801,0.8128,2504941.66
2025-10-11 20:00:00,0.8127,0.8141,0.7878,0.7947,1966494.49
2025-10-11 21:00:00,0.7947,0.8116,0.7791,0.8048,1332988.82
2025-10-11 22:00:00,0.8048,0.8145,0.7994,0.8061,645282.1
2025-10-11 23:00:00,0.8061,0.8119,0.8043,0.8073,354169.63
2025-10-12 00:00:00,0.8072,0.818,0.7985,0.8009,757330.11
2025-10-12 01:00:00,0.8008,0.8142,0.7934,0.7954,758370.55
2025-10-12 02:00:00,0.7954,0.8061,0.7897,0.7979,586776.81
2025-10-12 03:00:00,0.7978,0.8222,0.7949,0.8128,1059505.48
2025-10-12 04:00:00,0.8128,0.8331,0.8108,0.8302,671864.96
2025-10-12 05:00:00,0.8302,0.8356,0.8239,0.8241,901265.14
2025-10-12 06:00:00,0.8241,0.8446,0.8234,0.84,851450.02
2025-10-12 07:00:00,0.8401,0.8409,0.8286,0.8342,723000.64
2025-10-12 08:00:00,0.8343,0.8394,0.8261,0.8269,641149.8
2025-10-12 09:00:00,0.8268,0.83,0.8183,0.8283,620157.53
2025-10-12 10:00:00,0.8284,0.8322,0.8144,0.8158,650026.83
2025-10-12 11:00:00,0.8158,0.8267,0.8158,0.8219,505613.46
2025-10-12 12:00:00,0.8218,0.8353,0.8212,0.8318,542394.21
2025-10-12 13:00:00,0.8317,0.8329,0.8116,0.8174,842937.76
2025-10-12 14:00:00,0.8175,0.8777,0.817,0.8626,2706861.1
2025-10-12 15:00:00,0.8627,0.9073,0.8603,0.8874,5462425.98
2025-10-12 16:00:00,0.8874,0.9456,0.8871,0.9273,4622943.79
2025-10-12 17:00:00,0.9274,0.9409,0.9176,0.9281,1805650.02
2025-10-12 18:00:00,0.9282,0.9368,0.9132,0.9165,1405414.69
2025-10-12 19:00:00,0.9165,0.9366,0.9163,0.9341,969084.03
2025-10-12 20:00:00,0.934,0.9464,0.9275,0.9346,1555008.54
2025-10-12 21:00:00,0.9346,0.9441,0.9056,0.9243,983734.4
2025-10-12 22:00:00,0.9244,0.9372,0.9172,0.9209,898098.0
2025-10-12 23:00:00,0.9208,0.9225,0.9081,0.916,708363.2
2025-10-13 00:00:00,0.9161,0.9274,0.898,0.9039,921472.4
2025-10-13 01:00:00,0.9038,0.9177,0.8991,0.9171,520435.15
2025-10-13 02:00:00,0.9171,0.9227,0.9061,0.9143,588450.85
2025-10-13 03:00:00,0.9143,0.9189,0.904,0.9072,613301.69
2025-10-13 04:00:00,0.9073,0.9158,0.902,0.9146,724360.19
2025-10-13 05:00:00,0.9145,0.9164,0.9088,0.9114,584008.65
2025-10-13 06:00:00,0.9113,0.9348,0.9057,0.9334,1013378.25
2025-10-13 07:00:00,0.9335,0.9528,0.9297,0.9331,1692088.45
2025-10-13 08:00:00,0.933,0.9456,0.9282,0.9388,799980.14
2025-10-13 09:00:00,0.9387,0.9397,0.9239,0.9356,687659.33
2025-10-13 10:00:00,0.9355,0.9385,0.9276,0.9371,770314.59
2025-10-13 11:00:00,0.9371,0.9394,0.8963,0.9117,2533537.65
2025-10-13 12:00:00,0.9116,0.9307,0.9033,0.9145,1108838.66
2025-10-13 13:00:00,0.9144,0.9506,0.914,0.9395,2830486.1
2025-10-13 14:00:00,0.9395,0.9499,0.922,0.9267,2235595.79
2025-10-13 15:00:00,0.9267,0.9563,0.9253,0.9536,1725257.04
2025-10-13 16:00:00,0.9536,1.0013,0.952,0.9814,4480395.07
2025-10-13 17:00:00,0.9814,0.9999,0.9687,0.9988,2273075.03
2025-10-13 18:00:00,0.9986,1.0076,0.9895,1.0017,2296225.9
2025-10-13 19:00:00,1.0016,1.024,0.9999,1.019,2416087.37
2025-10-13 20:00:00,1.019,1.0302,1.0089,1.0288,1280602.93
2025-10-13 21:00:00,1.0287,1.0306,1.0107,1.0138,1837689.29
2025-10-13 22:00:00,1.0138,1.0271,1.0123,1.0261,551691.94
2025-10-13 23:00:00,1.0261,1.029,1.0176,1.0217,650121.04
2025-10-14 00:00:00,1.0218,1.0301,1.0173,1.0281,649016.79
2025-10-14 01:00:00,1.028,1.0295,1.012,1.0159,841516.85
2025-10-14 02:00:00,1.0159,1.0159,1.0016,1.0107,783843.29
2025-10-14 03:00:00,1.0107,1.0124,0.9939,0.9959,1073851.93
2025-10-14 04:00:00,0.9958,0.9994,0.9649,0.9681,1590375.96
2025-10-14 05:00:00,0.9681,0.9794,0.9487,0.9582,1427176.45
2025-10-14 06:00:00,0.9583,0.9655,0.9061,0.9283,2156849.48
2025-10-14 07:00:00,0.9283,0.9477,0.9213,0.9259,2039687.78
2025-10-14 08:00:00,0.9258,0.9379,0.9185,0.9291,1119178.25
2025-10-14 09:00:00,0.9291,0.941,0.9246,0.9283,1065704.77
2025-10-14 10:00:00,0.9282,0.9282,0.8803,0.911,2449783.26
2025-10-14 11:00:00,0.9111,0.9274,0.9107,0.9248,1292506.96
2025-10-14 12:00:00,0.9248,0.9261,0.9074,0.9114,876745.32
2025-10-14 13:00:00,0.9115,0.9286,0.8973,0.9171,1788731.94
2025-10-14 14:00:00,0.9171,0.9407,0.9132,0.9239,2091201.52
2025-10-14 15:00:00,0.9239,0.9601,0.9192,0.9562,2595781.29
2025-10-14 16:00:00,0.9563,0.9773,0.9448,0.9595,2678526.25
2025-10-14 17:00:00,0.9596,0.9776,0.9431,0.9622,2053427.54
2025-10-14 18:00:00,0.9622,0.9777,0.9616,0.97,650023.08
2025-10-14 19:00:00,0.97,0.978,0.9417,0.9575,1515137.71
2025-10-14 20:00:00,0.9576,0.9669,0.948,0.9624,468183.72
2025-10-14 21:00:00,0.9625,0.9678,0.9549,0.967,200789.8
2025-10-14 22:00:00,0.9671,0.976,0.9633,0.9691,327601.75
2025-10-14 23:00:00,0.969,0.976,0.9686,0.9733,202876.64
2025-10-15 00:00:00,0.9732,0.9758,0.9649,0.9751,494022.69
2025-10-15 01:00:00,0.9748,0.9773,0.9653,0.9742,493181.05
2025-10-15 02:00:00,0.9742,1.0005,0.971,0.9918,908059.83
2025-10-15 03:00:00,0.9918,0.9959,0.9684,0.9745,622015.75
2025-10-15 04:00:00,0.9746,0.9958,0.9716,0.9842,958650.73
2025-10-15 05:00:00,0.9843,0.9896,0.9796,0.9848,506582.49
2025-10-15 06:00:00,0.9848,0.9961,0.9763,0.9955,555836.92
2025-10-15 07:00:00,0.9956,1.0241,0.9863,1.0141,2318978.76
2025-10-15 08:00:00,1.0143,1.0968,1.0113,1.0377,4353520.32
2025-10-15 09:00:00,1.0377,1.0581,1.0345,1.05,4123299.34
2025-10-15 10:00:00,1.0501,1.0566,1.0365,1.0367,1779748.33
2025-10-15 11:00:00,1.0366,1.0424,1.0023,1.011,2324443.05
2025-10-15 12:00:00,1.011,1.0128,0.9916,0.9919,1282952.93
2025-10-15 13:00:00,0.9919,0.9929,0.9476,0.9611,3114947.8
2025-10-15 14:00:00,0.961,0.9858,0.9432,0.9495,2253377.81
2025-10-15 15:00:00,0.9496,0.9634,0.9339,0.9414,1799140.71
2025-10-15 16:00:00,0.9415,0.9478,0.9334,0.9397,1579203.48
2025-10-15 17:00:00,0.9397,0.9471,0.9258,0.947,1805895.99
2025-10-15 18:00:00,0.9469,0.9571,0.9362,0.9531,804821.34
2025-10-15 19:00:00,0.9532,0.9535,0.9361,0.9389,879365.79
2025-10-15 20:00:00,0.9389,0.9448,0.9018,0.9078,3076132.24
2025-10-15 21:00:00,0.9078,0.9202,0.896,0.9035,1834123.46
2025-10-15 22:00:00,0.9035,0.9152,0.9013,0.9087,336875.37
2025-10-15 23:00:00,0.9087,0.917,0.9081,0.9104,410652.23
2025-10-16 00:00:00,0.9103,0.9179,0.9059,0.9122,480159.69
2025-10-16 01:00:00,0.9122,0.9251,0.9119,0.9206,597297.2
2025-10-16 02:00:00,0.9207,0.9251,0.9156,0.9217,573784.9
2025-10-16 03:00:00,0.9218,0.9218,0.9082,0.9098,578534.33
2025-10-16 04:00:00,0.9097,0.9209,0.9084,0.912,325113.41
2025-10-16 05:00:00,0.912,0.9252,0.9114,0.9181,359141.37
2025-10-16 06:00:00,0.9181,0.9373,0.916,0.9364,729870.72
2025-10-16 07:00:00,0.9364,0.9381,0.915,0.918,757388.63
2025-10-16 08:00:00,0.918,0.9239,0.9082,0.9135,849408.03
2025-10-16 09:00:00,0.9134,0.9317,0.87,0.9178,2927074.17
2025-10-16 10:00:00,0.9177,0.9349,0.9146,0.9243,1017422.33
2025-10-16 11:00:00,0.9242,0.9305,0.9169,0.9277,846823.97
2025-10-16 12:00:00,0.9278,0.9377,0.9194,0.9197,1158327.06
2025-10-16 13:00:00,0.9197,0.9288,0.9101,0.9144,841308.09
2025-10-16 14:00:00,0.9144,0.9211,0.8929,0.9089,2542786.97
2025-10-16 15:00:00,0.909,0.9115,0.8845,0.8889,1832716.11
2025-10-16 16:00:00,0.8889,0.9224,0.8766,0.9217,2506042.33
2025-10-16 17:00:00,0.9217,0.9236,0.903,0.9056,1501149.05
2025-10-16 18:00:00,0.9056,0.9097,0.8945,0.9022,1113448.51
2025-10-16 19:00:00,0.9022,0.9032,0.8813,0.8899,1106182.0
2025-10-16 20:00:00,0.89,0.8973,0.8785,0.8844,1094004.05
2025-10-16 21:00:00,0.8844,0.8987,0.8793,0.8985,860160.1
2025-10-16 22:00:00,0.8986,0.9012,0.8868,0.8871,753372.88
2025-10-16 23:00:00,0.8872,0.8992,0.8857,0.8949,414040.61
2025-10-17 00:00:00,0.8949,0.9053,0.8907,0.905,600250.6
2025-10-17 01:00:00,0.9051,0.9137,0.8977,0.902,434084.89
2025-10-17 02:00:00,0.902,0.9072,0.898,0.9015,344439.87
2025-10-17 03:00:00,0.9015,0.9037,0.8944,0.8981,320607.2
2025-10-17 04:00:00,0.8982,0.9011,0.8879,0.8888,380543.68
2025-10-17 05:00:00,0.8889,0.892,0.8822,0.886,426788.19
2025-10-17 06:00:00,0.8861,0.8899,0.8514,0.854,1969119.56
2025-10-17 07:00:00,0.854,0.8572,0.8163,0.8208,3994312.98
2025-10-17 08:00:00,0.8208,0.8259,0.8016,0.8107,4864893.34
2025-10-17 09:00:00,0.8108,0.8423,0.8087,0.8301,4973984.72
2025-10-17 10:00:00,0.83,0.85,0.8156,0.8398,2427140.8
2025-10-17 11:00:00,0.8398,0.8854,0.8382,0.8773,3104138.07
2025-10-17 12:00:00,0.8773,0.8805,0.8633,0.8656,1667012.22
2025-10-17 13:00:00,0.8656,0.8736,0.8505,0.8632,2119169.39
2025-10-17 14:00:00,0.8633,0.8684,0.8389,0.8515,2231692.88
2025-10-17 15:00:00,0.8516,0.8644,0.8445,0.864,1054835.78
2025-10-17 16:00:00,0.864,0.8778,0.8544,0.8584,1653710.98
2025-10-17 17:00:00,0.8585,0.8676,0.8532,0.8642,747791.57
2025-10-17 18:00:00,0.8642,0.872,0.8607,0.8634,610010.04
2025-10-17 19:00:00,0.8635,0.8683,0.8567,0.8643,422630.17
2025-10-17 20:00:00,0.8644,0.8763,0.8618,0.8724,643211.78
2025-10-17 21:00:00,0.8724,0.8805,0.8717,0.8751,657077.71
2025-10-17 22:00:00,0.8752,0.8776,0.8695,0.8733,611128.34
2025-10-17 23:00:00,0.8733,0.8739,0.8663,0.8676,353319.32
2025-10-18 00:00:00,0.8677,0.8721,0.8647,0.8674,228866.75
2025-10-18 01:00:00,0.8673,0.8784,0.8673,0.8772,282765.23
2025-10-18 02:00:00,0.8772,0.8838,0.8614,0.8708,968316.29
2025-10-18 03:00:00,0.8708,0.8769,0.8705,0.8751,274372.3
2025-10-18 04:00:00,0.875,0.875,0.8633,0.8639,298267.24
2025-10-18 05:00:00,0.864,0.8724,0.8629,0.872,244799.29
2025-10-18 06:00:00,0.872,0.8746,0.8647,0.87,221882.55
2025-10-18 07:00:00,0.87,0.8862,0.869,0.8717,836553.62
2025-10-18 08:00:00,0.8717,0.8784,0.8709,0.8724,323962.93
2025-10-18 09:00:00,0.8724,0.8798,0.8694,0.8781,337601.65
2025-10-18 10:00:00,0.8782,0.8808,0.8726,0.8797,288325.21
2025-10-18 11:00:00,0.8798,0.885,0.8784,0.8848,351316.03
2025-10-18 12:00:00,0.8849,0.8859,0.8755,0.8769,341225.46
2025-10-18 13:00:00,0.8769,0.8769,0.8668,0.8692,483624.46
2025-10-18 14:00:00,0.8691,0.8755,0.8631,0.8731,349903.31
2025-10-18 15:00:00,0.8731,0.8761,0.8685,0.8725,185722.91
2025-10-18 16:00:00,0.8725,0.8739,0.862,0.8673,468291.22
2025-10-18 17:00:00,0.8673,0.8774,0.8631,0.8757,281604.66
2025-10-18 18:00:00,0.8757,0.8778,0.8721,0.8732,130540.81
2025-10-18 19:00:00,0.8731,0.8893,0.87,0.8759,1326961.41
2025-10-18 20:00:00,0.876,0.8797,0.874,0.8741,195874.4
2025-10-18 21:00:00,0.874,0.8773,0.8692,0.8765,334213.26
2025-10-18 22:00:00,0.8765,0.8787,0.8738,0.8752,108949.53
2025-10-18 23:00:00,0.8751,0.8758,0.8721,0.8744,82259.88
2025-10-19 00:00:00,0.8743,0.8752,0.8635,0.8664,435019.2
2025-10-19 01:00:00,0.8663,0.8697,0.8628,0.8675,170464.79
2025-10-19 02:00:00,0.8676,0.8696,0.8643,0.8653,192137.48
2025-10-19 03:00:00,0.8652,0.8789,0.8644,0.8776,529441.04
2025-10-19 04:00:00,0.8776,0.8785,0.8726,0.8751,162345.87
2025-10-19 05:00:00,0.8752,0.8776,0.869,0.8707,230626.61
2025-10-19 06:00:00,0.8706,0.8716,0.8636,0.8663,223960.33
2025-10-19 07:00:00,0.8663,0.8707,0.8652,0.8704,133709.86
2025-10-19 08:00:00,0.8704,0.8823,0.86,0.8627,963291.59
2025-10-19 09:00:00,0.8627,0.8865,0.8566,0.8798,1694434.41
2025-10-19 10:00:00,0.8799,0.902,0.8778,0.9004,1500298.43
2025-10-19 11:00:00,0.9004,0.9131,0.8992,0.9012,1202692.85
2025-10-19 12:00:00,0.9012,0.9058,0.8934,0.9002,1197419.32
2025-10-19 13:00:00,0.9002,0.9199,0.8952,0.9162,1049876.96
2025-10-19 14:00:00,0.9163,0.9254,0.9071,0.9195,1207584.19
2025-10-19 15:00:00,0.9195,0.9203,0.9102,0.913,641181.66
2025-10-19 16:00:00,0.913,0.9154,0.904,0.9089,484024.37
2025-10-19 17:00:00,0.9089,0.9221,0.9087,0.9094,700585.51
2025-10-19 18:00:00,0.9094,0.915,0.9068,0.9133,304213.46
2025-10-19 19:00:00,0.9134,0.9144,0.9073,0.912,252508.81
2025-10-19 20:00:00,0.9121,0.9164,0.9081,0.9158,375887.55
2025-10-19 21:00:00,0.9159,0.917,0.9064,0.9093,442613.06
2025-10-19 22:00:00,0.9093,0.9145,0.9093,0.9118,242507.93
2025-10-19 23:00:00,0.9118,0.9118,0.8994,0.9015,313048.81
2025-10-20 00:00:00,0.9015,0.9015,0.8794,0.8917,781835.23
2025-10-20 01:00:00,0.8917,0.8952,0.8862,0.8876,248058.49
2025-10-20 02:00:00,0.8876,0.8969,0.8828,0.8954,395316.44
2025-10-20 03:00:00,0.8953,0.9223,0.8921,0.9178,478993.17
2025-10-20 04:00:00,0.9179,0.9241,0.9151,0.9224,478753.48
2025-10-20 05:00:00,0.9224,0.9243,0.9145,0.9231,364314.86
2025-10-20 06:00:00,0.9232,0.934,0.9218,0.9296,794615.45
2025-10-20 07:00:00,0.9296,0.9326,0.9177,0.9215,746081.55
2025-10-20 08:00:00,0.9215,0.9297,0.9141,0.9197,591222.28
2025-10-20 09:00:00,0.9197,0.9215,0.9148,0.9196,263109.24
2025-10-20 10:00:00,0.9197,0.9238,0.9122,0.9172,370025.89
2025-10-20 11:00:00,0.9172,0.9377,0.9135,0.9276,2067237.16
2025-10-20 12:00:00,0.9276,0.9392,0.9242,0.9309,675035.89
2025-10-20 13:00:00,0.9309,0.9417,0.9264,0.9395,1029802.28
2025-10-20 14:00:00,0.9395,0.9434,0.9285,0.9386,835731.64
2025-10-20 15:00:00,0.9387,0.9423,0.9189,0.9205,1470976.03
2025-10-20 16:00:00,0.9205,0.9206,0.9001,0.908,2098351.79
2025-10-20 17:00:00,0.908,0.9153,0.8986,0.9081,1328143.11
2025-10-20 18:00:00,0.9082,0.916,0.9056,0.9156,729704.85
2025-10-20 19:00:00,0.9156,0.9256,0.9115,0.9234,356875.78
2025-10-20 20:00:00,0.9234,0.924,0.9179,0.9219,307766.69
2025-10-20 21:00:00,0.9219,0.9253,0.9138,0.9165,427354.03
2025-10-20 22:00:00,0.9165,0.9207,0.9138,0.9186,158737.56
2025-10-20 23:00:00,0.9186,0.9207,0.9146,0.916,147919.79
2025-10-21 00:00:00,0.9161,0.9184,0.913,0.9154,200341.36
2025-10-21 01:00:00,0.9154,0.9169,0.9043,0.9074,511223.55
2025-10-21 02:00:00,0.9075,0.9079,0.8959,0.8989,599865.19
2025-10-21 03:00:00,0.8989,0.9012,0.891,0.8919,285746.15
2025-10-21 04:00:00,0.8919,0.8929,0.8719,0.8735,1439027.59
2025-10-21 05:00:00,0.8735,0.8833,0.8716,0.88,631860.38
2025-10-21 06:00:00,0.88,0.8897,0.8766,0.8874,546879.03
2025-10-21 07:00:00,0.8873,0.8908,0.8814,0.8902,346559.43
2025-10-21 08:00:00,0.8901,0.8901,0.8747,0.8823,399493.36
2025-10-21 09:00:00,0.8823,0.8845,0.8786,0.8797,272638.14
2025-10-21 10:00:00,0.8797,0.8921,0.8793,0.8891,343537.61
2025-10-21 11:00:00,0.889,0.8949,0.8854,0.8921,340654.47
2025-10-21 12:00:00,0.8921,0.9055,0.8906,0.8941,514734.19
2025-10-21 13:00:00,0.8942,0.9003,0.8876,0.8936,718345.0
2025-10-21 14:00:00,0.8937,0.947,0.8934,0.9459,2325433.75
2025-10-21 15:00:00,0.9459,0.9556,0.9368,0.9491,2161156.64
2025-10-21 16:00:00,0.9491,0.9689,0.9368,0.9399,2320840.63
2025-10-21 17:00:00,0.94,0.9527,0.9289,0.9482,2323840.54
2025-10-21 18:00:00,0.9483,0.9491,0.9384,0.9474,655692.13
2025-10-21 19:00:00,0.9473,0.9488,0.9404,0.9412,233893.19
2025-10-21 20:00:00,0.9413,0.943,0.9243,0.9323,707708.36
2025-10-21 21:00:00,0.9321,0.9348,0.9155,0.9319,896234.16
2025-10-21 22:00:00,0.9318,0.9318,0.9074,0.9103,1157486.57
2025-10-21 23:00:00,0.9103,0.9134,0.8973,0.9005,671478.94
2025-10-22 00:00:00,0.9005,0.9059,0.8889,0.8926,1098465.05
2025-10-22 01:00:00,0.8927,0.9022,0.8905,0.8939,501745.17
2025-10-22 02:00:00,0.8939,0.901,0.8938,0.8964,375833.78
2025-10-22 03:00:00,0.8963,0.8963,0.8889,0.893,282033.38
2025-10-22 04:00:00,0.893,0.9016,0.8925,0.901,406723.48
2025-10-22 05:00:00,0.901,0.901,0.8822,0.8886,642156.94
2025-10-22 06:00:00,0.8886,0.8902,0.8833,0.8833,300711.91
2025-10-22 07:00:00,0.8832,0.8969,0.8796,0.8947,497060.03
2025-10-22 08:00:00,0.8946,0.8949,0.8877,0.8899,227388.86
2025-10-22 09:00:00,0.8898,0.8924,0.8801,0.8822,458282.1
2025-10-22 10:00:00,0.8822,0.8865,0.8769,0.8773,314415.85
2025-10-22 11:00:00,0.8774,0.8973,0.8641,0.8933,1482207.4
2025-10-22 12:00:00,0.8932,0.9006,0.8869,0.8948,681326.05
2025-10-22 13:00:00,0.8949,0.9038,0.8856,0.901,1046427.31
2025-10-22 14:00:00,0.9009,0.9018,0.8781,0.8969,2117159.1
2025-10-22 15:00:00,0.8969,0.9011,0.8784,0.8884,952817.64
2025-10-22 16:00:00,0.8884,0.8929,0.8777,0.8854,1069664.37
2025-10-22 17:00:00,0.8855,0.8883,0.8713,0.8743,493680.3
2025-10-22 18:00:00,0.8743,0.8785,0.8689,0.8734,550660.62
2025-10-22 19:00:00,0.8735,0.8842,0.865,0.8735,755842.0
2025-10-22 20:00:00,0.8735,0.8764,0.8616,0.8632,532682.44
2025-10-22 21:00:00,0.8632,0.8636,0.83,0.8481,1949103.72
2025-10-22 22:00:00,0.848,0.8546,0.8431,0.8466,612161.16
2025-10-22 23:00:00,0.8466,0.8658,0.8463,0.8634,507457.17
2025-10-23 00:00:00,0.8635,0.8684,0.8604,0.8668,492534.43
2025-10-23 01:00:00,0.8668,0.8718,0.8643,0.8658,327359.12
2025-10-23 02:00:00,0.8659,0.8689,0.865,0.8667,141217.27
2025-10-23 03:00:00,0.8666,0.8732,0.8662,0.8711,143839.82
2025-10-23 04:00:00,0.8712,0.8759,0.8678,0.8716,281929.27
2025-10-23 05:00:00,0.8717,0.8763,0.8709,0.876,211700.17
2025-10-23 06:00:00,0.876,0.9,0.8749,0.8956,1493649.14
2025-10-23 07:00:00,0.8957,0.8962,0.8858,0.8902,506566.33
2025-10-23 08:00:00,0.8903,0.9001,0.8903,0.8974,406531.81
2025-10-23 09:00:00,0.8973,0.8975,0.8928,0.8965,202309.98
2025-10-23 10:00:00,0.8966,0.9032,0.8963,0.8993,326484.42
2025-10-23 11:00:00,0.8993,0.9023,0.8877,0.8889,341401.36
2025-10-23 12:00:00,0.8889,0.8955,0.8784,0.8954,603598.16
2025-10-23 13:00:00,0.8953,0.9027,0.8887,0.8978,665318.2
2025-10-23 14:00:00,0.8979,0.9007,0.886,0.8976,519630.99
2025-10-23 15:00:00,0.8977,0.9092,0.8959,0.9055,634492.21
2025-10-23 16:00:00,0.9056,0.9147,0.9042,0.9119,688166.37
2025-10-23 17:00:00,0.9119,0.92,0.899,0.9155,885694.26
2025-10-23 18:00:00,0.9155,0.9161,0.9031,0.9052,328791.45
2025-10-23 19:00:00,0.9052,0.9067,0.8991,0.9052,302534.09
2025-10-23 20:00:00,0.9052,0.907,0.8932,0.8984,497479.91
2025-10-23 21:00:00,0.8984,0.9014,0.896,0.8986,263954.83
2025-10-23 22:00:00,0.8985,0.9073,0.8984,0.9048,273218.68
2025-10-23 23:00:00,0.9047,0.9059,0.9016,0.9046,172868.53
2025-10-24 00:00:00,0.9047,0.9103,0.9016,0.9069,304595.21
2025-10-24 01:00:00,0.9069,0.9086,0.9019,0.9068,271929.34
2025-10-24 02:00:00,0.9067,0.9087,0.9032,0.9057,192522.86
2025-10-24 03:00:00,0.9057,0.906,0.9,0.9027,224389.56
2025-10-24 04:00:00,0.9027,0.9273,0.8999,0.9228,586369.22
2025-10-24 05:00:00,0.9228,0.9306,0.921,0.9294,360567.32
2025-10-24 06:00:00,0.9291,0.9304,0.9229,0.9253,368739.13
2025-10-24 07:00:00,0.9254,0.9264,0.9143,0.919,650740.43
2025-10-24 08:00:00,0.919,0.9263,0.9152,0.9234,273728.09
2025-10-24 09:00:00,0.9235,0.9254,0.9213,0.9229,194614.45
2025-10-24 10:00:00,0.923,0.9252,0.9203,0.9205,193957.68
2025-10-24 11:00:00,0.9204,0.9234,0.912,0.9232,352311.29
2025-10-24 12:00:00,0.9233,0.9437,0.92,0.9263,1600099.87
2025-10-24 13:00:00,0.9262,0.93,0.9086,0.9193,1682095.27
2025-10-24 14:00:00,0.9193,0.9193,0.8989,0.9068,977736.96
2025-10-24 15:00:00,0.9068,0.9142,0.9003,0.9033,542946.91
2025-10-24 16:00:00,0.9032,0.9065,0.8969,0.9035,429229.33
2025-10-24 17:00:00,0.9035,0.9098,0.903,0.9066,276479.1
2025-10-24 18:00:00,0.9065,0.9135,0.9055,0.9131,141025.99
2025-10-24 19:00:00,0.9131,0.9212,0.9131,0.9187,245472.48
2025-10-24 20:00:00,0.9188,0.928,0.9183,0.9274,235268.66
2025-10-24 21:00:00,0.9274,0.9299,0.9226,0.9265,306931.56
2025-10-24 22:00:00,0.9266,0.9273,0.9225,0.9236,171337.79
2025-10-24 23:00:00,0.9236,0.9265,0.9213,0.9249,69477.82
2025-10-25 00:00:00,0.9248,0.9257,0.9171,0.9189,321288.28
2025-10-25 01:00:00,0.9189,0.9255,0.9163,0.9221,199641.06
2025-10-25 02:00:00,0.9221,0.9262,0.9202,0.9223,266018.59
2025-10-25 03:00:00,0.9222,0.9227,0.915,0.9152,354728.79
2025-10-25 04:00:00,0.9151,0.9209,0.9134,0.9136,170902.84
2025-10-25 05:00:00,0.9136,0.9144,0.9112,0.9132,218273.42
2025-10-25 06:00:00,0.9132,0.914,0.9096,0.9103,168580.06
2025-10-25 07:00:00,0.9103,0.916,0.9089,0.91,328693.37
2025-10-25 08:00:00,0.9101,0.9156,0.9089,0.9149,197114.15
2025-10-25 09:00:00,0.915,0.9152,0.9092,0.9102,307416.72
2025-10-25 10:00:00,0.9101,0.9129,0.9069,0.9097,92606.34
2025-10-25 11:00:00,0.9096,0.9131,0.9087,0.9115,90089.96
2025-10-25 12:00:00,0.9117,0.9181,0.9112,0.9158,185789.05
2025-10-25 13:00:00,0.916,0.9169,0.911,0.9137,145331.79
2025-10-25 14:00:00,0.9137,0.9175,0.9124,0.9166,117718.71
2025-10-25 15:00:00,0.9165,0.9165,0.9086,0.9123,809959.8
2025-10-25 16:00:00,0.9124,0.9158,0.9106,0.9129,326147.67
2025-10-25 17:00:00,0.9129,0.9176,0.9125,0.9163,106901.39
2025-10-25 18:00:00,0.9162,0.9253,0.9154,0.9238,135237.87
2025-10-25 19:00:00,0.9237,0.9273,0.9218,0.9265,155482.26
2025-10-25 20:00:00,0.9266,0.928,0.924,0.9241,136319.85
2025-10-25 21:00:00,0.9241,0.9265,0.9211,0.9248,156570.3
2025-10-25 22:00:00,0.9247,0.9309,0.9228,0.9291,110249.41
2025-10-25 23:00:00,0.9291,0.9295,0.9246,0.9247,80860.17
2025-10-26 00:00:00,0.9247,0.9296,0.9209,0.9262,217422.33
2025-10-26 01:00:00,0.9261,0.9269,0.9159,0.9188,184388.86
2025-10-26 02:00:00,0.9188,0.9189,0.9129,0.9151,141901.55
2025-10-26 03:00:00,0.915,0.915,0.9096,0.9112,144626.14
2025-10-26 04:00:00,0.9113,0.9168,0.9105,0.9163,94369.72
2025-10-26 05:00:00,0.9163,0.9231,0.9146,0.9218,137428.5
2025-10-26 06:00:00,0.9218,0.9243,0.9201,0.924,70617.93
2025-10-26 07:00:00,0.924,0.9288,0.9224,0.9274,127574.55
2025-10-26 08:00:00,0.9273,0.9334,0.9273,0.9326,391290.46
2025-10-26 09:00:00,0.9327,0.9511,0.9292,0.9454,1386672.85
2025-10-26 10:00:00,0.9454,0.9455,0.9374,0.9385,573068.03
2025-10-26 11:00:00,0.9385,0.9653,0.9379,0.961,1061396.61
2025-10-26 12:00:00,0.961,0.9668,0.9546,0.9581,712949.4
2025-10-26 13:00:00,0.9581,0.9643,0.9523,0.96,693001.35
2025-10-26 14:00:00,0.9601,0.9604,0.9531,0.956,619181.57
2025-10-26 15:00:00,0.956,0.9619,0.9515,0.9598,389027.89
2025-10-26 16:00:00,0.9598,0.9604,0.954,0.9545,380551.96
2025-10-26 17:00:00,0.9545,0.9574,0.9531,0.9557,156602.79
2025-10-26 18:00:00,0.9557,0.9595,0.9549,0.9573,195744.42
2025-10-26 19:00:00,0.9574,0.9608,0.9556,0.9607,143367.1
2025-10-26 20:00:00,0.9607,0.9607,0.952,0.9545,214814.67
2025-10-26 21:00:00,0.9546,0.9599,0.9502,0.959,258769.67
2025-10-26 22:00:00,0.9592,0.9806,0.9592,0.975,1094420.24
2025-10-26 23:00:00,0.9751,0.9774,0.9683,0.9689,204386.33
2025-10-27 00:00:00,0.9689,0.9765,0.9666,0.9738,332253.05
2025-10-27 01:00:00,0.9737,0.981,0.97,0.9797,376091.87
2025-10-27 02:00:00,0.9797,0.98,0.9694,0.9754,421483.95
2025-10-27 03:00:00,0.9754,0.9782,0.9708,0.9745,380335.53
2025-10-27 04:00:00,0.9745,0.9757,0.9702,0.974,224297.13
2025-10-27 05:00:00,0.9741,0.9829,0.9722,0.9747,531022.68
2025-10-27 06:00:00,0.9748,0.9752,0.9677,0.9735,438973.34
2025-10-27 07:00:00,0.9734,0.9771,0.9586,0.9661,672153.62
2025-10-27 08:00:00,0.966,0.972,0.9592,0.9643,790335.14
2025-10-27 09:00:00,0.9641,0.9654,0.951,0.9531,553026.94
2025-10-27 10:00:00,0.9532,0.9565,0.9497,0.9516,609226.43
2025-10-27 11:00:00,0.9517,0.9561,0.9436,0.9517,556085.17
2025-10-27 12:00:00,0.9516,0.9526,0.9407,0.9415,262512.45
2025-10-27 13:00:00,0.9416,0.9528,0.9316,0.9433,2225234.99
2025-10-27 14:00:00,0.9434,0.9461,0.9343,0.9396,529287.97
2025-10-27 15:00:00,0.9396,0.949,0.9396,0.944,299797.42
2025-10-27 16:00:00,0.9441,0.9655,0.9441,0.9651,499598.09
2025-10-27 17:00:00,0.9649,0.9712,0.9604,0.9687,662599.37
2025-10-27 18:00:00,0.9687,0.9734,0.9631,0.9643,433852.03
2025-10-27 19:00:00,0.9643,0.9645,0.955,0.9559,470321.08
2025-10-27 20:00:00,0.956,0.9564,0.944,0.9448,418599.25
2025-10-27 21:00:00,0.9447,0.9497,0.9394,0.944,445922.35
2025-10-27 22:00:00,0.944,0.9481,0.9375,0.938,525468.32
2025-10-27 23:00:00,0.9381,0.9425,0.932,0.9408,332587.96
2025-10-28 00:00:00,0.9407,0.9448,0.9356,0.9411,477273.15
2025-10-28 01:00:00,0.9412,0.9473,0.9411,0.9444,170140.48
2025-10-28 02:00:00,0.9445,0.9475,0.9321,0.9396,489717.65
2025-10-28 03:00:00,0.9395,0.9418,0.93,0.9356,393423.3
2025-10-28 04:00:00,0.9356,0.9451,0.9331,0.9414,217684.89
2025-10-28 05:00:00,0.9415,0.9436,0.9278,0.929,466745.58
2025-10-28 06:00:00,0.9291,0.9513,0.9291,0.9501,287077.46
2025-10-28 07:00:00,0.9502,0.953,0.9372,0.9393,363108.34
2025-10-28 08:00:00,0.9393,0.9473,0.9376,0.9435,220093.62
2025-10-28 09:00:00,0.9434,0.9452,0.9382,0.9438,191913.52
2025-10-28 10:00:00,0.9438,0.9442,0.9368,0.9391,243613.91
2025-10-28 11:00:00,0.9392,0.9432,0.9351,0.936,187767.73
2025-10-28 12:00:00,0.936,0.9452,0.9338,0.9438,326730.38
2025-10-28 13:00:00,0.9438,0.9563,0.9438,0.9524,780658.73
2025-10-28 14:00:00,0.9524,0.9572,0.9282,0.9436,874886.17
2025-10-28 15:00:00,0.9437,0.9487,0.9336,0.9359,599785.23
2025-10-28 16:00:00,0.9358,0.9507,0.9326,0.9458,406853.48
2025-10-28 17:00:00,0.9458,0.9494,0.9407,0.9424,159632.89
2025-10-28 18:00:00,0.9425,0.944,0.9308,0.9342,189678.73
2025-10-28 19:00:00,0.9342,0.9355,0.9131,0.9168,625629.99
2025-10-28 20:00:00,0.9169,0.9171,0.8905,0.8962,1748065.22
2025-10-28 21:00:00,0.8962,0.9024,0.8837,0.8969,951781.59
2025-10-28 22:00:00,0.8968,0.9057,0.8936,0.9051,353049.98
2025-10-28 23:00:00,0.905,0.9066,0.9005,0.9015,322399.82
2025-10-29 00:00:00,0.9014,0.9051,0.8984,0.8998,353372.15
2025-10-29 01:00:00,0.8997,0.9078,0.8986,0.9034,190508.96
2025-10-29 02:00:00,0.9035,0.9063,0.9006,0.9051,128729.64
2025-10-29 03:00:00,0.905,0.9093,0.9007,0.907,186206.95
2025-10-29 04:00:00,0.907,0.9145,0.9061,0.9113,191765.06
2025-10-29 05:00:00,0.9112,0.9187,0.9093,0.9175,271287.52
2025-10-29 06:00:00,0.9174,0.9174,0.9113,0.9127,234823.29
2025-10-29 07:00:00,0.9126,0.9167,0.9105,0.9148,349953.63
2025-10-29 08:00:00,0.9148,0.9153,0.9068,0.9083,191253.07
2025-10-29 09:00:00,0.9083,0.9137,0.9054,0.9122,204798.16
2025-10-29 10:00:00,0.9122,0.9246,0.9111,0.9196,514477.6
2025-10-29 11:00:00,0.9196,0.9311,0.9176,0.93,358407.03
2025-10-29 12:00:00,0.93,0.9324,0.9264,0.9293,312259.43
2025-10-29 13:00:00,0.9294,0.94,0.9284,0.932,713190.83
2025-10-29 14:00:00,0.9319,0.9366,0.9261,0.9338,449423.35
2025-10-29 15:00:00,0.9339,0.9343,0.9137,0.9195,1157322.71
2025-10-29 16:00:00,0.9195,0.9287,0.9127,0.9216,459584.45
2025-10-29 17:00:00,0.9216,0.9526,0.9192,0.9526,658080.66
2025-10-29 18:00:00,0.9527,0.9587,0.9032,0.9352,4837101.48
2025-10-29 19:00:00,0.9352,0.9524,0.9274,0.9436,1227019.84
2025-10-29 20:00:00,0.9437,0.9576,0.9384,0.9518,1189464.9
2025-10-29 21:00:00,0.9518,0.9541,0.9445,0.9496,659372.0
2025-10-29 22:00:00,0.9497,0.9498,0.9391,0.9428,180744.75
2025-10-29 23:00:00,0.9428,0.9428,0.9192,0.9242,659929.3
2025-10-30 00:00:00,0.9243,0.9295,0.9091,0.928,1246650.02
2025-10-30 01:00:00,0.928,0.928,0.9188,0.9207,353903.03
2025-10-30 02:00:00,0.9206,0.9311,0.9192,0.9251,290698.55
2025-10-30 03:00:00,0.9252,0.9266,0.9174,0.9208,361603.07
2025-10-30 04:00:00,0.9207,0.9207,0.8775,0.8848,3749319.54
2025-10-30 05:00:00,0.8849,0.9055,0.881,0.9022,1223020.66
2025-10-30 06:00:00,0.9021,0.9054,0.8951,0.9011,818022.9
2025-10-30 07:00:00,0.9012,0.9137,0.9003,0.9073,410410.56
2025-10-30 08:00:00,0.9073,0.9074,0.8925,0.8927,417623.25
2025-10-30 09:00:00,0.8926,0.8955,0.8862,0.8888,599564.89
2025-10-30 10:00:00,0.8887,0.8956,0.8871,0.8903,518938.13
2025-10-30 11:00:00,0.8903,0.8914,0.8837,0.8838,292691.43
2025-10-30 12:00:00,0.8839,0.8846,0.8582,0.8652,1522403.69
2025-10-30 13:00:00,0.8651,0.8692,0.8496,0.8521,1451575.35
2025-10-30 14:00:00,0.8521,0.859,0.847,0.8519,824517.95
2025-10-30 15:00:00,0.8519,0.854,0.8364,0.8413,847031.44
2025-10-30 16:00:00,0.8414,0.8472,0.8358,0.8392,891964.29
2025-10-30 17:00:00,0.8391,0.8391,0.8167,0.8294,1316973.54
2025-10-30 18:00:00,0.8295,0.8299,0.817,0.8176,550279.81
2025-10-30 19:00:00,0.8176,0.8204,0.8052,0.8073,1476705.72
2025-10-30 20:00:00,0.8072,0.8282,0.8042,0.8263,1070023.95
2025-10-30 21:00:00,0.8264,0.8338,0.8199,0.8277,1064299.36
2025-10-30 22:00:00,0.8279,0.8317,0.8247,0.8297,324265.72
2025-10-30 23:00:00,0.8298,0.8389,0.8266,0.838,1154434.91
2025-10-31 00:00:00,0.8381,0.8524,0.8372,0.8513,1163186.62
2025-10-31 01:00:00,0.8514,0.8624,0.8492,0.8623,571679.24
2025-10-31 02:00:00,0.8622,0.8635,0.8528,0.8577,295092.99
2025-10-31 03:00:00,0.8578,0.8588,0.8499,0.857,469782.07
2025-10-31 04:00:00,0.857,0.8679,0.8551,0.8676,561578.62
2025-10-31 05:00:00,0.8676,0.8683,0.8615,0.863,334816.62
2025-10-31 06:00:00,0.8631,0.8638,0.8514,0.8537,352711.84
2025-10-31 07:00:00,0.8538,0.8569,0.8505,0.8529,625140.38
2025-10-31 08:00:00,0.8529,0.857,0.8489,0.8567,234722.87
2025-10-31 09:00:00,0.8567,0.8617,0.8542,0.859,251986.22
2025-10-31 10:00:00,0.859,0.8621,0.8532,0.8534,243398.8
2025-10-31 11:00:00,0.8535,0.8697,0.8515,0.8691,311442.5
2025-10-31 12:00:00,0.869,0.8749,0.8641,0.8643,495544.5
2025-10-31 13:00:00,0.8644,0.8748,0.8608,0.8702,345229.13
2025-10-31 14:00:00,0.8703,0.8708,0.8581,0.8695,644803.13
2025-10-31 15:00:00,0.8695,0.8737,0.8644,0.8661,487124.01
2025-10-31 16:00:00,0.8659,0.8686,0.8454,0.8466,1042160.7
2025-10-31 17:00:00,0.8465,0.8556,0.8407,0.8515,663120.6
2025-10-31 18:00:00,0.8516,0.8641,0.8482,0.8601,528349.85
2025-10-31 19:00:00,0.86,0.883,0.8542,0.8815,937861.59
2025-10-31 20:00:00,0.8815,0.8849,0.8706,0.8735,397624.07
2025-10-31 21:00:00,0.8734,0.8781,0.8674,0.8722,372236.27
2025-10-31 22:00:00,0.8721,0.8798,0.8718,0.8755,161150.28
2025-10-31 23:00:00,0.8755,0.876,0.8715,0.8716,166850.89
2025-11-01 00:00:00,0.8716,0.8716,0.8648,0.8708,264583.38
2025-11-01 01:00:00,0.8707,0.875,0.867,0.8671,136576.61
2025-11-01 02:00:00,0.8671,0.8753,0.8632,0.8751,193689.32
2025-11-01 03:00:00,0.8751,0.8808,0.8742,0.8794,347003.53
2025-11-01 04:00:00,0.8794,0.8816,0.8736,0.8753,252449.39
2025-11-01 05:00:00,0.8752,0.8787,0.867,0.8674,384229.51
2025-11-01 06:00:00,0.8673,0.874,0.8672,0.8736,163267.72
2025-11-01 07:00:00,0.8736,0.8819,0.8721,0.8806,280254.37
2025-11-01 08:00:00,0.8806,0.8843,0.8775,0.8833,341329.53
2025-11-01 09:00:00,0.8834,0.8869,0.8758,0.8779,389537.88
2025-11-01 10:00:00,0.8779,0.8837,0.8752,0.8788,181448.33
2025-11-01 11:00:00,0.8789,0.8847,0.8786,0.8831,130718.4
2025-11-01 12:00:00,0.8831,0.8855,0.8815,0.8839,163335.67
2025-11-01 13:00:00,0.884,0.8864,0.8758,0.8812,319374.06
2025-11-01 14:00:00,0.8812,0.8831,0.8737,0.8776,474134.18
2025-11-01 15:00:00,0.8775,0.8866,0.877,0.8827,427522.7
2025-11-01 16:00:00,0.8827,0.8917,0.8804,0.8871,338787.66
2025-11-01 17:00:00,0.8871,0.8882,0.8817,0.8835,268479.24
2025-11-01 18:00:00,0.8835,0.8865,0.8822,0.8862,150884.13
2025-11-01 19:00:00,0.8862,0.8875,0.8828,0.8874,115092.87
2025-11-01 20:00:00,0.8875,0.8936,0.8864,0.8884,148885.56
2025-11-01 21:00:00,0.8884,0.8894,0.8769,0.878,173927.92
2025-11-01 22:00:00,0.878,0.8839,0.878,0.8832,124372.08
2025-11-01 23:00:00,0.8832,0.8868,0.8824,0.8859,190915.4
2025-11-02 00:00:00,0.8859,0.8859,0.8805,0.8805,118380.63
2025-11-02 01:00:00,0.8804,0.8849,0.8791,0.8817,108111.85
2025-11-02 02:00:00,0.8816,0.8872,0.8806,0.882,150394.95
2025-11-02 03:00:00,0.882,0.8831,0.8782,0.8797,78684.91
2025-11-02 04:00:00,0.8797,0.8895,0.8775,0.8889,517657.03
2025-11-02 05:00:00,0.8889,0.8909,0.8828,0.8902,146213.89
2025-11-02 06:00:00,0.8902,0.8904,0.8859,0.8897,192628.14
2025-11-02 07:00:00,0.8896,0.8945,0.8877,0.8925,289657.54
2025-11-02 08:00:00,0.8925,0.8942,0.8835,0.8851,249270.25
2025-11-02 09:00:00,0.8851,0.8886,0.8773,0.8788,258360.95
2025-11-02 10:00:00,0.8787,0.8809,0.8708,0.874,371043.65
2025-11-02 11:00:00,0.8739,0.8872,0.8736,0.8863,288676.29
2025-11-02 12:00:00,0.8862,0.8876,0.8824,0.8826,192404.97
2025-11-02 13:00:00,0.8826,0.8833,0.8749,0.8771,222783.31
2025-11-02 14:00:00,0.877,0.8789,0.8597,0.8645,545499.1
2025-11-02 15:00:00,0.8644,0.8716,0.8603,0.8656,368213.95
2025-11-02 16:00:00,0.8656,0.8737,0.8584,0.8724,490911.68
2025-11-02 17:00:00,0.8724,0.8727,0.8643,0.8686,123100.18
2025-11-02 18:00:00,0.8686,0.8694,0.8646,0.8653,104644.39
2025-11-02 19:00:00,0.8653,0.8663,0.8604,0.8648,164096.6
2025-11-02 20:00:00,0.8648,0.8651,0.8608,0.8633,110504.98
2025-11-02 21:00:00,0.8633,0.8675,0.8625,0.8641,102246.46
2025-11-02 22:00:00,0.8644,0.869,0.8603,0.8637,77148.08
2025-11-02 23:00:00,0.8638,0.8845,0.8638,0.8808,369354.27
2025-11-03 00:00:00,0.8809,0.8858,0.8693,0.8713,806948.04
2025-11-03 01:00:00,0.8712,0.8712,0.8566,0.8593,453276.03
2025-11-03 02:00:00,0.8592,0.8603,0.8457,0.852,384708.58
2025-11-03 03:00:00,0.8521,0.8545,0.8216,0.8232,789677.9
2025-11-03 04:00:00,0.8232,0.8266,0.8152,0.8259,711494.66
2025-11-03 05:00:00,0.8258,0.8336,0.8185,0.819,378716.42
2025-11-03 06:00:00,0.8189,0.8227,0.8059,0.8158,619967.4
2025-11-03 07:00:00,0.8157,0.8219,0.8098,0.8137,876616.71
2025-11-03 08:00:00,0.8137,0.8151,0.7975,0.8052,941047.88
2025-11-03 09:00:00,0.8052,0.8194,0.801,0.8019,665500.44
2025-11-03 10:00:00,0.8023,0.8112,0.7928,0.7972,625743.17
2025-11-03 11:00:00,0.7973,0.8093,0.7972,0.8039,526829.09
2025-11-03 12:00:00,0.804,0.8114,0.8013,0.8027,285945.36
2025-11-03 13:00:00,0.8023,0.8075,0.7968,0.8047,587072.46
2025-11-03 14:00:00,0.8048,0.814,0.8008,0.8071,533390.57
2025-11-03 15:00:00,0.8072,0.8088,0.728,0.7508,5274771.0
2025-11-03 16:00:00,0.751,0.769,0.7448,0.762,1544272.35
2025-11-03 17:00:00,0.7619,0.7787,0.7596,0.7759,860427.83
2025-11-03 18:00:00,0.776,0.7761,0.7569,0.7576,312605.54
2025-11-03 19:00:00,0.7575,0.7605,0.7494,0.7505,589580.96
2025-11-03 20:00:00,0.7507,0.7526,0.7288,0.7344,851039.53
2025-11-03 21:00:00,0.7343,0.7463,0.7296,0.7428,760172.98
2025-11-03 22:00:00,0.7427,0.7444,0.7322,0.737,335971.21
2025-11-03 23:00:00,0.7372,0.7429,0.7312,0.7402,646676.92
2025-11-04 00:00:00,0.7403,0.7565,0.7328,0.754,806208.07
2025-11-04 01:00:00,0.7541,0.7622,0.7482,0.7581,549271.32
2025-11-04 02:00:00,0.758,0.7605,0.7543,0.7545,376863.23
2025-11-04 03:00:00,0.7546,0.7659,0.752,0.7618,414541.32
2025-11-04 04:00:00,0.7618,0.7651,0.7542,0.7543,417591.81
2025-11-04 05:00:00,0.7543,0.755,0.716,0.7172,1869539.02
2025-11-04 06:00:00,0.717,0.7472,0.716,0.7286,1330563.27
2025-11-04 07:00:00,0.7285,0.7298,0.7146,0.721,943012.53
2025-11-04 08:00:00,0.7209,0.7365,0.7131,0.729,1117318.24
2025-11-04 09:00:00,0.7291,0.7335,0.7244,0.7314,532684.03
2025-11-04 10:00:00,0.731,0.7375,0.7272,0.7316,442359.55
2025-11-04 11:00:00,0.7317,0.7439,0.7304,0.736,598533.07
2025-11-04 12:00:00,0.7359,0.7374,0.7287,0.7326,576948.71
2025-11-04 13:00:00,0.7325,0.7405,0.7278,0.7359,671009.28
2025-11-04 14:00:00,0.736,0.7634,0.7275,0.7579,1285593.84
2025-11-04 15:00:00,0.758,0.7682,0.7411,0.7439,963663.21
2025-11-04 16:00:00,0.744,0.7529,0.7241,0.7254,1186774.52
2025-11-04 17:00:00,0.7254,0.7357,0.6991,0.7273,3459520.45
2025-11-04 18:00:00,0.7272,0.7282,0.6997,0.7266,3080007.55
2025-11-04 19:00:00,0.7266,0.7332,0.7078,0.7089,852385.74
2025-11-04 20:00:00,0.709,0.7124,0.6687,0.7035,4782983.28
2025-11-04 21:00:00,0.7036,0.7089,0.6703,0.7079,2864904.7
2025-11-04 22:00:00,0.708,0.7325,0.7029,0.7261,1587064.22
2025-11-04 23:00:00,0.726,0.7348,0.7239,0.7246,654987.9
2025-11-05 00:00:00,0.7247,0.7277,0.7091,0.7123,677119.3
2025-11-05 01:00:00,0.7124,0.7135,0.685,0.7103,1490741.39
2025-11-05 02:00:00,0.7104,0.7322,0.7104,0.7309,1383226.99
2025-11-05 03:00:00,0.7312,0.7364,0.7266,0.7349,626017.29
2025-11-05 04:00:00,0.7348,0.7386,0.7293,0.7345,490205.6
2025-11-05 05:00:00,0.7346,0.7409,0.7329,0.7349,308633.94
2025-11-05 06:00:00,0.7349,0.7386,0.7291,0.7383,521902.11
2025-11-05 07:00:00,0.7384,0.7405,0.731,0.7383,373950.44
2025-11-05 08:00:00,0.7384,0.7384,0.7185,0.7261,585786.33
2025-11-05 09:00:00,0.7261,0.7356,0.7243,0.7347,331121.1
2025-11-05 10:00:00,0.7346,0.7358,0.7239,0.7241,314574.56
2025-11-05 11:00:00,0.7241,0.7433,0.7231,0.7415,599237.85
2025-11-05 12:00:00,0.7415,0.7476,0.7364,0.744,540486.99
2025-11-05 13:00:00,0.7437,0.7542,0.7391,0.7502,423586.01
2025-11-05 14:00:00,0.7501,0.7546,0.7383,0.75,710690.57
2025-11-05 15:00:00,0.7501,0.7583,0.7462,0.7574,547956.85
2025-11-05 16:00:00,0.7575,0.7671,0.7474,0.7659,740708.7
2025-11-05 17:00:00,0.7658,0.7676,0.7605,0.7626,490826.13
2025-11-05 18:00:00,0.7625,0.7747,0.761,0.7726,614937.05
2025-11-05 19:00:00,0.7725,0.7749,0.7674,0.7697,464098.49
2025-11-05 20:00:00,0.7699,0.774,0.7638,0.7667,675369.45
2025-11-05 21:00:00,0.7667,0.7667,0.7608,0.7624,432256.01
2025-11-05 22:00:00,0.7625,0.7704,0.7618,0.7697,299253.78
2025-11-05 23:00:00,0.7697,0.7716,0.7667,0.7674,236186.13
2025-11-06 00:00:00,0.7674,0.7676,0.7627,0.7659,287965.16
2025-11-06 01:00:00,0.7659,0.7659,0.7537,0.7642,264604.68
2025-11-06 02:00:00,0.7642,0.7716,0.7595,0.7649,337699.36
2025-11-06 03:00:00,0.765,0.7787,0.7647,0.7707,1026837.89
2025-11-06 04:00:00,0.7707,0.7745,0.7683,0.7708,395641.35
2025-11-06 05:00:00,0.7707,0.7708,0.7518,0.7534,381092.26
2025-11-06 06:00:00,0.7535,0.7592,0.7528,0.7541,233277.46
2025-11-06 07:00:00,0.7541,0.759,0.7497,0.7519,391402.4
2025-11-06 08:00:00,0.7518,0.7557,0.75,0.755,177397.95
2025-11-06 09:00:00,0.755,0.7599,0.752,0.754,550240.57
2025-11-06 10:00:00,0.754,0.761,0.747,0.7562,638550.87
2025-11-06 11:00:00,0.7562,0.7574,0.7496,0.7536,177191.46
2025-11-06 12:00:00,0.7536,0.7539,0.7413,0.7422,478203.22
2025-11-06 13:00:00,0.7421,0.7617,0.741,0.7555,513912.14
2025-11-06 14:00:00,0.7556,0.7569,0.738,0.7411,688168.98
2025-11-06 15:00:00,0.7411,0.7518,0.7273,0.7324,800032.39
2025-11-06 16:00:00,0.7324,0.7363,0.715,0.7272,867388.05
2025-11-06 17:00:00,0.7273,0.7401,0.7235,0.7386,629454.04
2025-11-06 18:00:00,0.7385,0.7481,0.728,0.7409,641263.39
2025-11-06 19:00:00,0.7408,0.7437,0.7324,0.7372,448185.5
2025-11-06 20:00:00,0.7373,0.7423,0.7249,0.7299,536555.99
2025-11-06 21:00:00,0.7299,0.7414,0.7261,0.7372,320926.74
2025-11-06 22:00:00,0.7372,0.7394,0.7291,0.7381,342584.23
2025-11-06 23:00:00,0.738,0.738,0.7285,0.7369,240493.68
2025-11-07 00:00:00,0.7369,0.7538,0.7365,0.7509,586372.61
2025-11-07 01:00:00,0.751,0.7541,0.7392,0.7528,646412.59
2025-11-07 02:00:00,0.7527,0.7593,0.7461,0.7588,474442.29
2025-11-07 03:00:00,0.7589,0.7661,0.7583,0.7599,612694.71
2025-11-07 04:00:00,0.7599,0.7622,0.7495,0.7557,376042.91
2025-11-07 05:00:00,0.7558,0.7659,0.7549,0.7648,508348.14
2025-11-07 06:00:00,0.7648,0.769,0.7619,0.763,362521.75
2025-11-07 07:00:00,0.763,0.7704,0.7604,0.7699,302465.51
2025-11-07 08:00:00,0.7699,0.7723,0.763,0.766,295108.55
2025-11-07 09:00:00,0.7659,0.7676,0.7504,0.7601,563474.05
2025-11-07 10:00:00,0.76,0.7644,0.749,0.7516,570490.82
2025-11-07 11:00:00,0.7515,0.7515,0.7353,0.7466,763591.15
2025-11-07 12:00:00,0.7466,0.7498,0.7278,0.7341,546212.91
2025-11-07 13:00:00,0.734,0.7482,0.7307,0.7451,656273.96
2025-11-07 14:00:00,0.7451,0.7667,0.7325,0.7629,1408847.05
2025-11-07 15:00:00,0.7629,0.7867,0.7559,0.781,2074887.46
2025-11-07 16:00:00,0.7811,0.8221,0.7802,0.8161,2331584.32
2025-11-07 17:00:00,0.8161,0.84,0.8093,0.8344,3160129.98
2025-11-07 18:00:00,0.8345,0.8458,0.83,0.8334,1269616.75
2025-11-07 19:00:00,0.8335,0.837,0.828,0.8325,998566.06
2025-11-07 20:00:00,0.8325,0.8428,0.8253,0.8405,1862074.21
2025-11-07 21:00:00,0.8406,0.8476,0.8395,0.847,449332.26
2025-11-07 22:00:00,0.8471,0.8497,0.8387,0.8458,796233.44
2025-11-07 23:00:00,0.8459,0.8473,0.8319,0.8349,441276.28
2025-11-08 00:00:00,0.835,0.8437,0.8205,0.8211,1067172.03
2025-11-08 01:00:00,0.8211,0.8393,0.8204,0.8376,591970.15
2025-11-08 02:00:00,0.8375,0.8492,0.8351,0.839,479757.09
2025-11-08 03:00:00,0.839,0.8501,0.8327,0.8338,1414175.22
2025-11-08 04:00:00,0.8339,0.8462,0.8339,0.8382,361765.61
2025-11-08 05:00:00,0.8381,0.8394,0.8224,0.8234,354855.34
2025-11-08 06:00:00,0.8235,0.829,0.815,0.8247,632624.18
2025-11-08 07:00:00,0.8246,0.8287,0.8174,0.8275,419824.44
2025-11-08 08:00:00,0.8275,0.8383,0.8203,0.8319,708951.47
2025-11-08 09:00:00,0.8318,0.8327,0.8194,0.822,335537.1
2025-11-08 10:00:00,0.822,0.8314,0.8203,0.8298,559383.48
2025-11-08 11:00:00,0.8297,0.8369,0.8223,0.8244,432945.89
2025-11-08 12:00:00,0.8243,0.8303,0.8193,0.8245,377412.95
2025-11-08 13:00:00,0.8245,0.8254,0.8076,0.8083,455327.77
2025-11-08 14:00:00,0.8083,0.8121,0.7976,0.8104,713303.56
2025-11-08 15:00:00,0.8105,0.8114,0.793,0.7957,447199.06
2025-11-08 16:00:00,0.7958,0.7975,0.7871,0.795,534745.7
2025-11-08 17:00:00,0.7949,0.8059,0.7917,0.8041,523692.54
2025-11-08 18:00:00,0.8042,0.8121,0.7998,0.8101,453469.87
2025-11-08 19:00:00,0.8101,0.8116,0.7997,0.8065,498521.09
2025-11-08 20:00:00,0.8065,0.8123,0.8014,0.8088,148356.02
2025-11-08 21:00:00,0.8085,0.8106,0.804,0.807,186456.36
2025-11-08 22:00:00,0.8069,0.809,0.8051,0.8072,51389.07
2025-11-08 23:00:00,0.8071,0.8171,0.8043,0.8081,664065.89
2025-11-09 00:00:00,0.8082,0.8086,0.794,0.7982,693985.41
2025-11-09 01:00:00,0.7981,0.8036,0.7951,0.8028,299849.67
2025-11-09 02:00:00,0.8026,0.8026,0.7828,0.7849,622742.48
2025-11-09 03:00:00,0.7849,0.7867,0.7783,0.7834,470013.05
2025-11-09 04:00:00,0.7835,0.7914,0.7826,0.79,1418903.26
2025-11-09 05:00:00,0.7899,0.7951,0.7877,0.7945,193101.44
2025-11-09 06:00:00,0.7944,0.8003,0.79,0.7936,161303.82
2025-11-09 07:00:00,0.7935,0.8027,0.7932,0.8027,197493.28
2025-11-09 08:00:00,0.8027,0.8035,0.7942,0.7985,227268.86
2025-11-09 09:00:00,0.7986,0.8065,0.7913,0.7923,375932.96
2025-11-09 10:00:00,0.7923,0.7981,0.7868,0.7971,298803.85
2025-11-09 11:00:00,0.7972,0.8113,0.797,0.8057,544012.19
2025-11-09 12:00:00,0.8058,0.8146,0.8037,0.8104,416379.3
2025-11-09 13:00:00,0.8105,0.8168,0.8089,0.8133,370940.38
2025-11-09 14:00:00,0.8132,0.8439,0.81,0.8242,1412631.58
2025-11-09 15:00:00,0.8242,0.8355,0.8238,0.8312,548725.34
2025-11-09 16:00:00,0.8312,0.8397,0.8261,0.8376,302261.68
2025-11-09 17:00:00,0.8375,0.8382,0.8281,0.8305,261438.39
2025-11-09 18:00:00,0.8305,0.8403,0.8257,0.8391,147012.04
2025-11-09 19:00:00,0.839,0.8496,0.8367,0.8493,574017.75
2025-11-09 20:00:00,0.8495,0.8504,0.8418,0.8473,258860.59
2025-11-09 21:00:00,0.8471,0.8489,0.843,0.8474,183534.54
2025-11-09 22:00:00,0.8475,0.8484,0.8377,0.8464,211005.82
2025-11-09 23:00:00,0.8464,0.854,0.8368,0.8416,554344.94
2025-11-10 00:00:00,0.8417,0.863,0.8355,0.8579,838010.23
2025-11-10 01:00:00,0.8578,0.863,0.8523,0.853,713471.72
2025-11-10 02:00:00,0.8529,0.8568,0.849,0.8556,266626.21
2025-11-10 03:00:00,0.8557,0.8618,0.8514,0.8543,366238.07
2025-11-10 04:00:00,0.8542,0.8569,0.8491,0.8557,221107.33
2025-11-10 05:00:00,0.8558,0.8583,0.8458,0.8526,245517.33
2025-11-10 06:00:00,0.8526,0.8544,0.8443,0.8485,215070.1
2025-11-10 07:00:00,0.8486,0.8537,0.8418,0.8465,234534.09
2025-11-10 08:00:00,0.8466,0.8473,0.8368,0.8412,284295.28
2025-11-10 09:00:00,0.8413,0.8594,0.8405,0.8563,439889.5
2025-11-10 10:00:00,0.8564,0.8572,0.8446,0.851,658614.68
2025-11-10 11:00:00,0.8511,0.8621,0.8504,0.8588,1358376.83
2025-11-10 12:00:00,0.8586,0.859,0.8478,0.85,252599.82
2025-11-10 13:00:00,0.8499,0.8601,0.8484,0.8547,537484.04
2025-11-10 14:00:00,0.8546,0.8546,0.8277,0.8347,1599386.18
2025-11-10 15:00:00,0.8347,0.8472,0.8314,0.8366,523659.9
2025-11-10 16:00:00,0.8365,0.8408,0.8259,0.8309,572884.11
2025-11-10 17:00:00,0.8308,0.8446,0.8285,0.8436,299116.78
2025-11-10 18:00:00,0.8437,0.8452,0.8364,0.8367,171141.6
2025-11-10 19:00:00,0.8367,0.927,0.8363,0.8687,6513670.38
2025-11-10 20:00:00,0.8686,0.8852,0.8569,0.8595,3563988.36
2025-11-10 21:00:00,0.8597,0.8624,0.8472,0.8609,735413.17
2025-11-10 22:00:00,0.8608,0.9004,0.8522,0.8974,1905914.4
2025-11-10 23:00:00,0.8973,0.9023,0.8777,0.8825,1520572.92
2025-11-11 00:00:00,0.8826,0.8885,0.8691,0.8815,866243.18
2025-11-11 01:00:00,0.8814,0.9072,0.8811,0.8857,1040948.62
2025-11-11 02:00:00,0.8858,0.9116,0.875,0.9015,1165112.81
2025-11-11 03:00:00,0.9014,0.9097,0.8915,0.8949,844013.32
2025-11-11 04:00:00,0.8948,0.9027,0.8809,0.884,977142.03
2025-11-11 05:00:00,0.8839,0.8839,0.864,0.8649,888042.5
2025-11-11 06:00:00,0.8649,0.8678,0.8555,0.8614,678306.67
2025-11-11 07:00:00,0.8614,0.8649,0.8463,0.8482,751196.79
2025-11-11 08:00:00,0.8483,0.859,0.8478,0.8521,436121.0
2025-11-11 09:00:00,0.8521,0.8631,0.8458,0.8479,598885.26
2025-11-11 10:00:00,0.8478,0.8524,0.8446,0.8517,358876.18
2025-11-11 11:00:00,0.8518,0.8785,0.8509,0.8781,3007305.47
2025-11-11 12:00:00,0.8781,0.8859,0.8661,0.87,2156608.72
2025-11-11 13:00:00,0.87,0.8782,0.8469,0.849,1666897.0
2025-11-11 14:00:00,0.8491,0.8503,0.828,0.849,1840924.49
2025-11-11 15:00:00,0.8488,0.8488,0.8226,0.8274,1542223.55
2025-11-11 16:00:00,0.8275,0.8387,0.8256,0.8334,567777.74
2025-11-11 17:00:00,0.8334,0.8395,0.8182,0.8258,848091.54
2025-11-11 18:00:00,0.8256,0.8296,0.8192,0.8225,475289.29
2025-11-11 19:00:00,0.8225,0.8228,0.8117,0.8135,404993.91
2025-11-11 20:00:00,0.8135,0.8145,0.803,0.8054,513224.49
2025-11-11 21:00:00,0.8055,0.8128,0.7981,0.8017,771826.15
2025-11-11 22:00:00,0.8016,0.8133,0.7981,0.8116,292682.04
2025-11-11 23:00:00,0.8117,0.8125,0.8012,0.8035,458459.07
2025-11-12 00:00:00,0.8036,0.8111,0.7993,0.8039,628164.0
2025-11-12 01:00:00,0.8038,0.8188,0.8034,0.8167,273060.81
2025-11-12 02:00:00,0.8166,0.8271,0.8135,0.8184,715336.56
2025-11-12 03:00:00,0.8185,0.8241,0.8164,0.8214,266097.98
2025-11-12 04:00:00,0.8215,0.8225,0.813,0.8186,305626.91
2025-11-12 05:00:00,0.8187,0.8252,0.8176,0.819,201591.18
2025-11-12 06:00:00,0.8191,0.8338,0.8186,0.8247,2123581.3
2025-11-12 07:00:00,0.8246,0.8286,0.8185,0.8201,335614.38
2025-11-12 08:00:00,0.8201,0.838,0.8201,0.8343,543113.02
2025-11-12 09:00:00,0.8344,0.8437,0.8342,0.8403,482308.92
2025-11-12 10:00:00,0.8402,0.8617,0.8402,0.8568,1753296.98
2025-11-12 11:00:00,0.8567,0.8616,0.8526,0.854,665796.93
2025-11-12 12:00:00,0.8541,0.8574,0.8456,0.8503,684872.73
2025-11-12 13:00:00,0.8504,0.8647,0.8463,0.8613,615552.34
2025-11-12 14:00:00,0.8613,0.8613,0.8199,0.8274,2547808.24
2025-11-12 15:00:00,0.8274,0.8337,0.7989,0.8024,2246146.6
2025-11-12 16:00:00,0.8024,0.804,0.7833,0.7912,1765795.38
2025-11-12 17:00:00,0.7913,0.8049,0.7841,0.7975,984766.98
2025-11-12 18:00:00,0.7976,0.8007,0.7902,0.7916,450083.48
2025-11-12 19:00:00,0.7916,0.7921,0.7775,0.7899,1006217.18
2025-11-12 20:00:00,0.7899,0.8029,0.7876,0.7984,463635.6
2025-11-12 21:00:00,0.7985,0.8003,0.7946,0.7969,262317.71
2025-11-12 22:00:00,0.7969,0.7992,0.7912,0.7979,134170.06
2025-11-12 23:00:00,0.7978,0.7979,0.7903,0.7934,181225.64
2025-11-13 00:00:00,0.7934,0.8045,0.7923,0.8003,627732.94
2025-11-13 01:00:00,0.8002,0.8159,0.7992,0.8093,605330.89
2025-11-13 02:00:00,0.8094,0.8163,0.8076,0.8114,280146.76
2025-11-13 03:00:00,0.8115,0.8279,0.7962,0.8184,782370.86
2025-11-13 04:00:00,0.8184,0.8293,0.812,0.8251,773270.24
2025-11-13 05:00:00,0.825,0.8449,0.8196,0.8418,654794.82
2025-11-13 06:00:00,0.8419,0.8474,0.8402,0.8433,481389.09
2025-11-13 07:00:00,0.8434,0.8512,0.8404,0.8426,655522.13
2025-11-13 08:00:00,0.8427,0.8462,0.8362,0.8374,429719.06
2025-11-13 09:00:00,0.8374,0.8417,0.8233,0.8249,936681.69
2025-11-13 10:00:00,0.825,0.8384,0.825,0.8302,409739.09
2025-11-13 11:00:00,0.8302,0.8326,0.8274,0.8298,213403.29
2025-11-13 12:00:00,0.8298,0.8354,0.8268,0.8331,281172.73
2025-11-13 13:00:00,0.8331,0.8342,0.814,0.8181,1059172.77
2025-11-13 14:00:00,0.818,0.8298,0.8021,0.8211,1358149.49
2025-11-13 15:00:00,0.8211,0.8233,0.8019,0.807,1140429.65
2025-11-13 16:00:00,0.8069,0.8072,0.7865,0.7882,893030.56
2025-11-13 17:00:00,0.7883,0.7914,0.7688,0.7707,1351399.53
2025-11-13 18:00:00,0.7707,0.7731,0.7556,0.7607,1549700.26
2025-11-13 19:00:00,0.7608,0.7664,0.7475,0.7495,1725357.67
2025-11-13 20:00:00,0.7495,0.7571,0.744,0.7484,1032319.51
2025-11-13 21:00:00,0.7484,0.756,0.7463,0.7516,493011.2
2025-11-13 22:00:00,0.7515,0.7742,0.7508,0.7715,911487.74
2025-11-13 23:00:00,0.7716,0.7841,0.768,0.7752,577528.01
2025-11-14 00:00:00,0.7752,0.7799,0.7646,0.77,756528.77
2025-11-14 01:00:00,0.7701,0.7743,0.7647,0.7689,353601.4
2025-11-14 02:00:00,0.769,0.7833,0.7681,0.781,806268.56
2025-11-14 03:00:00,0.781,0.7814,0.7663,0.7717,685800.77
2025-11-14 04:00:00,0.7718,0.7718,0.7368,0.7573,1518626.87
2025-11-14 05:00:00,0.7573,0.7704,0.7565,0.7658,703227.09
2025-11-14 06:00:00,0.7658,0.7725,0.7468,0.7716,2170520.41
2025-11-14 07:00:00,0.7716,0.7758,0.7632,0.7692,1002491.34
2025-11-14 08:00:00,0.7692,0.7706,0.762,0.7647,505916.12
2025-11-14 09:00:00,0.7647,0.7678,0.752,0.7526,603148.5
2025-11-14 10:00:00,0.7526,0.7619,0.751,0.7557,422085.35
2025-11-14 11:00:00,0.7557,0.7563,0.7438,0.7504,693399.61
2025-11-14 12:00:00,0.7504,0.7537,0.7324,0.752,1163012.41
2025-11-14 13:00:00,0.752,0.758,0.7423,0.7516,890625.22
2025-11-14 14:00:00,0.7516,0.7763,0.7451,0.7696,1715783.36
2025-11-14 15:00:00,0.7696,0.778,0.7567,0.7687,926445.74
2025-11-14 16:00:00,0.7687,0.7875,0.7655,0.7835,883664.92
2025-11-14 17:00:00,0.7834,0.7867,0.7687,0.7723,587393.27
2025-11-14 18:00:00,0.7722,0.7834,0.7688,0.7739,606337.51
2025-11-14 19:00:00,0.7739,0.7906,0.7706,0.7828,467224.51
2025-11-14 20:00:00,0.7828,0.7833,0.7566,0.76,713952.18
2025-11-14 21:00:00,0.7601,0.7723,0.7576,0.7668,364152.39
2025-11-14 22:00:00,0.7668,0.7727,0.7585,0.7621,220290.11
2025-11-14 23:00:00,0.7621,0.7622,0.7396,0.7518,531570.75
2025-11-15 00:00:00,0.7517,0.7623,0.7506,0.759,344039.04
2025-11-15 01:00:00,0.7589,0.7677,0.7535,0.7654,309574.53
2025-11-15 02:00:00,0.7653,0.7664,0.7613,0.7664,174064.14
2025-11-15 03:00:00,0.7664,0.7685,0.7623,0.7674,233039.87
2025-11-15 04:00:00,0.7675,0.7706,0.765,0.7669,140724.61
2025-11-15 05:00:00,0.767,0.77,0.7644,0.7679,211831.8
2025-11-15 06:00:00,0.7678,0.7752,0.7653,0.773,180753.94
2025-11-15 07:00:00,0.773,0.774,0.7648,0.767,313054.61
2025-11-15 08:00:00,0.7671,0.7677,0.7508,0.7535,619471.72
2025-11-15 09:00:00,0.7534,0.7619,0.7511,0.7568,275350.82
2025-11-15 10:00:00,0.7568,0.7638,0.7548,0.7637,143414.27
2025-11-15 11:00:00,0.7637,0.7645,0.7554,0.7583,132811.25
2025-11-15 12:00:00,0.7582,0.7681,0.755,0.7673,163141.59
2025-11-15 13:00:00,0.7673,0.7742,0.7658,0.7701,339593.07
2025-11-15 14:00:00,0.7701,0.7702,0.7624,0.7636,182464.09
2025-11-15 15:00:00,0.7637,0.7661,0.7604,0.7622,187735.56
2025-11-15 16:00:00,0.7622,0.7639,0.7563,0.7625,212247.99
2025-11-15 17:00:00,0.7626,0.7707,0.7609,0.769,291227.62
2025-11-15 18:00:00,0.7691,0.7746,0.7674,0.7712,265925.01
2025-11-15 19:00:00,0.7713,0.7745,0.7643,0.7644,334290.98
2025-11-15 20:00:00,0.7644,0.7644,0.7546,0.7573,383375.59
2025-11-15 21:00:00,0.7573,0.7612,0.7473,0.7491,450395.72
2025-11-15 22:00:00,0.749,0.7559,0.7483,0.7555,238660.01
2025-11-15 23:00:00,0.7556,0.757,0.7538,0.7544,52606.95
2025-11-16 00:00:00,0.7545,0.7559,0.7452,0.7511,237544.11
2025-11-16 01:00:00,0.751,0.7528,0.7407,0.7504,211534.13
2025-11-16 02:00:00,0.7503,0.7617,0.7477,0.7615,223985.07
2025-11-16 03:00:00,0.7616,0.7646,0.7584,0.7608,142586.44
2025-11-16 04:00:00,0.7609,0.7612,0.7544,0.7587,96580.91
2025-11-16 05:00:00,0.7585,0.7681,0.7582,0.7659,264403.55
2025-11-16 06:00:00,0.766,0.7703,0.7627,0.7635,98342.59
2025-11-16 07:00:00,0.7636,0.7681,0.7617,0.7681,92650.44
2025-11-16 08:00:00,0.768,0.768,0.76,0.7625,113147.12
2025-11-16 09:00:00,0.7625,0.7679,0.7582,0.7678,284763.86
2025-11-16 10:00:00,0.7677,0.7688,0.764,0.7643,181715.97
2025-11-16 11:00:00,0.7644,0.7652,0.7457,0.7482,506518.75
2025-11-16 12:00:00,0.748,0.7532,0.7448,0.75,302544.13
2025-11-16 13:00:00,0.7499,0.7519,0.7419,0.7457,306541.04
2025-11-16 14:00:00,0.7458,0.7533,0.7439,0.7508,269280.82
2025-11-16 15:00:00,0.7509,0.7514,0.7296,0.732,420327.68
2025-11-16 16:00:00,0.7319,0.7394,0.7174,0.7203,777916.26
2025-11-16 17:00:00,0.7202,0.723,0.7073,0.718,848244.06
2025-11-16 18:00:00,0.7179,0.7352,0.7127,0.7148,788271.95
2025-11-16 19:00:00,0.7148,0.7291,0.7143,0.7183,329892.64
2025-11-16 20:00:00,0.7184,0.7272,0.7173,0.718,202724.74
2025-11-16 21:00:00,0.718,0.719,0.7097,0.716,531803.74
2025-11-16 22:00:00,0.7161,0.7285,0.7098,0.7249,437407.0
2025-11-16 23:00:00,0.725,0.7358,0.71,0.7311,712713.6
2025-11-17 00:00:00,0.731,0.7439,0.7221,0.7409,476105.6
2025-11-17 01:00:00,0.7408,0.7427,0.7342,0.735,333790.53
2025-11-17 02:00:00,0.735,0.7427,0.7316,0.7399,457103.84
2025-11-17 03:00:00,0.74,0.7481,0.7397,0.7479,210705.21
2025-11-17 04:00:00,0.748,0.7526,0.7455,0.7476,172339.5
2025-11-17 05:00:00,0.7477,0.7489,0.7447,0.7478,151442.52
2025-11-17 06:00:00,0.7479,0.7522,0.7432,0.7509,252431.22
2025-11-17 07:00:00,0.751,0.7594,0.749,0.7575,287862.51
2025-11-17 08:00:00,0.7575,0.7596,0.7526,0.7529,204646.67
2025-11-17 09:00:00,0.753,0.759,0.7501,0.7523,191744.51
2025-11-17 10:00:00,0.7522,0.7567,0.7494,0.7499,281056.37
2025-11-17 11:00:00,0.7499,0.7578,0.7487,0.7522,220834.91
2025-11-17 12:00:00,0.7523,0.7526,0.7452,0.7465,249747.09
2025-11-17 13:00:00,0.7467,0.7488,0.721,0.7286,653354.92
2025-11-17 14:00:00,0.7285,0.7598,0.7246,0.7398,1435205.59
2025-11-17 15:00:00,0.7398,0.7438,0.7223,0.7255,1016290.4
2025-11-17 16:00:00,0.7256,0.7342,0.7123,0.7332,800430.32
2025-11-17 17:00:00,0.733,0.7345,0.7082,0.7088,644142.51
2025-11-17 18:00:00,0.7089,0.7138,0.693,0.6979,1580031.12
2025-11-17 19:00:00,0.6978,0.7033,0.6887,0.6929,919511.41
2025-11-17 20:00:00,0.6928,0.6978,0.6851,0.692,1690185.55
2025-11-17 21:00:00,0.6921,0.6982,0.6801,0.6836,882747.43
2025-11-17 22:00:00,0.6837,0.6893,0.6793,0.6836,764527.05
2025-11-17 23:00:00,0.6835,0.6853,0.6773,0.6799,540252.17
2025-11-18 00:00:00,0.6799,0.6882,0.6719,0.6867,674852.21
2025-11-18 01:00:00,0.6867,0.6962,0.685,0.6931,467990.17
2025-11-18 02:00:00,0.6932,0.7065,0.6825,0.6943,817943.44
2025-11-18 03:00:00,0.6942,0.7096,0.6851,0.7056,982233.47
2025-11-18 04:00:00,0.7056,0.7073,0.6913,0.7063,506025.55
2025-11-18 05:00:00,0.7063,0.7123,0.6989,0.7027,360498.78
2025-11-18 06:00:00,0.7028,0.7028,0.6925,0.6943,374619.07
2025-11-18 07:00:00,0.6942,0.7062,0.6913,0.7024,451646.67
2025-11-18 08:00:00,0.7025,0.7124,0.7017,0.7098,345434.94
2025-11-18 09:00:00,0.7097,0.7142,0.7041,0.7136,377092.23
2025-11-18 10:00:00,0.7137,0.7149,0.709,0.7126,228513.79
2025-11-18 11:00:00,0.7125,0.7148,0.7073,0.7089,299878.51
2025-11-18 12:00:00,0.7089,0.7117,0.7021,0.711,334389.85
2025-11-18 13:00:00,0.711,0.711,0.7034,0.7085,278111.42
2025-11-18 14:00:00,0.7084,0.7198,0.7066,0.709,654076.43
2025-11-18 15:00:00,0.7089,0.7313,0.704,0.7253,816081.98
2025-11-18 16:00:00,0.7253,0.7398,0.724,0.7346,1023333.29
2025-11-18 17:00:00,0.7346,0.7375,0.73,0.7333,384540.0
2025-11-18 18:00:00,0.7334,0.7421,0.7324,0.7392,377924.42
2025-11-18 19:00:00,0.7393,0.7415,0.7357,0.7378,199042.64
2025-11-18 20:00:00,0.7382,0.7389,0.7331,0.7333,218514.47
2025-11-18 21:00:00,0.7332,0.7348,0.7249,0.7249,243310.64
2025-11-18 22:00:00,0.7248,0.7367,0.7245,0.7353,176103.22
2025-11-18 23:00:00,0.7354,0.7363,0.7307,0.7344,87704.42
2025-11-19 00:00:00,0.7344,0.7344,0.7236,0.7304,277654.98
2025-11-19 01:00:00,0.7305,0.7356,0.7268,0.7331,221762.0
2025-11-19 02:00:00,0.7332,0.738,0.7311,0.7331,142278.22
2025-11-19 03:00:00,0.7329,0.7353,0.7213,0.7246,243409.04
2025-11-19 04:00:00,0.7245,0.7252,0.7174,0.7182,340986.24
2025-11-19 05:00:00,0.7182,0.7202,0.7001,0.7067,610836.82
2025-11-19 06:00:00,0.7066,0.7144,0.7037,0.7138,269045.96
2025-11-19 07:00:00,0.7137,0.7251,0.7126,0.7236,348514.56
2025-11-19 08:00:00,0.7235,0.7266,0.7189,0.7224,280971.32
2025-11-19 09:00:00,0.7223,0.7248,0.7165,0.7248,200025.44
2025-11-19 10:00:00,0.7247,0.7321,0.7235,0.7271,538728.18
2025-11-19 11:00:00,0.727,0.7341,0.7265,0.7269,669634.7
2025-11-19 12:00:00,0.7268,0.7284,0.723,0.7252,382973.33
2025-11-19 13:00:00,0.7253,0.7253,0.7141,0.7146,316102.93
2025-11-19 14:00:00,0.7147,0.7202,0.7071,0.7178,453562.72
2025-11-19 15:00:00,0.7179,0.7279,0.6989,0.7016,1023100.95
2025-11-19 16:00:00,0.7015,0.7067,0.6929,0.6972,737422.15
2025-11-19 17:00:00,0.6972,0.7006,0.6854,0.6928,984002.29
2025-11-19 18:00:00,0.6927,0.6947,0.6772,0.6859,878353.04
2025-11-19 19:00:00,0.6859,0.6881,0.6777,0.6819,663610.37
2025-11-19 20:00:00,0.682,0.7,0.6796,0.6978,674868.74
2025-11-19 21:00:00,0.6979,0.7382,0.6952,0.7166,5367416.76
2025-11-19 22:00:00,0.7165,0.7171,0.7041,0.706,534764.02
2025-11-19 23:00:00,0.7061,0.7154,0.7052,0.7135,365511.96
2025-11-20 00:00:00,0.7134,0.7236,0.7108,0.718,406507.89
2025-11-20 01:00:00,0.7179,0.7241,0.7173,0.7212,187453.37
2025-11-20 02:00:00,0.7211,0.7246,0.7174,0.7216,310981.19
2025-11-20 03:00:00,0.7217,0.7258,0.7217,0.7252,201864.55
2025-11-20 04:00:00,0.7252,0.7318,0.721,0.7316,287749.38
2025-11-20 05:00:00,0.7317,0.7329,0.7258,0.7259,229292.39
2025-11-20 06:00:00,0.7258,0.7295,0.7224,0.7258,411458.79
2025-11-20 07:00:00,0.7258,0.7366,0.7251,0.7362,362983.6
2025-11-20 08:00:00,0.7363,0.7363,0.7312,0.7337,176822.39
2025-11-20 09:00:00,0.7336,0.736,0.7282,0.732,368258.63
2025-11-20 10:00:00,0.732,0.7338,0.7273,0.7294,256829.69
2025-11-20 11:00:00,0.7293,0.7372,0.7274,0.7362,231183.51
2025-11-20 12:00:00,0.7363,0.7473,0.734,0.7454,583386.92
2025-11-20 13:00:00,0.7454,0.7525,0.7358,0.7373,759032.85
2025-11-20 14:00:00,0.7374,0.7459,0.7276,0.7377,909298.01
2025-11-20 15:00:00,0.7378,0.7382,0.719,0.7199,901280.99
2025-11-20 16:00:00,0.7198,0.7216,0.6828,0.6873,3215570.89
2025-11-20 17:00:00,0.6872,0.6906,0.6701,0.6765,2101671.49
2025-11-20 18:00:00,0.6764,0.6813,0.6624,0.6636,1384756.94
2025-11-20 19:00:00,0.6635,0.6779,0.6595,0.6767,1305262.64
2025-11-20 20:00:00,0.6766,0.6766,0.6661,0.6675,746853.92
2025-11-20 21:00:00,0.6675,0.6891,0.667,0.6815,1347455.3
2025-11-20 22:00:00,0.6814,0.6955,0.6801,0.688,541624.08
2025-11-20 23:00:00,0.688,0.6893,0.6683,0.6702,857572.15
2025-11-21 00:00:00,0.6701,0.6839,0.6696,0.6829,446007.07
2025-11-21 01:00:00,0.6829,0.6913,0.6808,0.6871,288410.77
2025-11-21 02:00:00,0.6871,0.6877,0.6666,0.669,718667.47
2025-11-21 03:00:00,0.6689,0.6826,0.6689,0.6748,796885.08
2025-11-21 04:00:00,0.6747,0.6777,0.665,0.6763,469224.92
2025-11-21 05:00:00,0.6762,0.6796,0.6667,0.6691,511315.11
2025-11-21 06:00:00,0.6692,0.6719,0.6643,0.667,342970.0
2025-11-21 07:00:00,0.667,0.6698,0.592,0.6348,6247729.78
2025-11-21 08:00:00,0.6347,0.6453,0.6309,0.6365,1363716.49
2025-11-21 09:00:00,0.6366,0.6419,0.6224,0.6228,970923.76
2025-11-21 10:00:00,0.6225,0.627,0.6166,0.6172,1493434.12
2025-11-21 11:00:00,0.6172,0.6254,0.608,0.6105,1991701.51
2025-11-21 12:00:00,0.6106,0.6272,0.5944,0.6197,3151538.07
2025-11-21 13:00:00,0.6196,0.6275,0.6154,0.6173,1460482.49
2025-11-21 14:00:00,0.6175,0.6202,0.6026,0.6112,3246865.15
2025-11-21 15:00:00,0.6113,0.6134,0.5939,0.6004,1802368.65
2025-11-21 16:00:00,0.6005,0.6166,0.5923,0.6166,1638194.03
2025-11-21 17:00:00,0.6164,0.6329,0.6142,0.6255,1286214.01
2025-11-21 18:00:00,0.6256,0.6321,0.6098,0.627,1053849.37
2025-11-21 19:00:00,0.6269,0.6287,0.6106,0.6127,710401.98
2025-11-21 20:00:00,0.6127,0.6129,0.5974,0.6047,1012734.56
2025-11-21 21:00:00,0.6047,0.616,0.5993,0.6103,646766.03
2025-11-21 22:00:00,0.6104,0.6129,0.5886,0.5892,740393.73
2025-11-21 23:00:00,0.5892,0.6163,0.5887,0.6145,1272940.4
2025-11-22 00:00:00,0.6145,0.6191,0.6102,0.6166,567453.26
2025-11-22 01:00:00,0.6167,0.6238,0.6163,0.6221,513243.47
2025-11-22 02:00:00,0.622,0.6227,0.6124,0.6153,240877.57
2025-11-22 03:00:00,0.6153,0.6258,0.6138,0.6194,894043.5
2025-11-22 04:00:00,0.6196,0.6205,0.6078,0.6178,457861.19
2025-11-22 05:00:00,0.6178,0.6178,0.6021,0.6088,400501.32
2025-11-22 06:00:00,0.6087,0.6169,0.6025,0.6144,340915.17
2025-11-22 07:00:00,0.6143,0.6154,0.6095,0.6146,314492.82
2025-11-22 08:00:00,0.6147,0.6148,0.6008,0.6041,528898.75
2025-11-22 09:00:00,0.6042,0.6149,0.6041,0.6109,335243.21
2025-11-22 10:00:00,0.6109,0.6148,0.6044,0.6076,184451.03
2025-11-22 11:00:00,0.6077,0.6186,0.6063,0.616,380956.07
2025-11-22 12:00:00,0.616,0.6169,0.6065,0.6106,269180.28
2025-11-22 13:00:00,0.6107,0.6143,0.6045,0.6094,356502.94
2025-11-22 14:00:00,0.6094,0.6205,0.6093,0.6176,437708.18
2025-11-22 15:00:00,0.6175,0.6187,0.6062,0.61,535383.86
2025-11-22 16:00:00,0.6099,0.6216,0.6094,0.6209,401107.88
2025-11-22 17:00:00,0.621,0.6231,0.6154,0.6163,367256.83
2025-11-22 18:00:00,0.6162,0.6199,0.6147,0.6178,287921.11
2025-11-22 19:00:00,0.6177,0.6215,0.6142,0.618,192781.96
2025-11-22 20:00:00,0.6181,0.6238,0.6145,0.6171,325007.86
2025-11-22 21:00:00,0.617,0.6217,0.6155,0.6199,145418.76
2025-11-22 22:00:00,0.62,0.6338,0.6167,0.6325,311215.93
2025-11-22 23:00:00,0.6325,0.6334,0.6231,0.6249,193428.53
2025-11-23 00:00:00,0.6248,0.6282,0.6211,0.6233,188063.7
2025-11-23 01:00:00,0.6234,0.6343,0.6232,0.6311,196010.02
2025-11-23 02:00:00,0.631,0.6373,0.6291,0.6328,359307.73
2025-11-23 03:00:00,0.6327,0.6339,0.6275,0.6337,313904.04
2025-11-23 04:00:00,0.6337,0.6412,0.6328,0.6391,547894.4
2025-11-23 05:00:00,0.639,0.6426,0.636,0.6401,439674.18
2025-11-23 06:00:00,0.64,0.6427,0.6347,0.6369,348762.96
2025-11-23 07:00:00,0.6369,0.6376,0.629,0.6337,375406.65
2025-11-23 08:00:00,0.6338,0.6353,0.627,0.6297,849839.42
2025-11-23 09:00:00,0.6296,0.6321,0.6271,0.6284,320290.26
2025-11-23 10:00:00,0.6284,0.6284,0.6233,0.6244,377086.78
2025-11-23 11:00:00,0.6243,0.6269,0.6199,0.6257,498771.31
2025-11-23 12:00:00,0.6258,0.6331,0.6256,0.6276,366639.62
2025-11-23 13:00:00,0.6276,0.6299,0.6259,0.6291,190486.5
2025-11-23 14:00:00,0.6292,0.6327,0.6232,0.6234,615884.49
2025-11-23 15:00:00,0.6235,0.6316,0.6228,0.6292,217387.91
2025-11-23 16:00:00,0.6293,0.6318,0.6224,0.623,387769.06
2025-11-23 17:00:00,0.623,0.6245,0.619,0.6212,388863.48
2025-11-23 18:00:00,0.6213,0.6292,0.6212,0.6263,282635.1
2025-11-23 19:00:00,0.6264,0.6352,0.6258,0.63,368513.54
2025-11-23 20:00:00,0.6301,0.6328,0.6283,0.6291,190841.62
2025-11-23 21:00:00,0.629,0.6318,0.6255,0.6303,182439.69
2025-11-23 22:00:00,0.6305,0.6312,0.6259,0.6265,164693.17
2025-11-23 23:00:00,0.6266,0.6278,0.6161,0.6175,345227.99
2025-11-24 00:00:00,0.6174,0.622,0.6093,0.6168,359965.94
2025-11-24 01:00:00,0.6167,0.6247,0.6156,0.624,373501.58
2025-11-24 02:00:00,0.6239,0.6411,0.6228,0.6339,687940.72
2025-11-24 03:00:00,0.6339,0.641,0.6311,0.6362,254877.61
2025-11-24 04:00:00,0.6362,0.6399,0.6243,0.6306,390566.19
2025-11-24 05:00:00,0.6305,0.6495,0.6298,0.6427,697143.9
2025-11-24 06:00:00,0.6428,0.6442,0.6346,0.6385,463046.73
2025-11-24 07:00:00,0.6384,0.6421,0.6348,0.6373,222039.61
2025-11-24 08:00:00,0.6372,0.641,0.6343,0.6397,283257.09
2025-11-24 09:00:00,0.6395,0.6395,0.6236,0.6268,606778.22
2025-11-24 10:00:00,0.6267,0.642,0.626,0.6335,2399169.64
2025-11-24 11:00:00,0.6337,0.6372,0.6305,0.6364,180163.03
2025-11-24 12:00:00,0.6364,0.6364,0.6297,0.6331,215792.75
2025-11-24 13:00:00,0.6331,0.6397,0.6321,0.6332,332693.72
2025-11-24 14:00:00,0.6331,0.6435,0.6253,0.6378,877893.93
2025-11-24 15:00:00,0.6379,0.6467,0.6329,0.6404,694849.15
2025-11-24 16:00:00,0.6404,0.6492,0.6399,0.6458,775091.51
2025-11-24 17:00:00,0.6459,0.6692,0.6459,0.6681,906465.16
2025-11-24 18:00:00,0.6682,0.6711,0.664,0.6689,630710.01
2025-11-24 19:00:00,0.6688,0.675,0.6669,0.6695,385125.04
2025-11-24 20:00:00,0.6695,0.6767,0.6667,0.6741,401962.07
2025-11-24 21:00:00,0.674,0.6748,0.6663,0.668,219748.16
2025-11-24 22:00:00,0.6679,0.6719,0.6629,0.6654,279075.88
2025-11-24 23:00:00,0.6652,0.6671,0.662,0.6636,163805.53
2025-11-25 00:00:00,0.6635,0.664,0.6576,0.6609,343152.95
2025-11-25 01:00:00,0.6609,0.6634,0.6562,0.6562,144490.45
2025-11-25 02:00:00,0.6563,0.6585,0.6518,0.6585,188474.73
2025-11-25 03:00:00,0.6583,0.6598,0.6543,0.6567,287874.43
2025-11-25 04:00:00,0.6567,0.6625,0.6554,0.6613,224499.15
2025-11-25 05:00:00,0.6612,0.6614,0.6547,0.6573,226212.75
2025-11-25 06:00:00,0.6572,0.6574,0.6514,0.655,228812.17
2025-11-25 07:00:00,0.655,0.6565,0.6488,0.6497,176638.3
2025-11-25 08:00:00,0.6495,0.653,0.6469,0.6475,348503.82
2025-11-25 09:00:00,0.6476,0.6573,0.6473,0.6568,391323.63
2025-11-25 10:00:00,0.6567,0.6567,0.6505,0.6546,186784.68
2025-11-25 11:00:00,0.6545,0.6545,0.6499,0.6509,140028.43
2025-11-25 12:00:00,0.651,0.6588,0.6502,0.6564,221659.9
2025-11-25 13:00:00,0.6565,0.6573,0.6475,0.6484,281294.78
2025-11-25 14:00:00,0.6485,0.6528,0.6369,0.6442,575688.5
2025-11-25 15:00:00,0.6441,0.6518,0.6381,0.648,446005.3
2025-11-25 16:00:00,0.6479,0.6574,0.6461,0.6533,168592.39
2025-11-25 17:00:00,0.6532,0.6643,0.6507,0.6608,581972.61
2025-11-25 18:00:00,0.6607,0.6663,0.6566,0.6569,236379.27
2025-11-25 19:00:00,0.6568,0.6583,0.6442,0.6558,306526.8
2025-11-25 20:00:00,0.6559,0.6673,0.6559,0.6645,566671.7
2025-11-25 21:00:00,0.6645,0.6697,0.6639,0.6655,154194.92
2025-11-25 22:00:00,0.6654,0.6765,0.6588,0.6748,187493.82
2025-11-25 23:00:00,0.6747,0.68,0.6717,0.6725,224162.17
2025-11-26 00:00:00,0.6727,0.6753,0.6704,0.6717,201711.75
2025-11-26 01:00:00,0.6718,0.6814,0.6701,0.6765,128819.18
2025-11-26 02:00:00,0.6765,0.678,0.6702,0.6703,206346.61
2025-11-26 03:00:00,0.6703,0.6714,0.6621,0.6625,133238.58
2025-11-26 04:00:00,0.6626,0.6642,0.6602,0.6616,128520.18
2025-11-26 05:00:00,0.6615,0.6688,0.6604,0.6676,223900.34
2025-11-26 06:00:00,0.6676,0.6701,0.6652,0.6686,168836.54
2025-11-26 07:00:00,0.6686,0.6702,0.6667,0.67,104779.46
2025-11-26 08:00:00,0.6699,0.6706,0.6631,0.6631,567988.55
2025-11-26 09:00:00,0.6631,0.6649,0.6593,0.6611,182269.0
2025-11-26 10:00:00,0.6611,0.6638,0.6556,0.6573,240139.5
2025-11-26 11:00:00,0.6573,0.6586,0.6527,0.6552,115637.14
2025-11-26 12:00:00,0.6551,0.6559,0.6484,0.6514,262234.67
2025-11-26 13:00:00,0.6513,0.6565,0.6482,0.6562,367766.57
2025-11-26 14:00:00,0.6561,0.6584,0.6462,0.6482,278097.91
2025-11-26 15:00:00,0.6481,0.6533,0.6435,0.6473,267941.22
2025-11-26 16:00:00,0.6473,0.6588,0.6472,0.6525,264314.59
2025-11-26 17:00:00,0.6527,0.6787,0.6469,0.6771,4289755.67
2025-11-26 18:00:00,0.6772,0.6835,0.6739,0.68,621008.88
2025-11-26 19:00:00,0.6799,0.6799,0.6708,0.6713,220473.49
2025-11-26 20:00:00,0.6712,0.6715,0.6655,0.6677,264851.42
2025-11-26 21:00:00,0.6678,0.6754,0.6658,0.6714,282860.75
2025-11-26 22:00:00,0.6714,0.6739,0.6675,0.6685,118835.13
2025-11-26 23:00:00,0.6684,0.6703,0.6647,0.6674,195560.64
2025-11-27 00:00:00,0.6673,0.6709,0.6639,0.6682,239167.94
2025-11-27 01:00:00,0.6681,0.6738,0.6667,0.6719,192169.04
2025-11-27 02:00:00,0.6718,0.6747,0.6661,0.6666,264583.92
2025-11-27 03:00:00,0.6665,0.6703,0.6615,0.6622,242712.35
2025-11-27 04:00:00,0.6623,0.6677,0.6618,0.6657,128566.86
2025-11-27 05:00:00,0.6656,0.666,0.6593,0.6607,134968.57
2025-11-27 06:00:00,0.6608,0.6664,0.6608,0.6635,84176.66
2025-11-27 07:00:00,0.6634,0.6644,0.6615,0.663,109686.81
2025-11-27 08:00:00,0.6629,0.6639,0.6579,0.6638,188068.38
2025-11-27 09:00:00,0.6638,0.6718,0.661,0.6683,542312.61
2025-11-27 10:00:00,0.6682,0.6725,0.665,0.6718,357911.82
2025-11-27 11:00:00,0.6717,0.6717,0.6675,0.6683,221333.2
2025-11-27 12:00:00,0.6684,0.6702,0.6623,0.6635,470557.9
2025-11-27 13:00:00,0.6634,0.6678,0.6631,0.6658,289791.21
2025-11-27 14:00:00,0.6658,0.6699,0.6644,0.6696,176359.09
2025-11-27 15:00:00,0.6695,0.6755,0.6683,0.6744,281005.18
2025-11-27 16:00:00,0.6745,0.6799,0.6734,0.6785,224825.53
2025-11-27 17:00:00,0.6784,0.6795,0.6735,0.6787,464412.69
2025-11-27 18:00:00,0.6786,0.6829,0.6769,0.6802,195408.24
2025-11-27 19:00:00,0.68,0.6803,0.6756,0.6766,210646.04
2025-11-27 20:00:00,0.6766,0.6797,0.6752,0.6786,140065.67
2025-11-27 21:00:00,0.6786,0.6817,0.6769,0.6772,80428.2
2025-11-27 22:00:00,0.6771,0.6782,0.6675,0.6697,130316.46
2025-11-27 23:00:00,0.6696,0.6716,0.6664,0.6679,103898.64
2025-11-28 00:00:00,0.6678,0.6706,0.667,0.6676,78048.95
2025-11-28 01:00:00,0.6675,0.6679,0.6601,0.661,253733.57
2025-11-28 02:00:00,0.6611,0.6655,0.6589,0.6647,108953.84
2025-11-28 03:00:00,0.6646,0.6667,0.6632,0.6644,86243.25
2025-11-28 04:00:00,0.6643,0.6684,0.6625,0.6628,46706.64
2025-11-28 05:00:00,0.6627,0.6666,0.6614,0.6652,109275.89
2025-11-28 06:00:00,0.6652,0.6652,0.6594,0.6623,56115.69
2025-11-28 07:00:00,0.6623,0.6672,0.6615,0.6636,92271.5
2025-11-28 08:00:00,0.6635,0.6826,0.6634,0.6819,302227.78
2025-11-28 09:00:00,0.682,0.6838,0.6782,0.6792,181758.48
2025-11-28 10:00:00,0.6791,0.6821,0.6759,0.6783,443799.17
2025-11-28 11:00:00,0.6784,0.6785,0.6675,0.669,245363.21
2025-11-28 12:00:00,0.6689,0.6706,0.6668,0.667,106893.01
2025-11-28 13:00:00,0.667,0.6787,0.6635,0.6764,305891.79
2025-11-28 14:00:00,0.6764,0.6818,0.6693,0.6731,606123.48
2025-11-28 15:00:00,0.6732,0.6808,0.671,0.6737,274467.93
2025-11-28 16:00:00,0.6737,0.6738,0.6592,0.6614,362109.0
2025-11-28 17:00:00,0.6615,0.6623,0.6536,0.6568,551185.84
2025-11-28 18:00:00,0.6569,0.6604,0.6526,0.6597,239336.72
2025-11-28 19:00:00,0.6597,0.6678,0.6594,0.6661,204306.57
2025-11-28 20:00:00,0.666,0.6675,0.6619,0.6672,130629.33
2025-11-28 21:00:00,0.6673,0.6686,0.6624,0.6624,64786.32
2025-11-28 22:00:00,0.6623,0.6662,0.6591,0.6651,196650.09
2025-11-28 23:00:00,0.6653,0.6666,0.6625,0.6632,48561.65
2025-11-29 00:00:00,0.6631,0.667,0.6619,0.6667,88625.28
2025-11-29 01:00:00,0.6667,0.6712,0.6667,0.667,242747.11
2025-11-29 02:00:00,0.6669,0.6675,0.6629,0.6648,113457.94
2025-11-29 03:00:00,0.6648,0.6676,0.6629,0.6629,35945.37
2025-11-29 04:00:00,0.6628,0.6676,0.6595,0.6666,139939.27
2025-11-29 05:00:00,0.6666,0.6684,0.6644,0.6644,64211.9
2025-11-29 06:00:00,0.6644,0.6655,0.6566,0.6569,315855.55
2025-11-29 07:00:00,0.6569,0.66,0.6556,0.6571,180223.43
2025-11-29 08:00:00,0.6572,0.6573,0.6541,0.6548,113371.37
2025-11-29 09:00:00,0.6549,0.6557,0.6529,0.6532,144111.36
2025-11-29 10:00:00,0.6532,0.6562,0.6503,0.6551,196980.19
2025-11-29 11:00:00,0.655,0.6593,0.6546,0.6587,121377.67
2025-11-29 12:00:00,0.6588,0.6592,0.6538,0.6541,69860.05
2025-11-29 13:00:00,0.654,0.6557,0.6527,0.6538,84308.08
2025-11-29 14:00:00,0.6539,0.654,0.6509,0.6511,104811.24
2025-11-29 15:00:00,0.6513,0.6578,0.6513,0.6568,129690.18
2025-11-29 16:00:00,0.6569,0.6572,0.6537,0.6559,96055.06
2025-11-29 17:00:00,0.656,0.6566,0.6483,0.6485,263877.57
2025-11-29 18:00:00,0.6488,0.6526,0.6461,0.6513,357469.92
2025-11-29 19:00:00,0.6514,0.6522,0.6486,0.6495,50929.4
2025-11-29 20:00:00,0.6493,0.6535,0.6476,0.6527,112497.33
2025-11-29 21:00:00,0.6527,0.6538,0.6498,0.6526,59791.02
2025-11-29 22:00:00,0.6525,0.6525,0.6493,0.6501,41858.28
2025-11-29 23:00:00,0.6502,0.6515,0.6484,0.6491,115048.78
2025-11-30 00:00:00,0.6491,0.6514,0.6482,0.649,32251.31
2025-11-30 01:00:00,0.6491,0.6525,0.6482,0.6509,32920.22
2025-11-30 02:00:00,0.6509,0.6545,0.648,0.6482,175665.96
2025-11-30 03:00:00,0.6482,0.6512,0.6432,0.651,553328.43
2025-11-30 04:00:00,0.651,0.6523,0.6478,0.6484,70570.09
2025-11-30 05:00:00,0.6483,0.6483,0.6428,0.6445,124397.03
2025-11-30 06:00:00,0.6446,0.6519,0.6446,0.6497,123652.39
2025-11-30 07:00:00,0.6496,0.6551,0.6489,0.6543,73652.35
2025-11-30 08:00:00,0.6542,0.6585,0.6515,0.6524,141741.09
2025-11-30 09:00:00,0.6525,0.655,0.6514,0.6534,77353.99
2025-11-30 10:00:00,0.6533,0.6542,0.651,0.6512,86707.4
2025-11-30 11:00:00,0.6512,0.6531,0.6479,0.6487,116370.96
2025-11-30 12:00:00,0.6488,0.6565,0.6468,0.6535,143786.63
2025-11-30 13:00:00,0.6535,0.6624,0.6533,0.6599,213594.78
2025-11-30 14:00:00,0.66,0.6606,0.6521,0.6541,132138.6
2025-11-30 15:00:00,0.6541,0.6541,0.6488,0.651,218692.43
2025-11-30 16:00:00,0.651,0.6593,0.6509,0.6588,116558.5
2025-11-30 17:00:00,0.6587,0.661,0.6558,0.6597,118662.18
2025-11-30 18:00:00,0.6598,0.6605,0.6562,0.6581,67984.63
2025-11-30 19:00:00,0.658,0.6595,0.6552,0.6573,65189.6
2025-11-30 20:00:00,0.6572,0.6606,0.6541,0.6565,69214.0
2025-11-30 21:00:00,0.6565,0.6569,0.6532,0.6547,181378.38
2025-11-30 22:00:00,0.6548,0.6591,0.6531,0.6564,283837.32
2025-11-30 23:00:00,0.6565,0.6577,0.6418,0.6426,293508.34
2025-12-01 00:00:00,0.6426,0.6437,0.595,0.5968,2873200.4
2025-12-01 01:00:00,0.5961,0.6052,0.593,0.5984,620761.32
2025-12-01 02:00:00,0.5984,0.6038,0.5965,0.598,489189.97
2025-12-01 03:00:00,0.5979,0.5985,0.5871,0.5889,484326.7
2025-12-01 04:00:00,0.5889,0.5908,0.5845,0.5881,672472.94
2025-12-01 05:00:00,0.5878,0.5941,0.5871,0.593,300706.87
2025-12-01 06:00:00,0.593,0.5935,0.59,0.5911,161640.01
2025-12-01 07:00:00,0.5912,0.5946,0.5895,0.594,288557.46
2025-12-01 08:00:00,0.5939,0.595,0.5894,0.5913,355122.49
2025-12-01 09:00:00,0.5912,0.5936,0.5871,0.5881,227139.91
2025-12-01 10:00:00,0.5882,0.591,0.588,0.5892,129481.97
2025-12-01 11:00:00,0.5891,0.5891,0.5813,0.583,584101.02
2025-12-01 12:00:00,0.5831,0.5835,0.5681,0.5765,1343150.97
2025-12-01 13:00:00,0.5764,0.5809,0.57,0.5739,590962.04
2025-12-01 14:00:00,0.5739,0.585,0.5739,0.5775,651726.48
2025-12-01 15:00:00,0.5777,0.5792,0.5625,0.5724,807342.34
2025-12-01 16:00:00,0.5724,0.5724,0.5642,0.565,489318.06
2025-12-01 17:00:00,0.565,0.57,0.5638,0.5667,334834.94
2025-12-01 18:00:00,0.5667,0.573,0.5655,0.5704,411492.29
2025-12-01 19:00:00,0.5705,0.5737,0.5665,0.5736,615696.53
2025-12-01 20:00:00,0.5736,0.5794,0.5727,0.5758,476896.12
2025-12-01 21:00:00,0.5757,0.5848,0.5756,0.5831,378146.65
2025-12-01 22:00:00,0.5832,0.5864,0.5802,0.5806,312818.2
2025-12-01 23:00:00,0.5806,0.5836,0.5746,0.5747,248232.47
2025-12-02 00:00:00,0.5747,0.5768,0.565,0.5655,349136.51
2025-12-02 01:00:00,0.5654,0.5769,0.5576,0.5577,575837.92
2025-12-02 02:00:00,0.5577,0.5618,0.5538,0.555,322537.51
2025-12-02 03:00:00,0.5549,0.5654,0.5536,0.5634,483627.32
2025-12-02 04:00:00,0.5634,0.5698,0.5633,0.5654,566536.37
2025-12-02 05:00:00,0.5653,0.5665,0.5605,0.5608,286930.42
2025-12-02 06:00:00,0.5608,0.5625,0.5575,0.5623,280918.04
2025-12-02 07:00:00,0.5622,0.5637,0.5601,0.5616,321667.15
2025-12-02 08:00:00,0.5615,0.5628,0.5561,0.5588,305587.88
2025-12-02 09:00:00,0.5589,0.563,0.5573,0.5589,417274.93
2025-12-02 10:00:00,0.559,0.5643,0.557,0.5587,371022.32
2025-12-02 11:00:00,0.5588,0.5615,0.555,0.56,629227.09
2025-12-02 12:00:00,0.56,0.5618,0.556,0.5616,466058.04
2025-12-02 13:00:00,0.5616,0.5758,0.5599,0.5743,913304.02
2025-12-02 14:00:00,0.5744,0.5885,0.5718,0.5859,965766.43
2025-12-02 15:00:00,0.586,0.6299,0.586,0.6287,2152959.63
2025-12-02 16:00:00,0.6287,0.6381,0.6171,0.6233,1151990.82
2025-12-02 17:00:00,0.6234,0.6314,0.6199,0.6281,606363.39
2025-12-02 18:00:00,0.6281,0.6308,0.624,0.624,342224.14
2025-12-02 19:00:00,0.6241,0.6278,0.614,0.6151,328387.59
2025-12-02 20:00:00,0.6153,0.6155,0.6054,0.609,822491.61
2025-12-02 21:00:00,0.6091,0.6163,0.6082,0.6147,419070.39
2025-12-02 22:00:00,0.6149,0.6245,0.6149,0.6238,362099.85
2025-12-02 23:00:00,0.6238,0.6239,0.6131,0.6161,253759.14
2025-12-03 00:00:00,0.6162,0.622,0.6162,0.6184,277156.22
2025-12-03 01:00:00,0.6183,0.625,0.618,0.6218,261448.27
2025-12-03 02:00:00,0.6218,0.6276,0.6209,0.6244,363215.28
2025-12-03 03:00:00,0.6245,0.6285,0.6239,0.6244,237885.36
2025-12-03 04:00:00,0.6243,0.632,0.6213,0.6304,730014.5
2025-12-03 05:00:00,0.6305,0.6345,0.6279,0.6281,466429.29
2025-12-03 06:00:00,0.6282,0.6359,0.6277,0.6317,339358.87
2025-12-03 07:00:00,0.6317,0.6317,0.6265,0.6269,198983.03
2025-12-03 08:00:00,0.627,0.6346,0.6264,0.6331,255897.73
2025-12-03 09:00:00,0.6332,0.6339,0.6276,0.6318,262171.27
2025-12-03 10:00:00,0.6319,0.6327,0.6242,0.6248,276751.42
2025-12-03 11:00:00,0.6249,0.6318,0.6235,0.6289,309274.89
2025-12-03 12:00:00,0.629,0.632,0.627,0.6293,451802.8
2025-12-03 13:00:00,0.6292,0.634,0.6289,0.6303,294409.57
2025-12-03 14:00:00,0.6304,0.6427,0.616,0.6281,1277117.32
2025-12-03 15:00:00,0.6282,0.6378,0.6281,0.6359,760939.85
2025-12-03 16:00:00,0.6359,0.6409,0.6318,0.6372,267623.02
2025-12-03 17:00:00,0.6372,0.6477,0.6352,0.6472,323557.7
2025-12-03 18:00:00,0.6473,0.6524,0.6423,0.6448,435707.66
2025-12-03 19:00:00,0.6447,0.6455,0.6396,0.642,211390.02
2025-12-03 20:00:00,0.6421,0.6472,0.6394,0.6439,335296.57
2025-12-03 21:00:00,0.6439,0.6544,0.6428,0.653,506097.4
2025-12-03 22:00:00,0.6529,0.6581,0.6488,0.6571,417400.54
2025-12-03 23:00:00,0.6574,0.662,0.6531,0.6542,331907.12
2025-12-04 00:00:00,0.6541,0.6557,0.6485,0.6532,305601.87
2025-12-04 01:00:00,0.6532,0.6627,0.6502,0.6505,463814.52
2025-12-04 02:00:00,0.6505,0.6558,0.6498,0.6529,418242.02
2025-12-04 03:00:00,0.6529,0.6541,0.6466,0.6479,280411.57
2025-12-04 04:00:00,0.6478,0.6489,0.6426,0.645,206272.46
2025-12-04 05:00:00,0.6449,0.6486,0.6432,0.6465,231176.34
2025-12-04 06:00:00,0.6466,0.6525,0.645,0.65,209089.8
2025-12-04 07:00:00,0.6501,0.651,0.6455,0.6485,219387.54
2025-12-04 08:00:00,0.6485,0.6495,0.6423,0.6438,256052.04
2025-12-04 09:00:00,0.6439,0.6492,0.6439,0.6463,220064.09
2025-12-04 10:00:00,0.6464,0.6491,0.6425,0.6425,228695.97
2025-12-04 11:00:00,0.6424,0.6433,0.6384,0.6405,400900.86
2025-12-04 12:00:00,0.6404,0.6423,0.6389,0.6398,376955.75
2025-12-04 13:00:00,0.6398,0.642,0.6351,0.6361,354806.61
2025-12-04 14:00:00,0.636,0.64,0.6297,0.6314,466668.96
2025-12-04 15:00:00,0.6315,0.6462,0.6315,0.6422,447749.99
2025-12-04 16:00:00,0.6421,0.6479,0.6355,0.6387,440075.88
2025-12-04 17:00:00,0.6387,0.6402,0.6315,0.6366,274921.67
2025-12-04 18:00:00,0.6367,0.6389,0.6318,0.6339,192719.52
2025-12-04 19:00:00,0.634,0.6344,0.6188,0.6306,455796.48
2025-12-04 20:00:00,0.6305,0.6352,0.6279,0.6334,222631.27
2025-12-04 21:00:00,0.6333,0.6336,0.6257,0.626,178776.69
2025-12-04 22:00:00,0.6261,0.6311,0.6261,0.6289,292160.63
2025-12-04 23:00:00,0.6289,0.6298,0.6268,0.6291,130437.6
2025-12-05 00:00:00,0.6291,0.6332,0.6269,0.6288,154785.6
2025-12-05 01:00:00,0.6287,0.6335,0.6279,0.6287,196184.22
2025-12-05 02:00:00,0.6286,0.6345,0.6274,0.6316,194911.68
2025-12-05 03:00:00,0.6317,0.6332,0.6265,0.6276,304052.28
2025-12-05 04:00:00,0.6276,0.6295,0.6207,0.6243,262155.82
2025-12-05 05:00:00,0.6241,0.6255,0.6216,0.6236,401440.02
2025-12-05 06:00:00,0.6237,0.628,0.6237,0.6253,271212.42
2025-12-05 07:00:00,0.6253,0.6299,0.6248,0.6284,197009.03
2025-12-05 08:00:00,0.6283,0.6283,0.6232,0.6247,212894.58
2025-12-05 09:00:00,0.6247,0.6247,0.6129,0.6142,544941.38
2025-12-05 10:00:00,0.6141,0.6197,0.6128,0.6159,312409.18
2025-12-05 11:00:00,0.6159,0.6177,0.6084,0.6099,374147.13
2025-12-05 12:00:00,0.6099,0.6109,0.6078,0.6102,239858.0
2025-12-05 13:00:00,0.6102,0.6133,0.6012,0.6042,512586.55
2025-12-05 14:00:00,0.6041,0.606,0.5955,0.5978,668101.86
2025-12-05 15:00:00,0.5979,0.6158,0.5979,0.6017,1294260.9
2025-12-05 16:00:00,0.6018,0.6022,0.5698,0.5769,1692680.84
2025-12-05 17:00:00,0.5768,0.5784,0.5689,0.5728,972650.79
2025-12-05 18:00:00,0.5729,0.5786,0.5655,0.5673,1218976.28
2025-12-05 19:00:00,0.5674,0.5781,0.5652,0.5751,796349.55
2025-12-05 20:00:00,0.5751,0.5788,0.5699,0.5705,388076.67
2025-12-05 21:00:00,0.5706,0.5759,0.5704,0.5721,459413.32
2025-12-05 22:00:00,0.5722,0.5754,0.5687,0.5724,283292.71
2025-12-05 23:00:00,0.5722,0.5732,0.5683,0.5708,157402.69
2025-12-06 00:00:00,0.5709,0.5742,0.5689,0.5733,193637.07
2025-12-06 01:00:00,0.5732,0.5757,0.5719,0.5723,241436.73
2025-12-06 02:00:00,0.5723,0.5727,0.5697,0.5713,117852.19
2025-12-06 03:00:00,0.5713,0.5767,0.5713,0.5725,201351.22
2025-12-06 04:00:00,0.5726,0.5729,0.5695,0.5705,252233.02
2025-12-06 05:00:00,0.5705,0.5737,0.5702,0.5723,108528.76
2025-12-06 06:00:00,0.5722,0.5724,0.5688,0.5691,195166.74
2025-12-06 07:00:00,0.5691,0.5713,0.5676,0.5696,205742.21
2025-12-06 08:00:00,0.5695,0.5702,0.5657,0.5675,392853.17
2025-12-06 09:00:00,0.5675,0.5705,0.5668,0.5675,206596.96
2025-12-06 10:00:00,0.5674,0.5682,0.5645,0.5645,222973.76
2025-12-06 11:00:00,0.5644,0.5663,0.5638,0.5661,250307.41
2025-12-06 12:00:00,0.5661,0.5679,0.5651,0.5658,158206.54
2025-12-06 13:00:00,0.5657,0.5694,0.5637,0.5671,327608.49
2025-12-06 14:00:00,0.5671,0.5752,0.5662,0.572,455837.83
2025-12-06 15:00:00,0.572,0.5726,0.5653,0.5655,296717.17
2025-12-06 16:00:00,0.5655,0.5728,0.5649,0.5708,283489.61
2025-12-06 17:00:00,0.5708,0.5768,0.5698,0.576,275335.63
2025-12-06 18:00:00,0.5762,0.5806,0.5755,0.5778,257227.48
2025-12-06 19:00:00,0.5779,0.5799,0.5715,0.574,421181.15
2025-12-06 20:00:00,0.574,0.578,0.5738,0.5759,274000.5
2025-12-06 21:00:00,0.5758,0.583,0.5752,0.5802,331650.87
2025-12-06 22:00:00,0.5803,0.5835,0.577,0.5774,178387.64
2025-12-06 23:00:00,0.5775,0.5778,0.5731,0.5764,176743.89
2025-12-07 00:00:00,0.5763,0.5834,0.576,0.583,205167.7
2025-12-07 01:00:00,0.5831,0.5838,0.5793,0.5793,173952.27
2025-12-07 02:00:00,0.5794,0.5858,0.5794,0.5851,113023.9
2025-12-07 03:00:00,0.5853,0.586,0.5813,0.5825,179528.04
2025-12-07 04:00:00,0.5826,0.5832,0.5784,0.5802,106017.62
2025-12-07 05:00:00,0.5803,0.5843,0.5797,0.5832,193833.38
2025-12-07 06:00:00,0.5831,0.5866,0.5825,0.5862,97976.55
2025-12-07 07:00:00,0.5861,0.5868,0.5825,0.5856,122441.24
2025-12-07 08:00:00,0.5857,0.5882,0.5819,0.5825,125154.9
2025-12-07 09:00:00,0.5826,0.5842,0.5764,0.5774,161985.88
2025-12-07 10:00:00,0.5774,0.5793,0.5748,0.5769,120719.06
2025-12-07 11:00:00,0.577,0.5835,0.577,0.5806,123707.58
2025-12-07 12:00:00,0.5807,0.5848,0.5803,0.5843,120805.25
2025-12-07 13:00:00,0.5843,0.586,0.5784,0.5798,201923.78
2025-12-07 14:00:00,0.5797,0.5812,0.5566,0.5612,1398884.14
2025-12-07 15:00:00,0.5611,0.5808,0.5602,0.5798,807565.77
2025-12-07 16:00:00,0.5798,0.5799,0.5696,0.5756,472769.35
2025-12-07 17:00:00,0.5756,0.5942,0.5714,0.5896,1141907.19
2025-12-07 18:00:00,0.5895,0.5976,0.5895,0.5954,304183.74
2025-12-07 19:00:00,0.5955,0.597,0.5906,0.5965,193125.58
2025-12-07 20:00:00,0.5966,0.6028,0.5942,0.6023,145329.14
2025-12-07 21:00:00,0.6024,0.6028,0.5812,0.5849,423363.03
2025-12-07 22:00:00,0.5848,0.5848,0.5666,0.5695,721929.1
2025-12-07 23:00:00,0.5694,0.5733,0.5662,0.5724,510988.95
2025-12-08 00:00:00,0.5725,0.5815,0.5693,0.5756,328313.07
2025-12-08 01:00:00,0.5756,0.5925,0.5749,0.5831,330541.09
2025-12-08 02:00:00,0.5832,0.589,0.5818,0.5883,186872.81
2025-12-08 03:00:00,0.5884,0.5916,0.5858,0.5869,283910.07
2025-12-08 04:00:00,0.5869,0.5953,0.5869,0.5878,598596.54
2025-12-08 05:00:00,0.5878,0.5906,0.5857,0.5891,133252.86
2025-12-08 06:00:00,0.5892,0.5982,0.5882,0.596,506325.39
2025-12-08 07:00:00,0.5961,0.6007,0.5934,0.5997,301411.1
2025-12-08 08:00:00,0.5996,0.5998,0.596,0.5996,134092.63
2025-12-08 09:00:00,0.5995,0.609,0.5994,0.6019,407387.41
2025-12-08 10:00:00,0.6019,0.6034,0.598,0.5985,260549.79
2025-12-08 11:00:00,0.5987,0.6066,0.594,0.5974,1314974.12
2025-12-08 12:00:00,0.5976,0.5997,0.595,0.5984,566392.94
2025-12-08 13:00:00,0.5985,0.6048,0.598,0.6032,485252.01
2025-12-08 14:00:00,0.6032,0.6112,0.5995,0.6024,788855.62
2025-12-08 15:00:00,0.6025,0.6049,0.5918,0.5983,946653.88
2025-12-08 16:00:00,0.5982,0.6082,0.593,0.5987,562922.36
2025-12-08 17:00:00,0.5986,0.6038,0.5947,0.5999,394632.58
2025-12-08 18:00:00,0.5998,0.6035,0.5898,0.5925,416584.51
2025-12-08 19:00:00,0.5923,0.596,0.5913,0.5926,199746.47
2025-12-08 20:00:00,0.5927,0.6021,0.5927,0.6,169548.68
2025-12-08 21:00:00,0.6,0.6044,0.5973,0.604,233124.03
2025-12-08 22:00:00,0.6041,0.6046,0.5988,0.6009,176506.07
2025-12-08 23:00:00,0.601,0.6014,0.5946,0.5988,291443.95
2025-12-09 00:00:00,0.5988,0.603,0.5968,0.5989,111374.46
2025-12-09 01:00:00,0.5988,0.5998,0.5917,0.5934,191540.52
2025-12-09 02:00:00,0.5935,0.5981,0.5924,0.5939,116992.66
2025-12-09 03:00:00,0.5938,0.602,0.5914,0.6007,322748.81
2025-12-09 04:00:00,0.6008,0.601,0.5924,0.5946,269915.0
2025-12-09 05:00:00,0.5947,0.5989,0.591,0.5954,176918.29
2025-12-09 06:00:00,0.5955,0.598,0.5915,0.5969,113611.56
2025-12-09 07:00:00,0.597,0.6022,0.5961,0.6,277782.22
2025-12-09 08:00:00,0.6,0.6035,0.5997,0.6003,546228.93
2025-12-09 09:00:00,0.6002,0.6002,0.5934,0.5952,463972.34
2025-12-09 10:00:00,0.5953,0.5994,0.5925,0.5961,515214.17
2025-12-09 11:00:00,0.596,0.5979,0.5928,0.5977,127900.41
2025-12-09 12:00:00,0.5976,0.6069,0.5962,0.6061,575938.56
2025-12-09 13:00:00,0.6061,0.6118,0.6033,0.6061,625838.65
2025-12-09 14:00:00,0.6061,0.6088,0.6002,0.6042,455879.27
2025-12-09 15:00:00,0.6043,0.6312,0.6031,0.6294,1269831.65
2025-12-09 16:00:00,0.6295,0.657,0.6295,0.6555,1930717.63
2025-12-09 17:00:00,0.6556,0.6603,0.6487,0.6531,1250925.46
2025-12-09 18:00:00,0.6532,0.6563,0.6498,0.652,572428.98
2025-12-09 19:00:00,0.6521,0.6542,0.6465,0.6473,478541.56
2025-12-09 20:00:00,0.6472,0.6473,0.6345,0.6377,450151.05
2025-12-09 21:00:00,0.6377,0.6416,0.6274,0.6331,400688.32
2025-12-09 22:00:00,0.6331,0.6434,0.6319,0.6386,364686.02
2025-12-09 23:00:00,0.6385,0.6414,0.6356,0.636,158860.57
2025-12-10 00:00:00,0.6359,0.6373,0.6311,0.6316,176432.49
2025-12-10 01:00:00,0.6317,0.6333,0.6272,0.6291,130392.28
2025-12-10 02:00:00,0.629,0.6309,0.6269,0.6304,263639.3
2025-12-10 03:00:00,0.6303,0.6338,0.6281,0.6313,297884.84
2025-12-10 04:00:00,0.6312,0.6329,0.6287,0.6308,140647.17
2025-12-10 05:00:00,0.6307,0.634,0.6297,0.6307,231231.59
2025-12-10 06:00:00,0.6307,0.633,0.6286,0.63,134128.63
2025-12-10 07:00:00,0.6299,0.6312,0.6262,0.6311,342120.18
2025-12-10 08:00:00,0.6311,0.6318,0.6261,0.6261,245141.89
2025-12-10 09:00:00,0.6263,0.6341,0.6243,0.6335,350018.21
2025-12-10 10:00:00,0.6334,0.6396,0.6244,0.6263,391218.96
2025-12-10 11:00:00,0.6262,0.627,0.6216,0.6257,551578.26
2025-12-10 12:00:00,0.6257,0.6282,0.6235,0.6275,308439.27
2025-12-10 13:00:00,0.6274,0.629,0.6252,0.6274,172044.56
2025-12-10 14:00:00,0.6275,0.6294,0.623,0.626,213567.25
2025-12-10 15:00:00,0.6259,0.6309,0.6219,0.6245,371024.73
2025-12-10 16:00:00,0.6246,0.6344,0.6233,0.6315,298391.04
2025-12-10 17:00:00,0.6313,0.6376,0.6303,0.6335,232663.11
2025-12-10 18:00:00,0.6334,0.6472,0.6312,0.6371,500128.72
2025-12-10 19:00:00,0.6371,0.6505,0.6307,0.6465,2220786.83
2025-12-10 20:00:00,0.6466,0.6604,0.6342,0.6368,1668469.69
2025-12-10 21:00:00,0.6367,0.6395,0.6259,0.6273,601790.62
2025-12-10 22:00:00,0.6273,0.6293,0.6168,0.6279,412718.77
2025-12-10 23:00:00,0.6278,0.6289,0.6192,0.62,177011.14
2025-12-11 00:00:00,0.6199,0.6206,0.6061,0.6086,299836.31
2025-12-11 01:00:00,0.6085,0.6088,0.5981,0.5987,963589.43
2025-12-11 02:00:00,0.5985,0.5985,0.5888,0.5902,482334.59
2025-12-11 03:00:00,0.5901,0.5901,0.5783,0.5799,1002411.53
2025-12-11 04:00:00,0.5798,0.5875,0.5774,0.5861,564572.73
2025-12-11 05:00:00,0.5861,0.5902,0.5832,0.5885,254290.84
2025-12-11 06:00:00,0.5885,0.5905,0.5847,0.5881,283568.57
2025-12-11 07:00:00,0.588,0.5898,0.5853,0.588,371426.28
2025-12-11 08:00:00,0.5878,0.5898,0.5831,0.5867,310147.18
2025-12-11 09:00:00,0.5867,0.5894,0.5822,0.5832,521503.58
2025-12-11 10:00:00,0.5833,0.5852,0.5816,0.5843,244647.05
2025-12-11 11:00:00,0.5842,0.5856,0.5831,0.5843,107370.39
2025-12-11 12:00:00,0.5842,0.5875,0.5819,0.5862,105035.85
2025-12-11 13:00:00,0.5863,0.5895,0.586,0.5881,178188.1
2025-12-11 14:00:00,0.5881,0.5889,0.578,0.5812,703559.04
2025-12-11 15:00:00,0.5812,0.5896,0.5788,0.5822,709203.59
2025-12-11 16:00:00,0.5821,0.5835,0.5753,0.5792,575203.5
2025-12-11 17:00:00,0.5793,0.586,0.5776,0.5823,269432.94
2025-12-11 18:00:00,0.5822,0.5958,0.5814,0.5894,537159.32
2025-12-11 19:00:00,0.5895,0.5982,0.5877,0.5901,428553.19
2025-12-11 20:00:00,0.59,0.5974,0.5879,0.5964,402095.21
2025-12-11 21:00:00,0.5964,0.6109,0.5958,0.6046,802568.41
2025-12-11 22:00:00,0.6046,0.6082,0.5972,0.6006,579514.72
2025-12-11 23:00:00,0.6005,0.6034,0.5971,0.6008,140435.32
2025-12-12 00:00:00,0.6008,0.6055,0.592,0.5927,461344.8
2025-12-12 01:00:00,0.5927,0.6034,0.5923,0.6004,344459.08
2025-12-12 02:00:00,0.6004,0.6073,0.599,0.6062,416875.84
2025-12-12 03:00:00,0.6063,0.6082,0.6019,0.6045,143806.72
2025-12-12 04:00:00,0.6043,0.6043,0.6015,0.6032,164960.85
2025-12-12 05:00:00,0.6033,0.6125,0.6031,0.6124,429374.41
2025-12-12 06:00:00,0.6125,0.6205,0.6125,0.6181,563045.17
2025-12-12 07:00:00,0.6182,0.6194,0.6156,0.618,222539.96
2025-12-12 08:00:00,0.618,0.6231,0.617,0.6226,462614.66
2025-12-12 09:00:00,0.6226,0.6272,0.6179,0.6271,543040.49
2025-12-12 10:00:00,0.6269,0.6299,0.6227,0.623,364430.76
2025-12-12 11:00:00,0.623,0.6231,0.6176,0.6194,463003.14
2025-12-12 12:00:00,0.6195,0.6252,0.6191,0.6242,239558.89
2025-12-12 13:00:00,0.624,0.6266,0.6216,0.6222,197153.45
2025-12-12 14:00:00,0.6222,0.6234,0.6163,0.6193,325440.19
2025-12-12 15:00:00,0.6192,0.6195,0.5812,0.5845,1679864.09
2025-12-12 16:00:00,0.5844,0.587,0.5754,0.5804,1688655.04
2025-12-12 17:00:00,0.5805,0.5882,0.5789,0.5817,476956.49
2025-12-12 18:00:00,0.5818,0.5926,0.581,0.5853,448658.44
2025-12-12 19:00:00,0.5855,0.5857,0.5806,0.5834,219276.63
2025-12-12 20:00:00,0.5833,0.5872,0.5827,0.5863,170438.45
2025-12-12 21:00:00,0.5862,0.5897,0.5852,0.586,111174.19
2025-12-12 22:00:00,0.5861,0.5916,0.5856,0.59,105527.98
2025-12-12 23:00:00,0.5901,0.5921,0.5893,0.5897,274797.73
2025-12-13 00:00:00,0.5897,0.5916,0.5883,0.5893,208898.51
2025-12-13 01:00:00,0.5894,0.5912,0.5878,0.5888,78354.46
2025-12-13 02:00:00,0.5889,0.5899,0.588,0.5893,53044.1
2025-12-13 03:00:00,0.5892,0.5934,0.5884,0.5925,73271.78
2025-12-13 04:00:00,0.5926,0.5953,0.5919,0.5942,177703.37
2025-12-13 05:00:00,0.594,0.5959,0.5919,0.5935,133977.18
2025-12-13 06:00:00,0.5934,0.5934,0.5898,0.5913,120721.1
2025-12-13 07:00:00,0.5912,0.5967,0.5912,0.5963,281051.2
2025-12-13 08:00:00,0.5964,0.604,0.596,0.5974,209224.96
2025-12-13 09:00:00,0.5975,0.5988,0.5965,0.5972,110606.05
2025-12-13 10:00:00,0.5972,0.6037,0.597,0.6016,99007.73
2025-12-13 11:00:00,0.6015,0.6019,0.5987,0.5992,73278.05
2025-12-13 12:00:00,0.5991,0.6025,0.5977,0.6001,66400.54
2025-12-13 13:00:00,0.6002,0.6008,0.5951,0.5956,205393.52
2025-12-13 14:00:00,0.5957,0.5981,0.5941,0.597,263158.45
2025-12-13 15:00:00,0.5971,0.6017,0.5971,0.5997,63082.25
2025-12-13 16:00:00,0.5997,0.601,0.5974,0.5989,178676.68
2025-12-13 17:00:00,0.5988,0.6,0.5972,0.5989,58278.2
2025-12-13 18:00:00,0.599,0.6016,0.5978,0.5991,68676.74
2025-12-13 19:00:00,0.599,0.6014,0.5989,0.6006,53200.68
2025-12-13 20:00:00,0.6007,0.6011,0.5979,0.5987,29268.92
2025-12-13 21:00:00,0.5987,0.5999,0.5942,0.5978,188137.75
2025-12-13 22:00:00,0.5978,0.6007,0.5969,0.5994,80549.35
2025-12-13 23:00:00,0.5994,0.6008,0.5986,0.5999,25825.98
2025-12-14 00:00:00,0.5998,0.6006,0.5972,0.5995,61418.33
2025-12-14 01:00:00,0.5995,0.6016,0.5988,0.5992,77917.36
2025-12-14 02:00:00,0.5991,0.6042,0.5991,0.6025,127006.76
2025-12-14 03:00:00,0.6026,0.6045,0.5987,0.5991,181028.11
2025-12-14 04:00:00,0.599,0.5997,0.5953,0.5962,189350.96
2025-12-14 05:00:00,0.5962,0.5962,0.59,0.5923,408377.98
2025-12-14 06:00:00,0.5922,0.5927,0.5885,0.5921,323652.54
2025-12-14 07:00:00,0.5922,0.5944,0.5921,0.5936,52601.63
2025-12-14 08:00:00,0.5937,0.5946,0.5905,0.5911,244621.86
2025-12-14 09:00:00,0.5911,0.5913,0.5885,0.5911,265496.41
2025-12-14 10:00:00,0.5911,0.5915,0.5869,0.5891,176168.9
2025-12-14 11:00:00,0.5892,0.5906,0.5812,0.5878,601378.61
2025-12-14 12:00:00,0.5878,0.5932,0.5849,0.592,201390.59
2025-12-14 13:00:00,0.592,0.5928,0.5888,0.5928,82777.65
2025-12-14 14:00:00,0.5928,0.5943,0.5858,0.5883,209720.03
2025-12-14 15:00:00,0.5884,0.5898,0.5846,0.5877,141806.34
2025-12-14 16:00:00,0.5876,0.5923,0.586,0.5886,217470.49
2025-12-14 17:00:00,0.5886,0.5899,0.581,0.5827,352933.23
2025-12-14 18:00:00,0.5828,0.5875,0.582,0.5872,109065.32
2025-12-14 19:00:00,0.5871,0.5871,0.5821,0.584,130387.34
2025-12-14 20:00:00,0.5839,0.587,0.5807,0.5835,324782.56
2025-12-14 21:00:00,0.5834,0.5852,0.5794,0.5809,161391.32
2025-12-14 22:00:00,0.5809,0.5853,0.5795,0.5834,125932.28
2025-12-14 23:00:00,0.5835,0.5867,0.5754,0.5828,301737.3
2025-12-15 00:00:00,0.5829,0.5929,0.5829,0.5924,361475.1
2025-12-15 01:00:00,0.5924,0.6027,0.5898,0.6003,409744.02
2025-12-15 02:00:00,0.6004,0.6099,0.5985,0.599,366101.19
2025-12-15 03:00:00,0.599,0.6023,0.5982,0.5989,137745.97
2025-12-15 04:00:00,0.599,0.6031,0.5966,0.6029,126147.95
2025-12-15 05:00:00,0.603,0.6033,0.5992,0.6,252381.08
2025-12-15 06:00:00,0.6001,0.6032,0.5986,0.6004,233873.51
2025-12-15 07:00:00,0.6004,0.6015,0.5955,0.5979,186141.52
2025-12-15 08:00:00,0.598,0.6003,0.5964,0.5986,144363.07
2025-12-15 09:00:00,0.5986,0.6023,0.5982,0.6019,190243.77
2025-12-15 10:00:00,0.602,0.605,0.5994,0.6011,284395.12
2025-12-15 11:00:00,0.6012,0.6034,0.5984,0.5995,195915.6
2025-12-15 12:00:00,0.5996,0.6011,0.5986,0.6006,130245.54
2025-12-15 13:00:00,0.6006,0.6008,0.5898,0.5921,584476.65
2025-12-15 14:00:00,0.592,0.5976,0.5747,0.5798,688663.64
2025-12-15 15:00:00,0.5797,0.5799,0.5557,0.5601,2194448.37
2025-12-15 16:00:00,0.5602,0.5602,0.5475,0.5512,989601.63
2025-12-15 17:00:00,0.5511,0.5524,0.5426,0.5443,696785.18
2025-12-15 18:00:00,0.5442,0.5471,0.5366,0.5459,388654.92
2025-12-15 19:00:00,0.546,0.5525,0.5453,0.5466,515982.29
2025-12-15 20:00:00,0.5465,0.5471,0.5401,0.5434,337827.13
2025-12-15 21:00:00,0.5435,0.5476,0.5414,0.5455,234131.57
2025-12-15 22:00:00,0.5456,0.5457,0.5419,0.5451,205968.41
2025-12-15 23:00:00,0.5452,0.5515,0.5449,0.5482,329550.8
2025-12-16 00:00:00,0.5482,0.5508,0.5456,0.5461,446746.78
2025-12-16 01:00:00,0.546,0.5501,0.5449,0.5489,464236.18
2025-12-16 02:00:00,0.5488,0.5519,0.5444,0.5483,241690.23
2025-12-16 03:00:00,0.5483,0.5502,0.5451,0.5489,128934.29
2025-12-16 04:00:00,0.549,0.5497,0.5343,0.5424,357613.93
2025-12-16 05:00:00,0.5425,0.5452,0.5413,0.5432,170503.11
2025-12-16 06:00:00,0.5433,0.5503,0.5433,0.5495,217077.7
2025-12-16 07:00:00,0.5496,0.5506,0.5411,0.5426,134670.94
2025-12-16 08:00:00,0.5429,0.5482,0.5425,0.5458,208416.56
2025-12-16 09:00:00,0.5457,0.5468,0.5441,0.5458,52701.29
2025-12-16 10:00:00,0.5459,0.5579,0.5451,0.5549,239609.18
2025-12-16 11:00:00,0.555,0.5599,0.5533,0.5593,444418.79
2025-12-16 12:00:00,0.5594,0.5596,0.5531,0.5535,389582.13
2025-12-16 13:00:00,0.5534,0.5617,0.5472,0.5472,1088588.43
2025-12-16 14:00:00,0.5472,0.5596,0.5428,0.5565,884900.95
2025-12-16 15:00:00,0.5566,0.5668,0.5517,0.5647,514929.38
2025-12-16 16:00:00,0.5647,0.5661,0.5554,0.5585,312979.96
2025-12-16 17:00:00,0.5586,0.5633,0.5545,0.5549,225759.13
2025-12-16 18:00:00,0.555,0.5649,0.5536,0.5613,274107.84
2025-12-16 19:00:00,0.5611,0.5623,0.551,0.5557,571381.18
2025-12-16 20:00:00,0.5556,0.5586,0.5543,0.5547,241252.44
2025-12-16 21:00:00,0.5548,0.5567,0.5526,0.5545,119592.39
2025-12-16 22:00:00,0.5546,0.5579,0.5539,0.5563,62975.41
2025-12-16 23:00:00,0.5562,0.5562,0.5531,0.5559,85642.14
2025-12-17 00:00:00,0.5558,0.5558,0.5527,0.5549,114118.78
2025-12-17 01:00:00,0.555,0.5609,0.5518,0.5533,236678.53
2025-12-17 02:00:00,0.5534,0.5559,0.5491,0.5551,123285.69
2025-12-17 03:00:00,0.5552,0.558,0.5538,0.5546,51782.15
2025-12-17 04:00:00,0.5547,0.5555,0.5502,0.5511,57604.73
2025-12-17 05:00:00,0.5511,0.5532,0.5478,0.5516,188679.0
2025-12-17 06:00:00,0.5515,0.5547,0.5506,0.5513,121114.73
2025-12-17 07:00:00,0.5514,0.554,0.5499,0.5515,185082.95
2025-12-17 08:00:00,0.5514,0.5517,0.5474,0.5482,69887.74
2025-12-17 09:00:00,0.5482,0.5486,0.545,0.5466,280830.56
2025-12-17 10:00:00,0.5466,0.549,0.5443,0.5454,288382.79
2025-12-17 11:00:00,0.5453,0.5483,0.5449,0.5476,112147.63
2025-12-17 12:00:00,0.5475,0.5487,0.5443,0.5456,120278.07
2025-12-17 13:00:00,0.5457,0.553,0.5442,0.5513,171128.39
2025-12-17 14:00:00,0.5512,0.562,0.5374,0.5617,684979.07
2025-12-17 15:00:00,0.5616,0.5705,0.5382,0.5406,1812893.43
2025-12-17 16:00:00,0.5405,0.5461,0.5211,0.5272,1669376.06
2025-12-17 17:00:00,0.5271,0.5293,0.518,0.5195,1151047.71
2025-12-17 18:00:00,0.5196,0.5237,0.5131,0.5144,635536.14
2025-12-17 19:00:00,0.5145,0.5191,0.5114,0.5189,772115.36
2025-12-17 20:00:00,0.519,0.5237,0.5161,0.5185,296608.22
2025-12-17 21:00:00,0.5184,0.52,0.513,0.5135,279133.47
2025-12-17 22:00:00,0.5134,0.5143,0.5104,0.513,388883.16
2025-12-17 23:00:00,0.5129,0.5137,0.5095,0.5135,225474.2
2025-12-18 00:00:00,0.5136,0.5177,0.5124,0.5169,164641.87
2025-12-18 01:00:00,0.5168,0.5168,0.5117,0.5132,263850.83
2025-12-18 02:00:00,0.5133,0.5181,0.5117,0.5148,186480.68
2025-12-18 03:00:00,0.5148,0.5154,0.5095,0.5108,262825.98
2025-12-18 04:00:00,0.5107,0.5132,0.5105,0.5119,315209.43
2025-12-18 05:00:00,0.5119,0.5135,0.5053,0.5061,403911.73
2025-12-18 06:00:00,0.5058,0.5095,0.5051,0.5089,136565.49
2025-12-18 07:00:00,0.5091,0.5107,0.5072,0.5081,118852.52
2025-12-18 08:00:00,0.508,0.516,0.5079,0.5143,213727.13
2025-12-18 09:00:00,0.5139,0.514,0.5109,0.5126,173420.22
2025-12-18 10:00:00,0.5127,0.5158,0.5118,0.5141,221114.19
2025-12-18 11:00:00,0.5142,0.516,0.5115,0.516,199098.79
2025-12-18 12:00:00,0.516,0.5252,0.5146,0.5221,764780.12
2025-12-18 13:00:00,0.5222,0.5435,0.5221,0.5424,1692132.9
2025-12-18 14:00:00,0.5425,0.5485,0.5339,0.5351,1230254.59
2025-12-18 15:00:00,0.535,0.5509,0.5306,0.5435,764858.39
2025-12-18 16:00:00,0.5434,0.5438,0.5364,0.5401,658060.4
2025-12-18 17:00:00,0.54,0.5404,0.5068,0.5149,1828988.93
2025-12-18 18:00:00,0.5148,0.5202,0.5043,0.5057,915988.95
2025-12-18 19:00:00,0.5056,0.5083,0.4913,0.4933,1002590.58
2025-12-18 20:00:00,0.4933,0.5004,0.4922,0.4956,367116.81
2025-12-18 21:00:00,0.4957,0.5089,0.4957,0.5087,639456.56
2025-12-18 22:00:00,0.5088,0.5124,0.5066,0.5071,265390.94
2025-12-18 23:00:00,0.507,0.5091,0.5048,0.5058,453770.6
2025-12-19 00:00:00,0.506,0.5079,0.503,0.506,179076.88
2025-12-19 01:00:00,0.506,0.506,0.5003,0.5028,219578.89
2025-12-19 02:00:00,0.5027,0.5058,0.5008,0.5045,327186.64
2025-12-19 03:00:00,0.5045,0.5249,0.5045,0.5198,973139.93
2025-12-19 04:00:00,0.5197,0.5249,0.5197,0.5246,411933.93
2025-12-19 05:00:00,0.5247,0.5247,0.5199,0.5212,314278.87
2025-12-19 06:00:00,0.5213,0.5271,0.5199,0.527,316462.33
2025-12-19 07:00:00,0.5269,0.5367,0.5268,0.5302,352981.2
2025-12-19 08:00:00,0.5303,0.5317,0.5271,0.53,153018.38
2025-12-19 09:00:00,0.5299,0.5313,0.5267,0.5279,135524.93
2025-12-19 10:00:00,0.528,0.5301,0.5274,0.5288,204741.71
2025-12-19 11:00:00,0.5289,0.5333,0.528,0.5322,257126.12
2025-12-19 12:00:00,0.5321,0.5432,0.5295,0.5417,1003199.51
2025-12-19 13:00:00,0.5418,0.5463,0.5399,0.5442,683701.6
2025-12-19 14:00:00,0.5442,0.5554,0.541,0.5509,767191.31
2025-12-19 15:00:00,0.551,0.5635,0.5483,0.5509,1035765.37
2025-12-19 16:00:00,0.5509,0.5613,0.5488,0.551,555614.34
2025-12-19 17:00:00,0.5511,0.5573,0.5457,0.5457,683043.67
2025-12-19 18:00:00,0.5458,0.5522,0.5447,0.55,411891.22
2025-12-19 19:00:00,0.5501,0.5602,0.5501,0.5586,544526.03
2025-12-19 20:00:00,0.5585,0.5602,0.5543,0.5576,387371.66
2025-12-19 21:00:00,0.5574,0.5578,0.5521,0.553,172076.74
2025-12-19 22:00:00,0.5531,0.5584,0.5531,0.5573,163838.32
2025-12-19 23:00:00,0.5573,0.5573,0.5542,0.5543,43044.92
2025-12-20 00:00:00,0.5543,0.5543,0.5512,0.5529,145591.29
2025-12-20 01:00:00,0.553,0.5538,0.5511,0.5524,83007.46
2025-12-20 02:00:00,0.5524,0.5544,0.5514,0.5532,87189.81
2025-12-20 03:00:00,0.5533,0.5549,0.5511,0.553,217287.8
2025-12-20 04:00:00,0.5529,0.5538,0.5494,0.5501,275408.5
2025-12-20 05:00:00,0.5502,0.5519,0.5492,0.55,139298.61
2025-12-20 06:00:00,0.5501,0.5505,0.5484,0.5497,97147.95
2025-12-20 07:00:00,0.5498,0.5541,0.5479,0.5537,189688.32
2025-12-20 08:00:00,0.5537,0.5575,0.5537,0.5546,440378.99
2025-12-20 09:00:00,0.5545,0.5556,0.5504,0.5514,352243.77
2025-12-20 10:00:00,0.5513,0.5542,0.548,0.5516,354501.84
2025-12-20 11:00:00,0.5516,0.552,0.5442,0.5468,653684.81
2025-12-20 12:00:00,0.5469,0.5481,0.5446,0.5451,91883.61
2025-12-20 13:00:00,0.5451,0.5459,0.5403,0.5429,244611.77
2025-12-20 14:00:00,0.5428,0.5449,0.5385,0.5445,296676.45
2025-12-20 15:00:00,0.5444,0.5445,0.5417,0.5433,165438.11
2025-12-20 16:00:00,0.5435,0.545,0.5421,0.5439,203230.02
2025-12-20 17:00:00,0.544,0.5465,0.5428,0.5434,199776.87
2025-12-20 18:00:00,0.5435,0.5447,0.5427,0.5435,223327.86
2025-12-20 19:00:00,0.5436,0.5447,0.5427,0.5436,95335.7
2025-12-20 20:00:00,0.5435,0.546,0.5431,0.5447,329565.42
2025-12-20 21:00:00,0.5447,0.5454,0.5425,0.5428,111866.29
2025-12-20 22:00:00,0.543,0.5439,0.5417,0.5433,144068.91
2025-12-20 23:00:00,0.5433,0.5433,0.5408,0.542,90116.52
2025-12-21 00:00:00,0.542,0.5437,0.5405,0.5412,129598.8
2025-12-21 01:00:00,0.5412,0.5414,0.5355,0.5372,244062.35
2025-12-21 02:00:00,0.5371,0.5392,0.5344,0.5364,217111.88
2025-12-21 03:00:00,0.5364,0.54,0.5364,0.5387,86651.51
2025-12-21 04:00:00,0.5389,0.5396,0.5377,0.5387,104834.79
2025-12-21 05:00:00,0.5388,0.5408,0.5386,0.5388,92563.7
2025-12-21 06:00:00,0.5388,0.5389,0.5372,0.5377,78415.73
2025-12-21 07:00:00,0.5376,0.5385,0.537,0.5385,139746.41
2025-12-21 08:00:00,0.5385,0.5421,0.5366,0.5405,247909.72
2025-12-21 09:00:00,0.5405,0.5462,0.5393,0.544,216626.55
2025-12-21 10:00:00,0.544,0.5456,0.5388,0.5394,159781.73
2025-12-21 11:00:00,0.5394,0.5411,0.5391,0.5401,120317.75
2025-12-21 12:00:00,0.5401,0.5436,0.5372,0.5391,146587.01
2025-12-21 13:00:00,0.5391,0.5393,0.5256,0.5265,774584.02
2025-12-21 14:00:00,0.5265,0.5325,0.5259,0.5286,348176.12
2025-12-21 15:00:00,0.5286,0.5304,0.5263,0.5286,227323.95
2025-12-21 16:00:00,0.5285,0.5312,0.5258,0.531,260522.11
2025-12-21 17:00:00,0.5311,0.5331,0.5288,0.5294,86528.11
2025-12-21 18:00:00,0.5294,0.5303,0.5262,0.5299,107538.5
2025-12-21 19:00:00,0.53,0.5335,0.5276,0.532,135807.94
2025-12-21 20:00:00,0.5321,0.5328,0.5304,0.5311,47864.46
2025-12-21 21:00:00,0.5311,0.5336,0.5273,0.5276,112732.42
2025-12-21 22:00:00,0.5277,0.5332,0.5268,0.5332,140112.73
2025-12-21 23:00:00,0.5332,0.537,0.5322,0.5351,152071.98
2025-12-22 00:00:00,0.535,0.5503,0.535,0.5418,688233.37
2025-12-22 01:00:00,0.5418,0.5492,0.5411,0.5414,290174.16
2025-12-22 02:00:00,0.5413,0.5413,0.5326,0.5398,376742.08
2025-12-22 03:00:00,0.5399,0.5456,0.5382,0.5445,187117.33
2025-12-22 04:00:00,0.5446,0.5512,0.544,0.5508,327602.75
2025-12-22 05:00:00,0.551,0.5523,0.5462,0.548,251254.71
2025-12-22 06:00:00,0.5479,0.549,0.5458,0.547,267467.03
2025-12-22 07:00:00,0.5469,0.5526,0.5461,0.55,267900.94
2025-12-22 08:00:00,0.55,0.5573,0.5484,0.5499,406144.58
2025-12-22 09:00:00,0.55,0.5515,0.548,0.5501,249541.67
2025-12-22 10:00:00,0.5502,0.551,0.5484,0.549,179989.72
2025-12-22 11:00:00,0.5491,0.5537,0.5472,0.551,284251.16
2025-12-22 12:00:00,0.551,0.557,0.5494,0.5533,253382.98
2025-12-22 13:00:00,0.5533,0.5542,0.5506,0.5525,176198.79
2025-12-22 14:00:00,0.5525,0.5573,0.5487,0.5534,717588.08
2025-12-22 15:00:00,0.5536,0.557,0.5447,0.5511,408062.65
2025-12-22 16:00:00,0.5511,0.5545,0.5495,0.5509,185658.43
2025-12-22 17:00:00,0.551,0.5531,0.5473,0.5521,296284.39
2025-12-22 18:00:00,0.5521,0.5537,0.549,0.5502,252349.66
2025-12-22 19:00:00,0.5501,0.5501,0.5409,0.5422,354132.97
2025-12-22 20:00:00,0.5422,0.5441,0.5386,0.5411,261057.39
2025-12-22 21:00:00,0.5412,0.5455,0.5409,0.5419,211931.11
2025-12-22 22:00:00,0.5418,0.5476,0.5403,0.5471,131675.88
2025-12-22 23:00:00,0.5471,0.5482,0.5451,0.5474,109338.04
2025-12-23 00:00:00,0.5473,0.5513,0.5464,0.5499,122794.62
2025-12-23 01:00:00,0.55,0.5511,0.5467,0.5493,88384.84
2025-12-23 02:00:00,0.5493,0.5531,0.5452,0.546,180935.41
2025-12-23 03:00:00,0.5459,0.5478,0.5429,0.5458,219218.84
2025-12-23 04:00:00,0.5457,0.5465,0.5407,0.5411,189983.06
2025-12-23 05:00:00,0.5411,0.542,0.5365,0.5391,211720.46
2025-12-23 06:00:00,0.539,0.5398,0.5335,0.5361,288380.51
2025-12-23 07:00:00,0.5362,0.5405,0.5359,0.5389,210059.72
2025-12-23 08:00:00,0.5388,0.5403,0.5359,0.5362,71548.92
2025-12-23 09:00:00,0.5362,0.5388,0.5353,0.5384,145989.48
2025-12-23 10:00:00,0.5385,0.5412,0.5385,0.5399,72710.87
2025-12-23 11:00:00,0.54,0.5404,0.5371,0.5377,88174.94
2025-12-23 12:00:00,0.5375,0.5375,0.5316,0.5327,301780.87
2025-12-23 13:00:00,0.5327,0.5355,0.5281,0.5307,350410.05
2025-12-23 14:00:00,0.5305,0.5335,0.5203,0.5245,686717.43
2025-12-23 15:00:00,0.5245,0.5289,0.5213,0.5281,446017.86
2025-12-23 16:00:00,0.528,0.5365,0.5266,0.5349,333840.22
2025-12-23 17:00:00,0.5348,0.5379,0.527,0.5273,357768.67
2025-12-23 18:00:00,0.5272,0.5383,0.5271,0.5373,264627.14
2025-12-23 19:00:00,0.5374,0.5384,0.5327,0.5339,116256.69
2025-12-23 20:00:00,0.5339,0.5425,0.5328,0.5373,199462.88
2025-12-23 21:00:00,0.5374,0.5388,0.5354,0.5377,118107.7
2025-12-23 22:00:00,0.5377,0.5391,0.5335,0.535,101527.3
2025-12-23 23:00:00,0.5349,0.5371,0.533,0.5362,118676.75
2025-12-24 00:00:00,0.5363,0.5377,0.5337,0.5373,189250.25
2025-12-24 01:00:00,0.5374,0.5391,0.5336,0.5348,95355.03
2025-12-24 02:00:00,0.5347,0.5347,0.5268,0.5285,96929.79
2025-12-24 03:00:00,0.5284,0.5311,0.526,0.5307,103607.92
2025-12-24 04:00:00,0.5308,0.5335,0.5259,0.526,122095.57
2025-12-24 05:00:00,0.5261,0.5272,0.5218,0.5235,177348.01
2025-12-24 06:00:00,0.5235,0.5261,0.5225,0.5253,291674.46
2025-12-24 07:00:00,0.5254,0.5265,0.5235,0.5235,142794.54
2025-12-24 08:00:00,0.5234,0.5246,0.5204,0.521,382907.52
2025-12-24 09:00:00,0.5211,0.5237,0.5211,0.5231,207305.21
2025-12-24 10:00:00,0.5232,0.5246,0.5213,0.5216,205287.81
2025-12-24 11:00:00,0.5216,0.524,0.5213,0.5223,111877.79
2025-12-24 12:00:00,0.5222,0.5263,0.5221,0.5255,119590.11
2025-12-24 13:00:00,0.5254,0.5254,0.5203,0.5214,94558.16
2025-12-24 14:00:00,0.5214,0.5247,0.5149,0.5221,331740.39
2025-12-24 15:00:00,0.5222,0.5293,0.5213,0.5283,388856.65
2025-12-24 16:00:00,0.5283,0.5349,0.527,0.5328,555949.76
2025-12-24 17:00:00,0.5329,0.5345,0.5298,0.5304,281508.01
2025-12-24 18:00:00,0.5304,0.5309,0.528,0.5289,174826.63
2025-12-24 19:00:00,0.5289,0.5321,0.5274,0.5319,131514.93
2025-12-24 20:00:00,0.532,0.5348,0.532,0.5336,145660.31
2025-12-24 21:00:00,0.5337,0.5362,0.5332,0.5359,180252.6
2025-12-24 22:00:00,0.5359,0.5418,0.5358,0.5408,252649.46
2025-12-24 23:00:00,0.5408,0.5408,0.5384,0.5393,210608.76
2025-12-25 00:00:00,0.5393,0.5396,0.5376,0.5384,71239.67
2025-12-25 01:00:00,0.5384,0.541,0.5383,0.5409,96363.7
2025-12-25 02:00:00,0.5409,0.5509,0.5391,0.5504,435535.13
2025-12-25 03:00:00,0.5503,0.5509,0.5468,0.55,117839.17
2025-12-25 04:00:00,0.5501,0.56,0.5501,0.559,1022670.39
2025-12-25 05:00:00,0.5589,0.5619,0.5549,0.5597,567682.7
2025-12-25 06:00:00,0.5597,0.5645,0.5577,0.5625,169795.2
2025-12-25 07:00:00,0.5626,0.5634,0.5595,0.5633,212874.32
2025-12-25 08:00:00,0.5633,0.5647,0.5584,0.5625,370937.82
2025-12-25 09:00:00,0.5625,0.5629,0.559,0.5615,311916.56
2025-12-25 10:00:00,0.5615,0.562,0.556,0.5575,446544.75
2025-12-25 11:00:00,0.5574,0.5597,0.5558,0.5563,129979.2
2025-12-25 12:00:00,0.5562,0.5576,0.5525,0.5576,342981.58
2025-12-25 13:00:00,0.5575,0.5575,0.5535,0.5551,89101.67
2025-12-25 14:00:00,0.555,0.5558,0.5505,0.5529,247310.13
2025-12-25 15:00:00,0.5529,0.5613,0.551,0.5577,451051.81
2025-12-25 16:00:00,0.5577,0.5666,0.5572,0.5634,419930.97
2025-12-25 17:00:00,0.5635,0.5641,0.5612,0.5629,136956.98
2025-12-25 18:00:00,0.5629,0.5662,0.5607,0.5629,168145.62
2025-12-25 19:00:00,0.5629,0.5646,0.5605,0.5643,117752.6
2025-12-25 20:00:00,0.5643,0.5659,0.5618,0.5628,105520.17
2025-12-25 21:00:00,0.5628,0.5636,0.5604,0.5607,131279.48
2025-12-25 22:00:00,0.5607,0.5617,0.5477,0.5526,466744.27
2025-12-25 23:00:00,0.5526,0.5548,0.5407,0.5422,466533.87
2025-12-26 00:00:00,0.542,0.5459,0.5406,0.5449,312484.17
2025-12-26 01:00:00,0.545,0.5484,0.544,0.5468,172365.71
2025-12-26 02:00:00,0.5466,0.5652,0.5461,0.5606,654565.6
2025-12-26 03:00:00,0.5607,0.562,0.5564,0.5569,333502.14
2025-12-26 04:00:00,0.5568,0.5578,0.5526,0.5576,222617.19
2025-12-26 05:00:00,0.5576,0.5611,0.5569,0.561,208023.74
2025-12-26 06:00:00,0.5611,0.5614,0.5574,0.5577,269049.02
2025-12-26 07:00:00,0.5578,0.5603,0.5511,0.5519,319796.82
2025-12-26 08:00:00,0.5519,0.5561,0.5512,0.556,185227.88
2025-12-26 09:00:00,0.556,0.5592,0.5551,0.5582,232352.97
2025-12-26 10:00:00,0.5582,0.5582,0.5562,0.5574,33612.33
2025-12-26 11:00:00,0.5574,0.5619,0.5549,0.5601,246750.53
2025-12-26 12:00:00,0.5602,0.5713,0.56,0.5677,866701.61
2025-12-26 13:00:00,0.5677,0.5741,0.5671,0.5714,397800.61
2025-12-26 14:00:00,0.5714,0.5734,0.5563,0.5579,501676.33
2025-12-26 15:00:00,0.5578,0.5605,0.5522,0.5586,668815.97
2025-12-26 16:00:00,0.5586,0.5612,0.5505,0.5513,443212.38
2025-12-26 17:00:00,0.5514,0.5591,0.5514,0.5578,245480.88
2025-12-26 18:00:00,0.5576,0.562,0.5575,0.5606,150607.29
2025-12-26 19:00:00,0.5605,0.5653,0.5601,0.5638,200104.94
2025-12-26 20:00:00,0.5639,0.5651,0.5621,0.5626,81197.46
2025-12-26 21:00:00,0.5627,0.5644,0.5597,0.5598,109189.87
2025-12-26 22:00:00,0.5598,0.5621,0.5581,0.5619,79420.48
2025-12-26 23:00:00,0.5618,0.5635,0.5613,0.5621,145219.96
2025-12-27 00:00:00,0.562,0.565,0.5615,0.5638,136708.87
2025-12-27 01:00:00,0.5639,0.5669,0.5628,0.5663,98251.39
2025-12-27 02:00:00,0.5664,0.5664,0.5635,0.5653,139601.19
2025-12-27 03:00:00,0.5654,0.5711,0.5652,0.5698,181443.65
2025-12-27 04:00:00,0.5699,0.5702,0.5676,0.568,43668.38
2025-12-27 05:00:00,0.568,0.5682,0.5662,0.5667,68775.36
2025-12-27 06:00:00,0.5667,0.568,0.5661,0.5666,44785.65
2025-12-27 07:00:00,0.5665,0.5712,0.5662,0.5705,99714.81
2025-12-27 08:00:00,0.5704,0.5734,0.5702,0.5707,224012.96
2025-12-27 09:00:00,0.5706,0.5733,0.5697,0.5707,188611.06
2025-12-27 10:00:00,0.5706,0.5707,0.5644,0.5697,256784.39
2025-12-27 11:00:00,0.5696,0.5737,0.5686,0.5734,182285.04
2025-12-27 12:00:00,0.5734,0.5743,0.5678,0.5682,285283.76
2025-12-27 13:00:00,0.5681,0.5689,0.5657,0.5667,105700.54
2025-12-27 14:00:00,0.5667,0.5718,0.5665,0.5712,135768.58
2025-12-27 15:00:00,0.5713,0.5718,0.5694,0.5713,67398.38
2025-12-27 16:00:00,0.5714,0.5729,0.569,0.569,143103.59
2025-12-27 17:00:00,0.5689,0.5734,0.5685,0.5721,91496.44
2025-12-27 18:00:00,0.572,0.5723,0.5691,0.5697,103600.9
2025-12-27 19:00:00,0.5696,0.5702,0.5686,0.57,65587.95
2025-12-27 20:00:00,0.5701,0.5724,0.5695,0.5705,58394.13
2025-12-27 21:00:00,0.5705,0.576,0.5701,0.576,122397.9
2025-12-27 22:00:00,0.5759,0.5784,0.5706,0.5723,158077.78
2025-12-27 23:00:00,0.5725,0.5787,0.5712,0.5769,205064.39
2025-12-28 00:00:00,0.5769,0.5781,0.5751,0.5757,63976.19
2025-12-28 01:00:00,0.5756,0.5775,0.5743,0.5767,77673.22
2025-12-28 02:00:00,0.5766,0.5809,0.5762,0.5797,218419.51
2025-12-28 03:00:00,0.5797,0.5798,0.5768,0.5791,50219.6
2025-12-28 04:00:00,0.579,0.5815,0.5779,0.5794,82397.31
2025-12-28 05:00:00,0.5793,0.5813,0.5776,0.5799,97331.43
2025-12-28 06:00:00,0.5799,0.5831,0.5795,0.5819,119950.57
2025-12-28 07:00:00,0.5818,0.5822,0.5775,0.5785,117292.56
2025-12-28 08:00:00,0.5785,0.5813,0.5779,0.5806,59396.69
2025-12-28 09:00:00,0.5805,0.5834,0.5794,0.5825,170227.33
2025-12-28 10:00:00,0.5825,0.587,0.5821,0.5864,231421.25
2025-12-28 11:00:00,0.5864,0.588,0.5828,0.5832,212952.0
2025-12-28 12:00:00,0.5833,0.5836,0.5788,0.5792,186476.47
2025-12-28 13:00:00,0.5793,0.5826,0.5793,0.5825,143550.53
2025-12-28 14:00:00,0.5825,0.5906,0.5825,0.5864,371076.25
2025-12-28 15:00:00,0.5865,0.5892,0.5849,0.5859,125617.41
2025-12-28 16:00:00,0.5859,0.5898,0.5854,0.5885,185631.2
2025-12-28 17:00:00,0.5884,0.591,0.5866,0.588,175117.07
2025-12-28 18:00:00,0.5881,0.5885,0.577,0.5781,489592.13
2025-12-28 19:00:00,0.5782,0.5813,0.5766,0.5808,212813.6
2025-12-28 20:00:00,0.5807,0.5821,0.5781,0.5783,76930.27
2025-12-28 21:00:00,0.5782,0.5835,0.5772,0.5829,177723.22
2025-12-28 22:00:00,0.583,0.5882,0.5805,0.5872,163313.01
2025-12-28 23:00:00,0.5873,0.5908,0.5838,0.5899,314722.89
2025-12-29 00:00:00,0.5898,0.5996,0.5861,0.5965,855605.58
2025-12-29 01:00:00,0.5964,0.6035,0.5916,0.5974,442370.38
2025-12-29 02:00:00,0.5975,0.6062,0.5975,0.6025,702532.29
2025-12-29 03:00:00,0.6026,0.6155,0.6012,0.6145,548676.65
2025-12-29 04:00:00,0.6147,0.6172,0.6103,0.6154,436019.07
2025-12-29 05:00:00,0.6154,0.6179,0.6115,0.6124,613365.11
2025-12-29 06:00:00,0.6125,0.6137,0.6056,0.6066,369926.95
2025-12-29 07:00:00,0.6067,0.6075,0.6017,0.6053,435800.03
2025-12-29 08:00:00,0.6053,0.6088,0.6036,0.6069,300412.04
2025-12-29 09:00:00,0.607,0.6078,0.5917,0.5963,515617.95
2025-12-29 10:00:00,0.5963,0.5999,0.595,0.5969,231676.27
2025-12-29 11:00:00,0.5968,0.5973,0.5919,0.5921,173916.5
2025-12-29 12:00:00,0.5921,0.5925,0.5794,0.5864,874291.09
2025-12-29 13:00:00,0.5865,0.5888,0.5819,0.5833,247676.12
2025-12-29 14:00:00,0.5832,0.593,0.5803,0.5839,503551.75
2025-12-29 15:00:00,0.5839,0.5911,0.5829,0.5866,256597.99
2025-12-29 16:00:00,0.5865,0.5888,0.5834,0.5834,274086.47
2025-12-29 17:00:00,0.5834,0.5851,0.5804,0.5842,180488.0
2025-12-29 18:00:00,0.5841,0.5852,0.5778,0.5795,323294.25
2025-12-29 19:00:00,0.5794,0.5858,0.5774,0.5836,234110.1
2025-12-29 20:00:00,0.5836,0.5877,0.5803,0.5816,214450.73
2025-12-29 21:00:00,0.5815,0.5853,0.5814,0.5842,74168.56
2025-12-29 22:00:00,0.5841,0.5864,0.5829,0.5853,81299.29
2025-12-29 23:00:00,0.5852,0.5864,0.5824,0.5836,125298.46
2025-12-30 00:00:00,0.5835,0.5887,0.5833,0.5882,178821.16
2025-12-30 01:00:00,0.5882,0.5906,0.5864,0.5892,188480.56
2025-12-30 02:00:00,0.5893,0.5905,0.5871,0.5886,149023.23
2025-12-30 03:00:00,0.5884,0.5898,0.5829,0.5883,282837.58
2025-12-30 04:00:00,0.5884,0.5908,0.5851,0.5868,108496.75
2025-12-30 05:00:00,0.5868,0.587,0.5806,0.5825,173313.92
2025-12-30 06:00:00,0.5824,0.5856,0.5808,0.5824,205968.97
2025-12-30 07:00:00,0.5822,0.5855,0.5814,0.5833,141879.14
2025-12-30 08:00:00,0.5831,0.5963,0.5828,0.588,539119.15
2025-12-30 09:00:00,0.5881,0.5925,0.5861,0.5911,164901.09
2025-12-30 10:00:00,0.5912,0.5945,0.5873,0.5887,364028.58
2025-12-30 11:00:00,0.5887,0.5908,0.5865,0.5884,490910.15
2025-12-30 12:00:00,0.5885,0.5916,0.588,0.5902,170880.6
2025-12-30 13:00:00,0.5901,0.5928,0.588,0.5911,206382.77
2025-12-30 14:00:00,0.5911,0.5949,0.5825,0.5914,629243.64
2025-12-30 15:00:00,0.5913,0.5928,0.5852,0.589,250115.74
2025-12-30 16:00:00,0.589,0.5919,0.5849,0.5864,219639.44
2025-12-30 17:00:00,0.5864,0.588,0.5832,0.5871,209865.12
2025-12-30 18:00:00,0.587,0.5898,0.5858,0.5888,211505.65
2025-12-30 19:00:00,0.5888,0.5899,0.5829,0.5887,276131.51
2025-12-30 20:00:00,0.5886,0.5886,0.5828,0.5829,151679.18
2025-12-30 21:00:00,0.5829,0.584,0.5821,0.583,81555.56
2025-12-30 22:00:00,0.5831,0.5854,0.5823,0.5848,95022.75
2025-12-30 23:00:00,0.5847,0.5899,0.5834,0.5891,101939.94
2025-12-31 00:00:00,0.589,0.589,0.5852,0.5882,79245.68
2025-12-31 01:00:00,0.5881,0.5951,0.5868,0.5937,209138.11
2025-12-31 02:00:00,0.5937,0.5937,0.5875,0.5885,187845.36
2025-12-31 03:00:00,0.5885,0.5893,0.5838,0.5852,154400.35
2025-12-31 04:00:00,0.5852,0.5886,0.584,0.5865,78971.45
2025-12-31 05:00:00,0.5865,0.5896,0.5864,0.5885,195967.59
2025-12-31 06:00:00,0.5886,0.5915,0.5881,0.5911,144500.44
2025-12-31 07:00:00,0.5911,0.5914,0.5886,0.5904,104689.02
2025-12-31 08:00:00,0.5904,0.5928,0.5862,0.5865,108364.69
2025-12-31 09:00:00,0.5866,0.5916,0.5865,0.5905,277543.51
2025-12-31 10:00:00,0.5904,0.5906,0.5859,0.5868,210578.61
2025-12-31 11:00:00,0.5868,0.59,0.5859,0.59,363096.17
2025-12-31 12:00:00,0.5898,0.59,0.5865,0.5882,119970.22
2025-12-31 13:00:00,0.5881,0.5901,0.5855,0.5886,515585.35
2025-12-31 14:00:00,0.5885,0.5951,0.5884,0.5927,519599.62
2025-12-31 15:00:00,0.5926,0.5929,0.5849,0.5869,317672.87
2025-12-31 16:00:00,0.587,0.5892,0.5647,0.5691,1311776.48
2025-12-31 17:00:00,0.5691,0.5707,0.5654,0.5676,400315.85
2025-12-31 18:00:00,0.5677,0.572,0.5651,0.5674,218897.59
2025-12-31 19:00:00,0.5675,0.5735,0.5675,0.5712,240872.67
2025-12-31 20:00:00,0.5713,0.5801,0.569,0.578,452384.68
2025-12-31 21:00:00,0.5781,0.5838,0.5777,0.5809,362427.02
2025-12-31 22:00:00,0.5808,0.5817,0.5786,0.5792,224785.03
2025-12-31 23:00:00,0.5792,0.5797,0.5764,0.5764,118580.51
2026-01-01 00:00:00,0.5764,0.5798,0.576,0.5776,139436.16
2026-01-01 01:00:00,0.5775,0.5824,0.5775,0.579,165800.16
2026-01-01 02:00:00,0.5791,0.5832,0.5783,0.5824,504192.16
2026-01-01 03:00:00,0.5824,0.5826,0.5795,0.5797,107315.55
2026-01-01 04:00:00,0.5796,0.5796,0.5767,0.5788,308303.26
2026-01-01 05:00:00,0.579,0.5881,0.579,0.5874,362334.26
2026-01-01 06:00:00,0.5875,0.5882,0.5821,0.5828,181764.57
2026-01-01 07:00:00,0.5829,0.5854,0.5829,0.5852,73313.78
2026-01-01 08:00:00,0.5851,0.5872,0.5826,0.584,116991.78
2026-01-01 09:00:00,0.584,0.5879,0.584,0.5852,160155.55
2026-01-01 10:00:00,0.585,0.5872,0.5849,0.5859,84918.28
2026-01-01 11:00:00,0.586,0.5868,0.5844,0.5851,108276.57
2026-01-01 12:00:00,0.5852,0.5856,0.5833,0.5843,71499.89
2026-01-01 13:00:00,0.5843,0.5905,0.5836,0.59,198740.92
2026-01-01 14:00:00,0.59,0.5942,0.5878,0.5934,339953.56
2026-01-01 15:00:00,0.5935,0.6017,0.5903,0.5981,545833.3
2026-01-01 16:00:00,0.5982,0.5995,0.5953,0.5988,214110.22
2026-01-01 17:00:00,0.5988,0.6056,0.5978,0.603,387393.91
2026-01-01 18:00:00,0.6031,0.6041,0.5995,0.6013,151338.84
2026-01-01 19:00:00,0.6013,0.6098,0.601,0.6098,225915.27
2026-01-01 20:00:00,0.6097,0.6104,0.6049,0.6066,203687.99
2026-01-01 21:00:00,0.6065,0.6067,0.6024,0.6028,135520.12
2026-01-01 22:00:00,0.6028,0.6093,0.6027,0.6089,382584.7
2026-01-01 23:00:00,0.6093,0.6109,0.6064,0.6077,140699.8
2026-01-02 00:00:00,0.6078,0.6096,0.6061,0.6076,75195.39
2026-01-02 01:00:00,0.6076,0.6082,0.6043,0.6055,77156.24
2026-01-02 02:00:00,0.6055,0.6072,0.6025,0.6064,99215.95
2026-01-02 03:00:00,0.6065,0.6143,0.6056,0.6121,249938.06
2026-01-02 04:00:00,0.6121,0.6124,0.6067,0.609,295546.66
2026-01-02 05:00:00,0.6091,0.6145,0.6066,0.6142,491925.34
2026-01-02 06:00:00,0.6143,0.6146,0.61,0.61,246603.89
2026-01-02 07:00:00,0.6101,0.6103,0.6056,0.606,137358.73
2026-01-02 08:00:00,0.6061,0.6098,0.6054,0.6098,76273.27
2026-01-02 09:00:00,0.6097,0.6216,0.6093,0.6178,639753.15
2026-01-02 10:00:00,0.6179,0.6211,0.6144,0.6157,313393.26
2026-01-02 11:00:00,0.6158,0.6158,0.609,0.612,206799.28
2026-01-02 12:00:00,0.612,0.6182,0.6095,0.6168,290307.45
2026-01-02 13:00:00,0.6168,0.6197,0.6146,0.6148,194188.78
2026-01-02 14:00:00,0.6149,0.6213,0.6051,0.6168,1087915.33
2026-01-02 15:00:00,0.6167,0.6204,0.6081,0.6162,662537.58
2026-01-02 16:00:00,0.6161,0.6309,0.6153,0.6257,791305.32
2026-01-02 17:00:00,0.6257,0.6287,0.6181,0.6225,750182.41
2026-01-02 18:00:00,0.6224,0.6246,0.6156,0.6186,207823.72
2026-01-02 19:00:00,0.6187,0.6245,0.6182,0.6231,262386.31
2026-01-02 20:00:00,0.6232,0.6256,0.6182,0.6202,276747.27
2026-01-02 21:00:00,0.6203,0.6256,0.6191,0.625,104367.91
2026-01-02 22:00:00,0.625,0.6291,0.6233,0.6253,223057.61
2026-01-02 23:00:00,0.6251,0.6255,0.6216,0.6234,157016.0
2026-01-03 00:00:00,0.6233,0.626,0.6218,0.6221,91879.67
2026-01-03 01:00:00,0.6221,0.6235,0.6209,0.6223,81014.18
2026-01-03 02:00:00,0.6224,0.6254,0.6195,0.6241,136519.76
2026-01-03 03:00:00,0.624,0.6257,0.6207,0.6244,91463.92
2026-01-03 04:00:00,0.6243,0.6251,0.6174,0.6186,175817.16
2026-01-03 05:00:00,0.6187,0.6203,0.6147,0.6178,202111.99
2026-01-03 06:00:00,0.6179,0.6209,0.6125,0.6133,234287.22
2026-01-03 07:00:00,0.6134,0.6141,0.6034,0.6072,464148.47
2026-01-03 08:00:00,0.6071,0.6109,0.6051,0.607,594654.74
2026-01-03 09:00:00,0.6068,0.6106,0.6055,0.6077,164696.89
2026-01-03 10:00:00,0.6078,0.6086,0.605,0.6052,240417.96
2026-01-03 11:00:00,0.6053,0.6058,0.6027,0.6057,152621.69
2026-01-03 12:00:00,0.6056,0.6089,0.6037,0.6081,171237.75
2026-01-03 13:00:00,0.608,0.6099,0.6074,0.6082,113038.49
2026-01-03 14:00:00,0.6082,0.6107,0.6073,0.6086,133004.64
2026-01-03 15:00:00,0.6085,0.6089,0.6062,0.6073,193027.82
2026-01-03 16:00:00,0.6074,0.6184,0.6074,0.6162,320563.96
2026-01-03 17:00:00,0.6163,0.6173,0.6116,0.6118,121370.98
2026-01-03 18:00:00,0.6118,0.6156,0.6092,0.6142,111383.42
2026-01-03 19:00:00,0.6141,0.6141,0.6118,0.6135,52527.59
2026-01-03 20:00:00,0.6135,0.6142,0.6097,0.6129,154227.74
2026-01-03 21:00:00,0.6127,0.6173,0.6113,0.6135,197662.56
2026-01-03 22:00:00,0.6136,0.6201,0.6128,0.6181,155874.28
2026-01-03 23:00:00,0.6181,0.6191,0.6159,0.6161,71397.01
2026-01-04 00:00:00,0.616,0.6262,0.6154,0.6248,483519.17
2026-01-04 01:00:00,0.6247,0.6254,0.6202,0.6239,145084.17
2026-01-04 02:00:00,0.6238,0.626,0.621,0.6227,158326.98
2026-01-04 03:00:00,0.6228,0.6311,0.6228,0.6298,474085.5
2026-01-04 04:00:00,0.6298,0.6323,0.6273,0.6278,160590.93
2026-01-04 05:00:00,0.6278,0.631,0.6272,0.631,62187.27
2026-01-04 06:00:00,0.6311,0.6328,0.622,0.6225,287939.87
2026-01-04 07:00:00,0.6225,0.6249,0.6189,0.6226,222437.25
2026-01-04 08:00:00,0.6226,0.6226,0.6174,0.6209,652706.97
2026-01-04 09:00:00,0.6209,0.6284,0.619,0.6263,437867.32
2026-01-04 10:00:00,0.6262,0.6282,0.6217,0.622,220318.26
2026-01-04 11:00:00,0.6221,0.6273,0.6184,0.6272,259754.42
2026-01-04 12:00:00,0.6271,0.634,0.6257,0.6288,669061.26
2026-01-04 13:00:00,0.6286,0.6322,0.626,0.632,195985.24
2026-01-04 14:00:00,0.6319,0.638,0.6276,0.6337,1143715.79
2026-01-04 15:00:00,0.6336,0.6388,0.6322,0.637,317920.14
2026-01-04 16:00:00,0.6368,0.6448,0.6356,0.6441,335563.33
2026-01-04 17:00:00,0.6442,0.6473,0.6409,0.6439,262577.65
2026-01-04 18:00:00,0.644,0.6445,0.6345,0.6384,245027.76
2026-01-04 19:00:00,0.6383,0.6383,0.6285,0.6354,186096.95
2026-01-04 20:00:00,0.6353,0.6384,0.6343,0.6362,113305.79
2026-01-04 21:00:00,0.6361,0.6402,0.6297,0.6317,151260.43
2026-01-04 22:00:00,0.6316,0.6334,0.6276,0.6307,165416.13
2026-01-04 23:00:00,0.6307,0.6356,0.6302,0.633,144557.5
2026-01-05 00:00:00,0.6329,0.6417,0.6307,0.64,442596.87
2026-01-05 01:00:00,0.6401,0.6526,0.6377,0.6485,624950.48
2026-01-05 02:00:00,0.6485,0.651,0.6414,0.6457,244421.63
2026-01-05 03:00:00,0.6458,0.6459,0.64,0.6413,205346.76
2026-01-05 04:00:00,0.6412,0.6423,0.6295,0.633,500966.1
2026-01-05 05:00:00,0.6329,0.6362,0.63,0.6307,191311.39
2026-01-05 06:00:00,0.6306,0.6317,0.6241,0.6308,258920.56
2026-01-05 07:00:00,0.6308,0.6358,0.6289,0.6323,639980.55
2026-01-05 08:00:00,0.6322,0.6371,0.6303,0.6317,360331.83
2026-01-05 09:00:00,0.6318,0.6334,0.627,0.6306,251580.13
2026-01-05 10:00:00,0.6307,0.636,0.6257,0.6272,393641.18
2026-01-05 11:00:00,0.6273,0.6298,0.6252,0.6283,238584.51
2026-01-05 12:00:00,0.6284,0.6347,0.6256,0.6346,355384.95
2026-01-05 13:00:00,0.6347,0.6378,0.6307,0.6376,447449.29
2026-01-05 14:00:00,0.6376,0.6518,0.6353,0.6469,1080023.03
2026-01-05 15:00:00,0.6471,0.6544,0.6391,0.6521,532711.69
2026-01-05 16:00:00,0.6521,0.6554,0.647,0.6485,470758.12
2026-01-05 17:00:00,0.6483,0.6593,0.6405,0.6564,441170.57
2026-01-05 18:00:00,0.6566,0.6616,0.6533,0.661,355874.16
2026-01-05 19:00:00,0.6611,0.6613,0.6538,0.6565,373409.35
2026-01-05 20:00:00,0.6565,0.6668,0.6555,0.6614,748816.48
2026-01-05 21:00:00,0.6613,0.6632,0.6573,0.6588,150692.3
2026-01-05 22:00:00,0.6587,0.6695,0.6568,0.6645,267631.11
2026-01-05 23:00:00,0.6647,0.6665,0.6602,0.6602,126189.02
2026-01-06 00:00:00,0.6602,0.6634,0.6554,0.6634,172363.26
2026-01-06 01:00:00,0.6634,0.6689,0.6594,0.6594,234327.07
2026-01-06 02:00:00,0.6594,0.6626,0.657,0.6586,96409.73
2026-01-06 03:00:00,0.6585,0.6653,0.6584,0.6617,69328.32
2026-01-06 04:00:00,0.6616,0.6639,0.6597,0.6602,329734.58
2026-01-06 05:00:00,0.6601,0.661,0.6567,0.6572,178665.69
2026-01-06 06:00:00,0.6572,0.663,0.6537,0.6587,271727.13
2026-01-06 07:00:00,0.6587,0.6589,0.6485,0.6513,551942.98
2026-01-06 08:00:00,0.6513,0.6566,0.6509,0.6518,213166.35
2026-01-06 09:00:00,0.6517,0.6583,0.6508,0.6576,294243.94
2026-01-06 10:00:00,0.6576,0.6606,0.656,0.6563,181309.31
2026-01-06 11:00:00,0.6563,0.6675,0.6561,0.6656,304583.41
2026-01-06 12:00:00,0.6656,0.669,0.665,0.6672,245214.23
2026-01-06 13:00:00,0.6671,0.6684,0.6644,0.666,138149.59
2026-01-06 14:00:00,0.6661,0.6808,0.6652,0.6706,1040621.39
2026-01-06 15:00:00,0.6705,0.6793,0.6601,0.6636,700649.67
2026-01-06 16:00:00,0.6636,0.6662,0.6466,0.6493,1006516.14
2026-01-06 17:00:00,0.6492,0.6544,0.632,0.6339,1001401.17
2026-01-06 18:00:00,0.6338,0.646,0.6312,0.6425,381832.73
2026-01-06 19:00:00,0.6425,0.645,0.6401,0.6407,252276.49
2026-01-06 20:00:00,0.6406,0.6516,0.6406,0.648,325951.52
2026-01-06 21:00:00,0.6481,0.6647,0.6462,0.6598,459676.63
2026-01-06 22:00:00,0.6599,0.6616,0.6532,0.6552,247463.51
2026-01-06 23:00:00,0.6553,0.662,0.6553,0.6606,142455.55
2026-01-07 00:00:00,0.6607,0.6607,0.6481,0.6483,113586.86
2026-01-07 01:00:00,0.6484,0.6504,0.6429,0.6442,371278.32
2026-01-07 02:00:00,0.6442,0.6535,0.642,0.6515,333919.32
2026-01-07 03:00:00,0.6516,0.6558,0.6505,0.6518,235669.07
2026-01-07 04:00:00,0.6519,0.6549,0.6496,0.6501,181429.36
2026-01-07 05:00:00,0.6502,0.6524,0.6483,0.6492,105754.16
2026-01-07 06:00:00,0.6491,0.6509,0.6468,0.6475,114566.73
2026-01-07 07:00:00,0.6475,0.6558,0.6474,0.6538,142261.96
2026-01-07 08:00:00,0.654,0.6587,0.653,0.6555,289206.2
2026-01-07 09:00:00,0.6555,0.6571,0.6413,0.6425,440595.19
2026-01-07 10:00:00,0.6424,0.6461,0.6416,0.6436,289922.92
2026-01-07 11:00:00,0.6435,0.6503,0.6431,0.65,370898.64
2026-01-07 12:00:00,0.6501,0.6508,0.6429,0.6434,243567.91
2026-01-07 13:00:00,0.6435,0.647,0.641,0.6423,333387.62
2026-01-07 14:00:00,0.6424,0.6434,0.6311,0.6416,1166244.42
2026-01-07 15:00:00,0.6417,0.642,0.6271,0.6331,1176549.18
2026-01-07 16:00:00,0.633,0.639,0.6312,0.6354,548284.44
2026-01-07 17:00:00,0.6355,0.6404,0.6336,0.635,284637.02
2026-01-07 18:00:00,0.6351,0.6402,0.6331,0.6355,367089.3
2026-01-07 19:00:00,0.6356,0.6384,0.6302,0.6368,226083.1
2026-01-07 20:00:00,0.6369,0.638,0.632,0.6351,124290.19
2026-01-07 21:00:00,0.635,0.6385,0.6344,0.6347,126821.63
2026-01-07 22:00:00,0.6346,0.6412,0.6325,0.6344,142674.39
2026-01-07 23:00:00,0.6347,0.6426,0.6321,0.6389,179985.35
2026-01-08 00:00:00,0.639,0.6429,0.6365,0.6416,124664.91
2026-01-08 01:00:00,0.6417,0.6428,0.6377,0.6398,149582.15
2026-01-08 02:00:00,0.6397,0.6418,0.6341,0.6352,200805.7
2026-01-08 03:00:00,0.6353,0.6381,0.6275,0.6291,212947.88
2026-01-08 04:00:00,0.6292,0.6344,0.6276,0.6321,105924.96
2026-01-08 05:00:00,0.6322,0.6352,0.6294,0.63,85548.65
2026-01-08 06:00:00,0.6301,0.6313,0.6178,0.6183,552479.22
2026-01-08 07:00:00,0.6183,0.6269,0.614,0.6264,436743.66
2026-01-08 08:00:00,0.6265,0.6286,0.619,0.6204,171698.21
2026-01-08 09:00:00,0.6205,0.6226,0.616,0.6171,140574.56
2026-01-08 10:00:00,0.6171,0.6239,0.6123,0.6225,351952.42
2026-01-08 11:00:00,0.6224,0.6236,0.6157,0.6193,373253.01
2026-01-08 12:00:00,0.6193,0.6223,0.6171,0.6193,369182.84
2026-01-08 13:00:00,0.6194,0.6205,0.6149,0.6175,574832.58
2026-01-08 14:00:00,0.6175,0.621,0.6109,0.6189,657368.22
2026-01-08 15:00:00,0.6188,0.6381,0.6163,0.6377,617530.99
2026-01-08 16:00:00,0.6377,0.6399,0.6289,0.6352,514962.43
2026-01-08 17:00:00,0.6352,0.6375,0.629,0.6332,239902.71
2026-01-08 18:00:00,0.6332,0.6332,0.6269,0.6284,150878.45
2026-01-08 19:00:00,0.6285,0.6307,0.6253,0.6261,293279.19
2026-01-08 20:00:00,0.626,0.6273,0.6211,0.6266,206429.48
2026-01-08 21:00:00,0.6267,0.6324,0.6267,0.6314,506397.88
2026-01-08 22:00:00,0.6314,0.6362,0.6279,0.6323,181644.53
2026-01-08 23:00:00,0.6324,0.633,0.6282,0.6282,113767.72
2026-01-09 00:00:00,0.6284,0.6322,0.6284,0.632,111685.36
2026-01-09 01:00:00,0.6322,0.6383,0.6263,0.6303,525830.16
2026-01-09 02:00:00,0.6302,0.6369,0.6298,0.6326,255072.51
2026-01-09 03:00:00,0.6325,0.6361,0.6305,0.6361,189399.42
2026-01-09 04:00:00,0.636,0.637,0.633,0.6357,223926.64
2026-01-09 05:00:00,0.6357,0.6384,0.6357,0.6383,122037.77
2026-01-09 06:00:00,0.6382,0.6415,0.6369,0.6395,267476.18
2026-01-09 07:00:00,0.6396,0.6426,0.6386,0.6417,172534.36
2026-01-09 08:00:00,0.6418,0.6418,0.6259,0.6301,432766.59
2026-01-09 09:00:00,0.63,0.636,0.6296,0.6331,226557.85
2026-01-09 10:00:00,0.6331,0.6361,0.6307,0.6341,132407.01
2026-01-09 11:00:00,0.6342,0.6373,0.6327,0.6331,115119.47
2026-01-09 12:00:00,0.633,0.6346,0.6286,0.63,74395.91
2026-01-09 13:00:00,0.6301,0.6369,0.6295,0.6341,592148.6
2026-01-09 14:00:00,0.6342,0.6342,0.626,0.6288,655947.35
2026-01-09 15:00:00,0.6289,0.6487,0.6249,0.6439,1455164.74
2026-01-09 16:00:00,0.6439,0.655,0.6437,0.6519,980937.2
2026-01-09 17:00:00,0.652,0.6524,0.6406,0.6463,386785.75
2026-01-09 18:00:00,0.6462,0.6473,0.6312,0.6391,221725.9
2026-01-09 19:00:00,0.639,0.639,0.6301,0.6343,155614.84
2026-01-09 20:00:00,0.6342,0.6398,0.6338,0.6362,152382.84
2026-01-09 21:00:00,0.6361,0.6405,0.6336,0.6386,153981.25
2026-01-09 22:00:00,0.6386,0.6417,0.6372,0.6414,80015.82
2026-01-09 23:00:00,0.6415,0.6416,0.6376,0.6389,39552.88
2026-01-10 00:00:00,0.6389,0.6401,0.635,0.6362,54510.33
2026-01-10 01:00:00,0.6363,0.6422,0.6363,0.641,58724.34
2026-01-10 02:00:00,0.6411,0.6412,0.635,0.6362,49104.75
2026-01-10 03:00:00,0.6361,0.6363,0.6317,0.6347,67793.99
2026-01-10 04:00:00,0.6348,0.6348,0.6307,0.6314,71426.53
2026-01-10 05:00:00,0.6315,0.6327,0.63,0.632,67221.27
2026-01-10 06:00:00,0.632,0.6324,0.6271,0.6315,169077.69
2026-01-10 07:00:00,0.6313,0.6373,0.631,0.6369,83783.4
2026-01-10 08:00:00,0.6368,0.6387,0.6356,0.6385,80854.64
2026-01-10 09:00:00,0.6384,0.6408,0.6379,0.6383,317723.86
2026-01-10 10:00:00,0.6384,0.6413,0.6367,0.6403,56988.26
2026-01-10 11:00:00,0.6403,0.6424,0.6381,0.6424,112473.57
2026-01-10 12:00:00,0.6424,0.6463,0.6409,0.6463,62116.85
2026-01-10 13:00:00,0.6464,0.6488,0.6442,0.6442,92472.24
2026-01-10 14:00:00,0.6444,0.6447,0.6401,0.6405,74789.66
2026-01-10 15:00:00,0.6406,0.6419,0.6395,0.6396,82327.33
2026-01-10 16:00:00,0.6395,0.6397,0.6363,0.6371,142143.82
2026-01-10 17:00:00,0.6372,0.6396,0.6349,0.6351,73553.3
2026-01-10 18:00:00,0.6352,0.6363,0.6329,0.6351,42734.53
2026-01-10 19:00:00,0.6352,0.6409,0.6349,0.6405,102611.58
2026-01-10 20:00:00,0.6407,0.641,0.6373,0.6375,42691.75
2026-01-10 21:00:00,0.6374,0.6374,0.6345,0.6345,43033.41
2026-01-10 22:00:00,0.6344,0.635,0.629,0.6293,68369.5
2026-01-10 23:00:00,0.6291,0.6326,0.6286,0.6315,54489.92
2026-01-11 00:00:00,0.6316,0.6329,0.6296,0.6327,50969.6
2026-01-11 01:00:00,0.6328,0.6351,0.6318,0.6348,47710.32
2026-01-11 02:00:00,0.6348,0.6377,0.6335,0.6339,817832.87
2026-01-11 03:00:00,0.6338,0.6355,0.6327,0.6345,45633.19
2026-01-11 04:00:00,0.6344,0.6353,0.6323,0.6351,83021.71
2026-01-11 05:00:00,0.635,0.6355,0.6335,0.6348,145711.13
2026-01-11 06:00:00,0.6349,0.6364,0.6327,0.6363,44666.8
2026-01-11 07:00:00,0.6364,0.6375,0.6347,0.6374,45653.46
2026-01-11 08:00:00,0.6373,0.6381,0.6355,0.6359,101856.55
2026-01-11 09:00:00,0.6359,0.6389,0.6356,0.6384,71433.18
2026-01-11 10:00:00,0.6384,0.6413,0.6377,0.6399,101623.97
2026-01-11 11:00:00,0.64,0.6416,0.6388,0.6412,53234.61
2026-01-11 12:00:00,0.6413,0.645,0.6408,0.6428,91761.5
2026-01-11 13:00:00,0.6429,0.6438,0.6394,0.6395,114756.68
2026-01-11 14:00:00,0.6394,0.6438,0.639,0.6429,153592.74
2026-01-11 15:00:00,0.6429,0.6441,0.6344,0.6367,313047.51
2026-01-11 16:00:00,0.6368,0.6456,0.6355,0.6409,315950.31
2026-01-11 17:00:00,0.641,0.6441,0.6382,0.6436,220994.02
2026-01-11 18:00:00,0.6437,0.6451,0.6401,0.6447,137761.71
2026-01-11 19:00:00,0.6447,0.6457,0.6407,0.641,122437.53
2026-01-11 20:00:00,0.6409,0.6409,0.6304,0.6323,288867.87
2026-01-11 21:00:00,0.6322,0.6362,0.6287,0.6356,139457.87
2026-01-11 22:00:00,0.6355,0.6355,0.6263,0.6271,134823.53
2026-01-11 23:00:00,0.627,0.6328,0.6217,0.631,229154.68
2026-01-12 00:00:00,0.6311,0.6341,0.624,0.6334,279580.4
2026-01-12 01:00:00,0.6335,0.6398,0.6325,0.6374,270872.07
2026-01-12 02:00:00,0.6375,0.6498,0.6372,0.6477,226640.13
2026-01-12 03:00:00,0.6478,0.652,0.642,0.6421,198898.99
2026-01-12 04:00:00,0.6422,0.6477,0.6408,0.6468,89422.68
2026-01-12 05:00:00,0.6469,0.6489,0.6443,0.6456,107720.85
2026-01-12 06:00:00,0.6455,0.6468,0.6392,0.6394,79782.02
2026-01-12 07:00:00,0.6395,0.6427,0.6301,0.6307,182450.29
2026-01-12 08:00:00,0.6306,0.6338,0.6192,0.624,488088.19
2026-01-12 09:00:00,0.624,0.6262,0.6214,0.6221,158793.87
2026-01-12 10:00:00,0.6222,0.6249,0.6196,0.6204,340180.41
2026-01-12 11:00:00,0.6204,0.6242,0.6201,0.6217,204109.18
2026-01-12 12:00:00,0.6217,0.6234,0.6189,0.6197,217731.9
2026-01-12 13:00:00,0.6197,0.6199,0.6138,0.6145,457051.08
2026-01-12 14:00:00,0.6144,0.6194,0.6055,0.6169,787128.8
2026-01-12 15:00:00,0.617,0.6248,0.6152,0.6244,313671.3
2026-01-12 16:00:00,0.6243,0.6264,0.6181,0.6217,373398.53
2026-01-12 17:00:00,0.6218,0.6247,0.6096,0.6139,317586.71
2026-01-12 18:00:00,0.6139,0.6178,0.6103,0.6132,262743.06
2026-01-12 19:00:00,0.613,0.6166,0.6102,0.6162,120965.37
2026-01-12 20:00:00,0.6163,0.6192,0.6102,0.6107,137140.16
2026-01-12 21:00:00,0.6105,0.6108,0.6043,0.6072,256585.51
2026-01-12 22:00:00,0.6073,0.6116,0.607,0.6092,117354.85
2026-01-12 23:00:00,0.6094,0.6099,0.6068,0.6081,205464.41
2026-01-13 00:00:00,0.6081,0.6115,0.6081,0.6105,124880.93
2026-01-13 01:00:00,0.6106,0.6126,0.6088,0.6105,110781.03
2026-01-13 02:00:00,0.6106,0.6145,0.6099,0.61,90805.14
2026-01-13 03:00:00,0.6101,0.6159,0.609,0.6158,114734.63
2026-01-13 04:00:00,0.6155,0.6215,0.615,0.6215,247173.28
2026-01-13 05:00:00,0.6215,0.6289,0.6213,0.6235,233693.5
2026-01-13 06:00:00,0.6236,0.6273,0.6217,0.6267,226619.41
2026-01-13 07:00:00,0.6269,0.6271,0.6219,0.623,56381.8
2026-01-13 08:00:00,0.623,0.6277,0.6229,0.6265,51648.85
2026-01-13 09:00:00,0.6265,0.6294,0.6249,0.6255,253558.82
2026-01-13 10:00:00,0.6256,0.6276,0.6218,0.6238,213407.93
2026-01-13 11:00:00,0.6238,0.625,0.618,0.6189,230201.89
2026-01-13 12:00:00,0.6191,0.6211,0.6174,0.6208,224235.78
2026-01-13 13:00:00,0.6209,0.63,0.6196,0.6263,633683.8
2026-01-13 14:00:00,0.6264,0.6347,0.6204,0.6204,765233.01
2026-01-13 15:00:00,0.6203,0.6288,0.6116,0.6285,744832.95
2026-01-13 16:00:00,0.6285,0.6391,0.6271,0.6355,926410.23
2026-01-13 17:00:00,0.6356,0.6367,0.6287,0.6344,372775.19
2026-01-13 18:00:00,0.6343,0.6394,0.6322,0.6361,571641.95
2026-01-13 19:00:00,0.636,0.6398,0.6327,0.6393,280362.29
2026-01-13 20:00:00,0.6394,0.6413,0.6311,0.6344,300858.1
2026-01-13 21:00:00,0.6344,0.6404,0.6341,0.6386,294631.36
2026-01-13 22:00:00,0.6387,0.6708,0.6387,0.6672,2529151.39
2026-01-13 23:00:00,0.6673,0.6743,0.661,0.6651,797038.1
2026-01-14 00:00:00,0.6652,0.6695,0.6623,0.6679,275316.22
2026-01-14 01:00:00,0.6678,0.6707,0.6642,0.6659,338197.06
2026-01-14 02:00:00,0.6659,0.6784,0.6647,0.6702,825338.69
2026-01-14 03:00:00,0.6702,0.671,0.6662,0.6708,254147.7
2026-01-14 04:00:00,0.6706,0.6725,0.6674,0.6714,346193.1
2026-01-14 05:00:00,0.6713,0.6713,0.6636,0.6667,228541.99
2026-01-14 06:00:00,0.6666,0.6687,0.6611,0.6683,232002.01
2026-01-14 07:00:00,0.6683,0.6711,0.6655,0.6687,228361.58
2026-01-14 08:00:00,0.6687,0.6732,0.6687,0.6712,184790.55
2026-01-14 09:00:00,0.6712,0.6722,0.6682,0.669,141533.67
2026-01-14 10:00:00,0.6689,0.6709,0.662,0.6637,235841.17
2026-01-14 11:00:00,0.6636,0.664,0.6512,0.6537,612543.3
2026-01-14 12:00:00,0.6538,0.6568,0.6521,0.653,175199.53
2026-01-14 13:00:00,0.6531,0.6531,0.6447,0.646,314441.25
2026-01-14 14:00:00,0.6459,0.6565,0.6447,0.6531,953980.83
2026-01-14 15:00:00,0.6532,0.6583,0.6481,0.6554,768800.38
2026-01-14 16:00:00,0.6555,0.6653,0.6553,0.6569,560708.79
2026-01-14 17:00:00,0.6568,0.6592,0.6465,0.6483,369836.34
2026-01-14 18:00:00,0.6483,0.6504,0.6371,0.642,505112.86
2026-01-14 19:00:00,0.642,0.6598,0.641,0.6542,783880.0
2026-01-14 20:00:00,0.6541,0.6599,0.6521,0.657,235826.36
2026-01-14 21:00:00,0.6569,0.658,0.6508,0.6535,164553.41
2026-01-14 22:00:00,0.6533,0.6533,0.6449,0.6458,246222.69
2026-01-14 23:00:00,0.6459,0.6522,0.6459,0.6486,141711.2
2026-01-15 00:00:00,0.6487,0.649,0.6445,0.647,185452.41
2026-01-15 01:00:00,0.6471,0.6508,0.6438,0.6443,110664.34
2026-01-15 02:00:00,0.6443,0.6443,0.6356,0.6368,267234.18
2026-01-15 03:00:00,0.6369,0.6381,0.6212,0.6243,965438.28
2026-01-15 04:00:00,0.6241,0.6303,0.623,0.6299,160136.81
2026-01-15 05:00:00,0.6298,0.6341,0.6296,0.6317,218547.42
2026-01-15 06:00:00,0.6316,0.6348,0.6307,0.6317,97840.02
2026-01-15 07:00:00,0.6317,0.6398,0.6317,0.6375,160486.62
2026-01-15 08:00:00,0.6374,0.6374,0.6325,0.6359,185719.69
2026-01-15 09:00:00,0.6358,0.6454,0.6335,0.6422,281382.02
2026-01-15 10:00:00,0.6423,0.643,0.6389,0.6393,174831.23
2026-01-15 11:00:00,0.6392,0.64,0.6343,0.6356,78421.25
2026-01-15 12:00:00,0.6355,0.641,0.6351,0.6408,97410.74
2026-01-15 13:00:00,0.6407,0.6419,0.6369,0.639,101850.82
2026-01-15 14:00:00,0.6389,0.6408,0.6255,0.6304,503176.29
2026-01-15 15:00:00,0.6303,0.6336,0.6149,0.6252,722602.49
2026-01-15 16:00:00,0.6251,0.6261,0.6185,0.6245,336256.23
2026-01-15 17:00:00,0.6245,0.627,0.6182,0.6194,430039.61
2026-01-15 18:00:00,0.6195,0.6203,0.6101,0.612,555518.3
2026-01-15 19:00:00,0.6119,0.614,0.6075,0.6124,309593.54
2026-01-15 20:00:00,0.6123,0.6149,0.6081,0.6097,258191.21
2026-01-15 21:00:00,0.6096,0.6145,0.6092,0.6129,94024.07
2026-01-15 22:00:00,0.6129,0.6186,0.6129,0.6154,88562.86
2026-01-15 23:00:00,0.6154,0.6187,0.614,0.6181,54291.05
2026-01-16 00:00:00,0.6182,0.621,0.6172,0.6175,113133.42
2026-01-16 01:00:00,0.6175,0.6204,0.6164,0.6185,114010.96
2026-01-16 02:00:00,0.6184,0.6195,0.6131,0.6186,677210.86
2026-01-16 03:00:00,0.6187,0.6193,0.6138,0.6144,67890.8
2026-01-16 04:00:00,0.6145,0.6155,0.608,0.61,376036.85
2026-01-16 05:00:00,0.6099,0.6202,0.6096,0.616,290562.43
2026-01-16 06:00:00,0.616,0.6183,0.6143,0.6183,48731.85
2026-01-16 07:00:00,0.6182,0.6184,0.6141,0.6158,81711.36
2026-01-16 08:00:00,0.6159,0.62,0.6154,0.6185,129097.42
2026-01-16 09:00:00,0.6183,0.6196,0.6167,0.617,96370.31
2026-01-16 10:00:00,0.6169,0.6169,0.6132,0.6136,64459.39
2026-01-16 11:00:00,0.6136,0.6158,0.6119,0.6142,112733.01
2026-01-16 12:00:00,0.6142,0.6145,0.6118,0.6144,148733.76
2026-01-16 13:00:00,0.6145,0.6145,0.6103,0.6123,136325.28
2026-01-16 14:00:00,0.6122,0.6144,0.6097,0.6098,188805.89
2026-01-16 15:00:00,0.6098,0.6137,0.5926,0.5955,1054657.56
2026-01-16 16:00:00,0.5955,0.6035,0.594,0.6001,331043.51
2026-01-16 17:00:00,0.5999,0.6038,0.5961,0.6031,165213.38
2026-01-16 18:00:00,0.6031,0.6049,0.6013,0.6027,256520.71
2026-01-16 19:00:00,0.6027,0.6059,0.6001,0.6044,233783.58
2026-01-16 20:00:00,0.6044,0.6118,0.5992,0.6111,488481.23
2026-01-16 21:00:00,0.6112,0.6124,0.6078,0.6079,171121.63
2026-01-16 22:00:00,0.608,0.6107,0.6063,0.6087,170160.85
2026-01-16 23:00:00,0.6088,0.61,0.6072,0.6081,145622.56
2026-01-17 00:00:00,0.6082,0.6087,0.605,0.6062,90882.94
2026-01-17 01:00:00,0.6061,0.6079,0.6054,0.6059,90326.72
2026-01-17 02:00:00,0.6057,0.6057,0.602,0.6039,333921.28
2026-01-17 03:00:00,0.604,0.6047,0.6022,0.603,74535.17
2026-01-17 04:00:00,0.603,0.6048,0.6019,0.6044,57587.19
2026-01-17 05:00:00,0.6045,0.6068,0.6043,0.6045,149258.39
2026-01-17 06:00:00,0.6045,0.6046,0.6024,0.6033,52551.65
2026-01-17 07:00:00,0.6032,0.6064,0.6017,0.6058,85767.36
2026-01-17 08:00:00,0.6057,0.6087,0.6051,0.6066,147346.84
2026-01-17 09:00:00,0.6068,0.6079,0.6046,0.6064,88634.18
2026-01-17 10:00:00,0.6063,0.6108,0.606,0.6104,117908.35
2026-01-17 11:00:00,0.6103,0.6103,0.6062,0.6078,58693.39
2026-01-17 12:00:00,0.6077,0.6135,0.607,0.6133,174518.28
2026-01-17 13:00:00,0.6134,0.614,0.6098,0.6107,190575.62
2026-01-17 14:00:00,0.6106,0.6151,0.6092,0.6139,157744.48
2026-01-17 15:00:00,0.6138,0.6192,0.6125,0.6189,242585.46
2026-01-17 16:00:00,0.6188,0.619,0.6113,0.6133,205365.77
2026-01-17 17:00:00,0.613,0.6154,0.6104,0.6139,203905.83
2026-01-17 18:00:00,0.6139,0.615,0.6115,0.6145,52190.9
2026-01-17 19:00:00,0.6146,0.6158,0.6117,0.6132,115839.66
2026-01-17 20:00:00,0.6133,0.6145,0.6121,0.6126,82589.57
2026-01-17 21:00:00,0.6126,0.6129,0.6107,0.6127,69070.1
2026-01-17 22:00:00,0.6126,0.6126,0.6055,0.6076,166932.78
2026-01-17 23:00:00,0.6075,0.6092,0.6069,0.6077,49758.72
2026-01-18 00:00:00,0.6076,0.6108,0.6069,0.6076,193490.49
2026-01-18 01:00:00,0.6077,0.6089,0.6022,0.6044,256736.72
2026-01-18 02:00:00,0.6045,0.606,0.6011,0.6033,138153.97
2026-01-18 03:00:00,0.6033,0.6058,0.6027,0.6043,61571.17
2026-01-18 04:00:00,0.6042,0.605,0.6027,0.6047,30140.8
2026-01-18 05:00:00,0.6047,0.6064,0.6033,0.6063,50724.2
2026-01-18 06:00:00,0.6062,0.6073,0.6044,0.6053,49757.08
2026-01-18 07:00:00,0.6051,0.6063,0.6016,0.6047,97077.64
2026-01-18 08:00:00,0.6046,0.6051,0.6026,0.6043,74371.32
2026-01-18 09:00:00,0.6042,0.6071,0.6036,0.6063,346514.66
2026-01-18 10:00:00,0.6064,0.607,0.604,0.6064,126271.13
2026-01-18 11:00:00,0.6065,0.6071,0.6051,0.6058,51163.48
2026-01-18 12:00:00,0.6058,0.6073,0.6031,0.6034,138423.23
2026-01-18 13:00:00,0.6034,0.604,0.5991,0.6018,402781.15
2026-01-18 14:00:00,0.6018,0.6058,0.5996,0.6,188005.04
2026-01-18 15:00:00,0.5998,0.6053,0.5983,0.6053,96066.09
2026-01-18 16:00:00,0.6051,0.6087,0.6041,0.6047,249375.41
2026-01-18 17:00:00,0.6048,0.608,0.603,0.6075,243948.36
2026-01-18 18:00:00,0.6076,0.6153,0.6069,0.6132,291838.78
2026-01-18 19:00:00,0.6133,0.614,0.6053,0.6071,175449.27
2026-01-18 20:00:00,0.6072,0.6116,0.6054,0.608,168026.65
2026-01-18 21:00:00,0.6081,0.6087,0.6058,0.6065,263309.93
2026-01-18 22:00:00,0.6066,0.6098,0.6061,0.6078,109250.71
2026-01-18 23:00:00,0.6076,0.6076,0.5782,0.5791,1482163.29
2026-01-19 00:00:00,0.579,0.5793,0.5152,0.5418,5266479.56
2026-01-19 01:00:00,0.5418,0.5495,0.5377,0.5448,1126862.15
2026-01-19 02:00:00,0.5445,0.547,0.5412,0.5448,399012.79
2026-01-19 03:00:00,0.5448,0.547,0.5431,0.5447,435283.05
2026-01-19 04:00:00,0.5446,0.5481,0.5423,0.5458,571705.28
2026-01-19 05:00:00,0.5459,0.5479,0.541,0.5451,581924.99
2026-01-19 06:00:00,0.5452,0.5512,0.5443,0.5498,586483.29
2026-01-19 07:00:00,0.5499,0.5547,0.5475,0.5537,510844.84
2026-01-19 08:00:00,0.5536,0.5566,0.5505,0.5526,439619.32
2026-01-19 09:00:00,0.5527,0.555,0.5502,0.5535,336995.21
2026-01-19 10:00:00,0.5536,0.5539,0.5477,0.5496,312686.95
2026-01-19 11:00:00,0.5498,0.5521,0.5478,0.5487,377305.0
2026-01-19 12:00:00,0.5487,0.5489,0.5449,0.5458,374877.78
2026-01-19 13:00:00,0.546,0.5482,0.5449,0.546,186651.48
2026-01-19 14:00:00,0.5458,0.5498,0.5458,0.5487,254666.32
2026-01-19 15:00:00,0.5487,0.5507,0.5468,0.5482,391164.76
2026-01-19 16:00:00,0.5481,0.5544,0.5473,0.5537,186536.68
2026-01-19 17:00:00,0.5538,0.5541,0.5498,0.5507,159472.37
2026-01-19 18:00:00,0.5507,0.5533,0.5488,0.553,293543.75
2026-01-19 19:00:00,0.553,0.5617,0.553,0.5609,348166.87
2026-01-19 20:00:00,0.561,0.5626,0.5597,0.5614,267700.49
2026-01-19 21:00:00,0.5615,0.563,0.5573,0.5577,217345.58
2026-01-19 22:00:00,0.5576,0.5587,0.5516,0.552,266442.57
2026-01-19 23:00:00,0.5519,0.5593,0.5508,0.5582,349210.96
2026-01-20 00:00:00,0.5583,0.5589,0.5548,0.5551,189831.7
2026-01-20 01:00:00,0.555,0.559,0.5526,0.5558,227234.7
2026-01-20 02:00:00,0.5559,0.559,0.553,0.5574,285448.6
2026-01-20 03:00:00,0.5575,0.559,0.5555,0.5578,407938.8
2026-01-20 04:00:00,0.5577,0.5596,0.5542,0.5544,354962.64
2026-01-20 05:00:00,0.5543,0.558,0.5512,0.5556,503621.06
2026-01-20 06:00:00,0.5555,0.5555,0.545,0.546,860114.92
2026-01-20 07:00:00,0.546,0.5488,0.5429,0.5432,426177.72
2026-01-20 08:00:00,0.5431,0.5438,0.5355,0.5404,708390.5
2026-01-20 09:00:00,0.5403,0.5403,0.5367,0.539,441328.19
2026-01-20 10:00:00,0.539,0.5448,0.5384,0.5413,549666.25
2026-01-20 11:00:00,0.5412,0.5432,0.539,0.5394,324058.58
2026-01-20 12:00:00,0.5395,0.5422,0.5387,0.5405,217578.53
2026-01-20 13:00:00,0.5404,0.5404,0.5306,0.5315,439258.58
2026-01-20 14:00:00,0.5315,0.5401,0.5313,0.5344,875048.18
2026-01-20 15:00:00,0.5344,0.5354,0.5257,0.5297,963335.7
2026-01-20 16:00:00,0.5296,0.5316,0.5213,0.524,471414.9
2026-01-20 17:00:00,0.5239,0.5295,0.5194,0.523,429176.25
2026-01-20 18:00:00,0.5231,0.5256,0.5204,0.5227,327831.26
2026-01-20 19:00:00,0.5228,0.5265,0.5226,0.5255,321508.39
2026-01-20 20:00:00,0.5253,0.5303,0.5232,0.5299,275707.09
2026-01-20 21:00:00,0.53,0.5303,0.5238,0.5246,120877.91
2026-01-20 22:00:00,0.5246,0.5255,0.515,0.5221,644433.28
2026-01-20 23:00:00,0.5221,0.5231,0.5184,0.5207,473647.1
2026-01-21 00:00:00,0.5208,0.5297,0.52,0.5291,310605.56
2026-01-21 01:00:00,0.5291,0.5334,0.5287,0.5308,329958.26
2026-01-21 02:00:00,0.5309,0.5337,0.5309,0.5328,359260.07
2026-01-21 03:00:00,0.5328,0.5358,0.5324,0.5345,137435.9
2026-01-21 04:00:00,0.5344,0.5387,0.5336,0.5368,201914.28
2026-01-21 05:00:00,0.537,0.5391,0.5359,0.538,167865.26
2026-01-21 06:00:00,0.538,0.5387,0.5345,0.5352,135723.29
2026-01-21 07:00:00,0.5352,0.5368,0.5317,0.5325,268404.71
2026-01-21 08:00:00,0.5325,0.5339,0.5289,0.5329,184957.44
2026-01-21 09:00:00,0.5329,0.5329,0.5302,0.5311,157794.83
2026-01-21 10:00:00,0.5311,0.5338,0.5307,0.5307,170784.91
2026-01-21 11:00:00,0.5306,0.5335,0.5257,0.5266,266706.51
2026-01-21 12:00:00,0.5265,0.5274,0.5185,0.5256,536366.59
2026-01-21 13:00:00,0.5257,0.527,0.5208,0.5219,342666.44
2026-01-21 14:00:00,0.5218,0.5381,0.5214,0.5363,962147.83
2026-01-21 15:00:00,0.5363,0.5412,0.5318,0.5375,912331.95
2026-01-21 16:00:00,0.5375,0.5383,0.5133,0.5141,622449.12
2026-01-21 17:00:00,0.5142,0.52,0.5082,0.5151,674735.14
2026-01-21 18:00:00,0.515,0.5214,0.5121,0.5193,231695.67
2026-01-21 19:00:00,0.5194,0.5429,0.5166,0.5419,980234.36
2026-01-21 20:00:00,0.5421,0.5432,0.5317,0.539,521249.55
2026-01-21 21:00:00,0.5391,0.5424,0.5369,0.5389,135372.71
2026-01-21 22:00:00,0.539,0.5418,0.5331,0.5333,94621.48
2026-01-21 23:00:00,0.5332,0.536,0.5266,0.5285,251135.98
2026-01-22 00:00:00,0.5286,0.5365,0.5286,0.5348,139112.13
2026-01-22 01:00:00,0.5348,0.5407,0.5348,0.5405,362266.46
2026-01-22 02:00:00,0.5404,0.5418,0.5382,0.5389,138670.5
2026-01-22 03:00:00,0.5388,0.5411,0.5335,0.5351,226058.68
2026-01-22 04:00:00,0.535,0.5379,0.5342,0.5368,187629.87
2026-01-22 05:00:00,0.5369,0.5373,0.5331,0.5347,109011.23
2026-01-22 06:00:00,0.5348,0.5354,0.5312,0.5338,83097.39
2026-01-22 07:00:00,0.5339,0.5346,0.53,0.5315,127516.86
2026-01-22 08:00:00,0.5315,0.534,0.5306,0.5337,152732.15
2026-01-22 09:00:00,0.5336,0.5362,0.5327,0.5352,91427.27
2026-01-22 10:00:00,0.5354,0.5356,0.5332,0.5338,76198.48
2026-01-22 11:00:00,0.5337,0.5337,0.5286,0.5288,241329.47
2026-01-22 12:00:00,0.5289,0.5301,0.5278,0.5293,122567.94
2026-01-22 13:00:00,0.5293,0.533,0.5248,0.5267,232474.85
2026-01-22 14:00:00,0.5266,0.5278,0.5197,0.5213,330381.31
2026-01-22 15:00:00,0.5212,0.5246,0.5154,0.5212,375186.44
2026-01-22 16:00:00,0.5212,0.5269,0.5191,0.5254,416522.0
2026-01-22 17:00:00,0.5255,0.5272,0.5224,0.5266,171804.36
2026-01-22 18:00:00,0.5265,0.5269,0.5216,0.5217,190940.5
2026-01-22 19:00:00,0.5218,0.5261,0.5203,0.5248,226390.15
2026-01-22 20:00:00,0.5248,0.5264,0.5206,0.5222,199981.6
2026-01-22 21:00:00,0.5223,0.5242,0.5213,0.5232,104307.99
2026-01-22 22:00:00,0.5233,0.5257,0.5216,0.523,138042.55
2026-01-22 23:00:00,0.5231,0.5241,0.5206,0.5232,161104.66
2026-01-23 00:00:00,0.5233,0.5239,0.5208,0.5227,74547.73
2026-01-23 01:00:00,0.5228,0.5275,0.5228,0.5271,105394.67
2026-01-23 02:00:00,0.5273,0.5279,0.5246,0.5247,82588.03
2026-01-23 03:00:00,0.5246,0.5289,0.5245,0.5282,60546.56
2026-01-23 04:00:00,0.5283,0.5327,0.5276,0.5318,98622.79
2026-01-23 05:00:00,0.5317,0.5319,0.5288,0.5305,87488.05
2026-01-23 06:00:00,0.5305,0.5326,0.5261,0.5261,129056.74
2026-01-23 07:00:00,0.5262,0.5285,0.5257,0.5264,71368.71
2026-01-23 08:00:00,0.5263,0.5288,0.5213,0.5225,189216.85
2026-01-23 09:00:00,0.5223,0.5242,0.5208,0.5221,297161.57
2026-01-23 10:00:00,0.5221,0.5232,0.5195,0.5218,240460.42
2026-01-23 11:00:00,0.5217,0.5257,0.5216,0.5253,64345.99
2026-01-23 12:00:00,0.5251,0.5258,0.5223,0.5235,23619.72
2026-01-23 13:00:00,0.5234,0.524,0.5209,0.5212,52432.16
2026-01-23 14:00:00,0.5211,0.5236,0.5114,0.5157,590954.21
2026-01-23 15:00:00,0.5158,0.5265,0.5127,0.5256,438886.08
2026-01-23 16:00:00,0.5257,0.5319,0.5219,0.5274,238115.14
2026-01-23 17:00:00,0.5273,0.5378,0.5242,0.5307,631806.48
2026-01-23 18:00:00,0.5306,0.5358,0.5297,0.5326,258745.18
2026-01-23 19:00:00,0.5325,0.5325,0.5229,0.5254,428576.76
2026-01-23 20:00:00,0.5255,0.5264,0.5183,0.5217,252056.27
2026-01-23 21:00:00,0.5216,0.5252,0.5211,0.5224,69226.52
2026-01-23 22:00:00,0.5223,0.5264,0.5222,0.5261,96857.46
2026-01-23 23:00:00,0.526,0.526,0.5233,0.5244,61383.58
2026-01-24 00:00:00,0.5244,0.5263,0.5221,0.5221,81710.71
2026-01-24 01:00:00,0.522,0.5228,0.5206,0.5227,155398.95
2026-01-24 02:00:00,0.5228,0.5244,0.5225,0.5234,24360.22
2026-01-24 03:00:00,0.5234,0.5282,0.5227,0.5264,116951.18
2026-01-24 04:00:00,0.5265,0.5281,0.526,0.5269,97201.1
2026-01-24 05:00:00,0.5269,0.527,0.525,0.527,68954.54
2026-01-24 06:00:00,0.5271,0.5285,0.5269,0.5278,31296.41
2026-01-24 07:00:00,0.5278,0.5287,0.5265,0.5267,38155.35
2026-01-24 08:00:00,0.5266,0.5286,0.5261,0.5273,124326.91
2026-01-24 09:00:00,0.5273,0.5274,0.5234,0.524,129161.16
2026-01-24 10:00:00,0.5241,0.525,0.5233,0.5249,67856.91
2026-01-24 11:00:00,0.525,0.5257,0.5235,0.5241,53861.75
2026-01-24 12:00:00,0.5242,0.5246,0.5231,0.5238,42996.24
2026-01-24 13:00:00,0.5239,0.5239,0.5201,0.5201,68274.37
2026-01-24 14:00:00,0.5201,0.5222,0.519,0.5214,142401.29
2026-01-24 15:00:00,0.5216,0.5222,0.5172,0.5174,159341.74
2026-01-24 16:00:00,0.5173,0.5192,0.5155,0.5188,457082.84
2026-01-24 17:00:00,0.5189,0.5212,0.518,0.5211,75565.29
2026-01-24 18:00:00,0.5211,0.5224,0.5204,0.5209,68199.61
2026-01-24 19:00:00,0.5211,0.5212,0.519,0.5191,48837.17
2026-01-24 20:00:00,0.5191,0.5214,0.5187,0.5211,30341.45
2026-01-24 21:00:00,0.5211,0.5213,0.52,0.5208,59201.08
2026-01-24 22:00:00,0.5209,0.5231,0.5204,0.5225,82057.6
2026-01-24 23:00:00,0.5225,0.5225,0.52,0.5201,53619.23
2026-01-25 00:00:00,0.52,0.5213,0.5193,0.5212,55825.45
2026-01-25 01:00:00,0.5212,0.522,0.5176,0.5186,93015.38
2026-01-25 02:00:00,0.5187,0.5209,0.518,0.5194,164550.8
2026-01-25 03:00:00,0.5194,0.5199,0.5145,0.5158,161385.66
2026-01-25 04:00:00,0.5157,0.5178,0.5149,0.5156,44817.87
2026-01-25 05:00:00,0.5158,0.5172,0.515,0.5172,150239.09
2026-01-25 06:00:00,0.5172,0.5187,0.515,0.5162,109269.96
2026-01-25 07:00:00,0.5161,0.5172,0.514,0.5169,230598.56
2026-01-25 08:00:00,0.5169,0.5186,0.514,0.5158,305907.67
2026-01-25 09:00:00,0.5157,0.5211,0.5148,0.5193,180128.8
2026-01-25 10:00:00,0.5193,0.5221,0.5182,0.5197,160980.07
2026-01-25 11:00:00,0.5196,0.5206,0.5175,0.5181,88037.29
2026-01-25 12:00:00,0.518,0.518,0.5145,0.5165,164990.17
2026-01-25 13:00:00,0.5165,0.517,0.5136,0.5163,108726.04
2026-01-25 14:00:00,0.5162,0.5164,0.51,0.5132,327036.85
2026-01-25 15:00:00,0.5131,0.5157,0.5108,0.5123,143804.26
2026-01-25 16:00:00,0.5123,0.5123,0.4988,0.5042,1726576.67
2026-01-25 17:00:00,0.5042,0.5056,0.5006,0.5023,286360.07
2026-01-25 18:00:00,0.5022,0.5034,0.4916,0.4959,981028.82
2026-01-25 19:00:00,0.496,0.4975,0.4856,0.4892,1078961.8
2026-01-25 20:00:00,0.4894,0.4942,0.4867,0.4906,445392.08
2026-01-25 21:00:00,0.4907,0.495,0.4903,0.4936,496507.49
2026-01-25 22:00:00,0.4937,0.4944,0.4887,0.4914,208312.22
2026-01-25 23:00:00,0.4915,0.4965,0.4898,0.4957,335018.27
2026-01-26 00:00:00,0.4957,0.5015,0.4948,0.5015,352531.39
2026-01-26 01:00:00,0.5016,0.5124,0.5013,0.5104,534501.2
2026-01-26 02:00:00,0.5105,0.5115,0.5064,0.5081,276489.17
2026-01-26 03:00:00,0.5082,0.5095,0.5029,0.5041,116732.53
2026-01-26 04:00:00,0.5042,0.5097,0.5042,0.5077,131343.73
2026-01-26 05:00:00,0.5078,0.5103,0.5074,0.509,101529.5
2026-01-26 06:00:00,0.5091,0.517,0.5077,0.5166,453794.05
2026-01-26 07:00:00,0.5167,0.5228,0.516,0.5201,449249.76
2026-01-26 08:00:00,0.5204,0.5286,0.5204,0.5216,735228.12
2026-01-26 09:00:00,0.5217,0.5226,0.512,0.5125,409349.2
2026-01-26 10:00:00,0.5127,0.5159,0.5126,0.5141,125418.38
2026-01-26 11:00:00,0.5141,0.5147,0.5105,0.5114,110902.1
2026-01-26 12:00:00,0.5115,0.5149,0.5115,0.5128,122981.77
2026-01-26 13:00:00,0.5129,0.5152,0.5121,0.5138,267359.61
2026-01-26 14:00:00,0.5137,0.5198,0.5097,0.5167,620318.92
2026-01-26 15:00:00,0.5166,0.5218,0.5102,0.5134,544790.5
2026-01-26 16:00:00,0.5135,0.5155,0.5098,0.5126,333067.6
2026-01-26 17:00:00,0.5125,0.5151,0.5078,0.5145,361995.65
2026-01-26 18:00:00,0.5143,0.5198,0.5135,0.5174,321186.49
2026-01-26 19:00:00,0.5175,0.519,0.5129,0.5138,161441.37
2026-01-26 20:00:00,0.5139,0.5148,0.5096,0.5107,206547.11
2026-01-26 21:00:00,0.5106,0.5185,0.5096,0.5158,214696.03
2026-01-26 22:00:00,0.5159,0.52,0.5155,0.5161,307344.76
2026-01-26 23:00:00,0.5158,0.5182,0.5138,0.516,149245.87
2026-01-27 00:00:00,0.5161,0.517,0.5148,0.5164,81233.45
2026-01-27 01:00:00,0.5163,0.5204,0.5149,0.5184,185186.29
2026-01-27 02:00:00,0.5186,0.5201,0.5171,0.5186,118933.74
2026-01-27 03:00:00,0.5185,0.5191,0.5163,0.5165,110468.23
2026-01-27 04:00:00,0.5164,0.5198,0.5154,0.5165,196857.38
2026-01-27 05:00:00,0.5164,0.5167,0.5149,0.5162,90469.05
2026-01-27 06:00:00,0.5161,0.5163,0.5122,0.5135,1193707.27
2026-01-27 07:00:00,0.5136,0.5166,0.5133,0.5156,135579.26
2026-01-27 08:00:00,0.5158,0.5176,0.5137,0.5148,77661.32
2026-01-27 09:00:00,0.5148,0.5148,0.5114,0.5117,98226.35
2026-01-27 10:00:00,0.5117,0.5136,0.5113,0.512,171660.47
2026-01-27 11:00:00,0.512,0.5132,0.511,0.5117,143862.83
2026-01-27 12:00:00,0.5118,0.5125,0.5101,0.5112,120626.28
2026-01-27 13:00:00,0.5113,0.5117,0.509,0.5097,56136.49
2026-01-27 14:00:00,0.5097,0.5157,0.5081,0.5099,241065.04
2026-01-27 15:00:00,0.5099,0.5163,0.5087,0.5159,256593.77
2026-01-27 16:00:00,0.5159,0.5249,0.5157,0.5218,329993.67
2026-01-27 17:00:00,0.5218,0.5221,0.5087,0.5104,425546.01
2026-01-27 18:00:00,0.5102,0.5211,0.5095,0.5192,252730.35
2026-01-27 19:00:00,0.5191,0.5213,0.5172,0.5197,221898.42
2026-01-27 20:00:00,0.5198,0.5295,0.5197,0.5287,458142.71
2026-01-27 21:00:00,0.5286,0.5302,0.5231,0.5235,261024.16
2026-01-27 22:00:00,0.5236,0.5298,0.5236,0.5279,89546.05
2026-01-27 23:00:00,0.5278,0.5286,0.5253,0.5255,267101.04
2026-01-28 00:00:00,0.5256,0.5266,0.5225,0.5263,169382.15
2026-01-28 01:00:00,0.5264,0.5267,0.5229,0.5244,57832.9
2026-01-28 02:00:00,0.5243,0.5266,0.5232,0.5259,184861.65
2026-01-28 03:00:00,0.5258,0.5265,0.5238,0.5245,96388.77
2026-01-28 04:00:00,0.5243,0.5248,0.5204,0.5218,166500.29
2026-01-28 05:00:00,0.5219,0.5247,0.5219,0.5243,122822.26
2026-01-28 06:00:00,0.5243,0.5259,0.5225,0.5245,209883.9
2026-01-28 07:00:00,0.5244,0.5249,0.5205,0.5215,307139.99
2026-01-28 08:00:00,0.5216,0.5229,0.5197,0.5199,75676.99
2026-01-28 09:00:00,0.52,0.5261,0.5192,0.5261,125396.59
2026-01-28 10:00:00,0.5262,0.5272,0.5229,0.5247,241216.03
2026-01-28 11:00:00,0.5247,0.5282,0.5214,0.5277,363097.3
2026-01-28 12:00:00,0.5277,0.528,0.5216,0.523,197163.44
2026-01-28 13:00:00,0.5231,0.5249,0.521,0.5219,213145.69
2026-01-28 14:00:00,0.5217,0.5221,0.5173,0.5187,227187.22
2026-01-28 15:00:00,0.5188,0.5212,0.5146,0.5183,407638.51
2026-01-28 16:00:00,0.5183,0.5203,0.5154,0.5179,206556.74
2026-01-28 17:00:00,0.518,0.5239,0.5167,0.5208,205123.36
2026-01-28 18:00:00,0.5208,0.5217,0.5176,0.5208,281350.13
2026-01-28 19:00:00,0.5207,0.5237,0.5185,0.5222,493234.38
2026-01-28 20:00:00,0.5221,0.5262,0.5195,0.5206,309404.3
2026-01-28 21:00:00,0.5206,0.5252,0.5167,0.5244,267740.55
2026-01-28 22:00:00,0.5243,0.5285,0.5213,0.5276,768468.45
2026-01-28 23:00:00,0.5276,0.5296,0.5232,0.5237,363150.12
2026-01-29 00:00:00,0.5238,0.5254,0.5192,0.5223,143126.09
2026-01-29 01:00:00,0.5222,0.5229,0.5171,0.5178,90579.78
2026-01-29 02:00:00,0.5179,0.5189,0.5088,0.5111,532500.81
2026-01-29 03:00:00,0.5111,0.5139,0.5096,0.5101,223880.96
2026-01-29 04:00:00,0.51,0.5113,0.506,0.5098,490744.12
2026-01-29 05:00:00,0.5097,0.5101,0.5084,0.5087,105109.37
2026-01-29 06:00:00,0.5087,0.5108,0.5086,0.5098,105546.86
2026-01-29 07:00:00,0.5098,0.5118,0.5098,0.5103,70524.93
2026-01-29 08:00:00,0.5103,0.5124,0.5076,0.5098,111493.14
2026-01-29 09:00:00,0.5097,0.5109,0.5087,0.5089,97838.04
2026-01-29 10:00:00,0.5088,0.5099,0.5068,0.5074,97848.29
2026-01-29 11:00:00,0.5074,0.5074,0.502,0.5031,313618.26
2026-01-29 12:00:00,0.503,0.5037,0.5004,0.5019,197979.2
2026-01-29 13:00:00,0.5018,0.503,0.5008,0.5028,326419.65
2026-01-29 14:00:00,0.5028,0.5042,0.4884,0.4889,579062.77
2026-01-29 15:00:00,0.489,0.489,0.4675,0.4784,2892575.81
2026-01-29 16:00:00,0.4781,0.4786,0.4717,0.4783,1078057.52
2026-01-29 17:00:00,0.4783,0.486,0.4754,0.4761,838232.88
2026-01-29 18:00:00,0.476,0.478,0.4664,0.4674,1227930.22
2026-01-29 19:00:00,0.4673,0.4752,0.4656,0.4733,682615.57
2026-01-29 20:00:00,0.4733,0.4801,0.4719,0.4793,551423.57
2026-01-29 21:00:00,0.4794,0.4822,0.4793,0.4807,241313.6
2026-01-29 22:00:00,0.481,0.482,0.4775,0.4782,133278.55
2026-01-29 23:00:00,0.4781,0.4803,0.4771,0.4801,154316.44
2026-01-30 00:00:00,0.4802,0.4817,0.4784,0.4809,140207.66
2026-01-30 01:00:00,0.4808,0.4828,0.4608,0.4738,2055916.95
2026-01-30 02:00:00,0.4739,0.4742,0.4629,0.4695,826293.87
2026-01-30 03:00:00,0.4695,0.472,0.4672,0.4695,399801.34
2026-01-30 04:00:00,0.4696,0.4765,0.4696,0.4742,324687.13
2026-01-30 05:00:00,0.4743,0.4757,0.4718,0.4726,175775.44
2026-01-30 06:00:00,0.4725,0.4727,0.4612,0.4642,327854.67
2026-01-30 07:00:00,0.4642,0.4731,0.4642,0.4721,316575.83
2026-01-30 08:00:00,0.472,0.4735,0.4667,0.4685,244992.55
2026-01-30 09:00:00,0.4686,0.4702,0.4662,0.4689,185339.31
2026-01-30 10:00:00,0.4688,0.4717,0.4675,0.4702,163819.47
2026-01-30 11:00:00,0.4703,0.4785,0.4695,0.4766,191591.39
2026-01-30 12:00:00,0.4766,0.4776,0.4716,0.4731,167471.08
2026-01-30 13:00:00,0.473,0.4734,0.4665,0.4684,413597.41
2026-01-30 14:00:00,0.4684,0.4763,0.4684,0.4713,553186.56
2026-01-30 15:00:00,0.4714,0.4752,0.465,0.4718,481932.39
2026-01-30 16:00:00,0.4717,0.4765,0.4681,0.472,343007.06
2026-01-30 17:00:00,0.4721,0.4758,0.4687,0.4714,339974.19
2026-01-30 18:00:00,0.4712,0.4798,0.4581,0.4775,783742.23
2026-01-30 19:00:00,0.4777,0.4816,0.476,0.4767,498956.12
2026-01-30 20:00:00,0.4766,0.4767,0.4667,0.4684,724890.34
2026-01-30 21:00:00,0.4685,0.4744,0.468,0.4719,576376.24
2026-01-30 22:00:00,0.472,0.4733,0.4684,0.4723,341089.98
2026-01-30 23:00:00,0.4722,0.4723,0.4678,0.4708,269151.72
2026-01-31 00:00:00,0.4709,0.471,0.4689,0.4693,107869.21
2026-01-31 01:00:00,0.4693,0.4714,0.4675,0.4693,74508.49
2026-01-31 02:00:00,0.4694,0.4702,0.4659,0.4686,128309.75
2026-01-31 03:00:00,0.4686,0.4687,0.4666,0.4669,115928.04
2026-01-31 04:00:00,0.4669,0.4689,0.4649,0.4654,297834.59
2026-01-31 05:00:00,0.4654,0.4686,0.4646,0.4686,176287.18
2026-01-31 06:00:00,0.4685,0.4688,0.462,0.464,322043.34
2026-01-31 07:00:00,0.4641,0.4646,0.4583,0.462,293311.7
2026-01-31 08:00:00,0.4621,0.4633,0.4491,0.4554,996507.67
2026-01-31 09:00:00,0.4555,0.4587,0.4541,0.4557,236748.52
2026-01-31 10:00:00,0.4558,0.458,0.4535,0.4563,127488.21
2026-01-31 11:00:00,0.4564,0.4564,0.4528,0.4538,93574.83
2026-01-31 12:00:00,0.4538,0.4541,0.451,0.4517,178507.22
2026-01-31 13:00:00,0.4518,0.4525,0.4463,0.4476,784476.46
2026-01-31 14:00:00,0.4476,0.449,0.4184,0.4278,3317511.64
2026-01-31 15:00:00,0.4278,0.4352,0.4259,0.4267,1202838.51
2026-01-31 16:00:00,0.4268,0.4339,0.4221,0.4245,1574501.12
2026-01-31 17:00:00,0.4244,0.4265,0.4,0.4108,4402663.39
2026-01-31 18:00:00,0.4108,0.4139,0.3839,0.4059,4930068.42
2026-01-31 19:00:00,0.4059,0.4148,0.4051,0.4094,1655416.96
2026-01-31 20:00:00,0.4094,0.4125,0.4031,0.407,1036816.02
2026-01-31 21:00:00,0.4069,0.4157,0.4054,0.4142,1052430.32
2026-01-31 22:00:00,0.4143,0.4167,0.4122,0.4163,447606.93
2026-01-31 23:00:00,0.416,0.4263,0.4159,0.4233,494868.62
2026-02-01 00:00:00,0.4232,0.4275,0.4228,0.4247,363311.36
2026-02-01 01:00:00,0.4248,0.4252,0.4196,0.4248,236152.21
2026-02-01 02:00:00,0.4249,0.427,0.4238,0.4257,189835.9
2026-02-01 03:00:00,0.4258,0.4268,0.424,0.4248,125095.97
2026-02-01 04:00:00,0.4248,0.4259,0.4236,0.4237,169527.42
2026-02-01 05:00:00,0.4238,0.4244,0.4202,0.4208,232139.91
2026-02-01 06:00:00,0.421,0.4243,0.4199,0.421,205919.55
2026-02-01 07:00:00,0.421,0.4248,0.419,0.4214,445221.16
2026-02-01 08:00:00,0.4215,0.4244,0.4197,0.4219,282584.87
2026-02-01 09:00:00,0.4219,0.4252,0.4187,0.4243,161276.2
2026-02-01 10:00:00,0.4242,0.4264,0.4159,0.4161,467120.13
2026-02-01 11:00:00,0.416,0.422,0.416,0.4202,427291.36
2026-02-01 12:00:00,0.4201,0.4202,0.4143,0.4165,824113.35
2026-02-01 13:00:00,0.4167,0.4207,0.4148,0.4164,307501.01
2026-02-01 14:00:00,0.4162,0.419,0.408,0.415,747203.65
2026-02-01 15:00:00,0.4148,0.4148,0.4012,0.4068,1006448.44
2026-02-01 16:00:00,0.4067,0.4111,0.4029,0.4073,573179.06
2026-02-01 17:00:00,0.4075,0.4099,0.4044,0.4084,330458.56
2026-02-01 18:00:00,0.4084,0.4185,0.4084,0.4142,783896.27
2026-02-01 19:00:00,0.4141,0.4151,0.4079,0.41,379910.29
2026-02-01 20:00:00,0.41,0.4153,0.4054,0.4104,376441.54
2026-02-01 21:00:00,0.4105,0.4113,0.4062,0.4076,297175.12
2026-02-01 22:00:00,0.4077,0.4154,0.4074,0.4109,467807.52
2026-02-01 23:00:00,0.4108,0.415,0.3968,0.408,1550924.58
2026-02-02 00:00:00,0.4081,0.4182,0.4046,0.4147,757242.4
2026-02-02 01:00:00,0.4148,0.4213,0.4096,0.4163,1700499.63
2026-02-02 02:00:00,0.4165,0.4183,0.4107,0.4113,370978.28
2026-02-02 03:00:00,0.4114,0.4162,0.3968,0.4147,3437280.97
2026-02-02 04:00:00,0.4148,0.4212,0.4079,0.4138,649248.6
2026-02-02 05:00:00,0.4139,0.414,0.4032,0.4065,878616.07
2026-02-02 06:00:00,0.4064,0.4195,0.4004,0.413,1611272.37
2026-02-02 07:00:00,0.4129,0.4172,0.4113,0.4136,922601.77
2026-02-02 08:00:00,0.4138,0.4201,0.4137,0.4176,382708.44
2026-02-02 09:00:00,0.4177,0.4255,0.4147,0.4223,1079592.49
2026-02-02 10:00:00,0.4223,0.4231,0.4181,0.4196,352377.13
2026-02-02 11:00:00,0.4197,0.4214,0.4178,0.4181,394420.36
2026-02-02 12:00:00,0.4181,0.4231,0.4181,0.4214,330664.82
2026-02-02 13:00:00,0.4215,0.4241,0.4198,0.4229,294547.81
2026-02-02 14:00:00,0.4229,0.4286,0.4189,0.424,704064.88
2026-02-02 15:00:00,0.4239,0.4336,0.4228,0.4299,586134.47
2026-02-02 16:00:00,0.4299,0.4311,0.4253,0.4256,318523.82
2026-02-02 17:00:00,0.4256,0.4284,0.4229,0.4254,262780.54
2026-02-02 18:00:00,0.4254,0.4272,0.4232,0.425,384445.88
2026-02-02 19:00:00,0.4249,0.4254,0.4219,0.4221,158141.26
2026-02-02 20:00:00,0.422,0.4235,0.4194,0.4209,164551.15
2026-02-02 21:00:00,0.421,0.4242,0.4209,0.4233,122737.28
2026-02-02 22:00:00,0.4234,0.4251,0.4231,0.4241,56670.17
2026-02-02 23:00:00,0.4242,0.4251,0.4221,0.4224,161283.14
2026-02-03 00:00:00,0.4225,0.4232,0.4192,0.4222,174760.66
2026-02-03 01:00:00,0.4221,0.4227,0.419,0.4212,71071.78
2026-02-03 02:00:00,0.4213,0.4213,0.413,0.4133,260970.92
2026-02-03 03:00:00,0.4132,0.4201,0.4114,0.4196,402904.08
2026-02-03 04:00:00,0.4195,0.4227,0.418,0.4215,270258.41
2026-02-03 05:00:00,0.4216,0.4217,0.4132,0.4137,439954.9
2026-02-03 06:00:00,0.4138,0.4166,0.4117,0.4148,640666.09
2026-02-03 07:00:00,0.4148,0.419,0.4129,0.4169,244305.76
2026-02-03 08:00:00,0.4168,0.4202,0.4154,0.4167,283723.55
2026-02-03 09:00:00,0.4166,0.4184,0.4099,0.4139,867323.18
2026-02-03 10:00:00,0.414,0.416,0.4123,0.413,175807.9
2026-02-03 11:00:00,0.413,0.4151,0.413,0.4136,226745.33
2026-02-03 12:00:00,0.4137,0.4177,0.4129,0.4168,335206.92
2026-02-03 13:00:00,0.4167,0.419,0.4154,0.4181,140058.66
2026-02-03 14:00:00,0.418,0.419,0.4092,0.4092,351953.02
2026-02-03 15:00:00,0.4091,0.4211,0.4087,0.4199,872385.67
2026-02-03 16:00:00,0.42,0.4201,0.4087,0.4103,886721.97
2026-02-03 17:00:00,0.4104,0.4112,0.4012,0.4014,621298.25
2026-02-03 18:00:00,0.4015,0.4034,0.3913,0.3919,1557769.48
2026-02-03 19:00:00,0.3918,0.4138,0.3908,0.4106,1653724.11
2026-02-03 20:00:00,0.4106,0.4312,0.4063,0.4252,1862894.39
2026-02-03 21:00:00,0.4251,0.4298,0.4168,0.4179,652011.44
2026-02-03 22:00:00,0.4181,0.4181,0.4108,0.4121,373880.41
2026-02-03 23:00:00,0.412,0.4124,0.4074,0.4107,426580.18
2026-02-04 00:00:00,0.4106,0.4155,0.4087,0.4136,210726.07
2026-02-04 01:00:00,0.4136,0.4202,0.4136,0.4171,397843.03
2026-02-04 02:00:00,0.417,0.4173,0.4119,0.414,272872.54
2026-02-04 03:00:00,0.4141,0.4196,0.4136,0.4178,303548.27
2026-02-04 04:00:00,0.4178,0.4195,0.417,0.418,172334.19
2026-02-04 05:00:00,0.4181,0.4196,0.4152,0.4164,276874.95
2026-02-04 06:00:00,0.4166,0.4203,0.4163,0.4192,209687.67
2026-02-04 07:00:00,0.4191,0.4225,0.4173,0.4212,261392.64
2026-02-04 08:00:00,0.4213,0.4218,0.4182,0.4208,328644.3
2026-02-04 09:00:00,0.4207,0.4207,0.4156,0.4168,303128.84
2026-02-04 10:00:00,0.4168,0.4177,0.4159,0.4166,238760.26
2026-02-04 11:00:00,0.4165,0.418,0.4113,0.4149,711974.68
2026-02-04 12:00:00,0.415,0.4161,0.4103,0.4129,1445076.59
2026-02-04 13:00:00,0.4128,0.413,0.4057,0.4059,538307.99
2026-02-04 14:00:00,0.4057,0.4087,0.4001,0.4005,883138.85
2026-02-04 15:00:00,0.4004,0.4063,0.3945,0.3992,1156035.72
2026-02-04 16:00:00,0.3992,0.4022,0.3921,0.3979,1197142.75
2026-02-04 17:00:00,0.3978,0.4011,0.3931,0.3998,1660186.78
2026-02-04 18:00:00,0.3999,0.4104,0.3925,0.4033,1332346.44
2026-02-04 19:00:00,0.4035,0.4114,0.4006,0.4104,541155.86
2026-02-04 20:00:00,0.4105,0.4115,0.4063,0.4071,503646.57
2026-02-04 21:00:00,0.4072,0.4087,0.3992,0.4023,373856.05
2026-02-04 22:00:00,0.4024,0.4083,0.3942,0.3988,353036.39
2026-02-04 23:00:00,0.3987,0.407,0.3981,0.4032,771078.92
2026-02-05 00:00:00,0.4033,0.4059,0.4018,0.4037,131252.41
2026-02-05 01:00:00,0.4038,0.4093,0.4,0.4031,538857.22
2026-02-05 02:00:00,0.4032,0.4066,0.3995,0.4003,656469.45
2026-02-05 03:00:00,0.4003,0.4028,0.3973,0.3987,531251.84
2026-02-05 04:00:00,0.3987,0.4016,0.3959,0.398,774781.52
2026-02-05 05:00:00,0.398,0.4027,0.393,0.3978,676587.29
2026-02-05 06:00:00,0.3979,0.3984,0.3911,0.3927,493134.07
2026-02-05 07:00:00,0.3926,0.3982,0.392,0.3931,469110.33
2026-02-05 08:00:00,0.3932,0.3981,0.3932,0.3953,234416.03
2026-02-05 09:00:00,0.3954,0.4,0.395,0.3958,384641.64
2026-02-05 10:00:00,0.3958,0.3965,0.3859,0.3874,559142.97
2026-02-05 11:00:00,0.3873,0.3884,0.3787,0.3837,898998.58
2026-02-05 12:00:00,0.3838,0.386,0.3789,0.3821,712067.06
2026-02-05 13:00:00,0.3821,0.3855,0.3778,0.3791,659697.01
2026-02-05 14:00:00,0.3792,0.3889,0.3785,0.3794,872356.41
2026-02-05 15:00:00,0.3794,0.3809,0.3503,0.3596,4629437.48
2026-02-05 16:00:00,0.3597,0.3651,0.3535,0.3572,3549917.12
2026-02-05 17:00:00,0.3572,0.3663,0.3482,0.3523,5077082.54
2026-02-05 18:00:00,0.3523,0.3545,0.3424,0.3482,2628375.47
2026-02-05 19:00:00,0.3482,0.3483,0.3377,0.3391,1850283.19
2026-02-05 20:00:00,0.3391,0.3432,0.3226,0.3301,7313579.89
2026-02-05 21:00:00,0.33,0.3421,0.325,0.3286,4214528.15
2026-02-05 22:00:00,0.3287,0.3349,0.3225,0.3277,1606226.48
2026-02-05 23:00:00,0.3278,0.336,0.3215,0.3226,1379957.71
2026-02-06 00:00:00,0.3227,0.3249,0.2852,0.3146,11976880.97
2026-02-06 01:00:00,0.3145,0.3275,0.3134,0.3267,2341428.32
2026-02-06 02:00:00,0.3268,0.3308,0.3199,0.3247,2580785.34
2026-02-06 03:00:00,0.3248,0.3266,0.3193,0.3221,739765.11
2026-02-06 04:00:00,0.3221,0.3309,0.3203,0.3301,3136694.41
2026-02-06 05:00:00,0.3301,0.3419,0.329,0.3403,1401954.2
2026-02-06 06:00:00,0.3405,0.343,0.3327,0.3332,711238.25
2026-02-06 07:00:00,0.3333,0.3335,0.3285,0.3293,618860.01
2026-02-06 08:00:00,0.3293,0.3295,0.3238,0.3254,1013160.28
2026-02-06 09:00:00,0.3254,0.3358,0.3246,0.3347,921606.64
2026-02-06 10:00:00,0.3347,0.3416,0.3342,0.3413,2178219.69
2026-02-06 11:00:00,0.3412,0.3442,0.34,0.3433,795243.76
2026-02-06 12:00:00,0.3433,0.3433,0.34,0.3421,413449.82
2026-02-06 13:00:00,0.3423,0.3457,0.3399,0.343,854795.49
2026-02-06 14:00:00,0.3429,0.3515,0.3385,0.3486,1372402.78
2026-02-06 15:00:00,0.3487,0.3489,0.343,0.3456,1752887.46
2026-02-06 16:00:00,0.3457,0.3587,0.3442,0.3559,1254336.57
2026-02-06 17:00:00,0.3559,0.3675,0.3548,0.363,1984371.14
2026-02-06 18:00:00,0.3631,0.3636,0.355,0.3566,919239.18
2026-02-06 19:00:00,0.3566,0.3621,0.3538,0.361,648966.07
2026-02-06 20:00:00,0.3609,0.3635,0.356,0.3582,634367.74
2026-02-06 21:00:00,0.3583,0.3607,0.356,0.3606,233330.46
2026-02-06 22:00:00,0.3606,0.3664,0.36,0.3646,404450.89
2026-02-06 23:00:00,0.3645,0.3672,0.3613,0.363,208502.06
2026-02-07 00:00:00,0.363,0.363,0.3572,0.3588,497352.44
2026-02-07 01:00:00,0.3587,0.3632,0.3569,0.3625,470166.39
2026-02-07 02:00:00,0.3624,0.3642,0.3612,0.3624,270578.09
2026-02-07 03:00:00,0.3623,0.3659,0.3618,0.3644,347091.89
2026-02-07 04:00:00,0.3644,0.369,0.3622,0.3633,541989.33
2026-02-07 05:00:00,0.3632,0.3659,0.3626,0.3637,281753.81
2026-02-07 06:00:00,0.3636,0.3654,0.3555,0.3559,419313.32
2026-02-07 07:00:00,0.3558,0.3576,0.3471,0.3513,979286.85
2026-02-07 08:00:00,0.3512,0.3546,0.3502,0.3532,471665.86
2026-02-07 09:00:00,0.3533,0.3546,0.3497,0.3506,329946.84
2026-02-07 10:00:00,0.3505,0.3516,0.3466,0.3489,381289.04
2026-02-07 11:00:00,0.3488,0.3502,0.3477,0.3498,242863.68
2026-02-07 12:00:00,0.3497,0.3629,0.3494,0.3595,729859.35
2026-02-07 13:00:00,0.3596,0.3608,0.3547,0.3559,268797.29
2026-02-07 14:00:00,0.356,0.3568,0.3507,0.3513,324033.38
2026-02-07 15:00:00,0.3514,0.3591,0.3506,0.3579,324560.13
2026-02-07 16:00:00,0.358,0.3705,0.3568,0.361,5845190.84
2026-02-07 17:00:00,0.3609,0.3636,0.3583,0.3589,1174268.28
2026-02-07 18:00:00,0.3588,0.3691,0.3584,0.3669,2437282.09
2026-02-07 19:00:00,0.3668,0.3668,0.3628,0.3639,179087.43
2026-02-07 20:00:00,0.364,0.3676,0.3634,0.3665,258649.59
2026-02-07 21:00:00,0.3666,0.368,0.3644,0.365,197535.97
2026-02-07 22:00:00,0.365,0.3664,0.3632,0.3636,146214.66
2026-02-07 23:00:00,0.3635,0.364,0.3611,0.3633,124482.19
2026-02-08 00:00:00,0.3633,0.3638,0.3613,0.3624,154272.82
2026-02-08 01:00:00,0.3625,0.3634,0.3613,0.3621,123083.81
2026-02-08 02:00:00,0.3621,0.3635,0.3591,0.3603,109155.55
2026-02-08 03:00:00,0.3601,0.3605,0.3574,0.3576,167875.03
2026-02-08 04:00:00,0.3575,0.3596,0.356,0.3592,103025.93
2026-02-08 05:00:00,0.3591,0.3596,0.3573,0.3578,86591.93
2026-02-08 06:00:00,0.3577,0.3584,0.3562,0.3564,107600.91
2026-02-08 07:00:00,0.3565,0.3571,0.3546,0.3568,152988.68
2026-02-08 08:00:00,0.3567,0.3622,0.3552,0.3613,462652.4
2026-02-08 09:00:00,0.3613,0.3622,0.3567,0.3577,266551.26
2026-02-08 10:00:00,0.3578,0.3602,0.3554,0.3568,148041.79
2026-02-08 11:00:00,0.3567,0.3646,0.3565,0.3643,421270.57
2026-02-08 12:00:00,0.3644,0.3646,0.361,0.3627,470395.56
2026-02-08 13:00:00,0.3627,0.3635,0.3603,0.3621,676849.71
2026-02-08 14:00:00,0.3621,0.3628,0.3592,0.3628,149971.97
2026-02-08 15:00:00,0.3628,0.3642,0.3571,0.3582,350696.88
2026-02-08 16:00:00,0.358,0.3591,0.3479,0.3498,1091884.78
2026-02-08 17:00:00,0.3498,0.3532,0.3498,0.3526,182923.05
2026-02-08 18:00:00,0.3526,0.3575,0.3523,0.3553,268719.14
2026-02-08 19:00:00,0.3552,0.3571,0.3547,0.3564,197055.7
2026-02-08 20:00:00,0.3565,0.3565,0.3511,0.3516,240191.35
2026-02-08 21:00:00,0.3515,0.3532,0.3491,0.3508,236807.62
2026-02-08 22:00:00,0.3508,0.3539,0.3508,0.3535,160819.28
2026-02-08 23:00:00,0.3537,0.3618,0.3493,0.3525,674772.93
2026-02-09 00:00:00,0.3524,0.354,0.3499,0.3525,370817.27
2026-02-09 01:00:00,0.3524,0.3562,0.3503,0.353,495540.09
2026-02-09 02:00:00,0.3528,0.3569,0.3514,0.3543,299873.48
2026-02-09 03:00:00,0.3545,0.3591,0.3538,0.3577,223553.57
2026-02-09 04:00:00,0.3576,0.3576,0.3544,0.3546,100980.22
2026-02-09 05:00:00,0.3545,0.3574,0.354,0.3572,129968.69
2026-02-09 06:00:00,0.357,0.357,0.3519,0.3527,183150.63
2026-02-09 07:00:00,0.3526,0.3538,0.35,0.35,197211.61
2026-02-09 08:00:00,0.3499,0.3507,0.3437,0.3462,367966.17
2026-02-09 09:00:00,0.3461,0.3471,0.3429,0.344,285556.02
2026-02-09 10:00:00,0.3439,0.3448,0.3375,0.339,772090.7
2026-02-09 11:00:00,0.3391,0.3422,0.3391,0.3412,288203.61
2026-02-09 12:00:00,0.3412,0.3445,0.3409,0.3429,191459.52
2026-02-09 13:00:00,0.343,0.345,0.3402,0.3402,269466.92
2026-02-09 14:00:00,0.3403,0.3477,0.3393,0.3455,715956.93
2026-02-09 15:00:00,0.3456,0.35,0.3433,0.3493,310384.7
2026-02-09 16:00:00,0.3492,0.3564,0.3459,0.3529,603985.29
2026-02-09 17:00:00,0.353,0.3597,0.3509,0.3576,534029.98
2026-02-09 18:00:00,0.3577,0.3597,0.3534,0.3564,437058.98
2026-02-09 19:00:00,0.3563,0.3594,0.3552,0.3588,120828.93
2026-02-09 20:00:00,0.3588,0.3609,0.3548,0.3563,271051.22
2026-02-09 21:00:00,0.3564,0.357,0.3516,0.3556,244779.49
2026-02-09 22:00:00,0.3557,0.3575,0.3551,0.3563,109543.58
2026-02-09 23:00:00,0.3564,0.3572,0.3534,0.3539,68587.66
2026-02-10 00:00:00,0.354,0.3547,0.3516,0.3517,64443.72
2026-02-10 01:00:00,0.3517,0.356,0.3516,0.3554,168255.85
2026-02-10 02:00:00,0.3555,0.3555,0.3518,0.3521,147353.95
2026-02-10 03:00:00,0.3522,0.3527,0.3449,0.3472,512544.13
2026-02-10 04:00:00,0.3471,0.3492,0.3467,0.3487,235938.12
2026-02-10 05:00:00,0.3488,0.3489,0.3437,0.3443,256316.11
2026-02-10 06:00:00,0.3442,0.3446,0.3376,0.3387,535618.74
2026-02-10 07:00:00,0.3388,0.3415,0.3386,0.34,353906.65
2026-02-10 08:00:00,0.3401,0.342,0.3387,0.3416,235694.32
2026-02-10 09:00:00,0.3414,0.344,0.3409,0.342,316755.11
2026-02-10 10:00:00,0.3419,0.3433,0.3404,0.341,149557.89
2026-02-10 11:00:00,0.3409,0.3419,0.3387,0.3391,220798.06
2026-02-10 12:00:00,0.3391,0.3402,0.3385,0.3391,167997.47
2026-02-10 13:00:00,0.339,0.341,0.338,0.3402,282230.54
2026-02-10 14:00:00,0.3401,0.343,0.3365,0.3386,510665.5
2026-02-10 15:00:00,0.3385,0.3434,0.3373,0.3417,537337.53
2026-02-10 16:00:00,0.3418,0.3455,0.3391,0.3412,714352.12
2026-02-10 17:00:00,0.3413,0.3441,0.3398,0.3427,210283.71
2026-02-10 18:00:00,0.3428,0.3432,0.3356,0.337,366462.94
2026-02-10 19:00:00,0.337,0.34,0.3356,0.339,158042.22
2026-02-10 20:00:00,0.3389,0.3399,0.338,0.339,183149.95
2026-02-10 21:00:00,0.339,0.3404,0.3368,0.338,123881.51
2026-02-10 22:00:00,0.3381,0.3408,0.3374,0.3386,203343.67
2026-02-10 23:00:00,0.3384,0.3403,0.3379,0.3398,97980.5
2026-02-11 00:00:00,0.3398,0.3416,0.3395,0.3411,108931.67
2026-02-11 01:00:00,0.3411,0.3415,0.3392,0.3408,109726.6
2026-02-11 02:00:00,0.3409,0.3424,0.3393,0.3393,99951.96
2026-02-11 03:00:00,0.3393,0.3414,0.3356,0.3391,217038.62
2026-02-11 04:00:00,0.339,0.3393,0.3323,0.3332,389984.52
2026-02-11 05:00:00,0.3333,0.3353,0.331,0.3316,253514.45
2026-02-11 06:00:00,0.3315,0.3316,0.3258,0.3266,601098.56
2026-02-11 07:00:00,0.3266,0.3286,0.3254,0.3266,206820.31
2026-02-11 08:00:00,0.3265,0.3272,0.3248,0.3261,459459.89
2026-02-11 09:00:00,0.3261,0.3277,0.3255,0.3263,174574.08
2026-02-11 10:00:00,0.3264,0.3265,0.323,0.3238,209787.06
2026-02-11 11:00:00,0.3238,0.3272,0.3237,0.3271,121994.76
2026-02-11 12:00:00,0.327,0.329,0.3257,0.3279,218412.39
2026-02-11 13:00:00,0.328,0.3302,0.3248,0.3298,529374.4
2026-02-11 14:00:00,0.3299,0.3422,0.3243,0.325,1641595.81
2026-02-11 15:00:00,0.3251,0.3272,0.3197,0.3237,803963.97
2026-02-11 16:00:00,0.3237,0.3292,0.3217,0.3221,529661.84
2026-02-11 17:00:00,0.322,0.3298,0.3211,0.3273,441025.79
2026-02-11 18:00:00,0.3274,0.3321,0.3248,0.3305,413931.57
2026-02-11 19:00:00,0.3306,0.3326,0.3286,0.3306,371088.77
2026-02-11 20:00:00,0.3305,0.332,0.3275,0.3309,288526.46
2026-02-11 21:00:00,0.331,0.3358,0.3301,0.3338,447654.22
2026-02-11 22:00:00,0.3337,0.3355,0.3304,0.3308,341464.09
2026-02-11 23:00:00,0.3307,0.3316,0.3267,0.3295,315326.64
2026-02-12 00:00:00,0.3296,0.3331,0.3296,0.3317,219273.93
2026-02-12 01:00:00,0.3318,0.3354,0.3318,0.3326,178167.61
2026-02-12 02:00:00,0.3326,0.3351,0.3318,0.3333,203428.52
2026-02-12 03:00:00,0.3335,0.3353,0.3332,0.335,46461.05
2026-02-12 04:00:00,0.3349,0.3362,0.3337,0.3344,145699.03
2026-02-12 05:00:00,0.3343,0.3358,0.3326,0.3355,241761.5
2026-02-12 06:00:00,0.3356,0.3403,0.3356,0.3395,238828.56
2026-02-12 07:00:00,0.3394,0.3404,0.3378,0.3392,164853.28
2026-02-12 08:00:00,0.3393,0.3396,0.3364,0.3376,277229.73
2026-02-12 09:00:00,0.3375,0.3404,0.3367,0.3393,488037.13
2026-02-12 10:00:00,0.3394,0.3422,0.3385,0.342,300252.44
2026-02-12 11:00:00,0.342,0.3426,0.3395,0.3403,248831.29
2026-02-12 12:00:00,0.3402,0.3404,0.3357,0.3366,156041.67
2026-02-12 13:00:00,0.3366,0.3383,0.3336,0.3378,341822.97
2026-02-12 14:00:00,0.338,0.3383,0.333,0.3343,317014.87
2026-02-12 15:00:00,0.3343,0.3366,0.329,0.3292,449622.25
2026-02-12 16:00:00,0.3293,0.3313,0.3237,0.3262,749200.62
2026-02-12 17:00:00,0.3261,0.3319,0.3257,0.3281,815945.73
2026-02-12 18:00:00,0.328,0.3317,0.3274,0.3307,335678.17
2026-02-12 19:00:00,0.3308,0.3379,0.3284,0.3334,516322.39
2026-02-12 20:00:00,0.3335,0.3341,0.3296,0.3307,141073.4
2026-02-12 21:00:00,0.3308,0.333,0.3303,0.3316,202656.74
2026-02-12 22:00:00,0.3315,0.3365,0.3307,0.3365,188008.09
2026-02-12 23:00:00,0.3364,0.3388,0.336,0.3379,191926.99
2026-02-13 00:00:00,0.3378,0.3393,0.3336,0.3349,132283.54
2026-02-13 01:00:00,0.3348,0.3365,0.3343,0.335,128912.51
2026-02-13 02:00:00,0.3351,0.3358,0.3341,0.3351,122392.66
2026-02-13 03:00:00,0.335,0.3362,0.3334,0.3345,164081.79
2026-02-13 04:00:00,0.3345,0.3349,0.3331,0.3332,96431.94
2026-02-13 05:00:00,0.3332,0.3334,0.3308,0.3308,81710.29
2026-02-13 06:00:00,0.331,0.3332,0.3298,0.3331,92104.79
2026-02-13 07:00:00,0.3331,0.3349,0.3326,0.3334,151853.76
2026-02-13 08:00:00,0.3334,0.3382,0.3331,0.3376,139904.13
2026-02-13 09:00:00,0.3376,0.338,0.3363,0.3375,162929.37
2026-02-13 10:00:00,0.3376,0.3389,0.3366,0.3371,273241.38
2026-02-13 11:00:00,0.337,0.3374,0.3353,0.337,182681.33
2026-02-13 12:00:00,0.337,0.337,0.3352,0.3356,115927.85
2026-02-13 13:00:00,0.3355,0.3394,0.3345,0.3376,426279.75
2026-02-13 14:00:00,0.3375,0.3419,0.3352,0.3396,427127.6
2026-02-13 15:00:00,0.3397,0.3514,0.3391,0.3452,605017.39
2026-02-13 16:00:00,0.3452,0.3536,0.3445,0.3522,477622.03
2026-02-13 17:00:00,0.3522,0.3526,0.3491,0.351,353248.47
2026-02-13 18:00:00,0.3509,0.3512,0.3484,0.3488,314763.8
2026-02-13 19:00:00,0.3489,0.3504,0.3477,0.3482,205147.18
2026-02-13 20:00:00,0.3484,0.3505,0.3482,0.3498,113752.13
2026-02-13 21:00:00,0.3497,0.3527,0.3497,0.3522,183913.24
2026-02-13 22:00:00,0.3522,0.355,0.3512,0.3518,323002.79
2026-02-13 23:00:00,0.3517,0.3522,0.3503,0.3503,83327.22
2026-02-14 00:00:00,0.3503,0.3543,0.3503,0.3531,168165.99
2026-02-14 01:00:00,0.353,0.353,0.3508,0.3522,156303.64
2026-02-14 02:00:00,0.3523,0.3537,0.352,0.3522,67019.92
2026-02-14 03:00:00,0.3523,0.3539,0.3519,0.353,58781.86
2026-02-14 04:00:00,0.353,0.3533,0.3515,0.3527,117838.24
2026-02-14 05:00:00,0.3526,0.3534,0.35,0.35,195079.35
2026-02-14 06:00:00,0.3501,0.3516,0.3489,0.3514,611868.68
2026-02-14 07:00:00,0.3514,0.3523,0.3506,0.3506,222375.8
2026-02-14 08:00:00,0.3507,0.3547,0.3506,0.3542,320408.45
2026-02-14 09:00:00,0.3542,0.3548,0.3529,0.3531,262205.63
2026-02-14 10:00:00,0.353,0.353,0.3509,0.3514,190059.56
2026-02-14 11:00:00,0.3515,0.3568,0.3515,0.3558,334227.91
2026-02-14 12:00:00,0.3559,0.357,0.3526,0.3526,249745.54
2026-02-14 13:00:00,0.3525,0.3527,0.35,0.3522,329610.44
2026-02-14 14:00:00,0.3521,0.3567,0.3516,0.3564,168214.06
2026-02-14 15:00:00,0.3564,0.3574,0.355,0.3572,128522.2
2026-02-14 16:00:00,0.3572,0.3586,0.3541,0.3582,277836.14
2026-02-14 17:00:00,0.3583,0.3608,0.3565,0.3579,499343.67
2026-02-14 18:00:00,0.3578,0.3618,0.3572,0.3617,341202.51
2026-02-14 19:00:00,0.3618,0.3646,0.3602,0.3639,234384.64
2026-02-14 20:00:00,0.364,0.3648,0.36,0.3626,316346.72
2026-02-14 21:00:00,0.3627,0.3656,0.3603,0.3614,294707.54
2026-02-14 22:00:00,0.3614,0.3647,0.3609,0.3642,223844.57
2026-02-14 23:00:00,0.3642,0.3643,0.3605,0.3611,149170.58
2026-02-15 00:00:00,0.3609,0.3616,0.3569,0.3587,180496.15
2026-02-15 01:00:00,0.3586,0.3612,0.356,0.3583,178343.75
2026-02-15 02:00:00,0.3582,0.3595,0.3532,0.356,332800.76
2026-02-15 03:00:00,0.3559,0.3569,0.3511,0.3568,404590.69
2026-02-15 04:00:00,0.3568,0.3619,0.3566,0.358,406767.67
2026-02-15 05:00:00,0.3581,0.3608,0.3575,0.3588,306678.51
2026-02-15 06:00:00,0.3587,0.3597,0.3563,0.3574,199643.63
2026-02-15 07:00:00,0.3574,0.3615,0.357,0.3607,294445.51
2026-02-15 08:00:00,0.3607,0.3612,0.3517,0.3543,440669.79
2026-02-15 09:00:00,0.3542,0.3572,0.3539,0.3561,271156.11
2026-02-15 10:00:00,0.356,0.3565,0.353,0.3549,259065.01
2026-02-15 11:00:00,0.355,0.3559,0.3542,0.3547,106674.78
2026-02-15 12:00:00,0.3548,0.3555,0.3438,0.344,588001.23
2026-02-15 13:00:00,0.3442,0.3481,0.3409,0.3428,751907.79
2026-02-15 14:00:00,0.3426,0.3454,0.3422,0.3447,368605.05
2026-02-15 15:00:00,0.3446,0.3457,0.3429,0.3444,272128.08
2026-02-15 16:00:00,0.3443,0.3443,0.3411,0.3427,415198.67
2026-02-15 17:00:00,0.3426,0.3433,0.335,0.3371,595610.66
2026-02-15 18:00:00,0.3371,0.3395,0.3349,0.3359,423142.48
2026-02-15 19:00:00,0.3358,0.3374,0.3331,0.3353,449872.83
2026-02-15 20:00:00,0.3354,0.3383,0.3342,0.3373,358396.61
2026-02-15 21:00:00,0.3374,0.3397,0.3372,0.3385,202599.87
2026-02-15 22:00:00,0.3384,0.3397,0.3377,0.3393,164371.22
2026-02-15 23:00:00,0.3391,0.3397,0.3351,0.3393,165238.98
2026-02-16 00:00:00,0.3393,0.3411,0.3387,0.3403,142548.33
2026-02-16 01:00:00,0.3402,0.3421,0.3379,0.3392,134314.74
2026-02-16 02:00:00,0.3391,0.3396,0.3375,0.3379,171871.99
2026-02-16 03:00:00,0.3381,0.3392,0.3375,0.3392,171155.95
2026-02-16 04:00:00,0.339,0.3423,0.339,0.3423,166781.12
2026-02-16 05:00:00,0.3424,0.3434,0.3365,0.3373,96315.66
2026-02-16 06:00:00,0.3372,0.3418,0.337,0.3404,209227.19
2026-02-16 07:00:00,0.3403,0.3413,0.3391,0.34,167537.4
2026-02-16 08:00:00,0.3399,0.3425,0.3398,0.3411,297258.32
2026-02-16 09:00:00,0.3411,0.3434,0.341,0.3419,263908.26
2026-02-16 10:00:00,0.3419,0.3424,0.3402,0.3404,50269.92
2026-02-16 11:00:00,0.3404,0.341,0.3355,0.3391,395307.93
2026-02-16 12:00:00,0.3391,0.3455,0.3379,0.3454,382189.98
2026-02-16 13:00:00,0.3455,0.3477,0.3366,0.3379,478599.72
2026-02-16 14:00:00,0.3379,0.3412,0.335,0.339,461396.16
2026-02-16 15:00:00,0.3391,0.3415,0.3324,0.3349,466258.68
2026-02-16 16:00:00,0.3348,0.3404,0.3346,0.3382,644392.24
2026-02-16 17:00:00,0.3381,0.3397,0.3362,0.338,237364.28
2026-02-16 18:00:00,0.338,0.34,0.3378,0.3382,131654.79
2026-02-16 19:00:00,0.3383,0.3409,0.3371,0.3402,1014702.52
2026-02-16 20:00:00,0.3403,0.3453,0.3396,0.3451,306963.94
2026-02-16 21:00:00,0.345,0.3479,0.3439,0.3475,381721.47
2026-02-16 22:00:00,0.3475,0.3488,0.3449,0.3458,214905.09
2026-02-16 23:00:00,0.3457,0.3476,0.3452,0.3463,57160.85
2026-02-17 00:00:00,0.3464,0.3466,0.3443,0.3444,106784.6
2026-02-17 01:00:00,0.3445,0.3458,0.3429,0.3432,193503.46
2026-02-17 02:00:00,0.3431,0.3461,0.3416,0.3452,109645.03
2026-02-17 03:00:00,0.3451,0.3451,0.3432,0.3433,34906.07
2026-02-17 04:00:00,0.3432,0.3448,0.3424,0.343,93510.98
2026-02-17 05:00:00,0.343,0.3431,0.3379,0.3403,113269.14
2026-02-17 06:00:00,0.3404,0.342,0.3404,0.3414,56396.31
2026-02-17 07:00:00,0.3413,0.3415,0.3399,0.341,88340.12
2026-02-17 08:00:00,0.341,0.3422,0.339,0.3395,136741.52
2026-02-17 09:00:00,0.3394,0.3398,0.3383,0.3388,58962.27
2026-02-17 10:00:00,0.3389,0.3397,0.3362,0.3374,183074.64
2026-02-17 11:00:00,0.3375,0.339,0.337,0.3384,185664.76
2026-02-17 12:00:00,0.3384,0.3409,0.338,0.3401,326147.11
2026-02-17 13:00:00,0.3401,0.3453,0.3399,0.3435,228216.3
2026-02-17 14:00:00,0.3435,0.3448,0.3353,0.3362,499982.46
2026-02-17 15:00:00,0.3361,0.3466,0.3354,0.3416,907054.23
2026-02-17 16:00:00,0.3417,0.3466,0.3407,0.3419,592134.71
2026-02-17 17:00:00,0.342,0.3429,0.336,0.3388,372439.53
2026-02-17 18:00:00,0.3387,0.3456,0.3377,0.3437,260899.73
2026-02-17 19:00:00,0.3438,0.3446,0.3409,0.3417,332746.39
2026-02-17 20:00:00,0.3416,0.3425,0.3395,0.3406,128992.38
2026-02-17 21:00:00,0.3406,0.3423,0.3402,0.3413,31822.05
2026-02-17 22:00:00,0.3412,0.3424,0.3401,0.3404,35234.71
2026-02-17 23:00:00,0.3402,0.3413,0.3399,0.3404,62128.69
2026-02-18 00:00:00,0.3403,0.341,0.3384,0.3386,58215.95
2026-02-18 01:00:00,0.3385,0.3391,0.3364,0.3381,97224.39
2026-02-18 02:00:00,0.3382,0.3406,0.3379,0.34,89499.6
2026-02-18 03:00:00,0.3399,0.3415,0.3397,0.3409,37779.15
2026-02-18 04:00:00,0.3408,0.3413,0.3401,0.3406,36064.18
2026-02-18 05:00:00,0.3405,0.342,0.3403,0.341,63475.94
2026-02-18 06:00:00,0.3412,0.3434,0.3411,0.342,49407.92
2026-02-18 07:00:00,0.3421,0.3457,0.3417,0.3447,77998.55
2026-02-18 08:00:00,0.3449,0.3468,0.3441,0.3444,253099.75
2026-02-18 09:00:00,0.3446,0.3457,0.3441,0.3453,42956.81
2026-02-18 10:00:00,0.3454,0.3456,0.3421,0.3425,217680.15
2026-02-18 11:00:00,0.3426,0.3426,0.3383,0.3403,138373.48
2026-02-18 12:00:00,0.3401,0.3413,0.3381,0.3388,99603.17
2026-02-18 13:00:00,0.3389,0.3394,0.3354,0.3367,451239.88
2026-02-18 14:00:00,0.3367,0.3371,0.333,0.3365,294114.44
2026-02-18 15:00:00,0.3367,0.3443,0.3365,0.3398,402423.6
2026-02-18 16:00:00,0.3399,0.3403,0.3349,0.3356,286540.99
2026-02-18 17:00:00,0.3357,0.3388,0.3345,0.3346,144605.48
2026-02-18 18:00:00,0.3347,0.3351,0.3305,0.3311,491124.74
2026-02-18 19:00:00,0.331,0.3329,0.3268,0.3292,344001.32
2026-02-18 20:00:00,0.3292,0.331,0.3278,0.3285,344741.86
2026-02-18 21:00:00,0.3287,0.33,0.3275,0.3284,78849.8
2026-02-18 22:00:00,0.3284,0.3299,0.3269,0.3297,207658.88
2026-02-18 23:00:00,0.3292,0.3299,0.3279,0.3295,79081.09
2026-02-19 00:00:00,0.3294,0.33,0.3281,0.3284,99304.85
2026-02-19 01:00:00,0.3285,0.3324,0.3285,0.3322,224844.88
2026-02-19 02:00:00,0.3322,0.3328,0.3308,0.332,124987.17
2026-02-19 03:00:00,0.3319,0.3327,0.3307,0.3323,86175.49
2026-02-19 04:00:00,0.3323,0.3335,0.3314,0.3314,113621.76
2026-02-19 05:00:00,0.3314,0.3314,0.3286,0.3298,169246.63
2026-02-19 06:00:00,0.3297,0.3317,0.3296,0.3306,167805.53
2026-02-19 07:00:00,0.3307,0.3313,0.3296,0.33,313852.68
2026-02-19 08:00:00,0.3299,0.3299,0.3242,0.3253,688127.91
2026-02-19 09:00:00,0.3255,0.3271,0.3249,0.325,128858.04
2026-02-19 10:00:00,0.3249,0.3264,0.3238,0.3246,175640.41
2026-02-19 11:00:00,0.3246,0.3259,0.3229,0.3231,186823.79
2026-02-19 12:00:00,0.3232,0.3248,0.3227,0.3228,284286.92
2026-02-19 13:00:00,0.3228,0.3228,0.316,0.3174,422971.14
2026-02-19 14:00:00,0.3175,0.3214,0.3166,0.3197,325842.07
2026-02-19 15:00:00,0.3198,0.3221,0.3167,0.3186,289461.8
2026-02-19 16:00:00,0.3185,0.3198,0.3145,0.3187,297001.91
2026-02-19 17:00:00,0.3186,0.3229,0.316,0.318,234238.58
2026-02-19 18:00:00,0.3179,0.3226,0.3174,0.3216,240687.86
2026-02-19 19:00:00,0.3216,0.3221,0.3194,0.3213,147281.34
2026-02-19 20:00:00,0.3212,0.3228,0.3202,0.322,135623.83
2026-02-19 21:00:00,0.3221,0.3226,0.321,0.3212,32736.46
2026-02-19 22:00:00,0.3213,0.3221,0.3202,0.322,54313.66
2026-02-19 23:00:00,0.3221,0.3232,0.3214,0.3231,53957.41
2026-02-20 00:00:00,0.3231,0.3253,0.3222,0.3244,81542.39
2026-02-20 01:00:00,0.3244,0.3251,0.3229,0.3247,82911.25
2026-02-20 02:00:00,0.3248,0.3257,0.3236,0.3236,96127.6
2026-02-20 03:00:00,0.3237,0.3252,0.3231,0.3242,202348.46
2026-02-20 04:00:00,0.3242,0.3247,0.3208,0.3223,95598.96
2026-02-20 05:00:00,0.3224,0.3263,0.3209,0.3249,243274.98
2026-02-20 06:00:00,0.325,0.3254,0.3234,0.3254,105310.88
2026-02-20 07:00:00,0.3255,0.326,0.3243,0.3256,72183.7
2026-02-20 08:00:00,0.3255,0.3275,0.325,0.3265,139658.72
2026-02-20 09:00:00,0.3265,0.3297,0.3264,0.3283,147742.21
2026-02-20 10:00:00,0.3282,0.3296,0.3258,0.326,151479.37
2026-02-20 11:00:00,0.3261,0.3306,0.3232,0.3241,1773445.81
2026-02-20 12:00:00,0.3242,0.3256,0.3232,0.3247,203003.07
2026-02-20 13:00:00,0.3246,0.3246,0.3163,0.3198,568069.43
2026-02-20 14:00:00,0.3197,0.3252,0.3195,0.3232,326694.05
2026-02-20 15:00:00,0.3233,0.3316,0.3226,0.33,941883.49
2026-02-20 16:00:00,0.33,0.3332,0.3271,0.3309,606563.97
2026-02-20 17:00:00,0.3308,0.3314,0.3236,0.3312,717999.32
2026-02-20 18:00:00,0.3312,0.3325,0.3281,0.3306,632330.11
2026-02-20 19:00:00,0.3307,0.3316,0.3286,0.3294,200316.01
2026-02-20 20:00:00,0.3293,0.3305,0.3279,0.3295,162406.37
2026-02-20 21:00:00,0.3294,0.3303,0.329,0.3302,142930.6
2026-02-20 22:00:00,0.3301,0.331,0.3288,0.3303,105309.37
2026-02-20 23:00:00,0.3306,0.3309,0.3294,0.3301,53823.27
2026-02-21 00:00:00,0.3302,0.3303,0.3276,0.3277,111855.77
2026-02-21 01:00:00,0.3278,0.3293,0.3277,0.3291,50222.86
2026-02-21 02:00:00,0.3291,0.3309,0.3284,0.33,40909.83
2026-02-21 03:00:00,0.3301,0.3302,0.3275,0.3288,93462.17
2026-02-21 04:00:00,0.3287,0.3299,0.3281,0.3298,32561.42
2026-02-21 05:00:00,0.3297,0.3316,0.3297,0.3304,76861.9
2026-02-21 06:00:00,0.3305,0.331,0.3286,0.3291,94964.6
2026-02-21 07:00:00,0.329,0.3299,0.3282,0.329,135060.77
2026-02-21 08:00:00,0.3289,0.3328,0.3288,0.3323,180422.78
2026-02-21 09:00:00,0.3323,0.3378,0.3315,0.3343,767009.87
2026-02-21 10:00:00,0.3342,0.3375,0.3342,0.3358,144336.85
2026-02-21 11:00:00,0.3359,0.3375,0.3352,0.3356,177029.8
2026-02-21 12:00:00,0.3357,0.3363,0.3338,0.3346,109615.76
2026-02-21 13:00:00,0.3345,0.3356,0.3337,0.3356,198892.77
2026-02-21 14:00:00,0.3355,0.337,0.3345,0.3347,352509.45
2026-02-21 15:00:00,0.3349,0.3355,0.3334,0.335,159048.74
2026-02-21 16:00:00,0.3349,0.335,0.3311,0.3326,336054.01
2026-02-21 17:00:00,0.3325,0.3336,0.3317,0.333,71633.12
2026-02-21 18:00:00,0.3331,0.3333,0.3296,0.3322,466493.99
2026-02-21 19:00:00,0.3322,0.3327,0.3308,0.3311,90540.25
2026-02-21 20:00:00,0.331,0.3314,0.3289,0.3289,154452.55
2026-02-21 21:00:00,0.3291,0.3308,0.3285,0.3305,110163.23
2026-02-21 22:00:00,0.3305,0.3305,0.3281,0.3282,42310.29
2026-02-21 23:00:00,0.3282,0.3285,0.3273,0.3276,181278.27
2026-02-22 00:00:00,0.3275,0.3276,0.3233,0.325,461199.6
2026-02-22 01:00:00,0.3251,0.3259,0.3246,0.3247,103207.87
2026-02-22 02:00:00,0.3248,0.3261,0.322,0.3226,187583.57
2026-02-22 03:00:00,0.3227,0.3235,0.3209,0.3222,123647.53
2026-02-22 04:00:00,0.3222,0.3225,0.3216,0.322,25901.17
2026-02-22 05:00:00,0.322,0.3226,0.3206,0.3213,113036.07
2026-02-22 06:00:00,0.3213,0.3222,0.3207,0.3218,172998.42
2026-02-22 07:00:00,0.3218,0.322,0.3208,0.3208,70374.37
2026-02-22 08:00:00,0.3207,0.3216,0.3185,0.3194,178795.68
2026-02-22 09:00:00,0.3193,0.3207,0.3187,0.3207,64540.81
2026-02-22 10:00:00,0.3207,0.3226,0.3203,0.3213,163947.02
2026-02-22 11:00:00,0.3212,0.3219,0.3164,0.3165,2759713.59
2026-02-22 12:00:00,0.3165,0.3166,0.3089,0.3096,333298.33
2026-02-22 13:00:00,0.3097,0.3111,0.3087,0.31,523500.59
2026-02-22 14:00:00,0.3101,0.3113,0.3074,0.309,1115148.19
2026-02-22 15:00:00,0.3091,0.3133,0.309,0.3122,131551.61
2026-02-22 16:00:00,0.3122,0.3126,0.311,0.3125,109118.24
2026-02-22 17:00:00,0.3124,0.3125,0.3091,0.3105,152761.08
2026-02-22 18:00:00,0.3104,0.3117,0.3097,0.3101,96007.4
2026-02-22 19:00:00,0.3102,0.3104,0.309,0.3092,88011.07
2026-02-22 20:00:00,0.3092,0.3097,0.3064,0.307,141768.31
2026-02-22 21:00:00,0.307,0.3077,0.3049,0.3061,179266.47
2026-02-22 22:00:00,0.3061,0.3083,0.305,0.3078,102934.01
2026-02-22 23:00:00,0.3077,0.3087,0.3063,0.308,63252.87
2026-02-23 00:00:00,0.308,0.3088,0.3045,0.3045,159361.16
2026-02-23 01:00:00,0.3048,0.3049,0.2904,0.2926,2466855.49
2026-02-23 02:00:00,0.2926,0.2959,0.2913,0.295,267617.82
2026-02-23 03:00:00,0.2951,0.2982,0.2948,0.2958,278747.89
2026-02-23 04:00:00,0.2958,0.296,0.2925,0.2934,195718.5
2026-02-23 05:00:00,0.2933,0.2967,0.2933,0.2945,144014.85
2026-02-23 06:00:00,0.2945,0.3006,0.2945,0.3002,419526.18
2026-02-23 07:00:00,0.2999,0.3021,0.2994,0.3009,293543.99
2026-02-23 08:00:00,0.3009,0.302,0.3004,0.301,285678.5
2026-02-23 09:00:00,0.301,0.3089,0.301,0.3089,305121.37
2026-02-23 10:00:00,0.3088,0.3101,0.3083,0.3085,196827.81
2026-02-23 11:00:00,0.3086,0.3101,0.3077,0.3085,106938.99
2026-02-23 12:00:00,0.3086,0.3133,0.3076,0.3117,295744.54
2026-02-23 13:00:00,0.3118,0.3122,0.3023,0.3029,2952975.62
2026-02-23 14:00:00,0.3028,0.3031,0.2996,0.3007,507291.72
2026-02-23 15:00:00,0.3008,0.302,0.2972,0.298,511869.84
2026-02-23 16:00:00,0.2979,0.3003,0.2956,0.2976,368492.36
2026-02-23 17:00:00,0.2977,0.2986,0.2936,0.2975,596660.96
2026-02-23 18:00:00,0.2974,0.3002,0.2968,0.2972,142751.93
2026-02-23 19:00:00,0.2972,0.2979,0.2957,0.2967,129427.62
2026-02-23 20:00:00,0.2967,0.2996,0.2961,0.2996,286432.01
2026-02-23 21:00:00,0.2995,0.3017,0.2992,0.3006,187867.3
2026-02-23 22:00:00,0.3007,0.3027,0.2996,0.2996,115516.22
2026-02-23 23:00:00,0.2996,0.3011,0.2983,0.2988,120416.3
2026-02-24 00:00:00,0.2989,0.3011,0.2984,0.3004,52883.16
2026-02-24 01:00:00,0.3003,0.3003,0.2935,0.2976,538909.42
2026-02-24 02:00:00,0.2975,0.3001,0.2971,0.2985,189566.46
2026-02-24 03:00:00,0.2984,0.2984,0.2955,0.2965,261417.05
2026-02-24 04:00:00,0.2964,0.2969,0.2942,0.2959,157875.43
2026-02-24 05:00:00,0.2958,0.2967,0.2925,0.2943,239526.59
2026-02-24 06:00:00,0.2943,0.295,0.2926,0.293,80375.79
2026-02-24 07:00:00,0.293,0.2948,0.2928,0.2941,69939.0
2026-02-24 08:00:00,0.2941,0.2962,0.2928,0.2957,413767.28
2026-02-24 09:00:00,0.2957,0.2957,0.2923,0.2938,238980.62
2026-02-24 10:00:00,0.2938,0.2952,0.2933,0.295,151723.09
2026-02-24 11:00:00,0.2951,0.2955,0.2943,0.2952,99435.43
2026-02-24 12:00:00,0.2953,0.2972,0.2949,0.2958,108605.68
2026-02-24 13:00:00,0.2959,0.2961,0.2923,0.2949,249029.02
2026-02-24 14:00:00,0.2948,0.3009,0.2927,0.2986,376884.01
2026-02-24 15:00:00,0.2987,0.302,0.2979,0.3001,422748.9
2026-02-24 16:00:00,0.2999,0.303,0.2982,0.302,258796.39
2026-02-24 17:00:00,0.3021,0.3029,0.2999,0.3003,404669.59
2026-02-24 18:00:00,0.3002,0.3014,0.2991,0.3,266942.1
2026-02-24 19:00:00,0.2999,0.3014,0.2985,0.3001,152707.27
2026-02-24 20:00:00,0.3,0.3007,0.2995,0.2998,107952.21
2026-02-24 21:00:00,0.2998,0.2998,0.297,0.2985,373565.74
2026-02-24 22:00:00,0.2984,0.3009,0.2981,0.2991,77998.79
2026-02-24 23:00:00,0.2997,0.3004,0.2983,0.2995,66752.75
2026-02-25 00:00:00,0.2996,0.3014,0.2983,0.3005,1074870.45
2026-02-25 01:00:00,0.3004,0.3136,0.3002,0.3096,761033.11
2026-02-25 02:00:00,0.3098,0.3126,0.3088,0.3098,340023.89
2026-02-25 03:00:00,0.3099,0.31,0.304,0.3043,359278.36
2026-02-25 04:00:00,0.3042,0.3058,0.3027,0.3045,197472.27
2026-02-25 05:00:00,0.3045,0.3049,0.2996,0.302,152370.36
2026-02-25 06:00:00,0.3022,0.304,0.3018,0.302,84996.82
2026-02-25 07:00:00,0.3021,0.3034,0.3016,0.3034,88272.38
2026-02-25 08:00:00,0.3034,0.3057,0.3022,0.3052,136632.4
2026-02-25 09:00:00,0.3051,0.3072,0.3049,0.3062,141688.37
2026-02-25 10:00:00,0.3061,0.3073,0.3046,0.3048,131853.79
2026-02-25 11:00:00,0.3049,0.3072,0.3039,0.3063,91597.05
2026-02-25 12:00:00,0.3062,0.3124,0.3061,0.3114,352140.73
2026-02-25 13:00:00,0.3115,0.3159,0.3108,0.3135,492018.11
2026-02-25 14:00:00,0.3136,0.3225,0.3135,0.3225,416237.03
2026-02-25 15:00:00,0.3224,0.3273,0.3206,0.3254,467038.04
2026-02-25 16:00:00,0.3255,0.3307,0.3255,0.3298,481085.57
2026-02-25 17:00:00,0.3299,0.3335,0.329,0.3323,580896.72
2026-02-25 18:00:00,0.3324,0.3347,0.3299,0.3344,216683.94
2026-02-25 19:00:00,0.3344,0.3362,0.3311,0.3361,352354.11
2026-02-25 20:00:00,0.3362,0.3375,0.3339,0.3357,325185.26
2026-02-25 21:00:00,0.3358,0.3444,0.3337,0.3407,727045.05
2026-02-25 22:00:00,0.3408,0.3434,0.333,0.3347,502394.59
2026-02-25 23:00:00,0.3345,0.3348,0.3243,0.3284,949388.77
2026-02-26 00:00:00,0.3283,0.33,0.3245,0.327,410795.64
2026-02-26 01:00:00,0.3269,0.3291,0.3254,0.3258,252657.69
2026-02-26 02:00:00,0.3257,0.3299,0.3226,0.3292,433639.55
2026-02-26 03:00:00,0.3291,0.3293,0.3263,0.3266,139834.57
2026-02-26 04:00:00,0.3265,0.3298,0.3257,0.3268,300312.0
2026-02-26 05:00:00,0.3267,0.3267,0.3214,0.3242,825166.47
2026-02-26 06:00:00,0.3242,0.3258,0.3203,0.3207,902340.67
2026-02-26 07:00:00,0.3207,0.3223,0.3204,0.3213,595576.39
2026-02-26 08:00:00,0.3214,0.3235,0.3207,0.3208,197381.66
2026-02-26 09:00:00,0.3208,0.3253,0.3205,0.3234,415987.16
2026-02-26 10:00:00,0.3233,0.3237,0.318,0.3185,253134.75
2026-02-26 11:00:00,0.3184,0.3186,0.3167,0.3172,218762.75
2026-02-26 12:00:00,0.3172,0.3212,0.3166,0.3208,136604.28
2026-02-26 13:00:00,0.3207,0.3215,0.319,0.3192,147212.28
2026-02-26 14:00:00,0.3191,0.3212,0.3155,0.3185,773221.22
2026-02-26 15:00:00,0.3184,0.3186,0.3138,0.3171,806017.07
2026-02-26 16:00:00,0.3171,0.3171,0.3057,0.3065,790842.05
2026-02-26 17:00:00,0.3064,0.3098,0.3062,0.3079,235557.21
2026-02-26 18:00:00,0.3078,0.3118,0.3061,0.3111,438440.07
2026-02-26 19:00:00,0.311,0.3156,0.3109,0.3138,545429.98
2026-02-26 20:00:00,0.3137,0.3154,0.3113,0.3122,198289.31
2026-02-26 21:00:00,0.312,0.3137,0.3117,0.313,63590.2
2026-02-26 22:00:00,0.3131,0.3142,0.3124,0.3141,202495.0
2026-02-26 23:00:00,0.3141,0.3142,0.3122,0.3125,233621.43
2026-02-27 00:00:00,0.3125,0.313,0.3093,0.3107,153031.86
2026-02-27 01:00:00,0.3108,0.3108,0.3082,0.3098,302668.02
2026-02-27 02:00:00,0.3099,0.312,0.3086,0.3102,422468.16
2026-02-27 03:00:00,0.3103,0.3144,0.3086,0.3137,423716.67
2026-02-27 04:00:00,0.3135,0.3186,0.3133,0.3145,411133.83
2026-02-27 05:00:00,0.3145,0.3164,0.3136,0.3147,204153.41
2026-02-27 06:00:00,0.3147,0.3154,0.3122,0.3146,143822.42
2026-02-27 07:00:00,0.3146,0.317,0.3133,0.3169,351778.52
2026-02-27 08:00:00,0.3168,0.3192,0.3166,0.3182,305584.03
2026-02-27 09:00:00,0.3181,0.32,0.3147,0.3164,499201.95
2026-02-27 10:00:00,0.3163,0.3167,0.311,0.3117,680393.6
2026-02-27 11:00:00,0.3118,0.3129,0.3062,0.3077,687855.38
2026-02-27 12:00:00,0.3076,0.3085,0.3052,0.3068,299166.18
2026-02-27 13:00:00,0.3067,0.3085,0.3037,0.3073,649682.43
2026-02-27 14:00:00,0.3071,0.3077,0.3026,0.3033,437762.45
2026-02-27 15:00:00,0.3032,0.3057,0.3022,0.3046,423278.12
2026-02-27 16:00:00,0.3045,0.3046,0.3008,0.3014,332486.66
2026-02-27 17:00:00,0.3014,0.3037,0.2983,0.3035,299010.32
2026-02-27 18:00:00,0.3037,0.3044,0.3018,0.3019,147524.36
2026-02-27 19:00:00,0.3018,0.3019,0.2963,0.2984,427002.68
2026-02-27 20:00:00,0.2984,0.3001,0.2971,0.2975,271356.29
2026-02-27 21:00:00,0.2976,0.2994,0.2966,0.2985,440262.34
2026-02-27 22:00:00,0.2987,0.2992,0.2933,0.2983,476913.77
2026-02-27 23:00:00,0.2984,0.301,0.2984,0.3008,113367.77
2026-02-28 00:00:00,0.3008,0.3035,0.3008,0.3028,240858.66
2026-02-28 01:00:00,0.3028,0.3033,0.3003,0.3011,116364.25
2026-02-28 02:00:00,0.301,0.3024,0.3007,0.3024,108038.66
2026-02-28 03:00:00,0.3023,0.303,0.3001,0.3001,67269.88
2026-02-28 04:00:00,0.3001,0.3008,0.2982,0.2997,67340.11
2026-02-28 05:00:00,0.2998,0.3002,0.2981,0.2992,45114.56
2026-02-28 06:00:00,0.2992,0.2992,0.2828,0.2831,2404545.0
2026-02-28 07:00:00,0.283,0.2913,0.281,0.2882,1151934.18
2026-02-28 08:00:00,0.2882,0.2886,0.2836,0.2842,678588.33
2026-02-28 09:00:00,0.2843,0.2866,0.2831,0.2834,220268.53
2026-02-28 10:00:00,0.2833,0.2861,0.2816,0.2838,398084.16
2026-02-28 11:00:00,0.2839,0.2854,0.2818,0.2819,304073.72
2026-02-28 12:00:00,0.2821,0.2833,0.2809,0.2819,614918.37
2026-02-28 13:00:00,0.2819,0.2913,0.2816,0.2905,1055952.1
2026-02-28 14:00:00,0.2906,0.2921,0.2866,0.2873,619205.4
2026-02-28 15:00:00,0.2874,0.2906,0.2854,0.289,430013.72
2026-02-28 16:00:00,0.2888,0.2902,0.2873,0.2902,502841.14
2026-02-28 17:00:00,0.2902,0.292,0.2879,0.2914,385457.72
2026-02-28 18:00:00,0.2913,0.2989,0.2899,0.2967,407095.68
2026-02-28 19:00:00,0.2968,0.3024,0.2949,0.3004,480527.84
2026-02-28 20:00:00,0.3004,0.3067,0.2997,0.3056,556787.96
2026-02-28 21:00:00,0.3056,0.3059,0.3007,0.3028,328029.23
2026-02-28 22:00:00,0.3029,0.309,0.3029,0.3062,272639.87
2026-02-28 23:00:00,0.3062,0.307,0.305,0.3065,65330.0
2026-03-01 00:00:00,0.3066,0.3076,0.3036,0.3042,92567.63
2026-03-01 01:00:00,0.3041,0.3156,0.3017,0.3134,666176.14
2026-03-01 02:00:00,0.3135,0.3208,0.3135,0.3149,728445.91
2026-03-01 03:00:00,0.315,0.3162,0.3114,0.3126,625543.03
2026-03-01 04:00:00,0.3126,0.3133,0.3088,0.3128,287641.51
2026-03-01 05:00:00,0.3128,0.315,0.3125,0.3141,438035.11
2026-03-01 06:00:00,0.314,0.3147,0.31,0.3112,229036.4
2026-03-01 07:00:00,0.3113,0.3121,0.3088,0.3112,619666.22
2026-03-01 08:00:00,0.3113,0.3119,0.3051,0.3057,355104.09
2026-03-01 09:00:00,0.3057,0.3077,0.303,0.3036,346813.64
2026-03-01 10:00:00,0.3035,0.3049,0.3017,0.3035,401937.74
2026-03-01 11:00:00,0.3037,0.3045,0.3028,0.3028,294602.13
2026-03-01 12:00:00,0.3028,0.3039,0.301,0.3012,218261.93
2026-03-01 13:00:00,0.3012,0.3083,0.2989,0.3066,821486.77
2026-03-01 14:00:00,0.3066,0.3085,0.3027,0.3035,573860.69
2026-03-01 15:00:00,0.3034,0.3059,0.3033,0.3036,269541.26
2026-03-01 16:00:00,0.3037,0.3066,0.2984,0.3015,470002.27
2026-03-01 17:00:00,0.3015,0.3018,0.2967,0.2984,407219.71
2026-03-01 18:00:00,0.2985,0.3046,0.2985,0.3017,435493.57
2026-03-01 19:00:00,0.3018,0.3018,0.2972,0.2979,300436.8
2026-03-01 20:00:00,0.2979,0.2982,0.2933,0.294,518970.64
2026-03-01 21:00:00,0.294,0.2983,0.294,0.2976,211062.2
2026-03-01 22:00:00,0.2977,0.3034,0.297,0.2981,601202.4
2026-03-01 23:00:00,0.2979,0.3027,0.2974,0.3,158358.39
2026-03-02 00:00:00,0.3001,0.3057,0.3,0.3043,170528.81
2026-03-02 01:00:00,0.3043,0.3095,0.3041,0.3063,250833.28
2026-03-02 02:00:00,0.3064,0.3069,0.3024,0.3045,220082.67
2026-03-02 03:00:00,0.3046,0.3083,0.3025,0.3076,306552.6
2026-03-02 04:00:00,0.3077,0.3085,0.3054,0.3059,335474.52
2026-03-02 05:00:00,0.306,0.3069,0.3031,0.3044,188002.06
2026-03-02 06:00:00,0.3045,0.3045,0.2996,0.3007,155009.54
2026-03-02 07:00:00,0.3006,0.3006,0.2971,0.2986,831740.46
2026-03-02 08:00:00,0.2985,0.3014,0.2956,0.3004,517843.36
2026-03-02 09:00:00,0.3004,0.303,0.3001,0.3011,309554.3
2026-03-02 10:00:00,0.301,0.3036,0.3006,0.3021,310337.94
2026-03-02 11:00:00,0.3019,0.3026,0.3003,0.3014,257282.36
2026-03-02 12:00:00,0.3016,0.302,0.2995,0.3004,650702.85
2026-03-02 13:00:00,0.3004,0.3008,0.2987,0.2993,266722.95
2026-03-02 14:00:00,0.2993,0.3115,0.2986,0.3104,779688.03
2026-03-02 15:00:00,0.3105,0.3199,0.3093,0.3165,1016827.28
2026-03-02 16:00:00,0.3165,0.3204,0.313,0.3151,1502442.21
2026-03-02 17:00:00,0.3152,0.3152,0.3085,0.3115,941440.54
2026-03-02 18:00:00,0.3115,0.3131,0.3087,0.3109,820891.1
2026-03-02 19:00:00,0.3109,0.3121,0.3087,0.3114,473139.0
2026-03-02 20:00:00,0.3115,0.3135,0.3083,0.3083,572624.01
2026-03-02 21:00:00,0.3084,0.3106,0.3065,0.3096,575606.83
2026-03-02 22:00:00,0.3097,0.3117,0.3085,0.31,197925.31
2026-03-02 23:00:00,0.3101,0.3105,0.305,0.3068,356597.89
2026-03-03 00:00:00,0.3069,0.307,0.3035,0.3063,355188.6
2026-03-03 01:00:00,0.3064,0.3072,0.3045,0.3053,275811.48
2026-03-03 02:00:00,0.3053,0.3064,0.299,0.3056,1219452.83
2026-03-03 03:00:00,0.3057,0.3063,0.3033,0.3052,237542.57
2026-03-03 04:00:00,0.3052,0.3053,0.3025,0.3028,177558.73
2026-03-03 05:00:00,0.3027,0.3057,0.3015,0.3025,464972.47
2026-03-03 06:00:00,0.3025,0.3035,0.3017,0.3026,217890.86
2026-03-03 07:00:00,0.3025,0.3048,0.3021,0.3035,176288.36
2026-03-03 08:00:00,0.3036,0.3042,0.2991,0.2995,286085.52
2026-03-03 09:00:00,0.2994,0.3022,0.2973,0.2987,617327.95
2026-03-03 10:00:00,0.2987,0.3009,0.2971,0.2993,522163.87
2026-03-03 11:00:00,0.2993,0.3001,0.2971,0.2998,299754.69
2026-03-03 12:00:00,0.2998,0.3054,0.2997,0.3022,164421.85
2026-03-03 13:00:00,0.3022,0.3023,0.2982,0.2995,179694.28
2026-03-03 14:00:00,0.2994,0.3036,0.2959,0.2986,427490.91
2026-03-03 15:00:00,0.2985,0.3035,0.2969,0.3028,485007.88
2026-03-03 16:00:00,0.3026,0.3116,0.3015,0.3066,767300.03
2026-03-03 17:00:00,0.3067,0.3068,0.3013,0.3061,1234700.2
2026-03-03 18:00:00,0.3062,0.3095,0.3042,0.3065,724602.24
2026-03-03 19:00:00,0.3066,0.307,0.3038,0.3051,330955.4
2026-03-03 20:00:00,0.3051,0.3054,0.302,0.3029,152873.13
2026-03-03 21:00:00,0.3029,0.3029,0.2996,0.3015,212752.06
2026-03-03 22:00:00,0.3015,0.3047,0.3014,0.3038,252427.37
2026-03-03 23:00:00,0.3039,0.3064,0.3032,0.3035,214420.01
2026-03-04 00:00:00,0.3035,0.3043,0.3013,0.3029,168806.27
2026-03-04 01:00:00,0.303,0.307,0.3024,0.3042,413965.41
2026-03-04 02:00:00,0.3043,0.3061,0.3028,0.3054,140943.89
2026-03-04 03:00:00,0.3053,0.3057,0.2999,0.3035,526889.67
2026-03-04 04:00:00,0.3034,0.3042,0.3005,0.3029,217811.05
2026-03-04 05:00:00,0.3029,0.3044,0.3011,0.3025,200993.01
2026-03-04 06:00:00,0.3024,0.3048,0.301,0.3043,147651.91
2026-03-04 07:00:00,0.3042,0.3074,0.3034,0.3067,177127.68
2026-03-04 08:00:00,0.3066,0.3143,0.3061,0.3129,663248.89
2026-03-04 09:00:00,0.313,0.3181,0.312,0.315,897365.55
2026-03-04 10:00:00,0.3151,0.3165,0.312,0.313,264037.72
2026-03-04 11:00:00,0.3131,0.3135,0.3089,0.3102,188428.49
2026-03-04 12:00:00,0.3102,0.3106,0.3076,0.3099,255157.57
2026-03-04 13:00:00,0.3099,0.3128,0.3098,0.3128,150539.36
2026-03-04 14:00:00,0.3127,0.32,0.3126,0.3166,1431904.77
2026-03-04 15:00:00,0.3166,0.3261,0.3161,0.3261,878578.45
2026-03-04 16:00:00,0.3262,0.327,0.32,0.322,595300.91
2026-03-04 17:00:00,0.3219,0.3233,0.3182,0.3212,426916.89
2026-03-04 18:00:00,0.3211,0.3238,0.3189,0.3236,201047.9
2026-03-04 19:00:00,0.3235,0.3272,0.3233,0.3247,543142.69
2026-03-04 20:00:00,0.3247,0.3252,0.3224,0.3224,250131.16
2026-03-04 21:00:00,0.3226,0.3227,0.3191,0.3216,365083.1
2026-03-04 22:00:00,0.3217,0.3236,0.3182,0.319,260673.84
2026-03-04 23:00:00,0.319,0.3192,0.3149,0.3175,316033.05
2026-03-05 00:00:00,0.3174,0.3182,0.3161,0.3164,313869.29
2026-03-05 01:00:00,0.3163,0.3187,0.3139,0.3146,139524.77
2026-03-05 02:00:00,0.3147,0.3173,0.3144,0.3154,147822.57
2026-03-05 03:00:00,0.3153,0.3158,0.3139,0.315,81563.2
2026-03-05 04:00:00,0.3149,0.3173,0.3146,0.3162,219064.72
2026-03-05 05:00:00,0.3161,0.3167,0.3128,0.3139,125704.76
2026-03-05 06:00:00,0.314,0.3149,0.3124,0.3148,127797.86
2026-03-05 07:00:00,0.3148,0.3154,0.3106,0.3123,115869.79
2026-03-05 08:00:00,0.3123,0.3141,0.3117,0.3138,162887.55
2026-03-05 09:00:00,0.3137,0.3169,0.3134,0.3157,168231.08
2026-03-05 10:00:00,0.3156,0.3181,0.3136,0.3171,618479.41
2026-03-05 11:00:00,0.317,0.3182,0.3136,0.3147,372697.76
2026-03-05 12:00:00,0.3147,0.3163,0.3131,0.3153,101628.43
2026-03-05 13:00:00,0.3154,0.3169,0.3113,0.3156,481732.19
2026-03-05 14:00:00,0.3157,0.3214,0.3149,0.3203,666636.43
2026-03-05 15:00:00,0.3205,0.3209,0.3129,0.3139,700845.49
2026-03-05 16:00:00,0.3138,0.3139,0.3049,0.3103,1058078.77
2026-03-05 17:00:00,0.3102,0.3115,0.3065,0.3068,464449.85
2026-03-05 18:00:00,0.3067,0.3108,0.3063,0.3104,148011.76
2026-03-05 19:00:00,0.3105,0.3159,0.3105,0.3127,238349.37
2026-03-05 20:00:00,0.3127,0.3173,0.3122,0.316,227361.7
2026-03-05 21:00:00,0.3159,0.3171,0.3125,0.3134,130249.3
2026-03-05 22:00:00,0.3135,0.3139,0.3118,0.3127,82931.09
2026-03-05 23:00:00,0.3127,0.3141,0.3118,0.3123,82389.02
2026-03-06 00:00:00,0.3124,0.3131,0.3116,0.3121,61996.02
2026-03-06 01:00:00,0.3122,0.3151,0.3108,0.3147,93475.16
2026-03-06 02:00:00,0.3147,0.3155,0.3137,0.3145,42936.14
2026-03-06 03:00:00,0.3146,0.3153,0.3135,0.3152,60512.12
2026-03-06 04:00:00,0.3153,0.3156,0.3113,0.3128,88341.31
2026-03-06 05:00:00,0.3127,0.3135,0.3107,0.3126,129528.49
2026-03-06 06:00:00,0.3125,0.3147,0.3123,0.3136,49769.66
2026-03-06 07:00:00,0.3138,0.3165,0.3129,0.3162,150728.97
2026-03-06 08:00:00,0.316,0.316,0.3134,0.3136,83433.52
2026-03-06 09:00:00,0.3137,0.3138,0.3091,0.3108,149453.08
2026-03-06 10:00:00,0.3108,0.3135,0.3106,0.3126,214320.06
2026-03-06 11:00:00,0.3125,0.3125,0.3085,0.3091,153541.78
2026-03-06 12:00:00,0.309,0.3097,0.3066,0.3081,163667.23
2026-03-06 13:00:00,0.3082,0.3113,0.2993,0.3016,1717468.09
2026-03-06 14:00:00,0.3016,0.3026,0.2937,0.2956,1519237.7
2026-03-06 15:00:00,0.2956,0.2976,0.2929,0.2954,466055.07
2026-03-06 16:00:00,0.2953,0.2959,0.293,0.294,202236.7
2026-03-06 17:00:00,0.2941,0.2966,0.2918,0.2933,242033.31
2026-03-06 18:00:00,0.2932,0.2964,0.293,0.2951,155674.64
2026-03-06 19:00:00,0.2952,0.2978,0.2952,0.2969,213230.52
2026-03-06 20:00:00,0.2969,0.2986,0.2957,0.2976,721141.99
2026-03-06 21:00:00,0.2977,0.2977,0.2959,0.2977,101660.62
2026-03-06 22:00:00,0.2977,0.2983,0.2968,0.2983,55977.36
2026-03-06 23:00:00,0.2981,0.2985,0.2971,0.2973,26671.43
2026-03-07 00:00:00,0.2972,0.2981,0.297,0.2973,41596.73
2026-03-07 01:00:00,0.2972,0.2974,0.2958,0.2961,104855.77
2026-03-07 02:00:00,0.2961,0.2968,0.2951,0.2964,128146.76
2026-03-07 03:00:00,0.2964,0.2976,0.2954,0.2954,87112.2
2026-03-07 04:00:00,0.2953,0.2967,0.2937,0.2959,118884.97
2026-03-07 05:00:00,0.296,0.2965,0.2957,0.2962,31927.95
2026-03-07 06:00:00,0.2961,0.2961,0.294,0.294,40366.52
2026-03-07 07:00:00,0.294,0.2948,0.2931,0.2947,135292.98
2026-03-07 08:00:00,0.2946,0.2961,0.2943,0.2948,51404.67
2026-03-07 09:00:00,0.2947,0.296,0.2943,0.2957,56182.41
2026-03-07 10:00:00,0.2958,0.2961,0.2947,0.2953,324990.58
2026-03-07 11:00:00,0.2953,0.2961,0.2939,0.2944,420248.99
2026-03-07 12:00:00,0.2943,0.2945,0.2929,0.2933,264263.39
2026-03-07 13:00:00,0.2934,0.2938,0.2928,0.2933,309221.4
2026-03-07 14:00:00,0.2932,0.2933,0.2898,0.2917,772965.31
2026-03-07 15:00:00,0.2916,0.2916,0.2886,0.2891,383110.57
2026-03-07 16:00:00,0.289,0.2891,0.2864,0.2877,536920.5
2026-03-07 17:00:00,0.2876,0.2905,0.2876,0.2892,308570.73
2026-03-07 18:00:00,0.2892,0.2892,0.2862,0.2867,542225.12
2026-03-07 19:00:00,0.2867,0.2876,0.2843,0.2848,509037.4
2026-03-07 20:00:00,0.2848,0.2864,0.2848,0.2852,233219.05
2026-03-07 21:00:00,0.2852,0.2859,0.283,0.285,538312.42
2026-03-07 22:00:00,0.2851,0.2853,0.282,0.2834,882590.66
2026-03-07 23:00:00,0.2834,0.2842,0.2827,0.2835,202535.81
2026-03-08 00:00:00,0.2836,0.2845,0.2819,0.2823,168106.73
2026-03-08 01:00:00,0.2822,0.2827,0.2811,0.2812,210761.12
2026-03-08 02:00:00,0.2812,0.2822,0.2767,0.2771,1078025.48
2026-03-08 03:00:00,0.2771,0.2779,0.2754,0.2755,542740.67
2026-03-08 04:00:00,0.2755,0.2755,0.2704,0.2714,841857.0
2026-03-08 05:00:00,0.2714,0.2749,0.2713,0.2746,585158.16
2026-03-08 06:00:00,0.2745,0.276,0.2736,0.2756,304849.24
2026-03-08 07:00:00,0.2755,0.2798,0.2755,0.2796,567858.46
2026-03-08 08:00:00,0.2795,0.2815,0.2787,0.2813,190435.65
2026-03-08 09:00:00,0.2813,0.2873,0.281,0.2846,658696.58
2026-03-08 10:00:00,0.2845,0.2865,0.2836,0.2863,200161.39
2026-03-08 11:00:00,0.2862,0.2862,0.283,0.2853,157260.04
2026-03-08 12:00:00,0.2854,0.2874,0.2812,0.2853,532482.37
2026-03-08 13:00:00,0.2854,0.2858,0.2813,0.284,422668.58
2026-03-08 14:00:00,0.284,0.2856,0.2829,0.2844,294592.05
2026-03-08 15:00:00,0.2843,0.2846,0.2818,0.2831,157123.19
2026-03-08 16:00:00,0.2829,0.2843,0.2818,0.2824,199131.82
2026-03-08 17:00:00,0.2825,0.2849,0.2803,0.2813,379048.77
2026-03-08 18:00:00,0.2814,0.2818,0.2793,0.281,117670.92
2026-03-08 19:00:00,0.2811,0.2868,0.2809,0.2854,451079.95
2026-03-08 20:00:00,0.2855,0.2865,0.2837,0.2844,279924.27
2026-03-08 21:00:00,0.2844,0.2848,0.2824,0.2838,131563.2
2026-03-08 22:00:00,0.2835,0.2835,0.2756,0.2821,1121832.1
2026-03-08 23:00:00,0.2822,0.2836,0.2793,0.28,268877.08
2026-03-09 00:00:00,0.2799,0.286,0.2799,0.2827,293331.86
2026-03-09 01:00:00,0.2826,0.2838,0.2807,0.281,252669.66
2026-03-09 02:00:00,0.281,0.2847,0.2801,0.283,227119.88
2026-03-09 03:00:00,0.2829,0.2879,0.2827,0.284,575464.73
2026-03-09 04:00:00,0.2841,0.2867,0.2841,0.2843,80036.63
2026-03-09 05:00:00,0.2844,0.29,0.284,0.2889,522901.53
2026-03-09 06:00:00,0.289,0.2891,0.2843,0.2843,219688.26
2026-03-09 07:00:00,0.2843,0.2857,0.2813,0.285,398856.37
2026-03-09 08:00:00,0.2851,0.2875,0.2838,0.2848,759127.33
2026-03-09 09:00:00,0.2849,0.2875,0.2834,0.2845,359783.94
2026-03-09 10:00:00,0.2845,0.2853,0.2835,0.2839,556725.57
2026-03-09 11:00:00,0.2838,0.2843,0.2819,0.2827,145247.94
2026-03-09 12:00:00,0.2828,0.2839,0.2818,0.283,667414.36
2026-03-09 13:00:00,0.283,0.2882,0.2828,0.2868,520879.27
2026-03-09 14:00:00,0.2867,0.2889,0.285,0.2869,568752.38
2026-03-09 15:00:00,0.287,0.2883,0.2854,0.2874,223153.6
2026-03-09 16:00:00,0.2874,0.2908,0.2863,0.2874,859495.69
2026-03-09 17:00:00,0.2875,0.2893,0.2866,0.2871,318901.8
2026-03-09 18:00:00,0.287,0.2893,0.2858,0.2876,385434.09
2026-03-09 19:00:00,0.2876,0.2965,0.2868,0.2907,661677.77
2026-03-09 20:00:00,0.2907,0.2915,0.2886,0.2897,188105.13
2026-03-09 21:00:00,0.2896,0.2917,0.2891,0.2901,142242.77
2026-03-09 22:00:00,0.2903,0.2907,0.2834,0.2834,375040.77
2026-03-09 23:00:00,0.2833,0.2846,0.2824,0.2834,443388.05
2026-03-10 00:00:00,0.2833,0.2875,0.2825,0.2856,262105.64
2026-03-10 01:00:00,0.2857,0.2871,0.2813,0.2853,1051925.69
2026-03-10 02:00:00,0.2852,0.2911,0.2841,0.2888,734113.56
2026-03-10 03:00:00,0.2887,0.2891,0.2844,0.2848,314210.34
2026-03-10 04:00:00,0.2848,0.2867,0.2847,0.2859,109398.47
2026-03-10 05:00:00,0.2859,0.2867,0.2841,0.2844,141510.09
2026-03-10 06:00:00,0.2844,0.2853,0.2834,0.2845,138450.58
2026-03-10 07:00:00,0.2844,0.2884,0.2842,0.2869,694608.8
2026-03-10 08:00:00,0.287,0.2901,0.2838,0.2861,1580811.37
2026-03-10 09:00:00,0.2862,0.2907,0.2856,0.2898,379269.34
2026-03-10 10:00:00,0.2898,0.2899,0.2874,0.2883,350752.11
2026-03-10 11:00:00,0.2883,0.2885,0.2866,0.2871,134880.26
2026-03-10 12:00:00,0.2871,0.2872,0.2852,0.2863,109273.34
2026-03-10 13:00:00,0.2864,0.2889,0.2829,0.2841,523874.74
2026-03-10 14:00:00,0.284,0.2941,0.2808,0.2939,619719.39
2026-03-10 15:00:00,0.2939,0.2951,0.2895,0.2928,674172.06
2026-03-10 16:00:00,0.2928,0.2939,0.2897,0.2935,520057.7
2026-03-10 17:00:00,0.2935,0.2944,0.2915,0.2939,251409.98
2026-03-10 18:00:00,0.2939,0.2949,0.2888,0.2903,486221.89
2026-03-10 19:00:00,0.2902,0.2932,0.2892,0.2926,288536.52
2026-03-10 20:00:00,0.2926,0.2963,0.2926,0.2954,471079.97
2026-03-10 21:00:00,0.2953,0.2963,0.2881,0.2886,313122.93
2026-03-10 22:00:00,0.2885,0.291,0.287,0.29,117108.22
2026-03-10 23:00:00,0.2901,0.2938,0.2901,0.2936,220110.99
2026-03-11 00:00:00,0.2937,0.295,0.2908,0.2921,329999.6
2026-03-11 01:00:00,0.292,0.2929,0.291,0.2922,92456.54
2026-03-11 02:00:00,0.2923,0.2925,0.2888,0.2905,153436.63
2026-03-11 03:00:00,0.2906,0.292,0.2903,0.2912,118737.27
2026-03-11 04:00:00,0.2911,0.2938,0.2903,0.2937,135642.89
2026-03-11 05:00:00,0.2936,0.2938,0.2871,0.2883,261182.19
2026-03-11 06:00:00,0.2883,0.2913,0.2878,0.2903,129065.6
2026-03-11 07:00:00,0.2903,0.2911,0.2869,0.2882,93392.84
2026-03-11 08:00:00,0.288,0.2908,0.288,0.2905,387064.68
2026-03-11 09:00:00,0.2904,0.2918,0.2894,0.2912,145940.83
2026-03-11 10:00:00,0.2912,0.2942,0.2908,0.2932,141162.03
2026-03-11 11:00:00,0.2932,0.2942,0.2911,0.2921,269712.43
2026-03-11 12:00:00,0.2921,0.2967,0.2905,0.2943,513003.14
2026-03-11 13:00:00,0.2942,0.3011,0.294,0.2969,718428.23
2026-03-11 14:00:00,0.297,0.3005,0.2964,0.2976,287887.96
2026-03-11 15:00:00,0.2977,0.2983,0.2931,0.2974,366901.58
2026-03-11 16:00:00,0.2975,0.3003,0.2972,0.2994,450316.64
2026-03-11 17:00:00,0.2995,0.3038,0.2977,0.3007,471603.11
2026-03-11 18:00:00,0.3009,0.302,0.2989,0.3005,177171.61
2026-03-11 19:00:00,0.3006,0.3014,0.2989,0.3003,133704.49
2026-03-11 20:00:00,0.3003,0.3011,0.2991,0.3007,211824.4
2026-03-11 21:00:00,0.3008,0.3012,0.2998,0.3005,84864.59
2026-03-11 22:00:00,0.3004,0.3012,0.2988,0.2998,106110.4
2026-03-11 23:00:00,0.2998,0.3003,0.2969,0.2976,115960.13
2026-03-12 00:00:00,0.2977,0.2983,0.2966,0.2971,125734.02
2026-03-12 01:00:00,0.2971,0.2971,0.2954,0.2958,81270.3
2026-03-12 02:00:00,0.2959,0.2971,0.292,0.2923,322325.69
2026-03-12 03:00:00,0.2922,0.2942,0.2913,0.2919,158996.61
2026-03-12 04:00:00,0.292,0.2935,0.292,0.2928,125824.46
2026-03-12 05:00:00,0.2927,0.2935,0.2909,0.2931,150676.68
2026-03-12 06:00:00,0.2932,0.2937,0.2925,0.2935,149708.02
2026-03-12 07:00:00,0.2934,0.2951,0.293,0.2951,75223.95
2026-03-12 08:00:00,0.295,0.2961,0.2938,0.2949,144302.36
2026-03-12 09:00:00,0.295,0.2978,0.2934,0.2962,106445.78
2026-03-12 10:00:00,0.2962,0.2988,0.2953,0.297,414401.47
2026-03-12 11:00:00,0.2969,0.2969,0.2937,0.2943,182492.38
2026-03-12 12:00:00,0.2944,0.2968,0.2932,0.2957,318189.97
2026-03-12 13:00:00,0.2958,0.2968,0.2927,0.2944,309931.39
2026-03-12 14:00:00,0.2945,0.2965,0.2905,0.2926,361435.16
2026-03-12 15:00:00,0.2927,0.298,0.2926,0.2966,261271.67
2026-03-12 16:00:00,0.2966,0.2997,0.2944,0.2982,340535.69
2026-03-12 17:00:00,0.2983,0.2988,0.2959,0.297,194059.39
2026-03-12 18:00:00,0.297,0.2981,0.2949,0.2964,130460.74
2026-03-12 19:00:00,0.2964,0.3007,0.2963,0.2997,154545.21
2026-03-12 20:00:00,0.2996,0.3001,0.2967,0.2967,74962.06
2026-03-12 21:00:00,0.2967,0.3006,0.2967,0.3002,113701.91
2026-03-12 22:00:00,0.3001,0.3007,0.2987,0.2996,128955.52
2026-03-12 23:00:00,0.2997,0.302,0.2989,0.2994,734238.34
2026-03-13 00:00:00,0.2994,0.3087,0.2989,0.3047,697860.8
2026-03-13 01:00:00,0.3048,0.3079,0.3045,0.3072,291800.04
2026-03-13 02:00:00,0.3073,0.3074,0.304,0.3053,131547.23
2026-03-13 03:00:00,0.3054,0.3084,0.3052,0.3077,174870.07
2026-03-13 04:00:00,0.3078,0.3082,0.305,0.3055,105795.27
2026-03-13 05:00:00,0.3054,0.3062,0.3043,0.3049,368157.14
2026-03-13 06:00:00,0.3049,0.3054,0.3027,0.3041,285705.88
2026-03-13 07:00:00,0.304,0.3053,0.3034,0.3039,111634.05
2026-03-13 08:00:00,0.3038,0.3053,0.302,0.3025,186976.51
2026-03-13 09:00:00,0.3024,0.3044,0.3023,0.3035,198532.66
2026-03-13 10:00:00,0.3034,0.3067,0.3032,0.3061,296181.74
2026-03-13 11:00:00,0.3061,0.3063,0.3041,0.3045,198064.13
2026-03-13 12:00:00,0.3044,0.3093,0.3044,0.3076,262201.77
2026-03-13 13:00:00,0.3076,0.3123,0.3066,0.3103,665845.85
2026-03-13 14:00:00,0.3104,0.3119,0.3049,0.3056,625116.71
2026-03-13 15:00:00,0.3056,0.3093,0.3044,0.3061,471300.54
2026-03-13 16:00:00,0.3061,0.3071,0.3029,0.3061,366568.93
2026-03-13 17:00:00,0.3061,0.3067,0.2993,0.3012,347479.53
2026-03-13 18:00:00,0.3011,0.3024,0.2998,0.3009,204176.51
2026-03-13 19:00:00,0.3009,0.3022,0.3004,0.301,137842.6
2026-03-13 20:00:00,0.3011,0.3023,0.3004,0.302,90305.37
2026-03-13 21:00:00,0.3022,0.3038,0.3001,0.3013,109653.94
2026-03-13 22:00:00,0.3012,0.3014,0.2965,0.2976,586208.07
2026-03-13 23:00:00,0.2976,0.2988,0.2974,0.2987,176340.69
2026-03-14 00:00:00,0.2986,0.2986,0.2947,0.2954,625918.24
2026-03-14 01:00:00,0.2953,0.2967,0.2946,0.2962,660125.86
2026-03-14 02:00:00,0.2962,0.2967,0.2942,0.295,823347.04
2026-03-14 03:00:00,0.2951,0.2973,0.295,0.2972,86356.33
2026-03-14 04:00:00,0.2973,0.2983,0.2954,0.2956,277628.06
2026-03-14 05:00:00,0.2957,0.2959,0.293,0.2935,106650.51
2026-03-14 06:00:00,0.2934,0.2936,0.2895,0.2908,256335.8
2026-03-14 07:00:00,0.2907,0.2924,0.2898,0.2908,186794.87
2026-03-14 08:00:00,0.2909,0.2924,0.2906,0.2913,99530.08
2026-03-14 09:00:00,0.2912,0.2919,0.2903,0.2912,87989.5
2026-03-14 10:00:00,0.2911,0.2917,0.2908,0.2911,105936.35
2026-03-14 11:00:00,0.291,0.2944,0.291,0.2936,100690.08
2026-03-14 12:00:00,0.2936,0.2944,0.2932,0.2941,76916.8
2026-03-14 13:00:00,0.294,0.2973,0.2935,0.2971,230431.56
2026-03-14 14:00:00,0.297,0.298,0.2944,0.2947,127224.68
2026-03-14 15:00:00,0.2948,0.2957,0.2937,0.2957,67089.94
2026-03-14 16:00:00,0.2955,0.298,0.2952,0.2977,369599.21
2026-03-14 17:00:00,0.2977,0.2983,0.2963,0.297,96009.65
2026-03-14 18:00:00,0.2969,0.2981,0.2962,0.2977,94780.81
2026-03-14 19:00:00,0.2976,0.2981,0.2961,0.2974,121465.51
2026-03-14 20:00:00,0.2974,0.2984,0.2969,0.2978,272159.46
2026-03-14 21:00:00,0.2978,0.2981,0.2966,0.2968,55610.84
2026-03-14 22:00:00,0.2968,0.2982,0.2968,0.2971,172264.97
2026-03-14 23:00:00,0.2972,0.3015,0.2972,0.301,250236.41
2026-03-15 00:00:00,0.3009,0.3013,0.2993,0.3004,234479.03
2026-03-15 01:00:00,0.3005,0.3045,0.2998,0.3037,270940.67
2026-03-15 02:00:00,0.3039,0.31,0.3039,0.3082,619042.36
2026-03-15 03:00:00,0.3082,0.3085,0.3043,0.3063,373057.64
2026-03-15 04:00:00,0.3064,0.3076,0.3035,0.304,125553.28
2026-03-15 05:00:00,0.3041,0.3068,0.304,0.3048,155245.89
2026-03-15 06:00:00,0.3049,0.3057,0.304,0.3051,107232.48
2026-03-15 07:00:00,0.3049,0.3061,0.304,0.3061,74200.99
2026-03-15 08:00:00,0.3061,0.3069,0.3053,0.3058,97963.63
2026-03-15 09:00:00,0.3058,0.3067,0.3041,0.3043,153521.35
2026-03-15 10:00:00,0.3042,0.3054,0.3041,0.3052,40015.39
2026-03-15 11:00:00,0.3051,0.3054,0.3043,0.3045,68161.2
2026-03-15 12:00:00,0.3045,0.3069,0.3039,0.3054,133123.03
2026-03-15 13:00:00,0.3053,0.3055,0.3013,0.3035,232666.89
2026-03-15 14:00:00,0.3034,0.3037,0.3013,0.3022,104145.57
2026-03-15 15:00:00,0.3023,0.3023,0.3005,0.3009,85901.59
2026-03-15 16:00:00,0.3008,0.3026,0.3007,0.3013,191022.77
2026-03-15 17:00:00,0.3014,0.3055,0.3013,0.3045,165000.24
2026-03-15 18:00:00,0.3046,0.3049,0.302,0.3027,62202.01
2026-03-15 19:00:00,0.3028,0.3056,0.3026,0.3053,74022.06
2026-03-15 20:00:00,0.3051,0.308,0.3042,0.3062,110274.42
2026-03-15 21:00:00,0.3062,0.3077,0.3053,0.3072,158408.97
2026-03-15 22:00:00,0.3073,0.3115,0.3053,0.3098,901423.46
2026-03-15 23:00:00,0.3099,0.3106,0.3063,0.309,418503.56
2026-03-16 00:00:00,0.3091,0.3108,0.3082,0.3098,156332.72
2026-03-16 01:00:00,0.3098,0.3113,0.308,0.3103,123455.34
2026-03-16 02:00:00,0.3103,0.3111,0.3085,0.31,141431.82
2026-03-16 03:00:00,0.3099,0.3193,0.3093,0.3151,764205.96
2026-03-16 04:00:00,0.3152,0.3197,0.3152,0.318,499281.04
2026-03-16 05:00:00,0.3181,0.3209,0.3172,0.3203,381769.48
2026-03-16 06:00:00,0.3203,0.3217,0.3185,0.3205,327161.33
2026-03-16 07:00:00,0.3207,0.3243,0.3207,0.3239,407563.62
2026-03-16 08:00:00,0.324,0.3268,0.3198,0.3213,668038.37
2026-03-16 09:00:00,0.3214,0.3237,0.3213,0.322,228250.48
2026-03-16 10:00:00,0.3221,0.3228,0.3178,0.3203,710413.01
2026-03-16 11:00:00,0.3203,0.3205,0.3176,0.3181,139293.11
2026-03-16 12:00:00,0.3181,0.321,0.3178,0.3208,421039.6
2026-03-16 13:00:00,0.3206,0.3253,0.3195,0.3223,528280.7
2026-03-16 14:00:00,0.3223,0.3238,0.3169,0.3209,427862.58
2026-03-16 15:00:00,0.321,0.3223,0.3191,0.3195,483128.64
2026-03-16 16:00:00,0.3195,0.326,0.3194,0.3249,389636.95
2026-03-16 17:00:00,0.325,0.328,0.3246,0.327,339501.05
2026-03-16 18:00:00,0.3269,0.3314,0.3263,0.3286,638498.0
2026-03-16 19:00:00,0.3287,0.3306,0.3264,0.3277,314433.66
2026-03-16 20:00:00,0.3276,0.3295,0.3272,0.3285,648957.81
2026-03-16 21:00:00,0.3284,0.331,0.3278,0.3286,644145.49
2026-03-16 22:00:00,0.3287,0.3306,0.3286,0.3292,401320.13
2026-03-16 23:00:00,0.3292,0.3294,0.3261,0.3276,536890.28
2026-03-17 00:00:00,0.3276,0.3286,0.3252,0.3272,806306.78
2026-03-17 01:00:00,0.3273,0.3282,0.3252,0.3273,535681.74
2026-03-17 02:00:00,0.3272,0.3283,0.3251,0.3267,233924.66
2026-03-17 03:00:00,0.3267,0.3271,0.3218,0.3248,488484.67
2026-03-17 04:00:00,0.3247,0.3256,0.3197,0.3222,314071.23
2026-03-17 05:00:00,0.322,0.3222,0.3196,0.3211,137067.49
2026-03-17 06:00:00,0.3212,0.323,0.3199,0.3213,193289.42
2026-03-17 07:00:00,0.3214,0.3253,0.3214,0.3238,162558.66
2026-03-17 08:00:00,0.3238,0.3248,0.323,0.3233,155875.03
2026-03-17 09:00:00,0.3232,0.3236,0.3213,0.3219,286517.42
2026-03-17 10:00:00,0.3218,0.3219,0.3205,0.3216,115733.89
2026-03-17 11:00:00,0.3217,0.3238,0.3217,0.322,195699.25
2026-03-17 12:00:00,0.3219,0.3224,0.319,0.32,211966.29
2026-03-17 13:00:00,0.32,0.3222,0.3188,0.3207,292311.8
2026-03-17 14:00:00,0.3206,0.3226,0.3198,0.3221,464935.44
2026-03-17 15:00:00,0.3222,0.3241,0.3188,0.3203,251955.18
2026-03-17 16:00:00,0.3205,0.3224,0.3201,0.3203,129925.96
2026-03-17 17:00:00,0.3203,0.3228,0.3203,0.3228,59309.9
2026-03-17 18:00:00,0.3226,0.3234,0.3209,0.3213,177710.62
2026-03-17 19:00:00,0.3214,0.3218,0.3195,0.32,122077.71
2026-03-17 20:00:00,0.3201,0.3226,0.3199,0.3226,78305.12
2026-03-17 21:00:00,0.3226,0.325,0.3226,0.3233,99566.3
2026-03-17 22:00:00,0.3232,0.3242,0.3212,0.3225,46206.59
2026-03-17 23:00:00,0.3224,0.3227,0.3199,0.3204,97116.12
2026-03-18 00:00:00,0.3203,0.3211,0.3184,0.3206,95952.63
2026-03-18 01:00:00,0.3207,0.3222,0.3206,0.3214,104312.46
2026-03-18 02:00:00,0.3213,0.3237,0.3211,0.3226,84984.63
2026-03-18 03:00:00,0.3228,0.3252,0.3225,0.3238,144584.35
2026-03-18 04:00:00,0.3239,0.3239,0.3207,0.3221,92216.51
2026-03-18 05:00:00,0.3222,0.3246,0.3211,0.3216,170085.24
2026-03-18 06:00:00,0.3217,0.3229,0.3211,0.3212,45738.38
2026-03-18 07:00:00,0.3211,0.3214,0.3197,0.3214,110764.1
2026-03-18 08:00:00,0.3213,0.3224,0.3211,0.3215,78148.83
2026-03-18 09:00:00,0.3214,0.3229,0.321,0.3221,116841.68
2026-03-18 10:00:00,0.322,0.3223,0.3189,0.3203,220365.35
2026-03-18 11:00:00,0.3202,0.321,0.3119,0.3141,548947.48
2026-03-18 12:00:00,0.3141,0.3142,0.3095,0.311,754796.97
2026-03-18 13:00:00,0.3109,0.3122,0.309,0.3108,331493.61
2026-03-18 14:00:00,0.3109,0.3111,0.3036,0.3043,461914.82
2026-03-18 15:00:00,0.3044,0.3046,0.2974,0.3011,1871551.14
2026-03-18 16:00:00,0.301,0.3014,0.2993,0.3005,227703.57
2026-03-18 17:00:00,0.3004,0.3042,0.2994,0.3032,234369.91
2026-03-18 18:00:00,0.3033,0.3063,0.301,0.302,350699.33
2026-03-18 19:00:00,0.302,0.304,0.3011,0.3013,79440.83
2026-03-18 20:00:00,0.3012,0.3029,0.2989,0.3022,263714.96
2026-03-18 21:00:00,0.3021,0.3052,0.302,0.3042,165356.25
2026-03-18 22:00:00,0.3039,0.3039,0.3027,0.3031,167466.36
2026-03-18 23:00:00,0.3032,0.3039,0.3022,0.3037,76581.39
2026-03-19 00:00:00,0.3037,0.3042,0.3031,0.3033,164763.21
2026-03-19 01:00:00,0.3034,0.3037,0.3022,0.3025,114615.58
2026-03-19 02:00:00,0.3025,0.3039,0.3014,0.3038,202807.65
2026-03-19 03:00:00,0.3038,0.3079,0.3038,0.305,214729.48
2026-03-19 04:00:00,0.3049,0.3049,0.3028,0.3028,96712.04
2026-03-19 05:00:00,0.3028,0.3037,0.3011,0.3019,203423.43
2026-03-19 06:00:00,0.3018,0.3026,0.3009,0.3021,181464.03
2026-03-19 07:00:00,0.302,0.302,0.2971,0.2989,559374.29
2026-03-19 08:00:00,0.2989,0.3006,0.2984,0.2994,56281.49
2026-03-19 09:00:00,0.2995,0.3024,0.2995,0.3019,145797.9
2026-03-19 10:00:00,0.3019,0.3022,0.3003,0.3004,163541.78
2026-03-19 11:00:00,0.3004,0.3008,0.2992,0.2993,133122.0
2026-03-19 12:00:00,0.2992,0.2994,0.2948,0.2949,598251.63
2026-03-19 13:00:00,0.2948,0.2973,0.2931,0.2968,710894.44
2026-03-19 14:00:00,0.2967,0.298,0.2938,0.2953,271658.04
2026-03-19 15:00:00,0.2952,0.2963,0.2918,0.2948,286159.89
2026-03-19 16:00:00,0.2947,0.2947,0.2933,0.2939,125944.35
2026-03-19 17:00:00,0.294,0.2968,0.2925,0.296,109767.69
2026-03-19 18:00:00,0.296,0.296,0.2937,0.295,79205.29
2026-03-19 19:00:00,0.2948,0.2987,0.2948,0.2971,184204.66
2026-03-19 20:00:00,0.2971,0.2983,0.2969,0.297,60612.05
2026-03-19 21:00:00,0.2969,0.2983,0.2969,0.2978,133463.89
2026-03-19 22:00:00,0.2977,0.2979,0.2959,0.2972,159811.43
2026-03-19 23:00:00,0.2973,0.2982,0.2964,0.2978,129621.57
2026-03-20 00:00:00,0.2978,0.2991,0.2975,0.299,101920.48
2026-03-20 01:00:00,0.2991,0.3013,0.2991,0.3006,150253.86
2026-03-20 02:00:00,0.3006,0.301,0.2988,0.3002,160648.8
2026-03-20 03:00:00,0.3003,0.3017,0.2998,0.3007,125461.01
2026-03-20 04:00:00,0.3006,0.3011,0.299,0.3011,107786.12
2026-03-20 05:00:00,0.3011,0.3024,0.3001,0.3011,227323.91
2026-03-20 06:00:00,0.301,0.3012,0.2987,0.2989,227556.85
2026-03-20 07:00:00,0.2988,0.2993,0.2963,0.299,167688.93
2026-03-20 08:00:00,0.299,0.3003,0.2984,0.2993,205899.4
2026-03-20 09:00:00,0.2992,0.2998,0.2978,0.2986,188765.18
2026-03-20 10:00:00,0.2987,0.2995,0.298,0.2992,75826.92
2026-03-20 11:00:00,0.2992,0.3004,0.2975,0.2986,104226.29
2026-03-20 12:00:00,0.2987,0.2997,0.2976,0.2979,59142.55
2026-03-20 13:00:00,0.298,0.2994,0.2956,0.296,197076.39
2026-03-20 14:00:00,0.2958,0.2988,0.2949,0.2959,220011.02
2026-03-20 15:00:00,0.296,0.2981,0.2949,0.2974,143417.95
2026-03-20 16:00:00,0.2974,0.2979,0.2961,0.2975,191683.38
2026-03-20 17:00:00,0.2975,0.2982,0.2961,0.2978,188066.86
2026-03-20 18:00:00,0.2979,0.2983,0.2949,0.2953,92392.68
2026-03-20 19:00:00,0.2954,0.2969,0.2939,0.2967,85436.74
2026-03-20 20:00:00,0.2966,0.2972,0.2947,0.2964,66288.18
2026-03-20 21:00:00,0.2965,0.2997,0.2959,0.2985,156113.2
2026-03-20 22:00:00,0.2986,0.3014,0.2986,0.2995,141051.76
2026-03-20 23:00:00,0.2994,0.2994,0.2975,0.2986,41606.23
2026-03-21 00:00:00,0.2987,0.2997,0.2985,0.299,80635.48
2026-03-21 01:00:00,0.2991,0.2996,0.298,0.2984,63999.78
2026-03-21 02:00:00,0.2983,0.3,0.2983,0.2996,10697.89
2026-03-21 03:00:00,0.2997,0.2999,0.2985,0.2988,98336.57
2026-03-21 04:00:00,0.2988,0.2994,0.2982,0.2984,74294.76
2026-03-21 05:00:00,0.2983,0.3001,0.2983,0.2991,65537.95
2026-03-21 06:00:00,0.2992,0.3012,0.299,0.3003,97175.73
2026-03-21 07:00:00,0.3004,0.3005,0.2992,0.2994,55790.15
2026-03-21 08:00:00,0.2994,0.3001,0.2986,0.2997,71990.28
2026-03-21 09:00:00,0.2996,0.3004,0.2987,0.299,103919.93
2026-03-21 10:00:00,0.2989,0.2989,0.2979,0.2982,55886.1
2026-03-21 11:00:00,0.2983,0.2985,0.2977,0.2981,71384.71
2026-03-21 12:00:00,0.2981,0.2985,0.2975,0.2978,80741.35
2026-03-21 13:00:00,0.2977,0.2977,0.2966,0.2973,92792.35
2026-03-21 14:00:00,0.2974,0.2992,0.297,0.2972,114578.9
2026-03-21 15:00:00,0.2973,0.3,0.2971,0.2996,103815.84
2026-03-21 16:00:00,0.2998,0.2999,0.2981,0.2984,67240.82
2026-03-21 17:00:00,0.2984,0.2985,0.2977,0.2982,41896.44
2026-03-21 18:00:00,0.2983,0.2985,0.2977,0.2977,26549.5
2026-03-21 19:00:00,0.2976,0.2978,0.297,0.2976,62091.63
2026-03-21 20:00:00,0.2975,0.2985,0.2974,0.2983,25065.67
2026-03-21 21:00:00,0.2984,0.2985,0.2973,0.2976,107983.15
2026-03-21 22:00:00,0.2977,0.2977,0.2965,0.2968,43786.17
2026-03-21 23:00:00,0.2968,0.2968,0.2861,0.2885,706187.62
2026-03-22 00:00:00,0.2883,0.2905,0.282,0.2894,717887.44
2026-03-22 01:00:00,0.2895,0.2904,0.2877,0.2891,147408.64
2026-03-22 02:00:00,0.2891,0.2919,0.2889,0.2899,123363.66
2026-03-22 03:00:00,0.2898,0.2922,0.2889,0.2899,256287.2
2026-03-22 04:00:00,0.2899,0.2915,0.2897,0.2907,187432.19
2026-03-22 05:00:00,0.2907,0.2908,0.2893,0.2893,182831.41
2026-03-22 06:00:00,0.2893,0.2895,0.2887,0.2891,71618.22
2026-03-22 07:00:00,0.289,0.2899,0.2877,0.2878,59299.08
2026-03-22 08:00:00,0.2877,0.288,0.2857,0.2879,110579.35
2026-03-22 09:00:00,0.2878,0.2889,0.2868,0.2874,91960.58
2026-03-22 10:00:00,0.2873,0.2873,0.2854,0.2855,114043.37
2026-03-22 11:00:00,0.2855,0.2855,0.2842,0.2847,123184.02
2026-03-22 12:00:00,0.2848,0.2876,0.2848,0.2861,351438.37
2026-03-22 13:00:00,0.2861,0.2872,0.2852,0.2861,125348.33
2026-03-22 14:00:00,0.286,0.2869,0.2852,0.2856,101145.97
2026-03-22 15:00:00,0.2856,0.2869,0.2856,0.2864,92849.85
2026-03-22 16:00:00,0.2865,0.2868,0.2858,0.2864,77522.12
2026-03-22 17:00:00,0.2864,0.2864,0.2852,0.2854,25626.64
2026-03-22 18:00:00,0.2853,0.2855,0.2827,0.284,242474.17
2026-03-22 19:00:00,0.284,0.2841,0.2824,0.2838,119772.55
2026-03-22 20:00:00,0.2839,0.2856,0.2828,0.2833,196761.42
2026-03-22 21:00:00,0.2834,0.2838,0.2791,0.2818,417554.46
2026-03-22 22:00:00,0.2816,0.2844,0.28,0.2839,134153.35
2026-03-22 23:00:00,0.284,0.285,0.2823,0.2824,106358.99
2026-03-23 00:00:00,0.2827,0.2839,0.2815,0.2832,348646.43
2026-03-23 01:00:00,0.2831,0.2848,0.2823,0.2834,114565.6
2026-03-23 02:00:00,0.2834,0.286,0.2831,0.2851,111099.19
2026-03-23 03:00:00,0.2851,0.2862,0.284,0.2841,103111.59
2026-03-23 04:00:00,0.2842,0.2859,0.284,0.2858,90663.66
2026-03-23 05:00:00,0.2859,0.2863,0.2844,0.2856,125816.9
2026-03-23 06:00:00,0.2855,0.2855,0.2808,0.2819,194201.17
2026-03-23 07:00:00,0.2819,0.282,0.2788,0.2805,595860.56
2026-03-23 08:00:00,0.2806,0.2819,0.2793,0.2798,268485.71
2026-03-23 09:00:00,0.2799,0.2799,0.2772,0.2794,252594.18
2026-03-23 10:00:00,0.2794,0.2811,0.2789,0.2796,143080.15
2026-03-23 11:00:00,0.2798,0.2963,0.2795,0.2883,2509563.77
2026-03-23 12:00:00,0.2886,0.2914,0.2865,0.2913,295848.85
2026-03-23 13:00:00,0.2914,0.2952,0.29,0.2952,322707.17
2026-03-23 14:00:00,0.2952,0.296,0.2927,0.2946,235612.97
2026-03-23 15:00:00,0.2945,0.2956,0.2876,0.2881,241140.28
2026-03-23 16:00:00,0.2882,0.2897,0.2859,0.289,160053.83
2026-03-23 17:00:00,0.2895,0.2916,0.2881,0.2909,195236.7
2026-03-23 18:00:00,0.2911,0.2937,0.2896,0.2936,102002.01
2026-03-23 19:00:00,0.2936,0.2949,0.2915,0.2919,214537.87
2026-03-23 20:00:00,0.2919,0.295,0.2912,0.2942,87098.9
2026-03-23 21:00:00,0.2945,0.2951,0.2935,0.2942,76909.29
2026-03-23 22:00:00,0.2944,0.2948,0.2927,0.2931,152356.27
2026-03-23 23:00:00,0.2931,0.2945,0.2912,0.2941,152675.35
2026-03-24 00:00:00,0.2942,0.2953,0.2907,0.2927,283086.19
2026-03-24 01:00:00,0.2926,0.2928,0.2892,0.2906,266556.85
2026-03-24 02:00:00,0.2905,0.2928,0.2901,0.2906,73966.53
2026-03-24 03:00:00,0.2907,0.2928,0.2903,0.292,76968.1
2026-03-24 04:00:00,0.2921,0.2932,0.2909,0.2913,62941.98
2026-03-24 05:00:00,0.2912,0.292,0.2906,0.2915,77339.15
2026-03-24 06:00:00,0.2914,0.2928,0.2911,0.2926,90416.11
2026-03-24 07:00:00,0.2927,0.2964,0.2925,0.2959,411242.34
2026-03-24 08:00:00,0.296,0.2961,0.2943,0.2943,82103.24
2026-03-24 09:00:00,0.2942,0.2946,0.2927,0.2938,79393.81
2026-03-24 10:00:00,0.2937,0.2937,0.2922,0.2934,129864.07
2026-03-24 11:00:00,0.2934,0.294,0.2916,0.2931,142043.25
2026-03-24 12:00:00,0.2931,0.2934,0.2917,0.2929,110667.45
2026-03-24 13:00:00,0.2928,0.2932,0.2903,0.291,233990.91
2026-03-24 14:00:00,0.291,0.2923,0.2884,0.2907,296927.37
2026-03-24 15:00:00,0.2908,0.2925,0.2906,0.2907,101569.51
2026-03-24 16:00:00,0.2906,0.2921,0.2895,0.2899,196297.29
2026-03-24 17:00:00,0.29,0.2901,0.2872,0.2883,137755.83
2026-03-24 18:00:00,0.2884,0.2908,0.288,0.2891,84720.68
2026-03-24 19:00:00,0.2892,0.2911,0.2892,0.2899,60249.15
2026-03-24 20:00:00,0.2899,0.2958,0.2899,0.2947,188541.0
2026-03-24 21:00:00,0.2947,0.2954,0.2928,0.2951,123865.12
2026-03-24 22:00:00,0.2953,0.2956,0.2936,0.2942,137597.34
2026-03-24 23:00:00,0.2942,0.2956,0.294,0.2948,131744.58
2026-03-25 00:00:00,0.2951,0.2977,0.2939,0.2969,197979.79
2026-03-25 01:00:00,0.2969,0.2979,0.2965,0.2971,71939.58
2026-03-25 02:00:00,0.2971,0.2974,0.2963,0.2965,101723.33
2026-03-25 03:00:00,0.2966,0.2989,0.296,0.2987,156790.19
2026-03-25 04:00:00,0.2987,0.3,0.2985,0.2996,196705.01
2026-03-25 05:00:00,0.2995,0.3003,0.2984,0.299,104712.59
2026-03-25 06:00:00,0.2989,0.3003,0.2978,0.2993,206791.25
2026-03-25 07:00:00,0.2993,0.3034,0.2992,0.3011,656209.75
2026-03-25 08:00:00,0.3013,0.3054,0.3013,0.3015,430561.96
2026-03-25 09:00:00,0.3015,0.302,0.3006,0.3017,276811.76
2026-03-25 10:00:00,0.3018,0.3034,0.3011,0.302,249493.72
2026-03-25 11:00:00,0.3021,0.3038,0.3016,0.3024,272616.5
2026-03-25 12:00:00,0.3025,0.3037,0.3002,0.3018,229863.34
2026-03-25 13:00:00,0.3019,0.3025,0.3005,0.3006,148177.29
2026-03-25 14:00:00,0.3007,0.3025,0.2995,0.3012,266663.8
2026-03-25 15:00:00,0.3013,0.3019,0.2983,0.2998,167038.79
2026-03-25 16:00:00,0.2997,0.3017,0.2985,0.2997,202668.95
2026-03-25 17:00:00,0.2998,0.3008,0.2984,0.2988,109226.9
2026-03-25 18:00:00,0.2989,0.3,0.2977,0.2982,67541.69
2026-03-25 19:00:00,0.2982,0.3004,0.2979,0.2998,147430.51
2026-03-25 20:00:00,0.2999,0.2999,0.2973,0.2983,147806.59
2026-03-25 21:00:00,0.2982,0.2987,0.2973,0.2983,77648.7
2026-03-25 22:00:00,0.298,0.301,0.2978,0.2998,130357.33
2026-03-25 23:00:00,0.2999,0.301,0.2995,0.3008,128821.15
2026-03-26 00:00:00,0.3008,0.3011,0.2994,0.3004,92089.47
2026-03-26 01:00:00,0.3004,0.3007,0.2995,0.2995,102994.61
2026-03-26 02:00:00,0.2994,0.2995,0.2967,0.2979,148612.32
2026-03-26 03:00:00,0.2977,0.2977,0.296,0.297,93443.47
2026-03-26 04:00:00,0.2968,0.2984,0.2961,0.2974,96220.32
2026-03-26 05:00:00,0.2974,0.2974,0.2919,0.2925,192808.11
2026-03-26 06:00:00,0.2925,0.2932,0.2912,0.2919,116319.21
2026-03-26 07:00:00,0.2917,0.2926,0.2912,0.2917,111422.25
2026-03-26 08:00:00,0.2917,0.2918,0.2899,0.2909,170742.87
2026-03-26 09:00:00,0.2908,0.2918,0.2868,0.2876,302634.54
2026-03-26 10:00:00,0.2875,0.2877,0.2864,0.2872,102707.28
2026-03-26 11:00:00,0.2872,0.2878,0.2865,0.2866,112457.02
2026-03-26 12:00:00,0.2866,0.2882,0.2862,0.2881,164003.26
2026-03-26 13:00:00,0.288,0.2912,0.2877,0.29,231722.77
2026-03-26 14:00:00,0.2901,0.2907,0.2881,0.289,174467.16
2026-03-26 15:00:00,0.289,0.289,0.2855,0.2865,499298.35
2026-03-26 16:00:00,0.2864,0.2866,0.285,0.2855,531259.58
2026-03-26 17:00:00,0.2854,0.2868,0.2838,0.2846,233472.88
2026-03-26 18:00:00,0.2847,0.2848,0.2828,0.2847,235478.83
2026-03-26 19:00:00,0.2846,0.2847,0.2829,0.2836,90896.91
2026-03-26 20:00:00,0.2837,0.2887,0.2831,0.2863,471447.95
2026-03-26 21:00:00,0.2862,0.2886,0.286,0.2875,155462.54
2026-03-26 22:00:00,0.2877,0.2885,0.2865,0.2877,99422.48
2026-03-26 23:00:00,0.2878,0.2885,0.2863,0.2874,126815.79
2026-03-27 00:00:00,0.2873,0.2883,0.2868,0.2881,102450.13
2026-03-27 01:00:00,0.2881,0.2894,0.2881,0.2894,76496.31
2026-03-27 02:00:00,0.2893,0.2898,0.2879,0.2884,358025.05
2026-03-27 03:00:00,0.2884,0.2884,0.2871,0.2879,139374.7
2026-03-27 04:00:00,0.2878,0.2878,0.2856,0.2871,185605.74
2026-03-27 05:00:00,0.2871,0.2879,0.2862,0.2865,98227.2
2026-03-27 06:00:00,0.2866,0.2871,0.2863,0.2866,82336.78
2026-03-27 07:00:00,0.2864,0.2887,0.2861,0.2881,106431.11
2026-03-27 08:00:00,0.288,0.2883,0.2834,0.2857,281794.95
2026-03-27 09:00:00,0.2857,0.2857,0.2822,0.2837,140992.34
2026-03-27 10:00:00,0.2836,0.2841,0.2762,0.2766,795490.02
2026-03-27 11:00:00,0.2767,0.2773,0.2741,0.2767,399127.83
2026-03-27 12:00:00,0.2767,0.2767,0.2743,0.2755,286911.31
2026-03-27 13:00:00,0.2755,0.277,0.2737,0.2751,540099.21
2026-03-27 14:00:00,0.275,0.2781,0.2741,0.2778,384780.01
2026-03-27 15:00:00,0.2778,0.295,0.2778,0.2861,7555860.96
2026-03-27 16:00:00,0.286,0.2895,0.2833,0.2885,1503387.93
2026-03-27 17:00:00,0.2886,0.2919,0.2859,0.2878,1163033.76
2026-03-27 18:00:00,0.2879,0.2939,0.2879,0.2934,957609.31
2026-03-27 19:00:00,0.2936,0.3014,0.2915,0.2983,2210998.34
2026-03-27 20:00:00,0.2983,0.3032,0.2981,0.3022,1419641.92
2026-03-27 21:00:00,0.3022,0.3076,0.2983,0.2998,2100814.42
2026-03-27 22:00:00,0.2998,0.2999,0.2965,0.2984,573825.21
2026-03-27 23:00:00,0.2984,0.301,0.2971,0.2994,791481.15
2026-03-28 00:00:00,0.2995,0.3004,0.2955,0.2964,601364.3
2026-03-28 01:00:00,0.2964,0.2969,0.2924,0.2952,750713.39
2026-03-28 02:00:00,0.2952,0.2992,0.2936,0.2971,935832.49
2026-03-28 03:00:00,0.2972,0.3005,0.2972,0.2983,463672.98
2026-03-28 04:00:00,0.2984,0.2999,0.2971,0.2987,293445.81
2026-03-28 05:00:00,0.2987,0.3016,0.2957,0.3009,680195.63
2026-03-28 06:00:00,0.3011,0.3049,0.3006,0.3029,897604.55
2026-03-28 07:00:00,0.3028,0.3059,0.301,0.302,1391033.71
2026-03-28 08:00:00,0.3019,0.3038,0.3015,0.3019,908627.14
2026-03-28 09:00:00,0.3018,0.3027,0.301,0.3019,312010.64
2026-03-28 10:00:00,0.3018,0.3045,0.3006,0.3038,454281.17
2026-03-28 11:00:00,0.3038,0.3039,0.301,0.3038,321193.93
2026-03-28 12:00:00,0.3038,0.3041,0.301,0.3031,252083.0
2026-03-28 13:00:00,0.3031,0.3111,0.3028,0.3094,1262184.89
2026-03-28 14:00:00,0.3094,0.3109,0.3055,0.3065,866460.12
2026-03-28 15:00:00,0.3065,0.3098,0.3062,0.3076,486249.86
2026-03-28 16:00:00,0.3076,0.3132,0.3076,0.3119,1339370.37
2026-03-28 17:00:00,0.3118,0.3164,0.3115,0.3122,1278633.36
2026-03-28 18:00:00,0.3122,0.3136,0.3097,0.3127,589748.9
2026-03-28 19:00:00,0.3127,0.3143,0.3122,0.3137,235342.36
2026-03-28 20:00:00,0.3136,0.3145,0.3113,0.3122,235595.61
2026-03-28 21:00:00,0.3121,0.3121,0.3081,0.3088,330643.63
2026-03-28 22:00:00,0.3087,0.3095,0.3065,0.3094,185693.67
2026-03-28 23:00:00,0.3092,0.3096,0.3057,0.306,173186.99
2026-03-29 00:00:00,0.306,0.3071,0.3037,0.3059,375212.72
2026-03-29 01:00:00,0.3059,0.3083,0.3052,0.3063,292452.27
2026-03-29 02:00:00,0.3062,0.3081,0.3058,0.3075,224088.21
2026-03-29 03:00:00,0.3076,0.3123,0.3075,0.3087,259084.78
2026-03-29 04:00:00,0.3087,0.3101,0.3061,0.3073,429501.59
2026-03-29 05:00:00,0.3072,0.3085,0.306,0.3079,251418.49
2026-03-29 06:00:00,0.3078,0.3093,0.306,0.3069,806694.64
2026-03-29 07:00:00,0.3068,0.3081,0.3056,0.3063,201678.29
2026-03-29 08:00:00,0.3063,0.3064,0.304,0.3048,308593.69
2026-03-29 09:00:00,0.3048,0.3061,0.3036,0.3037,166614.65
2026-03-29 10:00:00,0.3036,0.3046,0.3026,0.3042,202827.46
2026-03-29 11:00:00,0.3042,0.3071,0.3042,0.305,124357.81
2026-03-29 12:00:00,0.3049,0.3054,0.3029,0.3038,138740.86
2026-03-29 13:00:00,0.3037,0.3042,0.3015,0.3019,198800.95
2026-03-29 14:00:00,0.3019,0.3049,0.3013,0.3047,467182.26
2026-03-29 15:00:00,0.3047,0.3058,0.302,0.3024,291930.83
2026-03-29 16:00:00,0.3024,0.3061,0.3023,0.304,113123.09
2026-03-29 17:00:00,0.304,0.3055,0.3023,0.3043,177728.32
2026-03-29 18:00:00,0.3043,0.3059,0.3033,0.3049,141177.11
2026-03-29 19:00:00,0.3049,0.3055,0.3032,0.3045,240529.78
2026-03-29 20:00:00,0.3044,0.3083,0.3043,0.3074,170084.4
2026-03-29 21:00:00,0.3075,0.3083,0.3064,0.308,82547.06
2026-03-29 22:00:00,0.3079,0.311,0.2944,0.3006,2002430.54
2026-03-29 23:00:00,0.3006,0.3032,0.2999,0.3013,680430.93
2026-03-30 00:00:00,0.3014,0.3124,0.3007,0.3037,1497305.55
2026-03-30 01:00:00,0.3036,0.3098,0.3036,0.3085,535905.97
2026-03-30 02:00:00,0.3087,0.3142,0.3064,0.3125,784019.71
2026-03-30 03:00:00,0.3126,0.3141,0.3112,0.3131,267482.95
2026-03-30 04:00:00,0.3132,0.3184,0.3132,0.3173,407855.91
2026-03-30 05:00:00,0.3173,0.3184,0.3158,0.3159,413962.22
2026-03-30 06:00:00,0.3161,0.319,0.315,0.318,275134.26
2026-03-30 07:00:00,0.318,0.3224,0.3172,0.321,809381.98
2026-03-30 08:00:00,0.3211,0.3247,0.32,0.3238,621056.03
2026-03-30 09:00:00,0.3238,0.3246,0.319,0.3202,470447.95
2026-03-30 10:00:00,0.3203,0.3219,0.3193,0.3217,231820.52
2026-03-30 11:00:00,0.3216,0.3246,0.3203,0.3223,535720.09
2026-03-30 12:00:00,0.3224,0.3252,0.3221,0.3231,496470.56
2026-03-30 13:00:00,0.3232,0.3246,0.3222,0.3234,566515.95
2026-03-30 14:00:00,0.3234,0.3259,0.3164,0.3208,1164777.36
2026-03-30 15:00:00,0.3207,0.322,0.3187,0.3196,774050.44
2026-03-30 16:00:00,0.3196,0.3202,0.318,0.3194,226079.96
2026-03-30 17:00:00,0.3194,0.32,0.3153,0.316,432203.77
2026-03-30 18:00:00,0.316,0.3164,0.3138,0.3156,358900.23
2026-03-30 19:00:00,0.3156,0.3167,0.3132,0.3159,290475.77
2026-03-30 20:00:00,0.3158,0.3175,0.3156,0.3167,121343.28
2026-03-30 21:00:00,0.3166,0.3221,0.3164,0.3195,404741.14
2026-03-30 22:00:00,0.3195,0.3201,0.3173,0.3191,179843.91
2026-03-30 23:00:00,0.319,0.319,0.3156,0.3181,274605.5
2026-03-31 00:00:00,0.3182,0.3223,0.3171,0.3206,362889.34
2026-03-31 01:00:00,0.3207,0.3295,0.3194,0.3286,699510.53
2026-03-31 02:00:00,0.3285,0.3324,0.3276,0.3289,943526.87
2026-03-31 03:00:00,0.329,0.3311,0.3278,0.3303,426658.5
2026-03-31 04:00:00,0.3304,0.3328,0.3274,0.3278,616918.76
2026-03-31 05:00:00,0.328,0.3291,0.3263,0.3272,459931.82
2026-03-31 06:00:00,0.3273,0.3289,0.325,0.3288,249481.05
2026-03-31 07:00:00,0.3289,0.3294,0.3238,0.3263,584402.77
2026-03-31 08:00:00,0.3264,0.3267,0.3219,0.3239,523707.76
2026-03-31 09:00:00,0.3238,0.3244,0.3178,0.3196,710868.13
2026-03-31 10:00:00,0.3197,0.3219,0.3179,0.3195,372968.33
2026-03-31 11:00:00,0.3194,0.3231,0.3186,0.3216,439280.2
2026-03-31 12:00:00,0.3217,0.3242,0.3217,0.323,637924.09
2026-03-31 13:00:00,0.323,0.33,0.323,0.3281,494239.48
2026-03-31 14:00:00,0.3279,0.3307,0.3227,0.3246,773696.3
2026-03-31 15:00:00,0.3246,0.3287,0.3246,0.3261,299728.42
2026-03-31 16:00:00,0.326,0.335,0.3259,0.3315,1014307.73
2026-03-31 17:00:00,0.3316,0.3405,0.3302,0.3311,1485392.68
2026-03-31 18:00:00,0.331,0.3328,0.3286,0.3298,508947.98
2026-03-31 19:00:00,0.3297,0.331,0.3285,0.3308,162507.84
2026-03-31 20:00:00,0.3309,0.332,0.3295,0.3304,161467.2
2026-03-31 21:00:00,0.3303,0.3306,0.3281,0.3294,174838.92
2026-03-31 22:00:00,0.3294,0.3311,0.3279,0.3294,306112.17
2026-03-31 23:00:00,0.3295,0.3307,0.329,0.3296,328734.39
2026-04-01 00:00:00,0.3294,0.3316,0.3284,0.3316,104946.48
2026-04-01 01:00:00,0.3317,0.3327,0.3279,0.33,246042.09
2026-04-01 02:00:00,0.3301,0.3311,0.3289,0.3303,112625.26
2026-04-01 03:00:00,0.3304,0.3336,0.3301,0.3304,182078.26
2026-04-01 04:00:00,0.3304,0.3318,0.3294,0.3308,219463.26
2026-04-01 05:00:00,0.3309,0.3333,0.3299,0.3323,169580.69
2026-04-01 06:00:00,0.3324,0.3371,0.3314,0.337,394710.18
2026-04-01 07:00:00,0.337,0.3384,0.3357,0.3364,309761.79
2026-04-01 08:00:00,0.3365,0.3394,0.336,0.3373,465172.05
2026-04-01 09:00:00,0.3372,0.3399,0.3362,0.3392,290912.78
2026-04-01 10:00:00,0.3392,0.34,0.3363,0.3372,285062.91
2026-04-01 11:00:00,0.3373,0.3388,0.3363,0.3384,385772.61
2026-04-01 12:00:00,0.3384,0.3424,0.3365,0.3388,497767.05
2026-04-01 13:00:00,0.3388,0.3388,0.3314,0.3329,600613.7
2026-04-01 14:00:00,0.3328,0.3378,0.3327,0.3358,287874.03
2026-04-01 15:00:00,0.3358,0.3406,0.3349,0.3396,422698.83
2026-04-01 16:00:00,0.3397,0.3416,0.337,0.3399,506913.63
2026-04-01 17:00:00,0.34,0.3433,0.337,0.3371,655023.68
2026-04-01 18:00:00,0.3372,0.3376,0.3347,0.3352,183067.9
2026-04-01 19:00:00,0.3353,0.3387,0.335,0.337,145412.83
2026-04-01 20:00:00,0.3371,0.3374,0.3356,0.3358,269560.81
2026-04-01 21:00:00,0.3358,0.3388,0.3358,0.3383,144389.54
2026-04-01 22:00:00,0.3382,0.3382,0.3342,0.3354,558222.13
2026-04-01 23:00:00,0.3356,0.3369,0.3339,0.3346,333193.81
2026-04-02 00:00:00,0.3347,0.338,0.3346,0.3376,277077.64
2026-04-02 01:00:00,0.3374,0.3374,0.3265,0.3299,960914.57
2026-04-02 02:00:00,0.3298,0.3298,0.3209,0.3225,752886.71
2026-04-02 03:00:00,0.3225,0.324,0.3188,0.32,517945.04
2026-04-02 04:00:00,0.3199,0.3199,0.3164,0.3174,476874.56
2026-04-02 05:00:00,0.3176,0.3197,0.3166,0.3192,328640.48
2026-04-02 06:00:00,0.3192,0.3208,0.3184,0.3186,337854.19
2026-04-02 07:00:00,0.3186,0.3206,0.317,0.3201,392638.09
2026-04-02 08:00:00,0.3202,0.3202,0.318,0.3185,238597.11
2026-04-02 09:00:00,0.3186,0.3196,0.3149,0.3155,586414.11
2026-04-02 10:00:00,0.3155,0.3157,0.3138,0.3154,454924.83
2026-04-02 11:00:00,0.3154,0.3167,0.314,0.315,362526.54
2026-04-02 12:00:00,0.3149,0.315,0.3125,0.3132,396557.63
2026-04-02 13:00:00,0.3133,0.314,0.3087,0.3098,1381857.25
2026-04-02 14:00:00,0.3097,0.3163,0.309,0.3157,652663.77
2026-04-02 15:00:00,0.3156,0.3162,0.3118,0.315,387776.31
2026-04-02 16:00:00,0.3149,0.3196,0.3144,0.3177,397892.73
2026-04-02 17:00:00,0.3178,0.3202,0.3122,0.3125,212080.46
2026-04-02 18:00:00,0.3125,0.3143,0.3123,0.3139,172484.5
2026-04-02 19:00:00,0.3138,0.3154,0.3128,0.3154,232599.89
2026-04-02 20:00:00,0.3154,0.3172,0.3142,0.3142,122170.6
2026-04-02 21:00:00,0.3143,0.3148,0.3124,0.3138,108979.16
2026-04-02 22:00:00,0.3137,0.3145,0.3131,0.3134,103456.98
2026-04-02 23:00:00,0.3133,0.3147,0.3127,0.3142,167626.97
2026-04-03 00:00:00,0.3142,0.3145,0.3131,0.3142,72626.59
2026-04-03 01:00:00,0.3143,0.3151,0.3128,0.3136,83639.45
2026-04-03 02:00:00,0.3136,0.3161,0.3131,0.3156,138847.47
2026-04-03 03:00:00,0.3156,0.3168,0.3153,0.3155,931525.63
2026-04-03 04:00:00,0.3156,0.3167,0.3146,0.3166,253930.28
2026-04-03 05:00:00,0.3167,0.3179,0.3143,0.3144,339175.5
2026-04-03 06:00:00,0.3143,0.318,0.3136,0.3179,410199.95
2026-04-03 07:00:00,0.3179,0.3185,0.3169,0.3171,203160.74
2026-04-03 08:00:00,0.3172,0.3195,0.3159,0.3186,262201.45
2026-04-03 09:00:00,0.3186,0.3206,0.3179,0.3202,245788.55
2026-04-03 10:00:00,0.3201,0.3207,0.3165,0.3175,437034.33
2026-04-03 11:00:00,0.3176,0.3197,0.3171,0.3193,201499.89
2026-04-03 12:00:00,0.3193,0.3231,0.3171,0.318,482354.71
2026-04-03 13:00:00,0.3182,0.3191,0.317,0.319,182429.5
2026-04-03 14:00:00,0.3189,0.3217,0.3177,0.3213,286091.9
2026-04-03 15:00:00,0.3212,0.3214,0.3185,0.3192,221080.5
2026-04-03 16:00:00,0.3192,0.3205,0.3175,0.3202,181346.41
2026-04-03 17:00:00,0.3201,0.3201,0.3163,0.3167,133904.54
2026-04-03 18:00:00,0.3166,0.3188,0.3155,0.3158,113214.83
2026-04-03 19:00:00,0.3159,0.3169,0.3143,0.3159,158787.78
2026-04-03 20:00:00,0.316,0.3168,0.3145,0.3149,60278.5
2026-04-03 21:00:00,0.315,0.316,0.3149,0.3151,62363.21
2026-04-03 22:00:00,0.3151,0.3152,0.3135,0.3139,34284.93
2026-04-03 23:00:00,0.3137,0.3139,0.313,0.3136,79835.6
2026-04-04 00:00:00,0.3135,0.3141,0.3132,0.314,49514.83
2026-04-04 01:00:00,0.314,0.316,0.3126,0.3157,334838.27
2026-04-04 02:00:00,0.3157,0.3167,0.3146,0.3149,237703.09
2026-04-04 03:00:00,0.315,0.3163,0.315,0.3154,38690.76
2026-04-04 04:00:00,0.3153,0.3166,0.315,0.3162,21652.07
2026-04-04 05:00:00,0.3161,0.3161,0.3149,0.3151,173224.67
2026-04-04 06:00:00,0.3153,0.3184,0.3152,0.3173,129098.9
2026-04-04 07:00:00,0.3174,0.3181,0.317,0.3172,93920.23
2026-04-04 08:00:00,0.3173,0.3182,0.3165,0.3168,32391.47
2026-04-04 09:00:00,0.3169,0.317,0.3157,0.3157,70130.87
2026-04-04 10:00:00,0.3157,0.3167,0.315,0.316,115272.8
2026-04-04 11:00:00,0.316,0.3178,0.3155,0.317,102438.32
2026-04-04 12:00:00,0.317,0.3177,0.3159,0.3161,122423.62
2026-04-04 13:00:00,0.3161,0.3168,0.3146,0.3153,117840.44
2026-04-04 14:00:00,0.3153,0.3165,0.3135,0.3164,85421.33
2026-04-04 15:00:00,0.3164,0.3179,0.3155,0.3158,116123.09
2026-04-04 16:00:00,0.3158,0.3173,0.315,0.3152,139107.65
2026-04-04 17:00:00,0.3151,0.3177,0.3147,0.3166,59680.1
2026-04-04 18:00:00,0.3166,0.3168,0.3147,0.3151,33657.37
2026-04-04 19:00:00,0.3151,0.3186,0.3149,0.3159,218593.1
2026-04-04 20:00:00,0.3161,0.3161,0.3147,0.3149,72211.36
2026-04-04 21:00:00,0.3149,0.3162,0.3142,0.3156,119399.64
2026-04-04 22:00:00,0.3155,0.3162,0.3152,0.3156,97805.78
2026-04-04 23:00:00,0.3158,0.3158,0.3144,0.3152,29515.52
2026-04-05 00:00:00,0.3152,0.316,0.3144,0.3157,49200.91
2026-04-05 01:00:00,0.3159,0.316,0.3145,0.315,55382.63
2026-04-05 02:00:00,0.3149,0.3157,0.3143,0.3147,61661.4
2026-04-05 03:00:00,0.3145,0.3145,0.3129,0.3138,53671.76
2026-04-05 04:00:00,0.3138,0.3144,0.3123,0.3125,79876.03
2026-04-05 05:00:00,0.3124,0.3129,0.3104,0.3106,303947.56
2026-04-05 06:00:00,0.3106,0.311,0.3071,0.3081,261200.04
2026-04-05 07:00:00,0.3081,0.3093,0.3074,0.3078,148556.14
2026-04-05 08:00:00,0.3079,0.3096,0.3075,0.3096,62496.87
2026-04-05 09:00:00,0.3094,0.3113,0.3093,0.3111,77024.94
2026-04-05 10:00:00,0.311,0.3114,0.3094,0.3096,40284.44
2026-04-05 11:00:00,0.3095,0.3098,0.3085,0.3098,121628.0
2026-04-05 12:00:00,0.3096,0.31,0.3072,0.3087,221183.91
2026-04-05 13:00:00,0.3086,0.3091,0.305,0.3077,499858.09
2026-04-05 14:00:00,0.3077,0.3083,0.3063,0.3066,156143.14
2026-04-05 15:00:00,0.3066,0.3119,0.3062,0.3087,293696.51
2026-04-05 16:00:00,0.3086,0.3092,0.3075,0.3076,146623.23
2026-04-05 17:00:00,0.3075,0.3096,0.3069,0.3093,178410.03
2026-04-05 18:00:00,0.3092,0.3095,0.3079,0.3085,118225.2
2026-04-05 19:00:00,0.3085,0.3106,0.3083,0.3094,55873.06
2026-04-05 20:00:00,0.3095,0.3101,0.3089,0.3096,159337.76
2026-04-05 21:00:00,0.3097,0.3102,0.3075,0.3095,88596.64
2026-04-05 22:00:00,0.3093,0.3138,0.3081,0.3134,229022.45
2026-04-05 23:00:00,0.3136,0.3177,0.3124,0.3168,350185.59
2026-04-06 00:00:00,0.3171,0.3214,0.3171,0.3194,387171.26
2026-04-06 01:00:00,0.3195,0.3197,0.3175,0.3186,160237.43
2026-04-06 02:00:00,0.3187,0.3241,0.3187,0.3225,438856.92
2026-04-06 03:00:00,0.3226,0.3227,0.3205,0.3216,388956.47
2026-04-06 04:00:00,0.3216,0.3226,0.3206,0.3214,138358.0
2026-04-06 05:00:00,0.3214,0.3219,0.3207,0.3208,72887.0
2026-04-06 06:00:00,0.3207,0.3216,0.3191,0.32,171999.82
2026-04-06 07:00:00,0.3198,0.3216,0.319,0.3214,97831.12
2026-04-06 08:00:00,0.3214,0.3232,0.321,0.3222,124093.55
2026-04-06 09:00:00,0.3221,0.3265,0.3221,0.3246,286040.17
2026-04-06 10:00:00,0.3248,0.3272,0.3248,0.3265,238077.06
2026-04-06 11:00:00,0.3266,0.3266,0.3247,0.3254,171762.5
2026-04-06 12:00:00,0.3255,0.3257,0.3235,0.324,129104.08
2026-04-06 13:00:00,0.3238,0.3238,0.3215,0.3222,102231.84
2026-04-06 14:00:00,0.3221,0.324,0.3204,0.3224,352675.28
2026-04-06 15:00:00,0.3224,0.3252,0.322,0.3251,159605.22
2026-04-06 16:00:00,0.3248,0.3252,0.3218,0.3221,59026.15
2026-04-06 17:00:00,0.3221,0.3221,0.3194,0.3202,159770.23
2026-04-06 18:00:00,0.3198,0.3212,0.3193,0.3197,97050.13
2026-04-06 19:00:00,0.3197,0.3197,0.3165,0.3176,220650.76
2026-04-06 20:00:00,0.3174,0.3175,0.3157,0.3159,143582.06
2026-04-06 21:00:00,0.3159,0.3159,0.3136,0.3145,275240.48
2026-04-06 22:00:00,0.3145,0.3158,0.3096,0.3096,378010.74
2026-04-06 23:00:00,0.3095,0.3099,0.3061,0.309,648433.03
2026-04-07 00:00:00,0.3089,0.3111,0.3088,0.3108,257265.1
2026-04-07 01:00:00,0.3107,0.3119,0.3092,0.3099,121359.85
2026-04-07 02:00:00,0.3098,0.3111,0.3091,0.3101,78674.42
2026-04-07 03:00:00,0.3102,0.3105,0.3098,0.31,69775.2
2026-04-07 04:00:00,0.3102,0.3132,0.3094,0.3122,190080.04
2026-04-07 05:00:00,0.3121,0.3121,0.3097,0.3107,52516.23
2026-04-07 06:00:00,0.3105,0.311,0.3094,0.3106,188417.69
2026-04-07 07:00:00,0.3105,0.3118,0.3101,0.3115,36464.04
2026-04-07 08:00:00,0.3114,0.3129,0.3114,0.3116,55363.74
2026-04-07 09:00:00,0.3115,0.3136,0.3113,0.3121,122705.96
2026-04-07 10:00:00,0.3121,0.3124,0.3082,0.3089,297238.07
2026-04-07 11:00:00,0.309,0.3096,0.3084,0.3084,149457.86
2026-04-07 12:00:00,0.3085,0.3096,0.3046,0.3084,525198.33
2026-04-07 13:00:00,0.3085,0.31,0.3071,0.3071,509234.97
2026-04-07 14:00:00,0.3071,0.3082,0.3055,0.3055,459429.33
2026-04-07 15:00:00,0.3055,0.3071,0.3048,0.3058,464930.22
2026-04-07 16:00:00,0.3058,0.3081,0.3057,0.3073,297372.22
2026-04-07 17:00:00,0.3073,0.3111,0.3068,0.3105,426766.85
2026-04-07 18:00:00,0.3105,0.3105,0.3084,0.309,315449.26
2026-04-07 19:00:00,0.3089,0.3146,0.3085,0.3142,477512.04
2026-04-07 20:00:00,0.3142,0.3157,0.3133,0.3133,404787.71
2026-04-07 21:00:00,0.3135,0.321,0.3135,0.3206,622048.42
2026-04-07 22:00:00,0.3207,0.3311,0.3204,0.3311,1052217.67
2026-04-07 23:00:00,0.3312,0.3388,0.3312,0.3355,1750823.91
2026-04-08 00:00:00,0.3355,0.3377,0.3298,0.3302,859508.3
2026-04-08 01:00:00,0.3303,0.3304,0.3266,0.3272,773238.24
2026-04-08 02:00:00,0.3273,0.3297,0.3265,0.3276,685439.0
2026-04-08 03:00:00,0.3276,0.3287,0.3271,0.328,244445.37
2026-04-08 04:00:00,0.3279,0.3303,0.3277,0.3278,272735.23
2026-04-08 05:00:00,0.3278,0.3302,0.3273,0.3298,170356.8
2026-04-08 06:00:00,0.3299,0.3308,0.3287,0.3297,365023.82
2026-04-08 07:00:00,0.3297,0.3313,0.3292,0.3299,208557.15
2026-04-08 08:00:00,0.3299,0.331,0.3295,0.3302,233008.44
2026-04-08 09:00:00,0.3303,0.3308,0.327,0.3285,363221.58
2026-04-08 10:00:00,0.3286,0.3293,0.3262,0.3268,228931.65
2026-04-08 11:00:00,0.3266,0.3285,0.3257,0.3271,246603.53
2026-04-08 12:00:00,0.3272,0.3285,0.3255,0.3279,208312.87
2026-04-08 13:00:00,0.328,0.3316,0.3278,0.3286,334868.8
2026-04-08 14:00:00,0.3287,0.329,0.3205,0.3215,645306.06
2026-04-08 15:00:00,0.3214,0.324,0.3211,0.3239,105129.27
2026-04-08 16:00:00,0.3237,0.3245,0.3231,0.324,93113.42
2026-04-08 17:00:00,0.3239,0.3259,0.3233,0.3245,246392.53
2026-04-08 18:00:00,0.3245,0.3249,0.3206,0.3206,156129.83
2026-04-08 19:00:00,0.3205,0.3219,0.3192,0.3215,288377.66
2026-04-08 20:00:00,0.3216,0.3225,0.3205,0.3216,86362.29
2026-04-08 21:00:00,0.3215,0.3254,0.3215,0.3242,55491.82
2026-04-08 22:00:00,0.3242,0.3242,0.3204,0.3205,140066.36
2026-04-08 23:00:00,0.3204,0.3204,0.3162,0.3175,379444.11
2026-04-09 00:00:00,0.3174,0.3174,0.3146,0.3156,353266.59
2026-04-09 01:00:00,0.3155,0.3158,0.3121,0.314,450095.81
2026-04-09 02:00:00,0.3141,0.3157,0.3141,0.3146,113315.8
2026-04-09 03:00:00,0.3147,0.3157,0.314,0.3148,191440.97
2026-04-09 04:00:00,0.3148,0.3157,0.3146,0.3152,62190.51
2026-04-09 05:00:00,0.3152,0.3168,0.315,0.3153,107023.07
2026-04-09 06:00:00,0.3154,0.3167,0.3154,0.3164,41950.73
2026-04-09 07:00:00,0.3164,0.3176,0.3163,0.3169,80420.82
2026-04-09 08:00:00,0.3169,0.3178,0.3159,0.3169,223408.38
2026-04-09 09:00:00,0.3167,0.3181,0.3154,0.3178,190554.03
2026-04-09 10:00:00,0.3178,0.3178,0.3165,0.3167,207519.84
2026-04-09 11:00:00,0.3166,0.3166,0.3142,0.3142,291289.05
2026-04-09 12:00:00,0.3143,0.3157,0.314,0.3145,397608.14
2026-04-09 13:00:00,0.3145,0.3148,0.3124,0.3135,569464.11
2026-04-09 14:00:00,0.3133,0.3146,0.3109,0.3137,398398.6
2026-04-09 15:00:00,0.3138,0.3216,0.313,0.3195,388393.86
2026-04-09 16:00:00,0.3196,0.3213,0.3179,0.3193,377025.57
2026-04-09 17:00:00,0.3194,0.3227,0.3182,0.321,377312.63
2026-04-09 18:00:00,0.3209,0.321,0.3188,0.3196,99051.24
2026-04-09 19:00:00,0.3195,0.3208,0.3185,0.3195,168249.58
2026-04-09 20:00:00,0.3197,0.3217,0.3194,0.3201,159418.24
2026-04-09 21:00:00,0.3201,0.3224,0.3192,0.3205,245464.56
2026-04-09 22:00:00,0.3208,0.3285,0.3208,0.3218,457131.61
2026-04-09 23:00:00,0.3219,0.322,0.3169,0.318,405320.33
2026-04-10 00:00:00,0.318,0.3192,0.3157,0.3184,204831.02
2026-04-10 01:00:00,0.3183,0.3212,0.3164,0.3184,143662.03
2026-04-10 02:00:00,0.3186,0.3208,0.3186,0.3195,185264.9
2026-04-10 03:00:00,0.3196,0.3204,0.319,0.319,85808.62
2026-04-10 04:00:00,0.3191,0.3229,0.3187,0.3218,194828.16
2026-04-10 05:00:00,0.3218,0.3224,0.3198,0.3216,135904.02
2026-04-10 06:00:00,0.3217,0.3222,0.3179,0.3185,209048.6
2026-04-10 07:00:00,0.3186,0.3191,0.3176,0.3186,154819.61
2026-04-10 08:00:00,0.3186,0.3203,0.3176,0.3191,120795.5
2026-04-10 09:00:00,0.3192,0.3217,0.3192,0.3215,95920.06
2026-04-10 10:00:00,0.3215,0.3215,0.3203,0.321,101609.36
2026-04-10 11:00:00,0.3209,0.3247,0.3207,0.3234,155172.01
2026-04-10 12:00:00,0.3235,0.3267,0.3225,0.3264,331730.32
2026-04-10 13:00:00,0.3263,0.3277,0.3244,0.3266,291347.21
2026-04-10 14:00:00,0.3265,0.3352,0.3259,0.3337,1172994.24
2026-04-10 15:00:00,0.3338,0.339,0.3304,0.3323,1243188.3
2026-04-10 16:00:00,0.3324,0.3359,0.3307,0.3352,441355.8
2026-04-10 17:00:00,0.3354,0.3358,0.3313,0.3328,386180.48
2026-04-10 18:00:00,0.3328,0.3357,0.3321,0.335,342644.01
2026-04-10 19:00:00,0.3349,0.3354,0.333,0.3352,129013.53
2026-04-10 20:00:00,0.3351,0.3351,0.332,0.3341,294165.75
2026-04-10 21:00:00,0.334,0.3344,0.3314,0.3339,110803.72
2026-04-10 22:00:00,0.3341,0.3357,0.3329,0.3346,215727.39
2026-04-10 23:00:00,0.3345,0.3351,0.3334,0.3336,75124.75
2026-04-11 00:00:00,0.3336,0.3341,0.3326,0.3328,143665.61
2026-04-11 01:00:00,0.3327,0.3352,0.3314,0.3345,87408.03
2026-04-11 02:00:00,0.3346,0.3347,0.3321,0.3327,259041.87
2026-04-11 03:00:00,0.3327,0.3343,0.3312,0.3316,74302.47
2026-04-11 04:00:00,0.3316,0.3341,0.3311,0.3313,208312.38
2026-04-11 05:00:00,0.3312,0.3315,0.3287,0.3289,159615.9
2026-04-11 06:00:00,0.3288,0.3298,0.3271,0.3292,375903.61
2026-04-11 07:00:00,0.329,0.33,0.3288,0.3294,161047.91
2026-04-11 08:00:00,0.3293,0.3308,0.3292,0.33,64503.05
2026-04-11 09:00:00,0.3299,0.3317,0.3291,0.3317,190576.22
2026-04-11 10:00:00,0.3316,0.3318,0.3299,0.3304,297504.96
2026-04-11 11:00:00,0.3304,0.3324,0.3303,0.3322,84474.76
2026-04-11 12:00:00,0.3321,0.3322,0.3311,0.3311,44880.15
2026-04-11 13:00:00,0.331,0.331,0.3281,0.3297,189076.98
2026-04-11 14:00:00,0.3296,0.331,0.3286,0.3286,69516.16
2026-04-11 15:00:00,0.3288,0.3322,0.3288,0.3303,107123.23
2026-04-11 16:00:00,0.3304,0.3361,0.3304,0.3337,158027.53
2026-04-11 17:00:00,0.3338,0.3355,0.3324,0.3342,105679.19
2026-04-11 18:00:00,0.3342,0.3403,0.3334,0.3387,613955.17
2026-04-11 19:00:00,0.3388,0.3424,0.3384,0.3406,399257.36
2026-04-11 20:00:00,0.3406,0.3424,0.3362,0.3366,240051.12
2026-04-11 21:00:00,0.3365,0.3385,0.3351,0.3376,114494.03
2026-04-11 22:00:00,0.3375,0.339,0.3349,0.3361,108222.9
2026-04-11 23:00:00,0.336,0.336,0.3327,0.3343,231122.81
2026-04-12 00:00:00,0.3343,0.335,0.3332,0.335,92737.45
2026-04-12 01:00:00,0.3351,0.3362,0.3218,0.3224,624765.25
2026-04-12 02:00:00,0.3224,0.3227,0.3194,0.3211,513512.46
2026-04-12 03:00:00,0.3211,0.322,0.32,0.32,353272.87
2026-04-12 04:00:00,0.32,0.3205,0.3186,0.3199,165967.35
2026-04-12 05:00:00,0.3198,0.3206,0.3187,0.3197,127850.35
2026-04-12 06:00:00,0.3197,0.3204,0.3177,0.3182,149297.46
2026-04-12 07:00:00,0.3181,0.3199,0.3173,0.3178,188019.44
2026-04-12 08:00:00,0.3178,0.3203,0.3177,0.3191,89569.5
2026-04-12 09:00:00,0.3192,0.3192,0.3171,0.3176,106824.28
2026-04-12 10:00:00,0.3177,0.3186,0.3151,0.3161,199510.25
2026-04-12 11:00:00,0.316,0.3173,0.3155,0.317,51037.88
2026-04-12 12:00:00,0.3169,0.3182,0.3154,0.3156,204594.32
2026-04-12 13:00:00,0.3156,0.3168,0.3135,0.3136,177256.24
2026-04-12 14:00:00,0.3135,0.3141,0.3123,0.3128,183862.07
2026-04-12 15:00:00,0.3128,0.313,0.3111,0.3123,189145.29
2026-04-12 16:00:00,0.3122,0.3139,0.3118,0.3136,83825.42
2026-04-12 17:00:00,0.3137,0.3185,0.3137,0.3178,204792.85
2026-04-12 18:00:00,0.3179,0.3183,0.3166,0.3167,122986.37
2026-04-12 19:00:00,0.3166,0.3172,0.316,0.3162,205075.68
2026-04-12 20:00:00,0.3163,0.3185,0.3149,0.3175,178771.51
2026-04-12 21:00:00,0.3176,0.318,0.3157,0.3168,136868.05
2026-04-12 22:00:00,0.3167,0.3168,0.3122,0.3144,193371.28
2026-04-12 23:00:00,0.3143,0.3143,0.3124,0.3135,118021.99
2026-04-13 00:00:00,0.3136,0.3167,0.3126,0.3162,241873.41
2026-04-13 01:00:00,0.3162,0.3166,0.315,0.3157,127385.08
2026-04-13 02:00:00,0.3157,0.3158,0.3131,0.3132,51669.78
2026-04-13 03:00:00,0.3133,0.3144,0.3131,0.3139,131567.86
2026-04-13 04:00:00,0.3139,0.314,0.3075,0.3099,1420033.87
2026-04-13 05:00:00,0.31,0.3101,0.3025,0.3073,3689231.43
2026-04-13 06:00:00,0.3071,0.3093,0.3057,0.3057,268670.34
2026-04-13 07:00:00,0.3058,0.3071,0.3049,0.305,404083.11
2026-04-13 08:00:00,0.305,0.305,0.3035,0.3044,278020.9
2026-04-13 09:00:00,0.3045,0.3056,0.3041,0.3053,170778.58
2026-04-13 10:00:00,0.3053,0.3061,0.305,0.3058,175667.01
2026-04-13 11:00:00,0.3058,0.3081,0.3056,0.3074,175497.16
2026-04-13 12:00:00,0.3074,0.3088,0.3057,0.3074,143231.26
2026-04-13 13:00:00,0.3075,0.3117,0.3065,0.3117,273641.82
2026-04-13 14:00:00,0.3118,0.3131,0.3092,0.313,188479.92
2026-04-13 15:00:00,0.3131,0.3133,0.3086,0.3106,199625.08
2026-04-13 16:00:00,0.3107,0.3204,0.3107,0.3162,2673822.79
2026-04-13 17:00:00,0.3161,0.319,0.3143,0.3179,484142.64
2026-04-13 18:00:00,0.318,0.319,0.316,0.319,159185.23
2026-04-13 19:00:00,0.319,0.325,0.3178,0.3234,434205.93
2026-04-13 20:00:00,0.3234,0.3236,0.3194,0.3215,261507.97
2026-04-13 21:00:00,0.3215,0.3242,0.3213,0.3234,145522.61
2026-04-13 22:00:00,0.3233,0.3374,0.3231,0.3365,943152.45
2026-04-13 23:00:00,0.3367,0.3522,0.3344,0.3519,2805467.63
2026-04-14 00:00:00,0.352,0.36,0.3498,0.3513,3391297.64
2026-04-14 01:00:00,0.3512,0.352,0.3479,0.3483,801917.83
2026-04-14 02:00:00,0.3484,0.3536,0.348,0.3518,611229.88
2026-04-14 03:00:00,0.3519,0.3569,0.3518,0.3566,514275.24
2026-04-14 04:00:00,0.3567,0.3695,0.3563,0.3689,2765021.86
2026-04-14 05:00:00,0.3688,0.371,0.3568,0.3595,3100967.65
2026-04-14 06:00:00,0.3596,0.3625,0.3562,0.3606,973959.05
2026-04-14 07:00:00,0.3605,0.3644,0.3575,0.3585,1652035.13
2026-04-14 08:00:00,0.3585,0.3592,0.3518,0.3544,1384578.54
2026-04-14 09:00:00,0.3545,0.3634,0.3538,0.3622,972402.19
2026-04-14 10:00:00,0.3623,0.363,0.3569,0.3579,1483644.79
2026-04-14 11:00:00,0.3578,0.3629,0.3575,0.3628,719472.25
2026-04-14 12:00:00,0.3627,0.3667,0.3612,0.3648,965274.78
2026-04-14 13:00:00,0.3648,0.3763,0.364,0.3759,1815344.51
2026-04-14 14:00:00,0.3759,0.3767,0.3623,0.3624,2217624.29
2026-04-14 15:00:00,0.3623,0.3642,0.3537,0.3546,1933520.89
2026-04-14 16:00:00,0.3546,0.3554,0.3467,0.349,1726762.56
2026-04-14 17:00:00,0.349,0.3525,0.3458,0.3505,873563.64
2026-04-14 18:00:00,0.3506,0.3534,0.3441,0.3455,638048.76
2026-04-14 19:00:00,0.3455,0.3466,0.3409,0.3458,444867.15
2026-04-14 20:00:00,0.3459,0.3482,0.345,0.3469,222737.57
2026-04-14 21:00:00,0.347,0.353,0.3468,0.3514,485360.45
2026-04-14 22:00:00,0.3513,0.3524,0.3473,0.3487,274681.56
2026-04-14 23:00:00,0.3487,0.3523,0.3485,0.3501,266885.21
2026-04-15 00:00:00,0.3501,0.3543,0.35,0.3532,189351.0
2026-04-15 01:00:00,0.3531,0.3531,0.3512,0.3516,185966.1
2026-04-15 02:00:00,0.3516,0.3531,0.3498,0.3526,275545.0
2026-04-15 03:00:00,0.3526,0.353,0.35,0.3514,210395.25
2026-04-15 04:00:00,0.3514,0.3537,0.351,0.3524,273549.77
2026-04-15 05:00:00,0.3523,0.3532,0.3485,0.349,364206.22
2026-04-15 06:00:00,0.349,0.3509,0.3481,0.3494,222417.68
2026-04-15 07:00:00,0.3497,0.3521,0.3487,0.3517,357134.61
2026-04-15 08:00:00,0.3516,0.3561,0.3513,0.3542,347868.75
2026-04-15 09:00:00,0.3542,0.3547,0.3506,0.3524,304776.13
2026-04-15 10:00:00,0.3523,0.3576,0.3515,0.3551,419317.74
2026-04-15 11:00:00,0.3552,0.3619,0.3552,0.3612,860085.79
2026-04-15 12:00:00,0.3611,0.3671,0.3601,0.3668,680775.12
2026-04-15 13:00:00,0.3667,0.3698,0.3655,0.3693,892389.14
2026-04-15 14:00:00,0.3694,0.3842,0.3685,0.382,1835782.41
2026-04-15 15:00:00,0.3822,0.3874,0.369,0.3813,2142725.71
2026-04-15 16:00:00,0.3814,0.3818,0.3713,0.3729,1252632.2
2026-04-15 17:00:00,0.3728,0.376,0.3694,0.3718,710145.31
2026-04-15 18:00:00,0.3715,0.377,0.3707,0.3757,460926.93
2026-04-15 19:00:00,0.3754,0.3913,0.3741,0.3855,1731662.76
2026-04-15 20:00:00,0.3854,0.3863,0.3746,0.3761,886259.58
2026-04-15 21:00:00,0.3761,0.3785,0.3738,0.3777,306804.4
2026-04-15 22:00:00,0.3781,0.3795,0.3758,0.376,223444.19
2026-04-15 23:00:00,0.376,0.3774,0.3732,0.3771,351488.69
2026-04-16 00:00:00,0.3772,0.3797,0.374,0.3793,363138.42
2026-04-16 01:00:00,0.3793,0.3841,0.3767,0.3826,1464850.7
2026-04-16 02:00:00,0.3827,0.3923,0.3826,0.3862,1168924.42
2026-04-16 03:00:00,0.3862,0.3888,0.3804,0.3813,451324.88
2026-04-16 04:00:00,0.3813,0.3903,0.3803,0.3863,533463.27
2026-04-16 05:00:00,0.3863,0.388,0.3825,0.3844,773360.99
2026-04-16 06:00:00,0.3845,0.3878,0.3839,0.3867,354801.8
2026-04-16 07:00:00,0.3866,0.3908,0.3857,0.3894,663259.78
2026-04-16 08:00:00,0.3893,0.397,0.3889,0.3925,1666495.55
2026-04-16 09:00:00,0.3925,0.4,0.3908,0.391,773712.76
2026-04-16 10:00:00,0.3911,0.3991,0.3848,0.3947,1047009.27
2026-04-16 11:00:00,0.3946,0.3963,0.3909,0.3944,508950.44
2026-04-16 12:00:00,0.3945,0.4041,0.3942,0.398,1015043.76
2026-04-16 13:00:00,0.398,0.4082,0.3916,0.4009,1285252.88
2026-04-16 14:00:00,0.4008,0.4031,0.3909,0.4023,1224227.75
2026-04-16 15:00:00,0.4023,0.4203,0.4013,0.4197,1691523.15
2026-04-16 16:00:00,0.4198,0.4291,0.4011,0.4022,3438530.16
2026-04-16 17:00:00,0.4021,0.4187,0.401,0.4155,1474281.63
2026-04-16 18:00:00,0.4154,0.4361,0.4119,0.435,2059085.68
2026-04-16 19:00:00,0.435,0.4527,0.4336,0.4512,2387093.79
2026-04-16 20:00:00,0.4512,0.4522,0.4344,0.4425,1672585.16
2026-04-16 21:00:00,0.4426,0.4465,0.4243,0.4305,2807700.73
2026-04-16 22:00:00,0.4305,0.4485,0.4305,0.4448,1349929.92
2026-04-16 23:00:00,0.4448,0.4458,0.4337,0.4368,1055280.56
2026-04-17 00:00:00,0.4369,0.4447,0.4332,0.4416,934219.76
2026-04-17 01:00:00,0.4416,0.4458,0.4272,0.4287,1067082.57
2026-04-17 02:00:00,0.4287,0.4319,0.4258,0.4261,411693.82
2026-04-17 03:00:00,0.426,0.429,0.4219,0.4272,562439.35
2026-04-17 04:00:00,0.4271,0.4294,0.4219,0.4228,530520.75
2026-04-17 05:00:00,0.4227,0.4227,0.4164,0.4181,972802.08
2026-04-17 06:00:00,0.4182,0.4255,0.4174,0.4233,533853.51
2026-04-17 07:00:00,0.4232,0.4267,0.4224,0.4251,489928.21
2026-04-17 08:00:00,0.4252,0.4291,0.4237,0.4249,691804.44
2026-04-17 09:00:00,0.4248,0.4358,0.4219,0.4343,1029217.85
2026-04-17 10:00:00,0.4344,0.4347,0.4214,0.4234,800245.27
2026-04-17 11:00:00,0.4234,0.4267,0.4146,0.4252,901719.33
2026-04-17 12:00:00,0.4252,0.4264,0.4191,0.4234,458165.63
2026-04-17 13:00:00,0.4233,0.4345,0.4218,0.4302,1816121.59
2026-04-17 14:00:00,0.4301,0.4335,0.4268,0.4274,1173872.01
2026-04-17 15:00:00,0.4273,0.4323,0.4246,0.4307,768495.01
2026-04-17 16:00:00,0.4308,0.4438,0.429,0.4318,1678399.11
2026-04-17 17:00:00,0.4319,0.4321,0.4198,0.4245,1104202.15
2026-04-17 18:00:00,0.4246,0.4283,0.4212,0.4261,500825.51
2026-04-17 19:00:00,0.4266,0.4302,0.4252,0.4266,253213.75
2026-04-17 20:00:00,0.4266,0.4291,0.4207,0.4228,363286.06
2026-04-17 21:00:00,0.4227,0.4258,0.4207,0.4233,153325.63
2026-04-17 22:00:00,0.4233,0.429,0.4228,0.4282,247094.31
2026-04-17 23:00:00,0.4281,0.4283,0.4188,0.4241,488958.13
2026-04-18 00:00:00,0.424,0.426,0.4187,0.4248,370916.95
2026-04-18 01:00:00,0.4249,0.4302,0.4239,0.4261,288788.7
2026-04-18 02:00:00,0.426,0.4314,0.4218,0.4305,404606.47
2026-04-18 03:00:00,0.4305,0.4346,0.4275,0.4298,411550.12
2026-04-18 04:00:00,0.4299,0.4348,0.4292,0.4293,306908.41
2026-04-18 05:00:00,0.4292,0.4317,0.4284,0.4291,291317.33
2026-04-18 06:00:00,0.4291,0.4313,0.4274,0.4291,234063.29
2026-04-18 07:00:00,0.4288,0.4298,0.4242,0.4264,231795.98
2026-04-18 08:00:00,0.4265,0.4281,0.4196,0.4228,520792.26
2026-04-18 09:00:00,0.4227,0.4237,0.4159,0.4194,336484.52
2026-04-18 10:00:00,0.4193,0.4195,0.4081,0.41,881866.27
2026-04-18 11:00:00,0.41,0.4101,0.4042,0.4081,546781.17
2026-04-18 12:00:00,0.408,0.4095,0.4061,0.4072,346110.36
2026-04-18 13:00:00,0.4071,0.4079,0.4011,0.4052,316372.35
2026-04-18 14:00:00,0.4051,0.4083,0.4032,0.4069,276057.92
2026-04-18 15:00:00,0.4068,0.408,0.4036,0.405,325696.69
2026-04-18 16:00:00,0.4049,0.405,0.3989,0.4005,404843.54
2026-04-18 17:00:00,0.4004,0.4006,0.397,0.3993,317173.79
2026-04-18 18:00:00,0.3993,0.3996,0.3933,0.394,336468.52
2026-04-18 19:00:00,0.3941,0.3962,0.393,0.3935,228835.47
2026-04-18 20:00:00,0.3935,0.3945,0.3902,0.3937,293817.65
2026-04-18 21:00:00,0.3938,0.3974,0.3935,0.396,163584.56
2026-04-18 22:00:00,0.3961,0.3963,0.3937,0.3951,136907.36
2026-04-18 23:00:00,0.395,0.3953,0.3876,0.3879,626826.37
2026-04-19 00:00:00,0.3879,0.3881,0.3784,0.3794,1963366.74
2026-04-19 01:00:00,0.3794,0.3807,0.3713,0.3737,1639554.7
2026-04-19 02:00:00,0.3738,0.3758,0.3673,0.3719,588935.77
2026-04-19 03:00:00,0.3719,0.3752,0.3708,0.3741,347447.75
2026-04-19 04:00:00,0.374,0.3775,0.37,0.3728,468027.76
2026-04-19 05:00:00,0.3728,0.3787,0.3728,0.3756,578423.62
2026-04-19 06:00:00,0.3755,0.3794,0.3745,0.3774,550587.89
2026-04-19 07:00:00,0.3772,0.3845,0.3747,0.3822,870357.6
2026-04-19 08:00:00,0.382,0.384,0.3804,0.3817,343642.73
2026-04-19 09:00:00,0.3816,0.3829,0.3765,0.3774,257439.15
2026-04-19 10:00:00,0.3773,0.3776,0.3753,0.3765,252515.66
2026-04-19 11:00:00,0.3766,0.3836,0.3766,0.3808,391764.59
2026-04-19 12:00:00,0.3807,0.3837,0.3796,0.3826,298891.13
2026-04-19 13:00:00,0.3827,0.3867,0.3814,0.3817,399257.58
2026-04-19 14:00:00,0.3818,0.3869,0.3807,0.3852,285339.68
2026-04-19 15:00:00,0.3849,0.3849,0.3751,0.3811,244069.49
2026-04-19 16:00:00,0.3812,0.384,0.376,0.3771,596655.35
2026-04-19 17:00:00,0.3769,0.3783,0.3726,0.3734,555243.57
2026-04-19 18:00:00,0.3735,0.375,0.3715,0.3724,527481.37
2026-04-19 19:00:00,0.3725,0.3757,0.372,0.3722,193052.87
2026-04-19 20:00:00,0.3723,0.3725,0.3666,0.3678,319033.75
2026-04-19 21:00:00,0.3677,0.3691,0.3638,0.3671,350665.96
2026-04-19 22:00:00,0.367,0.367,0.3607,0.3632,578719.35
2026-04-19 23:00:00,0.3631,0.3631,0.3577,0.3586,348646.96
2026-04-20 00:00:00,0.3587,0.364,0.3572,0.3603,602430.29
2026-04-20 01:00:00,0.3604,0.3618,0.3576,0.3599,482858.89
2026-04-20 02:00:00,0.3598,0.3624,0.3562,0.3598,483913.15
2026-04-20 03:00:00,0.3599,0.3639,0.3588,0.3622,228253.33
2026-04-20 04:00:00,0.3621,0.3628,0.3591,0.36,324126.01
2026-04-20 05:00:00,0.3599,0.3599,0.3551,0.3562,359311.84
2026-04-20 06:00:00,0.3561,0.3611,0.3561,0.3593,182045.54
2026-04-20 07:00:00,0.3594,0.366,0.3586,0.3618,450962.11
2026-04-20 08:00:00,0.3619,0.3648,0.3607,0.362,344454.47
2026-04-20 09:00:00,0.3619,0.3699,0.3616,0.3677,798699.01
2026-04-20 10:00:00,0.3677,0.3728,0.3664,0.3696,350774.24
2026-04-20 11:00:00,0.3697,0.372,0.3679,0.3699,369037.4
2026-04-20 12:00:00,0.37,0.3721,0.368,0.372,294626.78
2026-04-20 13:00:00,0.3719,0.372,0.3652,0.3671,276213.12
2026-04-20 14:00:00,0.3671,0.3697,0.358,0.3604,707530.49
2026-04-20 15:00:00,0.3605,0.361,0.3522,0.3548,1213268.0
2026-04-20 16:00:00,0.3548,0.3555,0.3438,0.3461,1544159.28
2026-04-20 17:00:00,0.3462,0.3548,0.3444,0.354,572667.15
2026-04-20 18:00:00,0.3541,0.3573,0.3516,0.3528,642331.93
2026-04-20 19:00:00,0.3529,0.356,0.3525,0.3536,365231.9
2026-04-20 20:00:00,0.3537,0.3674,0.352,0.367,838132.38
2026-04-20 21:00:00,0.3669,0.3696,0.3612,0.3694,478921.35
2026-04-20 22:00:00,0.3693,0.3785,0.3687,0.369,513904.44
2026-04-20 23:00:00,0.3688,0.3688,0.3647,0.3675,334501.95
2026-04-21 00:00:00,0.3676,0.3705,0.3648,0.3693,417558.82
2026-04-21 01:00:00,0.3692,0.3692,0.3652,0.3656,463336.36
2026-04-21 02:00:00,0.3657,0.3659,0.3606,0.3607,376469.59
2026-04-21 03:00:00,0.3606,0.3633,0.3585,0.3631,306891.1
2026-04-21 04:00:00,0.363,0.3706,0.3608,0.3684,684325.62
2026-04-21 05:00:00,0.3683,0.3761,0.3682,0.3752,2426319.06
2026-04-21 06:00:00,0.3753,0.3799,0.3727,0.3749,490704.6
2026-04-21 07:00:00,0.375,0.3772,0.3719,0.3765,470889.8
2026-04-21 08:00:00,0.3764,0.3826,0.3737,0.3813,834386.75
2026-04-21 09:00:00,0.3812,0.3842,0.379,0.3836,516841.11
2026-04-21 10:00:00,0.3837,0.3929,0.3828,0.392,817167.62
2026-04-21 11:00:00,0.3919,0.3933,0.3844,0.3854,1146883.92
2026-04-21 12:00:00,0.3853,0.3861,0.3736,0.3793,790098.34
2026-04-21 13:00:00,0.3795,0.3825,0.3771,0.3805,475107.0
2026-04-21 14:00:00,0.3806,0.3886,0.3784,0.3807,887348.81
2026-04-21 15:00:00,0.3806,0.3977,0.3791,0.3971,1718070.15
2026-04-21 16:00:00,0.3971,0.3999,0.3844,0.3848,1643234.24
2026-04-21 17:00:00,0.3847,0.3857,0.3748,0.3795,2191865.24
2026-04-21 18:00:00,0.3795,0.3834,0.3755,0.3781,707623.27
2026-04-21 19:00:00,0.3781,0.3829,0.3738,0.3759,765403.96
2026-04-21 20:00:00,0.3758,0.3845,0.3756,0.381,736451.92
2026-04-21 21:00:00,0.3811,0.3815,0.3776,0.3797,294792.32
2026-04-21 22:00:00,0.3796,0.3801,0.3758,0.3783,126427.76
2026-04-21 23:00:00,0.3784,0.3822,0.3783,0.381,155737.6
2026-04-22 00:00:00,0.3811,0.3832,0.3804,0.3814,210781.58
2026-04-22 01:00:00,0.3813,0.3842,0.3789,0.3809,246756.76
2026-04-22 02:00:00,0.3808,0.3924,0.3807,0.391,740001.23
2026-04-22 03:00:00,0.391,0.3933,0.3884,0.3902,433792.48
2026-04-22 04:00:00,0.3903,0.3959,0.39,0.3959,323180.88
2026-04-22 05:00:00,0.396,0.4075,0.3945,0.3998,1590123.84
2026-04-22 06:00:00,0.3999,0.3999,0.3899,0.3919,1140424.86
2026-04-22 07:00:00,0.3918,0.3929,0.3879,0.3902,449642.24
2026-04-22 08:00:00,0.3903,0.3911,0.3859,0.3869,366283.48
2026-04-22 09:00:00,0.3868,0.3891,0.3852,0.3862,316631.06
2026-04-22 10:00:00,0.3863,0.387,0.383,0.3859,458237.34
2026-04-22 11:00:00,0.3859,0.3903,0.3848,0.39,381237.7
2026-04-22 12:00:00,0.3901,0.391,0.3876,0.3901,397344.72
2026-04-22 13:00:00,0.3901,0.3938,0.388,0.3896,681995.46
2026-04-22 14:00:00,0.3897,0.3942,0.3882,0.3903,415326.56
2026-04-22 15:00:00,0.3902,0.3941,0.3877,0.3881,756270.55
2026-04-22 16:00:00,0.3883,0.3899,0.3856,0.389,453969.96
2026-04-22 17:00:00,0.3889,0.3946,0.3887,0.3938,270793.66
2026-04-22 18:00:00,0.3939,0.3957,0.3927,0.3957,262274.12
2026-04-22 19:00:00,0.3956,0.3976,0.3904,0.3932,361299.66
2026-04-22 20:00:00,0.3932,0.3945,0.3882,0.3892,255040.25
2026-04-22 21:00:00,0.3893,0.394,0.3893,0.391,184337.02
2026-04-22 22:00:00,0.391,0.3919,0.3818,0.3847,389284.39
2026-04-22 23:00:00,0.3847,0.3848,0.3774,0.3782,781776.41
2026-04-23 00:00:00,0.3783,0.3839,0.3752,0.3825,534186.47
2026-04-23 01:00:00,0.3824,0.3854,0.3806,0.3827,486900.04
2026-04-23 02:00:00,0.3828,0.3835,0.3776,0.3797,182110.27
2026-04-23 03:00:00,0.3797,0.3808,0.3738,0.3758,253867.57
2026-04-23 04:00:00,0.3757,0.3764,0.3737,0.3755,79878.14
2026-04-23 05:00:00,0.3756,0.3781,0.3729,0.3765,332002.83
2026-04-23 06:00:00,0.3766,0.3833,0.3763,0.3832,193618.7
2026-04-23 07:00:00,0.3832,0.3843,0.3795,0.3805,162123.9
2026-04-23 08:00:00,0.3806,0.382,0.3785,0.3806,142212.34
2026-04-23 09:00:00,0.3805,0.3811,0.3727,0.3743,453845.91
2026-04-23 10:00:00,0.3743,0.3762,0.3712,0.3722,407987.72
2026-04-23 11:00:00,0.3723,0.3777,0.3723,0.3759,161039.12
2026-04-23 12:00:00,0.3758,0.3794,0.3755,0.3782,292954.54
2026-04-23 13:00:00,0.3781,0.3821,0.377,0.3815,256618.82
2026-04-23 14:00:00,0.3814,0.3848,0.379,0.3841,288418.51
2026-04-23 15:00:00,0.3842,0.3882,0.3816,0.3861,286912.41
2026-04-23 16:00:00,0.3862,0.3881,0.3822,0.3828,322435.58
2026-04-23 17:00:00,0.383,0.3834,0.3722,0.3775,1022332.31
2026-04-23 18:00:00,0.3774,0.3811,0.3772,0.3775,276540.79
2026-04-23 19:00:00,0.3774,0.3815,0.3764,0.3795,542183.19
2026-04-23 20:00:00,0.3794,0.3862,0.3793,0.3832,338002.78
2026-04-23 21:00:00,0.3831,0.3954,0.3828,0.3891,474105.31
2026-04-23 22:00:00,0.3892,0.3935,0.3881,0.3883,467371.52
2026-04-23 23:00:00,0.3883,0.3899,0.3866,0.3882,162052.47
2026-04-24 00:00:00,0.3882,0.3913,0.3874,0.3879,265410.8
2026-04-24 01:00:00,0.388,0.3883,0.3831,0.3851,195785.29
2026-04-24 02:00:00,0.3851,0.3853,0.3787,0.38,291217.03
2026-04-24 03:00:00,0.3799,0.3799,0.3722,0.3761,566632.62
2026-04-24 04:00:00,0.3762,0.3771,0.3746,0.3754,128141.52
2026-04-24 05:00:00,0.3755,0.3819,0.3735,0.3801,297794.32
2026-04-24 06:00:00,0.38,0.3823,0.3788,0.3818,249351.73
2026-04-24 07:00:00,0.3817,0.3832,0.3785,0.3801,292216.05
2026-04-24 08:00:00,0.3801,0.3817,0.3772,0.3805,330805.84
2026-04-24 09:00:00,0.3807,0.3822,0.3763,0.3801,466312.25
2026-04-24 10:00:00,0.38,0.3856,0.3788,0.3841,284098.8
2026-04-24 11:00:00,0.3842,0.3862,0.3818,0.3823,281405.53
2026-04-24 12:00:00,0.3824,0.3833,0.3801,0.3814,215844.9
2026-04-24 13:00:00,0.3815,0.3835,0.3806,0.383,212158.24
2026-04-24 14:00:00,0.3829,0.3859,0.3795,0.3828,253111.09
2026-04-24 15:00:00,0.3828,0.3853,0.3789,0.3839,365969.79
2026-04-24 16:00:00,0.3838,0.3847,0.3792,0.3809,111881.1
2026-04-24 17:00:00,0.3809,0.3846,0.3808,0.3839,112410.89
2026-04-24 18:00:00,0.3839,0.3839,0.3804,0.3817,90225.3
2026-04-24 19:00:00,0.3818,0.3826,0.3799,0.3816,96504.89
2026-04-24 20:00:00,0.3817,0.3825,0.3793,0.3817,75196.0
2026-04-24 21:00:00,0.3816,0.3835,0.3788,0.3792,157405.01
2026-04-24 22:00:00,0.3792,0.3792,0.3758,0.3772,165275.8
2026-04-24 23:00:00,0.3771,0.3808,0.377,0.3803,80116.81
2026-04-25 00:00:00,0.3802,0.381,0.3775,0.3789,132360.48
2026-04-25 01:00:00,0.3789,0.3815,0.3789,0.3806,66287.32
2026-04-25 02:00:00,0.3807,0.3817,0.3796,0.381,213009.15
2026-04-25 03:00:00,0.3812,0.3838,0.3808,0.3828,205558.57
2026-04-25 04:00:00,0.3828,0.3848,0.3816,0.3821,146706.55
2026-04-25 05:00:00,0.382,0.3823,0.3789,0.3813,85782.55
2026-04-25 06:00:00,0.3813,0.3834,0.3797,0.38,272781.96
2026-04-25 07:00:00,0.3799,0.3799,0.3778,0.378,87385.07
2026-04-25 08:00:00,0.3781,0.3793,0.3767,0.3776,153553.73
2026-04-25 09:00:00,0.3776,0.3797,0.3766,0.3791,157951.27
2026-04-25 10:00:00,0.3792,0.3811,0.3784,0.3791,290733.11
2026-04-25 11:00:00,0.379,0.379,0.3741,0.3759,223968.68
2026-04-25 12:00:00,0.3757,0.3793,0.3754,0.378,110897.88
2026-04-25 13:00:00,0.378,0.3804,0.3774,0.3782,170552.54
2026-04-25 14:00:00,0.3782,0.3809,0.3769,0.3778,231237.72
2026-04-25 15:00:00,0.3778,0.381,0.3766,0.3772,286461.69
2026-04-25 16:00:00,0.3772,0.3785,0.3743,0.3768,94768.55
2026-04-25 17:00:00,0.3768,0.3776,0.3744,0.3752,106414.21
2026-04-25 18:00:00,0.3751,0.3775,0.3749,0.3756,60053.69
2026-04-25 19:00:00,0.3756,0.3761,0.373,0.3743,194410.88
2026-04-25 20:00:00,0.3744,0.3758,0.3736,0.3749,81054.94
2026-04-25 21:00:00,0.3749,0.3759,0.3731,0.3741,69967.97
2026-04-25 22:00:00,0.3739,0.3749,0.3735,0.3738,57004.12
2026-04-25 23:00:00,0.3738,0.3748,0.3731,0.3746,105433.98
2026-04-26 00:00:00,0.3747,0.3748,0.3708,0.3716,148974.26
2026-04-26 01:00:00,0.3716,0.3726,0.3672,0.3676,576125.09
2026-04-26 02:00:00,0.3676,0.37,0.3673,0.3675,74978.24
2026-04-26 03:00:00,0.3676,0.3682,0.3658,0.3675,200131.36
2026-04-26 04:00:00,0.3675,0.3705,0.3655,0.3691,110788.59
2026-04-26 05:00:00,0.3692,0.3736,0.3692,0.372,596505.6
2026-04-26 06:00:00,0.372,0.376,0.3718,0.3751,243884.88
2026-04-26 07:00:00,0.3751,0.3834,0.374,0.3812,1220257.35
2026-04-26 08:00:00,0.3811,0.3812,0.3775,0.3802,199778.79
2026-04-26 09:00:00,0.3802,0.3865,0.3788,0.3855,628226.76
2026-04-26 10:00:00,0.3854,0.3886,0.3838,0.3874,536922.1
2026-04-26 11:00:00,0.3875,0.3901,0.3849,0.3885,387256.04
2026-04-26 12:00:00,0.3885,0.3939,0.3843,0.3939,621136.65
2026-04-26 13:00:00,0.394,0.407,0.3787,0.3873,7171378.01
2026-04-26 14:00:00,0.3872,0.4223,0.3859,0.4061,9896959.27
2026-04-26 15:00:00,0.406,0.4371,0.3923,0.4326,8451097.16
2026-04-26 16:00:00,0.4327,0.452,0.4206,0.4341,12465352.58
2026-04-26 17:00:00,0.4341,0.4546,0.4257,0.4417,4896428.64
2026-04-26 18:00:00,0.4418,0.4562,0.4313,0.4427,4801750.13
2026-04-26 19:00:00,0.4428,0.47,0.4395,0.4536,8653214.38
2026-04-26 20:00:00,0.4534,0.4535,0.4208,0.4332,6828238.37
2026-04-26 21:00:00,0.4333,0.4464,0.4317,0.4454,1576810.67
2026-04-26 22:00:00,0.4454,0.4508,0.4375,0.4474,1771083.18
2026-04-26 23:00:00,0.4473,0.4526,0.4413,0.4474,1507485.78
2026-04-27 00:00:00,0.4474,0.449,0.4384,0.4419,1645491.73
2026-04-27 01:00:00,0.442,0.462,0.442,0.4526,2742878.57
2026-04-27 02:00:00,0.4525,0.4577,0.4433,0.4571,1773034.73
2026-04-27 03:00:00,0.4571,0.4647,0.4371,0.4491,4812311.2
2026-04-27 04:00:00,0.4491,0.4578,0.442,0.4453,3204985.18
2026-04-27 05:00:00,0.4452,0.4467,0.4238,0.426,4406228.7
2026-04-27 06:00:00,0.4259,0.4269,0.3812,0.3856,10649163.1
2026-04-27 07:00:00,0.3856,0.3909,0.3805,0.3827,2947270.86
2026-04-27 08:00:00,0.3826,0.3851,0.3801,0.3844,1344095.67
2026-04-27 09:00:00,0.3844,0.3882,0.3835,0.3871,993322.83
2026-04-27 10:00:00,0.3871,0.3893,0.3841,0.3855,1174069.24
2026-04-27 11:00:00,0.3855,0.3855,0.3818,0.385,583472.04
2026-04-27 12:00:00,0.3848,0.3861,0.383,0.3837,405993.32
2026-04-27 13:00:00,0.3837,0.388,0.3831,0.3865,530751.12
2026-04-27 14:00:00,0.3865,0.3997,0.3865,0.3972,1768223.37
2026-04-27 15:00:00,0.3972,0.3976,0.3835,0.3879,1481645.41
2026-04-27 16:00:00,0.3878,0.3944,0.3866,0.3935,805906.9
2026-04-27 17:00:00,0.3935,0.3992,0.3915,0.3954,1146058.93
2026-04-27 18:00:00,0.3953,0.4042,0.3952,0.4034,1401214.71
2026-04-27 19:00:00,0.4033,0.4041,0.3939,0.3951,1028401.46
2026-04-27 20:00:00,0.395,0.4032,0.395,0.4007,1007495.11
2026-04-27 21:00:00,0.4006,0.4016,0.3978,0.4004,392273.26
2026-04-27 22:00:00,0.4005,0.4037,0.4001,0.4024,589785.69
2026-04-27 23:00:00,0.4024,0.4092,0.4022,0.4091,700635.35
2026-04-28 00:00:00,0.4092,0.4163,0.4082,0.4115,879905.66
2026-04-28 01:00:00,0.4116,0.4162,0.4047,0.405,1112184.34
2026-04-28 02:00:00,0.4051,0.4094,0.3973,0.3988,1337995.07
2026-04-28 03:00:00,0.3987,0.4014,0.3966,0.3998,537659.42
2026-04-28 04:00:00,0.3998,0.4017,0.3977,0.4007,885021.65
2026-04-28 05:00:00,0.4007,0.4059,0.4004,0.4047,512713.11
2026-04-28 06:00:00,0.4049,0.4068,0.3974,0.3991,838768.97
2026-04-28 07:00:00,0.3991,0.3997,0.3927,0.3945,1027315.89
2026-04-28 08:00:00,0.3945,0.3956,0.3923,0.3945,316417.81
2026-04-28 09:00:00,0.3946,0.3968,0.394,0.396,305503.87
2026-04-28 10:00:00,0.396,0.399,0.3949,0.3985,560784.49
2026-04-28 11:00:00,0.3985,0.3992,0.3895,0.391,977004.71
2026-04-28 12:00:00,0.3911,0.3913,0.3852,0.3881,1276514.57
2026-04-28 13:00:00,0.388,0.3899,0.3843,0.3893,773860.75
2026-04-28 14:00:00,0.3893,0.3899,0.3857,0.3881,597781.33
2026-04-28 15:00:00,0.3882,0.3913,0.3877,0.3893,416559.5
2026-04-28 16:00:00,0.3893,0.3909,0.3879,0.3898,430307.13
2026-04-28 17:00:00,0.3896,0.3911,0.3862,0.3868,474230.09
2026-04-28 18:00:00,0.3867,0.3908,0.3865,0.3906,281900.01
2026-04-28 19:00:00,0.3906,0.3933,0.3889,0.3906,451750.4
2026-04-28 20:00:00,0.3907,0.3912,0.387,0.3885,384794.24
2026-04-28 21:00:00,0.3885,0.3902,0.3869,0.3879,190473.15
2026-04-28 22:00:00,0.388,0.389,0.3871,0.3874,138183.89
2026-04-28 23:00:00,0.3875,0.3888,0.3864,0.3872,493033.75
2026-04-29 00:00:00,0.3872,0.3918,0.3866,0.3912,250516.75
2026-04-29 01:00:00,0.3912,0.3923,0.3887,0.3919,193519.86
2026-04-29 02:00:00,0.3919,0.3925,0.3892,0.3904,752557.54
2026-04-29 03:00:00,0.3904,0.3957,0.3898,0.3948,452096.61
2026-04-29 04:00:00,0.3948,0.3997,0.3941,0.3981,401424.19
2026-04-29 05:00:00,0.3981,0.3998,0.3968,0.399,239157.85
2026-04-29 06:00:00,0.399,0.4006,0.3926,0.3937,487633.42
2026-04-29 07:00:00,0.3936,0.3945,0.3914,0.3922,372847.34
2026-04-29 08:00:00,0.3922,0.3925,0.3877,0.3893,312873.9
2026-04-29 09:00:00,0.3893,0.3948,0.3879,0.3936,419828.2
2026-04-29 10:00:00,0.3937,0.3962,0.3855,0.386,873809.63
2026-04-29 11:00:00,0.3858,0.3873,0.381,0.3841,710379.98
2026-04-29 12:00:00,0.3842,0.3844,0.3772,0.38,954840.6
2026-04-29 13:00:00,0.3803,0.381,0.373,0.3754,895277.65
2026-04-29 14:00:00,0.3754,0.3771,0.3722,0.3759,669766.75
2026-04-29 15:00:00,0.3759,0.3774,0.3715,0.3729,981938.41
2026-04-29 16:00:00,0.3729,0.375,0.3718,0.3738,705792.35
2026-04-29 17:00:00,0.3739,0.3801,0.3737,0.3801,638042.12
2026-04-29 18:00:00,0.3802,0.3802,0.3638,0.3701,1995644.77
2026-04-29 19:00:00,0.3701,0.3719,0.3668,0.3699,715509.85
2026-04-29 20:00:00,0.37,0.376,0.3693,0.3744,558757.5
2026-04-29 21:00:00,0.3743,0.3775,0.373,0.3763,372699.57
2026-04-29 22:00:00,0.3763,0.3766,0.3734,0.3754,219030.79
2026-04-29 23:00:00,0.3754,0.3756,0.3731,0.3732,145563.37
2026-04-30 00:00:00,0.3733,0.3768,0.3726,0.3762,189170.92
2026-04-30 01:00:00,0.3761,0.3772,0.3742,0.3762,134379.04
2026-04-30 02:00:00,0.3763,0.3765,0.3691,0.3703,342428.78
2026-04-30 03:00:00,0.3702,0.3733,0.3693,0.3723,315716.3
2026-04-30 04:00:00,0.3722,0.3725,0.3689,0.3693,182726.93
2026-04-30 05:00:00,0.3693,0.3712,0.3677,0.3693,263705.95
2026-04-30 06:00:00,0.3693,0.3707,0.3686,0.3695,188796.58
2026-04-30 07:00:00,0.3695,0.3728,0.3685,0.3722,360797.62
2026-04-30 08:00:00,0.3722,0.3738,0.3716,0.3719,281253.95
2026-04-30 09:00:00,0.3718,0.3747,0.3714,0.373,258949.3
2026-04-30 10:00:00,0.3729,0.3737,0.3718,0.3729,155901.03
2026-04-30 11:00:00,0.373,0.3748,0.3702,0.3721,210325.93
2026-04-30 12:00:00,0.3721,0.3757,0.371,0.3713,202341.76
2026-04-30 13:00:00,0.3714,0.3727,0.3677,0.3691,412815.66
2026-04-30 14:00:00,0.369,0.3704,0.3666,0.3683,255377.07
2026-04-30 15:00:00,0.3683,0.3724,0.3679,0.3713,232851.35
2026-04-30 16:00:00,0.3712,0.3715,0.3681,0.3685,144073.57
2026-04-30 17:00:00,0.3685,0.3695,0.3674,0.3688,131325.55
2026-04-30 18:00:00,0.3687,0.3706,0.3676,0.368,96866.09
2026-04-30 19:00:00,0.368,0.3699,0.3677,0.3683,162257.96
2026-04-30 20:00:00,0.3683,0.3683,0.3652,0.3655,372058.07
2026-04-30 21:00:00,0.3655,0.3667,0.3643,0.365,193822.77
2026-04-30 22:00:00,0.3649,0.3656,0.3627,0.3634,194750.44
2026-04-30 23:00:00,0.3634,0.3658,0.3626,0.3656,191435.94
2026-05-01 00:00:00,0.3656,0.3689,0.3656,0.3676,109101.92
2026-05-01 01:00:00,0.3677,0.3697,0.3675,0.3689,127398.6
2026-05-01 02:00:00,0.369,0.3696,0.3666,0.3673,110437.88
2026-05-01 03:00:00,0.3672,0.3731,0.3666,0.37,365575.88
2026-05-01 04:00:00,0.37,0.3708,0.3672,0.3678,337911.28
2026-05-01 05:00:00,0.3678,0.3697,0.3674,0.3696,195143.16
2026-05-01 06:00:00,0.3697,0.3705,0.3655,0.3663,330114.23
2026-05-01 07:00:00,0.3663,0.3688,0.3655,0.3675,183056.13
2026-05-01 08:00:00,0.3675,0.3697,0.3669,0.3689,186515.56
2026-05-01 09:00:00,0.3688,0.3694,0.3657,0.3665,117629.33
2026-05-01 10:00:00,0.3665,0.3669,0.3642,0.3667,346252.69
2026-05-01 11:00:00,0.3667,0.3685,0.3658,0.368,135940.83
2026-05-01 12:00:00,0.3679,0.3717,0.3665,0.3706,872041.71
2026-05-01 13:00:00,0.3706,0.3761,0.3706,0.3743,711623.62
2026-05-01 14:00:00,0.3744,0.3764,0.3726,0.3759,571484.85
2026-05-01 15:00:00,0.3758,0.3784,0.3739,0.3774,784511.16
2026-05-01 16:00:00,0.3774,0.3787,0.3733,0.3746,393490.55
2026-05-01 17:00:00,0.3746,0.3747,0.3709,0.3736,355577.9
2026-05-01 18:00:00,0.3736,0.3743,0.3724,0.3733,191715.62
2026-05-01 19:00:00,0.3733,0.3738,0.3709,0.3719,251357.91
2026-05-01 20:00:00,0.372,0.3733,0.3686,0.3703,266419.49
2026-05-01 21:00:00,0.3703,0.3718,0.3692,0.3714,188744.06
2026-05-01 22:00:00,0.3715,0.373,0.3703,0.3708,80115.06
2026-05-01 23:00:00,0.3708,0.3722,0.3691,0.3713,122341.03
2026-05-02 00:00:00,0.3714,0.3735,0.3711,0.3729,163696.3
2026-05-02 01:00:00,0.3729,0.3738,0.3713,0.3729,65965.74
2026-05-02 02:00:00,0.3729,0.3732,0.3714,0.3718,112586.56
2026-05-02 03:00:00,0.3718,0.3723,0.3703,0.371,237636.21
2026-05-02 04:00:00,0.3709,0.3716,0.3698,0.3705,110498.05
2026-05-02 05:00:00,0.3705,0.3712,0.3687,0.3703,140453.26
2026-05-02 06:00:00,0.3703,0.3727,0.3703,0.3724,145210.18
2026-05-02 07:00:00,0.3723,0.3761,0.3718,0.375,208828.99
2026-05-02 08:00:00,0.375,0.3751,0.3723,0.3726,122315.9
2026-05-02 09:00:00,0.3727,0.3751,0.3726,0.3745,95737.23
2026-05-02 10:00:00,0.3746,0.3752,0.3732,0.3734,82247.6
2026-05-02 11:00:00,0.3733,0.3733,0.3708,0.3717,157196.74
2026-05-02 12:00:00,0.3717,0.373,0.3708,0.3717,148307.86
2026-05-02 13:00:00,0.3717,0.3751,0.3717,0.3743,150309.75
2026-05-02 14:00:00,0.3743,0.3754,0.373,0.3743,187344.49
2026-05-02 15:00:00,0.3743,0.378,0.3734,0.3775,310196.51
2026-05-02 16:00:00,0.3776,0.3779,0.3746,0.3755,335945.34
2026-05-02 17:00:00,0.3756,0.3759,0.3726,0.3728,126351.06
2026-05-02 18:00:00,0.3728,0.3761,0.3712,0.3751,118146.33
2026-05-02 19:00:00,0.375,0.3764,0.3747,0.3753,166092.7
2026-05-02 20:00:00,0.3753,0.3755,0.3741,0.3748,96557.52
2026-05-02 21:00:00,0.3748,0.3782,0.3739,0.3756,198123.81
2026-05-02 22:00:00,0.3755,0.3764,0.3747,0.3756,74757.75
2026-05-02 23:00:00,0.3755,0.3755,0.3728,0.3734,153849.29
2026-05-03 00:00:00,0.3734,0.3736,0.3705,0.3716,332283.56
2026-05-03 01:00:00,0.3716,0.3716,0.3669,0.3673,243903.0
2026-05-03 02:00:00,0.3673,0.3682,0.3663,0.3671,129172.25
2026-05-03 03:00:00,0.3671,0.3685,0.366,0.3671,79603.62
2026-05-03 04:00:00,0.3671,0.3681,0.3663,0.3669,74242.86
2026-05-03 05:00:00,0.3669,0.3681,0.3652,0.3661,132144.55
2026-05-03 06:00:00,0.366,0.3669,0.3638,0.3659,220619.08
2026-05-03 07:00:00,0.3659,0.3674,0.3655,0.3655,139703.52
2026-05-03 08:00:00,0.3656,0.3668,0.3636,0.3647,235032.22
2026-05-03 09:00:00,0.3646,0.3673,0.3643,0.366,291637.68
2026-05-03 10:00:00,0.3659,0.3669,0.3649,0.365,143292.58
2026-05-03 11:00:00,0.3648,0.3708,0.3647,0.3679,299048.01
2026-05-03 12:00:00,0.368,0.3698,0.3676,0.3676,148200.27
2026-05-03 13:00:00,0.3677,0.3677,0.365,0.3658,206723.46
2026-05-03 14:00:00,0.3659,0.3677,0.3657,0.3672,137719.27
2026-05-03 15:00:00,0.3672,0.3679,0.3655,0.3662,148993.08
2026-05-03 16:00:00,0.3663,0.3671,0.3646,0.3667,178532.6
2026-05-03 17:00:00,0.3666,0.3688,0.3653,0.3677,120824.33
2026-05-03 18:00:00,0.3677,0.3688,0.3668,0.3674,114266.6
2026-05-03 19:00:00,0.3674,0.368,0.366,0.3667,153482.59
2026-05-03 20:00:00,0.3666,0.37,0.3665,0.3678,429128.88
2026-05-03 21:00:00,0.3678,0.3685,0.3645,0.3662,183970.52
2026-05-03 22:00:00,0.3662,0.3714,0.366,0.3695,370358.91
2026-05-03 23:00:00,0.3695,0.3696,0.3646,0.3652,350671.08
2026-05-04 00:00:00,0.365,0.3653,0.3582,0.3632,585026.01
2026-05-04 01:00:00,0.3631,0.3693,0.3601,0.3687,656912.42
2026-05-04 02:00:00,0.3688,0.3764,0.3679,0.3744,1060665.53
2026-05-04 03:00:00,0.3744,0.3766,0.372,0.3746,636142.68
2026-05-04 04:00:00,0.3747,0.3798,0.3742,0.3788,461442.43
2026-05-04 05:00:00,0.3788,0.3788,0.3746,0.3774,489353.32
2026-05-04 06:00:00,0.3775,0.3782,0.371,0.3746,614778.65
2026-05-04 07:00:00,0.3747,0.3764,0.3732,0.3754,361408.71
2026-05-04 08:00:00,0.3754,0.3754,0.3719,0.3724,180404.88
2026-05-04 09:00:00,0.3723,0.377,0.3718,0.3767,615761.78
2026-05-04 10:00:00,0.3768,0.377,0.3613,0.367,1726336.51
2026-05-04 11:00:00,0.367,0.3679,0.3651,0.3664,270399.78
2026-05-04 12:00:00,0.3663,0.3688,0.3655,0.3675,210821.35
2026-05-04 13:00:00,0.3674,0.3689,0.3653,0.3673,478509.88
2026-05-04 14:00:00,0.3672,0.3768,0.3656,0.3743,630890.76
2026-05-04 15:00:00,0.3742,0.3748,0.3667,0.3697,749064.53
2026-05-04 16:00:00,0.3697,0.3735,0.3673,0.3712,421941.6
2026-05-04 17:00:00,0.3711,0.3789,0.3709,0.3775,463840.67
2026-05-04 18:00:00,0.3775,0.38,0.376,0.3776,624137.47
2026-05-04 19:00:00,0.3777,0.3779,0.3735,0.3743,312381.56
2026-05-04 20:00:00,0.3744,0.3745,0.3711,0.3717,151155.38
2026-05-04 21:00:00,0.3718,0.3764,0.3714,0.3749,91549.34
2026-05-04 22:00:00,0.3748,0.3773,0.3728,0.3732,176967.72
2026-05-04 23:00:00,0.3731,0.3732,0.3703,0.3719,172039.19
2026-05-05 00:00:00,0.372,0.3743,0.3714,0.3739,135464.27
2026-05-05 01:00:00,0.3739,0.3784,0.3733,0.3773,234207.63
2026-05-05 02:00:00,0.3773,0.3794,0.3751,0.376,228875.2
2026-05-05 03:00:00,0.3761,0.3776,0.3744,0.3756,626337.84
2026-05-05 04:00:00,0.3756,0.3759,0.3736,0.3744,449830.35
2026-05-05 05:00:00,0.3743,0.3772,0.3738,0.3755,625446.0
2026-05-05 06:00:00,0.3755,0.3756,0.3728,0.3753,150043.54
2026-05-05 07:00:00,0.3754,0.3779,0.3743,0.3763,221447.68
2026-05-05 08:00:00,0.3763,0.3779,0.3757,0.3769,121410.15
2026-05-05 09:00:00,0.377,0.3781,0.3749,0.3752,216824.52
2026-05-05 10:00:00,0.3751,0.377,0.3742,0.377,295258.59
2026-05-05 11:00:00,0.377,0.3772,0.373,0.3742,440364.77
2026-05-05 12:00:00,0.3743,0.3762,0.3733,0.3742,435557.65
2026-05-05 13:00:00,0.3741,0.3763,0.3719,0.3745,790101.36
2026-05-05 14:00:00,0.3746,0.3762,0.3712,0.3749,959836.17
2026-05-05 15:00:00,0.3749,0.3763,0.3739,0.3743,236669.79
2026-05-05 16:00:00,0.3743,0.3752,0.3717,0.3728,263549.01
2026-05-05 17:00:00,0.3728,0.3738,0.3713,0.3722,194111.02
2026-05-05 18:00:00,0.3723,0.3744,0.3722,0.373,132384.16
2026-05-05 19:00:00,0.373,0.3753,0.3729,0.3736,144857.79
2026-05-05 20:00:00,0.3736,0.3772,0.3734,0.3768,269649.34
2026-05-05 21:00:00,0.3769,0.3791,0.3744,0.3766,505711.33
2026-05-05 22:00:00,0.3766,0.3775,0.3713,0.3738,481928.01
2026-05-05 23:00:00,0.3737,0.3741,0.3716,0.3732,140215.73
2026-05-06 00:00:00,0.3731,0.3755,0.3721,0.3748,131379.58
2026-05-06 01:00:00,0.3748,0.3813,0.3743,0.3811,359562.77
2026-05-06 02:00:00,0.381,0.3817,0.3776,0.3806,232963.68
2026-05-06 03:00:00,0.3806,0.3854,0.3796,0.3813,932175.12
2026-05-06 04:00:00,0.3813,0.3838,0.3788,0.3798,617483.2
2026-05-06 05:00:00,0.3797,0.3817,0.3779,0.3816,468681.42
2026-05-06 06:00:00,0.3816,0.3822,0.3779,0.3806,272002.88
2026-05-06 07:00:00,0.3806,0.3817,0.3784,0.3791,431180.09
2026-05-06 08:00:00,0.3791,0.3884,0.3786,0.3865,1293222.36
2026-05-06 09:00:00,0.3866,0.3922,0.3849,0.3913,1010382.72
2026-05-06 10:00:00,0.3914,0.3942,0.3905,0.3921,986441.75
2026-05-06 11:00:00,0.3922,0.3938,0.3887,0.3911,1008415.41
2026-05-06 12:00:00,0.3912,0.396,0.3903,0.3953,593238.58
2026-05-06 13:00:00,0.3953,0.3953,0.3824,0.3841,1343201.87
2026-05-06 14:00:00,0.384,0.3877,0.379,0.3851,930669.97
2026-05-06 15:00:00,0.385,0.3885,0.3829,0.3876,679651.61
2026-05-06 16:00:00,0.3875,0.3904,0.384,0.3885,481085.65
2026-05-06 17:00:00,0.3886,0.3896,0.3856,0.3869,269363.28
2026-05-06 18:00:00,0.387,0.3873,0.383,0.3853,320178.96
2026-05-06 19:00:00,0.3852,0.3871,0.3838,0.3863,212948.18
2026-05-06 20:00:00,0.3864,0.3909,0.3857,0.3884,239276.33
2026-05-06 21:00:00,0.3884,0.3941,0.3879,0.3932,419253.05
2026-05-06 22:00:00,0.3932,0.3932,0.3877,0.3887,290940.21
2026-05-06 23:00:00,0.3887,0.3911,0.3855,0.3906,232418.27
2026-05-07 00:00:00,0.3905,0.3918,0.3842,0.3846,361477.26
2026-05-07 01:00:00,0.3846,0.3846,0.3795,0.3816,384663.32
2026-05-07 02:00:00,0.3815,0.3837,0.3796,0.3826,174993.05
2026-05-07 03:00:00,0.3826,0.3844,0.3807,0.3809,116705.9
2026-05-07 04:00:00,0.3809,0.385,0.3801,0.385,295989.12
2026-05-07 05:00:00,0.385,0.3877,0.385,0.387,223257.13
2026-05-07 06:00:00,0.387,0.3911,0.3846,0.3911,395877.47
2026-05-07 07:00:00,0.3912,0.3931,0.39,0.3926,272628.76
2026-05-07 08:00:00,0.3926,0.3938,0.39,0.3913,533459.02
2026-05-07 09:00:00,0.3914,0.3919,0.3876,0.3883,283272.09
2026-05-07 10:00:00,0.3883,0.3899,0.385,0.3884,208483.23
2026-05-07 11:00:00,0.3884,0.3917,0.3879,0.3897,147024.14
2026-05-07 12:00:00,0.3897,0.395,0.3897,0.3948,318548.32
2026-05-07 13:00:00,0.3947,0.395,0.3842,0.3861,538935.06
2026-05-07 14:00:00,0.3861,0.3876,0.3767,0.3805,1138533.29
2026-05-07 15:00:00,0.3805,0.3814,0.3735,0.3782,644603.44
2026-05-07 16:00:00,0.3782,0.3829,0.3772,0.3815,431284.6
2026-05-07 17:00:00,0.3815,0.3833,0.3781,0.3829,298885.4
2026-05-07 18:00:00,0.3829,0.3857,0.3793,0.3807,276043.4
2026-05-07 19:00:00,0.3805,0.3843,0.3776,0.3822,437812.73
2026-05-07 20:00:00,0.3823,0.3856,0.3803,0.3806,273839.76
2026-05-07 21:00:00,0.3805,0.3844,0.379,0.3831,195540.71
2026-05-07 22:00:00,0.383,0.3849,0.3813,0.384,197602.64
2026-05-07 23:00:00,0.3839,0.3864,0.3836,0.3851,167607.57
2026-05-08 00:00:00,0.3853,0.389,0.3841,0.3861,241541.27
2026-05-08 01:00:00,0.3862,0.3883,0.3835,0.3876,161574.31
2026-05-08 02:00:00,0.3877,0.3877,0.3821,0.385,283043.95
2026-05-08 03:00:00,0.3851,0.3893,0.3826,0.388,323785.51
2026-05-08 04:00:00,0.3879,0.3903,0.3863,0.3872,131428.76
2026-05-08 05:00:00,0.3873,0.3892,0.3863,0.3879,198237.2
2026-05-08 06:00:00,0.3878,0.391,0.3866,0.3891,401733.08
2026-05-08 07:00:00,0.3891,0.3911,0.3867,0.3903,239202.2
2026-05-08 08:00:00,0.3902,0.3942,0.3897,0.3929,365352.57
2026-05-08 09:00:00,0.393,0.3953,0.3905,0.3922,398673.51
2026-05-08 10:00:00,0.3922,0.3985,0.3915,0.3956,486310.5
2026-05-08 11:00:00,0.3956,0.4016,0.3945,0.4003,819710.72
2026-05-08 12:00:00,0.4003,0.4078,0.4,0.4017,1638986.42
2026-05-08 13:00:00,0.4017,0.4019,0.393,0.399,894069.42
2026-05-08 14:00:00,0.399,0.4038,0.3972,0.4007,613501.32
2026-05-08 15:00:00,0.4007,0.4034,0.3959,0.4019,441242.26
2026-05-08 16:00:00,0.402,0.4042,0.3999,0.4033,356821.58
2026-05-08 17:00:00,0.4032,0.4098,0.4025,0.4073,680933.6
2026-05-08 18:00:00,0.4074,0.414,0.4074,0.4107,535678.23
2026-05-08 19:00:00,0.4106,0.4108,0.4073,0.4092,407814.72
2026-05-08 20:00:00,0.4093,0.4107,0.4062,0.4077,283539.74
2026-05-08 21:00:00,0.4078,0.4107,0.4072,0.4102,152840.39
2026-05-08 22:00:00,0.4101,0.4131,0.4088,0.4091,195982.01
2026-05-08 23:00:00,0.409,0.4091,0.405,0.407,250674.61
2026-05-09 00:00:00,0.4069,0.4094,0.405,0.4082,220379.72
2026-05-09 01:00:00,0.4082,0.4117,0.4069,0.4094,620407.7
2026-05-09 02:00:00,0.4093,0.4104,0.4075,0.4077,104030.36
2026-05-09 03:00:00,0.4076,0.4084,0.4041,0.4049,375803.3
2026-05-09 04:00:00,0.4048,0.4079,0.4047,0.4054,394617.1
2026-05-09 05:00:00,0.4053,0.4086,0.4049,0.4072,155487.74
2026-05-09 06:00:00,0.4071,0.4087,0.4026,0.4041,303811.0
2026-05-09 07:00:00,0.4042,0.405,0.4018,0.4031,280755.85
2026-05-09 08:00:00,0.4031,0.4073,0.4031,0.4056,181499.47
2026-05-09 09:00:00,0.4056,0.4058,0.4,0.4012,292658.73
2026-05-09 10:00:00,0.4013,0.402,0.4001,0.4015,110258.96
2026-05-09 11:00:00,0.4014,0.403,0.4011,0.4023,117218.69
2026-05-09 12:00:00,0.4023,0.4034,0.3971,0.398,516700.55
2026-05-09 13:00:00,0.3981,0.3982,0.3934,0.3965,365967.88
2026-05-09 14:00:00,0.3966,0.3968,0.3936,0.3953,278004.08
2026-05-09 15:00:00,0.3953,0.3954,0.3912,0.394,499727.42
2026-05-09 16:00:00,0.394,0.3969,0.392,0.3944,278901.66
2026-05-09 17:00:00,0.3944,0.3997,0.3944,0.3992,288768.17
2026-05-09 18:00:00,0.3993,0.4014,0.399,0.4004,125324.98
2026-05-09 19:00:00,0.4006,0.4013,0.3983,0.4009,224449.18
2026-05-09 20:00:00,0.401,0.4014,0.3987,0.3997,64342.82
2026-05-09 21:00:00,0.3999,0.4016,0.3988,0.3995,99852.88
2026-05-09 22:00:00,0.3995,0.4007,0.3987,0.3998,53307.96
2026-05-09 23:00:00,0.3998,0.4006,0.3976,0.3988,42189.0
2026-05-10 00:00:00,0.3986,0.3991,0.3935,0.394,315308.87
2026-05-10 01:00:00,0.394,0.3941,0.3913,0.3929,135112.27
2026-05-10 02:00:00,0.3929,0.3955,0.3917,0.3945,95781.41
2026-05-10 03:00:00,0.3946,0.3963,0.3934,0.3945,64682.56
2026-05-10 04:00:00,0.3945,0.3966,0.3942,0.3955,39898.48
2026-05-10 05:00:00,0.3954,0.3975,0.3949,0.3959,108132.48
2026-05-10 06:00:00,0.3959,0.397,0.3948,0.3958,118603.48
2026-05-10 07:00:00,0.3959,0.3999,0.3959,0.399,205113.87
2026-05-10 08:00:00,0.3989,0.4027,0.3982,0.4022,246227.64
2026-05-10 09:00:00,0.4023,0.4063,0.402,0.4049,450965.54
2026-05-10 10:00:00,0.4049,0.4062,0.4012,0.4057,333176.9
2026-05-10 11:00:00,0.4056,0.4062,0.3984,0.4014,516146.84
2026-05-10 12:00:00,0.4014,0.4049,0.4007,0.4042,266604.03
2026-05-10 13:00:00,0.4043,0.4095,0.4042,0.4085,319808.27
2026-05-10 14:00:00,0.4086,0.4093,0.4055,0.4066,188029.37
2026-05-10 15:00:00,0.4067,0.4184,0.4065,0.4144,978819.11
2026-05-10 16:00:00,0.4144,0.4176,0.413,0.4171,395531.36
2026-05-10 17:00:00,0.4172,0.4204,0.4148,0.4176,521347.87
2026-05-10 18:00:00,0.4177,0.4197,0.4166,0.4178,344406.95
2026-05-10 19:00:00,0.4177,0.4244,0.4145,0.4212,406715.0
2026-05-10 20:00:00,0.4212,0.4256,0.4004,0.406,1432453.05
2026-05-10 21:00:00,0.4059,0.41,0.4015,0.4074,996359.88
2026-05-10 22:00:00,0.4073,0.4155,0.4063,0.415,398613.33
2026-05-10 23:00:00,0.415,0.4164,0.413,0.4137,325621.82
2026-05-11 00:00:00,0.4137,0.4155,0.4076,0.4097,398066.12
2026-05-11 01:00:00,0.4098,0.4121,0.4074,0.4097,198915.54
2026-05-11 02:00:00,0.4097,0.41,0.4045,0.406,262552.04
2026-05-11 03:00:00,0.4061,0.4064,0.3979,0.4032,631194.63
2026-05-11 04:00:00,0.4031,0.4044,0.4001,0.4029,441215.93
2026-05-11 05:00:00,0.4028,0.4368,0.4022,0.4345,7295674.75
2026-05-11 06:00:00,0.4345,0.4349,0.4262,0.4276,2733555.33
2026-05-11 07:00:00,0.4276,0.4329,0.4228,0.4249,1527115.33
2026-05-11 08:00:00,0.4249,0.4308,0.4198,0.4267,1236131.01
2026-05-11 09:00:00,0.4266,0.4456,0.4243,0.4364,4547229.37
2026-05-11 10:00:00,0.4364,0.4455,0.4342,0.4383,1593869.07
2026-05-11 11:00:00,0.4381,0.4464,0.4342,0.4421,2345728.48
2026-05-11 12:00:00,0.442,0.446,0.4363,0.4405,2020417.95
2026-05-11 13:00:00,0.4406,0.4468,0.4283,0.4298,2567887.82
2026-05-11 14:00:00,0.4298,0.4345,0.4249,0.4301,1342925.52
2026-05-11 15:00:00,0.4301,0.4518,0.387,0.4019,18243674.16
2026-05-11 16:00:00,0.4018,0.4035,0.3979,0.4023,2367528.98
2026-05-11 17:00:00,0.4022,0.4071,0.4004,0.4047,634474.45
2026-05-11 18:00:00,0.4047,0.4073,0.4029,0.403,327345.61
2026-05-11 19:00:00,0.403,0.4097,0.4019,0.4088,470600.43
2026-05-11 20:00:00,0.4089,0.4106,0.4064,0.4073,450936.67
2026-05-11 21:00:00,0.4072,0.41,0.4044,0.4054,643832.81
2026-05-11 22:00:00,0.4054,0.409,0.4054,0.4075,334156.51
2026-05-11 23:00:00,0.4075,0.4106,0.406,0.4091,309487.59
2026-05-12 00:00:00,0.4091,0.412,0.4066,0.4113,749566.7
2026-05-12 01:00:00,0.4113,0.412,0.4029,0.4039,641041.21
2026-05-12 02:00:00,0.4039,0.4044,0.3998,0.4021,477768.19
2026-05-12 03:00:00,0.4019,0.403,0.3993,0.4016,310653.49
2026-05-12 04:00:00,0.4016,0.404,0.4009,0.4023,271757.77
2026-05-12 05:00:00,0.4022,0.4033,0.4009,0.4025,329368.54
2026-05-12 06:00:00,0.4024,0.4046,0.4022,0.4028,143633.0
2026-05-12 07:00:00,0.4027,0.4062,0.4008,0.4036,220792.55
2026-05-12 08:00:00,0.4036,0.4036,0.3976,0.399,412785.88
2026-05-12 09:00:00,0.399,0.402,0.3962,0.4009,444404.85
2026-05-12 10:00:00,0.4009,0.4009,0.3979,0.3996,563423.39
2026-05-12 11:00:00,0.3996,0.4007,0.3963,0.4,198682.43
2026-05-12 12:00:00,0.4,0.4041,0.3982,0.4008,474106.88
2026-05-12 13:00:00,0.401,0.4024,0.3973,0.3981,803176.81
2026-05-12 14:00:00,0.3982,0.4004,0.3878,0.3902,1523605.16
2026-05-12 15:00:00,0.3902,0.3923,0.3873,0.3885,662172.81
2026-05-12 16:00:00,0.3885,0.3908,0.387,0.3883,351207.0
2026-05-12 17:00:00,0.3884,0.3943,0.3884,0.3937,258837.36
2026-05-12 18:00:00,0.3937,0.3981,0.3925,0.3967,353110.84
2026-05-12 19:00:00,0.3967,0.3996,0.3967,0.3987,259831.03
2026-05-12 20:00:00,0.3987,0.3993,0.3973,0.3993,157455.12
2026-05-12 21:00:00,0.3993,0.4006,0.3981,0.3999,184118.47
2026-05-12 22:00:00,0.4,0.4009,0.3981,0.3983,112949.41
2026-05-12 23:00:00,0.3982,0.3985,0.3946,0.3946,318180.0
2026-05-13 00:00:00,0.3946,0.398,0.3933,0.3976,146246.92
2026-05-13 01:00:00,0.3976,0.402,0.3976,0.4006,199478.21
2026-05-13 02:00:00,0.4005,0.4042,0.3994,0.4035,385164.59
2026-05-13 03:00:00,0.4034,0.4039,0.4012,0.4022,723741.29
2026-05-13 04:00:00,0.4021,0.4065,0.4018,0.4048,450423.11
2026-05-13 05:00:00,0.4049,0.4056,0.4021,0.4045,190142.3
2026-05-13 06:00:00,0.4045,0.4076,0.4039,0.406,229383.34
2026-05-13 07:00:00,0.4059,0.4071,0.4035,0.4057,285595.41
2026-05-13 08:00:00,0.4058,0.4115,0.4055,0.4109,324749.55
2026-05-13 09:00:00,0.4109,0.4186,0.4107,0.4185,937756.05
2026-05-13 10:00:00,0.4186,0.42,0.412,0.4135,768931.43
2026-05-13 11:00:00,0.4134,0.4137,0.4067,0.408,456731.34
2026-05-13 12:00:00,0.4081,0.4093,0.3947,0.4006,1515088.01
2026-05-13 13:00:00,0.4007,0.4038,0.3919,0.3938,1332176.43
2026-05-13 14:00:00,0.3937,0.3976,0.3898,0.3952,1124206.2
2026-05-13 15:00:00,0.3952,0.3968,0.3845,0.3851,825818.15
2026-05-13 16:00:00,0.3852,0.3925,0.385,0.3907,415107.71
2026-05-13 17:00:00,0.3907,0.3929,0.3901,0.3908,283164.35
2026-05-13 18:00:00,0.3909,0.3941,0.3909,0.3921,161046.26
2026-05-13 19:00:00,0.3922,0.3928,0.3884,0.3893,142993.36
2026-05-13 20:00:00,0.3893,0.3917,0.3892,0.3909,125195.23
2026-05-13 21:00:00,0.3909,0.391,0.3865,0.3872,175184.07
2026-05-13 22:00:00,0.3872,0.3894,0.3847,0.3888,108907.59
2026-05-13 23:00:00,0.3888,0.3896,0.3871,0.3881,56038.14
2026-05-14 00:00:00,0.388,0.3917,0.388,0.3908,272294.64
2026-05-14 01:00:00,0.3907,0.3914,0.3889,0.3897,609031.69
2026-05-14 02:00:00,0.3897,0.3908,0.3864,0.3873,372645.57
2026-05-14 03:00:00,0.3872,0.3881,0.3788,0.3801,1401974.08
2026-05-14 04:00:00,0.3801,0.3843,0.3786,0.3836,640849.85
2026-05-14 05:00:00,0.3837,0.3857,0.3832,0.3846,373473.83
2026-05-14 06:00:00,0.3846,0.3874,0.3844,0.3854,376918.54
2026-05-14 07:00:00,0.3853,0.3858,0.3821,0.3828,482951.34
2026-05-14 08:00:00,0.3829,0.3839,0.3813,0.382,326501.38
2026-05-14 09:00:00,0.3821,0.3828,0.3788,0.3801,520647.43
2026-05-14 10:00:00,0.38,0.3821,0.3792,0.3814,454341.62
2026-05-14 11:00:00,0.3814,0.3818,0.3765,0.3765,489449.62
2026-05-14 12:00:00,0.3764,0.3805,0.3756,0.3802,531711.35
2026-05-14 13:00:00,0.3803,0.3847,0.3799,0.382,706384.46
2026-05-14 14:00:00,0.3819,0.3927,0.3805,0.3917,1197770.56
2026-05-14 15:00:00,0.3918,0.3951,0.3894,0.3927,1119071.68
2026-05-14 16:00:00,0.3927,0.3955,0.3876,0.3932,1032783.7
2026-05-14 17:00:00,0.3931,0.3941,0.3877,0.3924,863708.9
2026-05-14 18:00:00,0.3923,0.3976,0.3901,0.396,526650.47
2026-05-14 19:00:00,0.396,0.3981,0.3923,0.3933,559325.46
2026-05-14 20:00:00,0.3934,0.3948,0.3902,0.3925,489398.54
2026-05-14 21:00:00,0.3926,0.393,0.3882,0.3915,427339.96
2026-05-14 22:00:00,0.3914,0.3931,0.3902,0.3915,345050.75
2026-05-14 23:00:00,0.3915,0.3915,0.3879,0.3889,273821.54
2026-05-15 00:00:00,0.3889,0.3928,0.3885,0.3913,339444.18
2026-05-15 01:00:00,0.3914,0.3924,0.3866,0.3868,357886.1
2026-05-15 02:00:00,0.3867,0.3891,0.3836,0.3888,620809.97
2026-05-15 03:00:00,0.3887,0.3895,0.3867,0.387,218859.87
2026-05-15 04:00:00,0.3869,0.3869,0.3822,0.3824,591971.26
2026-05-15 05:00:00,0.3825,0.3837,0.3741,0.3752,1148357.9
2026-05-15 06:00:00,0.3753,0.38,0.3747,0.3788,496156.95
2026-05-15 07:00:00,0.3789,0.3829,0.3786,0.3812,490405.31
2026-05-15 08:00:00,0.3813,0.3905,0.3771,0.3784,795660.4
2026-05-15 09:00:00,0.3785,0.3795,0.3769,0.378,436113.72
2026-05-15 10:00:00,0.3781,0.3803,0.3758,0.3793,641493.58
2026-05-15 11:00:00,0.3794,0.3799,0.3767,0.3769,258397.1
2026-05-15 12:00:00,0.3768,0.3772,0.3738,0.3746,662048.07
2026-05-15 13:00:00,0.3745,0.3745,0.36,0.3623,3637563.92
2026-05-15 14:00:00,0.3623,0.3671,0.3611,0.3661,1592255.11
2026-05-15 15:00:00,0.3661,0.3679,0.3626,0.3647,344156.31
2026-05-15 16:00:00,0.3648,0.3693,0.3641,0.3679,274190.28
2026-05-15 17:00:00,0.3679,0.3702,0.3676,0.3683,130480.0
2026-05-15 18:00:00,0.3684,0.3695,0.3657,0.3667,161941.32
2026-05-15 19:00:00,0.3666,0.3671,0.3646,0.3651,322781.65
2026-05-15 20:00:00,0.3652,0.3656,0.3622,0.3642,252162.92
2026-05-15 21:00:00,0.3642,0.3649,0.3622,0.3626,158660.55
2026-05-15 22:00:00,0.3626,0.3642,0.3626,0.3638,96729.12
2026-05-15 23:00:00,0.3637,0.3644,0.3632,0.3637,64852.31
2026-05-16 00:00:00,0.3636,0.3646,0.3631,0.3638,174330.97
2026-05-16 01:00:00,0.3638,0.3638,0.3618,0.3635,213272.9
2026-05-16 02:00:00,0.3634,0.3641,0.3618,0.363,285657.45
2026-05-16 03:00:00,0.3631,0.3635,0.3606,0.3611,140875.62
2026-05-16 04:00:00,0.361,0.361,0.356,0.3581,875667.86
2026-05-16 05:00:00,0.3581,0.3583,0.3566,0.357,250275.88
2026-05-16 06:00:00,0.3571,0.3578,0.3514,0.3534,668747.64
2026-05-16 07:00:00,0.3534,0.3535,0.3436,0.3495,1944746.12
2026-05-16 08:00:00,0.3494,0.352,0.3494,0.3511,288146.25
2026-05-16 09:00:00,0.3511,0.3513,0.3456,0.3471,1021867.03
2026-05-16 10:00:00,0.347,0.3477,0.3444,0.3474,601609.19
2026-05-16 11:00:00,0.3474,0.3497,0.3474,0.3489,407444.19
2026-05-16 12:00:00,0.3487,0.351,0.3484,0.3504,230652.99
2026-05-16 13:00:00,0.3503,0.3519,0.3494,0.3506,161467.61
2026-05-16 14:00:00,0.3507,0.3543,0.3506,0.3526,326837.29
2026-05-16 15:00:00,0.3525,0.355,0.3525,0.3543,384278.51
2026-05-16 16:00:00,0.3542,0.3563,0.354,0.3546,328219.8
2026-05-16 17:00:00,0.3546,0.3561,0.3546,0.3553,107029.26
2026-05-16 18:00:00,0.3552,0.3556,0.3535,0.3537,209154.83
2026-05-16 19:00:00,0.3537,0.3537,0.3524,0.3525,107311.01
2026-05-16 20:00:00,0.3526,0.3536,0.3522,0.3527,105303.91
2026-05-16 21:00:00,0.3526,0.3538,0.3523,0.3535,189705.17
2026-05-16 22:00:00,0.3535,0.354,0.3528,0.3529,108142.28
2026-05-16 23:00:00,0.3528,0.355,0.3525,0.354,70032.59
2026-05-17 00:00:00,0.3539,0.3557,0.3527,0.3537,248664.9
2026-05-17 01:00:00,0.3538,0.3548,0.3517,0.3521,437668.4
2026-05-17 02:00:00,0.3521,0.3548,0.352,0.354,224102.04
2026-05-17 03:00:00,0.3541,0.3552,0.3526,0.354,279000.58
2026-05-17 04:00:00,0.354,0.3562,0.3537,0.3548,268578.36
2026-05-17 05:00:00,0.3547,0.3571,0.3542,0.3546,173853.13
2026-05-17 06:00:00,0.3547,0.3557,0.3541,0.3549,138375.23
2026-05-17 07:00:00,0.3549,0.3572,0.3542,0.3566,326049.91
2026-05-17 08:00:00,0.3566,0.3572,0.356,0.3561,192742.26
2026-05-17 09:00:00,0.3561,0.3577,0.3559,0.3573,147163.57
2026-05-17 10:00:00,0.3574,0.3601,0.3574,0.3584,562347.88
2026-05-17 11:00:00,0.3584,0.3604,0.3573,0.3601,382392.88
2026-05-17 12:00:00,0.36,0.3612,0.3591,0.3604,273859.2
2026-05-17 13:00:00,0.3603,0.3603,0.3569,0.3588,293887.09
2026-05-17 14:00:00,0.3588,0.359,0.3547,0.3553,473960.32
2026-05-17 15:00:00,0.3552,0.3567,0.3549,0.3564,179479.04
2026-05-17 16:00:00,0.3565,0.3578,0.3548,0.3552,163605.92
2026-05-17 17:00:00,0.3553,0.3559,0.3536,0.3555,295108.36
2026-05-17 18:00:00,0.3555,0.3571,0.354,0.3571,166686.05
2026-05-17 19:00:00,0.3572,0.3597,0.3572,0.3588,199549.98
2026-05-17 20:00:00,0.3589,0.359,0.3572,0.3584,146296.42
2026-05-17 21:00:00,0.3583,0.3596,0.3579,0.3591,97183.62
2026-05-17 22:00:00,0.359,0.3592,0.355,0.3561,292166.44
2026-05-17 23:00:00,0.3561,0.3561,0.3365,0.349,3243521.36
2026-05-18 00:00:00,0.349,0.3495,0.3447,0.3491,1103134.38
2026-05-18 01:00:00,0.3491,0.352,0.3463,0.3499,1090104.16
2026-05-18 02:00:00,0.3498,0.3541,0.3495,0.3516,500900.32
2026-05-18 03:00:00,0.3517,0.3539,0.3513,0.3521,370557.33
2026-05-18 04:00:00,0.3521,0.3542,0.3497,0.354,398583.24
2026-05-18 05:00:00,0.354,0.3545,0.3509,0.3513,376927.75
2026-05-18 06:00:00,0.3514,0.3526,0.349,0.3507,881618.33
2026-05-18 07:00:00,0.3507,0.3515,0.3475,0.3493,461386.55
2026-05-18 08:00:00,0.3494,0.3506,0.3473,0.349,266999.91
2026-05-18 09:00:00,0.3491,0.3493,0.3466,0.3466,296375.38
2026-05-18 10:00:00,0.3467,0.347,0.3447,0.3459,417165.79
2026-05-18 11:00:00,0.346,0.3516,0.3452,0.3503,550079.35
2026-05-18 12:00:00,0.3504,0.3558,0.3504,0.3542,550607.48
2026-05-18 13:00:00,0.3542,0.3547,0.3502,0.3533,862579.82
2026-05-18 14:00:00,0.3532,0.3539,0.3477,0.3484,1229363.01
2026-05-18 15:00:00,0.3485,0.3489,0.3437,0.3477,861901.25
2026-05-18 16:00:00,0.3477,0.3495,0.3465,0.3476,261535.74
2026-05-18 17:00:00,0.3476,0.3522,0.3472,0.351,158804.95
2026-05-18 18:00:00,0.3511,0.3514,0.3461,0.3462,182606.39
2026-05-18 19:00:00,0.3462,0.3567,0.3461,0.3556,455707.9
2026-05-18 20:00:00,0.3557,0.3568,0.3524,0.3541,154824.76
2026-05-18 21:00:00,0.3542,0.3577,0.3527,0.3575,174968.13
2026-05-18 22:00:00,0.3576,0.3588,0.355,0.3566,185071.34
2026-05-18 23:00:00,0.3567,0.3572,0.3545,0.3554,157029.33
2026-05-19 00:00:00,0.3555,0.3594,0.3553,0.3572,277088.06
2026-05-19 01:00:00,0.3571,0.3574,0.355,0.3557,278901.6
2026-05-19 02:00:00,0.3556,0.3573,0.354,0.3541,220018.29
2026-05-19 03:00:00,0.3541,0.3576,0.3536,0.3564,185742.47
2026-05-19 04:00:00,0.3563,0.3582,0.3559,0.357,195353.08
2026-05-19 05:00:00,0.357,0.3571,0.3534,0.3559,250196.04
2026-05-19 06:00:00,0.3557,0.3581,0.3553,0.3577,216771.89
2026-05-19 07:00:00,0.3576,0.3604,0.3572,0.359,266018.42
2026-05-19 08:00:00,0.3589,0.3589,0.3545,0.3553,444443.62
2026-05-19 09:00:00,0.3552,0.3556,0.3515,0.3535,435312.16
2026-05-19 10:00:00,0.3534,0.3547,0.3516,0.3537,119106.49
2026-05-19 11:00:00,0.3537,0.3539,0.3501,0.3503,96760.78
2026-05-19 12:00:00,0.3503,0.3527,0.3496,0.3527,76915.43
2026-05-19 13:00:00,0.3528,0.3577,0.3518,0.3559,270830.05
2026-05-19 14:00:00,0.3559,0.3568,0.3499,0.3519,302321.68
2026-05-19 15:00:00,0.3518,0.3532,0.3502,0.3522,214575.91
2026-05-19 16:00:00,0.3523,0.3558,0.3514,0.3558,200186.01
2026-05-19 17:00:00,0.3557,0.3566,0.3538,0.355,82681.16
2026-05-19 18:00:00,0.3549,0.3563,0.3535,0.3536,130696.36
2026-05-19 19:00:00,0.3537,0.3557,0.3521,0.3527,58565.3
2026-05-19 20:00:00,0.3527,0.3548,0.3527,0.3547,43534.83
2026-05-19 21:00:00,0.3547,0.3555,0.3538,0.3538,29635.46
2026-05-19 22:00:00,0.3537,0.3537,0.3506,0.3508,61318.82
2026-05-19 23:00:00,0.3507,0.353,0.3503,0.3516,47503.97
2026-05-20 00:00:00,0.3516,0.3531,0.3496,0.3523,89762.58
2026-05-20 01:00:00,0.3524,0.3553,0.3515,0.355,77058.5
2026-05-20 02:00:00,0.355,0.3553,0.352,0.3522,71869.5
2026-05-20 03:00:00,0.3521,0.353,0.351,0.3525,36566.9
2026-05-20 04:00:00,0.3525,0.3554,0.3525,0.3554,68430.13
2026-05-20 05:00:00,0.3555,0.358,0.3554,0.3578,156624.76
2026-05-20 06:00:00,0.3577,0.3587,0.3573,0.3581,227441.89
2026-05-20 07:00:00,0.3581,0.359,0.3572,0.3583,112115.61
2026-05-20 08:00:00,0.3583,0.3595,0.3582,0.3591,264420.23
2026-05-20 09:00:00,0.3591,0.3594,0.3574,0.3575,359878.89
2026-05-20 10:00:00,0.3575,0.3599,0.3574,0.3585,161554.14
2026-05-20 11:00:00,0.3585,0.3587,0.3551,0.356,212010.67
2026-05-20 12:00:00,0.3561,0.3592,0.3558,0.3584,199119.25
2026-05-20 13:00:00,0.3584,0.3585,0.3538,0.356,499302.47
2026-05-20 14:00:00,0.3561,0.3611,0.3544,0.3605,605020.99
2026-05-20 15:00:00,0.3603,0.3648,0.359,0.3612,803833.32
2026-05-20 16:00:00,0.3613,0.363,0.3589,0.3609,221965.61
2026-05-20 17:00:00,0.3609,0.3631,0.3602,0.3609,135748.65
2026-05-20 18:00:00,0.3609,0.3611,0.359,0.3599,56480.01
2026-05-20 19:00:00,0.3599,0.3633,0.3593,0.3624,77982.54
2026-05-20 20:00:00,0.3623,0.3623,0.3598,0.3621,125764.27
2026-05-20 21:00:00,0.362,0.3625,0.359,0.359,73285.31
2026-05-20 22:00:00,0.3589,0.3589,0.3562,0.3585,76963.55
2026-05-20 23:00:00,0.3584,0.3588,0.3569,0.3586,59856.48
2026-05-21 00:00:00,0.3587,0.3607,0.3583,0.3602,188495.5
2026-05-21 01:00:00,0.3602,0.3632,0.3601,0.3623,278112.15
2026-05-21 02:00:00,0.3623,0.3636,0.3609,0.3622,81726.99
2026-05-21 03:00:00,0.3622,0.3632,0.3615,0.3629,47464.28
2026-05-21 04:00:00,0.3629,0.3634,0.3616,0.3632,75506.51
2026-05-21 05:00:00,0.3631,0.3635,0.3598,0.3613,74301.14
2026-05-21 06:00:00,0.3613,0.3616,0.3593,0.36,127302.65
2026-05-21 07:00:00,0.36,0.3623,0.359,0.3614,104372.44
2026-05-21 08:00:00,0.3614,0.364,0.3612,0.3616,226032.57
2026-05-21 09:00:00,0.3616,0.362,0.3576,0.3577,547966.11
2026-05-21 10:00:00,0.3576,0.3585,0.3526,0.354,627773.37
2026-05-21 11:00:00,0.354,0.3558,0.3532,0.3541,121501.62
2026-05-21 12:00:00,0.3542,0.3551,0.353,0.3541,194413.41
2026-05-21 13:00:00,0.354,0.3555,0.3514,0.355,406695.81
2026-05-21 14:00:00,0.355,0.3558,0.3523,0.3534,239988.62
2026-05-21 15:00:00,0.3533,0.358,0.3514,0.3556,422998.57
2026-05-21 16:00:00,0.3556,0.3568,0.354,0.355,97324.71
2026-05-21 17:00:00,0.3551,0.3626,0.3544,0.361,402837.77
2026-05-21 18:00:00,0.3609,0.3619,0.3559,0.3575,209349.17
2026-05-21 19:00:00,0.3576,0.3612,0.357,0.3601,179526.19
2026-05-21 20:00:00,0.3601,0.3612,0.3593,0.3599,76440.36
2026-05-21 21:00:00,0.36,0.3607,0.3576,0.3579,543735.74
2026-05-21 22:00:00,0.3579,0.3586,0.3567,0.357,171365.9
2026-05-21 23:00:00,0.357,0.3585,0.3555,0.3579,109368.05
2026-05-22 00:00:00,0.3579,0.3579,0.3538,0.3539,304907.5
2026-05-22 01:00:00,0.3538,0.3554,0.353,0.355,139150.94
2026-05-22 02:00:00,0.3551,0.3564,0.3549,0.3558,175117.31
2026-05-22 03:00:00,0.3558,0.3581,0.3557,0.3574,304201.21
2026-05-22 04:00:00,0.3574,0.3595,0.3571,0.3581,101749.86
2026-05-22 05:00:00,0.358,0.3595,0.3567,0.3573,135987.15
2026-05-22 06:00:00,0.3572,0.3573,0.355,0.3552,169315.77
2026-05-22 07:00:00,0.3551,0.3578,0.3538,0.3563,198114.71
2026-05-22 08:00:00,0.3563,0.3594,0.356,0.3577,132242.75
2026-05-22 09:00:00,0.3576,0.3594,0.3567,0.3574,242156.2
2026-05-22 10:00:00,0.3573,0.3589,0.3565,0.3577,250725.61
2026-05-22 11:00:00,0.3578,0.3615,0.3574,0.3615,632978.9
2026-05-22 12:00:00,0.3615,0.3662,0.361,0.3662,460807.25
2026-05-22 13:00:00,0.3662,0.3662,0.3615,0.3635,1148981.31
2026-05-22 14:00:00,0.3635,0.3635,0.356,0.3575,750955.02
2026-05-22 15:00:00,0.3574,0.3584,0.354,0.3569,546190.04
2026-05-22 16:00:00,0.3568,0.3581,0.3552,0.3573,300142.92
2026-05-22 17:00:00,0.3572,0.3592,0.3553,0.3566,444213.66
2026-05-22 18:00:00,0.3566,0.3566,0.3435,0.3482,1429399.28
2026-05-22 19:00:00,0.3482,0.3482,0.34,0.3434,1991702.98
2026-05-22 20:00:00,0.3435,0.3467,0.3435,0.3464,536047.22
2026-05-22 21:00:00,0.3463,0.3482,0.3461,0.347,192830.52
2026-05-22 22:00:00,0.347,0.3473,0.3443,0.3454,238492.22
2026-05-22 23:00:00,0.3454,0.3469,0.3388,0.3408,682680.57
2026-05-23 00:00:00,0.3409,0.3423,0.3381,0.342,706071.66
2026-05-23 01:00:00,0.342,0.3431,0.3406,0.3421,124886.53
2026-05-23 02:00:00,0.3422,0.3433,0.3416,0.3433,75969.99
2026-05-23 03:00:00,0.3432,0.3439,0.3429,0.343,32779.91
2026-05-23 04:00:00,0.343,0.3432,0.3413,0.3413,108192.61
2026-05-23 05:00:00,0.3415,0.3421,0.3395,0.3404,109579.67
2026-05-23 06:00:00,0.3404,0.3407,0.3384,0.3392,88479.59
2026-05-23 07:00:00,0.3393,0.3397,0.3253,0.3307,1589823.51
2026-05-23 08:00:00,0.3306,0.3321,0.3281,0.332,454917.34
2026-05-23 09:00:00,0.3319,0.3325,0.3303,0.3305,223746.67
2026-05-23 10:00:00,0.3305,0.3324,0.3305,0.332,128546.89
2026-05-23 11:00:00,0.332,0.3326,0.3313,0.3316,80349.3
2026-05-23 12:00:00,0.3316,0.3342,0.3307,0.3337,132279.78
2026-05-23 13:00:00,0.3337,0.3379,0.3337,0.3372,312972.11
2026-05-23 14:00:00,0.3373,0.341,0.3365,0.3405,243521.51
2026-05-23 15:00:00,0.3405,0.3426,0.3403,0.3418,317577.61
2026-05-23 16:00:00,0.3418,0.343,0.34,0.3423,246707.39
2026-05-23 17:00:00,0.3424,0.3428,0.3403,0.3411,107827.87
2026-05-23 18:00:00,0.3411,0.347,0.3411,0.345,314234.22
2026-05-23 19:00:00,0.345,0.3459,0.3439,0.3451,100288.31
2026-05-23 20:00:00,0.3452,0.3565,0.3447,0.3565,514314.08
2026-05-23 21:00:00,0.3566,0.3587,0.3512,0.3526,348296.28
2026-05-23 22:00:00,0.3527,0.3538,0.3479,0.3499,168482.53
2026-05-23 23:00:00,0.3499,0.351,0.3492,0.3508,124813.02
2026-05-24 00:00:00,0.3508,0.3513,0.3493,0.3504,171151.38
2026-05-24 01:00:00,0.3504,0.351,0.35,0.3503,120376.23
2026-05-24 02:00:00,0.3503,0.3509,0.349,0.3501,119846.75
2026-05-24 03:00:00,0.35,0.352,0.348,0.3491,481907.8
2026-05-24 04:00:00,0.3491,0.3502,0.3488,0.3496,103624.59
2026-05-24 05:00:00,0.3495,0.3502,0.3483,0.3499,160505.62
2026-05-24 06:00:00,0.3499,0.3525,0.3496,0.3521,1378949.32
2026-05-24 07:00:00,0.3521,0.3527,0.3495,0.3495,334499.71
2026-05-24 08:00:00,0.3496,0.3506,0.3491,0.35,249749.27
2026-05-24 09:00:00,0.3499,0.3516,0.3499,0.3515,316288.97
2026-05-24 10:00:00,0.3513,0.3527,0.3486,0.3493,533795.03
2026-05-24 11:00:00,0.3494,0.3504,0.349,0.3499,240840.43
2026-05-24 12:00:00,0.35,0.3501,0.347,0.348,242824.0
2026-05-24 13:00:00,0.3481,0.3493,0.3426,0.3442,697832.25
2026-05-24 14:00:00,0.3442,0.3452,0.3374,0.3427,976446.69
2026-05-24 15:00:00,0.3427,0.3433,0.3417,0.3422,353916.8
2026-05-24 16:00:00,0.3422,0.3446,0.3418,0.3441,259653.8
2026-05-24 17:00:00,0.3441,0.3449,0.343,0.3439,125630.97
2026-05-24 18:00:00,0.3439,0.3456,0.3432,0.344,135458.97
2026-05-24 19:00:00,0.344,0.3444,0.3422,0.343,46638.03
2026-05-24 20:00:00,0.3431,0.3434,0.3408,0.341,117500.2
2026-05-24 21:00:00,0.341,0.3421,0.3348,0.3357,281449.57
2026-05-24 22:00:00,0.3357,0.3418,0.3356,0.3402,257865.92
2026-05-24 23:00:00,0.3403,0.3426,0.3403,0.3418,55068.08
2026-05-25 00:00:00,0.3417,0.345,0.3417,0.3437,375794.44
2026-05-25 01:00:00,0.3438,0.3452,0.3415,0.3418,227090.42
2026-05-25 02:00:00,0.3419,0.3449,0.3417,0.3427,187330.94
2026-05-25 03:00:00,0.3427,0.3433,0.342,0.3425,122552.09
2026-05-25 04:00:00,0.3425,0.3463,0.3421,0.3457,156255.27
2026-05-25 05:00:00,0.3457,0.3475,0.3457,0.3466,152039.36
2026-05-25 06:00:00,0.3466,0.3486,0.3447,0.3474,299982.73
2026-05-25 07:00:00,0.3474,0.349,0.3458,0.347,248044.59
2026-05-25 08:00:00,0.347,0.3476,0.346,0.3471,137219.3
2026-05-25 09:00:00,0.3471,0.3474,0.3465,0.3465,207045.62
2026-05-25 10:00:00,0.3465,0.3485,0.3465,0.3477,141592.41
2026-05-25 11:00:00,0.3478,0.3484,0.3459,0.3461,248937.76
2026-05-25 12:00:00,0.3462,0.3476,0.3451,0.3468,312464.57
2026-05-25 13:00:00,0.3467,0.3482,0.3464,0.3481,224785.77
2026-05-25 14:00:00,0.3481,0.3512,0.3481,0.3504,505169.9
2026-05-25 15:00:00,0.3505,0.3527,0.3488,0.3502,423712.19
2026-05-25 16:00:00,0.3502,0.3532,0.3496,0.3531,242545.56
2026-05-25 17:00:00,0.3531,0.3537,0.3512,0.3522,373639.93
2026-05-25 18:00:00,0.3522,0.3533,0.3501,0.3502,137733.0
2026-05-25 19:00:00,0.3501,0.3509,0.3488,0.3506,147486.2
2026-05-25 20:00:00,0.3505,0.3524,0.348,0.3484,136524.4
2026-05-25 21:00:00,0.3484,0.3497,0.3479,0.3488,67532.58
2026-05-25 22:00:00,0.3488,0.3488,0.345,0.3453,123620.03
2026-05-25 23:00:00,0.3452,0.3468,0.3449,0.3464,64344.73
2026-05-26 00:00:00,0.3464,0.3468,0.3411,0.3437,373459.54
2026-05-26 01:00:00,0.3436,0.3436,0.3401,0.3416,308187.89
2026-05-26 02:00:00,0.3416,0.3419,0.3403,0.341,191139.4
2026-05-26 03:00:00,0.3409,0.3417,0.3398,0.3417,165052.41
2026-05-26 04:00:00,0.3417,0.3438,0.3412,0.3427,427668.28
2026-05-26 05:00:00,0.3427,0.3459,0.342,0.3447,225776.56
2026-05-26 06:00:00,0.3446,0.3454,0.3416,0.3445,313989.27
2026-05-26 07:00:00,0.3445,0.3447,0.3419,0.3433,198269.1
2026-05-26 08:00:00,0.3433,0.3452,0.3431,0.3448,265174.06
2026-05-26 09:00:00,0.3448,0.3462,0.344,0.3452,204368.31
2026-05-26 10:00:00,0.3453,0.3518,0.3442,0.3509,563625.71
2026-05-26 11:00:00,0.3508,0.3522,0.3494,0.3503,517030.87
2026-05-26 12:00:00,0.3503,0.3529,0.3485,0.352,362872.29
2026-05-26 13:00:00,0.352,0.3526,0.348,0.3515,483842.17
2026-05-26 14:00:00,0.3515,0.3578,0.3494,0.3516,1033351.23
2026-05-26 15:00:00,0.3516,0.352,0.3453,0.3481,399283.05
2026-05-26 16:00:00,0.3481,0.3481,0.3433,0.3453,375821.87
2026-05-26 17:00:00,0.3453,0.3462,0.338,0.3405,390619.84
2026-05-26 18:00:00,0.3404,0.3436,0.3393,0.3398,591093.11
2026-05-26 19:00:00,0.3398,0.3415,0.3385,0.3409,135371.06
2026-05-26 20:00:00,0.341,0.3422,0.3406,0.3417,114863.01
2026-05-26 21:00:00,0.3417,0.3419,0.3393,0.3397,99342.85
2026-05-26 22:00:00,0.3398,0.3419,0.3396,0.3415,139805.36
2026-05-26 23:00:00,0.3416,0.3438,0.3416,0.3419,176017.69
2026-05-27 00:00:00,0.3419,0.345,0.3419,0.345,700283.55
2026-05-27 01:00:00,0.345,0.3455,0.3416,0.3418,213321.86
2026-05-27 02:00:00,0.3419,0.3424,0.3393,0.3424,208360.32
2026-05-27 03:00:00,0.3424,0.3433,0.34,0.3405,188006.47
2026-05-27 04:00:00,0.3404,0.341,0.3365,0.3402,314694.05
2026-05-27 05:00:00,0.3401,0.3426,0.3396,0.3422,153601.7
2026-05-27 06:00:00,0.3422,0.3444,0.3416,0.3443,304568.64
2026-05-27 07:00:00,0.3444,0.3448,0.3421,0.3435,214897.6
2026-05-27 08:00:00,0.3434,0.3452,0.341,0.3415,335273.6
2026-05-27 09:00:00,0.3415,0.3415,0.3397,0.3399,196903.52
2026-05-27 10:00:00,0.3398,0.3411,0.3392,0.3402,171185.24
2026-05-27 11:00:00,0.3401,0.3415,0.3395,0.3395,128389.01
2026-05-27 12:00:00,0.3394,0.3442,0.3382,0.3421,544701.25
2026-05-27 13:00:00,0.3421,0.3423,0.3363,0.3395,641808.56
2026-05-27 14:00:00,0.3395,0.3414,0.337,0.3408,522626.56
2026-05-27 15:00:00,0.3408,0.3459,0.3405,0.344,559314.81
2026-05-27 16:00:00,0.3441,0.3451,0.3416,0.3433,273228.99
2026-05-27 17:00:00,0.3432,0.3432,0.3378,0.339,258685.16
2026-05-27 18:00:00,0.3389,0.3419,0.337,0.3417,141212.33
2026-05-27 19:00:00,0.3417,0.3429,0.3411,0.3417,117018.16
2026-05-27 20:00:00,0.3417,0.3427,0.3407,0.3423,67723.41
2026-05-27 21:00:00,0.3423,0.3423,0.3305,0.3324,424623.33
2026-05-27 22:00:00,0.3324,0.3338,0.3298,0.3313,434463.42
2026-05-27 23:00:00,0.3313,0.3326,0.3294,0.3318,370506.32
2026-05-28 00:00:00,0.3317,0.3327,0.3303,0.3317,287798.88
2026-05-28 01:00:00,0.3317,0.332,0.3265,0.3291,725336.87
2026-05-28 02:00:00,0.3292,0.3303,0.3283,0.3294,438595.73
2026-05-28 03:00:00,0.3294,0.3295,0.3172,0.3184,1968503.67
2026-05-28 04:00:00,0.3184,0.3186,0.3124,0.318,1751922.5
2026-05-28 05:00:00,0.3179,0.3183,0.3135,0.3148,550600.42
2026-05-28 06:00:00,0.3148,0.3168,0.3139,0.3162,469098.31
2026-05-28 07:00:00,0.3162,0.319,0.3158,0.3182,449911.96
2026-05-28 08:00:00,0.3183,0.3184,0.315,0.3152,347409.1
2026-05-28 09:00:00,0.3153,0.3171,0.3149,0.3169,280041.91
2026-05-28 10:00:00,0.317,0.3182,0.3132,0.3134,357088.8
2026-05-28 11:00:00,0.3135,0.3145,0.312,0.3142,291281.62
2026-05-28 12:00:00,0.3142,0.3175,0.3128,0.3175,312718.62
2026-05-28 13:00:00,0.3175,0.3186,0.3152,0.3177,808526.72
2026-05-28 14:00:00,0.3175,0.3202,0.3129,0.3183,577013.01
2026-05-28 15:00:00,0.3184,0.3198,0.3153,0.3189,159924.82
2026-05-28 16:00:00,0.3188,0.3233,0.3179,0.323,148075.54
2026-05-28 17:00:00,0.3231,0.3265,0.3224,0.3258,165315.45
2026-05-28 18:00:00,0.3257,0.328,0.3255,0.3267,77881.84
2026-05-28 19:00:00,0.3267,0.3269,0.3241,0.3241,110003.78
2026-05-28 20:00:00,0.3242,0.3274,0.3223,0.3258,167606.25
2026-05-28 21:00:00,0.3258,0.3298,0.3256,0.3274,109176.43
2026-05-28 22:00:00,0.3274,0.3279,0.324,0.3244,86191.93
2026-05-28 23:00:00,0.3244,0.3259,0.3239,0.3254,85676.95
2026-05-29 00:00:00,0.3254,0.3266,0.325,0.3252,331180.15
2026-05-29 01:00:00,0.3253,0.3263,0.3235,0.3242,324165.57
2026-05-29 02:00:00,0.3242,0.3248,0.3209,0.3216,252073.74
2026-05-29 03:00:00,0.3217,0.3243,0.3216,0.3223,139795.74
2026-05-29 04:00:00,0.3224,0.3243,0.3206,0.3243,175075.07
2026-05-29 05:00:00,0.3244,0.3254,0.3233,0.3244,336209.28
2026-05-29 06:00:00,0.3243,0.3267,0.3239,0.3264,235930.71
2026-05-29 07:00:00,0.3263,0.327,0.323,0.3244,259712.66
2026-05-29 08:00:00,0.3243,0.3263,0.324,0.3243,214609.3
2026-05-29 09:00:00,0.3244,0.3266,0.3242,0.3263,285554.66
2026-05-29 10:00:00,0.3262,0.3263,0.3236,0.3238,323292.89
2026-05-29 11:00:00,0.3237,0.3239,0.3195,0.321,424277.68
2026-05-29 12:00:00,0.321,0.3211,0.3178,0.3185,411058.66
2026-05-29 13:00:00,0.3184,0.3193,0.3157,0.318,611267.06
2026-05-29 14:00:00,0.3181,0.3209,0.3136,0.3195,1399345.1
2026-05-29 15:00:00,0.3195,0.3301,0.3192,0.327,1235457.21
2026-05-29 16:00:00,0.327,0.3281,0.3238,0.3264,453216.7
2026-05-29 17:00:00,0.3264,0.3284,0.3248,0.3252,323888.2
2026-05-29 18:00:00,0.3253,0.3265,0.3213,0.3224,245087.23
2026-05-29 19:00:00,0.3225,0.3234,0.3196,0.3215,159256.52
2026-05-29 20:00:00,0.3215,0.3227,0.3204,0.321,89146.89
2026-05-29 21:00:00,0.3211,0.323,0.3177,0.3184,250900.43
2026-05-29 22:00:00,0.3183,0.3206,0.3178,0.3199,131621.88
2026-05-29 23:00:00,0.3199,0.3207,0.3189,0.3193,164217.44
2026-05-30 00:00:00,0.3194,0.321,0.3188,0.3208,239428.59
2026-05-30 01:00:00,0.3208,0.3227,0.32,0.3225,278843.28
2026-05-30 02:00:00,0.3226,0.3242,0.3223,0.3242,212825.39
2026-05-30 03:00:00,0.3242,0.3254,0.321,0.3214,317268.76
2026-05-30 04:00:00,0.3215,0.3222,0.3181,0.3213,491420.5
2026-05-30 05:00:00,0.3212,0.3235,0.3202,0.3228,317102.59
2026-05-30 06:00:00,0.3228,0.3238,0.3218,0.322,233755.67
2026-05-30 07:00:00,0.322,0.322,0.3207,0.3217,119404.68
2026-05-30 08:00:00,0.3216,0.3218,0.3205,0.3206,121651.75
2026-05-30 09:00:00,0.3205,0.3226,0.3204,0.3211,220997.95
2026-05-30 10:00:00,0.3212,0.3223,0.321,0.321,160014.38
2026-05-30 11:00:00,0.321,0.3218,0.3205,0.321,237480.52
2026-05-30 12:00:00,0.3209,0.3218,0.3207,0.3215,130603.79
2026-05-30 13:00:00,0.3216,0.3221,0.3196,0.3212,175084.68
2026-05-30 14:00:00,0.3212,0.3228,0.3208,0.322,317080.87
2026-05-30 15:00:00,0.3221,0.324,0.32,0.3214,395542.31
2026-05-30 16:00:00,0.3215,0.3234,0.3214,0.3234,178711.17
2026-05-30 17:00:00,0.3235,0.3241,0.3215,0.3239,197368.54
2026-05-30 18:00:00,0.3239,0.3259,0.3239,0.3254,206559.24
2026-05-30 19:00:00,0.3253,0.3254,0.3237,0.3251,132201.54
2026-05-30 20:00:00,0.3252,0.3269,0.3252,0.3261,130005.11
2026-05-30 21:00:00,0.3262,0.3286,0.3259,0.3267,176256.45
2026-05-30 22:00:00,0.3267,0.3267,0.3236,0.324,323555.05
2026-05-30 23:00:00,0.3241,0.325,0.3226,0.3243,157307.69
2026-05-31 00:00:00,0.3243,0.3253,0.3233,0.3247,182641.78
2026-05-31 01:00:00,0.3248,0.326,0.3245,0.3251,185541.87
2026-05-31 02:00:00,0.325,0.3279,0.3247,0.3263,186543.35
2026-05-31 03:00:00,0.3263,0.3286,0.3263,0.3279,217625.9
2026-05-31 04:00:00,0.3278,0.3288,0.3273,0.3283,181374.02
2026-05-31 05:00:00,0.3283,0.3283,0.3263,0.3265,175078.56
2026-05-31 06:00:00,0.3265,0.3266,0.3256,0.3259,80609.74
2026-05-31 07:00:00,0.3258,0.3258,0.3224,0.324,169667.3
2026-05-31 08:00:00,0.3239,0.3251,0.323,0.3241,121983.84
2026-05-31 09:00:00,0.324,0.3255,0.3233,0.3237,162593.7
2026-05-31 10:00:00,0.3235,0.3243,0.3218,0.3234,266537.69
2026-05-31 11:00:00,0.3235,0.3242,0.3228,0.3232,177628.59
2026-05-31 12:00:00,0.3232,0.3246,0.3225,0.3241,119486.31
2026-05-31 13:00:00,0.3241,0.3247,0.3237,0.3239,211486.03
2026-05-31 14:00:00,0.3238,0.325,0.3213,0.3219,772849.88
2026-05-31 15:00:00,0.3219,0.3247,0.3214,0.3219,301540.15
2026-05-31 16:00:00,0.3218,0.3225,0.3181,0.3187,363754.31
2026-05-31 17:00:00,0.3186,0.3213,0.3177,0.3212,197923.72
2026-05-31 18:00:00,0.3212,0.3212,0.3196,0.3206,217224.95
2026-05-31 19:00:00,0.3206,0.3207,0.318,0.3204,161910.07
2026-05-31 20:00:00,0.3204,0.3237,0.3204,0.323,215414.61
2026-05-31 21:00:00,0.3231,0.3252,0.3227,0.3251,161164.48
2026-05-31 22:00:00,0.3251,0.3323,0.3251,0.328,610227.59
2026-05-31 23:00:00,0.3279,0.3299,0.325,0.3279,320725.75
2026-06-01 00:00:00,0.3279,0.3325,0.3275,0.3296,791292.5
2026-06-01 01:00:00,0.3297,0.3298,0.3246,0.3246,575056.77
2026-06-01 02:00:00,0.3245,0.3296,0.3235,0.329,458987.67
2026-06-01 03:00:00,0.329,0.3313,0.329,0.3299,380496.17
2026-06-01 04:00:00,0.3299,0.3314,0.3252,0.3276,435795.73
2026-06-01 05:00:00,0.3275,0.3277,0.3244,0.3254,369373.37
2026-06-01 06:00:00,0.3254,0.326,0.3211,0.3233,599391.49
2026-06-01 07:00:00,0.3233,0.3243,0.3208,0.3214,369132.97
2026-06-01 08:00:00,0.3214,0.3238,0.3206,0.3232,435609.73
2026-06-01 09:00:00,0.3233,0.325,0.3224,0.3242,328657.22
2026-06-01 10:00:00,0.3243,0.3255,0.323,0.3248,129299.16
2026-06-01 11:00:00,0.3249,0.326,0.3231,0.3239,116629.3
2026-06-01 12:00:00,0.324,0.3256,0.3208,0.3244,313315.44
2026-06-01 13:00:00,0.3244,0.3244,0.3191,0.3214,864529.6
2026-06-01 14:00:00,0.3215,0.3228,0.3195,0.3204,465346.48
2026-06-01 15:00:00,0.3205,0.323,0.318,0.3221,412318.57
2026-06-01 16:00:00,0.3221,0.3271,0.32,0.3266,393898.94
2026-06-01 17:00:00,0.3266,0.331,0.3265,0.3298,451533.56
2026-06-01 18:00:00,0.3297,0.3315,0.3279,0.3289,237343.04
2026-06-01 19:00:00,0.3289,0.331,0.3279,0.3306,165678.56
2026-06-01 20:00:00,0.3307,0.333,0.3294,0.3318,212354.18
2026-06-01 21:00:00,0.3318,0.332,0.328,0.33,307077.74
2026-06-01 22:00:00,0.3299,0.3326,0.3275,0.3321,224948.56
2026-06-01 23:00:00,0.3323,0.335,0.3315,0.3331,291859.28
2026-06-02 00:00:00,0.3332,0.3334,0.3299,0.3305,346999.5
2026-06-02 01:00:00,0.3306,0.3307,0.326,0.3261,616253.56
2026-06-02 02:00:00,0.326,0.3286,0.3217,0.3286,733140.26
2026-06-02 03:00:00,0.3287,0.3317,0.3283,0.3314,185280.66
2026-06-02 04:00:00,0.3314,0.3329,0.3292,0.3298,204127.97
2026-06-02 05:00:00,0.3298,0.331,0.327,0.3272,293672.65
2026-06-02 06:00:00,0.3272,0.328,0.3239,0.3248,700076.89
2026-06-02 07:00:00,0.3249,0.3269,0.3215,0.3252,326749.02
2026-06-02 08:00:00,0.3253,0.3261,0.3236,0.3247,258148.05
2026-06-02 09:00:00,0.3248,0.325,0.3215,0.3222,208185.48
2026-06-02 10:00:00,0.3223,0.3255,0.3213,0.3254,282344.76
2026-06-02 11:00:00,0.3254,0.3254,0.322,0.3233,178289.87
2026-06-02 12:00:00,0.3232,0.3254,0.3224,0.3245,245715.13
2026-06-02 13:00:00,0.3245,0.3268,0.3234,0.3239,283403.75
2026-06-02 14:00:00,0.3239,0.324,0.31,0.3136,1476116.46
2026-06-02 15:00:00,0.3136,0.3138,0.3004,0.3045,1613937.59
2026-06-02 16:00:00,0.3046,0.3125,0.3037,0.3066,1087436.93
2026-06-02 17:00:00,0.3066,0.3102,0.3066,0.3086,373738.86
2026-06-02 18:00:00,0.3086,0.3106,0.3039,0.3054,311785.74
2026-06-02 19:00:00,0.3054,0.3062,0.2971,0.3039,714132.33
2026-06-02 20:00:00,0.304,0.3065,0.3012,0.3057,391437.99
2026-06-02 21:00:00,0.3057,0.3093,0.3051,0.3065,246054.91
2026-06-02 22:00:00,0.3066,0.3067,0.2945,0.2955,721813.14
2026-06-02 23:00:00,0.2956,0.3032,0.2923,0.3024,1207458.52
2026-06-03 00:00:00,0.3024,0.3054,0.3015,0.3044,665431.44
2026-06-03 01:00:00,0.3044,0.3048,0.3014,0.304,525932.47
2026-06-03 02:00:00,0.3041,0.3046,0.3021,0.3031,352430.78
2026-06-03 03:00:00,0.303,0.304,0.297,0.2984,874892.05
2026-06-03 04:00:00,0.2983,0.3042,0.2983,0.3041,753456.64
2026-06-03 05:00:00,0.3042,0.311,0.3042,0.3105,550133.5
2026-06-03 06:00:00,0.3106,0.313,0.3086,0.3095,1428452.46
2026-06-03 07:00:00,0.3095,0.3118,0.3088,0.3106,380993.29
2026-06-03 08:00:00,0.3106,0.3124,0.3096,0.3112,351487.81
2026-06-03 09:00:00,0.3113,0.3122,0.3086,0.3103,319907.69
2026-06-03 10:00:00,0.3104,0.314,0.3104,0.3138,407035.12
2026-06-03 11:00:00,0.3137,0.315,0.3113,0.3124,322067.59
2026-06-03 12:00:00,0.3125,0.3131,0.3104,0.3127,619153.31
2026-06-03 13:00:00,0.3127,0.3141,0.3098,0.312,936180.16
2026-06-03 14:00:00,0.312,0.3123,0.3095,0.312,529551.63
2026-06-03 15:00:00,0.312,0.3121,0.3085,0.3093,1040585.42
2026-06-03 16:00:00,0.3094,0.31,0.2999,0.3051,1175870.42
2026-06-03 17:00:00,0.3052,0.3077,0.3013,0.3059,621239.59
2026-06-03 18:00:00,0.3059,0.3079,0.3033,0.3046,476779.8
2026-06-03 19:00:00,0.3046,0.305,0.2993,0.3006,738233.97
2026-06-03 20:00:00,0.3004,0.3007,0.2916,0.2929,1646060.89
2026-06-03 21:00:00,0.293,0.306,0.2922,0.3055,732651.71
2026-06-03 22:00:00,0.3055,0.306,0.2991,0.3,612905.81
2026-06-03 23:00:00,0.3,0.3003,0.297,0.297,504160.16
2026-06-04 00:00:00,0.2969,0.2993,0.2891,0.2909,1875815.57
2026-06-04 01:00:00,0.2909,0.2923,0.2794,0.2802,4082642.67
2026-06-04 02:00:00,0.2803,0.2808,0.2662,0.2792,3733764.25
2026-06-04 03:00:00,0.2792,0.2889,0.2792,0.2876,1058747.14
2026-06-04 04:00:00,0.2877,0.2896,0.2861,0.2869,434701.66
2026-06-04 05:00:00,0.2869,0.2869,0.2813,0.2844,538933.79
2026-06-04 06:00:00,0.2843,0.2899,0.2839,0.2863,766709.11
2026-06-04 07:00:00,0.2864,0.2866,0.2814,0.2817,549255.83
2026-06-04 08:00:00,0.2817,0.2831,0.2782,0.2803,460435.09
2026-06-04 09:00:00,0.2803,0.2803,0.2719,0.2777,902660.47
2026-06-04 10:00:00,0.2777,0.2784,0.272,0.2726,734733.98
2026-06-04 11:00:00,0.2726,0.2761,0.271,0.2761,443228.51
2026-06-04 12:00:00,0.2762,0.2839,0.2736,0.2834,712811.5
2026-06-04 13:00:00,0.2835,0.2842,0.2755,0.2793,774761.64
2026-06-04 14:00:00,0.2794,0.2828,0.2783,0.2815,516742.32
2026-06-04 15:00:00,0.2815,0.2868,0.2815,0.284,487773.43
2026-06-04 16:00:00,0.284,0.2861,0.282,0.2847,269290.45
2026-06-04 17:00:00,0.2846,0.2852,0.2781,0.2807,402089.77
2026-06-04 18:00:00,0.2808,0.2851,0.2774,0.2833,303243.26
2026-06-04 19:00:00,0.2832,0.2852,0.2804,0.2816,240181.25
2026-06-04 20:00:00,0.2817,0.2818,0.278,0.2794,214460.26
2026-06-04 21:00:00,0.2793,0.281,0.272,0.2726,259978.08
2026-06-04 22:00:00,0.2725,0.2761,0.2714,0.2755,399243.6
2026-06-04 23:00:00,0.2754,0.2773,0.2736,0.2768,242914.92
2026-06-05 00:00:00,0.2768,0.2782,0.2738,0.2738,825085.71
2026-06-05 01:00:00,0.2737,0.2753,0.2692,0.2736,1574877.05
2026-06-05 02:00:00,0.2736,0.2737,0.2663,0.2669,1243033.15
2026-06-05 03:00:00,0.267,0.271,0.2651,0.2677,772153.36
2026-06-05 04:00:00,0.2678,0.2737,0.2665,0.2728,592695.22
2026-06-05 05:00:00,0.2729,0.2735,0.2622,0.263,737820.48
2026-06-05 06:00:00,0.2631,0.2637,0.2492,0.2584,2378343.34
2026-06-05 07:00:00,0.2584,0.2632,0.2536,0.2631,662530.41
2026-06-05 08:00:00,0.2632,0.2632,0.2584,0.259,374082.36
2026-06-05 09:00:00,0.2591,0.2654,0.2591,0.2641,473226.58
2026-06-05 10:00:00,0.2642,0.2649,0.2584,0.2597,401718.6
2026-06-05 11:00:00,0.2597,0.2611,0.2575,0.2587,393466.58
2026-06-05 12:00:00,0.2588,0.26,0.254,0.2562,1289428.82
2026-06-05 13:00:00,0.2563,0.2617,0.2523,0.2524,1078829.64
2026-06-05 14:00:00,0.2523,0.2614,0.2509,0.2565,985331.17
2026-06-05 15:00:00,0.2565,0.2574,0.25,0.2524,908256.77
2026-06-05 16:00:00,0.2523,0.2656,0.2496,0.2644,6123610.71
2026-06-05 17:00:00,0.2644,0.269,0.2604,0.2623,2242320.49
2026-06-05 18:00:00,0.2624,0.2631,0.2515,0.2519,814988.02
2026-06-05 19:00:00,0.2518,0.257,0.248,0.255,1461126.14
2026-06-05 20:00:00,0.2549,0.2622,0.252,0.2615,598083.09
2026-06-05 21:00:00,0.2614,0.2645,0.2609,0.2627,296147.24
2026-06-05 22:00:00,0.2626,0.2627,0.2582,0.2599,366701.45
2026-06-05 23:00:00,0.26,0.2615,0.2536,0.2584,494262.96
2026-06-06 00:00:00,0.2583,0.2607,0.2581,0.2597,671093.48
2026-06-06 01:00:00,0.2597,0.2606,0.2568,0.2575,567020.13
2026-06-06 02:00:00,0.2574,0.2576,0.2551,0.2553,640732.53
2026-06-06 03:00:00,0.2552,0.2557,0.2517,0.2546,1106631.93
2026-06-06 04:00:00,0.2544,0.2557,0.2425,0.2452,1256062.88
2026-06-06 05:00:00,0.2453,0.2551,0.2422,0.2548,773319.78
2026-06-06 06:00:00,0.2549,0.2577,0.254,0.2544,304034.74
2026-06-06 07:00:00,0.2545,0.2585,0.254,0.2571,263689.28
2026-06-06 08:00:00,0.2571,0.2621,0.2566,0.2615,280188.04
2026-06-06 09:00:00,0.2614,0.2625,0.2575,0.2582,230819.17
2026-06-06 10:00:00,0.2582,0.2582,0.2534,0.256,371742.59
2026-06-06 11:00:00,0.2559,0.2597,0.2551,0.2589,360014.12
2026-06-06 12:00:00,0.2589,0.2623,0.2574,0.261,402201.6
2026-06-06 13:00:00,0.2609,0.2609,0.2579,0.2589,193866.07
2026-06-06 14:00:00,0.2589,0.2604,0.2582,0.2582,187256.01
2026-06-06 15:00:00,0.2583,0.2589,0.2546,0.2567,203430.16
2026-06-06 16:00:00,0.2566,0.2591,0.2553,0.2581,323644.05
2026-06-06 17:00:00,0.2581,0.2585,0.2541,0.2545,201977.7
2026-06-06 18:00:00,0.2545,0.2575,0.2539,0.2559,180502.67
2026-06-06 19:00:00,0.2558,0.2573,0.254,0.2541,148430.16
2026-06-06 20:00:00,0.2541,0.2545,0.2529,0.2541,132559.39
2026-06-06 21:00:00,0.254,0.2564,0.254,0.255,105785.88
2026-06-06 22:00:00,0.2549,0.256,0.254,0.2553,86259.03
2026-06-06 23:00:00,0.2553,0.2573,0.2547,0.2569,148623.25
2026-06-07 00:00:00,0.2569,0.2579,0.256,0.2564,284337.09
2026-06-07 01:00:00,0.2564,0.2628,0.2564,0.262,658662.14
2026-06-07 02:00:00,0.2621,0.2638,0.261,0.2635,568576.46
2026-06-07 03:00:00,0.2634,0.2645,0.2629,0.2642,491135.2
2026-06-07 04:00:00,0.2642,0.2664,0.2621,0.2658,412101.9
2026-06-07 05:00:00,0.2658,0.267,0.2642,0.2642,824797.5
2026-06-07 06:00:00,0.2642,0.2685,0.2628,0.2673,548516.99
2026-06-07 07:00:00,0.2673,0.2683,0.2665,0.268,161260.2
2026-06-07 08:00:00,0.2681,0.2726,0.267,0.2725,287374.79
2026-06-07 09:00:00,0.2726,0.2731,0.2688,0.2698,600402.87
2026-06-07 10:00:00,0.2698,0.2702,0.2671,0.2671,265966.1
2026-06-07 11:00:00,0.2672,0.2694,0.2667,0.2682,154139.13
2026-06-07 12:00:00,0.2682,0.2685,0.2625,0.2648,359974.01
2026-06-07 13:00:00,0.2648,0.2654,0.2639,0.2645,91318.29
2026-06-07 14:00:00,0.2645,0.2684,0.2642,0.2674,147767.64
2026-06-07 15:00:00,0.2674,0.2679,0.265,0.2663,199733.06
2026-06-07 16:00:00,0.2664,0.2674,0.2651,0.2663,183222.46
2026-06-07 17:00:00,0.2663,0.2679,0.2655,0.2664,288121.7
2026-06-07 18:00:00,0.2664,0.2675,0.265,0.2651,386350.35
2026-06-07 19:00:00,0.2652,0.2652,0.2593,0.2608,637002.87
2026-06-07 20:00:00,0.2607,0.2651,0.2601,0.2644,625219.59
2026-06-07 21:00:00,0.2645,0.2655,0.2631,0.2647,143430.95
2026-06-07 22:00:00,0.2648,0.2808,0.2646,0.2706,1240867.37
2026-06-07 23:00:00,0.2706,0.2725,0.2704,0.272,269198.34
2026-06-08 00:00:00,0.272,0.276,0.271,0.2746,757612.42
2026-06-08 01:00:00,0.2747,0.2749,0.2681,0.2707,1152427.38
2026-06-08 02:00:00,0.2708,0.2713,0.2689,0.2692,492089.42
2026-06-08 03:00:00,0.2693,0.2706,0.2683,0.269,236221.45
2026-06-08 04:00:00,0.2691,0.2694,0.2655,0.2658,194447.74
2026-06-08 05:00:00,0.2658,0.2664,0.2635,0.2654,154913.44
2026-06-08 06:00:00,0.2654,0.268,0.2654,0.2671,120993.3
2026-06-08 07:00:00,0.2671,0.2703,0.2663,0.2694,231270.28
2026-06-08 08:00:00,0.2693,0.2699,0.2669,0.2672,122885.3
2026-06-08 09:00:00,0.2672,0.2704,0.2667,0.2703,264445.48
2026-06-08 10:00:00,0.2703,0.2709,0.2682,0.2697,165981.45
2026-06-08 11:00:00,0.2697,0.2743,0.269,0.2726,316159.04
2026-06-08 12:00:00,0.2726,0.2755,0.2697,0.2748,416844.0
2026-06-08 13:00:00,0.2748,0.2748,0.2706,0.2715,594005.02
2026-06-08 14:00:00,0.2714,0.2727,0.2703,0.2726,462089.06
2026-06-08 15:00:00,0.2727,0.2747,0.2715,0.272,292459.76
2026-06-08 16:00:00,0.272,0.2743,0.2709,0.2713,227197.87
2026-06-08 17:00:00,0.2712,0.2726,0.2702,0.2725,180665.2
2026-06-08 18:00:00,0.2726,0.2731,0.2698,0.2703,104900.68
2026-06-08 19:00:00,0.2703,0.2714,0.2696,0.2698,218423.78
2026-06-08 20:00:00,0.2699,0.2701,0.2683,0.2698,156355.69
2026-06-08 21:00:00,0.2699,0.2725,0.2694,0.27,215265.98
2026-06-08 22:00:00,0.2699,0.2699,0.2675,0.2684,152561.45
2026-06-08 23:00:00,0.2685,0.2695,0.2654,0.2663,172078.93
2026-06-09 00:00:00,0.2663,0.2664,0.2604,0.261,962230.5
2026-06-09 01:00:00,0.2609,0.2633,0.2606,0.2626,527813.77
2026-06-09 02:00:00,0.2627,0.263,0.26,0.2623,374659.18
2026-06-09 03:00:00,0.2624,0.2629,0.2609,0.2628,363014.38
2026-06-09 04:00:00,0.2627,0.2667,0.2616,0.2654,493113.23
2026-06-09 05:00:00,0.2654,0.268,0.2649,0.2668,359260.35
2026-06-09 06:00:00,0.2668,0.2673,0.2655,0.2656,139892.91
2026-06-09 07:00:00,0.2657,0.2666,0.2641,0.2651,186990.26
2026-06-09 08:00:00,0.2651,0.2653,0.2628,0.2632,316573.38
2026-06-09 09:00:00,0.2632,0.2639,0.2612,0.2617,263332.26
2026-06-09 10:00:00,0.2618,0.2622,0.2606,0.2619,193571.3
2026-06-09 11:00:00,0.2618,0.2623,0.26,0.262,179101.81
2026-06-09 12:00:00,0.2618,0.2639,0.2617,0.2638,221217.24
2026-06-09 13:00:00,0.2638,0.2651,0.2621,0.2635,178651.94
2026-06-09 14:00:00,0.2634,0.264,0.2574,0.2608,592479.29
2026-06-09 15:00:00,0.2608,0.2612,0.2562,0.2569,274201.52
2026-06-09 16:00:00,0.2568,0.2581,0.2544,0.2578,512611.33
2026-06-09 17:00:00,0.2579,0.2618,0.2575,0.2603,334433.85
2026-06-09 18:00:00,0.2603,0.2626,0.2595,0.2616,141900.14
2026-06-09 19:00:00,0.2615,0.2631,0.2606,0.2621,172746.67
2026-06-09 20:00:00,0.2621,0.2637,0.2621,0.2634,106006.87
2026-06-09 21:00:00,0.2634,0.2636,0.2603,0.2605,110610.17
2026-06-09 22:00:00,0.2607,0.262,0.2591,0.2592,178812.4
2026-06-09 23:00:00,0.2593,0.261,0.2588,0.2604,141763.24
2026-06-10 00:00:00,0.2604,0.2619,0.2592,0.2615,283804.49
2026-06-10 01:00:00,0.2615,0.2624,0.2596,0.2607,483761.71
2026-06-10 02:00:00,0.2606,0.2609,0.2574,0.2583,328040.3
2026-06-10 03:00:00,0.2582,0.2601,0.2579,0.2591,228680.54
2026-06-10 04:00:00,0.2592,0.2604,0.2575,0.2579,366718.92
2026-06-10 05:00:00,0.258,0.2584,0.2564,0.2578,397545.0
2026-06-10 06:00:00,0.2577,0.2599,0.257,0.259,196425.82
2026-06-10 07:00:00,0.2589,0.2611,0.2587,0.2603,195455.38
2026-06-10 08:00:00,0.2603,0.2608,0.2581,0.2584,178521.14
2026-06-10 09:00:00,0.2584,0.2586,0.2556,0.2581,149312.31
2026-06-10 10:00:00,0.258,0.259,0.2569,0.2583,103462.69
2026-06-10 11:00:00,0.2584,0.2585,0.2548,0.2558,373508.76
2026-06-10 12:00:00,0.2558,0.2621,0.2553,0.2605,418580.35
2026-06-10 13:00:00,0.2604,0.2659,0.2601,0.2632,378059.81
2026-06-10 14:00:00,0.2632,0.2644,0.261,0.2628,388317.18
2026-06-10 15:00:00,0.2628,0.2648,0.2608,0.2638,365182.26
2026-06-10 16:00:00,0.2638,0.2644,0.2587,0.2604,415527.36
2026-06-10 17:00:00,0.2604,0.2616,0.257,0.2593,385249.68
2026-06-10 18:00:00,0.2594,0.2596,0.2562,0.2579,270648.97
2026-06-10 19:00:00,0.2579,0.2584,0.2546,0.2558,211256.02
2026-06-10 20:00:00,0.2557,0.2563,0.2537,0.2546,233842.32
2026-06-10 21:00:00,0.2546,0.2546,0.2508,0.2517,318210.88
2026-06-10 22:00:00,0.2517,0.2549,0.2506,0.2533,249870.05
2026-06-10 23:00:00,0.2533,0.2564,0.2525,0.2555,247669.69
2026-06-11 00:00:00,0.2555,0.2583,0.2555,0.2569,511203.44
2026-06-11 01:00:00,0.2569,0.2606,0.2569,0.2594,247634.47
2026-06-11 02:00:00,0.2595,0.26,0.2574,0.2588,95588.76
2026-06-11 03:00:00,0.2588,0.2637,0.258,0.2625,199326.14
2026-06-11 04:00:00,0.2625,0.2642,0.2619,0.2632,281181.81
2026-06-11 05:00:00,0.2631,0.2631,0.261,0.261,92912.11
2026-06-11 06:00:00,0.261,0.2635,0.2607,0.2619,158698.13
2026-06-11 07:00:00,0.2618,0.2627,0.2612,0.2617,164074.91
2026-06-11 08:00:00,0.2618,0.2648,0.2617,0.2646,288856.87
2026-06-11 09:00:00,0.2645,0.2646,0.2623,0.2635,227930.82
2026-06-11 10:00:00,0.2635,0.2642,0.2629,0.2636,140346.1
2026-06-11 11:00:00,0.2635,0.2656,0.263,0.2642,164785.11
2026-06-11 12:00:00,0.2641,0.2642,0.2601,0.2629,538848.52
2026-06-11 13:00:00,0.2628,0.2648,0.2618,0.2632,307107.71
2026-06-11 14:00:00,0.2632,0.2651,0.262,0.2635,291205.66
2026-06-11 15:00:00,0.2634,0.2646,0.2619,0.2646,253047.14
2026-06-11 16:00:00,0.2646,0.265,0.2629,0.263,155712.18
2026-06-11 17:00:00,0.263,0.2715,0.2613,0.2707,765797.7
2026-06-11 18:00:00,0.2707,0.2717,0.2678,0.2683,327907.06
2026-06-11 19:00:00,0.2682,0.2698,0.2672,0.268,330660.43
2026-06-11 20:00:00,0.2681,0.2686,0.2661,0.2675,178405.99
2026-06-11 21:00:00,0.2676,0.2722,0.2675,0.2688,1226232.79
2026-06-11 22:00:00,0.2688,0.2689,0.2673,0.2679,188086.18
2026-06-11 23:00:00,0.2678,0.2686,0.2666,0.2669,168912.98
2026-06-12 00:00:00,0.267,0.2681,0.2661,0.2662,149109.57
2026-06-12 01:00:00,0.2662,0.2664,0.2647,0.2659,200069.96
2026-06-12 02:00:00,0.266,0.267,0.2659,0.2662,103805.38
2026-06-12 03:00:00,0.2663,0.2664,0.2649,0.2655,183397.5
2026-06-12 04:00:00,0.2655,0.2665,0.2647,0.2657,116968.12
2026-06-12 05:00:00,0.2656,0.2656,0.2635,0.2643,182332.48
2026-06-12 06:00:00,0.2642,0.2647,0.2619,0.2627,113600.07
2026-06-12 07:00:00,0.2628,0.2647,0.2626,0.2642,110066.69
2026-06-12 08:00:00,0.2642,0.2664,0.2642,0.2655,60402.73
2026-06-12 09:00:00,0.2654,0.268,0.2651,0.2673,185118.55
2026-06-12 10:00:00,0.2673,0.2679,0.2651,0.2651,182415.09
2026-06-12 11:00:00,0.265,0.2657,0.264,0.2649,157562.19
2026-06-12 12:00:00,0.2648,0.2658,0.264,0.2648,204591.0
2026-06-12 13:00:00,0.2649,0.2649,0.2606,0.2621,452597.58
2026-06-12 14:00:00,0.2621,0.2659,0.2617,0.265,1028032.59
2026-06-12 15:00:00,0.265,0.2673,0.2615,0.2617,618264.61
2026-06-12 16:00:00,0.2617,0.265,0.2607,0.2644,505603.52
2026-06-12 17:00:00,0.2645,0.2656,0.2631,0.2637,149528.4
2026-06-12 18:00:00,0.2636,0.2645,0.2624,0.2632,235253.92
2026-06-12 19:00:00,0.2633,0.2653,0.2633,0.2637,133883.27
2026-06-12 20:00:00,0.2637,0.2645,0.2632,0.2634,131567.12
2026-06-12 21:00:00,0.2635,0.264,0.2616,0.2621,79084.9
2026-06-12 22:00:00,0.2622,0.2625,0.2604,0.2612,139147.68
2026-06-12 23:00:00,0.2611,0.2614,0.2602,0.2614,159799.91
2026-06-13 00:00:00,0.2615,0.2619,0.2606,0.2615,81347.2
2026-06-13 01:00:00,0.2614,0.2635,0.2612,0.2626,205823.36
2026-06-13 02:00:00,0.2626,0.2628,0.261,0.2612,104876.69
2026-06-13 03:00:00,0.2612,0.2615,0.257,0.2585,1151174.52
2026-06-13 04:00:00,0.2584,0.2593,0.2576,0.258,105024.07
2026-06-13 05:00:00,0.2581,0.2598,0.2581,0.2594,190439.61
2026-06-13 06:00:00,0.2594,0.2611,0.2582,0.261,136974.88
2026-06-13 07:00:00,0.261,0.2636,0.2602,0.2631,458450.45
2026-06-13 08:00:00,0.2631,0.2647,0.2627,0.2635,163962.56
2026-06-13 09:00:00,0.2634,0.2641,0.2627,0.2628,85110.09
2026-06-13 10:00:00,0.2628,0.2635,0.2622,0.2628,106461.49
2026-06-13 11:00:00,0.2628,0.2644,0.2624,0.264,266412.06
2026-06-13 12:00:00,0.264,0.2662,0.2632,0.2648,646017.26
2026-06-13 13:00:00,0.2648,0.2652,0.264,0.265,123287.12
2026-06-13 14:00:00,0.265,0.2666,0.2647,0.2654,227224.06
2026-06-13 15:00:00,0.2654,0.2669,0.263,0.2669,641763.91
2026-06-13 16:00:00,0.2669,0.267,0.2633,0.2641,349992.75
2026-06-13 17:00:00,0.2641,0.2654,0.2632,0.2639,179852.13
2026-06-13 18:00:00,0.2638,0.2644,0.263,0.2637,118380.23
2026-06-13 19:00:00,0.2637,0.2642,0.2622,0.2632,140266.68
2026-06-13 20:00:00,0.2634,0.2635,0.2624,0.2632,126140.9
2026-06-13 21:00:00,0.2632,0.2658,0.2625,0.2646,109975.59
2026-06-13 22:00:00,0.2646,0.2655,0.2637,0.2637,169521.94
2026-06-13 23:00:00,0.2637,0.2646,0.2632,0.2633,146288.31
2026-06-14 00:00:00,0.2633,0.2639,0.2627,0.2633,230472.86
2026-06-14 01:00:00,0.2633,0.2648,0.2611,0.2641,2129145.88
2026-06-14 02:00:00,0.264,0.2648,0.2631,0.2632,282777.0
2026-06-14 03:00:00,0.2632,0.2646,0.2631,0.2646,262105.79
2026-06-14 04:00:00,0.2646,0.2658,0.2625,0.2629,455275.33
2026-06-14 05:00:00,0.2629,0.2642,0.2609,0.2636,827079.69
2026-06-14 06:00:00,0.2636,0.2641,0.2616,0.2618,398059.88
2026-06-14 07:00:00,0.2617,0.2622,0.2607,0.2614,200323.83
2026-06-14 08:00:00,0.2613,0.2632,0.261,0.2619,203581.34
2026-06-14 09:00:00,0.2619,0.2631,0.2605,0.2628,234224.3
2026-06-14 10:00:00,0.2627,0.2636,0.2618,0.2618,209040.49
2026-06-14 11:00:00,0.2617,0.2624,0.2613,0.2617,154255.13
2026-06-14 12:00:00,0.2616,0.2617,0.2595,0.2598,243750.71
2026-06-14 13:00:00,0.2599,0.2604,0.2592,0.2599,156149.64
2026-06-14 14:00:00,0.26,0.26,0.2561,0.2575,475911.06
2026-06-14 15:00:00,0.2575,0.2588,0.2574,0.2587,207215.81
2026-06-14 16:00:00,0.2586,0.2595,0.2582,0.2584,87797.27
2026-06-14 17:00:00,0.2583,0.2594,0.2574,0.2578,107548.85
2026-06-14 18:00:00,0.2577,0.2587,0.2573,0.2579,105798.51
2026-06-14 19:00:00,0.2578,0.2589,0.2574,0.2578,210200.03
2026-06-14 20:00:00,0.2577,0.2591,0.2573,0.2584,123293.35
2026-06-14 21:00:00,0.2584,0.27,0.2584,0.2683,615962.87
2026-06-14 22:00:00,0.2683,0.2696,0.2666,0.2674,489989.98
2026-06-14 23:00:00,0.2674,0.2691,0.266,0.269,306833.88
2026-06-15 00:00:00,0.269,0.27,0.2676,0.2681,670259.8
2026-06-15 01:00:00,0.2682,0.2688,0.2663,0.268,497458.28
2026-06-15 02:00:00,0.2679,0.2717,0.2676,0.2702,605933.39
2026-06-15 03:00:00,0.2702,0.2723,0.2699,0.271,380960.8
2026-06-15 04:00:00,0.271,0.2716,0.2699,0.2705,541090.23
2026-06-15 05:00:00,0.2705,0.2724,0.2696,0.2721,400401.03
2026-06-15 06:00:00,0.2721,0.2727,0.2714,0.2715,348734.23
2026-06-15 07:00:00,0.2715,0.2732,0.2708,0.271,330481.78
2026-06-15 08:00:00,0.2711,0.273,0.2708,0.2721,268613.56
2026-06-15 09:00:00,0.2721,0.2736,0.2711,0.2724,376176.15
2026-06-15 10:00:00,0.2724,0.2768,0.2723,0.2747,787372.67
2026-06-15 11:00:00,0.2747,0.2797,0.2742,0.278,748781.31
2026-06-15 12:00:00,0.278,0.2788,0.2697,0.2775,2055621.47
2026-06-15 13:00:00,0.2776,0.2827,0.2769,0.2799,839051.93
2026-06-15 14:00:00,0.28,0.2807,0.2781,0.279,789205.17
2026-06-15 15:00:00,0.2789,0.2823,0.2763,0.282,764709.69
2026-06-15 16:00:00,0.2819,0.2864,0.2818,0.2824,1720128.97
2026-06-15 17:00:00,0.2824,0.2824,0.2797,0.2812,461456.39
2026-06-15 18:00:00,0.2812,0.2814,0.2787,0.2788,246784.32
2026-06-15 19:00:00,0.2788,0.2803,0.274,0.2765,561655.48
2026-06-15 20:00:00,0.2765,0.2775,0.2754,0.2758,140986.47
2026-06-15 21:00:00,0.2758,0.2761,0.2744,0.275,315891.15
2026-06-15 22:00:00,0.2751,0.2758,0.2707,0.2719,355109.58
2026-06-15 23:00:00,0.272,0.2746,0.2714,0.2739,190304.36
2026-06-16 00:00:00,0.2738,0.2756,0.273,0.2737,738719.92
2026-06-16 01:00:00,0.2738,0.275,0.2726,0.2729,589926.68
2026-06-16 02:00:00,0.2729,0.2738,0.268,0.2699,1151900.11
2026-06-16 03:00:00,0.2699,0.2734,0.2691,0.2733,304425.46
2026-06-16 04:00:00,0.2733,0.2742,0.2702,0.2706,139128.15
2026-06-16 05:00:00,0.2706,0.2725,0.2705,0.2718,133130.16
2026-06-16 06:00:00,0.2717,0.2744,0.2717,0.2742,106767.52
2026-06-16 07:00:00,0.2742,0.2757,0.2735,0.2756,385141.93
2026-06-16 08:00:00,0.2755,0.2818,0.2754,0.2811,552259.38
2026-06-16 09:00:00,0.2811,0.2811,0.2775,0.2778,207559.16
2026-06-16 10:00:00,0.2779,0.2791,0.277,0.2772,360317.98
2026-06-16 11:00:00,0.2773,0.2783,0.2762,0.2777,314582.07
2026-06-16 12:00:00,0.2777,0.284,0.2767,0.2809,1097758.29
2026-06-16 13:00:00,0.281,0.2814,0.2752,0.277,858669.86
2026-06-16 14:00:00,0.277,0.2783,0.2693,0.2723,734730.1
2026-06-16 15:00:00,0.2723,0.2744,0.2701,0.2734,320477.56
2026-06-16 16:00:00,0.2733,0.275,0.2719,0.2725,399313.13
2026-06-16 17:00:00,0.2725,0.276,0.2723,0.2758,127767.06
2026-06-16 18:00:00,0.2759,0.279,0.2749,0.2768,386420.47
2026-06-16 19:00:00,0.2769,0.2787,0.2751,0.2769,278480.24
2026-06-16 20:00:00,0.2769,0.2804,0.2762,0.2793,199682.02
2026-06-16 21:00:00,0.2794,0.28,0.2771,0.2787,191113.2
2026-06-16 22:00:00,0.2788,0.2801,0.2775,0.2786,200589.34
2026-06-16 23:00:00,0.2786,0.2789,0.2766,0.2775,133078.83
2026-06-17 00:00:00,0.2775,0.2811,0.2775,0.2805,518542.34
2026-06-17 01:00:00,0.2805,0.2897,0.2794,0.2897,1486075.78
2026-06-17 02:00:00,0.2898,0.2935,0.2863,0.2917,2048208.22
2026-06-17 03:00:00,0.2917,0.2918,0.2863,0.2898,1005353.84
2026-06-17 04:00:00,0.2899,0.2949,0.2883,0.2935,1111196.28
2026-06-17 05:00:00,0.2936,0.2962,0.2875,0.2921,2346906.3
2026-06-17 06:00:00,0.2922,0.2987,0.2896,0.2927,2822448.07
2026-06-17 07:00:00,0.2928,0.3005,0.2912,0.297,3280036.53
2026-06-17 08:00:00,0.2969,0.2979,0.2913,0.2921,1429844.62
2026-06-17 09:00:00,0.2921,0.2939,0.2885,0.2914,1094008.4
2026-06-17 10:00:00,0.2914,0.2971,0.2894,0.2896,1235333.93
2026-06-17 11:00:00,0.2895,0.2907,0.2826,0.2839,2249557.08
2026-06-17 12:00:00,0.2839,0.2885,0.2832,0.2882,800600.59
2026-06-17 13:00:00,0.2881,0.2917,0.2867,0.2886,646169.22
2026-06-17 14:00:00,0.2885,0.2911,0.2848,0.2885,898178.99
2026-06-17 15:00:00,0.2885,0.2948,0.2879,0.2948,684640.06
2026-06-17 16:00:00,0.2948,0.296,0.2908,0.291,508925.17
2026-06-17 17:00:00,0.291,0.2923,0.2885,0.2917,405547.58
2026-06-17 18:00:00,0.2916,0.2919,0.2807,0.2862,2434865.81
2026-06-17 19:00:00,0.2862,0.2875,0.2767,0.2781,1633438.78
2026-06-17 20:00:00,0.2781,0.2786,0.2743,0.2783,588104.69
2026-06-17 21:00:00,0.2783,0.2784,0.274,0.2754,211049.06
2026-06-17 22:00:00,0.2755,0.2771,0.2715,0.2758,623026.8
2026-06-17 23:00:00,0.2758,0.2782,0.2758,0.2774,336855.76
2026-06-18 00:00:00,0.2775,0.2816,0.2774,0.2801,519444.73
2026-06-18 01:00:00,0.28,0.2828,0.2799,0.2807,290125.33
2026-06-18 02:00:00,0.281,0.2839,0.2808,0.2826,271752.12
2026-06-18 03:00:00,0.2826,0.2826,0.2773,0.2779,379886.45
2026-06-18 04:00:00,0.278,0.2785,0.2729,0.2762,899125.13
2026-06-18 05:00:00,0.2761,0.2762,0.2725,0.2741,427002.34
2026-06-18 06:00:00,0.274,0.2765,0.2731,0.2762,886519.77
2026-06-18 07:00:00,0.2762,0.2819,0.2756,0.2801,1581796.65
2026-06-18 08:00:00,0.2801,0.2854,0.2784,0.2839,4156962.06
2026-06-18 09:00:00,0.284,0.2888,0.2829,0.2872,724283.9
2026-06-18 10:00:00,0.2871,0.2871,0.2824,0.2834,525325.06
2026-06-18 11:00:00,0.2833,0.2848,0.2795,0.2804,292563.26
2026-06-18 12:00:00,0.2805,0.2852,0.2797,0.2843,450057.82
2026-06-18 13:00:00,0.2844,0.2855,0.2756,0.2781,753456.74
2026-06-18 14:00:00,0.2782,0.2822,0.2771,0.2812,329159.2
2026-06-18 15:00:00,0.2812,0.2814,0.2663,0.2675,2471305.23
2026-06-18 16:00:00,0.2675,0.2696,0.265,0.2681,1488021.83
2026-06-18 17:00:00,0.268,0.2698,0.2644,0.2688,520094.63
2026-06-18 18:00:00,0.2688,0.2717,0.2679,0.2704,322266.66
2026-06-18 19:00:00,0.2703,0.2742,0.2694,0.2734,629503.64
2026-06-18 20:00:00,0.2735,0.2776,0.2735,0.2765,349245.71
2026-06-18 21:00:00,0.2766,0.2773,0.274,0.2762,478677.06
2026-06-18 22:00:00,0.276,0.2761,0.274,0.2756,133893.03
2026-06-18 23:00:00,0.2755,0.2778,0.2744,0.2778,137799.65
2026-06-19 00:00:00,0.2778,0.2816,0.2771,0.2796,330157.52
2026-06-19 01:00:00,0.2798,0.2814,0.2773,0.2796,113157.89
2026-06-19 02:00:00,0.2795,0.2913,0.2792,0.2844,2116456.13
2026-06-19 03:00:00,0.2845,0.287,0.2779,0.2845,937324.47
2026-06-19 04:00:00,0.2845,0.2848,0.2739,0.2743,418915.29
2026-06-19 05:00:00,0.2744,0.2777,0.274,0.2764,339433.2
2026-06-19 06:00:00,0.2762,0.278,0.2751,0.2769,143002.08
2026-06-19 07:00:00,0.2768,0.2774,0.2715,0.2728,435167.18
2026-06-19 08:00:00,0.273,0.2756,0.2722,0.275,349624.79
2026-06-19 09:00:00,0.275,0.2755,0.2725,0.2739,264418.44
2026-06-19 10:00:00,0.2739,0.2758,0.2723,0.2724,316844.56
2026-06-19 11:00:00,0.2725,0.2726,0.2694,0.2705,478987.82
2026-06-19 12:00:00,0.2706,0.2745,0.2687,0.2741,326041.75
2026-06-19 13:00:00,0.2742,0.2787,0.273,0.2784,354135.64
2026-06-19 14:00:00,0.2782,0.2819,0.2771,0.2809,442788.19
2026-06-19 15:00:00,0.2809,0.2835,0.2784,0.2814,339660.78
2026-06-19 16:00:00,0.2815,0.2837,0.278,0.2789,304548.15
2026-06-19 17:00:00,0.2789,0.2829,0.2779,0.2818,286665.81
2026-06-19 18:00:00,0.2818,0.2821,0.2769,0.2783,189258.13
2026-06-19 19:00:00,0.2782,0.2783,0.2752,0.2763,142735.32
2026-06-19 20:00:00,0.2764,0.279,0.2762,0.2785,135811.29
2026-06-19 21:00:00,0.2784,0.2787,0.2748,0.275,182825.65
2026-06-19 22:00:00,0.275,0.2775,0.275,0.2772,124844.12
2026-06-19 23:00:00,0.2772,0.2803,0.2765,0.2795,263568.52
2026-06-20 00:00:00,0.2794,0.2813,0.2771,0.2772,240832.21
2026-06-20 01:00:00,0.2771,0.2782,0.2762,0.2767,222139.27
2026-06-20 02:00:00,0.2768,0.2771,0.2749,0.275,97986.5
2026-06-20 03:00:00,0.275,0.2785,0.2748,0.2773,137128.97
2026-06-20 04:00:00,0.2774,0.2785,0.2765,0.278,125096.48
2026-06-20 05:00:00,0.2781,0.2834,0.2776,0.2801,630548.26
2026-06-20 06:00:00,0.2801,0.2804,0.2782,0.279,148254.41
2026-06-20 07:00:00,0.279,0.2795,0.2769,0.2771,193445.09
2026-06-20 08:00:00,0.2772,0.2792,0.2762,0.2786,150733.85
2026-06-20 09:00:00,0.2786,0.281,0.2786,0.2803,194097.76
2026-06-20 10:00:00,0.2804,0.2807,0.2781,0.2792,167084.12
2026-06-20 11:00:00,0.2793,0.2794,0.2775,0.2782,164588.91
2026-06-20 12:00:00,0.2782,0.279,0.2769,0.2775,163786.65
2026-06-20 13:00:00,0.2774,0.2774,0.2733,0.2742,289091.47
2026-06-20 14:00:00,0.2741,0.2791,0.2712,0.2761,422264.91
2026-06-20 15:00:00,0.2761,0.2794,0.2754,0.2779,294071.07
2026-06-20 16:00:00,0.278,0.278,0.275,0.2766,160880.07
2026-06-20 17:00:00,0.2765,0.2766,0.2734,0.2752,198770.96
2026-06-20 18:00:00,0.2751,0.2759,0.2736,0.274,122848.48
2026-06-20 19:00:00,0.2739,0.2747,0.2733,0.2743,135179.1
2026-06-20 20:00:00,0.2742,0.2748,0.2732,0.2737,75887.21
2026-06-20 21:00:00,0.2737,0.2759,0.2737,0.2752,81894.0
2026-06-20 22:00:00,0.2752,0.2787,0.2748,0.2778,208260.07
2026-06-20 23:00:00,0.2777,0.2789,0.2763,0.2764,154213.21
2026-06-21 00:00:00,0.2763,0.2771,0.2754,0.2768,107571.26
2026-06-21 01:00:00,0.2769,0.2777,0.276,0.2768,94207.26
2026-06-21 02:00:00,0.2767,0.2774,0.2755,0.276,97794.41
2026-06-21 03:00:00,0.2759,0.2776,0.2756,0.2767,136138.98
2026-06-21 04:00:00,0.2767,0.2774,0.2753,0.2755,140933.69
2026-06-21 05:00:00,0.2754,0.276,0.2746,0.2749,92669.46
2026-06-21 06:00:00,0.275,0.2764,0.2749,0.2761,138898.71
2026-06-21 07:00:00,0.2761,0.2771,0.2751,0.2762,233500.02
2026-06-21 08:00:00,0.2762,0.2774,0.2748,0.2773,126107.71
2026-06-21 09:00:00,0.2772,0.2819,0.2767,0.2814,469897.19
2026-06-21 10:00:00,0.2815,0.2861,0.2813,0.2827,530545.14
2026-06-21 11:00:00,0.2827,0.2839,0.2795,0.2822,363665.35
2026-06-21 12:00:00,0.2824,0.2825,0.2797,0.2816,143726.15
2026-06-21 13:00:00,0.2815,0.2829,0.2806,0.2824,158084.21
2026-06-21 14:00:00,0.2824,0.2834,0.2805,0.2818,121362.09
2026-06-21 15:00:00,0.2819,0.2833,0.2816,0.2819,122630.12
2026-06-21 16:00:00,0.2818,0.2818,0.2778,0.2791,297999.98
2026-06-21 17:00:00,0.2791,0.2805,0.2781,0.2788,81219.57
2026-06-21 18:00:00,0.2787,0.2795,0.2769,0.2791,180789.76
2026-06-21 19:00:00,0.2791,0.2795,0.2776,0.278,100303.4
2026-06-21 20:00:00,0.2779,0.278,0.2734,0.2742,350244.55
2026-06-21 21:00:00,0.2742,0.2744,0.2681,0.2722,574518.5
2026-06-21 22:00:00,0.2722,0.2726,0.2702,0.2713,170905.13
2026-06-21 23:00:00,0.2712,0.2712,0.2672,0.2677,239743.83
2026-06-22 00:00:00,0.2677,0.2732,0.2677,0.2729,483413.94
2026-06-22 01:00:00,0.273,0.2764,0.2712,0.2738,494011.52
2026-06-22 02:00:00,0.2738,0.2749,0.2727,0.2728,166198.18
2026-06-22 03:00:00,0.2726,0.2726,0.2689,0.2693,235703.1
2026-06-22 04:00:00,0.2691,0.2711,0.2685,0.2704,182567.6
2026-06-22 05:00:00,0.2703,0.2711,0.2698,0.271,279745.64
2026-06-22 06:00:00,0.2711,0.2713,0.2696,0.2702,222324.12
2026-06-22 07:00:00,0.2703,0.2732,0.2702,0.2721,233622.5
2026-06-22 08:00:00,0.2722,0.2735,0.2711,0.2726,217243.1
2026-06-22 09:00:00,0.2725,0.2732,0.2711,0.2722,532022.01
2026-06-22 10:00:00,0.272,0.2733,0.2718,0.273,233867.61
2026-06-22 11:00:00,0.2731,0.2785,0.2727,0.2783,538557.57
2026-06-22 12:00:00,0.2783,0.2806,0.2781,0.2797,684679.48
2026-06-22 13:00:00,0.2796,0.2825,0.2785,0.2822,446047.19
2026-06-22 14:00:00,0.2824,0.2825,0.2761,0.2774,631074.71
2026-06-22 15:00:00,0.2774,0.2789,0.2743,0.2751,393353.35
2026-06-22 16:00:00,0.2751,0.2766,0.2737,0.2758,526649.53
2026-06-22 17:00:00,0.2758,0.2762,0.2739,0.276,226530.76
2026-06-22 18:00:00,0.276,0.2771,0.2737,0.274,221869.82
2026-06-22 19:00:00,0.2739,0.2743,0.2705,0.2717,417229.22
2026-06-22 20:00:00,0.2716,0.2731,0.2709,0.2715,89857.11
2026-06-22 21:00:00,0.2715,0.272,0.269,0.2706,212384.36
2026-06-22 22:00:00,0.2707,0.2713,0.2655,0.2674,345325.14
2026-06-22 23:00:00,0.2674,0.2686,0.2663,0.2672,117390.73
2026-06-23 00:00:00,0.2672,0.2685,0.2654,0.2681,177557.99
2026-06-23 01:00:00,0.2681,0.2714,0.2661,0.2692,936442.81
2026-06-23 02:00:00,0.2693,0.2693,0.2671,0.268,202131.45
2026-06-23 03:00:00,0.268,0.269,0.2665,0.269,159292.65
2026-06-23 04:00:00,0.269,0.2692,0.2672,0.2674,204035.3
2026-06-23 05:00:00,0.2674,0.2681,0.266,0.2667,211030.43
2026-06-23 06:00:00,0.2667,0.2667,0.2572,0.2617,1152542.26
2026-06-23 07:00:00,0.2616,0.2639,0.2605,0.2623,1890860.18
2026-06-23 08:00:00,0.2623,0.2633,0.2508,0.2552,6260557.51
2026-06-23 09:00:00,0.2553,0.2567,0.2546,0.2551,338100.96
2026-06-23 10:00:00,0.2551,0.2566,0.2542,0.2552,569448.35
2026-06-23 11:00:00,0.2551,0.2563,0.2516,0.2563,736090.99
2026-06-23 12:00:00,0.2563,0.2563,0.2545,0.2547,273624.02
2026-06-23 13:00:00,0.2547,0.2593,0.2538,0.2591,572751.04
2026-06-23 14:00:00,0.259,0.2604,0.2571,0.2577,581010.45
2026-06-23 15:00:00,0.2576,0.2576,0.2545,0.256,202918.09
2026-06-23 16:00:00,0.2559,0.2584,0.2556,0.2577,208499.68
2026-06-23 17:00:00,0.2576,0.2578,0.2537,0.2546,1581183.33
2026-06-23 18:00:00,0.2546,0.2562,0.2541,0.256,160677.31
2026-06-23 19:00:00,0.256,0.2579,0.256,0.2575,143535.71
2026-06-23 20:00:00,0.2576,0.2599,0.2576,0.2593,113661.37
2026-06-23 21:00:00,0.2594,0.2607,0.2593,0.2599,131361.28
2026-06-23 22:00:00,0.2599,0.2609,0.2586,0.2593,75346.18
2026-06-23 23:00:00,0.2593,0.2604,0.2584,0.26,47291.45
2026-06-24 00:00:00,0.2601,0.2615,0.2599,0.261,128759.94
2026-06-24 01:00:00,0.2611,0.2625,0.2593,0.26,337533.31
2026-06-24 02:00:00,0.2601,0.2603,0.2583,0.2583,104616.9
2026-06-24 03:00:00,0.2583,0.2593,0.2573,0.2577,191262.82
2026-06-24 04:00:00,0.2576,0.258,0.2555,0.2576,68447.5
2026-06-24 05:00:00,0.2576,0.2594,0.2576,0.2584,189747.01
2026-06-24 06:00:00,0.2585,0.2588,0.2578,0.2581,105631.61
2026-06-24 07:00:00,0.2581,0.2581,0.2565,0.2566,118940.98
2026-06-24 08:00:00,0.2566,0.2572,0.256,0.2571,175195.88
2026-06-24 09:00:00,0.257,0.257,0.2556,0.2565,114083.12
2026-06-24 10:00:00,0.2564,0.2565,0.2543,0.2555,167761.17
2026-06-24 11:00:00,0.2555,0.2599,0.2533,0.2584,454381.95
2026-06-24 12:00:00,0.2582,0.2591,0.2566,0.2568,320506.16
2026-06-24 13:00:00,0.2569,0.2621,0.2509,0.2535,3288897.42
2026-06-24 14:00:00,0.2534,0.2576,0.2523,0.2574,1166932.3
2026-06-24 15:00:00,0.2574,0.2575,0.2519,0.2534,865592.44
2026-06-24 16:00:00,0.2533,0.2567,0.244,0.2473,2129715.36
2026-06-24 17:00:00,0.2472,0.249,0.2427,0.2441,1140650.18
2026-06-24 18:00:00,0.2441,0.2484,0.2414,0.246,594998.84
2026-06-24 19:00:00,0.2461,0.2482,0.2445,0.2481,439633.38
2026-06-24 20:00:00,0.248,0.2536,0.2477,0.2525,699695.24
2026-06-24 21:00:00,0.2526,0.2535,0.2505,0.2535,154418.28
2026-06-24 22:00:00,0.2535,0.255,0.2523,0.2526,551220.52
2026-06-24 23:00:00,0.2525,0.2547,0.2524,0.2542,96990.33
2026-06-25 00:00:00,0.2543,0.2562,0.2537,0.2543,181368.46
2026-06-25 01:00:00,0.2543,0.2589,0.2543,0.2559,423796.36
2026-06-25 02:00:00,0.2558,0.2578,0.2556,0.2572,245117.76
2026-06-25 03:00:00,0.2572,0.2574,0.2547,0.2551,378979.08
2026-06-25 04:00:00,0.2551,0.2604,0.2548,0.2592,545906.93
2026-06-25 05:00:00,0.2593,0.2618,0.2583,0.2593,1329071.93
2026-06-25 06:00:00,0.2592,0.2614,0.2592,0.2602,977762.45
2026-06-25 07:00:00,0.2603,0.2608,0.2589,0.2594,397268.43
2026-06-25 08:00:00,0.2594,0.2597,0.2578,0.258,166167.05
2026-06-25 09:00:00,0.2581,0.2582,0.2568,0.2579,134123.61
2026-06-25 10:00:00,0.2579,0.2579,0.2548,0.2558,567961.38
2026-06-25 11:00:00,0.2558,0.256,0.2542,0.2547,246207.08
2026-06-25 12:00:00,0.2547,0.2567,0.2524,0.2545,504068.33
2026-06-25 13:00:00,0.2545,0.2566,0.2341,0.2358,3477553.95
2026-06-25 14:00:00,0.2359,0.2498,0.2359,0.2443,2027564.85
2026-06-25 15:00:00,0.2442,0.2454,0.2403,0.245,474411.17
2026-06-25 16:00:00,0.245,0.2481,0.2429,0.2434,633970.29
2026-06-25 17:00:00,0.2433,0.2477,0.2431,0.2477,300459.55
2026-06-25 18:00:00,0.2477,0.248,0.2441,0.2442,562129.31
2026-06-25 19:00:00,0.2444,0.2445,0.2414,0.2429,399155.3
2026-06-25 20:00:00,0.243,0.2455,0.2423,0.243,302619.4
2026-06-25 21:00:00,0.243,0.248,0.2428,0.2478,229121.36
2026-06-25 22:00:00,0.2475,0.2479,0.2454,0.2456,392385.57
2026-06-25 23:00:00,0.2456,0.2477,0.2452,0.2458,169822.79
2026-06-26 00:00:00,0.2459,0.2469,0.2459,0.2462,78995.05
2026-06-26 01:00:00,0.2461,0.2466,0.2432,0.244,128528.86
2026-06-26 02:00:00,0.2441,0.2442,0.2372,0.2385,442671.41
2026-06-26 03:00:00,0.2386,0.2451,0.2364,0.2447,279023.27
2026-06-26 04:00:00,0.2446,0.2449,0.2423,0.2423,242779.56
2026-06-26 05:00:00,0.2424,0.2434,0.2415,0.2428,793996.12
2026-06-26 06:00:00,0.2427,0.2465,0.2412,0.2462,677806.08
2026-06-26 07:00:00,0.2462,0.2481,0.2458,0.2474,189261.59
2026-06-26 08:00:00,0.2474,0.248,0.2456,0.2461,248222.82
2026-06-26 09:00:00,0.2462,0.2465,0.2431,0.2434,158787.96
2026-06-26 10:00:00,0.2434,0.244,0.2415,0.2417,227583.94
2026-06-26 11:00:00,0.2417,0.2429,0.2404,0.2411,173085.89
2026-06-26 12:00:00,0.2413,0.2443,0.2384,0.2396,587941.5
2026-06-26 13:00:00,0.2396,0.2466,0.2376,0.2461,1118611.11
2026-06-26 14:00:00,0.246,0.2468,0.2434,0.2442,338536.58
2026-06-26 15:00:00,0.2441,0.2523,0.2437,0.2497,984651.9
2026-06-26 16:00:00,0.2498,0.2529,0.2481,0.2517,577022.57
2026-06-26 17:00:00,0.2516,0.2551,0.2511,0.2544,423355.52
2026-06-26 18:00:00,0.2544,0.2556,0.2509,0.2516,999006.89
2026-06-26 19:00:00,0.2515,0.2535,0.2485,0.2487,400933.37
2026-06-26 20:00:00,0.2488,0.2516,0.248,0.2483,411339.34
2026-06-26 21:00:00,0.2483,0.2498,0.2472,0.2481,424589.17
2026-06-26 22:00:00,0.2481,0.2493,0.2469,0.2492,73300.93
2026-06-26 23:00:00,0.2493,0.2501,0.2489,0.2498,72078.24
2026-06-27 00:00:00,0.2498,0.2506,0.2479,0.2488,64889.8
2026-06-27 01:00:00,0.2488,0.249,0.2478,0.248,73370.73
2026-06-27 02:00:00,0.248,0.2505,0.2478,0.2499,159067.77
2026-06-27 03:00:00,0.2498,0.2501,0.2478,0.2479,375375.13
2026-06-27 04:00:00,0.248,0.2495,0.2468,0.2471,354001.4
2026-06-27 05:00:00,0.2471,0.2477,0.2462,0.2473,167419.36
2026-06-27 06:00:00,0.2473,0.2484,0.2461,0.2471,239960.56
2026-06-27 07:00:00,0.2472,0.248,0.247,0.2476,85948.45
2026-06-27 08:00:00,0.2477,0.2477,0.2465,0.2467,178009.13
2026-06-27 09:00:00,0.2466,0.2467,0.2458,0.2463,143926.12
2026-06-27 10:00:00,0.2463,0.2467,0.2458,0.2464,159680.14
2026-06-27 11:00:00,0.2463,0.2465,0.2448,0.2464,190697.14
2026-06-27 12:00:00,0.2464,0.247,0.2456,0.2466,115734.28
2026-06-27 13:00:00,0.2466,0.2478,0.2465,0.2477,118006.43
2026-06-27 14:00:00,0.2477,0.2492,0.2475,0.2482,201731.26
2026-06-27 15:00:00,0.2483,0.2506,0.2478,0.2499,181154.41
2026-06-27 16:00:00,0.2498,0.2503,0.2488,0.2498,98980.11
2026-06-27 17:00:00,0.2496,0.2496,0.2461,0.2462,200178.38
2026-06-27 18:00:00,0.2462,0.2472,0.2457,0.2471,119980.98
2026-06-27 19:00:00,0.247,0.2475,0.2439,0.2453,667438.51
2026-06-27 20:00:00,0.2451,0.2471,0.2451,0.2464,109528.51
2026-06-27 21:00:00,0.2465,0.2477,0.2448,0.2454,84879.77
2026-06-27 22:00:00,0.2454,0.2462,0.2432,0.2462,106915.87
2026-06-27 23:00:00,0.2462,0.2468,0.2453,0.2457,46939.16
2026-06-28 00:00:00,0.2459,0.2473,0.2459,0.2464,60447.34
2026-06-28 01:00:00,0.2464,0.247,0.2458,0.2465,66102.13
2026-06-28 02:00:00,0.2466,0.2475,0.2455,0.2463,113741.57
2026-06-28 03:00:00,0.2463,0.2473,0.2456,0.2466,357685.87
2026-06-28 04:00:00,0.2465,0.2469,0.246,0.2465,86320.46
2026-06-28 05:00:00,0.2465,0.2474,0.245,0.247,353017.21
2026-06-28 06:00:00,0.2472,0.2493,0.2446,0.246,513279.6
2026-06-28 07:00:00,0.246,0.2473,0.246,0.2471,268481.03
2026-06-28 08:00:00,0.2472,0.2497,0.2468,0.249,214567.15
2026-06-28 09:00:00,0.2491,0.2497,0.2468,0.2472,171023.34
2026-06-28 10:00:00,0.2472,0.2479,0.2459,0.246,137037.53
2026-06-28 11:00:00,0.2461,0.2473,0.2459,0.2472,96945.55
2026-06-28 12:00:00,0.2473,0.2475,0.2457,0.2462,286383.69
2026-06-28 13:00:00,0.2462,0.2462,0.2447,0.2452,102876.01
2026-06-28 14:00:00,0.2451,0.2464,0.2445,0.2446,266919.3
2026-06-28 15:00:00,0.2448,0.2456,0.2439,0.2449,268530.59
2026-06-28 16:00:00,0.245,0.2451,0.2435,0.2443,258656.26
2026-06-28 17:00:00,0.2443,0.2454,0.2429,0.2451,365675.37
2026-06-28 18:00:00,0.245,0.245,0.2431,0.2443,253761.15
2026-06-28 19:00:00,0.2443,0.2454,0.2428,0.2441,335588.6
2026-06-28 20:00:00,0.244,0.2461,0.2439,0.2449,71244.46
2026-06-28 21:00:00,0.2448,0.2451,0.2421,0.2429,85541.4
2026-06-28 22:00:00,0.243,0.2459,0.241,0.2424,447333.09
2026-06-28 23:00:00,0.2423,0.2455,0.2418,0.2448,124457.67
2026-06-29 00:00:00,0.2449,0.2465,0.2424,0.2462,227904.76
2026-06-29 01:00:00,0.2462,0.2464,0.2444,0.2458,220421.51
2026-06-29 02:00:00,0.2457,0.2476,0.2432,0.2476,313019.54
2026-06-29 03:00:00,0.2476,0.2501,0.2473,0.2488,156667.26
2026-06-29 04:00:00,0.2488,0.249,0.2471,0.2472,44249.29
2026-06-29 05:00:00,0.2471,0.2488,0.2453,0.2488,99805.2
2026-06-29 06:00:00,0.2488,0.2533,0.2488,0.2507,362623.17
2026-06-29 07:00:00,0.2508,0.252,0.25,0.2519,280548.53
2026-06-29 08:00:00,0.2519,0.2534,0.2495,0.2498,394991.53
2026-06-29 09:00:00,0.2498,0.2515,0.2494,0.2512,370476.08
2026-06-29 10:00:00,0.2514,0.2533,0.2514,0.2528,134716.46
2026-06-29 11:00:00,0.2528,0.2541,0.2515,0.252,348389.07
2026-06-29 12:00:00,0.2522,0.2564,0.2501,0.2523,608315.24
2026-06-29 13:00:00,0.2523,0.2549,0.2495,0.251,441351.73
2026-06-29 14:00:00,0.2511,0.2515,0.248,0.2511,631166.95
2026-06-29 15:00:00,0.2513,0.2519,0.2477,0.2516,242741.83
2026-06-29 16:00:00,0.2513,0.2524,0.2497,0.2515,165185.47
2026-06-29 17:00:00,0.2515,0.2587,0.2514,0.257,735085.31
2026-06-29 18:00:00,0.257,0.2573,0.2551,0.2554,176494.8
2026-06-29 19:00:00,0.2555,0.2561,0.2545,0.2549,182636.93
2026-06-29 20:00:00,0.255,0.2554,0.253,0.2531,101362.31
2026-06-29 21:00:00,0.2531,0.2542,0.2524,0.2532,86685.66
2026-06-29 22:00:00,0.2532,0.2547,0.2526,0.2527,213845.01
2026-06-29 23:00:00,0.2528,0.2534,0.2521,0.2526,147208.73
2026-06-30 00:00:00,0.2526,0.2533,0.2502,0.2515,307528.3
2026-06-30 01:00:00,0.2515,0.2515,0.2502,0.2511,156407.23
2026-06-30 02:00:00,0.2511,0.2519,0.2501,0.2514,98428.98
2026-06-30 03:00:00,0.2514,0.2522,0.2511,0.2512,99165.55
2026-06-30 04:00:00,0.2512,0.2534,0.2501,0.2528,284497.66
2026-06-30 05:00:00,0.2528,0.2537,0.252,0.2536,151477.03
2026-06-30 06:00:00,0.2536,0.2545,0.2525,0.2542,80102.17
2026-06-30 07:00:00,0.2542,0.2542,0.252,0.2522,86320.22
2026-06-30 08:00:00,0.2521,0.2522,0.2492,0.25,184485.45
2026-06-30 09:00:00,0.25,0.2503,0.2488,0.2496,187449.59
2026-06-30 10:00:00,0.2496,0.2501,0.2491,0.2497,111301.39
2026-06-30 11:00:00,0.2496,0.2503,0.2468,0.2475,399456.94
2026-06-30 12:00:00,0.2475,0.2475,0.2439,0.2439,347374.41
2026-06-30 13:00:00,0.244,0.2485,0.2437,0.2478,370957.82
2026-06-30 14:00:00,0.2477,0.2505,0.2426,0.2449,1136360.73
2026-06-30 15:00:00,0.2449,0.2468,0.2442,0.2452,352147.03
2026-06-30 16:00:00,0.2452,0.2461,0.2428,0.2444,425877.13
2026-06-30 17:00:00,0.2444,0.2456,0.2432,0.2434,126394.54
2026-06-30 18:00:00,0.2434,0.2435,0.2364,0.2404,831471.63
2026-06-30 19:00:00,0.2403,0.2403,0.2358,0.238,659537.61
2026-06-30 20:00:00,0.238,0.2392,0.2376,0.2384,196462.57
2026-06-30 21:00:00,0.2383,0.24,0.2379,0.2397,124811.65
2026-06-30 22:00:00,0.2398,0.2412,0.2398,0.2402,100202.67
2026-06-30 23:00:00,0.2402,0.2408,0.2397,0.2399,96976.85
2026-07-01 00:00:00,0.2401,0.2405,0.2391,0.2401,102356.71
2026-07-01 01:00:00,0.2402,0.2416,0.2354,0.2407,396343.32
2026-07-01 02:00:00,0.2406,0.2437,0.24,0.2435,278547.02
2026-07-01 03:00:00,0.2436,0.2459,0.2423,0.2452,361954.73
2026-07-01 04:00:00,0.2451,0.2476,0.2449,0.2469,202265.68
2026-07-01 05:00:00,0.2469,0.2469,0.2447,0.2452,84513.1
2026-07-01 06:00:00,0.2452,0.2452,0.2425,0.2435,177558.2
2026-07-01 07:00:00,0.2436,0.2436,0.239,0.2421,591662.7
2026-07-01 08:00:00,0.2421,0.2432,0.2414,0.2432,219602.07
2026-07-01 09:00:00,0.2432,0.2442,0.2429,0.2438,150978.53
2026-07-01 10:00:00,0.2437,0.2442,0.2427,0.2439,169527.8
2026-07-01 11:00:00,0.2438,0.245,0.2438,0.2444,209548.82
2026-07-01 12:00:00,0.2444,0.2445,0.2431,0.2437,108634.56
2026-07-01 13:00:00,0.2438,0.2498,0.2421,0.2496,639775.68
2026-07-01 14:00:00,0.2497,0.2555,0.2495,0.2514,1604713.27
2026-07-01 15:00:00,0.2514,0.2557,0.2514,0.2536,411312.81
2026-07-01 16:00:00,0.2536,0.2551,0.2518,0.2521,415062.66
2026-07-01 17:00:00,0.2522,0.2523,0.2501,0.2513,406137.07
2026-07-01 18:00:00,0.2514,0.2519,0.2483,0.2489,292163.05
2026-07-01 19:00:00,0.249,0.2501,0.2483,0.2488,241117.78
2026-07-01 20:00:00,0.2489,0.2496,0.2477,0.2495,155370.05
2026-07-01 21:00:00,0.2493,0.2531,0.2492,0.2525,207509.43
2026-07-01 22:00:00,0.2523,0.2543,0.2497,0.25,324303.11
2026-07-01 23:00:00,0.2499,0.2499,0.2464,0.2465,268043.15
2026-07-02 00:00:00,0.2465,0.2473,0.245,0.2462,247156.2
2026-07-02 01:00:00,0.2462,0.2497,0.246,0.2488,135675.78
2026-07-02 02:00:00,0.2487,0.2492,0.2476,0.2489,88539.48
2026-07-02 03:00:00,0.2488,0.252,0.2474,0.252,310358.15
2026-07-02 04:00:00,0.2517,0.2519,0.25,0.2503,145117.38
2026-07-02 05:00:00,0.2504,0.2508,0.2484,0.249,58312.05
2026-07-02 06:00:00,0.2488,0.2492,0.2473,0.2478,178915.59
2026-07-02 07:00:00,0.2477,0.2487,0.247,0.2482,173419.41
2026-07-02 08:00:00,0.2484,0.2514,0.2481,0.2505,202577.69
2026-07-02 09:00:00,0.2504,0.2536,0.2494,0.253,275741.13
2026-07-02 10:00:00,0.253,0.2536,0.2526,0.2529,108071.28
2026-07-02 11:00:00,0.2529,0.2549,0.2527,0.2539,381564.2
2026-07-02 12:00:00,0.254,0.264,0.2537,0.261,2119058.26
2026-07-02 13:00:00,0.2611,0.2635,0.2587,0.2619,1203871.0
2026-07-02 14:00:00,0.262,0.2628,0.2556,0.2566,761587.3
2026-07-02 15:00:00,0.2566,0.2574,0.2545,0.2571,644426.05
2026-07-02 16:00:00,0.2572,0.26,0.2559,0.2588,264146.98
2026-07-02 17:00:00,0.2587,0.2596,0.2576,0.2577,134983.56
2026-07-02 18:00:00,0.2579,0.2628,0.2578,0.2599,807797.43
2026-07-02 19:00:00,0.2598,0.2607,0.2586,0.2592,201057.38
2026-07-02 20:00:00,0.2592,0.2599,0.2584,0.2592,178831.55
2026-07-02 21:00:00,0.2592,0.2595,0.2585,0.2594,124404.96
2026-07-02 22:00:00,0.2594,0.2595,0.2568,0.2583,198857.73
2026-07-02 23:00:00,0.2583,0.2596,0.2575,0.2585,146597.98
2026-07-03 00:00:00,0.2586,0.2592,0.2579,0.2586,105601.36
2026-07-03 01:00:00,0.2587,0.2614,0.2587,0.2609,120962.3
