timestamp,open,high,low,close,volume
2025-05-12 10:00:00,0.00292,0.002954,0.002896,0.002949,188558310.0
2025-05-12 11:00:00,0.002949,0.002967,0.002865,0.00287,393549933.0
2025-05-12 12:00:00,0.002869,0.002884,0.002813,0.002867,321581557.0
2025-05-12 13:00:00,0.002868,0.002884,0.00277,0.002831,438347362.0
2025-05-12 14:00:00,0.002831,0.002857,0.002708,0.00275,437789615.0
2025-05-12 15:00:00,0.002751,0.002771,0.002674,0.002705,322994168.0
2025-05-12 16:00:00,0.002707,0.00277,0.002684,0.002765,183230824.0
2025-05-12 17:00:00,0.002763,0.002784,0.00268,0.002712,160571998.0
2025-05-12 18:00:00,0.002713,0.002726,0.002528,0.002586,437340933.0
2025-05-12 19:00:00,0.002587,0.002661,0.002587,0.002642,194213252.0
2025-05-12 20:00:00,0.00264,0.002687,0.002628,0.002674,66789452.0
2025-05-12 21:00:00,0.002673,0.002698,0.002664,0.002687,71503560.0
2025-05-12 22:00:00,0.002688,0.002706,0.002677,0.002688,57292416.0
2025-05-12 23:00:00,0.002689,0.002703,0.002669,0.002674,100890600.0
2025-05-13 00:00:00,0.002674,0.002681,0.002629,0.00263,102160049.0
2025-05-13 01:00:00,0.00263,0.002644,0.002571,0.002587,101904764.0
2025-05-13 02:00:00,0.00259,0.002599,0.002509,0.002529,342476389.0
2025-05-13 03:00:00,0.00253,0.002546,0.002473,0.00248,169103951.0
2025-05-13 04:00:00,0.002479,0.002542,0.002469,0.002532,241576042.0
2025-05-13 05:00:00,0.002532,0.002554,0.002506,0.00252,96878986.0
2025-05-13 06:00:00,0.002521,0.002549,0.002512,0.002519,77810284.0
2025-05-13 07:00:00,0.00252,0.002627,0.002514,0.002609,203289933.0
2025-05-13 08:00:00,0.00261,0.002657,0.002595,0.002623,187290924.0
2025-05-13 09:00:00,0.002624,0.002753,0.002622,0.002739,436358918.0
2025-05-13 10:00:00,0.00274,0.00275,0.002676,0.002732,225913869.0
2025-05-13 11:00:00,0.002732,0.002762,0.002711,0.002746,241654411.0
2025-05-13 12:00:00,0.002746,0.002813,0.002728,0.002777,370905570.0
2025-05-13 13:00:00,0.002778,0.002828,0.002763,0.002785,380471592.0
2025-05-13 14:00:00,0.002785,0.002798,0.002696,0.002733,322954077.0
2025-05-13 15:00:00,0.002733,0.003018,0.002733,0.002989,1432762548.0
2025-05-13 16:00:00,0.002989,0.003044,0.002891,0.002998,1378983691.0
2025-05-13 17:00:00,0.002999,0.003122,0.002997,0.003019,1064517378.0
2025-05-13 18:00:00,0.00302,0.003113,0.002985,0.003066,836105508.0
2025-05-13 19:00:00,0.003065,0.003144,0.002999,0.003048,1176749194.0
2025-05-13 20:00:00,0.003049,0.003081,0.003001,0.003069,525075843.0
2025-05-13 21:00:00,0.003068,0.003092,0.003016,0.00304,255998846.0
2025-05-13 22:00:00,0.003044,0.003067,0.003013,0.00303,177978539.0
2025-05-13 23:00:00,0.003029,0.003084,0.002985,0.003064,335407790.0
2025-05-14 00:00:00,0.003062,0.003136,0.00303,0.003086,867450040.0
2025-05-14 01:00:00,0.003086,0.003138,0.003063,0.00311,461398609.0
2025-05-14 02:00:00,0.003109,0.003173,0.003065,0.003132,649946069.0
2025-05-14 03:00:00,0.00313,0.003137,0.003011,0.003054,670017560.0
2025-05-14 04:00:00,0.003054,0.003065,0.002961,0.003013,346401280.0
2025-05-14 05:00:00,0.003013,0.003057,0.002989,0.003037,370690284.0
2025-05-14 06:00:00,0.003036,0.003099,0.002994,0.003036,438661266.0
2025-05-14 07:00:00,0.003037,0.00307,0.002985,0.002989,270090655.0
2025-05-14 08:00:00,0.00299,0.003023,0.002842,0.002859,855594820.0
2025-05-14 09:00:00,0.00286,0.00296,0.002858,0.002944,395258036.0
2025-05-14 10:00:00,0.002945,0.002993,0.002929,0.00294,322740533.0
2025-05-14 11:00:00,0.002941,0.002993,0.002941,0.002969,183596647.0
2025-05-14 12:00:00,0.002968,0.002976,0.002879,0.002894,301845816.0
2025-05-14 13:00:00,0.002895,0.002942,0.002854,0.002903,321311020.0
2025-05-14 14:00:00,0.002904,0.002921,0.002854,0.002869,283129684.0
2025-05-14 15:00:00,0.002868,0.002873,0.002787,0.002841,408957556.0
2025-05-14 16:00:00,0.002841,0.002904,0.002791,0.002807,313905484.0
2025-05-14 17:00:00,0.002808,0.002809,0.002755,0.002799,216139418.0
2025-05-14 18:00:00,0.002798,0.002844,0.002794,0.002809,220787304.0
2025-05-14 19:00:00,0.002809,0.002826,0.002784,0.002807,107287358.0
2025-05-14 20:00:00,0.002808,0.002852,0.002807,0.002824,158956298.0
2025-05-14 21:00:00,0.002824,0.002827,0.002777,0.002817,151463003.0
2025-05-14 22:00:00,0.002818,0.002829,0.002774,0.002792,81292245.0
2025-05-14 23:00:00,0.002791,0.002799,0.002763,0.002795,99100067.0
2025-05-15 00:00:00,0.002796,0.00284,0.002787,0.002795,212261169.0
2025-05-15 01:00:00,0.002794,0.002804,0.002718,0.002728,260031935.0
2025-05-15 02:00:00,0.002726,0.002765,0.002719,0.002729,151744976.0
2025-05-15 03:00:00,0.00273,0.00276,0.002668,0.002681,194125907.0
2025-05-15 04:00:00,0.002682,0.002709,0.002677,0.002694,162125367.0
2025-05-15 05:00:00,0.002694,0.002704,0.002589,0.002612,352618281.0
2025-05-15 06:00:00,0.002612,0.002636,0.002563,0.002581,328767697.0
2025-05-15 07:00:00,0.002582,0.002586,0.002455,0.002462,479160270.0
2025-05-15 08:00:00,0.002462,0.002554,0.002462,0.002551,384503831.0
2025-05-15 09:00:00,0.00255,0.002556,0.002475,0.002505,245643395.0
2025-05-15 10:00:00,0.002507,0.00251,0.002461,0.002491,267979858.0
2025-05-15 11:00:00,0.002492,0.002541,0.002484,0.002511,238451854.0
2025-05-15 12:00:00,0.002511,0.002553,0.00249,0.002512,348612966.0
2025-05-15 13:00:00,0.002513,0.002537,0.002419,0.002456,463018229.0
2025-05-15 14:00:00,0.002457,0.002461,0.002364,0.002404,389910361.0
2025-05-15 15:00:00,0.002404,0.002517,0.002399,0.00251,306823382.0
2025-05-15 16:00:00,0.002509,0.00251,0.002457,0.002501,306176705.0
2025-05-15 17:00:00,0.002501,0.002561,0.002481,0.002521,373754035.0
2025-05-15 18:00:00,0.00252,0.002524,0.002407,0.00242,222525096.0
2025-05-15 19:00:00,0.002419,0.002462,0.00241,0.002445,242376466.0
2025-05-15 20:00:00,0.002445,0.002469,0.002403,0.002439,278303980.0
2025-05-15 21:00:00,0.002439,0.002441,0.002375,0.002429,129956498.0
2025-05-15 22:00:00,0.002429,0.002459,0.002401,0.002401,101924593.0
2025-05-15 23:00:00,0.002401,0.002402,0.002291,0.002374,498748189.0
2025-05-16 00:00:00,0.002375,0.002418,0.00236,0.002403,137611307.0
2025-05-16 01:00:00,0.002404,0.002418,0.002366,0.002387,120607105.0
2025-05-16 02:00:00,0.002387,0.00242,0.002372,0.002391,282912930.0
2025-05-16 03:00:00,0.002392,0.002411,0.002375,0.0024,154721590.0
2025-05-16 04:00:00,0.0024,0.002421,0.002357,0.002383,181780074.0
2025-05-16 05:00:00,0.002384,0.002434,0.002384,0.002417,166224309.0
2025-05-16 06:00:00,0.002416,0.002447,0.002401,0.00242,155124775.0
2025-05-16 07:00:00,0.00242,0.002454,0.002399,0.00245,181267445.0
2025-05-16 08:00:00,0.002451,0.002471,0.002373,0.002427,175267059.0
2025-05-16 09:00:00,0.002428,0.002456,0.00242,0.002448,120383304.0
2025-05-16 10:00:00,0.002446,0.002454,0.002417,0.002448,115649188.0
2025-05-16 11:00:00,0.00245,0.002465,0.002422,0.002434,117581371.0
2025-05-16 12:00:00,0.002434,0.002442,0.002386,0.002388,166620578.0
2025-05-16 13:00:00,0.002389,0.00244,0.002382,0.002435,242903051.0
2025-05-16 14:00:00,0.002435,0.002435,0.002358,0.002388,252603309.0
2025-05-16 15:00:00,0.002388,0.002417,0.002387,0.002397,163857560.0
2025-05-16 16:00:00,0.002397,0.002415,0.002344,0.00238,149234016.0
2025-05-16 17:00:00,0.002379,0.002385,0.002325,0.002329,135168151.0
2025-05-16 18:00:00,0.002328,0.002354,0.002324,0.00234,94108490.0
2025-05-16 19:00:00,0.00234,0.002361,0.002329,0.002346,75211140.0
2025-05-16 20:00:00,0.002345,0.002349,0.002285,0.002312,195397714.0
2025-05-16 21:00:00,0.002311,0.002357,0.002298,0.002317,153304823.0
2025-05-16 22:00:00,0.002317,0.002321,0.002249,0.002279,151896664.0
2025-05-16 23:00:00,0.002279,0.002309,0.002276,0.002293,64722141.0
2025-05-17 00:00:00,0.002293,0.002301,0.002239,0.002262,135068687.0
2025-05-17 01:00:00,0.002261,0.002261,0.002172,0.002209,156696689.0
2025-05-17 02:00:00,0.00221,0.002242,0.002189,0.002219,103262485.0
2025-05-17 03:00:00,0.00222,0.002233,0.002181,0.002229,88865392.0
2025-05-17 04:00:00,0.002229,0.002274,0.002223,0.002261,97707437.0
2025-05-17 05:00:00,0.00226,0.002264,0.002208,0.00221,70255851.0
2025-05-17 06:00:00,0.002212,0.002222,0.002177,0.002205,139911454.0
2025-05-17 07:00:00,0.002204,0.002212,0.00216,0.002192,158771920.0
2025-05-17 08:00:00,0.002192,0.002205,0.002168,0.00217,151421713.0
2025-05-17 09:00:00,0.002169,0.002187,0.002146,0.002173,117816695.0
2025-05-17 10:00:00,0.002172,0.002215,0.002167,0.0022,192934525.0
2025-05-17 11:00:00,0.002199,0.002231,0.002185,0.002208,133810624.0
2025-05-17 12:00:00,0.002208,0.002213,0.002187,0.002192,124430516.0
2025-05-17 13:00:00,0.002192,0.002205,0.002153,0.002162,113780997.0
2025-05-17 14:00:00,0.002162,0.00223,0.002158,0.002226,121967545.0
2025-05-17 15:00:00,0.002227,0.002233,0.002199,0.002202,104669921.0
2025-05-17 16:00:00,0.002203,0.002212,0.002156,0.002196,175865248.0
2025-05-17 17:00:00,0.002195,0.002216,0.002177,0.002179,96720690.0
2025-05-17 18:00:00,0.002177,0.0022,0.002154,0.002157,120798376.0
2025-05-17 19:00:00,0.002156,0.002195,0.00215,0.002162,67001320.0
2025-05-17 20:00:00,0.002163,0.002216,0.002155,0.002207,66760537.0
2025-05-17 21:00:00,0.002208,0.00221,0.002182,0.002197,49264035.0
2025-05-17 22:00:00,0.002198,0.002199,0.002154,0.002171,67775509.0
2025-05-17 23:00:00,0.00217,0.0022,0.002167,0.002195,41139941.0
2025-05-18 00:00:00,0.002196,0.002214,0.002179,0.002204,88344013.0
2025-05-18 01:00:00,0.002206,0.002221,0.002188,0.002212,64382893.0
2025-05-18 02:00:00,0.002213,0.002223,0.002197,0.002202,71266562.0
2025-05-18 03:00:00,0.002202,0.002213,0.002188,0.002197,102221011.0
2025-05-18 04:00:00,0.002198,0.002227,0.002193,0.002223,86486594.0
2025-05-18 05:00:00,0.002224,0.002334,0.002224,0.002326,342459398.0
2025-05-18 06:00:00,0.002326,0.002328,0.002277,0.002286,205996769.0
2025-05-18 07:00:00,0.002285,0.002369,0.002276,0.002362,205888337.0
2025-05-18 08:00:00,0.002362,0.002428,0.002354,0.002415,362774672.0
2025-05-18 09:00:00,0.002416,0.002442,0.002359,0.002377,269061437.0
2025-05-18 10:00:00,0.002377,0.002395,0.002354,0.002377,99855449.0
2025-05-18 11:00:00,0.002376,0.002408,0.002348,0.002351,175400354.0
2025-05-18 12:00:00,0.002352,0.00238,0.002326,0.002377,177246995.0
2025-05-18 13:00:00,0.002378,0.002423,0.002365,0.002418,225702700.0
2025-05-18 14:00:00,0.002418,0.002439,0.002383,0.002412,282797974.0
2025-05-18 15:00:00,0.002414,0.002481,0.002406,0.002472,301120132.0
2025-05-18 16:00:00,0.002472,0.002484,0.002433,0.002445,278642419.0
2025-05-18 17:00:00,0.002445,0.002458,0.002368,0.002374,269132143.0
2025-05-18 18:00:00,0.002374,0.002379,0.002313,0.002334,317224077.0
2025-05-18 19:00:00,0.002334,0.002344,0.00227,0.00228,187931599.0
2025-05-18 20:00:00,0.002279,0.0023,0.002209,0.002289,303457631.0
2025-05-18 21:00:00,0.00229,0.002341,0.00229,0.002317,88656093.0
2025-05-18 22:00:00,0.002315,0.002368,0.002284,0.002366,153324127.0
2025-05-18 23:00:00,0.002366,0.002427,0.002339,0.00241,141745714.0
2025-05-19 00:00:00,0.002411,0.002428,0.002328,0.00234,238068349.0
2025-05-19 01:00:00,0.00234,0.002352,0.00229,0.00231,227246442.0
2025-05-19 02:00:00,0.002309,0.00232,0.00227,0.002281,180754044.0
2025-05-19 03:00:00,0.002281,0.002288,0.002249,0.002268,135514398.0
2025-05-19 04:00:00,0.002268,0.00228,0.002209,0.002224,262739995.0
2025-05-19 05:00:00,0.002225,0.002238,0.00221,0.002222,180909103.0
2025-05-19 06:00:00,0.002223,0.002253,0.002154,0.002158,331995978.0
2025-05-19 07:00:00,0.002156,0.002236,0.002155,0.002226,236475368.0
2025-05-19 08:00:00,0.002227,0.002235,0.002195,0.002206,152855600.0
2025-05-19 09:00:00,0.002205,0.002222,0.002187,0.002193,130830465.0
2025-05-19 10:00:00,0.002192,0.002198,0.00217,0.002179,168687794.0
2025-05-19 11:00:00,0.002179,0.0022,0.002171,0.00219,239357860.0
2025-05-19 12:00:00,0.00219,0.002199,0.002144,0.002166,215644592.0
2025-05-19 13:00:00,0.002167,0.002246,0.002165,0.002223,203450231.0
2025-05-19 14:00:00,0.002224,0.002263,0.002208,0.002253,142599146.0
2025-05-19 15:00:00,0.002253,0.002274,0.002238,0.002253,175090555.0
2025-05-19 16:00:00,0.002253,0.002299,0.002229,0.002297,188235199.0
2025-05-19 17:00:00,0.002297,0.002344,0.002285,0.002299,191006461.0
2025-05-19 18:00:00,0.002298,0.002311,0.002256,0.002282,108100502.0
2025-05-19 19:00:00,0.002283,0.002304,0.002268,0.002288,130152078.0
2025-05-19 20:00:00,0.002288,0.00231,0.002282,0.002289,139938074.0
2025-05-19 21:00:00,0.00229,0.002294,0.002254,0.002294,104084199.0
2025-05-19 22:00:00,0.002293,0.002293,0.002262,0.002277,97596682.0
2025-05-19 23:00:00,0.002276,0.002302,0.002268,0.002293,41822377.0
2025-05-20 00:00:00,0.002293,0.002343,0.002269,0.002273,184787459.0
2025-05-20 01:00:00,0.002272,0.002332,0.002265,0.002313,107304804.0
2025-05-20 02:00:00,0.002315,0.002355,0.00231,0.002313,120862746.0
2025-05-20 03:00:00,0.002315,0.002325,0.002287,0.002305,94682929.0
2025-05-20 04:00:00,0.002306,0.002323,0.002287,0.002315,297072508.0
2025-05-20 05:00:00,0.002316,0.002341,0.002313,0.002315,71317525.0
2025-05-20 06:00:00,0.002315,0.002324,0.002276,0.002288,147144814.0
2025-05-20 07:00:00,0.002289,0.002294,0.002257,0.002267,106833087.0
2025-05-20 08:00:00,0.002268,0.002277,0.002244,0.002258,111840996.0
2025-05-20 09:00:00,0.002257,0.002279,0.002252,0.002262,73354242.0
2025-05-20 10:00:00,0.002263,0.002266,0.002213,0.002226,136137276.0
2025-05-20 11:00:00,0.002227,0.002238,0.002205,0.002227,71494213.0
2025-05-20 12:00:00,0.002227,0.002227,0.002171,0.0022,183270062.0
2025-05-20 13:00:00,0.0022,0.002225,0.002192,0.00221,227057447.0
2025-05-20 14:00:00,0.002209,0.002226,0.002196,0.002206,111226044.0
2025-05-20 15:00:00,0.002206,0.00224,0.002202,0.002229,81115036.0
2025-05-20 16:00:00,0.002228,0.002239,0.0022,0.002201,100199927.0
2025-05-20 17:00:00,0.002202,0.002261,0.002198,0.002241,118799696.0
2025-05-20 18:00:00,0.002241,0.002256,0.002189,0.002199,305927202.0
2025-05-20 19:00:00,0.002198,0.002279,0.00219,0.002268,156992318.0
2025-05-20 20:00:00,0.002267,0.002335,0.002258,0.002322,151886265.0
2025-05-20 21:00:00,0.002323,0.002339,0.002302,0.002311,144174372.0
2025-05-20 22:00:00,0.002311,0.002321,0.002281,0.002303,99889285.0
2025-05-20 23:00:00,0.002303,0.00233,0.002297,0.002312,63773505.0
2025-05-21 00:00:00,0.002312,0.002334,0.002298,0.0023,88457713.0
2025-05-21 01:00:00,0.002299,0.002323,0.002285,0.002287,100670978.0
2025-05-21 02:00:00,0.002287,0.002335,0.002263,0.002333,141350820.0
2025-05-21 03:00:00,0.002333,0.00237,0.002333,0.002349,167054102.0
2025-05-21 04:00:00,0.002349,0.002365,0.00233,0.002338,330877052.0
2025-05-21 05:00:00,0.002337,0.002373,0.002337,0.002359,146329460.0
2025-05-21 06:00:00,0.00236,0.002376,0.002334,0.002346,133311894.0
2025-05-21 07:00:00,0.002346,0.002351,0.002287,0.002299,258008496.0
2025-05-21 08:00:00,0.0023,0.002309,0.002271,0.002271,183240647.0
2025-05-21 09:00:00,0.002273,0.002281,0.002259,0.00227,83484135.0
2025-05-21 10:00:00,0.00227,0.002286,0.002263,0.002279,43254660.0
2025-05-21 11:00:00,0.002277,0.002332,0.002274,0.00232,159205411.0
2025-05-21 12:00:00,0.002322,0.002345,0.002303,0.00233,108279559.0
2025-05-21 13:00:00,0.002331,0.002353,0.002307,0.002339,139548334.0
2025-05-21 14:00:00,0.002339,0.002357,0.002314,0.002353,175047888.0
2025-05-21 15:00:00,0.002353,0.002364,0.002329,0.002354,236991940.0
2025-05-21 16:00:00,0.002355,0.002496,0.002348,0.002426,437843780.0
2025-05-21 17:00:00,0.002427,0.002455,0.002289,0.002317,665179034.0
2025-05-21 18:00:00,0.002318,0.002374,0.002306,0.002354,260499502.0
2025-05-21 19:00:00,0.002354,0.00239,0.00233,0.002385,158459006.0
2025-05-21 20:00:00,0.002384,0.002396,0.002342,0.00236,85228643.0
2025-05-21 21:00:00,0.002361,0.002395,0.002354,0.002354,69884555.0
2025-05-21 22:00:00,0.002355,0.002402,0.002352,0.002401,79312036.0
2025-05-21 23:00:00,0.002402,0.002441,0.002384,0.002393,217534803.0
2025-05-22 00:00:00,0.002394,0.002471,0.00239,0.00247,166909658.0
2025-05-22 01:00:00,0.002469,0.002497,0.002454,0.002488,362988872.0
2025-05-22 02:00:00,0.002488,0.002526,0.002459,0.0025,334463888.0
2025-05-22 03:00:00,0.0025,0.002522,0.002476,0.002497,248978050.0
2025-05-22 04:00:00,0.002497,0.002562,0.002485,0.002525,368765327.0
2025-05-22 05:00:00,0.002524,0.002543,0.002486,0.002488,287778094.0
2025-05-22 06:00:00,0.002489,0.002511,0.002474,0.002493,211585368.0
2025-05-22 07:00:00,0.002492,0.002535,0.002488,0.002521,213445290.0
2025-05-22 08:00:00,0.002521,0.00257,0.002502,0.002547,255604254.0
2025-05-22 09:00:00,0.002548,0.002601,0.002537,0.002589,289380723.0
2025-05-22 10:00:00,0.00259,0.002595,0.002548,0.002557,158596279.0
2025-05-22 11:00:00,0.002556,0.002561,0.002527,0.002546,149360468.0
2025-05-22 12:00:00,0.002547,0.002575,0.002536,0.002562,134646376.0
2025-05-22 13:00:00,0.002563,0.002564,0.002509,0.00253,229200666.0
2025-05-22 14:00:00,0.002531,0.00259,0.002531,0.002574,179317645.0
2025-05-22 15:00:00,0.002574,0.002596,0.002561,0.002566,123810466.0
2025-05-22 16:00:00,0.002567,0.002577,0.002533,0.002535,111784302.0
2025-05-22 17:00:00,0.002536,0.002575,0.002529,0.002548,80205333.0
2025-05-22 18:00:00,0.002548,0.002563,0.002537,0.002549,65450953.0
2025-05-22 19:00:00,0.002549,0.002558,0.002516,0.002531,75745459.0
2025-05-22 20:00:00,0.002532,0.002582,0.002529,0.002556,93962656.0
2025-05-22 21:00:00,0.002554,0.002554,0.00248,0.002503,181583459.0
2025-05-22 22:00:00,0.002504,0.0026,0.002501,0.00256,127802443.0
2025-05-22 23:00:00,0.00256,0.002608,0.00256,0.002603,112365178.0
2025-05-23 00:00:00,0.002604,0.002642,0.002571,0.00261,133661501.0
2025-05-23 01:00:00,0.002611,0.002691,0.002611,0.002671,343314361.0
2025-05-23 02:00:00,0.002672,0.002739,0.002664,0.002694,294501776.0
2025-05-23 03:00:00,0.002694,0.002713,0.002671,0.002687,180115586.0
2025-05-23 04:00:00,0.002687,0.002702,0.002613,0.002627,233456135.0
2025-05-23 05:00:00,0.002626,0.002632,0.002574,0.002613,153922158.0
2025-05-23 06:00:00,0.002612,0.002613,0.002519,0.00254,210102380.0
2025-05-23 07:00:00,0.002539,0.002575,0.002528,0.002534,94904811.0
2025-05-23 08:00:00,0.002535,0.002589,0.002534,0.002574,74264705.0
2025-05-23 09:00:00,0.002572,0.002632,0.002563,0.002625,150609509.0
2025-05-23 10:00:00,0.002626,0.002627,0.002577,0.002608,114793076.0
2025-05-23 11:00:00,0.002609,0.002609,0.002407,0.002439,761684073.0
2025-05-23 12:00:00,0.002441,0.002445,0.002336,0.002409,783018836.0
2025-05-23 13:00:00,0.002409,0.002472,0.002395,0.00247,377366029.0
2025-05-23 14:00:00,0.002471,0.00249,0.002447,0.002463,198741242.0
2025-05-23 15:00:00,0.002463,0.002472,0.002414,0.002418,121076353.0
2025-05-23 16:00:00,0.002417,0.002433,0.002383,0.002426,157599631.0
2025-05-23 17:00:00,0.002426,0.002443,0.002415,0.002426,80382141.0
2025-05-23 18:00:00,0.002426,0.002439,0.002394,0.002403,137327225.0
2025-05-23 19:00:00,0.002402,0.002418,0.002387,0.002393,79204037.0
2025-05-23 20:00:00,0.002393,0.002393,0.002353,0.00236,75046435.0
2025-05-23 21:00:00,0.002359,0.002375,0.002337,0.002349,113266976.0
2025-05-23 22:00:00,0.00235,0.002366,0.00232,0.002321,68531093.0
2025-05-23 23:00:00,0.002321,0.002326,0.00224,0.002261,325918273.0
2025-05-24 00:00:00,0.00226,0.002296,0.002241,0.00227,146533007.0
2025-05-24 01:00:00,0.00227,0.002304,0.002265,0.002272,114341368.0
2025-05-24 02:00:00,0.002271,0.002298,0.002262,0.002298,93356699.0
2025-05-24 03:00:00,0.002297,0.002332,0.002289,0.002316,134978542.0
2025-05-24 04:00:00,0.002316,0.002338,0.002307,0.002321,86291944.0
2025-05-24 05:00:00,0.00232,0.00232,0.002281,0.002291,167105053.0
2025-05-24 06:00:00,0.002289,0.002301,0.002272,0.002291,95621120.0
2025-05-24 07:00:00,0.002292,0.002322,0.002282,0.002297,147801229.0
2025-05-24 08:00:00,0.002298,0.002298,0.00226,0.002288,105941623.0
2025-05-24 09:00:00,0.002287,0.002308,0.002276,0.002284,92905383.0
2025-05-24 10:00:00,0.002283,0.002319,0.002279,0.002312,157509865.0
2025-05-24 11:00:00,0.002313,0.002337,0.002305,0.002307,129385814.0
2025-05-24 12:00:00,0.002307,0.002309,0.002283,0.002295,166038424.0
2025-05-24 13:00:00,0.002295,0.002302,0.002281,0.00229,102084361.0
2025-05-24 14:00:00,0.002289,0.002316,0.002282,0.002312,92933319.0
2025-05-24 15:00:00,0.002311,0.002315,0.002273,0.00229,104652728.0
2025-05-24 16:00:00,0.002291,0.002293,0.00226,0.002285,93609884.0
2025-05-24 17:00:00,0.002285,0.002333,0.00228,0.002291,225473379.0
2025-05-24 18:00:00,0.00229,0.002306,0.002261,0.002268,62101122.0
2025-05-24 19:00:00,0.002268,0.002288,0.002265,0.002275,49964734.0
2025-05-24 20:00:00,0.002277,0.0023,0.002269,0.002284,65918042.0
2025-05-24 21:00:00,0.002285,0.002289,0.002252,0.002276,80850195.0
2025-05-24 22:00:00,0.002275,0.002282,0.002255,0.002266,63712958.0
2025-05-24 23:00:00,0.002266,0.002294,0.002255,0.002278,112065589.0
2025-05-25 00:00:00,0.002279,0.002291,0.002205,0.002222,265278152.0
2025-05-25 01:00:00,0.002223,0.002247,0.002191,0.002226,203246470.0
2025-05-25 02:00:00,0.002227,0.002258,0.002201,0.002252,108272452.0
2025-05-25 03:00:00,0.002251,0.002278,0.002251,0.002268,61274527.0
2025-05-25 04:00:00,0.002267,0.002267,0.002218,0.002231,101552557.0
2025-05-25 05:00:00,0.00223,0.002252,0.002226,0.002247,51307191.0
2025-05-25 06:00:00,0.002247,0.002248,0.002225,0.002237,50070646.0
2025-05-25 07:00:00,0.002238,0.002238,0.002198,0.002221,94634514.0
2025-05-25 08:00:00,0.00222,0.00222,0.002155,0.002173,164434685.0
2025-05-25 09:00:00,0.002174,0.002188,0.002159,0.002175,163582242.0
2025-05-25 10:00:00,0.002176,0.002181,0.002151,0.002155,79911676.0
2025-05-25 11:00:00,0.002154,0.002173,0.002145,0.002167,127801864.0
2025-05-25 12:00:00,0.002167,0.002196,0.00215,0.002188,142641655.0
2025-05-25 13:00:00,0.002187,0.002203,0.002166,0.002178,107043323.0
2025-05-25 14:00:00,0.00218,0.002181,0.002122,0.002137,262285588.0
2025-05-25 15:00:00,0.002137,0.002143,0.002081,0.002125,255717301.0
2025-05-25 16:00:00,0.002126,0.002126,0.002088,0.002116,117082690.0
2025-05-25 17:00:00,0.002116,0.002133,0.002112,0.002126,97526659.0
2025-05-25 18:00:00,0.002127,0.002142,0.002117,0.002123,43929734.0
2025-05-25 19:00:00,0.002122,0.002166,0.00212,0.002151,88317283.0
2025-05-25 20:00:00,0.002151,0.002163,0.002131,0.002152,74125983.0
2025-05-25 21:00:00,0.002151,0.002167,0.00213,0.002151,59094409.0
2025-05-25 22:00:00,0.002152,0.002246,0.002145,0.002243,148886538.0
2025-05-25 23:00:00,0.002244,0.002267,0.00222,0.002252,95871037.0
2025-05-26 00:00:00,0.002252,0.002292,0.002229,0.002291,117413671.0
2025-05-26 01:00:00,0.002291,0.002296,0.002259,0.002275,82626482.0
2025-05-26 02:00:00,0.002274,0.002281,0.002256,0.002263,48603490.0
2025-05-26 03:00:00,0.002262,0.002298,0.002259,0.002285,66384098.0
2025-05-26 04:00:00,0.002284,0.002309,0.002279,0.002298,114407686.0
2025-05-26 05:00:00,0.002297,0.002304,0.002286,0.0023,43673616.0
2025-05-26 06:00:00,0.002301,0.002315,0.00229,0.002298,92146367.0
2025-05-26 07:00:00,0.002299,0.002313,0.002274,0.002313,104480550.0
2025-05-26 08:00:00,0.002314,0.002319,0.002283,0.002293,50949048.0
2025-05-26 09:00:00,0.002293,0.002312,0.002274,0.002281,97360257.0
2025-05-26 10:00:00,0.002283,0.002285,0.002257,0.002268,52824957.0
2025-05-26 11:00:00,0.002268,0.002282,0.002258,0.002266,121447904.0
2025-05-26 12:00:00,0.002267,0.002274,0.00225,0.002266,57014178.0
2025-05-26 13:00:00,0.002265,0.002279,0.002219,0.002231,107648951.0
2025-05-26 14:00:00,0.002231,0.002243,0.002208,0.002229,74481292.0
2025-05-26 15:00:00,0.00223,0.002266,0.002216,0.002249,86975969.0
2025-05-26 16:00:00,0.00225,0.002266,0.002187,0.002214,155602229.0
2025-05-26 17:00:00,0.002213,0.002223,0.002179,0.002184,80279781.0
2025-05-26 18:00:00,0.002183,0.002215,0.00218,0.002197,37408700.0
2025-05-26 19:00:00,0.002197,0.002208,0.002182,0.002189,48542520.0
2025-05-26 20:00:00,0.002188,0.002208,0.002177,0.002203,46294791.0
2025-05-26 21:00:00,0.002203,0.00224,0.002187,0.002237,180434868.0
2025-05-26 22:00:00,0.002238,0.002304,0.002188,0.002199,1291043989.0
2025-05-26 23:00:00,0.002199,0.002213,0.002191,0.002206,112989723.0
2025-05-27 00:00:00,0.002206,0.002253,0.002191,0.002196,282776791.0
2025-05-27 01:00:00,0.002196,0.002196,0.002117,0.00216,642110759.0
2025-05-27 02:00:00,0.00216,0.002188,0.002158,0.002174,59873077.0
2025-05-27 03:00:00,0.002173,0.002216,0.002173,0.002196,68466509.0
2025-05-27 04:00:00,0.002195,0.002208,0.002184,0.00219,130891524.0
2025-05-27 05:00:00,0.002191,0.002206,0.002169,0.002199,41608101.0
2025-05-27 06:00:00,0.002201,0.002241,0.002201,0.002205,125627298.0
2025-05-27 07:00:00,0.002205,0.00224,0.002205,0.002227,462748240.0
2025-05-27 08:00:00,0.002228,0.002259,0.002228,0.002254,110776624.0
2025-05-27 09:00:00,0.002255,0.002264,0.002236,0.002263,67028066.0
2025-05-27 10:00:00,0.002264,0.00227,0.002244,0.002254,63868104.0
2025-05-27 11:00:00,0.002254,0.002254,0.00223,0.002251,44042858.0
2025-05-27 12:00:00,0.002252,0.002267,0.002245,0.002265,56223553.0
2025-05-27 13:00:00,0.002265,0.002318,0.002254,0.002265,229636511.0
2025-05-27 14:00:00,0.002266,0.002285,0.002235,0.002252,128131194.0
2025-05-27 15:00:00,0.002253,0.00229,0.002238,0.002288,72077104.0
2025-05-27 16:00:00,0.002289,0.002318,0.002268,0.002301,138727295.0
2025-05-27 17:00:00,0.002301,0.002315,0.002283,0.002286,112557484.0
2025-05-27 18:00:00,0.002287,0.002306,0.002278,0.002285,128717050.0
2025-05-27 19:00:00,0.002284,0.002288,0.002267,0.00227,122272017.0
2025-05-27 20:00:00,0.00227,0.002291,0.002268,0.002282,53277373.0
2025-05-27 21:00:00,0.002282,0.002286,0.002254,0.002268,104536941.0
2025-05-27 22:00:00,0.002269,0.00228,0.00224,0.002252,118164232.0
2025-05-27 23:00:00,0.002252,0.002263,0.002245,0.00226,20644926.0
2025-05-28 00:00:00,0.00226,0.0023,0.00224,0.002298,44116867.0
2025-05-28 01:00:00,0.002299,0.002305,0.002269,0.002272,65122084.0
2025-05-28 02:00:00,0.002272,0.00228,0.002248,0.002271,81523896.0
2025-05-28 03:00:00,0.00227,0.002293,0.002261,0.002286,71950896.0
2025-05-28 04:00:00,0.002283,0.002298,0.002269,0.002294,49729309.0
2025-05-28 05:00:00,0.002294,0.002306,0.002269,0.002291,72581112.0
2025-05-28 06:00:00,0.00229,0.002292,0.002257,0.00226,64782773.0
2025-05-28 07:00:00,0.002259,0.00229,0.002257,0.00227,56397033.0
2025-05-28 08:00:00,0.002271,0.002283,0.002248,0.002273,78460279.0
2025-05-28 09:00:00,0.002275,0.002279,0.002243,0.002254,53289617.0
2025-05-28 10:00:00,0.002253,0.002294,0.002225,0.002289,81743713.0
2025-05-28 11:00:00,0.002289,0.002308,0.002285,0.002304,101096628.0
2025-05-28 12:00:00,0.002305,0.00239,0.002293,0.00236,360271075.0
2025-05-28 13:00:00,0.002361,0.002365,0.002295,0.002303,285966675.0
2025-05-28 14:00:00,0.002303,0.002313,0.002274,0.002282,306168052.0
2025-05-28 15:00:00,0.002281,0.002299,0.002251,0.002256,218611359.0
2025-05-28 16:00:00,0.002257,0.002281,0.00224,0.002281,111947081.0
2025-05-28 17:00:00,0.002281,0.002326,0.002262,0.002281,87931560.0
2025-05-28 18:00:00,0.00228,0.002286,0.002237,0.002238,61466273.0
2025-05-28 19:00:00,0.002237,0.002258,0.002202,0.002214,127852966.0
2025-05-28 20:00:00,0.002215,0.002236,0.002194,0.002232,115258578.0
2025-05-28 21:00:00,0.002233,0.002249,0.002216,0.002246,42612516.0
2025-05-28 22:00:00,0.002245,0.00225,0.002218,0.002228,131934313.0
2025-05-28 23:00:00,0.002228,0.002285,0.002228,0.002281,139472359.0
2025-05-29 00:00:00,0.002282,0.002339,0.002262,0.002339,127635332.0
2025-05-29 01:00:00,0.00234,0.002341,0.002295,0.002316,117635407.0
2025-05-29 02:00:00,0.002315,0.002377,0.002295,0.002367,142090923.0
2025-05-29 03:00:00,0.002368,0.002377,0.002321,0.002328,131424639.0
2025-05-29 04:00:00,0.002328,0.002337,0.002258,0.002294,139931043.0
2025-05-29 05:00:00,0.002295,0.002309,0.002283,0.002293,58520836.0
2025-05-29 06:00:00,0.002292,0.00231,0.002288,0.0023,49142631.0
2025-05-29 07:00:00,0.002299,0.002311,0.002284,0.002291,66673662.0
2025-05-29 08:00:00,0.002292,0.002313,0.002274,0.002307,67418297.0
2025-05-29 09:00:00,0.002306,0.002308,0.00229,0.002301,35107473.0
2025-05-29 10:00:00,0.002302,0.002306,0.002281,0.002299,54085544.0
2025-05-29 11:00:00,0.0023,0.002315,0.002291,0.002302,96192069.0
2025-05-29 12:00:00,0.002301,0.002302,0.002262,0.002282,132294778.0
2025-05-29 13:00:00,0.002282,0.002303,0.002242,0.002253,132237372.0
2025-05-29 14:00:00,0.002253,0.002273,0.002209,0.002269,124102790.0
2025-05-29 15:00:00,0.002268,0.002272,0.002239,0.002244,58575570.0
2025-05-29 16:00:00,0.002244,0.002258,0.002215,0.002222,48465816.0
2025-05-29 17:00:00,0.002219,0.002253,0.002217,0.002236,78238358.0
2025-05-29 18:00:00,0.002236,0.00226,0.002215,0.002219,61210695.0
2025-05-29 19:00:00,0.002219,0.002228,0.002185,0.002198,73258236.0
2025-05-29 20:00:00,0.002197,0.002218,0.002187,0.002195,95406370.0
2025-05-29 21:00:00,0.002193,0.002238,0.002193,0.002236,26000366.0
2025-05-29 22:00:00,0.002234,0.002237,0.002209,0.002209,31334563.0
2025-05-29 23:00:00,0.002208,0.002219,0.002167,0.002184,111690051.0
2025-05-30 00:00:00,0.002184,0.002199,0.001981,0.002024,789185762.0
2025-05-30 01:00:00,0.002025,0.002087,0.002011,0.00207,229635643.0
2025-05-30 02:00:00,0.00207,0.002107,0.002067,0.002082,135656884.0
2025-05-30 03:00:00,0.002081,0.002097,0.002072,0.002074,81878773.0
2025-05-30 04:00:00,0.002074,0.002074,0.002051,0.00206,83629918.0
2025-05-30 05:00:00,0.002061,0.002082,0.002048,0.002068,80967831.0
2025-05-30 06:00:00,0.002067,0.002067,0.002009,0.002024,108945233.0
2025-05-30 07:00:00,0.002025,0.002046,0.002021,0.002021,114261811.0
2025-05-30 08:00:00,0.002022,0.002044,0.001993,0.002007,183666410.0
2025-05-30 09:00:00,0.002006,0.002024,0.001981,0.002021,145322326.0
2025-05-30 10:00:00,0.00202,0.002027,0.001997,0.002024,100090307.0
2025-05-30 11:00:00,0.002023,0.002035,0.00201,0.002021,123472969.0
2025-05-30 12:00:00,0.00202,0.002042,0.001982,0.002028,148687149.0
2025-05-30 13:00:00,0.002029,0.002037,0.002003,0.002009,120235059.0
2025-05-30 14:00:00,0.00201,0.002045,0.002004,0.002031,133229724.0
2025-05-30 15:00:00,0.00203,0.002041,0.002007,0.00201,89962433.0
2025-05-30 16:00:00,0.002011,0.002014,0.00187,0.001917,675843076.0
2025-05-30 17:00:00,0.001916,0.001943,0.001898,0.001914,156514471.0
2025-05-30 18:00:00,0.001914,0.00195,0.001909,0.001943,119042023.0
2025-05-30 19:00:00,0.001942,0.001955,0.001927,0.001936,148356600.0
2025-05-30 20:00:00,0.001936,0.001945,0.001915,0.001916,57633463.0
2025-05-30 21:00:00,0.001915,0.001926,0.001898,0.001905,41382679.0
2025-05-30 22:00:00,0.001906,0.001916,0.001817,0.00182,403153173.0
2025-05-30 23:00:00,0.001821,0.001849,0.00178,0.001805,304820240.0
2025-05-31 00:00:00,0.001805,0.001812,0.001734,0.001741,377882187.0
2025-05-31 01:00:00,0.001742,0.001771,0.001716,0.001747,324859753.0
2025-05-31 02:00:00,0.001747,0.001768,0.001734,0.001739,139185183.0
2025-05-31 03:00:00,0.001739,0.001751,0.001723,0.001746,73412260.0
2025-05-31 04:00:00,0.001745,0.001797,0.001727,0.001794,110664925.0
2025-05-31 05:00:00,0.001794,0.001809,0.001777,0.001788,86706304.0
2025-05-31 06:00:00,0.001787,0.001817,0.001782,0.001803,146579519.0
2025-05-31 07:00:00,0.001803,0.001824,0.0018,0.001814,56452503.0
2025-05-31 08:00:00,0.001814,0.001821,0.00179,0.001808,75439229.0
2025-05-31 09:00:00,0.001808,0.001819,0.001784,0.001797,80259399.0
2025-05-31 10:00:00,0.001794,0.001812,0.001771,0.001796,129786515.0
2025-05-31 11:00:00,0.001795,0.001795,0.001776,0.001781,35372370.0
2025-05-31 12:00:00,0.001781,0.001821,0.001772,0.001821,56672188.0
2025-05-31 13:00:00,0.001821,0.001847,0.001819,0.001825,145679503.0
2025-05-31 14:00:00,0.001824,0.001856,0.001821,0.00185,91680171.0
2025-05-31 15:00:00,0.00185,0.001864,0.001824,0.001828,135939854.0
2025-05-31 16:00:00,0.001828,0.001858,0.001814,0.001843,119970820.0
2025-05-31 17:00:00,0.001845,0.001849,0.001821,0.001826,77395661.0
2025-05-31 18:00:00,0.001825,0.001852,0.001825,0.00185,48802224.0
2025-05-31 19:00:00,0.00185,0.001865,0.001848,0.001854,34915285.0
2025-05-31 20:00:00,0.001855,0.001865,0.00185,0.001865,29804637.0
2025-05-31 21:00:00,0.001864,0.001885,0.001864,0.001877,84847101.0
2025-05-31 22:00:00,0.001877,0.001879,0.001857,0.001865,76398332.0
2025-05-31 23:00:00,0.001865,0.001876,0.001851,0.001859,58067055.0
2025-06-01 00:00:00,0.001858,0.00187,0.001842,0.001856,35990374.0
2025-06-01 01:00:00,0.001855,0.001876,0.001842,0.001848,47656104.0
2025-06-01 02:00:00,0.001848,0.001864,0.001831,0.00186,40452485.0
2025-06-01 03:00:00,0.00186,0.001871,0.001845,0.001861,43223312.0
2025-06-01 04:00:00,0.001861,0.00188,0.001851,0.001874,24595842.0
2025-06-01 05:00:00,0.001875,0.001902,0.00187,0.0019,76286629.0
2025-06-01 06:00:00,0.001899,0.001907,0.001884,0.001889,86932192.0
2025-06-01 07:00:00,0.001888,0.001928,0.001884,0.001928,201246623.0
2025-06-01 08:00:00,0.001928,0.001931,0.001897,0.001908,158946992.0
2025-06-01 09:00:00,0.001909,0.001914,0.001859,0.001875,210473897.0
2025-06-01 10:00:00,0.001874,0.001892,0.001869,0.001884,65665676.0
2025-06-01 11:00:00,0.001883,0.001903,0.001874,0.001901,52394668.0
2025-06-01 12:00:00,0.001901,0.001903,0.001863,0.001872,87558930.0
2025-06-01 13:00:00,0.001871,0.001908,0.001869,0.001899,57048451.0
2025-06-01 14:00:00,0.001899,0.001942,0.001899,0.001926,112213467.0
2025-06-01 15:00:00,0.001927,0.001932,0.001905,0.00191,136876559.0
2025-06-01 16:00:00,0.00191,0.00194,0.001904,0.001914,189029242.0
2025-06-01 17:00:00,0.001914,0.001924,0.001899,0.001907,121730931.0
2025-06-01 18:00:00,0.001907,0.00191,0.001866,0.001886,99046384.0
2025-06-01 19:00:00,0.001887,0.001902,0.001884,0.001901,59126713.0
2025-06-01 20:00:00,0.0019,0.001915,0.001886,0.001905,69104851.0
2025-06-01 21:00:00,0.001906,0.00192,0.001901,0.001918,38578540.0
2025-06-01 22:00:00,0.001919,0.001932,0.001909,0.001912,41550690.0
2025-06-01 23:00:00,0.001913,0.001923,0.001908,0.001914,32750868.0
2025-06-02 00:00:00,0.001915,0.00192,0.001906,0.001913,39494580.0
2025-06-02 01:00:00,0.001914,0.001929,0.001903,0.001905,188033586.0
2025-06-02 02:00:00,0.001905,0.001906,0.001869,0.001872,143260014.0
2025-06-02 03:00:00,0.001873,0.001874,0.001853,0.001862,72432658.0
2025-06-02 04:00:00,0.001862,0.001885,0.001855,0.001866,160867014.0
2025-06-02 05:00:00,0.001867,0.001882,0.001854,0.001868,42469556.0
2025-06-02 06:00:00,0.001867,0.001909,0.001859,0.001898,50820764.0
2025-06-02 07:00:00,0.001898,0.001921,0.001896,0.0019,35845151.0
2025-06-02 08:00:00,0.0019,0.001909,0.001873,0.001881,57997488.0
2025-06-02 09:00:00,0.00188,0.00188,0.001842,0.001851,68400182.0
2025-06-02 10:00:00,0.001849,0.001855,0.001839,0.001855,81039006.0
2025-06-02 11:00:00,0.001854,0.001866,0.001847,0.001859,61295040.0
2025-06-02 12:00:00,0.001861,0.001887,0.001849,0.001882,44744056.0
2025-06-02 13:00:00,0.001881,0.001902,0.001867,0.001882,76498879.0
2025-06-02 14:00:00,0.001882,0.001922,0.001872,0.0019,101773142.0
2025-06-02 15:00:00,0.001901,0.001919,0.001885,0.001911,47316748.0
2025-06-02 16:00:00,0.001911,0.001913,0.001884,0.001901,35781184.0
2025-06-02 17:00:00,0.001901,0.001905,0.001882,0.001901,48385561.0
2025-06-02 18:00:00,0.001902,0.001923,0.001889,0.001892,63624812.0
2025-06-02 19:00:00,0.001892,0.001901,0.001864,0.001878,44133265.0
2025-06-02 20:00:00,0.001879,0.001922,0.001879,0.00192,115667868.0
2025-06-02 21:00:00,0.00192,0.001942,0.001919,0.001936,99255822.0
2025-06-02 22:00:00,0.001938,0.001964,0.001938,0.001948,99151222.0
2025-06-02 23:00:00,0.001949,0.001955,0.00194,0.001941,57591892.0
2025-06-03 00:00:00,0.001942,0.001975,0.001936,0.001973,72356191.0
2025-06-03 01:00:00,0.001974,0.002009,0.001972,0.002006,106795244.0
2025-06-03 02:00:00,0.002007,0.002012,0.001966,0.001975,68824143.0
2025-06-03 03:00:00,0.001974,0.001979,0.001958,0.001973,55772012.0
2025-06-03 04:00:00,0.001974,0.001977,0.001942,0.001949,51320605.0
2025-06-03 05:00:00,0.001948,0.001988,0.001948,0.001987,105008053.0
2025-06-03 06:00:00,0.001987,0.001996,0.001973,0.001996,40168199.0
2025-06-03 07:00:00,0.001995,0.002001,0.001978,0.001981,49063144.0
2025-06-03 08:00:00,0.001981,0.001986,0.001955,0.001971,49616346.0
2025-06-03 09:00:00,0.001972,0.001988,0.001963,0.001983,48999983.0
2025-06-03 10:00:00,0.001984,0.001985,0.001972,0.001982,28445103.0
2025-06-03 11:00:00,0.001982,0.001992,0.001973,0.001979,57343675.0
2025-06-03 12:00:00,0.001978,0.002011,0.001971,0.002007,196220873.0
2025-06-03 13:00:00,0.002006,0.002028,0.001996,0.00201,179507944.0
2025-06-03 14:00:00,0.00201,0.002028,0.00199,0.002025,183798437.0
2025-06-03 15:00:00,0.002026,0.002028,0.002001,0.002014,142620744.0
2025-06-03 16:00:00,0.002016,0.002019,0.00199,0.001993,150185654.0
2025-06-03 17:00:00,0.001992,0.002025,0.00199,0.002013,73671714.0
2025-06-03 18:00:00,0.002014,0.002017,0.001996,0.002007,60198042.0
2025-06-03 19:00:00,0.002009,0.002033,0.002009,0.002022,62260715.0
2025-06-03 20:00:00,0.002022,0.002023,0.001977,0.001993,62711707.0
2025-06-03 21:00:00,0.001992,0.001996,0.001953,0.001968,72284781.0
2025-06-03 22:00:00,0.001967,0.00199,0.001965,0.001982,23863913.0
2025-06-03 23:00:00,0.001983,0.001987,0.001968,0.001973,32146307.0
2025-06-04 00:00:00,0.001974,0.00199,0.001961,0.001987,25867759.0
2025-06-04 01:00:00,0.001988,0.002017,0.001987,0.001998,78797812.0
2025-06-04 02:00:00,0.001998,0.00201,0.001979,0.001979,51255150.0
2025-06-04 03:00:00,0.001982,0.002009,0.00198,0.002001,31216820.0
2025-06-04 04:00:00,0.002004,0.002008,0.001993,0.002004,33369600.0
2025-06-04 05:00:00,0.002003,0.002015,0.001998,0.002006,50015815.0
2025-06-04 06:00:00,0.002007,0.002025,0.00199,0.002018,78884153.0
2025-06-04 07:00:00,0.002017,0.002022,0.002004,0.002015,53191459.0
2025-06-04 08:00:00,0.002015,0.00204,0.00201,0.002029,99810598.0
2025-06-04 09:00:00,0.002031,0.002036,0.002,0.002016,72691781.0
2025-06-04 10:00:00,0.002016,0.002017,0.001975,0.001978,91482851.0
2025-06-04 11:00:00,0.001977,0.001986,0.001961,0.001963,79500450.0
2025-06-04 12:00:00,0.001964,0.001973,0.001936,0.001947,142063053.0
2025-06-04 13:00:00,0.001945,0.001966,0.001939,0.001947,60439497.0
2025-06-04 14:00:00,0.001945,0.001962,0.001926,0.00196,91106464.0
2025-06-04 15:00:00,0.001959,0.001989,0.001952,0.001982,78368557.0
2025-06-04 16:00:00,0.001982,0.001982,0.001959,0.001967,76670629.0
2025-06-04 17:00:00,0.001967,0.001967,0.001925,0.001939,60041360.0
2025-06-04 18:00:00,0.001939,0.001948,0.001923,0.001926,42883244.0
2025-06-04 19:00:00,0.001927,0.001929,0.001899,0.001903,82111009.0
2025-06-04 20:00:00,0.001902,0.001907,0.001869,0.001879,71735502.0
2025-06-04 21:00:00,0.001878,0.001905,0.001852,0.001893,87134581.0
2025-06-04 22:00:00,0.001893,0.001894,0.00187,0.001876,43234974.0
2025-06-04 23:00:00,0.001875,0.00188,0.00186,0.001873,41315337.0
2025-06-05 00:00:00,0.001873,0.001889,0.00186,0.001884,63688343.0
2025-06-05 01:00:00,0.001885,0.001896,0.001875,0.001881,31287095.0
2025-06-05 02:00:00,0.001882,0.001903,0.001882,0.001886,58924392.0
2025-06-05 03:00:00,0.001886,0.001888,0.001875,0.001882,32616201.0
2025-06-05 04:00:00,0.001883,0.001886,0.001872,0.001881,33742736.0
2025-06-05 05:00:00,0.001881,0.001881,0.001838,0.001846,141472622.0
2025-06-05 06:00:00,0.001846,0.001859,0.001841,0.001851,91426730.0
2025-06-05 07:00:00,0.001849,0.001893,0.001848,0.001872,76558517.0
2025-06-05 08:00:00,0.001872,0.00188,0.001864,0.001873,43496315.0
2025-06-05 09:00:00,0.001874,0.001886,0.001863,0.001871,32714159.0
2025-06-05 10:00:00,0.00187,0.00187,0.001812,0.001829,251752507.0
2025-06-05 11:00:00,0.001829,0.001834,0.001818,0.001834,47434165.0
2025-06-05 12:00:00,0.001833,0.001876,0.001823,0.001867,135030017.0
2025-06-05 13:00:00,0.001867,0.001886,0.001822,0.001829,133868856.0
2025-06-05 14:00:00,0.001829,0.001853,0.001799,0.001844,141510710.0
2025-06-05 15:00:00,0.001844,0.001855,0.001831,0.001836,64097790.0
2025-06-05 16:00:00,0.001836,0.00184,0.001797,0.001813,146922381.0
2025-06-05 17:00:00,0.001813,0.001825,0.001805,0.001815,75901500.0
2025-06-05 18:00:00,0.001814,0.001819,0.001794,0.001805,76422917.0
2025-06-05 19:00:00,0.001805,0.001808,0.001719,0.00175,361433331.0
2025-06-05 20:00:00,0.00175,0.001757,0.001667,0.001671,315199981.0
2025-06-05 21:00:00,0.00167,0.001721,0.001669,0.001718,177092324.0
2025-06-05 22:00:00,0.001717,0.00172,0.0017,0.001708,93147961.0
2025-06-05 23:00:00,0.001709,0.001719,0.001702,0.001702,53785212.0
2025-06-06 00:00:00,0.001703,0.001727,0.00169,0.001724,134257345.0
2025-06-06 01:00:00,0.001724,0.001725,0.001712,0.001715,37895658.0
2025-06-06 02:00:00,0.001715,0.001725,0.001702,0.001725,32007590.0
2025-06-06 03:00:00,0.001725,0.00174,0.001713,0.001739,53068506.0
2025-06-06 04:00:00,0.001738,0.001749,0.00173,0.001742,48790229.0
2025-06-06 05:00:00,0.001741,0.001756,0.001735,0.001753,39279846.0
2025-06-06 06:00:00,0.001752,0.001764,0.001747,0.001762,53569302.0
2025-06-06 07:00:00,0.001762,0.001769,0.00175,0.001761,39917959.0
2025-06-06 08:00:00,0.00176,0.001777,0.001757,0.001772,52128142.0
2025-06-06 09:00:00,0.001771,0.001776,0.001744,0.001752,224374274.0
2025-06-06 10:00:00,0.001754,0.001763,0.001748,0.001754,86877534.0
2025-06-06 11:00:00,0.001753,0.001774,0.001752,0.001768,46606660.0
2025-06-06 12:00:00,0.001768,0.001811,0.001768,0.001787,141683020.0
2025-06-06 13:00:00,0.001788,0.001828,0.001788,0.001815,75241996.0
2025-06-06 14:00:00,0.001816,0.001829,0.001809,0.001827,77045235.0
2025-06-06 15:00:00,0.001828,0.001842,0.001802,0.001814,89957397.0
2025-06-06 16:00:00,0.001813,0.001815,0.001784,0.001787,72605542.0
2025-06-06 17:00:00,0.001788,0.001789,0.001751,0.001767,59292352.0
2025-06-06 18:00:00,0.001767,0.001769,0.001734,0.001741,50925352.0
2025-06-06 19:00:00,0.001741,0.001754,0.001735,0.001747,39089156.0
2025-06-06 20:00:00,0.001746,0.001773,0.001745,0.00176,23207568.0
2025-06-06 21:00:00,0.00176,0.001761,0.001745,0.001752,20333614.0
2025-06-06 22:00:00,0.001752,0.001753,0.001733,0.001745,38084655.0
2025-06-06 23:00:00,0.001745,0.001748,0.001736,0.00174,56769651.0
2025-06-07 00:00:00,0.001739,0.001774,0.001737,0.001773,44354333.0
2025-06-07 01:00:00,0.001773,0.001781,0.001759,0.001771,36434533.0
2025-06-07 02:00:00,0.00177,0.0018,0.001766,0.001797,44600654.0
2025-06-07 03:00:00,0.001796,0.001821,0.001795,0.001812,64349402.0
2025-06-07 04:00:00,0.001813,0.00183,0.00181,0.00183,41179045.0
2025-06-07 05:00:00,0.00183,0.001833,0.001818,0.00182,37380414.0
2025-06-07 06:00:00,0.001821,0.001846,0.001815,0.001845,41531066.0
2025-06-07 07:00:00,0.001845,0.001845,0.00183,0.001834,56777129.0
2025-06-07 08:00:00,0.001835,0.001844,0.00183,0.001833,36575691.0
2025-06-07 09:00:00,0.001834,0.001838,0.00182,0.001825,41100654.0
2025-06-07 10:00:00,0.001826,0.001841,0.001823,0.00184,51065977.0
2025-06-07 11:00:00,0.001839,0.001841,0.001828,0.001831,33616060.0
2025-06-07 12:00:00,0.001831,0.001849,0.00183,0.001833,23577792.0
2025-06-07 13:00:00,0.001832,0.001845,0.001824,0.001832,37647958.0
2025-06-07 14:00:00,0.001833,0.001845,0.001831,0.001837,23343838.0
2025-06-07 15:00:00,0.001836,0.001836,0.001819,0.001828,35566923.0
2025-06-07 16:00:00,0.001828,0.001833,0.001813,0.001818,24726957.0
2025-06-07 17:00:00,0.001818,0.001823,0.001802,0.001803,49208634.0
2025-06-07 18:00:00,0.001803,0.001819,0.001802,0.001814,24723407.0
2025-06-07 19:00:00,0.001815,0.001825,0.001815,0.001819,19804774.0
2025-06-07 20:00:00,0.001818,0.001825,0.001814,0.001818,9922567.0
2025-06-07 21:00:00,0.001819,0.001832,0.001818,0.001827,48043494.0
2025-06-07 22:00:00,0.001827,0.001838,0.001819,0.001829,38837967.0
2025-06-07 23:00:00,0.001829,0.00183,0.00182,0.001828,25995601.0
2025-06-08 00:00:00,0.001828,0.001829,0.001816,0.001822,25950889.0
2025-06-08 01:00:00,0.001821,0.001844,0.001821,0.001841,35000775.0
2025-06-08 02:00:00,0.001841,0.001841,0.001823,0.001823,34475591.0
2025-06-08 03:00:00,0.001822,0.001823,0.001813,0.001814,11552701.0
2025-06-08 04:00:00,0.001814,0.001828,0.001809,0.001825,38256262.0
2025-06-08 05:00:00,0.001825,0.001826,0.001801,0.001804,36736103.0
2025-06-08 06:00:00,0.001804,0.001816,0.001803,0.001806,19030930.0
2025-06-08 07:00:00,0.001805,0.001807,0.001788,0.00179,46916101.0
2025-06-08 08:00:00,0.00179,0.001808,0.00179,0.001801,31815633.0
2025-06-08 09:00:00,0.001802,0.001803,0.001787,0.00179,85448795.0
2025-06-08 10:00:00,0.00179,0.001806,0.001787,0.001802,32095126.0
2025-06-08 11:00:00,0.001802,0.001823,0.001801,0.001817,73187264.0
2025-06-08 12:00:00,0.001817,0.001823,0.001805,0.001813,27308434.0
2025-06-08 13:00:00,0.001813,0.00184,0.001804,0.00181,42416795.0
2025-06-08 14:00:00,0.00181,0.001827,0.001808,0.001822,30259928.0
2025-06-08 15:00:00,0.001823,0.001834,0.001821,0.001824,56146816.0
2025-06-08 16:00:00,0.001823,0.001847,0.001823,0.001842,45547037.0
2025-06-08 17:00:00,0.001842,0.001852,0.001833,0.001834,41667964.0
2025-06-08 18:00:00,0.001834,0.001842,0.001827,0.001842,30329928.0
2025-06-08 19:00:00,0.001842,0.001848,0.001834,0.001843,21578049.0
2025-06-08 20:00:00,0.001844,0.001853,0.001842,0.001845,23560027.0
2025-06-08 21:00:00,0.001846,0.001865,0.001846,0.001861,27409709.0
2025-06-08 22:00:00,0.001862,0.001862,0.001826,0.001829,40532885.0
2025-06-08 23:00:00,0.00183,0.001831,0.001821,0.001825,58178437.0
2025-06-09 00:00:00,0.001825,0.001834,0.001813,0.001825,86504655.0
2025-06-09 01:00:00,0.001825,0.001827,0.001808,0.001812,23151621.0
2025-06-09 02:00:00,0.001812,0.001819,0.001803,0.001809,33293804.0
2025-06-09 03:00:00,0.001808,0.001811,0.001795,0.001808,49729708.0
2025-06-09 04:00:00,0.001808,0.00182,0.001793,0.001796,111937413.0
2025-06-09 05:00:00,0.001796,0.001797,0.001768,0.001776,91151204.0
2025-06-09 06:00:00,0.001776,0.001797,0.001766,0.001797,60010178.0
2025-06-09 07:00:00,0.001795,0.001795,0.001775,0.001783,58246374.0
2025-06-09 08:00:00,0.001783,0.001802,0.001772,0.001799,50176288.0
2025-06-09 09:00:00,0.001799,0.001835,0.001795,0.001824,75522470.0
2025-06-09 10:00:00,0.001825,0.001845,0.001818,0.001834,102936937.0
2025-06-09 11:00:00,0.001835,0.001844,0.001827,0.001835,73496334.0
2025-06-09 12:00:00,0.001836,0.001853,0.001831,0.001851,104867234.0
2025-06-09 13:00:00,0.001852,0.001857,0.001811,0.001818,94352717.0
2025-06-09 14:00:00,0.001818,0.00184,0.001812,0.001832,62513258.0
2025-06-09 15:00:00,0.001833,0.00185,0.001831,0.001835,43658551.0
2025-06-09 16:00:00,0.001836,0.001871,0.001836,0.001856,73375642.0
2025-06-09 17:00:00,0.001857,0.001871,0.001856,0.001862,38866566.0
2025-06-09 18:00:00,0.001862,0.001882,0.001862,0.001873,138597707.0
2025-06-09 19:00:00,0.001873,0.001876,0.001853,0.001859,44794004.0
2025-06-09 20:00:00,0.00186,0.001866,0.001856,0.001859,60836472.0
2025-06-09 21:00:00,0.001859,0.001925,0.001859,0.001922,163302245.0
2025-06-09 22:00:00,0.001923,0.001945,0.001921,0.001941,137319800.0
2025-06-09 23:00:00,0.00194,0.001942,0.001925,0.00194,50143513.0
2025-06-10 00:00:00,0.001941,0.001965,0.001941,0.00195,76185646.0
2025-06-10 01:00:00,0.001949,0.001953,0.001931,0.001934,83573674.0
2025-06-10 02:00:00,0.001934,0.001934,0.00191,0.001914,55418256.0
2025-06-10 03:00:00,0.001915,0.00192,0.001901,0.001912,98992392.0
2025-06-10 04:00:00,0.001913,0.001921,0.001895,0.001903,67785402.0
2025-06-10 05:00:00,0.001904,0.001917,0.001885,0.001894,184928541.0
2025-06-10 06:00:00,0.001894,0.001913,0.001879,0.001908,72238658.0
2025-06-10 07:00:00,0.001909,0.001929,0.001903,0.001919,54971806.0
2025-06-10 08:00:00,0.00192,0.001933,0.001902,0.001905,56769681.0
2025-06-10 09:00:00,0.001905,0.001937,0.0019,0.001935,47087177.0
2025-06-10 10:00:00,0.001935,0.00194,0.001918,0.001934,85565058.0
2025-06-10 11:00:00,0.001934,0.001994,0.00192,0.001994,230422331.0
2025-06-10 12:00:00,0.001994,0.002018,0.001981,0.002017,209262818.0
2025-06-10 13:00:00,0.002016,0.00202,0.001953,0.001977,198213873.0
2025-06-10 14:00:00,0.001977,0.001981,0.00194,0.001944,105153231.0
2025-06-10 15:00:00,0.001944,0.001963,0.00192,0.001949,86875392.0
2025-06-10 16:00:00,0.00195,0.001967,0.001941,0.001942,82173025.0
2025-06-10 17:00:00,0.001944,0.001961,0.001928,0.001935,60488435.0
2025-06-10 18:00:00,0.001936,0.00198,0.001932,0.001971,65356659.0
2025-06-10 19:00:00,0.001972,0.001995,0.001966,0.001977,96797416.0
2025-06-10 20:00:00,0.001977,0.001986,0.001957,0.001985,76687097.0
2025-06-10 21:00:00,0.001986,0.00199,0.001964,0.001979,73663463.0
2025-06-10 22:00:00,0.001979,0.002009,0.001979,0.002002,81936559.0
2025-06-10 23:00:00,0.002004,0.002012,0.001991,0.002011,52948011.0
2025-06-11 00:00:00,0.002012,0.002012,0.001969,0.001971,78122850.0
2025-06-11 01:00:00,0.001972,0.001975,0.001954,0.001958,52428667.0
2025-06-11 02:00:00,0.001958,0.001974,0.00195,0.001961,26744258.0
2025-06-11 03:00:00,0.00196,0.001981,0.001959,0.00197,26742020.0
2025-06-11 04:00:00,0.001969,0.001971,0.001953,0.001956,19784642.0
2025-06-11 05:00:00,0.001956,0.001961,0.00195,0.001954,37095829.0
2025-06-11 06:00:00,0.001955,0.001972,0.001955,0.001961,49971710.0
2025-06-11 07:00:00,0.001961,0.001972,0.00195,0.001958,48003543.0
2025-06-11 08:00:00,0.001959,0.001972,0.001944,0.001947,63671412.0
2025-06-11 09:00:00,0.001947,0.001953,0.001916,0.001921,72355402.0
2025-06-11 10:00:00,0.001922,0.001929,0.001903,0.001919,79204250.0
2025-06-11 11:00:00,0.001919,0.001922,0.001897,0.001911,52602263.0
2025-06-11 12:00:00,0.001911,0.00196,0.001901,0.001946,243434760.0
2025-06-11 13:00:00,0.001947,0.001959,0.001929,0.001941,87917931.0
2025-06-11 14:00:00,0.001943,0.001986,0.001937,0.00198,87156018.0
2025-06-11 15:00:00,0.00198,0.001989,0.00196,0.001983,69082047.0
2025-06-11 16:00:00,0.001984,0.001993,0.001967,0.001982,64538006.0
2025-06-11 17:00:00,0.001981,0.001983,0.001939,0.001941,98594955.0
2025-06-11 18:00:00,0.001941,0.001946,0.00192,0.001924,83827015.0
2025-06-11 19:00:00,0.001924,0.001926,0.001902,0.001909,53956743.0
2025-06-11 20:00:00,0.001908,0.001919,0.001887,0.001909,52709398.0
2025-06-11 21:00:00,0.00191,0.00192,0.001855,0.001861,78410751.0
2025-06-11 22:00:00,0.00186,0.001868,0.001833,0.001845,107531174.0
2025-06-11 23:00:00,0.001844,0.001859,0.001842,0.001857,48705693.0
2025-06-12 00:00:00,0.001856,0.00186,0.001829,0.001847,35645099.0
2025-06-12 01:00:00,0.001848,0.001854,0.001825,0.00185,57940211.0
2025-06-12 02:00:00,0.001849,0.001855,0.001835,0.001836,50351250.0
2025-06-12 03:00:00,0.001836,0.001837,0.001811,0.001827,57916862.0
2025-06-12 04:00:00,0.001827,0.00183,0.001809,0.001821,43284807.0
2025-06-12 05:00:00,0.00182,0.001837,0.001806,0.001833,45038185.0
2025-06-12 06:00:00,0.001832,0.001846,0.001818,0.001835,29824439.0
2025-06-12 07:00:00,0.001835,0.001841,0.001819,0.001825,46944174.0
2025-06-12 08:00:00,0.001824,0.001828,0.001811,0.001824,45203668.0
2025-06-12 09:00:00,0.001823,0.00183,0.001816,0.001827,28623444.0
2025-06-12 10:00:00,0.001825,0.001827,0.001804,0.001814,77667864.0
2025-06-12 11:00:00,0.001813,0.001814,0.001785,0.001786,82470151.0
2025-06-12 12:00:00,0.001787,0.001817,0.001778,0.001805,76416446.0
2025-06-12 13:00:00,0.001804,0.001819,0.001796,0.00181,74789884.0
2025-06-12 14:00:00,0.001811,0.001836,0.00181,0.001825,49201732.0
2025-06-12 15:00:00,0.001825,0.001833,0.001777,0.001786,125757134.0
2025-06-12 16:00:00,0.001784,0.001812,0.00178,0.001808,76484746.0
2025-06-12 17:00:00,0.001808,0.001829,0.001805,0.001816,51015164.0
2025-06-12 18:00:00,0.001816,0.001816,0.001769,0.001781,83570582.0
2025-06-12 19:00:00,0.001781,0.001786,0.001732,0.001742,78323868.0
2025-06-12 20:00:00,0.001741,0.00175,0.001684,0.001695,237503470.0
2025-06-12 21:00:00,0.001694,0.001719,0.001683,0.001696,106351696.0
2025-06-12 22:00:00,0.001696,0.001709,0.00168,0.001689,76444310.0
2025-06-12 23:00:00,0.001688,0.001695,0.00168,0.001682,47723185.0
2025-06-13 00:00:00,0.001681,0.001681,0.001563,0.001594,610980067.0
2025-06-13 01:00:00,0.001593,0.001593,0.001533,0.001553,349527284.0
2025-06-13 02:00:00,0.001553,0.001565,0.001539,0.001554,153948515.0
2025-06-13 03:00:00,0.001553,0.001593,0.001546,0.001585,133963990.0
2025-06-13 04:00:00,0.001585,0.001589,0.001565,0.001586,78100385.0
2025-06-13 05:00:00,0.001585,0.001587,0.001566,0.001566,110992144.0
2025-06-13 06:00:00,0.001566,0.001569,0.001545,0.001569,114765083.0
2025-06-13 07:00:00,0.001568,0.001578,0.001551,0.001573,132059087.0
2025-06-13 08:00:00,0.001574,0.001599,0.001569,0.001574,121392602.0
2025-06-13 09:00:00,0.001573,0.001577,0.001551,0.001555,124848412.0
2025-06-13 10:00:00,0.001554,0.001561,0.001537,0.001561,108304062.0
2025-06-13 11:00:00,0.001561,0.001577,0.00155,0.001573,60117534.0
2025-06-13 12:00:00,0.001573,0.001581,0.001556,0.001558,101150893.0
2025-06-13 13:00:00,0.001558,0.001582,0.001552,0.001567,78936560.0
2025-06-13 14:00:00,0.001568,0.00158,0.001551,0.001575,101846861.0
2025-06-13 15:00:00,0.001575,0.001615,0.00157,0.0016,129058948.0
2025-06-13 16:00:00,0.0016,0.001631,0.001595,0.001621,86803967.0
2025-06-13 17:00:00,0.001621,0.001623,0.001599,0.001619,84848718.0
2025-06-13 18:00:00,0.00162,0.001622,0.001588,0.001596,104419081.0
2025-06-13 19:00:00,0.001595,0.001604,0.001583,0.001599,67941685.0
2025-06-13 20:00:00,0.0016,0.001635,0.001596,0.00163,76340299.0
2025-06-13 21:00:00,0.001631,0.001641,0.001619,0.001635,61180483.0
2025-06-13 22:00:00,0.001636,0.00165,0.001633,0.001642,40058123.0
2025-06-13 23:00:00,0.001642,0.001659,0.00164,0.001657,46883207.0
2025-06-14 00:00:00,0.001657,0.001672,0.001649,0.001652,111512617.0
2025-06-14 01:00:00,0.001651,0.001657,0.001641,0.001646,57890175.0
2025-06-14 02:00:00,0.001646,0.001665,0.001645,0.001665,45721981.0
2025-06-14 03:00:00,0.001665,0.001689,0.001665,0.001678,84376002.0
2025-06-14 04:00:00,0.001678,0.001686,0.001673,0.001675,42970675.0
2025-06-14 05:00:00,0.001676,0.001688,0.001669,0.001684,40032055.0
2025-06-14 06:00:00,0.001684,0.00169,0.001672,0.001675,73301859.0
2025-06-14 07:00:00,0.001676,0.001682,0.001663,0.001668,82093023.0
2025-06-14 08:00:00,0.001668,0.001671,0.001656,0.001671,39171849.0
2025-06-14 09:00:00,0.00167,0.001676,0.001665,0.001669,31371159.0
2025-06-14 10:00:00,0.001669,0.001689,0.001667,0.001683,59288290.0
2025-06-14 11:00:00,0.001684,0.00169,0.001681,0.001688,28432166.0
2025-06-14 12:00:00,0.001686,0.001689,0.001674,0.001686,38849943.0
2025-06-14 13:00:00,0.001685,0.001702,0.001682,0.001691,65117398.0
2025-06-14 14:00:00,0.001692,0.001698,0.001678,0.001685,38527277.0
2025-06-14 15:00:00,0.001685,0.00169,0.001644,0.001656,96857897.0
2025-06-14 16:00:00,0.001655,0.001663,0.001607,0.001612,99117434.0
2025-06-14 17:00:00,0.001612,0.001643,0.001611,0.001637,57563496.0
2025-06-14 18:00:00,0.001638,0.001651,0.001614,0.001633,48195800.0
2025-06-14 19:00:00,0.001632,0.001642,0.001626,0.001627,33617375.0
2025-06-14 20:00:00,0.001627,0.001631,0.001609,0.001626,39432156.0
2025-06-14 21:00:00,0.001626,0.001657,0.001619,0.001655,70051041.0
2025-06-14 22:00:00,0.001654,0.001664,0.001648,0.001657,28923374.0
2025-06-14 23:00:00,0.001657,0.001661,0.001654,0.001655,18890305.0
2025-06-15 00:00:00,0.001655,0.001665,0.001652,0.001664,20647460.0
2025-06-15 01:00:00,0.001665,0.001669,0.001648,0.001653,18643285.0
2025-06-15 02:00:00,0.001653,0.001666,0.001652,0.001661,14714840.0
2025-06-15 03:00:00,0.00166,0.001664,0.001658,0.001658,13150820.0
2025-06-15 04:00:00,0.001658,0.001666,0.001658,0.001662,25576924.0
2025-06-15 05:00:00,0.001662,0.001683,0.001653,0.001679,23010557.0
2025-06-15 06:00:00,0.00168,0.001683,0.001658,0.001658,34170613.0
2025-06-15 07:00:00,0.001658,0.001659,0.001644,0.001655,84513011.0
2025-06-15 08:00:00,0.001655,0.001657,0.00164,0.001647,36230860.0
2025-06-15 09:00:00,0.001646,0.001647,0.001631,0.001633,40285392.0
2025-06-15 10:00:00,0.001633,0.001652,0.001633,0.00165,46765295.0
2025-06-15 11:00:00,0.001651,0.001656,0.001639,0.00165,42115861.0
2025-06-15 12:00:00,0.001649,0.001656,0.001637,0.001656,33402795.0
2025-06-15 13:00:00,0.001654,0.00166,0.001631,0.001646,54086024.0
2025-06-15 14:00:00,0.001647,0.001672,0.001628,0.001664,83498457.0
2025-06-15 15:00:00,0.001665,0.001668,0.001646,0.00165,62622182.0
2025-06-15 16:00:00,0.001651,0.001657,0.001638,0.001651,36134422.0
2025-06-15 17:00:00,0.001651,0.001653,0.001636,0.001646,26883095.0
2025-06-15 18:00:00,0.001646,0.001647,0.001633,0.001639,27879207.0
2025-06-15 19:00:00,0.00164,0.001649,0.001624,0.001633,46387930.0
2025-06-15 20:00:00,0.001633,0.001634,0.001608,0.001619,38946956.0
2025-06-15 21:00:00,0.001619,0.001627,0.001609,0.001627,30271022.0
2025-06-15 22:00:00,0.001626,0.001656,0.001626,0.00165,30655845.0
2025-06-15 23:00:00,0.00165,0.001659,0.001645,0.001656,26368311.0
2025-06-16 00:00:00,0.001657,0.001657,0.001637,0.001645,33628890.0
2025-06-16 01:00:00,0.001645,0.00167,0.001629,0.00167,64377988.0
2025-06-16 02:00:00,0.00167,0.001681,0.001666,0.00167,75851246.0
2025-06-16 03:00:00,0.00167,0.001682,0.001669,0.001671,59093330.0
2025-06-16 04:00:00,0.00167,0.001695,0.00167,0.001687,101757141.0
2025-06-16 05:00:00,0.001687,0.001705,0.001683,0.001695,61542514.0
2025-06-16 06:00:00,0.001697,0.001707,0.001694,0.0017,39422137.0
2025-06-16 07:00:00,0.001701,0.001711,0.001701,0.001708,43560099.0
2025-06-16 08:00:00,0.00171,0.001735,0.001703,0.001734,71804532.0
2025-06-16 09:00:00,0.001734,0.001756,0.00173,0.001745,157535340.0
2025-06-16 10:00:00,0.001746,0.001748,0.001722,0.001729,74998831.0
2025-06-16 11:00:00,0.001729,0.001736,0.001714,0.001733,77712659.0
2025-06-16 12:00:00,0.001734,0.001736,0.001708,0.001726,50790599.0
2025-06-16 13:00:00,0.001725,0.001742,0.001719,0.001742,53513278.0
2025-06-16 14:00:00,0.001744,0.001754,0.001733,0.001733,66486743.0
2025-06-16 15:00:00,0.001733,0.001739,0.001724,0.001728,62028643.0
2025-06-16 16:00:00,0.001728,0.001743,0.001726,0.001732,44025228.0
2025-06-16 17:00:00,0.001733,0.001735,0.001724,0.00173,30567682.0
2025-06-16 18:00:00,0.00173,0.001738,0.001726,0.001737,26709394.0
2025-06-16 19:00:00,0.001737,0.001746,0.00173,0.001735,38305606.0
2025-06-16 20:00:00,0.001735,0.001751,0.001726,0.001744,75188654.0
2025-06-16 21:00:00,0.001744,0.001747,0.001736,0.001744,20171917.0
2025-06-16 22:00:00,0.001745,0.001748,0.001674,0.001688,137401758.0
2025-06-16 23:00:00,0.001688,0.0017,0.001646,0.00165,99341008.0
2025-06-17 00:00:00,0.001649,0.001675,0.001604,0.001675,192646622.0
2025-06-17 01:00:00,0.001676,0.001688,0.001662,0.001662,48384735.0
2025-06-17 02:00:00,0.001664,0.001688,0.001656,0.001688,50255275.0
2025-06-17 03:00:00,0.001688,0.001699,0.001678,0.001685,39508979.0
2025-06-17 04:00:00,0.001686,0.001688,0.001667,0.001675,29272154.0
2025-06-17 05:00:00,0.001674,0.001677,0.001659,0.001662,30195142.0
2025-06-17 06:00:00,0.001661,0.001665,0.001646,0.001654,71314907.0
2025-06-17 07:00:00,0.001653,0.001664,0.001648,0.00165,38782769.0
2025-06-17 08:00:00,0.001649,0.001652,0.001628,0.001632,74907946.0
2025-06-17 09:00:00,0.001632,0.001641,0.001623,0.001632,51596977.0
2025-06-17 10:00:00,0.00163,0.001632,0.001613,0.001632,47298212.0
2025-06-17 11:00:00,0.001631,0.001631,0.001615,0.001625,27715887.0
2025-06-17 12:00:00,0.001625,0.001634,0.001619,0.001623,52428899.0
2025-06-17 13:00:00,0.001623,0.001647,0.00162,0.001632,47416718.0
2025-06-17 14:00:00,0.001633,0.001655,0.001618,0.00162,62572023.0
2025-06-17 15:00:00,0.001619,0.00162,0.001562,0.001579,215050842.0
2025-06-17 16:00:00,0.001579,0.001579,0.001544,0.001544,196380568.0
2025-06-17 17:00:00,0.001545,0.00156,0.001521,0.001545,149852074.0
2025-06-17 18:00:00,0.001544,0.001567,0.001533,0.001566,89249210.0
2025-06-17 19:00:00,0.001568,0.001609,0.001566,0.001591,81322913.0
2025-06-17 20:00:00,0.001592,0.001597,0.001575,0.001575,45665201.0
2025-06-17 21:00:00,0.001576,0.001577,0.001555,0.00156,49818499.0
2025-06-17 22:00:00,0.001559,0.00156,0.001543,0.001545,45205461.0
2025-06-17 23:00:00,0.001546,0.001567,0.001546,0.001556,16934142.0
2025-06-18 00:00:00,0.001557,0.001572,0.001549,0.001566,54450754.0
2025-06-18 01:00:00,0.001567,0.001576,0.00155,0.001551,29106821.0
2025-06-18 02:00:00,0.001551,0.001553,0.00154,0.001543,29949355.0
2025-06-18 03:00:00,0.001544,0.00156,0.001541,0.00156,37405655.0
2025-06-18 04:00:00,0.001559,0.001583,0.001559,0.001575,81391273.0
2025-06-18 05:00:00,0.001576,0.001585,0.001572,0.001574,26503453.0
2025-06-18 06:00:00,0.001572,0.001575,0.001558,0.001563,45134270.0
2025-06-18 07:00:00,0.001562,0.001568,0.001555,0.001563,53584321.0
2025-06-18 08:00:00,0.001563,0.001573,0.00154,0.001551,98385023.0
2025-06-18 09:00:00,0.00155,0.001556,0.001535,0.001544,172500462.0
2025-06-18 10:00:00,0.001544,0.00155,0.001524,0.001524,628610380.0
2025-06-18 11:00:00,0.001523,0.001544,0.001518,0.001543,314944634.0
2025-06-18 12:00:00,0.001543,0.001547,0.001511,0.001513,910198724.0
2025-06-18 13:00:00,0.001513,0.001513,0.00144,0.001484,393025146.0
2025-06-18 14:00:00,0.001484,0.001519,0.001477,0.001496,130894359.0
2025-06-18 15:00:00,0.001496,0.001513,0.001488,0.001507,147592172.0
2025-06-18 16:00:00,0.001508,0.001512,0.00149,0.001502,113233801.0
2025-06-18 17:00:00,0.001503,0.001535,0.001492,0.001531,91264365.0
2025-06-18 18:00:00,0.00153,0.001545,0.001512,0.001512,134854943.0
2025-06-18 19:00:00,0.001511,0.001546,0.001508,0.001522,78174713.0
2025-06-18 20:00:00,0.001523,0.001579,0.001519,0.001575,82856267.0
2025-06-18 21:00:00,0.001575,0.001588,0.001565,0.001579,72448041.0
2025-06-18 22:00:00,0.001579,0.001585,0.00157,0.001578,41277036.0
2025-06-18 23:00:00,0.001578,0.001585,0.001565,0.001581,49568239.0
2025-06-19 00:00:00,0.00158,0.001611,0.001573,0.001584,238214918.0
2025-06-19 01:00:00,0.001585,0.001585,0.001568,0.001574,45926517.0
2025-06-19 02:00:00,0.001574,0.001578,0.001563,0.001566,37128436.0
2025-06-19 03:00:00,0.001566,0.00158,0.001565,0.001576,19724406.0
2025-06-19 04:00:00,0.001577,0.001584,0.001567,0.001584,28591773.0
2025-06-19 05:00:00,0.001583,0.001595,0.001576,0.001578,38325523.0
2025-06-19 06:00:00,0.001578,0.001585,0.001571,0.001573,44107441.0
2025-06-19 07:00:00,0.001573,0.001579,0.001568,0.001571,28125222.0
2025-06-19 08:00:00,0.001571,0.001583,0.00157,0.001573,21765397.0
2025-06-19 09:00:00,0.001571,0.001589,0.001569,0.001583,50849469.0
2025-06-19 10:00:00,0.001584,0.001586,0.001576,0.001582,22431064.0
2025-06-19 11:00:00,0.001581,0.001582,0.00157,0.001572,25942652.0
2025-06-19 12:00:00,0.001573,0.001582,0.001569,0.001578,25481093.0
2025-06-19 13:00:00,0.001578,0.001585,0.001557,0.00156,62721657.0
2025-06-19 14:00:00,0.00156,0.00157,0.00154,0.001548,90126448.0
2025-06-19 15:00:00,0.001548,0.001558,0.001546,0.001552,45555275.0
2025-06-19 16:00:00,0.001552,0.001555,0.001527,0.001527,61044785.0
2025-06-19 17:00:00,0.001528,0.001567,0.001521,0.001559,68194258.0
2025-06-19 18:00:00,0.001558,0.001574,0.001546,0.001555,37620691.0
2025-06-19 19:00:00,0.001556,0.00156,0.001547,0.00155,24713182.0
2025-06-19 20:00:00,0.001551,0.00156,0.00154,0.001547,28516674.0
2025-06-19 21:00:00,0.001547,0.001556,0.001542,0.001555,53183523.0
2025-06-19 22:00:00,0.001555,0.001573,0.001553,0.001562,50771117.0
2025-06-19 23:00:00,0.001562,0.001565,0.001548,0.001559,20493683.0
2025-06-20 00:00:00,0.001559,0.00157,0.001555,0.001562,27324644.0
2025-06-20 01:00:00,0.001562,0.001566,0.001549,0.001563,26874280.0
2025-06-20 02:00:00,0.001563,0.001563,0.001549,0.001555,41868377.0
2025-06-20 03:00:00,0.001555,0.001562,0.001551,0.00156,17687254.0
2025-06-20 04:00:00,0.00156,0.001561,0.001534,0.001537,39936151.0
2025-06-20 05:00:00,0.001537,0.001547,0.001531,0.001545,24864560.0
2025-06-20 06:00:00,0.001546,0.001557,0.001543,0.001555,19481036.0
2025-06-20 07:00:00,0.001555,0.001588,0.001553,0.001588,52818136.0
2025-06-20 08:00:00,0.001588,0.001597,0.00158,0.001584,51179902.0
2025-06-20 09:00:00,0.001584,0.001588,0.001574,0.001581,24172267.0
2025-06-20 10:00:00,0.001581,0.001588,0.001574,0.001581,59500304.0
2025-06-20 11:00:00,0.001581,0.00159,0.001575,0.001587,36664407.0
2025-06-20 12:00:00,0.001588,0.001597,0.001585,0.001592,38810629.0
2025-06-20 13:00:00,0.001592,0.001602,0.001574,0.001582,50024837.0
2025-06-20 14:00:00,0.001581,0.001586,0.001534,0.001536,111165120.0
2025-06-20 15:00:00,0.001536,0.00155,0.001531,0.001539,76469824.0
2025-06-20 16:00:00,0.001539,0.001541,0.0015,0.001503,105466728.0
2025-06-20 17:00:00,0.001502,0.001508,0.001455,0.001497,263088336.0
2025-06-20 18:00:00,0.001496,0.001513,0.001493,0.001507,80871838.0
2025-06-20 19:00:00,0.001507,0.001509,0.001493,0.001501,33325000.0
2025-06-20 20:00:00,0.001501,0.001524,0.0015,0.001511,22322519.0
2025-06-20 21:00:00,0.001511,0.001511,0.001501,0.001501,18571941.0
2025-06-20 22:00:00,0.0015,0.0015,0.001473,0.00148,56140870.0
2025-06-20 23:00:00,0.001479,0.001487,0.001471,0.001486,49979642.0
2025-06-21 00:00:00,0.001486,0.001494,0.001478,0.001485,38378471.0
2025-06-21 01:00:00,0.001485,0.001508,0.001483,0.001507,17745299.0
2025-06-21 02:00:00,0.001508,0.001519,0.001502,0.001515,29134682.0
2025-06-21 03:00:00,0.001514,0.00152,0.001507,0.00151,35232637.0
2025-06-21 04:00:00,0.00151,0.001512,0.0015,0.001501,22646154.0
2025-06-21 05:00:00,0.001502,0.001513,0.001499,0.001511,16920604.0
2025-06-21 06:00:00,0.001511,0.001514,0.001507,0.001507,16078251.0
2025-06-21 07:00:00,0.001508,0.001514,0.0015,0.001511,24000674.0
2025-06-21 08:00:00,0.001512,0.001518,0.001503,0.001518,61328422.0
2025-06-21 09:00:00,0.001518,0.001518,0.0015,0.001508,52089398.0
2025-06-21 10:00:00,0.001507,0.001512,0.001491,0.001494,31239408.0
2025-06-21 11:00:00,0.001494,0.001501,0.001491,0.001494,34305294.0
2025-06-21 12:00:00,0.001494,0.001499,0.001478,0.001479,41995945.0
2025-06-21 13:00:00,0.001479,0.001485,0.001448,0.001449,77518586.0
2025-06-21 14:00:00,0.001448,0.001463,0.001441,0.00145,94799173.0
2025-06-21 15:00:00,0.00145,0.001455,0.00143,0.001447,71393658.0
2025-06-21 16:00:00,0.001447,0.001458,0.001435,0.001441,51894197.0
2025-06-21 17:00:00,0.001441,0.001447,0.0014,0.001408,84235154.0
2025-06-21 18:00:00,0.00141,0.001426,0.001402,0.001412,101466673.0
2025-06-21 19:00:00,0.001412,0.00142,0.001403,0.00141,83835723.0
2025-06-21 20:00:00,0.001411,0.001434,0.001409,0.00143,66709739.0
2025-06-21 21:00:00,0.001429,0.001431,0.001365,0.00139,300948229.0
2025-06-21 22:00:00,0.00139,0.00141,0.001388,0.001408,65555964.0
2025-06-21 23:00:00,0.001407,0.00141,0.001369,0.001406,210212607.0
2025-06-22 00:00:00,0.001406,0.001425,0.001393,0.001414,93350749.0
2025-06-22 01:00:00,0.001416,0.001422,0.001387,0.001387,41086845.0
2025-06-22 02:00:00,0.001388,0.001402,0.001364,0.001382,73275402.0
2025-06-22 03:00:00,0.001382,0.001386,0.001365,0.001375,68074497.0
2025-06-22 04:00:00,0.001374,0.001393,0.001367,0.001391,56449051.0
2025-06-22 05:00:00,0.00139,0.0014,0.001381,0.001395,56278254.0
2025-06-22 06:00:00,0.001394,0.001408,0.001389,0.001403,41842986.0
2025-06-22 07:00:00,0.001404,0.001406,0.001386,0.001391,46596405.0
2025-06-22 08:00:00,0.001391,0.001393,0.001372,0.001378,82887752.0
2025-06-22 09:00:00,0.001378,0.001382,0.001339,0.001345,173933508.0
2025-06-22 10:00:00,0.001344,0.001371,0.001343,0.001368,100430450.0
2025-06-22 11:00:00,0.001368,0.001381,0.001359,0.001367,105795510.0
2025-06-22 12:00:00,0.001367,0.001378,0.001326,0.001353,411969115.0
2025-06-22 13:00:00,0.001353,0.001358,0.001268,0.001306,611883506.0
2025-06-22 14:00:00,0.001306,0.001327,0.001285,0.001325,233960723.0
2025-06-22 15:00:00,0.001325,0.001332,0.00129,0.001294,108031695.0
2025-06-22 16:00:00,0.001293,0.001298,0.001278,0.001289,111042615.0
2025-06-22 17:00:00,0.001288,0.001306,0.001275,0.001297,94762182.0
2025-06-22 18:00:00,0.001298,0.001304,0.001285,0.001286,91919874.0
2025-06-22 19:00:00,0.001286,0.00129,0.001274,0.001285,55755554.0
2025-06-22 20:00:00,0.001285,0.001304,0.001244,0.001296,252317282.0
2025-06-22 21:00:00,0.001298,0.001308,0.001281,0.001285,60772646.0
2025-06-22 22:00:00,0.001286,0.001331,0.001285,0.001329,123891721.0
2025-06-22 23:00:00,0.001331,0.001332,0.00132,0.001328,26858558.0
2025-06-23 00:00:00,0.001329,0.00135,0.001327,0.001337,61077480.0
2025-06-23 01:00:00,0.001337,0.001338,0.001323,0.001336,72991327.0
2025-06-23 02:00:00,0.001336,0.001339,0.001332,0.001335,66422769.0
2025-06-23 03:00:00,0.001335,0.001341,0.00133,0.001332,45998273.0
2025-06-23 04:00:00,0.001334,0.001341,0.001331,0.001334,65933929.0
2025-06-23 05:00:00,0.001333,0.001347,0.001333,0.001344,42714954.0
2025-06-23 06:00:00,0.001344,0.001351,0.001337,0.001343,65695616.0
2025-06-23 07:00:00,0.001345,0.001356,0.001344,0.001347,45108624.0
2025-06-23 08:00:00,0.001348,0.001352,0.00134,0.001343,20346857.0
2025-06-23 09:00:00,0.001343,0.001348,0.001339,0.001345,47883491.0
2025-06-23 10:00:00,0.001346,0.001346,0.001333,0.001336,21050926.0
2025-06-23 11:00:00,0.001337,0.00134,0.001327,0.001338,47291760.0
2025-06-23 12:00:00,0.001338,0.001367,0.001331,0.001366,127467176.0
2025-06-23 13:00:00,0.001366,0.001413,0.00135,0.001404,159889657.0
2025-06-23 14:00:00,0.001405,0.001418,0.001385,0.001387,168737552.0
2025-06-23 15:00:00,0.001388,0.001399,0.001368,0.001372,81896741.0
2025-06-23 16:00:00,0.00137,0.001373,0.001326,0.001341,193084044.0
2025-06-23 17:00:00,0.001341,0.001397,0.001336,0.001391,186299922.0
2025-06-23 18:00:00,0.00139,0.001414,0.00139,0.00141,119806385.0
2025-06-23 19:00:00,0.001409,0.001425,0.001407,0.001423,81188513.0
2025-06-23 20:00:00,0.001423,0.001462,0.001421,0.001453,130017004.0
2025-06-23 21:00:00,0.001455,0.00146,0.001446,0.001451,104885622.0
2025-06-23 22:00:00,0.001451,0.001511,0.001451,0.001506,221586447.0
2025-06-23 23:00:00,0.001507,0.00151,0.0015,0.001507,70121626.0
2025-06-24 00:00:00,0.001507,0.001526,0.001507,0.001524,59020331.0
2025-06-24 01:00:00,0.001525,0.001536,0.001519,0.001535,115976564.0
2025-06-24 02:00:00,0.001534,0.001534,0.001513,0.001515,56097580.0
2025-06-24 03:00:00,0.001516,0.001522,0.001511,0.001513,49497387.0
2025-06-24 04:00:00,0.001513,0.001518,0.001508,0.001514,39026637.0
2025-06-24 05:00:00,0.001514,0.00156,0.001513,0.001559,71192496.0
2025-06-24 06:00:00,0.00156,0.001573,0.001552,0.001565,75713651.0
2025-06-24 07:00:00,0.001564,0.00159,0.001548,0.001549,289411771.0
2025-06-24 08:00:00,0.001549,0.001554,0.001534,0.001542,105680960.0
2025-06-24 09:00:00,0.001542,0.001568,0.001541,0.00155,67372533.0
2025-06-24 10:00:00,0.00155,0.001551,0.001539,0.001542,46390076.0
2025-06-24 11:00:00,0.001541,0.001545,0.00153,0.001538,72282233.0
2025-06-24 12:00:00,0.001539,0.001545,0.00153,0.00154,58678333.0
2025-06-24 13:00:00,0.001539,0.001556,0.001534,0.001551,69405578.0
2025-06-24 14:00:00,0.001551,0.001569,0.001547,0.001557,89627255.0
2025-06-24 15:00:00,0.001558,0.001565,0.00154,0.001547,78954236.0
2025-06-24 16:00:00,0.001545,0.001585,0.001539,0.001585,118814405.0
2025-06-24 17:00:00,0.001585,0.001586,0.001544,0.001554,90726754.0
2025-06-24 18:00:00,0.001553,0.001556,0.001535,0.001537,57351533.0
2025-06-24 19:00:00,0.001537,0.00154,0.001522,0.001539,82191966.0
2025-06-24 20:00:00,0.001538,0.00155,0.001531,0.00155,27166839.0
2025-06-24 21:00:00,0.00155,0.001561,0.001538,0.001561,34238337.0
2025-06-24 22:00:00,0.001559,0.001559,0.001547,0.001554,32910008.0
2025-06-24 23:00:00,0.001553,0.001567,0.001542,0.001566,96175494.0
2025-06-25 00:00:00,0.001566,0.001568,0.00155,0.001561,43705080.0
2025-06-25 01:00:00,0.001561,0.001563,0.001543,0.001549,49783764.0
2025-06-25 02:00:00,0.00155,0.001566,0.001548,0.001553,54703078.0
2025-06-25 03:00:00,0.001553,0.001565,0.001547,0.001553,39181936.0
2025-06-25 04:00:00,0.001553,0.001555,0.001537,0.001539,107240981.0
2025-06-25 05:00:00,0.001539,0.001545,0.001526,0.001529,70326437.0
2025-06-25 06:00:00,0.00153,0.001541,0.001524,0.001539,51633430.0
2025-06-25 07:00:00,0.001538,0.001552,0.001533,0.001549,113080514.0
2025-06-25 08:00:00,0.001548,0.00155,0.001516,0.001527,73879539.0
2025-06-25 09:00:00,0.001527,0.001541,0.001512,0.001515,151986821.0
2025-06-25 10:00:00,0.001516,0.001518,0.001499,0.001505,104119429.0
2025-06-25 11:00:00,0.001505,0.001533,0.0015,0.001533,106492999.0
2025-06-25 12:00:00,0.001533,0.001533,0.001515,0.001532,67693045.0
2025-06-25 13:00:00,0.001532,0.001562,0.001526,0.00156,109282728.0
2025-06-25 14:00:00,0.001559,0.001561,0.001514,0.001526,127308040.0
2025-06-25 15:00:00,0.001525,0.001526,0.001492,0.001496,100968963.0
2025-06-25 16:00:00,0.001496,0.00151,0.001487,0.001491,89751280.0
2025-06-25 17:00:00,0.00149,0.001522,0.001489,0.001506,69473872.0
2025-06-25 18:00:00,0.001506,0.001508,0.001494,0.001499,28553567.0
2025-06-25 19:00:00,0.001499,0.00152,0.001499,0.001514,44406962.0
2025-06-25 20:00:00,0.001512,0.001522,0.001509,0.001522,26337351.0
2025-06-25 21:00:00,0.001521,0.001532,0.001502,0.001505,37844318.0
2025-06-25 22:00:00,0.001505,0.001505,0.001488,0.001494,21381930.0
2025-06-25 23:00:00,0.001493,0.001499,0.001486,0.001498,22191559.0
2025-06-26 00:00:00,0.001498,0.00151,0.001494,0.001501,35029136.0
2025-06-26 01:00:00,0.001501,0.001538,0.001487,0.00152,103650237.0
2025-06-26 02:00:00,0.00152,0.001539,0.001514,0.001535,98222640.0
2025-06-26 03:00:00,0.001535,0.001547,0.001513,0.001516,85147778.0
2025-06-26 04:00:00,0.001517,0.001517,0.001498,0.001507,36385753.0
2025-06-26 05:00:00,0.001506,0.001508,0.001494,0.001503,26748383.0
2025-06-26 06:00:00,0.001502,0.001512,0.0015,0.001511,34510731.0
2025-06-26 07:00:00,0.001509,0.001535,0.001504,0.00152,205158419.0
2025-06-26 08:00:00,0.001521,0.001527,0.001511,0.001512,41674028.0
2025-06-26 09:00:00,0.001511,0.001513,0.001485,0.001493,128056447.0
2025-06-26 10:00:00,0.001493,0.001498,0.001486,0.001491,45769970.0
2025-06-26 11:00:00,0.00149,0.00149,0.001483,0.001483,43534797.0
2025-06-26 12:00:00,0.001483,0.001485,0.001452,0.001458,94767811.0
2025-06-26 13:00:00,0.001457,0.001458,0.001425,0.001431,119355725.0
2025-06-26 14:00:00,0.00143,0.001457,0.001418,0.001442,117590163.0
2025-06-26 15:00:00,0.001443,0.00145,0.001424,0.001441,63390780.0
2025-06-26 16:00:00,0.00144,0.00144,0.001427,0.00143,33182267.0
2025-06-26 17:00:00,0.001432,0.001447,0.001431,0.001432,38639440.0
2025-06-26 18:00:00,0.001432,0.001445,0.001429,0.001435,47137133.0
2025-06-26 19:00:00,0.001435,0.001455,0.00143,0.001451,43886275.0
2025-06-26 20:00:00,0.001451,0.001487,0.001447,0.001473,63531468.0
2025-06-26 21:00:00,0.001473,0.001473,0.001447,0.001462,58011758.0
2025-06-26 22:00:00,0.001462,0.001472,0.001443,0.001444,45685688.0
2025-06-26 23:00:00,0.001444,0.001447,0.001438,0.001441,26991726.0
2025-06-27 00:00:00,0.001442,0.00145,0.001426,0.001427,42949069.0
2025-06-27 01:00:00,0.001427,0.001462,0.001415,0.001457,81731800.0
2025-06-27 02:00:00,0.001458,0.00148,0.001454,0.001474,27570008.0
2025-06-27 03:00:00,0.001475,0.001477,0.001466,0.001472,39450366.0
2025-06-27 04:00:00,0.001471,0.001471,0.00146,0.00146,27381437.0
2025-06-27 05:00:00,0.001461,0.001489,0.001458,0.001463,62672292.0
2025-06-27 06:00:00,0.001462,0.001475,0.001461,0.00147,35178596.0
2025-06-27 07:00:00,0.001469,0.001481,0.001457,0.001461,62606888.0
2025-06-27 08:00:00,0.001461,0.001486,0.001458,0.001477,43384340.0
2025-06-27 09:00:00,0.001478,0.001481,0.001471,0.001477,30746253.0
2025-06-27 10:00:00,0.001477,0.001478,0.001462,0.001463,30100910.0
2025-06-27 11:00:00,0.001462,0.00147,0.001461,0.001466,25991645.0
2025-06-27 12:00:00,0.001464,0.001474,0.001448,0.001449,70734903.0
2025-06-27 13:00:00,0.001449,0.001466,0.001443,0.001457,113418079.0
2025-06-27 14:00:00,0.001458,0.001473,0.001447,0.001451,53650623.0
2025-06-27 15:00:00,0.00145,0.001477,0.001448,0.001472,62739291.0
2025-06-27 16:00:00,0.001473,0.001496,0.001465,0.001483,117816295.0
2025-06-27 17:00:00,0.001482,0.001485,0.001455,0.001466,64152461.0
2025-06-27 18:00:00,0.001464,0.001467,0.001443,0.001447,34444714.0
2025-06-27 19:00:00,0.001446,0.001465,0.001445,0.001462,35769506.0
2025-06-27 20:00:00,0.001462,0.001478,0.00146,0.001476,62202174.0
2025-06-27 21:00:00,0.001477,0.001494,0.001472,0.001491,39059670.0
2025-06-27 22:00:00,0.001491,0.001501,0.001488,0.001498,57577544.0
2025-06-27 23:00:00,0.001497,0.001497,0.001482,0.001484,49696438.0
2025-06-28 00:00:00,0.001484,0.001486,0.001477,0.001479,69518192.0
2025-06-28 01:00:00,0.001478,0.001481,0.001472,0.00148,37478701.0
2025-06-28 02:00:00,0.00148,0.00148,0.00147,0.00147,39030850.0
2025-06-28 03:00:00,0.00147,0.001472,0.001467,0.001467,22111464.0
2025-06-28 04:00:00,0.001466,0.001468,0.001462,0.001464,11027674.0
2025-06-28 05:00:00,0.001464,0.001479,0.001463,0.001473,46306309.0
2025-06-28 06:00:00,0.001473,0.001484,0.001472,0.001483,26587407.0
2025-06-28 07:00:00,0.001485,0.001497,0.001481,0.001494,47051246.0
2025-06-28 08:00:00,0.001495,0.001496,0.001479,0.001482,30720266.0
2025-06-28 09:00:00,0.001482,0.001499,0.001477,0.001492,29111659.0
2025-06-28 10:00:00,0.001492,0.001506,0.001486,0.001501,50634392.0
2025-06-28 11:00:00,0.001501,0.00152,0.001501,0.001513,81134558.0
2025-06-28 12:00:00,0.001513,0.001518,0.0015,0.001507,56103525.0
2025-06-28 13:00:00,0.001507,0.001513,0.001491,0.001494,43753550.0
2025-06-28 14:00:00,0.001494,0.001505,0.001492,0.0015,50491565.0
2025-06-28 15:00:00,0.0015,0.001525,0.001499,0.001521,41303380.0
2025-06-28 16:00:00,0.001522,0.001537,0.00152,0.001523,57583993.0
2025-06-28 17:00:00,0.001525,0.001546,0.001519,0.001544,67253374.0
2025-06-28 18:00:00,0.001545,0.00157,0.001543,0.001567,144606545.0
2025-06-28 19:00:00,0.001568,0.001578,0.001556,0.001557,58187848.0
2025-06-28 20:00:00,0.001558,0.001559,0.001538,0.001538,91145429.0
2025-06-28 21:00:00,0.001538,0.00156,0.001537,0.00156,41091089.0
2025-06-28 22:00:00,0.00156,0.001589,0.001558,0.001567,87928394.0
2025-06-28 23:00:00,0.001569,0.00157,0.001554,0.00156,57115744.0
2025-06-29 00:00:00,0.001561,0.00158,0.001557,0.001563,101234130.0
2025-06-29 01:00:00,0.001563,0.001563,0.00155,0.001554,49316318.0
2025-06-29 02:00:00,0.001554,0.001559,0.001548,0.001556,25000113.0
2025-06-29 03:00:00,0.001556,0.001567,0.001551,0.001552,68703663.0
2025-06-29 04:00:00,0.001553,0.001559,0.001548,0.001555,35600649.0
2025-06-29 05:00:00,0.001555,0.00156,0.001551,0.001558,17798502.0
2025-06-29 06:00:00,0.001557,0.001575,0.001557,0.001574,123622113.0
2025-06-29 07:00:00,0.001576,0.001579,0.00156,0.001574,48260284.0
2025-06-29 08:00:00,0.001575,0.001582,0.001565,0.00158,32046025.0
2025-06-29 09:00:00,0.001581,0.001589,0.001576,0.001576,57983930.0
2025-06-29 10:00:00,0.001576,0.001579,0.001562,0.001564,111786078.0
2025-06-29 11:00:00,0.001564,0.001566,0.001557,0.00156,40682447.0
2025-06-29 12:00:00,0.00156,0.00157,0.001556,0.001563,42729848.0
2025-06-29 13:00:00,0.001563,0.001572,0.001559,0.001561,41127199.0
2025-06-29 14:00:00,0.001561,0.00157,0.001549,0.00155,34736248.0
2025-06-29 15:00:00,0.00155,0.00155,0.00154,0.001545,43718374.0
2025-06-29 16:00:00,0.001546,0.001558,0.001543,0.001557,37622914.0
2025-06-29 17:00:00,0.001558,0.001559,0.001546,0.001552,23235020.0
2025-06-29 18:00:00,0.001551,0.00157,0.001549,0.001568,43199653.0
2025-06-29 19:00:00,0.00157,0.001582,0.001567,0.00158,42586955.0
2025-06-29 20:00:00,0.00158,0.001593,0.001579,0.00159,64713501.0
2025-06-29 21:00:00,0.00159,0.00162,0.001579,0.001616,172947853.0
2025-06-29 22:00:00,0.001618,0.001678,0.001618,0.001667,253666377.0
2025-06-29 23:00:00,0.001668,0.001668,0.001641,0.001644,121057626.0
2025-06-30 00:00:00,0.001645,0.00166,0.001636,0.001637,94800743.0
2025-06-30 01:00:00,0.001637,0.001638,0.001614,0.001616,91076540.0
2025-06-30 02:00:00,0.001616,0.001619,0.001604,0.001605,44364019.0
2025-06-30 03:00:00,0.001605,0.001614,0.001602,0.001605,59963619.0
2025-06-30 04:00:00,0.001605,0.001605,0.001594,0.001597,51365683.0
2025-06-30 05:00:00,0.001598,0.001611,0.001598,0.001607,57117106.0
2025-06-30 06:00:00,0.001608,0.001616,0.001579,0.001589,185645758.0
2025-06-30 07:00:00,0.00159,0.001615,0.001589,0.001607,124496447.0
2025-06-30 08:00:00,0.001607,0.001608,0.001585,0.001586,68268622.0
2025-06-30 09:00:00,0.001586,0.001598,0.001571,0.001573,73539363.0
2025-06-30 10:00:00,0.001572,0.001583,0.00157,0.001577,48730144.0
2025-06-30 11:00:00,0.001578,0.001586,0.001572,0.001572,46625824.0
2025-06-30 12:00:00,0.001573,0.001581,0.00155,0.001555,82650320.0
2025-06-30 13:00:00,0.001555,0.001562,0.001536,0.00154,117243695.0
2025-06-30 14:00:00,0.00154,0.001557,0.001529,0.001541,151364461.0
2025-06-30 15:00:00,0.001542,0.001586,0.001532,0.001562,207661355.0
2025-06-30 16:00:00,0.001564,0.001592,0.001558,0.001589,82671487.0
2025-06-30 17:00:00,0.001587,0.001599,0.001575,0.001579,84566625.0
2025-06-30 18:00:00,0.001578,0.001585,0.001563,0.001571,49201692.0
2025-06-30 19:00:00,0.001571,0.001602,0.001571,0.001601,72231641.0
2025-06-30 20:00:00,0.0016,0.001609,0.001578,0.001579,96239030.0
2025-06-30 21:00:00,0.001579,0.00159,0.001568,0.001573,69315201.0
2025-06-30 22:00:00,0.001575,0.00158,0.001563,0.001563,85923819.0
2025-06-30 23:00:00,0.001563,0.00157,0.001556,0.001561,67145011.0
2025-07-01 00:00:00,0.001561,0.001568,0.001539,0.001541,107860627.0
2025-07-01 01:00:00,0.00154,0.001554,0.001536,0.001539,49455298.0
2025-07-01 02:00:00,0.001539,0.001546,0.00153,0.001532,119590477.0
2025-07-01 03:00:00,0.001533,0.001541,0.001524,0.00154,80059256.0
2025-07-01 04:00:00,0.001541,0.001542,0.001524,0.001524,106181317.0
2025-07-01 05:00:00,0.001523,0.001525,0.001507,0.001522,90695962.0
2025-07-01 06:00:00,0.001521,0.001535,0.001515,0.001535,124992953.0
2025-07-01 07:00:00,0.001535,0.001542,0.001518,0.001538,83833611.0
2025-07-01 08:00:00,0.001537,0.001537,0.00151,0.001526,131516100.0
2025-07-01 09:00:00,0.001525,0.001535,0.001518,0.001525,188012211.0
2025-07-01 10:00:00,0.001524,0.001533,0.001518,0.001531,103673715.0
2025-07-01 11:00:00,0.00153,0.00153,0.001511,0.001515,55759260.0
2025-07-01 12:00:00,0.001515,0.001519,0.001501,0.001505,115014806.0
2025-07-01 13:00:00,0.001505,0.001514,0.001487,0.001512,165233968.0
2025-07-01 14:00:00,0.001512,0.001529,0.001498,0.00151,92246098.0
2025-07-01 15:00:00,0.001509,0.001513,0.0015,0.001504,52976430.0
2025-07-01 16:00:00,0.001504,0.001511,0.001492,0.001496,44793608.0
2025-07-01 17:00:00,0.001496,0.001497,0.001482,0.001487,61396593.0
2025-07-01 18:00:00,0.001487,0.001487,0.00146,0.001466,85196174.0
2025-07-01 19:00:00,0.001465,0.001476,0.001459,0.001462,65833431.0
2025-07-01 20:00:00,0.001463,0.001469,0.001453,0.001465,72505277.0
2025-07-01 21:00:00,0.001465,0.001478,0.001456,0.001468,37738758.0
2025-07-01 22:00:00,0.001468,0.001468,0.001454,0.001454,45893256.0
2025-07-01 23:00:00,0.001453,0.001459,0.001444,0.001458,101474632.0
2025-07-02 00:00:00,0.001458,0.001467,0.001454,0.001457,45320260.0
2025-07-02 01:00:00,0.001457,0.001471,0.001436,0.001463,67230145.0
2025-07-02 02:00:00,0.001463,0.001465,0.001455,0.001463,39039245.0
2025-07-02 03:00:00,0.001464,0.001473,0.001453,0.001455,45079305.0
2025-07-02 04:00:00,0.001454,0.001483,0.001454,0.001481,83616807.0
2025-07-02 05:00:00,0.001482,0.001488,0.001472,0.001487,66170791.0
2025-07-02 06:00:00,0.001487,0.001499,0.00148,0.001497,49000936.0
2025-07-02 07:00:00,0.001497,0.001501,0.001486,0.00149,74226793.0
2025-07-02 08:00:00,0.001492,0.001499,0.001492,0.001497,62815483.0
2025-07-02 09:00:00,0.001498,0.001501,0.00149,0.001492,31944794.0
2025-07-02 10:00:00,0.001492,0.001507,0.001488,0.001505,32800355.0
2025-07-02 11:00:00,0.001505,0.001513,0.001494,0.001498,63638301.0
2025-07-02 12:00:00,0.001498,0.001501,0.001491,0.001501,44462381.0
2025-07-02 13:00:00,0.001501,0.00152,0.001499,0.001512,68674873.0
2025-07-02 14:00:00,0.001512,0.001533,0.001512,0.001531,69943917.0
2025-07-02 15:00:00,0.001531,0.001558,0.001531,0.001558,98776055.0
2025-07-02 16:00:00,0.001558,0.001629,0.001556,0.001619,373502900.0
2025-07-02 17:00:00,0.00162,0.001631,0.00158,0.001598,179016487.0
2025-07-02 18:00:00,0.001598,0.001616,0.001598,0.001614,118750190.0
2025-07-02 19:00:00,0.001614,0.001618,0.001603,0.001614,187364989.0
2025-07-02 20:00:00,0.001615,0.001634,0.001611,0.001618,235341438.0
2025-07-02 21:00:00,0.001618,0.001634,0.001617,0.001631,94159500.0
2025-07-02 22:00:00,0.001631,0.00165,0.001627,0.00163,79094038.0
2025-07-02 23:00:00,0.001631,0.001633,0.00161,0.001613,105310421.0
2025-07-03 00:00:00,0.001613,0.001626,0.001608,0.001619,80497375.0
2025-07-03 01:00:00,0.00162,0.001646,0.001615,0.001642,78490278.0
2025-07-03 02:00:00,0.001642,0.001644,0.001618,0.001629,41373986.0
2025-07-03 03:00:00,0.001628,0.001634,0.001618,0.001618,48463279.0
2025-07-03 04:00:00,0.001618,0.001639,0.001615,0.001632,139089129.0
2025-07-03 05:00:00,0.001633,0.001663,0.00163,0.001655,185638385.0
2025-07-03 06:00:00,0.001656,0.001667,0.001647,0.00166,76300146.0
2025-07-03 07:00:00,0.00166,0.001663,0.001649,0.001653,65564586.0
2025-07-03 08:00:00,0.001654,0.001664,0.001644,0.001645,123768400.0
2025-07-03 09:00:00,0.001645,0.001661,0.001637,0.001647,99618686.0
2025-07-03 10:00:00,0.001649,0.001652,0.001629,0.001635,51547358.0
2025-07-03 11:00:00,0.001635,0.00164,0.00162,0.001625,49163776.0
2025-07-03 12:00:00,0.001624,0.001654,0.001604,0.001622,145284894.0
2025-07-03 13:00:00,0.001622,0.001664,0.001618,0.001655,169294630.0
2025-07-03 14:00:00,0.001655,0.00166,0.001621,0.001627,122978525.0
2025-07-03 15:00:00,0.001627,0.001628,0.001579,0.001582,141468841.0
2025-07-03 16:00:00,0.001583,0.0016,0.001579,0.001592,143530084.0
2025-07-03 17:00:00,0.001592,0.001608,0.001592,0.001608,38395411.0
2025-07-03 18:00:00,0.001607,0.001613,0.001592,0.001603,92643994.0
2025-07-03 19:00:00,0.001604,0.001613,0.001602,0.001612,33360866.0
2025-07-03 20:00:00,0.001614,0.001619,0.001605,0.001605,46570691.0
2025-07-03 21:00:00,0.001606,0.001609,0.001593,0.001606,37698047.0
2025-07-03 22:00:00,0.001606,0.001612,0.001601,0.001608,27562527.0
2025-07-03 23:00:00,0.001608,0.00161,0.001595,0.001597,25032316.0
2025-07-04 00:00:00,0.001599,0.001606,0.001588,0.001598,51083157.0
2025-07-04 01:00:00,0.001598,0.001615,0.001598,0.001603,46959244.0
2025-07-04 02:00:00,0.001602,0.001602,0.001568,0.001573,95029963.0
2025-07-04 03:00:00,0.001572,0.001584,0.001571,0.001577,41476917.0
2025-07-04 04:00:00,0.001576,0.001583,0.00156,0.00156,87834667.0
2025-07-04 05:00:00,0.00156,0.001581,0.001559,0.001568,72636453.0
2025-07-04 06:00:00,0.001567,0.001567,0.00154,0.001548,66642112.0
2025-07-04 07:00:00,0.001547,0.001554,0.001526,0.001526,81553543.0
2025-07-04 08:00:00,0.001526,0.001546,0.001513,0.001546,73905583.0
2025-07-04 09:00:00,0.001545,0.001553,0.001541,0.001544,66197733.0
2025-07-04 10:00:00,0.001544,0.001546,0.001532,0.001533,36279446.0
2025-07-04 11:00:00,0.001533,0.001544,0.001531,0.001536,64537021.0
2025-07-04 12:00:00,0.001535,0.001545,0.001527,0.001532,48926137.0
2025-07-04 13:00:00,0.001532,0.001543,0.001522,0.001525,105681146.0
2025-07-04 14:00:00,0.001524,0.001534,0.001508,0.001522,101824755.0
2025-07-04 15:00:00,0.001522,0.001522,0.001488,0.001491,157438256.0
2025-07-04 16:00:00,0.00149,0.001492,0.001464,0.001484,103622442.0
2025-07-04 17:00:00,0.001483,0.001488,0.001472,0.001486,66826503.0
2025-07-04 18:00:00,0.001487,0.001487,0.00147,0.001475,40909716.0
2025-07-04 19:00:00,0.001475,0.001478,0.001459,0.00146,101413570.0
2025-07-04 20:00:00,0.00146,0.001476,0.001456,0.00147,78974666.0
2025-07-04 21:00:00,0.001469,0.001484,0.001468,0.001483,30626676.0
2025-07-04 22:00:00,0.001483,0.001502,0.001481,0.001501,45151394.0
2025-07-04 23:00:00,0.0015,0.0015,0.001485,0.001488,41347661.0
2025-07-05 00:00:00,0.001488,0.001508,0.001488,0.001504,38726089.0
2025-07-05 01:00:00,0.001503,0.001505,0.001486,0.001493,34790321.0
2025-07-05 02:00:00,0.001493,0.001496,0.00148,0.001494,89027043.0
2025-07-05 03:00:00,0.001494,0.001505,0.001493,0.001494,37500615.0
2025-07-05 04:00:00,0.001494,0.001494,0.001476,0.001476,47868691.0
2025-07-05 05:00:00,0.001476,0.001492,0.001472,0.001492,38835407.0
2025-07-05 06:00:00,0.001491,0.001513,0.001487,0.00151,138982655.0
2025-07-05 07:00:00,0.001511,0.001511,0.001496,0.001498,35077976.0
2025-07-05 08:00:00,0.001497,0.001502,0.001485,0.001494,33765650.0
2025-07-05 09:00:00,0.001493,0.001494,0.001477,0.001492,50079084.0
2025-07-05 10:00:00,0.001491,0.001491,0.00148,0.00148,32788162.0
2025-07-05 11:00:00,0.001481,0.001491,0.001481,0.001482,36432804.0
2025-07-05 12:00:00,0.001482,0.001483,0.001465,0.001477,57131582.0
2025-07-05 13:00:00,0.001477,0.001488,0.001474,0.001476,37016854.0
2025-07-05 14:00:00,0.001476,0.001487,0.001472,0.001486,35461138.0
2025-07-05 15:00:00,0.001486,0.001492,0.001477,0.001479,59518276.0
2025-07-05 16:00:00,0.00148,0.00149,0.001473,0.001489,43788777.0
2025-07-05 17:00:00,0.001489,0.001495,0.001463,0.001471,90004742.0
2025-07-05 18:00:00,0.001471,0.001472,0.001448,0.001451,45216022.0
2025-07-05 19:00:00,0.001451,0.001473,0.001447,0.001468,59492655.0
2025-07-05 20:00:00,0.001468,0.001483,0.001466,0.001482,45550964.0
2025-07-05 21:00:00,0.001482,0.001494,0.001479,0.001484,42192331.0
2025-07-05 22:00:00,0.001483,0.001496,0.001481,0.001494,36324716.0
2025-07-05 23:00:00,0.001494,0.001499,0.001486,0.001488,40906554.0
2025-07-06 00:00:00,0.001489,0.001493,0.001485,0.001493,36945015.0
2025-07-06 01:00:00,0.001492,0.001495,0.001484,0.001488,38979949.0
2025-07-06 02:00:00,0.001488,0.001501,0.001487,0.001488,48122779.0
2025-07-06 03:00:00,0.001487,0.001489,0.001481,0.001483,61525590.0
2025-07-06 04:00:00,0.001482,0.001494,0.001482,0.001483,20661554.0
2025-07-06 05:00:00,0.001484,0.001484,0.001475,0.001475,26959725.0
2025-07-06 06:00:00,0.001475,0.001493,0.001474,0.001491,53658251.0
2025-07-06 07:00:00,0.001491,0.001508,0.001491,0.001492,87590110.0
2025-07-06 08:00:00,0.001493,0.001515,0.001484,0.001506,124198840.0
2025-07-06 09:00:00,0.001506,0.001522,0.001496,0.001508,138483975.0
2025-07-06 10:00:00,0.001507,0.001519,0.001501,0.001511,132486161.0
2025-07-06 11:00:00,0.001511,0.001572,0.00151,0.001565,800080723.0
2025-07-06 12:00:00,0.001565,0.001582,0.001529,0.001541,929303320.0
2025-07-06 13:00:00,0.001542,0.001569,0.001531,0.001558,297275804.0
2025-07-06 14:00:00,0.001559,0.001566,0.001539,0.001546,150301297.0
2025-07-06 15:00:00,0.001547,0.001559,0.001543,0.001559,81893482.0
2025-07-06 16:00:00,0.001559,0.00157,0.001548,0.001557,106322919.0
2025-07-06 17:00:00,0.001558,0.001559,0.001543,0.001556,81568055.0
2025-07-06 18:00:00,0.001557,0.001565,0.001544,0.001552,123694272.0
2025-07-06 19:00:00,0.001553,0.001558,0.001539,0.001545,66042950.0
2025-07-06 20:00:00,0.001545,0.001559,0.001543,0.001553,71083415.0
2025-07-06 21:00:00,0.001554,0.001578,0.001553,0.001569,60136928.0
2025-07-06 22:00:00,0.001568,0.00158,0.001568,0.00157,72548183.0
2025-07-06 23:00:00,0.00157,0.001571,0.001538,0.001553,106268393.0
2025-07-07 00:00:00,0.001554,0.001556,0.001545,0.001553,102615913.0
2025-07-07 01:00:00,0.001554,0.001561,0.001548,0.001554,46445860.0
2025-07-07 02:00:00,0.001554,0.001584,0.001554,0.001567,115311852.0
2025-07-07 03:00:00,0.001568,0.001574,0.001557,0.001557,56925296.0
2025-07-07 04:00:00,0.001557,0.001567,0.001556,0.001558,52904321.0
2025-07-07 05:00:00,0.001558,0.001563,0.001546,0.001549,60123999.0
2025-07-07 06:00:00,0.001549,0.001556,0.00154,0.001542,48334423.0
2025-07-07 07:00:00,0.001543,0.001568,0.001538,0.001567,118321070.0
2025-07-07 08:00:00,0.001568,0.001574,0.001562,0.001564,84280430.0
2025-07-07 09:00:00,0.001565,0.001566,0.001549,0.00155,72917438.0
2025-07-07 10:00:00,0.001549,0.001549,0.001539,0.001539,80073349.0
2025-07-07 11:00:00,0.00154,0.001548,0.001533,0.001541,59870322.0
2025-07-07 12:00:00,0.001541,0.001547,0.001531,0.00154,100094221.0
2025-07-07 13:00:00,0.00154,0.001553,0.00153,0.001553,90064071.0
2025-07-07 14:00:00,0.001553,0.001557,0.001519,0.001525,117648395.0
2025-07-07 15:00:00,0.001526,0.001532,0.001521,0.001528,65129526.0
2025-07-07 16:00:00,0.001528,0.001533,0.001511,0.001517,125351942.0
2025-07-07 17:00:00,0.001516,0.001532,0.001514,0.001524,83119129.0
2025-07-07 18:00:00,0.001524,0.001528,0.001506,0.001524,52931396.0
2025-07-07 19:00:00,0.001524,0.001545,0.001523,0.001531,79693831.0
2025-07-07 20:00:00,0.001531,0.001531,0.001509,0.001515,67988386.0
2025-07-07 21:00:00,0.001515,0.001527,0.001505,0.001519,57599867.0
2025-07-07 22:00:00,0.001519,0.001523,0.00151,0.001512,47683166.0
2025-07-07 23:00:00,0.001511,0.001527,0.00151,0.001524,74626467.0
2025-07-08 00:00:00,0.001521,0.001528,0.001509,0.001513,146909526.0
2025-07-08 01:00:00,0.001512,0.001512,0.001495,0.001499,66524207.0
2025-07-08 02:00:00,0.001498,0.001509,0.001494,0.001505,120377638.0
2025-07-08 03:00:00,0.001505,0.001514,0.001505,0.001507,37813577.0
2025-07-08 04:00:00,0.001507,0.001508,0.001496,0.001508,71076500.0
2025-07-08 05:00:00,0.001508,0.001515,0.001503,0.001514,33379213.0
2025-07-08 06:00:00,0.001514,0.001526,0.001511,0.001515,67671385.0
2025-07-08 07:00:00,0.001514,0.00152,0.001507,0.001509,103960214.0
2025-07-08 08:00:00,0.001509,0.001511,0.001496,0.001498,80987687.0
2025-07-08 09:00:00,0.001497,0.001506,0.001489,0.001504,63382767.0
2025-07-08 10:00:00,0.001504,0.001521,0.001499,0.001518,156188484.0
2025-07-08 11:00:00,0.001519,0.001529,0.001517,0.001519,46558598.0
2025-07-08 12:00:00,0.001519,0.00153,0.001514,0.00153,65124255.0
2025-07-08 13:00:00,0.00153,0.00154,0.001523,0.001534,62281914.0
2025-07-08 14:00:00,0.001534,0.001535,0.001504,0.001507,145540673.0
2025-07-08 15:00:00,0.001506,0.001509,0.001496,0.001501,74183331.0
2025-07-08 16:00:00,0.001502,0.001521,0.001492,0.001516,70400301.0
2025-07-08 17:00:00,0.001516,0.001559,0.001516,0.00155,116534383.0
2025-07-08 18:00:00,0.00155,0.001565,0.001548,0.001565,48339622.0
2025-07-08 19:00:00,0.001565,0.001567,0.001547,0.001555,106211736.0
2025-07-08 20:00:00,0.001555,0.001557,0.001545,0.001547,47678283.0
2025-07-08 21:00:00,0.001548,0.00156,0.001548,0.001558,30325226.0
2025-07-08 22:00:00,0.001558,0.001562,0.001547,0.001552,21608808.0
2025-07-08 23:00:00,0.001553,0.001554,0.001546,0.001548,27080679.0
2025-07-09 00:00:00,0.00155,0.001559,0.001539,0.001544,85081807.0
2025-07-09 01:00:00,0.001543,0.001551,0.001525,0.001531,67954496.0
2025-07-09 02:00:00,0.001531,0.001536,0.001526,0.001535,17069698.0
2025-07-09 03:00:00,0.001537,0.001541,0.00153,0.001537,24179952.0
2025-07-09 04:00:00,0.001536,0.001548,0.001529,0.001547,26345937.0
2025-07-09 05:00:00,0.001549,0.001563,0.001536,0.001551,85198400.0
2025-07-09 06:00:00,0.001552,0.00156,0.001544,0.001559,38518823.0
2025-07-09 07:00:00,0.001559,0.001562,0.001548,0.001559,93770859.0
2025-07-09 08:00:00,0.001559,0.001568,0.001555,0.001563,73727828.0
2025-07-09 09:00:00,0.001565,0.001567,0.001555,0.001565,54250520.0
2025-07-09 10:00:00,0.001565,0.001572,0.001561,0.001572,43569783.0
2025-07-09 11:00:00,0.001572,0.00158,0.001562,0.001566,89089396.0
2025-07-09 12:00:00,0.001568,0.00159,0.001565,0.001582,84517061.0
2025-07-09 13:00:00,0.001583,0.00159,0.001569,0.001572,106826023.0
2025-07-09 14:00:00,0.001572,0.001588,0.001558,0.001567,95137672.0
2025-07-09 15:00:00,0.001567,0.001578,0.001561,0.001567,61181607.0
2025-07-09 16:00:00,0.001567,0.00158,0.001567,0.001576,41307979.0
2025-07-09 17:00:00,0.001576,0.001577,0.001562,0.001569,49632936.0
2025-07-09 18:00:00,0.001569,0.001586,0.001567,0.001581,131294585.0
2025-07-09 19:00:00,0.001582,0.001626,0.00158,0.001622,224584037.0
2025-07-09 20:00:00,0.001622,0.001631,0.001606,0.001629,170427223.0
2025-07-09 21:00:00,0.001628,0.001648,0.001624,0.001637,155469331.0
2025-07-09 22:00:00,0.001639,0.00165,0.001635,0.001642,114327312.0
2025-07-09 23:00:00,0.001642,0.001647,0.001633,0.001636,70365079.0
2025-07-10 00:00:00,0.001637,0.001646,0.001616,0.001619,119720642.0
2025-07-10 01:00:00,0.00162,0.001634,0.001618,0.001625,33633183.0
2025-07-10 02:00:00,0.001626,0.001652,0.001624,0.001652,79189905.0
2025-07-10 03:00:00,0.001653,0.001658,0.001642,0.001652,38480270.0
2025-07-10 04:00:00,0.001653,0.00167,0.001648,0.001663,41132433.0
2025-07-10 05:00:00,0.001662,0.001665,0.001641,0.001641,50800662.0
2025-07-10 06:00:00,0.001642,0.001654,0.001637,0.001652,25990216.0
2025-07-10 07:00:00,0.001653,0.001669,0.001641,0.001645,81643763.0
2025-07-10 08:00:00,0.001645,0.001655,0.001634,0.001653,63587487.0
2025-07-10 09:00:00,0.001653,0.001659,0.001644,0.00165,51102055.0
2025-07-10 10:00:00,0.001649,0.00167,0.00164,0.001663,75500910.0
2025-07-10 11:00:00,0.001661,0.001667,0.001654,0.001665,59016536.0
2025-07-10 12:00:00,0.001665,0.001669,0.001644,0.001666,66796249.0
2025-07-10 13:00:00,0.001665,0.001715,0.001662,0.001698,219580959.0
2025-07-10 14:00:00,0.001699,0.001712,0.001673,0.001686,175554932.0
2025-07-10 15:00:00,0.001686,0.001688,0.001668,0.00167,82263761.0
2025-07-10 16:00:00,0.00167,0.001728,0.001669,0.001721,206978644.0
2025-07-10 17:00:00,0.001721,0.001754,0.001711,0.001746,192673592.0
2025-07-10 18:00:00,0.001746,0.00175,0.001724,0.001748,130738846.0
2025-07-10 19:00:00,0.001748,0.001749,0.001728,0.001733,68076982.0
2025-07-10 20:00:00,0.001735,0.00178,0.001735,0.001775,126035115.0
2025-07-10 21:00:00,0.001775,0.001852,0.001771,0.001837,408816758.0
2025-07-10 22:00:00,0.001838,0.001892,0.001832,0.001889,208146293.0
2025-07-10 23:00:00,0.001889,0.001891,0.001851,0.001868,188217049.0
2025-07-11 00:00:00,0.001868,0.001894,0.001837,0.001852,187464042.0
2025-07-11 01:00:00,0.001852,0.0019,0.001849,0.001896,229423871.0
2025-07-11 02:00:00,0.001895,0.001922,0.001879,0.001916,149336623.0
2025-07-11 03:00:00,0.001916,0.00193,0.001906,0.001916,150011663.0
2025-07-11 04:00:00,0.001916,0.001941,0.001914,0.001936,296069260.0
2025-07-11 05:00:00,0.001937,0.001953,0.001923,0.001937,190292881.0
2025-07-11 06:00:00,0.001935,0.001959,0.001883,0.001888,270173345.0
2025-07-11 07:00:00,0.001887,0.001899,0.001861,0.001884,147501097.0
2025-07-11 08:00:00,0.001885,0.001923,0.001883,0.001923,92436396.0
2025-07-11 09:00:00,0.001922,0.001939,0.001908,0.001929,110743033.0
2025-07-11 10:00:00,0.00193,0.001936,0.001917,0.001918,66205146.0
2025-07-11 11:00:00,0.001919,0.001927,0.0019,0.001909,100571271.0
2025-07-11 12:00:00,0.001911,0.001944,0.001896,0.001943,110341791.0
2025-07-11 13:00:00,0.001942,0.001951,0.001909,0.001941,211372652.0
2025-07-11 14:00:00,0.001942,0.00198,0.001927,0.001944,443424648.0
2025-07-11 15:00:00,0.001944,0.001948,0.001876,0.001889,228761036.0
2025-07-11 16:00:00,0.001889,0.001931,0.001875,0.001928,160306168.0
2025-07-11 17:00:00,0.001927,0.001953,0.001923,0.001949,180167768.0
2025-07-11 18:00:00,0.001949,0.001951,0.001933,0.00195,85774001.0
2025-07-11 19:00:00,0.00195,0.001964,0.001938,0.001957,105139643.0
2025-07-11 20:00:00,0.001956,0.001959,0.001903,0.001905,136121420.0
2025-07-11 21:00:00,0.001906,0.00191,0.001846,0.001864,205603994.0
2025-07-11 22:00:00,0.001864,0.001873,0.001803,0.001832,283435140.0
2025-07-11 23:00:00,0.001833,0.001854,0.001828,0.001831,86106431.0
2025-07-12 00:00:00,0.001831,0.001842,0.001789,0.001809,139092514.0
2025-07-12 01:00:00,0.001808,0.001846,0.001808,0.001839,68819345.0
2025-07-12 02:00:00,0.001838,0.001858,0.001831,0.001837,51991061.0
2025-07-12 03:00:00,0.001837,0.001854,0.001834,0.001851,45157473.0
2025-07-12 04:00:00,0.001851,0.001854,0.001791,0.001795,71025952.0
2025-07-12 05:00:00,0.001796,0.00181,0.001766,0.001801,309424440.0
2025-07-12 06:00:00,0.001801,0.001834,0.001788,0.001827,122319125.0
2025-07-12 07:00:00,0.001827,0.001842,0.001806,0.001817,113600002.0
2025-07-12 08:00:00,0.001817,0.001823,0.00179,0.0018,134518719.0
2025-07-12 09:00:00,0.001799,0.001814,0.001792,0.001807,62357890.0
2025-07-12 10:00:00,0.001807,0.001811,0.001799,0.001806,49876390.0
2025-07-12 11:00:00,0.001805,0.001809,0.001791,0.001807,71847931.0
2025-07-12 12:00:00,0.001806,0.001809,0.00173,0.001758,188879481.0
2025-07-12 13:00:00,0.001757,0.001757,0.001719,0.001754,134955600.0
2025-07-12 14:00:00,0.001755,0.001776,0.001743,0.001747,115964159.0
2025-07-12 15:00:00,0.001746,0.001748,0.001686,0.001707,238127503.0
2025-07-12 16:00:00,0.001706,0.001738,0.00169,0.001717,186540282.0
2025-07-12 17:00:00,0.001717,0.001762,0.001713,0.001756,95967676.0
2025-07-12 18:00:00,0.001755,0.001778,0.001741,0.001764,83316735.0
2025-07-12 19:00:00,0.001764,0.001774,0.001755,0.001769,84563185.0
2025-07-12 20:00:00,0.001768,0.001768,0.001739,0.00174,44115741.0
2025-07-12 21:00:00,0.001739,0.00177,0.001738,0.001769,35505479.0
2025-07-12 22:00:00,0.00177,0.001778,0.001752,0.001777,32582755.0
2025-07-12 23:00:00,0.001777,0.001781,0.001761,0.00177,94263199.0
2025-07-13 00:00:00,0.001771,0.001773,0.001751,0.001756,110184102.0
2025-07-13 01:00:00,0.001757,0.001774,0.001753,0.001764,53311997.0
2025-07-13 02:00:00,0.001765,0.00177,0.001744,0.001765,34146442.0
2025-07-13 03:00:00,0.001767,0.00177,0.001752,0.001764,35686704.0
2025-07-13 04:00:00,0.001764,0.001798,0.001757,0.001794,84220810.0
2025-07-13 05:00:00,0.001795,0.001805,0.00178,0.001783,74565235.0
2025-07-13 06:00:00,0.001782,0.001806,0.001778,0.001792,59962902.0
2025-07-13 07:00:00,0.001791,0.001807,0.001783,0.001792,41242768.0
2025-07-13 08:00:00,0.001792,0.001795,0.001768,0.001779,78681017.0
2025-07-13 09:00:00,0.001779,0.001788,0.001758,0.001766,48404704.0
2025-07-13 10:00:00,0.001767,0.001784,0.00176,0.001765,44894894.0
2025-07-13 11:00:00,0.001765,0.001806,0.001765,0.001806,69025250.0
2025-07-13 12:00:00,0.001805,0.00184,0.001789,0.001834,175999409.0
2025-07-13 13:00:00,0.001834,0.001837,0.001807,0.001818,71972047.0
2025-07-13 14:00:00,0.001818,0.001844,0.001806,0.001821,142275370.0
2025-07-13 15:00:00,0.001822,0.001848,0.001816,0.001823,99096600.0
2025-07-13 16:00:00,0.001824,0.001846,0.001808,0.00181,127223869.0
2025-07-13 17:00:00,0.00181,0.001832,0.001797,0.001823,75963702.0
2025-07-13 18:00:00,0.001823,0.001859,0.00182,0.001853,65069999.0
2025-07-13 19:00:00,0.001852,0.001869,0.001838,0.001839,71115909.0
2025-07-13 20:00:00,0.001841,0.001863,0.001828,0.001852,46835078.0
2025-07-13 21:00:00,0.001852,0.001852,0.001788,0.001809,100658992.0
2025-07-13 22:00:00,0.001809,0.001809,0.001785,0.001798,69130316.0
2025-07-13 23:00:00,0.001797,0.00182,0.001795,0.001817,88184405.0
2025-07-14 00:00:00,0.001817,0.001853,0.001813,0.001834,106379515.0
2025-07-14 01:00:00,0.001834,0.001849,0.001819,0.001847,154503001.0
2025-07-14 02:00:00,0.001847,0.001877,0.001835,0.001856,143955892.0
2025-07-14 03:00:00,0.001857,0.0019,0.00185,0.001879,153076223.0
2025-07-14 04:00:00,0.00188,0.001935,0.001871,0.001932,163794598.0
2025-07-14 05:00:00,0.001932,0.00195,0.001864,0.001889,366482056.0
2025-07-14 06:00:00,0.001888,0.00189,0.001864,0.001872,127624936.0
2025-07-14 07:00:00,0.001873,0.001911,0.00187,0.001892,197688718.0
2025-07-14 08:00:00,0.001894,0.001898,0.00185,0.001878,160858825.0
2025-07-14 09:00:00,0.001877,0.001911,0.001874,0.001897,152413254.0
2025-07-14 10:00:00,0.001896,0.001903,0.001875,0.001889,227856414.0
2025-07-14 11:00:00,0.001888,0.00189,0.001857,0.001866,80379866.0
2025-07-14 12:00:00,0.001866,0.001881,0.001858,0.001878,65251458.0
2025-07-14 13:00:00,0.001878,0.001889,0.001849,0.00187,112754451.0
2025-07-14 14:00:00,0.001871,0.001886,0.001813,0.001838,154244724.0
2025-07-14 15:00:00,0.001838,0.001838,0.001795,0.001812,157390975.0
2025-07-14 16:00:00,0.001812,0.001835,0.001794,0.001834,107594529.0
2025-07-14 17:00:00,0.001834,0.001838,0.001813,0.001822,46014693.0
2025-07-14 18:00:00,0.001821,0.001821,0.00178,0.001786,92842454.0
2025-07-14 19:00:00,0.001786,0.001797,0.001776,0.00179,67137711.0
2025-07-14 20:00:00,0.00179,0.0018,0.001759,0.001788,91490117.0
2025-07-14 21:00:00,0.001789,0.001807,0.001784,0.001803,51603060.0
2025-07-14 22:00:00,0.001802,0.001812,0.001791,0.001807,88038264.0
2025-07-14 23:00:00,0.001806,0.001811,0.001784,0.001799,32085880.0
2025-07-15 00:00:00,0.001799,0.001807,0.001758,0.001765,91885708.0
2025-07-15 01:00:00,0.001766,0.001788,0.001747,0.001764,127544830.0
2025-07-15 02:00:00,0.001764,0.001777,0.001743,0.001745,125651489.0
2025-07-15 03:00:00,0.001744,0.001744,0.00171,0.001732,180868274.0
2025-07-15 04:00:00,0.001731,0.00175,0.001709,0.001743,104885209.0
2025-07-15 05:00:00,0.001744,0.001753,0.00174,0.001747,94926948.0
2025-07-15 06:00:00,0.001747,0.001759,0.001738,0.001758,125128667.0
2025-07-15 07:00:00,0.001756,0.001777,0.001744,0.001745,86528281.0
2025-07-15 08:00:00,0.001746,0.001749,0.001727,0.001735,85490362.0
2025-07-15 09:00:00,0.001735,0.001754,0.001734,0.001741,32742446.0
2025-07-15 10:00:00,0.001741,0.001751,0.001735,0.001741,57066524.0
2025-07-15 11:00:00,0.001742,0.001754,0.001724,0.001751,53790036.0
2025-07-15 12:00:00,0.00175,0.00177,0.00172,0.001754,159935274.0
2025-07-15 13:00:00,0.001753,0.0018,0.001752,0.001791,189576958.0
2025-07-15 14:00:00,0.001793,0.001811,0.001728,0.001738,161819730.0
2025-07-15 15:00:00,0.001739,0.001812,0.001732,0.001804,166774014.0
2025-07-15 16:00:00,0.001804,0.001841,0.0018,0.001828,81747260.0
2025-07-15 17:00:00,0.001828,0.001871,0.001821,0.00187,109519388.0
2025-07-15 18:00:00,0.00187,0.001882,0.00182,0.001842,174632073.0
2025-07-15 19:00:00,0.001841,0.001861,0.001807,0.001817,122089417.0
2025-07-15 20:00:00,0.001817,0.001839,0.001809,0.001827,80164375.0
2025-07-15 21:00:00,0.001827,0.001863,0.001825,0.00186,49441927.0
2025-07-15 22:00:00,0.001861,0.001867,0.00185,0.001865,44312141.0
2025-07-15 23:00:00,0.001866,0.001906,0.001866,0.001905,90966022.0
2025-07-16 00:00:00,0.001906,0.001942,0.001891,0.001929,134494814.0
2025-07-16 01:00:00,0.00193,0.001932,0.001904,0.001905,107749628.0
2025-07-16 02:00:00,0.001905,0.001911,0.00186,0.001864,73871412.0
2025-07-16 03:00:00,0.001863,0.001876,0.001863,0.001866,31637500.0
2025-07-16 04:00:00,0.001867,0.001879,0.001849,0.001876,40124577.0
2025-07-16 05:00:00,0.001877,0.001894,0.001874,0.001886,54016369.0
2025-07-16 06:00:00,0.001885,0.001899,0.001866,0.00189,138392314.0
2025-07-16 07:00:00,0.001889,0.001904,0.001877,0.001892,62551131.0
2025-07-16 08:00:00,0.001891,0.001895,0.001878,0.00189,76550062.0
2025-07-16 09:00:00,0.00189,0.001903,0.001869,0.001882,107451755.0
2025-07-16 10:00:00,0.001884,0.001885,0.00186,0.001861,68678000.0
2025-07-16 11:00:00,0.001862,0.001899,0.001862,0.001893,57937927.0
2025-07-16 12:00:00,0.001894,0.001921,0.00189,0.001908,134176116.0
2025-07-16 13:00:00,0.001908,0.001914,0.001886,0.0019,110017990.0
2025-07-16 14:00:00,0.001899,0.001933,0.001882,0.001929,149670860.0
2025-07-16 15:00:00,0.001929,0.001945,0.001903,0.001932,164969106.0
2025-07-16 16:00:00,0.001932,0.002064,0.001926,0.002052,837932712.0
2025-07-16 17:00:00,0.002053,0.002075,0.00203,0.002073,403015669.0
2025-07-16 18:00:00,0.002074,0.002203,0.002074,0.00217,1322397701.0
2025-07-16 19:00:00,0.002171,0.002186,0.002074,0.002086,464580264.0
2025-07-16 20:00:00,0.002085,0.002144,0.002083,0.002099,426612874.0
2025-07-16 21:00:00,0.0021,0.002132,0.002074,0.002126,250371186.0
2025-07-16 22:00:00,0.002128,0.002143,0.002092,0.002101,262443506.0
2025-07-16 23:00:00,0.002102,0.002106,0.002035,0.002048,232128189.0
2025-07-17 00:00:00,0.002049,0.002104,0.002031,0.002077,226445172.0
2025-07-17 01:00:00,0.002076,0.002101,0.002004,0.002026,204374477.0
2025-07-17 02:00:00,0.002025,0.002042,0.002008,0.002031,130054552.0
2025-07-17 03:00:00,0.002032,0.002033,0.00197,0.001987,198333456.0
2025-07-17 04:00:00,0.001988,0.002017,0.00198,0.002016,207896195.0
2025-07-17 05:00:00,0.002016,0.002047,0.001995,0.002046,105124018.0
2025-07-17 06:00:00,0.002046,0.002063,0.002008,0.002057,226991523.0
2025-07-17 07:00:00,0.002057,0.002059,0.002015,0.002049,195091530.0
2025-07-17 08:00:00,0.002047,0.002079,0.002037,0.002056,276856346.0
2025-07-17 09:00:00,0.002055,0.00208,0.002046,0.002065,205278145.0
2025-07-17 10:00:00,0.002064,0.00207,0.002036,0.002053,184589440.0
2025-07-17 11:00:00,0.002053,0.002054,0.002028,0.002042,121318675.0
2025-07-17 12:00:00,0.002041,0.002054,0.002004,0.002042,182816150.0
2025-07-17 13:00:00,0.002041,0.002065,0.001987,0.002034,240823938.0
2025-07-17 14:00:00,0.002034,0.002066,0.002014,0.002057,210295979.0
2025-07-17 15:00:00,0.002058,0.002072,0.002017,0.002031,208728956.0
2025-07-17 16:00:00,0.00203,0.002042,0.001938,0.001979,432090512.0
2025-07-17 17:00:00,0.00198,0.002011,0.001971,0.00201,155928612.0
2025-07-17 18:00:00,0.002011,0.002035,0.002003,0.002019,131392407.0
2025-07-17 19:00:00,0.00202,0.002032,0.001971,0.001973,178020982.0
2025-07-17 20:00:00,0.001973,0.001979,0.001933,0.001978,171983492.0
2025-07-17 21:00:00,0.001978,0.002046,0.001975,0.002014,216118739.0
2025-07-17 22:00:00,0.002015,0.002055,0.002007,0.002039,112150318.0
2025-07-17 23:00:00,0.002039,0.00206,0.002023,0.002025,135588369.0
2025-07-18 00:00:00,0.002025,0.00208,0.002011,0.002066,129766920.0
2025-07-18 01:00:00,0.002066,0.002094,0.002058,0.002078,172271625.0
2025-07-18 02:00:00,0.002078,0.002083,0.002053,0.002079,107597970.0
2025-07-18 03:00:00,0.002079,0.002088,0.002062,0.002076,47940280.0
2025-07-18 04:00:00,0.002077,0.002119,0.002062,0.002117,94989939.0
2025-07-18 05:00:00,0.002118,0.002128,0.002103,0.002124,260130580.0
2025-07-18 06:00:00,0.002123,0.002141,0.002091,0.002123,185689072.0
2025-07-18 07:00:00,0.002124,0.002137,0.002083,0.002085,115213750.0
2025-07-18 08:00:00,0.002085,0.002126,0.002063,0.002078,209025554.0
2025-07-18 09:00:00,0.002078,0.002097,0.002068,0.002095,105852698.0
2025-07-18 10:00:00,0.002094,0.002094,0.00204,0.002073,121794561.0
2025-07-18 11:00:00,0.002074,0.002077,0.002027,0.002052,79325152.0
2025-07-18 12:00:00,0.002053,0.002123,0.002053,0.00212,98327215.0
2025-07-18 13:00:00,0.00212,0.002124,0.002079,0.002106,193354676.0
2025-07-18 14:00:00,0.002107,0.002131,0.002016,0.002039,313679241.0
2025-07-18 15:00:00,0.002038,0.002052,0.001975,0.002004,300686725.0
2025-07-18 16:00:00,0.002004,0.002041,0.001987,0.002024,138008389.0
2025-07-18 17:00:00,0.002025,0.002041,0.002004,0.002021,157205565.0
2025-07-18 18:00:00,0.00202,0.002027,0.001981,0.001985,80511568.0
2025-07-18 19:00:00,0.001985,0.001996,0.001949,0.001977,136302984.0
2025-07-18 20:00:00,0.001976,0.001976,0.001895,0.00194,265862546.0
2025-07-18 21:00:00,0.001939,0.001973,0.001935,0.001954,82861997.0
2025-07-18 22:00:00,0.001955,0.001979,0.001938,0.00194,126703980.0
2025-07-18 23:00:00,0.00194,0.001954,0.001915,0.001953,100780273.0
2025-07-19 00:00:00,0.001952,0.001962,0.001903,0.001903,80714689.0
2025-07-19 01:00:00,0.001904,0.001943,0.001881,0.001931,91249925.0
2025-07-19 02:00:00,0.001932,0.001964,0.001923,0.00196,67531009.0
2025-07-19 03:00:00,0.001961,0.002004,0.00196,0.002003,40797634.0
2025-07-19 04:00:00,0.002004,0.002021,0.001988,0.00201,60526431.0
2025-07-19 05:00:00,0.002011,0.002018,0.00199,0.00199,77722409.0
2025-07-19 06:00:00,0.00199,0.002003,0.001975,0.001987,80386298.0
2025-07-19 07:00:00,0.001986,0.002004,0.001973,0.001978,70349715.0
2025-07-19 08:00:00,0.001979,0.001983,0.001956,0.001967,58036635.0
2025-07-19 09:00:00,0.001967,0.001988,0.001962,0.00197,55267817.0
2025-07-19 10:00:00,0.001971,0.001998,0.001957,0.001976,126878805.0
2025-07-19 11:00:00,0.001977,0.001985,0.001947,0.001955,59895001.0
2025-07-19 12:00:00,0.001956,0.001976,0.001941,0.001976,54302218.0
2025-07-19 13:00:00,0.001975,0.001976,0.001947,0.001958,105339973.0
2025-07-19 14:00:00,0.001959,0.001963,0.001909,0.001913,184761813.0
2025-07-19 15:00:00,0.001913,0.001964,0.001912,0.001937,139978863.0
2025-07-19 16:00:00,0.001937,0.001966,0.001924,0.001952,123161314.0
2025-07-19 17:00:00,0.001953,0.001954,0.001929,0.001941,39969685.0
2025-07-19 18:00:00,0.00194,0.001978,0.001938,0.001969,94345949.0
2025-07-19 19:00:00,0.00197,0.002026,0.001964,0.002006,109069189.0
2025-07-19 20:00:00,0.002006,0.002026,0.001998,0.00201,52967392.0
2025-07-19 21:00:00,0.002009,0.002016,0.001978,0.002004,82577842.0
2025-07-19 22:00:00,0.002003,0.002028,0.001991,0.002007,72984096.0
2025-07-19 23:00:00,0.002006,0.002019,0.002002,0.002015,32501791.0
2025-07-20 00:00:00,0.002016,0.00202,0.001994,0.002007,55271944.0
2025-07-20 01:00:00,0.002007,0.002047,0.002004,0.002011,118491866.0
2025-07-20 02:00:00,0.00201,0.002024,0.002,0.002007,36709535.0
2025-07-20 03:00:00,0.002009,0.002046,0.002008,0.00202,80317458.0
2025-07-20 04:00:00,0.002021,0.002038,0.002007,0.002016,85488639.0
2025-07-20 05:00:00,0.002016,0.002045,0.002008,0.002041,67136899.0
2025-07-20 06:00:00,0.002041,0.002069,0.002033,0.002035,157965811.0
2025-07-20 07:00:00,0.002036,0.002059,0.002035,0.002036,60253216.0
2025-07-20 08:00:00,0.002036,0.00207,0.002035,0.002058,135099435.0
2025-07-20 09:00:00,0.002058,0.002074,0.002045,0.00206,124308980.0
2025-07-20 10:00:00,0.002059,0.002071,0.00205,0.002053,59985552.0
2025-07-20 11:00:00,0.002054,0.002081,0.002054,0.002071,84491408.0
2025-07-20 12:00:00,0.00207,0.002085,0.00206,0.002076,114447174.0
2025-07-20 13:00:00,0.002077,0.002111,0.002067,0.002106,112434954.0
2025-07-20 14:00:00,0.002109,0.00211,0.00207,0.00209,100806040.0
2025-07-20 15:00:00,0.00209,0.002128,0.002076,0.002123,251031836.0
2025-07-20 16:00:00,0.002126,0.002171,0.002124,0.002153,320489066.0
2025-07-20 17:00:00,0.002154,0.002157,0.002102,0.002105,210712259.0
2025-07-20 18:00:00,0.002106,0.002138,0.002096,0.002135,176223574.0
2025-07-20 19:00:00,0.002136,0.00215,0.002122,0.002131,112496425.0
2025-07-20 20:00:00,0.002132,0.002156,0.002107,0.002139,88748052.0
2025-07-20 21:00:00,0.002138,0.002152,0.002105,0.002152,76252022.0
2025-07-20 22:00:00,0.002153,0.002159,0.002036,0.002091,361840058.0
2025-07-20 23:00:00,0.00209,0.002103,0.002058,0.002078,164645846.0
2025-07-21 00:00:00,0.002079,0.002092,0.002034,0.00207,175583654.0
2025-07-21 01:00:00,0.002072,0.002085,0.002026,0.002065,126880330.0
2025-07-21 02:00:00,0.002065,0.002114,0.002063,0.002114,129676761.0
2025-07-21 03:00:00,0.002115,0.002141,0.002111,0.002139,104257941.0
2025-07-21 04:00:00,0.002138,0.002139,0.002108,0.002122,69671117.0
2025-07-21 05:00:00,0.002122,0.002139,0.002105,0.002137,79284486.0
2025-07-21 06:00:00,0.002138,0.002164,0.002122,0.002137,174777914.0
2025-07-21 07:00:00,0.002137,0.002155,0.00213,0.002141,93845054.0
2025-07-21 08:00:00,0.002143,0.002167,0.002117,0.002126,128433578.0
2025-07-21 09:00:00,0.002126,0.002132,0.0021,0.002115,129626613.0
2025-07-21 10:00:00,0.002115,0.002124,0.002084,0.002124,104889889.0
2025-07-21 11:00:00,0.002123,0.002145,0.00212,0.002126,88000990.0
2025-07-21 12:00:00,0.002125,0.002129,0.002104,0.002122,68320402.0
2025-07-21 13:00:00,0.002123,0.002163,0.002099,0.002153,136325335.0
2025-07-21 14:00:00,0.002153,0.002177,0.00213,0.002162,156233307.0
2025-07-21 15:00:00,0.002162,0.002189,0.002133,0.002137,180168876.0
2025-07-21 16:00:00,0.002136,0.002144,0.00206,0.002091,228054973.0
2025-07-21 17:00:00,0.002091,0.002118,0.00208,0.002113,146815496.0
2025-07-21 18:00:00,0.002112,0.002135,0.002074,0.002081,95475673.0
2025-07-21 19:00:00,0.00208,0.002098,0.002047,0.002066,186510428.0
2025-07-21 20:00:00,0.002066,0.002086,0.002051,0.002065,118278596.0
2025-07-21 21:00:00,0.002064,0.002097,0.002054,0.00209,56657677.0
2025-07-21 22:00:00,0.002089,0.002146,0.002086,0.002133,99689060.0
2025-07-21 23:00:00,0.002132,0.002167,0.00212,0.002152,156335934.0
2025-07-22 00:00:00,0.002152,0.002158,0.002101,0.002108,128848696.0
2025-07-22 01:00:00,0.002107,0.002166,0.002032,0.002152,374325882.0
2025-07-22 02:00:00,0.002153,0.002179,0.002109,0.00212,294811297.0
2025-07-22 03:00:00,0.002119,0.002129,0.002065,0.002088,215343695.0
2025-07-22 04:00:00,0.002088,0.002092,0.001997,0.001998,358037340.0
2025-07-22 05:00:00,0.002,0.002041,0.001992,0.002027,393076275.0
2025-07-22 06:00:00,0.002028,0.002051,0.00201,0.002035,145634118.0
2025-07-22 07:00:00,0.002036,0.00206,0.001996,0.002003,150191091.0
2025-07-22 08:00:00,0.002002,0.002002,0.001957,0.001995,234081132.0
2025-07-22 09:00:00,0.001995,0.001999,0.001959,0.001987,109380505.0
2025-07-22 10:00:00,0.001986,0.002021,0.001978,0.00202,75952968.0
2025-07-22 11:00:00,0.00202,0.002029,0.001997,0.002018,102397387.0
2025-07-22 12:00:00,0.002017,0.002035,0.00201,0.002022,99941473.0
2025-07-22 13:00:00,0.002024,0.002057,0.001999,0.002015,223017093.0
2025-07-22 14:00:00,0.002015,0.002042,0.00198,0.002039,159664497.0
2025-07-22 15:00:00,0.00204,0.002062,0.002025,0.002033,150176948.0
2025-07-22 16:00:00,0.002034,0.002073,0.002021,0.002051,96614830.0
2025-07-22 17:00:00,0.00205,0.002051,0.002,0.002025,119919930.0
2025-07-22 18:00:00,0.002025,0.002078,0.002009,0.002063,122485178.0
2025-07-22 19:00:00,0.002062,0.002069,0.002002,0.002012,146869869.0
2025-07-22 20:00:00,0.002011,0.002061,0.002002,0.002054,114669200.0
2025-07-22 21:00:00,0.002054,0.002079,0.002048,0.002072,46322000.0
2025-07-22 22:00:00,0.002073,0.002091,0.002069,0.002073,75188320.0
2025-07-22 23:00:00,0.002074,0.002105,0.002073,0.002102,47708681.0
2025-07-23 00:00:00,0.002102,0.002106,0.002021,0.002025,422647013.0
2025-07-23 01:00:00,0.002024,0.002033,0.002001,0.002023,132001353.0
2025-07-23 02:00:00,0.002024,0.002039,0.002006,0.002026,116319149.0
2025-07-23 03:00:00,0.002026,0.002046,0.002012,0.002019,98261546.0
2025-07-23 04:00:00,0.002021,0.002049,0.002013,0.002045,127985836.0
2025-07-23 05:00:00,0.002045,0.002059,0.00203,0.002045,80572917.0
2025-07-23 06:00:00,0.002044,0.002048,0.002002,0.002016,124463137.0
2025-07-23 07:00:00,0.002015,0.002038,0.002006,0.002032,318465958.0
2025-07-23 08:00:00,0.002032,0.002051,0.002021,0.00205,202283408.0
2025-07-23 09:00:00,0.002048,0.002057,0.002004,0.002004,132373406.0
2025-07-23 10:00:00,0.002003,0.002004,0.001975,0.002003,167905777.0
2025-07-23 11:00:00,0.002002,0.002005,0.001984,0.002004,104228213.0
2025-07-23 12:00:00,0.002003,0.00202,0.001939,0.001945,283335203.0
2025-07-23 13:00:00,0.001946,0.001974,0.001888,0.001917,748455156.0
2025-07-23 14:00:00,0.001916,0.001955,0.001908,0.001927,178142446.0
2025-07-23 15:00:00,0.001928,0.001952,0.0019,0.001947,181655602.0
2025-07-23 16:00:00,0.001947,0.001947,0.00187,0.001875,253510034.0
2025-07-23 17:00:00,0.001876,0.001889,0.001823,0.001867,328005630.0
2025-07-23 18:00:00,0.001868,0.001887,0.001865,0.001885,108481499.0
2025-07-23 19:00:00,0.001884,0.00189,0.00186,0.001863,114433526.0
2025-07-23 20:00:00,0.001862,0.001878,0.0018,0.001841,306678979.0
2025-07-23 21:00:00,0.001841,0.001847,0.001761,0.001837,298360356.0
2025-07-23 22:00:00,0.001837,0.001862,0.001819,0.001842,120458074.0
2025-07-23 23:00:00,0.001841,0.001882,0.00184,0.001861,239934108.0
2025-07-24 00:00:00,0.001862,0.001886,0.001844,0.001881,79929043.0
2025-07-24 01:00:00,0.00188,0.00188,0.001851,0.001876,46967606.0
2025-07-24 02:00:00,0.001876,0.001882,0.00185,0.001856,140402482.0
2025-07-24 03:00:00,0.001856,0.001897,0.001852,0.001863,169026717.0
2025-07-24 04:00:00,0.001863,0.001867,0.001805,0.001811,199899198.0
2025-07-24 05:00:00,0.00181,0.001814,0.001737,0.001745,254427270.0
2025-07-24 06:00:00,0.001745,0.001784,0.001684,0.00172,245460184.0
2025-07-24 07:00:00,0.00172,0.00175,0.001695,0.001748,187564797.0
2025-07-24 08:00:00,0.001747,0.001782,0.001739,0.001774,141020973.0
2025-07-24 09:00:00,0.001774,0.001776,0.00175,0.001764,165169716.0
2025-07-24 10:00:00,0.001764,0.001771,0.001731,0.001764,159535907.0
2025-07-24 11:00:00,0.001764,0.001803,0.001761,0.001799,108202741.0
2025-07-24 12:00:00,0.001798,0.001813,0.001773,0.001781,143352732.0
2025-07-24 13:00:00,0.00178,0.001802,0.001767,0.001771,104426410.0
2025-07-24 14:00:00,0.001772,0.001842,0.00175,0.001841,155124764.0
2025-07-24 15:00:00,0.001839,0.001858,0.00182,0.001831,148040886.0
2025-07-24 16:00:00,0.001832,0.001837,0.001772,0.001784,243761937.0
2025-07-24 17:00:00,0.001784,0.001834,0.001781,0.001823,62719401.0
2025-07-24 18:00:00,0.001822,0.001831,0.001803,0.001824,80348300.0
2025-07-24 19:00:00,0.001824,0.001838,0.001802,0.001803,84852444.0
2025-07-24 20:00:00,0.001803,0.001833,0.0018,0.001827,39215959.0
2025-07-24 21:00:00,0.001827,0.001829,0.001785,0.001797,123106793.0
2025-07-24 22:00:00,0.001798,0.00181,0.001774,0.001797,178029240.0
2025-07-24 23:00:00,0.001794,0.001795,0.001758,0.001769,124465259.0
2025-07-25 00:00:00,0.00177,0.001773,0.001727,0.001741,80231922.0
2025-07-25 01:00:00,0.001741,0.001772,0.001727,0.001767,56586974.0
2025-07-25 02:00:00,0.001767,0.001781,0.001731,0.001736,189030043.0
2025-07-25 03:00:00,0.001736,0.001757,0.001703,0.001731,161680045.0
2025-07-25 04:00:00,0.00173,0.001761,0.001705,0.00176,124602607.0
2025-07-25 05:00:00,0.00176,0.001762,0.001729,0.001731,149303757.0
2025-07-25 06:00:00,0.001733,0.001792,0.001719,0.001776,199641012.0
2025-07-25 07:00:00,0.001775,0.001799,0.00175,0.001772,147647561.0
2025-07-25 08:00:00,0.001771,0.001827,0.001769,0.001784,404139397.0
2025-07-25 09:00:00,0.001785,0.001823,0.00177,0.001821,260655419.0
2025-07-25 10:00:00,0.001822,0.001836,0.001803,0.001815,260272540.0
2025-07-25 11:00:00,0.001816,0.001836,0.001814,0.001829,112035026.0
2025-07-25 12:00:00,0.00183,0.001844,0.001816,0.001827,119459831.0
2025-07-25 13:00:00,0.001828,0.001837,0.0018,0.001823,179623564.0
2025-07-25 14:00:00,0.001823,0.001824,0.001754,0.001756,198967009.0
2025-07-25 15:00:00,0.001755,0.001779,0.001735,0.001769,152058876.0
2025-07-25 16:00:00,0.00177,0.001801,0.001755,0.001798,100183116.0
2025-07-25 17:00:00,0.001797,0.00181,0.00178,0.001788,89141322.0
2025-07-25 18:00:00,0.001789,0.001802,0.001784,0.001795,44439618.0
2025-07-25 19:00:00,0.001794,0.001816,0.001789,0.001802,45653900.0
2025-07-25 20:00:00,0.001802,0.001846,0.001801,0.001838,82173625.0
2025-07-25 21:00:00,0.00184,0.001866,0.00184,0.001855,101126990.0
2025-07-25 22:00:00,0.001855,0.001861,0.001849,0.001857,37342178.0
2025-07-25 23:00:00,0.001857,0.00186,0.001853,0.001856,23808873.0
2025-07-26 00:00:00,0.001855,0.001864,0.001846,0.001853,30589763.0
2025-07-26 01:00:00,0.001854,0.001854,0.001835,0.001838,73467137.0
2025-07-26 02:00:00,0.001838,0.001871,0.001837,0.001858,84079024.0
2025-07-26 03:00:00,0.001859,0.001862,0.001849,0.001858,46372617.0
2025-07-26 04:00:00,0.001857,0.001865,0.00185,0.001854,27091658.0
2025-07-26 05:00:00,0.001854,0.001863,0.001846,0.001853,55350706.0
2025-07-26 06:00:00,0.001853,0.001855,0.001846,0.001851,30018203.0
2025-07-26 07:00:00,0.00185,0.001871,0.00185,0.001864,44927719.0
2025-07-26 08:00:00,0.001866,0.001887,0.001866,0.001867,91602063.0
2025-07-26 09:00:00,0.001868,0.00187,0.001857,0.001862,43630189.0
2025-07-26 10:00:00,0.001863,0.001873,0.001856,0.001858,60749479.0
2025-07-26 11:00:00,0.001859,0.001867,0.001842,0.001849,37142254.0
2025-07-26 12:00:00,0.00185,0.001857,0.001836,0.001849,32798647.0
2025-07-26 13:00:00,0.001848,0.001859,0.001844,0.00185,33218798.0
2025-07-26 14:00:00,0.001851,0.00186,0.001842,0.001843,69006443.0
2025-07-26 15:00:00,0.001843,0.001852,0.001826,0.00185,50605737.0
2025-07-26 16:00:00,0.001852,0.001856,0.001836,0.001846,46959355.0
2025-07-26 17:00:00,0.001846,0.001847,0.001832,0.001838,26915528.0
2025-07-26 18:00:00,0.001838,0.001858,0.001828,0.001852,51950205.0
2025-07-26 19:00:00,0.001851,0.001863,0.00185,0.001861,23854990.0
2025-07-26 20:00:00,0.001861,0.001861,0.001844,0.001845,17142288.0
2025-07-26 21:00:00,0.001844,0.001854,0.001836,0.001853,35073516.0
2025-07-26 22:00:00,0.001855,0.001871,0.00184,0.001842,54873532.0
2025-07-26 23:00:00,0.001842,0.001844,0.001824,0.001827,46607438.0
2025-07-27 00:00:00,0.001827,0.001835,0.001821,0.001835,33856141.0
2025-07-27 01:00:00,0.001836,0.001849,0.001828,0.001836,53392172.0
2025-07-27 02:00:00,0.001835,0.001859,0.001829,0.001852,41150076.0
2025-07-27 03:00:00,0.001853,0.001858,0.001838,0.001842,53276837.0
2025-07-27 04:00:00,0.001842,0.00186,0.001842,0.00186,27459912.0
2025-07-27 05:00:00,0.00186,0.001874,0.001853,0.001864,102785166.0
2025-07-27 06:00:00,0.001865,0.001867,0.00185,0.001865,51639133.0
2025-07-27 07:00:00,0.001865,0.001882,0.001861,0.001866,66959645.0
2025-07-27 08:00:00,0.001864,0.00187,0.001844,0.00185,39594656.0
2025-07-27 09:00:00,0.00185,0.001852,0.001839,0.001851,40559995.0
2025-07-27 10:00:00,0.001851,0.001893,0.001851,0.001892,122175147.0
2025-07-27 11:00:00,0.001893,0.001916,0.001878,0.001881,138939537.0
2025-07-27 12:00:00,0.001879,0.001894,0.001858,0.001894,141422431.0
2025-07-27 13:00:00,0.001893,0.001902,0.001876,0.001881,71173628.0
2025-07-27 14:00:00,0.00188,0.0019,0.001866,0.001878,43200069.0
2025-07-27 15:00:00,0.001877,0.001887,0.00186,0.001887,42701167.0
2025-07-27 16:00:00,0.001886,0.001945,0.001886,0.001909,269985369.0
2025-07-27 17:00:00,0.00191,0.001927,0.001892,0.001916,81312282.0
2025-07-27 18:00:00,0.001916,0.001933,0.001903,0.001912,96489920.0
2025-07-27 19:00:00,0.001911,0.001911,0.001889,0.001895,48294412.0
2025-07-27 20:00:00,0.001896,0.001913,0.001896,0.001904,48390796.0
2025-07-27 21:00:00,0.001904,0.001918,0.001894,0.001918,22457105.0
2025-07-27 22:00:00,0.001918,0.001955,0.001917,0.001947,121661360.0
2025-07-27 23:00:00,0.001946,0.001946,0.001921,0.001934,45360915.0
2025-07-28 00:00:00,0.001934,0.001958,0.001927,0.001932,227240458.0
2025-07-28 01:00:00,0.001932,0.001932,0.001897,0.001907,93712344.0
2025-07-28 02:00:00,0.001906,0.001952,0.001898,0.001941,129082348.0
2025-07-28 03:00:00,0.001942,0.001947,0.001926,0.001944,32082929.0
2025-07-28 04:00:00,0.001943,0.001943,0.001908,0.00193,222457552.0
2025-07-28 05:00:00,0.00193,0.001964,0.001927,0.001963,186668229.0
2025-07-28 06:00:00,0.001961,0.001966,0.001934,0.001941,138597279.0
2025-07-28 07:00:00,0.001942,0.001943,0.00191,0.001932,59751893.0
2025-07-28 08:00:00,0.001932,0.001948,0.001914,0.001925,133223816.0
2025-07-28 09:00:00,0.001925,0.001961,0.001915,0.001954,177177039.0
2025-07-28 10:00:00,0.001954,0.001969,0.001943,0.001951,173922693.0
2025-07-28 11:00:00,0.001952,0.001956,0.001928,0.001946,67344443.0
2025-07-28 12:00:00,0.001946,0.002042,0.001938,0.001976,736861799.0
2025-07-28 13:00:00,0.001975,0.001976,0.001916,0.001929,342693601.0
2025-07-28 14:00:00,0.001929,0.001939,0.00187,0.001876,339198882.0
2025-07-28 15:00:00,0.001876,0.001894,0.00185,0.001868,130451016.0
2025-07-28 16:00:00,0.001868,0.001878,0.001833,0.001853,210424806.0
2025-07-28 17:00:00,0.001853,0.001855,0.001827,0.001835,129809234.0
2025-07-28 18:00:00,0.001836,0.001837,0.001796,0.00181,157113295.0
2025-07-28 19:00:00,0.001809,0.001824,0.001789,0.001806,140219318.0
2025-07-28 20:00:00,0.001807,0.001812,0.001779,0.001793,106091790.0
2025-07-28 21:00:00,0.001792,0.001808,0.001767,0.001788,81568305.0
2025-07-28 22:00:00,0.001787,0.001795,0.001755,0.001773,128271519.0
2025-07-28 23:00:00,0.001774,0.001779,0.001761,0.001776,57689147.0
2025-07-29 00:00:00,0.001777,0.001795,0.001741,0.001771,131907630.0
2025-07-29 01:00:00,0.001771,0.001784,0.001758,0.001758,54407574.0
2025-07-29 02:00:00,0.001758,0.001765,0.001716,0.001743,326926434.0
2025-07-29 03:00:00,0.001743,0.001786,0.001743,0.001778,77241743.0
2025-07-29 04:00:00,0.001779,0.001791,0.001771,0.001772,53448969.0
2025-07-29 05:00:00,0.001773,0.001818,0.001768,0.001818,47614527.0
2025-07-29 06:00:00,0.001818,0.001848,0.001812,0.001842,94164532.0
2025-07-29 07:00:00,0.001844,0.001858,0.001837,0.001854,105709960.0
2025-07-29 08:00:00,0.001853,0.001863,0.00181,0.00186,218710801.0
2025-07-29 09:00:00,0.001861,0.001869,0.001836,0.001842,109049805.0
2025-07-29 10:00:00,0.001842,0.001844,0.001775,0.00178,264944549.0
2025-07-29 11:00:00,0.001779,0.001803,0.001779,0.001795,83519064.0
2025-07-29 12:00:00,0.001796,0.001835,0.001792,0.001819,68641930.0
2025-07-29 13:00:00,0.001818,0.001831,0.001787,0.001794,88057996.0
2025-07-29 14:00:00,0.001795,0.001795,0.001731,0.001751,186155009.0
2025-07-29 15:00:00,0.00175,0.001974,0.001735,0.001758,316454866.0
2025-07-29 16:00:00,0.001758,0.001764,0.001721,0.001755,164672403.0
2025-07-29 17:00:00,0.001755,0.00178,0.00175,0.001761,132381522.0
2025-07-29 18:00:00,0.001761,0.00177,0.001748,0.001763,50809315.0
2025-07-29 19:00:00,0.001763,0.001773,0.001742,0.001745,94589618.0
2025-07-29 20:00:00,0.001745,0.00175,0.001706,0.001724,144531935.0
2025-07-29 21:00:00,0.001726,0.001789,0.001714,0.001771,55330686.0
2025-07-29 22:00:00,0.001772,0.001772,0.001751,0.001762,46300536.0
2025-07-29 23:00:00,0.001762,0.001769,0.001755,0.001765,27081014.0
2025-07-30 00:00:00,0.001764,0.001768,0.001722,0.001736,149810193.0
2025-07-30 01:00:00,0.001736,0.001773,0.00171,0.001757,142942437.0
2025-07-30 02:00:00,0.001758,0.001778,0.00175,0.001769,205718326.0
2025-07-30 03:00:00,0.001769,0.001778,0.00176,0.001765,51680530.0
2025-07-30 04:00:00,0.001764,0.001772,0.001743,0.001751,27414656.0
2025-07-30 05:00:00,0.001751,0.001782,0.001743,0.001771,55468181.0
2025-07-30 06:00:00,0.00177,0.001781,0.001762,0.001773,43856720.0
2025-07-30 07:00:00,0.001773,0.00178,0.001751,0.00176,69296409.0
2025-07-30 08:00:00,0.00176,0.001772,0.001743,0.001757,43724245.0
2025-07-30 09:00:00,0.001756,0.001762,0.001728,0.001733,52961718.0
2025-07-30 10:00:00,0.001733,0.001743,0.001709,0.001712,37498581.0
2025-07-30 11:00:00,0.001713,0.001723,0.001664,0.001678,236856910.0
2025-07-30 12:00:00,0.001678,0.001707,0.001664,0.001693,160608586.0
2025-07-30 13:00:00,0.001694,0.001708,0.001679,0.001706,135856372.0
2025-07-30 14:00:00,0.001704,0.001744,0.001698,0.001742,108934001.0
2025-07-30 15:00:00,0.001741,0.001744,0.001715,0.001729,81706046.0
2025-07-30 16:00:00,0.00173,0.001757,0.001725,0.00174,41576894.0
2025-07-30 17:00:00,0.00174,0.001749,0.001732,0.001748,28075738.0
2025-07-30 18:00:00,0.001745,0.001762,0.001713,0.001717,149785371.0
2025-07-30 19:00:00,0.001717,0.001751,0.001638,0.001746,351581204.0
2025-07-30 20:00:00,0.001746,0.001773,0.001746,0.001761,97433947.0
2025-07-30 21:00:00,0.00176,0.001773,0.001721,0.001739,139511822.0
2025-07-30 22:00:00,0.001739,0.001741,0.001706,0.001713,50956120.0
2025-07-30 23:00:00,0.001713,0.001747,0.001713,0.001743,43859644.0
2025-07-31 00:00:00,0.001743,0.001768,0.001736,0.001762,37398276.0
2025-07-31 01:00:00,0.001762,0.00177,0.001754,0.001763,34378104.0
2025-07-31 02:00:00,0.001763,0.001774,0.001756,0.001768,20361222.0
2025-07-31 03:00:00,0.001768,0.00178,0.001767,0.00177,31467180.0
2025-07-31 04:00:00,0.001771,0.001803,0.001769,0.001802,65438358.0
2025-07-31 05:00:00,0.001802,0.001803,0.001783,0.001789,47715681.0
2025-07-31 06:00:00,0.001789,0.001813,0.001785,0.001808,105208911.0
2025-07-31 07:00:00,0.001808,0.001818,0.001798,0.001805,65590807.0
2025-07-31 08:00:00,0.001804,0.001811,0.001797,0.001804,36409903.0
2025-07-31 09:00:00,0.001804,0.001817,0.001797,0.001812,22194092.0
2025-07-31 10:00:00,0.001813,0.001839,0.001805,0.001823,102686237.0
2025-07-31 11:00:00,0.001822,0.001825,0.001799,0.001807,58762022.0
2025-07-31 12:00:00,0.001808,0.001814,0.001777,0.001786,107496137.0
2025-07-31 13:00:00,0.001786,0.001786,0.00174,0.001761,133529879.0
2025-07-31 14:00:00,0.001761,0.001762,0.001709,0.001739,258766736.0
2025-07-31 15:00:00,0.001739,0.002183,0.001737,0.002025,4390268999.0
2025-07-31 16:00:00,0.002027,0.00229,0.001963,0.002168,4413302899.0
2025-07-31 17:00:00,0.00217,0.002396,0.00213,0.00217,3992296322.0
2025-07-31 18:00:00,0.00217,0.002248,0.002147,0.002179,1742914612.0
2025-07-31 19:00:00,0.00218,0.002223,0.002151,0.002187,962784260.0
2025-07-31 20:00:00,0.002188,0.002203,0.002058,0.002089,1317526346.0
2025-07-31 21:00:00,0.002089,0.002119,0.002025,0.00205,541511491.0
2025-07-31 22:00:00,0.002049,0.00205,0.001987,0.002003,809115967.0
2025-07-31 23:00:00,0.002002,0.002027,0.001961,0.001978,521570652.0
2025-08-01 00:00:00,0.001978,0.002045,0.001883,0.001908,1625746909.0
2025-08-01 01:00:00,0.001908,0.001926,0.001861,0.001883,448843422.0
2025-08-01 02:00:00,0.001883,0.001938,0.001868,0.001905,377890197.0
2025-08-01 03:00:00,0.001906,0.001931,0.0019,0.001925,186766344.0
2025-08-01 04:00:00,0.001923,0.001923,0.001867,0.001875,302742863.0
2025-08-01 05:00:00,0.001874,0.001891,0.001838,0.001847,345627434.0
2025-08-01 06:00:00,0.001846,0.001877,0.001829,0.001856,349865064.0
2025-08-01 07:00:00,0.001856,0.001872,0.001822,0.001838,306465260.0
2025-08-01 08:00:00,0.001839,0.00184,0.001787,0.001801,364691205.0
2025-08-01 09:00:00,0.0018,0.001831,0.001792,0.001811,389102347.0
2025-08-01 10:00:00,0.001811,0.001866,0.001805,0.001863,623454296.0
2025-08-01 11:00:00,0.001865,0.001894,0.001848,0.001865,729757618.0
2025-08-01 12:00:00,0.001866,0.001948,0.001859,0.001937,1302298947.0
2025-08-01 13:00:00,0.001937,0.00195,0.001858,0.001875,762582957.0
2025-08-01 14:00:00,0.001874,0.002037,0.001867,0.001978,1558709671.0
2025-08-01 15:00:00,0.001979,0.00201,0.00193,0.001936,910902922.0
2025-08-01 16:00:00,0.001937,0.001998,0.001936,0.001943,940715186.0
2025-08-01 17:00:00,0.001942,0.00199,0.00192,0.001978,412613081.0
2025-08-01 18:00:00,0.001978,0.00201,0.001969,0.001994,360740072.0
2025-08-01 19:00:00,0.001993,0.002004,0.001962,0.001967,391733049.0
2025-08-01 20:00:00,0.001967,0.001974,0.001872,0.00191,599344782.0
2025-08-01 21:00:00,0.001909,0.001929,0.001893,0.001909,225334018.0
2025-08-01 22:00:00,0.001908,0.00191,0.001814,0.001855,529498456.0
2025-08-01 23:00:00,0.001855,0.001881,0.001842,0.001873,169966334.0
2025-08-02 00:00:00,0.001872,0.0019,0.00185,0.001899,247134393.0
2025-08-02 01:00:00,0.0019,0.001919,0.001875,0.001911,334721752.0
2025-08-02 02:00:00,0.00191,0.001912,0.001889,0.001902,167994503.0
2025-08-02 03:00:00,0.001902,0.001912,0.001888,0.001897,192794015.0
2025-08-02 04:00:00,0.001895,0.001926,0.001888,0.00191,273682134.0
2025-08-02 05:00:00,0.001911,0.001931,0.001891,0.001893,311928985.0
2025-08-02 06:00:00,0.001893,0.001896,0.001838,0.001862,339658932.0
2025-08-02 07:00:00,0.001862,0.001925,0.001846,0.001924,325391322.0
2025-08-02 08:00:00,0.001924,0.001942,0.001902,0.001907,469297629.0
2025-08-02 09:00:00,0.001906,0.00192,0.001877,0.001895,358786546.0
2025-08-02 10:00:00,0.001893,0.001906,0.001865,0.001867,376631617.0
2025-08-02 11:00:00,0.001867,0.001895,0.001849,0.001854,434225468.0
2025-08-02 12:00:00,0.001853,0.001854,0.001824,0.001849,126974586.0
2025-08-02 13:00:00,0.00185,0.001866,0.001832,0.001854,136976346.0
2025-08-02 14:00:00,0.001854,0.001854,0.001791,0.00181,214267770.0
2025-08-02 15:00:00,0.00181,0.001832,0.001795,0.0018,111274404.0
2025-08-02 16:00:00,0.0018,0.001807,0.001761,0.001782,296168544.0
2025-08-02 17:00:00,0.001781,0.001811,0.001757,0.001772,146064847.0
2025-08-02 18:00:00,0.001773,0.001785,0.001756,0.001765,158533736.0
2025-08-02 19:00:00,0.001766,0.001827,0.001756,0.001817,148546354.0
2025-08-02 20:00:00,0.001817,0.001841,0.00181,0.00183,81660675.0
2025-08-02 21:00:00,0.00183,0.001845,0.001811,0.001828,86870279.0
2025-08-02 22:00:00,0.001831,0.001858,0.001831,0.001856,45168905.0
2025-08-02 23:00:00,0.001855,0.001864,0.001834,0.001849,90328929.0
2025-08-03 00:00:00,0.001849,0.001878,0.001826,0.001863,142263255.0
2025-08-03 01:00:00,0.001863,0.001868,0.001831,0.00184,223407587.0
2025-08-03 02:00:00,0.001839,0.001858,0.001836,0.001846,143213571.0
2025-08-03 03:00:00,0.001845,0.001864,0.001839,0.001843,199692819.0
2025-08-03 04:00:00,0.001843,0.001858,0.001832,0.00184,111380683.0
2025-08-03 05:00:00,0.00184,0.001852,0.001831,0.001833,43514542.0
2025-08-03 06:00:00,0.001834,0.001842,0.001826,0.001833,89143443.0
2025-08-03 07:00:00,0.001832,0.001844,0.001823,0.001826,130874449.0
2025-08-03 08:00:00,0.001825,0.001833,0.001815,0.001821,87324579.0
2025-08-03 09:00:00,0.001821,0.00183,0.001812,0.00183,75080681.0
2025-08-03 10:00:00,0.001831,0.001849,0.00183,0.001837,81670182.0
2025-08-03 11:00:00,0.001837,0.001846,0.001826,0.001828,90014049.0
2025-08-03 12:00:00,0.001827,0.001834,0.001819,0.001825,81548765.0
2025-08-03 13:00:00,0.001824,0.001833,0.001804,0.001812,80332445.0
2025-08-03 14:00:00,0.001813,0.001826,0.001806,0.001816,78768094.0
2025-08-03 15:00:00,0.001816,0.001826,0.00181,0.001826,60025775.0
2025-08-03 16:00:00,0.001825,0.001833,0.001809,0.001826,68692954.0
2025-08-03 17:00:00,0.001826,0.001826,0.001807,0.001819,45190151.0
2025-08-03 18:00:00,0.00182,0.00183,0.001813,0.001829,35256173.0
2025-08-03 19:00:00,0.001828,0.001839,0.00182,0.001829,50463456.0
2025-08-03 20:00:00,0.001828,0.00184,0.001821,0.001834,39892757.0
2025-08-03 21:00:00,0.001833,0.001838,0.001826,0.001837,53048985.0
2025-08-03 22:00:00,0.001837,0.001841,0.001827,0.001832,45602108.0
2025-08-03 23:00:00,0.001832,0.001846,0.001819,0.00182,87644560.0
2025-08-04 00:00:00,0.001821,0.001857,0.001812,0.001854,124652055.0
2025-08-04 01:00:00,0.001854,0.001861,0.001822,0.001825,107996403.0
2025-08-04 02:00:00,0.001826,0.001829,0.001811,0.001827,67892312.0
2025-08-04 03:00:00,0.001828,0.001828,0.001806,0.001806,99298032.0
2025-08-04 04:00:00,0.001806,0.00182,0.001805,0.001814,107417031.0
2025-08-04 05:00:00,0.001814,0.001817,0.001792,0.001807,100394428.0
2025-08-04 06:00:00,0.001806,0.00183,0.001804,0.001816,169703320.0
2025-08-04 07:00:00,0.001817,0.001829,0.00181,0.001817,93210309.0
2025-08-04 08:00:00,0.001818,0.00183,0.001809,0.00181,94665426.0
2025-08-04 09:00:00,0.001811,0.001818,0.001806,0.001809,51379515.0
2025-08-04 10:00:00,0.001809,0.001809,0.001793,0.001797,93099711.0
2025-08-04 11:00:00,0.001796,0.001805,0.001769,0.001781,172668996.0
2025-08-04 12:00:00,0.001781,0.001789,0.001776,0.001785,94435078.0
2025-08-04 13:00:00,0.001784,0.001812,0.001772,0.001805,145003251.0
2025-08-04 14:00:00,0.001805,0.00183,0.001801,0.001813,166838049.0
2025-08-04 15:00:00,0.001814,0.001814,0.001783,0.0018,86767734.0
2025-08-04 16:00:00,0.001799,0.001826,0.001791,0.001824,235117245.0
2025-08-04 17:00:00,0.001824,0.001841,0.001802,0.001804,222015830.0
2025-08-04 18:00:00,0.001805,0.001808,0.001793,0.001797,115791610.0
2025-08-04 19:00:00,0.001798,0.001798,0.001761,0.001778,188813856.0
2025-08-04 20:00:00,0.001778,0.001795,0.001776,0.001791,76670707.0
2025-08-04 21:00:00,0.001791,0.001819,0.001791,0.001804,129980255.0
2025-08-04 22:00:00,0.001805,0.001816,0.0018,0.001816,66433661.0
2025-08-04 23:00:00,0.001816,0.001817,0.001799,0.001809,47113467.0
2025-08-05 00:00:00,0.001809,0.001813,0.001789,0.001792,72791295.0
2025-08-05 01:00:00,0.001792,0.0018,0.001776,0.001779,54046304.0
2025-08-05 02:00:00,0.001779,0.001784,0.001769,0.001781,95316609.0
2025-08-05 03:00:00,0.00178,0.00178,0.001728,0.001733,232385106.0
2025-08-05 04:00:00,0.001733,0.001748,0.001728,0.001746,106491639.0
2025-08-05 05:00:00,0.001746,0.001756,0.001733,0.001753,160756316.0
2025-08-05 06:00:00,0.001752,0.001752,0.001731,0.001734,111526507.0
2025-08-05 07:00:00,0.001734,0.001735,0.001695,0.001704,198013186.0
2025-08-05 08:00:00,0.001704,0.00172,0.001694,0.001719,156254956.0
2025-08-05 09:00:00,0.001719,0.001725,0.00171,0.001723,130267296.0
2025-08-05 10:00:00,0.001722,0.001737,0.001715,0.001732,111503196.0
2025-08-05 11:00:00,0.001733,0.001744,0.001729,0.001739,118889011.0
2025-08-05 12:00:00,0.00174,0.001747,0.001709,0.001715,125375661.0
2025-08-05 13:00:00,0.001715,0.001735,0.001713,0.00172,87513287.0
2025-08-05 14:00:00,0.00172,0.00172,0.001657,0.001671,411556879.0
2025-08-05 15:00:00,0.00167,0.00168,0.00165,0.001658,306395327.0
2025-08-05 16:00:00,0.001658,0.001681,0.001651,0.001674,263546328.0
2025-08-05 17:00:00,0.001674,0.001692,0.001671,0.00168,92436971.0
2025-08-05 18:00:00,0.001679,0.001682,0.001656,0.001673,78776349.0
2025-08-05 19:00:00,0.001673,0.001681,0.001645,0.001652,67606256.0
2025-08-05 20:00:00,0.001652,0.001656,0.001633,0.001643,206282565.0
2025-08-05 21:00:00,0.001642,0.00166,0.001615,0.001628,128481871.0
2025-08-05 22:00:00,0.001627,0.001642,0.0016,0.001642,105546983.0
2025-08-05 23:00:00,0.001641,0.00166,0.00164,0.001657,48107252.0
2025-08-06 00:00:00,0.001656,0.001656,0.001627,0.001633,65215245.0
2025-08-06 01:00:00,0.001632,0.001637,0.001617,0.001636,55938328.0
2025-08-06 02:00:00,0.001636,0.001639,0.001622,0.001633,50167054.0
2025-08-06 03:00:00,0.001633,0.001633,0.001602,0.001609,239177400.0
2025-08-06 04:00:00,0.001609,0.001619,0.001602,0.001617,30415271.0
2025-08-06 05:00:00,0.001617,0.00166,0.001613,0.001643,106561844.0
2025-08-06 06:00:00,0.001644,0.001663,0.001637,0.001658,35380910.0
2025-08-06 07:00:00,0.001659,0.001674,0.00165,0.001652,88337125.0
2025-08-06 08:00:00,0.001652,0.00166,0.001636,0.001647,40763753.0
2025-08-06 09:00:00,0.001647,0.00166,0.001636,0.001647,225002235.0
2025-08-06 10:00:00,0.001646,0.00165,0.001628,0.001632,125143527.0
2025-08-06 11:00:00,0.001632,0.00165,0.001631,0.001639,56883001.0
2025-08-06 12:00:00,0.001639,0.001639,0.001614,0.001618,119864407.0
2025-08-06 13:00:00,0.001619,0.001642,0.001614,0.001634,82684930.0
2025-08-06 14:00:00,0.001634,0.00166,0.001618,0.001659,87198343.0
2025-08-06 15:00:00,0.001659,0.00168,0.001652,0.001677,144318150.0
2025-08-06 16:00:00,0.001677,0.001678,0.001648,0.001651,113827897.0
2025-08-06 17:00:00,0.001652,0.001671,0.001646,0.001671,79283719.0
2025-08-06 18:00:00,0.001671,0.001685,0.001668,0.001669,65321706.0
2025-08-06 19:00:00,0.001669,0.001694,0.001664,0.001692,142917528.0
2025-08-06 20:00:00,0.001692,0.0017,0.001687,0.001698,104060709.0
2025-08-06 21:00:00,0.001698,0.001704,0.001681,0.001687,74381882.0
2025-08-06 22:00:00,0.001687,0.001689,0.001673,0.001685,47357123.0
2025-08-06 23:00:00,0.001687,0.001689,0.001677,0.001685,63101744.0
2025-08-07 00:00:00,0.001684,0.001691,0.001666,0.001671,157886038.0
2025-08-07 01:00:00,0.001671,0.001691,0.001657,0.001659,261818240.0
2025-08-07 02:00:00,0.001659,0.001662,0.001648,0.001652,60343395.0
2025-08-07 03:00:00,0.001652,0.00166,0.001647,0.001654,24684527.0
2025-08-07 04:00:00,0.001654,0.001673,0.001654,0.001666,26227891.0
2025-08-07 05:00:00,0.001667,0.001679,0.001659,0.001676,117460121.0
2025-08-07 06:00:00,0.001676,0.001682,0.001667,0.001674,78264575.0
2025-08-07 07:00:00,0.001676,0.001681,0.001667,0.001671,45130254.0
2025-08-07 08:00:00,0.001672,0.001682,0.001666,0.001667,62152134.0
2025-08-07 09:00:00,0.001666,0.001681,0.001665,0.001679,19633467.0
2025-08-07 10:00:00,0.00168,0.001718,0.001677,0.001718,162888239.0
2025-08-07 11:00:00,0.001719,0.001724,0.001713,0.001722,104769856.0
2025-08-07 12:00:00,0.001722,0.001727,0.001706,0.00172,90322693.0
2025-08-07 13:00:00,0.00172,0.001726,0.00171,0.001716,78387387.0
2025-08-07 14:00:00,0.001715,0.001715,0.001692,0.001705,85225592.0
2025-08-07 15:00:00,0.001706,0.001709,0.001691,0.001706,80924636.0
2025-08-07 16:00:00,0.001706,0.001711,0.001658,0.001679,87405003.0
2025-08-07 17:00:00,0.001679,0.001687,0.001674,0.001685,53938550.0
2025-08-07 18:00:00,0.001684,0.001686,0.001673,0.001684,31769205.0
2025-08-07 19:00:00,0.001684,0.001718,0.00168,0.001718,59660681.0
2025-08-07 20:00:00,0.001719,0.001724,0.001711,0.001717,75463497.0
2025-08-07 21:00:00,0.001718,0.001726,0.001702,0.001715,59183941.0
2025-08-07 22:00:00,0.001716,0.001728,0.001712,0.001726,76924599.0
2025-08-07 23:00:00,0.001726,0.001726,0.001717,0.001723,62155312.0
2025-08-08 00:00:00,0.001724,0.001751,0.001713,0.001733,129606698.0
2025-08-08 01:00:00,0.001734,0.001748,0.001719,0.001731,63327936.0
2025-08-08 02:00:00,0.001731,0.001748,0.001724,0.001743,51405093.0
2025-08-08 03:00:00,0.001744,0.001767,0.001744,0.001751,68986057.0
2025-08-08 04:00:00,0.001752,0.001761,0.001744,0.001745,32452884.0
2025-08-08 05:00:00,0.001745,0.001749,0.00173,0.001734,78887501.0
2025-08-08 06:00:00,0.001735,0.001745,0.001727,0.001744,53751353.0
2025-08-08 07:00:00,0.001744,0.001746,0.001728,0.001741,82104157.0
2025-08-08 08:00:00,0.001744,0.001759,0.001729,0.001733,88990502.0
2025-08-08 09:00:00,0.001732,0.001739,0.001719,0.001736,91154012.0
2025-08-08 10:00:00,0.001735,0.00174,0.001724,0.001734,47470834.0
2025-08-08 11:00:00,0.001735,0.001742,0.00173,0.001736,46912461.0
2025-08-08 12:00:00,0.001736,0.001741,0.001712,0.001715,101500829.0
2025-08-08 13:00:00,0.001714,0.001758,0.001712,0.001756,97465875.0
2025-08-08 14:00:00,0.001757,0.001762,0.001713,0.001724,141784255.0
2025-08-08 15:00:00,0.001725,0.001728,0.001698,0.00172,65528827.0
2025-08-08 16:00:00,0.001721,0.001738,0.001721,0.001728,80182457.0
2025-08-08 17:00:00,0.00173,0.001766,0.001729,0.001763,99505076.0
2025-08-08 18:00:00,0.001764,0.001773,0.001751,0.001759,81848676.0
2025-08-08 19:00:00,0.001759,0.001772,0.001756,0.001767,109499545.0
2025-08-08 20:00:00,0.001768,0.001772,0.001755,0.001766,27594487.0
2025-08-08 21:00:00,0.001767,0.001769,0.001755,0.001759,64118239.0
2025-08-08 22:00:00,0.001758,0.001766,0.001753,0.00176,69921266.0
2025-08-08 23:00:00,0.00176,0.001762,0.001751,0.001754,29489478.0
2025-08-09 00:00:00,0.001754,0.001758,0.001744,0.001748,25286416.0
2025-08-09 01:00:00,0.001747,0.001765,0.001744,0.001761,36713195.0
2025-08-09 02:00:00,0.00176,0.001762,0.001751,0.001753,26194758.0
2025-08-09 03:00:00,0.001753,0.001762,0.001748,0.001752,40251895.0
2025-08-09 04:00:00,0.001752,0.00177,0.001748,0.001765,45151541.0
2025-08-09 05:00:00,0.001765,0.001812,0.001763,0.001801,179582477.0
2025-08-09 06:00:00,0.001802,0.001806,0.001775,0.00179,72808408.0
2025-08-09 07:00:00,0.001791,0.001818,0.001784,0.001815,248529612.0
2025-08-09 08:00:00,0.001815,0.001817,0.001794,0.001808,189671589.0
2025-08-09 09:00:00,0.001809,0.001829,0.001808,0.001816,105714634.0
2025-08-09 10:00:00,0.001815,0.00183,0.001811,0.001822,85435984.0
2025-08-09 11:00:00,0.001822,0.001824,0.001811,0.001821,85973018.0
2025-08-09 12:00:00,0.00182,0.001845,0.001814,0.001838,124388598.0
2025-08-09 13:00:00,0.001836,0.001844,0.001808,0.001808,97927588.0
2025-08-09 14:00:00,0.001807,0.001825,0.00179,0.001825,115254141.0
2025-08-09 15:00:00,0.001825,0.001835,0.001809,0.00183,72864035.0
2025-08-09 16:00:00,0.001831,0.001838,0.001818,0.001822,51716755.0
2025-08-09 17:00:00,0.001822,0.001836,0.001817,0.001828,30746350.0
2025-08-09 18:00:00,0.001829,0.001838,0.001823,0.00183,44201590.0
2025-08-09 19:00:00,0.001832,0.00185,0.00183,0.001841,73296619.0
2025-08-09 20:00:00,0.001841,0.001858,0.001835,0.00185,73832216.0
2025-08-09 21:00:00,0.001851,0.001857,0.001827,0.001838,101415591.0
2025-08-09 22:00:00,0.00184,0.001852,0.001819,0.001821,95771532.0
2025-08-09 23:00:00,0.00182,0.001834,0.001817,0.001829,60232098.0
2025-08-10 00:00:00,0.00183,0.001858,0.00183,0.00185,86817151.0
2025-08-10 01:00:00,0.001852,0.001858,0.001838,0.001844,85006049.0
2025-08-10 02:00:00,0.001844,0.001855,0.001821,0.001824,91774947.0
2025-08-10 03:00:00,0.001822,0.001858,0.001816,0.001854,86643960.0
2025-08-10 04:00:00,0.001853,0.001874,0.001845,0.001862,72330433.0
2025-08-10 05:00:00,0.001861,0.001861,0.001831,0.001833,97124540.0
2025-08-10 06:00:00,0.001832,0.001833,0.001805,0.001819,100509824.0
2025-08-10 07:00:00,0.001818,0.001835,0.001764,0.00177,227167403.0
2025-08-10 08:00:00,0.001771,0.001781,0.001736,0.001779,152595703.0
2025-08-10 09:00:00,0.001779,0.001787,0.001769,0.001775,69660912.0
2025-08-10 10:00:00,0.001774,0.001778,0.001756,0.001765,55042004.0
2025-08-10 11:00:00,0.001766,0.001781,0.001759,0.00176,78085845.0
2025-08-10 12:00:00,0.00176,0.001776,0.001753,0.00177,37740144.0
2025-08-10 13:00:00,0.001769,0.001776,0.001751,0.001752,81698739.0
2025-08-10 14:00:00,0.001751,0.001794,0.001746,0.001784,75003504.0
2025-08-10 15:00:00,0.001784,0.001795,0.001775,0.001778,69206972.0
2025-08-10 16:00:00,0.001778,0.001799,0.001775,0.001799,45310585.0
2025-08-10 17:00:00,0.001799,0.001809,0.001791,0.001801,64890130.0
2025-08-10 18:00:00,0.001802,0.001818,0.001802,0.001813,45652743.0
2025-08-10 19:00:00,0.001815,0.001828,0.001811,0.001823,100657867.0
2025-08-10 20:00:00,0.001823,0.001825,0.001801,0.001811,86619727.0
2025-08-10 21:00:00,0.001812,0.001812,0.001774,0.001793,45174193.0
2025-08-10 22:00:00,0.001794,0.001798,0.001779,0.001798,61009715.0
2025-08-10 23:00:00,0.001799,0.00181,0.001793,0.001806,16721291.0
2025-08-11 00:00:00,0.001807,0.001812,0.001791,0.001792,40665939.0
2025-08-11 01:00:00,0.001791,0.001836,0.001789,0.001828,64538172.0
2025-08-11 02:00:00,0.001828,0.001858,0.001828,0.001853,120074801.0
2025-08-11 03:00:00,0.001853,0.001853,0.001835,0.001841,53117545.0
2025-08-11 04:00:00,0.001842,0.001856,0.001834,0.001835,74155438.0
2025-08-11 05:00:00,0.001835,0.001843,0.001826,0.001831,66524091.0
2025-08-11 06:00:00,0.001832,0.001841,0.001824,0.001833,126780789.0
2025-08-11 07:00:00,0.001833,0.001837,0.001789,0.001794,103626058.0
2025-08-11 08:00:00,0.001794,0.001813,0.001786,0.001809,40450045.0
2025-08-11 09:00:00,0.001809,0.00182,0.001799,0.001804,45363389.0
2025-08-11 10:00:00,0.001805,0.001805,0.001783,0.001785,47071215.0
2025-08-11 11:00:00,0.001785,0.001785,0.001712,0.00172,237943202.0
2025-08-11 12:00:00,0.00172,0.001742,0.00171,0.001735,114261968.0
2025-08-11 13:00:00,0.001736,0.001765,0.001714,0.001759,168800804.0
2025-08-11 14:00:00,0.00176,0.001768,0.001733,0.001741,120566139.0
2025-08-11 15:00:00,0.00174,0.001761,0.001728,0.001758,55003117.0
2025-08-11 16:00:00,0.001758,0.001785,0.001747,0.001771,91720004.0
2025-08-11 17:00:00,0.001769,0.001793,0.001745,0.00175,83601632.0
2025-08-11 18:00:00,0.00175,0.001765,0.001732,0.001762,44664352.0
2025-08-11 19:00:00,0.001762,0.001764,0.001731,0.001748,42852148.0
2025-08-11 20:00:00,0.001746,0.001746,0.001728,0.001737,96298222.0
2025-08-11 21:00:00,0.001736,0.001746,0.001699,0.00171,69899080.0
2025-08-11 22:00:00,0.001711,0.001712,0.001681,0.001696,109548814.0
2025-08-11 23:00:00,0.001696,0.00171,0.001692,0.001702,23261242.0
2025-08-12 00:00:00,0.001702,0.001731,0.001697,0.001725,46428014.0
2025-08-12 01:00:00,0.001725,0.001732,0.001717,0.001724,36593734.0
2025-08-12 02:00:00,0.001724,0.00174,0.001717,0.001722,21013026.0
2025-08-12 03:00:00,0.001721,0.001722,0.00171,0.001711,17106066.0
2025-08-12 04:00:00,0.001711,0.001719,0.001705,0.001715,27434582.0
2025-08-12 05:00:00,0.001715,0.001715,0.001689,0.001699,70620207.0
2025-08-12 06:00:00,0.001698,0.001707,0.001676,0.001698,74521255.0
2025-08-12 07:00:00,0.001699,0.00173,0.001698,0.00173,54327632.0
2025-08-12 08:00:00,0.001729,0.001729,0.001703,0.001706,72400962.0
2025-08-12 09:00:00,0.001705,0.001706,0.001694,0.001697,27908412.0
2025-08-12 10:00:00,0.001698,0.001698,0.001673,0.001687,82896829.0
2025-08-12 11:00:00,0.001688,0.001712,0.001678,0.001705,70165387.0
2025-08-12 12:00:00,0.001705,0.001776,0.001695,0.00175,239906926.0
2025-08-12 13:00:00,0.00175,0.001759,0.001723,0.001741,99037651.0
2025-08-12 14:00:00,0.001741,0.001772,0.001739,0.001771,67813191.0
2025-08-12 15:00:00,0.001771,0.00179,0.001769,0.001789,85701531.0
2025-08-12 16:00:00,0.00179,0.001796,0.001778,0.001793,140644418.0
2025-08-12 17:00:00,0.001792,0.001809,0.001789,0.001792,86936029.0
2025-08-12 18:00:00,0.001792,0.001814,0.00179,0.001796,43001884.0
2025-08-12 19:00:00,0.001797,0.001813,0.001796,0.00181,66332889.0
2025-08-12 20:00:00,0.00181,0.001834,0.001802,0.001826,148076950.0
2025-08-12 21:00:00,0.001826,0.001837,0.001812,0.001815,117370647.0
2025-08-12 22:00:00,0.001816,0.001823,0.001806,0.001811,98232335.0
2025-08-12 23:00:00,0.001811,0.001824,0.001807,0.001816,171391531.0
2025-08-13 00:00:00,0.001817,0.001836,0.001817,0.001833,129477657.0
2025-08-13 01:00:00,0.001833,0.001835,0.001815,0.00183,75206848.0
2025-08-13 02:00:00,0.00183,0.001866,0.001815,0.001865,86765331.0
2025-08-13 03:00:00,0.001866,0.001883,0.00184,0.001864,123220695.0
2025-08-13 04:00:00,0.001864,0.001871,0.001847,0.001863,96692501.0
2025-08-13 05:00:00,0.001864,0.001866,0.001828,0.001832,59397307.0
2025-08-13 06:00:00,0.001832,0.001845,0.001824,0.00184,49277414.0
2025-08-13 07:00:00,0.001841,0.001871,0.001841,0.001871,94974511.0
2025-08-13 08:00:00,0.00187,0.001899,0.001865,0.001888,158096413.0
2025-08-13 09:00:00,0.001888,0.001897,0.001875,0.001894,191918122.0
2025-08-13 10:00:00,0.001893,0.00192,0.00189,0.00191,153004074.0
2025-08-13 11:00:00,0.00191,0.00191,0.001895,0.001904,89776831.0
2025-08-13 12:00:00,0.001904,0.001917,0.001887,0.00189,126566199.0
2025-08-13 13:00:00,0.001891,0.001933,0.001886,0.001914,393373206.0
2025-08-13 14:00:00,0.001915,0.001919,0.00187,0.001895,333640282.0
2025-08-13 15:00:00,0.001895,0.001928,0.00188,0.001921,320258544.0
2025-08-13 16:00:00,0.001922,0.001923,0.00188,0.001899,184099158.0
2025-08-13 17:00:00,0.001899,0.001929,0.001898,0.00191,123627297.0
2025-08-13 18:00:00,0.001911,0.001926,0.001892,0.001909,66123164.0
2025-08-13 19:00:00,0.001909,0.001929,0.001908,0.001927,56550767.0
2025-08-13 20:00:00,0.001927,0.001965,0.001919,0.001946,273196410.0
2025-08-13 21:00:00,0.001946,0.001955,0.001917,0.001931,95424378.0
2025-08-13 22:00:00,0.001931,0.001956,0.001919,0.001939,174513874.0
2025-08-13 23:00:00,0.001938,0.001954,0.001937,0.001937,77347382.0
2025-08-14 00:00:00,0.001938,0.00195,0.001922,0.001924,167555326.0
2025-08-14 01:00:00,0.001923,0.001959,0.001913,0.001953,65091846.0
2025-08-14 02:00:00,0.001953,0.001964,0.001935,0.001962,56724110.0
2025-08-14 03:00:00,0.001961,0.001991,0.001952,0.001989,253337456.0
2025-08-14 04:00:00,0.001989,0.002043,0.001968,0.00202,720889047.0
2025-08-14 05:00:00,0.002021,0.002023,0.001961,0.001963,296311951.0
2025-08-14 06:00:00,0.001963,0.00201,0.001929,0.001988,359649311.0
2025-08-14 07:00:00,0.001988,0.002033,0.001962,0.002025,364821090.0
2025-08-14 08:00:00,0.002025,0.00203,0.001964,0.001986,314052127.0
2025-08-14 09:00:00,0.001985,0.0021,0.001968,0.00209,1314146609.0
2025-08-14 10:00:00,0.002089,0.002104,0.002016,0.002042,999941274.0
2025-08-14 11:00:00,0.002042,0.002084,0.002017,0.002027,469883094.0
2025-08-14 12:00:00,0.002028,0.00208,0.001818,0.001972,1623222674.0
2025-08-14 13:00:00,0.001972,0.00213,0.00193,0.001945,1762632048.0
2025-08-14 14:00:00,0.001945,0.002032,0.001939,0.001997,918810901.0
2025-08-14 15:00:00,0.001998,0.002015,0.001954,0.002,717962022.0
2025-08-14 16:00:00,0.001998,0.001998,0.001895,0.001931,840860094.0
2025-08-14 17:00:00,0.001931,0.001974,0.001897,0.001963,405274328.0
2025-08-14 18:00:00,0.001962,0.001962,0.001879,0.001912,271454934.0
2025-08-14 19:00:00,0.001912,0.001938,0.001901,0.001903,75218972.0
2025-08-14 20:00:00,0.001902,0.001916,0.001888,0.001913,87166336.0
2025-08-14 21:00:00,0.001912,0.001912,0.00185,0.001881,156390045.0
2025-08-14 22:00:00,0.001879,0.001919,0.001871,0.001905,120753489.0
2025-08-14 23:00:00,0.001905,0.001916,0.001877,0.001881,126749430.0
2025-08-15 00:00:00,0.00188,0.001918,0.001875,0.001903,82379956.0
2025-08-15 01:00:00,0.001901,0.002,0.001892,0.001999,438812420.0
2025-08-15 02:00:00,0.001999,0.002098,0.001967,0.001999,1140753025.0
2025-08-15 03:00:00,0.001998,0.002043,0.001976,0.001997,440062846.0
2025-08-15 04:00:00,0.001996,0.002016,0.001977,0.001983,252681861.0
2025-08-15 05:00:00,0.001982,0.001987,0.001944,0.001981,229717725.0
2025-08-15 06:00:00,0.001981,0.001992,0.001951,0.001957,270657469.0
2025-08-15 07:00:00,0.001956,0.001957,0.001917,0.001932,232692708.0
2025-08-15 08:00:00,0.001931,0.001945,0.001922,0.001925,144217073.0
2025-08-15 09:00:00,0.001926,0.001952,0.001912,0.001933,207376082.0
2025-08-15 10:00:00,0.001933,0.001981,0.001925,0.001959,193909010.0
2025-08-15 11:00:00,0.001958,0.001963,0.001929,0.00193,135069729.0
2025-08-15 12:00:00,0.001929,0.001987,0.001926,0.001968,151321828.0
2025-08-15 13:00:00,0.001967,0.001978,0.001954,0.001975,149664974.0
2025-08-15 14:00:00,0.001975,0.001986,0.001924,0.00196,340280677.0
2025-08-15 15:00:00,0.001961,0.001981,0.00186,0.001891,539112467.0
2025-08-15 16:00:00,0.001891,0.001902,0.001866,0.001899,187114165.0
2025-08-15 17:00:00,0.001898,0.001943,0.00187,0.001933,338376569.0
2025-08-15 18:00:00,0.001933,0.001935,0.001867,0.001875,152294901.0
2025-08-15 19:00:00,0.001876,0.001892,0.001839,0.001845,175157225.0
2025-08-15 20:00:00,0.001845,0.001876,0.001835,0.00187,64834594.0
2025-08-15 21:00:00,0.00187,0.00188,0.001835,0.001842,79462397.0
2025-08-15 22:00:00,0.001842,0.001864,0.001833,0.001859,80990905.0
2025-08-15 23:00:00,0.001859,0.001865,0.001839,0.001864,47953024.0
2025-08-16 00:00:00,0.001864,0.001895,0.001845,0.001875,74294738.0
2025-08-16 01:00:00,0.001875,0.001893,0.001862,0.00187,23188243.0
2025-08-16 02:00:00,0.001871,0.001894,0.001863,0.001889,158072507.0
2025-08-16 03:00:00,0.001889,0.001902,0.001874,0.001875,67008509.0
2025-08-16 04:00:00,0.001874,0.001924,0.001872,0.001921,56180572.0
2025-08-16 05:00:00,0.00192,0.001943,0.001906,0.001924,135229222.0
2025-08-16 06:00:00,0.001923,0.001944,0.001911,0.001934,151666617.0
2025-08-16 07:00:00,0.001935,0.001947,0.001922,0.001924,69711012.0
2025-08-16 08:00:00,0.001923,0.001944,0.001903,0.001908,165682414.0
2025-08-16 09:00:00,0.001909,0.001976,0.001907,0.001917,190942437.0
2025-08-16 10:00:00,0.001918,0.001943,0.001907,0.001943,77348086.0
2025-08-16 11:00:00,0.001943,0.001962,0.001914,0.001914,108062809.0
2025-08-16 12:00:00,0.001915,0.001958,0.001906,0.001951,147311201.0
2025-08-16 13:00:00,0.00195,0.001964,0.001937,0.001941,75644258.0
2025-08-16 14:00:00,0.00194,0.001964,0.00193,0.001959,74907221.0
2025-08-16 15:00:00,0.001959,0.001979,0.001959,0.001967,92999686.0
2025-08-16 16:00:00,0.001967,0.001983,0.001965,0.001977,57273142.0
2025-08-16 17:00:00,0.001978,0.001978,0.001948,0.001967,85378597.0
2025-08-16 18:00:00,0.001968,0.001982,0.001961,0.001968,48079578.0
2025-08-16 19:00:00,0.001969,0.001974,0.001956,0.001963,27499755.0
2025-08-16 20:00:00,0.001963,0.001974,0.001955,0.001966,24739591.0
2025-08-16 21:00:00,0.001966,0.001967,0.001957,0.001966,17355313.0
2025-08-16 22:00:00,0.001966,0.002066,0.001961,0.00204,430687689.0
2025-08-16 23:00:00,0.002039,0.002044,0.002006,0.002009,212356983.0
2025-08-17 00:00:00,0.00201,0.002012,0.001976,0.001977,134639352.0
2025-08-17 01:00:00,0.001976,0.001996,0.001966,0.001987,50852916.0
2025-08-17 02:00:00,0.001985,0.002007,0.001981,0.002003,58095078.0
2025-08-17 03:00:00,0.002003,0.002005,0.001988,0.001991,34993609.0
2025-08-17 04:00:00,0.00199,0.001995,0.001983,0.001993,43412995.0
2025-08-17 05:00:00,0.001993,0.001999,0.001973,0.001973,149109607.0
2025-08-17 06:00:00,0.001973,0.001983,0.001965,0.001969,46895572.0
2025-08-17 07:00:00,0.00197,0.001981,0.001966,0.001971,111299363.0
2025-08-17 08:00:00,0.001971,0.001983,0.001959,0.001978,134076816.0
2025-08-17 09:00:00,0.001977,0.00198,0.001966,0.001976,79000389.0
2025-08-17 10:00:00,0.001976,0.001991,0.001968,0.001986,64239551.0
2025-08-17 11:00:00,0.001985,0.001999,0.001977,0.001995,161597193.0
2025-08-17 12:00:00,0.001996,0.002003,0.001983,0.001987,51256534.0
2025-08-17 13:00:00,0.001988,0.002007,0.001982,0.001998,68465768.0
2025-08-17 14:00:00,0.001998,0.002,0.001987,0.001992,62153670.0
2025-08-17 15:00:00,0.001992,0.002013,0.001987,0.002012,144627239.0
2025-08-17 16:00:00,0.002012,0.002028,0.001978,0.001982,190672485.0
2025-08-17 17:00:00,0.001982,0.001987,0.001976,0.001979,107661194.0
2025-08-17 18:00:00,0.00198,0.001982,0.001943,0.001966,101872394.0
2025-08-17 19:00:00,0.001967,0.001973,0.001946,0.00195,58155891.0
2025-08-17 20:00:00,0.001952,0.00196,0.001949,0.00195,32179041.0
2025-08-17 21:00:00,0.001949,0.001952,0.001943,0.001948,41627932.0
2025-08-17 22:00:00,0.001946,0.001978,0.001945,0.001978,39656624.0
2025-08-17 23:00:00,0.001979,0.001982,0.001955,0.001959,24566414.0
2025-08-18 00:00:00,0.001958,0.00196,0.001945,0.001951,34898452.0
2025-08-18 01:00:00,0.001951,0.00197,0.00193,0.001947,214398456.0
2025-08-18 02:00:00,0.001948,0.001969,0.001912,0.001914,180348779.0
2025-08-18 03:00:00,0.001915,0.001924,0.001879,0.001919,154384603.0
2025-08-18 04:00:00,0.001918,0.001953,0.001906,0.00195,209479112.0
2025-08-18 05:00:00,0.001951,0.001957,0.001917,0.001938,66399248.0
2025-08-18 06:00:00,0.001939,0.001949,0.001903,0.001911,211440602.0
2025-08-18 07:00:00,0.001911,0.001947,0.001892,0.00194,307467616.0
2025-08-18 08:00:00,0.001941,0.002044,0.001941,0.001986,645279517.0
2025-08-18 09:00:00,0.001985,0.002049,0.00196,0.002014,723690267.0
2025-08-18 10:00:00,0.002014,0.002059,0.00199,0.00203,391112873.0
2025-08-18 11:00:00,0.00203,0.002043,0.001996,0.002,289677063.0
2025-08-18 12:00:00,0.002,0.002207,0.001993,0.002145,1302857777.0
2025-08-18 13:00:00,0.002145,0.00219,0.002072,0.002091,1067719634.0
2025-08-18 14:00:00,0.002091,0.002186,0.002085,0.002123,970164554.0
2025-08-18 15:00:00,0.002124,0.002134,0.002031,0.002071,597272136.0
2025-08-18 16:00:00,0.002071,0.002099,0.002022,0.002038,321293661.0
2025-08-18 17:00:00,0.002037,0.002138,0.002033,0.002125,385888230.0
2025-08-18 18:00:00,0.002126,0.002143,0.002097,0.002115,349882483.0
2025-08-18 19:00:00,0.002116,0.002231,0.002108,0.002214,1558436407.0
2025-08-18 20:00:00,0.002213,0.002272,0.002171,0.002202,1116125673.0
2025-08-18 21:00:00,0.002201,0.002203,0.002162,0.002184,312260016.0
2025-08-18 22:00:00,0.002184,0.00224,0.002182,0.002188,423670533.0
2025-08-18 23:00:00,0.002189,0.002209,0.002123,0.00214,344055102.0
2025-08-19 00:00:00,0.002138,0.00217,0.002081,0.002126,348625568.0
2025-08-19 01:00:00,0.002127,0.002136,0.002074,0.002083,191020443.0
2025-08-19 02:00:00,0.002083,0.002124,0.002071,0.002103,189637477.0
2025-08-19 03:00:00,0.002104,0.002112,0.002063,0.002079,129966130.0
2025-08-19 04:00:00,0.002078,0.002088,0.002037,0.002068,194503203.0
2025-08-19 05:00:00,0.002067,0.002078,0.002032,0.002037,157975259.0
2025-08-19 06:00:00,0.002038,0.002038,0.002015,0.002025,148230662.0
2025-08-19 07:00:00,0.002025,0.002025,0.00199,0.002002,433167027.0
2025-08-19 08:00:00,0.002001,0.002018,0.001977,0.002001,206816112.0
2025-08-19 09:00:00,0.002002,0.00204,0.002002,0.002032,148844863.0
2025-08-19 10:00:00,0.002033,0.002038,0.002009,0.002018,132113769.0
2025-08-19 11:00:00,0.002019,0.002036,0.00201,0.002025,163934061.0
2025-08-19 12:00:00,0.002025,0.002028,0.001999,0.002014,100058732.0
2025-08-19 13:00:00,0.002015,0.002041,0.001991,0.002011,240381597.0
2025-08-19 14:00:00,0.00201,0.002023,0.001972,0.001989,328427275.0
2025-08-19 15:00:00,0.00199,0.002028,0.001988,0.002022,134967145.0
2025-08-19 16:00:00,0.002021,0.002049,0.001992,0.002018,205250278.0
2025-08-19 17:00:00,0.002017,0.002041,0.002009,0.002039,101381349.0
2025-08-19 18:00:00,0.002038,0.002064,0.002021,0.002032,118727285.0
2025-08-19 19:00:00,0.002031,0.002064,0.002016,0.002051,87040302.0
2025-08-19 20:00:00,0.002052,0.002109,0.002038,0.002102,129277498.0
2025-08-19 21:00:00,0.002102,0.002127,0.002093,0.002122,129188282.0
2025-08-19 22:00:00,0.002122,0.002137,0.002102,0.002113,126775995.0
2025-08-19 23:00:00,0.002113,0.002116,0.002072,0.002085,379909759.0
2025-08-20 00:00:00,0.002085,0.002101,0.002067,0.002075,124774267.0
2025-08-20 01:00:00,0.002075,0.002139,0.00206,0.002136,176810088.0
2025-08-20 02:00:00,0.002137,0.00218,0.002134,0.002146,400656249.0
2025-08-20 03:00:00,0.002147,0.002192,0.002134,0.00217,326338111.0
2025-08-20 04:00:00,0.002169,0.0022,0.002169,0.002175,234034475.0
2025-08-20 05:00:00,0.002175,0.002242,0.002171,0.002184,448498421.0
2025-08-20 06:00:00,0.002184,0.002215,0.002172,0.002181,368639483.0
2025-08-20 07:00:00,0.002182,0.002215,0.002176,0.002181,395321235.0
2025-08-20 08:00:00,0.002181,0.002369,0.002176,0.002346,1359017354.0
2025-08-20 09:00:00,0.002347,0.002399,0.00226,0.002303,1385253432.0
2025-08-20 10:00:00,0.002305,0.002355,0.00229,0.002323,473325790.0
2025-08-20 11:00:00,0.002322,0.002359,0.002269,0.002284,639075917.0
2025-08-20 12:00:00,0.002284,0.002448,0.002284,0.002435,1043679700.0
2025-08-20 13:00:00,0.002435,0.002468,0.002361,0.002445,1032284021.0
2025-08-20 14:00:00,0.002446,0.002684,0.002399,0.002566,3098944691.0
2025-08-20 15:00:00,0.002565,0.002678,0.002515,0.002621,2050217319.0
2025-08-20 16:00:00,0.00262,0.002885,0.002617,0.002795,3089431785.0
2025-08-20 17:00:00,0.002794,0.002989,0.002761,0.002945,2454270244.0
2025-08-20 18:00:00,0.002948,0.002999,0.002773,0.002813,3126664957.0
2025-08-20 19:00:00,0.002813,0.003023,0.00279,0.002948,1615708688.0
2025-08-20 20:00:00,0.002947,0.003008,0.002877,0.002897,1294025300.0
2025-08-20 21:00:00,0.002896,0.002924,0.002795,0.002824,1096715722.0
2025-08-20 22:00:00,0.002825,0.002929,0.002818,0.002872,693568236.0
2025-08-20 23:00:00,0.002872,0.002883,0.002743,0.002766,779767294.0
2025-08-21 00:00:00,0.002765,0.002838,0.002746,0.002822,764463576.0
2025-08-21 01:00:00,0.002821,0.00285,0.002768,0.00285,479244498.0
2025-08-21 02:00:00,0.00285,0.002872,0.002761,0.002848,577541089.0
2025-08-21 03:00:00,0.002848,0.002897,0.002837,0.00287,563596232.0
2025-08-21 04:00:00,0.002871,0.002928,0.002841,0.00287,593494421.0
2025-08-21 05:00:00,0.002871,0.002913,0.002772,0.002838,1065075484.0
2025-08-21 06:00:00,0.002837,0.002898,0.002788,0.002863,851848999.0
2025-08-21 07:00:00,0.002863,0.002913,0.00282,0.002827,765913284.0
2025-08-21 08:00:00,0.002827,0.002874,0.002656,0.00266,1116272165.0
2025-08-21 09:00:00,0.002658,0.002681,0.002575,0.0026,1417173704.0
2025-08-21 10:00:00,0.002599,0.002609,0.002531,0.002548,662161771.0
2025-08-21 11:00:00,0.002547,0.00258,0.002529,0.00258,450341360.0
2025-08-21 12:00:00,0.002579,0.002594,0.002498,0.002521,543722240.0
2025-08-21 13:00:00,0.002521,0.00257,0.002513,0.002548,372080045.0
2025-08-21 14:00:00,0.002548,0.002588,0.002536,0.002579,382890476.0
2025-08-21 15:00:00,0.002577,0.002583,0.00255,0.002559,219069146.0
2025-08-21 16:00:00,0.002559,0.002642,0.002548,0.002624,552597389.0
2025-08-21 17:00:00,0.002624,0.00263,0.002586,0.002614,334558305.0
2025-08-21 18:00:00,0.002613,0.00271,0.002598,0.002647,399990581.0
2025-08-21 19:00:00,0.002647,0.002667,0.002607,0.002611,319247234.0
2025-08-21 20:00:00,0.00261,0.002624,0.002579,0.002579,192144490.0
2025-08-21 21:00:00,0.00258,0.002613,0.00257,0.002613,169313299.0
2025-08-21 22:00:00,0.002613,0.002635,0.002566,0.002573,141747122.0
2025-08-21 23:00:00,0.002573,0.002584,0.002559,0.002571,106559406.0
2025-08-22 00:00:00,0.00257,0.002595,0.002545,0.002587,188320242.0
2025-08-22 01:00:00,0.002587,0.00259,0.002547,0.002576,103066442.0
2025-08-22 02:00:00,0.002575,0.002612,0.002541,0.002602,198893759.0
2025-08-22 03:00:00,0.002603,0.002604,0.00252,0.002528,327263718.0
2025-08-22 04:00:00,0.002529,0.002534,0.002443,0.002458,432765056.0
2025-08-22 05:00:00,0.002457,0.002478,0.002415,0.002427,397932433.0
2025-08-22 06:00:00,0.002427,0.002452,0.002396,0.002427,343295108.0
2025-08-22 07:00:00,0.002427,0.002466,0.002419,0.002462,319701456.0
2025-08-22 08:00:00,0.002462,0.002498,0.002445,0.002489,265503180.0
2025-08-22 09:00:00,0.002489,0.002496,0.002435,0.002461,231300904.0
2025-08-22 10:00:00,0.002461,0.00248,0.002434,0.002471,188915532.0
2025-08-22 11:00:00,0.00247,0.002473,0.002417,0.00242,181343745.0
2025-08-22 12:00:00,0.00242,0.002461,0.002415,0.002459,308447199.0
2025-08-22 13:00:00,0.002459,0.002475,0.002432,0.002459,189879868.0
2025-08-22 14:00:00,0.00246,0.002554,0.00246,0.002531,1244536117.0
2025-08-22 15:00:00,0.002531,0.002642,0.00253,0.002591,750089279.0
2025-08-22 16:00:00,0.002591,0.002626,0.002554,0.002589,714985535.0
2025-08-22 17:00:00,0.002589,0.002643,0.00258,0.002584,477037107.0
2025-08-22 18:00:00,0.002585,0.002601,0.002568,0.002594,207233363.0
2025-08-22 19:00:00,0.002595,0.002747,0.002583,0.002716,827193775.0
2025-08-22 20:00:00,0.002715,0.003055,0.002688,0.003053,2830282848.0
2025-08-22 21:00:00,0.003053,0.003495,0.00305,0.003408,3631085352.0
2025-08-22 22:00:00,0.00341,0.00379,0.003401,0.003745,2874066564.0
2025-08-22 23:00:00,0.003744,0.004305,0.003657,0.004096,4047920272.0
2025-08-23 00:00:00,0.004097,0.004145,0.003629,0.003905,3522474548.0
2025-08-23 01:00:00,0.003906,0.004048,0.00385,0.004031,1544659583.0
2025-08-23 02:00:00,0.004033,0.004097,0.003774,0.003903,2480578675.0
2025-08-23 03:00:00,0.003903,0.003999,0.003826,0.003833,966376425.0
2025-08-23 04:00:00,0.003834,0.003921,0.003652,0.003822,1421201738.0
2025-08-23 05:00:00,0.003821,0.003939,0.003758,0.003908,1251315163.0
2025-08-23 06:00:00,0.003907,0.003986,0.003869,0.003901,1404402134.0
2025-08-23 07:00:00,0.003901,0.004148,0.003901,0.004014,1683039054.0
2025-08-23 08:00:00,0.004014,0.004289,0.003925,0.004181,2686685399.0
2025-08-23 09:00:00,0.00418,0.004319,0.004045,0.004216,2521903546.0
2025-08-23 10:00:00,0.004217,0.004233,0.003705,0.003808,2621727707.0
2025-08-23 11:00:00,0.003808,0.003844,0.003684,0.00378,1213581806.0
2025-08-23 12:00:00,0.003779,0.003876,0.003671,0.003724,1095475819.0
2025-08-23 13:00:00,0.003724,0.003725,0.003523,0.003608,1722275906.0
2025-08-23 14:00:00,0.003606,0.003695,0.003537,0.003631,1203420523.0
2025-08-23 15:00:00,0.00363,0.003638,0.003481,0.003509,1055280507.0
2025-08-23 16:00:00,0.003509,0.003664,0.00346,0.003645,1325007281.0
2025-08-23 17:00:00,0.003644,0.003662,0.003577,0.003611,671584389.0
2025-08-23 18:00:00,0.003612,0.003659,0.003554,0.003586,630801275.0
2025-08-23 19:00:00,0.003587,0.003609,0.003565,0.003586,321039799.0
2025-08-23 20:00:00,0.003586,0.00361,0.003563,0.003575,362692103.0
2025-08-23 21:00:00,0.003575,0.003629,0.003554,0.003623,327254815.0
2025-08-23 22:00:00,0.003623,0.003623,0.003542,0.003566,362668379.0
2025-08-23 23:00:00,0.003566,0.003655,0.003564,0.003625,284702740.0
2025-08-24 00:00:00,0.003624,0.00367,0.003594,0.003628,327188327.0
2025-08-24 01:00:00,0.003628,0.003669,0.003561,0.003563,300162234.0
2025-08-24 02:00:00,0.003562,0.003722,0.003551,0.003704,494265526.0
2025-08-24 03:00:00,0.003704,0.003882,0.003666,0.003863,1187853897.0
2025-08-24 04:00:00,0.003865,0.004194,0.003668,0.003721,2826649316.0
2025-08-24 05:00:00,0.003719,0.003867,0.003681,0.003846,877268267.0
2025-08-24 06:00:00,0.003845,0.003879,0.003733,0.003739,662247876.0
2025-08-24 07:00:00,0.00374,0.003792,0.003664,0.003673,560287276.0
2025-08-24 08:00:00,0.003672,0.003681,0.003526,0.003628,1183245800.0
2025-08-24 09:00:00,0.003627,0.003849,0.003615,0.003823,834174555.0
2025-08-24 10:00:00,0.003822,0.003842,0.003648,0.003669,871581755.0
2025-08-24 11:00:00,0.003669,0.00385,0.00365,0.003828,931698791.0
2025-08-24 12:00:00,0.003828,0.004193,0.003789,0.004139,3178642487.0
2025-08-24 13:00:00,0.00414,0.00454,0.004024,0.004196,5879337568.0
2025-08-24 14:00:00,0.004197,0.004223,0.004013,0.004096,2273191436.0
2025-08-24 15:00:00,0.004096,0.004108,0.003878,0.00394,1471416402.0
2025-08-24 16:00:00,0.003939,0.004058,0.003791,0.003855,1632525230.0
2025-08-24 17:00:00,0.003856,0.003878,0.003713,0.003786,940506533.0
2025-08-24 18:00:00,0.003785,0.003919,0.003737,0.003911,1253213846.0
2025-08-24 19:00:00,0.00391,0.003939,0.003731,0.003807,1720869964.0
2025-08-24 20:00:00,0.003806,0.003919,0.003718,0.003902,1001111786.0
2025-08-24 21:00:00,0.003902,0.003916,0.003833,0.00384,381253362.0
2025-08-24 22:00:00,0.003842,0.00395,0.003809,0.003947,580962889.0
2025-08-24 23:00:00,0.003947,0.003952,0.003867,0.003901,476734327.0
2025-08-25 00:00:00,0.003902,0.003948,0.003776,0.003828,458686932.0
2025-08-25 01:00:00,0.003828,0.003974,0.003778,0.003953,453014790.0
2025-08-25 02:00:00,0.003952,0.004071,0.003949,0.004032,898801129.0
2025-08-25 03:00:00,0.004031,0.004076,0.003757,0.003779,732875852.0
2025-08-25 04:00:00,0.003779,0.003975,0.003726,0.00392,816023102.0
2025-08-25 05:00:00,0.003921,0.004002,0.003857,0.003966,843188842.0
2025-08-25 06:00:00,0.003966,0.00399,0.003837,0.003857,607381937.0
2025-08-25 07:00:00,0.003858,0.003881,0.003786,0.003798,433904037.0
2025-08-25 08:00:00,0.003796,0.003962,0.003587,0.003593,1752693172.0
2025-08-25 09:00:00,0.003593,0.003758,0.003553,0.003715,993593173.0
2025-08-25 10:00:00,0.003714,0.00374,0.003654,0.003679,571097259.0
2025-08-25 11:00:00,0.003679,0.003694,0.003591,0.00361,515931317.0
2025-08-25 12:00:00,0.00361,0.003666,0.003535,0.003646,426218984.0
2025-08-25 13:00:00,0.003646,0.003663,0.00356,0.003599,409855906.0
2025-08-25 14:00:00,0.003601,0.003658,0.00356,0.00359,364832254.0
2025-08-25 15:00:00,0.00359,0.003614,0.003367,0.003424,995562048.0
2025-08-25 16:00:00,0.003425,0.003532,0.003409,0.003488,554370929.0
2025-08-25 17:00:00,0.003488,0.003493,0.003434,0.003444,270171223.0
2025-08-25 18:00:00,0.003445,0.003516,0.003445,0.003484,177466011.0
2025-08-25 19:00:00,0.003485,0.00353,0.003409,0.00341,428269349.0
2025-08-25 20:00:00,0.00341,0.003439,0.003346,0.003367,512011565.0
2025-08-25 21:00:00,0.003366,0.003406,0.003325,0.00335,253560704.0
2025-08-25 22:00:00,0.003351,0.00348,0.003351,0.003462,260750803.0
2025-08-25 23:00:00,0.003462,0.003511,0.003442,0.003455,342740324.0
2025-08-26 00:00:00,0.003457,0.003578,0.003441,0.003539,752642556.0
2025-08-26 01:00:00,0.003539,0.003567,0.003457,0.003471,349872624.0
2025-08-26 02:00:00,0.00347,0.003549,0.003454,0.003542,224424250.0
2025-08-26 03:00:00,0.003542,0.003607,0.003466,0.003469,417608907.0
2025-08-26 04:00:00,0.003469,0.003506,0.003406,0.003415,275623971.0
2025-08-26 05:00:00,0.003416,0.003456,0.003352,0.003374,289906799.0
2025-08-26 06:00:00,0.003375,0.003381,0.003291,0.003298,332044089.0
2025-08-26 07:00:00,0.003299,0.003427,0.003293,0.003384,455473298.0
2025-08-26 08:00:00,0.003383,0.003393,0.003257,0.003269,319882334.0
2025-08-26 09:00:00,0.00327,0.00333,0.003269,0.003293,267699049.0
2025-08-26 10:00:00,0.003293,0.003341,0.003282,0.003322,155860878.0
2025-08-26 11:00:00,0.003322,0.00334,0.003276,0.00331,266547041.0
2025-08-26 12:00:00,0.00331,0.003541,0.0033,0.003504,820392269.0
2025-08-26 13:00:00,0.003503,0.00365,0.003444,0.003472,1444902778.0
2025-08-26 14:00:00,0.003472,0.003491,0.003379,0.003441,627333809.0
2025-08-26 15:00:00,0.003442,0.00353,0.003357,0.003529,612191743.0
2025-08-26 16:00:00,0.00353,0.003545,0.003369,0.003435,1113857613.0
2025-08-26 17:00:00,0.003434,0.003436,0.003331,0.003356,349417923.0
2025-08-26 18:00:00,0.003357,0.003414,0.003335,0.003401,307697016.0
2025-08-26 19:00:00,0.003402,0.003414,0.00334,0.003402,213049133.0
2025-08-26 20:00:00,0.003403,0.003443,0.003376,0.003386,249699288.0
2025-08-26 21:00:00,0.003386,0.003409,0.00335,0.003403,182013599.0
2025-08-26 22:00:00,0.003403,0.003435,0.003323,0.003339,206988152.0
2025-08-26 23:00:00,0.003339,0.003418,0.003333,0.003333,326989850.0
2025-08-27 00:00:00,0.003335,0.00336,0.003279,0.00334,352565436.0
2025-08-27 01:00:00,0.00334,0.00334,0.003279,0.00332,188838365.0
2025-08-27 02:00:00,0.003321,0.003411,0.003266,0.003319,386824942.0
2025-08-27 03:00:00,0.003318,0.003355,0.003292,0.003329,216789819.0
2025-08-27 04:00:00,0.003328,0.003381,0.0033,0.003364,250868325.0
2025-08-27 05:00:00,0.003365,0.003365,0.003228,0.003249,311907258.0
2025-08-27 06:00:00,0.00325,0.003265,0.00319,0.003213,369968593.0
2025-08-27 07:00:00,0.003212,0.003217,0.00314,0.003155,396189873.0
2025-08-27 08:00:00,0.003156,0.003169,0.003121,0.003145,370047295.0
2025-08-27 09:00:00,0.003146,0.003167,0.003134,0.003155,180461110.0
2025-08-27 10:00:00,0.003156,0.003191,0.003143,0.003162,159361825.0
2025-08-27 11:00:00,0.003161,0.003245,0.00316,0.003197,267355181.0
2025-08-27 12:00:00,0.003198,0.003224,0.003184,0.003202,337083679.0
2025-08-27 13:00:00,0.003201,0.00324,0.00317,0.003193,367312939.0
2025-08-27 14:00:00,0.003194,0.003271,0.00318,0.003217,374730261.0
2025-08-27 15:00:00,0.003217,0.003247,0.003164,0.003172,292083161.0
2025-08-27 16:00:00,0.003173,0.003205,0.003105,0.003194,434822443.0
2025-08-27 17:00:00,0.003193,0.003213,0.003143,0.003188,273532381.0
2025-08-27 18:00:00,0.003187,0.003217,0.003176,0.003179,177747380.0
2025-08-27 19:00:00,0.003179,0.003196,0.003132,0.003137,150917868.0
2025-08-27 20:00:00,0.003137,0.003184,0.003108,0.003155,482887391.0
2025-08-27 21:00:00,0.003155,0.003176,0.003127,0.003134,112010289.0
2025-08-27 22:00:00,0.003135,0.003135,0.003073,0.003094,419607464.0
2025-08-27 23:00:00,0.003093,0.003118,0.003084,0.003105,138478294.0
2025-08-28 00:00:00,0.003104,0.003112,0.003047,0.00309,269531524.0
2025-08-28 01:00:00,0.003091,0.00313,0.003091,0.003122,107801497.0
2025-08-28 02:00:00,0.003123,0.003139,0.0031,0.003105,86258962.0
2025-08-28 03:00:00,0.003104,0.003115,0.003085,0.003094,91498297.0
2025-08-28 04:00:00,0.003094,0.003147,0.003078,0.003136,171906260.0
2025-08-28 05:00:00,0.003135,0.00314,0.003103,0.003128,100111791.0
2025-08-28 06:00:00,0.003127,0.003198,0.003109,0.003183,202516305.0
2025-08-28 07:00:00,0.003182,0.003188,0.003129,0.003134,141473792.0
2025-08-28 08:00:00,0.003135,0.003165,0.003106,0.003115,185470076.0
2025-08-28 09:00:00,0.003115,0.003123,0.00309,0.003099,119931396.0
2025-08-28 10:00:00,0.003099,0.00312,0.003086,0.003112,101055072.0
2025-08-28 11:00:00,0.003112,0.003122,0.003098,0.003111,87416517.0
2025-08-28 12:00:00,0.003112,0.003157,0.003104,0.003143,155469340.0
2025-08-28 13:00:00,0.003145,0.003169,0.003129,0.00313,227206090.0
2025-08-28 14:00:00,0.003129,0.003147,0.003097,0.003135,324930054.0
2025-08-28 15:00:00,0.003135,0.003144,0.003051,0.003074,276049375.0
2025-08-28 16:00:00,0.003074,0.003163,0.003042,0.003048,348477367.0
2025-08-28 17:00:00,0.003047,0.003089,0.003032,0.003047,138463282.0
2025-08-28 18:00:00,0.003048,0.003067,0.003024,0.003034,210680798.0
2025-08-28 19:00:00,0.003034,0.003047,0.00296,0.00296,235728022.0
2025-08-28 20:00:00,0.002962,0.002977,0.002932,0.002949,287196678.0
2025-08-28 21:00:00,0.002949,0.002989,0.002949,0.002983,188177384.0
2025-08-28 22:00:00,0.002983,0.003021,0.002977,0.003017,368746366.0
2025-08-28 23:00:00,0.003016,0.003024,0.002989,0.002995,152901459.0
2025-08-29 00:00:00,0.002995,0.003023,0.002992,0.003004,154360037.0
2025-08-29 01:00:00,0.003005,0.003022,0.003001,0.003011,108778437.0
2025-08-29 02:00:00,0.003011,0.003047,0.003004,0.003033,114224874.0
2025-08-29 03:00:00,0.003033,0.003038,0.003002,0.003008,187220045.0
2025-08-29 04:00:00,0.003007,0.003013,0.002973,0.00298,239235750.0
2025-08-29 05:00:00,0.00298,0.002994,0.002976,0.002981,112122677.0
2025-08-29 06:00:00,0.00298,0.002994,0.002911,0.002958,396317952.0
2025-08-29 07:00:00,0.002958,0.002958,0.002883,0.002885,497725998.0
2025-08-29 08:00:00,0.002885,0.002903,0.002813,0.00282,475441238.0
2025-08-29 09:00:00,0.00282,0.002894,0.002811,0.002889,529978075.0
2025-08-29 10:00:00,0.00289,0.002906,0.002862,0.002869,329791804.0
2025-08-29 11:00:00,0.002869,0.002894,0.002833,0.002842,242663287.0
2025-08-29 12:00:00,0.002843,0.002928,0.002838,0.002865,759764930.0
2025-08-29 13:00:00,0.002865,0.002866,0.002815,0.002848,683526315.0
2025-08-29 14:00:00,0.002849,0.002867,0.002806,0.002839,874555720.0
2025-08-29 15:00:00,0.00284,0.002857,0.002797,0.002809,338643733.0
2025-08-29 16:00:00,0.002808,0.002816,0.002774,0.002785,234403567.0
2025-08-29 17:00:00,0.002784,0.002798,0.002747,0.002782,156661011.0
2025-08-29 18:00:00,0.002783,0.002795,0.002762,0.002768,80189278.0
2025-08-29 19:00:00,0.002768,0.002833,0.002764,0.00282,160376851.0
2025-08-29 20:00:00,0.00282,0.002823,0.002786,0.002794,100404524.0
2025-08-29 21:00:00,0.002795,0.002832,0.002787,0.002831,68767020.0
2025-08-29 22:00:00,0.002831,0.002861,0.002809,0.00286,96614994.0
2025-08-29 23:00:00,0.002859,0.002932,0.002859,0.002895,235621563.0
2025-08-30 00:00:00,0.002895,0.002923,0.002875,0.002892,185685549.0
2025-08-30 01:00:00,0.002892,0.002921,0.002884,0.002887,156383308.0
2025-08-30 02:00:00,0.002888,0.002918,0.002882,0.002895,128129464.0
2025-08-30 03:00:00,0.002895,0.002955,0.002895,0.002911,151352212.0
2025-08-30 04:00:00,0.002912,0.002916,0.002884,0.002891,76696403.0
2025-08-30 05:00:00,0.00289,0.002894,0.002869,0.002872,77597019.0
2025-08-30 06:00:00,0.002873,0.002883,0.002865,0.00287,101556601.0
2025-08-30 07:00:00,0.00287,0.002914,0.002869,0.002905,96844274.0
2025-08-30 08:00:00,0.002904,0.002988,0.002897,0.002949,498862108.0
2025-08-30 09:00:00,0.00295,0.00301,0.002904,0.002991,487557787.0
2025-08-30 10:00:00,0.002991,0.003,0.002915,0.00292,308176169.0
2025-08-30 11:00:00,0.00292,0.002934,0.002888,0.002911,152954862.0
2025-08-30 12:00:00,0.002911,0.00292,0.002874,0.002894,126981078.0
2025-08-30 13:00:00,0.002891,0.002896,0.002858,0.002882,151184312.0
2025-08-30 14:00:00,0.002881,0.002881,0.002853,0.002865,68939818.0
2025-08-30 15:00:00,0.002865,0.002887,0.002858,0.002884,119864029.0
2025-08-30 16:00:00,0.002884,0.002884,0.002854,0.002863,56803961.0
2025-08-30 17:00:00,0.002862,0.002881,0.002856,0.002862,55016248.0
2025-08-30 18:00:00,0.002862,0.002871,0.002845,0.002858,39069888.0
2025-08-30 19:00:00,0.002857,0.002861,0.002833,0.002861,51844798.0
2025-08-30 20:00:00,0.00286,0.00286,0.002819,0.002831,61784197.0
2025-08-30 21:00:00,0.002831,0.002841,0.002823,0.002829,24397592.0
2025-08-30 22:00:00,0.002829,0.002839,0.002823,0.002835,27458779.0
2025-08-30 23:00:00,0.002834,0.002851,0.002834,0.002844,43952034.0
2025-08-31 00:00:00,0.002845,0.00289,0.00284,0.002883,67272607.0
2025-08-31 01:00:00,0.002883,0.002911,0.00287,0.002897,124058094.0
2025-08-31 02:00:00,0.002898,0.002906,0.002875,0.002891,197159578.0
2025-08-31 03:00:00,0.002892,0.002917,0.002887,0.002914,44913899.0
2025-08-31 04:00:00,0.002914,0.002918,0.002871,0.002874,99085174.0
2025-08-31 05:00:00,0.002874,0.002886,0.00286,0.002878,36518027.0
2025-08-31 06:00:00,0.002879,0.002914,0.002875,0.002896,52114267.0
2025-08-31 07:00:00,0.002895,0.00291,0.002868,0.002878,105892040.0
2025-08-31 08:00:00,0.002879,0.002895,0.002876,0.002885,106991771.0
2025-08-31 09:00:00,0.002885,0.002888,0.002855,0.00286,71091970.0
2025-08-31 10:00:00,0.002861,0.002862,0.002822,0.002836,127301367.0
2025-08-31 11:00:00,0.002836,0.002852,0.002826,0.002852,79685124.0
2025-08-31 12:00:00,0.002852,0.002855,0.002824,0.002844,90000856.0
2025-08-31 13:00:00,0.002843,0.00285,0.002826,0.002832,60746117.0
2025-08-31 14:00:00,0.002831,0.002837,0.002797,0.002799,114638544.0
2025-08-31 15:00:00,0.002798,0.002834,0.002798,0.002824,64887332.0
2025-08-31 16:00:00,0.002824,0.002824,0.002801,0.002803,42479247.0
2025-08-31 17:00:00,0.002802,0.002807,0.002787,0.002802,40895049.0
2025-08-31 18:00:00,0.002801,0.00283,0.002798,0.002827,88266225.0
2025-08-31 19:00:00,0.002826,0.002831,0.002792,0.002792,64792442.0
2025-08-31 20:00:00,0.002793,0.00282,0.002785,0.002801,127319145.0
2025-08-31 21:00:00,0.002801,0.00282,0.002799,0.002812,29682219.0
2025-08-31 22:00:00,0.002813,0.002815,0.002774,0.002782,56192720.0
2025-08-31 23:00:00,0.002782,0.002782,0.00272,0.00273,205112568.0
2025-09-01 00:00:00,0.00273,0.002748,0.002702,0.002734,178009616.0
2025-09-01 01:00:00,0.002734,0.002766,0.002724,0.002751,62518570.0
2025-09-01 02:00:00,0.00275,0.00275,0.002702,0.002711,109093151.0
2025-09-01 03:00:00,0.002711,0.002726,0.002681,0.002686,119933814.0
2025-09-01 04:00:00,0.002686,0.002697,0.002649,0.002665,98280369.0
2025-09-01 05:00:00,0.002665,0.002685,0.002652,0.002652,108106456.0
2025-09-01 06:00:00,0.002652,0.002666,0.002624,0.002633,150311576.0
2025-09-01 07:00:00,0.002633,0.002685,0.002616,0.002685,216407390.0
2025-09-01 08:00:00,0.002686,0.002716,0.002675,0.002712,276523692.0
2025-09-01 09:00:00,0.002712,0.002732,0.002688,0.002693,156059345.0
2025-09-01 10:00:00,0.002694,0.002694,0.002639,0.002661,106106212.0
2025-09-01 11:00:00,0.002661,0.002671,0.002636,0.002642,61678808.0
2025-09-01 12:00:00,0.002643,0.002669,0.002631,0.002646,83921942.0
2025-09-01 13:00:00,0.002645,0.002667,0.002623,0.002634,136728873.0
2025-09-01 14:00:00,0.002634,0.002653,0.002596,0.002618,236225425.0
2025-09-01 15:00:00,0.002617,0.002626,0.002572,0.002582,272413381.0
2025-09-01 16:00:00,0.002582,0.002587,0.002561,0.002577,129191599.0
2025-09-01 17:00:00,0.002576,0.002579,0.00254,0.00255,125893270.0
2025-09-01 18:00:00,0.00255,0.002574,0.002546,0.002558,83275030.0
2025-09-01 19:00:00,0.002557,0.002559,0.002524,0.002548,158161797.0
2025-09-01 20:00:00,0.002549,0.002554,0.002463,0.002488,485704373.0
2025-09-01 21:00:00,0.002487,0.002502,0.002456,0.002485,159261916.0
2025-09-01 22:00:00,0.002484,0.0025,0.00248,0.002492,117105848.0
2025-09-01 23:00:00,0.002492,0.00253,0.002492,0.002524,73090103.0
2025-09-02 00:00:00,0.002524,0.002535,0.002504,0.002511,53468715.0
2025-09-02 01:00:00,0.002511,0.002537,0.002498,0.002521,57763792.0
2025-09-02 02:00:00,0.00252,0.002538,0.002508,0.002537,54635939.0
2025-09-02 03:00:00,0.002537,0.002565,0.002529,0.002559,192095407.0
2025-09-02 04:00:00,0.002559,0.002576,0.002552,0.002576,68784338.0
2025-09-02 05:00:00,0.002575,0.002576,0.002547,0.002565,107304187.0
2025-09-02 06:00:00,0.002566,0.002586,0.00255,0.002573,189509059.0
2025-09-02 07:00:00,0.002572,0.002582,0.002554,0.002556,79249484.0
2025-09-02 08:00:00,0.002556,0.002571,0.002547,0.00256,61995997.0
2025-09-02 09:00:00,0.002559,0.002576,0.002556,0.002573,50188900.0
2025-09-02 10:00:00,0.002574,0.002576,0.002558,0.002569,61144875.0
2025-09-02 11:00:00,0.002569,0.002569,0.002536,0.002541,62638230.0
2025-09-02 12:00:00,0.00254,0.002544,0.002473,0.002478,231743296.0
2025-09-02 13:00:00,0.002477,0.002581,0.002477,0.002566,266220466.0
2025-09-02 14:00:00,0.002566,0.002584,0.002539,0.00257,232859136.0
2025-09-02 15:00:00,0.002571,0.002571,0.002484,0.002487,122627774.0
2025-09-02 16:00:00,0.002488,0.002524,0.002488,0.002518,150760005.0
2025-09-02 17:00:00,0.002519,0.002543,0.002516,0.002524,67631092.0
2025-09-02 18:00:00,0.002525,0.002527,0.002485,0.002508,84045732.0
2025-09-02 19:00:00,0.002508,0.002524,0.002485,0.002504,72187450.0
2025-09-02 20:00:00,0.002503,0.002548,0.002498,0.002539,116229800.0
2025-09-02 21:00:00,0.00254,0.002569,0.002539,0.002558,71199851.0
2025-09-02 22:00:00,0.002557,0.002563,0.002545,0.002562,51148570.0
2025-09-02 23:00:00,0.002563,0.002567,0.002525,0.002535,73856094.0
2025-09-03 00:00:00,0.002535,0.002552,0.002523,0.00255,55659501.0
2025-09-03 01:00:00,0.00255,0.002578,0.002534,0.002577,60431802.0
2025-09-03 02:00:00,0.002576,0.002588,0.002554,0.002571,108411364.0
2025-09-03 03:00:00,0.002571,0.002593,0.002562,0.002574,114681372.0
2025-09-03 04:00:00,0.002575,0.00261,0.002557,0.002594,116924282.0
2025-09-03 05:00:00,0.002595,0.002598,0.00257,0.002578,129336815.0
2025-09-03 06:00:00,0.002578,0.002599,0.002558,0.00256,203002482.0
2025-09-03 07:00:00,0.002559,0.002559,0.002535,0.00255,156651429.0
2025-09-03 08:00:00,0.00255,0.002558,0.002521,0.002531,121533794.0
2025-09-03 09:00:00,0.002532,0.002545,0.002511,0.002543,130577351.0
2025-09-03 10:00:00,0.002544,0.002552,0.002532,0.002545,126088870.0
2025-09-03 11:00:00,0.002545,0.00258,0.002542,0.00255,131071093.0
2025-09-03 12:00:00,0.002552,0.002595,0.00255,0.002558,223590206.0
2025-09-03 13:00:00,0.002559,0.002605,0.002553,0.002592,237743424.0
2025-09-03 14:00:00,0.002592,0.002619,0.00257,0.002602,276859859.0
2025-09-03 15:00:00,0.002604,0.002607,0.002572,0.002582,155694455.0
2025-09-03 16:00:00,0.002583,0.002596,0.002555,0.002561,143024295.0
2025-09-03 17:00:00,0.002562,0.002592,0.002562,0.002575,125255836.0
2025-09-03 18:00:00,0.002576,0.002577,0.002559,0.002563,93013035.0
2025-09-03 19:00:00,0.002564,0.002574,0.002551,0.002574,67297867.0
2025-09-03 20:00:00,0.002575,0.002578,0.002552,0.002566,72056609.0
2025-09-03 21:00:00,0.002567,0.002583,0.002561,0.002578,60695456.0
2025-09-03 22:00:00,0.002579,0.002594,0.00256,0.002568,95849718.0
2025-09-03 23:00:00,0.002569,0.00257,0.002544,0.002548,95188229.0
2025-09-04 00:00:00,0.002548,0.00256,0.002539,0.002553,90052982.0
2025-09-04 01:00:00,0.002553,0.002556,0.002536,0.002552,127573738.0
2025-09-04 02:00:00,0.00255,0.00255,0.002521,0.002523,78940153.0
2025-09-04 03:00:00,0.002522,0.002523,0.002497,0.002505,149528594.0
2025-09-04 04:00:00,0.002505,0.00251,0.002491,0.002491,74280513.0
2025-09-04 05:00:00,0.002491,0.002492,0.002438,0.002447,221603878.0
2025-09-04 06:00:00,0.002446,0.002459,0.002438,0.002442,111494620.0
2025-09-04 07:00:00,0.002442,0.002459,0.00244,0.002451,78853911.0
2025-09-04 08:00:00,0.00245,0.002475,0.002447,0.002453,85452122.0
2025-09-04 09:00:00,0.002452,0.002465,0.00245,0.002462,85430918.0
2025-09-04 10:00:00,0.002462,0.002472,0.002455,0.002458,76230753.0
2025-09-04 11:00:00,0.002457,0.00248,0.002454,0.002456,61166551.0
2025-09-04 12:00:00,0.002456,0.002472,0.00244,0.002458,101811740.0
2025-09-04 13:00:00,0.002457,0.002461,0.002423,0.002433,136570399.0
2025-09-04 14:00:00,0.002432,0.002434,0.002391,0.002414,218122786.0
2025-09-04 15:00:00,0.002414,0.002416,0.00238,0.002385,196091578.0
2025-09-04 16:00:00,0.002384,0.002402,0.002376,0.002399,270124697.0
2025-09-04 17:00:00,0.002399,0.002424,0.002398,0.002406,94433733.0
2025-09-04 18:00:00,0.002405,0.002411,0.002379,0.002387,85776390.0
2025-09-04 19:00:00,0.002387,0.002397,0.00238,0.002389,92950605.0
2025-09-04 20:00:00,0.00239,0.002427,0.002387,0.002414,87640565.0
2025-09-04 21:00:00,0.002415,0.002432,0.002411,0.002432,85789131.0
2025-09-04 22:00:00,0.002432,0.002457,0.002428,0.00245,85820077.0
2025-09-04 23:00:00,0.00245,0.00246,0.002423,0.002424,80132823.0
2025-09-05 00:00:00,0.002424,0.002467,0.002423,0.002454,112188652.0
2025-09-05 01:00:00,0.002455,0.002465,0.00245,0.002464,50414014.0
2025-09-05 02:00:00,0.002465,0.002486,0.002456,0.002478,91608380.0
2025-09-05 03:00:00,0.002479,0.002483,0.002459,0.002481,40775035.0
2025-09-05 04:00:00,0.002482,0.002494,0.002477,0.002492,83356035.0
2025-09-05 05:00:00,0.002491,0.002562,0.00249,0.002546,580739841.0
2025-09-05 06:00:00,0.002546,0.002566,0.002512,0.002517,322181942.0
2025-09-05 07:00:00,0.002518,0.002544,0.002518,0.002531,232847315.0
2025-09-05 08:00:00,0.002531,0.002533,0.002498,0.002514,100859057.0
2025-09-05 09:00:00,0.002514,0.002522,0.002496,0.002518,61492730.0
2025-09-05 10:00:00,0.002518,0.002559,0.002517,0.002551,175311723.0
2025-09-05 11:00:00,0.002551,0.002563,0.00253,0.00254,108578755.0
2025-09-05 12:00:00,0.002541,0.002566,0.002522,0.002544,472843514.0
2025-09-05 13:00:00,0.002545,0.002552,0.002522,0.002529,204192960.0
2025-09-05 14:00:00,0.002528,0.00253,0.002433,0.002454,531449353.0
2025-09-05 15:00:00,0.002454,0.00248,0.002454,0.002467,141328165.0
2025-09-05 16:00:00,0.002467,0.002487,0.002465,0.002485,150149490.0
2025-09-05 17:00:00,0.002484,0.002486,0.00246,0.002481,175821011.0
2025-09-05 18:00:00,0.00248,0.002493,0.00246,0.002487,108475060.0
2025-09-05 19:00:00,0.002486,0.002507,0.002486,0.002504,141735253.0
2025-09-05 20:00:00,0.002505,0.00251,0.002489,0.002505,84329544.0
2025-09-05 21:00:00,0.002505,0.002506,0.002467,0.002479,167646067.0
2025-09-05 22:00:00,0.00248,0.002506,0.002476,0.002506,47580444.0
2025-09-05 23:00:00,0.002506,0.002511,0.002488,0.002488,54709431.0
2025-09-06 00:00:00,0.002488,0.0025,0.002478,0.002482,67740875.0
2025-09-06 01:00:00,0.002481,0.002511,0.002478,0.002501,74659000.0
2025-09-06 02:00:00,0.002501,0.002525,0.00249,0.002525,161963428.0
2025-09-06 03:00:00,0.002526,0.002541,0.002511,0.002526,145787241.0
2025-09-06 04:00:00,0.002527,0.00255,0.002504,0.002536,250297972.0
2025-09-06 05:00:00,0.002536,0.002558,0.002511,0.002551,377277167.0
2025-09-06 06:00:00,0.00255,0.002566,0.002518,0.002523,267641771.0
2025-09-06 07:00:00,0.002524,0.002543,0.00251,0.002538,270534131.0
2025-09-06 08:00:00,0.002539,0.00255,0.002519,0.00252,153118044.0
2025-09-06 09:00:00,0.002519,0.002555,0.002492,0.002529,421468816.0
2025-09-06 10:00:00,0.00253,0.002654,0.002511,0.00265,637828002.0
2025-09-06 11:00:00,0.00265,0.002772,0.002605,0.002681,2126291962.0
2025-09-06 12:00:00,0.002681,0.002733,0.002628,0.002687,821109326.0
2025-09-06 13:00:00,0.002687,0.002688,0.002588,0.002607,496931524.0
2025-09-06 14:00:00,0.002609,0.002631,0.002593,0.0026,227257532.0
2025-09-06 15:00:00,0.0026,0.0026,0.002515,0.002517,490995079.0
2025-09-06 16:00:00,0.002516,0.002542,0.002505,0.00252,296139347.0
2025-09-06 17:00:00,0.002521,0.002525,0.00249,0.002506,550638970.0
2025-09-06 18:00:00,0.002507,0.002538,0.002505,0.002526,167801039.0
2025-09-06 19:00:00,0.002525,0.002534,0.002504,0.002519,125699013.0
2025-09-06 20:00:00,0.002519,0.002547,0.002511,0.002545,98290995.0
2025-09-06 21:00:00,0.002544,0.002545,0.00252,0.002537,60859193.0
2025-09-06 22:00:00,0.002536,0.00254,0.002514,0.002525,79276787.0
2025-09-06 23:00:00,0.002526,0.002532,0.002515,0.002519,54552446.0
2025-09-07 00:00:00,0.00252,0.002537,0.00252,0.002529,79743305.0
2025-09-07 01:00:00,0.00253,0.002566,0.002528,0.002557,160766951.0
2025-09-07 02:00:00,0.002559,0.002582,0.002547,0.002576,109061127.0
2025-09-07 03:00:00,0.002576,0.002581,0.002547,0.002559,111782818.0
2025-09-07 04:00:00,0.002559,0.002586,0.002555,0.002583,84775128.0
2025-09-07 05:00:00,0.002583,0.002598,0.002573,0.002595,88279972.0
2025-09-07 06:00:00,0.002595,0.002611,0.002576,0.00259,121108214.0
2025-09-07 07:00:00,0.002592,0.002592,0.002564,0.002591,149825594.0
2025-09-07 08:00:00,0.00259,0.002614,0.002574,0.002611,275492577.0
2025-09-07 09:00:00,0.002611,0.002633,0.002591,0.002605,204336212.0
2025-09-07 10:00:00,0.002606,0.002672,0.002604,0.002618,485199962.0
2025-09-07 11:00:00,0.002619,0.002648,0.002606,0.002628,193265706.0
2025-09-07 12:00:00,0.002628,0.002644,0.002594,0.002598,189614231.0
2025-09-07 13:00:00,0.002598,0.002628,0.00259,0.002597,198289642.0
2025-09-07 14:00:00,0.002597,0.002613,0.002571,0.002593,286198765.0
2025-09-07 15:00:00,0.002592,0.002633,0.002585,0.002624,201133269.0
2025-09-07 16:00:00,0.002624,0.002628,0.002585,0.002592,154221807.0
2025-09-07 17:00:00,0.002592,0.002628,0.00259,0.0026,150208925.0
2025-09-07 18:00:00,0.0026,0.002616,0.002585,0.002591,113975759.0
2025-09-07 19:00:00,0.002591,0.002619,0.002587,0.00259,106714488.0
2025-09-07 20:00:00,0.00259,0.002622,0.002589,0.00262,98542737.0
2025-09-07 21:00:00,0.002621,0.002623,0.002601,0.00261,59291509.0
2025-09-07 22:00:00,0.00261,0.002634,0.00261,0.00262,117971640.0
2025-09-07 23:00:00,0.002622,0.002631,0.002608,0.002613,143774685.0
2025-09-08 00:00:00,0.002611,0.002613,0.00259,0.002595,160563312.0
2025-09-08 01:00:00,0.002595,0.0026,0.002573,0.002583,127346685.0
2025-09-08 02:00:00,0.002583,0.002636,0.002583,0.00263,148382940.0
2025-09-08 03:00:00,0.00263,0.002638,0.002603,0.002611,146128526.0
2025-09-08 04:00:00,0.00261,0.002614,0.00259,0.002598,132386394.0
2025-09-08 05:00:00,0.002599,0.00261,0.00258,0.002591,103636617.0
2025-09-08 06:00:00,0.002592,0.002599,0.00257,0.002574,155553880.0
2025-09-08 07:00:00,0.002575,0.002587,0.002548,0.002557,159374222.0
2025-09-08 08:00:00,0.002558,0.002594,0.002558,0.002588,184833036.0
2025-09-08 09:00:00,0.002588,0.002604,0.002574,0.0026,163599158.0
2025-09-08 10:00:00,0.002602,0.002618,0.002583,0.002585,160058386.0
2025-09-08 11:00:00,0.002586,0.002597,0.002558,0.002593,294402841.0
2025-09-08 12:00:00,0.002593,0.002608,0.002577,0.002603,78215198.0
2025-09-08 13:00:00,0.002603,0.002612,0.00257,0.002575,165727969.0
2025-09-08 14:00:00,0.002575,0.002618,0.002573,0.002608,96838843.0
2025-09-08 15:00:00,0.002608,0.002635,0.002608,0.002622,241361286.0
2025-09-08 16:00:00,0.002622,0.00269,0.002621,0.002641,545417400.0
2025-09-08 17:00:00,0.002641,0.002669,0.002605,0.002644,244157466.0
2025-09-08 18:00:00,0.002643,0.002662,0.002624,0.002643,86832060.0
2025-09-08 19:00:00,0.002644,0.002653,0.002587,0.002614,149606316.0
2025-09-08 20:00:00,0.002614,0.002622,0.002577,0.002596,66037398.0
2025-09-08 21:00:00,0.002596,0.002635,0.002591,0.002634,95121097.0
2025-09-08 22:00:00,0.002633,0.002638,0.002619,0.002621,87133876.0
2025-09-08 23:00:00,0.00262,0.002635,0.002617,0.002626,62688640.0
2025-09-09 00:00:00,0.002627,0.002659,0.002609,0.002643,154870787.0
2025-09-09 01:00:00,0.002644,0.002656,0.00259,0.002603,202897473.0
2025-09-09 02:00:00,0.002602,0.002611,0.002563,0.002584,326933145.0
2025-09-09 03:00:00,0.002583,0.002607,0.002576,0.002607,134427834.0
2025-09-09 04:00:00,0.002607,0.002617,0.002589,0.002603,59501355.0
2025-09-09 05:00:00,0.002602,0.002604,0.00258,0.002603,85019866.0
2025-09-09 06:00:00,0.002604,0.002659,0.002604,0.002652,144198182.0
2025-09-09 07:00:00,0.002653,0.002665,0.00263,0.002646,214400744.0
2025-09-09 08:00:00,0.002646,0.00266,0.002634,0.002644,139598823.0
2025-09-09 09:00:00,0.002645,0.002659,0.002635,0.00264,126415893.0
2025-09-09 10:00:00,0.00264,0.002658,0.002612,0.00262,150838546.0
2025-09-09 11:00:00,0.002621,0.002635,0.002611,0.002613,128349067.0
2025-09-09 12:00:00,0.002614,0.002634,0.002569,0.002591,283693804.0
2025-09-09 13:00:00,0.00259,0.002603,0.002578,0.002599,135039832.0
2025-09-09 14:00:00,0.0026,0.002606,0.00252,0.002541,431538558.0
2025-09-09 15:00:00,0.002541,0.002564,0.002502,0.002534,759993520.0
2025-09-09 16:00:00,0.002534,0.002539,0.002502,0.002518,248664261.0
2025-09-09 17:00:00,0.002518,0.002532,0.002495,0.002504,83873459.0
2025-09-09 18:00:00,0.002503,0.002517,0.002495,0.002513,118951927.0
2025-09-09 19:00:00,0.002512,0.002531,0.002504,0.002517,60171597.0
2025-09-09 20:00:00,0.002517,0.002533,0.002508,0.00253,46335476.0
2025-09-09 21:00:00,0.002529,0.002555,0.002525,0.002528,52243140.0
2025-09-09 22:00:00,0.002528,0.002557,0.002516,0.002557,64817890.0
2025-09-09 23:00:00,0.002558,0.00258,0.002544,0.002569,59037634.0
2025-09-10 00:00:00,0.00257,0.002577,0.002549,0.002558,58461666.0
2025-09-10 01:00:00,0.002557,0.002598,0.002544,0.002573,86636594.0
2025-09-10 02:00:00,0.002574,0.002614,0.002574,0.002597,71741024.0
2025-09-10 03:00:00,0.002598,0.002633,0.002584,0.002611,106068229.0
2025-09-10 04:00:00,0.002611,0.002633,0.002601,0.002613,119219382.0
2025-09-10 05:00:00,0.002615,0.002615,0.002582,0.002592,101423167.0
2025-09-10 06:00:00,0.002592,0.002606,0.002576,0.002593,104037611.0
2025-09-10 07:00:00,0.002594,0.002621,0.002587,0.002608,118112128.0
2025-09-10 08:00:00,0.002609,0.002622,0.002598,0.002607,113797498.0
2025-09-10 09:00:00,0.002608,0.002615,0.002598,0.002609,75354990.0
2025-09-10 10:00:00,0.00261,0.002619,0.002587,0.002592,180177007.0
2025-09-10 11:00:00,0.002592,0.002606,0.002581,0.002596,166277648.0
2025-09-10 12:00:00,0.002596,0.002632,0.002589,0.002621,340686938.0
2025-09-10 13:00:00,0.002622,0.002645,0.00261,0.002622,284875818.0
2025-09-10 14:00:00,0.002623,0.002644,0.00262,0.002629,197547073.0
2025-09-10 15:00:00,0.002629,0.002647,0.00261,0.002615,177552734.0
2025-09-10 16:00:00,0.002615,0.00262,0.00258,0.002611,213669156.0
2025-09-10 17:00:00,0.00261,0.002618,0.002581,0.002589,141009972.0
2025-09-10 18:00:00,0.002589,0.002592,0.002563,0.002575,208457425.0
2025-09-10 19:00:00,0.002575,0.002578,0.00251,0.00252,146172683.0
2025-09-10 20:00:00,0.00252,0.002549,0.002518,0.002541,66742077.0
2025-09-10 21:00:00,0.00254,0.002558,0.002537,0.002549,52057518.0
2025-09-10 22:00:00,0.00255,0.002556,0.002541,0.002546,54572754.0
2025-09-10 23:00:00,0.002547,0.002551,0.002529,0.002533,74641885.0
2025-09-11 00:00:00,0.002532,0.002546,0.002513,0.002542,101979574.0
2025-09-11 01:00:00,0.002541,0.002555,0.002536,0.002542,64776318.0
2025-09-11 02:00:00,0.002542,0.002543,0.002527,0.002533,77295794.0
2025-09-11 03:00:00,0.002532,0.002575,0.002526,0.002575,186530105.0
2025-09-11 04:00:00,0.002574,0.002589,0.00256,0.002583,95337337.0
2025-09-11 05:00:00,0.002582,0.002583,0.002548,0.002563,121301666.0
2025-09-11 06:00:00,0.002561,0.002585,0.002555,0.002585,87375986.0
2025-09-11 07:00:00,0.002585,0.002606,0.002568,0.002591,137305824.0
2025-09-11 08:00:00,0.00259,0.00259,0.002571,0.002579,101362468.0
2025-09-11 09:00:00,0.002578,0.002579,0.002561,0.002567,120237165.0
2025-09-11 10:00:00,0.002566,0.002567,0.002552,0.00256,126902040.0
2025-09-11 11:00:00,0.002561,0.002574,0.002535,0.002536,256311688.0
2025-09-11 12:00:00,0.002535,0.002582,0.002505,0.002551,536919195.0
2025-09-11 13:00:00,0.002552,0.002577,0.00252,0.002575,180149680.0
2025-09-11 14:00:00,0.002575,0.002585,0.002535,0.00257,135699966.0
2025-09-11 15:00:00,0.002569,0.002588,0.002553,0.002558,129197274.0
2025-09-11 16:00:00,0.002558,0.002602,0.002556,0.002595,125930939.0
2025-09-11 17:00:00,0.002596,0.002601,0.002584,0.002588,145206213.0
2025-09-11 18:00:00,0.002588,0.002596,0.002571,0.002584,153690215.0
2025-09-11 19:00:00,0.002585,0.00261,0.00258,0.002604,111626219.0
2025-09-11 20:00:00,0.002604,0.00272,0.002602,0.002716,470793663.0
2025-09-11 21:00:00,0.002716,0.002808,0.002654,0.002751,589399277.0
2025-09-11 22:00:00,0.002751,0.002912,0.002719,0.002839,1058927843.0
2025-09-11 23:00:00,0.00284,0.002848,0.002798,0.002814,573532405.0
2025-09-12 00:00:00,0.002815,0.002824,0.002733,0.002761,816968024.0
2025-09-12 01:00:00,0.002762,0.002766,0.002734,0.002742,196679474.0
2025-09-12 02:00:00,0.002743,0.002765,0.002723,0.002763,180980017.0
2025-09-12 03:00:00,0.002764,0.002778,0.002738,0.002754,175351842.0
2025-09-12 04:00:00,0.002753,0.002755,0.002727,0.002749,157015229.0
2025-09-12 05:00:00,0.00275,0.002752,0.002713,0.002716,250341836.0
2025-09-12 06:00:00,0.002717,0.002721,0.002682,0.002686,243043070.0
2025-09-12 07:00:00,0.002687,0.002696,0.002668,0.002678,174472132.0
2025-09-12 08:00:00,0.002678,0.002678,0.002631,0.002644,270529155.0
2025-09-12 09:00:00,0.002645,0.002663,0.002635,0.002644,124962356.0
2025-09-12 10:00:00,0.002644,0.002662,0.002639,0.002659,139592077.0
2025-09-12 11:00:00,0.002658,0.00268,0.002647,0.002654,157050030.0
2025-09-12 12:00:00,0.002653,0.002671,0.002629,0.00266,248435753.0
2025-09-12 13:00:00,0.00266,0.002674,0.002655,0.00267,88268171.0
2025-09-12 14:00:00,0.002669,0.002681,0.002654,0.002661,155918199.0
2025-09-12 15:00:00,0.002662,0.002665,0.002615,0.002632,160301345.0
2025-09-12 16:00:00,0.002632,0.00268,0.002632,0.002679,185262406.0
2025-09-12 17:00:00,0.002678,0.002719,0.00267,0.002704,261985405.0
2025-09-12 18:00:00,0.002704,0.002722,0.002695,0.002722,139019583.0
2025-09-12 19:00:00,0.002721,0.002722,0.002702,0.00272,135877799.0
2025-09-12 20:00:00,0.002719,0.002737,0.0027,0.002729,206246650.0
2025-09-12 21:00:00,0.00273,0.00273,0.002698,0.002718,175218171.0
2025-09-12 22:00:00,0.002718,0.00276,0.002717,0.002758,162180564.0
2025-09-12 23:00:00,0.002758,0.002758,0.002729,0.002745,206805311.0
2025-09-13 00:00:00,0.002746,0.002755,0.002726,0.002753,84560141.0
2025-09-13 01:00:00,0.002752,0.002841,0.002752,0.002788,292567830.0
2025-09-13 02:00:00,0.002788,0.002816,0.002772,0.002798,143451194.0
2025-09-13 03:00:00,0.002799,0.002808,0.002776,0.002792,113313890.0
2025-09-13 04:00:00,0.002793,0.002814,0.002779,0.002787,96980307.0
2025-09-13 05:00:00,0.002787,0.002791,0.002746,0.002753,177043118.0
2025-09-13 06:00:00,0.002753,0.002784,0.002752,0.00278,116482129.0
2025-09-13 07:00:00,0.00278,0.002787,0.002759,0.002761,126796456.0
2025-09-13 08:00:00,0.002761,0.002797,0.002759,0.002795,102862768.0
2025-09-13 09:00:00,0.002795,0.00285,0.00279,0.002828,214515835.0
2025-09-13 10:00:00,0.002827,0.002845,0.002813,0.002829,146766113.0
2025-09-13 11:00:00,0.002829,0.002855,0.002803,0.002849,227517148.0
2025-09-13 12:00:00,0.00285,0.00285,0.002816,0.002845,185550303.0
2025-09-13 13:00:00,0.002845,0.002878,0.002758,0.002806,465102601.0
2025-09-13 14:00:00,0.002806,0.002817,0.002772,0.0028,281050527.0
2025-09-13 15:00:00,0.0028,0.002821,0.002753,0.002766,229235906.0
2025-09-13 16:00:00,0.002767,0.002787,0.002721,0.002739,265098408.0
2025-09-13 17:00:00,0.00274,0.002745,0.002689,0.002741,212388052.0
2025-09-13 18:00:00,0.00274,0.002753,0.002723,0.00275,59984945.0
2025-09-13 19:00:00,0.002751,0.002753,0.00273,0.002747,69008421.0
2025-09-13 20:00:00,0.002748,0.002771,0.002746,0.002763,55574409.0
2025-09-13 21:00:00,0.002762,0.002777,0.002758,0.002761,47295075.0
2025-09-13 22:00:00,0.002762,0.002773,0.002753,0.00276,18828977.0
2025-09-13 23:00:00,0.002761,0.002787,0.002759,0.002779,44845620.0
2025-09-14 00:00:00,0.002779,0.002782,0.002733,0.002742,63254292.0
2025-09-14 01:00:00,0.002741,0.002756,0.002703,0.002756,62814768.0
2025-09-14 02:00:00,0.002755,0.002772,0.002751,0.002765,75376397.0
2025-09-14 03:00:00,0.002765,0.002772,0.002723,0.002727,32425066.0
2025-09-14 04:00:00,0.002726,0.002734,0.002686,0.002724,78075598.0
2025-09-14 05:00:00,0.002726,0.002761,0.002723,0.002756,38804001.0
2025-09-14 06:00:00,0.002756,0.00276,0.002719,0.00274,66465424.0
2025-09-14 07:00:00,0.00274,0.002741,0.002702,0.002711,108485142.0
2025-09-14 08:00:00,0.002709,0.00273,0.002699,0.002713,102040489.0
2025-09-14 09:00:00,0.002713,0.002725,0.002704,0.002719,45289916.0
2025-09-14 10:00:00,0.002719,0.002721,0.002698,0.002698,147658984.0
2025-09-14 11:00:00,0.002699,0.002703,0.002636,0.00264,256531276.0
2025-09-14 12:00:00,0.002641,0.002658,0.002592,0.002612,180528933.0
2025-09-14 13:00:00,0.002612,0.002628,0.002591,0.002609,169349701.0
2025-09-14 14:00:00,0.00261,0.002635,0.002567,0.002591,183612539.0
2025-09-14 15:00:00,0.00259,0.002597,0.002561,0.002593,102424697.0
2025-09-14 16:00:00,0.002592,0.002618,0.002586,0.002598,69519651.0
2025-09-14 17:00:00,0.002597,0.00264,0.002597,0.002629,95161415.0
2025-09-14 18:00:00,0.002627,0.002627,0.002603,0.002622,35602838.0
2025-09-14 19:00:00,0.002621,0.002636,0.002609,0.002619,33779977.0
2025-09-14 20:00:00,0.002618,0.002641,0.002615,0.002631,62819932.0
2025-09-14 21:00:00,0.002632,0.002656,0.002616,0.002647,59483726.0
2025-09-14 22:00:00,0.002648,0.002661,0.002629,0.002654,100030844.0
2025-09-14 23:00:00,0.002654,0.002655,0.00261,0.002619,87983848.0
2025-09-15 00:00:00,0.002619,0.00264,0.002613,0.002617,80821606.0
2025-09-15 01:00:00,0.002616,0.002629,0.002574,0.002618,88779328.0
2025-09-15 02:00:00,0.002617,0.002641,0.002607,0.002614,71531865.0
2025-09-15 03:00:00,0.002614,0.002647,0.002612,0.002644,73164839.0
2025-09-15 04:00:00,0.002644,0.002657,0.002627,0.002627,91981681.0
2025-09-15 05:00:00,0.002628,0.002657,0.002624,0.002654,97844731.0
2025-09-15 06:00:00,0.002654,0.002656,0.002582,0.002594,102872150.0
2025-09-15 07:00:00,0.002593,0.002624,0.002537,0.002561,244138552.0
2025-09-15 08:00:00,0.00256,0.00256,0.002465,0.002478,530344195.0
2025-09-15 09:00:00,0.002477,0.00254,0.002471,0.002522,733959576.0
2025-09-15 10:00:00,0.002521,0.002524,0.002493,0.002524,234801175.0
2025-09-15 11:00:00,0.002523,0.002528,0.002494,0.002512,93273108.0
2025-09-15 12:00:00,0.002511,0.002526,0.002493,0.002495,82594632.0
2025-09-15 13:00:00,0.002494,0.002535,0.002487,0.002508,104806413.0
2025-09-15 14:00:00,0.002508,0.002519,0.002477,0.002501,301264619.0
2025-09-15 15:00:00,0.002502,0.002515,0.002472,0.002496,146478064.0
2025-09-15 16:00:00,0.002495,0.002507,0.00247,0.002481,79396925.0
2025-09-15 17:00:00,0.002481,0.002515,0.00248,0.002513,70708435.0
2025-09-15 18:00:00,0.002512,0.002545,0.00251,0.002533,72002551.0
2025-09-15 19:00:00,0.002533,0.002561,0.00252,0.00256,69748326.0
2025-09-15 20:00:00,0.002559,0.002591,0.002549,0.002567,65522438.0
2025-09-15 21:00:00,0.002566,0.002576,0.002553,0.002575,30625385.0
2025-09-15 22:00:00,0.002577,0.002591,0.002561,0.002574,48246059.0
2025-09-15 23:00:00,0.002575,0.002582,0.002568,0.002579,22248121.0
2025-09-16 00:00:00,0.00258,0.002588,0.002563,0.002574,41349168.0
2025-09-16 01:00:00,0.002575,0.002586,0.00255,0.002554,27352427.0
2025-09-16 02:00:00,0.002555,0.002572,0.002555,0.002558,18061228.0
2025-09-16 03:00:00,0.002559,0.00258,0.002557,0.002559,17787228.0
2025-09-16 04:00:00,0.00256,0.002562,0.002526,0.002551,31941706.0
2025-09-16 05:00:00,0.002549,0.002562,0.002541,0.00256,25358435.0
2025-09-16 06:00:00,0.002561,0.002676,0.002555,0.002676,533787491.0
2025-09-16 07:00:00,0.002676,0.00272,0.00261,0.002652,1164329992.0
2025-09-16 08:00:00,0.002653,0.0028,0.002636,0.002672,1171167995.0
2025-09-16 09:00:00,0.002671,0.002673,0.002592,0.002598,458459162.0
2025-09-16 10:00:00,0.002599,0.00262,0.002582,0.002594,231517119.0
2025-09-16 11:00:00,0.002595,0.002642,0.002591,0.002626,175551741.0
2025-09-16 12:00:00,0.002626,0.002632,0.002595,0.002616,220966959.0
2025-09-16 13:00:00,0.002617,0.002642,0.002577,0.002605,239942528.0
2025-09-16 14:00:00,0.002606,0.002606,0.002555,0.002601,226984906.0
2025-09-16 15:00:00,0.002602,0.002617,0.00259,0.002615,159115744.0
2025-09-16 16:00:00,0.002614,0.002614,0.002583,0.002591,136603703.0
2025-09-16 17:00:00,0.002591,0.002629,0.002589,0.002615,187985234.0
2025-09-16 18:00:00,0.002616,0.002635,0.002601,0.002615,120227130.0
2025-09-16 19:00:00,0.002614,0.00268,0.002612,0.002654,230934110.0
2025-09-16 20:00:00,0.002654,0.002665,0.00264,0.002645,98736003.0
2025-09-16 21:00:00,0.002644,0.002661,0.002634,0.002655,88572294.0
2025-09-16 22:00:00,0.002656,0.002669,0.002645,0.002657,67115767.0
2025-09-16 23:00:00,0.002656,0.002669,0.00265,0.002661,76347453.0
2025-09-17 00:00:00,0.002662,0.002683,0.002649,0.002664,171797391.0
2025-09-17 01:00:00,0.002663,0.002694,0.002663,0.002692,101578554.0
2025-09-17 02:00:00,0.00269,0.002723,0.002675,0.002704,259463749.0
2025-09-17 03:00:00,0.002705,0.002713,0.002662,0.00267,249894682.0
2025-09-17 04:00:00,0.00267,0.002682,0.002625,0.002632,212594541.0
2025-09-17 05:00:00,0.002632,0.002667,0.002625,0.002667,174253880.0
2025-09-17 06:00:00,0.002668,0.002685,0.002655,0.002672,124204739.0
2025-09-17 07:00:00,0.002672,0.002672,0.002633,0.002638,106238881.0
2025-09-17 08:00:00,0.002639,0.002643,0.002601,0.002617,150721006.0
2025-09-17 09:00:00,0.002617,0.002624,0.002601,0.002603,57032993.0
2025-09-17 10:00:00,0.002604,0.002615,0.002586,0.002596,112616240.0
2025-09-17 11:00:00,0.002596,0.002621,0.002596,0.002616,80610001.0
2025-09-17 12:00:00,0.002617,0.002635,0.002604,0.00262,86281758.0
2025-09-17 13:00:00,0.002621,0.002647,0.002612,0.002631,149870084.0
2025-09-17 14:00:00,0.00263,0.002644,0.002612,0.002624,107814393.0
2025-09-17 15:00:00,0.002624,0.002638,0.002609,0.002613,74671513.0
2025-09-17 16:00:00,0.002614,0.002631,0.00258,0.00262,143014719.0
2025-09-17 17:00:00,0.00262,0.002652,0.002583,0.002597,237227553.0
2025-09-17 18:00:00,0.002594,0.002678,0.00259,0.002639,650592139.0
2025-09-17 19:00:00,0.00264,0.002705,0.002636,0.002698,284421615.0
2025-09-17 20:00:00,0.002697,0.002714,0.002652,0.002656,179699549.0
2025-09-17 21:00:00,0.002657,0.002734,0.002633,0.002727,115280732.0
2025-09-17 22:00:00,0.002728,0.002774,0.002727,0.002765,168480164.0
2025-09-17 23:00:00,0.002766,0.002776,0.002723,0.002733,197740569.0
2025-09-18 00:00:00,0.002733,0.002758,0.002722,0.002729,151948745.0
2025-09-18 01:00:00,0.00273,0.002753,0.002725,0.002742,95699143.0
2025-09-18 02:00:00,0.002742,0.002761,0.002733,0.002761,87001728.0
2025-09-18 03:00:00,0.002761,0.002777,0.002748,0.002761,104031586.0
2025-09-18 04:00:00,0.002761,0.002763,0.002741,0.002747,89518176.0
2025-09-18 05:00:00,0.002747,0.002748,0.002705,0.002718,123120094.0
2025-09-18 06:00:00,0.002718,0.002722,0.002674,0.002691,197106676.0
2025-09-18 07:00:00,0.002692,0.00271,0.002686,0.002697,69534284.0
2025-09-18 08:00:00,0.002697,0.002742,0.002697,0.002728,159056239.0
2025-09-18 09:00:00,0.002728,0.002731,0.002713,0.002722,72970338.0
2025-09-18 10:00:00,0.002723,0.002737,0.0027,0.002704,160976252.0
2025-09-18 11:00:00,0.002705,0.002714,0.002696,0.002705,73240104.0
2025-09-18 12:00:00,0.002705,0.002738,0.002701,0.002723,92567487.0
2025-09-18 13:00:00,0.002722,0.002747,0.002707,0.002731,142789820.0
2025-09-18 14:00:00,0.002732,0.002745,0.002716,0.002724,111665742.0
2025-09-18 15:00:00,0.002723,0.002733,0.002713,0.002727,101876282.0
2025-09-18 16:00:00,0.002727,0.002744,0.002719,0.002723,104165612.0
2025-09-18 17:00:00,0.002723,0.002755,0.00272,0.002733,105109699.0
2025-09-18 18:00:00,0.002734,0.002742,0.002726,0.002735,60152075.0
2025-09-18 19:00:00,0.002735,0.002735,0.002683,0.002704,82606558.0
2025-09-18 20:00:00,0.002704,0.002711,0.002696,0.002702,63430460.0
2025-09-18 21:00:00,0.002701,0.002707,0.002683,0.002695,100383444.0
2025-09-18 22:00:00,0.002694,0.002702,0.002673,0.002679,76018399.0
2025-09-18 23:00:00,0.00268,0.00269,0.002661,0.002685,67415640.0
2025-09-19 00:00:00,0.002686,0.002718,0.002686,0.002717,78234239.0
2025-09-19 01:00:00,0.002718,0.002724,0.002687,0.002699,66950015.0
2025-09-19 02:00:00,0.002698,0.002707,0.002679,0.002686,72437785.0
2025-09-19 03:00:00,0.002687,0.002704,0.002643,0.002646,190057415.0
2025-09-19 04:00:00,0.002646,0.002664,0.002615,0.002662,112408035.0
2025-09-19 05:00:00,0.002661,0.002667,0.002637,0.002658,69091223.0
2025-09-19 06:00:00,0.002657,0.002674,0.002648,0.002648,91354948.0
2025-09-19 07:00:00,0.002649,0.002676,0.002643,0.002658,134355740.0
2025-09-19 08:00:00,0.002657,0.002677,0.002649,0.002652,77848947.0
2025-09-19 09:00:00,0.002654,0.002674,0.002624,0.002637,102287949.0
2025-09-19 10:00:00,0.002636,0.002646,0.00262,0.002628,84243610.0
2025-09-19 11:00:00,0.002629,0.002629,0.002593,0.002602,142117635.0
2025-09-19 12:00:00,0.002602,0.002617,0.002586,0.002597,95886514.0
2025-09-19 13:00:00,0.002597,0.002622,0.002595,0.002613,106959770.0
2025-09-19 14:00:00,0.002612,0.002621,0.002558,0.002575,151052023.0
2025-09-19 15:00:00,0.002574,0.002578,0.002533,0.002566,159321325.0
2025-09-19 16:00:00,0.002566,0.002586,0.002559,0.002576,44495225.0
2025-09-19 17:00:00,0.002576,0.002576,0.002555,0.00256,47242477.0
2025-09-19 18:00:00,0.002559,0.002574,0.002542,0.002564,60949411.0
2025-09-19 19:00:00,0.002563,0.002575,0.002557,0.002557,54331717.0
2025-09-19 20:00:00,0.002557,0.002576,0.002556,0.002564,45501072.0
2025-09-19 21:00:00,0.002564,0.002575,0.002554,0.002573,38471843.0
2025-09-19 22:00:00,0.002574,0.002577,0.002565,0.002566,19361639.0
2025-09-19 23:00:00,0.002566,0.002568,0.002529,0.002554,94903776.0
2025-09-20 00:00:00,0.002553,0.002566,0.002542,0.002564,55385377.0
2025-09-20 01:00:00,0.002565,0.002568,0.002544,0.002558,193458285.0
2025-09-20 02:00:00,0.002557,0.002582,0.002536,0.002581,66059935.0
2025-09-20 03:00:00,0.002581,0.002589,0.002565,0.002581,96633449.0
2025-09-20 04:00:00,0.00258,0.002606,0.002569,0.0026,51726323.0
2025-09-20 05:00:00,0.002599,0.002617,0.002599,0.002602,33155567.0
2025-09-20 06:00:00,0.002602,0.002606,0.00259,0.002595,36624905.0
2025-09-20 07:00:00,0.002595,0.002609,0.002592,0.002607,76520480.0
2025-09-20 08:00:00,0.002608,0.002611,0.002589,0.00259,70006093.0
2025-09-20 09:00:00,0.002591,0.002601,0.002572,0.002583,103857316.0
2025-09-20 10:00:00,0.002583,0.002592,0.00257,0.002572,63030622.0
2025-09-20 11:00:00,0.002571,0.00259,0.002561,0.002589,90869853.0
2025-09-20 12:00:00,0.002588,0.002591,0.002582,0.002588,51190852.0
2025-09-20 13:00:00,0.002588,0.002595,0.002579,0.002581,52394226.0
2025-09-20 14:00:00,0.002582,0.002643,0.002574,0.002637,159943378.0
2025-09-20 15:00:00,0.002637,0.002649,0.002619,0.002625,103171764.0
2025-09-20 16:00:00,0.002626,0.002637,0.002612,0.002627,69222982.0
2025-09-20 17:00:00,0.002627,0.002635,0.00261,0.002624,71042146.0
2025-09-20 18:00:00,0.002623,0.002624,0.0026,0.002605,60221429.0
2025-09-20 19:00:00,0.002605,0.002618,0.002596,0.002606,35779923.0
2025-09-20 20:00:00,0.002605,0.002654,0.002602,0.002638,135138530.0
2025-09-20 21:00:00,0.002638,0.002673,0.002637,0.002648,79600564.0
2025-09-20 22:00:00,0.002649,0.002666,0.002641,0.002654,71480621.0
2025-09-20 23:00:00,0.002653,0.00266,0.002635,0.002642,74134974.0
2025-09-21 00:00:00,0.002641,0.002657,0.002628,0.002652,53331703.0
2025-09-21 01:00:00,0.002653,0.002688,0.002652,0.002688,154535760.0
2025-09-21 02:00:00,0.002688,0.002796,0.002678,0.002759,401448763.0
2025-09-21 03:00:00,0.00276,0.002793,0.00271,0.002723,290911030.0
2025-09-21 04:00:00,0.002724,0.002749,0.002701,0.002743,84764263.0
2025-09-21 05:00:00,0.002743,0.002761,0.00271,0.002757,114574519.0
2025-09-21 06:00:00,0.002756,0.002763,0.002732,0.002749,173188391.0
2025-09-21 07:00:00,0.002749,0.002761,0.002721,0.002726,177500801.0
2025-09-21 08:00:00,0.002727,0.002739,0.002713,0.002717,143791033.0
2025-09-21 09:00:00,0.002718,0.002741,0.002657,0.002676,288046922.0
2025-09-21 10:00:00,0.002675,0.00269,0.00266,0.00267,41377038.0
2025-09-21 11:00:00,0.002669,0.002685,0.002655,0.002664,42982303.0
2025-09-21 12:00:00,0.002664,0.0027,0.002629,0.002629,136788963.0
2025-09-21 13:00:00,0.002628,0.00265,0.002627,0.002645,125464487.0
2025-09-21 14:00:00,0.002644,0.002668,0.002643,0.00265,108698688.0
2025-09-21 15:00:00,0.00265,0.002678,0.002644,0.00265,105001171.0
2025-09-21 16:00:00,0.00265,0.00268,0.002641,0.00266,151859915.0
2025-09-21 17:00:00,0.002661,0.002691,0.002631,0.002688,152710177.0
2025-09-21 18:00:00,0.002689,0.002738,0.002683,0.002735,139191837.0
2025-09-21 19:00:00,0.002734,0.002775,0.002707,0.002769,230945737.0
2025-09-21 20:00:00,0.00277,0.002781,0.00271,0.002731,143054700.0
2025-09-21 21:00:00,0.002732,0.002739,0.002704,0.002708,36539043.0
2025-09-21 22:00:00,0.002709,0.00272,0.002679,0.002717,80015430.0
2025-09-21 23:00:00,0.002717,0.002717,0.00267,0.002685,99638719.0
2025-09-22 00:00:00,0.002685,0.002712,0.002552,0.002552,619088945.0
2025-09-22 01:00:00,0.002552,0.002581,0.002529,0.002539,324141591.0
2025-09-22 02:00:00,0.00254,0.002553,0.002461,0.002479,360744755.0
2025-09-22 03:00:00,0.002479,0.002517,0.002479,0.002486,182200873.0
2025-09-22 04:00:00,0.002485,0.00252,0.00247,0.002501,221998641.0
2025-09-22 05:00:00,0.002501,0.002506,0.002415,0.002421,290523267.0
2025-09-22 06:00:00,0.002419,0.002424,0.002147,0.002337,1466742592.0
2025-09-22 07:00:00,0.002337,0.00238,0.002321,0.002348,416114437.0
2025-09-22 08:00:00,0.002348,0.002382,0.002336,0.002355,184340449.0
2025-09-22 09:00:00,0.002356,0.002356,0.002312,0.002318,178739346.0
2025-09-22 10:00:00,0.002318,0.002356,0.002308,0.002346,177688526.0
2025-09-22 11:00:00,0.002345,0.002348,0.00231,0.002319,104389747.0
2025-09-22 12:00:00,0.002323,0.002341,0.002313,0.002328,139550090.0
2025-09-22 13:00:00,0.002326,0.002355,0.00231,0.002338,109718015.0
2025-09-22 14:00:00,0.002338,0.002344,0.002297,0.002304,301289150.0
2025-09-22 15:00:00,0.002303,0.002308,0.002275,0.002284,202277144.0
2025-09-22 16:00:00,0.002284,0.002301,0.002232,0.00227,648371620.0
2025-09-22 17:00:00,0.002271,0.002278,0.002247,0.002255,137461538.0
2025-09-22 18:00:00,0.002255,0.002282,0.002248,0.00226,79020768.0
2025-09-22 19:00:00,0.002261,0.002267,0.002232,0.002245,151417310.0
2025-09-22 20:00:00,0.002244,0.002287,0.002239,0.002277,67180048.0
2025-09-22 21:00:00,0.002277,0.002326,0.002269,0.002296,116318718.0
2025-09-22 22:00:00,0.002295,0.002309,0.002273,0.002283,235301585.0
2025-09-22 23:00:00,0.002283,0.002296,0.002283,0.002292,46068492.0
2025-09-23 00:00:00,0.002291,0.002307,0.002282,0.002287,111318919.0
2025-09-23 01:00:00,0.002288,0.002309,0.002276,0.002283,238005090.0
2025-09-23 02:00:00,0.002282,0.002302,0.002269,0.002281,119362627.0
2025-09-23 03:00:00,0.002282,0.002331,0.002258,0.002315,297431518.0
2025-09-23 04:00:00,0.002315,0.002341,0.002302,0.002327,202559690.0
2025-09-23 05:00:00,0.002328,0.00238,0.002319,0.002345,201759072.0
2025-09-23 06:00:00,0.002344,0.00235,0.002319,0.002341,212493745.0
2025-09-23 07:00:00,0.00234,0.002343,0.002311,0.002313,86958033.0
2025-09-23 08:00:00,0.002314,0.002353,0.002308,0.002352,212716606.0
2025-09-23 09:00:00,0.002352,0.002353,0.002331,0.00234,146794123.0
2025-09-23 10:00:00,0.002339,0.002444,0.002337,0.002421,396756279.0
2025-09-23 11:00:00,0.002422,0.002432,0.002379,0.002381,287545971.0
2025-09-23 12:00:00,0.00238,0.002402,0.002365,0.002392,159910771.0
2025-09-23 13:00:00,0.002392,0.002438,0.002385,0.002423,175194498.0
2025-09-23 14:00:00,0.002425,0.002493,0.00239,0.002457,951689311.0
2025-09-23 15:00:00,0.002457,0.002477,0.00241,0.002422,487337250.0
2025-09-23 16:00:00,0.002423,0.002434,0.002394,0.002426,203415104.0
2025-09-23 17:00:00,0.002426,0.002426,0.002386,0.002395,209100372.0
2025-09-23 18:00:00,0.002395,0.002411,0.002367,0.002371,139178404.0
2025-09-23 19:00:00,0.002371,0.002396,0.002351,0.00236,101116041.0
2025-09-23 20:00:00,0.00236,0.002377,0.002348,0.002369,76160530.0
2025-09-23 21:00:00,0.002369,0.002385,0.002348,0.00237,97184737.0
2025-09-23 22:00:00,0.002369,0.002383,0.002362,0.002371,43535554.0
2025-09-23 23:00:00,0.00237,0.002378,0.002342,0.002352,76689137.0
2025-09-24 00:00:00,0.002352,0.002394,0.002352,0.002381,79177181.0
2025-09-24 01:00:00,0.002382,0.002428,0.002376,0.002423,121483520.0
2025-09-24 02:00:00,0.002422,0.002422,0.002393,0.0024,111919950.0
2025-09-24 03:00:00,0.002401,0.002409,0.002342,0.002351,155878481.0
2025-09-24 04:00:00,0.00235,0.002373,0.002309,0.002348,290479311.0
2025-09-24 05:00:00,0.002349,0.002387,0.002346,0.002386,60758758.0
2025-09-24 06:00:00,0.002385,0.002387,0.002362,0.002378,113266893.0
2025-09-24 07:00:00,0.002378,0.002395,0.002369,0.002375,161240181.0
2025-09-24 08:00:00,0.002375,0.00238,0.002363,0.002369,57672508.0
2025-09-24 09:00:00,0.002369,0.002376,0.002361,0.002371,37422293.0
2025-09-24 10:00:00,0.002371,0.002371,0.002344,0.002352,91820746.0
2025-09-24 11:00:00,0.002352,0.00237,0.002349,0.002362,100635270.0
2025-09-24 12:00:00,0.002362,0.002381,0.002356,0.002381,43020593.0
2025-09-24 13:00:00,0.002381,0.00241,0.002381,0.002392,270803860.0
2025-09-24 14:00:00,0.002391,0.002426,0.002385,0.002412,73384800.0
2025-09-24 15:00:00,0.002412,0.002418,0.002391,0.002392,109347296.0
2025-09-24 16:00:00,0.002393,0.002399,0.002383,0.00239,140404291.0
2025-09-24 17:00:00,0.002391,0.0024,0.002382,0.00239,33141212.0
2025-09-24 18:00:00,0.002391,0.002402,0.002385,0.002392,59380857.0
2025-09-24 19:00:00,0.002393,0.002403,0.002383,0.00239,42156467.0
2025-09-24 20:00:00,0.00239,0.002395,0.00237,0.002388,22169331.0
2025-09-24 21:00:00,0.002388,0.002389,0.002339,0.002345,40193236.0
2025-09-24 22:00:00,0.002344,0.002367,0.00234,0.002348,25923007.0
2025-09-24 23:00:00,0.002348,0.002353,0.002339,0.002351,26050980.0
2025-09-25 00:00:00,0.00235,0.002355,0.002322,0.002328,38922533.0
2025-09-25 01:00:00,0.002327,0.002334,0.002307,0.002316,127312271.0
2025-09-25 02:00:00,0.002315,0.002354,0.002297,0.002336,85807978.0
2025-09-25 03:00:00,0.002335,0.002335,0.002281,0.002303,106146313.0
2025-09-25 04:00:00,0.002302,0.002318,0.002249,0.002271,141957278.0
2025-09-25 05:00:00,0.00227,0.0023,0.002255,0.00228,31816057.0
2025-09-25 06:00:00,0.002279,0.002283,0.00224,0.002241,93534420.0
2025-09-25 07:00:00,0.002242,0.002276,0.00224,0.00226,98466857.0
2025-09-25 08:00:00,0.00226,0.002281,0.002251,0.002265,99279167.0
2025-09-25 09:00:00,0.002264,0.002282,0.00225,0.002252,147882496.0
2025-09-25 10:00:00,0.002252,0.002281,0.002249,0.002257,48625276.0
2025-09-25 11:00:00,0.002257,0.002266,0.002234,0.002246,131311676.0
2025-09-25 12:00:00,0.002245,0.002259,0.002177,0.002227,434060160.0
2025-09-25 13:00:00,0.002227,0.002256,0.002211,0.002233,231786045.0
2025-09-25 14:00:00,0.002233,0.002278,0.002233,0.002262,163555646.0
2025-09-25 15:00:00,0.002263,0.002273,0.002248,0.002271,119075627.0
2025-09-25 16:00:00,0.002271,0.002279,0.00221,0.002212,335966421.0
2025-09-25 17:00:00,0.002211,0.002217,0.00213,0.00215,444380885.0
2025-09-25 18:00:00,0.002151,0.002215,0.002143,0.002213,202630024.0
2025-09-25 19:00:00,0.002213,0.002227,0.002188,0.002194,111268710.0
2025-09-25 20:00:00,0.002195,0.002197,0.00216,0.002168,101111335.0
2025-09-25 21:00:00,0.002168,0.002199,0.00216,0.002187,122478002.0
2025-09-25 22:00:00,0.002185,0.002199,0.002162,0.002169,100365692.0
2025-09-25 23:00:00,0.002169,0.002184,0.002129,0.002151,140661871.0
2025-09-26 00:00:00,0.002153,0.002192,0.00215,0.002189,117857695.0
2025-09-26 01:00:00,0.002188,0.002195,0.002175,0.002186,119005312.0
2025-09-26 02:00:00,0.002186,0.002205,0.002177,0.002193,63932735.0
2025-09-26 03:00:00,0.002193,0.002206,0.002183,0.002202,59738186.0
2025-09-26 04:00:00,0.002201,0.002207,0.00218,0.002183,60104571.0
2025-09-26 05:00:00,0.002183,0.002213,0.002183,0.002191,60721606.0
2025-09-26 06:00:00,0.002191,0.00221,0.002179,0.002186,96914656.0
2025-09-26 07:00:00,0.002187,0.002209,0.002183,0.002204,101651793.0
2025-09-26 08:00:00,0.002205,0.002217,0.002201,0.002203,76628624.0
2025-09-26 09:00:00,0.002202,0.002209,0.002169,0.002179,75979399.0
2025-09-26 10:00:00,0.00218,0.00218,0.002147,0.002157,104092294.0
2025-09-26 11:00:00,0.002156,0.00218,0.002142,0.002165,85636980.0
2025-09-26 12:00:00,0.002166,0.002208,0.002137,0.002196,267025914.0
2025-09-26 13:00:00,0.002197,0.002266,0.002182,0.002262,296398630.0
2025-09-26 14:00:00,0.002263,0.002334,0.002246,0.002313,629382912.0
2025-09-26 15:00:00,0.002314,0.00235,0.002279,0.002303,425310461.0
2025-09-26 16:00:00,0.002302,0.002334,0.002288,0.002309,265649455.0
2025-09-26 17:00:00,0.002307,0.002338,0.002302,0.002331,130174014.0
2025-09-26 18:00:00,0.002331,0.002345,0.002322,0.002334,92347906.0
2025-09-26 19:00:00,0.002334,0.002336,0.00231,0.002325,105718788.0
2025-09-26 20:00:00,0.002326,0.002439,0.002321,0.002376,613572332.0
2025-09-26 21:00:00,0.002375,0.002402,0.002367,0.002377,140027277.0
2025-09-26 22:00:00,0.002382,0.002401,0.002375,0.002381,63709539.0
2025-09-26 23:00:00,0.002381,0.002407,0.002369,0.002396,90271433.0
2025-09-27 00:00:00,0.002397,0.002402,0.002371,0.0024,49729586.0
2025-09-27 01:00:00,0.002399,0.002414,0.002383,0.002391,57772001.0
2025-09-27 02:00:00,0.00239,0.002402,0.002377,0.002383,45509606.0
2025-09-27 03:00:00,0.002383,0.002395,0.002368,0.00237,33916343.0
2025-09-27 04:00:00,0.002369,0.002387,0.00235,0.002352,111965110.0
2025-09-27 05:00:00,0.002352,0.002367,0.00234,0.002352,68423083.0
2025-09-27 06:00:00,0.002352,0.002364,0.002349,0.002362,45556466.0
2025-09-27 07:00:00,0.002361,0.00237,0.002323,0.002331,177081638.0
2025-09-27 08:00:00,0.002331,0.002338,0.002307,0.002308,75685479.0
2025-09-27 09:00:00,0.002309,0.002325,0.002298,0.002323,102737355.0
2025-09-27 10:00:00,0.002323,0.002356,0.002318,0.002353,111181108.0
2025-09-27 11:00:00,0.002354,0.002354,0.002325,0.00233,107020602.0
2025-09-27 12:00:00,0.00233,0.002349,0.002316,0.002343,96298949.0
2025-09-27 13:00:00,0.002342,0.002345,0.002318,0.002325,42876849.0
2025-09-27 14:00:00,0.002325,0.002347,0.002325,0.002343,72262724.0
2025-09-27 15:00:00,0.002342,0.002413,0.002333,0.002409,124609019.0
2025-09-27 16:00:00,0.00241,0.00243,0.002369,0.002369,161278051.0
2025-09-27 17:00:00,0.002371,0.002379,0.00234,0.002364,118495208.0
2025-09-27 18:00:00,0.002364,0.002365,0.002331,0.002347,48884539.0
2025-09-27 19:00:00,0.002347,0.002349,0.002336,0.002343,27071634.0
2025-09-27 20:00:00,0.002343,0.002357,0.002334,0.002339,69312883.0
2025-09-27 21:00:00,0.002339,0.002366,0.002338,0.002365,34460846.0
2025-09-27 22:00:00,0.002365,0.002381,0.002361,0.002362,29181049.0
2025-09-27 23:00:00,0.002361,0.002366,0.002349,0.002354,13878109.0
2025-09-28 00:00:00,0.002354,0.002356,0.002324,0.002336,45299932.0
2025-09-28 01:00:00,0.002335,0.002339,0.002292,0.002303,66772118.0
2025-09-28 02:00:00,0.002302,0.002329,0.002302,0.002327,55567697.0
2025-09-28 03:00:00,0.002328,0.002339,0.00232,0.002333,49362779.0
2025-09-28 04:00:00,0.002333,0.002333,0.002315,0.002323,48263148.0
2025-09-28 05:00:00,0.002323,0.002343,0.002316,0.00233,39451387.0
2025-09-28 06:00:00,0.002329,0.002331,0.0023,0.002319,100372487.0
2025-09-28 07:00:00,0.002319,0.002319,0.002295,0.002299,64872702.0
2025-09-28 08:00:00,0.002299,0.002305,0.002281,0.002292,78371663.0
2025-09-28 09:00:00,0.002292,0.002304,0.002276,0.002296,92966585.0
2025-09-28 10:00:00,0.002296,0.002305,0.00228,0.002301,58855639.0
2025-09-28 11:00:00,0.002301,0.00231,0.002284,0.002298,65138097.0
2025-09-28 12:00:00,0.002299,0.0023,0.002275,0.002286,30361604.0
2025-09-28 13:00:00,0.002287,0.002331,0.002284,0.002322,72302363.0
2025-09-28 14:00:00,0.002321,0.002334,0.002316,0.002324,18458090.0
2025-09-28 15:00:00,0.002324,0.002329,0.002316,0.002328,52069734.0
2025-09-28 16:00:00,0.002327,0.002346,0.002327,0.002339,69340218.0
2025-09-28 17:00:00,0.002339,0.002371,0.002337,0.002361,68106434.0
2025-09-28 18:00:00,0.002361,0.002372,0.002355,0.002367,28010183.0
2025-09-28 19:00:00,0.002368,0.00237,0.002353,0.00236,37879929.0
2025-09-28 20:00:00,0.00236,0.002387,0.002358,0.002367,82604253.0
2025-09-28 21:00:00,0.002367,0.002383,0.002363,0.00238,47038978.0
2025-09-28 22:00:00,0.00238,0.002438,0.00238,0.002422,99378300.0
2025-09-28 23:00:00,0.002423,0.002426,0.002407,0.002418,43742161.0
2025-09-29 00:00:00,0.002417,0.002422,0.002393,0.002399,88275435.0
2025-09-29 01:00:00,0.0024,0.002404,0.002387,0.002387,25259325.0
2025-09-29 02:00:00,0.002388,0.002414,0.002387,0.002412,47964928.0
2025-09-29 03:00:00,0.002412,0.002414,0.0024,0.002404,26524131.0
2025-09-29 04:00:00,0.002405,0.002407,0.00239,0.002396,62175886.0
2025-09-29 05:00:00,0.002396,0.00241,0.002381,0.002406,52076016.0
2025-09-29 06:00:00,0.002407,0.002422,0.002393,0.002393,49696259.0
2025-09-29 07:00:00,0.002393,0.002406,0.002391,0.002398,29569474.0
2025-09-29 08:00:00,0.002398,0.002415,0.002392,0.00241,41102427.0
2025-09-29 09:00:00,0.002409,0.002417,0.00239,0.002393,50518687.0
2025-09-29 10:00:00,0.002392,0.002402,0.002375,0.002375,45089515.0
2025-09-29 11:00:00,0.002375,0.002375,0.002353,0.002366,51563014.0
2025-09-29 12:00:00,0.002365,0.002378,0.002329,0.002331,100288960.0
2025-09-29 13:00:00,0.00233,0.002388,0.002317,0.002378,165008444.0
2025-09-29 14:00:00,0.002379,0.002403,0.002374,0.002394,103821008.0
2025-09-29 15:00:00,0.002395,0.002408,0.002355,0.00236,78584789.0
2025-09-29 16:00:00,0.00236,0.002379,0.002331,0.002335,84465393.0
2025-09-29 17:00:00,0.002333,0.002353,0.002321,0.002347,83503764.0
2025-09-29 18:00:00,0.002346,0.00235,0.002334,0.002343,41348640.0
2025-09-29 19:00:00,0.002344,0.002376,0.00234,0.002373,27472847.0
2025-09-29 20:00:00,0.002374,0.002406,0.002371,0.002403,41977471.0
2025-09-29 21:00:00,0.002404,0.002409,0.002391,0.002396,98850565.0
2025-09-29 22:00:00,0.002396,0.002397,0.002377,0.002377,31383651.0
2025-09-29 23:00:00,0.002377,0.002377,0.002362,0.002366,23792858.0
2025-09-30 00:00:00,0.002367,0.002375,0.00234,0.002345,96695740.0
2025-09-30 01:00:00,0.002344,0.002362,0.002324,0.002339,43878984.0
2025-09-30 02:00:00,0.002339,0.002352,0.002331,0.002331,40672886.0
2025-09-30 03:00:00,0.002331,0.002349,0.002327,0.002332,64951774.0
2025-09-30 04:00:00,0.002334,0.002358,0.00233,0.002337,29094224.0
2025-09-30 05:00:00,0.002338,0.002371,0.002336,0.002366,203242799.0
2025-09-30 06:00:00,0.002365,0.002372,0.002351,0.002351,27419309.0
2025-09-30 07:00:00,0.002351,0.002362,0.002335,0.002346,16160985.0
2025-09-30 08:00:00,0.002345,0.002354,0.002337,0.002337,62295368.0
2025-09-30 09:00:00,0.002336,0.002342,0.002322,0.002326,62792822.0
2025-09-30 10:00:00,0.002327,0.00234,0.002321,0.00233,16854568.0
2025-09-30 11:00:00,0.002329,0.002329,0.002302,0.002319,48907958.0
2025-09-30 12:00:00,0.002318,0.002323,0.002309,0.002314,33103193.0
2025-09-30 13:00:00,0.002314,0.002353,0.002309,0.002335,71244060.0
2025-09-30 14:00:00,0.002336,0.002344,0.002326,0.002344,32447663.0
2025-09-30 15:00:00,0.002343,0.002363,0.002325,0.002352,137122068.0
2025-09-30 16:00:00,0.002352,0.002352,0.002314,0.002325,89929633.0
2025-09-30 17:00:00,0.002324,0.002424,0.00232,0.002361,166908603.0
2025-09-30 18:00:00,0.002361,0.002373,0.002348,0.002363,63756573.0
2025-09-30 19:00:00,0.002363,0.002397,0.002358,0.002391,57897264.0
2025-09-30 20:00:00,0.002391,0.00242,0.002391,0.002411,90510123.0
2025-09-30 21:00:00,0.002412,0.00242,0.002392,0.002393,66339985.0
2025-09-30 22:00:00,0.002393,0.002411,0.002379,0.002385,42484526.0
2025-09-30 23:00:00,0.002384,0.002401,0.002374,0.002396,49794100.0
2025-10-01 00:00:00,0.002397,0.002404,0.002374,0.002383,42212472.0
2025-10-01 01:00:00,0.002383,0.002411,0.002378,0.002411,27695994.0
2025-10-01 02:00:00,0.002411,0.00242,0.002404,0.002407,47773414.0
2025-10-01 03:00:00,0.002406,0.002409,0.00236,0.002361,48166483.0
2025-10-01 04:00:00,0.002361,0.002391,0.002361,0.002379,34795337.0
2025-10-01 05:00:00,0.002379,0.002406,0.002379,0.002394,40952020.0
2025-10-01 06:00:00,0.002394,0.0024,0.002367,0.002373,48614595.0
2025-10-01 07:00:00,0.002372,0.002393,0.002366,0.002382,17469440.0
2025-10-01 08:00:00,0.002381,0.00249,0.002379,0.002485,189334940.0
2025-10-01 09:00:00,0.002486,0.00249,0.002463,0.002473,102401662.0
2025-10-01 10:00:00,0.002473,0.002474,0.002438,0.002439,64241711.0
2025-10-01 11:00:00,0.002441,0.00245,0.00243,0.002433,84528163.0
2025-10-01 12:00:00,0.002434,0.002444,0.002423,0.002426,45627907.0
2025-10-01 13:00:00,0.002426,0.002456,0.002426,0.002439,101006261.0
2025-10-01 14:00:00,0.00244,0.002458,0.002429,0.00244,57953785.0
2025-10-01 15:00:00,0.00244,0.002461,0.002439,0.002444,62003234.0
2025-10-01 16:00:00,0.002444,0.002449,0.002432,0.002442,71232318.0
2025-10-01 17:00:00,0.002441,0.002457,0.002436,0.002441,52473051.0
2025-10-01 18:00:00,0.002441,0.002461,0.002439,0.002456,35467422.0
2025-10-01 19:00:00,0.002456,0.002475,0.002453,0.002462,48196215.0
2025-10-01 20:00:00,0.002461,0.002464,0.002449,0.002451,61760573.0
2025-10-01 21:00:00,0.002451,0.00246,0.002444,0.00245,30648993.0
2025-10-01 22:00:00,0.00245,0.002458,0.002434,0.002438,28339044.0
2025-10-01 23:00:00,0.002438,0.002448,0.002429,0.002445,23275665.0
2025-10-02 00:00:00,0.002446,0.00246,0.002437,0.00244,53400722.0
2025-10-02 01:00:00,0.00244,0.00248,0.002435,0.002479,38160028.0
2025-10-02 02:00:00,0.002479,0.002483,0.002456,0.002469,59266342.0
2025-10-02 03:00:00,0.002469,0.002473,0.002457,0.00246,83109891.0
2025-10-02 04:00:00,0.00246,0.002482,0.002455,0.002478,55850797.0
2025-10-02 05:00:00,0.002479,0.002501,0.002479,0.002494,91154337.0
2025-10-02 06:00:00,0.002494,0.00252,0.002493,0.002506,76012423.0
2025-10-02 07:00:00,0.002507,0.002511,0.002479,0.002484,77456863.0
2025-10-02 08:00:00,0.002485,0.002509,0.002485,0.0025,40640884.0
2025-10-02 09:00:00,0.0025,0.002522,0.002494,0.002516,41199505.0
2025-10-02 10:00:00,0.002516,0.002533,0.002508,0.002521,133263400.0
2025-10-02 11:00:00,0.002519,0.002519,0.0025,0.002504,36394447.0
2025-10-02 12:00:00,0.002504,0.002526,0.002491,0.002518,62108745.0
2025-10-02 13:00:00,0.002517,0.002517,0.002485,0.002495,57392810.0
2025-10-02 14:00:00,0.002495,0.002497,0.002428,0.002453,120095425.0
2025-10-02 15:00:00,0.002454,0.00248,0.002429,0.002479,109914332.0
2025-10-02 16:00:00,0.002478,0.002526,0.002474,0.002497,109596154.0
2025-10-02 17:00:00,0.002497,0.002545,0.00249,0.002538,99937432.0
2025-10-02 18:00:00,0.002539,0.002556,0.002537,0.002543,93246082.0
2025-10-02 19:00:00,0.002543,0.00262,0.002542,0.002602,190398988.0
2025-10-02 20:00:00,0.002603,0.002619,0.002579,0.002605,118730152.0
2025-10-02 21:00:00,0.002606,0.002614,0.002592,0.002601,66448247.0
2025-10-02 22:00:00,0.0026,0.002606,0.002578,0.002585,59066531.0
2025-10-02 23:00:00,0.002585,0.0026,0.002581,0.002597,50097215.0
2025-10-03 00:00:00,0.002597,0.002597,0.002548,0.002559,112155080.0
2025-10-03 01:00:00,0.002559,0.002572,0.002527,0.002528,72683638.0
2025-10-03 02:00:00,0.002528,0.00254,0.002518,0.002535,48154272.0
2025-10-03 03:00:00,0.002533,0.002572,0.002531,0.002536,94242575.0
2025-10-03 04:00:00,0.002536,0.002579,0.002534,0.002555,48426401.0
2025-10-03 05:00:00,0.002556,0.002557,0.002512,0.002527,57891034.0
2025-10-03 06:00:00,0.002528,0.002543,0.002501,0.002516,37752312.0
2025-10-03 07:00:00,0.002518,0.002518,0.002486,0.002504,62603500.0
2025-10-03 08:00:00,0.002505,0.002506,0.002478,0.002504,42684221.0
2025-10-03 09:00:00,0.002504,0.002511,0.002483,0.002493,70637773.0
2025-10-03 10:00:00,0.002494,0.002494,0.002479,0.002487,56073831.0
2025-10-03 11:00:00,0.002486,0.002543,0.002469,0.00253,255512406.0
2025-10-03 12:00:00,0.002529,0.002542,0.002506,0.002518,119228616.0
2025-10-03 13:00:00,0.002518,0.00254,0.002487,0.002522,116076810.0
2025-10-03 14:00:00,0.002523,0.002537,0.002493,0.002524,122266328.0
2025-10-03 15:00:00,0.002524,0.002568,0.002513,0.002566,126250408.0
2025-10-03 16:00:00,0.002566,0.0026,0.002552,0.002558,403243116.0
2025-10-03 17:00:00,0.002557,0.002559,0.002478,0.002509,411674580.0
2025-10-03 18:00:00,0.002509,0.002555,0.002493,0.002548,86230807.0
2025-10-03 19:00:00,0.002548,0.002566,0.002541,0.002545,64460483.0
2025-10-03 20:00:00,0.002546,0.002558,0.002534,0.002557,45121374.0
2025-10-03 21:00:00,0.002557,0.002562,0.002544,0.002548,32236937.0
2025-10-03 22:00:00,0.002548,0.002568,0.002548,0.002563,37554567.0
2025-10-03 23:00:00,0.002562,0.002562,0.002534,0.002536,33843911.0
2025-10-04 00:00:00,0.002537,0.002555,0.002523,0.00253,73352632.0
2025-10-04 01:00:00,0.002531,0.002532,0.002485,0.002498,61440924.0
2025-10-04 02:00:00,0.002499,0.00251,0.002479,0.002492,58546883.0
2025-10-04 03:00:00,0.002492,0.002497,0.002466,0.002489,74442065.0
2025-10-04 04:00:00,0.002489,0.002499,0.002477,0.002496,31136739.0
2025-10-04 05:00:00,0.002496,0.002513,0.002495,0.002513,36842131.0
2025-10-04 06:00:00,0.002512,0.002557,0.002511,0.002551,85204458.0
2025-10-04 07:00:00,0.002551,0.002551,0.00252,0.002532,74718399.0
2025-10-04 08:00:00,0.002532,0.002535,0.002491,0.002499,113435334.0
2025-10-04 09:00:00,0.002498,0.002515,0.002469,0.002471,100062954.0
2025-10-04 10:00:00,0.00247,0.002488,0.002444,0.002452,78092083.0
2025-10-04 11:00:00,0.002451,0.002475,0.002447,0.00246,36024624.0
2025-10-04 12:00:00,0.00246,0.002474,0.002449,0.002449,31364829.0
2025-10-04 13:00:00,0.00245,0.002488,0.002447,0.002465,27658030.0
2025-10-04 14:00:00,0.002465,0.002486,0.002424,0.002424,80039604.0
2025-10-04 15:00:00,0.002424,0.002435,0.002389,0.002408,110605925.0
2025-10-04 16:00:00,0.002408,0.002422,0.002391,0.002417,64373070.0
2025-10-04 17:00:00,0.002417,0.002428,0.002404,0.002417,27678520.0
2025-10-04 18:00:00,0.002416,0.002425,0.002406,0.002408,28820507.0
2025-10-04 19:00:00,0.002408,0.002426,0.002408,0.002426,38714888.0
2025-10-04 20:00:00,0.002427,0.002441,0.002426,0.002431,31716805.0
2025-10-04 21:00:00,0.002432,0.00245,0.00243,0.002435,19338549.0
2025-10-04 22:00:00,0.002435,0.002447,0.00243,0.002439,18195428.0
2025-10-04 23:00:00,0.002438,0.002442,0.00243,0.002432,10603238.0
2025-10-05 00:00:00,0.002433,0.002447,0.002412,0.002415,16134319.0
2025-10-05 01:00:00,0.002414,0.002443,0.002413,0.002434,20322063.0
2025-10-05 02:00:00,0.002435,0.002478,0.002428,0.002477,97529153.0
2025-10-05 03:00:00,0.002477,0.002492,0.002468,0.002477,75380424.0
2025-10-05 04:00:00,0.002476,0.002511,0.002469,0.002503,115326615.0
2025-10-05 05:00:00,0.002504,0.002512,0.002492,0.002512,58302173.0
2025-10-05 06:00:00,0.002512,0.00252,0.00249,0.002501,63256910.0
2025-10-05 07:00:00,0.0025,0.002525,0.002499,0.002522,45161611.0
2025-10-05 08:00:00,0.002522,0.002538,0.00252,0.002524,84880324.0
2025-10-05 09:00:00,0.002525,0.00253,0.002495,0.0025,121849146.0
2025-10-05 10:00:00,0.002501,0.002501,0.002474,0.002486,86571667.0
2025-10-05 11:00:00,0.002486,0.002493,0.002468,0.002489,39017550.0
2025-10-05 12:00:00,0.002489,0.002493,0.002472,0.002477,22185831.0
2025-10-05 13:00:00,0.002477,0.002506,0.002476,0.002496,94141194.0
2025-10-05 14:00:00,0.002496,0.002509,0.00246,0.002472,89659699.0
2025-10-05 15:00:00,0.002473,0.002489,0.002469,0.002487,61419627.0
2025-10-05 16:00:00,0.002487,0.002495,0.002461,0.002485,90467860.0
2025-10-05 17:00:00,0.002487,0.002495,0.00244,0.002447,82765892.0
2025-10-05 18:00:00,0.002447,0.002454,0.002427,0.002446,75677302.0
2025-10-05 19:00:00,0.002445,0.002445,0.002404,0.002408,82731692.0
2025-10-05 20:00:00,0.002407,0.00243,0.002397,0.002419,32995064.0
2025-10-05 21:00:00,0.002418,0.002424,0.002412,0.002419,28372672.0
2025-10-05 22:00:00,0.002421,0.002432,0.002409,0.002423,25721525.0
2025-10-05 23:00:00,0.002422,0.002427,0.002418,0.002418,28518672.0
2025-10-06 00:00:00,0.002419,0.002445,0.002399,0.002412,83789516.0
2025-10-06 01:00:00,0.002411,0.002454,0.002398,0.002436,49165738.0
2025-10-06 02:00:00,0.002435,0.002456,0.002415,0.002441,89331902.0
2025-10-06 03:00:00,0.002441,0.002446,0.00243,0.002442,58533571.0
2025-10-06 04:00:00,0.002441,0.002443,0.00242,0.002422,60111764.0
2025-10-06 05:00:00,0.002421,0.002433,0.002413,0.002431,41129806.0
2025-10-06 06:00:00,0.002431,0.00247,0.002431,0.002454,79493850.0
2025-10-06 07:00:00,0.002455,0.002461,0.002423,0.002432,78737617.0
2025-10-06 08:00:00,0.002433,0.002449,0.002427,0.00244,60191957.0
2025-10-06 09:00:00,0.002439,0.002448,0.002434,0.002444,45669994.0
2025-10-06 10:00:00,0.002443,0.002445,0.00243,0.00244,46307528.0
2025-10-06 11:00:00,0.00244,0.002462,0.002429,0.002445,52993618.0
2025-10-06 12:00:00,0.002445,0.002467,0.002445,0.002464,63753155.0
2025-10-06 13:00:00,0.002464,0.002493,0.002456,0.002491,129607458.0
2025-10-06 14:00:00,0.002491,0.002503,0.002479,0.002487,135506874.0
2025-10-06 15:00:00,0.002487,0.002538,0.002487,0.002531,166238879.0
2025-10-06 16:00:00,0.002532,0.002544,0.002514,0.002534,145967831.0
2025-10-06 17:00:00,0.002535,0.002555,0.002527,0.002541,119269361.0
2025-10-06 18:00:00,0.002542,0.002554,0.002536,0.002548,74704505.0
2025-10-06 19:00:00,0.002548,0.002548,0.002525,0.002535,63664848.0
2025-10-06 20:00:00,0.002535,0.002542,0.002527,0.002541,97689761.0
2025-10-06 21:00:00,0.00254,0.002569,0.002532,0.002562,108015277.0
2025-10-06 22:00:00,0.002563,0.002568,0.00254,0.002552,43628621.0
2025-10-06 23:00:00,0.002553,0.002559,0.002532,0.00254,50921262.0
2025-10-07 00:00:00,0.002541,0.002551,0.002529,0.002551,49000925.0
2025-10-07 01:00:00,0.002551,0.002556,0.002518,0.002528,87846266.0
2025-10-07 02:00:00,0.002529,0.002534,0.002505,0.002518,55093045.0
2025-10-07 03:00:00,0.002517,0.002525,0.002506,0.002517,48990100.0
2025-10-07 04:00:00,0.002517,0.002548,0.002496,0.002536,75018201.0
2025-10-07 05:00:00,0.002535,0.00254,0.00252,0.00252,48614647.0
2025-10-07 06:00:00,0.002521,0.002527,0.002471,0.002477,104730222.0
2025-10-07 07:00:00,0.002476,0.002492,0.00246,0.002473,70201163.0
2025-10-07 08:00:00,0.002474,0.002474,0.002434,0.002463,131795109.0
2025-10-07 09:00:00,0.002463,0.002497,0.002462,0.00249,55601129.0
2025-10-07 10:00:00,0.002489,0.002507,0.002478,0.002502,60170696.0
2025-10-07 11:00:00,0.002502,0.002517,0.002493,0.00251,73127382.0
2025-10-07 12:00:00,0.00251,0.002518,0.00249,0.002511,113899034.0
2025-10-07 13:00:00,0.002512,0.002521,0.002448,0.002479,262620116.0
2025-10-07 14:00:00,0.00248,0.002483,0.002405,0.002407,350521454.0
2025-10-07 15:00:00,0.002408,0.002417,0.002348,0.002391,502247102.0
2025-10-07 16:00:00,0.00239,0.002428,0.002364,0.002407,277961060.0
2025-10-07 17:00:00,0.002405,0.002422,0.002397,0.002397,64227680.0
2025-10-07 18:00:00,0.002396,0.002399,0.002382,0.002385,75686666.0
2025-10-07 19:00:00,0.002385,0.002407,0.002382,0.002395,87753828.0
2025-10-07 20:00:00,0.002395,0.002424,0.002389,0.002408,42130728.0
2025-10-07 21:00:00,0.002408,0.00241,0.002382,0.002389,47493822.0
2025-10-07 22:00:00,0.002389,0.002404,0.00238,0.002384,53658388.0
2025-10-07 23:00:00,0.002384,0.002403,0.002377,0.002388,256205809.0
2025-10-08 00:00:00,0.002388,0.002422,0.002386,0.002409,73487829.0
2025-10-08 01:00:00,0.002409,0.00245,0.002388,0.002402,172489204.0
2025-10-08 02:00:00,0.002402,0.002419,0.002391,0.002405,32247082.0
2025-10-08 03:00:00,0.002404,0.002404,0.002336,0.002352,119903170.0
2025-10-08 04:00:00,0.002352,0.002376,0.002338,0.002372,88855449.0
2025-10-08 05:00:00,0.002372,0.002373,0.002349,0.00236,23883981.0
2025-10-08 06:00:00,0.00236,0.00238,0.002348,0.002377,36124711.0
2025-10-08 07:00:00,0.002377,0.002404,0.002365,0.002404,64122427.0
2025-10-08 08:00:00,0.002405,0.002436,0.002404,0.002416,67253562.0
2025-10-08 09:00:00,0.002416,0.002419,0.002394,0.002412,99312337.0
2025-10-08 10:00:00,0.002412,0.002434,0.002412,0.002419,73454881.0
2025-10-08 11:00:00,0.002419,0.002424,0.002403,0.002409,63536836.0
2025-10-08 12:00:00,0.002409,0.002424,0.002406,0.002423,72776388.0
2025-10-08 13:00:00,0.002423,0.002518,0.00242,0.002515,290096056.0
2025-10-08 14:00:00,0.002515,0.002619,0.002484,0.002489,872234423.0
2025-10-08 15:00:00,0.00249,0.00253,0.002481,0.002503,304591904.0
2025-10-08 16:00:00,0.002503,0.002531,0.002471,0.002531,302561353.0
2025-10-08 17:00:00,0.00253,0.002563,0.002524,0.002554,215606482.0
2025-10-08 18:00:00,0.002554,0.002561,0.002517,0.002525,219360488.0
2025-10-08 19:00:00,0.002524,0.002548,0.002519,0.002534,121290717.0
2025-10-08 20:00:00,0.002534,0.002538,0.002503,0.002505,85396805.0
2025-10-08 21:00:00,0.002505,0.00253,0.002505,0.002519,36419443.0
2025-10-08 22:00:00,0.00252,0.002528,0.002503,0.002503,39857737.0
2025-10-08 23:00:00,0.002502,0.002508,0.002492,0.002507,49066304.0
2025-10-09 00:00:00,0.002508,0.002513,0.002485,0.002491,54458711.0
2025-10-09 01:00:00,0.00249,0.002504,0.00247,0.002483,109244586.0
2025-10-09 02:00:00,0.002482,0.002484,0.002405,0.002411,114576563.0
2025-10-09 03:00:00,0.002412,0.002444,0.002412,0.002438,69811930.0
2025-10-09 04:00:00,0.002438,0.002464,0.002434,0.002463,44481474.0
2025-10-09 05:00:00,0.002462,0.002478,0.002439,0.002443,56383531.0
2025-10-09 06:00:00,0.002443,0.002447,0.002411,0.002414,90541151.0
2025-10-09 07:00:00,0.002414,0.002424,0.002399,0.002406,98146236.0
2025-10-09 08:00:00,0.002405,0.00241,0.002346,0.00235,290881812.0
2025-10-09 09:00:00,0.00235,0.002383,0.002348,0.002368,126704345.0
2025-10-09 10:00:00,0.002367,0.002373,0.002339,0.002354,179307673.0
2025-10-09 11:00:00,0.002355,0.00237,0.002353,0.002357,73294631.0
2025-10-09 12:00:00,0.002357,0.002394,0.002353,0.002387,97040208.0
2025-10-09 13:00:00,0.002386,0.002387,0.002341,0.002343,138051252.0
2025-10-09 14:00:00,0.002342,0.002342,0.002283,0.002308,281649729.0
2025-10-09 15:00:00,0.002308,0.002333,0.002293,0.002307,116433949.0
2025-10-09 16:00:00,0.002306,0.00236,0.002302,0.002325,392518985.0
2025-10-09 17:00:00,0.002325,0.002379,0.00232,0.002377,158811502.0
2025-10-09 18:00:00,0.002378,0.002385,0.002357,0.002358,50683826.0
2025-10-09 19:00:00,0.002357,0.00241,0.002353,0.002388,148169819.0
2025-10-09 20:00:00,0.002388,0.002391,0.002362,0.00237,70667036.0
2025-10-09 21:00:00,0.002369,0.002382,0.002365,0.002379,22924674.0
2025-10-09 22:00:00,0.002379,0.002412,0.002376,0.002402,23597592.0
2025-10-09 23:00:00,0.002402,0.002403,0.002382,0.00239,40236766.0
2025-10-10 00:00:00,0.002391,0.002421,0.002391,0.002409,20418859.0
2025-10-10 01:00:00,0.00241,0.002428,0.002404,0.002412,28986443.0
2025-10-10 02:00:00,0.002411,0.002416,0.002399,0.002409,34161101.0
2025-10-10 03:00:00,0.00241,0.002469,0.002399,0.002444,108630259.0
2025-10-10 04:00:00,0.002444,0.002462,0.00242,0.002428,81021629.0
2025-10-10 05:00:00,0.002429,0.002465,0.002414,0.002452,86005258.0
2025-10-10 06:00:00,0.002454,0.002462,0.002423,0.002433,100709386.0
2025-10-10 07:00:00,0.002433,0.002437,0.002405,0.002409,99467236.0
2025-10-10 08:00:00,0.00241,0.002437,0.002406,0.002436,96785355.0
2025-10-10 09:00:00,0.002435,0.002445,0.002417,0.002436,71859765.0
2025-10-10 10:00:00,0.002436,0.002457,0.002433,0.002451,61470321.0
2025-10-10 11:00:00,0.002451,0.002466,0.002447,0.002462,78254015.0
2025-10-10 12:00:00,0.002461,0.002493,0.002461,0.00249,114096958.0
2025-10-10 13:00:00,0.002491,0.002501,0.002468,0.002477,136678601.0
2025-10-10 14:00:00,0.002478,0.002489,0.002407,0.002415,207298282.0
2025-10-10 15:00:00,0.002415,0.002423,0.002284,0.002309,673222119.0
2025-10-10 16:00:00,0.002309,0.00234,0.002296,0.002308,136001110.0
2025-10-10 17:00:00,0.002307,0.002313,0.002248,0.002268,229869122.0
2025-10-10 18:00:00,0.002269,0.002288,0.002263,0.002265,135419512.0
2025-10-10 19:00:00,0.002265,0.002267,0.002184,0.002221,345514353.0
2025-10-10 20:00:00,0.002222,0.002241,0.001987,0.002042,544766578.0
2025-10-10 21:00:00,0.002043,0.002096,0.000836,0.001577,2369984567.0
2025-10-10 22:00:00,0.001583,0.00162,0.0014,0.001538,1268226556.0
2025-10-10 23:00:00,0.001538,0.001637,0.00135,0.001543,911640600.0
2025-10-11 00:00:00,0.001542,0.001587,0.001514,0.001526,778561302.0
2025-10-11 01:00:00,0.001523,0.001531,0.001435,0.001444,553926907.0
2025-10-11 02:00:00,0.001445,0.001564,0.001444,0.001556,307358306.0
2025-10-11 03:00:00,0.001556,0.001569,0.001495,0.001524,198281676.0
2025-10-11 04:00:00,0.001525,0.001565,0.001521,0.001561,215406084.0
2025-10-11 05:00:00,0.001561,0.001566,0.001517,0.001531,338237006.0
2025-10-11 06:00:00,0.001532,0.00157,0.001529,0.001542,330576159.0
2025-10-11 07:00:00,0.001543,0.001565,0.001528,0.001538,337595783.0
2025-10-11 08:00:00,0.001538,0.001631,0.001534,0.001627,434520962.0
2025-10-11 09:00:00,0.001627,0.001669,0.00162,0.001639,417857742.0
2025-10-11 10:00:00,0.001639,0.001675,0.001639,0.001668,209441691.0
2025-10-11 11:00:00,0.001669,0.001678,0.001632,0.001668,184627598.0
2025-10-11 12:00:00,0.001668,0.00167,0.001616,0.001637,142068749.0
2025-10-11 13:00:00,0.001635,0.001663,0.001606,0.001656,144182568.0
2025-10-11 14:00:00,0.001656,0.001674,0.001651,0.001671,135493159.0
2025-10-11 15:00:00,0.001671,0.001716,0.00167,0.001694,151040548.0
2025-10-11 16:00:00,0.001694,0.001694,0.001641,0.001659,158462520.0
2025-10-11 17:00:00,0.001658,0.00169,0.001657,0.001688,105004480.0
2025-10-11 18:00:00,0.001688,0.001688,0.001668,0.001673,39203115.0
2025-10-11 19:00:00,0.001674,0.001674,0.001569,0.001592,248034880.0
2025-10-11 20:00:00,0.001591,0.001601,0.001523,0.001541,248945594.0
2025-10-11 21:00:00,0.001541,0.001585,0.001505,0.001578,296082455.0
2025-10-11 22:00:00,0.001579,0.001602,0.001573,0.001599,66730350.0
2025-10-11 23:00:00,0.001599,0.001615,0.001592,0.001613,52873386.0
2025-10-12 00:00:00,0.001613,0.001637,0.001594,0.001602,69226999.0
2025-10-12 01:00:00,0.001602,0.001648,0.001595,0.001597,175306142.0
2025-10-12 02:00:00,0.001597,0.001623,0.001585,0.001606,99425615.0
2025-10-12 03:00:00,0.001605,0.001645,0.001601,0.00162,146613854.0
2025-10-12 04:00:00,0.00162,0.001675,0.001614,0.001659,119234425.0
2025-10-12 05:00:00,0.001659,0.001701,0.001653,0.001683,144032114.0
2025-10-12 06:00:00,0.001682,0.001702,0.001664,0.001671,184124788.0
2025-10-12 07:00:00,0.00167,0.001689,0.001658,0.001667,101459187.0
2025-10-12 08:00:00,0.001668,0.00169,0.001657,0.001659,95662224.0
2025-10-12 09:00:00,0.001659,0.001663,0.001638,0.001661,110322445.0
2025-10-12 10:00:00,0.001662,0.001674,0.001641,0.001642,98937045.0
2025-10-12 11:00:00,0.001641,0.001667,0.001641,0.001649,59521237.0
2025-10-12 12:00:00,0.001649,0.001684,0.001648,0.001668,62741638.0
2025-10-12 13:00:00,0.001669,0.001689,0.00164,0.001645,119675640.0
2025-10-12 14:00:00,0.001645,0.001753,0.001642,0.001728,444426602.0
2025-10-12 15:00:00,0.001729,0.001808,0.001729,0.001797,370362204.0
2025-10-12 16:00:00,0.001797,0.001878,0.001797,0.001853,342734077.0
2025-10-12 17:00:00,0.001854,0.001869,0.001823,0.001839,168166735.0
2025-10-12 18:00:00,0.00184,0.001846,0.001808,0.001824,83349503.0
2025-10-12 19:00:00,0.001824,0.001861,0.001824,0.001857,57837421.0
2025-10-12 20:00:00,0.001858,0.00188,0.00184,0.001851,94651338.0
2025-10-12 21:00:00,0.001851,0.001858,0.001805,0.001834,133770077.0
2025-10-12 22:00:00,0.001835,0.00185,0.001812,0.00182,66810408.0
2025-10-12 23:00:00,0.00182,0.001824,0.001802,0.001821,64962704.0
2025-10-13 00:00:00,0.001821,0.001831,0.001782,0.001794,116851264.0
2025-10-13 01:00:00,0.001794,0.001807,0.001777,0.001804,80691572.0
2025-10-13 02:00:00,0.001804,0.001811,0.001787,0.001808,69279884.0
2025-10-13 03:00:00,0.001809,0.001816,0.00179,0.001796,77386674.0
2025-10-13 04:00:00,0.001796,0.001817,0.001787,0.001812,75573820.0
2025-10-13 05:00:00,0.001812,0.001816,0.001793,0.001795,95732212.0
2025-10-13 06:00:00,0.001796,0.001827,0.001787,0.001821,91340847.0
2025-10-13 07:00:00,0.001822,0.00185,0.001814,0.001819,138019341.0
2025-10-13 08:00:00,0.00182,0.001855,0.001819,0.001841,93635694.0
2025-10-13 09:00:00,0.00184,0.001852,0.001826,0.001844,113887822.0
2025-10-13 10:00:00,0.001844,0.001853,0.001825,0.00184,116636407.0
2025-10-13 11:00:00,0.001841,0.001842,0.001748,0.001783,385594819.0
2025-10-13 12:00:00,0.001783,0.001815,0.001766,0.001787,195300078.0
2025-10-13 13:00:00,0.001787,0.001871,0.001778,0.001836,604402635.0
2025-10-13 14:00:00,0.001835,0.001841,0.001764,0.001783,273745194.0
2025-10-13 15:00:00,0.001782,0.001821,0.00178,0.001804,141949969.0
2025-10-13 16:00:00,0.001804,0.001827,0.001789,0.001816,197449497.0
2025-10-13 17:00:00,0.001815,0.001862,0.001808,0.001861,294889497.0
2025-10-13 18:00:00,0.00186,0.00187,0.001834,0.001849,165332842.0
2025-10-13 19:00:00,0.001849,0.001876,0.001846,0.001872,134100676.0
2025-10-13 20:00:00,0.001873,0.001904,0.001858,0.001903,153020162.0
2025-10-13 21:00:00,0.001903,0.001905,0.001877,0.001879,110042333.0
2025-10-13 22:00:00,0.001878,0.001892,0.001868,0.001883,86333838.0
2025-10-13 23:00:00,0.001883,0.001892,0.001873,0.001879,59554745.0
2025-10-14 00:00:00,0.00188,0.001888,0.001858,0.001864,77279132.0
2025-10-14 01:00:00,0.001863,0.00187,0.00185,0.001857,54629413.0
2025-10-14 02:00:00,0.001857,0.001864,0.001835,0.001837,66403072.0
2025-10-14 03:00:00,0.001838,0.001839,0.001812,0.00182,96639736.0
2025-10-14 04:00:00,0.001821,0.00183,0.001771,0.001788,253682378.0
2025-10-14 05:00:00,0.001788,0.001803,0.001746,0.001749,196223993.0
2025-10-14 06:00:00,0.001749,0.001763,0.00164,0.001693,462916872.0
2025-10-14 07:00:00,0.001693,0.001708,0.001673,0.001684,230225908.0
2025-10-14 08:00:00,0.001684,0.001709,0.00167,0.001692,169835808.0
2025-10-14 09:00:00,0.001691,0.001706,0.001684,0.001695,154937781.0
2025-10-14 10:00:00,0.001694,0.001694,0.001636,0.001672,181899857.0
2025-10-14 11:00:00,0.001672,0.0017,0.001671,0.001695,147916868.0
2025-10-14 12:00:00,0.001694,0.001696,0.001666,0.001672,133261264.0
2025-10-14 13:00:00,0.001671,0.001722,0.00166,0.001708,232634097.0
2025-10-14 14:00:00,0.001708,0.001776,0.001707,0.001745,329016510.0
2025-10-14 15:00:00,0.001745,0.001817,0.001733,0.001815,174586631.0
2025-10-14 16:00:00,0.001815,0.001849,0.001788,0.001808,252696740.0
2025-10-14 17:00:00,0.001807,0.001832,0.001776,0.001809,191196906.0
2025-10-14 18:00:00,0.00181,0.001831,0.001805,0.001814,111729530.0
2025-10-14 19:00:00,0.001813,0.00183,0.001769,0.001798,319639240.0
2025-10-14 20:00:00,0.001798,0.001807,0.001784,0.001795,98677820.0
2025-10-14 21:00:00,0.001795,0.001799,0.001772,0.001798,57088526.0
2025-10-14 22:00:00,0.001799,0.00181,0.001782,0.001792,40669836.0
2025-10-14 23:00:00,0.001791,0.001802,0.001789,0.001795,40185001.0
2025-10-15 00:00:00,0.001795,0.001798,0.001776,0.001789,40266662.0
2025-10-15 01:00:00,0.001788,0.001792,0.001766,0.001769,61741625.0
2025-10-15 02:00:00,0.001769,0.001802,0.001767,0.001787,83125042.0
2025-10-15 03:00:00,0.001788,0.001793,0.001768,0.001778,74650945.0
2025-10-15 04:00:00,0.001779,0.001803,0.00177,0.0018,37149467.0
2025-10-15 05:00:00,0.0018,0.001808,0.001785,0.00179,44669884.0
2025-10-15 06:00:00,0.00179,0.001803,0.001769,0.001797,75515551.0
2025-10-15 07:00:00,0.001797,0.001813,0.00179,0.001812,69649126.0
2025-10-15 08:00:00,0.001811,0.001847,0.00181,0.001824,207931965.0
2025-10-15 09:00:00,0.001823,0.001828,0.001798,0.001807,131725634.0
2025-10-15 10:00:00,0.001807,0.001814,0.001794,0.001801,77257681.0
2025-10-15 11:00:00,0.0018,0.001802,0.001771,0.001782,67596363.0
2025-10-15 12:00:00,0.001781,0.001791,0.001757,0.00177,101171853.0
2025-10-15 13:00:00,0.001769,0.001784,0.001725,0.001767,207468655.0
2025-10-15 14:00:00,0.001767,0.001795,0.001737,0.00175,156486478.0
2025-10-15 15:00:00,0.00175,0.001761,0.001712,0.001729,166714635.0
2025-10-15 16:00:00,0.001729,0.001738,0.001714,0.001724,126517904.0
2025-10-15 17:00:00,0.001723,0.001744,0.001699,0.001744,266214426.0
2025-10-15 18:00:00,0.001744,0.001747,0.001725,0.001743,101286240.0
2025-10-15 19:00:00,0.001743,0.001744,0.001711,0.001721,77403188.0
2025-10-15 20:00:00,0.001721,0.001735,0.001683,0.001704,71876040.0
2025-10-15 21:00:00,0.001704,0.001721,0.001686,0.001698,71817183.0
2025-10-15 22:00:00,0.001697,0.001712,0.00169,0.001694,36084973.0
2025-10-15 23:00:00,0.001694,0.001713,0.001693,0.001709,27896170.0
2025-10-16 00:00:00,0.001708,0.001716,0.0017,0.001705,30469419.0
2025-10-16 01:00:00,0.001704,0.001734,0.001704,0.001731,20434654.0
2025-10-16 02:00:00,0.001731,0.001741,0.001718,0.001735,35820798.0
2025-10-16 03:00:00,0.001736,0.00174,0.001721,0.001724,20518998.0
2025-10-16 04:00:00,0.001724,0.001742,0.001715,0.001721,19635405.0
2025-10-16 05:00:00,0.001721,0.001748,0.001716,0.001737,50145482.0
2025-10-16 06:00:00,0.001737,0.001775,0.001736,0.001772,43394642.0
2025-10-16 07:00:00,0.001772,0.001775,0.001742,0.001747,90225686.0
2025-10-16 08:00:00,0.001748,0.001755,0.00173,0.001741,64735698.0
2025-10-16 09:00:00,0.001741,0.001761,0.001664,0.001742,382472395.0
2025-10-16 10:00:00,0.001742,0.001772,0.001741,0.001756,86817355.0
2025-10-16 11:00:00,0.001756,0.00177,0.001749,0.001769,91256731.0
2025-10-16 12:00:00,0.00177,0.001794,0.001763,0.001785,117199605.0
2025-10-16 13:00:00,0.001785,0.001805,0.001769,0.001778,162332189.0
2025-10-16 14:00:00,0.001778,0.001791,0.001732,0.001748,266543938.0
2025-10-16 15:00:00,0.001749,0.001758,0.001672,0.00168,239663470.0
2025-10-16 16:00:00,0.001679,0.00173,0.001645,0.00173,305575889.0
2025-10-16 17:00:00,0.00173,0.00173,0.001675,0.001677,155151328.0
2025-10-16 18:00:00,0.001678,0.001679,0.001648,0.00167,168022588.0
2025-10-16 19:00:00,0.00167,0.001673,0.001618,0.001639,141252578.0
2025-10-16 20:00:00,0.00164,0.001651,0.001609,0.001622,109322740.0
2025-10-16 21:00:00,0.001623,0.001653,0.001619,0.001653,46011696.0
2025-10-16 22:00:00,0.001653,0.001655,0.001629,0.001629,35787954.0
2025-10-16 23:00:00,0.001629,0.001657,0.001627,0.001657,57304765.0
2025-10-17 00:00:00,0.001656,0.001683,0.001653,0.001683,66161950.0
2025-10-17 01:00:00,0.001683,0.001701,0.001675,0.001682,71879817.0
2025-10-17 02:00:00,0.001682,0.001694,0.001666,0.001692,44072285.0
2025-10-17 03:00:00,0.001692,0.001706,0.001686,0.001703,66249982.0
2025-10-17 04:00:00,0.001704,0.001704,0.001682,0.001685,59154774.0
2025-10-17 05:00:00,0.001685,0.00169,0.001662,0.001666,62932272.0
2025-10-17 06:00:00,0.001666,0.001675,0.001588,0.001598,285959300.0
2025-10-17 07:00:00,0.001599,0.001602,0.00153,0.001539,380446846.0
2025-10-17 08:00:00,0.001541,0.001549,0.001502,0.001525,310471566.0
2025-10-17 09:00:00,0.001524,0.001594,0.001522,0.001557,139239731.0
2025-10-17 10:00:00,0.001557,0.001567,0.001521,0.001552,170037429.0
2025-10-17 11:00:00,0.001553,0.001618,0.001552,0.001599,225965030.0
2025-10-17 12:00:00,0.001599,0.001608,0.001583,0.001584,56653994.0
2025-10-17 13:00:00,0.001584,0.001615,0.001572,0.001599,119693954.0
2025-10-17 14:00:00,0.001598,0.001608,0.001561,0.001589,129371082.0
2025-10-17 15:00:00,0.001589,0.00163,0.001584,0.00163,63244143.0
2025-10-17 16:00:00,0.001631,0.001664,0.001605,0.001609,162058801.0
2025-10-17 17:00:00,0.001609,0.001625,0.001603,0.001619,92656859.0
2025-10-17 18:00:00,0.001619,0.001644,0.001618,0.001624,47717667.0
2025-10-17 19:00:00,0.001626,0.001631,0.001617,0.00163,24731879.0
2025-10-17 20:00:00,0.001631,0.001708,0.001626,0.001666,278215246.0
2025-10-17 21:00:00,0.001666,0.001678,0.001658,0.001665,94766476.0
2025-10-17 22:00:00,0.001665,0.001667,0.001642,0.001656,58755100.0
2025-10-17 23:00:00,0.001655,0.001655,0.001637,0.001642,22098254.0
2025-10-18 00:00:00,0.001641,0.001655,0.001638,0.001652,15161159.0
2025-10-18 01:00:00,0.001652,0.001686,0.001652,0.001686,82999689.0
2025-10-18 02:00:00,0.001685,0.001695,0.001671,0.001685,118413149.0
2025-10-18 03:00:00,0.001685,0.001694,0.001672,0.001674,54794335.0
2025-10-18 04:00:00,0.001675,0.001675,0.00165,0.00165,40549663.0
2025-10-18 05:00:00,0.00165,0.001669,0.001649,0.001668,26288806.0
2025-10-18 06:00:00,0.001669,0.001681,0.001664,0.001678,23730801.0
2025-10-18 07:00:00,0.001682,0.00171,0.001664,0.001667,64932524.0
2025-10-18 08:00:00,0.001668,0.001679,0.001659,0.00166,40647941.0
2025-10-18 09:00:00,0.00166,0.001683,0.001658,0.00168,53991351.0
2025-10-18 10:00:00,0.00168,0.001692,0.001674,0.001686,33759709.0
2025-10-18 11:00:00,0.001686,0.001694,0.001672,0.00168,36960873.0
2025-10-18 12:00:00,0.001679,0.001693,0.001672,0.001676,41557308.0
2025-10-18 13:00:00,0.001675,0.001676,0.001649,0.001651,68204379.0
2025-10-18 14:00:00,0.001651,0.001664,0.001636,0.001658,61656116.0
2025-10-18 15:00:00,0.001658,0.001662,0.001641,0.001648,29248053.0
2025-10-18 16:00:00,0.001649,0.001653,0.001624,0.00164,48130474.0
2025-10-18 17:00:00,0.001641,0.001668,0.001633,0.001666,42178569.0
2025-10-18 18:00:00,0.001666,0.001668,0.001655,0.001655,28476733.0
2025-10-18 19:00:00,0.001655,0.001662,0.001652,0.001659,23692675.0
2025-10-18 20:00:00,0.001657,0.001674,0.001656,0.001659,19451150.0
2025-10-18 21:00:00,0.001659,0.001673,0.001649,0.001671,34990896.0
2025-10-18 22:00:00,0.00167,0.001672,0.001658,0.00166,12145537.0
2025-10-18 23:00:00,0.001661,0.001666,0.001659,0.001663,5872351.0
2025-10-19 00:00:00,0.001663,0.001664,0.001638,0.001644,15169372.0
2025-10-19 01:00:00,0.001644,0.001651,0.001635,0.001651,16254682.0
2025-10-19 02:00:00,0.001651,0.00166,0.001645,0.001647,14515815.0
2025-10-19 03:00:00,0.001648,0.001683,0.001648,0.001676,25760995.0
2025-10-19 04:00:00,0.001677,0.001678,0.001658,0.001659,5080990.0
2025-10-19 05:00:00,0.00166,0.001672,0.001651,0.001653,10485975.0
2025-10-19 06:00:00,0.001654,0.001659,0.001639,0.001645,14497922.0
2025-10-19 07:00:00,0.001644,0.001657,0.001643,0.001656,23320859.0
2025-10-19 08:00:00,0.001657,0.001681,0.001637,0.001637,117484789.0
2025-10-19 09:00:00,0.001637,0.001685,0.001624,0.001668,141685332.0
2025-10-19 10:00:00,0.00167,0.001705,0.001661,0.001699,163552046.0
2025-10-19 11:00:00,0.001699,0.001716,0.001692,0.001698,104365933.0
2025-10-19 12:00:00,0.001699,0.00171,0.001689,0.001699,57289787.0
2025-10-19 13:00:00,0.0017,0.001751,0.001697,0.001738,122650175.0
2025-10-19 14:00:00,0.001739,0.001751,0.001726,0.001745,161569392.0
2025-10-19 15:00:00,0.001746,0.001747,0.001722,0.001727,98088141.0
2025-10-19 16:00:00,0.001728,0.001735,0.001715,0.001725,38334802.0
2025-10-19 17:00:00,0.001726,0.001743,0.001717,0.001722,57397103.0
2025-10-19 18:00:00,0.001722,0.001742,0.001719,0.001735,37660356.0
2025-10-19 19:00:00,0.001735,0.001742,0.001725,0.001736,38227490.0
2025-10-19 20:00:00,0.001737,0.001742,0.00172,0.001731,51187093.0
2025-10-19 21:00:00,0.001732,0.001732,0.001714,0.001722,24250147.0
2025-10-19 22:00:00,0.001722,0.001731,0.001722,0.001724,18607956.0
2025-10-19 23:00:00,0.001723,0.001723,0.001702,0.001704,21179683.0
2025-10-20 00:00:00,0.001704,0.001704,0.001663,0.001684,48900618.0
2025-10-20 01:00:00,0.001684,0.001692,0.001675,0.00168,18584358.0
2025-10-20 02:00:00,0.00168,0.001703,0.00167,0.001699,38997654.0
2025-10-20 03:00:00,0.001698,0.001762,0.001695,0.001756,71781743.0
2025-10-20 04:00:00,0.001755,0.001767,0.001747,0.001759,126897884.0
2025-10-20 05:00:00,0.001759,0.001763,0.00174,0.001757,33866946.0
2025-10-20 06:00:00,0.001759,0.001782,0.001754,0.001768,62267413.0
2025-10-20 07:00:00,0.001768,0.001779,0.001759,0.001766,83499873.0
2025-10-20 08:00:00,0.001766,0.001776,0.001751,0.001754,87467057.0
2025-10-20 09:00:00,0.001754,0.001765,0.00175,0.001762,67613044.0
2025-10-20 10:00:00,0.001763,0.001792,0.001759,0.001769,162752638.0
2025-10-20 11:00:00,0.001769,0.001769,0.001753,0.001761,74287040.0
2025-10-20 12:00:00,0.00176,0.001767,0.001752,0.001764,46023443.0
2025-10-20 13:00:00,0.001766,0.001783,0.001752,0.00178,44437183.0
2025-10-20 14:00:00,0.00178,0.001781,0.001757,0.001769,35742710.0
2025-10-20 15:00:00,0.001769,0.001776,0.001748,0.001748,98273257.0
2025-10-20 16:00:00,0.001748,0.001748,0.001706,0.001718,262745438.0
2025-10-20 17:00:00,0.001718,0.001742,0.001716,0.00173,148142112.0
2025-10-20 18:00:00,0.001731,0.001735,0.001722,0.001732,56682009.0
2025-10-20 19:00:00,0.001732,0.001754,0.001725,0.001748,61132333.0
2025-10-20 20:00:00,0.001747,0.001755,0.00174,0.00175,63005332.0
2025-10-20 21:00:00,0.00175,0.001764,0.001741,0.001744,50524523.0
2025-10-20 22:00:00,0.001745,0.001755,0.00174,0.00175,13997637.0
2025-10-20 23:00:00,0.00175,0.00175,0.00174,0.001742,33698099.0
2025-10-21 00:00:00,0.001741,0.001741,0.001722,0.001732,47705621.0
2025-10-21 01:00:00,0.001733,0.001739,0.001717,0.001724,59835429.0
2025-10-21 02:00:00,0.001724,0.001725,0.001699,0.001703,86122160.0
2025-10-21 03:00:00,0.001704,0.001709,0.001685,0.001689,45261398.0
2025-10-21 04:00:00,0.001689,0.001695,0.001654,0.001656,132677000.0
2025-10-21 05:00:00,0.001656,0.001674,0.001654,0.001665,68388453.0
2025-10-21 06:00:00,0.001664,0.001677,0.001657,0.001668,74877275.0
2025-10-21 07:00:00,0.001668,0.001679,0.001655,0.001678,61359845.0
2025-10-21 08:00:00,0.001677,0.001677,0.001642,0.001662,84730524.0
2025-10-21 09:00:00,0.001662,0.001662,0.001648,0.001651,27419959.0
2025-10-21 10:00:00,0.001649,0.001677,0.001648,0.001667,47953300.0
2025-10-21 11:00:00,0.001667,0.001673,0.00166,0.00167,27753704.0
2025-10-21 12:00:00,0.001669,0.001697,0.001666,0.001669,59562808.0
2025-10-21 13:00:00,0.001669,0.001691,0.001661,0.001677,114206386.0
2025-10-21 14:00:00,0.001678,0.001766,0.001677,0.001764,206240813.0
2025-10-21 15:00:00,0.001766,0.00179,0.001747,0.001781,292787960.0
2025-10-21 16:00:00,0.001781,0.001795,0.001747,0.001754,230608667.0
2025-10-21 17:00:00,0.001753,0.001774,0.001732,0.001754,190944842.0
2025-10-21 18:00:00,0.001754,0.001762,0.001739,0.001751,41177102.0
2025-10-21 19:00:00,0.001751,0.001751,0.001735,0.001735,35109082.0
2025-10-21 20:00:00,0.001736,0.001737,0.001708,0.001713,83768887.0
2025-10-21 21:00:00,0.001712,0.001718,0.001683,0.001708,80674015.0
2025-10-21 22:00:00,0.001709,0.00171,0.001661,0.001667,140835555.0
2025-10-21 23:00:00,0.001667,0.001671,0.001631,0.001638,126607489.0
2025-10-22 00:00:00,0.001638,0.001659,0.001633,0.001642,121055210.0
2025-10-22 01:00:00,0.001642,0.001657,0.001631,0.001646,104029338.0
2025-10-22 02:00:00,0.001647,0.001661,0.001643,0.001646,78555226.0
2025-10-22 03:00:00,0.001646,0.001647,0.001631,0.001644,68627624.0
2025-10-22 04:00:00,0.001643,0.001668,0.001642,0.001668,51612429.0
2025-10-22 05:00:00,0.001668,0.001668,0.001625,0.001648,102374812.0
2025-10-22 06:00:00,0.001647,0.001653,0.001639,0.00164,72188181.0
2025-10-22 07:00:00,0.001639,0.001656,0.001632,0.001653,76538861.0
2025-10-22 08:00:00,0.001652,0.001652,0.001637,0.00164,32282010.0
2025-10-22 09:00:00,0.00164,0.001644,0.001618,0.001624,55046787.0
2025-10-22 10:00:00,0.001624,0.001636,0.001617,0.001623,55983704.0
2025-10-22 11:00:00,0.001623,0.001631,0.001598,0.001616,315278952.0
2025-10-22 12:00:00,0.001616,0.001643,0.001614,0.00163,249267884.0
2025-10-22 13:00:00,0.00163,0.001658,0.00162,0.001655,111450928.0
2025-10-22 14:00:00,0.001654,0.001655,0.001615,0.001651,141460786.0
2025-10-22 15:00:00,0.001652,0.001661,0.001621,0.001637,78196052.0
2025-10-22 16:00:00,0.001637,0.001644,0.001617,0.001627,119549096.0
2025-10-22 17:00:00,0.001627,0.001631,0.001602,0.001611,80375986.0
2025-10-22 18:00:00,0.001611,0.001618,0.001596,0.001607,95548637.0
2025-10-22 19:00:00,0.001607,0.001627,0.001593,0.001609,158769740.0
2025-10-22 20:00:00,0.001609,0.001614,0.001579,0.001583,74576247.0
2025-10-22 21:00:00,0.001582,0.001584,0.001522,0.001555,243506017.0
2025-10-22 22:00:00,0.001554,0.001565,0.001543,0.001552,90562333.0
2025-10-22 23:00:00,0.001552,0.001591,0.001552,0.001586,74368420.0
2025-10-23 00:00:00,0.001586,0.001598,0.001582,0.001594,34318307.0
2025-10-23 01:00:00,0.001594,0.001603,0.001586,0.001589,40968401.0
2025-10-23 02:00:00,0.001589,0.0016,0.001587,0.001595,20087809.0
2025-10-23 03:00:00,0.001595,0.001604,0.001593,0.001599,21792952.0
2025-10-23 04:00:00,0.001598,0.001612,0.001593,0.001599,111137886.0
2025-10-23 05:00:00,0.001598,0.001603,0.001593,0.0016,20138326.0
2025-10-23 06:00:00,0.0016,0.001623,0.001597,0.001619,59913820.0
2025-10-23 07:00:00,0.001619,0.001622,0.001606,0.001608,59712696.0
2025-10-23 08:00:00,0.001609,0.00162,0.001608,0.001611,36139379.0
2025-10-23 09:00:00,0.001611,0.001616,0.001607,0.001615,39831714.0
2025-10-23 10:00:00,0.001616,0.001623,0.001607,0.001607,39316955.0
2025-10-23 11:00:00,0.001606,0.001607,0.001591,0.001595,54781397.0
2025-10-23 12:00:00,0.001594,0.001596,0.001577,0.001596,65514385.0
2025-10-23 13:00:00,0.001597,0.001619,0.001588,0.00161,67664169.0
2025-10-23 14:00:00,0.001611,0.001616,0.001591,0.001608,86218152.0
2025-10-23 15:00:00,0.001609,0.001645,0.001606,0.001632,128027408.0
2025-10-23 16:00:00,0.001633,0.001658,0.001628,0.001657,63179426.0
2025-10-23 17:00:00,0.001656,0.001661,0.001635,0.001654,98414915.0
2025-10-23 18:00:00,0.001656,0.001657,0.001629,0.001632,45232365.0
2025-10-23 19:00:00,0.001633,0.001645,0.001621,0.001641,56312900.0
2025-10-23 20:00:00,0.001642,0.001643,0.001617,0.001625,71879639.0
2025-10-23 21:00:00,0.001625,0.001639,0.001622,0.001628,29215169.0
2025-10-23 22:00:00,0.001629,0.001643,0.001629,0.001638,19628727.0
2025-10-23 23:00:00,0.001639,0.001645,0.001633,0.001643,9854333.0
2025-10-24 00:00:00,0.001643,0.001661,0.001635,0.001656,23794138.0
2025-10-24 01:00:00,0.001656,0.001659,0.001648,0.001655,19465814.0
2025-10-24 02:00:00,0.001656,0.001658,0.001644,0.00165,17924295.0
2025-10-24 03:00:00,0.00165,0.001652,0.001645,0.001651,18394444.0
2025-10-24 04:00:00,0.001651,0.00169,0.001648,0.001681,79037475.0
2025-10-24 05:00:00,0.001681,0.001685,0.00167,0.001676,54066074.0
2025-10-24 06:00:00,0.001677,0.001685,0.001673,0.001685,71307251.0
2025-10-24 07:00:00,0.001685,0.001686,0.001659,0.00167,38363679.0
2025-10-24 08:00:00,0.001671,0.001688,0.001665,0.00168,23677033.0
2025-10-24 09:00:00,0.001681,0.001683,0.001667,0.001674,26918487.0
2025-10-24 10:00:00,0.001673,0.001674,0.00166,0.001661,37638276.0
2025-10-24 11:00:00,0.001661,0.001663,0.001644,0.00166,60995721.0
2025-10-24 12:00:00,0.001661,0.00169,0.001653,0.001672,108788661.0
2025-10-24 13:00:00,0.001671,0.001675,0.00165,0.001666,66975429.0
2025-10-24 14:00:00,0.001665,0.001665,0.001635,0.001645,86850666.0
2025-10-24 15:00:00,0.001645,0.001657,0.001634,0.001639,40798872.0
2025-10-24 16:00:00,0.00164,0.001644,0.001628,0.001638,23165169.0
2025-10-24 17:00:00,0.001638,0.001656,0.001638,0.001648,19330575.0
2025-10-24 18:00:00,0.001647,0.001666,0.001646,0.001666,10531023.0
2025-10-24 19:00:00,0.001666,0.001682,0.001666,0.001678,40520608.0
2025-10-24 20:00:00,0.001677,0.001682,0.001674,0.001679,17834392.0
2025-10-24 21:00:00,0.00168,0.001687,0.001679,0.001684,41231003.0
2025-10-24 22:00:00,0.001685,0.001701,0.00168,0.001694,35685770.0
2025-10-24 23:00:00,0.001693,0.001704,0.001685,0.001697,46722456.0
2025-10-25 00:00:00,0.001696,0.001698,0.001676,0.001679,39520959.0
2025-10-25 01:00:00,0.00168,0.001688,0.001676,0.001684,8423614.0
2025-10-25 02:00:00,0.001684,0.001696,0.001678,0.001693,16649401.0
2025-10-25 03:00:00,0.001692,0.001692,0.001672,0.001675,9932588.0
2025-10-25 04:00:00,0.001675,0.001684,0.001671,0.001671,10776773.0
2025-10-25 05:00:00,0.001672,0.001672,0.001662,0.001668,10945109.0
2025-10-25 06:00:00,0.001669,0.001672,0.001661,0.001662,23848819.0
2025-10-25 07:00:00,0.001662,0.001676,0.00166,0.001662,14277697.0
2025-10-25 08:00:00,0.001663,0.001678,0.001662,0.001674,11536912.0
2025-10-25 09:00:00,0.001675,0.001675,0.001662,0.001663,14387762.0
2025-10-25 10:00:00,0.001663,0.001667,0.001656,0.001661,16003263.0
2025-10-25 11:00:00,0.001661,0.001671,0.001659,0.00167,10622771.0
2025-10-25 12:00:00,0.001669,0.001679,0.001669,0.001674,32656327.0
2025-10-25 13:00:00,0.001675,0.001676,0.001667,0.00167,17821459.0
2025-10-25 14:00:00,0.00167,0.00168,0.001667,0.001679,25684389.0
2025-10-25 15:00:00,0.001679,0.001681,0.001667,0.001674,35613856.0
2025-10-25 16:00:00,0.001675,0.001682,0.001668,0.001671,51828658.0
2025-10-25 17:00:00,0.001671,0.001677,0.001669,0.001673,7729894.0
2025-10-25 18:00:00,0.001672,0.001688,0.00167,0.001685,25845950.0
2025-10-25 19:00:00,0.001685,0.001694,0.00168,0.00169,12483798.0
2025-10-25 20:00:00,0.001691,0.001696,0.001686,0.001687,39490557.0
2025-10-25 21:00:00,0.001687,0.00169,0.001675,0.00168,18942176.0
2025-10-25 22:00:00,0.001681,0.001686,0.001676,0.001682,19998195.0
2025-10-25 23:00:00,0.001682,0.001682,0.001675,0.001675,7673277.0
2025-10-26 00:00:00,0.001676,0.001678,0.001664,0.001674,17669137.0
2025-10-26 01:00:00,0.001673,0.001674,0.001654,0.001662,35239956.0
2025-10-26 02:00:00,0.001662,0.001662,0.001646,0.001652,24568250.0
2025-10-26 03:00:00,0.001652,0.001655,0.001645,0.001652,17472081.0
2025-10-26 04:00:00,0.001652,0.001663,0.001651,0.001661,12082170.0
2025-10-26 05:00:00,0.001661,0.001671,0.001658,0.00167,12070831.0
2025-10-26 06:00:00,0.001669,0.001669,0.001659,0.001665,25030563.0
2025-10-26 07:00:00,0.001664,0.001669,0.001661,0.001666,24398824.0
2025-10-26 08:00:00,0.001666,0.001677,0.001666,0.001671,17431822.0
2025-10-26 09:00:00,0.001672,0.001695,0.001667,0.001684,78620479.0
2025-10-26 10:00:00,0.001684,0.001686,0.001676,0.001681,37935015.0
2025-10-26 11:00:00,0.001681,0.001711,0.001675,0.001707,76549939.0
2025-10-26 12:00:00,0.001708,0.001713,0.001699,0.001703,73241793.0
2025-10-26 13:00:00,0.001703,0.001715,0.001697,0.001708,55855979.0
2025-10-26 14:00:00,0.001708,0.001708,0.001698,0.001704,58127159.0
2025-10-26 15:00:00,0.001703,0.001716,0.001697,0.001715,91736383.0
2025-10-26 16:00:00,0.001715,0.001716,0.0017,0.001701,33711471.0
2025-10-26 17:00:00,0.001701,0.001705,0.001697,0.001703,45397467.0
2025-10-26 18:00:00,0.001703,0.00171,0.001702,0.001702,18504827.0
2025-10-26 19:00:00,0.001704,0.001704,0.001693,0.001698,28883009.0
2025-10-26 20:00:00,0.001698,0.001698,0.001686,0.001694,26147041.0
2025-10-26 21:00:00,0.001694,0.001716,0.001689,0.001713,62941420.0
2025-10-26 22:00:00,0.001714,0.001755,0.001714,0.001738,147948725.0
2025-10-26 23:00:00,0.001739,0.001744,0.001728,0.001728,38043999.0
2025-10-27 00:00:00,0.00173,0.00174,0.001726,0.001736,56867039.0
2025-10-27 01:00:00,0.001735,0.001751,0.001733,0.001749,45054071.0
2025-10-27 02:00:00,0.001748,0.001753,0.001738,0.001745,35556621.0
2025-10-27 03:00:00,0.001744,0.001746,0.001736,0.00174,29757376.0
2025-10-27 04:00:00,0.00174,0.001742,0.001733,0.001736,22286375.0
2025-10-27 05:00:00,0.001736,0.001762,0.001732,0.001743,50992549.0
2025-10-27 06:00:00,0.001742,0.00175,0.001731,0.00174,67223431.0
2025-10-27 07:00:00,0.001742,0.001744,0.001709,0.001724,67207348.0
2025-10-27 08:00:00,0.001725,0.001725,0.001696,0.001698,74809334.0
2025-10-27 09:00:00,0.001698,0.001699,0.001668,0.001674,89586556.0
2025-10-27 10:00:00,0.001674,0.001686,0.00167,0.00168,59619271.0
2025-10-27 11:00:00,0.00168,0.001687,0.001669,0.001685,75293307.0
2025-10-27 12:00:00,0.001686,0.00169,0.001667,0.001669,39361189.0
2025-10-27 13:00:00,0.001669,0.001682,0.001653,0.001676,84738147.0
2025-10-27 14:00:00,0.001677,0.001679,0.001654,0.001668,90838933.0
2025-10-27 15:00:00,0.001668,0.001692,0.001668,0.001678,67951533.0
2025-10-27 16:00:00,0.001678,0.001716,0.001678,0.001716,90464454.0
2025-10-27 17:00:00,0.001716,0.00172,0.001706,0.001711,62749195.0
2025-10-27 18:00:00,0.001711,0.001722,0.001707,0.001712,49633363.0
2025-10-27 19:00:00,0.001711,0.001713,0.001685,0.001687,62833734.0
2025-10-27 20:00:00,0.001688,0.001688,0.001671,0.001674,78225596.0
2025-10-27 21:00:00,0.001673,0.001686,0.001666,0.00167,36288468.0
2025-10-27 22:00:00,0.00167,0.001678,0.001659,0.00166,27065285.0
2025-10-27 23:00:00,0.00166,0.001663,0.001646,0.001655,34069777.0
2025-10-28 00:00:00,0.001655,0.001663,0.001647,0.001655,50409265.0
2025-10-28 01:00:00,0.001656,0.001668,0.001656,0.001661,25451485.0
2025-10-28 02:00:00,0.001662,0.001668,0.001638,0.001654,61002950.0
2025-10-28 03:00:00,0.001653,0.001658,0.00164,0.001648,45581164.0
2025-10-28 04:00:00,0.001647,0.001666,0.001644,0.001661,27326333.0
2025-10-28 05:00:00,0.00166,0.00167,0.001635,0.001639,64224080.0
2025-10-28 06:00:00,0.001639,0.001678,0.001635,0.001675,46214412.0
2025-10-28 07:00:00,0.001676,0.001681,0.001651,0.001653,105135609.0
2025-10-28 08:00:00,0.001654,0.001669,0.001649,0.001662,45070657.0
2025-10-28 09:00:00,0.001662,0.001667,0.001653,0.001659,42957653.0
2025-10-28 10:00:00,0.001659,0.001665,0.001654,0.001665,22610042.0
2025-10-28 11:00:00,0.001666,0.001679,0.001662,0.001663,42563114.0
2025-10-28 12:00:00,0.001662,0.001677,0.001656,0.001674,42459578.0
2025-10-28 13:00:00,0.001675,0.001699,0.001675,0.001692,76041228.0
2025-10-28 14:00:00,0.001692,0.001701,0.001638,0.001671,158682567.0
2025-10-28 15:00:00,0.001672,0.001685,0.001656,0.001664,68809902.0
2025-10-28 16:00:00,0.001664,0.001684,0.001656,0.001675,91159149.0
2025-10-28 17:00:00,0.001675,0.001679,0.001665,0.001671,30675506.0
2025-10-28 18:00:00,0.00167,0.001677,0.001658,0.001662,76216587.0
2025-10-28 19:00:00,0.001663,0.001664,0.001606,0.001613,176295375.0
2025-10-28 20:00:00,0.001613,0.001613,0.001569,0.001577,271868762.0
2025-10-28 21:00:00,0.001577,0.001587,0.001555,0.001574,118035081.0
2025-10-28 22:00:00,0.001574,0.001596,0.001567,0.001592,35355101.0
2025-10-28 23:00:00,0.001591,0.001592,0.001582,0.001589,37638452.0
2025-10-29 00:00:00,0.001588,0.001602,0.001585,0.001592,41811148.0
2025-10-29 01:00:00,0.001591,0.001604,0.001587,0.001594,48141301.0
2025-10-29 02:00:00,0.001593,0.001599,0.001588,0.001595,20146558.0
2025-10-29 03:00:00,0.001594,0.001594,0.00158,0.001583,40345114.0
2025-10-29 04:00:00,0.001583,0.001596,0.001581,0.001588,32412754.0
2025-10-29 05:00:00,0.001588,0.001606,0.001584,0.001602,62439124.0
2025-10-29 06:00:00,0.001601,0.001606,0.001594,0.001599,19873249.0
2025-10-29 07:00:00,0.001599,0.001604,0.00159,0.001596,45525335.0
2025-10-29 08:00:00,0.001596,0.001599,0.001583,0.001586,60510434.0
2025-10-29 09:00:00,0.001586,0.001598,0.00158,0.001591,36559932.0
2025-10-29 10:00:00,0.00159,0.001613,0.001589,0.001605,58141246.0
2025-10-29 11:00:00,0.001606,0.00162,0.001603,0.001619,33735634.0
2025-10-29 12:00:00,0.001618,0.001627,0.001616,0.001622,19831531.0
2025-10-29 13:00:00,0.001623,0.001648,0.001623,0.00163,64625079.0
2025-10-29 14:00:00,0.00163,0.001634,0.001607,0.00162,45974357.0
2025-10-29 15:00:00,0.00162,0.001624,0.001567,0.001583,131470695.0
2025-10-29 16:00:00,0.001581,0.001601,0.001571,0.001581,62547719.0
2025-10-29 17:00:00,0.001581,0.001642,0.001581,0.001642,52856029.0
2025-10-29 18:00:00,0.001642,0.001649,0.001542,0.001603,403974802.0
2025-10-29 19:00:00,0.001605,0.001632,0.001593,0.001615,228373742.0
2025-10-29 20:00:00,0.001615,0.001694,0.001604,0.001689,263553919.0
2025-10-29 21:00:00,0.001689,0.001689,0.001642,0.001647,123602137.0
2025-10-29 22:00:00,0.001646,0.001653,0.001633,0.001643,52915174.0
2025-10-29 23:00:00,0.001642,0.001644,0.0016,0.001611,52648918.0
2025-10-30 00:00:00,0.001611,0.001623,0.001599,0.00162,27723858.0
2025-10-30 01:00:00,0.00162,0.001633,0.001607,0.00162,115617504.0
2025-10-30 02:00:00,0.001619,0.00164,0.001616,0.001634,22704072.0
2025-10-30 03:00:00,0.001635,0.001635,0.001612,0.001619,28734263.0
2025-10-30 04:00:00,0.001618,0.001618,0.001541,0.001554,176852619.0
2025-10-30 05:00:00,0.001553,0.001591,0.001545,0.001586,50752476.0
2025-10-30 06:00:00,0.001586,0.001587,0.00157,0.001576,28815371.0
2025-10-30 07:00:00,0.001576,0.001593,0.001573,0.001589,47138116.0
2025-10-30 08:00:00,0.001588,0.001588,0.001561,0.001562,43914131.0
2025-10-30 09:00:00,0.001562,0.001566,0.001546,0.00155,53674095.0
2025-10-30 10:00:00,0.001549,0.001555,0.001537,0.001545,57646457.0
2025-10-30 11:00:00,0.001545,0.001551,0.001534,0.001535,47742769.0
2025-10-30 12:00:00,0.001535,0.00154,0.001497,0.001513,139397789.0
2025-10-30 13:00:00,0.001511,0.001517,0.00146,0.001462,173706916.0
2025-10-30 14:00:00,0.001462,0.001485,0.001454,0.001477,260975768.0
2025-10-30 15:00:00,0.001476,0.00148,0.001442,0.001477,311252649.0
2025-10-30 16:00:00,0.001477,0.001511,0.001465,0.001479,260702555.0
2025-10-30 17:00:00,0.001478,0.001481,0.001434,0.001472,719694830.0
2025-10-30 18:00:00,0.001477,0.001477,0.001454,0.001458,68171816.0
2025-10-30 19:00:00,0.001459,0.001463,0.001439,0.001452,95497482.0
2025-10-30 20:00:00,0.001452,0.001474,0.001445,0.00147,45058905.0
2025-10-30 21:00:00,0.00147,0.00148,0.001461,0.001475,24464402.0
2025-10-30 22:00:00,0.001475,0.001487,0.00147,0.001487,17470377.0
2025-10-30 23:00:00,0.001488,0.001497,0.00148,0.001497,38113078.0
2025-10-31 00:00:00,0.001495,0.001515,0.001488,0.001507,33470626.0
2025-10-31 01:00:00,0.001509,0.001531,0.001504,0.001524,44334926.0
2025-10-31 02:00:00,0.001524,0.001524,0.001506,0.001513,28505717.0
2025-10-31 03:00:00,0.001513,0.001522,0.001506,0.001519,23321563.0
2025-10-31 04:00:00,0.00152,0.001538,0.00152,0.001529,35931111.0
2025-10-31 05:00:00,0.001529,0.00153,0.001519,0.00152,10260055.0
2025-10-31 06:00:00,0.00152,0.001522,0.00151,0.001513,16785368.0
2025-10-31 07:00:00,0.001513,0.00152,0.001509,0.001515,16708853.0
2025-10-31 08:00:00,0.001514,0.001519,0.001501,0.001519,23152508.0
2025-10-31 09:00:00,0.001519,0.001525,0.00151,0.001513,28995525.0
2025-10-31 10:00:00,0.001515,0.001522,0.001513,0.001513,13766369.0
2025-10-31 11:00:00,0.001513,0.001541,0.001506,0.001541,88554369.0
2025-10-31 12:00:00,0.00154,0.00155,0.001528,0.001528,100399471.0
2025-10-31 13:00:00,0.001529,0.001542,0.001519,0.001539,66554821.0
2025-10-31 14:00:00,0.00154,0.001557,0.001528,0.001553,96162578.0
2025-10-31 15:00:00,0.001553,0.001565,0.001546,0.00155,75352656.0
2025-10-31 16:00:00,0.001549,0.001553,0.001503,0.001507,106573964.0
2025-10-31 17:00:00,0.001506,0.001515,0.001483,0.001503,100890045.0
2025-10-31 18:00:00,0.001504,0.001527,0.001498,0.001518,85278082.0
2025-10-31 19:00:00,0.001517,0.001565,0.001507,0.001556,95493486.0
2025-10-31 20:00:00,0.001556,0.00156,0.001535,0.001536,68583391.0
2025-10-31 21:00:00,0.001536,0.001539,0.001523,0.001527,52277728.0
2025-10-31 22:00:00,0.001526,0.001546,0.001526,0.001533,40614428.0
2025-10-31 23:00:00,0.001533,0.001543,0.001531,0.001538,11718810.0
2025-11-01 00:00:00,0.001537,0.001537,0.001524,0.001533,36001606.0
2025-11-01 01:00:00,0.001532,0.001548,0.001531,0.001531,30917227.0
2025-11-01 02:00:00,0.00153,0.001543,0.001518,0.001543,31110511.0
2025-11-01 03:00:00,0.001544,0.001558,0.001538,0.001556,51771814.0
2025-11-01 04:00:00,0.001557,0.001557,0.001543,0.001545,31197769.0
2025-11-01 05:00:00,0.001545,0.001546,0.001535,0.001539,31127589.0
2025-11-01 06:00:00,0.001539,0.001546,0.001536,0.001544,23130762.0
2025-11-01 07:00:00,0.001545,0.001569,0.00154,0.001562,78075072.0
2025-11-01 08:00:00,0.001563,0.001575,0.001555,0.001575,67974398.0
2025-11-01 09:00:00,0.001574,0.001575,0.001551,0.001553,39267470.0
2025-11-01 10:00:00,0.001553,0.001563,0.00155,0.00156,28407858.0
2025-11-01 11:00:00,0.001561,0.001567,0.001551,0.00156,20878502.0
2025-11-01 12:00:00,0.001561,0.001569,0.001561,0.001564,16675509.0
2025-11-01 13:00:00,0.001564,0.00157,0.001546,0.00156,26178953.0
2025-11-01 14:00:00,0.00156,0.001565,0.001542,0.001553,35277662.0
2025-11-01 15:00:00,0.001552,0.001572,0.00155,0.001571,34457703.0
2025-11-01 16:00:00,0.001571,0.001579,0.001564,0.001566,49706101.0
2025-11-01 17:00:00,0.001566,0.001571,0.001561,0.001567,35704337.0
2025-11-01 18:00:00,0.001568,0.00157,0.001558,0.001567,31325448.0
2025-11-01 19:00:00,0.001566,0.001566,0.001558,0.001563,11873918.0
2025-11-01 20:00:00,0.001563,0.001582,0.001563,0.001575,46291185.0
2025-11-01 21:00:00,0.001576,0.001579,0.001554,0.001554,26972217.0
2025-11-01 22:00:00,0.001553,0.001563,0.001553,0.001563,27657133.0
2025-11-01 23:00:00,0.001563,0.001573,0.001561,0.001571,12898489.0
2025-11-02 00:00:00,0.001571,0.001574,0.001554,0.001554,25549534.0
2025-11-02 01:00:00,0.001554,0.001563,0.001552,0.001559,14436529.0
2025-11-02 02:00:00,0.00156,0.001569,0.001555,0.001558,23542069.0
2025-11-02 03:00:00,0.001557,0.001561,0.001549,0.001554,30498545.0
2025-11-02 04:00:00,0.001553,0.00158,0.001553,0.001578,34574588.0
2025-11-02 05:00:00,0.001578,0.001582,0.001563,0.001582,32600157.0
2025-11-02 06:00:00,0.001582,0.001586,0.001572,0.001581,56288215.0
2025-11-02 07:00:00,0.001582,0.001585,0.001574,0.001578,42414748.0
2025-11-02 08:00:00,0.001578,0.001579,0.001563,0.001565,30690967.0
2025-11-02 09:00:00,0.001566,0.001572,0.001549,0.00155,40977607.0
2025-11-02 10:00:00,0.00155,0.001558,0.001538,0.001545,51436224.0
2025-11-02 11:00:00,0.001545,0.00156,0.001538,0.001559,34029418.0
2025-11-02 12:00:00,0.001559,0.00156,0.001545,0.001547,23654493.0
2025-11-02 13:00:00,0.001546,0.001547,0.001524,0.001525,65528105.0
2025-11-02 14:00:00,0.001525,0.001531,0.001487,0.001492,165966961.0
2025-11-02 15:00:00,0.001492,0.001511,0.001481,0.001495,154030323.0
2025-11-02 16:00:00,0.001494,0.001504,0.001475,0.001503,99245958.0
2025-11-02 17:00:00,0.001503,0.001505,0.001492,0.001502,38460021.0
2025-11-02 18:00:00,0.001502,0.001505,0.001491,0.001491,40446556.0
2025-11-02 19:00:00,0.00149,0.001497,0.001481,0.00149,31697565.0
2025-11-02 20:00:00,0.00149,0.001498,0.001486,0.001497,32941801.0
2025-11-02 21:00:00,0.001498,0.001504,0.001492,0.001498,51492201.0
2025-11-02 22:00:00,0.001497,0.001511,0.001495,0.001509,70578591.0
2025-11-02 23:00:00,0.001509,0.00155,0.001509,0.001545,82570025.0
2025-11-03 00:00:00,0.001544,0.001544,0.001515,0.001515,43803348.0
2025-11-03 01:00:00,0.001514,0.001517,0.001487,0.001494,30135389.0
2025-11-03 02:00:00,0.001494,0.001507,0.001478,0.0015,302981123.0
2025-11-03 03:00:00,0.0015,0.001507,0.001464,0.001474,310686872.0
2025-11-03 04:00:00,0.001474,0.001482,0.00146,0.001479,243155025.0
2025-11-03 05:00:00,0.001478,0.001497,0.001464,0.001466,70970083.0
2025-11-03 06:00:00,0.001466,0.001471,0.001421,0.001447,199297458.0
2025-11-03 07:00:00,0.001446,0.001462,0.001439,0.001451,79431187.0
2025-11-03 08:00:00,0.00145,0.001465,0.001438,0.00146,113557287.0
2025-11-03 09:00:00,0.00146,0.001483,0.001449,0.001451,55048271.0
2025-11-03 10:00:00,0.00145,0.001471,0.001449,0.001459,102036563.0
2025-11-03 11:00:00,0.001459,0.001485,0.001457,0.001473,128059085.0
2025-11-03 12:00:00,0.001473,0.001492,0.001469,0.00148,63941796.0
2025-11-03 13:00:00,0.001479,0.00148,0.00145,0.001457,97068504.0
2025-11-03 14:00:00,0.001458,0.001479,0.001453,0.001469,47082659.0
2025-11-03 15:00:00,0.00147,0.001472,0.001278,0.001316,1159516362.0
2025-11-03 16:00:00,0.001316,0.001397,0.001309,0.00139,291909329.0
2025-11-03 17:00:00,0.001391,0.00145,0.001391,0.001441,406717491.0
2025-11-03 18:00:00,0.00144,0.001441,0.001406,0.001407,63954416.0
2025-11-03 19:00:00,0.001408,0.001413,0.001391,0.001392,54621038.0
2025-11-03 20:00:00,0.001393,0.001393,0.001355,0.001364,98315124.0
2025-11-03 21:00:00,0.001363,0.001391,0.001353,0.00139,64369272.0
2025-11-03 22:00:00,0.00139,0.001394,0.00137,0.001382,41014380.0
2025-11-03 23:00:00,0.001381,0.001391,0.001367,0.001385,22632511.0
2025-11-04 00:00:00,0.001385,0.001414,0.001374,0.001405,45048420.0
2025-11-04 01:00:00,0.001406,0.001416,0.001394,0.001408,34429086.0
2025-11-04 02:00:00,0.001407,0.001411,0.001397,0.001408,61836067.0
2025-11-04 03:00:00,0.001408,0.001425,0.001402,0.001425,25152022.0
2025-11-04 04:00:00,0.001425,0.001457,0.001423,0.001438,132151519.0
2025-11-04 05:00:00,0.001438,0.001448,0.001365,0.001367,262447964.0
2025-11-04 06:00:00,0.001366,0.001427,0.001365,0.001384,117288817.0
2025-11-04 07:00:00,0.001383,0.001389,0.001346,0.001358,130723443.0
2025-11-04 08:00:00,0.001358,0.001403,0.001355,0.001391,65984213.0
2025-11-04 09:00:00,0.001391,0.001402,0.001386,0.001395,28983997.0
2025-11-04 10:00:00,0.001396,0.001406,0.00139,0.001392,32862961.0
2025-11-04 11:00:00,0.001392,0.001404,0.001377,0.001381,35917450.0
2025-11-04 12:00:00,0.001381,0.001384,0.001362,0.001369,35575371.0
2025-11-04 13:00:00,0.001369,0.001374,0.001351,0.001366,29504202.0
2025-11-04 14:00:00,0.001365,0.00142,0.001352,0.001406,133843840.0
2025-11-04 15:00:00,0.001407,0.00142,0.001377,0.001381,143362668.0
2025-11-04 16:00:00,0.001381,0.001397,0.001344,0.001353,127089217.0
2025-11-04 17:00:00,0.001353,0.001374,0.001311,0.00136,167498179.0
2025-11-04 18:00:00,0.001359,0.001359,0.001298,0.001346,169878063.0
2025-11-04 19:00:00,0.001346,0.001358,0.001322,0.001325,57550029.0
2025-11-04 20:00:00,0.001326,0.001345,0.00125,0.001322,299942264.0
2025-11-04 21:00:00,0.001323,0.00133,0.001251,0.00132,193047811.0
2025-11-04 22:00:00,0.001321,0.001347,0.001312,0.001344,95450294.0
2025-11-04 23:00:00,0.001344,0.001359,0.001338,0.001341,47410321.0
2025-11-05 00:00:00,0.001341,0.001348,0.001317,0.001322,34210996.0
2025-11-05 01:00:00,0.001323,0.001325,0.001263,0.001318,99088795.0
2025-11-05 02:00:00,0.001319,0.001373,0.001319,0.001369,68493365.0
2025-11-05 03:00:00,0.001369,0.001381,0.001361,0.001374,44242534.0
2025-11-05 04:00:00,0.001374,0.001381,0.001361,0.001371,37793861.0
2025-11-05 05:00:00,0.001372,0.001382,0.001371,0.001377,26550804.0
2025-11-05 06:00:00,0.001376,0.001378,0.001364,0.001375,32995293.0
2025-11-05 07:00:00,0.001375,0.001375,0.00136,0.001373,17013536.0
2025-11-05 08:00:00,0.001372,0.001372,0.001342,0.001353,28335956.0
2025-11-05 09:00:00,0.001352,0.001365,0.001349,0.001362,18543665.0
2025-11-05 10:00:00,0.001361,0.001362,0.001338,0.001339,28637156.0
2025-11-05 11:00:00,0.001338,0.001378,0.001338,0.001378,30918834.0
2025-11-05 12:00:00,0.001377,0.001391,0.001375,0.001386,78616701.0
2025-11-05 13:00:00,0.001386,0.001398,0.001373,0.00139,54483024.0
2025-11-05 14:00:00,0.001391,0.001401,0.001366,0.00139,66930124.0
2025-11-05 15:00:00,0.00139,0.001411,0.001384,0.001411,67078069.0
2025-11-05 16:00:00,0.00141,0.001419,0.001388,0.001416,99306124.0
2025-11-05 17:00:00,0.001416,0.001431,0.001408,0.001431,86791929.0
2025-11-05 18:00:00,0.001431,0.001453,0.001426,0.001449,68863460.0
2025-11-05 19:00:00,0.001449,0.001455,0.001438,0.001439,73552545.0
2025-11-05 20:00:00,0.001438,0.001448,0.001423,0.001428,49683674.0
2025-11-05 21:00:00,0.001428,0.001437,0.001418,0.001429,66343026.0
2025-11-05 22:00:00,0.001429,0.001434,0.001417,0.001434,41280362.0
2025-11-05 23:00:00,0.001435,0.001436,0.001423,0.001429,40788408.0
2025-11-06 00:00:00,0.001429,0.001429,0.001417,0.001423,24176655.0
2025-11-06 01:00:00,0.001422,0.001422,0.001396,0.001413,26794601.0
2025-11-06 02:00:00,0.001413,0.001427,0.001399,0.001421,23350826.0
2025-11-06 03:00:00,0.001421,0.001435,0.001421,0.001423,47999052.0
2025-11-06 04:00:00,0.001423,0.001434,0.001422,0.001428,29794409.0
2025-11-06 05:00:00,0.001427,0.001427,0.001389,0.001392,33655065.0
2025-11-06 06:00:00,0.001393,0.001412,0.001391,0.001406,47814983.0
2025-11-06 07:00:00,0.001406,0.001414,0.001395,0.001406,40278156.0
2025-11-06 08:00:00,0.001405,0.001416,0.0014,0.001416,44516237.0
2025-11-06 09:00:00,0.001416,0.001426,0.001412,0.001416,88325217.0
2025-11-06 10:00:00,0.001416,0.00143,0.001404,0.001418,60522191.0
2025-11-06 11:00:00,0.001417,0.001425,0.001406,0.001422,30162896.0
2025-11-06 12:00:00,0.001422,0.001428,0.001402,0.001407,63410242.0
2025-11-06 13:00:00,0.001406,0.001449,0.001405,0.001438,75247543.0
2025-11-06 14:00:00,0.001439,0.001446,0.00141,0.001417,83681049.0
2025-11-06 15:00:00,0.001417,0.001442,0.001387,0.001399,104860166.0
2025-11-06 16:00:00,0.001399,0.001408,0.001361,0.001382,124330967.0
2025-11-06 17:00:00,0.001382,0.001415,0.00138,0.00141,89436036.0
2025-11-06 18:00:00,0.00141,0.00143,0.001387,0.001412,47348213.0
2025-11-06 19:00:00,0.001412,0.001428,0.001404,0.001423,146544956.0
2025-11-06 20:00:00,0.001423,0.001431,0.001394,0.001406,105757083.0
2025-11-06 21:00:00,0.001405,0.001433,0.001401,0.001424,62178861.0
2025-11-06 22:00:00,0.001424,0.001431,0.001402,0.001428,47339270.0
2025-11-06 23:00:00,0.001427,0.001427,0.001399,0.001421,56098071.0
2025-11-07 00:00:00,0.001422,0.001459,0.001422,0.001456,98297717.0
2025-11-07 01:00:00,0.001457,0.001481,0.001442,0.001469,133835741.0
2025-11-07 02:00:00,0.001468,0.001472,0.001449,0.001467,48172717.0
2025-11-07 03:00:00,0.001468,0.001483,0.001461,0.001466,59164331.0
2025-11-07 04:00:00,0.001465,0.001472,0.001452,0.001468,37363309.0
2025-11-07 05:00:00,0.001467,0.001514,0.001467,0.001509,102454372.0
2025-11-07 06:00:00,0.001509,0.001517,0.00149,0.001492,98731722.0
2025-11-07 07:00:00,0.001491,0.00152,0.00149,0.00152,129158604.0
2025-11-07 08:00:00,0.00152,0.001523,0.001504,0.001513,56117292.0
2025-11-07 09:00:00,0.001512,0.001517,0.001475,0.001501,74836691.0
2025-11-07 10:00:00,0.001501,0.001518,0.001485,0.001497,68833803.0
2025-11-07 11:00:00,0.001496,0.001496,0.001457,0.001482,100689037.0
2025-11-07 12:00:00,0.001482,0.001488,0.001437,0.001448,89330059.0
2025-11-07 13:00:00,0.001448,0.001492,0.001442,0.001483,105884064.0
2025-11-07 14:00:00,0.001483,0.001542,0.001461,0.00154,305577556.0
2025-11-07 15:00:00,0.001541,0.001648,0.001525,0.001617,733382483.0
2025-11-07 16:00:00,0.001617,0.001761,0.001608,0.001758,584443243.0
2025-11-07 17:00:00,0.001758,0.001902,0.001741,0.001829,1945314650.0
2025-11-07 18:00:00,0.00183,0.001836,0.001785,0.001792,408990999.0
2025-11-07 19:00:00,0.001791,0.001803,0.001769,0.001795,179756698.0
2025-11-07 20:00:00,0.001795,0.001819,0.00179,0.001794,186143799.0
2025-11-07 21:00:00,0.001795,0.001828,0.001772,0.001774,118125743.0
2025-11-07 22:00:00,0.001775,0.001781,0.001758,0.001766,78589407.0
2025-11-07 23:00:00,0.001766,0.001766,0.001699,0.001708,162431554.0
2025-11-08 00:00:00,0.001708,0.001782,0.001679,0.001679,307495434.0
2025-11-08 01:00:00,0.001679,0.001714,0.001678,0.001706,89779778.0
2025-11-08 02:00:00,0.001706,0.001722,0.001696,0.0017,96710140.0
2025-11-08 03:00:00,0.001699,0.001723,0.001671,0.001674,148788732.0
2025-11-08 04:00:00,0.001675,0.001694,0.001665,0.001671,123838273.0
2025-11-08 05:00:00,0.001671,0.001678,0.001633,0.001634,153387104.0
2025-11-08 06:00:00,0.001635,0.001659,0.001607,0.001619,271235798.0
2025-11-08 07:00:00,0.001619,0.001642,0.001607,0.001633,93816520.0
2025-11-08 08:00:00,0.001633,0.001658,0.001609,0.001653,188279124.0
2025-11-08 09:00:00,0.001653,0.001665,0.001629,0.001634,105926969.0
2025-11-08 10:00:00,0.001634,0.001658,0.001632,0.001654,56880291.0
2025-11-08 11:00:00,0.001654,0.001678,0.001652,0.00166,55688924.0
2025-11-08 12:00:00,0.001659,0.001677,0.001653,0.001668,79273097.0
2025-11-08 13:00:00,0.001669,0.00167,0.001633,0.001639,113060630.0
2025-11-08 14:00:00,0.00164,0.001657,0.001619,0.001655,123834969.0
2025-11-08 15:00:00,0.001654,0.001661,0.001596,0.001607,117807050.0
2025-11-08 16:00:00,0.001607,0.00162,0.001594,0.001612,104919080.0
2025-11-08 17:00:00,0.001612,0.001628,0.001609,0.001623,84605967.0
2025-11-08 18:00:00,0.001623,0.001634,0.001621,0.001631,79853341.0
2025-11-08 19:00:00,0.00163,0.001631,0.001603,0.00162,32067441.0
2025-11-08 20:00:00,0.00162,0.001641,0.00161,0.001633,66273812.0
2025-11-08 21:00:00,0.001632,0.001634,0.001624,0.001627,11458301.0
2025-11-08 22:00:00,0.001627,0.001646,0.001624,0.001634,42090499.0
2025-11-08 23:00:00,0.001634,0.001644,0.001632,0.001642,20412736.0
2025-11-09 00:00:00,0.001641,0.001648,0.001618,0.001622,45162763.0
2025-11-09 01:00:00,0.001622,0.00164,0.00162,0.001631,33264676.0
2025-11-09 02:00:00,0.00163,0.00163,0.001563,0.001571,89216522.0
2025-11-09 03:00:00,0.001572,0.001577,0.00154,0.001552,102480278.0
2025-11-09 04:00:00,0.001552,0.001581,0.001552,0.001572,52710795.0
2025-11-09 05:00:00,0.001572,0.001576,0.001562,0.001573,19504624.0
2025-11-09 06:00:00,0.001572,0.001586,0.001565,0.001569,36531867.0
2025-11-09 07:00:00,0.001569,0.001602,0.001569,0.001598,49166750.0
2025-11-09 08:00:00,0.001598,0.001603,0.001579,0.001589,17796657.0
2025-11-09 09:00:00,0.001589,0.00161,0.001565,0.001569,116050084.0
2025-11-09 10:00:00,0.001569,0.00159,0.001556,0.00159,55713814.0
2025-11-09 11:00:00,0.00159,0.001606,0.00159,0.001599,55125820.0
2025-11-09 12:00:00,0.001599,0.001606,0.001591,0.001591,54606398.0
2025-11-09 13:00:00,0.00159,0.001607,0.001585,0.001599,48733928.0
2025-11-09 14:00:00,0.001599,0.001638,0.001591,0.001616,145737015.0
2025-11-09 15:00:00,0.001617,0.001659,0.001617,0.001656,96032651.0
2025-11-09 16:00:00,0.001657,0.001666,0.001641,0.001649,116248450.0
2025-11-09 17:00:00,0.00165,0.001654,0.001631,0.001639,51600191.0
2025-11-09 18:00:00,0.001639,0.001658,0.001628,0.001658,39947394.0
2025-11-09 19:00:00,0.001657,0.00167,0.001649,0.001669,68664066.0
2025-11-09 20:00:00,0.00167,0.001674,0.001651,0.001654,61506950.0
2025-11-09 21:00:00,0.001654,0.001661,0.001648,0.001651,24464445.0
2025-11-09 22:00:00,0.001652,0.001655,0.001634,0.00165,27310270.0
2025-11-09 23:00:00,0.001651,0.001665,0.001637,0.001648,46562468.0
2025-11-10 00:00:00,0.001648,0.00169,0.001635,0.001678,102339890.0
2025-11-10 01:00:00,0.001678,0.001684,0.001664,0.001665,56903426.0
2025-11-10 02:00:00,0.001664,0.001681,0.001661,0.001673,49948462.0
2025-11-10 03:00:00,0.001674,0.001687,0.001666,0.001671,56893618.0
2025-11-10 04:00:00,0.001671,0.001687,0.001666,0.001683,39081286.0
2025-11-10 05:00:00,0.001682,0.00169,0.001663,0.001679,38777551.0
2025-11-10 06:00:00,0.001679,0.001685,0.00166,0.001667,19866615.0
2025-11-10 07:00:00,0.001668,0.001677,0.00166,0.001668,33122887.0
2025-11-10 08:00:00,0.001669,0.001675,0.001651,0.001658,29589074.0
2025-11-10 09:00:00,0.001658,0.001727,0.001658,0.001719,155069382.0
2025-11-10 10:00:00,0.00172,0.001751,0.001688,0.001693,166873092.0
2025-11-10 11:00:00,0.001694,0.001724,0.001691,0.001709,69074580.0
2025-11-10 12:00:00,0.00171,0.001712,0.00169,0.001695,31382545.0
2025-11-10 13:00:00,0.001695,0.001714,0.00169,0.001701,67121536.0
2025-11-10 14:00:00,0.0017,0.0017,0.001641,0.001659,124663528.0
2025-11-10 15:00:00,0.001659,0.001695,0.001659,0.001677,89986696.0
2025-11-10 16:00:00,0.001678,0.001691,0.001649,0.001657,57868579.0
2025-11-10 17:00:00,0.001657,0.001693,0.001655,0.001684,77419755.0
2025-11-10 18:00:00,0.001684,0.001688,0.001668,0.001668,54078220.0
2025-11-10 19:00:00,0.001667,0.001706,0.001667,0.001689,79942119.0
2025-11-10 20:00:00,0.00169,0.00171,0.001685,0.001687,60454091.0
2025-11-10 21:00:00,0.001687,0.001688,0.001664,0.001676,61745108.0
2025-11-10 22:00:00,0.001677,0.001713,0.00166,0.001707,68542944.0
2025-11-10 23:00:00,0.001707,0.001708,0.001676,0.001685,37439880.0
2025-11-11 00:00:00,0.001685,0.00169,0.001646,0.00166,68867238.0
2025-11-11 01:00:00,0.001662,0.001709,0.001659,0.001664,74208377.0
2025-11-11 02:00:00,0.001665,0.001698,0.00165,0.001684,57847138.0
2025-11-11 03:00:00,0.001683,0.001696,0.001683,0.001687,65992648.0
2025-11-11 04:00:00,0.001688,0.001691,0.001655,0.001658,54104947.0
2025-11-11 05:00:00,0.001659,0.001659,0.001628,0.001629,95653136.0
2025-11-11 06:00:00,0.00163,0.001647,0.00162,0.001637,66091734.0
2025-11-11 07:00:00,0.001636,0.001636,0.001594,0.001594,76198210.0
2025-11-11 08:00:00,0.001594,0.001612,0.00159,0.001611,50257630.0
2025-11-11 09:00:00,0.001611,0.001622,0.001591,0.001594,39183472.0
2025-11-11 10:00:00,0.001593,0.001608,0.001589,0.001604,38125583.0
2025-11-11 11:00:00,0.001604,0.001618,0.001598,0.001608,49115894.0
2025-11-11 12:00:00,0.001608,0.001621,0.001584,0.001598,49890491.0
2025-11-11 13:00:00,0.001597,0.00162,0.001597,0.001601,77861409.0
2025-11-11 14:00:00,0.001602,0.001629,0.001586,0.001629,111547772.0
2025-11-11 15:00:00,0.001628,0.001628,0.001596,0.001603,110818374.0
2025-11-11 16:00:00,0.001602,0.001628,0.001594,0.001617,121522381.0
2025-11-11 17:00:00,0.001617,0.00163,0.001596,0.001607,110352732.0
2025-11-11 18:00:00,0.001607,0.001614,0.001584,0.001595,97731662.0
2025-11-11 19:00:00,0.001595,0.001595,0.001566,0.00157,75261212.0
2025-11-11 20:00:00,0.00157,0.001577,0.001547,0.001551,132472524.0
2025-11-11 21:00:00,0.001552,0.001568,0.001545,0.001553,60925282.0
2025-11-11 22:00:00,0.001553,0.001568,0.001536,0.001564,50027773.0
2025-11-11 23:00:00,0.001564,0.001564,0.001516,0.001518,95169527.0
2025-11-12 00:00:00,0.001519,0.001529,0.001505,0.001508,145052608.0
2025-11-12 01:00:00,0.001508,0.001537,0.001508,0.001531,74490651.0
2025-11-12 02:00:00,0.001531,0.001543,0.001519,0.001532,52324294.0
2025-11-12 03:00:00,0.001531,0.00154,0.001529,0.001534,47576799.0
2025-11-12 04:00:00,0.001535,0.001541,0.001529,0.00154,23890735.0
2025-11-12 05:00:00,0.001541,0.001549,0.001532,0.001547,37282744.0
2025-11-12 06:00:00,0.001547,0.001561,0.001546,0.001552,28686778.0
2025-11-12 07:00:00,0.00155,0.001557,0.001537,0.001541,45278164.0
2025-11-12 08:00:00,0.001541,0.001579,0.00154,0.001571,49524056.0
2025-11-12 09:00:00,0.001572,0.00158,0.001566,0.001571,40300922.0
2025-11-12 10:00:00,0.00157,0.001585,0.00157,0.001582,36886932.0
2025-11-12 11:00:00,0.001582,0.001586,0.001574,0.001577,33710319.0
2025-11-12 12:00:00,0.001577,0.001585,0.00157,0.001573,32389340.0
2025-11-12 13:00:00,0.001573,0.001593,0.001562,0.001587,76231017.0
2025-11-12 14:00:00,0.001587,0.00159,0.001531,0.001553,114175316.0
2025-11-12 15:00:00,0.001552,0.001565,0.001511,0.001518,151998135.0
2025-11-12 16:00:00,0.001518,0.001522,0.001471,0.001484,377585104.0
2025-11-12 17:00:00,0.001484,0.001504,0.001468,0.001494,172516405.0
2025-11-12 18:00:00,0.001495,0.001505,0.001485,0.001486,100622603.0
2025-11-12 19:00:00,0.001485,0.001497,0.001472,0.001493,90724417.0
2025-11-12 20:00:00,0.001492,0.001531,0.001487,0.001525,59949287.0
2025-11-12 21:00:00,0.001526,0.001528,0.001516,0.001525,42892046.0
2025-11-12 22:00:00,0.001525,0.001529,0.001512,0.001529,30844395.0
2025-11-12 23:00:00,0.001528,0.001528,0.001508,0.001512,12780134.0
2025-11-13 00:00:00,0.001512,0.001526,0.001507,0.001512,70294191.0
2025-11-13 01:00:00,0.001512,0.00154,0.001511,0.001526,72320319.0
2025-11-13 02:00:00,0.001525,0.001532,0.00152,0.001521,25594557.0
2025-11-13 03:00:00,0.001521,0.001549,0.001497,0.001534,83435822.0
2025-11-13 04:00:00,0.001533,0.001541,0.001521,0.001533,73711134.0
2025-11-13 05:00:00,0.001534,0.001548,0.001522,0.001541,44577362.0
2025-11-13 06:00:00,0.001542,0.001547,0.001533,0.001534,35971442.0
2025-11-13 07:00:00,0.001534,0.001541,0.001514,0.001518,61343070.0
2025-11-13 08:00:00,0.001517,0.001527,0.001511,0.001524,22102067.0
2025-11-13 09:00:00,0.001523,0.001525,0.001503,0.001507,23857248.0
2025-11-13 10:00:00,0.001506,0.001524,0.001502,0.001506,31722785.0
2025-11-13 11:00:00,0.001508,0.001515,0.001507,0.001511,25701095.0
2025-11-13 12:00:00,0.001511,0.00152,0.001504,0.001516,19772180.0
2025-11-13 13:00:00,0.001517,0.001519,0.001497,0.001507,110311858.0
2025-11-13 14:00:00,0.001507,0.001533,0.001483,0.001523,117302559.0
2025-11-13 15:00:00,0.001522,0.001532,0.001498,0.001507,80568255.0
2025-11-13 16:00:00,0.001507,0.001509,0.001469,0.001476,85511761.0
2025-11-13 17:00:00,0.001475,0.00148,0.001434,0.001438,119253623.0
2025-11-13 18:00:00,0.001437,0.001446,0.001403,0.001417,167117934.0
2025-11-13 19:00:00,0.001418,0.001431,0.001393,0.001403,219309769.0
2025-11-13 20:00:00,0.001402,0.001417,0.00139,0.001403,186483957.0
2025-11-13 21:00:00,0.001403,0.001412,0.001389,0.001407,68669337.0
2025-11-13 22:00:00,0.001406,0.001441,0.001402,0.001437,90195085.0
2025-11-13 23:00:00,0.001437,0.001458,0.001432,0.001445,49949136.0
2025-11-14 00:00:00,0.001445,0.001461,0.001434,0.001443,59385624.0
2025-11-14 01:00:00,0.001442,0.001452,0.001433,0.001434,43009930.0
2025-11-14 02:00:00,0.001435,0.001449,0.001434,0.001441,78115574.0
2025-11-14 03:00:00,0.001441,0.001445,0.00142,0.001429,85793385.0
2025-11-14 04:00:00,0.001429,0.001429,0.001358,0.001395,199948080.0
2025-11-14 05:00:00,0.001396,0.001428,0.001395,0.001425,177438224.0
2025-11-14 06:00:00,0.001425,0.00145,0.001403,0.001447,121128124.0
2025-11-14 07:00:00,0.001446,0.001455,0.001434,0.001437,144324492.0
2025-11-14 08:00:00,0.001437,0.001449,0.001433,0.001446,103633465.0
2025-11-14 09:00:00,0.001445,0.001454,0.001417,0.00142,117804119.0
2025-11-14 10:00:00,0.00142,0.001437,0.00142,0.001428,32106033.0
2025-11-14 11:00:00,0.001427,0.001427,0.001407,0.00142,38094299.0
2025-11-14 12:00:00,0.00142,0.001432,0.001391,0.001428,104373431.0
2025-11-14 13:00:00,0.001429,0.00144,0.001408,0.001423,73704629.0
2025-11-14 14:00:00,0.001423,0.001455,0.001409,0.001445,147555052.0
2025-11-14 15:00:00,0.001445,0.001473,0.001429,0.001457,94247119.0
2025-11-14 16:00:00,0.001457,0.001476,0.001446,0.001469,57420977.0
2025-11-14 17:00:00,0.001468,0.001469,0.001434,0.001442,60204376.0
2025-11-14 18:00:00,0.001442,0.001466,0.001438,0.001453,40826229.0
2025-11-14 19:00:00,0.001454,0.001482,0.001447,0.001479,54055307.0
2025-11-14 20:00:00,0.001479,0.001488,0.001434,0.001443,117296473.0
2025-11-14 21:00:00,0.001443,0.001468,0.001438,0.001461,25083361.0
2025-11-14 22:00:00,0.001462,0.00147,0.001443,0.001447,44994452.0
2025-11-14 23:00:00,0.001447,0.001448,0.001395,0.001427,127175497.0
2025-11-15 00:00:00,0.001427,0.001447,0.001424,0.001447,32379998.0
2025-11-15 01:00:00,0.001447,0.001469,0.001438,0.001465,27288857.0
2025-11-15 02:00:00,0.001464,0.001473,0.001458,0.001473,28228788.0
2025-11-15 03:00:00,0.001473,0.001487,0.001465,0.001479,24911321.0
2025-11-15 04:00:00,0.001479,0.00149,0.001474,0.001476,28643314.0
2025-11-15 05:00:00,0.001477,0.001497,0.001469,0.001494,31061916.0
2025-11-15 06:00:00,0.001494,0.001517,0.001488,0.0015,77895503.0
2025-11-15 07:00:00,0.0015,0.0015,0.001482,0.001484,17006708.0
2025-11-15 08:00:00,0.001484,0.001484,0.001453,0.001459,38288034.0
2025-11-15 09:00:00,0.001459,0.001471,0.001452,0.001457,49352503.0
2025-11-15 10:00:00,0.001457,0.001471,0.001451,0.001471,25751674.0
2025-11-15 11:00:00,0.001471,0.001479,0.001458,0.001465,38064520.0
2025-11-15 12:00:00,0.001464,0.001482,0.001459,0.001478,33179683.0
2025-11-15 13:00:00,0.001477,0.001483,0.001467,0.001474,33034335.0
2025-11-15 14:00:00,0.001475,0.001475,0.001462,0.001469,45027651.0
2025-11-15 15:00:00,0.001469,0.001471,0.001459,0.00146,10648882.0
2025-11-15 16:00:00,0.001459,0.001462,0.001448,0.001459,24413071.0
2025-11-15 17:00:00,0.00146,0.001477,0.001458,0.001475,44389319.0
2025-11-15 18:00:00,0.001475,0.001479,0.001467,0.001469,23511584.0
2025-11-15 19:00:00,0.00147,0.001472,0.001461,0.001465,18013444.0
2025-11-15 20:00:00,0.001465,0.001466,0.001452,0.001455,19192398.0
2025-11-15 21:00:00,0.001454,0.001466,0.001441,0.001443,17841755.0
2025-11-15 22:00:00,0.001442,0.001459,0.001441,0.001456,15904417.0
2025-11-15 23:00:00,0.001455,0.001456,0.001446,0.001447,34340637.0
2025-11-16 00:00:00,0.001447,0.001451,0.001428,0.001438,21089829.0
2025-11-16 01:00:00,0.001437,0.001443,0.001411,0.001433,49457171.0
2025-11-16 02:00:00,0.001432,0.001458,0.001428,0.001458,19119489.0
2025-11-16 03:00:00,0.001458,0.001464,0.001451,0.001454,26710515.0
2025-11-16 04:00:00,0.001454,0.001458,0.001441,0.001451,15022285.0
2025-11-16 05:00:00,0.00145,0.001465,0.00145,0.001452,13255477.0
2025-11-16 06:00:00,0.001452,0.001462,0.001451,0.001456,14317614.0
2025-11-16 07:00:00,0.001457,0.001465,0.001454,0.001463,17445586.0
2025-11-16 08:00:00,0.001464,0.001465,0.00145,0.001453,26988031.0
2025-11-16 09:00:00,0.001452,0.001469,0.001445,0.001466,43275022.0
2025-11-16 10:00:00,0.001466,0.001466,0.001456,0.001456,33157264.0
2025-11-16 11:00:00,0.001456,0.001457,0.001423,0.001431,61675404.0
2025-11-16 12:00:00,0.00143,0.001444,0.001425,0.001435,52296379.0
2025-11-16 13:00:00,0.001435,0.001439,0.001416,0.001421,52946924.0
2025-11-16 14:00:00,0.001421,0.001438,0.001415,0.001434,85033436.0
2025-11-16 15:00:00,0.001435,0.001435,0.001395,0.001396,68807025.0
2025-11-16 16:00:00,0.001397,0.001413,0.001377,0.001382,90156042.0
2025-11-16 17:00:00,0.001383,0.00139,0.001363,0.001385,74435865.0
2025-11-16 18:00:00,0.001384,0.001415,0.00138,0.001388,81342521.0
2025-11-16 19:00:00,0.001387,0.001411,0.001386,0.001399,47624017.0
2025-11-16 20:00:00,0.0014,0.001413,0.001393,0.001393,25438106.0
2025-11-16 21:00:00,0.001392,0.001392,0.001375,0.001391,21332122.0
2025-11-16 22:00:00,0.001391,0.001412,0.00138,0.001407,38795378.0
2025-11-16 23:00:00,0.001407,0.001427,0.001377,0.001412,52270419.0
2025-11-17 00:00:00,0.001412,0.001435,0.001394,0.001424,37600824.0
2025-11-17 01:00:00,0.001425,0.001429,0.001413,0.001417,24554674.0
2025-11-17 02:00:00,0.001417,0.001429,0.001413,0.001425,36092768.0
2025-11-17 03:00:00,0.001426,0.001431,0.001421,0.001428,18425595.0
2025-11-17 04:00:00,0.001429,0.001434,0.001423,0.001423,19352259.0
2025-11-17 05:00:00,0.001423,0.001425,0.001416,0.001421,13786633.0
2025-11-17 06:00:00,0.001421,0.001427,0.001414,0.001426,21212561.0
2025-11-17 07:00:00,0.001427,0.001435,0.001424,0.001426,24181752.0
2025-11-17 08:00:00,0.001426,0.001428,0.001419,0.001419,12271682.0
2025-11-17 09:00:00,0.001419,0.001435,0.001417,0.001427,24194767.0
2025-11-17 10:00:00,0.001427,0.001435,0.001424,0.001426,22004287.0
2025-11-17 11:00:00,0.001426,0.001442,0.001425,0.001433,30846670.0
2025-11-17 12:00:00,0.001433,0.001433,0.001424,0.001428,18887278.0
2025-11-17 13:00:00,0.001428,0.00143,0.001395,0.001408,254588399.0
2025-11-17 14:00:00,0.001408,0.001469,0.001399,0.001435,259411927.0
2025-11-17 15:00:00,0.001436,0.001445,0.001411,0.001423,102130663.0
2025-11-17 16:00:00,0.001422,0.001451,0.001394,0.001449,100153059.0
2025-11-17 17:00:00,0.001449,0.001452,0.001396,0.001397,72015271.0
2025-11-17 18:00:00,0.001397,0.001407,0.001367,0.001375,90159983.0
2025-11-17 19:00:00,0.001376,0.001383,0.001354,0.001362,85472703.0
2025-11-17 20:00:00,0.001361,0.001376,0.001348,0.001371,80837134.0
2025-11-17 21:00:00,0.001371,0.001379,0.001354,0.00137,43497124.0
2025-11-17 22:00:00,0.001369,0.001389,0.001366,0.001384,48611575.0
2025-11-17 23:00:00,0.001383,0.001389,0.001373,0.001387,19722371.0
2025-11-18 00:00:00,0.001387,0.001389,0.001353,0.001384,43573421.0
2025-11-18 01:00:00,0.001383,0.001392,0.001378,0.001387,22184605.0
2025-11-18 02:00:00,0.001386,0.001412,0.001371,0.001385,88737244.0
2025-11-18 03:00:00,0.001385,0.001414,0.001367,0.001408,65839407.0
2025-11-18 04:00:00,0.001409,0.001427,0.001392,0.001427,108722246.0
2025-11-18 05:00:00,0.001425,0.001447,0.001413,0.001427,77554179.0
2025-11-18 06:00:00,0.001427,0.001432,0.001407,0.00141,33132385.0
2025-11-18 07:00:00,0.001409,0.001423,0.001403,0.001411,63704844.0
2025-11-18 08:00:00,0.001412,0.001433,0.001409,0.001427,52394216.0
2025-11-18 09:00:00,0.001426,0.001435,0.001416,0.001435,36105783.0
2025-11-18 10:00:00,0.001436,0.00151,0.001427,0.001507,487878850.0
2025-11-18 11:00:00,0.001506,0.001508,0.001438,0.001444,385841830.0
2025-11-18 12:00:00,0.001445,0.001447,0.001414,0.001425,96611249.0
2025-11-18 13:00:00,0.001425,0.001426,0.001407,0.001419,59155043.0
2025-11-18 14:00:00,0.00142,0.001452,0.001415,0.001428,69611901.0
2025-11-18 15:00:00,0.001427,0.001457,0.001412,0.001443,130291109.0
2025-11-18 16:00:00,0.001443,0.001459,0.00144,0.001452,75793353.0
2025-11-18 17:00:00,0.001452,0.001455,0.001433,0.00144,35085679.0
2025-11-18 18:00:00,0.00144,0.001454,0.00144,0.001446,41236135.0
2025-11-18 19:00:00,0.001447,0.001458,0.001446,0.001452,29497329.0
2025-11-18 20:00:00,0.001452,0.001469,0.001447,0.001448,30433884.0
2025-11-18 21:00:00,0.001447,0.001451,0.001428,0.001428,16435647.0
2025-11-18 22:00:00,0.001429,0.001451,0.001429,0.001445,10747938.0
2025-11-18 23:00:00,0.001445,0.001447,0.001439,0.001442,22058347.0
2025-11-19 00:00:00,0.001443,0.001446,0.001418,0.001432,83279920.0
2025-11-19 01:00:00,0.001432,0.001447,0.001426,0.001438,67787236.0
2025-11-19 02:00:00,0.001438,0.001449,0.001434,0.001435,32891934.0
2025-11-19 03:00:00,0.001436,0.001439,0.00141,0.001413,35125122.0
2025-11-19 04:00:00,0.001413,0.00142,0.001409,0.001411,41112218.0
2025-11-19 05:00:00,0.00141,0.001412,0.00138,0.00139,82444480.0
2025-11-19 06:00:00,0.00139,0.001409,0.001387,0.001406,42327386.0
2025-11-19 07:00:00,0.001406,0.001423,0.001403,0.001419,17780870.0
2025-11-19 08:00:00,0.001419,0.001423,0.001413,0.001419,19060757.0
2025-11-19 09:00:00,0.001419,0.001421,0.001406,0.00142,26586881.0
2025-11-19 10:00:00,0.00142,0.00143,0.001419,0.001421,12552188.0
2025-11-19 11:00:00,0.00142,0.001424,0.001418,0.001423,8559234.0
2025-11-19 12:00:00,0.001423,0.001437,0.00142,0.001434,27230708.0
2025-11-19 13:00:00,0.001433,0.001438,0.001419,0.001419,37502329.0
2025-11-19 14:00:00,0.001418,0.001421,0.001397,0.001419,59452963.0
2025-11-19 15:00:00,0.001418,0.00144,0.001385,0.001386,108302406.0
2025-11-19 16:00:00,0.001386,0.001396,0.001354,0.001361,150853534.0
2025-11-19 17:00:00,0.001361,0.001368,0.001327,0.001355,82354868.0
2025-11-19 18:00:00,0.001355,0.001359,0.001313,0.001324,150685894.0
2025-11-19 19:00:00,0.001325,0.001338,0.001315,0.001334,101112613.0
2025-11-19 20:00:00,0.001334,0.001359,0.001331,0.001356,95575977.0
2025-11-19 21:00:00,0.001357,0.001395,0.001352,0.001393,121115423.0
2025-11-19 22:00:00,0.001393,0.001394,0.001378,0.00139,44367860.0
2025-11-19 23:00:00,0.00139,0.001411,0.00139,0.001405,74344519.0
2025-11-20 00:00:00,0.001405,0.001407,0.001398,0.001399,45025906.0
2025-11-20 01:00:00,0.0014,0.001417,0.001399,0.001415,27471844.0
2025-11-20 02:00:00,0.001416,0.001423,0.00141,0.001414,30326716.0
2025-11-20 03:00:00,0.001414,0.001417,0.001412,0.001413,14445604.0
2025-11-20 04:00:00,0.001413,0.00142,0.001406,0.00142,17575633.0
2025-11-20 05:00:00,0.001421,0.001421,0.001412,0.001416,8252206.0
2025-11-20 06:00:00,0.001417,0.001426,0.001416,0.001421,8913092.0
2025-11-20 07:00:00,0.001422,0.001432,0.001421,0.00143,10013739.0
2025-11-20 08:00:00,0.001431,0.001432,0.001422,0.001424,21952903.0
2025-11-20 09:00:00,0.001424,0.001432,0.001421,0.001424,31095127.0
2025-11-20 10:00:00,0.001425,0.001428,0.001416,0.001427,30776498.0
2025-11-20 11:00:00,0.001427,0.00144,0.001419,0.001434,70557833.0
2025-11-20 12:00:00,0.001434,0.00151,0.001434,0.001506,251110185.0
2025-11-20 13:00:00,0.001506,0.001516,0.001479,0.001485,180670093.0
2025-11-20 14:00:00,0.001486,0.001505,0.001463,0.001496,139456890.0
2025-11-20 15:00:00,0.001495,0.001496,0.001462,0.001464,75153279.0
2025-11-20 16:00:00,0.001464,0.001469,0.001378,0.001388,230672326.0
2025-11-20 17:00:00,0.001388,0.001394,0.001347,0.001357,194471754.0
2025-11-20 18:00:00,0.001356,0.001374,0.001332,0.001338,194794179.0
2025-11-20 19:00:00,0.001337,0.001367,0.001326,0.00136,99002247.0
2025-11-20 20:00:00,0.00136,0.001361,0.001342,0.001349,68654792.0
2025-11-20 21:00:00,0.001349,0.001391,0.001347,0.001384,73186340.0
2025-11-20 22:00:00,0.001385,0.001419,0.001381,0.001406,121336409.0
2025-11-20 23:00:00,0.001406,0.001408,0.001375,0.001378,74720909.0
2025-11-21 00:00:00,0.001378,0.001407,0.001372,0.001401,101338682.0
2025-11-21 01:00:00,0.0014,0.001409,0.001389,0.001399,72257675.0
2025-11-21 02:00:00,0.001399,0.0014,0.001344,0.001351,90990168.0
2025-11-21 03:00:00,0.00135,0.001378,0.001348,0.001367,46725302.0
2025-11-21 04:00:00,0.001367,0.001372,0.001341,0.001371,51100446.0
2025-11-21 05:00:00,0.00137,0.00138,0.00135,0.001353,43542401.0
2025-11-21 06:00:00,0.001354,0.001374,0.001347,0.001363,53656371.0
2025-11-21 07:00:00,0.001363,0.001367,0.001211,0.0013,643675209.0
2025-11-21 08:00:00,0.0013,0.001318,0.001293,0.001296,147903408.0
2025-11-21 09:00:00,0.001296,0.001307,0.00127,0.00127,99098255.0
2025-11-21 10:00:00,0.001271,0.001288,0.001261,0.001276,115708597.0
2025-11-21 11:00:00,0.001275,0.001288,0.001251,0.001256,90530980.0
2025-11-21 12:00:00,0.001257,0.001306,0.001231,0.001298,245821031.0
2025-11-21 13:00:00,0.001298,0.001311,0.001287,0.001298,107551565.0
2025-11-21 14:00:00,0.001297,0.00133,0.001289,0.001322,143649130.0
2025-11-21 15:00:00,0.001322,0.001325,0.001292,0.001297,104192637.0
2025-11-21 16:00:00,0.001298,0.001333,0.00128,0.001331,176037509.0
2025-11-21 17:00:00,0.001332,0.001349,0.001328,0.001331,79383297.0
2025-11-21 18:00:00,0.001331,0.001341,0.0013,0.001329,84857563.0
2025-11-21 19:00:00,0.001328,0.001338,0.001311,0.001315,52313907.0
2025-11-21 20:00:00,0.001315,0.001315,0.00128,0.00129,106546965.0
2025-11-21 21:00:00,0.00129,0.001314,0.001278,0.001306,75428174.0
2025-11-21 22:00:00,0.001307,0.00131,0.001258,0.001258,70541573.0
2025-11-21 23:00:00,0.001258,0.001299,0.001247,0.001299,53402769.0
2025-11-22 00:00:00,0.001298,0.001311,0.001289,0.001307,36314661.0
2025-11-22 01:00:00,0.001308,0.001318,0.001305,0.001314,29976013.0
2025-11-22 02:00:00,0.001314,0.001316,0.001299,0.001311,27559539.0
2025-11-22 03:00:00,0.001311,0.001316,0.001296,0.001298,23627303.0
2025-11-22 04:00:00,0.001297,0.001299,0.001262,0.001279,37078408.0
2025-11-22 05:00:00,0.001279,0.00128,0.00125,0.00126,44555702.0
2025-11-22 06:00:00,0.00126,0.00128,0.00125,0.001277,38317780.0
2025-11-22 07:00:00,0.001277,0.001283,0.001269,0.001278,28694663.0
2025-11-22 08:00:00,0.001277,0.001277,0.001246,0.001251,52455302.0
2025-11-22 09:00:00,0.001252,0.00128,0.001252,0.001267,43927535.0
2025-11-22 10:00:00,0.001267,0.001273,0.001253,0.001259,31643867.0
2025-11-22 11:00:00,0.00126,0.001279,0.001254,0.001277,27604144.0
2025-11-22 12:00:00,0.001276,0.001276,0.001257,0.001266,34570287.0
2025-11-22 13:00:00,0.001265,0.00127,0.001256,0.001269,22623613.0
2025-11-22 14:00:00,0.001269,0.001292,0.001268,0.001279,43501678.0
2025-11-22 15:00:00,0.001279,0.00128,0.001263,0.00127,26029538.0
2025-11-22 16:00:00,0.001269,0.001285,0.001268,0.001285,23791859.0
2025-11-22 17:00:00,0.001284,0.001285,0.001269,0.001273,33124390.0
2025-11-22 18:00:00,0.001272,0.001276,0.001264,0.001272,21261850.0
2025-11-22 19:00:00,0.001272,0.001278,0.001268,0.001275,13604806.0
2025-11-22 20:00:00,0.001274,0.001284,0.001263,0.001265,15074089.0
2025-11-22 21:00:00,0.001265,0.001277,0.001265,0.001272,30684589.0
2025-11-22 22:00:00,0.001273,0.001309,0.001267,0.001299,84601508.0
2025-11-22 23:00:00,0.001299,0.0013,0.001283,0.001283,21800792.0
2025-11-23 00:00:00,0.001282,0.001287,0.001272,0.00128,22411981.0
2025-11-23 01:00:00,0.00128,0.001299,0.00128,0.001291,20968428.0
2025-11-23 02:00:00,0.001292,0.001302,0.001288,0.001294,17947196.0
2025-11-23 03:00:00,0.001294,0.001298,0.001284,0.001293,7342304.0
2025-11-23 04:00:00,0.001294,0.001306,0.001291,0.0013,32841952.0
2025-11-23 05:00:00,0.0013,0.001305,0.001296,0.001302,15761417.0
2025-11-23 06:00:00,0.001301,0.001302,0.001285,0.001287,18879095.0
2025-11-23 07:00:00,0.001287,0.001289,0.001274,0.001285,28815975.0
2025-11-23 08:00:00,0.001285,0.00129,0.00128,0.00129,19645595.0
2025-11-23 09:00:00,0.001289,0.001295,0.001286,0.001288,19962451.0
2025-11-23 10:00:00,0.001287,0.001289,0.001281,0.001288,10611907.0
2025-11-23 11:00:00,0.001287,0.001289,0.001277,0.001287,24214963.0
2025-11-23 12:00:00,0.001287,0.001299,0.001286,0.001292,16254313.0
2025-11-23 13:00:00,0.001293,0.001295,0.001285,0.001294,36144214.0
2025-11-23 14:00:00,0.001294,0.001299,0.001275,0.001276,71353488.0
2025-11-23 15:00:00,0.001275,0.00129,0.001269,0.001283,42676781.0
2025-11-23 16:00:00,0.001283,0.001296,0.001279,0.001279,29409765.0
2025-11-23 17:00:00,0.001279,0.001281,0.001267,0.001272,37170397.0
2025-11-23 18:00:00,0.001272,0.001277,0.001265,0.00127,67883050.0
2025-11-23 19:00:00,0.001271,0.001289,0.00127,0.001276,40263614.0
2025-11-23 20:00:00,0.001277,0.001279,0.001269,0.001273,32867508.0
2025-11-23 21:00:00,0.001273,0.00128,0.001263,0.001278,31473627.0
2025-11-23 22:00:00,0.001278,0.00128,0.001265,0.001273,45597134.0
2025-11-23 23:00:00,0.001274,0.001275,0.001254,0.001256,53600117.0
2025-11-24 00:00:00,0.001255,0.001255,0.00123,0.001242,128031335.0
2025-11-24 01:00:00,0.001241,0.001259,0.001239,0.001258,57088836.0
2025-11-24 02:00:00,0.001258,0.001287,0.001254,0.001273,90114522.0
2025-11-24 03:00:00,0.001274,0.001292,0.001269,0.001281,90972772.0
2025-11-24 04:00:00,0.001281,0.001288,0.001257,0.001266,75640941.0
2025-11-24 05:00:00,0.001266,0.001298,0.001266,0.00129,90765260.0
2025-11-24 06:00:00,0.00129,0.001292,0.001274,0.001282,63777333.0
2025-11-24 07:00:00,0.001282,0.001287,0.001274,0.001279,23639765.0
2025-11-24 08:00:00,0.001278,0.001283,0.001273,0.001278,22400329.0
2025-11-24 09:00:00,0.001278,0.001279,0.001245,0.001246,84532852.0
2025-11-24 10:00:00,0.001246,0.001258,0.001245,0.001256,29801050.0
2025-11-24 11:00:00,0.001256,0.001266,0.00125,0.001264,53464023.0
2025-11-24 12:00:00,0.001263,0.001269,0.001255,0.001259,68036581.0
2025-11-24 13:00:00,0.001258,0.001274,0.001257,0.001263,96375017.0
2025-11-24 14:00:00,0.001263,0.001291,0.001259,0.001279,145271124.0
2025-11-24 15:00:00,0.00128,0.001301,0.001275,0.001291,98852857.0
2025-11-24 16:00:00,0.001292,0.001315,0.001292,0.001308,56340105.0
2025-11-24 17:00:00,0.001309,0.001339,0.001304,0.001337,122895896.0
2025-11-24 18:00:00,0.001337,0.001344,0.001326,0.001332,59327973.0
2025-11-24 19:00:00,0.001332,0.001339,0.001323,0.001325,38028727.0
2025-11-24 20:00:00,0.001325,0.001336,0.001324,0.001331,44314408.0
2025-11-24 21:00:00,0.001331,0.001337,0.00132,0.001324,39028464.0
2025-11-24 22:00:00,0.001324,0.001335,0.00131,0.001318,73123950.0
2025-11-24 23:00:00,0.001319,0.001321,0.00131,0.001311,36954023.0
2025-11-25 00:00:00,0.00131,0.00132,0.001309,0.001318,52608511.0
2025-11-25 01:00:00,0.001317,0.001326,0.001315,0.001316,52061908.0
2025-11-25 02:00:00,0.001316,0.001318,0.001302,0.001316,33151840.0
2025-11-25 03:00:00,0.001316,0.001321,0.001309,0.001312,10584729.0
2025-11-25 04:00:00,0.001312,0.001317,0.001307,0.001316,18693609.0
2025-11-25 05:00:00,0.001315,0.001318,0.001306,0.001306,57433104.0
2025-11-25 06:00:00,0.001306,0.001307,0.001294,0.0013,27152689.0
2025-11-25 07:00:00,0.0013,0.001307,0.001294,0.001294,39191992.0
2025-11-25 08:00:00,0.001295,0.001302,0.00129,0.00129,43926214.0
2025-11-25 09:00:00,0.001291,0.0013,0.001286,0.001299,28503786.0
2025-11-25 10:00:00,0.001298,0.001302,0.001292,0.001299,20923872.0
2025-11-25 11:00:00,0.001299,0.001299,0.00129,0.001293,28389992.0
2025-11-25 12:00:00,0.001293,0.001308,0.001291,0.001305,43506152.0
2025-11-25 13:00:00,0.001304,0.001309,0.001291,0.001292,40491161.0
2025-11-25 14:00:00,0.001293,0.001302,0.001267,0.001281,84065164.0
2025-11-25 15:00:00,0.001281,0.001299,0.001271,0.001291,79936589.0
2025-11-25 16:00:00,0.001291,0.001307,0.001287,0.001299,49922598.0
2025-11-25 17:00:00,0.001299,0.001307,0.001287,0.001299,98588446.0
2025-11-25 18:00:00,0.001299,0.001307,0.001294,0.001294,43195192.0
2025-11-25 19:00:00,0.001294,0.001296,0.001274,0.00129,63505266.0
2025-11-25 20:00:00,0.00129,0.001308,0.00129,0.001299,82984724.0
2025-11-25 21:00:00,0.0013,0.001302,0.001294,0.001298,36828322.0
2025-11-25 22:00:00,0.001297,0.001316,0.001284,0.001312,59116978.0
2025-11-25 23:00:00,0.001312,0.001322,0.001309,0.001311,35824794.0
2025-11-26 00:00:00,0.001311,0.001313,0.001301,0.001301,36287116.0
2025-11-26 01:00:00,0.0013,0.001311,0.001295,0.001304,19824474.0
2025-11-26 02:00:00,0.001305,0.001308,0.001301,0.001303,7571199.0
2025-11-26 03:00:00,0.001302,0.001305,0.001287,0.001289,69418197.0
2025-11-26 04:00:00,0.001289,0.00129,0.001284,0.001287,18265869.0
2025-11-26 05:00:00,0.001286,0.0013,0.001285,0.001298,20600863.0
2025-11-26 06:00:00,0.001298,0.001298,0.001292,0.001297,10955964.0
2025-11-26 07:00:00,0.001296,0.001296,0.001289,0.001294,14605846.0
2025-11-26 08:00:00,0.001294,0.001295,0.00128,0.00128,22346641.0
2025-11-26 09:00:00,0.00128,0.001285,0.001273,0.001279,130441596.0
2025-11-26 10:00:00,0.00128,0.001287,0.001277,0.00128,44424281.0
2025-11-26 11:00:00,0.001279,0.001279,0.001271,0.001274,35285489.0
2025-11-26 12:00:00,0.001274,0.001274,0.001256,0.001263,69670088.0
2025-11-26 13:00:00,0.001262,0.001275,0.001262,0.001275,52149269.0
2025-11-26 14:00:00,0.001274,0.001278,0.001257,0.001258,65260904.0
2025-11-26 15:00:00,0.001258,0.001266,0.001253,0.00126,62800279.0
2025-11-26 16:00:00,0.001261,0.00127,0.001254,0.001264,132545985.0
2025-11-26 17:00:00,0.001264,0.001302,0.00126,0.001298,112144139.0
2025-11-26 18:00:00,0.001298,0.001318,0.001294,0.001313,214849497.0
2025-11-26 19:00:00,0.001314,0.001315,0.001303,0.001306,57661479.0
2025-11-26 20:00:00,0.001307,0.001309,0.001297,0.001302,88753388.0
2025-11-26 21:00:00,0.001302,0.001314,0.001301,0.00131,38982019.0
2025-11-26 22:00:00,0.00131,0.001314,0.001307,0.001312,22988118.0
2025-11-26 23:00:00,0.001313,0.001317,0.001306,0.00131,19454422.0
2025-11-27 00:00:00,0.00131,0.001318,0.001308,0.001312,29862467.0
2025-11-27 01:00:00,0.001311,0.00132,0.001307,0.001316,32806893.0
2025-11-27 02:00:00,0.001316,0.001322,0.001301,0.001305,61028889.0
2025-11-27 03:00:00,0.001306,0.001312,0.001299,0.001301,27305637.0
2025-11-27 04:00:00,0.001302,0.001309,0.001299,0.001302,68359358.0
2025-11-27 05:00:00,0.001301,0.001302,0.001289,0.001294,18430239.0
2025-11-27 06:00:00,0.001295,0.001301,0.001293,0.001299,25252632.0
2025-11-27 07:00:00,0.001299,0.001303,0.001296,0.001301,24082639.0
2025-11-27 08:00:00,0.001301,0.001301,0.00129,0.001298,52326904.0
2025-11-27 09:00:00,0.001298,0.001302,0.001295,0.001297,20089508.0
2025-11-27 10:00:00,0.001296,0.001298,0.001287,0.001292,34918625.0
2025-11-27 11:00:00,0.001291,0.001294,0.001288,0.00129,26564468.0
2025-11-27 12:00:00,0.001289,0.001289,0.001274,0.001277,25045321.0
2025-11-27 13:00:00,0.001277,0.00129,0.001277,0.001288,23585812.0
2025-11-27 14:00:00,0.001287,0.001297,0.001284,0.001295,28942005.0
2025-11-27 15:00:00,0.001294,0.001309,0.00129,0.001308,70613960.0
2025-11-27 16:00:00,0.001308,0.001315,0.001305,0.001312,61022248.0
2025-11-27 17:00:00,0.001311,0.001323,0.001309,0.00132,39054430.0
2025-11-27 18:00:00,0.001319,0.00133,0.001314,0.001324,69481868.0
2025-11-27 19:00:00,0.001325,0.001362,0.001325,0.001347,595800890.0
2025-11-27 20:00:00,0.001347,0.00136,0.001337,0.001357,109392077.0
2025-11-27 21:00:00,0.001357,0.001507,0.001357,0.001409,1431302547.0
2025-11-27 22:00:00,0.001408,0.001416,0.001356,0.001361,390433173.0
2025-11-27 23:00:00,0.00136,0.001398,0.001358,0.001381,141440143.0
2025-11-28 00:00:00,0.001381,0.00139,0.001362,0.001365,164136911.0
2025-11-28 01:00:00,0.001365,0.001379,0.001356,0.001363,113422420.0
2025-11-28 02:00:00,0.001362,0.001366,0.001335,0.001343,143572551.0
2025-11-28 03:00:00,0.001342,0.001349,0.001331,0.001335,84763134.0
2025-11-28 04:00:00,0.001335,0.001353,0.00133,0.001337,146620078.0
2025-11-28 05:00:00,0.001337,0.001339,0.001322,0.001332,127841742.0
2025-11-28 06:00:00,0.001332,0.001333,0.001314,0.001319,162896110.0
2025-11-28 07:00:00,0.001319,0.001327,0.001313,0.001319,72021335.0
2025-11-28 08:00:00,0.001319,0.001359,0.001318,0.00135,136892877.0
2025-11-28 09:00:00,0.001351,0.001355,0.001346,0.001348,93645124.0
2025-11-28 10:00:00,0.001348,0.001353,0.001342,0.001349,103630318.0
2025-11-28 11:00:00,0.001349,0.00146,0.001327,0.001426,1027851086.0
2025-11-28 12:00:00,0.001426,0.00156,0.001378,0.001439,2851909861.0
2025-11-28 13:00:00,0.001439,0.001463,0.001395,0.001397,602819956.0
2025-11-28 14:00:00,0.001396,0.001432,0.001389,0.001431,419725358.0
2025-11-28 15:00:00,0.001431,0.001459,0.0014,0.001407,423152416.0
2025-11-28 16:00:00,0.001407,0.00148,0.001405,0.001425,562499522.0
2025-11-28 17:00:00,0.001425,0.001455,0.001375,0.001396,385438646.0
2025-11-28 18:00:00,0.001395,0.001409,0.001383,0.001397,166375396.0
2025-11-28 19:00:00,0.001396,0.001407,0.001381,0.001381,156725536.0
2025-11-28 20:00:00,0.001382,0.001401,0.001373,0.001398,200857548.0
2025-11-28 21:00:00,0.001398,0.001403,0.001373,0.001374,99766742.0
2025-11-28 22:00:00,0.001374,0.001383,0.001355,0.001378,191122582.0
2025-11-28 23:00:00,0.001378,0.001394,0.001378,0.001382,62643350.0
2025-11-29 00:00:00,0.001382,0.00139,0.001373,0.001375,49666278.0
2025-11-29 01:00:00,0.001376,0.0014,0.001373,0.001398,90445907.0
2025-11-29 02:00:00,0.001397,0.001397,0.001372,0.001381,82971641.0
2025-11-29 03:00:00,0.001382,0.00139,0.001371,0.001372,38449140.0
2025-11-29 04:00:00,0.001372,0.001378,0.001365,0.001376,39101928.0
2025-11-29 05:00:00,0.001375,0.001385,0.001371,0.001383,75826640.0
2025-11-29 06:00:00,0.001383,0.00139,0.00135,0.001355,327204987.0
2025-11-29 07:00:00,0.001355,0.001365,0.001345,0.00135,127234988.0
2025-11-29 08:00:00,0.001349,0.001358,0.001339,0.001347,84894006.0
2025-11-29 09:00:00,0.001347,0.001349,0.001334,0.001337,100726008.0
2025-11-29 10:00:00,0.001336,0.001345,0.001331,0.001339,110895686.0
2025-11-29 11:00:00,0.00134,0.001351,0.001338,0.001347,45561891.0
2025-11-29 12:00:00,0.001347,0.001348,0.001332,0.001332,48642729.0
2025-11-29 13:00:00,0.001332,0.001333,0.001324,0.00133,73394438.0
2025-11-29 14:00:00,0.001329,0.001332,0.00132,0.00132,24745170.0
2025-11-29 15:00:00,0.001321,0.001336,0.00132,0.001328,50638636.0
2025-11-29 16:00:00,0.001328,0.001328,0.001314,0.001316,30011663.0
2025-11-29 17:00:00,0.001317,0.001322,0.001307,0.001314,71730114.0
2025-11-29 18:00:00,0.001313,0.001322,0.001306,0.001318,75279484.0
2025-11-29 19:00:00,0.001318,0.001329,0.001317,0.00132,44299708.0
2025-11-29 20:00:00,0.001321,0.001322,0.001312,0.001322,36151318.0
2025-11-29 21:00:00,0.001321,0.001323,0.001317,0.001323,24111171.0
2025-11-29 22:00:00,0.001324,0.001326,0.001314,0.001316,23216250.0
2025-11-29 23:00:00,0.001316,0.001325,0.001312,0.001314,78872091.0
2025-11-30 00:00:00,0.001314,0.001319,0.001311,0.001312,16588408.0
2025-11-30 01:00:00,0.001312,0.001321,0.00131,0.001319,32423367.0
2025-11-30 02:00:00,0.001319,0.001323,0.001306,0.001306,25033901.0
2025-11-30 03:00:00,0.001307,0.001313,0.001294,0.001309,50683919.0
2025-11-30 04:00:00,0.001309,0.00131,0.001301,0.001305,35239943.0
2025-11-30 05:00:00,0.001305,0.001305,0.001293,0.001296,20672834.0
2025-11-30 06:00:00,0.001296,0.001314,0.001295,0.001309,41047329.0
2025-11-30 07:00:00,0.001309,0.00131,0.001302,0.001308,26805340.0
2025-11-30 08:00:00,0.001308,0.001315,0.001301,0.001304,38823326.0
2025-11-30 09:00:00,0.001303,0.001309,0.001294,0.001299,83671451.0
2025-11-30 10:00:00,0.001299,0.001306,0.001294,0.001299,66706500.0
2025-11-30 11:00:00,0.001298,0.001299,0.001289,0.00129,77577678.0
2025-11-30 12:00:00,0.001289,0.001303,0.001283,0.001299,41942751.0
2025-11-30 13:00:00,0.001299,0.001315,0.001298,0.00131,67824301.0
2025-11-30 14:00:00,0.001311,0.001318,0.001301,0.001305,47858977.0
2025-11-30 15:00:00,0.001305,0.001308,0.001296,0.001306,38381105.0
2025-11-30 16:00:00,0.001305,0.001318,0.001304,0.001316,37277601.0
2025-11-30 17:00:00,0.001315,0.001317,0.001306,0.001312,53820218.0
2025-11-30 18:00:00,0.001311,0.001315,0.001301,0.001305,39584815.0
2025-11-30 19:00:00,0.001306,0.001308,0.001296,0.001298,78335053.0
2025-11-30 20:00:00,0.001297,0.001307,0.001294,0.001301,32704992.0
2025-11-30 21:00:00,0.0013,0.0013,0.001293,0.001297,15964146.0
2025-11-30 22:00:00,0.001296,0.001307,0.001292,0.0013,22064690.0
2025-11-30 23:00:00,0.0013,0.0013,0.001275,0.001277,43168145.0
2025-12-01 00:00:00,0.001276,0.001279,0.001166,0.00117,516704926.0
2025-12-01 01:00:00,0.001169,0.001199,0.001161,0.00118,229461842.0
2025-12-01 02:00:00,0.00118,0.001199,0.001176,0.001188,231069883.0
2025-12-01 03:00:00,0.001187,0.00119,0.001178,0.001179,115723870.0
2025-12-01 04:00:00,0.001178,0.001179,0.001169,0.001173,103534304.0
2025-12-01 05:00:00,0.001173,0.001186,0.001172,0.001182,65089543.0
2025-12-01 06:00:00,0.001181,0.001188,0.001179,0.001182,64785126.0
2025-12-01 07:00:00,0.001181,0.001189,0.001179,0.001188,67213709.0
2025-12-01 08:00:00,0.001187,0.001194,0.001184,0.00119,19132297.0
2025-12-01 09:00:00,0.00119,0.001196,0.001189,0.001192,70764201.0
2025-12-01 10:00:00,0.001192,0.001203,0.001191,0.001194,41923949.0
2025-12-01 11:00:00,0.001193,0.001195,0.00118,0.001185,118223054.0
2025-12-01 12:00:00,0.001185,0.001186,0.001164,0.001182,90895456.0
2025-12-01 13:00:00,0.001181,0.001191,0.00117,0.001173,54939113.0
2025-12-01 14:00:00,0.001172,0.00119,0.001164,0.001178,85292746.0
2025-12-01 15:00:00,0.001178,0.001179,0.001143,0.001173,209728139.0
2025-12-01 16:00:00,0.001172,0.001173,0.001156,0.001158,95689777.0
2025-12-01 17:00:00,0.001159,0.001167,0.00115,0.001151,49734101.0
2025-12-01 18:00:00,0.001152,0.001168,0.001149,0.001166,70304726.0
2025-12-01 19:00:00,0.001165,0.001166,0.001154,0.001162,30594478.0
2025-12-01 20:00:00,0.001162,0.001179,0.001162,0.001174,67153929.0
2025-12-01 21:00:00,0.001175,0.001192,0.001174,0.001186,42091993.0
2025-12-01 22:00:00,0.001187,0.001197,0.001187,0.001191,37181392.0
2025-12-01 23:00:00,0.001192,0.001199,0.00119,0.001194,24803729.0
2025-12-02 00:00:00,0.001194,0.001201,0.001192,0.001193,30245177.0
2025-12-02 01:00:00,0.001193,0.001208,0.001189,0.00119,74615631.0
2025-12-02 02:00:00,0.00119,0.001195,0.001182,0.001182,65054569.0
2025-12-02 03:00:00,0.001181,0.001184,0.001169,0.001181,34573636.0
2025-12-02 04:00:00,0.001181,0.001186,0.001178,0.001179,30776727.0
2025-12-02 05:00:00,0.001178,0.001179,0.00117,0.001171,27365249.0
2025-12-02 06:00:00,0.00117,0.001177,0.001166,0.001176,30415300.0
2025-12-02 07:00:00,0.001175,0.001182,0.001174,0.00118,64890524.0
2025-12-02 08:00:00,0.001179,0.001179,0.001164,0.00117,62419264.0
2025-12-02 09:00:00,0.001169,0.001179,0.001166,0.00117,34090971.0
2025-12-02 10:00:00,0.001169,0.001178,0.001164,0.001168,34896066.0
2025-12-02 11:00:00,0.001168,0.001175,0.001165,0.001171,51596018.0
2025-12-02 12:00:00,0.001172,0.001175,0.001166,0.001172,33634062.0
2025-12-02 13:00:00,0.001173,0.001187,0.001168,0.001183,62532424.0
2025-12-02 14:00:00,0.001184,0.001211,0.001183,0.00121,200647674.0
2025-12-02 15:00:00,0.00121,0.001269,0.00121,0.001263,465482249.0
2025-12-02 16:00:00,0.001264,0.001279,0.001251,0.001274,268486259.0
2025-12-02 17:00:00,0.001274,0.001286,0.001266,0.001266,121828435.0
2025-12-02 18:00:00,0.001267,0.001274,0.001262,0.001267,84185401.0
2025-12-02 19:00:00,0.001268,0.001274,0.001261,0.001262,64725373.0
2025-12-02 20:00:00,0.001263,0.001264,0.001237,0.001244,168573569.0
2025-12-02 21:00:00,0.001244,0.001249,0.001242,0.001249,36817055.0
2025-12-02 22:00:00,0.001249,0.001256,0.001247,0.001252,57962005.0
2025-12-02 23:00:00,0.001254,0.001254,0.001237,0.00124,28703494.0
2025-12-03 00:00:00,0.001241,0.001253,0.001235,0.001247,79195871.0
2025-12-03 01:00:00,0.001247,0.001254,0.001242,0.001248,75504743.0
2025-12-03 02:00:00,0.001248,0.001259,0.001248,0.001249,38562502.0
2025-12-03 03:00:00,0.001249,0.001257,0.001244,0.001244,26246687.0
2025-12-03 04:00:00,0.001243,0.001257,0.001239,0.001253,66789098.0
2025-12-03 05:00:00,0.001254,0.001263,0.001254,0.001258,105596146.0
2025-12-03 06:00:00,0.001258,0.001267,0.001252,0.001258,104871404.0
2025-12-03 07:00:00,0.001257,0.001257,0.001245,0.001248,30840982.0
2025-12-03 08:00:00,0.001249,0.001255,0.001245,0.00125,31218050.0
2025-12-03 09:00:00,0.001251,0.001252,0.001236,0.001247,21774157.0
2025-12-03 10:00:00,0.001247,0.001249,0.001236,0.001238,31144536.0
2025-12-03 11:00:00,0.001238,0.001243,0.001235,0.001238,59256011.0
2025-12-03 12:00:00,0.001239,0.001243,0.001224,0.001227,64172928.0
2025-12-03 13:00:00,0.001227,0.001232,0.001223,0.001227,57211406.0
2025-12-03 14:00:00,0.001228,0.001242,0.001199,0.001214,196624768.0
2025-12-03 15:00:00,0.001214,0.00123,0.00121,0.001225,66323721.0
2025-12-03 16:00:00,0.001226,0.001235,0.001219,0.001228,53198400.0
2025-12-03 17:00:00,0.001228,0.001238,0.001226,0.001235,53706804.0
2025-12-03 18:00:00,0.001236,0.001242,0.00122,0.001224,60820754.0
2025-12-03 19:00:00,0.001224,0.001234,0.001223,0.001233,22199204.0
2025-12-03 20:00:00,0.001233,0.001242,0.001228,0.001232,36447893.0
2025-12-03 21:00:00,0.001231,0.001249,0.00123,0.001247,27689990.0
2025-12-03 22:00:00,0.001247,0.001252,0.001237,0.00125,62901306.0
2025-12-03 23:00:00,0.001249,0.001258,0.001241,0.001243,55604308.0
2025-12-04 00:00:00,0.001244,0.001248,0.001238,0.001243,57518908.0
2025-12-04 01:00:00,0.001242,0.001257,0.001241,0.001242,102695030.0
2025-12-04 02:00:00,0.001242,0.001254,0.001241,0.00125,36174703.0
2025-12-04 03:00:00,0.001249,0.001252,0.001234,0.001234,69987635.0
2025-12-04 04:00:00,0.001233,0.001239,0.00123,0.001239,40417547.0
2025-12-04 05:00:00,0.001239,0.001243,0.001233,0.001238,26326130.0
2025-12-04 06:00:00,0.001239,0.001243,0.001236,0.00124,24705198.0
2025-12-04 07:00:00,0.00124,0.00124,0.001228,0.001234,41974966.0
2025-12-04 08:00:00,0.001234,0.001237,0.001229,0.001232,35925651.0
2025-12-04 09:00:00,0.001232,0.001241,0.001232,0.001236,28895059.0
2025-12-04 10:00:00,0.001236,0.00124,0.001231,0.001231,14512634.0
2025-12-04 11:00:00,0.001231,0.001236,0.001228,0.001233,31495922.0
2025-12-04 12:00:00,0.001234,0.001235,0.00122,0.001222,89200501.0
2025-12-04 13:00:00,0.001222,0.001227,0.001213,0.001218,57505453.0
2025-12-04 14:00:00,0.001217,0.001224,0.001208,0.001211,84279571.0
2025-12-04 15:00:00,0.001211,0.001236,0.001211,0.001228,66935918.0
2025-12-04 16:00:00,0.001229,0.001232,0.001215,0.001217,71255873.0
2025-12-04 17:00:00,0.001217,0.001218,0.001205,0.001216,63403741.0
2025-12-04 18:00:00,0.001216,0.00122,0.001208,0.00121,39555950.0
2025-12-04 19:00:00,0.00121,0.00121,0.001177,0.001202,128153496.0
2025-12-04 20:00:00,0.001202,0.001206,0.001195,0.001201,71284905.0
2025-12-04 21:00:00,0.0012,0.001202,0.001188,0.001188,28471634.0
2025-12-04 22:00:00,0.001188,0.001192,0.001184,0.001188,44181671.0
2025-12-04 23:00:00,0.001188,0.001189,0.001184,0.001187,18788377.0
2025-12-05 00:00:00,0.001186,0.001194,0.001181,0.001188,56092222.0
2025-12-05 01:00:00,0.001187,0.001194,0.001184,0.001188,26426106.0
2025-12-05 02:00:00,0.001187,0.001195,0.001184,0.00119,45628462.0
2025-12-05 03:00:00,0.001189,0.001191,0.001181,0.001182,46061309.0
2025-12-05 04:00:00,0.001182,0.001187,0.001164,0.001171,52741224.0
2025-12-05 05:00:00,0.001171,0.001177,0.00117,0.001177,18058830.0
2025-12-05 06:00:00,0.001178,0.001184,0.001176,0.001183,33912557.0
2025-12-05 07:00:00,0.001182,0.001193,0.001181,0.001192,42555581.0
2025-12-05 08:00:00,0.001191,0.001193,0.001181,0.001186,61104660.0
2025-12-05 09:00:00,0.001187,0.001187,0.001166,0.001172,51480087.0
2025-12-05 10:00:00,0.001171,0.001179,0.001167,0.001175,42561894.0
2025-12-05 11:00:00,0.001174,0.001175,0.001161,0.001171,57167946.0
2025-12-05 12:00:00,0.001171,0.00118,0.00117,0.001179,30469994.0
2025-12-05 13:00:00,0.001178,0.001182,0.00116,0.001163,44494963.0
2025-12-05 14:00:00,0.001163,0.001172,0.001148,0.001154,145243645.0
2025-12-05 15:00:00,0.001155,0.001181,0.001154,0.001168,185980744.0
2025-12-05 16:00:00,0.001168,0.001168,0.001121,0.001132,210919522.0
2025-12-05 17:00:00,0.001133,0.001136,0.00112,0.001126,127141143.0
2025-12-05 18:00:00,0.001127,0.001134,0.001108,0.001108,101064010.0
2025-12-05 19:00:00,0.001108,0.001127,0.0011,0.001122,52910073.0
2025-12-05 20:00:00,0.001122,0.001123,0.001115,0.001116,49084710.0
2025-12-05 21:00:00,0.001116,0.001126,0.001115,0.001124,37230163.0
2025-12-05 22:00:00,0.001125,0.001142,0.001122,0.001139,41234631.0
2025-12-05 23:00:00,0.001139,0.001142,0.001131,0.001139,34900118.0
2025-12-06 00:00:00,0.001138,0.001141,0.001129,0.001134,22744992.0
2025-12-06 01:00:00,0.001134,0.001141,0.001134,0.001135,29299180.0
2025-12-06 02:00:00,0.001137,0.001155,0.001136,0.001148,32302044.0
2025-12-06 03:00:00,0.001147,0.001155,0.001142,0.001151,34732451.0
2025-12-06 04:00:00,0.001152,0.001152,0.001142,0.001144,11652522.0
2025-12-06 05:00:00,0.001144,0.001146,0.001141,0.001141,7181677.0
2025-12-06 06:00:00,0.001141,0.001146,0.001139,0.001145,21346650.0
2025-12-06 07:00:00,0.001146,0.001154,0.001145,0.001152,20203265.0
2025-12-06 08:00:00,0.001153,0.001163,0.001151,0.001155,38937944.0
2025-12-06 09:00:00,0.001155,0.001164,0.001148,0.001152,98607479.0
2025-12-06 10:00:00,0.001152,0.001155,0.001146,0.001154,41339982.0
2025-12-06 11:00:00,0.001153,0.00117,0.001153,0.001166,39779615.0
2025-12-06 12:00:00,0.001167,0.001176,0.001164,0.001169,44746166.0
2025-12-06 13:00:00,0.00117,0.001173,0.001166,0.001171,26658188.0
2025-12-06 14:00:00,0.001172,0.001185,0.00117,0.001182,56752590.0
2025-12-06 15:00:00,0.001182,0.001188,0.00117,0.001182,79207577.0
2025-12-06 16:00:00,0.001183,0.001186,0.001175,0.001178,48492850.0
2025-12-06 17:00:00,0.001178,0.001243,0.001178,0.001212,540722047.0
2025-12-06 18:00:00,0.001212,0.001218,0.001193,0.001201,253984211.0
2025-12-06 19:00:00,0.001201,0.001269,0.001194,0.001197,990381202.0
2025-12-06 20:00:00,0.001196,0.001201,0.001182,0.001187,156513282.0
2025-12-06 21:00:00,0.001187,0.001212,0.001185,0.001205,122456752.0
2025-12-06 22:00:00,0.001205,0.001213,0.001191,0.001193,49742689.0
2025-12-06 23:00:00,0.001194,0.001218,0.001193,0.001216,60060522.0
2025-12-07 00:00:00,0.001217,0.001229,0.00121,0.001222,82585864.0
2025-12-07 01:00:00,0.001222,0.001222,0.001204,0.001207,43904675.0
2025-12-07 02:00:00,0.001207,0.001211,0.001197,0.001205,35617774.0
2025-12-07 03:00:00,0.001204,0.001209,0.001203,0.001203,25651292.0
2025-12-07 04:00:00,0.001204,0.001206,0.0012,0.001201,20460219.0
2025-12-07 05:00:00,0.0012,0.001213,0.001199,0.001207,23563113.0
2025-12-07 06:00:00,0.001208,0.001212,0.0012,0.001203,27730946.0
2025-12-07 07:00:00,0.001204,0.001205,0.001188,0.001191,37252445.0
2025-12-07 08:00:00,0.00119,0.001193,0.001185,0.001187,36897403.0
2025-12-07 09:00:00,0.001187,0.001188,0.001176,0.001176,57873603.0
2025-12-07 10:00:00,0.001176,0.001185,0.001175,0.001178,37831238.0
2025-12-07 11:00:00,0.001178,0.001184,0.001177,0.001178,26778745.0
2025-12-07 12:00:00,0.001178,0.001185,0.001176,0.001182,28691683.0
2025-12-07 13:00:00,0.001181,0.001184,0.001166,0.001167,65614531.0
2025-12-07 14:00:00,0.001167,0.001168,0.001134,0.001137,202655447.0
2025-12-07 15:00:00,0.001137,0.001178,0.001136,0.001173,172100351.0
2025-12-07 16:00:00,0.001173,0.001173,0.001159,0.00117,82886628.0
2025-12-07 17:00:00,0.00117,0.001198,0.001162,0.00119,117495003.0
2025-12-07 18:00:00,0.001191,0.0012,0.00119,0.001191,41761273.0
2025-12-07 19:00:00,0.001192,0.001195,0.001186,0.001194,40598568.0
2025-12-07 20:00:00,0.001195,0.001199,0.001189,0.001193,32740553.0
2025-12-07 21:00:00,0.001193,0.001196,0.001161,0.001168,73801036.0
2025-12-07 22:00:00,0.001167,0.001168,0.001139,0.001159,104756552.0
2025-12-07 23:00:00,0.001158,0.001164,0.001154,0.001164,27955576.0
2025-12-08 00:00:00,0.001164,0.001169,0.001158,0.001158,45974282.0
2025-12-08 01:00:00,0.001158,0.001184,0.001158,0.001172,45412582.0
2025-12-08 02:00:00,0.001172,0.001186,0.001171,0.001185,37256569.0
2025-12-08 03:00:00,0.001185,0.001192,0.001184,0.001188,30738584.0
2025-12-08 04:00:00,0.001189,0.001203,0.001188,0.001195,19227691.0
2025-12-08 05:00:00,0.001196,0.001198,0.001193,0.001197,17862599.0
2025-12-08 06:00:00,0.001197,0.001203,0.001195,0.001199,27988677.0
2025-12-08 07:00:00,0.001199,0.001202,0.001193,0.001196,36747501.0
2025-12-08 08:00:00,0.001196,0.001201,0.001192,0.0012,37358629.0
2025-12-08 09:00:00,0.001199,0.001216,0.001198,0.0012,70021286.0
2025-12-08 10:00:00,0.0012,0.001205,0.001198,0.001201,49608209.0
2025-12-08 11:00:00,0.001201,0.001203,0.001187,0.001191,56599871.0
2025-12-08 12:00:00,0.001192,0.001197,0.001187,0.001195,46224499.0
2025-12-08 13:00:00,0.001196,0.0012,0.001187,0.001193,53457003.0
2025-12-08 14:00:00,0.001194,0.001206,0.001189,0.001193,129629420.0
2025-12-08 15:00:00,0.001194,0.0012,0.001181,0.001197,129623821.0
2025-12-08 16:00:00,0.001198,0.001211,0.001189,0.001201,100918527.0
2025-12-08 17:00:00,0.001201,0.001207,0.001186,0.001194,66395491.0
2025-12-08 18:00:00,0.001195,0.001198,0.001168,0.001174,74617623.0
2025-12-08 19:00:00,0.001175,0.001176,0.001162,0.001169,92497302.0
2025-12-08 20:00:00,0.001169,0.001186,0.001168,0.001179,55088580.0
2025-12-08 21:00:00,0.00118,0.001188,0.001174,0.001185,39814435.0
2025-12-08 22:00:00,0.001186,0.001189,0.001176,0.00118,25829321.0
2025-12-08 23:00:00,0.001181,0.001183,0.001173,0.001182,20183068.0
2025-12-09 00:00:00,0.001183,0.001186,0.001178,0.001182,17057562.0
2025-12-09 01:00:00,0.001181,0.001183,0.001165,0.00117,31109831.0
2025-12-09 02:00:00,0.00117,0.001174,0.001168,0.001169,19825896.0
2025-12-09 03:00:00,0.001168,0.001176,0.001158,0.001174,44135693.0
2025-12-09 04:00:00,0.001175,0.001175,0.001158,0.001162,24911918.0
2025-12-09 05:00:00,0.001162,0.001167,0.001154,0.00116,35402401.0
2025-12-09 06:00:00,0.00116,0.001162,0.001152,0.001159,30591767.0
2025-12-09 07:00:00,0.00116,0.001176,0.001157,0.001173,33802362.0
2025-12-09 08:00:00,0.001172,0.001176,0.001168,0.001171,22767080.0
2025-12-09 09:00:00,0.001171,0.001171,0.001163,0.001166,23692462.0
2025-12-09 10:00:00,0.001166,0.001172,0.001162,0.001168,46619088.0
2025-12-09 11:00:00,0.001168,0.001172,0.001164,0.001169,42169120.0
2025-12-09 12:00:00,0.001169,0.001183,0.001166,0.001181,29710899.0
2025-12-09 13:00:00,0.001181,0.001185,0.001174,0.001178,25646773.0
2025-12-09 14:00:00,0.001179,0.001183,0.001161,0.001169,162203218.0
2025-12-09 15:00:00,0.00117,0.001212,0.001167,0.001209,232401950.0
2025-12-09 16:00:00,0.00121,0.001243,0.00121,0.001239,250938670.0
2025-12-09 17:00:00,0.00124,0.001247,0.001228,0.001231,143614613.0
2025-12-09 18:00:00,0.001231,0.001245,0.001228,0.001234,88911474.0
2025-12-09 19:00:00,0.001234,0.001236,0.001228,0.001231,55931971.0
2025-12-09 20:00:00,0.001231,0.001234,0.001207,0.001216,56391047.0
2025-12-09 21:00:00,0.001217,0.001221,0.001197,0.001205,57924456.0
2025-12-09 22:00:00,0.001206,0.001219,0.001205,0.001215,72702264.0
2025-12-09 23:00:00,0.001215,0.001219,0.001209,0.001209,40340763.0
2025-12-10 00:00:00,0.00121,0.001213,0.001198,0.001201,43795289.0
2025-12-10 01:00:00,0.001201,0.001203,0.001192,0.001195,46850825.0
2025-12-10 02:00:00,0.001195,0.001198,0.00119,0.001194,11824716.0
2025-12-10 03:00:00,0.001195,0.001196,0.001189,0.001192,27835325.0
2025-12-10 04:00:00,0.001192,0.001202,0.00119,0.001198,25491495.0
2025-12-10 05:00:00,0.001197,0.001201,0.001194,0.001197,25353083.0
2025-12-10 06:00:00,0.001197,0.001197,0.001189,0.001191,10015280.0
2025-12-10 07:00:00,0.001191,0.001193,0.001183,0.001193,61473757.0
2025-12-10 08:00:00,0.001193,0.001196,0.001185,0.001186,25800482.0
2025-12-10 09:00:00,0.001186,0.001192,0.00118,0.001191,18467635.0
2025-12-10 10:00:00,0.001191,0.001199,0.001176,0.001179,40395875.0
2025-12-10 11:00:00,0.001178,0.001182,0.001174,0.001181,48093942.0
2025-12-10 12:00:00,0.001181,0.001181,0.001173,0.001179,18535615.0
2025-12-10 13:00:00,0.001178,0.001183,0.001175,0.001182,97228348.0
2025-12-10 14:00:00,0.001182,0.001184,0.001174,0.001179,59762246.0
2025-12-10 15:00:00,0.001179,0.001187,0.001174,0.001178,32367284.0
2025-12-10 16:00:00,0.001178,0.001187,0.001174,0.001179,52606103.0
2025-12-10 17:00:00,0.001179,0.001191,0.001176,0.001183,38849766.0
2025-12-10 18:00:00,0.001183,0.001201,0.001177,0.001189,64154484.0
2025-12-10 19:00:00,0.001189,0.001208,0.001175,0.001202,234354690.0
2025-12-10 20:00:00,0.001203,0.001225,0.001189,0.001193,196913440.0
2025-12-10 21:00:00,0.001193,0.001198,0.001168,0.00117,86559960.0
2025-12-10 22:00:00,0.00117,0.001172,0.00114,0.001164,181888131.0
2025-12-10 23:00:00,0.001164,0.001165,0.001149,0.001151,26368393.0
2025-12-11 00:00:00,0.001151,0.001151,0.001125,0.001128,73755706.0
2025-12-11 01:00:00,0.001128,0.001128,0.001116,0.001116,109373668.0
2025-12-11 02:00:00,0.001116,0.001116,0.001102,0.001105,92897195.0
2025-12-11 03:00:00,0.001105,0.001105,0.001091,0.001092,89673147.0
2025-12-11 04:00:00,0.001091,0.001108,0.001083,0.001106,132148921.0
2025-12-11 05:00:00,0.001105,0.001112,0.001101,0.001109,62510860.0
2025-12-11 06:00:00,0.001109,0.001116,0.001105,0.001111,63115693.0
2025-12-11 07:00:00,0.001111,0.001114,0.001106,0.001106,39128840.0
2025-12-11 08:00:00,0.001106,0.001113,0.001102,0.001107,117646664.0
2025-12-11 09:00:00,0.001107,0.001109,0.001101,0.001103,55192152.0
2025-12-11 10:00:00,0.001103,0.001106,0.001096,0.001105,20552434.0
2025-12-11 11:00:00,0.001104,0.001113,0.001102,0.001107,34058720.0
2025-12-11 12:00:00,0.001106,0.001112,0.001103,0.00111,24511541.0
2025-12-11 13:00:00,0.00111,0.001112,0.001105,0.00111,41593921.0
2025-12-11 14:00:00,0.001109,0.001115,0.001097,0.001102,99922822.0
2025-12-11 15:00:00,0.001102,0.001112,0.001091,0.001094,102205835.0
2025-12-11 16:00:00,0.001094,0.001101,0.001083,0.001096,109615763.0
2025-12-11 17:00:00,0.001097,0.001104,0.001092,0.001099,68702475.0
2025-12-11 18:00:00,0.001099,0.001131,0.001096,0.001123,98452889.0
2025-12-11 19:00:00,0.001123,0.001138,0.001121,0.001125,94838391.0
2025-12-11 20:00:00,0.001124,0.001148,0.001123,0.001139,94101342.0
2025-12-11 21:00:00,0.00114,0.001167,0.001138,0.001162,138985167.0
2025-12-11 22:00:00,0.001163,0.001167,0.00114,0.001145,46760394.0
2025-12-11 23:00:00,0.001145,0.001148,0.001138,0.001142,32031407.0
2025-12-12 00:00:00,0.001142,0.001154,0.001133,0.001133,46056368.0
2025-12-12 01:00:00,0.001133,0.001146,0.001133,0.00114,26410625.0
2025-12-12 02:00:00,0.001141,0.001153,0.00114,0.001149,29526578.0
2025-12-12 03:00:00,0.001149,0.001153,0.00114,0.001141,22041869.0
2025-12-12 04:00:00,0.001141,0.001142,0.001137,0.001138,15332219.0
2025-12-12 05:00:00,0.001138,0.001149,0.001136,0.001148,29410901.0
2025-12-12 06:00:00,0.001148,0.001156,0.001143,0.001144,27720875.0
2025-12-12 07:00:00,0.001144,0.001146,0.001143,0.001144,14761661.0
2025-12-12 08:00:00,0.001144,0.001144,0.001133,0.001137,16288536.0
2025-12-12 09:00:00,0.001137,0.001147,0.001134,0.001147,12335186.0
2025-12-12 10:00:00,0.001145,0.001151,0.001144,0.001146,34130631.0
2025-12-12 11:00:00,0.001145,0.001146,0.001139,0.001141,14918543.0
2025-12-12 12:00:00,0.00114,0.001146,0.001138,0.001145,18781531.0
2025-12-12 13:00:00,0.001145,0.001149,0.00114,0.001141,21792237.0
2025-12-12 14:00:00,0.001142,0.001143,0.001134,0.001137,56678915.0
2025-12-12 15:00:00,0.001136,0.001136,0.00108,0.001086,283215269.0
2025-12-12 16:00:00,0.001085,0.001089,0.001059,0.001068,278922256.0
2025-12-12 17:00:00,0.001068,0.001089,0.001068,0.001079,78754501.0
2025-12-12 18:00:00,0.001079,0.001096,0.001076,0.001087,60542134.0
2025-12-12 19:00:00,0.001088,0.001088,0.001078,0.001084,33875073.0
2025-12-12 20:00:00,0.001084,0.001089,0.001083,0.001088,52188444.0
2025-12-12 21:00:00,0.001088,0.001097,0.001088,0.001092,13647249.0
2025-12-12 22:00:00,0.001093,0.001106,0.001092,0.001097,70095697.0
2025-12-12 23:00:00,0.001098,0.001102,0.001091,0.001092,65459961.0
2025-12-13 00:00:00,0.001093,0.001096,0.001088,0.001091,19584450.0
2025-12-13 01:00:00,0.00109,0.001093,0.001084,0.001086,19548382.0
2025-12-13 02:00:00,0.001085,0.001087,0.001083,0.001084,8430880.0
2025-12-13 03:00:00,0.001084,0.001097,0.001081,0.001092,37870274.0
2025-12-13 04:00:00,0.001092,0.001095,0.001091,0.001095,18037297.0
2025-12-13 05:00:00,0.001095,0.001097,0.001088,0.001091,20232683.0
2025-12-13 06:00:00,0.001091,0.001093,0.001089,0.001089,5420167.0
2025-12-13 07:00:00,0.001089,0.001107,0.001089,0.001102,38478947.0
2025-12-13 08:00:00,0.001104,0.001107,0.001099,0.0011,30434077.0
2025-12-13 09:00:00,0.001101,0.001102,0.001097,0.001101,18258036.0
2025-12-13 10:00:00,0.001099,0.001104,0.001097,0.001097,20993635.0
2025-12-13 11:00:00,0.001097,0.001098,0.001088,0.001088,29631008.0
2025-12-13 12:00:00,0.001089,0.001094,0.001086,0.001089,33811489.0
2025-12-13 13:00:00,0.00109,0.001094,0.001087,0.00109,30987570.0
2025-12-13 14:00:00,0.00109,0.001092,0.001085,0.00109,22564040.0
2025-12-13 15:00:00,0.00109,0.001095,0.001087,0.001088,18440784.0
2025-12-13 16:00:00,0.001087,0.001096,0.001087,0.001096,49182859.0
2025-12-13 17:00:00,0.001096,0.001099,0.001092,0.001098,11345428.0
2025-12-13 18:00:00,0.001097,0.001103,0.001095,0.001101,28067712.0
2025-12-13 19:00:00,0.001101,0.001106,0.001093,0.001094,81534015.0
2025-12-13 20:00:00,0.001094,0.001096,0.001089,0.00109,10100364.0
2025-12-13 21:00:00,0.001089,0.001093,0.001085,0.001092,31482540.0
2025-12-13 22:00:00,0.001092,0.001097,0.00109,0.001094,9022519.0
2025-12-13 23:00:00,0.001093,0.001101,0.001092,0.001098,5766250.0
2025-12-14 00:00:00,0.001098,0.0011,0.001094,0.001096,11015519.0
2025-12-14 01:00:00,0.001095,0.001103,0.001095,0.001102,16343483.0
2025-12-14 02:00:00,0.001101,0.001106,0.001101,0.001105,15284794.0
2025-12-14 03:00:00,0.001105,0.001107,0.001097,0.001099,13686451.0
2025-12-14 04:00:00,0.001099,0.001101,0.001093,0.001095,4773535.0
2025-12-14 05:00:00,0.001094,0.001095,0.001086,0.001087,15321152.0
2025-12-14 06:00:00,0.001087,0.001088,0.001081,0.001087,22029609.0
2025-12-14 07:00:00,0.001086,0.001089,0.001085,0.001089,21713867.0
2025-12-14 08:00:00,0.001089,0.001091,0.001073,0.001076,81516473.0
2025-12-14 09:00:00,0.001076,0.001085,0.001075,0.001083,37539578.0
2025-12-14 10:00:00,0.001083,0.001084,0.001073,0.001076,32648441.0
2025-12-14 11:00:00,0.001075,0.001076,0.001062,0.001072,49220949.0
2025-12-14 12:00:00,0.001071,0.00108,0.001066,0.001077,24708383.0
2025-12-14 13:00:00,0.001076,0.001076,0.001071,0.001074,20309467.0
2025-12-14 14:00:00,0.001075,0.001076,0.001061,0.001066,24088772.0
2025-12-14 15:00:00,0.001066,0.001069,0.001063,0.001068,23192291.0
2025-12-14 16:00:00,0.001067,0.001077,0.001065,0.001074,99541158.0
2025-12-14 17:00:00,0.001074,0.001077,0.001055,0.001059,68943036.0
2025-12-14 18:00:00,0.001059,0.001069,0.001057,0.001069,29411999.0
2025-12-14 19:00:00,0.001068,0.001068,0.00106,0.001064,26782921.0
2025-12-14 20:00:00,0.001064,0.001068,0.001055,0.001059,37705972.0
2025-12-14 21:00:00,0.001058,0.001062,0.001052,0.001054,14815729.0
2025-12-14 22:00:00,0.001054,0.00106,0.001051,0.001056,32491674.0
2025-12-14 23:00:00,0.001057,0.001064,0.001039,0.001052,76131973.0
2025-12-15 00:00:00,0.001051,0.001056,0.001047,0.001055,47383916.0
2025-12-15 01:00:00,0.001056,0.00107,0.001053,0.001067,56629270.0
2025-12-15 02:00:00,0.001068,0.00108,0.001066,0.001066,31756839.0
2025-12-15 03:00:00,0.001066,0.001067,0.00106,0.001064,22259567.0
2025-12-15 04:00:00,0.001065,0.001072,0.001064,0.001071,27358797.0
2025-12-15 05:00:00,0.001071,0.001077,0.001071,0.001075,20312744.0
2025-12-15 06:00:00,0.001075,0.001076,0.001069,0.00107,45321413.0
2025-12-15 07:00:00,0.00107,0.001071,0.001061,0.001064,12484299.0
2025-12-15 08:00:00,0.001064,0.001068,0.001062,0.001062,16397046.0
2025-12-15 09:00:00,0.001062,0.001069,0.001061,0.001067,35397217.0
2025-12-15 10:00:00,0.001067,0.00107,0.001064,0.001066,24879369.0
2025-12-15 11:00:00,0.001067,0.00107,0.001065,0.001069,14561010.0
2025-12-15 12:00:00,0.001068,0.001072,0.001063,0.00107,19393239.0
2025-12-15 13:00:00,0.00107,0.00107,0.001058,0.00106,54081297.0
2025-12-15 14:00:00,0.001059,0.001071,0.00103,0.001044,204337263.0
2025-12-15 15:00:00,0.001043,0.001043,0.000996,0.001016,535678371.0
2025-12-15 16:00:00,0.001015,0.001017,0.000994,0.000998,124819331.0
2025-12-15 17:00:00,0.000997,0.001001,0.000984,0.000987,88580904.0
2025-12-15 18:00:00,0.000986,0.000998,0.000977,0.000997,76284113.0
2025-12-15 19:00:00,0.000997,0.00101,0.000997,0.001003,62398071.0
2025-12-15 20:00:00,0.001003,0.001008,0.000994,0.001003,47245122.0
2025-12-15 21:00:00,0.001003,0.001017,0.001003,0.001013,45425589.0
2025-12-15 22:00:00,0.001014,0.001019,0.001012,0.001018,30077786.0
2025-12-15 23:00:00,0.00102,0.001029,0.001018,0.001024,28995466.0
2025-12-16 00:00:00,0.001024,0.001025,0.001012,0.001012,21102097.0
2025-12-16 01:00:00,0.001012,0.001022,0.00101,0.001014,58579517.0
2025-12-16 02:00:00,0.001015,0.001022,0.001012,0.001017,23409923.0
2025-12-16 03:00:00,0.001017,0.00102,0.00101,0.001016,31723564.0
2025-12-16 04:00:00,0.001017,0.001017,0.000997,0.001009,50729389.0
2025-12-16 05:00:00,0.001008,0.001013,0.001006,0.001008,20641842.0
2025-12-16 06:00:00,0.001008,0.001014,0.001008,0.00101,20052000.0
2025-12-16 07:00:00,0.001011,0.001013,0.000996,0.000999,33267068.0
2025-12-16 08:00:00,0.000998,0.001007,0.000998,0.001004,27954372.0
2025-12-16 09:00:00,0.001003,0.001005,0.001002,0.001005,13105151.0
2025-12-16 10:00:00,0.001005,0.001029,0.001004,0.001019,49076844.0
2025-12-16 11:00:00,0.001019,0.001027,0.001017,0.001026,26246355.0
2025-12-16 12:00:00,0.001026,0.001027,0.001017,0.001018,25217176.0
2025-12-16 13:00:00,0.001018,0.001029,0.001005,0.001008,109334464.0
2025-12-16 14:00:00,0.001009,0.001022,0.001001,0.001015,132508412.0
2025-12-16 15:00:00,0.001016,0.001031,0.00101,0.001026,79796299.0
2025-12-16 16:00:00,0.001026,0.00103,0.001017,0.001021,50277821.0
2025-12-16 17:00:00,0.001021,0.001026,0.001012,0.001013,35175991.0
2025-12-16 18:00:00,0.001013,0.001024,0.001009,0.001019,53876341.0
2025-12-16 19:00:00,0.001019,0.001019,0.001006,0.001013,35629864.0
2025-12-16 20:00:00,0.001013,0.001017,0.00101,0.001012,39692392.0
2025-12-16 21:00:00,0.001012,0.001014,0.001006,0.001012,20185033.0
2025-12-16 22:00:00,0.001012,0.001013,0.001007,0.001009,20065296.0
2025-12-16 23:00:00,0.001008,0.001009,0.001003,0.001009,18201517.0
2025-12-17 00:00:00,0.001009,0.001009,0.001,0.001003,13235119.0
2025-12-17 01:00:00,0.001004,0.001011,0.001002,0.001003,29155394.0
2025-12-17 02:00:00,0.001003,0.001006,0.000997,0.001003,41203778.0
2025-12-17 03:00:00,0.001004,0.001006,0.000997,0.000998,20380121.0
2025-12-17 04:00:00,0.000998,0.000999,0.000991,0.000993,16099366.0
2025-12-17 05:00:00,0.000993,0.000997,0.000988,0.000994,62823036.0
2025-12-17 06:00:00,0.000994,0.000999,0.000993,0.000994,17355035.0
2025-12-17 07:00:00,0.000995,0.001,0.000992,0.000996,22114678.0
2025-12-17 08:00:00,0.000995,0.000995,0.00099,0.000991,20977658.0
2025-12-17 09:00:00,0.00099,0.000991,0.000986,0.000988,28683578.0
2025-12-17 10:00:00,0.000988,0.000988,0.000979,0.000985,39565753.0
2025-12-17 11:00:00,0.000985,0.000992,0.000985,0.000991,18061555.0
2025-12-17 12:00:00,0.000991,0.000994,0.000987,0.000991,12461283.0
2025-12-17 13:00:00,0.000991,0.001002,0.000985,0.001,43555237.0
2025-12-17 14:00:00,0.001,0.001017,0.000978,0.001016,109005218.0
2025-12-17 15:00:00,0.001017,0.001027,0.000981,0.000982,185879935.0
2025-12-17 16:00:00,0.000983,0.000991,0.000956,0.000969,199446226.0
2025-12-17 17:00:00,0.000968,0.000973,0.000955,0.000958,82339215.0
2025-12-17 18:00:00,0.000959,0.000962,0.00094,0.000942,134921591.0
2025-12-17 19:00:00,0.000943,0.000947,0.000934,0.000946,93960461.0
2025-12-17 20:00:00,0.000946,0.000954,0.000942,0.000944,75049096.0
2025-12-17 21:00:00,0.000944,0.000946,0.000936,0.000937,43400169.0
2025-12-17 22:00:00,0.000938,0.000948,0.000934,0.000948,60294908.0
2025-12-17 23:00:00,0.000947,0.000947,0.00094,0.000943,13818906.0
2025-12-18 00:00:00,0.000943,0.000948,0.000942,0.000946,20141997.0
2025-12-18 01:00:00,0.000947,0.000947,0.000935,0.000937,26438223.0
2025-12-18 02:00:00,0.000937,0.000947,0.000935,0.000942,58484573.0
2025-12-18 03:00:00,0.000942,0.000943,0.000934,0.000936,14394450.0
2025-12-18 04:00:00,0.000936,0.000942,0.000935,0.000937,46040067.0
2025-12-18 05:00:00,0.000938,0.000939,0.000921,0.000923,41254262.0
2025-12-18 06:00:00,0.000922,0.000929,0.000921,0.000928,22756254.0
2025-12-18 07:00:00,0.000929,0.000935,0.000927,0.000933,36241707.0
2025-12-18 08:00:00,0.000933,0.000942,0.000932,0.000941,41022978.0
2025-12-18 09:00:00,0.000941,0.00095,0.00094,0.000942,59955395.0
2025-12-18 10:00:00,0.000943,0.000947,0.000942,0.000945,32458239.0
2025-12-18 11:00:00,0.000945,0.000949,0.000943,0.000946,28038855.0
2025-12-18 12:00:00,0.000946,0.000948,0.000942,0.000943,31501061.0
2025-12-18 13:00:00,0.000943,0.000967,0.000943,0.000967,157618064.0
2025-12-18 14:00:00,0.000968,0.000976,0.000951,0.000957,104551788.0
2025-12-18 15:00:00,0.000958,0.00097,0.00095,0.000964,80677997.0
2025-12-18 16:00:00,0.000965,0.000967,0.000954,0.000957,49031662.0
2025-12-18 17:00:00,0.000957,0.000957,0.0009,0.000921,265729892.0
2025-12-18 18:00:00,0.000921,0.000929,0.000903,0.000905,129441725.0
2025-12-18 19:00:00,0.000905,0.000906,0.000881,0.000884,227781037.0
2025-12-18 20:00:00,0.000884,0.000897,0.000881,0.000891,87804283.0
2025-12-18 21:00:00,0.00089,0.00091,0.00089,0.00091,109194386.0
2025-12-18 22:00:00,0.000909,0.000913,0.000903,0.000907,36036619.0
2025-12-18 23:00:00,0.000906,0.000906,0.000898,0.000898,48277372.0
2025-12-19 00:00:00,0.000899,0.000902,0.000892,0.000895,46099532.0
2025-12-19 01:00:00,0.000895,0.000895,0.000883,0.000886,64159920.0
2025-12-19 02:00:00,0.000886,0.000894,0.000881,0.000891,85663743.0
2025-12-19 03:00:00,0.00089,0.000926,0.00089,0.000918,144192284.0
2025-12-19 04:00:00,0.000919,0.000923,0.000917,0.000921,53669645.0
2025-12-19 05:00:00,0.000921,0.000922,0.000914,0.000919,70873541.0
2025-12-19 06:00:00,0.000918,0.000928,0.000915,0.000926,50300243.0
2025-12-19 07:00:00,0.000927,0.000941,0.000926,0.000931,70265353.0
2025-12-19 08:00:00,0.000931,0.000945,0.000931,0.000939,204602614.0
2025-12-19 09:00:00,0.000939,0.000948,0.000939,0.000947,119296462.0
2025-12-19 10:00:00,0.000948,0.000953,0.000945,0.000945,96771404.0
2025-12-19 11:00:00,0.000945,0.000948,0.000944,0.000946,62734642.0
2025-12-19 12:00:00,0.000945,0.000947,0.00094,0.000941,27636268.0
2025-12-19 13:00:00,0.000942,0.000946,0.000939,0.000944,21002253.0
2025-12-19 14:00:00,0.000944,0.000958,0.000938,0.000951,91922716.0
2025-12-19 15:00:00,0.000951,0.000969,0.000947,0.000953,137280414.0
2025-12-19 16:00:00,0.000954,0.000975,0.000954,0.000966,87946206.0
2025-12-19 17:00:00,0.000966,0.000973,0.000948,0.000949,107546770.0
2025-12-19 18:00:00,0.000949,0.000963,0.000948,0.000961,48813080.0
2025-12-19 19:00:00,0.000962,0.000983,0.000962,0.000979,69195335.0
2025-12-19 20:00:00,0.00098,0.000986,0.000977,0.000982,71778030.0
2025-12-19 21:00:00,0.000982,0.000982,0.000972,0.000972,24300768.0
2025-12-19 22:00:00,0.000973,0.000984,0.000973,0.000982,17395332.0
2025-12-19 23:00:00,0.000982,0.000982,0.000978,0.000978,8836512.0
2025-12-20 00:00:00,0.000978,0.00098,0.000974,0.000977,13282853.0
2025-12-20 01:00:00,0.000977,0.000978,0.000972,0.000972,14089302.0
2025-12-20 02:00:00,0.000971,0.000973,0.000967,0.000967,19762671.0
2025-12-20 03:00:00,0.000967,0.000971,0.000962,0.000967,22216946.0
2025-12-20 04:00:00,0.000967,0.000968,0.000963,0.000965,10764256.0
2025-12-20 05:00:00,0.000965,0.000972,0.000965,0.000969,37742762.0
2025-12-20 06:00:00,0.000968,0.00097,0.000964,0.000967,7281682.0
2025-12-20 07:00:00,0.000967,0.000972,0.000965,0.000969,14112713.0
2025-12-20 08:00:00,0.000969,0.000975,0.000969,0.000969,17585572.0
2025-12-20 09:00:00,0.000968,0.00097,0.000966,0.000966,17511640.0
2025-12-20 10:00:00,0.000966,0.000966,0.000957,0.000959,22097453.0
2025-12-20 11:00:00,0.000959,0.000972,0.000958,0.000971,25141360.0
2025-12-20 12:00:00,0.000971,0.000973,0.000964,0.000966,15251097.0
2025-12-20 13:00:00,0.000966,0.000968,0.000957,0.000963,17828196.0
2025-12-20 14:00:00,0.000963,0.000965,0.000955,0.000964,16178082.0
2025-12-20 15:00:00,0.000964,0.000964,0.000958,0.000962,47515945.0
2025-12-20 16:00:00,0.000962,0.000963,0.000957,0.000961,22589481.0
2025-12-20 17:00:00,0.000962,0.000972,0.000962,0.000966,62159537.0
2025-12-20 18:00:00,0.000967,0.00097,0.000966,0.000967,42151282.0
2025-12-20 19:00:00,0.000968,0.000971,0.000963,0.000967,49635829.0
2025-12-20 20:00:00,0.000966,0.000972,0.000964,0.000972,64708793.0
2025-12-20 21:00:00,0.000972,0.000975,0.000966,0.000967,35985692.0
2025-12-20 22:00:00,0.000968,0.000971,0.000965,0.000971,37368630.0
2025-12-20 23:00:00,0.00097,0.000971,0.000967,0.000968,13724460.0
2025-12-21 00:00:00,0.000968,0.000971,0.000965,0.000968,9541496.0
2025-12-21 01:00:00,0.000969,0.000969,0.000956,0.000957,23220289.0
2025-12-21 02:00:00,0.000956,0.000958,0.000948,0.000949,27434043.0
2025-12-21 03:00:00,0.00095,0.000958,0.00095,0.000957,12786779.0
2025-12-21 04:00:00,0.000956,0.000957,0.000953,0.000954,6997630.0
2025-12-21 05:00:00,0.000955,0.000962,0.000955,0.000959,31909239.0
2025-12-21 06:00:00,0.000959,0.000965,0.000958,0.000965,11551357.0
2025-12-21 07:00:00,0.000965,0.000968,0.000961,0.000965,52659390.0
2025-12-21 08:00:00,0.000964,0.00097,0.000961,0.000968,55886671.0
2025-12-21 09:00:00,0.000968,0.000971,0.000964,0.000967,19154488.0
2025-12-21 10:00:00,0.000967,0.00097,0.000956,0.000958,38684413.0
2025-12-21 11:00:00,0.000957,0.000962,0.000957,0.000958,57018422.0
2025-12-21 12:00:00,0.000958,0.000963,0.000948,0.000951,37562120.0
2025-12-21 13:00:00,0.000952,0.000952,0.000921,0.000923,147649624.0
2025-12-21 14:00:00,0.000922,0.00094,0.00092,0.000938,117366412.0
2025-12-21 15:00:00,0.000938,0.000943,0.000933,0.000936,146902547.0
2025-12-21 16:00:00,0.000936,0.000955,0.000933,0.000955,71108486.0
2025-12-21 17:00:00,0.000956,0.000959,0.000946,0.000946,54388788.0
2025-12-21 18:00:00,0.000946,0.000947,0.000938,0.000945,24054102.0
2025-12-21 19:00:00,0.000946,0.000948,0.00094,0.000945,33888333.0
2025-12-21 20:00:00,0.000945,0.000946,0.000937,0.00094,9528165.0
2025-12-21 21:00:00,0.000939,0.000943,0.000934,0.000936,17219305.0
2025-12-21 22:00:00,0.000936,0.000952,0.000935,0.000952,10078714.0
2025-12-21 23:00:00,0.000952,0.000959,0.000948,0.000949,17733775.0
2025-12-22 00:00:00,0.000949,0.000972,0.000949,0.000955,59358892.0
2025-12-22 01:00:00,0.000955,0.000966,0.000954,0.000956,25464103.0
2025-12-22 02:00:00,0.000955,0.000955,0.000939,0.000954,48874391.0
2025-12-22 03:00:00,0.000954,0.000964,0.000954,0.000962,24057683.0
2025-12-22 04:00:00,0.000962,0.000968,0.000959,0.000961,39054496.0
2025-12-22 05:00:00,0.000961,0.000964,0.000958,0.000961,12465995.0
2025-12-22 06:00:00,0.000961,0.000965,0.00096,0.000961,14107438.0
2025-12-22 07:00:00,0.00096,0.00097,0.000959,0.000966,70209396.0
2025-12-22 08:00:00,0.000966,0.000975,0.000962,0.000964,51995692.0
2025-12-22 09:00:00,0.000964,0.000965,0.000959,0.000962,14094143.0
2025-12-22 10:00:00,0.000963,0.000965,0.00096,0.000962,35126529.0
2025-12-22 11:00:00,0.000963,0.000966,0.000955,0.000964,43710926.0
2025-12-22 12:00:00,0.000964,0.000969,0.000962,0.000964,35465480.0
2025-12-22 13:00:00,0.000964,0.000966,0.000958,0.000964,24280645.0
2025-12-22 14:00:00,0.000964,0.000973,0.00096,0.000967,67860667.0
2025-12-22 15:00:00,0.000967,0.000972,0.000957,0.000966,62684558.0
2025-12-22 16:00:00,0.000967,0.000971,0.000962,0.000964,32983955.0
2025-12-22 17:00:00,0.000964,0.000966,0.000961,0.000963,34460711.0
2025-12-22 18:00:00,0.000963,0.000969,0.00096,0.000963,35481656.0
2025-12-22 19:00:00,0.000962,0.000962,0.000939,0.000942,53897496.0
2025-12-22 20:00:00,0.000941,0.000945,0.000931,0.000935,54517438.0
2025-12-22 21:00:00,0.000935,0.000943,0.000935,0.00094,21586134.0
2025-12-22 22:00:00,0.00094,0.000947,0.000936,0.000946,27375336.0
2025-12-22 23:00:00,0.000946,0.000948,0.000944,0.000947,18451513.0
2025-12-23 00:00:00,0.000947,0.000955,0.000946,0.000952,23122022.0
2025-12-23 01:00:00,0.000953,0.000953,0.000947,0.000949,17426565.0
2025-12-23 02:00:00,0.000949,0.000953,0.000941,0.000941,14793172.0
2025-12-23 03:00:00,0.00094,0.000948,0.000935,0.000945,84858796.0
2025-12-23 04:00:00,0.000944,0.000944,0.000938,0.000938,38374167.0
2025-12-23 05:00:00,0.000937,0.00094,0.000931,0.000938,46196895.0
2025-12-23 06:00:00,0.000937,0.000942,0.00093,0.000937,81374783.0
2025-12-23 07:00:00,0.000937,0.000938,0.000932,0.000935,18361706.0
2025-12-23 08:00:00,0.000935,0.000937,0.000931,0.000931,17582690.0
2025-12-23 09:00:00,0.000931,0.000952,0.000929,0.000947,151147001.0
2025-12-23 10:00:00,0.000948,0.00095,0.000945,0.000949,38805031.0
2025-12-23 11:00:00,0.000948,0.000952,0.000948,0.000949,23230310.0
2025-12-23 12:00:00,0.000948,0.000948,0.000939,0.000947,35315884.0
2025-12-23 13:00:00,0.000946,0.000948,0.000933,0.000935,60909913.0
2025-12-23 14:00:00,0.000934,0.00094,0.000918,0.000926,118377848.0
2025-12-23 15:00:00,0.000926,0.000937,0.000921,0.000935,138613250.0
2025-12-23 16:00:00,0.000935,0.000953,0.000933,0.000952,67957270.0
2025-12-23 17:00:00,0.000951,0.000954,0.000933,0.000934,49885531.0
2025-12-23 18:00:00,0.000935,0.00096,0.000934,0.000955,37787681.0
2025-12-23 19:00:00,0.000955,0.00096,0.000952,0.000958,32879557.0
2025-12-23 20:00:00,0.000959,0.000965,0.000954,0.000955,72985147.0
2025-12-23 21:00:00,0.000956,0.00097,0.000954,0.000965,74567712.0
2025-12-23 22:00:00,0.000965,0.000965,0.000956,0.000962,45330742.0
2025-12-23 23:00:00,0.000962,0.000967,0.00096,0.000963,20153577.0
2025-12-24 00:00:00,0.000963,0.000967,0.000956,0.000963,34450873.0
2025-12-24 01:00:00,0.000964,0.000967,0.000956,0.000961,12188604.0
2025-12-24 02:00:00,0.00096,0.000961,0.000947,0.000949,15232869.0
2025-12-24 03:00:00,0.000949,0.000957,0.000943,0.000957,17401396.0
2025-12-24 04:00:00,0.000958,0.000967,0.00095,0.000951,32334915.0
2025-12-24 05:00:00,0.000951,0.000954,0.000941,0.000944,35049336.0
2025-12-24 06:00:00,0.000943,0.00095,0.000942,0.000947,13111453.0
2025-12-24 07:00:00,0.000947,0.00095,0.000945,0.000945,15879598.0
2025-12-24 08:00:00,0.000944,0.00095,0.000939,0.000943,26439981.0
2025-12-24 09:00:00,0.000944,0.000949,0.000944,0.000947,8855065.0
2025-12-24 10:00:00,0.000946,0.00095,0.000945,0.000945,13234556.0
2025-12-24 11:00:00,0.000944,0.000951,0.000944,0.000948,16548957.0
2025-12-24 12:00:00,0.000947,0.000951,0.000945,0.00095,12468768.0
2025-12-24 13:00:00,0.000949,0.000949,0.00094,0.000942,19892934.0
2025-12-24 14:00:00,0.000942,0.000946,0.000929,0.00094,40849687.0
2025-12-24 15:00:00,0.00094,0.000949,0.000935,0.000948,25611414.0
2025-12-24 16:00:00,0.000948,0.000951,0.00094,0.000947,105052941.0
2025-12-24 17:00:00,0.000948,0.000949,0.000942,0.000942,24601777.0
2025-12-24 18:00:00,0.000942,0.000947,0.000941,0.000943,14216245.0
2025-12-24 19:00:00,0.000943,0.000949,0.000939,0.000947,21941339.0
2025-12-24 20:00:00,0.000947,0.00095,0.000945,0.000946,7542405.0
2025-12-24 21:00:00,0.000946,0.000948,0.000944,0.000947,9941246.0
2025-12-24 22:00:00,0.000947,0.000958,0.000947,0.000956,15132628.0
2025-12-24 23:00:00,0.000957,0.000957,0.000952,0.000955,13637752.0
2025-12-25 00:00:00,0.000956,0.000958,0.00095,0.000951,9212055.0
2025-12-25 01:00:00,0.000951,0.000957,0.00095,0.000954,6382340.0
2025-12-25 02:00:00,0.000953,0.000966,0.000953,0.000966,21794287.0
2025-12-25 03:00:00,0.000966,0.000974,0.000964,0.000972,22434125.0
2025-12-25 04:00:00,0.000973,0.000975,0.000967,0.000969,42286380.0
2025-12-25 05:00:00,0.000968,0.000971,0.000964,0.000966,44851958.0
2025-12-25 06:00:00,0.000966,0.000976,0.000965,0.000971,19041282.0
2025-12-25 07:00:00,0.000971,0.000978,0.000968,0.000978,15446803.0
2025-12-25 08:00:00,0.000979,0.000984,0.00097,0.000972,54091744.0
2025-12-25 09:00:00,0.000972,0.000975,0.000967,0.000968,16087857.0
2025-12-25 10:00:00,0.000968,0.000968,0.000956,0.000959,22466614.0
2025-12-25 11:00:00,0.000958,0.000962,0.000956,0.000956,21671766.0
2025-12-25 12:00:00,0.000956,0.000963,0.000955,0.000959,10536175.0
2025-12-25 13:00:00,0.000959,0.00096,0.000954,0.000956,9065810.0
2025-12-25 14:00:00,0.000956,0.000958,0.000951,0.000955,12925525.0
2025-12-25 15:00:00,0.000955,0.000966,0.000953,0.000964,29453999.0
2025-12-25 16:00:00,0.000965,0.000969,0.000959,0.00096,35179545.0
2025-12-25 17:00:00,0.000959,0.000966,0.000958,0.000965,23655263.0
2025-12-25 18:00:00,0.000965,0.00097,0.000964,0.00097,22292730.0
2025-12-25 19:00:00,0.00097,0.000971,0.000965,0.00097,19158468.0
2025-12-25 20:00:00,0.000971,0.000972,0.000965,0.000968,24073933.0
2025-12-25 21:00:00,0.000968,0.000972,0.000968,0.000972,11453590.0
2025-12-25 22:00:00,0.000971,0.000972,0.000944,0.000948,47282160.0
2025-12-25 23:00:00,0.000947,0.000952,0.000932,0.000934,68353019.0
2025-12-26 00:00:00,0.000935,0.00094,0.000927,0.000933,41261947.0
2025-12-26 01:00:00,0.000933,0.000946,0.000932,0.000945,56866937.0
2025-12-26 02:00:00,0.000945,0.000977,0.000945,0.00097,95121556.0
2025-12-26 03:00:00,0.000971,0.000972,0.000962,0.000964,34494404.0
2025-12-26 04:00:00,0.000964,0.000968,0.000958,0.000967,28188564.0
2025-12-26 05:00:00,0.000967,0.000976,0.000967,0.000976,19515918.0
2025-12-26 06:00:00,0.000975,0.000977,0.00097,0.000971,16923680.0
2025-12-26 07:00:00,0.000971,0.000975,0.000964,0.000966,40915530.0
2025-12-26 08:00:00,0.000966,0.000972,0.000966,0.000969,9958958.0
2025-12-26 09:00:00,0.00097,0.000977,0.000969,0.000975,33270547.0
2025-12-26 10:00:00,0.000975,0.000977,0.000967,0.00097,61273907.0
2025-12-26 11:00:00,0.00097,0.000976,0.000968,0.000974,25387973.0
2025-12-26 12:00:00,0.000974,0.000978,0.00097,0.000977,27332401.0
2025-12-26 13:00:00,0.000978,0.001002,0.000975,0.001002,128714437.0
2025-12-26 14:00:00,0.001001,0.001076,0.000999,0.001012,1202684502.0
2025-12-26 15:00:00,0.001012,0.00104,0.001003,0.001026,340090533.0
2025-12-26 16:00:00,0.001025,0.001035,0.00099,0.000995,277182283.0
2025-12-26 17:00:00,0.000995,0.00101,0.000991,0.001004,128088997.0
2025-12-26 18:00:00,0.001005,0.001013,0.001001,0.001001,78714038.0
2025-12-26 19:00:00,0.001001,0.001013,0.001001,0.00101,43360016.0
2025-12-26 20:00:00,0.00101,0.001054,0.00101,0.001029,402960549.0
2025-12-26 21:00:00,0.001029,0.001037,0.00101,0.00101,119342388.0
2025-12-26 22:00:00,0.00101,0.001014,0.001005,0.00101,42812867.0
2025-12-26 23:00:00,0.001009,0.001011,0.001005,0.001007,21755301.0
2025-12-27 00:00:00,0.001007,0.001008,0.000996,0.001003,66940343.0
2025-12-27 01:00:00,0.001002,0.001007,0.000996,0.001007,26045517.0
2025-12-27 02:00:00,0.001006,0.001007,0.001,0.001005,10803413.0
2025-12-27 03:00:00,0.001005,0.001021,0.001004,0.001011,33907968.0
2025-12-27 04:00:00,0.00101,0.001021,0.001006,0.001016,85279594.0
2025-12-27 05:00:00,0.001016,0.001022,0.00101,0.001015,53880694.0
2025-12-27 06:00:00,0.001014,0.00102,0.001013,0.001016,40491077.0
2025-12-27 07:00:00,0.001016,0.001018,0.001007,0.001009,84808600.0
2025-12-27 08:00:00,0.001009,0.00101,0.001003,0.001006,28380318.0
2025-12-27 09:00:00,0.001006,0.00101,0.000999,0.001002,102231799.0
2025-12-27 10:00:00,0.001002,0.001003,0.000987,0.000995,107835451.0
2025-12-27 11:00:00,0.000995,0.001013,0.000995,0.001011,109346388.0
2025-12-27 12:00:00,0.00101,0.00101,0.001002,0.001003,34310688.0
2025-12-27 13:00:00,0.001004,0.001006,0.000998,0.000999,25375286.0
2025-12-27 14:00:00,0.001,0.001006,0.001,0.001006,54139980.0
2025-12-27 15:00:00,0.001005,0.001009,0.001003,0.001007,55080524.0
2025-12-27 16:00:00,0.001008,0.001011,0.001003,0.001003,27949381.0
2025-12-27 17:00:00,0.001003,0.001007,0.001001,0.001006,21769190.0
2025-12-27 18:00:00,0.001005,0.001007,0.001004,0.001004,19390676.0
2025-12-27 19:00:00,0.001004,0.00101,0.001003,0.00101,13562741.0
2025-12-27 20:00:00,0.00101,0.001013,0.001007,0.001009,48017815.0
2025-12-27 21:00:00,0.001009,0.00102,0.001009,0.001019,23305091.0
2025-12-27 22:00:00,0.001019,0.001024,0.001013,0.001017,38966912.0
2025-12-27 23:00:00,0.001016,0.001029,0.001016,0.001024,55049929.0
2025-12-28 00:00:00,0.001025,0.001027,0.001021,0.001022,22553267.0
2025-12-28 01:00:00,0.001023,0.001023,0.001016,0.001017,17598540.0
2025-12-28 02:00:00,0.001016,0.001022,0.001016,0.00102,7369078.0
2025-12-28 03:00:00,0.001019,0.001021,0.001016,0.001021,19698223.0
2025-12-28 04:00:00,0.00102,0.001023,0.001019,0.00102,5530374.0
2025-12-28 05:00:00,0.00102,0.001021,0.001015,0.001017,48602064.0
2025-12-28 06:00:00,0.001016,0.001026,0.001016,0.001022,28104441.0
2025-12-28 07:00:00,0.001022,0.001025,0.001019,0.00102,18156770.0
2025-12-28 08:00:00,0.00102,0.001022,0.001017,0.001019,12786668.0
2025-12-28 09:00:00,0.001018,0.001018,0.001014,0.001016,18442457.0
2025-12-28 10:00:00,0.001017,0.001021,0.001016,0.001018,14444189.0
2025-12-28 11:00:00,0.001018,0.00102,0.001011,0.001015,30711416.0
2025-12-28 12:00:00,0.001015,0.001016,0.00101,0.001011,12868897.0
2025-12-28 13:00:00,0.001012,0.001014,0.00101,0.001012,7859986.0
2025-12-28 14:00:00,0.001012,0.001023,0.001012,0.001019,32276204.0
2025-12-28 15:00:00,0.001019,0.001021,0.001013,0.001013,27443963.0
2025-12-28 16:00:00,0.001012,0.001016,0.001007,0.00101,28902004.0
2025-12-28 17:00:00,0.00101,0.001013,0.001006,0.00101,14493826.0
2025-12-28 18:00:00,0.00101,0.001011,0.000995,0.000999,93432589.0
2025-12-28 19:00:00,0.000999,0.000999,0.000985,0.000993,94334955.0
2025-12-28 20:00:00,0.000993,0.000995,0.000989,0.000991,36324228.0
2025-12-28 21:00:00,0.00099,0.000991,0.000984,0.000988,29164442.0
2025-12-28 22:00:00,0.000988,0.000992,0.000985,0.000991,11507605.0
2025-12-28 23:00:00,0.000991,0.000995,0.000985,0.000994,21800122.0
2025-12-29 00:00:00,0.000994,0.001004,0.00099,0.001002,41040406.0
2025-12-29 01:00:00,0.001001,0.001009,0.000995,0.001007,33959964.0
2025-12-29 02:00:00,0.001007,0.001018,0.001005,0.001007,47930383.0
2025-12-29 03:00:00,0.001008,0.001023,0.001005,0.001021,49583660.0
2025-12-29 04:00:00,0.001021,0.001022,0.001015,0.001016,34451284.0
2025-12-29 05:00:00,0.001015,0.001015,0.001011,0.001012,15073571.0
2025-12-29 06:00:00,0.001012,0.001013,0.001005,0.001006,16866809.0
2025-12-29 07:00:00,0.001007,0.00101,0.001,0.001007,37973421.0
2025-12-29 08:00:00,0.001006,0.001008,0.001,0.001001,31592780.0
2025-12-29 09:00:00,0.001001,0.001002,0.000986,0.000997,86676107.0
2025-12-29 10:00:00,0.000997,0.001001,0.000995,0.000997,25149156.0
2025-12-29 11:00:00,0.000996,0.000996,0.000992,0.000994,15072855.0
2025-12-29 12:00:00,0.000993,0.000995,0.000974,0.000986,66705054.0
2025-12-29 13:00:00,0.000986,0.000987,0.00097,0.000973,63664648.0
2025-12-29 14:00:00,0.000972,0.000986,0.000966,0.000975,71525112.0
2025-12-29 15:00:00,0.000975,0.000986,0.000974,0.000979,44845964.0
2025-12-29 16:00:00,0.000978,0.00098,0.000966,0.000974,47726229.0
2025-12-29 17:00:00,0.000974,0.00098,0.00097,0.000978,19287121.0
2025-12-29 18:00:00,0.000978,0.000981,0.000967,0.000968,33883601.0
2025-12-29 19:00:00,0.000968,0.000975,0.000964,0.000971,32892691.0
2025-12-29 20:00:00,0.000971,0.000974,0.000965,0.000968,22498402.0
2025-12-29 21:00:00,0.000968,0.000973,0.000968,0.00097,11201389.0
2025-12-29 22:00:00,0.00097,0.000971,0.000964,0.000969,11695291.0
2025-12-29 23:00:00,0.000969,0.00097,0.000962,0.000965,11504291.0
2025-12-30 00:00:00,0.000965,0.000969,0.00096,0.000963,17803482.0
2025-12-30 01:00:00,0.000963,0.000967,0.000958,0.000959,81815052.0
2025-12-30 02:00:00,0.000958,0.00096,0.000953,0.000955,34772215.0
2025-12-30 03:00:00,0.000955,0.000957,0.000948,0.000956,18215594.0
2025-12-30 04:00:00,0.000955,0.000958,0.000952,0.000956,17839549.0
2025-12-30 05:00:00,0.000956,0.000958,0.000948,0.000954,20700599.0
2025-12-30 06:00:00,0.000954,0.000962,0.000954,0.00096,14965609.0
2025-12-30 07:00:00,0.00096,0.000963,0.000957,0.00096,10687705.0
2025-12-30 08:00:00,0.00096,0.000973,0.00096,0.000968,37705455.0
2025-12-30 09:00:00,0.000968,0.000977,0.000967,0.000975,57965937.0
2025-12-30 10:00:00,0.000975,0.000976,0.00097,0.000973,30908690.0
2025-12-30 11:00:00,0.000972,0.000973,0.000967,0.000971,11852496.0
2025-12-30 12:00:00,0.000971,0.000972,0.000967,0.000968,11525916.0
2025-12-30 13:00:00,0.000968,0.000973,0.000966,0.000967,33965856.0
2025-12-30 14:00:00,0.000967,0.000971,0.000955,0.000968,60527479.0
2025-12-30 15:00:00,0.000969,0.000969,0.00096,0.000967,32333755.0
2025-12-30 16:00:00,0.000967,0.000971,0.00096,0.000963,37801510.0
2025-12-30 17:00:00,0.000962,0.000966,0.00096,0.000963,32400038.0
2025-12-30 18:00:00,0.000963,0.000965,0.000961,0.000964,10031014.0
2025-12-30 19:00:00,0.000963,0.000969,0.000957,0.000969,19413143.0
2025-12-30 20:00:00,0.000969,0.000969,0.000962,0.000962,12241858.0
2025-12-30 21:00:00,0.000962,0.000965,0.00096,0.000961,16216320.0
2025-12-30 22:00:00,0.000962,0.000965,0.000961,0.000965,10727839.0
2025-12-30 23:00:00,0.000964,0.000965,0.000962,0.000962,9305220.0
2025-12-31 00:00:00,0.000962,0.000962,0.000958,0.000958,13255815.0
2025-12-31 01:00:00,0.000958,0.000965,0.000957,0.000965,13489402.0
2025-12-31 02:00:00,0.000963,0.000966,0.000961,0.000962,9863922.0
2025-12-31 03:00:00,0.000963,0.000964,0.00096,0.000963,8047115.0
2025-12-31 04:00:00,0.000964,0.000986,0.000963,0.000983,167700347.0
2025-12-31 05:00:00,0.000983,0.001019,0.000983,0.000995,146627449.0
2025-12-31 06:00:00,0.000996,0.001002,0.000988,0.001001,67549275.0
2025-12-31 07:00:00,0.001001,0.001019,0.000999,0.001007,105876300.0
2025-12-31 08:00:00,0.001008,0.001011,0.001001,0.001009,53437313.0
2025-12-31 09:00:00,0.00101,0.001011,0.000996,0.00101,101723074.0
2025-12-31 10:00:00,0.00101,0.001046,0.00101,0.001016,277814540.0
2025-12-31 11:00:00,0.001017,0.00105,0.001013,0.001043,337816722.0
2025-12-31 12:00:00,0.001044,0.001049,0.001017,0.001018,145426308.0
2025-12-31 13:00:00,0.001017,0.001023,0.00101,0.00101,96930070.0
2025-12-31 14:00:00,0.001011,0.001015,0.001001,0.001003,84734572.0
2025-12-31 15:00:00,0.001004,0.001008,0.000995,0.001007,87893713.0
2025-12-31 16:00:00,0.001007,0.001008,0.000969,0.000986,101644776.0
2025-12-31 17:00:00,0.000985,0.000985,0.000972,0.000976,39654514.0
2025-12-31 18:00:00,0.000976,0.000983,0.000973,0.000976,27630953.0
2025-12-31 19:00:00,0.000976,0.001007,0.000975,0.000998,136221724.0
2025-12-31 20:00:00,0.000998,0.001013,0.000987,0.000996,257255292.0
2025-12-31 21:00:00,0.000997,0.001,0.000992,0.000993,60047212.0
2025-12-31 22:00:00,0.000992,0.000995,0.000987,0.00099,46512119.0
2025-12-31 23:00:00,0.000989,0.000991,0.000987,0.000988,12651707.0
2026-01-01 00:00:00,0.000989,0.000995,0.000983,0.000987,29831189.0
2026-01-01 01:00:00,0.000986,0.000994,0.000982,0.000983,23149317.0
2026-01-01 02:00:00,0.000983,0.000986,0.00098,0.000984,26417568.0
2026-01-01 03:00:00,0.000985,0.001009,0.000984,0.001003,214118377.0
2026-01-01 04:00:00,0.001002,0.001005,0.00099,0.001005,33401602.0
2026-01-01 05:00:00,0.001005,0.001011,0.001,0.001006,81527157.0
2026-01-01 06:00:00,0.001005,0.001012,0.001001,0.001008,67060863.0
2026-01-01 07:00:00,0.001009,0.001015,0.001008,0.001011,28924242.0
2026-01-01 08:00:00,0.001011,0.001017,0.001007,0.001016,35236914.0
2026-01-01 09:00:00,0.001016,0.001029,0.001015,0.001021,61711359.0
2026-01-01 10:00:00,0.001021,0.001024,0.00101,0.001015,47354289.0
2026-01-01 11:00:00,0.001016,0.001024,0.001016,0.001021,20022391.0
2026-01-01 12:00:00,0.001022,0.001023,0.00101,0.001013,40361767.0
2026-01-01 13:00:00,0.001012,0.001027,0.001012,0.001021,49874892.0
2026-01-01 14:00:00,0.001022,0.00105,0.001022,0.001049,116732851.0
2026-01-01 15:00:00,0.001048,0.001061,0.001041,0.001051,145787554.0
2026-01-01 16:00:00,0.001052,0.001056,0.001034,0.001038,113787319.0
2026-01-01 17:00:00,0.001038,0.001057,0.001038,0.00105,99131136.0
2026-01-01 18:00:00,0.001051,0.001052,0.001045,0.001048,25817182.0
2026-01-01 19:00:00,0.001048,0.001064,0.001045,0.001062,150864946.0
2026-01-01 20:00:00,0.001062,0.001067,0.001056,0.001064,68891575.0
2026-01-01 21:00:00,0.001064,0.001066,0.001055,0.001058,33048634.0
2026-01-01 22:00:00,0.001058,0.001081,0.001058,0.001079,42242259.0
2026-01-01 23:00:00,0.001079,0.001091,0.001067,0.001071,108515418.0
2026-01-02 00:00:00,0.001072,0.001085,0.001061,0.001067,55453696.0
2026-01-02 01:00:00,0.001067,0.001068,0.00106,0.001067,40333525.0
2026-01-02 02:00:00,0.001066,0.001069,0.00106,0.001067,27800814.0
2026-01-02 03:00:00,0.001067,0.001085,0.001065,0.00108,56088369.0
2026-01-02 04:00:00,0.001081,0.001082,0.001069,0.001075,45165662.0
2026-01-02 05:00:00,0.001075,0.001081,0.001071,0.001078,32243059.0
2026-01-02 06:00:00,0.001078,0.001083,0.001069,0.00107,56145387.0
2026-01-02 07:00:00,0.001071,0.001073,0.001062,0.001067,32645462.0
2026-01-02 08:00:00,0.001067,0.001071,0.001063,0.001066,34404862.0
2026-01-02 09:00:00,0.001066,0.001093,0.001064,0.001086,55688483.0
2026-01-02 10:00:00,0.001086,0.001093,0.001082,0.001088,82273321.0
2026-01-02 11:00:00,0.001088,0.001091,0.001073,0.001078,55578540.0
2026-01-02 12:00:00,0.001077,0.001133,0.001073,0.001128,256911281.0
2026-01-02 13:00:00,0.001128,0.00117,0.001112,0.001147,398086180.0
2026-01-02 14:00:00,0.001147,0.001248,0.001147,0.001168,1919331331.0
2026-01-02 15:00:00,0.001167,0.001203,0.001151,0.001178,404395680.0
2026-01-02 16:00:00,0.001179,0.001219,0.001175,0.001184,612817974.0
2026-01-02 17:00:00,0.001184,0.001191,0.00116,0.001165,296515784.0
2026-01-02 18:00:00,0.001165,0.00117,0.001139,0.001146,209112580.0
2026-01-02 19:00:00,0.001146,0.001153,0.001141,0.001147,116264632.0
2026-01-02 20:00:00,0.001147,0.001154,0.001142,0.001146,119653171.0
2026-01-02 21:00:00,0.001146,0.001154,0.001141,0.001151,59268361.0
2026-01-02 22:00:00,0.001151,0.001159,0.001146,0.001155,105706784.0
2026-01-02 23:00:00,0.001154,0.001161,0.001152,0.001156,54270603.0
2026-01-03 00:00:00,0.001156,0.001166,0.001153,0.001154,90696865.0
2026-01-03 01:00:00,0.001154,0.001157,0.001149,0.001151,44771176.0
2026-01-03 02:00:00,0.001151,0.001168,0.001145,0.001164,66430043.0
2026-01-03 03:00:00,0.001163,0.001166,0.001157,0.001164,31253073.0
2026-01-03 04:00:00,0.001163,0.001165,0.001151,0.001153,62298317.0
2026-01-03 05:00:00,0.001153,0.001158,0.001148,0.001153,85503240.0
2026-01-03 06:00:00,0.001154,0.001156,0.001129,0.001133,106044613.0
2026-01-03 07:00:00,0.001132,0.001136,0.001109,0.001113,135500839.0
2026-01-03 08:00:00,0.001113,0.001126,0.001111,0.001117,84516014.0
2026-01-03 09:00:00,0.001117,0.001125,0.001115,0.001119,82518352.0
2026-01-03 10:00:00,0.001118,0.001118,0.001108,0.001111,71641960.0
2026-01-03 11:00:00,0.001111,0.001114,0.001106,0.001113,73973843.0
2026-01-03 12:00:00,0.001113,0.001128,0.001113,0.001127,63839408.0
2026-01-03 13:00:00,0.001127,0.001129,0.001121,0.001128,65715773.0
2026-01-03 14:00:00,0.001127,0.001137,0.001125,0.001135,92069701.0
2026-01-03 15:00:00,0.001134,0.00114,0.00113,0.001137,50176938.0
2026-01-03 16:00:00,0.001138,0.001177,0.001137,0.00115,141129487.0
2026-01-03 17:00:00,0.00115,0.001154,0.001136,0.00114,93883060.0
2026-01-03 18:00:00,0.00114,0.001143,0.001129,0.00114,63619249.0
2026-01-03 19:00:00,0.001141,0.001144,0.001134,0.001136,23456129.0
2026-01-03 20:00:00,0.001137,0.001138,0.001128,0.001135,22525894.0
2026-01-03 21:00:00,0.001134,0.001142,0.001133,0.001135,30211418.0
2026-01-03 22:00:00,0.001135,0.001149,0.001134,0.001148,27545005.0
2026-01-03 23:00:00,0.001148,0.001148,0.001137,0.001138,38427618.0
2026-01-04 00:00:00,0.001139,0.001155,0.001139,0.001146,98926279.0
2026-01-04 01:00:00,0.001145,0.001147,0.001141,0.001146,31053280.0
2026-01-04 02:00:00,0.001145,0.001159,0.001144,0.001151,40174793.0
2026-01-04 03:00:00,0.001151,0.001179,0.001151,0.001178,59129959.0
2026-01-04 04:00:00,0.001178,0.00119,0.001168,0.001171,128009512.0
2026-01-04 05:00:00,0.001171,0.001183,0.001166,0.001183,48918965.0
2026-01-04 06:00:00,0.001184,0.001208,0.00118,0.001184,143078891.0
2026-01-04 07:00:00,0.001185,0.001202,0.001174,0.001186,90247294.0
2026-01-04 08:00:00,0.001185,0.001221,0.001176,0.001216,222368266.0
2026-01-04 09:00:00,0.001216,0.001275,0.001211,0.001235,443654542.0
2026-01-04 10:00:00,0.001236,0.00125,0.001215,0.001226,144979101.0
2026-01-04 11:00:00,0.001227,0.001236,0.001213,0.001227,157439542.0
2026-01-04 12:00:00,0.001227,0.001248,0.001219,0.001229,117972411.0
2026-01-04 13:00:00,0.001228,0.001242,0.001212,0.001236,217273197.0
2026-01-04 14:00:00,0.001236,0.001248,0.00122,0.001248,201559208.0
2026-01-04 15:00:00,0.001247,0.00127,0.001243,0.00125,310287755.0
2026-01-04 16:00:00,0.00125,0.001333,0.001246,0.001331,449391789.0
2026-01-04 17:00:00,0.00133,0.001338,0.001293,0.001295,434075602.0
2026-01-04 18:00:00,0.001294,0.001303,0.001264,0.001269,154489298.0
2026-01-04 19:00:00,0.001269,0.001269,0.001243,0.001262,109797405.0
2026-01-04 20:00:00,0.001262,0.001268,0.001257,0.001258,48375869.0
2026-01-04 21:00:00,0.001257,0.001262,0.001237,0.001253,118294981.0
2026-01-04 22:00:00,0.001252,0.001265,0.001249,0.001252,85148392.0
2026-01-04 23:00:00,0.001252,0.001269,0.001245,0.00125,80736097.0
2026-01-05 00:00:00,0.001249,0.001259,0.001239,0.001251,101927345.0
2026-01-05 01:00:00,0.001251,0.00127,0.001247,0.00126,164091653.0
2026-01-05 02:00:00,0.001261,0.001266,0.001244,0.001261,76093746.0
2026-01-05 03:00:00,0.001262,0.001264,0.001241,0.001248,46726530.0
2026-01-05 04:00:00,0.001248,0.001251,0.001217,0.001232,87048001.0
2026-01-05 05:00:00,0.001232,0.001232,0.001214,0.001214,82115052.0
2026-01-05 06:00:00,0.001214,0.001219,0.001205,0.001213,78604064.0
2026-01-05 07:00:00,0.001212,0.001227,0.001208,0.00122,63540050.0
2026-01-05 08:00:00,0.00122,0.001221,0.001202,0.001208,69365649.0
2026-01-05 09:00:00,0.001207,0.001214,0.001192,0.001199,207600565.0
2026-01-05 10:00:00,0.0012,0.001207,0.001192,0.001196,60953721.0
2026-01-05 11:00:00,0.001195,0.001202,0.001192,0.001199,56545934.0
2026-01-05 12:00:00,0.001199,0.001208,0.001198,0.001206,42739849.0
2026-01-05 13:00:00,0.001206,0.001215,0.0012,0.001205,72899850.0
2026-01-05 14:00:00,0.001206,0.001225,0.001202,0.001219,104593115.0
2026-01-05 15:00:00,0.00122,0.001231,0.001207,0.001228,72125108.0
2026-01-05 16:00:00,0.001227,0.001251,0.001225,0.001233,188470806.0
2026-01-05 17:00:00,0.001233,0.001255,0.001224,0.001247,131771763.0
2026-01-05 18:00:00,0.001246,0.001258,0.001241,0.001255,91108328.0
2026-01-05 19:00:00,0.001254,0.00126,0.001244,0.001247,73108436.0
2026-01-05 20:00:00,0.001247,0.001258,0.001239,0.001243,91713383.0
2026-01-05 21:00:00,0.001242,0.001252,0.001241,0.001243,38783228.0
2026-01-05 22:00:00,0.001243,0.001256,0.001242,0.001251,52487526.0
2026-01-05 23:00:00,0.00125,0.001252,0.001232,0.001234,49560310.0
2026-01-06 00:00:00,0.001234,0.001243,0.001225,0.001243,60248341.0
2026-01-06 01:00:00,0.001244,0.00126,0.001236,0.00124,48761191.0
2026-01-06 02:00:00,0.001239,0.001244,0.001235,0.001241,27374079.0
2026-01-06 03:00:00,0.00124,0.001283,0.00124,0.001266,59955400.0
2026-01-06 04:00:00,0.001266,0.001269,0.001256,0.001256,31519465.0
2026-01-06 05:00:00,0.001256,0.001256,0.001243,0.001248,37603848.0
2026-01-06 06:00:00,0.001248,0.001258,0.001239,0.001247,42034255.0
2026-01-06 07:00:00,0.001246,0.001248,0.001237,0.001238,57725762.0
2026-01-06 08:00:00,0.001239,0.001252,0.001237,0.001246,52470810.0
2026-01-06 09:00:00,0.001246,0.001252,0.001243,0.001247,37020001.0
2026-01-06 10:00:00,0.001247,0.001261,0.001245,0.001253,66745052.0
2026-01-06 11:00:00,0.001253,0.001271,0.001253,0.001267,56199680.0
2026-01-06 12:00:00,0.001266,0.001276,0.001256,0.001274,65030508.0
2026-01-06 13:00:00,0.001274,0.001292,0.001273,0.001285,150307753.0
2026-01-06 14:00:00,0.001285,0.001291,0.001259,0.001269,160632116.0
2026-01-06 15:00:00,0.001269,0.001277,0.00124,0.001252,125060994.0
2026-01-06 16:00:00,0.001252,0.001254,0.001207,0.001225,215672603.0
2026-01-06 17:00:00,0.001224,0.001234,0.001192,0.001198,115849157.0
2026-01-06 18:00:00,0.001198,0.001227,0.001195,0.001224,61696979.0
2026-01-06 19:00:00,0.001223,0.001226,0.001217,0.001219,31424848.0
2026-01-06 20:00:00,0.00122,0.001234,0.00122,0.001228,47095525.0
2026-01-06 21:00:00,0.001228,0.001256,0.001223,0.001255,86502781.0
2026-01-06 22:00:00,0.001255,0.001257,0.00124,0.001241,61446867.0
2026-01-06 23:00:00,0.001242,0.001248,0.001238,0.001247,26026340.0
2026-01-07 00:00:00,0.001246,0.001251,0.001225,0.001227,30361013.0
2026-01-07 01:00:00,0.001226,0.001232,0.001216,0.00122,32773354.0
2026-01-07 02:00:00,0.00122,0.001228,0.001215,0.001226,11703869.0
2026-01-07 03:00:00,0.001226,0.00123,0.001217,0.001221,25517977.0
2026-01-07 04:00:00,0.001221,0.001223,0.001212,0.001213,7636751.0
2026-01-07 05:00:00,0.001213,0.001228,0.001212,0.001221,35449565.0
2026-01-07 06:00:00,0.00122,0.001224,0.001216,0.001219,51177226.0
2026-01-07 07:00:00,0.001218,0.001247,0.001218,0.001246,39514010.0
2026-01-07 08:00:00,0.001247,0.001255,0.001232,0.001234,63234637.0
2026-01-07 09:00:00,0.001235,0.001236,0.001216,0.001217,82351479.0
2026-01-07 10:00:00,0.001216,0.001226,0.001216,0.001219,31528389.0
2026-01-07 11:00:00,0.001218,0.001228,0.001218,0.001221,30655095.0
2026-01-07 12:00:00,0.001221,0.001221,0.001204,0.001206,40866650.0
2026-01-07 13:00:00,0.001207,0.001214,0.0012,0.001203,54188118.0
2026-01-07 14:00:00,0.001204,0.00121,0.001181,0.001207,113710733.0
2026-01-07 15:00:00,0.001208,0.001208,0.001183,0.001188,78170425.0
2026-01-07 16:00:00,0.001187,0.001198,0.001183,0.001198,62346311.0
2026-01-07 17:00:00,0.001198,0.001204,0.001193,0.001195,38510326.0
2026-01-07 18:00:00,0.001195,0.001205,0.001191,0.001195,43221167.0
2026-01-07 19:00:00,0.001196,0.001201,0.001185,0.001199,37998757.0
2026-01-07 20:00:00,0.001198,0.001199,0.001189,0.001192,12067254.0
2026-01-07 21:00:00,0.001192,0.001199,0.00119,0.00119,24961772.0
2026-01-07 22:00:00,0.00119,0.001201,0.001187,0.001189,29633962.0
2026-01-07 23:00:00,0.001189,0.001199,0.001183,0.001195,44796819.0
2026-01-08 00:00:00,0.001195,0.001205,0.001191,0.001203,25052285.0
2026-01-08 01:00:00,0.001203,0.001207,0.0012,0.001206,38641243.0
2026-01-08 02:00:00,0.001206,0.001207,0.001194,0.001195,35864401.0
2026-01-08 03:00:00,0.001195,0.001202,0.001177,0.001181,35340953.0
2026-01-08 04:00:00,0.001181,0.001192,0.001176,0.001185,39870781.0
2026-01-08 05:00:00,0.001185,0.001196,0.001184,0.001185,24087792.0
2026-01-08 06:00:00,0.001186,0.001187,0.001162,0.001162,104730165.0
2026-01-08 07:00:00,0.001163,0.001184,0.001156,0.001184,74928526.0
2026-01-08 08:00:00,0.001185,0.001189,0.00117,0.001172,32712814.0
2026-01-08 09:00:00,0.001173,0.001178,0.00116,0.001161,44318293.0
2026-01-08 10:00:00,0.001161,0.00117,0.001147,0.001167,49863613.0
2026-01-08 11:00:00,0.001167,0.001168,0.00115,0.001157,79429808.0
2026-01-08 12:00:00,0.001157,0.001158,0.001142,0.001147,51260137.0
2026-01-08 13:00:00,0.001147,0.001154,0.001144,0.001149,20933585.0
2026-01-08 14:00:00,0.001148,0.001155,0.001135,0.001154,70746610.0
2026-01-08 15:00:00,0.001153,0.001179,0.001147,0.001179,75372545.0
2026-01-08 16:00:00,0.001178,0.001183,0.001162,0.001176,61993796.0
2026-01-08 17:00:00,0.001176,0.001179,0.001169,0.001177,41305645.0
2026-01-08 18:00:00,0.001177,0.001177,0.001164,0.001168,36197920.0
2026-01-08 19:00:00,0.001168,0.001173,0.001159,0.00116,35939161.0
2026-01-08 20:00:00,0.00116,0.001163,0.001152,0.001161,33519940.0
2026-01-08 21:00:00,0.001161,0.001173,0.001161,0.001172,25620731.0
2026-01-08 22:00:00,0.001172,0.001175,0.001158,0.001166,41621430.0
2026-01-08 23:00:00,0.001166,0.001169,0.001161,0.001163,6941752.0
2026-01-09 00:00:00,0.001163,0.001168,0.001162,0.001163,20667706.0
2026-01-09 01:00:00,0.001163,0.001169,0.001147,0.00115,98263889.0
2026-01-09 02:00:00,0.00115,0.001166,0.001148,0.00115,46898200.0
2026-01-09 03:00:00,0.001149,0.001167,0.001148,0.001167,31380401.0
2026-01-09 04:00:00,0.001167,0.00117,0.001163,0.001165,27708556.0
2026-01-09 05:00:00,0.001165,0.001175,0.001165,0.001174,35057507.0
2026-01-09 06:00:00,0.001174,0.001176,0.001171,0.001173,51503827.0
2026-01-09 07:00:00,0.001172,0.001175,0.001169,0.001171,50824155.0
2026-01-09 08:00:00,0.001171,0.001172,0.001146,0.001153,69158836.0
2026-01-09 09:00:00,0.001153,0.001167,0.001153,0.001159,65603645.0
2026-01-09 10:00:00,0.001159,0.001161,0.001152,0.001159,28424892.0
2026-01-09 11:00:00,0.001158,0.00116,0.001152,0.001156,28545893.0
2026-01-09 12:00:00,0.001156,0.001157,0.001148,0.001153,36793158.0
2026-01-09 13:00:00,0.001154,0.001177,0.001154,0.001168,105451353.0
2026-01-09 14:00:00,0.001168,0.001168,0.001147,0.001154,106505057.0
2026-01-09 15:00:00,0.001154,0.001183,0.001146,0.001171,209344980.0
2026-01-09 16:00:00,0.001172,0.001196,0.001172,0.001193,151286424.0
2026-01-09 17:00:00,0.001194,0.001199,0.001171,0.001182,108404180.0
2026-01-09 18:00:00,0.001182,0.001183,0.001155,0.001174,100895667.0
2026-01-09 19:00:00,0.001173,0.001173,0.001156,0.001157,73852978.0
2026-01-09 20:00:00,0.001157,0.001167,0.001156,0.001161,61618680.0
2026-01-09 21:00:00,0.001161,0.001171,0.001157,0.001169,45446358.0
2026-01-09 22:00:00,0.001169,0.001178,0.001167,0.001178,18919273.0
2026-01-09 23:00:00,0.001177,0.001179,0.001167,0.001168,29702804.0
2026-01-10 00:00:00,0.001169,0.001171,0.001161,0.001161,39583112.0
2026-01-10 01:00:00,0.001162,0.001165,0.001157,0.001159,18958244.0
2026-01-10 02:00:00,0.001159,0.00116,0.00115,0.001157,40221720.0
2026-01-10 03:00:00,0.001157,0.001162,0.001151,0.00116,22645346.0
2026-01-10 04:00:00,0.001159,0.001159,0.001152,0.001153,32974718.0
2026-01-10 05:00:00,0.001153,0.001153,0.001148,0.00115,20146099.0
2026-01-10 06:00:00,0.001149,0.001154,0.001143,0.001151,32912144.0
2026-01-10 07:00:00,0.001151,0.001162,0.001151,0.001162,19514494.0
2026-01-10 08:00:00,0.001161,0.001168,0.001161,0.001166,34656445.0
2026-01-10 09:00:00,0.001166,0.001168,0.00116,0.001162,31349973.0
2026-01-10 10:00:00,0.001162,0.001163,0.001159,0.001162,16687064.0
2026-01-10 11:00:00,0.001162,0.001166,0.001159,0.001165,11853129.0
2026-01-10 12:00:00,0.001166,0.001174,0.001164,0.001172,38259115.0
2026-01-10 13:00:00,0.001173,0.001174,0.001165,0.001165,33463058.0
2026-01-10 14:00:00,0.001166,0.001166,0.001158,0.001161,22207896.0
2026-01-10 15:00:00,0.001162,0.001165,0.001159,0.00116,15707840.0
2026-01-10 16:00:00,0.00116,0.001166,0.001154,0.001165,42663929.0
2026-01-10 17:00:00,0.001165,0.00117,0.001158,0.001159,30775257.0
2026-01-10 18:00:00,0.00116,0.001165,0.001157,0.001164,16572924.0
2026-01-10 19:00:00,0.001164,0.001174,0.001162,0.001172,35820014.0
2026-01-10 20:00:00,0.001173,0.001173,0.001164,0.001164,17957707.0
2026-01-10 21:00:00,0.001164,0.001165,0.001155,0.001156,18613995.0
2026-01-10 22:00:00,0.001156,0.001156,0.001142,0.001143,22689802.0
2026-01-10 23:00:00,0.001143,0.001151,0.001143,0.001149,18834195.0
2026-01-11 00:00:00,0.00115,0.001156,0.001147,0.001155,32337774.0
2026-01-11 01:00:00,0.001155,0.001167,0.001154,0.001162,20629613.0
2026-01-11 02:00:00,0.001162,0.001166,0.001159,0.001163,15080500.0
2026-01-11 03:00:00,0.001162,0.001163,0.001157,0.001157,22240772.0
2026-01-11 04:00:00,0.001157,0.00116,0.001153,0.001159,24855999.0
2026-01-11 05:00:00,0.001159,0.00116,0.001153,0.001156,38099627.0
2026-01-11 06:00:00,0.001157,0.001158,0.001148,0.001157,23466810.0
2026-01-11 07:00:00,0.001156,0.001158,0.001154,0.001156,17772779.0
2026-01-11 08:00:00,0.001155,0.001157,0.001151,0.001156,30632783.0
2026-01-11 09:00:00,0.001155,0.001162,0.001155,0.001157,17662428.0
2026-01-11 10:00:00,0.001157,0.001157,0.001152,0.001155,25211122.0
2026-01-11 11:00:00,0.001155,0.001155,0.00115,0.001154,26412770.0
2026-01-11 12:00:00,0.001153,0.001163,0.001152,0.00116,26658058.0
2026-01-11 13:00:00,0.001159,0.00116,0.001154,0.001154,21971979.0
2026-01-11 14:00:00,0.001154,0.001159,0.001152,0.001158,27863286.0
2026-01-11 15:00:00,0.001158,0.001158,0.001135,0.00114,78161001.0
2026-01-11 16:00:00,0.001141,0.001161,0.001141,0.001148,85024873.0
2026-01-11 17:00:00,0.001149,0.001153,0.001144,0.001152,37645509.0
2026-01-11 18:00:00,0.001153,0.001153,0.001146,0.00115,27249925.0
2026-01-11 19:00:00,0.00115,0.001157,0.00115,0.001153,73140707.0
2026-01-11 20:00:00,0.001152,0.001153,0.001137,0.001142,128679458.0
2026-01-11 21:00:00,0.001141,0.001142,0.001131,0.001141,45254810.0
2026-01-11 22:00:00,0.00114,0.00114,0.001121,0.001126,58366201.0
2026-01-11 23:00:00,0.001125,0.001135,0.001114,0.001131,74890904.0
2026-01-12 00:00:00,0.001131,0.001137,0.001113,0.001132,107037331.0
2026-01-12 01:00:00,0.001133,0.001144,0.001131,0.001139,67295418.0
2026-01-12 02:00:00,0.001139,0.001156,0.001139,0.001153,54461188.0
2026-01-12 03:00:00,0.001154,0.001159,0.00114,0.00114,52430583.0
2026-01-12 04:00:00,0.001139,0.001147,0.001134,0.001146,54395819.0
2026-01-12 05:00:00,0.001146,0.001154,0.001143,0.001144,98715082.0
2026-01-12 06:00:00,0.001144,0.001147,0.001132,0.001133,46444259.0
2026-01-12 07:00:00,0.001133,0.001139,0.001121,0.001123,90629804.0
2026-01-12 08:00:00,0.001123,0.001129,0.001104,0.001115,103351563.0
2026-01-12 09:00:00,0.001115,0.001116,0.001104,0.001107,81884548.0
2026-01-12 10:00:00,0.001107,0.001111,0.001104,0.001107,77543164.0
2026-01-12 11:00:00,0.001107,0.001122,0.001107,0.001118,70355377.0
2026-01-12 12:00:00,0.001117,0.001118,0.001109,0.001109,34090332.0
2026-01-12 13:00:00,0.00111,0.001111,0.001094,0.001096,71374571.0
2026-01-12 14:00:00,0.001096,0.00112,0.001093,0.001117,91385974.0
2026-01-12 15:00:00,0.001117,0.001118,0.001105,0.001116,114809799.0
2026-01-12 16:00:00,0.001116,0.001132,0.001113,0.001125,59311767.0
2026-01-12 17:00:00,0.001125,0.001128,0.001104,0.001112,78988392.0
2026-01-12 18:00:00,0.001113,0.001124,0.001112,0.001116,46176706.0
2026-01-12 19:00:00,0.001116,0.00112,0.00111,0.00112,42674315.0
2026-01-12 20:00:00,0.001119,0.001125,0.00111,0.001111,48568940.0
2026-01-12 21:00:00,0.001111,0.001114,0.001098,0.001104,66671481.0
2026-01-12 22:00:00,0.001105,0.00111,0.001104,0.001106,29256834.0
2026-01-12 23:00:00,0.001106,0.001113,0.001104,0.001107,32434027.0
2026-01-13 00:00:00,0.001107,0.001113,0.001106,0.001112,37665989.0
2026-01-13 01:00:00,0.001113,0.001117,0.001105,0.001109,23870117.0
2026-01-13 02:00:00,0.00111,0.001118,0.001108,0.001109,29407107.0
2026-01-13 03:00:00,0.001108,0.001118,0.001106,0.001115,36493511.0
2026-01-13 04:00:00,0.001116,0.001122,0.001115,0.001122,32189722.0
2026-01-13 05:00:00,0.001123,0.001133,0.001121,0.001126,50799351.0
2026-01-13 06:00:00,0.001127,0.001137,0.001126,0.001135,44228456.0
2026-01-13 07:00:00,0.001134,0.001135,0.001125,0.001127,23853011.0
2026-01-13 08:00:00,0.001128,0.001133,0.001125,0.001131,30184975.0
2026-01-13 09:00:00,0.001132,0.001135,0.001128,0.001128,47887949.0
2026-01-13 10:00:00,0.00113,0.001135,0.001124,0.001131,31210395.0
2026-01-13 11:00:00,0.001131,0.001139,0.001129,0.001135,25568664.0
2026-01-13 12:00:00,0.001135,0.001138,0.001132,0.001137,32249005.0
2026-01-13 13:00:00,0.001137,0.001155,0.001134,0.001149,104413890.0
2026-01-13 14:00:00,0.00115,0.001167,0.001146,0.001156,111827772.0
2026-01-13 15:00:00,0.001155,0.00117,0.001143,0.001169,118004671.0
2026-01-13 16:00:00,0.001169,0.001178,0.001163,0.001173,122160969.0
2026-01-13 17:00:00,0.001173,0.001192,0.001165,0.001177,172992847.0
2026-01-13 18:00:00,0.001176,0.001183,0.001169,0.001172,85918365.0
2026-01-13 19:00:00,0.001174,0.001186,0.001172,0.001181,59209487.0
2026-01-13 20:00:00,0.001182,0.001186,0.00117,0.001175,69133389.0
2026-01-13 21:00:00,0.001174,0.001185,0.001174,0.001184,34723464.0
2026-01-13 22:00:00,0.001185,0.001239,0.001185,0.001234,291533265.0
2026-01-13 23:00:00,0.001235,0.001241,0.001215,0.001221,99284642.0
2026-01-14 00:00:00,0.001221,0.001236,0.001219,0.001235,82643781.0
2026-01-14 01:00:00,0.001234,0.001239,0.001218,0.001221,65767845.0
2026-01-14 02:00:00,0.001221,0.001228,0.001216,0.001219,52186739.0
2026-01-14 03:00:00,0.00122,0.001226,0.001216,0.001226,39033024.0
2026-01-14 04:00:00,0.001225,0.001226,0.001206,0.001208,77886321.0
2026-01-14 05:00:00,0.001208,0.001208,0.001197,0.001203,73756137.0
2026-01-14 06:00:00,0.001203,0.001203,0.001192,0.001202,49091147.0
2026-01-14 07:00:00,0.001201,0.001203,0.001193,0.001194,45281723.0
2026-01-14 08:00:00,0.001194,0.001202,0.001193,0.001194,63324695.0
2026-01-14 09:00:00,0.001194,0.001212,0.001194,0.001211,44015528.0
2026-01-14 10:00:00,0.001211,0.001212,0.001198,0.001204,39234614.0
2026-01-14 11:00:00,0.001205,0.001206,0.001194,0.001202,59852401.0
2026-01-14 12:00:00,0.001202,0.001215,0.0012,0.001202,70410486.0
2026-01-14 13:00:00,0.001201,0.001202,0.001186,0.001189,51735032.0
2026-01-14 14:00:00,0.001189,0.001214,0.001189,0.001207,129089515.0
2026-01-14 15:00:00,0.001206,0.001215,0.001199,0.001208,121012831.0
2026-01-14 16:00:00,0.001209,0.001227,0.001209,0.001217,143915455.0
2026-01-14 17:00:00,0.001217,0.001218,0.00119,0.001193,87905441.0
2026-01-14 18:00:00,0.001193,0.001198,0.001171,0.001184,178769969.0
2026-01-14 19:00:00,0.001183,0.001211,0.00118,0.001202,141274145.0
2026-01-14 20:00:00,0.001202,0.00121,0.00119,0.001194,82765822.0
2026-01-14 21:00:00,0.001194,0.001199,0.001186,0.001191,55551856.0
2026-01-14 22:00:00,0.001191,0.001191,0.00117,0.001175,48087190.0
2026-01-14 23:00:00,0.001175,0.001185,0.001174,0.001176,32652413.0
2026-01-15 00:00:00,0.001177,0.001179,0.001172,0.001175,55953341.0
2026-01-15 01:00:00,0.001176,0.001183,0.001169,0.001177,56640643.0
2026-01-15 02:00:00,0.001176,0.001177,0.001163,0.001165,52340212.0
2026-01-15 03:00:00,0.001165,0.001167,0.001143,0.001146,98244942.0
2026-01-15 04:00:00,0.001146,0.001158,0.001143,0.001155,46937062.0
2026-01-15 05:00:00,0.001156,0.001165,0.001156,0.001164,51305602.0
2026-01-15 06:00:00,0.001163,0.001164,0.001158,0.00116,40174836.0
2026-01-15 07:00:00,0.001159,0.001171,0.001159,0.001164,79241464.0
2026-01-15 08:00:00,0.001163,0.001165,0.001156,0.001161,40504010.0
2026-01-15 09:00:00,0.001161,0.00117,0.001154,0.001166,33685799.0
2026-01-15 10:00:00,0.001166,0.001167,0.001159,0.001162,33314128.0
2026-01-15 11:00:00,0.001162,0.001166,0.001154,0.001156,41767619.0
2026-01-15 12:00:00,0.001156,0.001166,0.001155,0.001166,24882961.0
2026-01-15 13:00:00,0.001166,0.001166,0.001158,0.00116,53241122.0
2026-01-15 14:00:00,0.001159,0.001162,0.00113,0.001138,159663622.0
2026-01-15 15:00:00,0.001137,0.001142,0.001106,0.001124,158931501.0
2026-01-15 16:00:00,0.001124,0.001128,0.001112,0.001126,86127493.0
2026-01-15 17:00:00,0.001125,0.001128,0.001111,0.001112,81999923.0
2026-01-15 18:00:00,0.001112,0.001112,0.001095,0.001097,64523456.0
2026-01-15 19:00:00,0.001097,0.001099,0.001086,0.001098,38319873.0
2026-01-15 20:00:00,0.001097,0.001101,0.001089,0.001091,36478659.0
2026-01-15 21:00:00,0.001091,0.001101,0.001089,0.001101,41284772.0
2026-01-15 22:00:00,0.001101,0.001117,0.0011,0.001111,80590441.0
2026-01-15 23:00:00,0.001111,0.001117,0.001105,0.001115,44656807.0
2026-01-16 00:00:00,0.001116,0.001129,0.001116,0.001121,35875885.0
2026-01-16 01:00:00,0.00112,0.001126,0.001118,0.001124,17518204.0
2026-01-16 02:00:00,0.001123,0.001128,0.001114,0.001128,36146569.0
2026-01-16 03:00:00,0.001128,0.001131,0.001123,0.001124,30621986.0
2026-01-16 04:00:00,0.001125,0.00113,0.001113,0.001116,70039377.0
2026-01-16 05:00:00,0.001116,0.001133,0.001116,0.001128,28910759.0
2026-01-16 06:00:00,0.001128,0.001141,0.001124,0.00114,23045100.0
2026-01-16 07:00:00,0.001139,0.001142,0.001134,0.001136,29361938.0
2026-01-16 08:00:00,0.001136,0.001145,0.001136,0.001141,43953693.0
2026-01-16 09:00:00,0.001141,0.001149,0.001138,0.001144,77648380.0
2026-01-16 10:00:00,0.001144,0.001145,0.001135,0.001138,28933426.0
2026-01-16 11:00:00,0.001138,0.001139,0.00113,0.001137,28224353.0
2026-01-16 12:00:00,0.001138,0.001139,0.00113,0.001132,31535815.0
2026-01-16 13:00:00,0.001132,0.001134,0.001125,0.00113,29509964.0
2026-01-16 14:00:00,0.001129,0.001136,0.001126,0.001127,62097455.0
2026-01-16 15:00:00,0.001127,0.001134,0.001094,0.001103,124029503.0
2026-01-16 16:00:00,0.001102,0.001118,0.0011,0.001112,84772095.0
2026-01-16 17:00:00,0.001112,0.001122,0.001105,0.001122,47665421.0
2026-01-16 18:00:00,0.001122,0.00113,0.001121,0.001123,67200219.0
2026-01-16 19:00:00,0.001122,0.001128,0.001116,0.001125,39059562.0
2026-01-16 20:00:00,0.001126,0.001155,0.001122,0.001154,68972898.0
2026-01-16 21:00:00,0.001155,0.001164,0.001152,0.001155,82577270.0
2026-01-16 22:00:00,0.001156,0.001164,0.001153,0.001157,37348491.0
2026-01-16 23:00:00,0.001158,0.00116,0.001152,0.001156,30714507.0
2026-01-17 00:00:00,0.001157,0.001158,0.001149,0.001156,33195806.0
2026-01-17 01:00:00,0.001155,0.001157,0.001152,0.001154,46555913.0
2026-01-17 02:00:00,0.001155,0.001155,0.001141,0.001144,30019344.0
2026-01-17 03:00:00,0.001144,0.001149,0.001142,0.001146,24032731.0
2026-01-17 04:00:00,0.001145,0.001146,0.001139,0.001145,18987594.0
2026-01-17 05:00:00,0.001145,0.001155,0.001144,0.00115,22168338.0
2026-01-17 06:00:00,0.00115,0.001154,0.001147,0.001149,21189846.0
2026-01-17 07:00:00,0.001149,0.001157,0.001144,0.001156,34412049.0
2026-01-17 08:00:00,0.001156,0.001161,0.001152,0.001157,27439609.0
2026-01-17 09:00:00,0.001158,0.001161,0.001148,0.001149,50820916.0
2026-01-17 10:00:00,0.001149,0.001154,0.001144,0.001147,27325813.0
2026-01-17 11:00:00,0.001147,0.001149,0.001143,0.001146,39730692.0
2026-01-17 12:00:00,0.001145,0.001157,0.001142,0.001157,49268035.0
2026-01-17 13:00:00,0.001158,0.001159,0.001147,0.001149,35316058.0
2026-01-17 14:00:00,0.001149,0.001154,0.001145,0.001154,64796461.0
2026-01-17 15:00:00,0.001154,0.001158,0.001148,0.001157,46963663.0
2026-01-17 16:00:00,0.001157,0.001158,0.001142,0.001146,64726662.0
2026-01-17 17:00:00,0.001147,0.001152,0.001144,0.001146,25203485.0
2026-01-17 18:00:00,0.001147,0.001147,0.00114,0.001143,36215158.0
2026-01-17 19:00:00,0.001143,0.001145,0.001138,0.001141,30561938.0
2026-01-17 20:00:00,0.001141,0.001145,0.001133,0.001136,34347189.0
2026-01-17 21:00:00,0.001136,0.001137,0.001131,0.001137,22370303.0
2026-01-17 22:00:00,0.001136,0.001137,0.001122,0.001127,40654210.0
2026-01-17 23:00:00,0.001127,0.001129,0.001125,0.001128,14759161.0
2026-01-18 00:00:00,0.001128,0.001147,0.001128,0.001136,56364908.0
2026-01-18 01:00:00,0.001136,0.001137,0.00112,0.001123,69973301.0
2026-01-18 02:00:00,0.001124,0.00113,0.001122,0.001127,34198333.0
2026-01-18 03:00:00,0.001127,0.001131,0.001122,0.001123,30663934.0
2026-01-18 04:00:00,0.001123,0.001126,0.001119,0.001124,24306605.0
2026-01-18 05:00:00,0.001124,0.001126,0.00112,0.001125,24315931.0
2026-01-18 06:00:00,0.001125,0.001125,0.001119,0.00112,19870310.0
2026-01-18 07:00:00,0.001119,0.001122,0.001112,0.001118,25811871.0
2026-01-18 08:00:00,0.001118,0.001121,0.001116,0.001117,30049451.0
2026-01-18 09:00:00,0.001117,0.001118,0.001113,0.001118,25535681.0
2026-01-18 10:00:00,0.001118,0.001128,0.001114,0.001126,38423210.0
2026-01-18 11:00:00,0.001127,0.00113,0.001124,0.001124,24860271.0
2026-01-18 12:00:00,0.001124,0.001126,0.001116,0.001118,30017542.0
2026-01-18 13:00:00,0.001117,0.001124,0.001114,0.001118,44488221.0
2026-01-18 14:00:00,0.001117,0.001126,0.001113,0.001113,50036679.0
2026-01-18 15:00:00,0.001113,0.001122,0.001109,0.001121,35187388.0
2026-01-18 16:00:00,0.001121,0.001128,0.001118,0.001122,31954546.0
2026-01-18 17:00:00,0.001122,0.001126,0.001118,0.001126,41488863.0
2026-01-18 18:00:00,0.001126,0.00114,0.001124,0.001137,30047206.0
2026-01-18 19:00:00,0.001137,0.001139,0.001125,0.001128,24760249.0
2026-01-18 20:00:00,0.001127,0.001138,0.001125,0.001133,35317205.0
2026-01-18 21:00:00,0.001134,0.001139,0.001134,0.001134,36724957.0
2026-01-18 22:00:00,0.001135,0.00114,0.001133,0.001139,12962607.0
2026-01-18 23:00:00,0.001138,0.001138,0.001068,0.001069,264735105.0
2026-01-19 00:00:00,0.001069,0.001069,0.000951,0.001004,679495267.0
2026-01-19 01:00:00,0.001004,0.00101,0.000999,0.001003,158278864.0
2026-01-19 02:00:00,0.001003,0.001006,0.000999,0.001005,102664807.0
2026-01-19 03:00:00,0.001004,0.00101,0.001001,0.001007,87331071.0
2026-01-19 04:00:00,0.001006,0.001007,0.000997,0.000997,100496426.0
2026-01-19 05:00:00,0.000997,0.001003,0.000993,0.001,130193161.0
2026-01-19 06:00:00,0.000999,0.001007,0.000998,0.001003,100073210.0
2026-01-19 07:00:00,0.001003,0.001011,0.001001,0.001006,45430422.0
2026-01-19 08:00:00,0.001006,0.001016,0.001003,0.001013,110040386.0
2026-01-19 09:00:00,0.001012,0.001013,0.001001,0.001003,80653619.0
2026-01-19 10:00:00,0.001003,0.001007,0.001,0.001002,103501433.0
2026-01-19 11:00:00,0.001001,0.001007,0.000999,0.001,65024692.0
2026-01-19 12:00:00,0.000999,0.001,0.000994,0.000995,45147467.0
2026-01-19 13:00:00,0.000995,0.001004,0.000994,0.000999,42364097.0
2026-01-19 14:00:00,0.000999,0.00101,0.000999,0.001008,54819865.0
2026-01-19 15:00:00,0.001007,0.001011,0.001006,0.001011,43856690.0
2026-01-19 16:00:00,0.00101,0.001029,0.001008,0.001028,48989809.0
2026-01-19 17:00:00,0.00103,0.001034,0.001026,0.001026,55738540.0
2026-01-19 18:00:00,0.001027,0.001039,0.001022,0.001036,42105170.0
2026-01-19 19:00:00,0.001036,0.001057,0.001036,0.00105,113227359.0
2026-01-19 20:00:00,0.001051,0.001052,0.001042,0.001048,49357308.0
2026-01-19 21:00:00,0.001049,0.001051,0.001044,0.001049,23218296.0
2026-01-19 22:00:00,0.001049,0.001057,0.001041,0.001048,61180741.0
2026-01-19 23:00:00,0.001048,0.001068,0.001046,0.001061,123751740.0
2026-01-20 00:00:00,0.001062,0.001067,0.001056,0.001065,95426694.0
2026-01-20 01:00:00,0.001065,0.001084,0.001055,0.001079,127192604.0
2026-01-20 02:00:00,0.001079,0.001083,0.001066,0.001075,96595248.0
2026-01-20 03:00:00,0.001075,0.001081,0.001067,0.00107,91504432.0
2026-01-20 04:00:00,0.001069,0.001115,0.001067,0.001098,312127326.0
2026-01-20 05:00:00,0.001098,0.00139,0.001093,0.001306,3021864766.0
2026-01-20 06:00:00,0.001304,0.001426,0.001278,0.00135,3103733805.0
2026-01-20 07:00:00,0.001349,0.001368,0.001249,0.001273,1559228262.0
2026-01-20 08:00:00,0.001274,0.00138,0.001231,0.00125,1804237629.0
2026-01-20 09:00:00,0.001251,0.001324,0.001215,0.001241,1375712028.0
2026-01-20 10:00:00,0.001241,0.001294,0.001224,0.001241,630826395.0
2026-01-20 11:00:00,0.001243,0.001271,0.001221,0.001259,716978809.0
2026-01-20 12:00:00,0.001257,0.001258,0.001164,0.001182,1047837522.0
2026-01-20 13:00:00,0.001183,0.001205,0.001136,0.001152,698702690.0
2026-01-20 14:00:00,0.001154,0.001177,0.001128,0.001143,588540396.0
2026-01-20 15:00:00,0.001144,0.001145,0.001103,0.001128,498449803.0
2026-01-20 16:00:00,0.001129,0.001168,0.001115,0.001129,385007168.0
2026-01-20 17:00:00,0.00113,0.001145,0.001084,0.001103,363705101.0
2026-01-20 18:00:00,0.001103,0.001113,0.00109,0.001101,168163659.0
2026-01-20 19:00:00,0.0011,0.001179,0.0011,0.001134,540537934.0
2026-01-20 20:00:00,0.001136,0.001245,0.001134,0.00116,1148978025.0
2026-01-20 21:00:00,0.00116,0.001222,0.001157,0.001179,515076241.0
2026-01-20 22:00:00,0.00118,0.001217,0.001134,0.001148,369745101.0
2026-01-20 23:00:00,0.001148,0.001161,0.001115,0.00113,140697364.0
2026-01-21 00:00:00,0.00113,0.001155,0.001104,0.001154,238148113.0
2026-01-21 01:00:00,0.001155,0.001231,0.001132,0.001204,335051272.0
2026-01-21 02:00:00,0.001201,0.001245,0.001179,0.001224,399241842.0
2026-01-21 03:00:00,0.001223,0.00125,0.001187,0.001199,293825428.0
2026-01-21 04:00:00,0.0012,0.001213,0.001163,0.001169,203371679.0
2026-01-21 05:00:00,0.001169,0.001177,0.001148,0.001158,248805679.0
2026-01-21 06:00:00,0.001158,0.001168,0.001142,0.00115,186920431.0
2026-01-21 07:00:00,0.00115,0.001168,0.001137,0.001153,135583316.0
2026-01-21 08:00:00,0.001152,0.001163,0.001129,0.001139,162049749.0
2026-01-21 09:00:00,0.001139,0.00116,0.001129,0.001146,134185787.0
2026-01-21 10:00:00,0.001146,0.00116,0.001142,0.001144,92243043.0
2026-01-21 11:00:00,0.001144,0.001168,0.001123,0.001126,159779744.0
2026-01-21 12:00:00,0.001126,0.001137,0.001108,0.001124,175751113.0
2026-01-21 13:00:00,0.001123,0.001125,0.001111,0.001112,62414799.0
2026-01-21 14:00:00,0.001112,0.00119,0.001111,0.001175,544547653.0
2026-01-21 15:00:00,0.001175,0.00119,0.00116,0.00118,265960045.0
2026-01-21 16:00:00,0.001179,0.001181,0.00113,0.001132,152135329.0
2026-01-21 17:00:00,0.001132,0.001138,0.001109,0.001123,162796586.0
2026-01-21 18:00:00,0.001122,0.001151,0.001117,0.001146,51715957.0
2026-01-21 19:00:00,0.001146,0.001171,0.001137,0.001169,131391640.0
2026-01-21 20:00:00,0.00117,0.001175,0.00115,0.001159,84421231.0
2026-01-21 21:00:00,0.001159,0.001173,0.001153,0.001169,53641194.0
2026-01-21 22:00:00,0.001169,0.001173,0.001156,0.001158,46997261.0
2026-01-21 23:00:00,0.001156,0.001163,0.001141,0.001148,50400068.0
2026-01-22 00:00:00,0.001149,0.001175,0.001149,0.001157,80889972.0
2026-01-22 01:00:00,0.001156,0.001179,0.001154,0.001178,53405789.0
2026-01-22 02:00:00,0.001178,0.001188,0.001165,0.001168,70251243.0
2026-01-22 03:00:00,0.001168,0.001173,0.001154,0.001163,83690725.0
2026-01-22 04:00:00,0.001162,0.001186,0.00116,0.001172,77005844.0
2026-01-22 05:00:00,0.001172,0.00121,0.001169,0.001184,196064822.0
2026-01-22 06:00:00,0.001182,0.001187,0.001157,0.001162,70632817.0
2026-01-22 07:00:00,0.001163,0.001164,0.001142,0.001142,39794448.0
2026-01-22 08:00:00,0.001142,0.001144,0.001125,0.001132,38213206.0
2026-01-22 09:00:00,0.001132,0.001144,0.001131,0.001135,51827706.0
2026-01-22 10:00:00,0.001134,0.001141,0.001131,0.001134,42992814.0
2026-01-22 11:00:00,0.001133,0.001144,0.001124,0.001133,62958941.0
2026-01-22 12:00:00,0.001133,0.001135,0.001121,0.001123,30756245.0
2026-01-22 13:00:00,0.001122,0.001129,0.00111,0.00112,79425099.0
2026-01-22 14:00:00,0.001119,0.001121,0.001098,0.001104,85565518.0
2026-01-22 15:00:00,0.001105,0.001118,0.001097,0.001109,117227799.0
2026-01-22 16:00:00,0.001109,0.001121,0.001107,0.001111,151204378.0
2026-01-22 17:00:00,0.001112,0.00112,0.001106,0.001112,59086124.0
2026-01-22 18:00:00,0.001111,0.001111,0.001101,0.001102,59580733.0
2026-01-22 19:00:00,0.001102,0.001105,0.001092,0.0011,67751532.0
2026-01-22 20:00:00,0.001099,0.001099,0.001082,0.001084,66652467.0
2026-01-22 21:00:00,0.001084,0.001092,0.001083,0.00109,23302272.0
2026-01-22 22:00:00,0.001089,0.001092,0.001084,0.001091,54439058.0
2026-01-22 23:00:00,0.001088,0.00109,0.001075,0.001077,93681334.0
2026-01-23 00:00:00,0.001078,0.001086,0.001078,0.00108,42773281.0
2026-01-23 01:00:00,0.001079,0.001089,0.001077,0.001089,55564360.0
2026-01-23 02:00:00,0.001089,0.00109,0.001081,0.001082,27245400.0
2026-01-23 03:00:00,0.001082,0.001101,0.001079,0.001097,39363618.0
2026-01-23 04:00:00,0.001095,0.001101,0.001087,0.001094,32763179.0
2026-01-23 05:00:00,0.001093,0.001102,0.001092,0.001097,34171665.0
2026-01-23 06:00:00,0.001096,0.001099,0.001085,0.001085,95784957.0
2026-01-23 07:00:00,0.001085,0.001093,0.001079,0.001081,76546003.0
2026-01-23 08:00:00,0.00108,0.001087,0.001073,0.001076,75266427.0
2026-01-23 09:00:00,0.001076,0.001092,0.001076,0.001084,85182381.0
2026-01-23 10:00:00,0.001083,0.001091,0.001065,0.001075,158412031.0
2026-01-23 11:00:00,0.001075,0.001079,0.001071,0.001074,59852146.0
2026-01-23 12:00:00,0.001076,0.001077,0.001068,0.001071,44996850.0
2026-01-23 13:00:00,0.001071,0.001075,0.001066,0.001072,53642345.0
2026-01-23 14:00:00,0.001072,0.001072,0.001049,0.001056,100111417.0
2026-01-23 15:00:00,0.001056,0.001079,0.001054,0.001079,85566035.0
2026-01-23 16:00:00,0.00108,0.001091,0.001069,0.001081,79770601.0
2026-01-23 17:00:00,0.00108,0.0011,0.001073,0.001089,79536750.0
2026-01-23 18:00:00,0.00109,0.001096,0.001085,0.001086,60604638.0
2026-01-23 19:00:00,0.001086,0.001086,0.001069,0.00107,56705165.0
2026-01-23 20:00:00,0.00107,0.001072,0.001053,0.001058,57011102.0
2026-01-23 21:00:00,0.001058,0.001066,0.001057,0.001059,45555267.0
2026-01-23 22:00:00,0.001059,0.001069,0.001059,0.001066,36130991.0
2026-01-23 23:00:00,0.001064,0.001064,0.001057,0.001062,18259167.0
2026-01-24 00:00:00,0.001063,0.001071,0.001063,0.001067,23784431.0
2026-01-24 01:00:00,0.001065,0.001073,0.001059,0.001067,20867899.0
2026-01-24 02:00:00,0.001068,0.001072,0.001061,0.001064,11616803.0
2026-01-24 03:00:00,0.001063,0.001071,0.001062,0.001067,20870220.0
2026-01-24 04:00:00,0.001067,0.001067,0.001063,0.001066,18076539.0
2026-01-24 05:00:00,0.001066,0.001074,0.001065,0.001072,27586934.0
2026-01-24 06:00:00,0.001072,0.001079,0.001072,0.001073,13358896.0
2026-01-24 07:00:00,0.001073,0.001074,0.001063,0.001065,37165293.0
2026-01-24 08:00:00,0.001065,0.001069,0.001061,0.001069,28760870.0
2026-01-24 09:00:00,0.001069,0.001077,0.001064,0.001068,52884887.0
2026-01-24 10:00:00,0.001068,0.001076,0.001068,0.001071,30623737.0
2026-01-24 11:00:00,0.001071,0.001073,0.001067,0.001072,15867104.0
2026-01-24 12:00:00,0.001071,0.001078,0.00107,0.001073,18787907.0
2026-01-24 13:00:00,0.001074,0.001076,0.001068,0.001068,21390102.0
2026-01-24 14:00:00,0.001067,0.001076,0.001065,0.00107,31264151.0
2026-01-24 15:00:00,0.001071,0.001077,0.001063,0.001064,20600150.0
2026-01-24 16:00:00,0.001063,0.001066,0.001056,0.001064,31188189.0
2026-01-24 17:00:00,0.001065,0.001067,0.001061,0.001062,23106654.0
2026-01-24 18:00:00,0.001062,0.001062,0.001056,0.001058,29591093.0
2026-01-24 19:00:00,0.001058,0.001062,0.001054,0.001057,60717038.0
2026-01-24 20:00:00,0.001058,0.001089,0.001057,0.001077,144028587.0
2026-01-24 21:00:00,0.001078,0.00108,0.00107,0.001076,31302430.0
2026-01-24 22:00:00,0.001077,0.001081,0.001075,0.001078,12555348.0
2026-01-24 23:00:00,0.001077,0.001077,0.001066,0.001067,52843135.0
2026-01-25 00:00:00,0.001066,0.001068,0.001056,0.001068,41911484.0
2026-01-25 01:00:00,0.001067,0.001069,0.001048,0.001051,48374757.0
2026-01-25 02:00:00,0.001051,0.001058,0.001048,0.001052,22287751.0
2026-01-25 03:00:00,0.001053,0.001058,0.001046,0.001057,28559142.0
2026-01-25 04:00:00,0.001055,0.001066,0.00105,0.001061,39013157.0
2026-01-25 05:00:00,0.001061,0.001061,0.001055,0.001059,13646607.0
2026-01-25 06:00:00,0.001059,0.00106,0.001045,0.001046,38700579.0
2026-01-25 07:00:00,0.001046,0.00105,0.001038,0.001045,44096696.0
2026-01-25 08:00:00,0.001046,0.001047,0.001039,0.001041,45815964.0
2026-01-25 09:00:00,0.001041,0.001064,0.00104,0.001051,119700737.0
2026-01-25 10:00:00,0.00105,0.001051,0.001042,0.001042,18711471.0
2026-01-25 11:00:00,0.001042,0.001047,0.00104,0.001041,11084556.0
2026-01-25 12:00:00,0.00104,0.001043,0.001037,0.001039,20858681.0
2026-01-25 13:00:00,0.00104,0.001042,0.001033,0.001037,23912540.0
2026-01-25 14:00:00,0.001037,0.001038,0.001024,0.001032,45374473.0
2026-01-25 15:00:00,0.001031,0.001034,0.001026,0.001029,42053583.0
2026-01-25 16:00:00,0.001029,0.001029,0.001003,0.001014,137344606.0
2026-01-25 17:00:00,0.001013,0.001014,0.001002,0.001003,34189452.0
2026-01-25 18:00:00,0.001002,0.001002,0.000985,0.000992,86552660.0
2026-01-25 19:00:00,0.000992,0.000995,0.000968,0.000976,168670091.0
2026-01-25 20:00:00,0.000976,0.000986,0.000975,0.000982,64076392.0
2026-01-25 21:00:00,0.000983,0.000992,0.000982,0.000989,50448348.0
2026-01-25 22:00:00,0.000989,0.00099,0.000983,0.000986,32760822.0
2026-01-25 23:00:00,0.000986,0.000998,0.000985,0.000995,39985823.0
2026-01-26 00:00:00,0.000994,0.001001,0.000992,0.001001,27807522.0
2026-01-26 01:00:00,0.001002,0.001023,0.001001,0.001019,27654070.0
2026-01-26 02:00:00,0.001021,0.001021,0.001015,0.001015,14271208.0
2026-01-26 03:00:00,0.001016,0.001018,0.001005,0.001008,17086431.0
2026-01-26 04:00:00,0.001008,0.001016,0.001007,0.00101,13792880.0
2026-01-26 05:00:00,0.00101,0.001013,0.001008,0.001009,15936616.0
2026-01-26 06:00:00,0.001009,0.001021,0.001006,0.001021,14028422.0
2026-01-26 07:00:00,0.001021,0.001023,0.001015,0.001021,22068646.0
2026-01-26 08:00:00,0.001021,0.001028,0.001018,0.001023,25804691.0
2026-01-26 09:00:00,0.001023,0.001024,0.001014,0.001016,33889136.0
2026-01-26 10:00:00,0.001017,0.001027,0.001016,0.001025,13422844.0
2026-01-26 11:00:00,0.001026,0.001027,0.00102,0.001023,7642527.0
2026-01-26 12:00:00,0.001023,0.00103,0.00102,0.00102,27660164.0
2026-01-26 13:00:00,0.001021,0.00103,0.00102,0.001029,26804970.0
2026-01-26 14:00:00,0.001029,0.001042,0.001021,0.00104,39516917.0
2026-01-26 15:00:00,0.00104,0.001052,0.001034,0.001046,63839011.0
2026-01-26 16:00:00,0.001047,0.001097,0.001045,0.001084,245008365.0
2026-01-26 17:00:00,0.001083,0.001092,0.001055,0.001065,145688557.0
2026-01-26 18:00:00,0.001065,0.001074,0.001057,0.001059,67588978.0
2026-01-26 19:00:00,0.00106,0.001064,0.001047,0.001053,31539003.0
2026-01-26 20:00:00,0.001053,0.00106,0.001041,0.001045,81057457.0
2026-01-26 21:00:00,0.001046,0.001056,0.001042,0.001051,32641645.0
2026-01-26 22:00:00,0.001051,0.00106,0.001041,0.001051,60605578.0
2026-01-26 23:00:00,0.00105,0.001053,0.001046,0.001049,20267667.0
2026-01-27 00:00:00,0.001049,0.001057,0.001045,0.001055,31251660.0
2026-01-27 01:00:00,0.001054,0.001055,0.001047,0.001051,23710233.0
2026-01-27 02:00:00,0.001051,0.001054,0.001047,0.001049,13130641.0
2026-01-27 03:00:00,0.001048,0.00105,0.001042,0.001043,18505484.0
2026-01-27 04:00:00,0.001043,0.001047,0.00104,0.001043,14720149.0
2026-01-27 05:00:00,0.001042,0.001043,0.001036,0.001042,17085785.0
2026-01-27 06:00:00,0.001042,0.001048,0.001037,0.001042,42688204.0
2026-01-27 07:00:00,0.001043,0.001047,0.00104,0.001042,21296739.0
2026-01-27 08:00:00,0.001042,0.001044,0.001038,0.001042,23481812.0
2026-01-27 09:00:00,0.001041,0.001045,0.001037,0.001041,33822983.0
2026-01-27 10:00:00,0.001041,0.001044,0.00104,0.001042,11223765.0
2026-01-27 11:00:00,0.001042,0.001042,0.001034,0.001037,26617641.0
2026-01-27 12:00:00,0.001037,0.001038,0.001028,0.001035,27860067.0
2026-01-27 13:00:00,0.001036,0.001039,0.001031,0.001034,17907767.0
2026-01-27 14:00:00,0.001034,0.001041,0.001024,0.001029,45563087.0
2026-01-27 15:00:00,0.001028,0.001042,0.001023,0.001041,35027448.0
2026-01-27 16:00:00,0.001042,0.001056,0.001041,0.001052,50876932.0
2026-01-27 17:00:00,0.001052,0.001053,0.001031,0.001036,34698285.0
2026-01-27 18:00:00,0.001033,0.001055,0.001033,0.001052,31496699.0
2026-01-27 19:00:00,0.001051,0.001057,0.001047,0.001055,22409991.0
2026-01-27 20:00:00,0.001056,0.001062,0.001052,0.001059,43614644.0
2026-01-27 21:00:00,0.00106,0.00106,0.001047,0.001048,29338426.0
2026-01-27 22:00:00,0.001049,0.001069,0.001049,0.001066,53042436.0
2026-01-27 23:00:00,0.001066,0.001069,0.001062,0.001062,16288868.0
2026-01-28 00:00:00,0.001062,0.001066,0.001055,0.00106,43019676.0
2026-01-28 01:00:00,0.001061,0.001063,0.001051,0.001053,14980646.0
2026-01-28 02:00:00,0.001054,0.001056,0.001048,0.001053,22726628.0
2026-01-28 03:00:00,0.001054,0.001058,0.001052,0.001053,21121093.0
2026-01-28 04:00:00,0.001052,0.001054,0.001047,0.001051,12007656.0
2026-01-28 05:00:00,0.001052,0.001053,0.001044,0.00105,31961506.0
2026-01-28 06:00:00,0.00105,0.001054,0.001043,0.001049,13713136.0
2026-01-28 07:00:00,0.001049,0.001052,0.001047,0.001048,9994691.0
2026-01-28 08:00:00,0.001048,0.001055,0.001046,0.001046,19801696.0
2026-01-28 09:00:00,0.001047,0.001056,0.001046,0.001054,30561391.0
2026-01-28 10:00:00,0.001056,0.001056,0.00105,0.001053,12683508.0
2026-01-28 11:00:00,0.001053,0.00106,0.001053,0.001059,20997880.0
2026-01-28 12:00:00,0.001059,0.00106,0.001046,0.001049,22298014.0
2026-01-28 13:00:00,0.001049,0.001055,0.001049,0.00105,29111006.0
2026-01-28 14:00:00,0.001051,0.001053,0.001042,0.001048,42685165.0
2026-01-28 15:00:00,0.001047,0.001058,0.001042,0.001048,39193094.0
2026-01-28 16:00:00,0.001049,0.00105,0.001038,0.001042,17771322.0
2026-01-28 17:00:00,0.001042,0.001051,0.001036,0.001047,27243598.0
2026-01-28 18:00:00,0.001046,0.001047,0.001038,0.001042,18500941.0
2026-01-28 19:00:00,0.001042,0.001048,0.001036,0.001047,32468366.0
2026-01-28 20:00:00,0.001045,0.001049,0.001035,0.001039,39902838.0
2026-01-28 21:00:00,0.001039,0.001046,0.001031,0.001043,37774314.0
2026-01-28 22:00:00,0.001044,0.001049,0.001037,0.001046,17282746.0
2026-01-28 23:00:00,0.001046,0.001048,0.001036,0.001037,12672428.0
2026-01-29 00:00:00,0.001037,0.001041,0.001027,0.001031,30029523.0
2026-01-29 01:00:00,0.001031,0.001033,0.00102,0.001024,22331007.0
2026-01-29 02:00:00,0.001023,0.001024,0.001005,0.00101,50148598.0
2026-01-29 03:00:00,0.001009,0.001016,0.001006,0.001012,14900169.0
2026-01-29 04:00:00,0.001012,0.001012,0.001006,0.001011,14320213.0
2026-01-29 05:00:00,0.00101,0.001016,0.001008,0.001011,19300084.0
2026-01-29 06:00:00,0.00101,0.001017,0.001009,0.001016,17478775.0
2026-01-29 07:00:00,0.001017,0.001019,0.001013,0.001013,23381284.0
2026-01-29 08:00:00,0.001013,0.001016,0.001008,0.001012,25744325.0
2026-01-29 09:00:00,0.001011,0.001013,0.001007,0.001008,19290902.0
2026-01-29 10:00:00,0.001008,0.001009,0.001006,0.001006,10720627.0
2026-01-29 11:00:00,0.001006,0.001006,0.000994,0.000995,37388650.0
2026-01-29 12:00:00,0.000995,0.000998,0.00099,0.000993,33103517.0
2026-01-29 13:00:00,0.000993,0.001003,0.000993,0.001002,25332909.0
2026-01-29 14:00:00,0.001002,0.001006,0.000978,0.00098,135733073.0
2026-01-29 15:00:00,0.000979,0.00098,0.000944,0.000969,183124878.0
2026-01-29 16:00:00,0.000969,0.000973,0.000958,0.000972,48511813.0
2026-01-29 17:00:00,0.000972,0.000989,0.000967,0.000969,43596209.0
2026-01-29 18:00:00,0.000969,0.000969,0.000953,0.000954,70712643.0
2026-01-29 19:00:00,0.000953,0.000967,0.000949,0.000963,59203251.0
2026-01-29 20:00:00,0.000963,0.000978,0.00096,0.000978,28465008.0
2026-01-29 21:00:00,0.000978,0.000992,0.000978,0.000989,70016499.0
2026-01-29 22:00:00,0.000989,0.000994,0.000984,0.000986,38813532.0
2026-01-29 23:00:00,0.000985,0.000985,0.000973,0.000977,105347411.0
2026-01-30 00:00:00,0.000977,0.000982,0.000973,0.000979,23665014.0
2026-01-30 01:00:00,0.000979,0.000986,0.000947,0.000975,217209209.0
2026-01-30 02:00:00,0.000974,0.000974,0.000948,0.000959,130268302.0
2026-01-30 03:00:00,0.000959,0.000961,0.000944,0.000947,142170009.0
2026-01-30 04:00:00,0.000947,0.000961,0.000947,0.000956,81344423.0
2026-01-30 05:00:00,0.000957,0.000958,0.000953,0.000956,37474834.0
2026-01-30 06:00:00,0.000955,0.000955,0.000934,0.000939,81441469.0
2026-01-30 07:00:00,0.00094,0.000958,0.00094,0.000952,147651938.0
2026-01-30 08:00:00,0.000951,0.000957,0.000945,0.00095,60894803.0
2026-01-30 09:00:00,0.000951,0.000954,0.00094,0.000943,96738310.0
2026-01-30 10:00:00,0.000943,0.000944,0.000923,0.000934,228660709.0
2026-01-30 11:00:00,0.000934,0.000958,0.000932,0.000954,56979744.0
2026-01-30 12:00:00,0.000955,0.000957,0.000934,0.000936,40687158.0
2026-01-30 13:00:00,0.000937,0.000941,0.000927,0.000934,61034521.0
2026-01-30 14:00:00,0.000935,0.000951,0.000935,0.00094,93689273.0
2026-01-30 15:00:00,0.00094,0.000951,0.000926,0.000947,158396652.0
2026-01-30 16:00:00,0.000946,0.000962,0.000943,0.000946,137661244.0
2026-01-30 17:00:00,0.000947,0.000954,0.000939,0.000948,65448153.0
2026-01-30 18:00:00,0.000948,0.000965,0.000925,0.000962,89498555.0
2026-01-30 19:00:00,0.000963,0.000966,0.000951,0.000953,70909826.0
2026-01-30 20:00:00,0.000952,0.000952,0.000931,0.000934,81938732.0
2026-01-30 21:00:00,0.000935,0.000939,0.00093,0.000937,92377909.0
2026-01-30 22:00:00,0.000938,0.000939,0.000927,0.000931,23588007.0
2026-01-30 23:00:00,0.000931,0.000932,0.000924,0.000931,27461155.0
2026-01-31 00:00:00,0.000932,0.000937,0.000922,0.000929,115297746.0
2026-01-31 01:00:00,0.000929,0.000933,0.000925,0.000928,18057473.0
2026-01-31 02:00:00,0.000928,0.000932,0.000922,0.00093,21621374.0
2026-01-31 03:00:00,0.00093,0.000931,0.000924,0.000924,15496791.0
2026-01-31 04:00:00,0.000924,0.000925,0.000917,0.000921,18377216.0
2026-01-31 05:00:00,0.00092,0.000926,0.000917,0.000923,14196276.0
2026-01-31 06:00:00,0.000924,0.000926,0.000908,0.000914,50949792.0
2026-01-31 07:00:00,0.000915,0.000915,0.000902,0.000909,41000114.0
2026-01-31 08:00:00,0.000911,0.000911,0.000889,0.000901,142133867.0
2026-01-31 09:00:00,0.000902,0.000911,0.000897,0.0009,117393276.0
2026-01-31 10:00:00,0.0009,0.000911,0.000897,0.000907,99071470.0
2026-01-31 11:00:00,0.000907,0.000908,0.000898,0.000901,35965054.0
2026-01-31 12:00:00,0.000901,0.000903,0.000896,0.000898,33062385.0
2026-01-31 13:00:00,0.000899,0.000899,0.00089,0.000895,42976886.0
2026-01-31 14:00:00,0.000896,0.000897,0.000839,0.000857,287608696.0
2026-01-31 15:00:00,0.000857,0.000873,0.000856,0.000857,138186470.0
2026-01-31 16:00:00,0.000857,0.000873,0.000851,0.000854,88362443.0
2026-01-31 17:00:00,0.000854,0.000855,0.000797,0.000819,371791747.0
2026-01-31 18:00:00,0.000822,0.000824,0.000759,0.000809,433699547.0
2026-01-31 19:00:00,0.000809,0.000816,0.000803,0.000811,131705474.0
2026-01-31 20:00:00,0.000811,0.000819,0.000805,0.000814,49511573.0
2026-01-31 21:00:00,0.000814,0.000841,0.000813,0.000838,112185908.0
2026-01-31 22:00:00,0.000838,0.000843,0.000827,0.000832,77681317.0
2026-01-31 23:00:00,0.000833,0.000848,0.000829,0.000843,75568611.0
2026-02-01 00:00:00,0.000843,0.000847,0.000836,0.000842,53265764.0
2026-02-01 01:00:00,0.000842,0.000842,0.000833,0.000837,23025274.0
2026-02-01 02:00:00,0.000838,0.000842,0.000835,0.000839,17032155.0
2026-02-01 03:00:00,0.00084,0.000846,0.000836,0.00084,22498902.0
2026-02-01 04:00:00,0.00084,0.000844,0.000836,0.000836,16871125.0
2026-02-01 05:00:00,0.000835,0.000841,0.000832,0.000834,29936269.0
2026-02-01 06:00:00,0.000835,0.000837,0.00083,0.000832,15847510.0
2026-02-01 07:00:00,0.000833,0.000844,0.00083,0.000837,32017947.0
2026-02-01 08:00:00,0.000836,0.000846,0.000836,0.000841,18791317.0
2026-02-01 09:00:00,0.000841,0.00085,0.000837,0.000849,20244355.0
2026-02-01 10:00:00,0.000848,0.000853,0.000836,0.000839,47346423.0
2026-02-01 11:00:00,0.000839,0.000843,0.000835,0.000836,52565201.0
2026-02-01 12:00:00,0.000836,0.000837,0.000828,0.000834,29283249.0
2026-02-01 13:00:00,0.000834,0.000844,0.000832,0.000835,44602688.0
2026-02-01 14:00:00,0.000834,0.000842,0.000824,0.000832,60755767.0
2026-02-01 15:00:00,0.000831,0.000831,0.000804,0.000813,102374955.0
2026-02-01 16:00:00,0.000812,0.000821,0.000806,0.000809,75272632.0
2026-02-01 17:00:00,0.000808,0.000812,0.000799,0.00081,41430773.0
2026-02-01 18:00:00,0.000811,0.00083,0.000811,0.000819,83741070.0
2026-02-01 19:00:00,0.00082,0.000823,0.000811,0.000815,21158229.0
2026-02-01 20:00:00,0.000815,0.000825,0.000807,0.000815,24504634.0
2026-02-01 21:00:00,0.000815,0.000815,0.000806,0.000808,29494957.0
2026-02-01 22:00:00,0.000809,0.000822,0.000808,0.000816,21083416.0
2026-02-01 23:00:00,0.000816,0.000826,0.000789,0.000814,75367498.0
2026-02-02 00:00:00,0.000815,0.000834,0.000809,0.000829,53889946.0
2026-02-02 01:00:00,0.000829,0.000842,0.000819,0.000834,38156490.0
2026-02-02 02:00:00,0.000833,0.000837,0.000824,0.000824,44401221.0
2026-02-02 03:00:00,0.000824,0.000825,0.00079,0.000823,100358403.0
2026-02-02 04:00:00,0.000822,0.000832,0.000807,0.000822,38378302.0
2026-02-02 05:00:00,0.000821,0.000822,0.000802,0.000809,35062920.0
2026-02-02 06:00:00,0.000808,0.000833,0.000797,0.000821,86386472.0
2026-02-02 07:00:00,0.000822,0.000826,0.000815,0.000816,37291632.0
2026-02-02 08:00:00,0.000816,0.000826,0.000816,0.000821,33601423.0
2026-02-02 09:00:00,0.000821,0.000831,0.000815,0.000828,43386209.0
2026-02-02 10:00:00,0.000828,0.00083,0.000824,0.000827,24236677.0
2026-02-02 11:00:00,0.000828,0.00083,0.000824,0.000825,25856043.0
2026-02-02 12:00:00,0.000826,0.000834,0.000826,0.000832,11228023.0
2026-02-02 13:00:00,0.000832,0.000839,0.000829,0.000838,30792561.0
2026-02-02 14:00:00,0.000838,0.000852,0.000832,0.000844,57696007.0
2026-02-02 15:00:00,0.000844,0.00086,0.000843,0.00085,31780052.0
2026-02-02 16:00:00,0.00085,0.000852,0.000841,0.000842,32517963.0
2026-02-02 17:00:00,0.000842,0.000847,0.000837,0.000838,22287992.0
2026-02-02 18:00:00,0.000838,0.000842,0.000835,0.00084,14214966.0
2026-02-02 19:00:00,0.000841,0.000841,0.000834,0.000834,16459585.0
2026-02-02 20:00:00,0.000833,0.000837,0.000829,0.000831,15912814.0
2026-02-02 21:00:00,0.000831,0.000836,0.00083,0.000835,18635641.0
2026-02-02 22:00:00,0.000836,0.000843,0.000836,0.000839,7693631.0
2026-02-02 23:00:00,0.000839,0.000839,0.000832,0.000833,11447558.0
2026-02-03 00:00:00,0.000832,0.000837,0.000829,0.000831,32639348.0
2026-02-03 01:00:00,0.000831,0.000832,0.000823,0.000827,26952507.0
2026-02-03 02:00:00,0.000827,0.000827,0.000817,0.000817,51156119.0
2026-02-03 03:00:00,0.000816,0.000835,0.000814,0.000834,14420139.0
2026-02-03 04:00:00,0.000834,0.000841,0.000832,0.000839,6934774.0
2026-02-03 05:00:00,0.000838,0.000838,0.000832,0.000832,7619664.0
2026-02-03 06:00:00,0.000833,0.000836,0.000826,0.000835,12836885.0
2026-02-03 07:00:00,0.000834,0.00084,0.000832,0.000837,14135483.0
2026-02-03 08:00:00,0.000836,0.000845,0.000834,0.000837,10444905.0
2026-02-03 09:00:00,0.000838,0.000841,0.000826,0.000833,56147355.0
2026-02-03 10:00:00,0.000833,0.000837,0.000831,0.000834,8474013.0
2026-02-03 11:00:00,0.000835,0.000838,0.000832,0.000835,10142222.0
2026-02-03 12:00:00,0.000835,0.000852,0.000834,0.00085,37300969.0
2026-02-03 13:00:00,0.00085,0.00085,0.000844,0.000847,10936699.0
2026-02-03 14:00:00,0.000849,0.000853,0.000828,0.000828,71158914.0
2026-02-03 15:00:00,0.000827,0.000851,0.000824,0.000851,75538944.0
2026-02-03 16:00:00,0.000848,0.000848,0.000824,0.000825,53017096.0
2026-02-03 17:00:00,0.000825,0.000827,0.000806,0.000806,48607650.0
2026-02-03 18:00:00,0.000807,0.00081,0.000791,0.000794,101353771.0
2026-02-03 19:00:00,0.000795,0.000835,0.000793,0.000829,87087082.0
2026-02-03 20:00:00,0.000828,0.00086,0.000817,0.00085,96603887.0
2026-02-03 21:00:00,0.00085,0.000855,0.000835,0.000836,41845059.0
2026-02-03 22:00:00,0.000836,0.000836,0.000823,0.000825,19856758.0
2026-02-03 23:00:00,0.000825,0.000826,0.000814,0.000819,22875614.0
2026-02-04 00:00:00,0.000819,0.000827,0.000814,0.000823,22174822.0
2026-02-04 01:00:00,0.000823,0.000836,0.000823,0.000825,55099243.0
2026-02-04 02:00:00,0.000824,0.000827,0.000817,0.000821,18050115.0
2026-02-04 03:00:00,0.00082,0.000834,0.00082,0.000831,28986384.0
2026-02-04 04:00:00,0.00083,0.000831,0.000826,0.000826,18014332.0
2026-02-04 05:00:00,0.000826,0.000827,0.000819,0.000822,13408751.0
2026-02-04 06:00:00,0.000822,0.000829,0.000819,0.000825,21452987.0
2026-02-04 07:00:00,0.000825,0.000828,0.000819,0.000824,16514025.0
2026-02-04 08:00:00,0.000824,0.000828,0.000819,0.000825,15258345.0
2026-02-04 09:00:00,0.000825,0.000826,0.000817,0.00082,10837132.0
2026-02-04 10:00:00,0.00082,0.000823,0.000819,0.000821,19433707.0
2026-02-04 11:00:00,0.000821,0.000823,0.000811,0.000818,45678228.0
2026-02-04 12:00:00,0.000818,0.00082,0.000815,0.000818,16852451.0
2026-02-04 13:00:00,0.000818,0.000819,0.000804,0.000806,30092496.0
2026-02-04 14:00:00,0.000806,0.000815,0.0008,0.0008,54270878.0
2026-02-04 15:00:00,0.0008,0.000813,0.000792,0.000799,65669107.0
2026-02-04 16:00:00,0.000798,0.000805,0.000788,0.000798,61865367.0
2026-02-04 17:00:00,0.000797,0.000803,0.000787,0.000799,53023750.0
2026-02-04 18:00:00,0.000799,0.000818,0.000788,0.000807,96825958.0
2026-02-04 19:00:00,0.000807,0.000825,0.000806,0.000823,61295480.0
2026-02-04 20:00:00,0.000823,0.000825,0.000813,0.000815,20358979.0
2026-02-04 21:00:00,0.000815,0.000818,0.000804,0.000809,14599218.0
2026-02-04 22:00:00,0.000809,0.000815,0.000795,0.000799,79370717.0
2026-02-04 23:00:00,0.000799,0.000812,0.000798,0.000808,47690287.0
2026-02-05 00:00:00,0.000808,0.000809,0.0008,0.000803,56226380.0
2026-02-05 01:00:00,0.000803,0.000816,0.000799,0.000806,53849432.0
2026-02-05 02:00:00,0.000806,0.000813,0.000799,0.000799,44455608.0
2026-02-05 03:00:00,0.0008,0.000804,0.000794,0.000795,39559880.0
2026-02-05 04:00:00,0.000795,0.000803,0.000792,0.000794,48605562.0
2026-02-05 05:00:00,0.000795,0.000803,0.000785,0.000795,57357064.0
2026-02-05 06:00:00,0.000794,0.000794,0.000784,0.000788,37310520.0
2026-02-05 07:00:00,0.000787,0.000798,0.000786,0.000787,35617803.0
2026-02-05 08:00:00,0.000788,0.000797,0.000788,0.000792,21983281.0
2026-02-05 09:00:00,0.000792,0.000801,0.000792,0.000795,32557920.0
2026-02-05 10:00:00,0.000795,0.000795,0.000773,0.000779,46147383.0
2026-02-05 11:00:00,0.000779,0.00078,0.000762,0.000773,72127013.0
2026-02-05 12:00:00,0.000773,0.000775,0.00076,0.000765,142103781.0
2026-02-05 13:00:00,0.000764,0.00077,0.000757,0.000763,75265382.0
2026-02-05 14:00:00,0.000764,0.000782,0.00076,0.000763,116495441.0
2026-02-05 15:00:00,0.000763,0.000766,0.000711,0.00073,359315565.0
2026-02-05 16:00:00,0.000731,0.000749,0.000721,0.000734,232566690.0
2026-02-05 17:00:00,0.000734,0.000738,0.00071,0.000716,147973265.0
2026-02-05 18:00:00,0.000717,0.000724,0.000708,0.000722,123648932.0
2026-02-05 19:00:00,0.000721,0.000723,0.000707,0.00071,85666160.0
2026-02-05 20:00:00,0.00071,0.000715,0.000671,0.00069,249344034.0
2026-02-05 21:00:00,0.000689,0.000708,0.000678,0.000687,111793064.0
2026-02-05 22:00:00,0.000688,0.0007,0.000677,0.000688,77874074.0
2026-02-05 23:00:00,0.000689,0.000704,0.000679,0.000681,60973641.0
2026-02-06 00:00:00,0.00068,0.000689,0.000601,0.000679,584665018.0
2026-02-06 01:00:00,0.000679,0.000697,0.000678,0.000697,122960587.0
2026-02-06 02:00:00,0.000697,0.000701,0.000678,0.00068,81383013.0
2026-02-06 03:00:00,0.000681,0.000688,0.000677,0.000688,70983842.0
2026-02-06 04:00:00,0.000687,0.000697,0.000683,0.000694,41423919.0
2026-02-06 05:00:00,0.000693,0.000715,0.000693,0.000714,48243659.0
2026-02-06 06:00:00,0.000714,0.000718,0.000703,0.000703,49851181.0
2026-02-06 07:00:00,0.000703,0.000707,0.000695,0.000703,36419637.0
2026-02-06 08:00:00,0.000703,0.000709,0.000695,0.000699,57912473.0
2026-02-06 09:00:00,0.000699,0.000721,0.000697,0.000719,49649371.0
2026-02-06 10:00:00,0.00072,0.000727,0.000715,0.000722,43485322.0
2026-02-06 11:00:00,0.000722,0.000727,0.00072,0.000723,38669220.0
2026-02-06 12:00:00,0.000723,0.000723,0.000716,0.000718,23040794.0
2026-02-06 13:00:00,0.000718,0.00073,0.000718,0.000728,80507028.0
2026-02-06 14:00:00,0.000727,0.000747,0.000725,0.000743,85216904.0
2026-02-06 15:00:00,0.000742,0.000746,0.000735,0.000744,86955206.0
2026-02-06 16:00:00,0.000744,0.000761,0.000741,0.000758,66307207.0
2026-02-06 17:00:00,0.000758,0.000771,0.000754,0.00076,103272856.0
2026-02-06 18:00:00,0.00076,0.000761,0.000743,0.000748,74548741.0
2026-02-06 19:00:00,0.000747,0.000751,0.000741,0.00075,42901524.0
2026-02-06 20:00:00,0.00075,0.000752,0.000738,0.000745,39328498.0
2026-02-06 21:00:00,0.000744,0.000752,0.000742,0.000751,24909084.0
2026-02-06 22:00:00,0.000752,0.000761,0.000751,0.000758,43213050.0
2026-02-06 23:00:00,0.000759,0.000763,0.00075,0.000757,12230608.0
2026-02-07 00:00:00,0.000756,0.000757,0.000744,0.000748,48848332.0
2026-02-07 01:00:00,0.000747,0.000751,0.000741,0.000749,31113523.0
2026-02-07 02:00:00,0.000749,0.000752,0.000745,0.00075,18369339.0
2026-02-07 03:00:00,0.00075,0.000755,0.000748,0.00075,24564078.0
2026-02-07 04:00:00,0.000749,0.000756,0.000744,0.000747,29500600.0
2026-02-07 05:00:00,0.000748,0.00075,0.000742,0.000744,49633480.0
2026-02-07 06:00:00,0.000745,0.000747,0.000731,0.000732,38559945.0
2026-02-07 07:00:00,0.000731,0.000734,0.000716,0.000722,76161637.0
2026-02-07 08:00:00,0.000722,0.00073,0.00072,0.000726,38862628.0
2026-02-07 09:00:00,0.000726,0.000729,0.000723,0.000726,38948269.0
2026-02-07 10:00:00,0.000725,0.000727,0.000719,0.000723,17187658.0
2026-02-07 11:00:00,0.000723,0.000725,0.000721,0.000724,21849670.0
2026-02-07 12:00:00,0.000724,0.000745,0.000723,0.000742,66054792.0
2026-02-07 13:00:00,0.000743,0.000745,0.000733,0.000736,29252588.0
2026-02-07 14:00:00,0.000736,0.000737,0.000727,0.000729,28247429.0
2026-02-07 15:00:00,0.000728,0.000739,0.000727,0.000735,22468999.0
2026-02-07 16:00:00,0.000736,0.000762,0.000734,0.000743,284913864.0
2026-02-07 17:00:00,0.000743,0.000746,0.000739,0.000743,21462382.0
2026-02-07 18:00:00,0.000744,0.000758,0.000743,0.000755,22139170.0
2026-02-07 19:00:00,0.000754,0.000754,0.000747,0.000749,22606381.0
2026-02-07 20:00:00,0.000749,0.000751,0.00074,0.000746,104685498.0
2026-02-07 21:00:00,0.000747,0.000748,0.000743,0.000743,18897646.0
2026-02-07 22:00:00,0.000743,0.000746,0.00074,0.000742,30697536.0
2026-02-07 23:00:00,0.000742,0.000743,0.000738,0.000743,16480261.0
2026-02-08 00:00:00,0.000742,0.000742,0.000738,0.00074,23800813.0
2026-02-08 01:00:00,0.00074,0.000744,0.00074,0.000742,14480318.0
2026-02-08 02:00:00,0.000742,0.000744,0.000737,0.000738,14294957.0
2026-02-08 03:00:00,0.000738,0.000738,0.000731,0.000731,15502612.0
2026-02-08 04:00:00,0.000731,0.000733,0.000728,0.000733,15225583.0
2026-02-08 05:00:00,0.000732,0.000734,0.00073,0.00073,16385701.0
2026-02-08 06:00:00,0.000731,0.000733,0.000729,0.00073,22386629.0
2026-02-08 07:00:00,0.00073,0.00073,0.000724,0.00073,16145011.0
2026-02-08 08:00:00,0.00073,0.000742,0.00073,0.000739,38994462.0
2026-02-08 09:00:00,0.000739,0.000741,0.000732,0.000733,21816869.0
2026-02-08 10:00:00,0.000733,0.000735,0.000725,0.000728,23830043.0
2026-02-08 11:00:00,0.000728,0.000739,0.000728,0.000738,37606273.0
2026-02-08 12:00:00,0.000739,0.000741,0.000734,0.000737,27323343.0
2026-02-08 13:00:00,0.000736,0.000737,0.000731,0.000736,33701697.0
2026-02-08 14:00:00,0.000737,0.000738,0.000732,0.000736,30178797.0
2026-02-08 15:00:00,0.000736,0.000738,0.000725,0.000727,41220102.0
2026-02-08 16:00:00,0.000727,0.000729,0.00071,0.000714,53660577.0
2026-02-08 17:00:00,0.000714,0.00072,0.000714,0.00072,47073416.0
2026-02-08 18:00:00,0.00072,0.000727,0.00072,0.000723,24399095.0
2026-02-08 19:00:00,0.000723,0.000723,0.000719,0.000722,31225690.0
2026-02-08 20:00:00,0.000722,0.000722,0.000714,0.000714,24073326.0
2026-02-08 21:00:00,0.000714,0.000716,0.000706,0.000711,44535178.0
2026-02-08 22:00:00,0.000711,0.000715,0.000711,0.000714,19991169.0
2026-02-08 23:00:00,0.000715,0.000728,0.000705,0.000712,63549978.0
2026-02-09 00:00:00,0.000712,0.000714,0.000706,0.000713,63130968.0
2026-02-09 01:00:00,0.000712,0.000718,0.000707,0.000713,66380575.0
2026-02-09 02:00:00,0.000713,0.000722,0.000712,0.000717,25095029.0
2026-02-09 03:00:00,0.000718,0.000723,0.000714,0.000721,68853546.0
2026-02-09 04:00:00,0.000721,0.000722,0.000718,0.00072,24372441.0
2026-02-09 05:00:00,0.000719,0.000722,0.000717,0.00072,15209946.0
2026-02-09 06:00:00,0.000721,0.000721,0.000713,0.000717,37700477.0
2026-02-09 07:00:00,0.000716,0.000718,0.000711,0.000712,36741787.0
2026-02-09 08:00:00,0.000711,0.000713,0.0007,0.000705,49721902.0
2026-02-09 09:00:00,0.000704,0.000704,0.000697,0.000698,46118680.0
2026-02-09 10:00:00,0.000699,0.000701,0.000689,0.000693,39155541.0
2026-02-09 11:00:00,0.000693,0.000701,0.000693,0.000697,45701727.0
2026-02-09 12:00:00,0.000697,0.000701,0.000695,0.0007,27680086.0
2026-02-09 13:00:00,0.000698,0.000702,0.000694,0.000694,37712935.0
2026-02-09 14:00:00,0.000693,0.000707,0.000692,0.000706,64261450.0
2026-02-09 15:00:00,0.000706,0.000713,0.000701,0.000712,63999811.0
2026-02-09 16:00:00,0.000712,0.000723,0.000709,0.000719,39853724.0
2026-02-09 17:00:00,0.000719,0.000737,0.000716,0.000734,110988037.0
2026-02-09 18:00:00,0.000734,0.000735,0.000718,0.000719,84744712.0
2026-02-09 19:00:00,0.00072,0.000724,0.000718,0.000722,31502657.0
2026-02-09 20:00:00,0.000722,0.000723,0.000716,0.000719,27256666.0
2026-02-09 21:00:00,0.000719,0.000719,0.00071,0.000718,31937250.0
2026-02-09 22:00:00,0.000718,0.000721,0.000716,0.000716,32028830.0
2026-02-09 23:00:00,0.000717,0.000718,0.000715,0.000716,16268530.0
2026-02-10 00:00:00,0.000715,0.000716,0.000712,0.000714,22201853.0
2026-02-10 01:00:00,0.000714,0.000719,0.000714,0.000717,24390879.0
2026-02-10 02:00:00,0.000717,0.000717,0.000711,0.000712,9289324.0
2026-02-10 03:00:00,0.000712,0.000713,0.000697,0.000704,56063657.0
2026-02-10 04:00:00,0.000703,0.000709,0.000702,0.000708,34678827.0
2026-02-10 05:00:00,0.000708,0.000708,0.000701,0.000702,31532329.0
2026-02-10 06:00:00,0.000702,0.000704,0.000693,0.000697,73107528.0
2026-02-10 07:00:00,0.000697,0.000702,0.000697,0.000701,56683204.0
2026-02-10 08:00:00,0.000701,0.000701,0.000697,0.000699,36847075.0
2026-02-10 09:00:00,0.000699,0.000704,0.000697,0.000698,50457819.0
2026-02-10 10:00:00,0.000699,0.0007,0.000694,0.000696,25607165.0
2026-02-10 11:00:00,0.000696,0.000701,0.000694,0.000694,56163586.0
2026-02-10 12:00:00,0.000695,0.000697,0.000691,0.000692,27282926.0
2026-02-10 13:00:00,0.000692,0.000696,0.000692,0.000694,34396125.0
2026-02-10 14:00:00,0.000694,0.000697,0.000687,0.000691,80174697.0
2026-02-10 15:00:00,0.00069,0.000696,0.000688,0.000692,64487822.0
2026-02-10 16:00:00,0.000692,0.000694,0.000685,0.00069,65943317.0
2026-02-10 17:00:00,0.00069,0.000697,0.000689,0.000695,58277517.0
2026-02-10 18:00:00,0.000696,0.000696,0.000684,0.000688,91465856.0
2026-02-10 19:00:00,0.000687,0.000691,0.000683,0.000687,45664573.0
2026-02-10 20:00:00,0.000687,0.00069,0.000685,0.000689,24793599.0
2026-02-10 21:00:00,0.000688,0.000691,0.000686,0.00069,29238485.0
2026-02-10 22:00:00,0.00069,0.000692,0.000688,0.000688,12526208.0
2026-02-10 23:00:00,0.000687,0.000691,0.000687,0.000689,14857823.0
2026-02-11 00:00:00,0.000689,0.000692,0.000688,0.000689,10567326.0
2026-02-11 01:00:00,0.000689,0.000689,0.000681,0.000685,64381688.0
2026-02-11 02:00:00,0.000686,0.000687,0.000681,0.000681,27638121.0
2026-02-11 03:00:00,0.000682,0.000683,0.000673,0.00068,64896690.0
2026-02-11 04:00:00,0.000679,0.00068,0.000673,0.000674,48467656.0
2026-02-11 05:00:00,0.000675,0.000675,0.000667,0.000668,279761667.0
2026-02-11 06:00:00,0.000667,0.000668,0.000656,0.000657,102141322.0
2026-02-11 07:00:00,0.000656,0.000659,0.000654,0.000654,55474377.0
2026-02-11 08:00:00,0.000653,0.000655,0.00065,0.000654,46955085.0
2026-02-11 09:00:00,0.000655,0.000659,0.000652,0.000655,55001577.0
2026-02-11 10:00:00,0.000654,0.000657,0.000646,0.000648,62834815.0
2026-02-11 11:00:00,0.000648,0.000651,0.000646,0.000649,62459014.0
2026-02-11 12:00:00,0.000649,0.000652,0.000646,0.000651,57523329.0
2026-02-11 13:00:00,0.000651,0.000665,0.00065,0.000665,155571804.0
2026-02-11 14:00:00,0.000666,0.000684,0.000657,0.000658,251981941.0
2026-02-11 15:00:00,0.000658,0.000662,0.000647,0.000655,199880018.0
2026-02-11 16:00:00,0.000655,0.000666,0.000654,0.000657,139012472.0
2026-02-11 17:00:00,0.000657,0.000672,0.000656,0.000665,96730745.0
2026-02-11 18:00:00,0.000665,0.000679,0.000663,0.000675,58820362.0
2026-02-11 19:00:00,0.000676,0.000679,0.000672,0.000676,74946572.0
2026-02-11 20:00:00,0.000675,0.00068,0.000669,0.00068,62407940.0
2026-02-11 21:00:00,0.00068,0.000687,0.000678,0.000682,80019337.0
2026-02-11 22:00:00,0.000682,0.000685,0.000675,0.000675,53418351.0
2026-02-11 23:00:00,0.000675,0.000677,0.000668,0.000676,52032179.0
2026-02-12 00:00:00,0.000676,0.000683,0.000676,0.000679,43787108.0
2026-02-12 01:00:00,0.00068,0.000685,0.000678,0.000678,67281114.0
2026-02-12 02:00:00,0.000678,0.000682,0.000676,0.000679,33844612.0
2026-02-12 03:00:00,0.000678,0.000682,0.000678,0.000681,28938074.0
2026-02-12 04:00:00,0.000681,0.000682,0.000678,0.00068,33378505.0
2026-02-12 05:00:00,0.000679,0.000681,0.000675,0.000681,35896924.0
2026-02-12 06:00:00,0.00068,0.000689,0.00068,0.000686,42203096.0
2026-02-12 07:00:00,0.000687,0.000687,0.000679,0.000683,48760189.0
2026-02-12 08:00:00,0.000683,0.000687,0.000678,0.00068,55034292.0
2026-02-12 09:00:00,0.00068,0.000684,0.000678,0.00068,66132048.0
2026-02-12 10:00:00,0.000681,0.000686,0.000676,0.000686,44101589.0
2026-02-12 11:00:00,0.000686,0.000687,0.000681,0.000684,53674924.0
2026-02-12 12:00:00,0.000684,0.000689,0.000684,0.000685,95342462.0
2026-02-12 13:00:00,0.000685,0.000691,0.000683,0.000691,60029996.0
2026-02-12 14:00:00,0.00069,0.000693,0.000685,0.000691,84193887.0
2026-02-12 15:00:00,0.000691,0.000699,0.000683,0.000683,105161702.0
2026-02-12 16:00:00,0.000683,0.000685,0.000671,0.000678,139612457.0
2026-02-12 17:00:00,0.000678,0.000684,0.000675,0.000677,90352988.0
2026-02-12 18:00:00,0.000677,0.000684,0.000677,0.000681,65862049.0
2026-02-12 19:00:00,0.000682,0.000698,0.00068,0.000687,85669923.0
2026-02-12 20:00:00,0.000688,0.000688,0.000682,0.000686,33184709.0
2026-02-12 21:00:00,0.000686,0.000686,0.000679,0.000681,54286497.0
2026-02-12 22:00:00,0.000682,0.000692,0.000678,0.000692,32721670.0
2026-02-12 23:00:00,0.000692,0.000698,0.000691,0.000693,47219293.0
2026-02-13 00:00:00,0.000693,0.000694,0.000681,0.000686,32675861.0
2026-02-13 01:00:00,0.000686,0.00069,0.000682,0.000683,39625390.0
2026-02-13 02:00:00,0.000684,0.000684,0.000679,0.000683,40617741.0
2026-02-13 03:00:00,0.000682,0.000682,0.000677,0.000677,34197591.0
2026-02-13 04:00:00,0.000677,0.000679,0.000673,0.000679,42272911.0
2026-02-13 05:00:00,0.000679,0.000679,0.000673,0.000675,26003959.0
2026-02-13 06:00:00,0.000675,0.000684,0.000674,0.000684,31403428.0
2026-02-13 07:00:00,0.000683,0.000686,0.000681,0.000684,23196868.0
2026-02-13 08:00:00,0.000684,0.000693,0.000683,0.000692,34372514.0
2026-02-13 09:00:00,0.000691,0.000691,0.000687,0.000688,23384788.0
2026-02-13 10:00:00,0.000688,0.00069,0.000688,0.000689,35042059.0
2026-02-13 11:00:00,0.000689,0.000696,0.000688,0.000693,51033304.0
2026-02-13 12:00:00,0.000692,0.000692,0.000685,0.000687,23486853.0
2026-02-13 13:00:00,0.000687,0.000694,0.000684,0.000689,33733926.0
2026-02-13 14:00:00,0.000689,0.000698,0.000686,0.000696,70730811.0
2026-02-13 15:00:00,0.000697,0.000719,0.000697,0.000704,90695040.0
2026-02-13 16:00:00,0.000705,0.000717,0.000704,0.000715,60488301.0
2026-02-13 17:00:00,0.000714,0.000716,0.00071,0.000712,17847401.0
2026-02-13 18:00:00,0.000711,0.000712,0.000708,0.000711,85002379.0
2026-02-13 19:00:00,0.00071,0.000714,0.000709,0.000709,60221283.0
2026-02-13 20:00:00,0.000709,0.000711,0.000708,0.00071,35452908.0
2026-02-13 21:00:00,0.00071,0.000714,0.000707,0.000709,33935263.0
2026-02-13 22:00:00,0.00071,0.000711,0.000707,0.000708,28899523.0
2026-02-13 23:00:00,0.000708,0.000708,0.000705,0.000706,23639477.0
2026-02-14 00:00:00,0.000706,0.000709,0.000704,0.000706,32128567.0
2026-02-14 01:00:00,0.000706,0.000707,0.000705,0.000705,14120830.0
2026-02-14 02:00:00,0.000705,0.000705,0.000703,0.000705,17239106.0
2026-02-14 03:00:00,0.000704,0.000712,0.000704,0.000709,23750983.0
2026-02-14 04:00:00,0.000708,0.000709,0.000701,0.000703,45768045.0
2026-02-14 05:00:00,0.000703,0.000705,0.0007,0.000701,27460000.0
2026-02-14 06:00:00,0.000701,0.000701,0.000698,0.000699,19989006.0
2026-02-14 07:00:00,0.0007,0.000704,0.0007,0.000703,39579740.0
2026-02-14 08:00:00,0.000703,0.000712,0.000703,0.000712,43159186.0
2026-02-14 09:00:00,0.000712,0.000712,0.00071,0.000712,21468779.0
2026-02-14 10:00:00,0.000711,0.000713,0.00071,0.000712,15639025.0
2026-02-14 11:00:00,0.000712,0.000722,0.00071,0.000721,56326580.0
2026-02-14 12:00:00,0.00072,0.000724,0.000714,0.000714,44772316.0
2026-02-14 13:00:00,0.000714,0.000716,0.000712,0.000715,46595898.0
2026-02-14 14:00:00,0.000716,0.000737,0.000716,0.000735,54997784.0
2026-02-14 15:00:00,0.000734,0.000736,0.000728,0.000736,55192359.0
2026-02-14 16:00:00,0.000737,0.000769,0.000737,0.000762,364815802.0
2026-02-14 17:00:00,0.000763,0.000769,0.000753,0.000762,194780656.0
2026-02-14 18:00:00,0.000762,0.000776,0.000761,0.000767,278815364.0
2026-02-14 19:00:00,0.000766,0.00078,0.00076,0.000775,105218392.0
2026-02-14 20:00:00,0.000776,0.00078,0.000765,0.000773,83970336.0
2026-02-14 21:00:00,0.000774,0.00079,0.000771,0.000781,219671763.0
2026-02-14 22:00:00,0.000781,0.000797,0.000778,0.000787,135959029.0
2026-02-14 23:00:00,0.000787,0.000788,0.000774,0.000778,100757105.0
2026-02-15 00:00:00,0.000777,0.00078,0.000768,0.000771,50327464.0
2026-02-15 01:00:00,0.000771,0.000778,0.000767,0.000775,41454576.0
2026-02-15 02:00:00,0.000776,0.00078,0.000765,0.000775,27426771.0
2026-02-15 03:00:00,0.000775,0.000776,0.000756,0.000768,43811062.0
2026-02-15 04:00:00,0.000768,0.000782,0.000764,0.000769,69101477.0
2026-02-15 05:00:00,0.00077,0.000776,0.000769,0.00077,21334446.0
2026-02-15 06:00:00,0.00077,0.000771,0.000763,0.000768,23708695.0
2026-02-15 07:00:00,0.000767,0.000771,0.000765,0.000767,28500270.0
2026-02-15 08:00:00,0.000767,0.000767,0.000748,0.000758,71264226.0
2026-02-15 09:00:00,0.000756,0.000759,0.000754,0.000756,24549975.0
2026-02-15 10:00:00,0.000756,0.000756,0.000744,0.000749,42301975.0
2026-02-15 11:00:00,0.000749,0.000751,0.000742,0.000742,38060922.0
2026-02-15 12:00:00,0.000743,0.000744,0.000716,0.000718,123313239.0
2026-02-15 13:00:00,0.000719,0.000727,0.000713,0.000716,109507934.0
2026-02-15 14:00:00,0.000716,0.00072,0.000714,0.000719,43920138.0
2026-02-15 15:00:00,0.000719,0.000722,0.000715,0.000717,20219918.0
2026-02-15 16:00:00,0.000717,0.000722,0.000711,0.000716,70811575.0
2026-02-15 17:00:00,0.000715,0.000717,0.000699,0.000707,87504126.0
2026-02-15 18:00:00,0.000706,0.00071,0.000702,0.000705,44547562.0
2026-02-15 19:00:00,0.000705,0.000706,0.0007,0.000704,59291845.0
2026-02-15 20:00:00,0.000704,0.000711,0.000702,0.00071,41774973.0
2026-02-15 21:00:00,0.00071,0.000715,0.00071,0.000713,38544260.0
2026-02-15 22:00:00,0.000713,0.000718,0.000713,0.000717,21809315.0
2026-02-15 23:00:00,0.000716,0.000718,0.000709,0.000718,36916036.0
2026-02-16 00:00:00,0.000718,0.000722,0.000717,0.000719,31332807.0
2026-02-16 01:00:00,0.000718,0.000722,0.000716,0.000721,29332355.0
2026-02-16 02:00:00,0.000721,0.000729,0.000721,0.000724,55267339.0
2026-02-16 03:00:00,0.000724,0.000726,0.00072,0.00072,61729381.0
2026-02-16 04:00:00,0.00072,0.00073,0.00072,0.000729,21301560.0
2026-02-16 05:00:00,0.00073,0.000732,0.000717,0.000721,28974444.0
2026-02-16 06:00:00,0.000721,0.000726,0.000721,0.000722,47226631.0
2026-02-16 07:00:00,0.000721,0.000721,0.000712,0.000713,30266076.0
2026-02-16 08:00:00,0.000713,0.000719,0.000713,0.000718,22205302.0
2026-02-16 09:00:00,0.000718,0.000722,0.000717,0.000722,46325870.0
2026-02-16 10:00:00,0.000721,0.000722,0.000714,0.000714,35423814.0
2026-02-16 11:00:00,0.000715,0.000716,0.000704,0.000714,74024287.0
2026-02-16 12:00:00,0.000714,0.000726,0.00071,0.000725,66857557.0
2026-02-16 13:00:00,0.000724,0.000728,0.000706,0.000709,125451650.0
2026-02-16 14:00:00,0.000708,0.000719,0.000707,0.000715,85690981.0
2026-02-16 15:00:00,0.000715,0.00072,0.000703,0.000706,106951844.0
2026-02-16 16:00:00,0.000706,0.000714,0.000706,0.000712,58019547.0
2026-02-16 17:00:00,0.000711,0.000717,0.000708,0.000715,52245761.0
2026-02-16 18:00:00,0.000714,0.000718,0.000713,0.000714,28964027.0
2026-02-16 19:00:00,0.000714,0.000742,0.000712,0.000729,386522171.0
2026-02-16 20:00:00,0.000729,0.00073,0.000722,0.000725,153845679.0
2026-02-16 21:00:00,0.000726,0.000732,0.000722,0.000732,42890306.0
2026-02-16 22:00:00,0.000732,0.000733,0.000729,0.000731,35806762.0
2026-02-16 23:00:00,0.00073,0.000733,0.000728,0.00073,13114783.0
2026-02-17 00:00:00,0.00073,0.000737,0.000727,0.00073,58630689.0
2026-02-17 01:00:00,0.000731,0.000736,0.000727,0.000727,19641817.0
2026-02-17 02:00:00,0.000726,0.00073,0.000723,0.000728,23479506.0
2026-02-17 03:00:00,0.000728,0.000728,0.000722,0.000723,17176551.0
2026-02-17 04:00:00,0.000722,0.000727,0.000719,0.000726,26121318.0
2026-02-17 05:00:00,0.000726,0.000726,0.000716,0.00072,28619364.0
2026-02-17 06:00:00,0.00072,0.000724,0.00072,0.000722,20627176.0
2026-02-17 07:00:00,0.000722,0.000726,0.000721,0.000724,33916398.0
2026-02-17 08:00:00,0.000724,0.000724,0.000715,0.000718,74591235.0
2026-02-17 09:00:00,0.000717,0.000719,0.000714,0.000717,33132792.0
2026-02-17 10:00:00,0.000716,0.000717,0.000711,0.000713,21030011.0
2026-02-17 11:00:00,0.000714,0.000721,0.000714,0.000718,36096769.0
2026-02-17 12:00:00,0.000718,0.000721,0.000715,0.000716,29931501.0
2026-02-17 13:00:00,0.000716,0.000729,0.000715,0.000726,109530071.0
2026-02-17 14:00:00,0.000725,0.00073,0.000712,0.000714,124320084.0
2026-02-17 15:00:00,0.000714,0.000724,0.000713,0.000723,88728394.0
2026-02-17 16:00:00,0.000722,0.000736,0.000721,0.000722,135219704.0
2026-02-17 17:00:00,0.000723,0.000723,0.000711,0.000715,60415537.0
2026-02-17 18:00:00,0.000715,0.000729,0.000715,0.000725,52617807.0
2026-02-17 19:00:00,0.000725,0.000728,0.00072,0.000722,33614421.0
2026-02-17 20:00:00,0.000722,0.000723,0.000714,0.000715,164844487.0
2026-02-17 21:00:00,0.000715,0.000718,0.000711,0.000714,25345939.0
2026-02-17 22:00:00,0.000714,0.000717,0.000711,0.000711,14345468.0
2026-02-17 23:00:00,0.000711,0.000716,0.000711,0.000714,33603158.0
2026-02-18 00:00:00,0.000713,0.000714,0.000711,0.000711,32805542.0
2026-02-18 01:00:00,0.000711,0.000714,0.00071,0.000714,33986399.0
2026-02-18 02:00:00,0.000714,0.00072,0.000713,0.000717,16584801.0
2026-02-18 03:00:00,0.000717,0.000719,0.000716,0.000718,16410402.0
2026-02-18 04:00:00,0.000717,0.000717,0.000715,0.000715,15177568.0
2026-02-18 05:00:00,0.000715,0.000716,0.000713,0.000714,13766354.0
2026-02-18 06:00:00,0.000714,0.000717,0.000712,0.000712,15540209.0
2026-02-18 07:00:00,0.000713,0.000717,0.000712,0.000716,23028252.0
2026-02-18 08:00:00,0.000715,0.000718,0.000713,0.000715,20930684.0
2026-02-18 09:00:00,0.000715,0.00072,0.000714,0.000719,33556306.0
2026-02-18 10:00:00,0.000719,0.000721,0.00071,0.000711,131071830.0
2026-02-18 11:00:00,0.000711,0.000713,0.000704,0.000709,28878507.0
2026-02-18 12:00:00,0.000709,0.000711,0.000705,0.000705,24689937.0
2026-02-18 13:00:00,0.000706,0.000706,0.000695,0.000698,59703521.0
2026-02-18 14:00:00,0.000699,0.000703,0.000692,0.000698,131139783.0
2026-02-18 15:00:00,0.000699,0.000712,0.000699,0.000704,69888781.0
2026-02-18 16:00:00,0.000704,0.000704,0.000694,0.000695,65553703.0
2026-02-18 17:00:00,0.000696,0.000702,0.000693,0.000694,33368475.0
2026-02-18 18:00:00,0.000694,0.000694,0.000684,0.000687,101317379.0
2026-02-18 19:00:00,0.000687,0.000688,0.000677,0.000683,105244603.0
2026-02-18 20:00:00,0.000682,0.000685,0.000679,0.00068,52124727.0
2026-02-18 21:00:00,0.00068,0.000686,0.000677,0.00068,119384649.0
2026-02-18 22:00:00,0.00068,0.000684,0.000678,0.000681,32377027.0
2026-02-18 23:00:00,0.000682,0.000684,0.00068,0.000684,18917950.0
2026-02-19 00:00:00,0.000684,0.000684,0.000678,0.000679,34380304.0
2026-02-19 01:00:00,0.00068,0.000688,0.00068,0.000688,48634240.0
2026-02-19 02:00:00,0.000688,0.000689,0.000683,0.000686,21211100.0
2026-02-19 03:00:00,0.000686,0.000687,0.000683,0.000685,19543485.0
2026-02-19 04:00:00,0.000685,0.000687,0.000684,0.000684,20278372.0
2026-02-19 05:00:00,0.000684,0.000685,0.000678,0.000683,19707919.0
2026-02-19 06:00:00,0.000683,0.000687,0.000683,0.000685,22926636.0
2026-02-19 07:00:00,0.000685,0.000685,0.000682,0.000682,21781499.0
2026-02-19 08:00:00,0.000681,0.000681,0.000671,0.000675,41648467.0
2026-02-19 09:00:00,0.000675,0.000678,0.000672,0.000674,48238657.0
2026-02-19 10:00:00,0.000674,0.000675,0.000671,0.000673,25297431.0
2026-02-19 11:00:00,0.000673,0.000676,0.000672,0.000673,18497898.0
2026-02-19 12:00:00,0.000674,0.000675,0.000672,0.000672,23535002.0
2026-02-19 13:00:00,0.000672,0.000672,0.000653,0.000659,70527486.0
2026-02-19 14:00:00,0.00066,0.000669,0.000659,0.000666,85165810.0
2026-02-19 15:00:00,0.000665,0.000667,0.000659,0.000662,60247272.0
2026-02-19 16:00:00,0.000661,0.000666,0.000656,0.000662,60880410.0
2026-02-19 17:00:00,0.000662,0.000671,0.000658,0.000664,63928972.0
2026-02-19 18:00:00,0.000664,0.000672,0.000662,0.000669,56915514.0
2026-02-19 19:00:00,0.00067,0.000672,0.000666,0.00067,27944589.0
2026-02-19 20:00:00,0.00067,0.000672,0.000667,0.000671,25540044.0
2026-02-19 21:00:00,0.000671,0.000672,0.000669,0.000669,15620439.0
2026-02-19 22:00:00,0.00067,0.000673,0.000668,0.000672,32062336.0
2026-02-19 23:00:00,0.000672,0.000675,0.00067,0.000675,21378856.0
2026-02-20 00:00:00,0.000675,0.000678,0.000674,0.000677,29459221.0
2026-02-20 01:00:00,0.000677,0.00068,0.000676,0.00068,21487431.0
2026-02-20 02:00:00,0.00068,0.000683,0.000678,0.000679,14455309.0
2026-02-20 03:00:00,0.000679,0.000682,0.000678,0.00068,11713452.0
2026-02-20 04:00:00,0.000679,0.000683,0.000676,0.00068,28042543.0
2026-02-20 05:00:00,0.000681,0.000688,0.000679,0.000685,33214039.0
2026-02-20 06:00:00,0.000685,0.000686,0.000682,0.000684,18541915.0
2026-02-20 07:00:00,0.000684,0.000685,0.000681,0.000683,13319504.0
2026-02-20 08:00:00,0.000683,0.000685,0.000678,0.000682,117266907.0
2026-02-20 09:00:00,0.000681,0.000686,0.00068,0.000682,32931417.0
2026-02-20 10:00:00,0.000682,0.000685,0.000679,0.00068,25047026.0
2026-02-20 11:00:00,0.00068,0.000681,0.000676,0.000678,37294996.0
2026-02-20 12:00:00,0.000677,0.000679,0.000676,0.000678,39329364.0
2026-02-20 13:00:00,0.000677,0.000677,0.000662,0.000668,87801483.0
2026-02-20 14:00:00,0.000668,0.000676,0.000667,0.000672,54079729.0
2026-02-20 15:00:00,0.000673,0.000688,0.000673,0.000684,110576773.0
2026-02-20 16:00:00,0.000684,0.000689,0.000681,0.000688,66462356.0
2026-02-20 17:00:00,0.000687,0.000689,0.000674,0.000689,102500295.0
2026-02-20 18:00:00,0.000688,0.000693,0.000685,0.000688,54062170.0
2026-02-20 19:00:00,0.000689,0.000689,0.000682,0.000683,23862123.0
2026-02-20 20:00:00,0.000684,0.000685,0.00068,0.000684,31993986.0
2026-02-20 21:00:00,0.000684,0.000687,0.000684,0.000686,36186704.0
2026-02-20 22:00:00,0.000686,0.000689,0.000684,0.000689,27244381.0
2026-02-20 23:00:00,0.000689,0.000691,0.000687,0.00069,13697214.0
2026-02-21 00:00:00,0.00069,0.000695,0.000688,0.000691,20428595.0
2026-02-21 01:00:00,0.000691,0.000695,0.000689,0.000694,28829483.0
2026-02-21 02:00:00,0.000695,0.000703,0.000693,0.0007,83908539.0
2026-02-21 03:00:00,0.0007,0.000701,0.000691,0.000695,121125748.0
2026-02-21 04:00:00,0.000696,0.000697,0.000693,0.000697,22088128.0
2026-02-21 05:00:00,0.000697,0.0007,0.000695,0.000696,23437504.0
2026-02-21 06:00:00,0.000696,0.000697,0.00069,0.000692,19016651.0
2026-02-21 07:00:00,0.000692,0.000696,0.00069,0.000694,20440599.0
2026-02-21 08:00:00,0.000694,0.000699,0.000693,0.000699,25323344.0
2026-02-21 09:00:00,0.000698,0.000705,0.000697,0.0007,35781516.0
2026-02-21 10:00:00,0.0007,0.000701,0.000696,0.000698,15410962.0
2026-02-21 11:00:00,0.000698,0.000701,0.000697,0.000698,19129316.0
2026-02-21 12:00:00,0.000698,0.0007,0.000694,0.000695,19793565.0
2026-02-21 13:00:00,0.000696,0.000701,0.000696,0.000701,21645925.0
2026-02-21 14:00:00,0.0007,0.000703,0.000696,0.000696,124242589.0
2026-02-21 15:00:00,0.000696,0.000697,0.000689,0.000691,38218102.0
2026-02-21 16:00:00,0.000691,0.000691,0.000685,0.00069,63136179.0
2026-02-21 17:00:00,0.000689,0.000693,0.000688,0.000691,42299172.0
2026-02-21 18:00:00,0.000691,0.000693,0.00069,0.000692,29127495.0
2026-02-21 19:00:00,0.000692,0.000694,0.000691,0.000691,19031879.0
2026-02-21 20:00:00,0.000691,0.000691,0.000686,0.000686,37412594.0
2026-02-21 21:00:00,0.000687,0.000689,0.000685,0.000689,25195794.0
2026-02-21 22:00:00,0.000689,0.000689,0.000685,0.000686,19652345.0
2026-02-21 23:00:00,0.000685,0.000685,0.000681,0.000681,21939832.0
2026-02-22 00:00:00,0.000681,0.000682,0.000671,0.000675,50207116.0
2026-02-22 01:00:00,0.000676,0.000677,0.000675,0.000676,14864151.0
2026-02-22 02:00:00,0.000675,0.000676,0.000665,0.000666,27760759.0
2026-02-22 03:00:00,0.000665,0.00067,0.000664,0.000669,32460438.0
2026-02-22 04:00:00,0.000668,0.000671,0.000668,0.000668,18724572.0
2026-02-22 05:00:00,0.000668,0.00067,0.000665,0.000665,24957571.0
2026-02-22 06:00:00,0.000666,0.000667,0.000662,0.000667,38849032.0
2026-02-22 07:00:00,0.000667,0.000671,0.000666,0.00067,21054041.0
2026-02-22 08:00:00,0.000669,0.000671,0.000665,0.000665,40506991.0
2026-02-22 09:00:00,0.000664,0.000671,0.000664,0.000671,18236221.0
2026-02-22 10:00:00,0.000671,0.000672,0.000669,0.000671,38295578.0
2026-02-22 11:00:00,0.000671,0.000672,0.000668,0.000669,15259625.0
2026-02-22 12:00:00,0.000668,0.000668,0.000659,0.000661,40085378.0
2026-02-22 13:00:00,0.000661,0.000661,0.000656,0.000658,64245899.0
2026-02-22 14:00:00,0.000658,0.00066,0.000655,0.000657,65482814.0
2026-02-22 15:00:00,0.000657,0.000663,0.000656,0.00066,48407608.0
2026-02-22 16:00:00,0.00066,0.000662,0.000656,0.000662,32187725.0
2026-02-22 17:00:00,0.000662,0.000663,0.000658,0.000661,45024243.0
2026-02-22 18:00:00,0.000662,0.000664,0.000662,0.000663,20761302.0
2026-02-22 19:00:00,0.000663,0.000665,0.000661,0.000665,16497650.0
2026-02-22 20:00:00,0.000665,0.000665,0.000659,0.000661,47318399.0
2026-02-22 21:00:00,0.000662,0.000662,0.00066,0.000661,33149244.0
2026-02-22 22:00:00,0.000661,0.000664,0.00066,0.000664,13209195.0
2026-02-22 23:00:00,0.000664,0.000666,0.000661,0.000664,19619464.0
2026-02-23 00:00:00,0.000664,0.000664,0.000657,0.000657,37841648.0
2026-02-23 01:00:00,0.000656,0.000656,0.000623,0.000627,479014682.0
2026-02-23 02:00:00,0.000626,0.000636,0.000626,0.000633,94090219.0
2026-02-23 03:00:00,0.000633,0.000637,0.000629,0.000632,39334061.0
2026-02-23 04:00:00,0.000633,0.000634,0.000631,0.000633,52637832.0
2026-02-23 05:00:00,0.000633,0.000642,0.000633,0.00064,31295412.0
2026-02-23 06:00:00,0.00064,0.00065,0.000639,0.000649,39592404.0
2026-02-23 07:00:00,0.000649,0.000653,0.000647,0.000649,35671858.0
2026-02-23 08:00:00,0.000649,0.000651,0.000648,0.00065,34024412.0
2026-02-23 09:00:00,0.00065,0.000659,0.000647,0.000659,54066717.0
2026-02-23 10:00:00,0.000659,0.000663,0.000658,0.000663,25358189.0
2026-02-23 11:00:00,0.000663,0.000672,0.000663,0.000669,36827912.0
2026-02-23 12:00:00,0.000669,0.000679,0.000666,0.000674,80959744.0
2026-02-23 13:00:00,0.000675,0.000678,0.000663,0.000663,122695537.0
2026-02-23 14:00:00,0.000663,0.000664,0.000656,0.00066,79680093.0
2026-02-23 15:00:00,0.00066,0.00066,0.000649,0.000649,75283691.0
2026-02-23 16:00:00,0.00065,0.000652,0.000644,0.000645,91651330.0
2026-02-23 17:00:00,0.000646,0.000648,0.00064,0.000647,96845768.0
2026-02-23 18:00:00,0.000647,0.00065,0.000644,0.000644,38717413.0
2026-02-23 19:00:00,0.000645,0.000645,0.00064,0.000641,47550840.0
2026-02-23 20:00:00,0.000641,0.000644,0.000638,0.000643,46199571.0
2026-02-23 21:00:00,0.000643,0.000644,0.00064,0.000643,36896585.0
2026-02-23 22:00:00,0.000644,0.000649,0.000643,0.000645,27066791.0
2026-02-23 23:00:00,0.000644,0.000646,0.000643,0.000643,16923354.0
2026-02-24 00:00:00,0.000644,0.000652,0.000644,0.00065,17009237.0
2026-02-24 01:00:00,0.00065,0.000655,0.000636,0.000649,82773938.0
2026-02-24 02:00:00,0.000649,0.00065,0.000644,0.000645,67739970.0
2026-02-24 03:00:00,0.000645,0.000646,0.000642,0.000646,48230310.0
2026-02-24 04:00:00,0.000646,0.000649,0.00064,0.000646,54379349.0
2026-02-24 05:00:00,0.000646,0.000647,0.000639,0.000641,29522889.0
2026-02-24 06:00:00,0.000641,0.000644,0.000639,0.00064,38778092.0
2026-02-24 07:00:00,0.00064,0.000644,0.000638,0.000642,41919477.0
2026-02-24 08:00:00,0.000641,0.000648,0.000638,0.000644,112637748.0
2026-02-24 09:00:00,0.000645,0.000645,0.000635,0.000641,58166743.0
2026-02-24 10:00:00,0.000641,0.000644,0.00064,0.000642,31424377.0
2026-02-24 11:00:00,0.000642,0.000643,0.000639,0.000639,10636192.0
2026-02-24 12:00:00,0.00064,0.000644,0.000637,0.000639,30631565.0
2026-02-24 13:00:00,0.000639,0.00064,0.000632,0.000637,53652478.0
2026-02-24 14:00:00,0.000636,0.000645,0.00063,0.000641,57299003.0
2026-02-24 15:00:00,0.000641,0.000648,0.000634,0.000637,213186641.0
2026-02-24 16:00:00,0.000636,0.000642,0.000632,0.00064,84699212.0
2026-02-24 17:00:00,0.00064,0.00064,0.000632,0.000634,41275301.0
2026-02-24 18:00:00,0.000634,0.000638,0.00063,0.000635,36878748.0
2026-02-24 19:00:00,0.000635,0.000637,0.000631,0.000634,23385339.0
2026-02-24 20:00:00,0.000634,0.000637,0.000633,0.000634,26754177.0
2026-02-24 21:00:00,0.000635,0.000635,0.000629,0.000632,74577952.0
2026-02-24 22:00:00,0.000633,0.000641,0.000632,0.000637,39346672.0
2026-02-24 23:00:00,0.000637,0.00064,0.000634,0.000639,16953776.0
2026-02-25 00:00:00,0.000638,0.000645,0.000638,0.000643,34750517.0
2026-02-25 01:00:00,0.000643,0.000663,0.000643,0.000657,181343830.0
2026-02-25 02:00:00,0.000658,0.000663,0.000658,0.00066,59770226.0
2026-02-25 03:00:00,0.00066,0.00066,0.000651,0.000652,57762048.0
2026-02-25 04:00:00,0.000652,0.000653,0.000646,0.000651,145642756.0
2026-02-25 05:00:00,0.000651,0.000651,0.00064,0.000644,98346135.0
2026-02-25 06:00:00,0.000645,0.000648,0.000644,0.000644,50765537.0
2026-02-25 07:00:00,0.000644,0.000647,0.000643,0.000645,42459019.0
2026-02-25 08:00:00,0.000645,0.000645,0.000634,0.000641,399434991.0
2026-02-25 09:00:00,0.000641,0.000645,0.000638,0.000644,150316316.0
2026-02-25 10:00:00,0.000644,0.000646,0.000642,0.000642,40848077.0
2026-02-25 11:00:00,0.000642,0.000644,0.000639,0.000641,52165941.0
2026-02-25 12:00:00,0.000641,0.00065,0.000639,0.000648,77695122.0
2026-02-25 13:00:00,0.000648,0.000651,0.000645,0.000645,154856897.0
2026-02-25 14:00:00,0.000646,0.000654,0.000644,0.000654,190532594.0
2026-02-25 15:00:00,0.000655,0.000663,0.000653,0.000658,204143668.0
2026-02-25 16:00:00,0.000658,0.000667,0.000657,0.000666,201180218.0
2026-02-25 17:00:00,0.000666,0.000673,0.000666,0.000671,113482707.0
2026-02-25 18:00:00,0.00067,0.000678,0.000668,0.000676,65109945.0
2026-02-25 19:00:00,0.000677,0.000678,0.000672,0.000675,52956363.0
2026-02-25 20:00:00,0.000676,0.000676,0.00067,0.000672,40971730.0
2026-02-25 21:00:00,0.000672,0.000684,0.000668,0.000674,218812768.0
2026-02-25 22:00:00,0.000675,0.00068,0.000664,0.000666,49593404.0
2026-02-25 23:00:00,0.000666,0.000666,0.000642,0.00065,148523676.0
2026-02-26 00:00:00,0.00065,0.000654,0.000644,0.00065,79569256.0
2026-02-26 01:00:00,0.00065,0.000652,0.000647,0.000648,46094394.0
2026-02-26 02:00:00,0.000648,0.000657,0.000645,0.000657,61174009.0
2026-02-26 03:00:00,0.000658,0.000658,0.000646,0.00065,183452080.0
2026-02-26 04:00:00,0.000649,0.000653,0.000646,0.000649,35267735.0
2026-02-26 05:00:00,0.000648,0.000648,0.000642,0.000644,79595811.0
2026-02-26 06:00:00,0.000644,0.000645,0.000637,0.000639,80783467.0
2026-02-26 07:00:00,0.000639,0.000641,0.000637,0.000639,48291378.0
2026-02-26 08:00:00,0.00064,0.000646,0.000639,0.000642,38493137.0
2026-02-26 09:00:00,0.000643,0.00065,0.000642,0.000648,71429796.0
2026-02-26 10:00:00,0.000648,0.000648,0.000641,0.000641,86014993.0
2026-02-26 11:00:00,0.00064,0.000641,0.000637,0.00064,43840561.0
2026-02-26 12:00:00,0.000639,0.000644,0.000639,0.000644,33848678.0
2026-02-26 13:00:00,0.000643,0.000644,0.000639,0.000639,50524422.0
2026-02-26 14:00:00,0.000638,0.000641,0.00063,0.000634,93180691.0
2026-02-26 15:00:00,0.000634,0.000635,0.000628,0.000633,130438554.0
2026-02-26 16:00:00,0.000633,0.000633,0.000608,0.00061,169322380.0
2026-02-26 17:00:00,0.00061,0.000615,0.000608,0.000611,65677410.0
2026-02-26 18:00:00,0.000611,0.000624,0.000609,0.000622,78875022.0
2026-02-26 19:00:00,0.000621,0.000631,0.000621,0.000627,116476941.0
2026-02-26 20:00:00,0.000626,0.000629,0.00062,0.000622,37910216.0
2026-02-26 21:00:00,0.000622,0.000623,0.000619,0.000621,16983780.0
2026-02-26 22:00:00,0.00062,0.000626,0.000619,0.000624,41325883.0
2026-02-26 23:00:00,0.000625,0.00063,0.000623,0.000626,28295382.0
2026-02-27 00:00:00,0.000627,0.000629,0.000624,0.000628,22522182.0
2026-02-27 01:00:00,0.000628,0.000628,0.000623,0.000626,16125258.0
2026-02-27 02:00:00,0.000627,0.00063,0.000627,0.000627,10910881.0
2026-02-27 03:00:00,0.000627,0.000632,0.000623,0.000631,32864472.0
2026-02-27 04:00:00,0.000631,0.00064,0.000631,0.000635,37483017.0
2026-02-27 05:00:00,0.000636,0.00064,0.000635,0.000638,14504527.0
2026-02-27 06:00:00,0.000638,0.000641,0.000638,0.000639,20057840.0
2026-02-27 07:00:00,0.000639,0.000641,0.000636,0.00064,49905701.0
2026-02-27 08:00:00,0.000641,0.000642,0.000638,0.000642,37946785.0
2026-02-27 09:00:00,0.000642,0.000642,0.000633,0.000634,163361165.0
2026-02-27 10:00:00,0.000634,0.000634,0.000624,0.000626,80660028.0
2026-02-27 11:00:00,0.000626,0.000629,0.000617,0.000619,87299010.0
2026-02-27 12:00:00,0.000619,0.00062,0.000615,0.000617,38960049.0
2026-02-27 13:00:00,0.000618,0.000622,0.000612,0.000617,95612811.0
2026-02-27 14:00:00,0.000617,0.000617,0.000612,0.000612,33204581.0
2026-02-27 15:00:00,0.000612,0.000617,0.000611,0.000616,29893340.0
2026-02-27 16:00:00,0.000615,0.000619,0.000611,0.000614,38880332.0
2026-02-27 17:00:00,0.000613,0.00062,0.000609,0.00062,51665356.0
2026-02-27 18:00:00,0.000619,0.000622,0.000615,0.000616,30458151.0
2026-02-27 19:00:00,0.000615,0.000616,0.000612,0.000614,19425491.0
2026-02-27 20:00:00,0.000614,0.000617,0.000613,0.000613,14220548.0
2026-02-27 21:00:00,0.000612,0.000614,0.000608,0.00061,57980847.0
2026-02-27 22:00:00,0.000611,0.000613,0.000603,0.00061,77663370.0
2026-02-27 23:00:00,0.00061,0.000615,0.00061,0.000615,19655819.0
2026-02-28 00:00:00,0.000615,0.000617,0.000613,0.000617,6917627.0
2026-02-28 01:00:00,0.000617,0.000618,0.000612,0.000613,9861693.0
2026-02-28 02:00:00,0.000612,0.000615,0.000611,0.000614,7475651.0
2026-02-28 03:00:00,0.000614,0.000615,0.00061,0.00061,16567870.0
2026-02-28 04:00:00,0.00061,0.000611,0.000607,0.000609,44690568.0
2026-02-28 05:00:00,0.000609,0.00061,0.000603,0.000604,23083202.0
2026-02-28 06:00:00,0.000604,0.000604,0.000571,0.000575,337004304.0
2026-02-28 07:00:00,0.000575,0.000587,0.000568,0.000578,167790732.0
2026-02-28 08:00:00,0.000578,0.000578,0.000562,0.000564,119877642.0
2026-02-28 09:00:00,0.000564,0.000568,0.000559,0.000562,85483493.0
2026-02-28 10:00:00,0.000561,0.000568,0.000557,0.000562,71259611.0
2026-02-28 11:00:00,0.000561,0.000564,0.000556,0.000557,44300945.0
2026-02-28 12:00:00,0.000557,0.000558,0.000552,0.000554,38446686.0
2026-02-28 13:00:00,0.000555,0.000573,0.000554,0.000573,85632773.0
2026-02-28 14:00:00,0.000574,0.000579,0.000568,0.00057,106321772.0
2026-02-28 15:00:00,0.00057,0.000572,0.000564,0.000568,61894119.0
2026-02-28 16:00:00,0.000568,0.000572,0.000566,0.000572,37127437.0
2026-02-28 17:00:00,0.000572,0.000575,0.000567,0.000575,73224258.0
2026-02-28 18:00:00,0.000574,0.000588,0.000572,0.000584,53654915.0
2026-02-28 19:00:00,0.000584,0.000594,0.000581,0.00059,45947202.0
2026-02-28 20:00:00,0.000591,0.000599,0.000589,0.000599,47256554.0
2026-02-28 21:00:00,0.000599,0.000599,0.000592,0.000594,50147822.0
2026-02-28 22:00:00,0.000594,0.000602,0.000594,0.0006,58933707.0
2026-02-28 23:00:00,0.0006,0.000602,0.000598,0.000602,41286491.0
2026-03-01 00:00:00,0.000602,0.000603,0.000591,0.000594,61172139.0
2026-03-01 01:00:00,0.000593,0.000612,0.000589,0.000607,94801147.0
2026-03-01 02:00:00,0.000608,0.000629,0.000608,0.000626,271663832.0
2026-03-01 03:00:00,0.000626,0.000628,0.000613,0.000614,111629363.0
2026-03-01 04:00:00,0.000616,0.000621,0.00061,0.00062,64949961.0
2026-03-01 05:00:00,0.00062,0.000625,0.00062,0.000624,21951300.0
2026-03-01 06:00:00,0.000623,0.000623,0.000614,0.000616,53320840.0
2026-03-01 07:00:00,0.000617,0.000617,0.000612,0.000617,65007900.0
2026-03-01 08:00:00,0.000617,0.000618,0.000603,0.000603,68434868.0
2026-03-01 09:00:00,0.000603,0.000604,0.000596,0.000597,57383568.0
2026-03-01 10:00:00,0.000598,0.000599,0.000595,0.000598,56887969.0
2026-03-01 11:00:00,0.000598,0.000599,0.000592,0.000595,135780920.0
2026-03-01 12:00:00,0.000595,0.000595,0.000589,0.000589,58649942.0
2026-03-01 13:00:00,0.000588,0.0006,0.000583,0.000598,110240487.0
2026-03-01 14:00:00,0.000597,0.0006,0.000587,0.000589,75053448.0
2026-03-01 15:00:00,0.000589,0.000593,0.000587,0.000589,31796692.0
2026-03-01 16:00:00,0.000589,0.000596,0.000582,0.000586,110274116.0
2026-03-01 17:00:00,0.000586,0.000587,0.000578,0.00058,42617111.0
2026-03-01 18:00:00,0.00058,0.000588,0.000579,0.000584,53975009.0
2026-03-01 19:00:00,0.000583,0.000583,0.000576,0.000576,40912541.0
2026-03-01 20:00:00,0.000576,0.000576,0.000566,0.000568,54917765.0
2026-03-01 21:00:00,0.000568,0.000575,0.000567,0.000574,29122863.0
2026-03-01 22:00:00,0.000573,0.000583,0.000573,0.000574,73275325.0
2026-03-01 23:00:00,0.000574,0.000582,0.000572,0.000573,93683611.0
2026-03-02 00:00:00,0.000574,0.000585,0.000574,0.000584,84102776.0
2026-03-02 01:00:00,0.000584,0.00059,0.000582,0.000582,61543457.0
2026-03-02 02:00:00,0.000582,0.000583,0.000576,0.000578,70195508.0
2026-03-02 03:00:00,0.000577,0.000583,0.000574,0.000581,58823134.0
2026-03-02 04:00:00,0.00058,0.000585,0.000579,0.000581,47904958.0
2026-03-02 05:00:00,0.000581,0.000583,0.000575,0.000578,47709561.0
2026-03-02 06:00:00,0.000578,0.000578,0.000571,0.000575,54240351.0
2026-03-02 07:00:00,0.000575,0.000575,0.000568,0.000574,65466552.0
2026-03-02 08:00:00,0.000573,0.000575,0.000565,0.000575,86684864.0
2026-03-02 09:00:00,0.000574,0.000579,0.000574,0.000576,28655731.0
2026-03-02 10:00:00,0.000575,0.000577,0.000574,0.000577,25242825.0
2026-03-02 11:00:00,0.000578,0.000579,0.000575,0.000577,33823558.0
2026-03-02 12:00:00,0.000576,0.000579,0.000575,0.000575,21306058.0
2026-03-02 13:00:00,0.000575,0.000576,0.000572,0.000573,23319266.0
2026-03-02 14:00:00,0.000572,0.000593,0.000572,0.000592,105019357.0
2026-03-02 15:00:00,0.000592,0.000605,0.00059,0.0006,111458368.0
2026-03-02 16:00:00,0.000601,0.000608,0.000598,0.000604,106590461.0
2026-03-02 17:00:00,0.000603,0.000605,0.00059,0.000597,42810669.0
2026-03-02 18:00:00,0.000597,0.000597,0.000592,0.000592,54202607.0
2026-03-02 19:00:00,0.000592,0.000595,0.000589,0.000595,38203949.0
2026-03-02 20:00:00,0.000594,0.000597,0.00059,0.00059,38741751.0
2026-03-02 21:00:00,0.000589,0.000589,0.000583,0.000584,43639520.0
2026-03-02 22:00:00,0.000585,0.00059,0.000585,0.000587,28720650.0
2026-03-02 23:00:00,0.000588,0.000588,0.00058,0.000585,79085544.0
2026-03-03 00:00:00,0.000585,0.000585,0.000578,0.000584,29336412.0
2026-03-03 01:00:00,0.000584,0.000588,0.000581,0.000582,39025152.0
2026-03-03 02:00:00,0.000582,0.000583,0.000576,0.000582,34669635.0
2026-03-03 03:00:00,0.000582,0.000585,0.000581,0.000583,42628923.0
2026-03-03 04:00:00,0.000583,0.000584,0.000578,0.000578,27711872.0
2026-03-03 05:00:00,0.000578,0.000583,0.000574,0.000576,38239280.0
2026-03-03 06:00:00,0.000576,0.000579,0.000575,0.000577,40656633.0
2026-03-03 07:00:00,0.000577,0.000587,0.000577,0.000585,44165191.0
2026-03-03 08:00:00,0.000585,0.000587,0.000574,0.000575,59593311.0
2026-03-03 09:00:00,0.000574,0.00058,0.000568,0.000569,91776360.0
2026-03-03 10:00:00,0.000569,0.000571,0.000567,0.00057,47688212.0
2026-03-03 11:00:00,0.00057,0.000571,0.000565,0.000569,35049565.0
2026-03-03 12:00:00,0.00057,0.00058,0.000569,0.000577,58517613.0
2026-03-03 13:00:00,0.000576,0.000579,0.000572,0.000577,67468640.0
2026-03-03 14:00:00,0.000576,0.000584,0.00057,0.000575,81536510.0
2026-03-03 15:00:00,0.000575,0.000588,0.000567,0.000586,120697320.0
2026-03-03 16:00:00,0.000586,0.000596,0.000582,0.000592,64296677.0
2026-03-03 17:00:00,0.000592,0.000606,0.000586,0.000604,114066570.0
2026-03-03 18:00:00,0.000604,0.000618,0.000602,0.000608,209448163.0
2026-03-03 19:00:00,0.000607,0.000615,0.0006,0.000607,228128146.0
2026-03-03 20:00:00,0.000607,0.000642,0.000606,0.000629,766995749.0
2026-03-03 21:00:00,0.000629,0.000645,0.000623,0.000639,476584279.0
2026-03-03 22:00:00,0.000638,0.000658,0.000636,0.000637,493589298.0
2026-03-03 23:00:00,0.000637,0.000656,0.000636,0.000654,252897206.0
2026-03-04 00:00:00,0.000654,0.000789,0.000654,0.000689,2640955801.0
2026-03-04 01:00:00,0.00069,0.000701,0.000675,0.000689,620613185.0
2026-03-04 02:00:00,0.000691,0.000696,0.000675,0.000685,354189156.0
2026-03-04 03:00:00,0.000685,0.000692,0.000677,0.000683,281610356.0
2026-03-04 04:00:00,0.000684,0.000688,0.000656,0.000665,307979693.0
2026-03-04 05:00:00,0.000665,0.000666,0.000632,0.000633,393789068.0
2026-03-04 06:00:00,0.000633,0.000641,0.000631,0.000638,184205739.0
2026-03-04 07:00:00,0.000637,0.000638,0.000627,0.000633,143077227.0
2026-03-04 08:00:00,0.000633,0.000643,0.000626,0.000642,199491371.0
2026-03-04 09:00:00,0.000641,0.000652,0.000639,0.000647,122577631.0
2026-03-04 10:00:00,0.000647,0.000648,0.000628,0.000633,216450655.0
2026-03-04 11:00:00,0.000633,0.000635,0.000624,0.000628,167731945.0
2026-03-04 12:00:00,0.000628,0.000632,0.000622,0.00063,126964638.0
2026-03-04 13:00:00,0.000629,0.000642,0.000629,0.000636,133642948.0
2026-03-04 14:00:00,0.000636,0.000641,0.000632,0.000633,71608281.0
2026-03-04 15:00:00,0.000634,0.000648,0.000634,0.000647,103541031.0
2026-03-04 16:00:00,0.000648,0.000654,0.000639,0.000641,116213689.0
2026-03-04 17:00:00,0.000641,0.000644,0.000634,0.000639,84904205.0
2026-03-04 18:00:00,0.00064,0.000641,0.000632,0.00064,91812892.0
2026-03-04 19:00:00,0.00064,0.00065,0.00064,0.000648,75129601.0
2026-03-04 20:00:00,0.000647,0.00065,0.000642,0.000642,121023971.0
2026-03-04 21:00:00,0.000643,0.000644,0.000637,0.00064,70761269.0
2026-03-04 22:00:00,0.00064,0.000644,0.000637,0.000639,23037389.0
2026-03-04 23:00:00,0.00064,0.000642,0.000629,0.000632,72620915.0
2026-03-05 00:00:00,0.000632,0.000633,0.000624,0.000631,79155579.0
2026-03-05 01:00:00,0.00063,0.000634,0.000619,0.000621,82864801.0
2026-03-05 02:00:00,0.00062,0.000626,0.000617,0.000624,62051040.0
2026-03-05 03:00:00,0.000623,0.000626,0.000621,0.000623,82377306.0
2026-03-05 04:00:00,0.000622,0.000629,0.000621,0.000626,37794317.0
2026-03-05 05:00:00,0.000626,0.000629,0.000619,0.000624,54175772.0
2026-03-05 06:00:00,0.000624,0.000627,0.000622,0.000626,38397539.0
2026-03-05 07:00:00,0.000626,0.000631,0.000626,0.000628,49201038.0
2026-03-05 08:00:00,0.000629,0.000629,0.000623,0.000628,22026048.0
2026-03-05 09:00:00,0.000628,0.000639,0.000628,0.000636,66241714.0
2026-03-05 10:00:00,0.000636,0.000647,0.000635,0.000642,49970479.0
2026-03-05 11:00:00,0.000643,0.000645,0.000637,0.000638,48663103.0
2026-03-05 12:00:00,0.000638,0.000641,0.00063,0.000636,144333333.0
2026-03-05 13:00:00,0.000636,0.000637,0.000631,0.000635,51749931.0
2026-03-05 14:00:00,0.000636,0.000645,0.000633,0.000643,100544836.0
2026-03-05 15:00:00,0.000642,0.000644,0.000624,0.000624,109806064.0
2026-03-05 16:00:00,0.000624,0.000625,0.000614,0.000618,76709651.0
2026-03-05 17:00:00,0.000617,0.000622,0.000612,0.000614,39461564.0
2026-03-05 18:00:00,0.000615,0.000618,0.000608,0.000615,145604033.0
2026-03-05 19:00:00,0.000614,0.000622,0.000614,0.000619,24356600.0
2026-03-05 20:00:00,0.000619,0.000623,0.000617,0.000621,36384299.0
2026-03-05 21:00:00,0.000621,0.000622,0.000615,0.000618,44403224.0
2026-03-05 22:00:00,0.000618,0.000618,0.000612,0.000614,11867607.0
2026-03-05 23:00:00,0.000615,0.000617,0.000613,0.000617,14959772.0
2026-03-06 00:00:00,0.000616,0.000616,0.000613,0.000613,17377827.0
2026-03-06 01:00:00,0.000614,0.00062,0.00061,0.000619,33438956.0
2026-03-06 02:00:00,0.000618,0.000619,0.000614,0.000616,14281237.0
2026-03-06 03:00:00,0.000616,0.00062,0.000616,0.000619,15186534.0
2026-03-06 04:00:00,0.000619,0.000619,0.000611,0.000615,43345214.0
2026-03-06 05:00:00,0.000615,0.000617,0.000611,0.000614,12156412.0
2026-03-06 06:00:00,0.000615,0.000619,0.000614,0.000618,18842905.0
2026-03-06 07:00:00,0.000618,0.000623,0.000617,0.000619,29350319.0
2026-03-06 08:00:00,0.000618,0.000619,0.000612,0.000612,12676319.0
2026-03-06 09:00:00,0.000613,0.000613,0.000606,0.000611,34959813.0
2026-03-06 10:00:00,0.000611,0.000619,0.00061,0.000617,22631966.0
2026-03-06 11:00:00,0.000616,0.000616,0.000609,0.00061,54758400.0
2026-03-06 12:00:00,0.00061,0.000612,0.000605,0.000612,32049454.0
2026-03-06 13:00:00,0.000611,0.000617,0.000605,0.000605,104388984.0
2026-03-06 14:00:00,0.000606,0.000607,0.000594,0.000598,107854395.0
2026-03-06 15:00:00,0.000599,0.000604,0.000596,0.000598,23967960.0
2026-03-06 16:00:00,0.000598,0.000604,0.000596,0.0006,14141006.0
2026-03-06 17:00:00,0.0006,0.000602,0.000591,0.000594,67604350.0
2026-03-06 18:00:00,0.000594,0.0006,0.000594,0.000598,19438520.0
2026-03-06 19:00:00,0.000597,0.000599,0.000594,0.000594,20472737.0
2026-03-06 20:00:00,0.000594,0.000596,0.000592,0.000594,15555592.0
2026-03-06 21:00:00,0.000595,0.000599,0.000594,0.000598,18562754.0
2026-03-06 22:00:00,0.000598,0.000602,0.000597,0.000601,23522498.0
2026-03-06 23:00:00,0.000601,0.000602,0.000597,0.000597,16548709.0
2026-03-07 00:00:00,0.000598,0.000598,0.000595,0.000597,5304930.0
2026-03-07 01:00:00,0.000597,0.000597,0.000589,0.00059,14380739.0
2026-03-07 02:00:00,0.000589,0.00059,0.000587,0.000588,12360804.0
2026-03-07 03:00:00,0.000589,0.000591,0.000585,0.000585,11410103.0
2026-03-07 04:00:00,0.000586,0.000591,0.000582,0.000588,29133522.0
2026-03-07 05:00:00,0.000588,0.000588,0.000579,0.000579,81986225.0
2026-03-07 06:00:00,0.000579,0.000579,0.000573,0.000574,71275081.0
2026-03-07 07:00:00,0.000574,0.000577,0.000572,0.000575,79259426.0
2026-03-07 08:00:00,0.000574,0.00058,0.000574,0.000579,52251994.0
2026-03-07 09:00:00,0.000579,0.00058,0.000575,0.000577,24147410.0
2026-03-07 10:00:00,0.000577,0.000577,0.000575,0.000576,12952104.0
2026-03-07 11:00:00,0.000576,0.000579,0.000572,0.000573,53840076.0
2026-03-07 12:00:00,0.000572,0.000573,0.000567,0.000568,73081265.0
2026-03-07 13:00:00,0.000569,0.000571,0.000566,0.000569,79108739.0
2026-03-07 14:00:00,0.000568,0.000568,0.000559,0.000563,38098277.0
2026-03-07 15:00:00,0.000562,0.000564,0.000558,0.000562,44025112.0
2026-03-07 16:00:00,0.000562,0.000563,0.00056,0.000561,25178796.0
2026-03-07 17:00:00,0.000562,0.000566,0.000561,0.000565,15753677.0
2026-03-07 18:00:00,0.000566,0.000566,0.00056,0.000561,35777141.0
2026-03-07 19:00:00,0.000561,0.000562,0.000558,0.00056,59249022.0
2026-03-07 20:00:00,0.00056,0.000561,0.000558,0.000561,35117162.0
2026-03-07 21:00:00,0.000561,0.000563,0.00056,0.000562,23389434.0
2026-03-07 22:00:00,0.000563,0.000563,0.000555,0.000555,51337662.0
2026-03-07 23:00:00,0.000555,0.000557,0.000552,0.000553,70227592.0
2026-03-08 00:00:00,0.000554,0.000556,0.00055,0.000552,59205242.0
2026-03-08 01:00:00,0.000551,0.000558,0.000549,0.000555,42899366.0
2026-03-08 02:00:00,0.000555,0.000556,0.000549,0.00055,43974471.0
2026-03-08 03:00:00,0.00055,0.000552,0.000549,0.000551,78697533.0
2026-03-08 04:00:00,0.00055,0.00055,0.00054,0.000543,127536620.0
2026-03-08 05:00:00,0.000543,0.000548,0.000542,0.000544,25258369.0
2026-03-08 06:00:00,0.000545,0.000545,0.000537,0.000541,31855226.0
2026-03-08 07:00:00,0.000541,0.000545,0.00054,0.000543,41037282.0
2026-03-08 08:00:00,0.000543,0.000547,0.000539,0.000544,49397025.0
2026-03-08 09:00:00,0.000544,0.00055,0.000544,0.00055,20041503.0
2026-03-08 10:00:00,0.00055,0.000555,0.000549,0.000555,25792560.0
2026-03-08 11:00:00,0.000555,0.000561,0.000552,0.00056,26498140.0
2026-03-08 12:00:00,0.00056,0.000564,0.000554,0.000561,51036436.0
2026-03-08 13:00:00,0.000561,0.000563,0.000554,0.000559,78229049.0
2026-03-08 14:00:00,0.00056,0.000561,0.000551,0.000553,35604018.0
2026-03-08 15:00:00,0.000553,0.000553,0.000546,0.000551,35527865.0
2026-03-08 16:00:00,0.00055,0.000552,0.000549,0.000549,23852631.0
2026-03-08 17:00:00,0.00055,0.000555,0.00055,0.000552,19310128.0
2026-03-08 18:00:00,0.000552,0.000554,0.000551,0.000552,23458785.0
2026-03-08 19:00:00,0.000553,0.000562,0.000553,0.000558,26160701.0
2026-03-08 20:00:00,0.000559,0.000563,0.000555,0.00056,72080696.0
2026-03-08 21:00:00,0.00056,0.000568,0.000556,0.000565,159191015.0
2026-03-08 22:00:00,0.000566,0.000566,0.000552,0.000559,107212714.0
2026-03-08 23:00:00,0.000559,0.000564,0.000556,0.000559,73825635.0
2026-03-09 00:00:00,0.000559,0.00057,0.000558,0.000563,32016895.0
2026-03-09 01:00:00,0.000562,0.000567,0.000558,0.000563,61487795.0
2026-03-09 02:00:00,0.000563,0.000566,0.00056,0.000563,43532215.0
2026-03-09 03:00:00,0.000562,0.00057,0.000558,0.000562,39372204.0
2026-03-09 04:00:00,0.000562,0.000569,0.000562,0.000567,26225937.0
2026-03-09 05:00:00,0.000567,0.000578,0.000565,0.000575,42056404.0
2026-03-09 06:00:00,0.000575,0.000576,0.000567,0.000568,16401270.0
2026-03-09 07:00:00,0.000568,0.000572,0.000562,0.000567,39527579.0
2026-03-09 08:00:00,0.000567,0.000569,0.000562,0.000562,43102485.0
2026-03-09 09:00:00,0.000562,0.000565,0.000558,0.000561,75952916.0
2026-03-09 10:00:00,0.000561,0.000563,0.000558,0.000559,61794177.0
2026-03-09 11:00:00,0.000559,0.000564,0.000557,0.000563,23973166.0
2026-03-09 12:00:00,0.000564,0.000568,0.000563,0.000565,26442498.0
2026-03-09 13:00:00,0.000565,0.00058,0.000564,0.000577,265235822.0
2026-03-09 14:00:00,0.000579,0.000585,0.000577,0.000584,70671103.0
2026-03-09 15:00:00,0.000585,0.000597,0.000583,0.000591,233830511.0
2026-03-09 16:00:00,0.00059,0.000595,0.000576,0.000577,92032354.0
2026-03-09 17:00:00,0.000577,0.000591,0.000575,0.000588,119776170.0
2026-03-09 18:00:00,0.000588,0.00059,0.000579,0.000581,64699723.0
2026-03-09 19:00:00,0.000581,0.000589,0.000577,0.00058,71402681.0
2026-03-09 20:00:00,0.000581,0.000583,0.000577,0.000581,32122497.0
2026-03-09 21:00:00,0.000581,0.000586,0.000579,0.000583,39199125.0
2026-03-09 22:00:00,0.000582,0.000582,0.000572,0.000573,59299267.0
2026-03-09 23:00:00,0.000573,0.000573,0.000567,0.000572,30556657.0
2026-03-10 00:00:00,0.000571,0.000579,0.00057,0.000577,35183141.0
2026-03-10 01:00:00,0.000577,0.000579,0.000574,0.000578,35447383.0
2026-03-10 02:00:00,0.000578,0.000594,0.000575,0.000588,159347913.0
2026-03-10 03:00:00,0.000587,0.000595,0.000586,0.000586,64517147.0
2026-03-10 04:00:00,0.000585,0.000594,0.000585,0.000591,31688805.0
2026-03-10 05:00:00,0.000591,0.000591,0.000587,0.000587,23671506.0
2026-03-10 06:00:00,0.000588,0.000592,0.000585,0.000589,41646309.0
2026-03-10 07:00:00,0.000589,0.000595,0.000588,0.000594,25194210.0
2026-03-10 08:00:00,0.000594,0.000598,0.000592,0.000597,60351680.0
2026-03-10 09:00:00,0.000597,0.000601,0.000592,0.000594,91701946.0
2026-03-10 10:00:00,0.000594,0.000595,0.00059,0.000595,27976492.0
2026-03-10 11:00:00,0.000595,0.000595,0.00059,0.000592,36474444.0
2026-03-10 12:00:00,0.000592,0.000592,0.000587,0.000589,19038475.0
2026-03-10 13:00:00,0.000589,0.000594,0.000581,0.000585,67767004.0
2026-03-10 14:00:00,0.000586,0.000601,0.000582,0.0006,73407942.0
2026-03-10 15:00:00,0.0006,0.000601,0.000591,0.000596,56009696.0
2026-03-10 16:00:00,0.000597,0.000599,0.000592,0.000598,74427506.0
2026-03-10 17:00:00,0.000598,0.000603,0.000592,0.000597,59614213.0
2026-03-10 18:00:00,0.000597,0.000598,0.000582,0.000583,272672975.0
2026-03-10 19:00:00,0.000583,0.000587,0.00058,0.000585,42942939.0
2026-03-10 20:00:00,0.000585,0.000587,0.000583,0.000585,32160102.0
2026-03-10 21:00:00,0.000585,0.000586,0.000577,0.00058,56866334.0
2026-03-10 22:00:00,0.00058,0.000583,0.000577,0.000581,53970664.0
2026-03-10 23:00:00,0.00058,0.000581,0.000577,0.000577,42349920.0
2026-03-11 00:00:00,0.000577,0.000582,0.000577,0.000579,52635150.0
2026-03-11 01:00:00,0.000579,0.000579,0.000576,0.000577,59225429.0
2026-03-11 02:00:00,0.000577,0.000578,0.000574,0.000577,27156837.0
2026-03-11 03:00:00,0.000578,0.000579,0.000578,0.000578,13337968.0
2026-03-11 04:00:00,0.000577,0.000578,0.000572,0.000577,73275315.0
2026-03-11 05:00:00,0.000576,0.000576,0.000568,0.000571,35307108.0
2026-03-11 06:00:00,0.000571,0.000578,0.00057,0.000577,27206348.0
2026-03-11 07:00:00,0.000576,0.000578,0.000572,0.000574,27536474.0
2026-03-11 08:00:00,0.000573,0.00058,0.000572,0.000579,41355170.0
2026-03-11 09:00:00,0.000579,0.00059,0.000577,0.000588,50877526.0
2026-03-11 10:00:00,0.000588,0.000589,0.000584,0.000585,33216875.0
2026-03-11 11:00:00,0.000585,0.00059,0.000582,0.000583,55740326.0
2026-03-11 12:00:00,0.000583,0.000594,0.000582,0.000587,43717828.0
2026-03-11 13:00:00,0.000587,0.000593,0.000581,0.000585,95466227.0
2026-03-11 14:00:00,0.000586,0.00059,0.000585,0.000586,59134223.0
2026-03-11 15:00:00,0.000586,0.000586,0.000579,0.000584,71564624.0
2026-03-11 16:00:00,0.000584,0.000586,0.000582,0.000585,49502957.0
2026-03-11 17:00:00,0.000585,0.000589,0.000581,0.000584,45283726.0
2026-03-11 18:00:00,0.000585,0.00059,0.000585,0.000589,48987704.0
2026-03-11 19:00:00,0.00059,0.000591,0.000587,0.000588,30999724.0
2026-03-11 20:00:00,0.000588,0.000588,0.000585,0.000586,27529325.0
2026-03-11 21:00:00,0.000586,0.000588,0.000585,0.000588,20996495.0
2026-03-11 22:00:00,0.000587,0.000589,0.000586,0.000588,42491734.0
2026-03-11 23:00:00,0.000588,0.00059,0.000586,0.000586,17561585.0
2026-03-12 00:00:00,0.000587,0.000588,0.000582,0.000587,43831629.0
2026-03-12 01:00:00,0.000587,0.000588,0.000584,0.000586,32411845.0
2026-03-12 02:00:00,0.000587,0.000589,0.000581,0.000583,77518867.0
2026-03-12 03:00:00,0.000584,0.000584,0.000579,0.00058,51564800.0
2026-03-12 04:00:00,0.00058,0.000581,0.000577,0.000577,69844516.0
2026-03-12 05:00:00,0.000577,0.000578,0.000573,0.000575,25428213.0
2026-03-12 06:00:00,0.000575,0.000575,0.000572,0.000572,69908980.0
2026-03-12 07:00:00,0.000573,0.000576,0.000572,0.000575,37111788.0
2026-03-12 08:00:00,0.000574,0.000575,0.00057,0.000572,35122705.0
2026-03-12 09:00:00,0.000572,0.000578,0.00057,0.000575,153872523.0
2026-03-12 10:00:00,0.000575,0.00058,0.000574,0.000578,45129140.0
2026-03-12 11:00:00,0.000578,0.000578,0.000573,0.000573,43586048.0
2026-03-12 12:00:00,0.000574,0.000577,0.000571,0.000575,60707433.0
2026-03-12 13:00:00,0.000576,0.000577,0.000566,0.000571,92703713.0
2026-03-12 14:00:00,0.000571,0.000574,0.000566,0.000572,94732168.0
2026-03-12 15:00:00,0.000572,0.000576,0.00057,0.000573,46948505.0
2026-03-12 16:00:00,0.000573,0.000577,0.00057,0.000576,41242805.0
2026-03-12 17:00:00,0.000576,0.000589,0.000575,0.000589,199488902.0
2026-03-12 18:00:00,0.000589,0.000669,0.000588,0.000619,2808629380.0
2026-03-12 19:00:00,0.000619,0.000646,0.000613,0.000624,1026419216.0
2026-03-12 20:00:00,0.000623,0.000627,0.000611,0.000615,275283918.0
2026-03-12 21:00:00,0.000614,0.000622,0.000614,0.000616,182340990.0
2026-03-12 22:00:00,0.000618,0.000621,0.000609,0.000611,153818165.0
2026-03-12 23:00:00,0.000612,0.000618,0.000608,0.00061,112368940.0
2026-03-13 00:00:00,0.00061,0.000622,0.000605,0.000614,205536402.0
2026-03-13 01:00:00,0.000614,0.00062,0.00061,0.000613,178170667.0
2026-03-13 02:00:00,0.000614,0.000616,0.000611,0.000615,124689193.0
2026-03-13 03:00:00,0.000615,0.000619,0.000614,0.000616,74311221.0
2026-03-13 04:00:00,0.000617,0.00062,0.000609,0.000609,132447953.0
2026-03-13 05:00:00,0.000609,0.00061,0.000603,0.000605,114793158.0
2026-03-13 06:00:00,0.000605,0.000606,0.000599,0.000606,116671604.0
2026-03-13 07:00:00,0.000605,0.00061,0.000604,0.000605,56477624.0
2026-03-13 08:00:00,0.000604,0.000606,0.000599,0.0006,74334177.0
2026-03-13 09:00:00,0.000602,0.000603,0.000597,0.000601,69907416.0
2026-03-13 10:00:00,0.000601,0.000604,0.000599,0.000604,41440940.0
2026-03-13 11:00:00,0.000603,0.00061,0.000603,0.000609,61983987.0
2026-03-13 12:00:00,0.000609,0.000615,0.000607,0.000611,69521435.0
2026-03-13 13:00:00,0.000611,0.000621,0.00061,0.000615,122095502.0
2026-03-13 14:00:00,0.000616,0.000619,0.000605,0.000607,143087109.0
2026-03-13 15:00:00,0.000607,0.000611,0.000605,0.000607,65194351.0
2026-03-13 16:00:00,0.000608,0.000612,0.000604,0.000605,86234424.0
2026-03-13 17:00:00,0.000606,0.000606,0.000595,0.000597,163311908.0
2026-03-13 18:00:00,0.000598,0.0006,0.000595,0.000595,71359008.0
2026-03-13 19:00:00,0.000595,0.000598,0.000594,0.000596,55831484.0
2026-03-13 20:00:00,0.000596,0.000599,0.000596,0.000597,24640565.0
2026-03-13 21:00:00,0.000598,0.0006,0.000595,0.000598,21561522.0
2026-03-13 22:00:00,0.000597,0.000597,0.000588,0.000591,59365622.0
2026-03-13 23:00:00,0.000592,0.000593,0.000591,0.000592,31018385.0
2026-03-14 00:00:00,0.000592,0.000592,0.000589,0.000591,51904535.0
2026-03-14 01:00:00,0.00059,0.000597,0.000589,0.000597,56004351.0
2026-03-14 02:00:00,0.000597,0.000599,0.000596,0.000598,27431911.0
2026-03-14 03:00:00,0.000598,0.000599,0.000596,0.000598,24703386.0
2026-03-14 04:00:00,0.000597,0.000602,0.000595,0.000595,32374618.0
2026-03-14 05:00:00,0.000595,0.000595,0.000589,0.000591,26388735.0
2026-03-14 06:00:00,0.00059,0.000592,0.000587,0.000591,67646814.0
2026-03-14 07:00:00,0.00059,0.000592,0.000586,0.000587,27312946.0
2026-03-14 08:00:00,0.000586,0.000588,0.000585,0.000587,30534985.0
2026-03-14 09:00:00,0.000588,0.000588,0.000586,0.000587,24071261.0
2026-03-14 10:00:00,0.000586,0.000586,0.000583,0.000583,26623574.0
2026-03-14 11:00:00,0.000584,0.000587,0.000583,0.000587,24878919.0
2026-03-14 12:00:00,0.000586,0.000586,0.000584,0.000586,25716201.0
2026-03-14 13:00:00,0.000586,0.000587,0.000585,0.000586,37886836.0
2026-03-14 14:00:00,0.000586,0.00059,0.000585,0.000587,77767697.0
2026-03-14 15:00:00,0.000586,0.000588,0.000583,0.000585,29933433.0
2026-03-14 16:00:00,0.000584,0.00059,0.000583,0.000589,30184387.0
2026-03-14 17:00:00,0.000589,0.000593,0.000588,0.000591,20431833.0
2026-03-14 18:00:00,0.000591,0.000591,0.000587,0.000588,27526652.0
2026-03-14 19:00:00,0.000587,0.000592,0.000586,0.00059,28347379.0
2026-03-14 20:00:00,0.00059,0.00059,0.000585,0.000588,18209819.0
2026-03-14 21:00:00,0.000587,0.00059,0.000586,0.000588,29312941.0
2026-03-14 22:00:00,0.000588,0.000592,0.000587,0.000591,25074432.0
2026-03-14 23:00:00,0.000591,0.000597,0.00059,0.000593,39585004.0
2026-03-15 00:00:00,0.000593,0.000596,0.000587,0.000589,139892852.0
2026-03-15 01:00:00,0.00059,0.000593,0.00059,0.000592,28243019.0
2026-03-15 02:00:00,0.000593,0.000596,0.000591,0.000594,29567163.0
2026-03-15 03:00:00,0.000594,0.000595,0.000588,0.000589,46160458.0
2026-03-15 04:00:00,0.000589,0.000591,0.000587,0.000588,15527888.0
2026-03-15 05:00:00,0.000588,0.000594,0.000587,0.00059,15127784.0
2026-03-15 06:00:00,0.00059,0.00059,0.000587,0.000589,25332202.0
2026-03-15 07:00:00,0.000589,0.000594,0.000588,0.000588,46174529.0
2026-03-15 08:00:00,0.000589,0.00059,0.000587,0.000589,26722714.0
2026-03-15 09:00:00,0.00059,0.000591,0.000588,0.000589,28524324.0
2026-03-15 10:00:00,0.00059,0.000593,0.00059,0.000591,16415666.0
2026-03-15 11:00:00,0.000591,0.000592,0.000589,0.000591,18068006.0
2026-03-15 12:00:00,0.00059,0.000593,0.000588,0.00059,22339084.0
2026-03-15 13:00:00,0.000591,0.000591,0.000584,0.000591,51140839.0
2026-03-15 14:00:00,0.000591,0.000594,0.000589,0.00059,32279858.0
2026-03-15 15:00:00,0.00059,0.00059,0.000586,0.000588,35710253.0
2026-03-15 16:00:00,0.000588,0.00059,0.000586,0.000588,44624489.0
2026-03-15 17:00:00,0.000588,0.000591,0.000588,0.000589,45383453.0
2026-03-15 18:00:00,0.000589,0.000589,0.000584,0.000585,30421331.0
2026-03-15 19:00:00,0.000585,0.00059,0.000585,0.000589,24606033.0
2026-03-15 20:00:00,0.000588,0.00059,0.000586,0.000586,49298264.0
2026-03-15 21:00:00,0.000587,0.000588,0.000585,0.000587,75272995.0
2026-03-15 22:00:00,0.000587,0.000593,0.000584,0.000592,115663914.0
2026-03-15 23:00:00,0.000593,0.000594,0.000588,0.000592,30034620.0
2026-03-16 00:00:00,0.000591,0.000595,0.000589,0.000595,59154144.0
2026-03-16 01:00:00,0.000594,0.000599,0.000593,0.000598,53930727.0
2026-03-16 02:00:00,0.000597,0.000598,0.000593,0.000596,40238781.0
2026-03-16 03:00:00,0.000596,0.00061,0.000596,0.000606,88548556.0
2026-03-16 04:00:00,0.000606,0.000614,0.000605,0.000612,80297044.0
2026-03-16 05:00:00,0.000613,0.000625,0.000612,0.000622,109631385.0
2026-03-16 06:00:00,0.000622,0.000629,0.00062,0.000625,161208766.0
2026-03-16 07:00:00,0.000626,0.00063,0.000623,0.000627,165831850.0
2026-03-16 08:00:00,0.000628,0.000635,0.000616,0.000616,180022134.0
2026-03-16 09:00:00,0.000616,0.000625,0.000616,0.000623,74489997.0
2026-03-16 10:00:00,0.000623,0.000624,0.000614,0.000617,43481512.0
2026-03-16 11:00:00,0.000617,0.00062,0.000612,0.000618,131234121.0
2026-03-16 12:00:00,0.000618,0.000619,0.000614,0.000618,101394246.0
2026-03-16 13:00:00,0.000618,0.000623,0.000616,0.000617,120148470.0
2026-03-16 14:00:00,0.000617,0.00062,0.000609,0.00062,109901441.0
2026-03-16 15:00:00,0.00062,0.000622,0.000613,0.000614,87599722.0
2026-03-16 16:00:00,0.000615,0.00062,0.000614,0.000619,26197448.0
2026-03-16 17:00:00,0.000618,0.000622,0.000618,0.000621,65748989.0
2026-03-16 18:00:00,0.000621,0.000625,0.00062,0.000621,38050833.0
2026-03-16 19:00:00,0.000621,0.000624,0.000618,0.000621,48877125.0
2026-03-16 20:00:00,0.000621,0.000625,0.000619,0.000625,22366487.0
2026-03-16 21:00:00,0.000624,0.000626,0.000621,0.000623,42868920.0
2026-03-16 22:00:00,0.000623,0.000627,0.000622,0.000626,45475568.0
2026-03-16 23:00:00,0.000625,0.000627,0.000619,0.000625,107547356.0
2026-03-17 00:00:00,0.000625,0.000633,0.000624,0.000633,63813039.0
2026-03-17 01:00:00,0.000633,0.000634,0.000625,0.000627,95665299.0
2026-03-17 02:00:00,0.000627,0.00063,0.000625,0.000626,37220555.0
2026-03-17 03:00:00,0.000626,0.000628,0.000617,0.00062,105141160.0
2026-03-17 04:00:00,0.000621,0.000621,0.000608,0.000614,115188473.0
2026-03-17 05:00:00,0.000613,0.000614,0.00061,0.000613,38255680.0
2026-03-17 06:00:00,0.000613,0.000616,0.000611,0.000613,20369418.0
2026-03-17 07:00:00,0.000614,0.000616,0.000614,0.000616,21587102.0
2026-03-17 08:00:00,0.000616,0.00062,0.000614,0.000618,31505614.0
2026-03-17 09:00:00,0.000618,0.000626,0.000615,0.000623,100160816.0
2026-03-17 10:00:00,0.000622,0.000622,0.000617,0.00062,33871789.0
2026-03-17 11:00:00,0.00062,0.000624,0.000617,0.000617,29126525.0
2026-03-17 12:00:00,0.000617,0.000619,0.00061,0.000611,48340013.0
2026-03-17 13:00:00,0.000611,0.000615,0.000607,0.000611,93262423.0
2026-03-17 14:00:00,0.000611,0.000614,0.000607,0.000614,45819844.0
2026-03-17 15:00:00,0.000614,0.000619,0.000613,0.000617,57651937.0
2026-03-17 16:00:00,0.000616,0.000618,0.000612,0.000615,22864486.0
2026-03-17 17:00:00,0.000615,0.000616,0.000612,0.000614,58080992.0
2026-03-17 18:00:00,0.000614,0.000617,0.000613,0.000617,15676975.0
2026-03-17 19:00:00,0.000616,0.000616,0.00061,0.00061,13235116.0
2026-03-17 20:00:00,0.00061,0.000614,0.000609,0.000612,60932315.0
2026-03-17 21:00:00,0.000612,0.000617,0.000612,0.000616,15770463.0
2026-03-17 22:00:00,0.000615,0.000616,0.00061,0.000611,50785261.0
2026-03-17 23:00:00,0.000612,0.000612,0.000606,0.000606,18929243.0
2026-03-18 00:00:00,0.000606,0.000608,0.000602,0.000607,75739564.0
2026-03-18 01:00:00,0.000607,0.000613,0.000606,0.000612,36720088.0
2026-03-18 02:00:00,0.000612,0.000619,0.000612,0.000615,38933986.0
2026-03-18 03:00:00,0.000614,0.000622,0.000613,0.000617,40164963.0
2026-03-18 04:00:00,0.000617,0.000618,0.000615,0.000618,19133134.0
2026-03-18 05:00:00,0.000619,0.000623,0.000615,0.000617,37172051.0
2026-03-18 06:00:00,0.000617,0.000618,0.000613,0.000613,41276431.0
2026-03-18 07:00:00,0.000613,0.000616,0.000609,0.000616,29656439.0
2026-03-18 08:00:00,0.000615,0.000618,0.000613,0.000613,51628887.0
2026-03-18 09:00:00,0.000613,0.000616,0.00061,0.000614,37764311.0
2026-03-18 10:00:00,0.000615,0.000616,0.00061,0.000613,51204705.0
2026-03-18 11:00:00,0.000613,0.000614,0.000599,0.0006,181410733.0
2026-03-18 12:00:00,0.000599,0.000599,0.000587,0.00059,128439111.0
2026-03-18 13:00:00,0.00059,0.000593,0.000586,0.000591,120382903.0
2026-03-18 14:00:00,0.000592,0.000592,0.000578,0.000579,89816194.0
2026-03-18 15:00:00,0.000579,0.000582,0.000574,0.000579,79975519.0
2026-03-18 16:00:00,0.000579,0.000579,0.000572,0.000577,53824390.0
2026-03-18 17:00:00,0.000577,0.000582,0.000571,0.000579,190815784.0
2026-03-18 18:00:00,0.000579,0.000582,0.000575,0.000577,71627259.0
2026-03-18 19:00:00,0.000577,0.00058,0.000577,0.000579,45083533.0
2026-03-18 20:00:00,0.000578,0.000583,0.000574,0.000578,42471878.0
2026-03-18 21:00:00,0.000579,0.000585,0.000579,0.000584,31767192.0
2026-03-18 22:00:00,0.000583,0.000583,0.000581,0.000583,30727501.0
2026-03-18 23:00:00,0.000584,0.000585,0.000581,0.000582,32932408.0
2026-03-19 00:00:00,0.000582,0.000582,0.000575,0.000578,32803086.0
2026-03-19 01:00:00,0.000577,0.000579,0.000574,0.000574,47119096.0
2026-03-19 02:00:00,0.000573,0.000576,0.000568,0.000573,71845712.0
2026-03-19 03:00:00,0.000574,0.000579,0.000573,0.000574,23563433.0
2026-03-19 04:00:00,0.000573,0.000573,0.00057,0.000571,31494673.0
2026-03-19 05:00:00,0.000572,0.000573,0.000568,0.00057,28270452.0
2026-03-19 06:00:00,0.00057,0.000574,0.000569,0.000573,25819153.0
2026-03-19 07:00:00,0.000572,0.000573,0.000564,0.000565,67385759.0
2026-03-19 08:00:00,0.000564,0.000567,0.000562,0.000566,19566041.0
2026-03-19 09:00:00,0.000565,0.000569,0.000565,0.000566,27727571.0
2026-03-19 10:00:00,0.000566,0.000567,0.000563,0.000564,23006407.0
2026-03-19 11:00:00,0.000564,0.000567,0.000564,0.000565,16896921.0
2026-03-19 12:00:00,0.000565,0.000566,0.00056,0.00056,67361163.0
2026-03-19 13:00:00,0.000559,0.000566,0.000556,0.000565,83014171.0
2026-03-19 14:00:00,0.000565,0.000566,0.000562,0.000564,48285763.0
2026-03-19 15:00:00,0.000563,0.000564,0.000558,0.000564,49909419.0
2026-03-19 16:00:00,0.000564,0.000566,0.000561,0.000563,26719874.0
2026-03-19 17:00:00,0.000562,0.000564,0.000558,0.000564,59712156.0
2026-03-19 18:00:00,0.000563,0.000564,0.000559,0.000562,31948441.0
2026-03-19 19:00:00,0.000562,0.000567,0.00056,0.000561,38541591.0
2026-03-19 20:00:00,0.000561,0.000562,0.000559,0.000561,55638112.0
2026-03-19 21:00:00,0.000561,0.000564,0.000561,0.000562,18785979.0
2026-03-19 22:00:00,0.000563,0.000563,0.00056,0.000562,31334513.0
2026-03-19 23:00:00,0.000563,0.000564,0.00056,0.000562,48898377.0
2026-03-20 00:00:00,0.000563,0.000568,0.000562,0.000567,62381912.0
2026-03-20 01:00:00,0.000568,0.000572,0.000568,0.000571,73141499.0
2026-03-20 02:00:00,0.000572,0.000577,0.000572,0.000575,38831515.0
2026-03-20 03:00:00,0.000575,0.000577,0.000571,0.000571,27434032.0
2026-03-20 04:00:00,0.000572,0.000572,0.000568,0.000571,28886373.0
2026-03-20 05:00:00,0.000572,0.000573,0.00057,0.000572,22433160.0
2026-03-20 06:00:00,0.000572,0.000575,0.000572,0.000572,21081950.0
2026-03-20 07:00:00,0.000572,0.000573,0.000569,0.000571,29796413.0
2026-03-20 08:00:00,0.000572,0.000576,0.000572,0.000574,37176390.0
2026-03-20 09:00:00,0.000574,0.000581,0.000571,0.000578,77080580.0
2026-03-20 10:00:00,0.000579,0.000586,0.000577,0.000583,71607887.0
2026-03-20 11:00:00,0.000583,0.000585,0.000574,0.000577,45521080.0
2026-03-20 12:00:00,0.000576,0.000582,0.000576,0.000579,30839430.0
2026-03-20 13:00:00,0.000579,0.000583,0.000574,0.000576,63361827.0
2026-03-20 14:00:00,0.000576,0.00058,0.000575,0.000578,52676827.0
2026-03-20 15:00:00,0.000578,0.00058,0.000575,0.000579,44282323.0
2026-03-20 16:00:00,0.00058,0.00058,0.000575,0.000578,43582835.0
2026-03-20 17:00:00,0.000577,0.00058,0.000574,0.000576,48957221.0
2026-03-20 18:00:00,0.000577,0.000578,0.000569,0.000572,91385593.0
2026-03-20 19:00:00,0.000573,0.000573,0.000568,0.000572,27508673.0
2026-03-20 20:00:00,0.000573,0.000573,0.000565,0.000568,22636521.0
2026-03-20 21:00:00,0.000569,0.000574,0.000567,0.000573,24905695.0
2026-03-20 22:00:00,0.000573,0.000574,0.000571,0.000572,17158140.0
2026-03-20 23:00:00,0.000572,0.000572,0.000567,0.000569,8330646.0
2026-03-21 00:00:00,0.000569,0.000572,0.000567,0.000572,14948375.0
2026-03-21 01:00:00,0.000572,0.000574,0.00057,0.00057,12039385.0
2026-03-21 02:00:00,0.000569,0.000573,0.000569,0.000572,14777559.0
2026-03-21 03:00:00,0.000572,0.000572,0.00057,0.000571,8511275.0
2026-03-21 04:00:00,0.000571,0.000573,0.00057,0.000573,30459311.0
2026-03-21 05:00:00,0.000574,0.00058,0.000573,0.000579,21352002.0
2026-03-21 06:00:00,0.000578,0.000583,0.000576,0.00058,24213045.0
2026-03-21 07:00:00,0.000581,0.000581,0.000575,0.000575,10186782.0
2026-03-21 08:00:00,0.000576,0.000578,0.000575,0.000577,11630961.0
2026-03-21 09:00:00,0.000576,0.000579,0.000571,0.000572,19628465.0
2026-03-21 10:00:00,0.000572,0.000574,0.000571,0.000573,8280973.0
2026-03-21 11:00:00,0.000573,0.000574,0.000571,0.000573,28454330.0
2026-03-21 12:00:00,0.000572,0.000573,0.000568,0.000569,28434676.0
2026-03-21 13:00:00,0.000569,0.00057,0.000568,0.00057,24263640.0
2026-03-21 14:00:00,0.000569,0.000573,0.000568,0.00057,26128757.0
2026-03-21 15:00:00,0.00057,0.00058,0.00057,0.000578,32675119.0
2026-03-21 16:00:00,0.000578,0.000579,0.000573,0.000575,33613445.0
2026-03-21 17:00:00,0.000575,0.000576,0.00057,0.000571,55770700.0
2026-03-21 18:00:00,0.000572,0.000573,0.000571,0.000572,29914651.0
2026-03-21 19:00:00,0.000572,0.000572,0.000571,0.000571,12715120.0
2026-03-21 20:00:00,0.000571,0.000617,0.000571,0.000608,962858502.0
2026-03-21 21:00:00,0.000608,0.00062,0.000582,0.000584,914393886.0
2026-03-21 22:00:00,0.000585,0.000586,0.000578,0.000581,178654156.0
2026-03-21 23:00:00,0.000581,0.000585,0.00056,0.000565,179325621.0
2026-03-22 00:00:00,0.000565,0.000569,0.000551,0.000562,237852241.0
2026-03-22 01:00:00,0.000562,0.000566,0.00056,0.000565,51028600.0
2026-03-22 02:00:00,0.000565,0.000571,0.000564,0.00057,27832956.0
2026-03-22 03:00:00,0.000569,0.000575,0.000567,0.000569,75878203.0
2026-03-22 04:00:00,0.000569,0.000573,0.000567,0.00057,27948888.0
2026-03-22 05:00:00,0.00057,0.000572,0.000567,0.000567,21861426.0
2026-03-22 06:00:00,0.000567,0.000568,0.000564,0.000566,22434712.0
2026-03-22 07:00:00,0.000567,0.000568,0.000562,0.000562,30846814.0
2026-03-22 08:00:00,0.000562,0.000563,0.000558,0.000562,63276882.0
2026-03-22 09:00:00,0.000561,0.000563,0.000559,0.00056,23752384.0
2026-03-22 10:00:00,0.00056,0.000561,0.000555,0.000556,39181368.0
2026-03-22 11:00:00,0.000555,0.000558,0.000553,0.000554,41926823.0
2026-03-22 12:00:00,0.000555,0.000558,0.000551,0.000556,38734428.0
2026-03-22 13:00:00,0.000555,0.000557,0.000554,0.000555,28186923.0
2026-03-22 14:00:00,0.000554,0.000557,0.000551,0.000551,20488890.0
2026-03-22 15:00:00,0.000552,0.000554,0.00055,0.000553,30509046.0
2026-03-22 16:00:00,0.000552,0.000556,0.000551,0.000554,29026609.0
2026-03-22 17:00:00,0.000553,0.000553,0.000546,0.00055,99020888.0
2026-03-22 18:00:00,0.00055,0.000551,0.000545,0.000547,44445479.0
2026-03-22 19:00:00,0.000548,0.000548,0.000542,0.000544,45610272.0
2026-03-22 20:00:00,0.000544,0.000547,0.000541,0.000543,46418978.0
2026-03-22 21:00:00,0.000543,0.000544,0.000534,0.00054,102527723.0
2026-03-22 22:00:00,0.000539,0.000546,0.000535,0.000544,42288108.0
2026-03-22 23:00:00,0.000544,0.000546,0.000541,0.000542,15081871.0
2026-03-23 00:00:00,0.000542,0.000552,0.000542,0.000551,63700804.0
2026-03-23 01:00:00,0.000551,0.000557,0.000551,0.000555,61565335.0
2026-03-23 02:00:00,0.000554,0.000558,0.000552,0.000557,30949379.0
2026-03-23 03:00:00,0.000558,0.000559,0.000552,0.000554,25405881.0
2026-03-23 04:00:00,0.000554,0.000555,0.000552,0.000554,12445130.0
2026-03-23 05:00:00,0.000555,0.000556,0.00055,0.000553,47504298.0
2026-03-23 06:00:00,0.000552,0.000553,0.000547,0.000548,44256776.0
2026-03-23 07:00:00,0.000549,0.000552,0.000544,0.00055,25997421.0
2026-03-23 08:00:00,0.000549,0.000552,0.000546,0.000547,31099692.0
2026-03-23 09:00:00,0.000548,0.00055,0.000544,0.000549,49002802.0
2026-03-23 10:00:00,0.000549,0.000552,0.000546,0.000548,21305100.0
2026-03-23 11:00:00,0.000548,0.00057,0.000548,0.000563,236286985.0
2026-03-23 12:00:00,0.000564,0.000579,0.000563,0.000573,185152028.0
2026-03-23 13:00:00,0.000574,0.000576,0.000569,0.000573,108860251.0
2026-03-23 14:00:00,0.000574,0.000577,0.000569,0.000573,75503611.0
2026-03-23 15:00:00,0.000573,0.000576,0.00057,0.000571,46473017.0
2026-03-23 16:00:00,0.000572,0.000579,0.000571,0.000575,53365666.0
2026-03-23 17:00:00,0.000575,0.000584,0.000574,0.000579,117051491.0
2026-03-23 18:00:00,0.00058,0.000582,0.000576,0.000579,43027735.0
2026-03-23 19:00:00,0.000578,0.000579,0.000572,0.000575,23877778.0
2026-03-23 20:00:00,0.000575,0.000576,0.000572,0.000575,44494087.0
2026-03-23 21:00:00,0.000575,0.000581,0.000575,0.000577,39184499.0
2026-03-23 22:00:00,0.000578,0.000579,0.000576,0.000577,49210716.0
2026-03-23 23:00:00,0.000577,0.00058,0.000574,0.000579,43191626.0
2026-03-24 00:00:00,0.00058,0.000582,0.000575,0.000577,40259971.0
2026-03-24 01:00:00,0.000577,0.000582,0.000575,0.000581,48714350.0
2026-03-24 02:00:00,0.000581,0.000586,0.00058,0.000584,63762518.0
2026-03-24 03:00:00,0.000584,0.00059,0.000582,0.000587,89415595.0
2026-03-24 04:00:00,0.000587,0.000589,0.000581,0.000581,46012681.0
2026-03-24 05:00:00,0.000582,0.000588,0.000581,0.000584,54086677.0
2026-03-24 06:00:00,0.000584,0.000586,0.00058,0.000582,83154621.0
2026-03-24 07:00:00,0.000582,0.000584,0.000576,0.00058,40144834.0
2026-03-24 08:00:00,0.00058,0.00058,0.000577,0.000577,27741762.0
2026-03-24 09:00:00,0.000577,0.000582,0.000575,0.00058,68763347.0
2026-03-24 10:00:00,0.00058,0.000583,0.000577,0.00058,41376188.0
2026-03-24 11:00:00,0.00058,0.000582,0.000577,0.000577,23832875.0
2026-03-24 12:00:00,0.000577,0.000579,0.000576,0.000577,13544634.0
2026-03-24 13:00:00,0.000577,0.00058,0.000574,0.000576,52029988.0
2026-03-24 14:00:00,0.000577,0.000579,0.00057,0.000575,90668667.0
2026-03-24 15:00:00,0.000575,0.000579,0.000573,0.000577,51882869.0
2026-03-24 16:00:00,0.000577,0.00058,0.000575,0.000576,41592748.0
2026-03-24 17:00:00,0.000577,0.000577,0.00057,0.000575,51027636.0
2026-03-24 18:00:00,0.000575,0.000577,0.000574,0.000575,16405589.0
2026-03-24 19:00:00,0.000575,0.000577,0.000574,0.000574,19393610.0
2026-03-24 20:00:00,0.000575,0.000582,0.000574,0.000578,42101364.0
2026-03-24 21:00:00,0.000578,0.000578,0.000574,0.000578,13949329.0
2026-03-24 22:00:00,0.000578,0.00058,0.000577,0.000579,9026267.0
2026-03-24 23:00:00,0.000578,0.00058,0.000577,0.000579,9266737.0
2026-03-25 00:00:00,0.000578,0.00058,0.000576,0.00058,16198383.0
2026-03-25 01:00:00,0.000579,0.00058,0.000576,0.000576,22659367.0
2026-03-25 02:00:00,0.000576,0.000577,0.000576,0.000576,5072063.0
2026-03-25 03:00:00,0.000576,0.00058,0.000575,0.00058,16127227.0
2026-03-25 04:00:00,0.00058,0.000581,0.000578,0.000581,34641986.0
2026-03-25 05:00:00,0.00058,0.000582,0.000579,0.000581,32530582.0
2026-03-25 06:00:00,0.00058,0.000584,0.000578,0.00058,18518154.0
2026-03-25 07:00:00,0.00058,0.000586,0.00058,0.000583,52091472.0
2026-03-25 08:00:00,0.000584,0.000589,0.000584,0.000586,58835697.0
2026-03-25 09:00:00,0.000585,0.000586,0.000583,0.000585,14265903.0
2026-03-25 10:00:00,0.000585,0.000586,0.000583,0.000585,16445546.0
2026-03-25 11:00:00,0.000584,0.000591,0.000584,0.00059,25391948.0
2026-03-25 12:00:00,0.00059,0.000591,0.000586,0.000591,73913760.0
2026-03-25 13:00:00,0.000592,0.000596,0.00059,0.000591,99175144.0
2026-03-25 14:00:00,0.00059,0.000594,0.00059,0.000592,42972413.0
2026-03-25 15:00:00,0.000592,0.000594,0.000584,0.000588,117969853.0
2026-03-25 16:00:00,0.000588,0.000591,0.000584,0.000588,31270341.0
2026-03-25 17:00:00,0.000589,0.000597,0.000589,0.000594,37913796.0
2026-03-25 18:00:00,0.000595,0.000597,0.000592,0.000595,85577071.0
2026-03-25 19:00:00,0.000595,0.000601,0.000585,0.000591,283703676.0
2026-03-25 20:00:00,0.000591,0.000593,0.000587,0.00059,33574611.0
2026-03-25 21:00:00,0.000589,0.00059,0.000585,0.000589,43438978.0
2026-03-25 22:00:00,0.000589,0.000595,0.000589,0.000593,46268410.0
2026-03-25 23:00:00,0.000592,0.000594,0.000589,0.000592,27748928.0
2026-03-26 00:00:00,0.000592,0.000597,0.000591,0.000596,47548518.0
2026-03-26 01:00:00,0.000597,0.000598,0.000589,0.000592,122971547.0
2026-03-26 02:00:00,0.000592,0.000604,0.000589,0.000601,191299148.0
2026-03-26 03:00:00,0.000602,0.000608,0.000598,0.000606,170001996.0
2026-03-26 04:00:00,0.000606,0.000618,0.000596,0.000617,400773090.0
2026-03-26 05:00:00,0.000617,0.000647,0.000614,0.000645,742322582.0
2026-03-26 06:00:00,0.000644,0.000646,0.00055,0.00058,1657680928.0
2026-03-26 07:00:00,0.00058,0.000597,0.000568,0.000575,502739864.0
2026-03-26 08:00:00,0.000574,0.000587,0.000567,0.000581,172445395.0
2026-03-26 09:00:00,0.00058,0.000591,0.000575,0.000582,217365996.0
2026-03-26 10:00:00,0.000582,0.000588,0.000579,0.000586,52403283.0
2026-03-26 11:00:00,0.000586,0.000587,0.000559,0.000566,188772435.0
2026-03-26 12:00:00,0.000567,0.000568,0.000562,0.000565,91330417.0
2026-03-26 13:00:00,0.000564,0.000572,0.000563,0.000569,77081625.0
2026-03-26 14:00:00,0.000568,0.000575,0.000566,0.000572,57532562.0
2026-03-26 15:00:00,0.000572,0.000576,0.00057,0.000571,48833291.0
2026-03-26 16:00:00,0.000571,0.000576,0.000569,0.00057,40412580.0
2026-03-26 17:00:00,0.00057,0.00057,0.000564,0.000564,87455969.0
2026-03-26 18:00:00,0.000565,0.000565,0.00056,0.000564,47545369.0
2026-03-26 19:00:00,0.000565,0.000566,0.000559,0.00056,35271538.0
2026-03-26 20:00:00,0.00056,0.000572,0.00056,0.000567,71287074.0
2026-03-26 21:00:00,0.000566,0.000572,0.000564,0.00057,21053685.0
2026-03-26 22:00:00,0.000571,0.000579,0.000566,0.000578,134177267.0
2026-03-26 23:00:00,0.000577,0.000577,0.000566,0.000568,103997233.0
2026-03-27 00:00:00,0.000568,0.00057,0.000567,0.000569,13926149.0
2026-03-27 01:00:00,0.000569,0.000574,0.000568,0.000573,27043203.0
2026-03-27 02:00:00,0.000573,0.000574,0.000569,0.000569,53398891.0
2026-03-27 03:00:00,0.00057,0.000572,0.000564,0.000565,97972958.0
2026-03-27 04:00:00,0.000565,0.000566,0.000561,0.000566,30345762.0
2026-03-27 05:00:00,0.000565,0.000566,0.000561,0.000562,33104482.0
2026-03-27 06:00:00,0.000561,0.000563,0.000559,0.00056,42962151.0
2026-03-27 07:00:00,0.000559,0.000561,0.000553,0.000558,114634058.0
2026-03-27 08:00:00,0.000559,0.000561,0.000554,0.00056,90516376.0
2026-03-27 09:00:00,0.00056,0.00056,0.000554,0.000555,58505879.0
2026-03-27 10:00:00,0.000555,0.000556,0.00054,0.000542,80929014.0
2026-03-27 11:00:00,0.000541,0.000543,0.000539,0.00054,31995802.0
2026-03-27 12:00:00,0.00054,0.000541,0.000535,0.000539,51869295.0
2026-03-27 13:00:00,0.000539,0.000542,0.000532,0.00054,97395125.0
2026-03-27 14:00:00,0.000541,0.000542,0.000534,0.000538,59841743.0
2026-03-27 15:00:00,0.000538,0.000543,0.000536,0.000538,35422422.0
2026-03-27 16:00:00,0.000538,0.000541,0.000536,0.000537,13025118.0
2026-03-27 17:00:00,0.000537,0.00054,0.000536,0.000537,21680227.0
2026-03-27 18:00:00,0.000537,0.000537,0.000534,0.000536,23879934.0
2026-03-27 19:00:00,0.000536,0.00054,0.000535,0.000538,10714267.0
2026-03-27 20:00:00,0.000538,0.000539,0.000534,0.000537,12945322.0
2026-03-27 21:00:00,0.000537,0.000541,0.000535,0.000535,28837831.0
2026-03-27 22:00:00,0.000535,0.000536,0.000533,0.000534,26794100.0
2026-03-27 23:00:00,0.000534,0.000535,0.000528,0.000529,43225042.0
2026-03-28 00:00:00,0.00053,0.00053,0.000524,0.000526,56906610.0
2026-03-28 01:00:00,0.000527,0.000527,0.00052,0.000523,45954107.0
2026-03-28 02:00:00,0.000523,0.000524,0.000517,0.000517,35873078.0
2026-03-28 03:00:00,0.000518,0.000519,0.000508,0.000511,56562574.0
2026-03-28 04:00:00,0.00051,0.000511,0.000504,0.000505,46864030.0
2026-03-28 05:00:00,0.000506,0.000508,0.0005,0.000508,69053380.0
2026-03-28 06:00:00,0.000509,0.000511,0.000505,0.00051,54891693.0
2026-03-28 07:00:00,0.000509,0.000512,0.000509,0.000511,29704994.0
2026-03-28 08:00:00,0.000512,0.000517,0.000512,0.000515,52030755.0
2026-03-28 09:00:00,0.000515,0.000517,0.000512,0.000517,31011275.0
2026-03-28 10:00:00,0.000517,0.000526,0.000517,0.000518,74049452.0
2026-03-28 11:00:00,0.000518,0.000519,0.000515,0.000515,50489053.0
2026-03-28 12:00:00,0.000515,0.000516,0.000513,0.000515,36910920.0
2026-03-28 13:00:00,0.000514,0.000524,0.000513,0.000519,51749606.0
2026-03-28 14:00:00,0.000519,0.000522,0.000516,0.00052,61022309.0
2026-03-28 15:00:00,0.000521,0.000525,0.000519,0.000519,33184584.0
2026-03-28 16:00:00,0.00052,0.000525,0.00052,0.000525,36159017.0
2026-03-28 17:00:00,0.000525,0.000526,0.000523,0.000526,31745554.0
2026-03-28 18:00:00,0.000525,0.000531,0.000523,0.000531,18281156.0
2026-03-28 19:00:00,0.00053,0.000531,0.000524,0.000527,27856638.0
2026-03-28 20:00:00,0.000527,0.000529,0.000526,0.000526,13765524.0
2026-03-28 21:00:00,0.000525,0.000527,0.000519,0.000521,25869717.0
2026-03-28 22:00:00,0.00052,0.000522,0.000519,0.000522,8364307.0
2026-03-28 23:00:00,0.000521,0.000521,0.000513,0.000514,55177089.0
2026-03-29 00:00:00,0.000513,0.000513,0.000509,0.00051,18814028.0
2026-03-29 01:00:00,0.000511,0.000511,0.000508,0.000509,31383320.0
2026-03-29 02:00:00,0.000508,0.000511,0.000508,0.00051,18031143.0
2026-03-29 03:00:00,0.00051,0.000513,0.000509,0.000511,16368242.0
2026-03-29 04:00:00,0.000511,0.000513,0.00051,0.000513,9968657.0
2026-03-29 05:00:00,0.000512,0.000514,0.000511,0.000513,18750708.0
2026-03-29 06:00:00,0.000514,0.000517,0.000512,0.000516,12154871.0
2026-03-29 07:00:00,0.000515,0.000515,0.000511,0.000512,41912597.0
2026-03-29 08:00:00,0.000511,0.000512,0.000508,0.000509,16014933.0
2026-03-29 09:00:00,0.000509,0.00051,0.000505,0.000506,28621551.0
2026-03-29 10:00:00,0.000506,0.000509,0.000502,0.000503,71872120.0
2026-03-29 11:00:00,0.000502,0.000505,0.000502,0.000503,37229617.0
2026-03-29 12:00:00,0.000503,0.000504,0.000497,0.0005,40737289.0
2026-03-29 13:00:00,0.000499,0.000503,0.000497,0.000498,28253763.0
2026-03-29 14:00:00,0.000499,0.000501,0.000497,0.000499,27542097.0
2026-03-29 15:00:00,0.000499,0.000499,0.000494,0.000494,93596668.0
2026-03-29 16:00:00,0.000494,0.000495,0.000492,0.000494,57860484.0
2026-03-29 17:00:00,0.000494,0.000497,0.000494,0.000496,40730485.0
2026-03-29 18:00:00,0.000496,0.000501,0.000496,0.0005,44782456.0
2026-03-29 19:00:00,0.000499,0.0005,0.000495,0.000496,44542417.0
2026-03-29 20:00:00,0.000495,0.0005,0.000495,0.0005,33377558.0
2026-03-29 21:00:00,0.0005,0.000502,0.0005,0.000501,11596969.0
2026-03-29 22:00:00,0.000501,0.000502,0.000484,0.000495,87359054.0
2026-03-29 23:00:00,0.000495,0.000497,0.000494,0.000496,16441002.0
2026-03-30 00:00:00,0.000497,0.000508,0.000496,0.000503,27458842.0
2026-03-30 01:00:00,0.000503,0.00051,0.000503,0.00051,27970091.0
2026-03-30 02:00:00,0.000511,0.000516,0.00051,0.000512,22464480.0
2026-03-30 03:00:00,0.000512,0.000517,0.000511,0.000515,33893499.0
2026-03-30 04:00:00,0.000516,0.000521,0.000516,0.00052,24101496.0
2026-03-30 05:00:00,0.00052,0.000523,0.00052,0.000521,24093927.0
2026-03-30 06:00:00,0.00052,0.000524,0.00052,0.00052,16938174.0
2026-03-30 07:00:00,0.00052,0.000521,0.000516,0.00052,21836015.0
2026-03-30 08:00:00,0.00052,0.000521,0.000518,0.000518,25732095.0
2026-03-30 09:00:00,0.000518,0.000518,0.000513,0.000513,18627101.0
2026-03-30 10:00:00,0.000514,0.000518,0.000513,0.000517,16357970.0
2026-03-30 11:00:00,0.000517,0.000522,0.000516,0.000518,29121903.0
2026-03-30 12:00:00,0.000518,0.000521,0.000517,0.000519,36227693.0
2026-03-30 13:00:00,0.00052,0.000523,0.000519,0.000519,32727702.0
2026-03-30 14:00:00,0.00052,0.000522,0.000515,0.000519,26186012.0
2026-03-30 15:00:00,0.000519,0.000519,0.000516,0.000518,12493824.0
2026-03-30 16:00:00,0.000518,0.00052,0.000515,0.000516,9866848.0
2026-03-30 17:00:00,0.000517,0.000518,0.00051,0.000513,35109154.0
2026-03-30 18:00:00,0.000513,0.000513,0.000509,0.000509,15528794.0
2026-03-30 19:00:00,0.00051,0.00051,0.000505,0.000508,11673544.0
2026-03-30 20:00:00,0.000509,0.000514,0.000508,0.00051,46956653.0
2026-03-30 21:00:00,0.000509,0.000513,0.000509,0.000512,10071365.0
2026-03-30 22:00:00,0.000511,0.000512,0.00051,0.000511,5504310.0
2026-03-30 23:00:00,0.00051,0.00051,0.000507,0.000507,15068007.0
2026-03-31 00:00:00,0.000508,0.000512,0.000508,0.000511,9321717.0
2026-03-31 01:00:00,0.000511,0.000519,0.00051,0.000519,16600957.0
2026-03-31 02:00:00,0.000518,0.000521,0.000517,0.000519,21401433.0
2026-03-31 03:00:00,0.000519,0.000519,0.000516,0.000518,13543814.0
2026-03-31 04:00:00,0.000518,0.000522,0.000517,0.000519,19508091.0
2026-03-31 05:00:00,0.00052,0.000524,0.000519,0.000523,22068402.0
2026-03-31 06:00:00,0.000523,0.00053,0.000523,0.000528,147217789.0
2026-03-31 07:00:00,0.000528,0.000531,0.000524,0.000529,86229224.0
2026-03-31 08:00:00,0.00053,0.000531,0.000519,0.00052,98771849.0
2026-03-31 09:00:00,0.000521,0.000522,0.00051,0.00051,89199249.0
2026-03-31 10:00:00,0.00051,0.000514,0.00051,0.000512,51160060.0
2026-03-31 11:00:00,0.000512,0.000516,0.00051,0.000515,28743635.0
2026-03-31 12:00:00,0.000515,0.000517,0.000512,0.000512,32303503.0
2026-03-31 13:00:00,0.000512,0.000518,0.000512,0.000516,34087519.0
2026-03-31 14:00:00,0.000516,0.000519,0.000512,0.000513,53654403.0
2026-03-31 15:00:00,0.000514,0.00052,0.000513,0.000514,33143820.0
2026-03-31 16:00:00,0.000513,0.000522,0.000513,0.000519,50781584.0
2026-03-31 17:00:00,0.000519,0.000526,0.000518,0.00052,51414009.0
2026-03-31 18:00:00,0.00052,0.000523,0.00052,0.000522,25893760.0
2026-03-31 19:00:00,0.000523,0.000525,0.000522,0.000524,9531761.0
2026-03-31 20:00:00,0.000524,0.000528,0.000524,0.000525,20199734.0
2026-03-31 21:00:00,0.000526,0.000526,0.000519,0.000519,13631509.0
2026-03-31 22:00:00,0.00052,0.000521,0.000516,0.000519,11675395.0
2026-03-31 23:00:00,0.000519,0.000524,0.000519,0.000524,15845829.0
2026-04-01 00:00:00,0.000523,0.000524,0.000522,0.000524,13018850.0
2026-04-01 01:00:00,0.000525,0.000526,0.00052,0.00052,19274325.0
2026-04-01 02:00:00,0.000521,0.000521,0.000517,0.00052,14986703.0
2026-04-01 03:00:00,0.000521,0.000526,0.000521,0.000525,14474782.0
2026-04-01 04:00:00,0.000525,0.000525,0.000523,0.000524,15168322.0
2026-04-01 05:00:00,0.000524,0.000529,0.000524,0.000527,21260235.0
2026-04-01 06:00:00,0.000528,0.000533,0.000528,0.00053,36519435.0
2026-04-01 07:00:00,0.000531,0.000532,0.000529,0.000531,29017798.0
2026-04-01 08:00:00,0.00053,0.000533,0.000528,0.000528,47014695.0
2026-04-01 09:00:00,0.000528,0.000528,0.000525,0.000526,19980025.0
2026-04-01 10:00:00,0.000526,0.000527,0.000525,0.000526,5116797.0
2026-04-01 11:00:00,0.000526,0.000529,0.000525,0.000529,20082840.0
2026-04-01 12:00:00,0.000529,0.000537,0.000528,0.00053,142302526.0
2026-04-01 13:00:00,0.000531,0.000531,0.000524,0.000527,64067758.0
2026-04-01 14:00:00,0.000526,0.000531,0.000525,0.00053,35364082.0
2026-04-01 15:00:00,0.00053,0.000532,0.000528,0.000531,36872564.0
2026-04-01 16:00:00,0.000532,0.000534,0.00053,0.000533,27409867.0
2026-04-01 17:00:00,0.000533,0.000535,0.000529,0.00053,16345548.0
2026-04-01 18:00:00,0.00053,0.000531,0.000527,0.000527,15318881.0
2026-04-01 19:00:00,0.000528,0.00053,0.000527,0.00053,7883910.0
2026-04-01 20:00:00,0.00053,0.00053,0.000527,0.000527,12343822.0
2026-04-01 21:00:00,0.000527,0.00053,0.000527,0.000529,10465555.0
2026-04-01 22:00:00,0.000528,0.000528,0.000523,0.000525,25068531.0
2026-04-01 23:00:00,0.000525,0.000525,0.000522,0.000522,13942122.0
2026-04-02 00:00:00,0.000522,0.000527,0.000519,0.000526,35488036.0
2026-04-02 01:00:00,0.000526,0.000526,0.000513,0.000517,153313283.0
2026-04-02 02:00:00,0.000517,0.000517,0.000508,0.00051,28060000.0
2026-04-02 03:00:00,0.00051,0.000512,0.000506,0.000507,24298508.0
2026-04-02 04:00:00,0.000507,0.000508,0.000506,0.000506,8663395.0
2026-04-02 05:00:00,0.000506,0.000512,0.000504,0.000511,76066561.0
2026-04-02 06:00:00,0.000511,0.000516,0.00051,0.000516,27506616.0
2026-04-02 07:00:00,0.000516,0.000518,0.000514,0.000516,22195816.0
2026-04-02 08:00:00,0.000516,0.000518,0.000514,0.000514,11997062.0
2026-04-02 09:00:00,0.000514,0.000517,0.000512,0.000513,27175900.0
2026-04-02 10:00:00,0.000513,0.000515,0.000508,0.000509,29083769.0
2026-04-02 11:00:00,0.00051,0.00051,0.000505,0.000507,42692602.0
2026-04-02 12:00:00,0.000507,0.000508,0.000502,0.000504,18435151.0
2026-04-02 13:00:00,0.000504,0.000504,0.0005,0.000502,37354022.0
2026-04-02 14:00:00,0.000502,0.000508,0.0005,0.000508,57349458.0
2026-04-02 15:00:00,0.000508,0.000508,0.000502,0.000504,33525542.0
2026-04-02 16:00:00,0.000504,0.000507,0.000501,0.000504,29646303.0
2026-04-02 17:00:00,0.000504,0.00051,0.000502,0.000504,52943171.0
2026-04-02 18:00:00,0.000504,0.000507,0.000501,0.000505,13844643.0
2026-04-02 19:00:00,0.000505,0.000507,0.000504,0.000505,13001006.0
2026-04-02 20:00:00,0.000505,0.000509,0.000503,0.000507,23591021.0
2026-04-02 21:00:00,0.000508,0.000508,0.000504,0.000506,26480475.0
2026-04-02 22:00:00,0.000506,0.000509,0.000505,0.000508,11084675.0
2026-04-02 23:00:00,0.000507,0.00051,0.000506,0.000509,7486848.0
2026-04-03 00:00:00,0.00051,0.00051,0.000507,0.000507,18922227.0
2026-04-03 01:00:00,0.000507,0.00051,0.000507,0.000509,12928909.0
2026-04-03 02:00:00,0.000509,0.000509,0.000503,0.000506,75025577.0
2026-04-03 03:00:00,0.000506,0.000512,0.000506,0.000511,24404401.0
2026-04-03 04:00:00,0.00051,0.000512,0.00051,0.000512,16778068.0
2026-04-03 05:00:00,0.000512,0.000513,0.00051,0.00051,19428878.0
2026-04-03 06:00:00,0.000509,0.000512,0.000508,0.000512,8043309.0
2026-04-03 07:00:00,0.000511,0.000512,0.00051,0.000511,13181960.0
2026-04-03 08:00:00,0.000511,0.000514,0.00051,0.000512,16235460.0
2026-04-03 09:00:00,0.000512,0.000514,0.000509,0.000514,77078283.0
2026-04-03 10:00:00,0.000514,0.000515,0.00051,0.000512,31000327.0
2026-04-03 11:00:00,0.000512,0.000516,0.000511,0.000515,12820419.0
2026-04-03 12:00:00,0.000515,0.000519,0.00051,0.000513,69620862.0
2026-04-03 13:00:00,0.000512,0.000514,0.000508,0.000509,46397336.0
2026-04-03 14:00:00,0.00051,0.000512,0.000509,0.000511,25789870.0
2026-04-03 15:00:00,0.00051,0.00051,0.000506,0.000507,20302696.0
2026-04-03 16:00:00,0.000507,0.00051,0.000505,0.000509,40550207.0
2026-04-03 17:00:00,0.00051,0.000514,0.00051,0.000512,35917788.0
2026-04-03 18:00:00,0.000513,0.000518,0.000512,0.000514,34236824.0
2026-04-03 19:00:00,0.000515,0.000516,0.000512,0.000514,23006776.0
2026-04-03 20:00:00,0.000515,0.000516,0.000511,0.000511,5215226.0
2026-04-03 21:00:00,0.000512,0.000514,0.000511,0.000512,18047463.0
2026-04-03 22:00:00,0.000512,0.000513,0.000509,0.000509,4070593.0
2026-04-03 23:00:00,0.000509,0.000512,0.000508,0.000512,19967837.0
2026-04-04 00:00:00,0.000512,0.000513,0.000508,0.000509,9814126.0
2026-04-04 01:00:00,0.000509,0.000513,0.000508,0.00051,24353403.0
2026-04-04 02:00:00,0.00051,0.000511,0.000505,0.000506,22704447.0
2026-04-04 03:00:00,0.000506,0.000508,0.000505,0.000507,10219717.0
2026-04-04 04:00:00,0.000507,0.000507,0.000505,0.000506,6485716.0
2026-04-04 05:00:00,0.000505,0.000506,0.000503,0.000504,13899632.0
2026-04-04 06:00:00,0.000504,0.000505,0.000503,0.000505,4405260.0
2026-04-04 07:00:00,0.000506,0.000506,0.000503,0.000504,12381907.0
2026-04-04 08:00:00,0.000504,0.000505,0.000501,0.000501,14117652.0
2026-04-04 09:00:00,0.000502,0.000504,0.0005,0.000502,17094242.0
2026-04-04 10:00:00,0.000502,0.000503,0.0005,0.000503,22442564.0
2026-04-04 11:00:00,0.000504,0.000505,0.000503,0.000503,12451876.0
2026-04-04 12:00:00,0.000503,0.000503,0.000502,0.000502,2608436.0
2026-04-04 13:00:00,0.000502,0.000503,0.000496,0.000497,55825221.0
2026-04-04 14:00:00,0.000497,0.0005,0.000496,0.0005,18589681.0
2026-04-04 15:00:00,0.000501,0.000504,0.0005,0.000501,8918907.0
2026-04-04 16:00:00,0.000501,0.000503,0.000499,0.000499,21194910.0
2026-04-04 17:00:00,0.0005,0.000506,0.000499,0.000505,31109073.0
2026-04-04 18:00:00,0.000505,0.000506,0.000503,0.000504,9637341.0
2026-04-04 19:00:00,0.000504,0.000508,0.000504,0.000507,38708806.0
2026-04-04 20:00:00,0.000508,0.000509,0.000505,0.000505,24617020.0
2026-04-04 21:00:00,0.000506,0.000508,0.000505,0.000507,10837389.0
2026-04-04 22:00:00,0.000506,0.000508,0.000506,0.000507,4053089.0
2026-04-04 23:00:00,0.000507,0.000508,0.000503,0.000506,70984051.0
2026-04-05 00:00:00,0.000506,0.000507,0.000502,0.000503,7872956.0
2026-04-05 01:00:00,0.000502,0.000502,0.0005,0.0005,14820362.0
2026-04-05 02:00:00,0.000499,0.0005,0.000495,0.000497,13753334.0
2026-04-05 03:00:00,0.000497,0.000498,0.000497,0.000498,1088014.0
2026-04-05 04:00:00,0.000497,0.000498,0.000496,0.000497,9195727.0
2026-04-05 05:00:00,0.000496,0.000497,0.000492,0.000493,17391566.0
2026-04-05 06:00:00,0.000493,0.000494,0.000488,0.000493,48751580.0
2026-04-05 07:00:00,0.000493,0.000494,0.000491,0.000492,16618044.0
2026-04-05 08:00:00,0.000492,0.000493,0.000491,0.000492,20593718.0
2026-04-05 09:00:00,0.000493,0.000496,0.000493,0.000496,23548646.0
2026-04-05 10:00:00,0.000496,0.000497,0.000492,0.000493,22197673.0
2026-04-05 11:00:00,0.000494,0.000495,0.000492,0.000494,18241614.0
2026-04-05 12:00:00,0.000494,0.000495,0.000491,0.000491,29076046.0
2026-04-05 13:00:00,0.000492,0.000492,0.000486,0.000491,21695471.0
2026-04-05 14:00:00,0.000492,0.000493,0.000489,0.000491,64274986.0
2026-04-05 15:00:00,0.00049,0.000495,0.000487,0.000489,42308081.0
2026-04-05 16:00:00,0.000489,0.00049,0.000485,0.000486,26214986.0
2026-04-05 17:00:00,0.000486,0.000489,0.000484,0.000487,33734238.0
2026-04-05 18:00:00,0.000486,0.000488,0.000486,0.000487,22542947.0
2026-04-05 19:00:00,0.000487,0.000489,0.000485,0.000487,26271846.0
2026-04-05 20:00:00,0.000487,0.000489,0.000486,0.000488,7156359.0
2026-04-05 21:00:00,0.000488,0.00049,0.000485,0.000488,19573325.0
2026-04-05 22:00:00,0.000489,0.000496,0.000487,0.000496,29973866.0
2026-04-05 23:00:00,0.000496,0.000502,0.000496,0.000502,43224380.0
2026-04-06 00:00:00,0.000503,0.00051,0.000503,0.000506,35389085.0
2026-04-06 01:00:00,0.000506,0.000507,0.000504,0.000506,29222978.0
2026-04-06 02:00:00,0.000506,0.000513,0.000505,0.000509,119951220.0
2026-04-06 03:00:00,0.000509,0.000509,0.000504,0.000504,31723326.0
2026-04-06 04:00:00,0.000505,0.000506,0.000502,0.000504,54504841.0
2026-04-06 05:00:00,0.000504,0.000507,0.000503,0.000505,84176359.0
2026-04-06 06:00:00,0.000506,0.000508,0.000504,0.000506,10844798.0
2026-04-06 07:00:00,0.000506,0.000507,0.000503,0.000506,41604391.0
2026-04-06 08:00:00,0.000506,0.00051,0.000505,0.000507,40010302.0
2026-04-06 09:00:00,0.000507,0.000512,0.000507,0.000511,24766625.0
2026-04-06 10:00:00,0.000512,0.000519,0.000512,0.000516,74682573.0
2026-04-06 11:00:00,0.000517,0.000517,0.000513,0.000514,8398056.0
2026-04-06 12:00:00,0.000515,0.000518,0.000513,0.000514,26080938.0
2026-04-06 13:00:00,0.000515,0.000516,0.000511,0.000513,62076636.0
2026-04-06 14:00:00,0.000513,0.000514,0.000508,0.000512,35016846.0
2026-04-06 15:00:00,0.000512,0.000514,0.00051,0.000514,17417138.0
2026-04-06 16:00:00,0.000514,0.000519,0.000514,0.000515,87310459.0
2026-04-06 17:00:00,0.000516,0.000516,0.000511,0.000513,32871196.0
2026-04-06 18:00:00,0.000514,0.000514,0.000511,0.000512,14573192.0
2026-04-06 19:00:00,0.000512,0.000512,0.000509,0.000511,22246502.0
2026-04-06 20:00:00,0.00051,0.000512,0.00051,0.000511,19581145.0
2026-04-06 21:00:00,0.00051,0.00051,0.000507,0.000508,27057089.0
2026-04-06 22:00:00,0.000508,0.000508,0.000502,0.000502,40569333.0
2026-04-06 23:00:00,0.000501,0.000503,0.000498,0.000501,70532977.0
2026-04-07 00:00:00,0.000501,0.000503,0.000499,0.0005,23564805.0
2026-04-07 01:00:00,0.0005,0.000502,0.000498,0.000498,49920533.0
2026-04-07 02:00:00,0.000498,0.0005,0.000496,0.000499,25843657.0
2026-04-07 03:00:00,0.000499,0.0005,0.000498,0.000499,9316461.0
2026-04-07 04:00:00,0.000499,0.000502,0.000497,0.000501,18969219.0
2026-04-07 05:00:00,0.0005,0.0005,0.000497,0.000498,30128731.0
2026-04-07 06:00:00,0.000498,0.000499,0.000496,0.000498,16612969.0
2026-04-07 07:00:00,0.000498,0.000502,0.000497,0.000501,12134239.0
2026-04-07 08:00:00,0.000501,0.000502,0.000499,0.000499,12082616.0
2026-04-07 09:00:00,0.000499,0.000502,0.000499,0.000501,19444992.0
2026-04-07 10:00:00,0.000501,0.000502,0.000496,0.000498,95079769.0
2026-04-07 11:00:00,0.000498,0.000499,0.000494,0.000495,12706003.0
2026-04-07 12:00:00,0.000495,0.000495,0.000489,0.000494,53668969.0
2026-04-07 13:00:00,0.000495,0.000496,0.000493,0.000494,34731721.0
2026-04-07 14:00:00,0.000495,0.000496,0.000491,0.000494,23223822.0
2026-04-07 15:00:00,0.000493,0.000496,0.000491,0.000494,18227956.0
2026-04-07 16:00:00,0.000494,0.000496,0.000493,0.000494,21216751.0
2026-04-07 17:00:00,0.000494,0.000503,0.000494,0.000501,20850794.0
2026-04-07 18:00:00,0.000502,0.000504,0.0005,0.000501,5096231.0
2026-04-07 19:00:00,0.000501,0.00051,0.000501,0.000508,22095674.0
2026-04-07 20:00:00,0.000509,0.000512,0.000508,0.000508,14763483.0
2026-04-07 21:00:00,0.000508,0.000517,0.000508,0.000517,78332361.0
2026-04-07 22:00:00,0.000518,0.000525,0.000514,0.000524,208461422.0
2026-04-07 23:00:00,0.000525,0.000531,0.000523,0.000529,105490628.0
2026-04-08 00:00:00,0.000528,0.00053,0.000522,0.000522,92560212.0
2026-04-08 01:00:00,0.000523,0.000525,0.000522,0.000524,29456950.0
2026-04-08 02:00:00,0.000524,0.000529,0.000522,0.000526,60109569.0
2026-04-08 03:00:00,0.000527,0.000532,0.000527,0.00053,50417249.0
2026-04-08 04:00:00,0.000531,0.000534,0.000529,0.000531,58496517.0
2026-04-08 05:00:00,0.000531,0.000536,0.000531,0.000534,38187129.0
2026-04-08 06:00:00,0.000534,0.000534,0.000528,0.00053,61019895.0
2026-04-08 07:00:00,0.000531,0.000533,0.000529,0.000531,34346480.0
2026-04-08 08:00:00,0.000531,0.000531,0.000528,0.000529,23033180.0
2026-04-08 09:00:00,0.00053,0.000531,0.000527,0.00053,26756762.0
2026-04-08 10:00:00,0.000531,0.000531,0.000525,0.000527,85332639.0
2026-04-08 11:00:00,0.000526,0.000527,0.000522,0.000524,56040231.0
2026-04-08 12:00:00,0.000525,0.000525,0.00052,0.000523,39944246.0
2026-04-08 13:00:00,0.000523,0.000526,0.000523,0.000524,66631106.0
2026-04-08 14:00:00,0.000524,0.000524,0.000515,0.000515,57471437.0
2026-04-08 15:00:00,0.000516,0.000522,0.000515,0.000522,39549318.0
2026-04-08 16:00:00,0.000521,0.000521,0.000519,0.000521,32814313.0
2026-04-08 17:00:00,0.00052,0.000522,0.000518,0.00052,30026019.0
2026-04-08 18:00:00,0.000519,0.000519,0.000513,0.000514,26460125.0
2026-04-08 19:00:00,0.000513,0.000514,0.000511,0.000511,28391352.0
2026-04-08 20:00:00,0.000512,0.000514,0.000512,0.000513,23375956.0
2026-04-08 21:00:00,0.000513,0.000517,0.000513,0.000514,18375840.0
2026-04-08 22:00:00,0.000514,0.000515,0.000509,0.00051,35317292.0
2026-04-08 23:00:00,0.00051,0.00051,0.000505,0.000507,18179973.0
2026-04-09 00:00:00,0.000507,0.000508,0.0005,0.000503,40788169.0
2026-04-09 01:00:00,0.000504,0.000504,0.000501,0.000503,18597655.0
2026-04-09 02:00:00,0.000503,0.000507,0.000503,0.000506,16270616.0
2026-04-09 03:00:00,0.000506,0.000506,0.000503,0.000504,30402524.0
2026-04-09 04:00:00,0.000503,0.000505,0.000503,0.000504,6431129.0
2026-04-09 05:00:00,0.000503,0.000506,0.000501,0.000504,27107349.0
2026-04-09 06:00:00,0.000504,0.000506,0.000503,0.000506,14456599.0
2026-04-09 07:00:00,0.000506,0.000509,0.000506,0.000507,56462285.0
2026-04-09 08:00:00,0.000507,0.000511,0.000507,0.00051,24435850.0
2026-04-09 09:00:00,0.00051,0.000511,0.000507,0.00051,40770089.0
2026-04-09 10:00:00,0.00051,0.000511,0.000509,0.00051,15635686.0
2026-04-09 11:00:00,0.00051,0.00051,0.000506,0.000507,14548113.0
2026-04-09 12:00:00,0.000506,0.00051,0.000504,0.000508,27842150.0
2026-04-09 13:00:00,0.000508,0.00051,0.000506,0.000509,17544069.0
2026-04-09 14:00:00,0.000509,0.000512,0.000507,0.000511,20240195.0
2026-04-09 15:00:00,0.000511,0.000522,0.000509,0.000519,61834038.0
2026-04-09 16:00:00,0.00052,0.000523,0.000516,0.000517,32298978.0
2026-04-09 17:00:00,0.000518,0.000524,0.000518,0.000523,47988070.0
2026-04-09 18:00:00,0.000523,0.000523,0.000518,0.00052,14773777.0
2026-04-09 19:00:00,0.000521,0.000522,0.000517,0.000518,75241971.0
2026-04-09 20:00:00,0.000519,0.00052,0.000516,0.000517,10307865.0
2026-04-09 21:00:00,0.000517,0.000518,0.000515,0.000517,20359364.0
2026-04-09 22:00:00,0.000516,0.000523,0.000516,0.000518,26264165.0
2026-04-09 23:00:00,0.000518,0.000519,0.000512,0.000513,29305111.0
2026-04-10 00:00:00,0.000514,0.000514,0.000512,0.000513,16057794.0
2026-04-10 01:00:00,0.000512,0.000517,0.00051,0.000514,64068924.0
2026-04-10 02:00:00,0.000514,0.000518,0.000514,0.000517,5862929.0
2026-04-10 03:00:00,0.000517,0.000519,0.000515,0.000517,23171365.0
2026-04-10 04:00:00,0.000517,0.000525,0.000517,0.000524,43144615.0
2026-04-10 05:00:00,0.000524,0.000525,0.00052,0.000522,70467177.0
2026-04-10 06:00:00,0.000522,0.000523,0.000514,0.000515,13523557.0
2026-04-10 07:00:00,0.000516,0.000516,0.000513,0.000513,13554092.0
2026-04-10 08:00:00,0.000513,0.000517,0.000511,0.000514,27682192.0
2026-04-10 09:00:00,0.000514,0.000519,0.000514,0.000517,23251200.0
2026-04-10 10:00:00,0.000517,0.000518,0.000514,0.000515,24662838.0
2026-04-10 11:00:00,0.000515,0.000517,0.000514,0.000515,13467709.0
2026-04-10 12:00:00,0.000514,0.000521,0.000514,0.000521,38209059.0
2026-04-10 13:00:00,0.000521,0.000523,0.000518,0.000518,42493435.0
2026-04-10 14:00:00,0.000518,0.000524,0.000516,0.000523,57548376.0
2026-04-10 15:00:00,0.000523,0.000526,0.00052,0.00052,45396773.0
2026-04-10 16:00:00,0.000521,0.000524,0.00052,0.000522,13836951.0
2026-04-10 17:00:00,0.000521,0.000521,0.000516,0.000519,34609075.0
2026-04-10 18:00:00,0.000519,0.000526,0.000518,0.000523,27436553.0
2026-04-10 19:00:00,0.000524,0.000528,0.000524,0.000527,90355359.0
2026-04-10 20:00:00,0.000527,0.000529,0.000523,0.000526,37936666.0
2026-04-10 21:00:00,0.000526,0.000528,0.000523,0.000525,33067528.0
2026-04-10 22:00:00,0.000526,0.000526,0.000522,0.000524,28819590.0
2026-04-10 23:00:00,0.000523,0.000523,0.000521,0.000522,15348060.0
2026-04-11 00:00:00,0.000522,0.000523,0.000517,0.000518,11678651.0
2026-04-11 01:00:00,0.000517,0.00052,0.000515,0.000519,21508926.0
2026-04-11 02:00:00,0.000518,0.000521,0.000517,0.00052,19090359.0
2026-04-11 03:00:00,0.00052,0.000523,0.000519,0.000519,19683566.0
2026-04-11 04:00:00,0.000519,0.00052,0.000517,0.000518,10844277.0
2026-04-11 05:00:00,0.000518,0.00052,0.000514,0.000516,51559902.0
2026-04-11 06:00:00,0.000515,0.000516,0.000513,0.000515,7516212.0
2026-04-11 07:00:00,0.000515,0.000518,0.000514,0.000518,34195732.0
2026-04-11 08:00:00,0.000517,0.00052,0.000516,0.000517,19280845.0
2026-04-11 09:00:00,0.000517,0.000519,0.000514,0.000516,26732954.0
2026-04-11 10:00:00,0.000516,0.000516,0.000514,0.000515,23373161.0
2026-04-11 11:00:00,0.000516,0.000516,0.000514,0.000515,14287825.0
2026-04-11 12:00:00,0.000515,0.000516,0.000513,0.000513,11256029.0
2026-04-11 13:00:00,0.000513,0.000515,0.00051,0.000514,30428636.0
2026-04-11 14:00:00,0.000514,0.000514,0.000511,0.000511,18469950.0
2026-04-11 15:00:00,0.000512,0.000514,0.000511,0.000514,11745784.0
2026-04-11 16:00:00,0.000513,0.000519,0.000512,0.000517,17200203.0
2026-04-11 17:00:00,0.000517,0.000519,0.000516,0.000516,18740910.0
2026-04-11 18:00:00,0.000516,0.000524,0.000514,0.000522,46949899.0
2026-04-11 19:00:00,0.000523,0.000528,0.000521,0.000528,56853021.0
2026-04-11 20:00:00,0.000529,0.00053,0.000523,0.000524,55194197.0
2026-04-11 21:00:00,0.000523,0.000526,0.000522,0.000525,21474701.0
2026-04-11 22:00:00,0.000525,0.000527,0.000522,0.000522,42199994.0
2026-04-11 23:00:00,0.000522,0.000523,0.000518,0.000521,29131925.0
2026-04-12 00:00:00,0.000521,0.000521,0.000519,0.000519,18529130.0
2026-04-12 01:00:00,0.00052,0.00052,0.000504,0.000505,124705895.0
2026-04-12 02:00:00,0.000504,0.000506,0.0005,0.000502,41536772.0
2026-04-12 03:00:00,0.000502,0.000504,0.0005,0.0005,36749566.0
2026-04-12 04:00:00,0.0005,0.000503,0.000498,0.000501,42209485.0
2026-04-12 05:00:00,0.000501,0.000503,0.0005,0.000503,14930018.0
2026-04-12 06:00:00,0.000503,0.000505,0.0005,0.000503,20327578.0
2026-04-12 07:00:00,0.000501,0.000502,0.000498,0.000501,31206756.0
2026-04-12 08:00:00,0.0005,0.000503,0.0005,0.000501,37160802.0
2026-04-12 09:00:00,0.000501,0.000502,0.000499,0.0005,13249873.0
2026-04-12 10:00:00,0.0005,0.0005,0.000497,0.000498,43204712.0
2026-04-12 11:00:00,0.000497,0.0005,0.000496,0.0005,18554018.0
2026-04-12 12:00:00,0.000499,0.000504,0.000496,0.0005,33867491.0
2026-04-12 13:00:00,0.0005,0.000501,0.000496,0.000498,54998974.0
2026-04-12 14:00:00,0.000497,0.000499,0.000496,0.000496,80016844.0
2026-04-12 15:00:00,0.000496,0.000497,0.000493,0.000496,126691860.0
2026-04-12 16:00:00,0.000495,0.000497,0.000493,0.000495,63340463.0
2026-04-12 17:00:00,0.000496,0.000502,0.000496,0.000501,21653016.0
2026-04-12 18:00:00,0.000502,0.000503,0.0005,0.0005,11875132.0
2026-04-12 19:00:00,0.000499,0.0005,0.000498,0.0005,11715848.0
2026-04-12 20:00:00,0.0005,0.000502,0.000498,0.000502,25904765.0
2026-04-12 21:00:00,0.000502,0.000502,0.000498,0.000499,10048959.0
2026-04-12 22:00:00,0.000499,0.000499,0.000491,0.000494,87998319.0
2026-04-12 23:00:00,0.000493,0.000493,0.000489,0.00049,26651396.0
2026-04-13 00:00:00,0.000491,0.000496,0.00049,0.000496,31558654.0
2026-04-13 01:00:00,0.000496,0.000498,0.000495,0.000496,35876986.0
2026-04-13 02:00:00,0.000497,0.000498,0.000495,0.000496,42223684.0
2026-04-13 03:00:00,0.000497,0.000499,0.000497,0.000498,9514437.0
2026-04-13 04:00:00,0.000499,0.0005,0.000495,0.000496,19474911.0
2026-04-13 05:00:00,0.000495,0.000495,0.000491,0.000495,36759448.0
2026-04-13 06:00:00,0.000495,0.000497,0.000494,0.000495,31692518.0
2026-04-13 07:00:00,0.000495,0.000496,0.00049,0.000491,20161741.0
2026-04-13 08:00:00,0.000491,0.000492,0.000487,0.000489,58414155.0
2026-04-13 09:00:00,0.00049,0.000498,0.00049,0.000497,39668751.0
2026-04-13 10:00:00,0.000497,0.000499,0.000495,0.000495,13748211.0
2026-04-13 11:00:00,0.000496,0.000498,0.000495,0.000497,26583566.0
2026-04-13 12:00:00,0.000496,0.000501,0.000494,0.000498,23339241.0
2026-04-13 13:00:00,0.000499,0.000502,0.000495,0.000502,45946101.0
2026-04-13 14:00:00,0.000502,0.000506,0.000499,0.000506,64194317.0
2026-04-13 15:00:00,0.000506,0.000506,0.000501,0.000505,59149026.0
2026-04-13 16:00:00,0.000506,0.000514,0.000504,0.000514,121475588.0
2026-04-13 17:00:00,0.000514,0.00052,0.000511,0.000518,185915018.0
2026-04-13 18:00:00,0.000519,0.00052,0.000507,0.000508,91095787.0
2026-04-13 19:00:00,0.000508,0.000519,0.000507,0.000518,65545966.0
2026-04-13 20:00:00,0.000518,0.000521,0.000515,0.000516,45427691.0
2026-04-13 21:00:00,0.000515,0.000522,0.000514,0.000521,81492115.0
2026-04-13 22:00:00,0.000522,0.000536,0.000522,0.000533,244248348.0
2026-04-13 23:00:00,0.000533,0.000537,0.00053,0.000536,82362120.0
2026-04-14 00:00:00,0.000536,0.000538,0.000527,0.000528,90461145.0
2026-04-14 01:00:00,0.000527,0.000529,0.000524,0.000526,103475476.0
2026-04-14 02:00:00,0.000526,0.000526,0.000522,0.000523,103333332.0
2026-04-14 03:00:00,0.000523,0.000528,0.000523,0.000526,28479081.0
2026-04-14 04:00:00,0.000526,0.00053,0.000524,0.000525,47522930.0
2026-04-14 05:00:00,0.000525,0.000525,0.000519,0.00052,46985469.0
2026-04-14 06:00:00,0.000521,0.000522,0.000518,0.000519,63315756.0
2026-04-14 07:00:00,0.000519,0.000519,0.000516,0.000518,36525071.0
2026-04-14 08:00:00,0.000518,0.000523,0.000518,0.000521,61407797.0
2026-04-14 09:00:00,0.000521,0.000523,0.000518,0.000522,27503749.0
2026-04-14 10:00:00,0.000522,0.000526,0.000521,0.000523,30574687.0
2026-04-14 11:00:00,0.000523,0.000525,0.000519,0.00052,62310561.0
2026-04-14 12:00:00,0.00052,0.000521,0.000517,0.00052,45939203.0
2026-04-14 13:00:00,0.00052,0.000526,0.000519,0.000524,104016168.0
2026-04-14 14:00:00,0.000524,0.000527,0.000522,0.000523,47587967.0
2026-04-14 15:00:00,0.000522,0.000526,0.000518,0.000521,113734327.0
2026-04-14 16:00:00,0.00052,0.000525,0.00052,0.000522,68498373.0
2026-04-14 17:00:00,0.000522,0.000523,0.000516,0.000518,57398383.0
2026-04-14 18:00:00,0.000518,0.00052,0.000507,0.000509,147532336.0
2026-04-14 19:00:00,0.00051,0.000513,0.000509,0.000512,46750776.0
2026-04-14 20:00:00,0.000513,0.000513,0.000508,0.000508,23107618.0
2026-04-14 21:00:00,0.000509,0.000513,0.000509,0.000513,44458689.0
2026-04-14 22:00:00,0.000512,0.000513,0.000511,0.000511,26796176.0
2026-04-14 23:00:00,0.000511,0.000513,0.00051,0.000512,9439994.0
2026-04-15 00:00:00,0.000513,0.000516,0.000513,0.000513,16503826.0
2026-04-15 01:00:00,0.000513,0.000518,0.000512,0.000517,25657634.0
2026-04-15 02:00:00,0.000517,0.000518,0.000513,0.000514,10912972.0
2026-04-15 03:00:00,0.000514,0.000516,0.000513,0.000515,20645937.0
2026-04-15 04:00:00,0.000515,0.000517,0.000513,0.000514,72302921.0
2026-04-15 05:00:00,0.000515,0.000515,0.000511,0.000512,28003987.0
2026-04-15 06:00:00,0.000511,0.000514,0.000509,0.000511,29195293.0
2026-04-15 07:00:00,0.000512,0.000513,0.000509,0.00051,24198356.0
2026-04-15 08:00:00,0.00051,0.000518,0.00051,0.000517,43785706.0
2026-04-15 09:00:00,0.000517,0.000518,0.000515,0.000517,43244391.0
2026-04-15 10:00:00,0.000518,0.000523,0.000518,0.00052,44241003.0
2026-04-15 11:00:00,0.00052,0.00053,0.00052,0.000528,54455095.0
2026-04-15 12:00:00,0.000527,0.000527,0.000523,0.000523,59877013.0
2026-04-15 13:00:00,0.000524,0.000526,0.00052,0.000522,93033817.0
2026-04-15 14:00:00,0.000521,0.000533,0.00052,0.000532,118211272.0
2026-04-15 15:00:00,0.000532,0.000533,0.000524,0.000525,98795626.0
2026-04-15 16:00:00,0.000525,0.000533,0.000525,0.000533,53694488.0
2026-04-15 17:00:00,0.000534,0.000535,0.00053,0.000535,100307756.0
2026-04-15 18:00:00,0.000535,0.000539,0.000533,0.000537,138304592.0
2026-04-15 19:00:00,0.000538,0.000545,0.000537,0.00054,117336225.0
2026-04-15 20:00:00,0.00054,0.000548,0.000539,0.000542,179185368.0
2026-04-15 21:00:00,0.000542,0.000544,0.000537,0.000542,69943081.0
2026-04-15 22:00:00,0.000543,0.000551,0.000543,0.000543,137330962.0
2026-04-15 23:00:00,0.000543,0.000546,0.000542,0.000546,72862040.0
2026-04-16 00:00:00,0.000546,0.000552,0.000543,0.00055,82462855.0
2026-04-16 01:00:00,0.000552,0.000555,0.000547,0.000552,137896080.0
2026-04-16 02:00:00,0.000552,0.000573,0.000551,0.000562,227819722.0
2026-04-16 03:00:00,0.000563,0.000568,0.000557,0.000563,236422100.0
2026-04-16 04:00:00,0.000562,0.000574,0.000558,0.00057,325578123.0
2026-04-16 05:00:00,0.00057,0.000571,0.000555,0.000558,190322898.0
2026-04-16 06:00:00,0.000559,0.000565,0.000556,0.000564,162857729.0
2026-04-16 07:00:00,0.000564,0.000566,0.000558,0.000561,162828977.0
2026-04-16 08:00:00,0.00056,0.000564,0.000556,0.000562,169946573.0
2026-04-16 09:00:00,0.000561,0.000565,0.000556,0.000556,114026203.0
2026-04-16 10:00:00,0.000556,0.000557,0.00055,0.000556,127342130.0
2026-04-16 11:00:00,0.000555,0.00056,0.000553,0.000558,118946408.0
2026-04-16 12:00:00,0.000558,0.000577,0.000558,0.000577,277351118.0
2026-04-16 13:00:00,0.000576,0.000583,0.000554,0.000563,613847923.0
2026-04-16 14:00:00,0.000563,0.00057,0.000555,0.000565,316628918.0
2026-04-16 15:00:00,0.000564,0.000588,0.000563,0.000588,155286797.0
2026-04-16 16:00:00,0.000587,0.000615,0.000582,0.000598,1141790409.0
2026-04-16 17:00:00,0.000598,0.00063,0.000597,0.000619,1284001303.0
2026-04-16 18:00:00,0.000619,0.000626,0.000613,0.000622,660138209.0
2026-04-16 19:00:00,0.000622,0.000708,0.000618,0.000653,3713671303.0
2026-04-16 20:00:00,0.000653,0.000653,0.000626,0.000633,1011110370.0
2026-04-16 21:00:00,0.000634,0.000645,0.000616,0.000624,584239086.0
2026-04-16 22:00:00,0.000625,0.000634,0.000623,0.000626,146024845.0
2026-04-16 23:00:00,0.000626,0.000635,0.000621,0.000624,120472648.0
2026-04-17 00:00:00,0.000623,0.000623,0.00061,0.000618,272658065.0
2026-04-17 01:00:00,0.000618,0.000633,0.000608,0.000613,437036796.0
2026-04-17 02:00:00,0.000612,0.000614,0.000602,0.000608,299011447.0
2026-04-17 03:00:00,0.000608,0.000609,0.000602,0.000606,173740884.0
2026-04-17 04:00:00,0.000605,0.000609,0.000596,0.000596,266684325.0
2026-04-17 05:00:00,0.000596,0.000596,0.00058,0.000581,250026925.0
2026-04-17 06:00:00,0.000581,0.00059,0.000578,0.000587,224633567.0
2026-04-17 07:00:00,0.000588,0.00059,0.000581,0.000584,124562973.0
2026-04-17 08:00:00,0.000584,0.000587,0.00058,0.000581,119235096.0
2026-04-17 09:00:00,0.000581,0.000582,0.000576,0.000579,171326447.0
2026-04-17 10:00:00,0.000578,0.00058,0.000566,0.000571,220126118.0
2026-04-17 11:00:00,0.000571,0.00058,0.000571,0.000576,45840331.0
2026-04-17 12:00:00,0.000575,0.000584,0.000574,0.000581,129012908.0
2026-04-17 13:00:00,0.000581,0.000594,0.000581,0.000592,300320432.0
2026-04-17 14:00:00,0.000591,0.000596,0.000589,0.000595,131800833.0
2026-04-17 15:00:00,0.000594,0.000595,0.000581,0.000586,125966102.0
2026-04-17 16:00:00,0.000586,0.000596,0.000584,0.000593,102538928.0
2026-04-17 17:00:00,0.000593,0.000594,0.000583,0.000584,178379702.0
2026-04-17 18:00:00,0.000585,0.000588,0.000582,0.000586,66029088.0
2026-04-17 19:00:00,0.000586,0.000592,0.000585,0.000588,93225179.0
2026-04-17 20:00:00,0.000589,0.000589,0.000581,0.000586,80171945.0
2026-04-17 21:00:00,0.000586,0.000588,0.000583,0.000586,41759090.0
2026-04-17 22:00:00,0.000585,0.00059,0.000584,0.000587,35048443.0
2026-04-17 23:00:00,0.000587,0.000588,0.000581,0.000583,51928901.0
2026-04-18 00:00:00,0.000582,0.000586,0.00058,0.000584,60613928.0
2026-04-18 01:00:00,0.000584,0.00059,0.000584,0.000589,41590843.0
2026-04-18 02:00:00,0.000588,0.000593,0.000585,0.000591,39545599.0
2026-04-18 03:00:00,0.00059,0.00059,0.000579,0.000582,63257959.0
2026-04-18 04:00:00,0.000582,0.000585,0.000579,0.000582,120876182.0
2026-04-18 05:00:00,0.000582,0.000593,0.000582,0.000591,41144794.0
2026-04-18 06:00:00,0.000592,0.000594,0.000587,0.000591,94844785.0
2026-04-18 07:00:00,0.00059,0.000599,0.00059,0.000595,112900592.0
2026-04-18 08:00:00,0.000595,0.000596,0.000579,0.000579,228130980.0
2026-04-18 09:00:00,0.000579,0.000579,0.000573,0.000574,114011436.0
2026-04-18 10:00:00,0.000573,0.000573,0.000566,0.000568,91806847.0
2026-04-18 11:00:00,0.000569,0.000569,0.000556,0.000561,154656530.0
2026-04-18 12:00:00,0.000561,0.000562,0.000554,0.000559,95393148.0
2026-04-18 13:00:00,0.000559,0.00056,0.000553,0.000557,81189484.0
2026-04-18 14:00:00,0.000556,0.00056,0.000554,0.000558,41290778.0
2026-04-18 15:00:00,0.000557,0.00056,0.000557,0.000559,40944118.0
2026-04-18 16:00:00,0.000558,0.000559,0.000553,0.000555,90610818.0
2026-04-18 17:00:00,0.000555,0.00056,0.000553,0.000558,68049835.0
2026-04-18 18:00:00,0.000557,0.000557,0.000546,0.000548,112295262.0
2026-04-18 19:00:00,0.000548,0.000551,0.000545,0.000546,61632739.0
2026-04-18 20:00:00,0.000546,0.00055,0.000544,0.000549,62346059.0
2026-04-18 21:00:00,0.000549,0.000552,0.000547,0.000547,19807100.0
2026-04-18 22:00:00,0.000548,0.000548,0.000545,0.000548,33099629.0
2026-04-18 23:00:00,0.000548,0.000548,0.000541,0.000542,39240158.0
2026-04-19 00:00:00,0.000543,0.000544,0.000537,0.000541,89056300.0
2026-04-19 01:00:00,0.000542,0.000544,0.000541,0.000543,72635228.0
2026-04-19 02:00:00,0.000542,0.000543,0.000533,0.000536,75286530.0
2026-04-19 03:00:00,0.000536,0.000545,0.000533,0.000541,49910419.0
2026-04-19 04:00:00,0.000541,0.000542,0.000536,0.000538,89356668.0
2026-04-19 05:00:00,0.000538,0.000551,0.000538,0.000546,94616602.0
2026-04-19 06:00:00,0.000545,0.000554,0.000541,0.000548,124723911.0
2026-04-19 07:00:00,0.000549,0.000549,0.000539,0.000543,81452189.0
2026-04-19 08:00:00,0.000543,0.000545,0.000539,0.00054,77102278.0
2026-04-19 09:00:00,0.00054,0.000541,0.000534,0.000539,63182065.0
2026-04-19 10:00:00,0.000538,0.000539,0.000534,0.000537,41898923.0
2026-04-19 11:00:00,0.000537,0.000547,0.000537,0.000544,51147603.0
2026-04-19 12:00:00,0.000544,0.000561,0.000544,0.000554,513635252.0
2026-04-19 13:00:00,0.000553,0.000566,0.000553,0.00056,229126755.0
2026-04-19 14:00:00,0.000561,0.000568,0.000558,0.00056,186187367.0
2026-04-19 15:00:00,0.00056,0.000572,0.000548,0.000572,320623983.0
2026-04-19 16:00:00,0.000571,0.000618,0.000556,0.000565,3419770152.0
2026-04-19 17:00:00,0.000566,0.000567,0.000554,0.000556,370950736.0
2026-04-19 18:00:00,0.000557,0.000564,0.000552,0.000562,208617784.0
2026-04-19 19:00:00,0.000562,0.000594,0.000561,0.000584,732000784.0
2026-04-19 20:00:00,0.000585,0.000585,0.000568,0.000571,323361204.0
2026-04-19 21:00:00,0.00057,0.000577,0.000564,0.000571,212137841.0
2026-04-19 22:00:00,0.00057,0.000571,0.000553,0.00056,124648253.0
2026-04-19 23:00:00,0.000559,0.000559,0.000552,0.000557,104268301.0
2026-04-20 00:00:00,0.000558,0.000565,0.000553,0.000563,87412225.0
2026-04-20 01:00:00,0.000564,0.000567,0.00056,0.000562,161711985.0
2026-04-20 02:00:00,0.000561,0.000578,0.00056,0.000575,266647265.0
2026-04-20 03:00:00,0.000574,0.00059,0.000574,0.000587,289082293.0
2026-04-20 04:00:00,0.000587,0.000592,0.000577,0.000581,283310974.0
2026-04-20 05:00:00,0.00058,0.000583,0.000561,0.000566,276458490.0
2026-04-20 06:00:00,0.000565,0.000572,0.00056,0.000564,128174802.0
2026-04-20 07:00:00,0.000565,0.000572,0.000561,0.000571,133668279.0
2026-04-20 08:00:00,0.00057,0.000581,0.000567,0.000574,198156910.0
2026-04-20 09:00:00,0.000574,0.00062,0.000573,0.00061,1548662187.0
2026-04-20 10:00:00,0.00061,0.00065,0.000595,0.000611,1848838626.0
2026-04-20 11:00:00,0.000612,0.000635,0.000602,0.000616,839833366.0
2026-04-20 12:00:00,0.000615,0.000618,0.000596,0.000599,761043333.0
2026-04-20 13:00:00,0.000598,0.000606,0.000592,0.000599,438179711.0
2026-04-20 14:00:00,0.000599,0.0006,0.000585,0.000595,514751635.0
2026-04-20 15:00:00,0.000595,0.000602,0.00059,0.000592,243616405.0
2026-04-20 16:00:00,0.000592,0.000597,0.000585,0.00059,272922220.0
2026-04-20 17:00:00,0.000591,0.000597,0.000587,0.000595,188338171.0
2026-04-20 18:00:00,0.000595,0.000598,0.000592,0.000593,146370401.0
2026-04-20 19:00:00,0.000593,0.000598,0.00059,0.000591,97786386.0
2026-04-20 20:00:00,0.000592,0.000596,0.000589,0.000594,98692346.0
2026-04-20 21:00:00,0.000593,0.000596,0.000588,0.000591,198601470.0
2026-04-20 22:00:00,0.000591,0.000592,0.000585,0.000585,87619541.0
2026-04-20 23:00:00,0.000585,0.000585,0.000574,0.000579,160622433.0
2026-04-21 00:00:00,0.000578,0.000584,0.000574,0.000582,106710260.0
2026-04-21 01:00:00,0.000582,0.000586,0.000578,0.000578,97278573.0
2026-04-21 02:00:00,0.000578,0.00058,0.000573,0.000575,105358940.0
2026-04-21 03:00:00,0.000575,0.000581,0.000572,0.000577,85649187.0
2026-04-21 04:00:00,0.000577,0.000582,0.000576,0.000582,66260531.0
2026-04-21 05:00:00,0.000581,0.000588,0.00058,0.000585,102684345.0
2026-04-21 06:00:00,0.000585,0.000587,0.000577,0.000578,154132397.0
2026-04-21 07:00:00,0.000578,0.000582,0.000574,0.000575,81682746.0
2026-04-21 08:00:00,0.000575,0.000584,0.000574,0.00058,296431428.0
2026-04-21 09:00:00,0.00058,0.000587,0.00058,0.000584,157028196.0
2026-04-21 10:00:00,0.000584,0.000589,0.000582,0.000587,72290000.0
2026-04-21 11:00:00,0.000587,0.000597,0.000586,0.000594,99289909.0
2026-04-21 12:00:00,0.000594,0.000597,0.000589,0.000592,159707144.0
2026-04-21 13:00:00,0.000592,0.000594,0.000583,0.000585,126265720.0
2026-04-21 14:00:00,0.000586,0.000588,0.000582,0.000584,105822229.0
2026-04-21 15:00:00,0.000584,0.000585,0.000576,0.000581,117887714.0
2026-04-21 16:00:00,0.000582,0.000585,0.000572,0.000572,196533084.0
2026-04-21 17:00:00,0.000572,0.000574,0.000563,0.000571,208122519.0
2026-04-21 18:00:00,0.000571,0.000572,0.000564,0.000567,80243166.0
2026-04-21 19:00:00,0.000567,0.000571,0.000562,0.000565,105807683.0
2026-04-21 20:00:00,0.000565,0.000574,0.000563,0.00057,129454872.0
2026-04-21 21:00:00,0.00057,0.000572,0.000567,0.00057,34400990.0
2026-04-21 22:00:00,0.00057,0.000571,0.000565,0.000567,29988737.0
2026-04-21 23:00:00,0.000567,0.000576,0.000566,0.000575,110280252.0
2026-04-22 00:00:00,0.000575,0.000581,0.000574,0.000576,71095737.0
2026-04-22 01:00:00,0.000576,0.000577,0.000572,0.000574,18074775.0
2026-04-22 02:00:00,0.000574,0.000583,0.000572,0.000583,77140619.0
2026-04-22 03:00:00,0.000582,0.000591,0.000581,0.000583,122515312.0
2026-04-22 04:00:00,0.000583,0.000585,0.000581,0.000584,35982112.0
2026-04-22 05:00:00,0.000585,0.000592,0.000584,0.000587,123398258.0
2026-04-22 06:00:00,0.000587,0.000587,0.000582,0.000583,41992339.0
2026-04-22 07:00:00,0.000583,0.000587,0.000582,0.000585,88015466.0
2026-04-22 08:00:00,0.000585,0.000592,0.000583,0.00059,98309311.0
2026-04-22 09:00:00,0.000589,0.000594,0.000585,0.000585,133328084.0
2026-04-22 10:00:00,0.000586,0.000589,0.000581,0.000587,80171592.0
2026-04-22 11:00:00,0.000588,0.000593,0.000586,0.000593,97660865.0
2026-04-22 12:00:00,0.000594,0.000595,0.000584,0.000584,97390701.0
2026-04-22 13:00:00,0.000584,0.000586,0.00058,0.000584,129916223.0
2026-04-22 14:00:00,0.000584,0.000591,0.000583,0.000589,74014932.0
2026-04-22 15:00:00,0.000589,0.000591,0.000584,0.000586,95105503.0
2026-04-22 16:00:00,0.000587,0.000592,0.000585,0.000587,78676621.0
2026-04-22 17:00:00,0.000586,0.000589,0.000583,0.000587,56176455.0
2026-04-22 18:00:00,0.000588,0.000592,0.000586,0.000586,70905384.0
2026-04-22 19:00:00,0.000586,0.000586,0.000577,0.00058,87845859.0
2026-04-22 20:00:00,0.00058,0.00058,0.000575,0.000576,39333202.0
2026-04-22 21:00:00,0.000576,0.000582,0.000576,0.000581,33565723.0
2026-04-22 22:00:00,0.000581,0.000581,0.000572,0.000573,14346416.0
2026-04-22 23:00:00,0.000573,0.000573,0.000566,0.000567,53720830.0
2026-04-23 00:00:00,0.000567,0.000569,0.000559,0.000567,106401848.0
2026-04-23 01:00:00,0.000567,0.000567,0.000561,0.000565,49981919.0
2026-04-23 02:00:00,0.000565,0.000566,0.000555,0.000559,58122202.0
2026-04-23 03:00:00,0.000559,0.00056,0.000552,0.000556,65510144.0
2026-04-23 04:00:00,0.000557,0.000561,0.000555,0.00056,31076513.0
2026-04-23 05:00:00,0.00056,0.000564,0.000559,0.000562,32515593.0
2026-04-23 06:00:00,0.000561,0.000566,0.000561,0.000564,31451331.0
2026-04-23 07:00:00,0.000564,0.000565,0.000559,0.00056,44036810.0
2026-04-23 08:00:00,0.00056,0.000563,0.000558,0.000562,20792798.0
2026-04-23 09:00:00,0.000562,0.000562,0.000556,0.000557,37885662.0
2026-04-23 10:00:00,0.000557,0.000557,0.000553,0.000556,78900469.0
2026-04-23 11:00:00,0.000556,0.000564,0.000556,0.000561,35687535.0
2026-04-23 12:00:00,0.000561,0.000564,0.00056,0.000563,61700294.0
2026-04-23 13:00:00,0.000563,0.000565,0.000562,0.000564,21492139.0
2026-04-23 14:00:00,0.000563,0.000569,0.000562,0.000567,71689156.0
2026-04-23 15:00:00,0.000568,0.000573,0.000566,0.000571,152104670.0
2026-04-23 16:00:00,0.000571,0.000572,0.000567,0.000567,27262308.0
2026-04-23 17:00:00,0.000568,0.000569,0.000553,0.000559,158116721.0
2026-04-23 18:00:00,0.000559,0.000561,0.000557,0.000558,50890801.0
2026-04-23 19:00:00,0.000557,0.000564,0.000556,0.000561,107035263.0
2026-04-23 20:00:00,0.000561,0.000567,0.000561,0.000564,41293349.0
2026-04-23 21:00:00,0.000565,0.000571,0.000564,0.00057,21475062.0
2026-04-23 22:00:00,0.000569,0.000571,0.000568,0.000568,29146169.0
2026-04-23 23:00:00,0.000568,0.000571,0.000568,0.00057,88167228.0
2026-04-24 00:00:00,0.000569,0.000573,0.000569,0.000572,77922954.0
2026-04-24 01:00:00,0.000571,0.000571,0.000568,0.000571,43603507.0
2026-04-24 02:00:00,0.000572,0.000575,0.000569,0.000572,42878720.0
2026-04-24 03:00:00,0.000573,0.000573,0.000566,0.000569,51474839.0
2026-04-24 04:00:00,0.00057,0.000571,0.000565,0.000565,45310735.0
2026-04-24 05:00:00,0.000565,0.000572,0.000563,0.00057,53574899.0
2026-04-24 06:00:00,0.000571,0.000573,0.000567,0.000572,50419972.0
2026-04-24 07:00:00,0.000573,0.000577,0.000572,0.000575,50754441.0
2026-04-24 08:00:00,0.000575,0.00058,0.000573,0.000578,138356814.0
2026-04-24 09:00:00,0.000578,0.00058,0.000574,0.000576,43253727.0
2026-04-24 10:00:00,0.000576,0.000581,0.000574,0.00058,57065411.0
2026-04-24 11:00:00,0.000578,0.000583,0.000578,0.000581,66596810.0
2026-04-24 12:00:00,0.00058,0.000583,0.000578,0.00058,33977182.0
2026-04-24 13:00:00,0.00058,0.000581,0.000577,0.000578,50901941.0
2026-04-24 14:00:00,0.000577,0.000579,0.000574,0.000576,62737135.0
2026-04-24 15:00:00,0.000577,0.000583,0.000572,0.000583,68742169.0
2026-04-24 16:00:00,0.000584,0.000585,0.000579,0.000581,84106151.0
2026-04-24 17:00:00,0.000581,0.000583,0.000578,0.000581,73955908.0
2026-04-24 18:00:00,0.000582,0.000587,0.000579,0.000585,54842258.0
2026-04-24 19:00:00,0.000586,0.000596,0.000586,0.00059,434528667.0
2026-04-24 20:00:00,0.00059,0.000591,0.000581,0.000586,93045946.0
2026-04-24 21:00:00,0.000586,0.000588,0.00058,0.000582,85120299.0
2026-04-24 22:00:00,0.000583,0.000583,0.000574,0.000575,181662981.0
2026-04-24 23:00:00,0.000576,0.000577,0.000575,0.000576,13614141.0
2026-04-25 00:00:00,0.000576,0.000577,0.000573,0.000576,41725117.0
2026-04-25 01:00:00,0.000576,0.000582,0.000576,0.00058,36552252.0
2026-04-25 02:00:00,0.000581,0.000582,0.000578,0.000581,27291296.0
2026-04-25 03:00:00,0.000581,0.000582,0.000578,0.000581,27436151.0
2026-04-25 04:00:00,0.000581,0.000584,0.00058,0.000581,70007439.0
2026-04-25 05:00:00,0.00058,0.000584,0.000577,0.000582,26685788.0
2026-04-25 06:00:00,0.000582,0.000583,0.000579,0.000579,76453726.0
2026-04-25 07:00:00,0.000579,0.00058,0.000578,0.000579,35592310.0
2026-04-25 08:00:00,0.000578,0.000581,0.000577,0.000578,38586574.0
2026-04-25 09:00:00,0.000578,0.000581,0.000578,0.000579,31735271.0
2026-04-25 10:00:00,0.000579,0.00058,0.000577,0.000578,48172930.0
2026-04-25 11:00:00,0.000577,0.000578,0.000572,0.000574,54070504.0
2026-04-25 12:00:00,0.000575,0.000575,0.000569,0.00057,63226702.0
2026-04-25 13:00:00,0.00057,0.000574,0.00057,0.000572,22475669.0
2026-04-25 14:00:00,0.000571,0.000571,0.000567,0.000568,68232119.0
2026-04-25 15:00:00,0.000567,0.000569,0.000565,0.000566,34442083.0
2026-04-25 16:00:00,0.000566,0.000569,0.000563,0.000563,54603724.0
2026-04-25 17:00:00,0.000564,0.000564,0.00056,0.000561,46366171.0
2026-04-25 18:00:00,0.000561,0.000567,0.000561,0.000565,39221206.0
2026-04-25 19:00:00,0.000564,0.000566,0.000562,0.000563,39120554.0
2026-04-25 20:00:00,0.000563,0.000566,0.000562,0.000566,18999665.0
2026-04-25 21:00:00,0.000567,0.000568,0.000565,0.000568,21259227.0
2026-04-25 22:00:00,0.000568,0.000574,0.000567,0.000571,62490902.0
2026-04-25 23:00:00,0.000571,0.000571,0.00057,0.00057,33209896.0
2026-04-26 00:00:00,0.000571,0.000571,0.000567,0.000569,28649507.0
2026-04-26 01:00:00,0.000568,0.000569,0.000566,0.000566,23494016.0
2026-04-26 02:00:00,0.000566,0.000573,0.000566,0.000571,19138641.0
2026-04-26 03:00:00,0.000572,0.000574,0.000571,0.000574,16041240.0
2026-04-26 04:00:00,0.000575,0.000581,0.000574,0.000579,40489350.0
2026-04-26 05:00:00,0.000579,0.000587,0.000579,0.000585,68253860.0
2026-04-26 06:00:00,0.000585,0.00059,0.000584,0.000588,85407976.0
2026-04-26 07:00:00,0.000588,0.000588,0.000583,0.000584,41863915.0
2026-04-26 08:00:00,0.000583,0.000585,0.000582,0.000585,33920903.0
2026-04-26 09:00:00,0.000584,0.000586,0.000582,0.000585,44553438.0
2026-04-26 10:00:00,0.000585,0.000585,0.000581,0.000584,26691392.0
2026-04-26 11:00:00,0.000583,0.000586,0.000581,0.000586,27418744.0
2026-04-26 12:00:00,0.000586,0.000586,0.000578,0.000579,56665293.0
2026-04-26 13:00:00,0.000579,0.000579,0.000574,0.000574,18761741.0
2026-04-26 14:00:00,0.000574,0.00058,0.000574,0.000578,48480581.0
2026-04-26 15:00:00,0.000577,0.000578,0.000575,0.000577,26909304.0
2026-04-26 16:00:00,0.000577,0.000578,0.000573,0.000575,26534282.0
2026-04-26 17:00:00,0.000576,0.000576,0.000573,0.000576,15053723.0
2026-04-26 18:00:00,0.000576,0.000577,0.000574,0.000575,38760717.0
2026-04-26 19:00:00,0.000576,0.000578,0.000575,0.000576,29165932.0
2026-04-26 20:00:00,0.000576,0.000577,0.000574,0.000576,18002378.0
2026-04-26 21:00:00,0.000576,0.00058,0.000571,0.000577,73886443.0
2026-04-26 22:00:00,0.000577,0.000579,0.000573,0.000575,55901478.0
2026-04-26 23:00:00,0.000574,0.000577,0.000573,0.000575,29496970.0
2026-04-27 00:00:00,0.000575,0.000578,0.00057,0.000577,87510040.0
2026-04-27 01:00:00,0.000578,0.000583,0.000577,0.000582,42392912.0
2026-04-27 02:00:00,0.000582,0.000586,0.00058,0.000586,103652535.0
2026-04-27 03:00:00,0.000585,0.000589,0.000584,0.000584,146949167.0
2026-04-27 04:00:00,0.000584,0.000585,0.000582,0.000584,34890886.0
2026-04-27 05:00:00,0.000584,0.000584,0.000567,0.000575,195366421.0
2026-04-27 06:00:00,0.000574,0.000574,0.000561,0.000564,99701846.0
2026-04-27 07:00:00,0.000564,0.000564,0.000558,0.000559,41960426.0
2026-04-27 08:00:00,0.000559,0.000564,0.000558,0.000564,45601310.0
2026-04-27 09:00:00,0.000564,0.000566,0.000563,0.000565,40431889.0
2026-04-27 10:00:00,0.000565,0.000566,0.000563,0.000563,30708744.0
2026-04-27 11:00:00,0.000564,0.000565,0.000562,0.000564,21086483.0
2026-04-27 12:00:00,0.000565,0.000565,0.000562,0.000564,16790113.0
2026-04-27 13:00:00,0.000564,0.000564,0.00056,0.000562,76397323.0
2026-04-27 14:00:00,0.000563,0.000572,0.000563,0.000567,78795876.0
2026-04-27 15:00:00,0.000567,0.000568,0.000554,0.000555,101703238.0
2026-04-27 16:00:00,0.000555,0.000559,0.000553,0.000559,43888086.0
2026-04-27 17:00:00,0.00056,0.000562,0.000559,0.000559,24849988.0
2026-04-27 18:00:00,0.000559,0.00056,0.000556,0.000558,46223447.0
2026-04-27 19:00:00,0.000558,0.000558,0.000554,0.000556,28654794.0
2026-04-27 20:00:00,0.000558,0.000561,0.000558,0.000559,34201474.0
2026-04-27 21:00:00,0.000559,0.000561,0.000557,0.000559,16338893.0
2026-04-27 22:00:00,0.000559,0.000565,0.000558,0.000564,32443244.0
2026-04-27 23:00:00,0.000564,0.000569,0.000564,0.000568,33674316.0
2026-04-28 00:00:00,0.000567,0.000568,0.000564,0.000567,16270741.0
2026-04-28 01:00:00,0.000566,0.00057,0.000566,0.000567,67953600.0
2026-04-28 02:00:00,0.000567,0.000568,0.000563,0.000566,26704800.0
2026-04-28 03:00:00,0.000566,0.000567,0.000565,0.000567,6807623.0
2026-04-28 04:00:00,0.000568,0.00057,0.000566,0.00057,38600214.0
2026-04-28 05:00:00,0.000571,0.000572,0.000569,0.000571,43131979.0
2026-04-28 06:00:00,0.000571,0.000573,0.000567,0.000569,45677037.0
2026-04-28 07:00:00,0.000568,0.000568,0.000563,0.000567,41692960.0
2026-04-28 08:00:00,0.000566,0.000569,0.000565,0.000566,15054299.0
2026-04-28 09:00:00,0.000567,0.000568,0.000562,0.000564,25331134.0
2026-04-28 10:00:00,0.000564,0.000566,0.000563,0.000564,27305701.0
2026-04-28 11:00:00,0.000564,0.000564,0.000559,0.000559,35741851.0
2026-04-28 12:00:00,0.00056,0.000564,0.000558,0.000563,29960655.0
2026-04-28 13:00:00,0.000564,0.000566,0.00056,0.000564,34975511.0
2026-04-28 14:00:00,0.000563,0.000563,0.000558,0.000563,38600104.0
2026-04-28 15:00:00,0.000564,0.000571,0.000563,0.000569,69566457.0
2026-04-28 16:00:00,0.000569,0.000571,0.000567,0.000569,74293821.0
2026-04-28 17:00:00,0.000569,0.000571,0.000566,0.00057,21261291.0
2026-04-28 18:00:00,0.000569,0.000572,0.000568,0.000571,58902118.0
2026-04-28 19:00:00,0.000571,0.000576,0.00057,0.000574,65226346.0
2026-04-28 20:00:00,0.000575,0.000576,0.000572,0.000572,28408650.0
2026-04-28 21:00:00,0.000573,0.000573,0.000571,0.000571,14689437.0
2026-04-28 22:00:00,0.000571,0.000573,0.00057,0.00057,11621970.0
2026-04-28 23:00:00,0.000569,0.000572,0.000569,0.000572,11769329.0
2026-04-29 00:00:00,0.000571,0.000575,0.000571,0.000575,26004936.0
2026-04-29 01:00:00,0.000575,0.000575,0.00057,0.000574,84036366.0
2026-04-29 02:00:00,0.000574,0.000577,0.000574,0.000576,69524186.0
2026-04-29 03:00:00,0.000577,0.000582,0.000577,0.00058,67666000.0
2026-04-29 04:00:00,0.00058,0.000583,0.000576,0.000583,92963288.0
2026-04-29 05:00:00,0.000583,0.000586,0.000583,0.000584,48588356.0
2026-04-29 06:00:00,0.000584,0.000586,0.00058,0.000582,62150177.0
2026-04-29 07:00:00,0.000582,0.000585,0.000578,0.000583,65721326.0
2026-04-29 08:00:00,0.000585,0.000587,0.000583,0.000584,85408674.0
2026-04-29 09:00:00,0.000583,0.000598,0.000581,0.000598,159985236.0
2026-04-29 10:00:00,0.000598,0.000601,0.000593,0.000595,220249137.0
2026-04-29 11:00:00,0.000595,0.000597,0.000588,0.000589,109448258.0
2026-04-29 12:00:00,0.000589,0.000589,0.000579,0.000584,155110856.0
2026-04-29 13:00:00,0.000583,0.000586,0.000578,0.000581,98473735.0
2026-04-29 14:00:00,0.000581,0.000583,0.000577,0.000578,50793717.0
2026-04-29 15:00:00,0.000578,0.000578,0.000567,0.000568,110025433.0
2026-04-29 16:00:00,0.000569,0.000574,0.000567,0.000568,68097256.0
2026-04-29 17:00:00,0.000569,0.000577,0.000569,0.000577,89070394.0
2026-04-29 18:00:00,0.000577,0.000577,0.000554,0.000565,266981411.0
2026-04-29 19:00:00,0.000566,0.000567,0.000561,0.000563,51955755.0
2026-04-29 20:00:00,0.000563,0.000568,0.000562,0.000566,68925499.0
2026-04-29 21:00:00,0.000565,0.000572,0.000564,0.00057,39972600.0
2026-04-29 22:00:00,0.000569,0.000571,0.000567,0.000567,69645847.0
2026-04-29 23:00:00,0.000567,0.000568,0.000564,0.000567,38531332.0
2026-04-30 00:00:00,0.000568,0.000576,0.000566,0.000575,45370700.0
2026-04-30 01:00:00,0.000574,0.000576,0.000571,0.000573,32815153.0
2026-04-30 02:00:00,0.000573,0.000573,0.000562,0.000565,74493051.0
2026-04-30 03:00:00,0.000564,0.000566,0.000562,0.000565,36174669.0
2026-04-30 04:00:00,0.000564,0.000564,0.000559,0.00056,58323588.0
2026-04-30 05:00:00,0.00056,0.000564,0.000557,0.00056,47075678.0
2026-04-30 06:00:00,0.00056,0.000566,0.00056,0.000566,37289293.0
2026-04-30 07:00:00,0.000566,0.000571,0.000563,0.00057,92852067.0
2026-04-30 08:00:00,0.00057,0.000571,0.000568,0.000568,73616649.0
2026-04-30 09:00:00,0.000568,0.000572,0.000566,0.000569,105552957.0
2026-04-30 10:00:00,0.000568,0.000568,0.000563,0.000565,44085237.0
2026-04-30 11:00:00,0.000565,0.000568,0.000561,0.000564,111715049.0
2026-04-30 12:00:00,0.000565,0.000567,0.000563,0.000564,61343768.0
2026-04-30 13:00:00,0.000564,0.000565,0.000562,0.000562,49143903.0
2026-04-30 14:00:00,0.000563,0.000567,0.000561,0.000565,38808161.0
2026-04-30 15:00:00,0.000565,0.000571,0.000564,0.00057,50458387.0
2026-04-30 16:00:00,0.000569,0.000572,0.000568,0.000568,57408858.0
2026-04-30 17:00:00,0.000569,0.000569,0.000566,0.000568,17105883.0
2026-04-30 18:00:00,0.000568,0.000569,0.000563,0.000564,81487433.0
2026-04-30 19:00:00,0.000564,0.000566,0.000562,0.000562,15535148.0
2026-04-30 20:00:00,0.000562,0.000563,0.000561,0.000562,30043248.0
2026-04-30 21:00:00,0.000562,0.000564,0.000561,0.000562,42918071.0
2026-04-30 22:00:00,0.000562,0.000563,0.000561,0.000561,15190213.0
2026-04-30 23:00:00,0.000561,0.000562,0.00056,0.000562,12173204.0
2026-05-01 00:00:00,0.000562,0.000565,0.000562,0.000562,42789794.0
2026-05-01 01:00:00,0.000562,0.00057,0.000562,0.000569,19633785.0
2026-05-01 02:00:00,0.000569,0.00057,0.000566,0.000568,15907124.0
2026-05-01 03:00:00,0.000568,0.000578,0.000567,0.000573,28780288.0
2026-05-01 04:00:00,0.000573,0.000576,0.000569,0.000569,51790849.0
2026-05-01 05:00:00,0.00057,0.000573,0.000569,0.00057,30541295.0
2026-05-01 06:00:00,0.00057,0.00057,0.000564,0.000565,12744167.0
2026-05-01 07:00:00,0.000565,0.000567,0.000563,0.000566,27279885.0
2026-05-01 08:00:00,0.000566,0.000566,0.000564,0.000566,25564233.0
2026-05-01 09:00:00,0.000566,0.000567,0.000562,0.000563,19738902.0
2026-05-01 10:00:00,0.000564,0.000564,0.00056,0.000564,33398375.0
2026-05-01 11:00:00,0.000564,0.000566,0.000562,0.000565,29763811.0
2026-05-01 12:00:00,0.000564,0.00057,0.000564,0.000569,42630448.0
2026-05-01 13:00:00,0.000568,0.000575,0.000568,0.000574,76208724.0
2026-05-01 14:00:00,0.000573,0.000574,0.00057,0.000572,52713729.0
2026-05-01 15:00:00,0.000572,0.000575,0.000569,0.000572,99358702.0
2026-05-01 16:00:00,0.000573,0.000574,0.000568,0.000571,48702201.0
2026-05-01 17:00:00,0.000571,0.000572,0.000566,0.000569,60444202.0
2026-05-01 18:00:00,0.000568,0.000571,0.000568,0.00057,32603694.0
2026-05-01 19:00:00,0.000569,0.000572,0.000567,0.000568,26207248.0
2026-05-01 20:00:00,0.000568,0.000569,0.000563,0.000563,37327343.0
2026-05-01 21:00:00,0.000563,0.000567,0.000562,0.000565,28390345.0
2026-05-01 22:00:00,0.000564,0.000566,0.000561,0.000562,16007764.0
2026-05-01 23:00:00,0.000561,0.000562,0.000558,0.000559,41938612.0
2026-05-02 00:00:00,0.00056,0.000563,0.000558,0.000562,15326004.0
2026-05-02 01:00:00,0.000562,0.000565,0.000562,0.000564,15008527.0
2026-05-02 02:00:00,0.000565,0.000565,0.000561,0.000561,8122182.0
2026-05-02 03:00:00,0.000561,0.000563,0.000559,0.000562,17283144.0
2026-05-02 04:00:00,0.000561,0.000562,0.000559,0.000559,28410415.0
2026-05-02 05:00:00,0.000559,0.000561,0.000556,0.00056,32319561.0
2026-05-02 06:00:00,0.00056,0.000563,0.00056,0.000563,27217387.0
2026-05-02 07:00:00,0.000563,0.000564,0.000562,0.000563,14018738.0
2026-05-02 08:00:00,0.000563,0.000563,0.000558,0.000561,70579123.0
2026-05-02 09:00:00,0.000561,0.000565,0.00056,0.000562,55306394.0
2026-05-02 10:00:00,0.000562,0.000565,0.000562,0.000563,20670933.0
2026-05-02 11:00:00,0.000563,0.000563,0.00056,0.000562,20180094.0
2026-05-02 12:00:00,0.000562,0.000568,0.000562,0.000563,155549668.0
2026-05-02 13:00:00,0.000562,0.000569,0.000562,0.000567,42221772.0
2026-05-02 14:00:00,0.000567,0.00058,0.000567,0.000579,118881244.0
2026-05-02 15:00:00,0.000579,0.000587,0.000577,0.000581,252426565.0
2026-05-02 16:00:00,0.000581,0.000586,0.000579,0.000584,151344687.0
2026-05-02 17:00:00,0.000584,0.000586,0.000578,0.000579,131324601.0
2026-05-02 18:00:00,0.00058,0.000582,0.000575,0.000579,77226708.0
2026-05-02 19:00:00,0.000578,0.00058,0.000576,0.000578,27114565.0
2026-05-02 20:00:00,0.000578,0.000579,0.000575,0.000577,16551071.0
2026-05-02 21:00:00,0.000576,0.00058,0.000575,0.000576,80084151.0
2026-05-02 22:00:00,0.000576,0.000577,0.000573,0.000574,54261834.0
2026-05-02 23:00:00,0.000574,0.000574,0.000572,0.000573,39809511.0
2026-05-03 00:00:00,0.000573,0.000574,0.000568,0.00057,51221351.0
2026-05-03 01:00:00,0.00057,0.00057,0.000563,0.000564,41260751.0
2026-05-03 02:00:00,0.000564,0.000566,0.00056,0.000562,54718509.0
2026-05-03 03:00:00,0.000562,0.000564,0.00056,0.000562,17367027.0
2026-05-03 04:00:00,0.000562,0.000563,0.000561,0.000562,15425065.0
2026-05-03 05:00:00,0.000563,0.000564,0.000559,0.00056,146541463.0
2026-05-03 06:00:00,0.000559,0.000562,0.000556,0.000559,76773581.0
2026-05-03 07:00:00,0.000559,0.000561,0.000558,0.000559,69694406.0
2026-05-03 08:00:00,0.000558,0.000563,0.000558,0.000562,53995819.0
2026-05-03 09:00:00,0.000562,0.000565,0.000561,0.000564,89828362.0
2026-05-03 10:00:00,0.000564,0.000566,0.000562,0.000562,65279566.0
2026-05-03 11:00:00,0.000561,0.000566,0.00056,0.000564,86786321.0
2026-05-03 12:00:00,0.000564,0.000568,0.000563,0.000563,76446780.0
2026-05-03 13:00:00,0.000563,0.000564,0.00056,0.000561,86870468.0
2026-05-03 14:00:00,0.000561,0.000564,0.00056,0.000563,74524279.0
2026-05-03 15:00:00,0.000563,0.000564,0.000562,0.000562,54665909.0
2026-05-03 16:00:00,0.000563,0.000566,0.000562,0.000564,29317127.0
2026-05-03 17:00:00,0.000565,0.000568,0.000563,0.000568,26921417.0
2026-05-03 18:00:00,0.000568,0.000569,0.000566,0.000566,37011655.0
2026-05-03 19:00:00,0.000566,0.000571,0.000566,0.000567,49079281.0
2026-05-03 20:00:00,0.000567,0.000569,0.000565,0.000567,92671834.0
2026-05-03 21:00:00,0.000567,0.000567,0.000561,0.000563,36920170.0
2026-05-03 22:00:00,0.000564,0.000573,0.000563,0.00057,57374768.0
2026-05-03 23:00:00,0.00057,0.000572,0.000563,0.000563,131047123.0
2026-05-04 00:00:00,0.000563,0.000565,0.000559,0.000565,64062780.0
2026-05-04 01:00:00,0.000565,0.000577,0.000563,0.000575,131404630.0
2026-05-04 02:00:00,0.000576,0.000581,0.000576,0.00058,190650034.0
2026-05-04 03:00:00,0.00058,0.000581,0.000576,0.000578,94636115.0
2026-05-04 04:00:00,0.000579,0.000584,0.000579,0.000581,65546057.0
2026-05-04 05:00:00,0.000581,0.000581,0.000577,0.000578,32938146.0
2026-05-04 06:00:00,0.000578,0.000578,0.000572,0.000576,103654998.0
2026-05-04 07:00:00,0.000575,0.000577,0.000572,0.000573,45321641.0
2026-05-04 08:00:00,0.000573,0.000575,0.00057,0.000571,93679749.0
2026-05-04 09:00:00,0.000571,0.000588,0.000571,0.000579,201376432.0
2026-05-04 10:00:00,0.000579,0.00058,0.00056,0.000563,408163584.0
2026-05-04 11:00:00,0.000563,0.000566,0.000563,0.000565,44899151.0
2026-05-04 12:00:00,0.000565,0.000569,0.000564,0.000567,39680359.0
2026-05-04 13:00:00,0.000566,0.000571,0.000564,0.00057,149219198.0
2026-05-04 14:00:00,0.000569,0.000578,0.000567,0.000577,114260192.0
2026-05-04 15:00:00,0.000576,0.000577,0.000567,0.000571,129075154.0
2026-05-04 16:00:00,0.00057,0.000577,0.000569,0.000575,171141314.0
2026-05-04 17:00:00,0.000575,0.000581,0.000575,0.00058,88412452.0
2026-05-04 18:00:00,0.000579,0.000581,0.000577,0.00058,34765049.0
2026-05-04 19:00:00,0.00058,0.00058,0.000576,0.000576,26012023.0
2026-05-04 20:00:00,0.000577,0.000577,0.000572,0.000575,77149955.0
2026-05-04 21:00:00,0.000575,0.000586,0.000575,0.000585,58610655.0
2026-05-04 22:00:00,0.000585,0.000586,0.000577,0.000578,32083891.0
2026-05-04 23:00:00,0.000578,0.000579,0.000576,0.000578,42291898.0
2026-05-05 00:00:00,0.000579,0.000594,0.000578,0.000591,252017623.0
2026-05-05 01:00:00,0.000592,0.000612,0.000591,0.00061,375630757.0
2026-05-05 02:00:00,0.00061,0.000611,0.0006,0.00061,393746288.0
2026-05-05 03:00:00,0.000611,0.000619,0.000607,0.000613,463058329.0
2026-05-05 04:00:00,0.000613,0.000618,0.000607,0.00061,417583543.0
2026-05-05 05:00:00,0.00061,0.000626,0.000609,0.00062,499429477.0
2026-05-05 06:00:00,0.00062,0.000622,0.000601,0.000605,372006122.0
2026-05-05 07:00:00,0.000605,0.000633,0.000604,0.000626,803946467.0
2026-05-05 08:00:00,0.000627,0.000638,0.000617,0.000619,759966677.0
2026-05-05 09:00:00,0.000619,0.000621,0.000606,0.000608,409565147.0
2026-05-05 10:00:00,0.000608,0.000615,0.000602,0.000606,226504021.0
2026-05-05 11:00:00,0.000606,0.000611,0.000602,0.000609,216540965.0
2026-05-05 12:00:00,0.000609,0.000616,0.000605,0.00061,293780182.0
2026-05-05 13:00:00,0.000612,0.000613,0.000601,0.000606,234842036.0
2026-05-05 14:00:00,0.000606,0.00061,0.000596,0.0006,308859332.0
2026-05-05 15:00:00,0.000601,0.000603,0.000597,0.000599,117646048.0
2026-05-05 16:00:00,0.000599,0.000603,0.000597,0.000601,106916696.0
2026-05-05 17:00:00,0.000601,0.000604,0.000595,0.000599,280813733.0
2026-05-05 18:00:00,0.000599,0.000603,0.000597,0.000597,154164057.0
2026-05-05 19:00:00,0.000597,0.000599,0.000596,0.000598,80830382.0
2026-05-05 20:00:00,0.000598,0.000602,0.000595,0.000602,131907615.0
2026-05-05 21:00:00,0.000602,0.000603,0.000599,0.0006,81359018.0
2026-05-05 22:00:00,0.000601,0.000605,0.000595,0.000596,157500522.0
2026-05-05 23:00:00,0.000596,0.000598,0.000593,0.000596,93664792.0
2026-05-06 00:00:00,0.000596,0.000599,0.000592,0.000596,84264041.0
2026-05-06 01:00:00,0.000596,0.000607,0.000595,0.000607,61014643.0
2026-05-06 02:00:00,0.000607,0.00061,0.000602,0.00061,168885294.0
2026-05-06 03:00:00,0.000611,0.000613,0.000608,0.000609,109550521.0
2026-05-06 04:00:00,0.000609,0.000612,0.000607,0.000607,82890877.0
2026-05-06 05:00:00,0.000607,0.000621,0.000607,0.00062,365066536.0
2026-05-06 06:00:00,0.00062,0.000621,0.000613,0.000614,168247495.0
2026-05-06 07:00:00,0.000613,0.000619,0.000611,0.000615,187236373.0
2026-05-06 08:00:00,0.000615,0.000623,0.000615,0.000622,138173039.0
2026-05-06 09:00:00,0.000622,0.000624,0.000618,0.000621,178447689.0
2026-05-06 10:00:00,0.00062,0.000621,0.000617,0.000619,66155919.0
2026-05-06 11:00:00,0.000619,0.000619,0.000613,0.000615,144228655.0
2026-05-06 12:00:00,0.000616,0.000619,0.000613,0.000616,199107896.0
2026-05-06 13:00:00,0.000615,0.000615,0.000601,0.000603,231063682.0
2026-05-06 14:00:00,0.000602,0.000604,0.000594,0.000602,110722856.0
2026-05-06 15:00:00,0.000602,0.000605,0.000599,0.000603,129242892.0
2026-05-06 16:00:00,0.000603,0.000607,0.000601,0.000606,61581621.0
2026-05-06 17:00:00,0.000606,0.000611,0.000603,0.000604,118042297.0
2026-05-06 18:00:00,0.000605,0.000607,0.000602,0.000607,61981673.0
2026-05-06 19:00:00,0.000607,0.000608,0.000602,0.000605,48808114.0
2026-05-06 20:00:00,0.000605,0.000611,0.000605,0.000608,55990983.0
2026-05-06 21:00:00,0.000608,0.000617,0.000607,0.000616,51842399.0
2026-05-06 22:00:00,0.000615,0.000615,0.000608,0.000609,32959386.0
2026-05-06 23:00:00,0.000608,0.000612,0.000604,0.000611,34248782.0
2026-05-07 00:00:00,0.00061,0.000611,0.000602,0.000602,55398911.0
2026-05-07 01:00:00,0.000602,0.000605,0.000598,0.000601,180462978.0
2026-05-07 02:00:00,0.0006,0.000602,0.000594,0.000601,121774325.0
2026-05-07 03:00:00,0.0006,0.000604,0.000597,0.000597,84549320.0
2026-05-07 04:00:00,0.000598,0.000609,0.000597,0.000609,104132468.0
2026-05-07 05:00:00,0.00061,0.000618,0.00061,0.000614,260401228.0
2026-05-07 06:00:00,0.000614,0.000617,0.000609,0.000617,79446886.0
2026-05-07 07:00:00,0.000617,0.000619,0.000616,0.000617,67217557.0
2026-05-07 08:00:00,0.000616,0.000619,0.000614,0.000618,73793378.0
2026-05-07 09:00:00,0.000617,0.00062,0.000614,0.000617,57038203.0
2026-05-07 10:00:00,0.000616,0.00062,0.00061,0.000612,82768383.0
2026-05-07 11:00:00,0.000612,0.000616,0.00061,0.000613,60969442.0
2026-05-07 12:00:00,0.000613,0.000622,0.000613,0.000621,75981961.0
2026-05-07 13:00:00,0.000621,0.000622,0.000609,0.000612,134698389.0
2026-05-07 14:00:00,0.000612,0.000612,0.000601,0.000606,139826480.0
2026-05-07 15:00:00,0.000605,0.000607,0.000599,0.000603,93770116.0
2026-05-07 16:00:00,0.000603,0.00061,0.000602,0.000607,78216632.0
2026-05-07 17:00:00,0.000606,0.000611,0.000605,0.000611,98693157.0
2026-05-07 18:00:00,0.000611,0.000619,0.000611,0.000613,81427839.0
2026-05-07 19:00:00,0.000613,0.000619,0.00061,0.000617,156898534.0
2026-05-07 20:00:00,0.000617,0.000622,0.000616,0.000617,139349361.0
2026-05-07 21:00:00,0.000617,0.000619,0.000612,0.000616,150009330.0
2026-05-07 22:00:00,0.000615,0.000615,0.00061,0.000612,77688804.0
2026-05-07 23:00:00,0.000612,0.000614,0.000608,0.000613,61379004.0
2026-05-08 00:00:00,0.000613,0.000615,0.00061,0.000611,42241173.0
2026-05-08 01:00:00,0.000612,0.000614,0.000608,0.00061,32599128.0
2026-05-08 02:00:00,0.00061,0.00061,0.000604,0.000608,85185698.0
2026-05-08 03:00:00,0.000608,0.000616,0.000603,0.000615,66266937.0
2026-05-08 04:00:00,0.000614,0.000617,0.000612,0.000614,47452826.0
2026-05-08 05:00:00,0.000614,0.000618,0.000613,0.000613,50236163.0
2026-05-08 06:00:00,0.000612,0.000616,0.00061,0.000615,83325596.0
2026-05-08 07:00:00,0.000615,0.000615,0.000609,0.000612,84559878.0
2026-05-08 08:00:00,0.000611,0.00062,0.000611,0.000617,148125181.0
2026-05-08 09:00:00,0.000617,0.000623,0.000616,0.000621,103671735.0
2026-05-08 10:00:00,0.000621,0.00063,0.000618,0.000626,262394780.0
2026-05-08 11:00:00,0.000625,0.000634,0.000624,0.000633,210936544.0
2026-05-08 12:00:00,0.000632,0.000633,0.000621,0.000623,187105488.0
2026-05-08 13:00:00,0.000623,0.000626,0.000618,0.000622,130377305.0
2026-05-08 14:00:00,0.000623,0.000637,0.000621,0.000632,162516646.0
2026-05-08 15:00:00,0.000632,0.000636,0.000626,0.000635,84755616.0
2026-05-08 16:00:00,0.000635,0.000637,0.000632,0.000634,112612232.0
2026-05-08 17:00:00,0.000636,0.000642,0.000633,0.000636,118125796.0
2026-05-08 18:00:00,0.000638,0.000646,0.000638,0.000641,219042975.0
2026-05-08 19:00:00,0.00064,0.000643,0.000639,0.000639,81351424.0
2026-05-08 20:00:00,0.00064,0.000641,0.000636,0.000638,148355836.0
2026-05-08 21:00:00,0.000637,0.000641,0.000635,0.000641,49454301.0
2026-05-08 22:00:00,0.00064,0.000642,0.000638,0.000639,59366535.0
2026-05-08 23:00:00,0.000639,0.000639,0.000635,0.000639,45161985.0
2026-05-09 00:00:00,0.000638,0.000644,0.000637,0.000642,55970033.0
2026-05-09 01:00:00,0.000641,0.000646,0.00064,0.000643,32764755.0
2026-05-09 02:00:00,0.000643,0.000643,0.000637,0.000638,144724418.0
2026-05-09 03:00:00,0.000637,0.000639,0.000633,0.000634,58432597.0
2026-05-09 04:00:00,0.000634,0.000637,0.000629,0.000631,90400805.0
2026-05-09 05:00:00,0.000631,0.000633,0.000629,0.000632,99192315.0
2026-05-09 06:00:00,0.000632,0.000634,0.000627,0.000628,151667258.0
2026-05-09 07:00:00,0.000629,0.000629,0.000624,0.000625,41953604.0
2026-05-09 08:00:00,0.000625,0.00063,0.000624,0.000628,116239440.0
2026-05-09 09:00:00,0.000627,0.000628,0.000622,0.000624,94130858.0
2026-05-09 10:00:00,0.000624,0.00063,0.000623,0.00063,45108221.0
2026-05-09 11:00:00,0.00063,0.000633,0.000629,0.00063,39205304.0
2026-05-09 12:00:00,0.00063,0.00063,0.000625,0.000626,41610340.0
2026-05-09 13:00:00,0.000625,0.000625,0.000619,0.000622,129466729.0
2026-05-09 14:00:00,0.000622,0.000624,0.000619,0.000624,37112544.0
2026-05-09 15:00:00,0.000623,0.000624,0.000617,0.000619,50342008.0
2026-05-09 16:00:00,0.000619,0.00062,0.000616,0.000618,59416302.0
2026-05-09 17:00:00,0.000619,0.000625,0.000619,0.000623,85499394.0
2026-05-09 18:00:00,0.000623,0.000625,0.000622,0.000624,30801820.0
2026-05-09 19:00:00,0.000625,0.000625,0.000623,0.000625,15849960.0
2026-05-09 20:00:00,0.000625,0.000625,0.000622,0.000625,84210552.0
2026-05-09 21:00:00,0.000625,0.000627,0.000623,0.000625,38944538.0
2026-05-09 22:00:00,0.000624,0.000625,0.000622,0.000622,16851227.0
2026-05-09 23:00:00,0.000623,0.000623,0.000619,0.000622,29482066.0
2026-05-10 00:00:00,0.000621,0.000623,0.000617,0.000618,37206284.0
2026-05-10 01:00:00,0.000617,0.000617,0.000613,0.000616,62099055.0
2026-05-10 02:00:00,0.000616,0.00062,0.000614,0.000619,25784218.0
2026-05-10 03:00:00,0.000619,0.00062,0.000617,0.000618,32924525.0
2026-05-10 04:00:00,0.000618,0.00062,0.000617,0.000619,17610794.0
2026-05-10 05:00:00,0.000618,0.000622,0.000617,0.00062,30034252.0
2026-05-10 06:00:00,0.000621,0.000621,0.000617,0.00062,45650574.0
2026-05-10 07:00:00,0.00062,0.000623,0.000618,0.000621,56660394.0
2026-05-10 08:00:00,0.000621,0.000624,0.00062,0.000623,45140087.0
2026-05-10 09:00:00,0.000623,0.000625,0.00062,0.000621,43132230.0
2026-05-10 10:00:00,0.000621,0.000621,0.000618,0.00062,50970035.0
2026-05-10 11:00:00,0.00062,0.00062,0.000616,0.000616,40921282.0
2026-05-10 12:00:00,0.000616,0.000619,0.000614,0.000617,90818647.0
2026-05-10 13:00:00,0.000617,0.000622,0.000617,0.00062,89740156.0
2026-05-10 14:00:00,0.000621,0.000623,0.000617,0.000622,111296705.0
2026-05-10 15:00:00,0.000623,0.000631,0.000623,0.00063,113278034.0
2026-05-10 16:00:00,0.00063,0.000631,0.000626,0.000631,144807165.0
2026-05-10 17:00:00,0.000631,0.000641,0.000628,0.000639,239122158.0
2026-05-10 18:00:00,0.00064,0.000648,0.000637,0.000645,187220671.0
2026-05-10 19:00:00,0.000646,0.000646,0.000638,0.00064,69736948.0
2026-05-10 20:00:00,0.00064,0.000644,0.000617,0.000621,268819632.0
2026-05-10 21:00:00,0.000621,0.000629,0.000615,0.000625,101372456.0
2026-05-10 22:00:00,0.000624,0.000637,0.000624,0.000637,94981904.0
2026-05-10 23:00:00,0.000637,0.000638,0.000631,0.000632,64139114.0
2026-05-11 00:00:00,0.000632,0.000634,0.000623,0.000625,139446737.0
2026-05-11 01:00:00,0.000626,0.000628,0.000623,0.000625,67585815.0
2026-05-11 02:00:00,0.000625,0.000625,0.000619,0.000621,51858332.0
2026-05-11 03:00:00,0.000621,0.000621,0.000609,0.000615,132158536.0
2026-05-11 04:00:00,0.000615,0.000619,0.000612,0.000618,76940208.0
2026-05-11 05:00:00,0.000618,0.000621,0.000617,0.00062,10266505.0
2026-05-11 06:00:00,0.000619,0.000622,0.000617,0.000618,36766627.0
2026-05-11 07:00:00,0.000618,0.000619,0.000616,0.000618,38881575.0
2026-05-11 08:00:00,0.000618,0.00062,0.000615,0.000619,48800303.0
2026-05-11 09:00:00,0.000619,0.000622,0.000619,0.000622,51662498.0
2026-05-11 10:00:00,0.000621,0.000626,0.00062,0.000622,62110544.0
2026-05-11 11:00:00,0.000622,0.000623,0.000618,0.00062,41271198.0
2026-05-11 12:00:00,0.00062,0.00062,0.000614,0.000614,45615111.0
2026-05-11 13:00:00,0.000615,0.000619,0.000613,0.000615,47238269.0
2026-05-11 14:00:00,0.000616,0.000618,0.000608,0.000611,70393605.0
2026-05-11 15:00:00,0.000611,0.000618,0.000608,0.000617,51417281.0
2026-05-11 16:00:00,0.000617,0.000618,0.000613,0.000617,91975505.0
2026-05-11 17:00:00,0.000618,0.000624,0.000616,0.000622,42608317.0
2026-05-11 18:00:00,0.000622,0.000623,0.00062,0.00062,36585317.0
2026-05-11 19:00:00,0.00062,0.000623,0.000618,0.000622,51021815.0
2026-05-11 20:00:00,0.000622,0.000624,0.000619,0.00062,37628949.0
2026-05-11 21:00:00,0.000621,0.000624,0.00062,0.00062,58052599.0
2026-05-11 22:00:00,0.00062,0.000622,0.000618,0.000619,24126330.0
2026-05-11 23:00:00,0.000618,0.00062,0.000615,0.000618,22007610.0
2026-05-12 00:00:00,0.000617,0.000619,0.000615,0.000618,22879845.0
2026-05-12 01:00:00,0.000618,0.000619,0.000604,0.000609,112281526.0
2026-05-12 02:00:00,0.000609,0.000611,0.000607,0.00061,27164566.0
2026-05-12 03:00:00,0.00061,0.000612,0.000607,0.000607,16445058.0
2026-05-12 04:00:00,0.000608,0.000612,0.000606,0.00061,45477128.0
2026-05-12 05:00:00,0.000611,0.000616,0.000611,0.000615,23656268.0
2026-05-12 06:00:00,0.000615,0.000616,0.000612,0.000612,11887109.0
2026-05-12 07:00:00,0.000612,0.000615,0.000606,0.000613,48408709.0
2026-05-12 08:00:00,0.000613,0.000614,0.000607,0.000611,38134436.0
2026-05-12 09:00:00,0.000611,0.000612,0.000608,0.000611,40963144.0
2026-05-12 10:00:00,0.00061,0.000611,0.000604,0.000607,53132316.0
2026-05-12 11:00:00,0.000607,0.000607,0.000601,0.000603,87012940.0
2026-05-12 12:00:00,0.000603,0.000604,0.000598,0.000601,126990290.0
2026-05-12 13:00:00,0.000602,0.000606,0.000597,0.000598,125880016.0
2026-05-12 14:00:00,0.000598,0.000602,0.000589,0.000592,180138467.0
2026-05-12 15:00:00,0.000593,0.000595,0.000586,0.00059,82325955.0
2026-05-12 16:00:00,0.00059,0.000594,0.000586,0.000589,65882366.0
2026-05-12 17:00:00,0.000589,0.000597,0.000589,0.000595,44983672.0
2026-05-12 18:00:00,0.000595,0.000597,0.000593,0.000595,117849915.0
2026-05-12 19:00:00,0.000595,0.000601,0.000595,0.0006,32814228.0
2026-05-12 20:00:00,0.0006,0.000602,0.000599,0.000601,27074606.0
2026-05-12 21:00:00,0.000602,0.000605,0.000601,0.000603,65003881.0
2026-05-12 22:00:00,0.000603,0.000606,0.000602,0.000603,20239996.0
2026-05-12 23:00:00,0.000602,0.000603,0.000599,0.0006,14442738.0
2026-05-13 00:00:00,0.0006,0.000604,0.000599,0.000604,14813382.0
2026-05-13 01:00:00,0.000604,0.000612,0.000604,0.00061,64246531.0
2026-05-13 02:00:00,0.000609,0.000618,0.000609,0.000617,117985596.0
2026-05-13 03:00:00,0.000618,0.000628,0.000617,0.000626,114581575.0
2026-05-13 04:00:00,0.000626,0.000629,0.000622,0.000625,207727392.0
2026-05-13 05:00:00,0.000624,0.000625,0.000614,0.00062,100526879.0
2026-05-13 06:00:00,0.000619,0.000624,0.000616,0.000617,90778588.0
2026-05-13 07:00:00,0.000617,0.000622,0.000616,0.000621,78612393.0
2026-05-13 08:00:00,0.000622,0.000628,0.000621,0.000624,111149490.0
2026-05-13 09:00:00,0.000624,0.000641,0.000624,0.000637,194775249.0
2026-05-13 10:00:00,0.000637,0.000638,0.000629,0.000637,195040246.0
2026-05-13 11:00:00,0.000637,0.000637,0.000621,0.000621,177558721.0
2026-05-13 12:00:00,0.000622,0.000624,0.000604,0.000607,186366252.0
2026-05-13 13:00:00,0.000607,0.00061,0.000596,0.000599,118719753.0
2026-05-13 14:00:00,0.000598,0.000605,0.000593,0.0006,147187136.0
2026-05-13 15:00:00,0.0006,0.000603,0.000583,0.000585,161166976.0
2026-05-13 16:00:00,0.000585,0.000593,0.000583,0.000591,111657714.0
2026-05-13 17:00:00,0.000591,0.000594,0.00059,0.000593,150026015.0
2026-05-13 18:00:00,0.000593,0.000598,0.000593,0.000596,42858588.0
2026-05-13 19:00:00,0.000596,0.000596,0.000589,0.00059,41973258.0
2026-05-13 20:00:00,0.00059,0.000594,0.000588,0.000593,54146959.0
2026-05-13 21:00:00,0.000593,0.000593,0.000585,0.000585,42261815.0
2026-05-13 22:00:00,0.000584,0.000589,0.000582,0.000587,32746921.0
2026-05-13 23:00:00,0.000587,0.000588,0.000584,0.000584,83108566.0
2026-05-14 00:00:00,0.000585,0.00059,0.000583,0.000588,39713268.0
2026-05-14 01:00:00,0.000588,0.000588,0.000583,0.000584,95165279.0
2026-05-14 02:00:00,0.000583,0.000586,0.000582,0.000583,52871336.0
2026-05-14 03:00:00,0.000582,0.000583,0.000571,0.000573,104850382.0
2026-05-14 04:00:00,0.000572,0.000578,0.000571,0.000577,33157398.0
2026-05-14 05:00:00,0.000577,0.000581,0.000576,0.00058,20235581.0
2026-05-14 06:00:00,0.00058,0.000582,0.000578,0.000579,64220125.0
2026-05-14 07:00:00,0.000579,0.000582,0.000577,0.00058,66506820.0
2026-05-14 08:00:00,0.00058,0.000583,0.000577,0.00058,55833999.0
2026-05-14 09:00:00,0.00058,0.000582,0.000578,0.000581,37991093.0
2026-05-14 10:00:00,0.000581,0.000588,0.00058,0.000587,48498752.0
2026-05-14 11:00:00,0.000588,0.000591,0.000583,0.000583,51483071.0
2026-05-14 12:00:00,0.000583,0.000591,0.000583,0.00059,63875259.0
2026-05-14 13:00:00,0.000589,0.000593,0.000587,0.000588,61589348.0
2026-05-14 14:00:00,0.000589,0.000602,0.000588,0.000601,64771752.0
2026-05-14 15:00:00,0.000601,0.000604,0.000597,0.000603,44441336.0
2026-05-14 16:00:00,0.000604,0.000611,0.000602,0.00061,83377920.0
2026-05-14 17:00:00,0.00061,0.000613,0.000604,0.000605,59607847.0
2026-05-14 18:00:00,0.000605,0.000609,0.000602,0.000608,48104120.0
2026-05-14 19:00:00,0.000608,0.000609,0.000602,0.000604,18364500.0
2026-05-14 20:00:00,0.000604,0.000605,0.000599,0.000602,26940065.0
2026-05-14 21:00:00,0.000603,0.000603,0.000599,0.000601,17352066.0
2026-05-14 22:00:00,0.0006,0.000601,0.000596,0.000596,97809321.0
2026-05-14 23:00:00,0.000596,0.000597,0.000592,0.000594,26150456.0
2026-05-15 00:00:00,0.000593,0.000599,0.000592,0.000597,32029404.0
2026-05-15 01:00:00,0.000597,0.000599,0.000591,0.000592,64210733.0
2026-05-15 02:00:00,0.000591,0.000598,0.000589,0.000597,69882331.0
2026-05-15 03:00:00,0.000596,0.000599,0.000594,0.000595,47575465.0
2026-05-15 04:00:00,0.000594,0.000595,0.000589,0.000589,25979455.0
2026-05-15 05:00:00,0.000588,0.000589,0.000577,0.000579,150907902.0
2026-05-15 06:00:00,0.000579,0.000584,0.000578,0.000583,26086117.0
2026-05-15 07:00:00,0.000583,0.00059,0.000582,0.000586,46760373.0
2026-05-15 08:00:00,0.000587,0.000587,0.000582,0.000585,45224092.0
2026-05-15 09:00:00,0.000585,0.000587,0.000583,0.000586,26648570.0
2026-05-15 10:00:00,0.000586,0.000589,0.000585,0.000587,43087347.0
2026-05-15 11:00:00,0.000587,0.000587,0.000584,0.000586,34403420.0
2026-05-15 12:00:00,0.000585,0.000586,0.000581,0.000581,60194895.0
2026-05-15 13:00:00,0.000581,0.000582,0.000547,0.000549,479614190.0
2026-05-15 14:00:00,0.000549,0.000559,0.000546,0.000557,272610627.0
2026-05-15 15:00:00,0.000557,0.000559,0.000554,0.000558,77152401.0
2026-05-15 16:00:00,0.000557,0.000564,0.000556,0.000562,85078854.0
2026-05-15 17:00:00,0.000562,0.000565,0.00056,0.000563,23590245.0
2026-05-15 18:00:00,0.000563,0.000565,0.000561,0.000565,38258472.0
2026-05-15 19:00:00,0.000564,0.000564,0.000558,0.000558,24704763.0
2026-05-15 20:00:00,0.000558,0.000559,0.000555,0.000557,38616850.0
2026-05-15 21:00:00,0.000557,0.00056,0.000557,0.000559,36824967.0
2026-05-15 22:00:00,0.000559,0.00056,0.000557,0.000559,28266730.0
2026-05-15 23:00:00,0.000559,0.000559,0.000558,0.000559,6289102.0
2026-05-16 00:00:00,0.000559,0.000565,0.000558,0.000562,46219778.0
2026-05-16 01:00:00,0.000562,0.000564,0.000561,0.000563,17366152.0
2026-05-16 02:00:00,0.000563,0.000568,0.000563,0.000565,25190078.0
2026-05-16 03:00:00,0.000565,0.000566,0.000562,0.000563,8143154.0
2026-05-16 04:00:00,0.000562,0.000562,0.000553,0.000555,30851948.0
2026-05-16 05:00:00,0.000555,0.000557,0.000553,0.000554,33440652.0
2026-05-16 06:00:00,0.000554,0.000554,0.000543,0.000546,68011991.0
2026-05-16 07:00:00,0.000545,0.000545,0.00053,0.000537,175889047.0
2026-05-16 08:00:00,0.000538,0.00054,0.000538,0.000538,32455235.0
2026-05-16 09:00:00,0.000538,0.000539,0.000525,0.000531,184870863.0
2026-05-16 10:00:00,0.000531,0.000531,0.000525,0.000531,81506669.0
2026-05-16 11:00:00,0.000531,0.000534,0.000531,0.000532,62235378.0
2026-05-16 12:00:00,0.000532,0.000533,0.000529,0.000531,21519638.0
2026-05-16 13:00:00,0.000531,0.000533,0.000529,0.000531,42949938.0
2026-05-16 14:00:00,0.000531,0.000536,0.00053,0.000533,34848435.0
2026-05-16 15:00:00,0.000533,0.000539,0.000533,0.000538,24537084.0
2026-05-16 16:00:00,0.000537,0.000542,0.000536,0.000536,77400975.0
2026-05-16 17:00:00,0.000537,0.00054,0.000536,0.000539,20607190.0
2026-05-16 18:00:00,0.000539,0.000539,0.000536,0.000537,31631095.0
2026-05-16 19:00:00,0.000536,0.000537,0.000534,0.000535,12814373.0
2026-05-16 20:00:00,0.000535,0.000537,0.000533,0.000536,47038846.0
2026-05-16 21:00:00,0.000536,0.000538,0.000535,0.000538,46600889.0
2026-05-16 22:00:00,0.000537,0.000537,0.000534,0.000534,21299319.0
2026-05-16 23:00:00,0.000534,0.000535,0.000533,0.000534,18914708.0
2026-05-17 00:00:00,0.000533,0.000535,0.000528,0.00053,58973250.0
2026-05-17 01:00:00,0.00053,0.000532,0.000526,0.000527,89217101.0
2026-05-17 02:00:00,0.000527,0.00053,0.000526,0.000529,30738202.0
2026-05-17 03:00:00,0.000529,0.000534,0.000529,0.000533,22778802.0
2026-05-17 04:00:00,0.000533,0.000537,0.000533,0.000536,11905364.0
2026-05-17 05:00:00,0.000535,0.000538,0.000535,0.000536,9048381.0
2026-05-17 06:00:00,0.000536,0.000537,0.000535,0.000536,15724002.0
2026-05-17 07:00:00,0.000536,0.000538,0.000534,0.000537,22504384.0
2026-05-17 08:00:00,0.000538,0.000538,0.000534,0.000535,22001667.0
2026-05-17 09:00:00,0.000534,0.000536,0.000533,0.000535,33338031.0
2026-05-17 10:00:00,0.000536,0.000537,0.000534,0.000534,23687188.0
2026-05-17 11:00:00,0.000534,0.000534,0.000531,0.000532,29188678.0
2026-05-17 12:00:00,0.000532,0.000532,0.000528,0.000528,53719676.0
2026-05-17 13:00:00,0.000528,0.000529,0.000526,0.000526,22310044.0
2026-05-17 14:00:00,0.000526,0.00053,0.000522,0.000529,85190629.0
2026-05-17 15:00:00,0.000528,0.000531,0.000528,0.000531,28162256.0
2026-05-17 16:00:00,0.000532,0.000533,0.000526,0.000526,65779784.0
2026-05-17 17:00:00,0.000526,0.000527,0.000523,0.000526,36082082.0
2026-05-17 18:00:00,0.000527,0.000528,0.000523,0.000528,23228840.0
2026-05-17 19:00:00,0.000529,0.000531,0.000528,0.00053,6975980.0
2026-05-17 20:00:00,0.00053,0.00053,0.000527,0.000529,21449086.0
2026-05-17 21:00:00,0.000528,0.00053,0.000527,0.00053,19758993.0
2026-05-17 22:00:00,0.00053,0.00053,0.000523,0.000524,80070650.0
2026-05-17 23:00:00,0.000524,0.000524,0.000492,0.000508,527643409.0
2026-05-18 00:00:00,0.000509,0.000511,0.000503,0.000509,86027558.0
2026-05-18 01:00:00,0.000509,0.000511,0.000504,0.00051,63635353.0
2026-05-18 02:00:00,0.000509,0.000513,0.000509,0.000512,37016524.0
2026-05-18 03:00:00,0.000512,0.000514,0.000508,0.000508,44921541.0
2026-05-18 04:00:00,0.000509,0.000516,0.000508,0.000515,44869508.0
2026-05-18 05:00:00,0.000514,0.000515,0.00051,0.000511,50247865.0
2026-05-18 06:00:00,0.000512,0.000513,0.000505,0.000509,113961032.0
2026-05-18 07:00:00,0.00051,0.000511,0.000504,0.000506,41314101.0
2026-05-18 08:00:00,0.000507,0.000509,0.000504,0.000508,34497052.0
2026-05-18 09:00:00,0.000508,0.000508,0.000502,0.000503,40264041.0
2026-05-18 10:00:00,0.000503,0.000504,0.000499,0.000503,144706622.0
2026-05-18 11:00:00,0.000503,0.000512,0.000502,0.00051,42492660.0
2026-05-18 12:00:00,0.00051,0.000517,0.00051,0.000514,44456683.0
2026-05-18 13:00:00,0.000513,0.000513,0.000507,0.000511,50115867.0
2026-05-18 14:00:00,0.00051,0.00051,0.000503,0.000504,71672922.0
2026-05-18 15:00:00,0.000505,0.000508,0.000501,0.000506,59114743.0
2026-05-18 16:00:00,0.000507,0.000511,0.000506,0.000508,61378033.0
2026-05-18 17:00:00,0.000508,0.000511,0.000508,0.00051,31861431.0
2026-05-18 18:00:00,0.000509,0.000509,0.000502,0.000502,23607059.0
2026-05-18 19:00:00,0.000502,0.000516,0.000502,0.000515,48209017.0
2026-05-18 20:00:00,0.000515,0.000517,0.000513,0.000514,75852240.0
2026-05-18 21:00:00,0.000514,0.000521,0.000513,0.000521,39909245.0
2026-05-18 22:00:00,0.00052,0.000523,0.000519,0.000521,20904589.0
2026-05-18 23:00:00,0.000521,0.000522,0.000518,0.000518,26411230.0
2026-05-19 00:00:00,0.000518,0.000521,0.000516,0.000519,21568340.0
2026-05-19 01:00:00,0.000518,0.000519,0.000513,0.000513,36745111.0
2026-05-19 02:00:00,0.000513,0.000516,0.00051,0.000512,36225194.0
2026-05-19 03:00:00,0.000511,0.000516,0.00051,0.000515,18910823.0
2026-05-19 04:00:00,0.000514,0.000518,0.000514,0.000516,17294321.0
2026-05-19 05:00:00,0.000517,0.000517,0.00051,0.000516,75819481.0
2026-05-19 06:00:00,0.000515,0.000518,0.000514,0.000517,26312168.0
2026-05-19 07:00:00,0.000516,0.00052,0.000516,0.000518,40060950.0
2026-05-19 08:00:00,0.000517,0.000517,0.000513,0.000513,28109744.0
2026-05-19 09:00:00,0.000513,0.000513,0.000508,0.000512,39331019.0
2026-05-19 10:00:00,0.000511,0.000512,0.000505,0.000509,38278105.0
2026-05-19 11:00:00,0.000509,0.000509,0.000505,0.000506,35928195.0
2026-05-19 12:00:00,0.000505,0.00051,0.000504,0.000509,18221215.0
2026-05-19 13:00:00,0.00051,0.000513,0.000508,0.00051,52644132.0
2026-05-19 14:00:00,0.00051,0.000511,0.000504,0.000505,45677799.0
2026-05-19 15:00:00,0.000505,0.000507,0.000503,0.000506,17059417.0
2026-05-19 16:00:00,0.000506,0.000511,0.000504,0.00051,22078585.0
2026-05-19 17:00:00,0.00051,0.00051,0.000506,0.00051,64560974.0
2026-05-19 18:00:00,0.000509,0.000515,0.000509,0.000511,125418626.0
2026-05-19 19:00:00,0.000511,0.000514,0.000511,0.000511,24226810.0
2026-05-19 20:00:00,0.000512,0.000515,0.000512,0.000515,11820271.0
2026-05-19 21:00:00,0.000515,0.00052,0.000515,0.000515,73390836.0
2026-05-19 22:00:00,0.000514,0.000515,0.000507,0.000507,25859820.0
2026-05-19 23:00:00,0.000507,0.00051,0.000507,0.00051,13125218.0
2026-05-20 00:00:00,0.00051,0.000512,0.000507,0.000511,35898035.0
2026-05-20 01:00:00,0.000511,0.000516,0.000509,0.000514,47078625.0
2026-05-20 02:00:00,0.000514,0.000516,0.000513,0.000514,23011727.0
2026-05-20 03:00:00,0.000514,0.000517,0.000512,0.000515,22306912.0
2026-05-20 04:00:00,0.000515,0.000517,0.000513,0.000515,17373303.0
2026-05-20 05:00:00,0.000516,0.000519,0.000516,0.000518,27338267.0
2026-05-20 06:00:00,0.000518,0.000519,0.000516,0.000519,10266407.0
2026-05-20 07:00:00,0.000519,0.00052,0.000517,0.000517,13190248.0
2026-05-20 08:00:00,0.000516,0.000518,0.000516,0.000518,21007512.0
2026-05-20 09:00:00,0.000517,0.000518,0.000515,0.000515,6355886.0
2026-05-20 10:00:00,0.000516,0.000516,0.000513,0.000515,47335171.0
2026-05-20 11:00:00,0.000514,0.000515,0.00051,0.000511,28744021.0
2026-05-20 12:00:00,0.000511,0.000516,0.000511,0.000515,14665710.0
2026-05-20 13:00:00,0.000514,0.000515,0.000509,0.000511,36855333.0
2026-05-20 14:00:00,0.000512,0.000519,0.00051,0.000518,38390417.0
2026-05-20 15:00:00,0.000518,0.000521,0.000516,0.00052,38915566.0
2026-05-20 16:00:00,0.00052,0.000522,0.000518,0.00052,47584341.0
2026-05-20 17:00:00,0.00052,0.000522,0.000519,0.000519,21941122.0
2026-05-20 18:00:00,0.000519,0.00052,0.000517,0.000519,32655044.0
2026-05-20 19:00:00,0.000518,0.000522,0.000518,0.00052,28741891.0
2026-05-20 20:00:00,0.00052,0.000522,0.000518,0.000521,16832679.0
2026-05-20 21:00:00,0.000521,0.000522,0.000519,0.000519,8789843.0
2026-05-20 22:00:00,0.000518,0.000519,0.000515,0.000519,15118337.0
2026-05-20 23:00:00,0.000519,0.000519,0.000517,0.000519,11282379.0
2026-05-21 00:00:00,0.000518,0.000525,0.000518,0.000524,25779178.0
2026-05-21 01:00:00,0.000524,0.000527,0.000524,0.000525,36671562.0
2026-05-21 02:00:00,0.000524,0.000526,0.000523,0.000524,23618491.0
2026-05-21 03:00:00,0.000523,0.000527,0.000523,0.000525,14246358.0
2026-05-21 04:00:00,0.000525,0.000526,0.000523,0.000525,12377061.0
2026-05-21 05:00:00,0.000525,0.000525,0.000521,0.000521,22860210.0
2026-05-21 06:00:00,0.000521,0.000523,0.00052,0.000521,31764517.0
2026-05-21 07:00:00,0.000521,0.000525,0.00052,0.000524,19833545.0
2026-05-21 08:00:00,0.000524,0.000526,0.000523,0.000524,24216726.0
2026-05-21 09:00:00,0.000524,0.000524,0.00052,0.000521,20116982.0
2026-05-21 10:00:00,0.000521,0.000522,0.000515,0.000517,58100261.0
2026-05-21 11:00:00,0.000517,0.000521,0.000517,0.000518,23654917.0
2026-05-21 12:00:00,0.000518,0.00052,0.000516,0.00052,11837987.0
2026-05-21 13:00:00,0.00052,0.000523,0.000516,0.000522,28379524.0
2026-05-21 14:00:00,0.000523,0.000523,0.00052,0.000521,21227502.0
2026-05-21 15:00:00,0.000521,0.000525,0.00052,0.000524,37480178.0
2026-05-21 16:00:00,0.000525,0.000526,0.000522,0.000523,26442349.0
2026-05-21 17:00:00,0.000523,0.000532,0.000523,0.00053,147839260.0
2026-05-21 18:00:00,0.00053,0.000531,0.000525,0.000526,48575476.0
2026-05-21 19:00:00,0.000526,0.000531,0.000526,0.000531,25454996.0
2026-05-21 20:00:00,0.000531,0.000532,0.00053,0.00053,24378479.0
2026-05-21 21:00:00,0.00053,0.000532,0.00053,0.00053,18686797.0
2026-05-21 22:00:00,0.000529,0.000531,0.000528,0.000528,16987166.0
2026-05-21 23:00:00,0.000527,0.000529,0.000526,0.000529,13668254.0
2026-05-22 00:00:00,0.000528,0.000528,0.000524,0.000525,10961676.0
2026-05-22 01:00:00,0.000525,0.000527,0.000524,0.000526,22328758.0
2026-05-22 02:00:00,0.000527,0.000528,0.000526,0.000527,12442664.0
2026-05-22 03:00:00,0.000527,0.000528,0.000525,0.000526,9866408.0
2026-05-22 04:00:00,0.000526,0.000529,0.000525,0.000526,31860400.0
2026-05-22 05:00:00,0.000526,0.000528,0.000525,0.000526,33527453.0
2026-05-22 06:00:00,0.000525,0.000526,0.000522,0.000523,11045428.0
2026-05-22 07:00:00,0.000523,0.000526,0.000522,0.000525,23691997.0
2026-05-22 08:00:00,0.000525,0.000528,0.000523,0.000524,47841149.0
2026-05-22 09:00:00,0.000523,0.000526,0.000522,0.000524,50683546.0
2026-05-22 10:00:00,0.000523,0.000524,0.000521,0.000522,16316107.0
2026-05-22 11:00:00,0.000522,0.000525,0.000521,0.000525,30413369.0
2026-05-22 12:00:00,0.000525,0.000531,0.000525,0.000531,35546443.0
2026-05-22 13:00:00,0.000531,0.000532,0.000527,0.000528,64306446.0
2026-05-22 14:00:00,0.000528,0.000528,0.000521,0.000523,55778101.0
2026-05-22 15:00:00,0.000522,0.000526,0.000521,0.000525,33187642.0
2026-05-22 16:00:00,0.000525,0.000527,0.000522,0.000525,31439510.0
2026-05-22 17:00:00,0.000525,0.000528,0.000522,0.000524,22237098.0
2026-05-22 18:00:00,0.000525,0.000525,0.00051,0.000515,86636514.0
2026-05-22 19:00:00,0.000514,0.000515,0.000503,0.000508,117291340.0
2026-05-22 20:00:00,0.000508,0.000511,0.000507,0.00051,55322565.0
2026-05-22 21:00:00,0.00051,0.000512,0.000509,0.000511,15964731.0
2026-05-22 22:00:00,0.00051,0.00051,0.000507,0.000508,15426200.0
2026-05-22 23:00:00,0.000508,0.000509,0.000495,0.000499,92879391.0
2026-05-23 00:00:00,0.0005,0.000501,0.000497,0.0005,37145379.0
2026-05-23 01:00:00,0.0005,0.000504,0.0005,0.000503,13624529.0
2026-05-23 02:00:00,0.000503,0.000505,0.000503,0.000505,14722174.0
2026-05-23 03:00:00,0.000505,0.000508,0.000505,0.000506,5966660.0
2026-05-23 04:00:00,0.000505,0.000505,0.000503,0.000503,7145041.0
2026-05-23 05:00:00,0.000503,0.000505,0.000501,0.000503,13992467.0
2026-05-23 06:00:00,0.000503,0.000504,0.000501,0.000502,11502169.0
2026-05-23 07:00:00,0.000502,0.000502,0.000484,0.000489,201869808.0
2026-05-23 08:00:00,0.000489,0.000493,0.000485,0.000493,107234512.0
2026-05-23 09:00:00,0.000493,0.000493,0.00049,0.00049,45909846.0
2026-05-23 10:00:00,0.000491,0.000494,0.000491,0.000492,21154847.0
2026-05-23 11:00:00,0.000492,0.000493,0.000489,0.000491,16091653.0
2026-05-23 12:00:00,0.00049,0.000492,0.000488,0.000492,22517246.0
2026-05-23 13:00:00,0.000492,0.000497,0.000492,0.000497,47662557.0
2026-05-23 14:00:00,0.000496,0.000503,0.000495,0.000502,26519851.0
2026-05-23 15:00:00,0.000503,0.000506,0.000503,0.000506,27875091.0
2026-05-23 16:00:00,0.000505,0.000508,0.000503,0.000507,38378029.0
2026-05-23 17:00:00,0.000507,0.000509,0.000505,0.000507,88186374.0
2026-05-23 18:00:00,0.000508,0.000516,0.000507,0.000514,50691515.0
2026-05-23 19:00:00,0.000513,0.000517,0.000513,0.000516,14970295.0
2026-05-23 20:00:00,0.000516,0.000532,0.000515,0.000532,68081517.0
2026-05-23 21:00:00,0.000532,0.000532,0.000524,0.000526,70579301.0
2026-05-23 22:00:00,0.000526,0.000527,0.00052,0.000522,74430099.0
2026-05-23 23:00:00,0.000521,0.000522,0.00052,0.000521,20555917.0
2026-05-24 00:00:00,0.000521,0.000522,0.000518,0.00052,26367017.0
2026-05-24 01:00:00,0.00052,0.000521,0.000519,0.00052,19282973.0
2026-05-24 02:00:00,0.00052,0.000521,0.000517,0.000518,11579197.0
2026-05-24 03:00:00,0.000519,0.00052,0.000516,0.000517,13535898.0
2026-05-24 04:00:00,0.000518,0.000519,0.000517,0.000518,22621217.0
2026-05-24 05:00:00,0.000517,0.000517,0.000514,0.000516,15559482.0
2026-05-24 06:00:00,0.000517,0.00052,0.000515,0.000519,7128222.0
2026-05-24 07:00:00,0.000519,0.000521,0.000517,0.000517,13556403.0
2026-05-24 08:00:00,0.000516,0.000518,0.000515,0.000516,7427696.0
2026-05-24 09:00:00,0.000516,0.000519,0.000516,0.000516,23036151.0
2026-05-24 10:00:00,0.000516,0.000518,0.000514,0.000516,26416736.0
2026-05-24 11:00:00,0.000516,0.000517,0.000515,0.000516,16797727.0
2026-05-24 12:00:00,0.000515,0.000515,0.000508,0.000511,96000183.0
2026-05-24 13:00:00,0.00051,0.00051,0.000505,0.000506,31459712.0
2026-05-24 14:00:00,0.000507,0.000507,0.000499,0.000503,94039763.0
2026-05-24 15:00:00,0.000503,0.000505,0.000503,0.000505,11870306.0
2026-05-24 16:00:00,0.000505,0.000506,0.000503,0.000504,18484638.0
2026-05-24 17:00:00,0.000504,0.000507,0.000504,0.000506,12127665.0
2026-05-24 18:00:00,0.000506,0.000506,0.000502,0.000503,16059169.0
2026-05-24 19:00:00,0.000502,0.000505,0.000502,0.000503,23974863.0
2026-05-24 20:00:00,0.000503,0.000504,0.0005,0.0005,18756604.0
2026-05-24 21:00:00,0.000501,0.000502,0.000491,0.000494,41130789.0
2026-05-24 22:00:00,0.000494,0.000502,0.000494,0.0005,35173130.0
2026-05-24 23:00:00,0.0005,0.000504,0.0005,0.000503,15673217.0
2026-05-25 00:00:00,0.000504,0.000505,0.000504,0.000505,14096788.0
2026-05-25 01:00:00,0.000505,0.000505,0.000501,0.000501,11503579.0
2026-05-25 02:00:00,0.000501,0.000505,0.000501,0.000504,9690469.0
2026-05-25 03:00:00,0.000504,0.000506,0.000502,0.000505,20902498.0
2026-05-25 04:00:00,0.000506,0.000512,0.000504,0.000511,14999416.0
2026-05-25 05:00:00,0.000511,0.000515,0.000511,0.000514,15064758.0
2026-05-25 06:00:00,0.000514,0.000516,0.000513,0.000514,28827250.0
2026-05-25 07:00:00,0.000514,0.000516,0.000513,0.000514,33635689.0
2026-05-25 08:00:00,0.000514,0.000516,0.000513,0.000515,19618197.0
2026-05-25 09:00:00,0.000514,0.000515,0.000513,0.000514,16839728.0
2026-05-25 10:00:00,0.000514,0.000517,0.000514,0.000516,5936351.0
2026-05-25 11:00:00,0.000517,0.000517,0.000512,0.000512,13975185.0
2026-05-25 12:00:00,0.000511,0.000515,0.00051,0.000514,20999160.0
2026-05-25 13:00:00,0.000514,0.000517,0.000514,0.000517,12985434.0
2026-05-25 14:00:00,0.000517,0.000518,0.000513,0.000518,112200528.0
2026-05-25 15:00:00,0.000519,0.000522,0.000517,0.000519,50543060.0
2026-05-25 16:00:00,0.00052,0.000524,0.000519,0.000523,25533827.0
2026-05-25 17:00:00,0.000523,0.000523,0.000519,0.000519,25043353.0
2026-05-25 18:00:00,0.000519,0.000521,0.000518,0.00052,19789169.0
2026-05-25 19:00:00,0.000519,0.000519,0.000515,0.000517,14990422.0
2026-05-25 20:00:00,0.000517,0.000519,0.000513,0.000514,40920845.0
2026-05-25 21:00:00,0.000514,0.000515,0.000513,0.000514,21525568.0
2026-05-25 22:00:00,0.000513,0.000514,0.000507,0.000508,21356492.0
2026-05-25 23:00:00,0.000508,0.000512,0.000508,0.000511,31125067.0
2026-05-26 00:00:00,0.000511,0.000511,0.000503,0.000505,36870342.0
2026-05-26 01:00:00,0.000505,0.000506,0.000499,0.000503,68304773.0
2026-05-26 02:00:00,0.000503,0.000503,0.000501,0.000501,16718302.0
2026-05-26 03:00:00,0.000501,0.000503,0.0005,0.000502,6118960.0
2026-05-26 04:00:00,0.000503,0.000507,0.000502,0.000505,19734657.0
2026-05-26 05:00:00,0.000505,0.000509,0.000504,0.000507,46836114.0
2026-05-26 06:00:00,0.000507,0.000509,0.000504,0.000507,31390661.0
2026-05-26 07:00:00,0.000507,0.000507,0.000502,0.000505,19505903.0
2026-05-26 08:00:00,0.000504,0.000507,0.000504,0.000506,11458924.0
2026-05-26 09:00:00,0.000506,0.000509,0.000506,0.000507,14038951.0
2026-05-26 10:00:00,0.000507,0.000516,0.000507,0.000516,60035732.0
2026-05-26 11:00:00,0.000516,0.000517,0.000515,0.000515,38952901.0
2026-05-26 12:00:00,0.000515,0.000517,0.000512,0.000514,49897810.0
2026-05-26 13:00:00,0.000514,0.000516,0.00051,0.000516,18244639.0
2026-05-26 14:00:00,0.000516,0.00052,0.000512,0.000513,52059195.0
2026-05-26 15:00:00,0.000514,0.000515,0.000505,0.000508,69466955.0
2026-05-26 16:00:00,0.000508,0.000508,0.000504,0.000506,78096215.0
2026-05-26 17:00:00,0.000506,0.000507,0.000494,0.000499,141864398.0
2026-05-26 18:00:00,0.000499,0.000504,0.000499,0.000499,165514696.0
2026-05-26 19:00:00,0.0005,0.000504,0.000499,0.000502,22725355.0
2026-05-26 20:00:00,0.000503,0.000504,0.0005,0.000501,9999148.0
2026-05-26 21:00:00,0.000501,0.000504,0.000499,0.0005,55795002.0
2026-05-26 22:00:00,0.000499,0.000501,0.000498,0.000499,4703785.0
2026-05-26 23:00:00,0.0005,0.000502,0.0005,0.000501,17116266.0
2026-05-27 00:00:00,0.000501,0.000507,0.000501,0.000507,40744930.0
2026-05-27 01:00:00,0.000507,0.000507,0.000501,0.000502,24201886.0
2026-05-27 02:00:00,0.000502,0.000503,0.000497,0.0005,55440377.0
2026-05-27 03:00:00,0.0005,0.000501,0.000496,0.000497,38932473.0
2026-05-27 04:00:00,0.000497,0.000498,0.000491,0.000498,58898273.0
2026-05-27 05:00:00,0.000498,0.000499,0.000496,0.000499,31403861.0
2026-05-27 06:00:00,0.0005,0.000502,0.000499,0.000502,18204989.0
2026-05-27 07:00:00,0.000502,0.000502,0.000499,0.000501,38978101.0
2026-05-27 08:00:00,0.000502,0.000503,0.000498,0.000498,12077629.0
2026-05-27 09:00:00,0.000498,0.000499,0.000497,0.000497,12364880.0
2026-05-27 10:00:00,0.000498,0.000501,0.000498,0.000499,12028183.0
2026-05-27 11:00:00,0.000499,0.0005,0.000498,0.000498,10896503.0
2026-05-27 12:00:00,0.000498,0.000506,0.000497,0.000504,37256907.0
2026-05-27 13:00:00,0.000505,0.000505,0.000497,0.000501,28932432.0
2026-05-27 14:00:00,0.000502,0.000504,0.000498,0.000503,18462891.0
2026-05-27 15:00:00,0.000503,0.000513,0.000503,0.000509,57244251.0
2026-05-27 16:00:00,0.00051,0.000512,0.000508,0.00051,39019521.0
2026-05-27 17:00:00,0.00051,0.00051,0.000502,0.000503,51524671.0
2026-05-27 18:00:00,0.000503,0.000507,0.0005,0.000507,35940439.0
2026-05-27 19:00:00,0.000506,0.000508,0.000505,0.000507,11217108.0
2026-05-27 20:00:00,0.000506,0.000508,0.000505,0.000507,4173542.0
2026-05-27 21:00:00,0.000508,0.000509,0.000491,0.000494,53446904.0
2026-05-27 22:00:00,0.000495,0.000497,0.000493,0.000494,46730346.0
2026-05-27 23:00:00,0.000494,0.000496,0.00049,0.000495,59598387.0
2026-05-28 00:00:00,0.000495,0.000499,0.000494,0.000498,22811730.0
2026-05-28 01:00:00,0.000498,0.0005,0.000492,0.000494,35499836.0
2026-05-28 02:00:00,0.000495,0.000497,0.000494,0.000495,15148660.0
2026-05-28 03:00:00,0.000495,0.000495,0.000475,0.000477,164431077.0
2026-05-28 04:00:00,0.000477,0.000477,0.000467,0.000474,119569003.0
2026-05-28 05:00:00,0.000474,0.000474,0.000467,0.000469,24957825.0
2026-05-28 06:00:00,0.000469,0.000472,0.000467,0.000471,27082317.0
2026-05-28 07:00:00,0.00047,0.000475,0.000469,0.000474,9733670.0
2026-05-28 08:00:00,0.000474,0.000474,0.00047,0.00047,32204457.0
2026-05-28 09:00:00,0.000471,0.000474,0.000469,0.000474,33191440.0
2026-05-28 10:00:00,0.000474,0.000474,0.000469,0.000469,15240116.0
2026-05-28 11:00:00,0.000468,0.00047,0.000466,0.000466,33872501.0
2026-05-28 12:00:00,0.000467,0.000471,0.000464,0.00047,33032905.0
2026-05-28 13:00:00,0.000471,0.000473,0.000469,0.00047,38321398.0
2026-05-28 14:00:00,0.00047,0.000473,0.000462,0.000472,72426641.0
2026-05-28 15:00:00,0.000472,0.000472,0.000467,0.00047,45527996.0
2026-05-28 16:00:00,0.00047,0.00048,0.000468,0.000479,18702736.0
2026-05-28 17:00:00,0.000479,0.000483,0.000478,0.000482,25149261.0
2026-05-28 18:00:00,0.000483,0.000486,0.000482,0.000482,16903012.0
2026-05-28 19:00:00,0.000482,0.000482,0.000477,0.000478,14557404.0
2026-05-28 20:00:00,0.000478,0.000484,0.000476,0.00048,21729442.0
2026-05-28 21:00:00,0.000481,0.000484,0.000481,0.000481,25743814.0
2026-05-28 22:00:00,0.000481,0.000481,0.000476,0.000478,14182250.0
2026-05-28 23:00:00,0.000477,0.00048,0.000477,0.00048,9665732.0
2026-05-29 00:00:00,0.000479,0.000483,0.000479,0.000482,20779232.0
2026-05-29 01:00:00,0.000482,0.000484,0.00048,0.000482,7664927.0
2026-05-29 02:00:00,0.000482,0.000483,0.000477,0.000477,20148044.0
2026-05-29 03:00:00,0.000478,0.00048,0.000476,0.000478,24169138.0
2026-05-29 04:00:00,0.000477,0.000481,0.000475,0.000481,17863039.0
2026-05-29 05:00:00,0.000482,0.000482,0.000479,0.000482,12807769.0
2026-05-29 06:00:00,0.000481,0.000485,0.000481,0.000483,7606371.0
2026-05-29 07:00:00,0.000483,0.000484,0.000478,0.000481,40513089.0
2026-05-29 08:00:00,0.000481,0.000483,0.000479,0.000479,26512103.0
2026-05-29 09:00:00,0.000479,0.000515,0.000479,0.000512,1105892404.0
2026-05-29 10:00:00,0.000513,0.000514,0.000489,0.00049,3440655545.0
2026-05-29 11:00:00,0.000489,0.000494,0.000486,0.00049,1886029541.0
2026-05-29 12:00:00,0.000489,0.000494,0.000483,0.000487,3186118486.0
2026-05-29 13:00:00,0.000487,0.00049,0.000483,0.000488,1969742672.0
2026-05-29 14:00:00,0.000487,0.000493,0.00048,0.00049,2813857536.0
2026-05-29 15:00:00,0.00049,0.000508,0.000489,0.000505,2652802907.0
2026-05-29 16:00:00,0.000505,0.000511,0.000502,0.000503,1858371821.0
2026-05-29 17:00:00,0.000503,0.000506,0.0005,0.000501,623765872.0
2026-05-29 18:00:00,0.000502,0.000506,0.000496,0.000496,862594646.0
2026-05-29 19:00:00,0.000496,0.0005,0.00049,0.000498,592503647.0
2026-05-29 20:00:00,0.000497,0.000515,0.000497,0.000506,525247986.0
2026-05-29 21:00:00,0.000507,0.000509,0.000502,0.000502,388726676.0
2026-05-29 22:00:00,0.000503,0.000507,0.000502,0.000506,826700749.0
2026-05-29 23:00:00,0.000506,0.000512,0.000501,0.000501,1465618817.0
2026-05-30 00:00:00,0.000502,0.000509,0.000497,0.000508,1091954574.0
2026-05-30 01:00:00,0.000509,0.000512,0.000505,0.000507,1737715794.0
2026-05-30 02:00:00,0.000508,0.000515,0.000507,0.000515,1115086381.0
2026-05-30 03:00:00,0.000514,0.000527,0.000514,0.000524,1561109632.0
2026-05-30 04:00:00,0.000524,0.000531,0.000513,0.000523,1905629990.0
2026-05-30 05:00:00,0.000524,0.000524,0.000514,0.000515,2256337102.0
2026-05-30 06:00:00,0.000515,0.00052,0.00051,0.000511,2832986247.0
2026-05-30 07:00:00,0.00051,0.000513,0.000507,0.000512,2544491625.0
2026-05-30 08:00:00,0.000511,0.000516,0.000506,0.000515,3846743906.0
2026-05-30 09:00:00,0.000515,0.000517,0.000509,0.00051,4801575907.0
2026-05-30 10:00:00,0.00051,0.000522,0.000508,0.000512,5589340830.0
2026-05-30 11:00:00,0.000512,0.000526,0.00051,0.000523,2172873452.0
2026-05-30 12:00:00,0.000523,0.000539,0.000522,0.000537,6843705165.0
2026-05-30 13:00:00,0.000536,0.000553,0.000535,0.000542,6228648334.0
2026-05-30 14:00:00,0.000543,0.000598,0.000542,0.000564,9370581545.0
2026-05-30 15:00:00,0.000564,0.000573,0.000541,0.000546,4937818790.0
2026-05-30 16:00:00,0.000546,0.000547,0.000528,0.000533,1194189165.0
2026-05-30 17:00:00,0.000534,0.000535,0.000522,0.000527,971484087.0
2026-05-30 18:00:00,0.000528,0.000531,0.00052,0.000525,766291662.0
2026-05-30 19:00:00,0.000524,0.000532,0.000522,0.000525,466607331.0
2026-05-30 20:00:00,0.000524,0.000529,0.000523,0.000528,159535812.0
2026-05-30 21:00:00,0.000529,0.000531,0.000526,0.000529,845593513.0
2026-05-30 22:00:00,0.000529,0.000529,0.000518,0.00052,2582245641.0
2026-05-30 23:00:00,0.00052,0.000522,0.000515,0.000519,622974222.0
2026-05-31 00:00:00,0.00052,0.000527,0.000519,0.000524,1559179151.0
2026-05-31 01:00:00,0.000524,0.000541,0.00052,0.00054,2291881137.0
2026-05-31 02:00:00,0.000541,0.00056,0.00054,0.000546,3407370207.0
2026-05-31 03:00:00,0.000546,0.000556,0.000544,0.000552,3491929484.0
2026-05-31 04:00:00,0.000553,0.000558,0.000547,0.000558,1738213080.0
2026-05-31 05:00:00,0.000557,0.000574,0.000556,0.000568,7715739788.0
2026-05-31 06:00:00,0.000569,0.000579,0.000558,0.000565,5315884377.0
2026-05-31 07:00:00,0.000565,0.000567,0.000536,0.000543,7123791646.0
2026-05-31 08:00:00,0.000542,0.000559,0.00054,0.000554,8528715903.0
2026-05-31 09:00:00,0.000553,0.000579,0.000551,0.000574,8694829040.0
2026-05-31 10:00:00,0.000574,0.000615,0.000573,0.000602,6269041861.0
2026-05-31 11:00:00,0.000601,0.000614,0.000572,0.000581,2940148325.0
2026-05-31 12:00:00,0.00058,0.000581,0.000561,0.000564,1390730526.0
2026-05-31 13:00:00,0.000565,0.000566,0.000556,0.00056,1066957552.0
2026-05-31 14:00:00,0.00056,0.00057,0.000551,0.000553,2174883215.0
2026-05-31 15:00:00,0.000554,0.00059,0.000553,0.000584,2337732285.0
2026-05-31 16:00:00,0.000584,0.000603,0.000579,0.000583,2977882855.0
2026-05-31 17:00:00,0.000582,0.000609,0.00058,0.000592,2269358259.0
2026-05-31 18:00:00,0.000593,0.000593,0.000582,0.00059,1693075434.0
2026-05-31 19:00:00,0.00059,0.000601,0.000585,0.000591,1631401253.0
2026-05-31 20:00:00,0.00059,0.0006,0.000589,0.000593,1100559716.0
2026-05-31 21:00:00,0.000594,0.000619,0.000593,0.000615,1156830174.0
2026-05-31 22:00:00,0.000615,0.000618,0.000604,0.000605,917872732.0
2026-05-31 23:00:00,0.000605,0.000616,0.000603,0.000608,596585169.0
2026-06-01 00:00:00,0.000607,0.000609,0.000597,0.000605,765316001.0
2026-06-01 01:00:00,0.000604,0.000633,0.000597,0.000622,1428976739.0
2026-06-01 02:00:00,0.000622,0.000636,0.000612,0.00062,1751848295.0
2026-06-01 03:00:00,0.000619,0.000621,0.000571,0.000576,1927770724.0
2026-06-01 04:00:00,0.000577,0.000586,0.000569,0.000574,1345284990.0
2026-06-01 05:00:00,0.000575,0.000586,0.000569,0.000583,2068132510.0
2026-06-01 06:00:00,0.000582,0.000596,0.000569,0.000579,4363922659.0
2026-06-01 07:00:00,0.000579,0.000589,0.000563,0.000566,4229589138.0
2026-06-01 08:00:00,0.000565,0.000577,0.000561,0.000567,2614135859.0
2026-06-01 09:00:00,0.000568,0.000575,0.000559,0.000563,2490904850.0
2026-06-01 10:00:00,0.000562,0.000566,0.000551,0.000558,2823335010.0
2026-06-01 11:00:00,0.000557,0.000561,0.000553,0.000556,3262412728.0
2026-06-01 12:00:00,0.000556,0.000559,0.000547,0.000551,2338386495.0
2026-06-01 13:00:00,0.000552,0.000553,0.000538,0.000543,4536154391.0
2026-06-01 14:00:00,0.000543,0.000546,0.000537,0.000543,3660600207.0
2026-06-01 15:00:00,0.000543,0.000556,0.00054,0.000552,6980479059.0
2026-06-01 16:00:00,0.000552,0.000566,0.000548,0.000564,5047163756.0
2026-06-01 17:00:00,0.000563,0.000569,0.000555,0.000563,3071426112.0
2026-06-01 18:00:00,0.000562,0.000569,0.000562,0.000563,2716351097.0
2026-06-01 19:00:00,0.000562,0.00057,0.000561,0.000566,3725120789.0
2026-06-01 20:00:00,0.000567,0.00057,0.000564,0.000566,3273854556.0
2026-06-01 21:00:00,0.000566,0.000567,0.000551,0.000551,802224456.0
2026-06-01 22:00:00,0.000551,0.000557,0.000546,0.000555,449557871.0
2026-06-01 23:00:00,0.000555,0.000561,0.000554,0.000559,445008209.0
2026-06-02 00:00:00,0.000558,0.000561,0.000548,0.00055,349996612.0
2026-06-02 01:00:00,0.000551,0.000551,0.000536,0.000538,703834651.0
2026-06-02 02:00:00,0.000539,0.000539,0.000527,0.000537,1236396606.0
2026-06-02 03:00:00,0.000538,0.000542,0.000536,0.000537,751556368.0
2026-06-02 04:00:00,0.000538,0.00054,0.000526,0.000528,1795490323.0
2026-06-02 05:00:00,0.000528,0.000534,0.000521,0.000523,1723617416.0
2026-06-02 06:00:00,0.000523,0.000526,0.000517,0.000518,1814452650.0
2026-06-02 07:00:00,0.000519,0.000525,0.000514,0.000523,1994255337.0
2026-06-02 08:00:00,0.000523,0.000531,0.000521,0.000528,2111400518.0
2026-06-02 09:00:00,0.000529,0.000529,0.000522,0.000524,1702100447.0
2026-06-02 10:00:00,0.000524,0.000528,0.000519,0.000528,617207204.0
2026-06-02 11:00:00,0.000528,0.000528,0.00052,0.00052,514459421.0
2026-06-02 12:00:00,0.000521,0.000526,0.000518,0.000521,318571192.0
2026-06-02 13:00:00,0.000522,0.000528,0.00052,0.000521,526015696.0
2026-06-02 14:00:00,0.000522,0.000522,0.000499,0.000508,1011549043.0
2026-06-02 15:00:00,0.000509,0.000509,0.000488,0.000504,918177691.0
2026-06-02 16:00:00,0.000504,0.000515,0.000502,0.00051,563931990.0
2026-06-02 17:00:00,0.00051,0.000518,0.00051,0.00051,471180570.0
2026-06-02 18:00:00,0.000511,0.000514,0.000503,0.000506,241515565.0
2026-06-02 19:00:00,0.000506,0.000507,0.000492,0.000501,294967636.0
2026-06-02 20:00:00,0.0005,0.000506,0.000499,0.000503,203357699.0
2026-06-02 21:00:00,0.000503,0.000504,0.000498,0.0005,104042496.0
2026-06-02 22:00:00,0.000501,0.000502,0.00049,0.000492,269400092.0
2026-06-02 23:00:00,0.000492,0.000496,0.000481,0.000494,495525037.0
2026-06-03 00:00:00,0.000495,0.000501,0.000491,0.000499,562854017.0
2026-06-03 01:00:00,0.000498,0.000506,0.000497,0.000506,482549601.0
2026-06-03 02:00:00,0.000505,0.000511,0.000504,0.000508,595889051.0
2026-06-03 03:00:00,0.000507,0.000509,0.000497,0.000499,750780582.0
2026-06-03 04:00:00,0.0005,0.000511,0.000499,0.000511,499789213.0
2026-06-03 05:00:00,0.000511,0.000521,0.00051,0.00052,509140911.0
2026-06-03 06:00:00,0.00052,0.000522,0.000513,0.000513,553033087.0
2026-06-03 07:00:00,0.000513,0.000519,0.000512,0.000516,403614636.0
2026-06-03 08:00:00,0.000517,0.000541,0.000513,0.000538,1149475619.0
2026-06-03 09:00:00,0.000538,0.000546,0.000532,0.000538,1214606507.0
2026-06-03 10:00:00,0.000539,0.000578,0.000535,0.000565,1475887717.0
2026-06-03 11:00:00,0.000564,0.000567,0.000552,0.000552,677178659.0
2026-06-03 12:00:00,0.000552,0.000562,0.000551,0.000559,846549217.0
2026-06-03 13:00:00,0.000558,0.000562,0.000548,0.000554,723125643.0
2026-06-03 14:00:00,0.000555,0.000564,0.000552,0.000559,1027521190.0
2026-06-03 15:00:00,0.000559,0.000569,0.000554,0.000555,1080203564.0
2026-06-03 16:00:00,0.000555,0.000561,0.000544,0.000549,1165030959.0
2026-06-03 17:00:00,0.000549,0.000563,0.000548,0.000556,959818552.0
2026-06-03 18:00:00,0.000557,0.000568,0.000554,0.000567,523946950.0
2026-06-03 19:00:00,0.000567,0.000576,0.000558,0.000559,940965451.0
2026-06-03 20:00:00,0.00056,0.000576,0.000556,0.000563,856979802.0
2026-06-03 21:00:00,0.000564,0.000608,0.000563,0.000596,1390012220.0
2026-06-03 22:00:00,0.000595,0.000595,0.000576,0.00058,641387801.0
2026-06-03 23:00:00,0.00058,0.000582,0.000568,0.000569,599193208.0
2026-06-04 00:00:00,0.00057,0.000577,0.000563,0.00057,724505035.0
2026-06-04 01:00:00,0.00057,0.000575,0.000543,0.000544,1005252727.0
2026-06-04 02:00:00,0.000544,0.00057,0.000524,0.000564,1545753754.0
2026-06-04 03:00:00,0.000563,0.000602,0.000563,0.00059,1922414256.0
2026-06-04 04:00:00,0.000591,0.000599,0.000574,0.000577,1461393910.0
2026-06-04 05:00:00,0.000576,0.0006,0.000572,0.000597,1634857446.0
2026-06-04 06:00:00,0.000597,0.000608,0.000592,0.000601,2369228549.0
2026-06-04 07:00:00,0.0006,0.000607,0.00059,0.000594,2454598672.0
2026-06-04 08:00:00,0.000595,0.000618,0.000586,0.000608,2258470273.0
2026-06-04 09:00:00,0.000609,0.000609,0.000578,0.00058,1819089353.0
2026-06-04 10:00:00,0.000581,0.000592,0.000576,0.000587,1859496096.0
2026-06-04 11:00:00,0.000586,0.000608,0.000575,0.000607,1291078915.0
2026-06-04 12:00:00,0.000608,0.000646,0.000597,0.000638,2738781193.0
2026-06-04 13:00:00,0.000638,0.000643,0.000608,0.000614,2889029728.0
2026-06-04 14:00:00,0.000613,0.000616,0.000588,0.000593,2265585192.0
2026-06-04 15:00:00,0.000593,0.000601,0.000584,0.000587,2863494955.0
2026-06-04 16:00:00,0.000588,0.000604,0.000584,0.000589,2656117901.0
2026-06-04 17:00:00,0.000589,0.000616,0.000588,0.00061,1683814717.0
2026-06-04 18:00:00,0.00061,0.000615,0.000599,0.000606,2317004077.0
2026-06-04 19:00:00,0.000606,0.00064,0.000606,0.000628,1719628471.0
2026-06-04 20:00:00,0.000629,0.00064,0.000619,0.000633,1695723372.0
2026-06-04 21:00:00,0.000633,0.000655,0.000621,0.000629,1855592620.0
2026-06-04 22:00:00,0.000628,0.000633,0.000613,0.000621,1390495672.0
2026-06-04 23:00:00,0.000621,0.000641,0.000619,0.000637,1364977965.0
2026-06-05 00:00:00,0.000638,0.000645,0.000622,0.000634,1860118971.0
2026-06-05 01:00:00,0.000634,0.000647,0.000625,0.000633,2640824678.0
2026-06-05 02:00:00,0.000633,0.000633,0.000609,0.00061,2635831911.0
2026-06-05 03:00:00,0.00061,0.000622,0.000599,0.000607,2718471371.0
2026-06-05 04:00:00,0.000607,0.000622,0.0006,0.000621,3202898510.0
2026-06-05 05:00:00,0.000622,0.00063,0.000601,0.00061,7612820933.0
2026-06-05 06:00:00,0.00061,0.000626,0.000581,0.000624,11447426504.0
2026-06-05 07:00:00,0.000624,0.000665,0.000609,0.00066,16512101980.0
2026-06-05 08:00:00,0.00066,0.000693,0.000629,0.000648,28660732533.0
2026-06-05 09:00:00,0.000647,0.000654,0.000628,0.000641,11349331680.0
2026-06-05 10:00:00,0.000642,0.000642,0.000604,0.000617,1373064897.0
2026-06-05 11:00:00,0.000616,0.000626,0.000612,0.000622,992165347.0
2026-06-05 12:00:00,0.000621,0.000637,0.000615,0.000622,891708444.0
2026-06-05 13:00:00,0.000623,0.000628,0.000597,0.000597,1019956939.0
2026-06-05 14:00:00,0.000597,0.000613,0.000596,0.000604,1179049771.0
2026-06-05 15:00:00,0.000604,0.000607,0.000565,0.000566,1323028293.0
2026-06-05 16:00:00,0.000565,0.000587,0.000548,0.000585,1114858423.0
2026-06-05 17:00:00,0.000586,0.000607,0.000582,0.000602,584873225.0
2026-06-05 18:00:00,0.000602,0.000611,0.000582,0.000584,730501872.0
2026-06-05 19:00:00,0.000584,0.000598,0.000579,0.000591,535305451.0
2026-06-05 20:00:00,0.000591,0.000595,0.000578,0.000588,395646707.0
2026-06-05 21:00:00,0.000587,0.000599,0.000586,0.00059,272120968.0
2026-06-05 22:00:00,0.00059,0.00059,0.00058,0.000582,189075813.0
2026-06-05 23:00:00,0.000583,0.000583,0.000564,0.000578,236992971.0
2026-06-06 00:00:00,0.000577,0.000584,0.000571,0.000578,210725524.0
2026-06-06 01:00:00,0.000579,0.000597,0.000577,0.000594,255097273.0
2026-06-06 02:00:00,0.000595,0.000595,0.000578,0.000587,295322899.0
2026-06-06 03:00:00,0.000586,0.000591,0.00056,0.000561,376365193.0
2026-06-06 04:00:00,0.000561,0.000562,0.000534,0.000538,856915023.0
2026-06-06 05:00:00,0.000539,0.000563,0.000531,0.000562,443476967.0
2026-06-06 06:00:00,0.000562,0.000565,0.000547,0.000547,213547179.0
2026-06-06 07:00:00,0.000548,0.000558,0.000547,0.000556,210604029.0
2026-06-06 08:00:00,0.000556,0.000578,0.000555,0.000569,237237021.0
2026-06-06 09:00:00,0.000568,0.00057,0.000555,0.000559,412661474.0
2026-06-06 10:00:00,0.000558,0.000558,0.000541,0.000543,340944971.0
2026-06-06 11:00:00,0.000543,0.00056,0.000539,0.000559,514554550.0
2026-06-06 12:00:00,0.000559,0.000563,0.000553,0.000553,188850618.0
2026-06-06 13:00:00,0.000552,0.000568,0.00055,0.000559,139319046.0
2026-06-06 14:00:00,0.000558,0.000566,0.000548,0.000559,417724787.0
2026-06-06 15:00:00,0.00056,0.000564,0.000547,0.000553,342273740.0
2026-06-06 16:00:00,0.000553,0.00056,0.000542,0.000554,241454495.0
2026-06-06 17:00:00,0.000554,0.000561,0.000548,0.000561,240075377.0
2026-06-06 18:00:00,0.00056,0.000569,0.000557,0.000558,120560735.0
2026-06-06 19:00:00,0.000558,0.000563,0.000552,0.000553,184862802.0
2026-06-06 20:00:00,0.000553,0.000556,0.00055,0.000554,65000112.0
2026-06-06 21:00:00,0.000554,0.000558,0.00055,0.00055,126990939.0
2026-06-06 22:00:00,0.00055,0.000551,0.000541,0.000548,112476922.0
2026-06-06 23:00:00,0.000547,0.000559,0.000547,0.000553,245315318.0
2026-06-07 00:00:00,0.000553,0.000565,0.000552,0.000561,76744686.0
2026-06-07 01:00:00,0.000562,0.000611,0.000561,0.000606,222219937.0
2026-06-07 02:00:00,0.000607,0.000628,0.000602,0.000615,540096545.0
2026-06-07 03:00:00,0.000615,0.000632,0.000609,0.000618,598714310.0
2026-06-07 04:00:00,0.000617,0.000626,0.000612,0.000615,282887660.0
2026-06-07 05:00:00,0.000616,0.000621,0.000609,0.000613,284684780.0
2026-06-07 06:00:00,0.000613,0.000621,0.000605,0.000617,174179068.0
2026-06-07 07:00:00,0.000618,0.000668,0.000615,0.000662,668388177.0
2026-06-07 08:00:00,0.000662,0.000664,0.00064,0.000643,488244810.0
2026-06-07 09:00:00,0.000643,0.000647,0.000628,0.000637,347656608.0
2026-06-07 10:00:00,0.000636,0.000642,0.00063,0.000638,248609493.0
2026-06-07 11:00:00,0.000637,0.000641,0.000631,0.000632,74687181.0
2026-06-07 12:00:00,0.000633,0.000639,0.000626,0.000633,284143471.0
2026-06-07 13:00:00,0.000633,0.000633,0.000614,0.000622,243160974.0
2026-06-07 14:00:00,0.000622,0.000623,0.000612,0.000616,109603409.0
2026-06-07 15:00:00,0.000616,0.000623,0.000609,0.000611,189054018.0
2026-06-07 16:00:00,0.000611,0.000616,0.000607,0.000613,105904570.0
2026-06-07 17:00:00,0.000614,0.000625,0.000611,0.000613,165709370.0
2026-06-07 18:00:00,0.000613,0.000615,0.000603,0.000604,135296634.0
2026-06-07 19:00:00,0.000603,0.000603,0.000578,0.000579,174319292.0
2026-06-07 20:00:00,0.000579,0.00059,0.000577,0.000589,130466910.0
2026-06-07 21:00:00,0.000588,0.000589,0.000579,0.000582,51224278.0
2026-06-07 22:00:00,0.000583,0.000611,0.000581,0.000588,171399993.0
2026-06-07 23:00:00,0.000587,0.000595,0.000585,0.000591,168434126.0
2026-06-08 00:00:00,0.000591,0.000594,0.000587,0.000591,91225678.0
2026-06-08 01:00:00,0.000592,0.000592,0.00058,0.000588,99308145.0
2026-06-08 02:00:00,0.000588,0.00059,0.000585,0.00059,67399789.0
2026-06-08 03:00:00,0.00059,0.000602,0.000589,0.000596,581710857.0
2026-06-08 04:00:00,0.000596,0.000598,0.000572,0.000572,279078920.0
2026-06-08 05:00:00,0.000572,0.000575,0.000567,0.000572,88361358.0
2026-06-08 06:00:00,0.000573,0.00058,0.000571,0.000575,64172985.0
2026-06-08 07:00:00,0.000574,0.000579,0.000571,0.000576,81976910.0
2026-06-08 08:00:00,0.000575,0.00058,0.00057,0.000572,99031123.0
2026-06-08 09:00:00,0.000572,0.00058,0.000571,0.000577,97857122.0
2026-06-08 10:00:00,0.000577,0.00058,0.00057,0.000576,101537297.0
2026-06-08 11:00:00,0.000575,0.000585,0.000571,0.00058,380889056.0
2026-06-08 12:00:00,0.000581,0.000586,0.000576,0.000582,176939719.0
2026-06-08 13:00:00,0.000583,0.000586,0.000578,0.000581,137478539.0
2026-06-08 14:00:00,0.000581,0.000583,0.000574,0.000583,109207841.0
2026-06-08 15:00:00,0.000584,0.000588,0.000579,0.000585,103041250.0
2026-06-08 16:00:00,0.000586,0.00059,0.00058,0.000583,65674894.0
2026-06-08 17:00:00,0.000583,0.000585,0.000575,0.000583,89656372.0
2026-06-08 18:00:00,0.000585,0.000585,0.000576,0.000577,40332042.0
2026-06-08 19:00:00,0.000577,0.000579,0.000571,0.000573,87699743.0
2026-06-08 20:00:00,0.000573,0.000573,0.000558,0.000559,186353549.0
2026-06-08 21:00:00,0.000559,0.000561,0.000542,0.000542,273938683.0
2026-06-08 22:00:00,0.000542,0.000542,0.000518,0.000527,413467233.0
2026-06-08 23:00:00,0.000526,0.000528,0.000516,0.000518,182757891.0
2026-06-09 00:00:00,0.000518,0.000525,0.000509,0.000511,267382996.0
2026-06-09 01:00:00,0.00051,0.000512,0.000504,0.000512,171636198.0
2026-06-09 02:00:00,0.000512,0.00056,0.000501,0.000546,1178571422.0
2026-06-09 03:00:00,0.000547,0.000565,0.000532,0.000546,436403578.0
2026-06-09 04:00:00,0.000546,0.000554,0.00054,0.000553,191330125.0
2026-06-09 05:00:00,0.000553,0.000559,0.000548,0.000551,152433784.0
2026-06-09 06:00:00,0.000551,0.000567,0.000549,0.000551,299277541.0
2026-06-09 07:00:00,0.000551,0.000591,0.00055,0.000583,906700067.0
2026-06-09 08:00:00,0.000583,0.000587,0.000575,0.000583,267515193.0
2026-06-09 09:00:00,0.000583,0.000587,0.000579,0.000584,137220035.0
2026-06-09 10:00:00,0.000584,0.000585,0.000572,0.000576,261895987.0
2026-06-09 11:00:00,0.000576,0.000588,0.000572,0.000586,146839211.0
2026-06-09 12:00:00,0.000586,0.000604,0.000586,0.000603,175143534.0
2026-06-09 13:00:00,0.000604,0.000607,0.000595,0.0006,163427478.0
2026-06-09 14:00:00,0.000599,0.0006,0.000579,0.000587,381355522.0
2026-06-09 15:00:00,0.000586,0.000587,0.000572,0.000575,179861000.0
2026-06-09 16:00:00,0.000575,0.000589,0.000573,0.000574,162733916.0
2026-06-09 17:00:00,0.000574,0.000585,0.000573,0.000577,84877674.0
2026-06-09 18:00:00,0.000578,0.000582,0.000575,0.000577,46281777.0
2026-06-09 19:00:00,0.000577,0.000578,0.000563,0.000567,238787473.0
2026-06-09 20:00:00,0.000568,0.000573,0.000565,0.00057,70709914.0
2026-06-09 21:00:00,0.00057,0.000572,0.000562,0.000567,69551588.0
2026-06-09 22:00:00,0.000567,0.000575,0.000566,0.000568,65578170.0
2026-06-09 23:00:00,0.000569,0.000574,0.000568,0.000574,41879621.0
2026-06-10 00:00:00,0.000574,0.000594,0.000573,0.000582,205085220.0
2026-06-10 01:00:00,0.000581,0.000589,0.000579,0.000581,142354603.0
2026-06-10 02:00:00,0.000581,0.000582,0.000564,0.000569,214815652.0
2026-06-10 03:00:00,0.000568,0.00057,0.000556,0.00056,189844930.0
2026-06-10 04:00:00,0.00056,0.000565,0.000557,0.000558,161387900.0
2026-06-10 05:00:00,0.000558,0.000559,0.00055,0.000556,126070057.0
2026-06-10 06:00:00,0.000556,0.000562,0.000553,0.000559,80523017.0
2026-06-10 07:00:00,0.000559,0.000569,0.000558,0.000562,102898513.0
2026-06-10 08:00:00,0.000562,0.000566,0.000556,0.000564,112649253.0
2026-06-10 09:00:00,0.000563,0.000564,0.000553,0.000556,82730213.0
2026-06-10 10:00:00,0.000555,0.000557,0.000551,0.000557,43939966.0
2026-06-10 11:00:00,0.000557,0.000557,0.000547,0.00055,184589478.0
2026-06-10 12:00:00,0.00055,0.000559,0.000548,0.000555,145425026.0
2026-06-10 13:00:00,0.000555,0.000561,0.000553,0.000557,84927663.0
2026-06-10 14:00:00,0.000557,0.000561,0.000552,0.000555,73073689.0
2026-06-10 15:00:00,0.000555,0.000557,0.000549,0.000553,85884551.0
2026-06-10 16:00:00,0.000553,0.000566,0.000552,0.000556,99889456.0
2026-06-10 17:00:00,0.000556,0.000558,0.000548,0.000554,79787189.0
2026-06-10 18:00:00,0.000554,0.000558,0.000551,0.000556,65781793.0
2026-06-10 19:00:00,0.000556,0.000556,0.000543,0.000544,42537389.0
2026-06-10 20:00:00,0.000544,0.000546,0.000533,0.000535,86603361.0
2026-06-10 21:00:00,0.000535,0.000535,0.000523,0.000524,66446514.0
2026-06-10 22:00:00,0.000524,0.000536,0.000521,0.000528,150974549.0
2026-06-10 23:00:00,0.000527,0.000538,0.000526,0.000534,163916984.0
2026-06-11 00:00:00,0.000535,0.000554,0.000533,0.000548,219785328.0
2026-06-11 01:00:00,0.000547,0.000565,0.000546,0.000557,230956568.0
2026-06-11 02:00:00,0.000557,0.000557,0.000542,0.000547,107272455.0
2026-06-11 03:00:00,0.000546,0.000555,0.000538,0.000549,198511035.0
2026-06-11 04:00:00,0.000549,0.000554,0.000547,0.000552,25983390.0
2026-06-11 05:00:00,0.000552,0.000562,0.000549,0.000557,172283310.0
2026-06-11 06:00:00,0.000558,0.00056,0.000555,0.000556,68173048.0
2026-06-11 07:00:00,0.000556,0.000565,0.000553,0.000561,58558071.0
2026-06-11 08:00:00,0.000562,0.000582,0.000561,0.000575,155475755.0
2026-06-11 09:00:00,0.000574,0.00058,0.000566,0.000575,109539514.0
2026-06-11 10:00:00,0.000574,0.000578,0.00057,0.000571,53850582.0
2026-06-11 11:00:00,0.00057,0.00058,0.000569,0.000579,42015175.0
2026-06-11 12:00:00,0.000579,0.000581,0.000567,0.000573,85475845.0
2026-06-11 13:00:00,0.000574,0.000584,0.00057,0.000581,75914292.0
2026-06-11 14:00:00,0.00058,0.000598,0.00058,0.000584,178691875.0
2026-06-11 15:00:00,0.000583,0.000598,0.000579,0.00059,271416800.0
2026-06-11 16:00:00,0.000591,0.000592,0.000582,0.00059,71388557.0
2026-06-11 17:00:00,0.000591,0.000597,0.000584,0.000593,70611032.0
2026-06-11 18:00:00,0.000594,0.000597,0.000583,0.000593,196437867.0
2026-06-11 19:00:00,0.000593,0.000599,0.000587,0.000588,195221818.0
2026-06-11 20:00:00,0.000588,0.000596,0.000586,0.000587,176714137.0
2026-06-11 21:00:00,0.000587,0.000592,0.000586,0.000586,42512088.0
2026-06-11 22:00:00,0.000586,0.000595,0.000585,0.000586,132417273.0
2026-06-11 23:00:00,0.000585,0.000591,0.000582,0.000589,123992641.0
2026-06-12 00:00:00,0.000589,0.000595,0.000583,0.000591,153775205.0
2026-06-12 01:00:00,0.000591,0.000591,0.000586,0.000587,40684106.0
2026-06-12 02:00:00,0.000588,0.000592,0.000586,0.000587,22670065.0
2026-06-12 03:00:00,0.000586,0.000586,0.000579,0.00058,26682624.0
2026-06-12 04:00:00,0.00058,0.000583,0.000578,0.000581,34268321.0
2026-06-12 05:00:00,0.000581,0.000588,0.000574,0.000584,197611460.0
2026-06-12 06:00:00,0.000584,0.000585,0.000575,0.000575,37393078.0
2026-06-12 07:00:00,0.000574,0.00058,0.000574,0.000578,60022638.0
2026-06-12 08:00:00,0.000577,0.00059,0.000576,0.000587,190169121.0
2026-06-12 09:00:00,0.000587,0.000588,0.000579,0.000587,82406489.0
2026-06-12 10:00:00,0.000587,0.000588,0.000579,0.000579,65167604.0
2026-06-12 11:00:00,0.000579,0.00058,0.000574,0.000574,47172697.0
2026-06-12 12:00:00,0.000573,0.000579,0.000568,0.000575,123478553.0
2026-06-12 13:00:00,0.000574,0.000576,0.000567,0.000569,96153279.0
2026-06-12 14:00:00,0.000569,0.000576,0.000568,0.000574,54454117.0
2026-06-12 15:00:00,0.000575,0.000579,0.000571,0.000573,82848100.0
2026-06-12 16:00:00,0.000573,0.000575,0.000565,0.00057,73017884.0
2026-06-12 17:00:00,0.000569,0.000574,0.000568,0.000572,55175906.0
2026-06-12 18:00:00,0.000571,0.000582,0.000562,0.000572,221287873.0
2026-06-12 19:00:00,0.000572,0.000575,0.00057,0.000572,56857526.0
2026-06-12 20:00:00,0.000571,0.000574,0.000569,0.000569,38589498.0
2026-06-12 21:00:00,0.000569,0.000574,0.000567,0.000571,18323726.0
2026-06-12 22:00:00,0.000571,0.000572,0.000568,0.00057,27289515.0
2026-06-12 23:00:00,0.00057,0.000571,0.000567,0.000571,21571130.0
2026-06-13 00:00:00,0.000571,0.000576,0.00057,0.000576,35041046.0
2026-06-13 01:00:00,0.000576,0.00058,0.000571,0.000577,36280857.0
2026-06-13 02:00:00,0.000577,0.000578,0.00057,0.000571,19672196.0
2026-06-13 03:00:00,0.000571,0.000572,0.000564,0.000564,35147509.0
2026-06-13 04:00:00,0.000565,0.000565,0.000558,0.000558,49058188.0
2026-06-13 05:00:00,0.000558,0.000558,0.000554,0.000555,65249024.0
2026-06-13 06:00:00,0.000555,0.00056,0.000553,0.000558,26290625.0
2026-06-13 07:00:00,0.000557,0.000561,0.000555,0.00056,48314492.0
2026-06-13 08:00:00,0.00056,0.000561,0.000556,0.000556,45235730.0
2026-06-13 09:00:00,0.000556,0.000568,0.000556,0.000563,116360907.0
2026-06-13 10:00:00,0.000562,0.000564,0.000559,0.00056,35243514.0
2026-06-13 11:00:00,0.00056,0.00057,0.00056,0.000567,174541263.0
2026-06-13 12:00:00,0.000566,0.000568,0.000561,0.000561,89766894.0
2026-06-13 13:00:00,0.00056,0.000564,0.000559,0.00056,37586512.0
2026-06-13 14:00:00,0.00056,0.000562,0.000557,0.000559,67930657.0
2026-06-13 15:00:00,0.000559,0.000572,0.000558,0.000567,130887306.0
2026-06-13 16:00:00,0.000566,0.000572,0.00056,0.000563,136546673.0
2026-06-13 17:00:00,0.000562,0.000562,0.00056,0.00056,69717731.0
2026-06-13 18:00:00,0.00056,0.000563,0.00056,0.000561,18075381.0
2026-06-13 19:00:00,0.000561,0.000566,0.000559,0.000564,27241046.0
2026-06-13 20:00:00,0.000564,0.000565,0.000559,0.000561,27538705.0
2026-06-13 21:00:00,0.00056,0.000563,0.00056,0.000561,20506802.0
2026-06-13 22:00:00,0.00056,0.00057,0.000559,0.000561,150251157.0
2026-06-13 23:00:00,0.000561,0.000564,0.00056,0.00056,28707146.0
2026-06-14 00:00:00,0.000561,0.000561,0.000558,0.00056,30124111.0
2026-06-14 01:00:00,0.000559,0.000561,0.000554,0.000561,91708120.0
2026-06-14 02:00:00,0.00056,0.000572,0.00056,0.000566,114562183.0
2026-06-14 03:00:00,0.000565,0.000578,0.000565,0.000575,156609316.0
2026-06-14 04:00:00,0.000575,0.000584,0.000575,0.000578,37621233.0
2026-06-14 05:00:00,0.000577,0.000581,0.000574,0.000576,165528338.0
2026-06-14 06:00:00,0.000575,0.000589,0.000575,0.000587,319714813.0
2026-06-14 07:00:00,0.000586,0.000598,0.000583,0.000593,299839749.0
2026-06-14 08:00:00,0.000594,0.00062,0.000591,0.000618,444805936.0
2026-06-14 09:00:00,0.000616,0.000636,0.000603,0.000603,1020509701.0
2026-06-14 10:00:00,0.000603,0.000614,0.000594,0.000599,337104666.0
2026-06-14 11:00:00,0.000599,0.000627,0.000596,0.000624,262125546.0
2026-06-14 12:00:00,0.000625,0.000631,0.000612,0.000617,328380881.0
2026-06-14 13:00:00,0.000617,0.00064,0.000617,0.000624,388761782.0
2026-06-14 14:00:00,0.000623,0.000636,0.000618,0.000628,483239462.0
2026-06-14 15:00:00,0.000627,0.000658,0.000624,0.000648,937828948.0
2026-06-14 16:00:00,0.000648,0.00068,0.000638,0.000649,1557067749.0
2026-06-14 17:00:00,0.000649,0.000658,0.000631,0.000634,408500982.0
2026-06-14 18:00:00,0.000635,0.000638,0.000624,0.000633,361625318.0
2026-06-14 19:00:00,0.000632,0.000633,0.000613,0.000614,337364475.0
2026-06-14 20:00:00,0.000614,0.000617,0.000607,0.000608,208157441.0
2026-06-14 21:00:00,0.000608,0.000628,0.000608,0.000623,224538422.0
2026-06-14 22:00:00,0.000623,0.000635,0.000619,0.000627,272031953.0
2026-06-14 23:00:00,0.000628,0.000633,0.000626,0.000633,92847583.0
2026-06-15 00:00:00,0.000633,0.000639,0.000628,0.000628,196140541.0
2026-06-15 01:00:00,0.000628,0.000638,0.000623,0.000623,216423239.0
2026-06-15 02:00:00,0.000623,0.000626,0.000618,0.000625,176018068.0
2026-06-15 03:00:00,0.000625,0.000632,0.00062,0.000627,317684687.0
2026-06-15 04:00:00,0.000628,0.000629,0.000618,0.000626,300558755.0
2026-06-15 05:00:00,0.000626,0.000649,0.000626,0.000639,365120597.0
2026-06-15 06:00:00,0.000639,0.000639,0.000626,0.000627,191092072.0
2026-06-15 07:00:00,0.000626,0.000627,0.000619,0.000619,72713027.0
2026-06-15 08:00:00,0.000618,0.000632,0.000615,0.000627,282552015.0
2026-06-15 09:00:00,0.000627,0.000631,0.000626,0.000628,61148817.0
2026-06-15 10:00:00,0.000628,0.000633,0.000624,0.000628,83764263.0
2026-06-15 11:00:00,0.000628,0.00063,0.000624,0.000627,70371323.0
2026-06-15 12:00:00,0.000628,0.000632,0.000623,0.000629,219747101.0
2026-06-15 13:00:00,0.000629,0.000644,0.000628,0.000636,220979372.0
2026-06-15 14:00:00,0.000637,0.00064,0.000628,0.000629,158455856.0
2026-06-15 15:00:00,0.000629,0.000631,0.000616,0.000625,204442010.0
2026-06-15 16:00:00,0.000624,0.000628,0.000622,0.000623,85982364.0
2026-06-15 17:00:00,0.000622,0.000624,0.000615,0.000617,238933529.0
2026-06-15 18:00:00,0.000618,0.000619,0.00061,0.000614,91132808.0
2026-06-15 19:00:00,0.000614,0.000616,0.000602,0.000605,104720750.0
2026-06-15 20:00:00,0.000606,0.00061,0.000604,0.000605,50900824.0
2026-06-15 21:00:00,0.000606,0.000609,0.000604,0.000607,34928418.0
2026-06-15 22:00:00,0.000608,0.00061,0.000596,0.000599,70275692.0
2026-06-15 23:00:00,0.000599,0.000611,0.000599,0.00061,57828558.0
2026-06-16 00:00:00,0.000609,0.00063,0.000609,0.000628,161925900.0
2026-06-16 01:00:00,0.000628,0.000632,0.000619,0.000619,209141415.0
2026-06-16 02:00:00,0.000619,0.000628,0.000609,0.000612,229120359.0
2026-06-16 03:00:00,0.000613,0.000622,0.000612,0.000617,106320711.0
2026-06-16 04:00:00,0.000617,0.000617,0.000606,0.000611,95481309.0
2026-06-16 05:00:00,0.000612,0.000623,0.000611,0.000617,144104580.0
2026-06-16 06:00:00,0.000617,0.000636,0.000617,0.000631,111925785.0
2026-06-16 07:00:00,0.000632,0.000657,0.000626,0.000652,404348215.0
2026-06-16 08:00:00,0.000652,0.000666,0.000649,0.000656,419249954.0
2026-06-16 09:00:00,0.000656,0.000673,0.000656,0.000666,226606175.0
2026-06-16 10:00:00,0.000666,0.000679,0.00066,0.000662,224328665.0
2026-06-16 11:00:00,0.000663,0.000676,0.000658,0.000663,178823579.0
2026-06-16 12:00:00,0.000664,0.000675,0.00066,0.000664,190004030.0
2026-06-16 13:00:00,0.000665,0.000673,0.000653,0.000663,291983497.0
2026-06-16 14:00:00,0.000663,0.000665,0.000646,0.000659,224902417.0
2026-06-16 15:00:00,0.000659,0.000659,0.000651,0.000656,105623670.0
2026-06-16 16:00:00,0.000657,0.000659,0.000647,0.000658,96243578.0
2026-06-16 17:00:00,0.000658,0.000669,0.000648,0.000649,181747805.0
2026-06-16 18:00:00,0.000649,0.000653,0.000643,0.000643,76412992.0
2026-06-16 19:00:00,0.000643,0.000643,0.000632,0.000633,75749542.0
2026-06-16 20:00:00,0.000633,0.000639,0.000632,0.000636,64465520.0
2026-06-16 21:00:00,0.000636,0.000637,0.000631,0.000631,49765799.0
2026-06-16 22:00:00,0.000631,0.000636,0.000626,0.000635,49429207.0
2026-06-16 23:00:00,0.000635,0.000636,0.000629,0.000629,33472099.0
2026-06-17 00:00:00,0.00063,0.000645,0.000629,0.000638,225546819.0
2026-06-17 01:00:00,0.000638,0.000648,0.000635,0.000648,235865873.0
2026-06-17 02:00:00,0.000648,0.000653,0.00064,0.000642,52021989.0
2026-06-17 03:00:00,0.000641,0.000641,0.000627,0.000629,67781583.0
2026-06-17 04:00:00,0.000629,0.000632,0.000622,0.000624,237318936.0
2026-06-17 05:00:00,0.000625,0.000625,0.000618,0.00062,84028440.0
2026-06-17 06:00:00,0.000621,0.000628,0.000619,0.00062,135261380.0
2026-06-17 07:00:00,0.000619,0.000622,0.000612,0.000618,141524929.0
2026-06-17 08:00:00,0.000618,0.000618,0.00061,0.000613,80690802.0
2026-06-17 09:00:00,0.000613,0.000615,0.000607,0.000607,51652443.0
2026-06-17 10:00:00,0.000608,0.000608,0.000602,0.000602,117449635.0
2026-06-17 11:00:00,0.000602,0.000605,0.000594,0.000603,93364823.0
2026-06-17 12:00:00,0.000603,0.000606,0.000596,0.000605,81081799.0
2026-06-17 13:00:00,0.000605,0.000608,0.000601,0.000603,102396498.0
2026-06-17 14:00:00,0.000603,0.000605,0.000594,0.000598,87715504.0
2026-06-17 15:00:00,0.000598,0.000607,0.000597,0.000605,99186170.0
2026-06-17 16:00:00,0.000605,0.00061,0.000602,0.000605,85862628.0
2026-06-17 17:00:00,0.000606,0.000608,0.000602,0.000606,57077682.0
2026-06-17 18:00:00,0.000606,0.000606,0.000588,0.0006,261570040.0
2026-06-17 19:00:00,0.0006,0.000603,0.000588,0.000591,100638873.0
2026-06-17 20:00:00,0.000591,0.000594,0.000587,0.000594,20080645.0
2026-06-17 21:00:00,0.000594,0.000597,0.000589,0.000591,44633457.0
2026-06-17 22:00:00,0.00059,0.000594,0.000586,0.00059,41433840.0
2026-06-17 23:00:00,0.000589,0.000595,0.000589,0.000593,34133658.0
2026-06-18 00:00:00,0.000593,0.0006,0.000591,0.000594,34322933.0
2026-06-18 01:00:00,0.000594,0.000601,0.000592,0.000594,76660839.0
2026-06-18 02:00:00,0.000595,0.000605,0.000592,0.000598,102843075.0
2026-06-18 03:00:00,0.000598,0.0006,0.000591,0.000594,114170962.0
2026-06-18 04:00:00,0.000594,0.000594,0.000578,0.000583,100559328.0
2026-06-18 05:00:00,0.000582,0.000589,0.000577,0.000589,169577006.0
2026-06-18 06:00:00,0.000588,0.000589,0.000583,0.000588,30567103.0
2026-06-18 07:00:00,0.000588,0.000594,0.000585,0.000589,55030836.0
2026-06-18 08:00:00,0.000588,0.000599,0.000588,0.000593,144862119.0
2026-06-18 09:00:00,0.000593,0.000607,0.000592,0.000604,212191240.0
2026-06-18 10:00:00,0.000604,0.000606,0.000594,0.000596,127867284.0
2026-06-18 11:00:00,0.000596,0.000598,0.00059,0.000595,87574709.0
2026-06-18 12:00:00,0.000595,0.000598,0.000593,0.000596,35835240.0
2026-06-18 13:00:00,0.000597,0.000597,0.000583,0.000585,61424359.0
2026-06-18 14:00:00,0.000586,0.000593,0.000585,0.000588,46436563.0
2026-06-18 15:00:00,0.000587,0.000591,0.000557,0.00056,298254019.0
2026-06-18 16:00:00,0.00056,0.000565,0.000556,0.000563,66533259.0
2026-06-18 17:00:00,0.000563,0.000564,0.000557,0.00056,106368959.0
2026-06-18 18:00:00,0.00056,0.000563,0.000555,0.000556,53579759.0
2026-06-18 19:00:00,0.000556,0.000562,0.000555,0.00056,31523446.0
2026-06-18 20:00:00,0.000561,0.000564,0.00056,0.000562,22767350.0
2026-06-18 21:00:00,0.000561,0.000561,0.000554,0.000556,28008530.0
2026-06-18 22:00:00,0.000555,0.000555,0.000544,0.000547,60173563.0
2026-06-18 23:00:00,0.000546,0.000549,0.000542,0.000548,57050393.0
2026-06-19 00:00:00,0.000547,0.000558,0.000547,0.000554,107667573.0
2026-06-19 01:00:00,0.000554,0.000556,0.000551,0.000554,25515375.0
2026-06-19 02:00:00,0.000554,0.000562,0.00055,0.000559,249880654.0
2026-06-19 03:00:00,0.000559,0.00056,0.000543,0.000549,133035057.0
2026-06-19 04:00:00,0.000548,0.000549,0.000539,0.00054,86565587.0
2026-06-19 05:00:00,0.00054,0.000545,0.000539,0.000543,51479788.0
2026-06-19 06:00:00,0.000543,0.000547,0.00054,0.000543,35303147.0
2026-06-19 07:00:00,0.000542,0.000542,0.000533,0.000537,45917478.0
2026-06-19 08:00:00,0.000537,0.00054,0.000536,0.000538,64145854.0
2026-06-19 09:00:00,0.000538,0.00054,0.000534,0.000536,35206885.0
2026-06-19 10:00:00,0.000537,0.000546,0.000535,0.000544,116546007.0
2026-06-19 11:00:00,0.000544,0.000544,0.00054,0.00054,22329512.0
2026-06-19 12:00:00,0.00054,0.00055,0.00054,0.00055,73832123.0
2026-06-19 13:00:00,0.000549,0.000553,0.000546,0.000551,61309854.0
2026-06-19 14:00:00,0.00055,0.00055,0.000546,0.000546,52308793.0
2026-06-19 15:00:00,0.000546,0.000551,0.000546,0.00055,25826340.0
2026-06-19 16:00:00,0.000549,0.000553,0.000544,0.000544,55435802.0
2026-06-19 17:00:00,0.000544,0.000549,0.000542,0.000547,62027609.0
2026-06-19 18:00:00,0.000547,0.000548,0.000539,0.000544,53261180.0
2026-06-19 19:00:00,0.000543,0.000545,0.000539,0.000541,29600284.0
2026-06-19 20:00:00,0.000541,0.000545,0.000541,0.000545,75563492.0
2026-06-19 21:00:00,0.000544,0.000546,0.00054,0.000541,31483415.0
2026-06-19 22:00:00,0.00054,0.000541,0.000537,0.00054,53497392.0
2026-06-19 23:00:00,0.000539,0.000555,0.000538,0.000552,111854711.0
2026-06-20 00:00:00,0.000552,0.000581,0.000552,0.000569,397681131.0
2026-06-20 01:00:00,0.000569,0.000569,0.000552,0.000553,241595410.0
2026-06-20 02:00:00,0.000553,0.000556,0.000551,0.000552,96773599.0
2026-06-20 03:00:00,0.000551,0.000561,0.000551,0.000555,110018739.0
2026-06-20 04:00:00,0.000555,0.00056,0.000553,0.000559,79553114.0
2026-06-20 05:00:00,0.000559,0.000562,0.000552,0.00056,134595936.0
2026-06-20 06:00:00,0.00056,0.00056,0.000551,0.000553,41350088.0
2026-06-20 07:00:00,0.000553,0.000554,0.000548,0.000549,43827598.0
2026-06-20 08:00:00,0.000549,0.000549,0.000544,0.000546,14316715.0
2026-06-20 09:00:00,0.000546,0.000551,0.000546,0.000547,40869726.0
2026-06-20 10:00:00,0.000546,0.000548,0.000541,0.000543,38568396.0
2026-06-20 11:00:00,0.000543,0.000546,0.00054,0.000541,102312513.0
2026-06-20 12:00:00,0.000541,0.000543,0.000536,0.000539,35848620.0
2026-06-20 13:00:00,0.000538,0.000543,0.000534,0.00054,83814584.0
2026-06-20 14:00:00,0.000539,0.000547,0.000536,0.000545,38421087.0
2026-06-20 15:00:00,0.000545,0.000549,0.000545,0.000548,97089851.0
2026-06-20 16:00:00,0.000548,0.00055,0.000545,0.000549,32048208.0
2026-06-20 17:00:00,0.000549,0.000549,0.00054,0.000543,20076159.0
2026-06-20 18:00:00,0.000543,0.000549,0.000543,0.000545,23780987.0
2026-06-20 19:00:00,0.000545,0.000548,0.000544,0.000546,15540068.0
2026-06-20 20:00:00,0.000546,0.000548,0.000544,0.000545,10040881.0
2026-06-20 21:00:00,0.000545,0.000546,0.000544,0.000545,10021967.0
2026-06-20 22:00:00,0.000545,0.000549,0.000544,0.000549,8072872.0
2026-06-20 23:00:00,0.000548,0.000556,0.000546,0.000549,115034735.0
2026-06-21 00:00:00,0.000548,0.000552,0.000548,0.00055,47693092.0
2026-06-21 01:00:00,0.00055,0.00055,0.000544,0.000549,20281194.0
2026-06-21 02:00:00,0.000549,0.000549,0.000543,0.000545,25232077.0
2026-06-21 03:00:00,0.000544,0.000546,0.000542,0.000542,21858985.0
2026-06-21 04:00:00,0.000542,0.000544,0.000539,0.00054,20286653.0
2026-06-21 05:00:00,0.00054,0.000542,0.000539,0.00054,46181600.0
2026-06-21 06:00:00,0.00054,0.000546,0.00054,0.000545,15761886.0
2026-06-21 07:00:00,0.000546,0.000547,0.000543,0.000544,25925575.0
2026-06-21 08:00:00,0.000544,0.000546,0.000542,0.000543,36792178.0
2026-06-21 09:00:00,0.000543,0.000551,0.000542,0.000551,41321786.0
2026-06-21 10:00:00,0.000551,0.000567,0.000551,0.00056,174752228.0
2026-06-21 11:00:00,0.000561,0.000565,0.00056,0.000563,109440216.0
2026-06-21 12:00:00,0.000562,0.000565,0.000556,0.000562,64151973.0
2026-06-21 13:00:00,0.000562,0.000568,0.000558,0.000559,73656522.0
2026-06-21 14:00:00,0.000559,0.000563,0.000555,0.00056,150309956.0
2026-06-21 15:00:00,0.00056,0.000564,0.000557,0.000563,36681631.0
2026-06-21 16:00:00,0.000563,0.000566,0.000561,0.000561,58959819.0
2026-06-21 17:00:00,0.000561,0.000561,0.000555,0.000556,74487106.0
2026-06-21 18:00:00,0.000556,0.000556,0.000551,0.000555,37495985.0
2026-06-21 19:00:00,0.000556,0.000556,0.000551,0.000552,9066472.0
2026-06-21 20:00:00,0.000552,0.000552,0.000548,0.00055,46857538.0
2026-06-21 21:00:00,0.00055,0.000551,0.000541,0.000547,63854691.0
2026-06-21 22:00:00,0.000547,0.000548,0.000545,0.000547,15416600.0
2026-06-21 23:00:00,0.000547,0.000553,0.000543,0.00055,36545331.0
2026-06-22 00:00:00,0.00055,0.000555,0.000546,0.000555,21679015.0
2026-06-22 01:00:00,0.000555,0.00056,0.000554,0.000557,28766310.0
2026-06-22 02:00:00,0.000556,0.000556,0.000551,0.000554,20519093.0
2026-06-22 03:00:00,0.000553,0.000559,0.000551,0.000556,24332028.0
2026-06-22 04:00:00,0.000556,0.00056,0.000555,0.00056,20152354.0
2026-06-22 05:00:00,0.00056,0.000562,0.000556,0.000557,29799253.0
2026-06-22 06:00:00,0.000557,0.000558,0.000552,0.000554,32685254.0
2026-06-22 07:00:00,0.000553,0.000556,0.000553,0.000554,44749524.0
2026-06-22 08:00:00,0.000555,0.000555,0.000551,0.000551,34544779.0
2026-06-22 09:00:00,0.000551,0.000559,0.000548,0.000557,152776758.0
2026-06-22 10:00:00,0.000558,0.000558,0.000547,0.000549,36713403.0
2026-06-22 11:00:00,0.00055,0.000553,0.000548,0.00055,46000352.0
2026-06-22 12:00:00,0.00055,0.000552,0.000547,0.000551,58274300.0
2026-06-22 13:00:00,0.00055,0.000553,0.000546,0.000553,73512428.0
2026-06-22 14:00:00,0.000552,0.000552,0.000544,0.000545,48744746.0
2026-06-22 15:00:00,0.000545,0.000552,0.000544,0.000547,98939916.0
2026-06-22 16:00:00,0.000547,0.000548,0.000543,0.000546,24888389.0
2026-06-22 17:00:00,0.000545,0.000547,0.000543,0.000546,19378333.0
2026-06-22 18:00:00,0.000546,0.000547,0.000537,0.00054,56210234.0
2026-06-22 19:00:00,0.00054,0.000541,0.000537,0.00054,30401094.0
2026-06-22 20:00:00,0.000539,0.000541,0.000536,0.000539,78033814.0
2026-06-22 21:00:00,0.000538,0.00054,0.000535,0.000539,30929297.0
2026-06-22 22:00:00,0.00054,0.000544,0.000529,0.000535,83056215.0
2026-06-22 23:00:00,0.000536,0.000538,0.000534,0.000536,7903449.0
2026-06-23 00:00:00,0.000535,0.000539,0.000534,0.000537,25211491.0
2026-06-23 01:00:00,0.000538,0.000538,0.000531,0.000534,26793393.0
2026-06-23 02:00:00,0.000534,0.00054,0.000531,0.000538,122782398.0
2026-06-23 03:00:00,0.000539,0.000539,0.000535,0.000536,28484292.0
2026-06-23 04:00:00,0.000537,0.000539,0.000532,0.000533,59282969.0
2026-06-23 05:00:00,0.000533,0.000534,0.000528,0.00053,37008377.0
2026-06-23 06:00:00,0.000529,0.000536,0.000515,0.000519,216955595.0
2026-06-23 07:00:00,0.000519,0.000523,0.000516,0.000516,84760438.0
2026-06-23 08:00:00,0.000516,0.000526,0.000506,0.000516,203438225.0
2026-06-23 09:00:00,0.000516,0.000518,0.000515,0.000516,32163003.0
2026-06-23 10:00:00,0.000517,0.00052,0.000511,0.000516,199102353.0
2026-06-23 11:00:00,0.000516,0.000523,0.000516,0.000518,47492251.0
2026-06-23 12:00:00,0.000518,0.000526,0.000517,0.000522,56751976.0
2026-06-23 13:00:00,0.000521,0.000527,0.000517,0.000526,28183990.0
2026-06-23 14:00:00,0.000526,0.000529,0.000525,0.000526,70614199.0
2026-06-23 15:00:00,0.000526,0.000527,0.00052,0.000527,27139930.0
2026-06-23 16:00:00,0.000526,0.000527,0.000519,0.00052,22343392.0
2026-06-23 17:00:00,0.000519,0.000522,0.000517,0.000518,19774775.0
2026-06-23 18:00:00,0.000518,0.000522,0.000517,0.000518,27648518.0
2026-06-23 19:00:00,0.000518,0.000538,0.000518,0.000536,161142849.0
2026-06-23 20:00:00,0.000536,0.000561,0.000535,0.000549,692456658.0
2026-06-23 21:00:00,0.000549,0.000551,0.000537,0.000551,246086809.0
2026-06-23 22:00:00,0.00055,0.000554,0.000546,0.000547,52472372.0
2026-06-23 23:00:00,0.000546,0.000546,0.00054,0.000543,111550849.0
2026-06-24 00:00:00,0.000544,0.000545,0.000538,0.000542,69204525.0
2026-06-24 01:00:00,0.000541,0.000546,0.000537,0.000541,123540611.0
2026-06-24 02:00:00,0.000541,0.000541,0.000533,0.000533,38110676.0
2026-06-24 03:00:00,0.000534,0.00054,0.000533,0.000536,79340902.0
2026-06-24 04:00:00,0.000535,0.000535,0.000528,0.000531,25439750.0
2026-06-24 05:00:00,0.000531,0.000538,0.00053,0.000531,139670055.0
2026-06-24 06:00:00,0.000531,0.000531,0.000529,0.00053,25939143.0
2026-06-24 07:00:00,0.000529,0.000532,0.000528,0.000529,50567591.0
2026-06-24 08:00:00,0.000529,0.000538,0.000529,0.000535,69631504.0
2026-06-24 09:00:00,0.000534,0.000534,0.000531,0.000534,13326956.0
2026-06-24 10:00:00,0.000533,0.000539,0.000526,0.000526,114139664.0
2026-06-24 11:00:00,0.000526,0.000531,0.000524,0.00053,18677050.0
2026-06-24 12:00:00,0.00053,0.000531,0.000525,0.000526,32123321.0
2026-06-24 13:00:00,0.000525,0.000526,0.000511,0.000517,122008916.0
2026-06-24 14:00:00,0.000516,0.000521,0.000514,0.00052,53874486.0
2026-06-24 15:00:00,0.00052,0.000521,0.000511,0.000512,74976946.0
2026-06-24 16:00:00,0.000512,0.00052,0.000495,0.000502,192037936.0
2026-06-24 17:00:00,0.000502,0.000505,0.000492,0.000497,88877816.0
2026-06-24 18:00:00,0.000498,0.000503,0.000492,0.000499,187916349.0
2026-06-24 19:00:00,0.000499,0.000503,0.000498,0.0005,53762892.0
2026-06-24 20:00:00,0.000501,0.000509,0.0005,0.000506,44476851.0
2026-06-24 21:00:00,0.000505,0.000506,0.000501,0.000506,27482821.0
2026-06-24 22:00:00,0.000507,0.00051,0.000504,0.000505,30517159.0
2026-06-24 23:00:00,0.000505,0.00051,0.000503,0.000505,178790837.0
2026-06-25 00:00:00,0.000505,0.000507,0.0005,0.000502,40243906.0
2026-06-25 01:00:00,0.000503,0.000504,0.0005,0.000501,15644497.0
2026-06-25 02:00:00,0.000501,0.000503,0.000501,0.000502,15050907.0
2026-06-25 03:00:00,0.000502,0.000503,0.0005,0.000501,19135649.0
2026-06-25 04:00:00,0.000502,0.000507,0.000501,0.000506,30753396.0
2026-06-25 05:00:00,0.000506,0.000511,0.000506,0.000509,35559365.0
2026-06-25 06:00:00,0.000509,0.000511,0.000507,0.000509,33548022.0
2026-06-25 07:00:00,0.000509,0.00051,0.000505,0.000507,35569829.0
2026-06-25 08:00:00,0.000506,0.000506,0.000504,0.000505,22924334.0
2026-06-25 09:00:00,0.000505,0.000505,0.000501,0.000503,34287677.0
2026-06-25 10:00:00,0.000503,0.000504,0.000499,0.0005,21111890.0
2026-06-25 11:00:00,0.000499,0.0005,0.000496,0.000498,44747416.0
2026-06-25 12:00:00,0.000498,0.000503,0.000495,0.000498,65402681.0
2026-06-25 13:00:00,0.000499,0.000503,0.00047,0.000472,321125847.0
2026-06-25 14:00:00,0.000473,0.000489,0.000473,0.000484,158483678.0
2026-06-25 15:00:00,0.000485,0.000487,0.000478,0.000486,75246727.0
2026-06-25 16:00:00,0.000486,0.000491,0.000481,0.000481,52192812.0
2026-06-25 17:00:00,0.000481,0.000488,0.00048,0.000487,61772659.0
2026-06-25 18:00:00,0.000487,0.000487,0.000477,0.000477,40716853.0
2026-06-25 19:00:00,0.000477,0.000477,0.000473,0.000477,48780000.0
2026-06-25 20:00:00,0.000477,0.000484,0.000477,0.000478,30205773.0
2026-06-25 21:00:00,0.000479,0.00049,0.000479,0.000489,38395053.0
2026-06-25 22:00:00,0.000489,0.00049,0.000486,0.000488,27758266.0
2026-06-25 23:00:00,0.000488,0.000489,0.000486,0.000487,27946377.0
2026-06-26 00:00:00,0.000488,0.000492,0.000486,0.000486,27214793.0
2026-06-26 01:00:00,0.000487,0.000489,0.000485,0.000486,18739771.0
2026-06-26 02:00:00,0.000487,0.000487,0.000473,0.000476,54314400.0
2026-06-26 03:00:00,0.000476,0.000491,0.000473,0.000488,86142933.0
2026-06-26 04:00:00,0.000488,0.000489,0.000483,0.000484,14886238.0
2026-06-26 05:00:00,0.000484,0.000487,0.000483,0.000486,31577971.0
2026-06-26 06:00:00,0.000485,0.000524,0.000483,0.000516,439633001.0
2026-06-26 07:00:00,0.000516,0.000527,0.000511,0.000524,183569446.0
2026-06-26 08:00:00,0.000523,0.000531,0.000514,0.000519,161115047.0
2026-06-26 09:00:00,0.00052,0.000532,0.000517,0.000527,152498502.0
2026-06-26 10:00:00,0.000528,0.000537,0.00052,0.000523,131283072.0
2026-06-26 11:00:00,0.000523,0.000529,0.000517,0.000528,125531190.0
2026-06-26 12:00:00,0.000528,0.000538,0.000524,0.000531,231973161.0
2026-06-26 13:00:00,0.000531,0.000544,0.000527,0.000542,169469837.0
2026-06-26 14:00:00,0.000542,0.000543,0.00053,0.000532,133369765.0
2026-06-26 15:00:00,0.000531,0.000541,0.000529,0.000535,77555078.0
2026-06-26 16:00:00,0.000535,0.000542,0.000527,0.000527,209514242.0
2026-06-26 17:00:00,0.000528,0.000534,0.000525,0.000531,117260121.0
2026-06-26 18:00:00,0.00053,0.000532,0.000524,0.000525,74633660.0
2026-06-26 19:00:00,0.000525,0.00053,0.000524,0.000527,99580356.0
2026-06-26 20:00:00,0.000527,0.000534,0.000525,0.000531,76362889.0
2026-06-26 21:00:00,0.000531,0.000533,0.000523,0.000523,24852635.0
2026-06-26 22:00:00,0.000523,0.000531,0.000519,0.000525,157339733.0
2026-06-26 23:00:00,0.000525,0.000525,0.000523,0.000524,31408675.0
2026-06-27 00:00:00,0.000524,0.000527,0.000523,0.000523,32304850.0
2026-06-27 01:00:00,0.000523,0.000526,0.000521,0.000525,16563556.0
2026-06-27 02:00:00,0.000524,0.000526,0.000522,0.000524,12974952.0
2026-06-27 03:00:00,0.000524,0.000525,0.000522,0.000523,16869183.0
2026-06-27 04:00:00,0.000523,0.000527,0.000521,0.000522,31582174.0
2026-06-27 05:00:00,0.000522,0.000523,0.000519,0.000521,52305676.0
2026-06-27 06:00:00,0.000521,0.000525,0.000517,0.000521,95491584.0
2026-06-27 07:00:00,0.000521,0.000521,0.000512,0.000515,98260531.0
2026-06-27 08:00:00,0.000515,0.000522,0.000512,0.00052,196822045.0
2026-06-27 09:00:00,0.000521,0.000525,0.000519,0.000524,60165825.0
2026-06-27 10:00:00,0.000524,0.000524,0.000518,0.000518,17675092.0
2026-06-27 11:00:00,0.000518,0.000534,0.000518,0.00053,93204470.0
2026-06-27 12:00:00,0.000531,0.000531,0.000527,0.000528,35530115.0
2026-06-27 13:00:00,0.000528,0.000536,0.000527,0.000536,100150303.0
2026-06-27 14:00:00,0.000536,0.00054,0.000529,0.00053,43374077.0
2026-06-27 15:00:00,0.00053,0.000538,0.000528,0.000531,84103629.0
2026-06-27 16:00:00,0.000532,0.000533,0.000528,0.00053,23002007.0
2026-06-27 17:00:00,0.00053,0.00053,0.000524,0.000524,33740472.0
2026-06-27 18:00:00,0.000524,0.000525,0.000522,0.000524,32770734.0
2026-06-27 19:00:00,0.000524,0.000524,0.000519,0.000522,16252184.0
2026-06-27 20:00:00,0.000522,0.000526,0.000521,0.000526,19564936.0
2026-06-27 21:00:00,0.000526,0.000531,0.000526,0.000527,31480974.0
2026-06-27 22:00:00,0.000527,0.000527,0.000521,0.000526,12829495.0
2026-06-27 23:00:00,0.000526,0.00053,0.000525,0.000528,32090427.0
2026-06-28 00:00:00,0.000528,0.000529,0.000522,0.000526,27214016.0
2026-06-28 01:00:00,0.000526,0.000527,0.000524,0.000525,16131269.0
2026-06-28 02:00:00,0.000525,0.000537,0.000522,0.000536,153169145.0
2026-06-28 03:00:00,0.000536,0.000588,0.000528,0.000579,1942860927.0
2026-06-28 04:00:00,0.00058,0.000589,0.000576,0.000586,317148512.0
2026-06-28 05:00:00,0.000587,0.000596,0.000585,0.000595,250416733.0
2026-06-28 06:00:00,0.000595,0.000604,0.000582,0.000587,341399734.0
2026-06-28 07:00:00,0.000586,0.000594,0.000584,0.000594,142525812.0
2026-06-28 08:00:00,0.000594,0.000596,0.000582,0.000586,387846433.0
2026-06-28 09:00:00,0.000586,0.000591,0.000575,0.00058,144236575.0
2026-06-28 10:00:00,0.00058,0.000588,0.000577,0.000579,87070550.0
2026-06-28 11:00:00,0.000578,0.000583,0.000576,0.000578,69438821.0
2026-06-28 12:00:00,0.000578,0.000585,0.000576,0.000578,67101938.0
2026-06-28 13:00:00,0.000578,0.000586,0.000575,0.000585,119099547.0
2026-06-28 14:00:00,0.000585,0.000617,0.000585,0.000607,805319628.0
2026-06-28 15:00:00,0.000607,0.000616,0.000598,0.00061,384360447.0
2026-06-28 16:00:00,0.00061,0.000613,0.000597,0.000601,243951881.0
2026-06-28 17:00:00,0.000601,0.000602,0.000589,0.000593,193596471.0
2026-06-28 18:00:00,0.000593,0.000597,0.000588,0.000588,67665089.0
2026-06-28 19:00:00,0.000588,0.000591,0.000581,0.000581,114954839.0
2026-06-28 20:00:00,0.000581,0.000586,0.000578,0.000582,118233287.0
2026-06-28 21:00:00,0.000582,0.000595,0.000579,0.000582,134360827.0
2026-06-28 22:00:00,0.000582,0.000589,0.000574,0.000583,245969828.0
2026-06-28 23:00:00,0.000582,0.00059,0.000577,0.000587,52833897.0
2026-06-29 00:00:00,0.000587,0.000594,0.000584,0.000594,98467304.0
2026-06-29 01:00:00,0.000593,0.000602,0.000586,0.000586,119680933.0
2026-06-29 02:00:00,0.000586,0.000597,0.000578,0.000593,145884606.0
2026-06-29 03:00:00,0.000593,0.000605,0.000591,0.000597,172217805.0
2026-06-29 04:00:00,0.000597,0.000605,0.000593,0.000596,146421235.0
2026-06-29 05:00:00,0.000596,0.000601,0.000594,0.000596,68699700.0
2026-06-29 06:00:00,0.000596,0.000611,0.000595,0.000599,119233033.0
2026-06-29 07:00:00,0.000598,0.000604,0.000594,0.000599,120864171.0
2026-06-29 08:00:00,0.000599,0.000601,0.000586,0.000586,127138743.0
2026-06-29 09:00:00,0.000585,0.000592,0.000585,0.000586,130029187.0
2026-06-29 10:00:00,0.000586,0.000601,0.000584,0.000593,53365194.0
2026-06-29 11:00:00,0.000594,0.000599,0.000591,0.000597,19757044.0
2026-06-29 12:00:00,0.000596,0.0006,0.000592,0.000592,38369162.0
2026-06-29 13:00:00,0.000592,0.000599,0.000589,0.000594,74924737.0
2026-06-29 14:00:00,0.000594,0.000596,0.000588,0.000594,43033006.0
2026-06-29 15:00:00,0.000593,0.000594,0.000587,0.000591,43567703.0
2026-06-29 16:00:00,0.00059,0.000593,0.000586,0.000587,34899066.0
2026-06-29 17:00:00,0.000586,0.000602,0.000586,0.000598,40688095.0
2026-06-29 18:00:00,0.000598,0.000601,0.000597,0.0006,19514659.0
2026-06-29 19:00:00,0.0006,0.000601,0.000591,0.000591,34432987.0
2026-06-29 20:00:00,0.000591,0.000596,0.000591,0.000594,34487713.0
2026-06-29 21:00:00,0.000593,0.0006,0.000593,0.0006,17402928.0
2026-06-29 22:00:00,0.000599,0.000601,0.000593,0.000595,30692069.0
2026-06-29 23:00:00,0.000594,0.0006,0.000593,0.000599,36450554.0
2026-06-30 00:00:00,0.000599,0.000604,0.000594,0.000603,53092842.0
2026-06-30 01:00:00,0.000604,0.000605,0.000593,0.000595,42754499.0
2026-06-30 02:00:00,0.000595,0.000637,0.000595,0.000632,941127763.0
2026-06-30 03:00:00,0.000633,0.000643,0.000625,0.000629,297535511.0
2026-06-30 04:00:00,0.000629,0.000639,0.000623,0.000637,178035835.0
2026-06-30 05:00:00,0.000637,0.000642,0.000628,0.000641,179941262.0
2026-06-30 06:00:00,0.00064,0.000655,0.000637,0.000638,280266613.0
2026-06-30 07:00:00,0.000638,0.00064,0.000632,0.000635,160638513.0
2026-06-30 08:00:00,0.000635,0.000636,0.000624,0.000625,97464820.0
2026-06-30 09:00:00,0.000625,0.000625,0.000617,0.000622,140023088.0
2026-06-30 10:00:00,0.000622,0.000652,0.000618,0.000632,571720209.0
2026-06-30 11:00:00,0.000632,0.000638,0.000621,0.000621,166367048.0
2026-06-30 12:00:00,0.000622,0.000627,0.00062,0.000622,61359287.0
2026-06-30 13:00:00,0.000621,0.000623,0.000609,0.000615,194235469.0
2026-06-30 14:00:00,0.000615,0.000624,0.000614,0.000619,92334986.0
2026-06-30 15:00:00,0.000619,0.000624,0.000615,0.000617,49821256.0
2026-06-30 16:00:00,0.000618,0.000625,0.000617,0.00062,78721258.0
2026-06-30 17:00:00,0.00062,0.00062,0.000611,0.000617,30467297.0
2026-06-30 18:00:00,0.000617,0.000618,0.000611,0.000617,37221567.0
2026-06-30 19:00:00,0.000616,0.000624,0.000613,0.000615,113594821.0
2026-06-30 20:00:00,0.000614,0.000614,0.00061,0.000612,68269576.0
2026-06-30 21:00:00,0.000612,0.000616,0.000606,0.000611,161647734.0
2026-06-30 22:00:00,0.000612,0.00062,0.00061,0.000618,30597970.0
2026-06-30 23:00:00,0.000618,0.000623,0.000616,0.000618,20138211.0
2026-07-01 00:00:00,0.000617,0.000618,0.000609,0.000612,71981606.0
2026-07-01 01:00:00,0.000612,0.000612,0.0006,0.000606,91885233.0
2026-07-01 02:00:00,0.000606,0.000612,0.000602,0.000609,48502854.0
2026-07-01 03:00:00,0.00061,0.000611,0.000601,0.000608,77422281.0
2026-07-01 04:00:00,0.000608,0.000623,0.000598,0.000619,683286895.0
2026-07-01 05:00:00,0.00062,0.000629,0.000618,0.000627,48084074.0
2026-07-01 06:00:00,0.000627,0.000631,0.000618,0.000625,83253366.0
2026-07-01 07:00:00,0.000625,0.000628,0.000622,0.000628,25106906.0
2026-07-01 08:00:00,0.000628,0.000634,0.000622,0.000631,143022766.0
2026-07-01 09:00:00,0.000631,0.000643,0.000629,0.000637,80917848.0
2026-07-01 10:00:00,0.000637,0.000642,0.000632,0.000639,141072169.0
2026-07-01 11:00:00,0.000639,0.000642,0.00063,0.000632,52400792.0
2026-07-01 12:00:00,0.000632,0.000647,0.000626,0.00064,152614343.0
2026-07-01 13:00:00,0.000641,0.000643,0.000625,0.000628,125928884.0
2026-07-01 14:00:00,0.000629,0.000637,0.000626,0.000629,47349380.0
2026-07-01 15:00:00,0.000629,0.000638,0.000628,0.000632,48770476.0
2026-07-01 16:00:00,0.000632,0.000649,0.000631,0.000637,92279708.0
2026-07-01 17:00:00,0.000637,0.000638,0.00063,0.000637,30521141.0
2026-07-01 18:00:00,0.000637,0.000638,0.00063,0.000631,44964251.0
2026-07-01 19:00:00,0.000632,0.000636,0.00063,0.000631,46195476.0
2026-07-01 20:00:00,0.000631,0.000634,0.000624,0.000626,91591956.0
2026-07-01 21:00:00,0.000626,0.000639,0.000626,0.000638,62626454.0
2026-07-01 22:00:00,0.000637,0.000638,0.000634,0.000634,31483173.0
2026-07-01 23:00:00,0.000633,0.000633,0.000626,0.000626,23752402.0
2026-07-02 00:00:00,0.000627,0.000629,0.000622,0.000624,46045313.0
2026-07-02 01:00:00,0.000624,0.000631,0.000623,0.00063,17552573.0
2026-07-02 02:00:00,0.00063,0.000639,0.000629,0.000629,125336663.0
2026-07-02 03:00:00,0.000629,0.000631,0.000625,0.000626,39242088.0
2026-07-02 04:00:00,0.000626,0.000627,0.000618,0.000622,27145441.0
2026-07-02 05:00:00,0.000621,0.000628,0.000615,0.000616,137185246.0
2026-07-02 06:00:00,0.000616,0.00062,0.000616,0.000619,27614654.0
2026-07-02 07:00:00,0.000619,0.000619,0.000615,0.000616,26393586.0
2026-07-02 08:00:00,0.000616,0.000617,0.000612,0.000612,34368481.0
2026-07-02 09:00:00,0.000612,0.000621,0.000609,0.000621,48335381.0
2026-07-02 10:00:00,0.00062,0.00062,0.00061,0.000611,84439572.0
2026-07-02 11:00:00,0.000611,0.000615,0.000606,0.000613,62582105.0
2026-07-02 12:00:00,0.000613,0.000615,0.00061,0.000612,40421760.0
2026-07-02 13:00:00,0.000612,0.000616,0.000605,0.000613,50936317.0
2026-07-02 14:00:00,0.000613,0.000615,0.000603,0.000606,48310295.0
2026-07-02 15:00:00,0.000606,0.00061,0.000604,0.000606,29056483.0
2026-07-02 16:00:00,0.000605,0.00061,0.000605,0.000609,8269411.0
2026-07-02 17:00:00,0.000609,0.000611,0.000608,0.00061,14772191.0
2026-07-02 18:00:00,0.00061,0.000613,0.000609,0.000611,28574036.0
2026-07-02 19:00:00,0.00061,0.000613,0.000607,0.000612,19924207.0
2026-07-02 20:00:00,0.000611,0.000614,0.000611,0.000614,4670147.0
2026-07-02 21:00:00,0.000613,0.000613,0.000608,0.000611,19386647.0
2026-07-02 22:00:00,0.000611,0.000612,0.000607,0.000612,14815259.0
2026-07-02 23:00:00,0.000611,0.000628,0.000609,0.000618,16197521.0
2026-07-03 00:00:00,0.000618,0.000632,0.000617,0.000625,45229345.0
2026-07-03 01:00:00,0.000625,0.000628,0.000624,0.000625,17531669.0
