timestamp,open,high,low,close,volume
2025-05-12 10:00:00,0.882,0.886,0.874,0.881,2106484.47
2025-05-12 11:00:00,0.88,0.884,0.863,0.867,2171051.41
2025-05-12 12:00:00,0.867,0.887,0.865,0.882,1892052.05
2025-05-12 13:00:00,0.883,0.892,0.868,0.879,2461134.91
2025-05-12 14:00:00,0.88,0.885,0.844,0.855,8099994.34
2025-05-12 15:00:00,0.855,0.859,0.838,0.848,5191603.67
2025-05-12 16:00:00,0.848,0.866,0.841,0.864,2291845.36
2025-05-12 17:00:00,0.864,0.869,0.843,0.849,1592426.32
2025-05-12 18:00:00,0.85,0.853,0.805,0.821,5521265.45
2025-05-12 19:00:00,0.821,0.836,0.818,0.828,2747653.58
2025-05-12 20:00:00,0.828,0.833,0.822,0.825,1287350.15
2025-05-12 21:00:00,0.825,0.829,0.82,0.823,990726.27
2025-05-12 22:00:00,0.823,0.83,0.819,0.823,1496958.24
2025-05-12 23:00:00,0.822,0.829,0.816,0.824,1448337.81
2025-05-13 00:00:00,0.824,0.825,0.804,0.805,2229828.87
2025-05-13 01:00:00,0.805,0.81,0.789,0.793,2439934.55
2025-05-13 02:00:00,0.794,0.798,0.776,0.784,2494990.28
2025-05-13 03:00:00,0.784,0.788,0.771,0.773,2297396.95
2025-05-13 04:00:00,0.773,0.794,0.771,0.793,1410451.93
2025-05-13 05:00:00,0.792,0.794,0.783,0.789,948961.48
2025-05-13 06:00:00,0.789,0.803,0.789,0.796,1154783.53
2025-05-13 07:00:00,0.796,0.806,0.794,0.797,1000922.67
2025-05-13 08:00:00,0.798,0.805,0.795,0.8,816200.44
2025-05-13 09:00:00,0.801,0.814,0.8,0.807,1248173.23
2025-05-13 10:00:00,0.807,0.807,0.795,0.797,1075594.41
2025-05-13 11:00:00,0.798,0.812,0.796,0.806,933410.98
2025-05-13 12:00:00,0.805,0.817,0.796,0.813,2858965.8
2025-05-13 13:00:00,0.813,0.824,0.808,0.815,2179093.95
2025-05-13 14:00:00,0.815,0.818,0.799,0.806,1874644.2
2025-05-13 15:00:00,0.805,0.827,0.803,0.826,1274520.85
2025-05-13 16:00:00,0.826,0.858,0.822,0.847,4297610.33
2025-05-13 17:00:00,0.847,0.861,0.844,0.855,2226710.67
2025-05-13 18:00:00,0.855,0.876,0.853,0.874,1623579.38
2025-05-13 19:00:00,0.875,0.899,0.865,0.887,3797341.17
2025-05-13 20:00:00,0.887,0.912,0.876,0.904,2917173.15
2025-05-13 21:00:00,0.904,0.906,0.892,0.892,1806501.55
2025-05-13 22:00:00,0.893,0.908,0.883,0.896,3425253.47
2025-05-13 23:00:00,0.896,0.905,0.886,0.903,1912635.45
2025-05-14 00:00:00,0.903,0.908,0.89,0.903,2253821.39
2025-05-14 01:00:00,0.903,0.92,0.897,0.898,3365096.26
2025-05-14 02:00:00,0.898,0.898,0.869,0.872,3813427.6
2025-05-14 03:00:00,0.872,0.876,0.866,0.874,1315377.17
2025-05-14 04:00:00,0.873,0.884,0.863,0.884,2063917.88
2025-05-14 05:00:00,0.885,0.886,0.871,0.883,1254580.37
2025-05-14 06:00:00,0.883,0.885,0.873,0.877,1103637.63
2025-05-14 07:00:00,0.877,0.877,0.86,0.861,1461990.62
2025-05-14 08:00:00,0.862,0.866,0.838,0.839,2489688.37
2025-05-14 09:00:00,0.839,0.848,0.835,0.845,1649393.02
2025-05-14 10:00:00,0.845,0.855,0.842,0.846,1209332.52
2025-05-14 11:00:00,0.847,0.858,0.846,0.853,1045945.71
2025-05-14 12:00:00,0.853,0.862,0.84,0.844,1179025.13
2025-05-14 13:00:00,0.843,0.852,0.829,0.84,2510815.75
2025-05-14 14:00:00,0.84,0.84,0.822,0.831,2943521.43
2025-05-14 15:00:00,0.832,0.835,0.823,0.832,1341369.16
2025-05-14 16:00:00,0.832,0.841,0.823,0.829,2127919.08
2025-05-14 17:00:00,0.829,0.83,0.801,0.826,3132429.92
2025-05-14 18:00:00,0.826,0.832,0.823,0.829,963104.35
2025-05-14 19:00:00,0.829,0.834,0.825,0.829,1002386.83
2025-05-14 20:00:00,0.829,0.833,0.825,0.828,823079.89
2025-05-14 21:00:00,0.828,0.833,0.82,0.831,990114.57
2025-05-14 22:00:00,0.831,0.833,0.815,0.818,994424.99
2025-05-14 23:00:00,0.817,0.82,0.808,0.818,820565.64
2025-05-15 00:00:00,0.818,0.845,0.817,0.839,2623061.81
2025-05-15 01:00:00,0.838,0.842,0.812,0.816,1565504.26
2025-05-15 02:00:00,0.816,0.825,0.814,0.819,837672.74
2025-05-15 03:00:00,0.82,0.827,0.806,0.809,1074444.18
2025-05-15 04:00:00,0.809,0.815,0.805,0.812,1527294.77
2025-05-15 05:00:00,0.812,0.814,0.794,0.795,1463969.57
2025-05-15 06:00:00,0.795,0.799,0.783,0.789,1478504.91
2025-05-15 07:00:00,0.79,0.79,0.763,0.766,2380733.77
2025-05-15 08:00:00,0.766,0.789,0.765,0.789,2499298.29
2025-05-15 09:00:00,0.789,0.791,0.767,0.778,2675519.08
2025-05-15 10:00:00,0.779,0.78,0.76,0.769,1764948.04
2025-05-15 11:00:00,0.769,0.785,0.768,0.783,1473308.26
2025-05-15 12:00:00,0.782,0.799,0.774,0.782,3555701.94
2025-05-15 13:00:00,0.782,0.795,0.763,0.772,2967613.94
2025-05-15 14:00:00,0.772,0.776,0.756,0.763,2159019.48
2025-05-15 15:00:00,0.763,0.801,0.761,0.799,3034382.28
2025-05-15 16:00:00,0.798,0.81,0.787,0.809,2317328.77
2025-05-15 17:00:00,0.81,0.812,0.794,0.796,1774452.38
2025-05-15 18:00:00,0.795,0.798,0.763,0.769,2023978.32
2025-05-15 19:00:00,0.77,0.774,0.757,0.761,1804171.79
2025-05-15 20:00:00,0.762,0.769,0.747,0.755,2863393.73
2025-05-15 21:00:00,0.755,0.755,0.737,0.751,1789156.28
2025-05-15 22:00:00,0.75,0.761,0.746,0.746,1421838.93
2025-05-15 23:00:00,0.746,0.751,0.727,0.75,1865536.66
2025-05-16 00:00:00,0.75,0.766,0.746,0.756,1501360.41
2025-05-16 01:00:00,0.756,0.762,0.749,0.76,1086256.66
2025-05-16 02:00:00,0.759,0.771,0.757,0.765,2604709.04
2025-05-16 03:00:00,0.765,0.769,0.759,0.766,685325.44
2025-05-16 04:00:00,0.767,0.771,0.752,0.759,727636.11
2025-05-16 05:00:00,0.758,0.768,0.758,0.764,1095340.63
2025-05-16 06:00:00,0.764,0.77,0.761,0.763,1128334.85
2025-05-16 07:00:00,0.763,0.772,0.756,0.762,2311742.41
2025-05-16 08:00:00,0.761,0.766,0.744,0.749,1522487.96
2025-05-16 09:00:00,0.75,0.765,0.748,0.764,1200538.46
2025-05-16 10:00:00,0.764,0.767,0.756,0.765,1104339.89
2025-05-16 11:00:00,0.765,0.77,0.755,0.757,1313674.63
2025-05-16 12:00:00,0.758,0.761,0.746,0.747,1040775.83
2025-05-16 13:00:00,0.747,0.76,0.745,0.758,1067079.14
2025-05-16 14:00:00,0.758,0.758,0.734,0.741,2205749.57
2025-05-16 15:00:00,0.742,0.751,0.742,0.749,1262807.69
2025-05-16 16:00:00,0.75,0.756,0.729,0.741,1611910.16
2025-05-16 17:00:00,0.742,0.746,0.728,0.732,618192.07
2025-05-16 18:00:00,0.732,0.737,0.729,0.734,637933.7
2025-05-16 19:00:00,0.734,0.739,0.73,0.735,448702.32
2025-05-16 20:00:00,0.734,0.736,0.718,0.724,1561077.66
2025-05-16 21:00:00,0.723,0.732,0.721,0.726,653090.66
2025-05-16 22:00:00,0.725,0.726,0.697,0.708,3651157.76
2025-05-16 23:00:00,0.707,0.715,0.705,0.708,1065869.25
2025-05-17 00:00:00,0.709,0.713,0.697,0.702,1653273.13
2025-05-17 01:00:00,0.701,0.702,0.687,0.693,2024416.0
2025-05-17 02:00:00,0.693,0.7,0.685,0.699,1306398.85
2025-05-17 03:00:00,0.7,0.706,0.696,0.706,875804.58
2025-05-17 04:00:00,0.705,0.712,0.702,0.71,596650.01
2025-05-17 05:00:00,0.71,0.713,0.698,0.699,577369.91
2025-05-17 06:00:00,0.699,0.705,0.694,0.701,671122.84
2025-05-17 07:00:00,0.701,0.705,0.691,0.697,665028.12
2025-05-17 08:00:00,0.697,0.699,0.691,0.691,625164.26
2025-05-17 09:00:00,0.692,0.702,0.686,0.7,1197488.68
2025-05-17 10:00:00,0.7,0.707,0.698,0.703,558093.8
2025-05-17 11:00:00,0.703,0.708,0.697,0.704,533452.8
2025-05-17 12:00:00,0.704,0.707,0.699,0.701,500314.94
2025-05-17 13:00:00,0.702,0.705,0.69,0.696,599131.39
2025-05-17 14:00:00,0.696,0.713,0.695,0.71,993712.34
2025-05-17 15:00:00,0.71,0.714,0.704,0.704,585352.52
2025-05-17 16:00:00,0.704,0.707,0.691,0.701,585379.66
2025-05-17 17:00:00,0.7,0.707,0.695,0.696,764434.27
2025-05-17 18:00:00,0.695,0.704,0.691,0.691,1582008.57
2025-05-17 19:00:00,0.692,0.697,0.689,0.692,359248.66
2025-05-17 20:00:00,0.691,0.708,0.691,0.706,728590.2
2025-05-17 21:00:00,0.706,0.707,0.698,0.702,501367.68
2025-05-17 22:00:00,0.702,0.702,0.686,0.69,825726.48
2025-05-17 23:00:00,0.69,0.698,0.688,0.698,621433.75
2025-05-18 00:00:00,0.698,0.702,0.693,0.7,393050.65
2025-05-18 01:00:00,0.701,0.706,0.695,0.703,574276.12
2025-05-18 02:00:00,0.703,0.704,0.698,0.7,489597.77
2025-05-18 03:00:00,0.699,0.705,0.693,0.7,990871.85
2025-05-18 04:00:00,0.7,0.707,0.699,0.705,519809.49
2025-05-18 05:00:00,0.705,0.718,0.703,0.718,840418.3
2025-05-18 06:00:00,0.718,0.719,0.707,0.709,860224.67
2025-05-18 07:00:00,0.708,0.717,0.707,0.715,729941.58
2025-05-18 08:00:00,0.715,0.731,0.715,0.729,1615925.35
2025-05-18 09:00:00,0.728,0.732,0.715,0.718,1229721.33
2025-05-18 10:00:00,0.718,0.723,0.712,0.715,548323.8
2025-05-18 11:00:00,0.715,0.718,0.707,0.709,608456.24
2025-05-18 12:00:00,0.709,0.715,0.702,0.713,736729.76
2025-05-18 13:00:00,0.713,0.727,0.711,0.726,640255.12
2025-05-18 14:00:00,0.726,0.74,0.721,0.734,1871366.75
2025-05-18 15:00:00,0.735,0.753,0.728,0.746,2439021.63
2025-05-18 16:00:00,0.746,0.751,0.74,0.745,1845335.61
2025-05-18 17:00:00,0.745,0.746,0.711,0.713,2262486.59
2025-05-18 18:00:00,0.714,0.715,0.694,0.702,2441918.83
2025-05-18 19:00:00,0.702,0.707,0.683,0.683,1468222.46
2025-05-18 20:00:00,0.683,0.692,0.666,0.691,3572983.85
2025-05-18 21:00:00,0.691,0.709,0.691,0.7,1742573.28
2025-05-18 22:00:00,0.7,0.715,0.692,0.714,1805227.24
2025-05-18 23:00:00,0.714,0.734,0.708,0.73,1794913.38
2025-05-19 00:00:00,0.73,0.737,0.708,0.711,2317140.31
2025-05-19 01:00:00,0.712,0.716,0.704,0.705,1040723.67
2025-05-19 02:00:00,0.704,0.706,0.693,0.695,1088223.82
2025-05-19 03:00:00,0.695,0.702,0.691,0.697,1562779.08
2025-05-19 04:00:00,0.697,0.704,0.686,0.692,1423733.95
2025-05-19 05:00:00,0.692,0.699,0.688,0.696,1074167.14
2025-05-19 06:00:00,0.696,0.703,0.683,0.683,1021869.02
2025-05-19 07:00:00,0.684,0.702,0.683,0.698,1075745.63
2025-05-19 08:00:00,0.699,0.704,0.69,0.692,928357.74
2025-05-19 09:00:00,0.692,0.697,0.682,0.684,1356536.69
2025-05-19 10:00:00,0.684,0.691,0.678,0.685,1655869.29
2025-05-19 11:00:00,0.686,0.69,0.683,0.688,696048.64
2025-05-19 12:00:00,0.688,0.69,0.675,0.679,1406072.52
2025-05-19 13:00:00,0.679,0.698,0.679,0.693,1267258.12
2025-05-19 14:00:00,0.692,0.701,0.691,0.696,1741735.88
2025-05-19 15:00:00,0.696,0.705,0.695,0.701,1797834.47
2025-05-19 16:00:00,0.702,0.715,0.695,0.714,991036.17
2025-05-19 17:00:00,0.714,0.727,0.713,0.714,1653236.81
2025-05-19 18:00:00,0.714,0.717,0.704,0.707,1042702.21
2025-05-19 19:00:00,0.707,0.717,0.704,0.711,1417952.23
2025-05-19 20:00:00,0.712,0.714,0.707,0.708,659462.0
2025-05-19 21:00:00,0.707,0.71,0.702,0.71,486634.89
2025-05-19 22:00:00,0.71,0.711,0.703,0.707,458109.59
2025-05-19 23:00:00,0.706,0.714,0.704,0.713,447221.95
2025-05-20 00:00:00,0.712,0.724,0.707,0.709,1187896.32
2025-05-20 01:00:00,0.709,0.73,0.707,0.727,1499565.51
2025-05-20 02:00:00,0.727,0.74,0.726,0.729,2649500.96
2025-05-20 03:00:00,0.729,0.733,0.722,0.727,1184841.63
2025-05-20 04:00:00,0.727,0.731,0.72,0.728,747296.89
2025-05-20 05:00:00,0.729,0.732,0.723,0.723,787212.74
2025-05-20 06:00:00,0.723,0.725,0.714,0.72,740426.67
2025-05-20 07:00:00,0.72,0.721,0.709,0.711,1084890.82
2025-05-20 08:00:00,0.712,0.715,0.706,0.711,1432031.02
2025-05-20 09:00:00,0.71,0.715,0.707,0.709,694159.39
2025-05-20 10:00:00,0.709,0.712,0.698,0.703,1687605.64
2025-05-20 11:00:00,0.702,0.706,0.696,0.704,1093891.49
2025-05-20 12:00:00,0.704,0.704,0.692,0.699,874920.48
2025-05-20 13:00:00,0.699,0.702,0.694,0.698,821115.61
2025-05-20 14:00:00,0.698,0.705,0.695,0.701,1132235.18
2025-05-20 15:00:00,0.701,0.711,0.701,0.709,1316781.08
2025-05-20 16:00:00,0.709,0.713,0.7,0.701,1133448.02
2025-05-20 17:00:00,0.701,0.714,0.7,0.709,645006.96
2025-05-20 18:00:00,0.71,0.713,0.691,0.693,856972.38
2025-05-20 19:00:00,0.693,0.72,0.691,0.714,1007858.57
2025-05-20 20:00:00,0.714,0.73,0.711,0.727,1470417.35
2025-05-20 21:00:00,0.728,0.731,0.721,0.727,795116.25
2025-05-20 22:00:00,0.727,0.729,0.711,0.719,830959.98
2025-05-20 23:00:00,0.718,0.728,0.715,0.72,813336.64
2025-05-21 00:00:00,0.721,0.726,0.717,0.72,815129.38
2025-05-21 01:00:00,0.719,0.726,0.714,0.715,725259.62
2025-05-21 02:00:00,0.715,0.724,0.707,0.723,784159.57
2025-05-21 03:00:00,0.724,0.736,0.722,0.73,1459861.66
2025-05-21 04:00:00,0.73,0.74,0.725,0.733,1493863.56
2025-05-21 05:00:00,0.732,0.748,0.731,0.746,2499356.35
2025-05-21 06:00:00,0.747,0.752,0.737,0.743,1886293.77
2025-05-21 07:00:00,0.744,0.746,0.726,0.729,2084994.12
2025-05-21 08:00:00,0.729,0.734,0.723,0.724,1546978.4
2025-05-21 09:00:00,0.725,0.726,0.718,0.72,1362441.5
2025-05-21 10:00:00,0.721,0.727,0.717,0.723,1054671.77
2025-05-21 11:00:00,0.724,0.747,0.723,0.745,1638704.61
2025-05-21 12:00:00,0.745,0.752,0.736,0.738,2118574.93
2025-05-21 13:00:00,0.738,0.744,0.732,0.739,1669940.39
2025-05-21 14:00:00,0.739,0.748,0.731,0.747,2048241.47
2025-05-21 15:00:00,0.747,0.753,0.739,0.749,4520414.91
2025-05-21 16:00:00,0.749,0.775,0.743,0.759,3707248.42
2025-05-21 17:00:00,0.759,0.765,0.713,0.72,11740932.55
2025-05-21 18:00:00,0.721,0.734,0.717,0.723,2716145.74
2025-05-21 19:00:00,0.723,0.74,0.719,0.737,1680814.27
2025-05-21 20:00:00,0.737,0.74,0.727,0.732,916165.84
2025-05-21 21:00:00,0.733,0.737,0.727,0.729,503474.78
2025-05-21 22:00:00,0.729,0.745,0.729,0.744,766845.65
2025-05-21 23:00:00,0.744,0.759,0.738,0.743,2767288.05
2025-05-22 00:00:00,0.744,0.759,0.741,0.759,1480666.03
2025-05-22 01:00:00,0.76,0.774,0.757,0.758,3475196.05
2025-05-22 02:00:00,0.758,0.761,0.753,0.757,1510732.48
2025-05-22 03:00:00,0.758,0.774,0.753,0.766,2010487.38
2025-05-22 04:00:00,0.767,0.775,0.76,0.769,1828033.77
2025-05-22 05:00:00,0.769,0.773,0.763,0.763,1154523.91
2025-05-22 06:00:00,0.764,0.77,0.761,0.765,1388454.41
2025-05-22 07:00:00,0.765,0.778,0.765,0.775,1515332.36
2025-05-22 08:00:00,0.775,0.788,0.773,0.782,2095776.61
2025-05-22 09:00:00,0.782,0.797,0.78,0.789,2170214.52
2025-05-22 10:00:00,0.789,0.793,0.781,0.783,1477081.65
2025-05-22 11:00:00,0.782,0.786,0.775,0.781,1740844.11
2025-05-22 12:00:00,0.781,0.787,0.777,0.78,1698049.03
2025-05-22 13:00:00,0.781,0.785,0.772,0.781,2047503.63
2025-05-22 14:00:00,0.782,0.802,0.782,0.799,2828347.47
2025-05-22 15:00:00,0.799,0.812,0.799,0.803,2844517.76
2025-05-22 16:00:00,0.804,0.812,0.796,0.798,2570004.53
2025-05-22 17:00:00,0.799,0.805,0.797,0.801,1104696.6
2025-05-22 18:00:00,0.801,0.807,0.797,0.803,1104200.87
2025-05-22 19:00:00,0.803,0.804,0.792,0.794,1280068.46
2025-05-22 20:00:00,0.795,0.811,0.794,0.803,2052949.61
2025-05-22 21:00:00,0.803,0.804,0.796,0.797,742446.1
2025-05-22 22:00:00,0.798,0.83,0.797,0.805,2605080.13
2025-05-22 23:00:00,0.806,0.813,0.803,0.812,716836.79
2025-05-23 00:00:00,0.811,0.819,0.806,0.813,1767061.3
2025-05-23 01:00:00,0.814,0.827,0.809,0.821,1255862.64
2025-05-23 02:00:00,0.821,0.844,0.82,0.831,2149176.99
2025-05-23 03:00:00,0.831,0.84,0.829,0.839,2632370.49
2025-05-23 04:00:00,0.839,0.841,0.812,0.824,2547407.53
2025-05-23 05:00:00,0.823,0.831,0.811,0.82,1709990.53
2025-05-23 06:00:00,0.82,0.822,0.798,0.802,2420913.03
2025-05-23 07:00:00,0.802,0.812,0.8,0.802,1317255.8
2025-05-23 08:00:00,0.803,0.815,0.8,0.813,1207293.52
2025-05-23 09:00:00,0.813,0.824,0.81,0.822,834979.3
2025-05-23 10:00:00,0.823,0.823,0.807,0.817,1227690.43
2025-05-23 11:00:00,0.817,0.817,0.771,0.777,8434719.99
2025-05-23 12:00:00,0.778,0.779,0.751,0.77,8806008.11
2025-05-23 13:00:00,0.77,0.785,0.765,0.785,2997781.33
2025-05-23 14:00:00,0.785,0.796,0.779,0.791,2112002.3
2025-05-23 15:00:00,0.791,0.799,0.783,0.785,2210438.4
2025-05-23 16:00:00,0.784,0.792,0.778,0.788,1566476.12
2025-05-23 17:00:00,0.789,0.799,0.786,0.791,1056921.8
2025-05-23 18:00:00,0.79,0.791,0.78,0.782,1395093.18
2025-05-23 19:00:00,0.782,0.787,0.778,0.78,694190.75
2025-05-23 20:00:00,0.78,0.78,0.765,0.768,924690.77
2025-05-23 21:00:00,0.768,0.774,0.762,0.764,1416297.21
2025-05-23 22:00:00,0.765,0.771,0.756,0.757,752751.8
2025-05-23 23:00:00,0.757,0.759,0.737,0.744,2570439.78
2025-05-24 00:00:00,0.744,0.753,0.737,0.744,1351652.19
2025-05-24 01:00:00,0.744,0.754,0.743,0.746,828085.43
2025-05-24 02:00:00,0.745,0.754,0.742,0.752,644158.23
2025-05-24 03:00:00,0.753,0.762,0.751,0.757,579208.5
2025-05-24 04:00:00,0.758,0.771,0.755,0.768,1113508.33
2025-05-24 05:00:00,0.768,0.77,0.761,0.767,896463.55
2025-05-24 06:00:00,0.766,0.773,0.762,0.773,702763.66
2025-05-24 07:00:00,0.772,0.78,0.765,0.769,1318701.89
2025-05-24 08:00:00,0.769,0.769,0.759,0.764,1095978.85
2025-05-24 09:00:00,0.764,0.766,0.759,0.759,659421.21
2025-05-24 10:00:00,0.758,0.774,0.757,0.771,1214472.47
2025-05-24 11:00:00,0.772,0.774,0.763,0.763,717319.48
2025-05-24 12:00:00,0.763,0.768,0.759,0.764,871301.62
2025-05-24 13:00:00,0.764,0.767,0.759,0.759,585779.11
2025-05-24 14:00:00,0.759,0.771,0.758,0.77,624861.06
2025-05-24 15:00:00,0.769,0.771,0.762,0.768,536728.72
2025-05-24 16:00:00,0.768,0.768,0.757,0.762,965794.22
2025-05-24 17:00:00,0.763,0.768,0.758,0.758,447521.31
2025-05-24 18:00:00,0.758,0.762,0.751,0.753,413483.49
2025-05-24 19:00:00,0.752,0.756,0.751,0.753,346166.42
2025-05-24 20:00:00,0.753,0.755,0.751,0.752,360766.0
2025-05-24 21:00:00,0.752,0.753,0.742,0.747,631656.39
2025-05-24 22:00:00,0.747,0.747,0.74,0.742,522910.37
2025-05-24 23:00:00,0.742,0.747,0.737,0.744,842945.93
2025-05-25 00:00:00,0.743,0.752,0.729,0.732,3405100.01
2025-05-25 01:00:00,0.732,0.733,0.716,0.726,3631879.38
2025-05-25 02:00:00,0.725,0.732,0.717,0.731,1147571.14
2025-05-25 03:00:00,0.73,0.734,0.728,0.729,656207.28
2025-05-25 04:00:00,0.728,0.732,0.724,0.731,400550.14
2025-05-25 05:00:00,0.731,0.734,0.726,0.733,744745.38
2025-05-25 06:00:00,0.733,0.733,0.727,0.731,495566.98
2025-05-25 07:00:00,0.731,0.731,0.722,0.725,685357.79
2025-05-25 08:00:00,0.725,0.726,0.714,0.719,1242697.59
2025-05-25 09:00:00,0.718,0.726,0.715,0.724,716746.91
2025-05-25 10:00:00,0.724,0.728,0.721,0.722,375407.95
2025-05-25 11:00:00,0.721,0.727,0.72,0.723,482450.1
2025-05-25 12:00:00,0.723,0.731,0.719,0.73,569665.37
2025-05-25 13:00:00,0.729,0.733,0.726,0.728,588141.32
2025-05-25 14:00:00,0.727,0.729,0.719,0.722,616208.01
2025-05-25 15:00:00,0.721,0.723,0.706,0.721,1276821.27
2025-05-25 16:00:00,0.721,0.722,0.713,0.721,756522.64
2025-05-25 17:00:00,0.721,0.726,0.719,0.723,451536.13
2025-05-25 18:00:00,0.723,0.727,0.721,0.722,307417.13
2025-05-25 19:00:00,0.722,0.731,0.721,0.728,442978.97
2025-05-25 20:00:00,0.728,0.728,0.722,0.724,366225.88
2025-05-25 21:00:00,0.724,0.727,0.717,0.721,259490.91
2025-05-25 22:00:00,0.721,0.742,0.72,0.741,1212607.0
2025-05-25 23:00:00,0.742,0.747,0.736,0.746,1010308.06
2025-05-26 00:00:00,0.746,0.758,0.74,0.758,907606.49
2025-05-26 01:00:00,0.758,0.76,0.751,0.758,1127819.39
2025-05-26 02:00:00,0.758,0.759,0.749,0.75,976362.74
2025-05-26 03:00:00,0.75,0.768,0.749,0.766,1783722.93
2025-05-26 04:00:00,0.765,0.771,0.764,0.766,1719250.42
2025-05-26 05:00:00,0.765,0.769,0.762,0.767,543828.45
2025-05-26 06:00:00,0.767,0.778,0.767,0.777,762861.8
2025-05-26 07:00:00,0.777,0.784,0.773,0.779,1733208.48
2025-05-26 08:00:00,0.779,0.781,0.77,0.772,979905.24
2025-05-26 09:00:00,0.772,0.775,0.764,0.767,832213.29
2025-05-26 10:00:00,0.767,0.768,0.76,0.763,737634.87
2025-05-26 11:00:00,0.764,0.766,0.76,0.765,535297.31
2025-05-26 12:00:00,0.765,0.769,0.759,0.767,741285.32
2025-05-26 13:00:00,0.767,0.77,0.754,0.757,1289689.17
2025-05-26 14:00:00,0.757,0.762,0.751,0.755,1031880.11
2025-05-26 15:00:00,0.756,0.77,0.753,0.765,991269.56
2025-05-26 16:00:00,0.765,0.77,0.752,0.757,1502289.48
2025-05-26 17:00:00,0.757,0.761,0.749,0.752,842293.61
2025-05-26 18:00:00,0.752,0.76,0.749,0.753,507575.67
2025-05-26 19:00:00,0.753,0.759,0.752,0.756,308893.53
2025-05-26 20:00:00,0.756,0.763,0.751,0.763,655631.16
2025-05-26 21:00:00,0.764,0.769,0.76,0.766,819174.13
2025-05-26 22:00:00,0.766,0.773,0.758,0.759,386922.57
2025-05-26 23:00:00,0.759,0.761,0.754,0.76,570785.26
2025-05-27 00:00:00,0.761,0.768,0.756,0.757,618469.52
2025-05-27 01:00:00,0.757,0.757,0.741,0.747,2170750.57
2025-05-27 02:00:00,0.747,0.755,0.747,0.75,659044.65
2025-05-27 03:00:00,0.75,0.762,0.75,0.757,568531.08
2025-05-27 04:00:00,0.757,0.764,0.754,0.757,738221.08
2025-05-27 05:00:00,0.756,0.763,0.749,0.762,540180.86
2025-05-27 06:00:00,0.762,0.779,0.762,0.765,1916790.4
2025-05-27 07:00:00,0.765,0.774,0.765,0.77,632052.48
2025-05-27 08:00:00,0.771,0.788,0.771,0.787,2403494.22
2025-05-27 09:00:00,0.787,0.788,0.776,0.783,1315423.75
2025-05-27 10:00:00,0.783,0.784,0.771,0.774,884632.56
2025-05-27 11:00:00,0.775,0.781,0.768,0.779,817387.16
2025-05-27 12:00:00,0.779,0.781,0.772,0.778,772512.06
2025-05-27 13:00:00,0.778,0.79,0.771,0.772,2401146.17
2025-05-27 14:00:00,0.773,0.777,0.759,0.767,1668838.95
2025-05-27 15:00:00,0.767,0.776,0.764,0.772,845820.13
2025-05-27 16:00:00,0.772,0.78,0.767,0.775,1330356.87
2025-05-27 17:00:00,0.774,0.788,0.774,0.782,1262114.94
2025-05-27 18:00:00,0.782,0.789,0.778,0.781,1535043.37
2025-05-27 19:00:00,0.78,0.781,0.775,0.779,429227.6
2025-05-27 20:00:00,0.779,0.782,0.774,0.776,606745.96
2025-05-27 21:00:00,0.776,0.778,0.766,0.768,557377.35
2025-05-27 22:00:00,0.768,0.77,0.76,0.761,847448.75
2025-05-27 23:00:00,0.761,0.762,0.756,0.761,666068.97
2025-05-28 00:00:00,0.761,0.77,0.753,0.769,978246.7
2025-05-28 01:00:00,0.77,0.771,0.76,0.76,614046.06
2025-05-28 02:00:00,0.76,0.763,0.753,0.759,879075.56
2025-05-28 03:00:00,0.758,0.762,0.754,0.759,2050936.97
2025-05-28 04:00:00,0.759,0.762,0.752,0.757,1959806.38
2025-05-28 05:00:00,0.758,0.76,0.752,0.758,690304.02
2025-05-28 06:00:00,0.758,0.758,0.748,0.75,693383.73
2025-05-28 07:00:00,0.75,0.759,0.749,0.754,609705.16
2025-05-28 08:00:00,0.754,0.762,0.752,0.761,654547.33
2025-05-28 09:00:00,0.761,0.762,0.752,0.756,771052.07
2025-05-28 10:00:00,0.756,0.769,0.75,0.769,832602.4
2025-05-28 11:00:00,0.769,0.785,0.768,0.784,2608362.43
2025-05-28 12:00:00,0.784,0.797,0.78,0.789,2303510.3
2025-05-28 13:00:00,0.79,0.793,0.777,0.778,2068512.89
2025-05-28 14:00:00,0.778,0.78,0.764,0.767,2265523.46
2025-05-28 15:00:00,0.766,0.775,0.759,0.77,1939857.78
2025-05-28 16:00:00,0.77,0.781,0.767,0.776,1308496.67
2025-05-28 17:00:00,0.777,0.783,0.764,0.768,1126012.02
2025-05-28 18:00:00,0.768,0.772,0.755,0.756,891006.81
2025-05-28 19:00:00,0.756,0.762,0.746,0.747,1104481.91
2025-05-28 20:00:00,0.747,0.754,0.744,0.752,998606.1
2025-05-28 21:00:00,0.752,0.76,0.748,0.76,510187.99
2025-05-28 22:00:00,0.759,0.762,0.751,0.755,646903.39
2025-05-28 23:00:00,0.755,0.779,0.753,0.778,1724993.94
2025-05-29 00:00:00,0.778,0.806,0.773,0.806,2745494.02
2025-05-29 01:00:00,0.806,0.807,0.788,0.799,3350282.5
2025-05-29 02:00:00,0.799,0.823,0.794,0.818,4563248.05
2025-05-29 03:00:00,0.819,0.822,0.806,0.811,2798004.84
2025-05-29 04:00:00,0.812,0.814,0.78,0.792,2380675.68
2025-05-29 05:00:00,0.792,0.796,0.786,0.788,1336447.97
2025-05-29 06:00:00,0.788,0.792,0.786,0.788,789112.23
2025-05-29 07:00:00,0.788,0.79,0.783,0.787,720108.23
2025-05-29 08:00:00,0.786,0.792,0.78,0.783,1074724.93
2025-05-29 09:00:00,0.783,0.784,0.776,0.783,833741.93
2025-05-29 10:00:00,0.783,0.786,0.771,0.778,873607.6
2025-05-29 11:00:00,0.778,0.779,0.771,0.775,619428.48
2025-05-29 12:00:00,0.775,0.777,0.765,0.769,1096577.57
2025-05-29 13:00:00,0.769,0.776,0.759,0.759,2809934.02
2025-05-29 14:00:00,0.76,0.762,0.745,0.761,2660098.28
2025-05-29 15:00:00,0.76,0.765,0.749,0.752,2045383.93
2025-05-29 16:00:00,0.752,0.759,0.746,0.748,1424406.73
2025-05-29 17:00:00,0.748,0.757,0.746,0.753,1642560.65
2025-05-29 18:00:00,0.753,0.759,0.746,0.747,1192059.93
2025-05-29 19:00:00,0.747,0.75,0.735,0.738,1676077.64
2025-05-29 20:00:00,0.738,0.744,0.738,0.741,1103370.66
2025-05-29 21:00:00,0.74,0.749,0.739,0.748,643011.76
2025-05-29 22:00:00,0.748,0.748,0.738,0.738,451927.47
2025-05-29 23:00:00,0.738,0.74,0.728,0.732,1123435.72
2025-05-30 00:00:00,0.732,0.735,0.686,0.696,10612575.23
2025-05-30 01:00:00,0.695,0.709,0.693,0.702,3401596.95
2025-05-30 02:00:00,0.701,0.713,0.701,0.703,1819859.85
2025-05-30 03:00:00,0.703,0.708,0.701,0.703,955301.94
2025-05-30 04:00:00,0.703,0.703,0.696,0.697,1130321.18
2025-05-30 05:00:00,0.698,0.703,0.691,0.698,2223436.9
2025-05-30 06:00:00,0.698,0.7,0.68,0.684,2517762.35
2025-05-30 07:00:00,0.684,0.693,0.683,0.686,1427806.88
2025-05-30 08:00:00,0.687,0.692,0.68,0.688,1398881.2
2025-05-30 09:00:00,0.688,0.697,0.685,0.695,1546238.98
2025-05-30 10:00:00,0.695,0.695,0.684,0.691,1020468.78
2025-05-30 11:00:00,0.691,0.696,0.688,0.694,785034.76
2025-05-30 12:00:00,0.694,0.7,0.682,0.697,1860982.33
2025-05-30 13:00:00,0.698,0.703,0.686,0.687,2458491.17
2025-05-30 14:00:00,0.687,0.693,0.683,0.69,2163399.34
2025-05-30 15:00:00,0.69,0.695,0.679,0.681,1076243.44
2025-05-30 16:00:00,0.681,0.684,0.653,0.662,7522027.35
2025-05-30 17:00:00,0.662,0.669,0.657,0.661,2432439.04
2025-05-30 18:00:00,0.661,0.672,0.66,0.667,1834711.59
2025-05-30 19:00:00,0.666,0.673,0.666,0.666,628604.08
2025-05-30 20:00:00,0.666,0.667,0.66,0.661,684200.62
2025-05-30 21:00:00,0.66,0.663,0.653,0.654,1435911.77
2025-05-30 22:00:00,0.654,0.656,0.626,0.626,7759048.61
2025-05-30 23:00:00,0.626,0.632,0.617,0.621,4091331.15
2025-05-31 00:00:00,0.621,0.623,0.602,0.604,3639675.47
2025-05-31 01:00:00,0.604,0.611,0.597,0.609,5198268.56
2025-05-31 02:00:00,0.609,0.614,0.604,0.609,3110979.91
2025-05-31 03:00:00,0.609,0.616,0.603,0.616,1479701.75
2025-05-31 04:00:00,0.615,0.622,0.61,0.621,1454424.36
2025-05-31 05:00:00,0.62,0.624,0.616,0.619,1482789.77
2025-05-31 06:00:00,0.62,0.631,0.617,0.624,2017160.9
2025-05-31 07:00:00,0.623,0.63,0.622,0.628,945637.76
2025-05-31 08:00:00,0.628,0.635,0.627,0.632,1393663.01
2025-05-31 09:00:00,0.633,0.636,0.63,0.634,1160725.91
2025-05-31 10:00:00,0.634,0.647,0.632,0.639,1766666.16
2025-05-31 11:00:00,0.639,0.64,0.63,0.633,1070722.84
2025-05-31 12:00:00,0.632,0.638,0.628,0.636,1096995.19
2025-05-31 13:00:00,0.636,0.647,0.635,0.636,1885847.77
2025-05-31 14:00:00,0.637,0.646,0.636,0.641,1747404.63
2025-05-31 15:00:00,0.641,0.646,0.634,0.635,1437482.76
2025-05-31 16:00:00,0.635,0.647,0.633,0.644,1298883.72
2025-05-31 17:00:00,0.644,0.648,0.64,0.641,1073525.46
2025-05-31 18:00:00,0.641,0.656,0.64,0.656,871713.26
2025-05-31 19:00:00,0.656,0.662,0.654,0.657,827718.43
2025-05-31 20:00:00,0.656,0.659,0.653,0.657,346042.22
2025-05-31 21:00:00,0.657,0.661,0.653,0.659,1484718.6
2025-05-31 22:00:00,0.659,0.66,0.652,0.655,933919.9
2025-05-31 23:00:00,0.655,0.662,0.649,0.65,1881881.54
2025-06-01 00:00:00,0.65,0.653,0.645,0.652,1201734.78
2025-06-01 01:00:00,0.652,0.656,0.646,0.649,817277.25
2025-06-01 02:00:00,0.649,0.657,0.643,0.656,1025532.6
2025-06-01 03:00:00,0.657,0.657,0.646,0.651,683164.05
2025-06-01 04:00:00,0.651,0.659,0.648,0.659,840262.9
2025-06-01 05:00:00,0.658,0.662,0.653,0.658,594565.6
2025-06-01 06:00:00,0.658,0.662,0.655,0.66,550633.72
2025-06-01 07:00:00,0.659,0.662,0.655,0.657,709336.78
2025-06-01 08:00:00,0.656,0.657,0.648,0.65,813752.39
2025-06-01 09:00:00,0.651,0.653,0.638,0.641,1438870.62
2025-06-01 10:00:00,0.64,0.643,0.636,0.639,602345.49
2025-06-01 11:00:00,0.64,0.646,0.638,0.64,574633.72
2025-06-01 12:00:00,0.64,0.641,0.632,0.635,857424.6
2025-06-01 13:00:00,0.635,0.644,0.634,0.64,884613.46
2025-06-01 14:00:00,0.64,0.657,0.64,0.649,1516634.15
2025-06-01 15:00:00,0.648,0.65,0.646,0.649,577366.08
2025-06-01 16:00:00,0.649,0.658,0.648,0.651,2042670.06
2025-06-01 17:00:00,0.651,0.652,0.643,0.644,1085693.4
2025-06-01 18:00:00,0.644,0.644,0.631,0.638,1680267.74
2025-06-01 19:00:00,0.638,0.641,0.635,0.64,516386.11
2025-06-01 20:00:00,0.641,0.644,0.635,0.64,876391.65
2025-06-01 21:00:00,0.64,0.65,0.639,0.647,812033.58
2025-06-01 22:00:00,0.646,0.653,0.645,0.646,757953.06
2025-06-01 23:00:00,0.646,0.651,0.646,0.649,395899.14
2025-06-02 00:00:00,0.649,0.65,0.644,0.649,644294.24
2025-06-02 01:00:00,0.649,0.653,0.642,0.644,586933.13
2025-06-02 02:00:00,0.644,0.645,0.638,0.64,533043.03
2025-06-02 03:00:00,0.64,0.641,0.634,0.638,493554.94
2025-06-02 04:00:00,0.638,0.64,0.635,0.637,293012.18
2025-06-02 05:00:00,0.637,0.642,0.633,0.637,578213.13
2025-06-02 06:00:00,0.637,0.647,0.634,0.644,1038066.32
2025-06-02 07:00:00,0.644,0.654,0.643,0.649,1047865.77
2025-06-02 08:00:00,0.65,0.655,0.64,0.642,1956555.43
2025-06-02 09:00:00,0.642,0.642,0.633,0.634,1391955.41
2025-06-02 10:00:00,0.634,0.636,0.628,0.634,1685659.67
2025-06-02 11:00:00,0.633,0.642,0.633,0.638,1470768.43
2025-06-02 12:00:00,0.638,0.643,0.632,0.641,874297.42
2025-06-02 13:00:00,0.642,0.65,0.638,0.641,1026749.36
2025-06-02 14:00:00,0.641,0.655,0.639,0.648,1511879.43
2025-06-02 15:00:00,0.649,0.655,0.645,0.651,866305.6
2025-06-02 16:00:00,0.65,0.652,0.644,0.65,658143.0
2025-06-02 17:00:00,0.649,0.652,0.644,0.648,508378.47
2025-06-02 18:00:00,0.647,0.655,0.646,0.648,1042536.43
2025-06-02 19:00:00,0.648,0.651,0.637,0.642,1394557.26
2025-06-02 20:00:00,0.642,0.655,0.642,0.653,606846.37
2025-06-02 21:00:00,0.654,0.666,0.653,0.666,1577020.69
2025-06-02 22:00:00,0.666,0.675,0.666,0.668,1472292.05
2025-06-02 23:00:00,0.668,0.674,0.667,0.669,1317254.71
2025-06-03 00:00:00,0.669,0.681,0.668,0.676,1011770.58
2025-06-03 01:00:00,0.677,0.685,0.675,0.683,1117716.73
2025-06-03 02:00:00,0.683,0.684,0.669,0.671,1101919.81
2025-06-03 03:00:00,0.671,0.673,0.666,0.668,1095401.68
2025-06-03 04:00:00,0.668,0.669,0.661,0.665,685816.07
2025-06-03 05:00:00,0.664,0.672,0.664,0.671,673953.29
2025-06-03 06:00:00,0.67,0.671,0.664,0.671,525415.0
2025-06-03 07:00:00,0.671,0.671,0.663,0.664,433907.3
2025-06-03 08:00:00,0.665,0.666,0.658,0.665,1018256.29
2025-06-03 09:00:00,0.664,0.673,0.663,0.67,738311.22
2025-06-03 10:00:00,0.67,0.671,0.665,0.667,877591.3
2025-06-03 11:00:00,0.666,0.67,0.665,0.667,485202.25
2025-06-03 12:00:00,0.667,0.672,0.664,0.671,752583.5
2025-06-03 13:00:00,0.671,0.69,0.671,0.684,3802589.23
2025-06-03 14:00:00,0.685,0.688,0.679,0.686,1860394.76
2025-06-03 15:00:00,0.686,0.688,0.678,0.679,2029588.87
2025-06-03 16:00:00,0.68,0.684,0.676,0.68,2155665.97
2025-06-03 17:00:00,0.68,0.688,0.68,0.682,714413.02
2025-06-03 18:00:00,0.683,0.684,0.678,0.683,430454.26
2025-06-03 19:00:00,0.683,0.689,0.68,0.683,1080709.6
2025-06-03 20:00:00,0.684,0.685,0.672,0.676,786900.35
2025-06-03 21:00:00,0.676,0.677,0.665,0.667,918406.78
2025-06-03 22:00:00,0.666,0.673,0.665,0.67,534967.41
2025-06-03 23:00:00,0.669,0.67,0.663,0.665,773013.12
2025-06-04 00:00:00,0.664,0.671,0.662,0.67,486775.2
2025-06-04 01:00:00,0.67,0.68,0.67,0.672,640671.52
2025-06-04 02:00:00,0.672,0.676,0.667,0.668,536327.23
2025-06-04 03:00:00,0.668,0.677,0.667,0.672,734475.78
2025-06-04 04:00:00,0.672,0.673,0.665,0.668,360124.68
2025-06-04 05:00:00,0.669,0.671,0.665,0.666,408609.87
2025-06-04 06:00:00,0.666,0.667,0.661,0.661,595456.62
2025-06-04 07:00:00,0.662,0.664,0.66,0.664,641172.71
2025-06-04 08:00:00,0.664,0.669,0.662,0.664,680789.99
2025-06-04 09:00:00,0.665,0.666,0.657,0.661,940689.77
2025-06-04 10:00:00,0.662,0.662,0.65,0.65,1395682.64
2025-06-04 11:00:00,0.651,0.653,0.643,0.644,1772101.18
2025-06-04 12:00:00,0.644,0.646,0.638,0.64,1986443.72
2025-06-04 13:00:00,0.639,0.645,0.636,0.64,1517253.14
2025-06-04 14:00:00,0.639,0.651,0.636,0.651,1573081.74
2025-06-04 15:00:00,0.65,0.658,0.646,0.657,2844574.97
2025-06-04 16:00:00,0.657,0.658,0.648,0.651,1396042.16
2025-06-04 17:00:00,0.651,0.652,0.638,0.64,817362.87
2025-06-04 18:00:00,0.64,0.646,0.639,0.641,611067.68
2025-06-04 19:00:00,0.64,0.643,0.634,0.634,954284.58
2025-06-04 20:00:00,0.634,0.635,0.626,0.63,1508410.61
2025-06-04 21:00:00,0.631,0.638,0.623,0.633,1087267.33
2025-06-04 22:00:00,0.633,0.636,0.626,0.626,943856.98
2025-06-04 23:00:00,0.627,0.631,0.625,0.627,1071446.88
2025-06-05 00:00:00,0.627,0.634,0.625,0.632,1279741.12
2025-06-05 01:00:00,0.632,0.637,0.628,0.631,614225.75
2025-06-05 02:00:00,0.631,0.64,0.631,0.633,1552335.94
2025-06-05 03:00:00,0.633,0.636,0.63,0.632,720457.44
2025-06-05 04:00:00,0.632,0.636,0.63,0.631,514376.71
2025-06-05 05:00:00,0.632,0.633,0.625,0.627,678089.78
2025-06-05 06:00:00,0.627,0.632,0.625,0.628,1097783.37
2025-06-05 07:00:00,0.628,0.637,0.628,0.633,1668798.0
2025-06-05 08:00:00,0.634,0.641,0.633,0.636,943302.3
2025-06-05 09:00:00,0.636,0.641,0.635,0.636,380971.82
2025-06-05 10:00:00,0.636,0.637,0.627,0.631,1329912.82
2025-06-05 11:00:00,0.632,0.634,0.628,0.633,663416.54
2025-06-05 12:00:00,0.633,0.651,0.631,0.649,1522312.38
2025-06-05 13:00:00,0.649,0.652,0.635,0.636,1887156.03
2025-06-05 14:00:00,0.637,0.647,0.629,0.64,2200043.12
2025-06-05 15:00:00,0.64,0.648,0.638,0.639,1072991.7
2025-06-05 16:00:00,0.64,0.64,0.627,0.632,2505933.29
2025-06-05 17:00:00,0.632,0.635,0.628,0.632,1181457.56
2025-06-05 18:00:00,0.632,0.632,0.623,0.624,1402125.89
2025-06-05 19:00:00,0.625,0.626,0.603,0.607,6525480.9
2025-06-05 20:00:00,0.607,0.61,0.579,0.58,6858744.05
2025-06-05 21:00:00,0.58,0.595,0.58,0.592,3554301.77
2025-06-05 22:00:00,0.592,0.595,0.585,0.591,1822208.12
2025-06-05 23:00:00,0.592,0.594,0.588,0.59,1440532.99
2025-06-06 00:00:00,0.59,0.604,0.587,0.604,2046088.02
2025-06-06 01:00:00,0.603,0.606,0.598,0.601,1652054.38
2025-06-06 02:00:00,0.601,0.606,0.597,0.605,1031788.63
2025-06-06 03:00:00,0.606,0.608,0.602,0.604,1613741.09
2025-06-06 04:00:00,0.603,0.605,0.6,0.603,1178314.3
2025-06-06 05:00:00,0.602,0.605,0.598,0.6,683867.29
2025-06-06 06:00:00,0.6,0.604,0.598,0.6,1588854.12
2025-06-06 07:00:00,0.6,0.604,0.596,0.598,672709.17
2025-06-06 08:00:00,0.598,0.6,0.596,0.596,648947.11
2025-06-06 09:00:00,0.597,0.603,0.596,0.599,647582.47
2025-06-06 10:00:00,0.599,0.602,0.595,0.597,1100091.78
2025-06-06 11:00:00,0.597,0.606,0.595,0.599,1376133.18
2025-06-06 12:00:00,0.599,0.606,0.595,0.596,2617669.89
2025-06-06 13:00:00,0.597,0.609,0.597,0.603,1319314.02
2025-06-06 14:00:00,0.603,0.611,0.601,0.61,1292089.43
2025-06-06 15:00:00,0.611,0.616,0.603,0.605,1537727.0
2025-06-06 16:00:00,0.605,0.608,0.598,0.599,1222376.47
2025-06-06 17:00:00,0.6,0.6,0.59,0.597,1219505.25
2025-06-06 18:00:00,0.597,0.598,0.587,0.588,1294927.52
2025-06-06 19:00:00,0.589,0.591,0.585,0.589,921765.48
2025-06-06 20:00:00,0.589,0.597,0.588,0.594,754987.35
2025-06-06 21:00:00,0.594,0.594,0.588,0.591,658608.69
2025-06-06 22:00:00,0.591,0.593,0.587,0.591,743151.36
2025-06-06 23:00:00,0.59,0.594,0.588,0.592,493047.4
2025-06-07 00:00:00,0.592,0.606,0.591,0.605,2016500.44
2025-06-07 01:00:00,0.605,0.608,0.599,0.603,1384297.85
2025-06-07 02:00:00,0.603,0.613,0.602,0.612,837337.58
2025-06-07 03:00:00,0.612,0.622,0.612,0.62,1163790.47
2025-06-07 04:00:00,0.62,0.623,0.615,0.622,968910.53
2025-06-07 05:00:00,0.623,0.628,0.621,0.627,1444315.35
2025-06-07 06:00:00,0.627,0.629,0.62,0.627,1182695.24
2025-06-07 07:00:00,0.628,0.628,0.622,0.626,744979.97
2025-06-07 08:00:00,0.626,0.629,0.623,0.625,1191915.95
2025-06-07 09:00:00,0.625,0.629,0.621,0.622,810861.6
2025-06-07 10:00:00,0.622,0.63,0.622,0.628,762272.48
2025-06-07 11:00:00,0.628,0.633,0.627,0.632,918539.2
2025-06-07 12:00:00,0.632,0.638,0.631,0.636,1150947.7
2025-06-07 13:00:00,0.635,0.64,0.632,0.634,702908.88
2025-06-07 14:00:00,0.634,0.636,0.632,0.634,846502.17
2025-06-07 15:00:00,0.633,0.635,0.63,0.634,743774.5
2025-06-07 16:00:00,0.634,0.635,0.626,0.627,1024914.84
2025-06-07 17:00:00,0.628,0.629,0.622,0.624,679087.57
2025-06-07 18:00:00,0.624,0.628,0.622,0.625,576809.85
2025-06-07 19:00:00,0.625,0.628,0.623,0.624,521022.77
2025-06-07 20:00:00,0.625,0.627,0.624,0.625,449543.38
2025-06-07 21:00:00,0.626,0.629,0.624,0.628,345642.13
2025-06-07 22:00:00,0.628,0.632,0.625,0.629,814873.64
2025-06-07 23:00:00,0.63,0.63,0.626,0.627,567160.23
2025-06-08 00:00:00,0.627,0.628,0.623,0.624,751836.75
2025-06-08 01:00:00,0.624,0.629,0.622,0.628,685240.59
2025-06-08 02:00:00,0.627,0.628,0.622,0.623,489274.26
2025-06-08 03:00:00,0.622,0.624,0.619,0.619,705139.16
2025-06-08 04:00:00,0.62,0.622,0.617,0.621,880056.4
2025-06-08 05:00:00,0.621,0.621,0.614,0.615,1089715.67
2025-06-08 06:00:00,0.616,0.619,0.614,0.616,686622.6
2025-06-08 07:00:00,0.617,0.618,0.614,0.615,965155.12
2025-06-08 08:00:00,0.615,0.618,0.615,0.615,1051252.71
2025-06-08 09:00:00,0.616,0.617,0.609,0.61,1600936.58
2025-06-08 10:00:00,0.61,0.614,0.608,0.613,1039229.03
2025-06-08 11:00:00,0.613,0.619,0.612,0.618,1588488.56
2025-06-08 12:00:00,0.618,0.619,0.614,0.614,1301943.7
2025-06-08 13:00:00,0.614,0.623,0.612,0.614,1291242.1
2025-06-08 14:00:00,0.615,0.619,0.613,0.617,1082139.47
2025-06-08 15:00:00,0.617,0.619,0.614,0.615,796324.41
2025-06-08 16:00:00,0.616,0.623,0.615,0.62,1309625.53
2025-06-08 17:00:00,0.62,0.623,0.615,0.616,636134.01
2025-06-08 18:00:00,0.616,0.617,0.612,0.616,753795.79
2025-06-08 19:00:00,0.616,0.618,0.613,0.616,591113.86
2025-06-08 20:00:00,0.616,0.62,0.615,0.617,480167.05
2025-06-08 21:00:00,0.618,0.624,0.618,0.621,668822.31
2025-06-08 22:00:00,0.621,0.621,0.611,0.611,1102194.09
2025-06-08 23:00:00,0.611,0.612,0.608,0.61,976654.6
2025-06-09 00:00:00,0.611,0.614,0.607,0.611,1054357.87
2025-06-09 01:00:00,0.611,0.612,0.606,0.608,967888.54
2025-06-09 02:00:00,0.608,0.611,0.604,0.604,683306.67
2025-06-09 03:00:00,0.604,0.606,0.6,0.604,828398.13
2025-06-09 04:00:00,0.604,0.607,0.599,0.6,800334.83
2025-06-09 05:00:00,0.6,0.601,0.593,0.594,1544829.37
2025-06-09 06:00:00,0.594,0.602,0.593,0.602,790813.64
2025-06-09 07:00:00,0.601,0.605,0.598,0.604,829437.03
2025-06-09 08:00:00,0.604,0.608,0.601,0.607,832826.88
2025-06-09 09:00:00,0.607,0.618,0.603,0.614,1993868.52
2025-06-09 10:00:00,0.614,0.623,0.613,0.619,2717688.51
2025-06-09 11:00:00,0.618,0.623,0.615,0.619,1639715.43
2025-06-09 12:00:00,0.619,0.623,0.616,0.621,1205949.41
2025-06-09 13:00:00,0.62,0.621,0.611,0.611,1571670.89
2025-06-09 14:00:00,0.612,0.62,0.61,0.616,1306788.24
2025-06-09 15:00:00,0.617,0.624,0.617,0.62,961578.58
2025-06-09 16:00:00,0.621,0.634,0.621,0.629,1744834.27
2025-06-09 17:00:00,0.63,0.633,0.625,0.628,1127455.82
2025-06-09 18:00:00,0.628,0.629,0.625,0.629,806208.41
2025-06-09 19:00:00,0.629,0.631,0.625,0.629,783086.52
2025-06-09 20:00:00,0.629,0.631,0.628,0.631,885214.1
2025-06-09 21:00:00,0.631,0.65,0.631,0.649,2064205.61
2025-06-09 22:00:00,0.649,0.659,0.649,0.658,1792850.22
2025-06-09 23:00:00,0.657,0.659,0.651,0.655,1131662.69
2025-06-10 00:00:00,0.656,0.67,0.654,0.662,2748603.96
2025-06-10 01:00:00,0.663,0.667,0.658,0.663,1576794.81
2025-06-10 02:00:00,0.664,0.664,0.655,0.657,1352188.2
2025-06-10 03:00:00,0.656,0.657,0.65,0.65,1277998.91
2025-06-10 04:00:00,0.651,0.653,0.642,0.647,1407867.5
2025-06-10 05:00:00,0.647,0.651,0.638,0.642,2031092.08
2025-06-10 06:00:00,0.642,0.647,0.636,0.644,1500922.1
2025-06-10 07:00:00,0.643,0.651,0.642,0.648,1273746.45
2025-06-10 08:00:00,0.648,0.652,0.644,0.645,1392057.13
2025-06-10 09:00:00,0.645,0.653,0.642,0.653,1203989.01
2025-06-10 10:00:00,0.652,0.652,0.644,0.65,656265.98
2025-06-10 11:00:00,0.65,0.704,0.646,0.699,9384962.88
2025-06-10 12:00:00,0.7,0.719,0.694,0.717,6640162.51
2025-06-10 13:00:00,0.718,0.721,0.698,0.709,5820413.46
2025-06-10 14:00:00,0.708,0.712,0.691,0.696,2212406.33
2025-06-10 15:00:00,0.695,0.705,0.688,0.702,2987479.72
2025-06-10 16:00:00,0.702,0.712,0.701,0.702,2345843.21
2025-06-10 17:00:00,0.702,0.713,0.701,0.702,894526.86
2025-06-10 18:00:00,0.702,0.714,0.697,0.711,2671258.92
2025-06-10 19:00:00,0.712,0.72,0.708,0.71,3526982.55
2025-06-10 20:00:00,0.71,0.711,0.701,0.706,1453484.38
2025-06-10 21:00:00,0.705,0.708,0.697,0.706,1464096.02
2025-06-10 22:00:00,0.705,0.722,0.705,0.712,1962434.43
2025-06-10 23:00:00,0.712,0.725,0.71,0.725,1774025.22
2025-06-11 00:00:00,0.725,0.733,0.712,0.715,3000143.49
2025-06-11 01:00:00,0.715,0.717,0.703,0.707,2176925.66
2025-06-11 02:00:00,0.707,0.71,0.702,0.708,1046074.18
2025-06-11 03:00:00,0.707,0.719,0.707,0.713,1022709.08
2025-06-11 04:00:00,0.712,0.72,0.711,0.718,991799.98
2025-06-11 05:00:00,0.719,0.724,0.715,0.721,1283441.91
2025-06-11 06:00:00,0.721,0.722,0.715,0.719,1206505.26
2025-06-11 07:00:00,0.719,0.725,0.716,0.718,1997999.49
2025-06-11 08:00:00,0.718,0.723,0.712,0.712,1397517.64
2025-06-11 09:00:00,0.713,0.718,0.705,0.708,1321041.76
2025-06-11 10:00:00,0.707,0.71,0.703,0.71,1518326.91
2025-06-11 11:00:00,0.709,0.712,0.703,0.71,1188594.62
2025-06-11 12:00:00,0.71,0.735,0.707,0.724,5644920.04
2025-06-11 13:00:00,0.724,0.738,0.721,0.726,4490610.84
2025-06-11 14:00:00,0.727,0.746,0.721,0.734,4776059.25
2025-06-11 15:00:00,0.734,0.75,0.729,0.739,3572369.82
2025-06-11 16:00:00,0.739,0.744,0.73,0.74,2327559.23
2025-06-11 17:00:00,0.74,0.74,0.722,0.723,2545899.72
2025-06-11 18:00:00,0.723,0.726,0.713,0.715,3149537.71
2025-06-11 19:00:00,0.715,0.715,0.705,0.707,2057083.89
2025-06-11 20:00:00,0.707,0.713,0.701,0.708,1069635.33
2025-06-11 21:00:00,0.709,0.716,0.696,0.697,1880930.11
2025-06-11 22:00:00,0.696,0.699,0.686,0.688,2466280.8
2025-06-11 23:00:00,0.687,0.697,0.687,0.694,1100149.38
2025-06-12 00:00:00,0.694,0.704,0.691,0.702,1134510.73
2025-06-12 01:00:00,0.701,0.705,0.692,0.7,1012880.61
2025-06-12 02:00:00,0.699,0.704,0.694,0.697,1176894.02
2025-06-12 03:00:00,0.697,0.7,0.688,0.691,1095032.99
2025-06-12 04:00:00,0.691,0.692,0.684,0.688,1199042.29
2025-06-12 05:00:00,0.687,0.692,0.682,0.687,818104.68
2025-06-12 06:00:00,0.686,0.689,0.679,0.685,872225.75
2025-06-12 07:00:00,0.685,0.686,0.674,0.676,1024937.59
2025-06-12 08:00:00,0.676,0.682,0.671,0.68,1127951.2
2025-06-12 09:00:00,0.68,0.682,0.675,0.678,793159.96
2025-06-12 10:00:00,0.678,0.679,0.669,0.672,1297598.76
2025-06-12 11:00:00,0.672,0.673,0.664,0.667,884822.49
2025-06-12 12:00:00,0.667,0.677,0.665,0.673,1293015.83
2025-06-12 13:00:00,0.672,0.686,0.671,0.685,1681495.06
2025-06-12 14:00:00,0.685,0.693,0.682,0.683,1262932.17
2025-06-12 15:00:00,0.683,0.686,0.661,0.664,2188091.67
2025-06-12 16:00:00,0.665,0.676,0.664,0.673,1634782.87
2025-06-12 17:00:00,0.673,0.681,0.673,0.676,1412969.26
2025-06-12 18:00:00,0.677,0.677,0.662,0.667,1129461.01
2025-06-12 19:00:00,0.667,0.675,0.646,0.648,5790446.45
2025-06-12 20:00:00,0.648,0.651,0.628,0.633,3887693.26
2025-06-12 21:00:00,0.633,0.639,0.63,0.634,2733240.91
2025-06-12 22:00:00,0.634,0.639,0.632,0.633,1100415.36
2025-06-12 23:00:00,0.633,0.638,0.629,0.63,1720244.93
2025-06-13 00:00:00,0.629,0.63,0.597,0.6,15011954.31
2025-06-13 01:00:00,0.6,0.601,0.578,0.583,12014112.72
2025-06-13 02:00:00,0.583,0.584,0.572,0.582,6728142.38
2025-06-13 03:00:00,0.582,0.592,0.578,0.586,4957134.03
2025-06-13 04:00:00,0.586,0.589,0.58,0.586,2959806.19
2025-06-13 05:00:00,0.586,0.593,0.583,0.585,4018566.86
2025-06-13 06:00:00,0.585,0.587,0.577,0.587,3423295.38
2025-06-13 07:00:00,0.587,0.588,0.58,0.583,3684534.65
2025-06-13 08:00:00,0.582,0.601,0.58,0.584,5226134.21
2025-06-13 09:00:00,0.584,0.585,0.578,0.582,2987894.05
2025-06-13 10:00:00,0.581,0.585,0.575,0.584,2385158.36
2025-06-13 11:00:00,0.584,0.588,0.579,0.586,1589991.13
2025-06-13 12:00:00,0.586,0.592,0.58,0.583,2794741.14
2025-06-13 13:00:00,0.582,0.591,0.579,0.581,3768758.21
2025-06-13 14:00:00,0.582,0.585,0.574,0.582,3456495.95
2025-06-13 15:00:00,0.582,0.59,0.579,0.584,4238233.24
2025-06-13 16:00:00,0.584,0.595,0.576,0.584,5533151.82
2025-06-13 17:00:00,0.583,0.584,0.574,0.581,2668272.57
2025-06-13 18:00:00,0.58,0.582,0.559,0.567,6325711.93
2025-06-13 19:00:00,0.566,0.572,0.563,0.566,2600404.0
2025-06-13 20:00:00,0.567,0.577,0.564,0.574,2639798.14
2025-06-13 21:00:00,0.575,0.581,0.572,0.578,1243797.93
2025-06-13 22:00:00,0.579,0.589,0.579,0.585,1081771.08
2025-06-13 23:00:00,0.584,0.592,0.584,0.591,1139357.51
2025-06-14 00:00:00,0.591,0.594,0.586,0.587,4434817.21
2025-06-14 01:00:00,0.587,0.593,0.583,0.59,1721470.19
2025-06-14 02:00:00,0.59,0.593,0.585,0.588,1036886.44
2025-06-14 03:00:00,0.588,0.594,0.587,0.59,1001657.61
2025-06-14 04:00:00,0.591,0.601,0.59,0.601,1272549.91
2025-06-14 05:00:00,0.601,0.607,0.599,0.602,1582466.27
2025-06-14 06:00:00,0.602,0.603,0.594,0.594,1932549.73
2025-06-14 07:00:00,0.594,0.599,0.59,0.595,1581973.91
2025-06-14 08:00:00,0.595,0.607,0.594,0.6,3540113.58
2025-06-14 09:00:00,0.6,0.603,0.595,0.595,2556309.15
2025-06-14 10:00:00,0.595,0.601,0.595,0.598,1513621.65
2025-06-14 11:00:00,0.598,0.602,0.598,0.599,593080.85
2025-06-14 12:00:00,0.599,0.601,0.596,0.601,506282.32
2025-06-14 13:00:00,0.601,0.605,0.598,0.601,2711740.92
2025-06-14 14:00:00,0.601,0.603,0.597,0.601,3050795.85
2025-06-14 15:00:00,0.601,0.602,0.59,0.594,1952994.52
2025-06-14 16:00:00,0.594,0.598,0.585,0.588,1827795.98
2025-06-14 17:00:00,0.587,0.594,0.587,0.594,726778.54
2025-06-14 18:00:00,0.593,0.599,0.586,0.592,870072.87
2025-06-14 19:00:00,0.592,0.595,0.589,0.589,485563.85
2025-06-14 20:00:00,0.589,0.592,0.584,0.589,1059596.95
2025-06-14 21:00:00,0.59,0.6,0.588,0.599,883031.28
2025-06-14 22:00:00,0.6,0.603,0.596,0.599,574745.1
2025-06-14 23:00:00,0.598,0.603,0.598,0.6,765396.87
2025-06-15 00:00:00,0.599,0.603,0.599,0.602,687380.42
2025-06-15 01:00:00,0.602,0.603,0.597,0.6,449337.38
2025-06-15 02:00:00,0.601,0.603,0.598,0.598,465215.16
2025-06-15 03:00:00,0.599,0.602,0.598,0.6,254504.7
2025-06-15 04:00:00,0.601,0.603,0.599,0.601,1379852.98
2025-06-15 05:00:00,0.601,0.603,0.597,0.6,1355726.13
2025-06-15 06:00:00,0.601,0.602,0.592,0.593,530583.93
2025-06-15 07:00:00,0.594,0.597,0.59,0.595,2198647.67
2025-06-15 08:00:00,0.595,0.597,0.588,0.589,925502.96
2025-06-15 09:00:00,0.59,0.59,0.585,0.586,1316767.27
2025-06-15 10:00:00,0.586,0.591,0.585,0.59,611693.56
2025-06-15 11:00:00,0.59,0.591,0.585,0.589,793216.02
2025-06-15 12:00:00,0.589,0.592,0.587,0.591,757763.21
2025-06-15 13:00:00,0.591,0.594,0.587,0.592,1221470.7
2025-06-15 14:00:00,0.593,0.598,0.584,0.596,1562435.8
2025-06-15 15:00:00,0.596,0.6,0.59,0.591,1117039.2
2025-06-15 16:00:00,0.591,0.594,0.587,0.59,919603.06
2025-06-15 17:00:00,0.59,0.593,0.586,0.59,913523.86
2025-06-15 18:00:00,0.589,0.59,0.585,0.587,487321.48
2025-06-15 19:00:00,0.587,0.589,0.58,0.583,1115730.38
2025-06-15 20:00:00,0.584,0.584,0.575,0.58,1025991.87
2025-06-15 21:00:00,0.58,0.581,0.576,0.581,720938.09
2025-06-15 22:00:00,0.581,0.593,0.58,0.588,1224956.17
2025-06-15 23:00:00,0.589,0.594,0.588,0.592,504960.39
2025-06-16 00:00:00,0.592,0.594,0.589,0.591,1112194.06
2025-06-16 01:00:00,0.591,0.599,0.585,0.598,1381213.73
2025-06-16 02:00:00,0.598,0.604,0.592,0.596,8267887.25
2025-06-16 03:00:00,0.596,0.597,0.593,0.594,749449.56
2025-06-16 04:00:00,0.593,0.602,0.593,0.598,1343391.45
2025-06-16 05:00:00,0.599,0.609,0.597,0.601,4990612.17
2025-06-16 06:00:00,0.602,0.605,0.6,0.601,1379627.17
2025-06-16 07:00:00,0.602,0.608,0.601,0.607,2253368.67
2025-06-16 08:00:00,0.607,0.608,0.603,0.607,1239486.85
2025-06-16 09:00:00,0.606,0.612,0.604,0.606,1351350.74
2025-06-16 10:00:00,0.607,0.608,0.597,0.601,1450472.41
2025-06-16 11:00:00,0.6,0.603,0.595,0.601,1228446.69
2025-06-16 12:00:00,0.602,0.604,0.596,0.601,1499392.97
2025-06-16 13:00:00,0.601,0.61,0.601,0.609,1883551.11
2025-06-16 14:00:00,0.61,0.615,0.607,0.608,4021369.9
2025-06-16 15:00:00,0.608,0.611,0.605,0.605,1908141.08
2025-06-16 16:00:00,0.605,0.611,0.604,0.607,1523993.47
2025-06-16 17:00:00,0.606,0.608,0.604,0.605,1040471.9
2025-06-16 18:00:00,0.606,0.612,0.604,0.612,1162726.01
2025-06-16 19:00:00,0.612,0.616,0.606,0.61,1611391.76
2025-06-16 20:00:00,0.61,0.616,0.607,0.615,2259898.51
2025-06-16 21:00:00,0.615,0.616,0.611,0.615,967515.03
2025-06-16 22:00:00,0.615,0.618,0.591,0.597,5132937.38
2025-06-16 23:00:00,0.597,0.602,0.58,0.583,4938092.99
2025-06-17 00:00:00,0.583,0.592,0.567,0.591,7457339.95
2025-06-17 01:00:00,0.592,0.595,0.587,0.588,2118748.53
2025-06-17 02:00:00,0.588,0.597,0.585,0.595,1679575.38
2025-06-17 03:00:00,0.595,0.597,0.589,0.591,1557480.38
2025-06-17 04:00:00,0.591,0.593,0.585,0.586,2123995.66
2025-06-17 05:00:00,0.585,0.587,0.58,0.583,1757297.3
2025-06-17 06:00:00,0.582,0.584,0.578,0.581,1574342.57
2025-06-17 07:00:00,0.581,0.583,0.578,0.579,914519.84
2025-06-17 08:00:00,0.579,0.58,0.573,0.573,1281326.97
2025-06-17 09:00:00,0.573,0.578,0.572,0.574,1353839.57
2025-06-17 10:00:00,0.575,0.575,0.567,0.573,1285580.83
2025-06-17 11:00:00,0.573,0.574,0.568,0.572,1053797.76
2025-06-17 12:00:00,0.571,0.575,0.569,0.571,918743.62
2025-06-17 13:00:00,0.571,0.575,0.569,0.571,1447283.44
2025-06-17 14:00:00,0.572,0.578,0.57,0.571,1371199.11
2025-06-17 15:00:00,0.57,0.571,0.557,0.563,4550932.09
2025-06-17 16:00:00,0.562,0.563,0.547,0.548,5007744.3
2025-06-17 17:00:00,0.547,0.56,0.545,0.555,2699596.95
2025-06-17 18:00:00,0.554,0.563,0.553,0.56,4517665.96
2025-06-17 19:00:00,0.561,0.575,0.56,0.57,2871746.36
2025-06-17 20:00:00,0.57,0.572,0.565,0.565,1388002.79
2025-06-17 21:00:00,0.565,0.567,0.557,0.562,1041925.78
2025-06-17 22:00:00,0.562,0.562,0.554,0.554,1038347.7
2025-06-17 23:00:00,0.554,0.563,0.553,0.559,1142397.49
2025-06-18 00:00:00,0.56,0.569,0.559,0.566,1410041.02
2025-06-18 01:00:00,0.566,0.571,0.561,0.563,1026056.19
2025-06-18 02:00:00,0.563,0.564,0.558,0.559,1756768.35
2025-06-18 03:00:00,0.558,0.565,0.557,0.563,819606.25
2025-06-18 04:00:00,0.563,0.571,0.562,0.568,839292.1
2025-06-18 05:00:00,0.568,0.57,0.565,0.565,884833.15
2025-06-18 06:00:00,0.565,0.567,0.559,0.562,742564.12
2025-06-18 07:00:00,0.561,0.564,0.56,0.563,453613.43
2025-06-18 08:00:00,0.563,0.565,0.555,0.557,1071625.0
2025-06-18 09:00:00,0.558,0.559,0.551,0.555,1568535.55
2025-06-18 10:00:00,0.555,0.555,0.537,0.537,5959304.56
2025-06-18 11:00:00,0.537,0.546,0.532,0.545,6406123.39
2025-06-18 12:00:00,0.545,0.546,0.538,0.541,2210700.8
2025-06-18 13:00:00,0.54,0.547,0.534,0.547,6108962.61
2025-06-18 14:00:00,0.546,0.558,0.543,0.549,3978925.61
2025-06-18 15:00:00,0.55,0.556,0.546,0.551,1385821.13
2025-06-18 16:00:00,0.552,0.552,0.545,0.548,1384406.76
2025-06-18 17:00:00,0.547,0.554,0.543,0.551,1423399.9
2025-06-18 18:00:00,0.552,0.557,0.546,0.546,2855071.74
2025-06-18 19:00:00,0.545,0.554,0.545,0.55,1606861.08
2025-06-18 20:00:00,0.549,0.57,0.548,0.568,1413694.64
2025-06-18 21:00:00,0.568,0.57,0.563,0.568,1411858.52
2025-06-18 22:00:00,0.568,0.569,0.564,0.567,1090381.03
2025-06-18 23:00:00,0.567,0.569,0.561,0.564,1287159.09
2025-06-19 00:00:00,0.564,0.573,0.563,0.567,1359947.07
2025-06-19 01:00:00,0.567,0.568,0.562,0.563,929108.72
2025-06-19 02:00:00,0.563,0.566,0.561,0.561,559440.27
2025-06-19 03:00:00,0.561,0.566,0.561,0.565,537577.67
2025-06-19 04:00:00,0.566,0.568,0.562,0.568,705723.04
2025-06-19 05:00:00,0.567,0.571,0.566,0.566,624425.29
2025-06-19 06:00:00,0.566,0.569,0.565,0.566,429147.09
2025-06-19 07:00:00,0.567,0.569,0.565,0.565,540685.19
2025-06-19 08:00:00,0.565,0.571,0.565,0.567,673840.56
2025-06-19 09:00:00,0.567,0.576,0.566,0.574,626988.7
2025-06-19 10:00:00,0.574,0.575,0.567,0.567,669899.56
2025-06-19 11:00:00,0.567,0.568,0.564,0.565,453923.53
2025-06-19 12:00:00,0.566,0.569,0.563,0.569,573790.04
2025-06-19 13:00:00,0.568,0.57,0.562,0.563,1018214.17
2025-06-19 14:00:00,0.563,0.566,0.559,0.56,1144146.98
2025-06-19 15:00:00,0.56,0.564,0.559,0.559,759658.14
2025-06-19 16:00:00,0.56,0.563,0.555,0.556,773996.76
2025-06-19 17:00:00,0.557,0.567,0.556,0.563,1060774.0
2025-06-19 18:00:00,0.563,0.568,0.56,0.561,665549.02
2025-06-19 19:00:00,0.561,0.564,0.559,0.559,324834.23
2025-06-19 20:00:00,0.56,0.562,0.557,0.56,401845.93
2025-06-19 21:00:00,0.559,0.563,0.558,0.562,734047.08
2025-06-19 22:00:00,0.562,0.569,0.562,0.567,1038688.35
2025-06-19 23:00:00,0.567,0.567,0.563,0.565,649977.14
2025-06-20 00:00:00,0.565,0.57,0.564,0.567,582631.55
2025-06-20 01:00:00,0.567,0.572,0.564,0.569,801418.96
2025-06-20 02:00:00,0.569,0.57,0.566,0.568,1427474.77
2025-06-20 03:00:00,0.569,0.571,0.566,0.57,715441.16
2025-06-20 04:00:00,0.57,0.572,0.562,0.563,783815.82
2025-06-20 05:00:00,0.563,0.565,0.559,0.564,580470.83
2025-06-20 06:00:00,0.565,0.569,0.564,0.568,540976.62
2025-06-20 07:00:00,0.568,0.577,0.567,0.577,1139849.24
2025-06-20 08:00:00,0.577,0.58,0.572,0.574,1853141.95
2025-06-20 09:00:00,0.574,0.575,0.57,0.571,669164.1
2025-06-20 10:00:00,0.571,0.573,0.568,0.569,1256654.08
2025-06-20 11:00:00,0.569,0.573,0.567,0.572,719323.03
2025-06-20 12:00:00,0.571,0.576,0.57,0.573,1283082.54
2025-06-20 13:00:00,0.573,0.576,0.568,0.572,1553957.7
2025-06-20 14:00:00,0.572,0.575,0.557,0.558,1908762.49
2025-06-20 15:00:00,0.558,0.564,0.557,0.562,1707959.46
2025-06-20 16:00:00,0.562,0.562,0.552,0.553,2226383.16
2025-06-20 17:00:00,0.553,0.555,0.534,0.549,9029400.42
2025-06-20 18:00:00,0.55,0.556,0.548,0.552,1931940.15
2025-06-20 19:00:00,0.552,0.552,0.546,0.549,856054.0
2025-06-20 20:00:00,0.548,0.555,0.548,0.552,550185.13
2025-06-20 21:00:00,0.551,0.551,0.545,0.545,1279078.68
2025-06-20 22:00:00,0.545,0.546,0.536,0.537,1602170.98
2025-06-20 23:00:00,0.537,0.544,0.535,0.542,803873.08
2025-06-21 00:00:00,0.542,0.549,0.542,0.546,683886.64
2025-06-21 01:00:00,0.546,0.554,0.545,0.553,747388.52
2025-06-21 02:00:00,0.553,0.553,0.548,0.548,493751.61
2025-06-21 03:00:00,0.548,0.553,0.548,0.549,628756.47
2025-06-21 04:00:00,0.549,0.551,0.548,0.548,534098.46
2025-06-21 05:00:00,0.549,0.55,0.546,0.547,507459.47
2025-06-21 06:00:00,0.546,0.548,0.545,0.547,711756.96
2025-06-21 07:00:00,0.547,0.547,0.543,0.545,846284.37
2025-06-21 08:00:00,0.545,0.549,0.543,0.549,470164.53
2025-06-21 09:00:00,0.548,0.55,0.545,0.546,1784958.14
2025-06-21 10:00:00,0.546,0.548,0.542,0.543,620620.36
2025-06-21 11:00:00,0.543,0.547,0.542,0.545,504041.05
2025-06-21 12:00:00,0.545,0.547,0.54,0.54,1183349.53
2025-06-21 13:00:00,0.54,0.543,0.53,0.533,3094548.86
2025-06-21 14:00:00,0.532,0.536,0.528,0.53,2383205.68
2025-06-21 15:00:00,0.531,0.535,0.528,0.535,1551952.43
2025-06-21 16:00:00,0.534,0.536,0.529,0.531,1042104.21
2025-06-21 17:00:00,0.53,0.534,0.521,0.524,1180083.97
2025-06-21 18:00:00,0.524,0.529,0.523,0.525,1498574.28
2025-06-21 19:00:00,0.525,0.527,0.521,0.522,919886.15
2025-06-21 20:00:00,0.521,0.53,0.521,0.528,1430885.25
2025-06-21 21:00:00,0.527,0.529,0.498,0.503,7263000.4
2025-06-21 22:00:00,0.503,0.512,0.502,0.511,3333517.7
2025-06-21 23:00:00,0.511,0.511,0.495,0.506,6829143.71
2025-06-22 00:00:00,0.507,0.52,0.503,0.517,3478341.13
2025-06-22 01:00:00,0.517,0.521,0.512,0.512,1836341.75
2025-06-22 02:00:00,0.512,0.516,0.505,0.51,1761219.79
2025-06-22 03:00:00,0.51,0.512,0.502,0.506,1195374.09
2025-06-22 04:00:00,0.506,0.513,0.504,0.509,1406790.07
2025-06-22 05:00:00,0.51,0.514,0.506,0.511,985110.92
2025-06-22 06:00:00,0.51,0.515,0.507,0.512,886821.06
2025-06-22 07:00:00,0.513,0.514,0.505,0.506,1025222.48
2025-06-22 08:00:00,0.506,0.508,0.499,0.501,1210698.46
2025-06-22 09:00:00,0.501,0.503,0.489,0.491,3045287.85
2025-06-22 10:00:00,0.491,0.5,0.49,0.498,1352848.69
2025-06-22 11:00:00,0.498,0.505,0.497,0.5,1106728.98
2025-06-22 12:00:00,0.5,0.505,0.493,0.501,1808194.07
2025-06-22 13:00:00,0.501,0.503,0.47,0.479,14677042.84
2025-06-22 14:00:00,0.48,0.49,0.468,0.486,8155885.28
2025-06-22 15:00:00,0.486,0.488,0.474,0.476,2925486.54
2025-06-22 16:00:00,0.477,0.48,0.471,0.474,2539371.75
2025-06-22 17:00:00,0.473,0.482,0.469,0.477,2658089.03
2025-06-22 18:00:00,0.478,0.481,0.473,0.473,1456326.13
2025-06-22 19:00:00,0.474,0.476,0.47,0.474,1422946.84
2025-06-22 20:00:00,0.474,0.479,0.457,0.477,6252865.59
2025-06-22 21:00:00,0.477,0.482,0.472,0.474,1597099.56
2025-06-22 22:00:00,0.473,0.487,0.473,0.486,2994837.49
2025-06-22 23:00:00,0.486,0.488,0.484,0.486,1554451.88
2025-06-23 00:00:00,0.486,0.494,0.486,0.489,1681353.85
2025-06-23 01:00:00,0.489,0.491,0.486,0.491,1051556.55
2025-06-23 02:00:00,0.49,0.493,0.489,0.492,857520.13
2025-06-23 03:00:00,0.492,0.494,0.489,0.489,1086642.36
2025-06-23 04:00:00,0.49,0.493,0.489,0.49,506700.25
2025-06-23 05:00:00,0.49,0.496,0.489,0.494,762239.98
2025-06-23 06:00:00,0.495,0.497,0.49,0.494,1198534.36
2025-06-23 07:00:00,0.494,0.498,0.492,0.493,718643.35
2025-06-23 08:00:00,0.493,0.496,0.49,0.494,1002655.28
2025-06-23 09:00:00,0.495,0.496,0.492,0.495,617928.42
2025-06-23 10:00:00,0.495,0.495,0.49,0.492,743556.36
2025-06-23 11:00:00,0.492,0.494,0.489,0.494,626413.59
2025-06-23 12:00:00,0.494,0.502,0.491,0.502,1202554.04
2025-06-23 13:00:00,0.501,0.511,0.494,0.51,3945052.68
2025-06-23 14:00:00,0.51,0.513,0.502,0.503,2927809.65
2025-06-23 15:00:00,0.503,0.505,0.496,0.498,1456486.76
2025-06-23 16:00:00,0.498,0.499,0.483,0.489,3622527.36
2025-06-23 17:00:00,0.489,0.511,0.488,0.508,3802622.71
2025-06-23 18:00:00,0.508,0.523,0.507,0.52,3324276.43
2025-06-23 19:00:00,0.519,0.528,0.519,0.525,1946415.54
2025-06-23 20:00:00,0.526,0.537,0.524,0.53,2693046.37
2025-06-23 21:00:00,0.531,0.534,0.529,0.532,2065913.53
2025-06-23 22:00:00,0.532,0.553,0.531,0.55,4364394.71
2025-06-23 23:00:00,0.55,0.552,0.546,0.547,1372121.89
2025-06-24 00:00:00,0.547,0.55,0.543,0.547,1099549.7
2025-06-24 01:00:00,0.548,0.551,0.545,0.549,684650.21
2025-06-24 02:00:00,0.549,0.55,0.545,0.547,747806.3
2025-06-24 03:00:00,0.547,0.551,0.546,0.547,719638.6
2025-06-24 04:00:00,0.548,0.55,0.547,0.549,604780.97
2025-06-24 05:00:00,0.548,0.562,0.548,0.561,1317674.1
2025-06-24 06:00:00,0.561,0.564,0.558,0.561,1133099.8
2025-06-24 07:00:00,0.56,0.561,0.549,0.55,2461359.34
2025-06-24 08:00:00,0.549,0.556,0.548,0.551,2974097.29
2025-06-24 09:00:00,0.551,0.559,0.549,0.553,1015303.14
2025-06-24 10:00:00,0.553,0.553,0.549,0.55,942313.03
2025-06-24 11:00:00,0.55,0.553,0.547,0.548,1824912.71
2025-06-24 12:00:00,0.549,0.551,0.547,0.549,695686.31
2025-06-24 13:00:00,0.549,0.558,0.547,0.552,1904677.19
2025-06-24 14:00:00,0.553,0.56,0.551,0.554,2254577.62
2025-06-24 15:00:00,0.555,0.559,0.552,0.557,862655.9
2025-06-24 16:00:00,0.557,0.575,0.556,0.573,2617796.34
2025-06-24 17:00:00,0.574,0.576,0.559,0.561,1270872.92
2025-06-24 18:00:00,0.56,0.562,0.555,0.557,815564.51
2025-06-24 19:00:00,0.557,0.56,0.554,0.557,397739.95
2025-06-24 20:00:00,0.558,0.563,0.556,0.561,515417.15
2025-06-24 21:00:00,0.561,0.562,0.556,0.561,498516.59
2025-06-24 22:00:00,0.56,0.56,0.555,0.557,645931.51
2025-06-24 23:00:00,0.557,0.558,0.553,0.555,661649.23
2025-06-25 00:00:00,0.556,0.558,0.551,0.556,841828.73
2025-06-25 01:00:00,0.557,0.558,0.551,0.555,685605.79
2025-06-25 02:00:00,0.555,0.559,0.552,0.554,867876.65
2025-06-25 03:00:00,0.554,0.559,0.553,0.555,569031.07
2025-06-25 04:00:00,0.554,0.559,0.553,0.554,715817.15
2025-06-25 05:00:00,0.554,0.556,0.551,0.552,496889.13
2025-06-25 06:00:00,0.552,0.556,0.551,0.555,496527.06
2025-06-25 07:00:00,0.554,0.556,0.553,0.553,827472.84
2025-06-25 08:00:00,0.554,0.555,0.547,0.551,1903031.9
2025-06-25 09:00:00,0.551,0.554,0.544,0.546,1089377.05
2025-06-25 10:00:00,0.547,0.55,0.544,0.549,865354.53
2025-06-25 11:00:00,0.548,0.555,0.546,0.553,653708.61
2025-06-25 12:00:00,0.554,0.554,0.549,0.551,581499.54
2025-06-25 13:00:00,0.551,0.559,0.551,0.557,1595518.32
2025-06-25 14:00:00,0.557,0.558,0.545,0.552,3256684.26
2025-06-25 15:00:00,0.552,0.553,0.54,0.541,2881701.76
2025-06-25 16:00:00,0.542,0.545,0.538,0.54,1065593.01
2025-06-25 17:00:00,0.541,0.554,0.54,0.547,1405177.64
2025-06-25 18:00:00,0.546,0.547,0.542,0.543,456267.98
2025-06-25 19:00:00,0.543,0.548,0.542,0.544,852678.44
2025-06-25 20:00:00,0.544,0.549,0.543,0.548,391789.43
2025-06-25 21:00:00,0.548,0.552,0.542,0.543,676299.7
2025-06-25 22:00:00,0.543,0.543,0.537,0.539,541473.66
2025-06-25 23:00:00,0.539,0.541,0.536,0.54,729504.21
2025-06-26 00:00:00,0.54,0.544,0.538,0.542,967755.19
2025-06-26 01:00:00,0.542,0.552,0.539,0.549,1007848.18
2025-06-26 02:00:00,0.549,0.553,0.544,0.552,1201700.1
2025-06-26 03:00:00,0.552,0.559,0.544,0.546,956275.97
2025-06-26 04:00:00,0.546,0.547,0.541,0.544,419114.77
2025-06-26 05:00:00,0.543,0.544,0.54,0.542,365120.41
2025-06-26 06:00:00,0.543,0.548,0.541,0.547,363475.71
2025-06-26 07:00:00,0.548,0.552,0.546,0.548,747454.83
2025-06-26 08:00:00,0.549,0.55,0.544,0.545,670012.37
2025-06-26 09:00:00,0.544,0.546,0.536,0.537,1054994.73
2025-06-26 10:00:00,0.537,0.538,0.534,0.535,810662.07
2025-06-26 11:00:00,0.535,0.538,0.533,0.536,803101.7
2025-06-26 12:00:00,0.536,0.536,0.527,0.528,973001.49
2025-06-26 13:00:00,0.528,0.53,0.521,0.522,2500368.51
2025-06-26 14:00:00,0.523,0.533,0.52,0.529,1255426.64
2025-06-26 15:00:00,0.528,0.534,0.525,0.533,1364933.28
2025-06-26 16:00:00,0.533,0.534,0.526,0.528,669305.44
2025-06-26 17:00:00,0.528,0.533,0.524,0.524,1329931.64
2025-06-26 18:00:00,0.525,0.529,0.524,0.529,1150770.2
2025-06-26 19:00:00,0.529,0.538,0.527,0.535,810282.13
2025-06-26 20:00:00,0.536,0.546,0.533,0.538,1692321.82
2025-06-26 21:00:00,0.538,0.54,0.529,0.533,998541.85
2025-06-26 22:00:00,0.533,0.536,0.528,0.529,514050.86
2025-06-26 23:00:00,0.529,0.532,0.527,0.529,505046.74
2025-06-27 00:00:00,0.529,0.533,0.524,0.525,874317.5
2025-06-27 01:00:00,0.525,0.535,0.523,0.533,1199525.36
2025-06-27 02:00:00,0.533,0.535,0.53,0.534,520774.89
2025-06-27 03:00:00,0.534,0.535,0.531,0.533,672851.27
2025-06-27 04:00:00,0.533,0.537,0.53,0.535,814123.84
2025-06-27 05:00:00,0.535,0.539,0.531,0.531,533374.63
2025-06-27 06:00:00,0.531,0.536,0.53,0.532,599388.29
2025-06-27 07:00:00,0.532,0.536,0.529,0.529,1429390.22
2025-06-27 08:00:00,0.53,0.539,0.529,0.536,1206689.03
2025-06-27 09:00:00,0.537,0.538,0.533,0.535,730352.82
2025-06-27 10:00:00,0.535,0.535,0.529,0.529,593926.48
2025-06-27 11:00:00,0.529,0.532,0.529,0.531,538477.58
2025-06-27 12:00:00,0.53,0.534,0.525,0.526,1119204.21
2025-06-27 13:00:00,0.526,0.531,0.525,0.529,497614.25
2025-06-27 14:00:00,0.53,0.534,0.526,0.527,587106.47
2025-06-27 15:00:00,0.527,0.537,0.526,0.535,753817.7
2025-06-27 16:00:00,0.535,0.541,0.532,0.535,1131500.25
2025-06-27 17:00:00,0.536,0.537,0.527,0.53,415701.8
2025-06-27 18:00:00,0.53,0.532,0.522,0.525,387734.09
2025-06-27 19:00:00,0.525,0.529,0.524,0.529,420547.93
2025-06-27 20:00:00,0.528,0.535,0.526,0.533,600413.24
2025-06-27 21:00:00,0.534,0.539,0.533,0.537,440548.07
2025-06-27 22:00:00,0.536,0.539,0.536,0.538,474979.95
2025-06-27 23:00:00,0.538,0.538,0.531,0.535,1453776.82
2025-06-28 00:00:00,0.535,0.537,0.533,0.534,256172.12
2025-06-28 01:00:00,0.535,0.539,0.533,0.538,239031.58
2025-06-28 02:00:00,0.538,0.54,0.536,0.537,798782.09
2025-06-28 03:00:00,0.537,0.537,0.534,0.535,423567.33
2025-06-28 04:00:00,0.535,0.536,0.531,0.533,578272.72
2025-06-28 05:00:00,0.533,0.538,0.533,0.535,750476.34
2025-06-28 06:00:00,0.534,0.537,0.533,0.537,285347.84
2025-06-28 07:00:00,0.536,0.538,0.534,0.538,410372.6
2025-06-28 08:00:00,0.537,0.538,0.533,0.535,463850.36
2025-06-28 09:00:00,0.535,0.538,0.533,0.537,356094.19
2025-06-28 10:00:00,0.537,0.54,0.537,0.538,411244.06
2025-06-28 11:00:00,0.539,0.54,0.538,0.538,195092.4
2025-06-28 12:00:00,0.538,0.54,0.537,0.539,352982.65
2025-06-28 13:00:00,0.538,0.54,0.536,0.536,350858.2
2025-06-28 14:00:00,0.537,0.54,0.536,0.539,260903.97
2025-06-28 15:00:00,0.538,0.544,0.537,0.543,380069.99
2025-06-28 16:00:00,0.543,0.55,0.543,0.544,625919.56
2025-06-28 17:00:00,0.544,0.55,0.542,0.549,470671.32
2025-06-28 18:00:00,0.55,0.551,0.547,0.551,1015861.18
2025-06-28 19:00:00,0.55,0.553,0.548,0.549,273144.95
2025-06-28 20:00:00,0.549,0.55,0.546,0.548,434539.93
2025-06-28 21:00:00,0.547,0.552,0.547,0.552,357757.26
2025-06-28 22:00:00,0.552,0.556,0.55,0.554,485710.42
2025-06-28 23:00:00,0.554,0.556,0.551,0.552,270357.02
2025-06-29 00:00:00,0.552,0.554,0.55,0.552,610167.03
2025-06-29 01:00:00,0.552,0.553,0.548,0.549,439216.84
2025-06-29 02:00:00,0.549,0.553,0.548,0.551,414046.03
2025-06-29 03:00:00,0.551,0.553,0.549,0.55,157906.01
2025-06-29 04:00:00,0.549,0.551,0.549,0.55,218279.69
2025-06-29 05:00:00,0.55,0.555,0.549,0.554,652431.0
2025-06-29 06:00:00,0.554,0.555,0.552,0.555,278530.99
2025-06-29 07:00:00,0.554,0.559,0.553,0.559,873429.55
2025-06-29 08:00:00,0.558,0.561,0.557,0.56,585741.44
2025-06-29 09:00:00,0.56,0.563,0.558,0.56,787010.5
2025-06-29 10:00:00,0.561,0.562,0.557,0.558,941203.71
2025-06-29 11:00:00,0.559,0.56,0.557,0.558,223421.68
2025-06-29 12:00:00,0.558,0.56,0.556,0.56,276233.63
2025-06-29 13:00:00,0.56,0.562,0.556,0.557,605594.42
2025-06-29 14:00:00,0.558,0.559,0.552,0.552,901364.87
2025-06-29 15:00:00,0.552,0.553,0.548,0.551,745739.44
2025-06-29 16:00:00,0.551,0.561,0.55,0.555,3289761.8
2025-06-29 17:00:00,0.555,0.561,0.551,0.561,684875.22
2025-06-29 18:00:00,0.561,0.568,0.558,0.566,927538.01
2025-06-29 19:00:00,0.566,0.573,0.562,0.572,1365738.14
2025-06-29 20:00:00,0.572,0.574,0.567,0.572,1594637.57
2025-06-29 21:00:00,0.572,0.589,0.565,0.588,2081488.1
2025-06-29 22:00:00,0.588,0.623,0.588,0.614,7727883.33
2025-06-29 23:00:00,0.615,0.62,0.605,0.607,3446232.95
2025-06-30 00:00:00,0.607,0.61,0.601,0.603,3795634.92
2025-06-30 01:00:00,0.602,0.603,0.59,0.591,1608177.8
2025-06-30 02:00:00,0.591,0.593,0.585,0.586,1001750.26
2025-06-30 03:00:00,0.585,0.59,0.584,0.586,689210.2
2025-06-30 04:00:00,0.587,0.587,0.582,0.585,513399.48
2025-06-30 05:00:00,0.585,0.587,0.581,0.583,431694.28
2025-06-30 06:00:00,0.583,0.586,0.576,0.58,908359.46
2025-06-30 07:00:00,0.58,0.593,0.579,0.59,1270684.08
2025-06-30 08:00:00,0.59,0.593,0.583,0.584,1562794.56
2025-06-30 09:00:00,0.584,0.587,0.581,0.582,797974.05
2025-06-30 10:00:00,0.582,0.583,0.579,0.582,554794.22
2025-06-30 11:00:00,0.582,0.586,0.578,0.58,803198.06
2025-06-30 12:00:00,0.58,0.583,0.572,0.574,1566309.85
2025-06-30 13:00:00,0.575,0.579,0.572,0.574,1312300.4
2025-06-30 14:00:00,0.574,0.575,0.566,0.566,4241635.66
2025-06-30 15:00:00,0.567,0.572,0.563,0.568,2517582.35
2025-06-30 16:00:00,0.568,0.575,0.567,0.575,1319333.97
2025-06-30 17:00:00,0.574,0.578,0.569,0.571,1313745.08
2025-06-30 18:00:00,0.571,0.573,0.565,0.566,543997.66
2025-06-30 19:00:00,0.565,0.577,0.565,0.576,1028766.66
2025-06-30 20:00:00,0.575,0.579,0.571,0.573,539356.79
2025-06-30 21:00:00,0.572,0.574,0.567,0.57,826896.0
2025-06-30 22:00:00,0.569,0.571,0.566,0.567,406027.55
2025-06-30 23:00:00,0.567,0.57,0.565,0.568,437509.5
2025-07-01 00:00:00,0.568,0.572,0.563,0.567,1392744.67
2025-07-01 01:00:00,0.567,0.569,0.562,0.563,748625.55
2025-07-01 02:00:00,0.562,0.566,0.559,0.559,1081421.76
2025-07-01 03:00:00,0.56,0.561,0.555,0.557,799237.38
2025-07-01 04:00:00,0.557,0.558,0.551,0.551,1460574.86
2025-07-01 05:00:00,0.552,0.553,0.547,0.55,1007284.83
2025-07-01 06:00:00,0.55,0.552,0.547,0.55,911752.37
2025-07-01 07:00:00,0.55,0.554,0.545,0.553,909055.67
2025-07-01 08:00:00,0.553,0.554,0.548,0.549,546368.41
2025-07-01 09:00:00,0.549,0.552,0.549,0.551,443714.54
2025-07-01 10:00:00,0.55,0.552,0.548,0.55,723249.74
2025-07-01 11:00:00,0.549,0.549,0.542,0.544,642403.45
2025-07-01 12:00:00,0.544,0.546,0.541,0.542,709316.42
2025-07-01 13:00:00,0.542,0.546,0.539,0.545,1213817.9
2025-07-01 14:00:00,0.545,0.549,0.54,0.544,1497157.61
2025-07-01 15:00:00,0.543,0.544,0.538,0.54,860724.33
2025-07-01 16:00:00,0.54,0.542,0.537,0.538,456563.31
2025-07-01 17:00:00,0.539,0.54,0.536,0.537,467753.7
2025-07-01 18:00:00,0.538,0.538,0.533,0.535,679507.23
2025-07-01 19:00:00,0.535,0.538,0.533,0.534,581514.93
2025-07-01 20:00:00,0.534,0.537,0.532,0.536,578412.96
2025-07-01 21:00:00,0.536,0.538,0.533,0.534,377334.68
2025-07-01 22:00:00,0.534,0.534,0.529,0.53,803718.88
2025-07-01 23:00:00,0.529,0.529,0.524,0.528,880323.55
2025-07-02 00:00:00,0.528,0.53,0.526,0.528,869185.74
2025-07-02 01:00:00,0.528,0.536,0.523,0.533,1113197.5
2025-07-02 02:00:00,0.534,0.534,0.529,0.531,504090.13
2025-07-02 03:00:00,0.531,0.537,0.53,0.533,691409.39
2025-07-02 04:00:00,0.533,0.542,0.529,0.542,1489793.92
2025-07-02 05:00:00,0.541,0.544,0.538,0.543,825532.22
2025-07-02 06:00:00,0.543,0.549,0.539,0.549,1420517.28
2025-07-02 07:00:00,0.549,0.55,0.544,0.545,1288367.91
2025-07-02 08:00:00,0.546,0.547,0.542,0.543,964569.23
2025-07-02 09:00:00,0.543,0.545,0.541,0.542,991269.31
2025-07-02 10:00:00,0.542,0.545,0.538,0.542,1268579.16
2025-07-02 11:00:00,0.542,0.545,0.537,0.539,706330.7
2025-07-02 12:00:00,0.539,0.541,0.537,0.539,808743.67
2025-07-02 13:00:00,0.539,0.547,0.539,0.544,1792790.84
2025-07-02 14:00:00,0.543,0.547,0.542,0.547,1637786.66
2025-07-02 15:00:00,0.546,0.553,0.546,0.55,1759227.65
2025-07-02 16:00:00,0.55,0.571,0.549,0.568,3335913.18
2025-07-02 17:00:00,0.569,0.572,0.559,0.564,2584090.22
2025-07-02 18:00:00,0.565,0.57,0.565,0.569,607593.12
2025-07-02 19:00:00,0.569,0.573,0.566,0.571,973936.86
2025-07-02 20:00:00,0.571,0.574,0.567,0.57,1232412.66
2025-07-02 21:00:00,0.57,0.573,0.567,0.571,914351.81
2025-07-02 22:00:00,0.572,0.575,0.569,0.569,838004.55
2025-07-02 23:00:00,0.57,0.571,0.563,0.564,971246.25
2025-07-03 00:00:00,0.563,0.568,0.561,0.565,913235.13
2025-07-03 01:00:00,0.565,0.572,0.563,0.572,724746.75
2025-07-03 02:00:00,0.572,0.572,0.567,0.572,1299946.07
2025-07-03 03:00:00,0.571,0.574,0.566,0.568,527797.93
2025-07-03 04:00:00,0.567,0.574,0.566,0.572,618292.07
2025-07-03 05:00:00,0.573,0.583,0.573,0.58,1379493.18
2025-07-03 06:00:00,0.581,0.587,0.579,0.584,1067510.56
2025-07-03 07:00:00,0.584,0.589,0.583,0.585,1432369.34
2025-07-03 08:00:00,0.586,0.59,0.583,0.583,1203472.0
2025-07-03 09:00:00,0.583,0.586,0.58,0.583,1949582.02
2025-07-03 10:00:00,0.583,0.583,0.575,0.578,1117758.57
2025-07-03 11:00:00,0.577,0.579,0.574,0.577,594456.02
2025-07-03 12:00:00,0.576,0.585,0.569,0.577,1808757.24
2025-07-03 13:00:00,0.577,0.587,0.575,0.584,2393165.13
2025-07-03 14:00:00,0.584,0.587,0.575,0.579,1187984.59
2025-07-03 15:00:00,0.578,0.579,0.566,0.568,1423513.75
2025-07-03 16:00:00,0.567,0.572,0.567,0.57,1116975.49
2025-07-03 17:00:00,0.57,0.572,0.568,0.57,424319.28
2025-07-03 18:00:00,0.569,0.573,0.568,0.572,440648.21
2025-07-03 19:00:00,0.571,0.574,0.571,0.572,243510.4
2025-07-03 20:00:00,0.573,0.578,0.572,0.576,220858.05
2025-07-03 21:00:00,0.575,0.579,0.574,0.577,829154.65
2025-07-03 22:00:00,0.578,0.579,0.575,0.576,232450.66
2025-07-03 23:00:00,0.576,0.577,0.572,0.574,384467.75
2025-07-04 00:00:00,0.573,0.577,0.572,0.574,450605.11
2025-07-04 01:00:00,0.574,0.58,0.574,0.575,417289.31
2025-07-04 02:00:00,0.575,0.575,0.566,0.567,768773.88
2025-07-04 03:00:00,0.567,0.57,0.566,0.567,463889.14
2025-07-04 04:00:00,0.567,0.569,0.562,0.563,449795.28
2025-07-04 05:00:00,0.563,0.569,0.563,0.564,624571.54
2025-07-04 06:00:00,0.565,0.565,0.557,0.559,855104.57
2025-07-04 07:00:00,0.558,0.56,0.55,0.551,939360.08
2025-07-04 08:00:00,0.55,0.555,0.547,0.553,1016738.09
2025-07-04 09:00:00,0.554,0.557,0.551,0.553,595349.49
2025-07-04 10:00:00,0.553,0.554,0.547,0.548,711689.34
2025-07-04 11:00:00,0.548,0.551,0.547,0.548,750882.2
2025-07-04 12:00:00,0.548,0.551,0.545,0.547,460952.4
2025-07-04 13:00:00,0.548,0.551,0.543,0.544,1085519.08
2025-07-04 14:00:00,0.544,0.546,0.537,0.541,1438854.39
2025-07-04 15:00:00,0.541,0.541,0.533,0.534,1499100.35
2025-07-04 16:00:00,0.534,0.534,0.525,0.531,1365915.46
2025-07-04 17:00:00,0.53,0.535,0.528,0.533,812963.41
2025-07-04 18:00:00,0.532,0.532,0.527,0.53,568189.53
2025-07-04 19:00:00,0.529,0.531,0.526,0.528,345706.51
2025-07-04 20:00:00,0.528,0.531,0.527,0.531,718649.75
2025-07-04 21:00:00,0.53,0.532,0.527,0.532,486714.7
2025-07-04 22:00:00,0.531,0.535,0.53,0.535,778733.76
2025-07-04 23:00:00,0.535,0.535,0.529,0.531,892811.53
2025-07-05 00:00:00,0.53,0.537,0.53,0.536,714688.28
2025-07-05 01:00:00,0.536,0.537,0.531,0.535,522634.14
2025-07-05 02:00:00,0.534,0.536,0.53,0.535,319976.73
2025-07-05 03:00:00,0.536,0.539,0.533,0.534,280539.98
2025-07-05 04:00:00,0.534,0.535,0.528,0.529,232767.77
2025-07-05 05:00:00,0.528,0.532,0.527,0.532,277123.87
2025-07-05 06:00:00,0.532,0.536,0.53,0.535,312044.55
2025-07-05 07:00:00,0.535,0.536,0.532,0.533,200354.53
2025-07-05 08:00:00,0.532,0.535,0.529,0.532,508409.98
2025-07-05 09:00:00,0.531,0.534,0.529,0.534,649059.9
2025-07-05 10:00:00,0.533,0.534,0.53,0.531,303837.98
2025-07-05 11:00:00,0.53,0.533,0.53,0.531,312722.03
2025-07-05 12:00:00,0.531,0.532,0.527,0.53,274203.41
2025-07-05 13:00:00,0.53,0.531,0.525,0.526,706500.81
2025-07-05 14:00:00,0.526,0.528,0.524,0.527,517245.31
2025-07-05 15:00:00,0.527,0.529,0.525,0.526,258575.8
2025-07-05 16:00:00,0.526,0.529,0.523,0.527,1134625.81
2025-07-05 17:00:00,0.527,0.529,0.523,0.526,735001.06
2025-07-05 18:00:00,0.526,0.526,0.519,0.519,513369.47
2025-07-05 19:00:00,0.52,0.525,0.519,0.523,315069.72
2025-07-05 20:00:00,0.523,0.528,0.522,0.528,320918.16
2025-07-05 21:00:00,0.527,0.531,0.525,0.53,278798.3
2025-07-05 22:00:00,0.529,0.534,0.528,0.534,304780.84
2025-07-05 23:00:00,0.534,0.535,0.53,0.533,402454.62
2025-07-06 00:00:00,0.532,0.534,0.529,0.532,549555.69
2025-07-06 01:00:00,0.532,0.533,0.528,0.531,185689.0
2025-07-06 02:00:00,0.53,0.532,0.527,0.528,310515.08
2025-07-06 03:00:00,0.527,0.529,0.526,0.528,331612.38
2025-07-06 04:00:00,0.528,0.532,0.527,0.529,331884.02
2025-07-06 05:00:00,0.53,0.53,0.526,0.527,170311.23
2025-07-06 06:00:00,0.527,0.532,0.527,0.531,361665.07
2025-07-06 07:00:00,0.531,0.534,0.531,0.532,562642.69
2025-07-06 08:00:00,0.531,0.537,0.52,0.532,3933809.59
2025-07-06 09:00:00,0.533,0.537,0.529,0.529,1035685.9
2025-07-06 10:00:00,0.53,0.533,0.529,0.531,517497.96
2025-07-06 11:00:00,0.532,0.535,0.53,0.535,409603.7
2025-07-06 12:00:00,0.535,0.538,0.531,0.538,761441.08
2025-07-06 13:00:00,0.538,0.548,0.535,0.545,1863938.44
2025-07-06 14:00:00,0.545,0.547,0.538,0.542,1456490.58
2025-07-06 15:00:00,0.543,0.544,0.538,0.542,718934.2
2025-07-06 16:00:00,0.541,0.545,0.539,0.542,1650847.43
2025-07-06 17:00:00,0.543,0.543,0.538,0.542,430739.6
2025-07-06 18:00:00,0.542,0.543,0.536,0.54,862846.27
2025-07-06 19:00:00,0.539,0.542,0.538,0.541,595303.17
2025-07-06 20:00:00,0.541,0.544,0.54,0.542,402682.26
2025-07-06 21:00:00,0.543,0.555,0.542,0.549,1285837.19
2025-07-06 22:00:00,0.55,0.555,0.548,0.548,1030341.54
2025-07-06 23:00:00,0.549,0.549,0.54,0.543,949354.95
2025-07-07 00:00:00,0.544,0.547,0.542,0.546,955800.82
2025-07-07 01:00:00,0.546,0.548,0.544,0.546,579752.9
2025-07-07 02:00:00,0.546,0.552,0.546,0.55,947255.51
2025-07-07 03:00:00,0.551,0.555,0.549,0.55,612217.58
2025-07-07 04:00:00,0.55,0.552,0.547,0.548,814239.75
2025-07-07 05:00:00,0.548,0.55,0.544,0.545,805039.56
2025-07-07 06:00:00,0.545,0.549,0.543,0.544,1097786.66
2025-07-07 07:00:00,0.545,0.552,0.542,0.551,1045790.26
2025-07-07 08:00:00,0.551,0.554,0.55,0.553,791246.14
2025-07-07 09:00:00,0.552,0.553,0.545,0.546,548852.88
2025-07-07 10:00:00,0.546,0.546,0.542,0.543,601547.88
2025-07-07 11:00:00,0.543,0.547,0.541,0.543,694617.18
2025-07-07 12:00:00,0.544,0.545,0.539,0.545,1129169.72
2025-07-07 13:00:00,0.545,0.55,0.543,0.55,2671649.74
2025-07-07 14:00:00,0.549,0.55,0.537,0.539,1311969.48
2025-07-07 15:00:00,0.539,0.542,0.538,0.541,746077.59
2025-07-07 16:00:00,0.541,0.543,0.535,0.539,1119164.18
2025-07-07 17:00:00,0.538,0.544,0.536,0.542,971335.58
2025-07-07 18:00:00,0.542,0.542,0.536,0.542,438015.1
2025-07-07 19:00:00,0.543,0.549,0.542,0.545,920681.93
2025-07-07 20:00:00,0.545,0.545,0.537,0.539,602495.33
2025-07-07 21:00:00,0.539,0.544,0.537,0.542,435329.43
2025-07-07 22:00:00,0.542,0.543,0.538,0.54,358901.29
2025-07-07 23:00:00,0.54,0.546,0.539,0.546,488951.8
2025-07-08 00:00:00,0.545,0.548,0.541,0.542,1572687.19
2025-07-08 01:00:00,0.541,0.542,0.536,0.538,902934.05
2025-07-08 02:00:00,0.538,0.541,0.535,0.538,1285393.92
2025-07-08 03:00:00,0.537,0.54,0.537,0.538,430402.72
2025-07-08 04:00:00,0.537,0.538,0.533,0.537,507135.85
2025-07-08 05:00:00,0.536,0.537,0.534,0.537,443035.59
2025-07-08 06:00:00,0.536,0.538,0.534,0.536,476155.94
2025-07-08 07:00:00,0.536,0.537,0.533,0.536,697975.62
2025-07-08 08:00:00,0.535,0.536,0.53,0.531,790275.21
2025-07-08 09:00:00,0.531,0.536,0.53,0.535,700475.14
2025-07-08 10:00:00,0.535,0.541,0.533,0.541,1207496.39
2025-07-08 11:00:00,0.541,0.546,0.54,0.543,875584.73
2025-07-08 12:00:00,0.544,0.547,0.541,0.546,544322.51
2025-07-08 13:00:00,0.546,0.55,0.542,0.547,910404.79
2025-07-08 14:00:00,0.547,0.548,0.535,0.536,1161633.08
2025-07-08 15:00:00,0.535,0.537,0.532,0.535,794753.08
2025-07-08 16:00:00,0.535,0.54,0.532,0.539,1072121.93
2025-07-08 17:00:00,0.538,0.551,0.538,0.548,2367181.13
2025-07-08 18:00:00,0.548,0.552,0.547,0.552,1040236.58
2025-07-08 19:00:00,0.552,0.553,0.547,0.549,1332521.16
2025-07-08 20:00:00,0.548,0.551,0.546,0.546,692371.24
2025-07-08 21:00:00,0.546,0.551,0.546,0.55,591251.92
2025-07-08 22:00:00,0.551,0.553,0.547,0.55,924235.45
2025-07-08 23:00:00,0.55,0.55,0.547,0.549,581270.16
2025-07-09 00:00:00,0.549,0.55,0.544,0.546,898400.64
2025-07-09 01:00:00,0.546,0.55,0.54,0.542,1129505.21
2025-07-09 02:00:00,0.542,0.544,0.54,0.54,667527.36
2025-07-09 03:00:00,0.541,0.544,0.535,0.537,1129604.13
2025-07-09 04:00:00,0.536,0.542,0.536,0.541,442264.47
2025-07-09 05:00:00,0.542,0.55,0.539,0.547,2150211.0
2025-07-09 06:00:00,0.547,0.551,0.544,0.548,1023655.02
2025-07-09 07:00:00,0.549,0.553,0.547,0.551,1788833.91
2025-07-09 08:00:00,0.552,0.556,0.548,0.552,1917572.94
2025-07-09 09:00:00,0.552,0.553,0.547,0.548,905062.54
2025-07-09 10:00:00,0.548,0.552,0.546,0.552,1001594.11
2025-07-09 11:00:00,0.551,0.556,0.55,0.553,1691691.19
2025-07-09 12:00:00,0.553,0.569,0.552,0.559,4472394.71
2025-07-09 13:00:00,0.56,0.563,0.558,0.56,1598720.76
2025-07-09 14:00:00,0.56,0.565,0.552,0.558,2414334.43
2025-07-09 15:00:00,0.557,0.561,0.554,0.556,1060935.8
2025-07-09 16:00:00,0.556,0.561,0.556,0.559,1022729.73
2025-07-09 17:00:00,0.559,0.56,0.553,0.556,1535004.29
2025-07-09 18:00:00,0.555,0.566,0.555,0.563,1935721.21
2025-07-09 19:00:00,0.564,0.582,0.563,0.579,4282450.43
2025-07-09 20:00:00,0.579,0.582,0.574,0.581,3203473.5
2025-07-09 21:00:00,0.581,0.59,0.579,0.587,2232438.22
2025-07-09 22:00:00,0.587,0.6,0.587,0.593,3463176.49
2025-07-09 23:00:00,0.593,0.593,0.586,0.588,1770992.07
2025-07-10 00:00:00,0.587,0.591,0.579,0.58,1765055.95
2025-07-10 01:00:00,0.581,0.587,0.58,0.584,1164790.69
2025-07-10 02:00:00,0.584,0.59,0.584,0.589,1271912.39
2025-07-10 03:00:00,0.589,0.593,0.588,0.592,1928706.65
2025-07-10 04:00:00,0.591,0.593,0.586,0.59,1524524.42
2025-07-10 05:00:00,0.591,0.593,0.585,0.585,1067242.99
2025-07-10 06:00:00,0.586,0.596,0.584,0.595,961042.56
2025-07-10 07:00:00,0.595,0.6,0.592,0.593,1864056.91
2025-07-10 08:00:00,0.593,0.596,0.589,0.596,1468946.04
2025-07-10 09:00:00,0.595,0.596,0.591,0.593,1553154.2
2025-07-10 10:00:00,0.592,0.596,0.588,0.594,931492.91
2025-07-10 11:00:00,0.593,0.594,0.59,0.592,663487.62
2025-07-10 12:00:00,0.591,0.596,0.587,0.596,1156718.45
2025-07-10 13:00:00,0.595,0.602,0.594,0.599,3671743.72
2025-07-10 14:00:00,0.599,0.6,0.59,0.596,2319432.23
2025-07-10 15:00:00,0.595,0.596,0.588,0.589,1421255.38
2025-07-10 16:00:00,0.589,0.604,0.588,0.603,2870953.09
2025-07-10 17:00:00,0.603,0.616,0.601,0.613,2758024.24
2025-07-10 18:00:00,0.614,0.619,0.611,0.616,2404734.18
2025-07-10 19:00:00,0.616,0.619,0.611,0.614,1200410.3
2025-07-10 20:00:00,0.615,0.625,0.614,0.623,2637432.07
2025-07-10 21:00:00,0.622,0.651,0.621,0.646,7671292.99
2025-07-10 22:00:00,0.647,0.661,0.646,0.659,3451112.28
2025-07-10 23:00:00,0.659,0.662,0.653,0.658,3779988.88
2025-07-11 00:00:00,0.658,0.662,0.646,0.651,3689348.66
2025-07-11 01:00:00,0.651,0.672,0.65,0.671,3891075.46
2025-07-11 02:00:00,0.671,0.677,0.668,0.675,2623269.13
2025-07-11 03:00:00,0.674,0.68,0.669,0.675,2203420.07
2025-07-11 04:00:00,0.676,0.685,0.67,0.684,3871363.79
2025-07-11 05:00:00,0.683,0.698,0.683,0.69,5649664.51
2025-07-11 06:00:00,0.69,0.701,0.673,0.673,4368507.22
2025-07-11 07:00:00,0.673,0.678,0.667,0.669,2504139.01
2025-07-11 08:00:00,0.669,0.684,0.668,0.684,2073874.51
2025-07-11 09:00:00,0.684,0.694,0.68,0.685,2466202.39
2025-07-11 10:00:00,0.685,0.688,0.68,0.687,2073267.07
2025-07-11 11:00:00,0.686,0.688,0.678,0.684,1349465.68
2025-07-11 12:00:00,0.683,0.692,0.681,0.692,1422378.41
2025-07-11 13:00:00,0.692,0.695,0.682,0.693,2571771.77
2025-07-11 14:00:00,0.693,0.701,0.687,0.692,3313619.82
2025-07-11 15:00:00,0.692,0.697,0.672,0.675,4370330.2
2025-07-11 16:00:00,0.676,0.687,0.674,0.684,3473074.29
2025-07-11 17:00:00,0.684,0.694,0.683,0.693,2204290.36
2025-07-11 18:00:00,0.693,0.695,0.687,0.692,1244497.24
2025-07-11 19:00:00,0.692,0.696,0.688,0.695,841300.69
2025-07-11 20:00:00,0.694,0.695,0.681,0.682,1055779.1
2025-07-11 21:00:00,0.682,0.684,0.662,0.669,3190250.16
2025-07-11 22:00:00,0.669,0.671,0.646,0.655,4286820.02
2025-07-11 23:00:00,0.656,0.664,0.654,0.659,1042068.7
2025-07-12 00:00:00,0.659,0.663,0.643,0.648,2516723.92
2025-07-12 01:00:00,0.649,0.662,0.648,0.66,2228564.29
2025-07-12 02:00:00,0.659,0.668,0.658,0.66,1210678.6
2025-07-12 03:00:00,0.659,0.666,0.659,0.665,1022921.86
2025-07-12 04:00:00,0.664,0.666,0.646,0.649,1496548.75
2025-07-12 05:00:00,0.649,0.654,0.642,0.65,1147363.44
2025-07-12 06:00:00,0.65,0.657,0.645,0.654,1123980.54
2025-07-12 07:00:00,0.655,0.658,0.651,0.656,1224329.56
2025-07-12 08:00:00,0.655,0.659,0.65,0.653,622091.04
2025-07-12 09:00:00,0.652,0.659,0.649,0.659,833684.97
2025-07-12 10:00:00,0.658,0.66,0.653,0.656,669258.45
2025-07-12 11:00:00,0.657,0.661,0.654,0.657,940819.7
2025-07-12 12:00:00,0.656,0.66,0.616,0.644,4384820.84
2025-07-12 13:00:00,0.644,0.644,0.632,0.643,3006922.74
2025-07-12 14:00:00,0.644,0.649,0.638,0.639,2420895.04
2025-07-12 15:00:00,0.639,0.64,0.624,0.629,3485864.48
2025-07-12 16:00:00,0.629,0.64,0.626,0.633,949436.56
2025-07-12 17:00:00,0.633,0.647,0.632,0.645,833194.46
2025-07-12 18:00:00,0.645,0.647,0.641,0.645,434851.56
2025-07-12 19:00:00,0.644,0.647,0.642,0.646,325089.8
2025-07-12 20:00:00,0.646,0.646,0.635,0.636,571047.57
2025-07-12 21:00:00,0.635,0.647,0.635,0.645,1002821.71
2025-07-12 22:00:00,0.646,0.648,0.639,0.646,536942.84
2025-07-12 23:00:00,0.647,0.65,0.643,0.648,707814.72
2025-07-13 00:00:00,0.649,0.652,0.644,0.647,828039.07
2025-07-13 01:00:00,0.648,0.652,0.645,0.65,640449.74
2025-07-13 02:00:00,0.649,0.651,0.642,0.649,713897.21
2025-07-13 03:00:00,0.649,0.649,0.644,0.648,408228.67
2025-07-13 04:00:00,0.648,0.656,0.643,0.656,712052.03
2025-07-13 05:00:00,0.655,0.657,0.649,0.65,552612.92
2025-07-13 06:00:00,0.65,0.659,0.649,0.653,793278.61
2025-07-13 07:00:00,0.653,0.662,0.65,0.657,1701343.43
2025-07-13 08:00:00,0.657,0.658,0.65,0.653,1166372.63
2025-07-13 09:00:00,0.654,0.656,0.648,0.65,723045.76
2025-07-13 10:00:00,0.651,0.656,0.65,0.652,515428.57
2025-07-13 11:00:00,0.652,0.663,0.652,0.663,750122.04
2025-07-13 12:00:00,0.662,0.669,0.657,0.666,1375322.24
2025-07-13 13:00:00,0.665,0.668,0.659,0.665,1582031.89
2025-07-13 14:00:00,0.665,0.675,0.658,0.662,2013007.32
2025-07-13 15:00:00,0.663,0.674,0.662,0.664,1285301.76
2025-07-13 16:00:00,0.664,0.669,0.657,0.659,771261.54
2025-07-13 17:00:00,0.658,0.665,0.655,0.662,551707.69
2025-07-13 18:00:00,0.662,0.67,0.661,0.666,543448.37
2025-07-13 19:00:00,0.665,0.67,0.663,0.664,571332.81
2025-07-13 20:00:00,0.663,0.67,0.661,0.666,436583.89
2025-07-13 21:00:00,0.666,0.667,0.651,0.655,915051.45
2025-07-13 22:00:00,0.655,0.656,0.648,0.651,906191.2
2025-07-13 23:00:00,0.651,0.656,0.649,0.654,1038453.44
2025-07-14 00:00:00,0.654,0.662,0.651,0.655,650830.52
2025-07-14 01:00:00,0.656,0.667,0.652,0.666,780938.24
2025-07-14 02:00:00,0.666,0.678,0.663,0.671,1874967.06
2025-07-14 03:00:00,0.671,0.69,0.669,0.685,2522622.34
2025-07-14 04:00:00,0.686,0.699,0.681,0.698,2187882.76
2025-07-14 05:00:00,0.699,0.701,0.676,0.685,4534635.19
2025-07-14 06:00:00,0.685,0.686,0.676,0.679,3132743.17
2025-07-14 07:00:00,0.68,0.689,0.679,0.687,1995109.87
2025-07-14 08:00:00,0.687,0.687,0.671,0.678,2103201.21
2025-07-14 09:00:00,0.678,0.687,0.675,0.682,1623418.16
2025-07-14 10:00:00,0.682,0.687,0.673,0.684,1527324.1
2025-07-14 11:00:00,0.684,0.689,0.679,0.681,2128893.26
2025-07-14 12:00:00,0.68,0.684,0.676,0.682,2064897.31
2025-07-14 13:00:00,0.682,0.689,0.678,0.684,2014216.3
2025-07-14 14:00:00,0.684,0.694,0.671,0.679,4293299.55
2025-07-14 15:00:00,0.679,0.68,0.66,0.667,3486490.66
2025-07-14 16:00:00,0.666,0.674,0.66,0.672,2599050.83
2025-07-14 17:00:00,0.671,0.672,0.663,0.666,858028.75
2025-07-14 18:00:00,0.666,0.666,0.653,0.655,713241.99
2025-07-14 19:00:00,0.655,0.658,0.65,0.653,1284922.08
2025-07-14 20:00:00,0.653,0.659,0.644,0.657,1626968.95
2025-07-14 21:00:00,0.656,0.663,0.655,0.661,493747.89
2025-07-14 22:00:00,0.661,0.662,0.654,0.66,1272001.03
2025-07-14 23:00:00,0.659,0.66,0.653,0.658,364996.47
2025-07-15 00:00:00,0.659,0.672,0.65,0.651,2969398.7
2025-07-15 01:00:00,0.651,0.659,0.642,0.651,1633032.16
2025-07-15 02:00:00,0.651,0.655,0.645,0.647,1666374.29
2025-07-15 03:00:00,0.646,0.647,0.633,0.64,1761097.04
2025-07-15 04:00:00,0.64,0.649,0.633,0.646,1601799.93
2025-07-15 05:00:00,0.646,0.648,0.644,0.646,498912.94
2025-07-15 06:00:00,0.646,0.651,0.642,0.647,830767.45
2025-07-15 07:00:00,0.647,0.652,0.641,0.643,580871.17
2025-07-15 08:00:00,0.642,0.646,0.637,0.643,403107.14
2025-07-15 09:00:00,0.643,0.651,0.642,0.646,806864.55
2025-07-15 10:00:00,0.647,0.649,0.644,0.646,621637.98
2025-07-15 11:00:00,0.646,0.651,0.642,0.65,765759.7
2025-07-15 12:00:00,0.649,0.658,0.643,0.656,1735449.2
2025-07-15 13:00:00,0.655,0.672,0.654,0.669,2478127.35
2025-07-15 14:00:00,0.669,0.68,0.646,0.649,4282804.63
2025-07-15 15:00:00,0.649,0.672,0.648,0.67,2123237.84
2025-07-15 16:00:00,0.67,0.68,0.668,0.675,1465320.29
2025-07-15 17:00:00,0.676,0.694,0.671,0.691,1566808.72
2025-07-15 18:00:00,0.692,0.695,0.674,0.68,2707319.77
2025-07-15 19:00:00,0.679,0.686,0.666,0.67,1728962.93
2025-07-15 20:00:00,0.67,0.676,0.665,0.673,1067301.99
2025-07-15 21:00:00,0.672,0.683,0.671,0.681,995675.32
2025-07-15 22:00:00,0.681,0.684,0.677,0.683,1393280.1
2025-07-15 23:00:00,0.684,0.709,0.683,0.706,3723740.64
2025-07-16 00:00:00,0.706,0.716,0.697,0.713,3213919.67
2025-07-16 01:00:00,0.712,0.717,0.706,0.712,2873501.38
2025-07-16 02:00:00,0.711,0.712,0.688,0.692,2016413.98
2025-07-16 03:00:00,0.693,0.699,0.69,0.695,1042106.11
2025-07-16 04:00:00,0.695,0.703,0.687,0.702,1508069.18
2025-07-16 05:00:00,0.702,0.706,0.698,0.701,1729464.7
2025-07-16 06:00:00,0.7,0.708,0.695,0.706,1204122.21
2025-07-16 07:00:00,0.706,0.723,0.704,0.716,2906853.28
2025-07-16 08:00:00,0.716,0.716,0.705,0.708,2043391.54
2025-07-16 09:00:00,0.708,0.714,0.704,0.71,2197315.55
2025-07-16 10:00:00,0.71,0.711,0.702,0.703,1171281.34
2025-07-16 11:00:00,0.704,0.713,0.702,0.711,1253351.41
2025-07-16 12:00:00,0.711,0.721,0.707,0.714,1884148.47
2025-07-16 13:00:00,0.714,0.72,0.708,0.719,2742720.2
2025-07-16 14:00:00,0.718,0.737,0.711,0.73,6075385.74
2025-07-16 15:00:00,0.73,0.733,0.709,0.716,4998890.02
2025-07-16 16:00:00,0.716,0.727,0.71,0.726,3298105.1
2025-07-16 17:00:00,0.726,0.728,0.715,0.721,3334777.87
2025-07-16 18:00:00,0.722,0.729,0.719,0.721,2634717.8
2025-07-16 19:00:00,0.721,0.724,0.715,0.719,1599911.55
2025-07-16 20:00:00,0.72,0.73,0.716,0.72,2201097.62
2025-07-16 21:00:00,0.72,0.729,0.717,0.723,2148365.71
2025-07-16 22:00:00,0.724,0.728,0.711,0.713,2140631.11
2025-07-16 23:00:00,0.713,0.714,0.702,0.706,2602828.2
2025-07-17 00:00:00,0.706,0.721,0.704,0.708,2531251.35
2025-07-17 01:00:00,0.708,0.714,0.69,0.699,3613184.53
2025-07-17 02:00:00,0.699,0.704,0.694,0.7,1644022.78
2025-07-17 03:00:00,0.7,0.7,0.683,0.687,3091304.98
2025-07-17 04:00:00,0.687,0.691,0.684,0.69,1195053.91
2025-07-17 05:00:00,0.69,0.7,0.686,0.7,1174586.12
2025-07-17 06:00:00,0.7,0.713,0.692,0.706,2387795.81
2025-07-17 07:00:00,0.706,0.712,0.696,0.709,3089107.71
2025-07-17 08:00:00,0.71,0.718,0.705,0.714,3138011.66
2025-07-17 09:00:00,0.714,0.73,0.711,0.724,2691590.42
2025-07-17 10:00:00,0.723,0.726,0.713,0.716,2111327.52
2025-07-17 11:00:00,0.717,0.717,0.709,0.711,1195626.19
2025-07-17 12:00:00,0.71,0.721,0.704,0.719,1921113.24
2025-07-17 13:00:00,0.718,0.723,0.698,0.711,2682492.91
2025-07-17 14:00:00,0.71,0.722,0.708,0.717,2552073.04
2025-07-17 15:00:00,0.717,0.719,0.703,0.715,1384915.04
2025-07-17 16:00:00,0.714,0.717,0.69,0.702,3437922.01
2025-07-17 17:00:00,0.702,0.716,0.699,0.714,3224132.77
2025-07-17 18:00:00,0.714,0.717,0.707,0.713,1382742.73
2025-07-17 19:00:00,0.713,0.719,0.7,0.701,971383.85
2025-07-17 20:00:00,0.701,0.703,0.687,0.7,1900403.24
2025-07-17 21:00:00,0.701,0.721,0.7,0.712,2452509.57
2025-07-17 22:00:00,0.712,0.731,0.71,0.722,2150741.77
2025-07-17 23:00:00,0.721,0.731,0.716,0.719,1852431.58
2025-07-18 00:00:00,0.72,0.742,0.714,0.737,2438098.54
2025-07-18 01:00:00,0.737,0.754,0.734,0.749,4980074.41
2025-07-18 02:00:00,0.749,0.753,0.741,0.749,3674072.89
2025-07-18 03:00:00,0.75,0.751,0.743,0.748,1930989.51
2025-07-18 04:00:00,0.749,0.772,0.745,0.771,3158336.2
2025-07-18 05:00:00,0.772,0.796,0.768,0.794,5106268.12
2025-07-18 06:00:00,0.794,0.794,0.775,0.785,4046983.64
2025-07-18 07:00:00,0.785,0.798,0.776,0.777,4781477.36
2025-07-18 08:00:00,0.777,0.787,0.766,0.777,6524592.19
2025-07-18 09:00:00,0.777,0.779,0.766,0.776,7796973.77
2025-07-18 10:00:00,0.776,0.778,0.761,0.778,2575785.25
2025-07-18 11:00:00,0.777,0.786,0.768,0.786,2730117.41
2025-07-18 12:00:00,0.786,0.803,0.781,0.802,3068294.18
2025-07-18 13:00:00,0.803,0.818,0.793,0.807,6702730.14
2025-07-18 14:00:00,0.808,0.821,0.766,0.804,13507844.66
2025-07-18 15:00:00,0.803,0.804,0.772,0.78,5445884.46
2025-07-18 16:00:00,0.78,0.789,0.77,0.776,4617039.54
2025-07-18 17:00:00,0.777,0.782,0.77,0.775,2023579.01
2025-07-18 18:00:00,0.774,0.776,0.759,0.761,2013579.57
2025-07-18 19:00:00,0.761,0.762,0.747,0.752,3684318.18
2025-07-18 20:00:00,0.753,0.753,0.726,0.739,4022326.81
2025-07-18 21:00:00,0.738,0.756,0.738,0.749,2410348.34
2025-07-18 22:00:00,0.749,0.757,0.741,0.742,1689134.5
2025-07-18 23:00:00,0.742,0.749,0.733,0.749,1410285.33
2025-07-19 00:00:00,0.748,0.752,0.729,0.73,1486922.08
2025-07-19 01:00:00,0.73,0.743,0.722,0.739,1947407.92
2025-07-19 02:00:00,0.739,0.756,0.733,0.754,1899337.77
2025-07-19 03:00:00,0.755,0.782,0.754,0.78,3131774.96
2025-07-19 04:00:00,0.779,0.791,0.766,0.771,4051687.72
2025-07-19 05:00:00,0.771,0.774,0.762,0.765,1189100.17
2025-07-19 06:00:00,0.764,0.767,0.757,0.761,689403.52
2025-07-19 07:00:00,0.761,0.766,0.752,0.753,1053049.71
2025-07-19 08:00:00,0.753,0.754,0.744,0.749,1005380.46
2025-07-19 09:00:00,0.748,0.751,0.742,0.745,952652.99
2025-07-19 10:00:00,0.746,0.751,0.741,0.744,1181556.63
2025-07-19 11:00:00,0.744,0.748,0.737,0.74,1397669.8
2025-07-19 12:00:00,0.739,0.747,0.736,0.745,877916.28
2025-07-19 13:00:00,0.745,0.746,0.737,0.74,573324.35
2025-07-19 14:00:00,0.74,0.741,0.726,0.728,1710491.31
2025-07-19 15:00:00,0.728,0.741,0.728,0.736,1714120.83
2025-07-19 16:00:00,0.736,0.746,0.731,0.739,1192296.65
2025-07-19 17:00:00,0.74,0.741,0.73,0.734,516465.19
2025-07-19 18:00:00,0.734,0.743,0.733,0.74,617751.6
2025-07-19 19:00:00,0.74,0.761,0.739,0.758,1441345.4
2025-07-19 20:00:00,0.757,0.764,0.753,0.756,2515830.49
2025-07-19 21:00:00,0.756,0.759,0.745,0.755,1264535.12
2025-07-19 22:00:00,0.755,0.763,0.752,0.755,978029.1
2025-07-19 23:00:00,0.755,0.766,0.755,0.763,620576.99
2025-07-20 00:00:00,0.763,0.765,0.753,0.754,1317849.61
2025-07-20 01:00:00,0.754,0.766,0.753,0.754,1223072.43
2025-07-20 02:00:00,0.753,0.765,0.751,0.759,875284.86
2025-07-20 03:00:00,0.76,0.777,0.757,0.766,1565764.0
2025-07-20 04:00:00,0.766,0.779,0.759,0.765,1745285.9
2025-07-20 05:00:00,0.765,0.774,0.76,0.772,1524183.35
2025-07-20 06:00:00,0.772,0.776,0.764,0.765,1208214.92
2025-07-20 07:00:00,0.765,0.777,0.765,0.769,1164397.23
2025-07-20 08:00:00,0.769,0.783,0.769,0.779,2272380.44
2025-07-20 09:00:00,0.779,0.788,0.772,0.778,2504742.53
2025-07-20 10:00:00,0.778,0.784,0.769,0.771,1503195.16
2025-07-20 11:00:00,0.771,0.789,0.769,0.784,1642552.26
2025-07-20 12:00:00,0.785,0.788,0.778,0.785,1342661.84
2025-07-20 13:00:00,0.785,0.792,0.781,0.79,1409384.98
2025-07-20 14:00:00,0.789,0.789,0.775,0.783,1587975.44
2025-07-20 15:00:00,0.783,0.798,0.78,0.797,2221877.19
2025-07-20 16:00:00,0.796,0.813,0.793,0.808,4428767.62
2025-07-20 17:00:00,0.807,0.81,0.788,0.788,4225452.91
2025-07-20 18:00:00,0.789,0.798,0.785,0.796,1389762.97
2025-07-20 19:00:00,0.796,0.804,0.793,0.794,1123749.02
2025-07-20 20:00:00,0.794,0.799,0.786,0.792,794421.85
2025-07-20 21:00:00,0.793,0.8,0.782,0.799,1086037.63
2025-07-20 22:00:00,0.799,0.8,0.772,0.786,5033155.98
2025-07-20 23:00:00,0.785,0.792,0.778,0.784,1747833.34
2025-07-21 00:00:00,0.784,0.786,0.768,0.78,2144441.65
2025-07-21 01:00:00,0.78,0.784,0.763,0.773,1875408.74
2025-07-21 02:00:00,0.773,0.787,0.772,0.786,1067310.24
2025-07-21 03:00:00,0.787,0.798,0.785,0.797,1457665.17
2025-07-21 04:00:00,0.796,0.798,0.788,0.791,957532.41
2025-07-21 05:00:00,0.791,0.795,0.783,0.795,1072297.31
2025-07-21 06:00:00,0.794,0.805,0.791,0.796,2037179.54
2025-07-21 07:00:00,0.796,0.803,0.792,0.794,1563854.64
2025-07-21 08:00:00,0.795,0.803,0.788,0.793,2715434.67
2025-07-21 09:00:00,0.794,0.794,0.786,0.791,1443901.0
2025-07-21 10:00:00,0.791,0.802,0.783,0.801,1873090.69
2025-07-21 11:00:00,0.8,0.809,0.798,0.8,2031000.89
2025-07-21 12:00:00,0.801,0.805,0.793,0.799,1881207.73
2025-07-21 13:00:00,0.799,0.814,0.789,0.809,2829789.69
2025-07-21 14:00:00,0.81,0.818,0.801,0.811,3931030.62
2025-07-21 15:00:00,0.81,0.822,0.8,0.803,3400474.47
2025-07-21 16:00:00,0.803,0.805,0.774,0.784,4718631.32
2025-07-21 17:00:00,0.784,0.791,0.779,0.789,1551730.94
2025-07-21 18:00:00,0.789,0.8,0.781,0.783,1797635.32
2025-07-21 19:00:00,0.782,0.79,0.771,0.779,1601238.16
2025-07-21 20:00:00,0.779,0.788,0.775,0.782,2318796.94
2025-07-21 21:00:00,0.781,0.792,0.778,0.788,813538.62
2025-07-21 22:00:00,0.788,0.803,0.788,0.798,1327438.24
2025-07-21 23:00:00,0.798,0.809,0.792,0.807,1106991.17
2025-07-22 00:00:00,0.807,0.808,0.789,0.79,1664500.92
2025-07-22 01:00:00,0.791,0.812,0.767,0.807,5266120.73
2025-07-22 02:00:00,0.807,0.808,0.779,0.783,2817505.46
2025-07-22 03:00:00,0.783,0.786,0.769,0.777,2546811.34
2025-07-22 04:00:00,0.776,0.778,0.751,0.752,5333147.34
2025-07-22 05:00:00,0.751,0.768,0.751,0.759,3157033.05
2025-07-22 06:00:00,0.76,0.767,0.755,0.76,1524334.41
2025-07-22 07:00:00,0.76,0.771,0.755,0.757,1648456.98
2025-07-22 08:00:00,0.757,0.758,0.736,0.747,3401023.18
2025-07-22 09:00:00,0.747,0.753,0.734,0.75,2051813.79
2025-07-22 10:00:00,0.75,0.767,0.747,0.767,2197662.58
2025-07-22 11:00:00,0.767,0.769,0.756,0.765,1942442.25
2025-07-22 12:00:00,0.764,0.766,0.757,0.76,1370569.15
2025-07-22 13:00:00,0.761,0.773,0.752,0.758,3222070.52
2025-07-22 14:00:00,0.758,0.791,0.748,0.791,3982997.81
2025-07-22 15:00:00,0.791,0.804,0.79,0.8,6270278.77
2025-07-22 16:00:00,0.8,0.814,0.795,0.798,3889703.04
2025-07-22 17:00:00,0.798,0.801,0.779,0.782,2577772.27
2025-07-22 18:00:00,0.781,0.796,0.773,0.789,2309242.82
2025-07-22 19:00:00,0.789,0.791,0.774,0.778,1752537.88
2025-07-22 20:00:00,0.777,0.793,0.775,0.79,1391798.68
2025-07-22 21:00:00,0.791,0.795,0.784,0.792,691980.71
2025-07-22 22:00:00,0.792,0.797,0.79,0.793,940525.44
2025-07-22 23:00:00,0.793,0.802,0.792,0.801,1138060.46
2025-07-23 00:00:00,0.801,0.803,0.783,0.784,2162477.03
2025-07-23 01:00:00,0.784,0.792,0.779,0.786,1004543.07
2025-07-23 02:00:00,0.787,0.791,0.781,0.786,947913.28
2025-07-23 03:00:00,0.786,0.793,0.781,0.785,701360.66
2025-07-23 04:00:00,0.785,0.798,0.784,0.798,701180.24
2025-07-23 05:00:00,0.798,0.799,0.791,0.792,504771.66
2025-07-23 06:00:00,0.792,0.794,0.774,0.779,1462029.07
2025-07-23 07:00:00,0.779,0.785,0.762,0.766,2669312.04
2025-07-23 08:00:00,0.766,0.772,0.763,0.77,1410368.56
2025-07-23 09:00:00,0.771,0.772,0.752,0.754,1651643.29
2025-07-23 10:00:00,0.753,0.754,0.746,0.754,1430457.24
2025-07-23 11:00:00,0.753,0.756,0.747,0.753,1343352.06
2025-07-23 12:00:00,0.752,0.756,0.736,0.739,2154340.2
2025-07-23 13:00:00,0.738,0.742,0.709,0.716,11195640.4
2025-07-23 14:00:00,0.716,0.728,0.714,0.725,4496055.78
2025-07-23 15:00:00,0.725,0.729,0.713,0.726,2752637.6
2025-07-23 16:00:00,0.725,0.725,0.702,0.704,3661638.32
2025-07-23 17:00:00,0.704,0.707,0.69,0.702,5018371.99
2025-07-23 18:00:00,0.702,0.71,0.7,0.71,1466666.3
2025-07-23 19:00:00,0.71,0.71,0.702,0.702,1069562.42
2025-07-23 20:00:00,0.702,0.707,0.679,0.691,4395634.2
2025-07-23 21:00:00,0.691,0.694,0.67,0.686,3261033.84
2025-07-23 22:00:00,0.686,0.694,0.68,0.689,1855171.1
2025-07-23 23:00:00,0.689,0.695,0.688,0.69,1213171.47
2025-07-24 00:00:00,0.69,0.706,0.685,0.704,1911582.17
2025-07-24 01:00:00,0.705,0.706,0.695,0.705,1135923.75
2025-07-24 02:00:00,0.705,0.707,0.699,0.701,1543591.08
2025-07-24 03:00:00,0.701,0.708,0.696,0.696,1300468.09
2025-07-24 04:00:00,0.697,0.7,0.683,0.685,1671685.14
2025-07-24 05:00:00,0.685,0.686,0.658,0.661,5088942.57
2025-07-24 06:00:00,0.661,0.678,0.648,0.659,5677269.45
2025-07-24 07:00:00,0.659,0.673,0.651,0.673,3556517.28
2025-07-24 08:00:00,0.673,0.685,0.667,0.682,1974183.37
2025-07-24 09:00:00,0.682,0.686,0.676,0.68,1723795.73
2025-07-24 10:00:00,0.68,0.686,0.669,0.68,2411290.12
2025-07-24 11:00:00,0.679,0.699,0.679,0.695,2522069.31
2025-07-24 12:00:00,0.696,0.699,0.689,0.692,1956740.98
2025-07-24 13:00:00,0.692,0.7,0.688,0.689,1993279.74
2025-07-24 14:00:00,0.69,0.725,0.683,0.724,3197641.33
2025-07-24 15:00:00,0.724,0.731,0.714,0.716,4769933.67
2025-07-24 16:00:00,0.717,0.718,0.693,0.698,2544727.96
2025-07-24 17:00:00,0.698,0.719,0.696,0.713,1209896.86
2025-07-24 18:00:00,0.713,0.716,0.706,0.714,1347014.73
2025-07-24 19:00:00,0.713,0.719,0.709,0.71,1205219.14
2025-07-24 20:00:00,0.71,0.721,0.71,0.719,870068.37
2025-07-24 21:00:00,0.719,0.72,0.706,0.708,651660.34
2025-07-24 22:00:00,0.708,0.709,0.695,0.706,1666364.63
2025-07-24 23:00:00,0.705,0.705,0.69,0.692,1371900.59
2025-07-25 00:00:00,0.693,0.693,0.68,0.685,1824923.37
2025-07-25 01:00:00,0.684,0.694,0.677,0.69,2046038.84
2025-07-25 02:00:00,0.691,0.694,0.675,0.678,2176651.69
2025-07-25 03:00:00,0.678,0.683,0.664,0.674,3016878.1
2025-07-25 04:00:00,0.674,0.688,0.667,0.688,1990150.18
2025-07-25 05:00:00,0.688,0.69,0.679,0.679,1137644.75
2025-07-25 06:00:00,0.68,0.687,0.673,0.681,1070853.6
2025-07-25 07:00:00,0.681,0.692,0.673,0.682,2146951.05
2025-07-25 08:00:00,0.682,0.696,0.681,0.693,1914618.89
2025-07-25 09:00:00,0.693,0.715,0.69,0.715,2555812.14
2025-07-25 10:00:00,0.714,0.72,0.709,0.713,1592533.66
2025-07-25 11:00:00,0.713,0.718,0.71,0.714,1669082.95
2025-07-25 12:00:00,0.714,0.718,0.707,0.712,2454309.58
2025-07-25 13:00:00,0.712,0.717,0.706,0.714,1788115.68
2025-07-25 14:00:00,0.715,0.716,0.688,0.689,3517284.55
2025-07-25 15:00:00,0.689,0.698,0.678,0.69,3081612.95
2025-07-25 16:00:00,0.69,0.698,0.683,0.696,1980130.67
2025-07-25 17:00:00,0.695,0.7,0.687,0.689,1283441.56
2025-07-25 18:00:00,0.689,0.694,0.688,0.69,775364.06
2025-07-25 19:00:00,0.691,0.702,0.689,0.693,979996.76
2025-07-25 20:00:00,0.693,0.714,0.692,0.711,955525.99
2025-07-25 21:00:00,0.711,0.722,0.711,0.72,1092085.39
2025-07-25 22:00:00,0.72,0.724,0.718,0.721,966314.73
2025-07-25 23:00:00,0.721,0.721,0.717,0.72,567649.74
2025-07-26 00:00:00,0.719,0.723,0.717,0.72,527302.22
2025-07-26 01:00:00,0.72,0.722,0.716,0.716,574981.35
2025-07-26 02:00:00,0.716,0.73,0.716,0.723,1002890.81
2025-07-26 03:00:00,0.724,0.728,0.718,0.727,932979.51
2025-07-26 04:00:00,0.726,0.728,0.721,0.722,439739.51
2025-07-26 05:00:00,0.721,0.724,0.719,0.722,387568.91
2025-07-26 06:00:00,0.722,0.722,0.717,0.719,448646.49
2025-07-26 07:00:00,0.719,0.724,0.719,0.722,281061.05
2025-07-26 08:00:00,0.721,0.728,0.72,0.723,602646.63
2025-07-26 09:00:00,0.723,0.724,0.719,0.722,308575.25
2025-07-26 10:00:00,0.723,0.725,0.721,0.721,669544.7
2025-07-26 11:00:00,0.722,0.726,0.718,0.719,598352.63
2025-07-26 12:00:00,0.719,0.722,0.714,0.721,669387.54
2025-07-26 13:00:00,0.722,0.729,0.719,0.724,439904.68
2025-07-26 14:00:00,0.724,0.727,0.72,0.722,698996.81
2025-07-26 15:00:00,0.722,0.73,0.72,0.73,754201.24
2025-07-26 16:00:00,0.73,0.734,0.722,0.723,1850247.7
2025-07-26 17:00:00,0.724,0.724,0.717,0.719,569527.8
2025-07-26 18:00:00,0.719,0.73,0.715,0.728,636996.2
2025-07-26 19:00:00,0.728,0.733,0.728,0.732,386159.1
2025-07-26 20:00:00,0.732,0.733,0.728,0.728,291375.63
2025-07-26 21:00:00,0.728,0.731,0.724,0.731,337142.67
2025-07-26 22:00:00,0.73,0.737,0.724,0.725,805260.21
2025-07-26 23:00:00,0.725,0.727,0.721,0.722,825391.73
2025-07-27 00:00:00,0.723,0.725,0.719,0.725,666279.79
2025-07-27 01:00:00,0.726,0.733,0.722,0.728,697569.98
2025-07-27 02:00:00,0.727,0.74,0.726,0.736,954953.58
2025-07-27 03:00:00,0.736,0.737,0.729,0.729,400922.96
2025-07-27 04:00:00,0.729,0.736,0.729,0.735,323741.67
2025-07-27 05:00:00,0.735,0.742,0.734,0.736,1029522.8
2025-07-27 06:00:00,0.737,0.737,0.729,0.731,699960.03
2025-07-27 07:00:00,0.732,0.736,0.724,0.726,792257.22
2025-07-27 08:00:00,0.726,0.728,0.721,0.723,646689.9
2025-07-27 09:00:00,0.723,0.723,0.716,0.717,941930.63
2025-07-27 10:00:00,0.718,0.735,0.717,0.732,899896.58
2025-07-27 11:00:00,0.732,0.735,0.722,0.723,979236.71
2025-07-27 12:00:00,0.724,0.734,0.719,0.733,1115108.28
2025-07-27 13:00:00,0.733,0.738,0.726,0.727,747558.86
2025-07-27 14:00:00,0.726,0.734,0.723,0.727,709449.11
2025-07-27 15:00:00,0.726,0.729,0.721,0.728,776034.83
2025-07-27 16:00:00,0.728,0.743,0.728,0.73,1788558.53
2025-07-27 17:00:00,0.73,0.732,0.723,0.731,888849.0
2025-07-27 18:00:00,0.731,0.737,0.728,0.733,1626122.7
2025-07-27 19:00:00,0.732,0.733,0.726,0.73,952754.48
2025-07-27 20:00:00,0.73,0.735,0.729,0.731,1075998.34
2025-07-27 21:00:00,0.731,0.737,0.725,0.736,782039.99
2025-07-27 22:00:00,0.737,0.751,0.737,0.746,1435275.58
2025-07-27 23:00:00,0.746,0.746,0.735,0.743,899018.23
2025-07-28 00:00:00,0.742,0.761,0.739,0.742,3448574.14
2025-07-28 01:00:00,0.741,0.742,0.729,0.732,1751750.73
2025-07-28 02:00:00,0.731,0.754,0.729,0.747,1678239.13
2025-07-28 03:00:00,0.747,0.75,0.741,0.746,1021080.42
2025-07-28 04:00:00,0.746,0.858,0.738,0.81,42797307.48
2025-07-28 05:00:00,0.81,0.849,0.807,0.809,30354633.95
2025-07-28 06:00:00,0.809,0.823,0.802,0.817,17207063.49
2025-07-28 07:00:00,0.818,0.843,0.808,0.822,26560244.81
2025-07-28 08:00:00,0.823,0.825,0.801,0.825,9009900.82
2025-07-28 09:00:00,0.824,0.873,0.823,0.826,21702017.36
2025-07-28 10:00:00,0.826,0.832,0.815,0.829,4671195.03
2025-07-28 11:00:00,0.829,0.835,0.817,0.821,3619987.03
2025-07-28 12:00:00,0.821,0.823,0.809,0.813,4384842.82
2025-07-28 13:00:00,0.813,0.818,0.798,0.804,5400665.69
2025-07-28 14:00:00,0.804,0.805,0.78,0.791,8481420.38
2025-07-28 15:00:00,0.792,0.804,0.786,0.792,4395789.15
2025-07-28 16:00:00,0.791,0.799,0.785,0.792,5307969.44
2025-07-28 17:00:00,0.792,0.803,0.787,0.795,4126960.62
2025-07-28 18:00:00,0.796,0.805,0.787,0.789,5517062.82
2025-07-28 19:00:00,0.789,0.793,0.769,0.775,3834477.23
2025-07-28 20:00:00,0.774,0.775,0.757,0.764,2834814.76
2025-07-28 21:00:00,0.763,0.765,0.752,0.758,2327100.63
2025-07-28 22:00:00,0.758,0.763,0.745,0.751,1737605.23
2025-07-28 23:00:00,0.751,0.759,0.749,0.759,2181697.33
2025-07-29 00:00:00,0.759,0.759,0.728,0.738,5731208.79
2025-07-29 01:00:00,0.738,0.746,0.733,0.733,2091920.02
2025-07-29 02:00:00,0.733,0.735,0.724,0.727,2471851.62
2025-07-29 03:00:00,0.727,0.752,0.726,0.75,3803844.79
2025-07-29 04:00:00,0.75,0.757,0.743,0.744,2062432.4
2025-07-29 05:00:00,0.743,0.786,0.743,0.784,4195671.35
2025-07-29 06:00:00,0.783,0.787,0.771,0.783,3804267.13
2025-07-29 07:00:00,0.784,0.787,0.774,0.781,3047151.41
2025-07-29 08:00:00,0.782,0.782,0.767,0.774,2600402.36
2025-07-29 09:00:00,0.775,0.777,0.762,0.767,1991286.68
2025-07-29 10:00:00,0.767,0.768,0.751,0.754,2870526.89
2025-07-29 11:00:00,0.753,0.759,0.752,0.756,966049.5
2025-07-29 12:00:00,0.755,0.773,0.755,0.766,1906203.19
2025-07-29 13:00:00,0.766,0.771,0.753,0.753,1890163.04
2025-07-29 14:00:00,0.755,0.755,0.724,0.729,4015385.1
2025-07-29 15:00:00,0.728,0.735,0.722,0.732,3171400.64
2025-07-29 16:00:00,0.733,0.734,0.714,0.725,3184395.6
2025-07-29 17:00:00,0.725,0.734,0.72,0.721,2718802.85
2025-07-29 18:00:00,0.721,0.728,0.718,0.725,890501.24
2025-07-29 19:00:00,0.725,0.73,0.717,0.72,1412166.76
2025-07-29 20:00:00,0.72,0.727,0.711,0.716,1986295.03
2025-07-29 21:00:00,0.717,0.729,0.713,0.726,901841.75
2025-07-29 22:00:00,0.726,0.733,0.72,0.73,1607808.88
2025-07-29 23:00:00,0.731,0.735,0.722,0.726,2815068.51
2025-07-30 00:00:00,0.726,0.727,0.712,0.718,1389277.0
2025-07-30 01:00:00,0.717,0.728,0.709,0.72,1630947.34
2025-07-30 02:00:00,0.72,0.727,0.716,0.724,1079743.54
2025-07-30 03:00:00,0.724,0.727,0.719,0.719,977278.7
2025-07-30 04:00:00,0.72,0.725,0.713,0.714,1921798.68
2025-07-30 05:00:00,0.714,0.723,0.711,0.719,2007385.12
2025-07-30 06:00:00,0.72,0.722,0.715,0.718,868497.75
2025-07-30 07:00:00,0.719,0.722,0.709,0.712,1304039.08
2025-07-30 08:00:00,0.712,0.718,0.706,0.714,1495011.16
2025-07-30 09:00:00,0.714,0.716,0.702,0.705,1391825.39
2025-07-30 10:00:00,0.705,0.71,0.695,0.697,1331940.52
2025-07-30 11:00:00,0.697,0.702,0.68,0.684,3559562.36
2025-07-30 12:00:00,0.684,0.695,0.679,0.688,2217287.41
2025-07-30 13:00:00,0.688,0.691,0.683,0.687,2009380.96
2025-07-30 14:00:00,0.687,0.706,0.683,0.703,2281944.56
2025-07-30 15:00:00,0.704,0.705,0.691,0.697,1790259.32
2025-07-30 16:00:00,0.698,0.712,0.695,0.707,2178525.77
2025-07-30 17:00:00,0.707,0.713,0.703,0.713,1460241.44
2025-07-30 18:00:00,0.713,0.718,0.694,0.695,3811944.09
2025-07-30 19:00:00,0.695,0.705,0.667,0.702,7269766.48
2025-07-30 20:00:00,0.701,0.712,0.699,0.703,2141142.46
2025-07-30 21:00:00,0.703,0.708,0.692,0.699,911119.35
2025-07-30 22:00:00,0.699,0.7,0.692,0.696,541012.26
2025-07-30 23:00:00,0.695,0.709,0.695,0.706,1166514.37
2025-07-31 00:00:00,0.706,0.715,0.701,0.714,1169257.14
2025-07-31 01:00:00,0.714,0.718,0.71,0.713,705995.51
2025-07-31 02:00:00,0.712,0.717,0.709,0.716,734424.46
2025-07-31 03:00:00,0.715,0.72,0.713,0.718,484644.1
2025-07-31 04:00:00,0.718,0.722,0.716,0.721,635072.19
2025-07-31 05:00:00,0.721,0.723,0.719,0.723,830610.95
2025-07-31 06:00:00,0.722,0.728,0.719,0.727,831716.24
2025-07-31 07:00:00,0.727,0.728,0.72,0.724,985578.05
2025-07-31 08:00:00,0.725,0.73,0.722,0.724,1467428.78
2025-07-31 09:00:00,0.724,0.728,0.721,0.726,778010.42
2025-07-31 10:00:00,0.726,0.727,0.72,0.721,754026.51
2025-07-31 11:00:00,0.72,0.722,0.713,0.717,1012407.65
2025-07-31 12:00:00,0.717,0.718,0.706,0.709,1351051.92
2025-07-31 13:00:00,0.709,0.709,0.691,0.697,2135700.36
2025-07-31 14:00:00,0.697,0.699,0.68,0.684,2763358.51
2025-07-31 15:00:00,0.684,0.698,0.683,0.693,1258629.78
2025-07-31 16:00:00,0.693,0.711,0.691,0.704,1651685.71
2025-07-31 17:00:00,0.705,0.705,0.691,0.693,1381203.91
2025-07-31 18:00:00,0.694,0.697,0.685,0.691,975994.46
2025-07-31 19:00:00,0.692,0.694,0.684,0.686,1765113.55
2025-07-31 20:00:00,0.686,0.689,0.68,0.683,1377868.09
2025-07-31 21:00:00,0.683,0.689,0.673,0.681,760341.7
2025-07-31 22:00:00,0.68,0.68,0.666,0.67,1445656.34
2025-07-31 23:00:00,0.669,0.675,0.661,0.667,2739329.06
2025-08-01 00:00:00,0.667,0.671,0.646,0.663,4299346.69
2025-08-01 01:00:00,0.663,0.667,0.653,0.66,1693914.77
2025-08-01 02:00:00,0.66,0.672,0.658,0.67,1388380.96
2025-08-01 03:00:00,0.67,0.673,0.665,0.667,913003.36
2025-08-01 04:00:00,0.667,0.667,0.66,0.661,1324749.2
2025-08-01 05:00:00,0.66,0.664,0.652,0.656,1166606.67
2025-08-01 06:00:00,0.655,0.658,0.649,0.657,1405845.0
2025-08-01 07:00:00,0.657,0.66,0.65,0.654,974098.28
2025-08-01 08:00:00,0.654,0.654,0.637,0.648,2522296.03
2025-08-01 09:00:00,0.647,0.657,0.647,0.648,1316509.7
2025-08-01 10:00:00,0.647,0.654,0.647,0.653,798232.52
2025-08-01 11:00:00,0.653,0.657,0.649,0.657,895465.01
2025-08-01 12:00:00,0.656,0.666,0.653,0.658,2370170.17
2025-08-01 13:00:00,0.658,0.663,0.637,0.644,3249534.15
2025-08-01 14:00:00,0.643,0.665,0.639,0.661,1960351.26
2025-08-01 15:00:00,0.662,0.663,0.649,0.66,1562555.37
2025-08-01 16:00:00,0.659,0.664,0.649,0.65,1085445.04
2025-08-01 17:00:00,0.651,0.656,0.644,0.645,1619469.8
2025-08-01 18:00:00,0.645,0.655,0.639,0.648,3287125.54
2025-08-01 19:00:00,0.648,0.661,0.647,0.661,1644999.04
2025-08-01 20:00:00,0.661,0.663,0.643,0.657,1866467.19
2025-08-01 21:00:00,0.657,0.662,0.655,0.655,1564108.68
2025-08-01 22:00:00,0.656,0.657,0.622,0.638,6857878.83
2025-08-01 23:00:00,0.638,0.651,0.636,0.648,1103437.83
2025-08-02 00:00:00,0.648,0.654,0.646,0.653,2631847.62
2025-08-02 01:00:00,0.654,0.654,0.648,0.653,480041.17
2025-08-02 02:00:00,0.654,0.655,0.65,0.651,366908.04
2025-08-02 03:00:00,0.652,0.653,0.65,0.652,310047.84
2025-08-02 04:00:00,0.652,0.655,0.65,0.653,350066.56
2025-08-02 05:00:00,0.654,0.654,0.65,0.651,250669.31
2025-08-02 06:00:00,0.651,0.651,0.631,0.637,1764874.22
2025-08-02 07:00:00,0.637,0.649,0.63,0.648,2147935.83
2025-08-02 08:00:00,0.647,0.648,0.635,0.636,782203.64
2025-08-02 09:00:00,0.636,0.639,0.633,0.637,1311187.43
2025-08-02 10:00:00,0.637,0.637,0.628,0.636,995082.95
2025-08-02 11:00:00,0.636,0.643,0.632,0.639,894123.94
2025-08-02 12:00:00,0.639,0.64,0.633,0.639,877551.98
2025-08-02 13:00:00,0.639,0.641,0.633,0.639,861372.68
2025-08-02 14:00:00,0.639,0.64,0.626,0.63,1219467.61
2025-08-02 15:00:00,0.63,0.637,0.625,0.629,1327317.76
2025-08-02 16:00:00,0.629,0.638,0.624,0.633,1765668.46
2025-08-02 17:00:00,0.633,0.639,0.62,0.624,1903439.92
2025-08-02 18:00:00,0.624,0.627,0.614,0.618,2313481.62
2025-08-02 19:00:00,0.619,0.633,0.615,0.625,1278021.74
2025-08-02 20:00:00,0.625,0.632,0.625,0.632,861489.26
2025-08-02 21:00:00,0.633,0.636,0.627,0.631,1048038.4
2025-08-02 22:00:00,0.631,0.637,0.628,0.635,798930.56
2025-08-02 23:00:00,0.635,0.636,0.626,0.632,872432.85
2025-08-03 00:00:00,0.631,0.638,0.623,0.637,1348836.02
2025-08-03 01:00:00,0.637,0.639,0.634,0.636,595892.45
2025-08-03 02:00:00,0.636,0.643,0.636,0.643,1142764.74
2025-08-03 03:00:00,0.642,0.643,0.64,0.64,631778.78
2025-08-03 04:00:00,0.641,0.642,0.637,0.641,368776.26
2025-08-03 05:00:00,0.642,0.643,0.64,0.642,788146.64
2025-08-03 06:00:00,0.643,0.643,0.64,0.641,414077.51
2025-08-03 07:00:00,0.641,0.644,0.641,0.642,986366.49
2025-08-03 08:00:00,0.642,0.645,0.641,0.643,521457.45
2025-08-03 09:00:00,0.644,0.647,0.642,0.646,441748.74
2025-08-03 10:00:00,0.646,0.65,0.646,0.648,614831.68
2025-08-03 11:00:00,0.648,0.653,0.647,0.649,1052957.35
2025-08-03 12:00:00,0.649,0.653,0.646,0.651,909303.56
2025-08-03 13:00:00,0.651,0.652,0.647,0.649,579181.75
2025-08-03 14:00:00,0.65,0.652,0.646,0.649,1323124.36
2025-08-03 15:00:00,0.65,0.651,0.647,0.651,695683.32
2025-08-03 16:00:00,0.65,0.653,0.648,0.652,481037.37
2025-08-03 17:00:00,0.652,0.653,0.648,0.65,625418.52
2025-08-03 18:00:00,0.65,0.653,0.648,0.652,322980.25
2025-08-03 19:00:00,0.652,0.657,0.651,0.652,461761.8
2025-08-03 20:00:00,0.652,0.654,0.65,0.653,320218.89
2025-08-03 21:00:00,0.653,0.656,0.652,0.655,376707.52
2025-08-03 22:00:00,0.655,0.658,0.651,0.655,390339.78
2025-08-03 23:00:00,0.655,0.66,0.654,0.656,615438.16
2025-08-04 00:00:00,0.657,0.67,0.655,0.669,1908793.04
2025-08-04 01:00:00,0.669,0.671,0.662,0.665,1091409.14
2025-08-04 02:00:00,0.664,0.67,0.661,0.669,933745.18
2025-08-04 03:00:00,0.669,0.669,0.664,0.667,1235453.94
2025-08-04 04:00:00,0.667,0.669,0.662,0.663,891942.52
2025-08-04 05:00:00,0.664,0.672,0.663,0.67,714498.87
2025-08-04 06:00:00,0.669,0.673,0.664,0.667,1363065.72
2025-08-04 07:00:00,0.667,0.67,0.666,0.668,650849.5
2025-08-04 08:00:00,0.668,0.671,0.665,0.668,1035774.46
2025-08-04 09:00:00,0.668,0.669,0.664,0.665,1963605.11
2025-08-04 10:00:00,0.664,0.668,0.663,0.666,594757.31
2025-08-04 11:00:00,0.666,0.667,0.663,0.665,581926.06
2025-08-04 12:00:00,0.665,0.67,0.664,0.669,473264.21
2025-08-04 13:00:00,0.669,0.679,0.666,0.679,2927947.83
2025-08-04 14:00:00,0.679,0.688,0.678,0.685,2890098.28
2025-08-04 15:00:00,0.685,0.692,0.683,0.692,1629583.07
2025-08-04 16:00:00,0.692,0.708,0.689,0.707,2551983.25
2025-08-04 17:00:00,0.707,0.716,0.705,0.712,2703134.04
2025-08-04 18:00:00,0.712,0.714,0.7,0.703,1168082.01
2025-08-04 19:00:00,0.703,0.703,0.696,0.697,571709.49
2025-08-04 20:00:00,0.698,0.706,0.697,0.703,666756.26
2025-08-04 21:00:00,0.703,0.711,0.702,0.71,645758.13
2025-08-04 22:00:00,0.71,0.715,0.708,0.712,1090604.91
2025-08-04 23:00:00,0.712,0.713,0.703,0.704,854091.37
2025-08-05 00:00:00,0.705,0.706,0.701,0.701,910273.71
2025-08-05 01:00:00,0.701,0.706,0.7,0.7,698704.99
2025-08-05 02:00:00,0.7,0.703,0.696,0.698,787358.8
2025-08-05 03:00:00,0.698,0.699,0.688,0.69,1109740.48
2025-08-05 04:00:00,0.69,0.692,0.683,0.684,995438.9
2025-08-05 05:00:00,0.684,0.69,0.684,0.689,590260.86
2025-08-05 06:00:00,0.689,0.691,0.681,0.682,626055.63
2025-08-05 07:00:00,0.681,0.683,0.668,0.671,1890898.09
2025-08-05 08:00:00,0.671,0.679,0.67,0.677,1253336.57
2025-08-05 09:00:00,0.678,0.688,0.678,0.686,1223185.66
2025-08-05 10:00:00,0.686,0.693,0.682,0.692,1214759.07
2025-08-05 11:00:00,0.692,0.694,0.689,0.689,845200.1
2025-08-05 12:00:00,0.69,0.691,0.676,0.682,1884123.22
2025-08-05 13:00:00,0.682,0.686,0.679,0.685,1404372.88
2025-08-05 14:00:00,0.684,0.684,0.667,0.671,3270224.8
2025-08-05 15:00:00,0.671,0.675,0.662,0.665,2387007.31
2025-08-05 16:00:00,0.665,0.671,0.662,0.665,2287018.35
2025-08-05 17:00:00,0.666,0.672,0.664,0.67,1060867.31
2025-08-05 18:00:00,0.669,0.672,0.662,0.665,2967469.47
2025-08-05 19:00:00,0.665,0.668,0.658,0.66,870994.93
2025-08-05 20:00:00,0.659,0.666,0.659,0.66,668263.15
2025-08-05 21:00:00,0.66,0.663,0.655,0.655,618452.56
2025-08-05 22:00:00,0.655,0.658,0.642,0.656,2714574.97
2025-08-05 23:00:00,0.655,0.665,0.655,0.661,1266796.88
2025-08-06 00:00:00,0.661,0.662,0.647,0.649,2059148.43
2025-08-06 01:00:00,0.648,0.65,0.644,0.65,1341228.73
2025-08-06 02:00:00,0.649,0.652,0.644,0.648,790042.48
2025-08-06 03:00:00,0.647,0.649,0.643,0.645,617821.99
2025-08-06 04:00:00,0.645,0.647,0.641,0.647,706266.55
2025-08-06 05:00:00,0.647,0.665,0.646,0.659,2067840.52
2025-08-06 06:00:00,0.66,0.663,0.653,0.662,1181125.89
2025-08-06 07:00:00,0.662,0.669,0.661,0.668,1041770.57
2025-08-06 08:00:00,0.668,0.67,0.659,0.663,1000802.92
2025-08-06 09:00:00,0.662,0.669,0.66,0.665,663725.88
2025-08-06 10:00:00,0.666,0.668,0.661,0.662,773547.93
2025-08-06 11:00:00,0.663,0.67,0.661,0.663,1015236.89
2025-08-06 12:00:00,0.663,0.665,0.656,0.658,1264529.79
2025-08-06 13:00:00,0.658,0.663,0.655,0.66,1586482.39
2025-08-06 14:00:00,0.66,0.672,0.655,0.671,1501453.58
2025-08-06 15:00:00,0.671,0.678,0.666,0.676,2209746.37
2025-08-06 16:00:00,0.675,0.678,0.665,0.666,903323.48
2025-08-06 17:00:00,0.667,0.672,0.664,0.672,771251.71
2025-08-06 18:00:00,0.672,0.677,0.668,0.668,847112.21
2025-08-06 19:00:00,0.668,0.67,0.666,0.669,790008.42
2025-08-06 20:00:00,0.669,0.669,0.665,0.668,214530.26
2025-08-06 21:00:00,0.668,0.671,0.666,0.67,564093.74
2025-08-06 22:00:00,0.669,0.672,0.669,0.67,294580.8
2025-08-06 23:00:00,0.67,0.67,0.666,0.668,501672.72
2025-08-07 00:00:00,0.668,0.673,0.667,0.669,355155.7
2025-08-07 01:00:00,0.67,0.676,0.667,0.667,379148.84
2025-08-07 02:00:00,0.667,0.67,0.665,0.666,449215.68
2025-08-07 03:00:00,0.667,0.668,0.664,0.664,414231.43
2025-08-07 04:00:00,0.665,0.674,0.664,0.67,488922.66
2025-08-07 05:00:00,0.67,0.675,0.667,0.671,1956126.42
2025-08-07 06:00:00,0.671,0.676,0.67,0.672,2837822.53
2025-08-07 07:00:00,0.672,0.676,0.672,0.673,1398559.39
2025-08-07 08:00:00,0.673,0.679,0.673,0.675,1805358.86
2025-08-07 09:00:00,0.675,0.678,0.672,0.678,381421.08
2025-08-07 10:00:00,0.678,0.699,0.678,0.698,3335017.8
2025-08-07 11:00:00,0.698,0.701,0.694,0.699,1682109.38
2025-08-07 12:00:00,0.699,0.702,0.695,0.702,1501061.14
2025-08-07 13:00:00,0.702,0.706,0.7,0.702,2266395.27
2025-08-07 14:00:00,0.702,0.702,0.691,0.695,1335579.15
2025-08-07 15:00:00,0.695,0.698,0.691,0.697,869889.11
2025-08-07 16:00:00,0.697,0.699,0.682,0.691,1618488.72
2025-08-07 17:00:00,0.692,0.695,0.69,0.694,717584.15
2025-08-07 18:00:00,0.693,0.697,0.69,0.695,842302.52
2025-08-07 19:00:00,0.696,0.706,0.694,0.705,833992.68
2025-08-07 20:00:00,0.705,0.712,0.703,0.711,858263.78
2025-08-07 21:00:00,0.712,0.714,0.708,0.71,734567.02
2025-08-07 22:00:00,0.711,0.719,0.709,0.717,1292779.89
2025-08-07 23:00:00,0.718,0.718,0.713,0.716,845975.91
2025-08-08 00:00:00,0.717,0.727,0.705,0.717,4531887.77
2025-08-08 01:00:00,0.717,0.724,0.708,0.718,5892353.77
2025-08-08 02:00:00,0.718,0.724,0.714,0.719,1894868.56
2025-08-08 03:00:00,0.72,0.733,0.719,0.731,2278414.57
2025-08-08 04:00:00,0.732,0.732,0.723,0.725,1144404.16
2025-08-08 05:00:00,0.724,0.727,0.719,0.719,1199524.85
2025-08-08 06:00:00,0.72,0.735,0.719,0.734,1483782.61
2025-08-08 07:00:00,0.735,0.741,0.729,0.736,2378137.79
2025-08-08 08:00:00,0.736,0.744,0.734,0.736,2940941.65
2025-08-08 09:00:00,0.737,0.745,0.733,0.742,3211398.23
2025-08-08 10:00:00,0.742,0.746,0.735,0.74,1882045.38
2025-08-08 11:00:00,0.74,0.74,0.735,0.736,1384499.4
2025-08-08 12:00:00,0.736,0.737,0.727,0.728,2374646.89
2025-08-08 13:00:00,0.728,0.749,0.728,0.748,2832383.9
2025-08-08 14:00:00,0.749,0.754,0.74,0.749,4334566.48
2025-08-08 15:00:00,0.749,0.751,0.734,0.742,3519528.72
2025-08-08 16:00:00,0.742,0.748,0.737,0.745,4099071.78
2025-08-08 17:00:00,0.745,0.766,0.744,0.763,2815665.5
2025-08-08 18:00:00,0.763,0.769,0.756,0.758,2384647.33
2025-08-08 19:00:00,0.758,0.762,0.754,0.76,1628923.23
2025-08-08 20:00:00,0.76,0.763,0.756,0.759,750637.04
2025-08-08 21:00:00,0.759,0.761,0.755,0.758,435952.34
2025-08-08 22:00:00,0.758,0.763,0.756,0.759,1021116.13
2025-08-08 23:00:00,0.759,0.761,0.756,0.757,773960.81
2025-08-09 00:00:00,0.757,0.762,0.757,0.762,1109739.24
2025-08-09 01:00:00,0.762,0.773,0.76,0.772,1608540.63
2025-08-09 02:00:00,0.772,0.775,0.764,0.765,1269163.53
2025-08-09 03:00:00,0.765,0.771,0.764,0.77,849593.8
2025-08-09 04:00:00,0.769,0.777,0.766,0.774,1154528.48
2025-08-09 05:00:00,0.774,0.798,0.773,0.798,4978615.02
2025-08-09 06:00:00,0.798,0.8,0.784,0.786,3391095.85
2025-08-09 07:00:00,0.786,0.797,0.784,0.791,2286306.81
2025-08-09 08:00:00,0.791,0.797,0.787,0.79,2695936.4
2025-08-09 09:00:00,0.789,0.797,0.786,0.795,1756963.75
2025-08-09 10:00:00,0.796,0.803,0.791,0.797,4412944.87
2025-08-09 11:00:00,0.797,0.801,0.794,0.797,1156616.09
2025-08-09 12:00:00,0.798,0.801,0.794,0.796,1025986.03
2025-08-09 13:00:00,0.797,0.797,0.786,0.786,2139331.31
2025-08-09 14:00:00,0.787,0.789,0.779,0.789,2473212.21
2025-08-09 15:00:00,0.789,0.796,0.785,0.791,1696215.17
2025-08-09 16:00:00,0.792,0.797,0.79,0.797,992804.02
2025-08-09 17:00:00,0.796,0.798,0.792,0.797,1014740.39
2025-08-09 18:00:00,0.796,0.802,0.793,0.801,1305145.66
2025-08-09 19:00:00,0.8,0.809,0.799,0.806,1152689.57
2025-08-09 20:00:00,0.805,0.815,0.805,0.81,3216032.44
2025-08-09 21:00:00,0.81,0.812,0.803,0.808,1371279.06
2025-08-09 22:00:00,0.809,0.816,0.802,0.807,1894554.43
2025-08-09 23:00:00,0.807,0.814,0.801,0.81,1766935.12
2025-08-10 00:00:00,0.81,0.816,0.798,0.811,2694865.52
2025-08-10 01:00:00,0.811,0.818,0.799,0.8,2203223.13
2025-08-10 02:00:00,0.8,0.803,0.79,0.791,2172715.77
2025-08-10 03:00:00,0.792,0.797,0.786,0.794,2052311.55
2025-08-10 04:00:00,0.794,0.798,0.789,0.795,1334675.91
2025-08-10 05:00:00,0.794,0.797,0.785,0.786,1551557.96
2025-08-10 06:00:00,0.785,0.786,0.769,0.769,3096552.93
2025-08-10 07:00:00,0.77,0.778,0.76,0.761,4419676.73
2025-08-10 08:00:00,0.762,0.773,0.753,0.77,3834090.83
2025-08-10 09:00:00,0.771,0.775,0.768,0.772,1031072.45
2025-08-10 10:00:00,0.771,0.772,0.761,0.764,1278236.66
2025-08-10 11:00:00,0.764,0.769,0.761,0.761,1200679.6
2025-08-10 12:00:00,0.761,0.768,0.759,0.767,1035091.98
2025-08-10 13:00:00,0.767,0.772,0.762,0.763,751352.13
2025-08-10 14:00:00,0.763,0.783,0.762,0.78,2723599.0
2025-08-10 15:00:00,0.779,0.788,0.776,0.777,2242683.87
2025-08-10 16:00:00,0.777,0.783,0.775,0.782,832485.18
2025-08-10 17:00:00,0.781,0.783,0.776,0.78,838608.47
2025-08-10 18:00:00,0.779,0.785,0.779,0.783,817173.81
2025-08-10 19:00:00,0.782,0.787,0.78,0.784,662858.21
2025-08-10 20:00:00,0.783,0.785,0.778,0.781,865232.15
2025-08-10 21:00:00,0.781,0.781,0.771,0.781,699289.81
2025-08-10 22:00:00,0.781,0.783,0.776,0.782,912529.31
2025-08-10 23:00:00,0.782,0.79,0.78,0.789,1163747.14
2025-08-11 00:00:00,0.789,0.794,0.783,0.784,1272576.02
2025-08-11 01:00:00,0.783,0.814,0.781,0.796,4206285.09
2025-08-11 02:00:00,0.797,0.808,0.796,0.801,3456279.92
2025-08-11 03:00:00,0.801,0.808,0.797,0.801,2485029.08
2025-08-11 04:00:00,0.801,0.812,0.798,0.798,2793912.79
2025-08-11 05:00:00,0.798,0.802,0.792,0.794,1346099.72
2025-08-11 06:00:00,0.795,0.8,0.791,0.791,1756860.68
2025-08-11 07:00:00,0.791,0.794,0.781,0.784,1614975.41
2025-08-11 08:00:00,0.783,0.793,0.781,0.791,1210992.93
2025-08-11 09:00:00,0.79,0.795,0.786,0.788,573239.06
2025-08-11 10:00:00,0.788,0.791,0.779,0.782,1794829.24
2025-08-11 11:00:00,0.782,0.783,0.757,0.76,3941318.4
2025-08-11 12:00:00,0.76,0.764,0.755,0.762,2018632.45
2025-08-11 13:00:00,0.762,0.776,0.752,0.77,3489436.82
2025-08-11 14:00:00,0.771,0.779,0.765,0.766,1783122.29
2025-08-11 15:00:00,0.766,0.772,0.76,0.771,968514.08
2025-08-11 16:00:00,0.771,0.789,0.77,0.775,3554565.64
2025-08-11 17:00:00,0.774,0.776,0.766,0.769,1126457.29
2025-08-11 18:00:00,0.769,0.774,0.762,0.771,648859.4
2025-08-11 19:00:00,0.77,0.772,0.761,0.767,663659.73
2025-08-11 20:00:00,0.767,0.769,0.762,0.767,517244.15
2025-08-11 21:00:00,0.767,0.771,0.72,0.754,2677711.67
2025-08-11 22:00:00,0.754,0.755,0.741,0.75,1343408.4
2025-08-11 23:00:00,0.75,0.755,0.747,0.749,839710.82
2025-08-12 00:00:00,0.748,0.76,0.747,0.757,1355880.65
2025-08-12 01:00:00,0.757,0.766,0.752,0.761,2371820.37
2025-08-12 02:00:00,0.761,0.77,0.759,0.762,832865.29
2025-08-12 03:00:00,0.762,0.763,0.756,0.759,758550.13
2025-08-12 04:00:00,0.758,0.762,0.756,0.759,482450.28
2025-08-12 05:00:00,0.759,0.76,0.747,0.751,1625681.66
2025-08-12 06:00:00,0.751,0.755,0.744,0.749,930633.38
2025-08-12 07:00:00,0.749,0.761,0.749,0.761,851309.42
2025-08-12 08:00:00,0.76,0.761,0.75,0.753,809023.73
2025-08-12 09:00:00,0.752,0.754,0.746,0.747,798713.9
2025-08-12 10:00:00,0.746,0.747,0.741,0.743,748128.86
2025-08-12 11:00:00,0.744,0.752,0.738,0.751,847447.62
2025-08-12 12:00:00,0.751,0.782,0.745,0.77,7229629.04
2025-08-12 13:00:00,0.771,0.778,0.756,0.763,4769830.91
2025-08-12 14:00:00,0.763,0.774,0.761,0.773,1473052.92
2025-08-12 15:00:00,0.773,0.785,0.772,0.783,3386775.59
2025-08-12 16:00:00,0.783,0.787,0.778,0.784,1802480.45
2025-08-12 17:00:00,0.783,0.79,0.781,0.783,1575054.15
2025-08-12 18:00:00,0.784,0.792,0.781,0.785,1438097.25
2025-08-12 19:00:00,0.785,0.79,0.782,0.788,862267.1
2025-08-12 20:00:00,0.788,0.8,0.787,0.795,1708045.6
2025-08-12 21:00:00,0.795,0.796,0.788,0.79,1598356.07
2025-08-12 22:00:00,0.79,0.793,0.785,0.787,1365066.2
2025-08-12 23:00:00,0.788,0.79,0.783,0.786,1063612.11
2025-08-13 00:00:00,0.787,0.793,0.786,0.788,2187705.98
2025-08-13 01:00:00,0.788,0.788,0.774,0.781,1560681.15
2025-08-13 02:00:00,0.78,0.793,0.775,0.792,1285121.08
2025-08-13 03:00:00,0.792,0.8,0.788,0.795,2360715.54
2025-08-13 04:00:00,0.794,0.801,0.792,0.796,1162426.99
2025-08-13 05:00:00,0.796,0.797,0.783,0.784,869669.91
2025-08-13 06:00:00,0.783,0.787,0.777,0.783,1950709.72
2025-08-13 07:00:00,0.783,0.795,0.783,0.794,1059291.12
2025-08-13 08:00:00,0.794,0.812,0.794,0.803,4245838.83
2025-08-13 09:00:00,0.803,0.816,0.802,0.814,2860755.38
2025-08-13 10:00:00,0.813,0.822,0.811,0.815,3744106.87
2025-08-13 11:00:00,0.816,0.822,0.808,0.814,2694961.89
2025-08-13 12:00:00,0.815,0.82,0.811,0.813,2115010.59
2025-08-13 13:00:00,0.813,0.842,0.812,0.829,8128881.1
2025-08-13 14:00:00,0.83,0.849,0.814,0.828,8693842.12
2025-08-13 15:00:00,0.829,0.842,0.82,0.839,4163287.08
2025-08-13 16:00:00,0.839,0.865,0.836,0.85,6355726.7
2025-08-13 17:00:00,0.85,0.863,0.849,0.855,3101798.09
2025-08-13 18:00:00,0.855,0.858,0.828,0.83,2174154.97
2025-08-13 19:00:00,0.83,0.834,0.825,0.833,1466703.46
2025-08-13 20:00:00,0.833,0.845,0.827,0.838,1601170.14
2025-08-13 21:00:00,0.838,0.852,0.837,0.848,1540798.54
2025-08-13 22:00:00,0.849,0.884,0.844,0.879,6155983.83
2025-08-13 23:00:00,0.879,0.883,0.858,0.874,5718460.27
2025-08-14 00:00:00,0.873,0.874,0.845,0.846,2900176.58
2025-08-14 01:00:00,0.845,0.854,0.839,0.85,2356437.74
2025-08-14 02:00:00,0.85,0.859,0.843,0.855,1670113.45
2025-08-14 03:00:00,0.855,0.859,0.85,0.855,2160405.01
2025-08-14 04:00:00,0.854,0.86,0.844,0.845,2182929.33
2025-08-14 05:00:00,0.844,0.85,0.832,0.838,2506744.99
2025-08-14 06:00:00,0.837,0.844,0.828,0.837,2801651.95
2025-08-14 07:00:00,0.838,0.839,0.821,0.828,4090333.14
2025-08-14 08:00:00,0.829,0.829,0.814,0.818,2199767.73
2025-08-14 09:00:00,0.818,0.829,0.813,0.826,2336355.84
2025-08-14 10:00:00,0.825,0.827,0.811,0.819,1932211.52
2025-08-14 11:00:00,0.818,0.821,0.812,0.815,1447207.6
2025-08-14 12:00:00,0.815,0.821,0.757,0.773,20735526.18
2025-08-14 13:00:00,0.773,0.785,0.756,0.779,10160017.44
2025-08-14 14:00:00,0.78,0.794,0.775,0.785,4420905.6
2025-08-14 15:00:00,0.785,0.79,0.775,0.777,2680916.89
2025-08-14 16:00:00,0.777,0.777,0.759,0.762,3906896.58
2025-08-14 17:00:00,0.761,0.764,0.755,0.763,2217893.22
2025-08-14 18:00:00,0.763,0.763,0.747,0.757,3414954.99
2025-08-14 19:00:00,0.758,0.764,0.758,0.759,1378151.71
2025-08-14 20:00:00,0.758,0.758,0.75,0.757,1497752.65
2025-08-14 21:00:00,0.756,0.756,0.739,0.746,2520716.03
2025-08-14 22:00:00,0.746,0.755,0.741,0.753,2017756.33
2025-08-14 23:00:00,0.752,0.756,0.751,0.753,1866115.16
2025-08-15 00:00:00,0.752,0.762,0.749,0.753,2368733.16
2025-08-15 01:00:00,0.752,0.76,0.748,0.759,1572830.8
2025-08-15 02:00:00,0.758,0.759,0.754,0.756,1226076.87
2025-08-15 03:00:00,0.755,0.768,0.754,0.761,1958432.8
2025-08-15 04:00:00,0.76,0.766,0.755,0.755,1410495.71
2025-08-15 05:00:00,0.755,0.759,0.752,0.759,1288037.87
2025-08-15 06:00:00,0.759,0.772,0.759,0.765,2283536.77
2025-08-15 07:00:00,0.765,0.766,0.755,0.76,1333199.89
2025-08-15 08:00:00,0.76,0.765,0.755,0.759,1807449.16
2025-08-15 09:00:00,0.758,0.761,0.747,0.75,1601467.12
2025-08-15 10:00:00,0.751,0.758,0.749,0.752,1240670.83
2025-08-15 11:00:00,0.752,0.756,0.749,0.751,1582217.66
2025-08-15 12:00:00,0.751,0.766,0.744,0.755,6476880.02
2025-08-15 13:00:00,0.754,0.758,0.743,0.744,4039415.59
2025-08-15 14:00:00,0.744,0.749,0.728,0.731,4584914.11
2025-08-15 15:00:00,0.732,0.733,0.712,0.718,4933841.28
2025-08-15 16:00:00,0.717,0.725,0.709,0.72,3133990.85
2025-08-15 17:00:00,0.72,0.731,0.715,0.725,2522934.18
2025-08-15 18:00:00,0.725,0.727,0.713,0.717,2504656.63
2025-08-15 19:00:00,0.717,0.724,0.715,0.718,1212736.83
2025-08-15 20:00:00,0.717,0.724,0.714,0.723,1143208.95
2025-08-15 21:00:00,0.722,0.725,0.719,0.725,731112.16
2025-08-15 22:00:00,0.725,0.734,0.722,0.734,906122.46
2025-08-15 23:00:00,0.734,0.736,0.719,0.724,810174.62
2025-08-16 00:00:00,0.724,0.734,0.722,0.732,655889.25
2025-08-16 01:00:00,0.732,0.735,0.727,0.733,713508.3
2025-08-16 02:00:00,0.733,0.733,0.726,0.728,375935.45
2025-08-16 03:00:00,0.728,0.73,0.725,0.726,327768.96
2025-08-16 04:00:00,0.726,0.731,0.724,0.73,354991.44
2025-08-16 05:00:00,0.73,0.731,0.723,0.723,546091.98
2025-08-16 06:00:00,0.724,0.726,0.721,0.722,429915.7
2025-08-16 07:00:00,0.722,0.729,0.721,0.725,368227.06
2025-08-16 08:00:00,0.725,0.727,0.72,0.721,458460.85
2025-08-16 09:00:00,0.721,0.726,0.715,0.716,653349.46
2025-08-16 10:00:00,0.716,0.721,0.713,0.718,976054.59
2025-08-16 11:00:00,0.718,0.726,0.717,0.717,513094.75
2025-08-16 12:00:00,0.717,0.725,0.715,0.724,841014.45
2025-08-16 13:00:00,0.724,0.731,0.721,0.721,944944.95
2025-08-16 14:00:00,0.722,0.733,0.72,0.732,780729.35
2025-08-16 15:00:00,0.732,0.738,0.731,0.734,1798252.72
2025-08-16 16:00:00,0.734,0.739,0.731,0.733,666625.34
2025-08-16 17:00:00,0.734,0.734,0.728,0.73,243261.79
2025-08-16 18:00:00,0.73,0.736,0.728,0.734,495590.33
2025-08-16 19:00:00,0.734,0.735,0.732,0.732,677680.48
2025-08-16 20:00:00,0.732,0.741,0.731,0.738,340158.19
2025-08-16 21:00:00,0.738,0.738,0.734,0.735,330974.31
2025-08-16 22:00:00,0.735,0.743,0.734,0.741,270278.5
2025-08-16 23:00:00,0.742,0.742,0.737,0.74,289350.73
2025-08-17 00:00:00,0.741,0.742,0.735,0.737,304729.02
2025-08-17 01:00:00,0.737,0.738,0.733,0.737,579121.84
2025-08-17 02:00:00,0.737,0.742,0.733,0.741,857665.59
2025-08-17 03:00:00,0.742,0.745,0.736,0.744,1007750.58
2025-08-17 04:00:00,0.744,0.755,0.742,0.753,1423144.56
2025-08-17 05:00:00,0.753,0.761,0.748,0.75,1290987.28
2025-08-17 06:00:00,0.749,0.755,0.748,0.748,925430.79
2025-08-17 07:00:00,0.749,0.765,0.748,0.761,1666309.83
2025-08-17 08:00:00,0.761,0.774,0.757,0.772,1474306.46
2025-08-17 09:00:00,0.772,0.773,0.767,0.772,1914237.64
2025-08-17 10:00:00,0.772,0.775,0.764,0.77,1918579.18
2025-08-17 11:00:00,0.77,0.771,0.764,0.766,759020.09
2025-08-17 12:00:00,0.767,0.768,0.759,0.76,677340.46
2025-08-17 13:00:00,0.761,0.766,0.757,0.763,1190188.11
2025-08-17 14:00:00,0.762,0.773,0.76,0.773,1317458.24
2025-08-17 15:00:00,0.773,0.78,0.768,0.78,1595961.8
2025-08-17 16:00:00,0.78,0.786,0.767,0.77,2528743.68
2025-08-17 17:00:00,0.77,0.775,0.766,0.772,719285.94
2025-08-17 18:00:00,0.771,0.773,0.753,0.762,2078303.17
2025-08-17 19:00:00,0.762,0.765,0.757,0.758,700647.06
2025-08-17 20:00:00,0.759,0.765,0.758,0.761,523641.67
2025-08-17 21:00:00,0.762,0.763,0.758,0.76,320039.09
2025-08-17 22:00:00,0.76,0.771,0.76,0.77,805765.29
2025-08-17 23:00:00,0.77,0.77,0.759,0.76,678895.3
2025-08-18 00:00:00,0.76,0.762,0.753,0.762,981343.45
2025-08-18 01:00:00,0.762,0.764,0.745,0.747,2547460.63
2025-08-18 02:00:00,0.747,0.749,0.729,0.731,4392806.63
2025-08-18 03:00:00,0.731,0.734,0.723,0.733,2326968.69
2025-08-18 04:00:00,0.733,0.744,0.729,0.74,1142505.58
2025-08-18 05:00:00,0.74,0.742,0.729,0.738,1583553.4
2025-08-18 06:00:00,0.738,0.74,0.722,0.728,1831187.38
2025-08-18 07:00:00,0.728,0.731,0.723,0.725,978484.72
2025-08-18 08:00:00,0.725,0.729,0.721,0.721,733702.87
2025-08-18 09:00:00,0.722,0.731,0.714,0.727,1935515.19
2025-08-18 10:00:00,0.727,0.73,0.724,0.726,806146.95
2025-08-18 11:00:00,0.725,0.728,0.722,0.726,625341.12
2025-08-18 12:00:00,0.725,0.74,0.723,0.739,997359.92
2025-08-18 13:00:00,0.739,0.741,0.725,0.726,1670647.32
2025-08-18 14:00:00,0.725,0.73,0.718,0.728,1680932.2
2025-08-18 15:00:00,0.727,0.73,0.72,0.729,1339198.13
2025-08-18 16:00:00,0.729,0.733,0.718,0.721,1022639.12
2025-08-18 17:00:00,0.721,0.738,0.719,0.727,1056304.44
2025-08-18 18:00:00,0.727,0.733,0.723,0.732,586488.06
2025-08-18 19:00:00,0.733,0.736,0.726,0.728,923582.92
2025-08-18 20:00:00,0.728,0.731,0.721,0.725,802810.55
2025-08-18 21:00:00,0.725,0.734,0.724,0.731,556004.42
2025-08-18 22:00:00,0.732,0.74,0.727,0.728,942769.04
2025-08-18 23:00:00,0.728,0.73,0.72,0.721,795970.69
2025-08-19 00:00:00,0.721,0.731,0.713,0.731,1264674.46
2025-08-19 01:00:00,0.732,0.736,0.718,0.721,1084599.98
2025-08-19 02:00:00,0.72,0.722,0.716,0.718,551906.4
2025-08-19 03:00:00,0.718,0.719,0.704,0.707,2476748.38
2025-08-19 04:00:00,0.707,0.715,0.701,0.715,1324504.66
2025-08-19 05:00:00,0.715,0.717,0.711,0.712,478168.51
2025-08-19 06:00:00,0.711,0.712,0.707,0.709,649904.63
2025-08-19 07:00:00,0.709,0.709,0.702,0.705,778674.83
2025-08-19 08:00:00,0.705,0.711,0.698,0.707,2117995.59
2025-08-19 09:00:00,0.707,0.717,0.707,0.713,1431038.72
2025-08-19 10:00:00,0.714,0.722,0.712,0.718,813730.05
2025-08-19 11:00:00,0.719,0.725,0.717,0.724,814554.87
2025-08-19 12:00:00,0.723,0.725,0.717,0.721,1224741.06
2025-08-19 13:00:00,0.72,0.726,0.708,0.715,2315369.74
2025-08-19 14:00:00,0.716,0.718,0.694,0.701,3103063.39
2025-08-19 15:00:00,0.701,0.711,0.696,0.702,2310238.37
2025-08-19 16:00:00,0.703,0.705,0.69,0.692,3171841.07
2025-08-19 17:00:00,0.693,0.699,0.687,0.698,2200087.37
2025-08-19 18:00:00,0.698,0.698,0.686,0.69,1348147.37
2025-08-19 19:00:00,0.689,0.699,0.685,0.694,1397622.35
2025-08-19 20:00:00,0.694,0.699,0.69,0.699,643390.84
2025-08-19 21:00:00,0.699,0.7,0.694,0.698,409256.45
2025-08-19 22:00:00,0.697,0.698,0.692,0.694,827858.29
2025-08-19 23:00:00,0.694,0.694,0.685,0.687,1152509.86
2025-08-20 00:00:00,0.687,0.696,0.687,0.69,1106124.26
2025-08-20 01:00:00,0.69,0.694,0.682,0.694,1440190.86
2025-08-20 02:00:00,0.693,0.698,0.692,0.695,821228.74
2025-08-20 03:00:00,0.695,0.702,0.692,0.698,659861.22
2025-08-20 04:00:00,0.698,0.708,0.698,0.705,736825.17
2025-08-20 05:00:00,0.705,0.718,0.704,0.717,541620.57
2025-08-20 06:00:00,0.717,0.721,0.704,0.71,2032593.6
2025-08-20 07:00:00,0.71,0.712,0.705,0.707,427377.45
2025-08-20 08:00:00,0.707,0.717,0.705,0.716,933827.96
2025-08-20 09:00:00,0.715,0.716,0.708,0.709,684708.76
2025-08-20 10:00:00,0.71,0.714,0.709,0.713,456410.78
2025-08-20 11:00:00,0.713,0.714,0.697,0.708,796859.04
2025-08-20 12:00:00,0.709,0.715,0.703,0.707,1272169.45
2025-08-20 13:00:00,0.707,0.708,0.693,0.696,2019489.89
2025-08-20 14:00:00,0.696,0.715,0.689,0.709,2235395.12
2025-08-20 15:00:00,0.709,0.724,0.709,0.718,2158786.23
2025-08-20 16:00:00,0.718,0.73,0.717,0.723,1186117.99
2025-08-20 17:00:00,0.723,0.732,0.722,0.729,971878.91
2025-08-20 18:00:00,0.728,0.729,0.715,0.721,1412436.38
2025-08-20 19:00:00,0.721,0.73,0.721,0.73,527586.41
2025-08-20 20:00:00,0.73,0.731,0.726,0.727,424783.67
2025-08-20 21:00:00,0.728,0.731,0.724,0.728,901680.24
2025-08-20 22:00:00,0.729,0.731,0.726,0.728,424231.07
2025-08-20 23:00:00,0.729,0.729,0.724,0.726,595764.65
2025-08-21 00:00:00,0.727,0.728,0.723,0.728,407169.96
2025-08-21 01:00:00,0.728,0.732,0.723,0.732,585474.49
2025-08-21 02:00:00,0.731,0.733,0.719,0.722,671618.1
2025-08-21 03:00:00,0.723,0.732,0.722,0.724,426604.23
2025-08-21 04:00:00,0.724,0.727,0.722,0.724,508531.31
2025-08-21 05:00:00,0.724,0.7302,0.7211,0.7301,1101645.43
2025-08-21 06:00:00,0.7301,0.7301,0.7212,0.723,1387601.68
2025-08-21 07:00:00,0.7229,0.7238,0.7163,0.7229,745049.41
2025-08-21 08:00:00,0.7231,0.7237,0.7158,0.716,864683.98
2025-08-21 09:00:00,0.7159,0.7198,0.7122,0.716,750949.39
2025-08-21 10:00:00,0.7161,0.7188,0.7146,0.7178,537519.08
2025-08-21 11:00:00,0.7177,0.721,0.713,0.7153,625764.2
2025-08-21 12:00:00,0.7152,0.7165,0.7061,0.7095,739422.13
2025-08-21 13:00:00,0.7095,0.7206,0.7081,0.7126,1435172.07
2025-08-21 14:00:00,0.7127,0.7233,0.707,0.7104,1490229.82
2025-08-21 15:00:00,0.7105,0.7128,0.7028,0.7071,2060331.02
2025-08-21 16:00:00,0.7073,0.7134,0.7051,0.706,1708264.0
2025-08-21 17:00:00,0.7061,0.7123,0.7041,0.7105,688373.12
2025-08-21 18:00:00,0.7105,0.7164,0.7096,0.7151,434730.91
2025-08-21 19:00:00,0.715,0.7174,0.7075,0.7095,418443.91
2025-08-21 20:00:00,0.7094,0.7179,0.7067,0.7153,627632.33
2025-08-21 21:00:00,0.7154,0.7236,0.7116,0.7211,1439056.17
2025-08-21 22:00:00,0.7212,0.7265,0.7202,0.7233,5107967.8
2025-08-21 23:00:00,0.7232,0.7233,0.7113,0.7138,1924683.57
2025-08-22 00:00:00,0.7137,0.7171,0.71,0.7108,1000898.29
2025-08-22 01:00:00,0.7109,0.7167,0.706,0.7157,1423431.28
2025-08-22 02:00:00,0.7157,0.7257,0.7148,0.7228,2135817.93
2025-08-22 03:00:00,0.7228,0.7247,0.7116,0.7139,769754.61
2025-08-22 04:00:00,0.7139,0.7211,0.7128,0.715,1183109.37
2025-08-22 05:00:00,0.7151,0.7171,0.711,0.7158,335566.95
2025-08-22 06:00:00,0.7157,0.7204,0.711,0.7126,673272.2
2025-08-22 07:00:00,0.7127,0.7242,0.7121,0.7222,1021191.44
2025-08-22 08:00:00,0.7222,0.7251,0.7173,0.7177,856145.31
2025-08-22 09:00:00,0.7178,0.7205,0.7146,0.7187,452316.9
2025-08-22 10:00:00,0.7187,0.7187,0.7108,0.7124,494625.37
2025-08-22 11:00:00,0.7125,0.7125,0.7042,0.7045,781737.43
2025-08-22 12:00:00,0.7046,0.7048,0.6866,0.6957,2997807.76
2025-08-22 13:00:00,0.6957,0.7077,0.6902,0.6987,2751621.61
2025-08-22 14:00:00,0.6987,0.7506,0.6986,0.7444,16239189.25
2025-08-22 15:00:00,0.7443,0.7573,0.7442,0.7508,3749108.02
2025-08-22 16:00:00,0.7508,0.7736,0.7508,0.7725,4323294.05
2025-08-22 17:00:00,0.7726,0.7865,0.7726,0.78,4032100.48
2025-08-22 18:00:00,0.78,0.7932,0.7784,0.7917,2887923.4
2025-08-22 19:00:00,0.7917,0.8058,0.7897,0.7976,2913102.16
2025-08-22 20:00:00,0.7977,0.8009,0.7939,0.8,1493825.32
2025-08-22 21:00:00,0.8,0.8042,0.7942,0.7953,1730576.95
2025-08-22 22:00:00,0.7953,0.7972,0.7865,0.7897,1661268.2
2025-08-22 23:00:00,0.7896,0.7927,0.7874,0.789,1078081.46
2025-08-23 00:00:00,0.789,0.7923,0.7815,0.7836,1689757.94
2025-08-23 01:00:00,0.7835,0.785,0.771,0.7782,1583182.0
2025-08-23 02:00:00,0.7783,0.7798,0.7605,0.77,2370306.16
2025-08-23 03:00:00,0.7701,0.7739,0.7662,0.7684,1232856.38
2025-08-23 04:00:00,0.7683,0.781,0.768,0.7808,1355259.15
2025-08-23 05:00:00,0.7808,0.7849,0.7782,0.7837,1310655.75
2025-08-23 06:00:00,0.7836,0.786,0.7792,0.784,1491851.24
2025-08-23 07:00:00,0.784,0.7858,0.7749,0.7762,1308875.75
2025-08-23 08:00:00,0.7763,0.7794,0.7736,0.7773,667239.29
2025-08-23 09:00:00,0.7771,0.7898,0.7745,0.7883,1203969.61
2025-08-23 10:00:00,0.7884,0.7903,0.7808,0.781,1356277.43
2025-08-23 11:00:00,0.7811,0.7844,0.7786,0.7807,499944.67
2025-08-23 12:00:00,0.7808,0.79,0.7771,0.7844,1484146.74
2025-08-23 13:00:00,0.7845,0.7892,0.783,0.7861,1401139.59
2025-08-23 14:00:00,0.7859,0.7968,0.7844,0.7909,2024530.71
2025-08-23 15:00:00,0.791,0.7976,0.788,0.7946,1406074.54
2025-08-23 16:00:00,0.7946,0.7958,0.7894,0.791,1239728.57
2025-08-23 17:00:00,0.7909,0.7949,0.7895,0.7949,842211.29
2025-08-23 18:00:00,0.795,0.8045,0.7949,0.8043,1241922.75
2025-08-23 19:00:00,0.8044,0.8288,0.804,0.8221,4685465.5
2025-08-23 20:00:00,0.8221,0.8238,0.8076,0.8125,2135259.55
2025-08-23 21:00:00,0.8124,0.8132,0.8039,0.8057,924929.77
2025-08-23 22:00:00,0.8057,0.8152,0.8057,0.8148,725886.22
2025-08-23 23:00:00,0.8148,0.8164,0.8083,0.8109,1093584.22
2025-08-24 00:00:00,0.8109,0.8164,0.8073,0.8081,2198509.26
2025-08-24 01:00:00,0.8081,0.8084,0.7995,0.8001,1565592.07
2025-08-24 02:00:00,0.8001,0.8001,0.7936,0.794,1059099.93
2025-08-24 03:00:00,0.7939,0.7955,0.7875,0.7948,1001192.08
2025-08-24 04:00:00,0.7947,0.796,0.7914,0.7943,595209.09
2025-08-24 05:00:00,0.7943,0.7943,0.7849,0.7859,1152203.53
2025-08-24 06:00:00,0.7858,0.7863,0.7767,0.7772,1376978.2
2025-08-24 07:00:00,0.7772,0.7831,0.7762,0.7782,1127262.29
2025-08-24 08:00:00,0.7783,0.7859,0.7754,0.7826,1656615.96
2025-08-24 09:00:00,0.7823,0.7844,0.7766,0.7773,824262.52
2025-08-24 10:00:00,0.7773,0.7777,0.7664,0.7681,1696533.31
2025-08-24 11:00:00,0.768,0.7746,0.7666,0.7731,698244.46
2025-08-24 12:00:00,0.773,0.7732,0.7681,0.7711,687441.47
2025-08-24 13:00:00,0.771,0.7757,0.7701,0.7717,941852.74
2025-08-24 14:00:00,0.7717,0.7768,0.7683,0.7765,1195553.77
2025-08-24 15:00:00,0.7764,0.7912,0.7751,0.7798,2707778.15
2025-08-24 16:00:00,0.7798,0.7848,0.7715,0.7773,2269286.11
2025-08-24 17:00:00,0.7772,0.7991,0.7772,0.7938,2536801.18
2025-08-24 18:00:00,0.7939,0.8151,0.792,0.8097,3329450.02
2025-08-24 19:00:00,0.8096,0.8187,0.7709,0.7873,12083530.05
2025-08-24 20:00:00,0.7874,0.7879,0.7659,0.7773,4882429.94
2025-08-24 21:00:00,0.7774,0.7853,0.7714,0.7763,1679245.05
2025-08-24 22:00:00,0.7764,0.7774,0.7636,0.7763,1727790.64
2025-08-24 23:00:00,0.7764,0.78,0.7738,0.7754,749394.41
2025-08-25 00:00:00,0.7755,0.7806,0.7546,0.763,2677824.12
2025-08-25 01:00:00,0.763,0.7744,0.7623,0.7707,969134.2
2025-08-25 02:00:00,0.7706,0.7839,0.7703,0.7804,2271707.62
2025-08-25 03:00:00,0.7803,0.785,0.7735,0.775,982301.27
2025-08-25 04:00:00,0.7751,0.7775,0.7696,0.7712,1330053.8
2025-08-25 05:00:00,0.7712,0.7734,0.7642,0.7643,2308381.03
2025-08-25 06:00:00,0.7643,0.7653,0.7492,0.7498,2221113.72
2025-08-25 07:00:00,0.7499,0.7549,0.7367,0.7406,3532014.43
2025-08-25 08:00:00,0.7406,0.7456,0.7324,0.742,1913741.8
2025-08-25 09:00:00,0.7421,0.7437,0.7364,0.74,835983.94
2025-08-25 10:00:00,0.7398,0.7398,0.7212,0.7236,3138232.56
2025-08-25 11:00:00,0.7236,0.7302,0.7218,0.7299,1629437.21
2025-08-25 12:00:00,0.7298,0.733,0.7261,0.7321,2033826.39
2025-08-25 13:00:00,0.7319,0.7322,0.7213,0.7286,2452772.11
2025-08-25 14:00:00,0.7285,0.7379,0.7264,0.7326,3688561.6
2025-08-25 15:00:00,0.7326,0.7344,0.7217,0.7235,2292737.48
2025-08-25 16:00:00,0.7235,0.7289,0.718,0.7211,1751313.32
2025-08-25 17:00:00,0.7212,0.722,0.7157,0.7195,1426689.33
2025-08-25 18:00:00,0.7196,0.7215,0.7148,0.7172,1404333.47
2025-08-25 19:00:00,0.7171,0.7188,0.7004,0.7012,3767012.91
2025-08-25 20:00:00,0.7013,0.7053,0.6815,0.6823,7735834.63
2025-08-25 21:00:00,0.6823,0.6876,0.6788,0.68,3833701.63
2025-08-25 22:00:00,0.6799,0.6918,0.6791,0.6892,1710916.29
2025-08-25 23:00:00,0.6892,0.6894,0.6822,0.6878,2483466.89
2025-08-26 00:00:00,0.6878,0.6937,0.683,0.6914,2975668.38
2025-08-26 01:00:00,0.6915,0.7062,0.6883,0.7053,1840253.62
2025-08-26 02:00:00,0.7053,0.7106,0.6987,0.7005,2124911.77
2025-08-26 03:00:00,0.7004,0.7016,0.6959,0.6998,822963.97
2025-08-26 04:00:00,0.6997,0.7064,0.6992,0.7022,1269407.72
2025-08-26 05:00:00,0.7022,0.7041,0.6977,0.6978,988177.97
2025-08-26 06:00:00,0.6979,0.7006,0.6938,0.6948,1073185.95
2025-08-26 07:00:00,0.6948,0.7047,0.6923,0.6977,1578835.94
2025-08-26 08:00:00,0.6976,0.6985,0.6919,0.6929,993384.56
2025-08-26 09:00:00,0.6928,0.6958,0.6906,0.6939,911826.64
2025-08-26 10:00:00,0.6939,0.7017,0.6935,0.6972,987724.53
2025-08-26 11:00:00,0.6973,0.699,0.6905,0.6939,1150828.01
2025-08-26 12:00:00,0.694,0.7105,0.6891,0.7022,3670076.14
2025-08-26 13:00:00,0.7021,0.7038,0.6859,0.694,3824189.52
2025-08-26 14:00:00,0.6941,0.7025,0.6879,0.7011,2418746.94
2025-08-26 15:00:00,0.701,0.7056,0.6925,0.6951,1855368.61
2025-08-26 16:00:00,0.6952,0.7042,0.6929,0.7037,1163519.64
2025-08-26 17:00:00,0.7036,0.7045,0.6936,0.698,1283645.19
2025-08-26 18:00:00,0.6981,0.7043,0.6977,0.7025,805916.39
2025-08-26 19:00:00,0.7026,0.7138,0.6984,0.7126,2021782.55
2025-08-26 20:00:00,0.7125,0.7163,0.7086,0.7113,1455254.79
2025-08-26 21:00:00,0.7112,0.7129,0.7056,0.7127,956825.98
2025-08-26 22:00:00,0.7127,0.7141,0.7076,0.7105,976657.3
2025-08-26 23:00:00,0.7105,0.7142,0.704,0.7059,1880320.36
2025-08-27 00:00:00,0.7058,0.7064,0.6973,0.6981,1138598.94
2025-08-27 01:00:00,0.6981,0.7008,0.6942,0.7007,1100508.11
2025-08-27 02:00:00,0.7007,0.7059,0.6959,0.7018,1168184.61
2025-08-27 03:00:00,0.7018,0.7126,0.6968,0.7072,935301.34
2025-08-27 04:00:00,0.7071,0.7136,0.7056,0.7115,969875.55
2025-08-27 05:00:00,0.7114,0.7124,0.7027,0.7041,1257519.25
2025-08-27 06:00:00,0.7042,0.7054,0.6993,0.7008,836795.06
2025-08-27 07:00:00,0.7007,0.7015,0.6961,0.6998,788494.57
2025-08-27 08:00:00,0.6999,0.7023,0.6951,0.7019,744836.16
2025-08-27 09:00:00,0.7019,0.707,0.7004,0.7012,1095596.25
2025-08-27 10:00:00,0.7012,0.7045,0.6965,0.6982,824326.11
2025-08-27 11:00:00,0.6983,0.7027,0.6978,0.7017,388305.62
2025-08-27 12:00:00,0.7016,0.7033,0.6938,0.6997,889256.37
2025-08-27 13:00:00,0.6997,0.7088,0.6945,0.6995,1930050.04
2025-08-27 14:00:00,0.6996,0.7127,0.6961,0.7041,2438784.73
2025-08-27 15:00:00,0.7042,0.7103,0.7024,0.7081,1118192.1
2025-08-27 16:00:00,0.7082,0.7085,0.6992,0.7047,772914.38
2025-08-27 17:00:00,0.7046,0.7121,0.701,0.7099,696018.08
2025-08-27 18:00:00,0.7098,0.7125,0.7058,0.7058,504898.66
2025-08-27 19:00:00,0.706,0.708,0.6969,0.7024,1237269.59
2025-08-27 20:00:00,0.7025,0.7122,0.6932,0.7115,6067288.13
2025-08-27 21:00:00,0.7115,0.7131,0.7011,0.7025,873117.79
2025-08-27 22:00:00,0.7026,0.7048,0.6944,0.7015,1403780.03
2025-08-27 23:00:00,0.7015,0.7028,0.6956,0.6974,731057.07
2025-08-28 00:00:00,0.6973,0.7015,0.6913,0.6984,1065630.68
2025-08-28 01:00:00,0.6983,0.707,0.698,0.7036,769902.98
2025-08-28 02:00:00,0.7036,0.7075,0.6999,0.7015,642915.93
2025-08-28 03:00:00,0.7016,0.7077,0.7005,0.7056,658822.79
2025-08-28 04:00:00,0.7055,0.7106,0.7038,0.7103,815723.08
2025-08-28 05:00:00,0.7103,0.7119,0.7061,0.7083,1061552.18
2025-08-28 06:00:00,0.7083,0.7122,0.7065,0.7119,1122020.51
2025-08-28 07:00:00,0.712,0.7144,0.7082,0.7136,987890.23
2025-08-28 08:00:00,0.7135,0.7198,0.7134,0.7191,1321488.67
2025-08-28 09:00:00,0.719,0.7193,0.7145,0.7153,1338598.96
2025-08-28 10:00:00,0.7154,0.7198,0.7113,0.7196,778641.39
2025-08-28 11:00:00,0.7196,0.7203,0.7148,0.7188,1375060.74
2025-08-28 12:00:00,0.7189,0.7228,0.7171,0.7207,1595079.59
2025-08-28 13:00:00,0.7208,0.7254,0.7176,0.7211,3431179.94
2025-08-28 14:00:00,0.7212,0.7346,0.7165,0.7216,5597419.43
2025-08-28 15:00:00,0.7217,0.725,0.7105,0.7127,2950297.89
2025-08-28 16:00:00,0.7126,0.7209,0.7046,0.7047,1997715.97
2025-08-28 17:00:00,0.7046,0.7138,0.7035,0.7122,1021789.39
2025-08-28 18:00:00,0.7122,0.7191,0.7106,0.7165,1345107.96
2025-08-28 19:00:00,0.7166,0.7208,0.7096,0.7096,970055.01
2025-08-28 20:00:00,0.7096,0.7154,0.7088,0.714,869202.57
2025-08-28 21:00:00,0.7141,0.7252,0.7138,0.7249,636358.47
2025-08-28 22:00:00,0.7249,0.7409,0.7248,0.7404,1507182.19
2025-08-28 23:00:00,0.7404,0.7406,0.7321,0.7377,2074566.15
2025-08-29 00:00:00,0.7377,0.7393,0.7291,0.7314,1286892.82
2025-08-29 01:00:00,0.7315,0.7331,0.7211,0.7233,1837498.92
2025-08-29 02:00:00,0.7234,0.7308,0.722,0.7262,1020571.56
2025-08-29 03:00:00,0.7261,0.7304,0.723,0.7278,623043.12
2025-08-29 04:00:00,0.7278,0.7309,0.7231,0.7241,1239971.99
2025-08-29 05:00:00,0.7242,0.7271,0.7196,0.7255,858036.95
2025-08-29 06:00:00,0.7256,0.727,0.7152,0.7192,4002226.93
2025-08-29 07:00:00,0.7192,0.7192,0.7001,0.7016,2980730.08
2025-08-29 08:00:00,0.7016,0.7046,0.6911,0.6917,2033005.12
2025-08-29 09:00:00,0.6916,0.6959,0.6869,0.6948,1680855.37
2025-08-29 10:00:00,0.6947,0.7012,0.6938,0.6993,1968957.7
2025-08-29 11:00:00,0.6993,0.7025,0.6955,0.696,1039228.27
2025-08-29 12:00:00,0.696,0.7161,0.6953,0.7031,3606089.38
2025-08-29 13:00:00,0.7031,0.7041,0.6847,0.6904,2874815.15
2025-08-29 14:00:00,0.6905,0.696,0.6798,0.6909,6842396.27
2025-08-29 15:00:00,0.6909,0.6986,0.6893,0.6906,1449066.32
2025-08-29 16:00:00,0.6906,0.6943,0.6854,0.6887,1105496.09
2025-08-29 17:00:00,0.6888,0.6892,0.6777,0.6819,1230124.15
2025-08-29 18:00:00,0.6819,0.6833,0.6748,0.6764,1340199.14
2025-08-29 19:00:00,0.6764,0.6892,0.6751,0.686,888535.68
2025-08-29 20:00:00,0.686,0.6878,0.6819,0.6844,829276.4
2025-08-29 21:00:00,0.6845,0.6971,0.6813,0.6966,874805.12
2025-08-29 22:00:00,0.6966,0.6969,0.6908,0.6958,970890.17
2025-08-29 23:00:00,0.6958,0.696,0.6928,0.6932,384540.16
2025-08-30 00:00:00,0.6933,0.6936,0.6878,0.6898,721463.14
2025-08-30 01:00:00,0.6897,0.6908,0.6786,0.6794,1481939.36
2025-08-30 02:00:00,0.6794,0.6908,0.6787,0.6891,862053.44
2025-08-30 03:00:00,0.6891,0.7034,0.689,0.7014,892594.5
2025-08-30 04:00:00,0.7014,0.7019,0.698,0.7007,386769.12
2025-08-30 05:00:00,0.7008,0.7102,0.7002,0.7066,851541.21
2025-08-30 06:00:00,0.7067,0.7132,0.7058,0.7111,772669.76
2025-08-30 07:00:00,0.7112,0.7217,0.7111,0.7217,1157823.86
2025-08-30 08:00:00,0.7217,0.7222,0.7113,0.713,667639.29
2025-08-30 09:00:00,0.713,0.7131,0.7076,0.7084,687654.78
2025-08-30 10:00:00,0.7084,0.7127,0.7082,0.7117,466548.29
2025-08-30 11:00:00,0.7116,0.7127,0.7073,0.7098,374184.41
2025-08-30 12:00:00,0.7099,0.7104,0.7007,0.7032,874382.22
2025-08-30 13:00:00,0.7032,0.7033,0.6955,0.7019,842814.41
2025-08-30 14:00:00,0.7017,0.7028,0.6978,0.7014,493857.5
2025-08-30 15:00:00,0.7013,0.7065,0.6996,0.7045,635751.07
2025-08-30 16:00:00,0.7045,0.7045,0.6968,0.6971,397786.22
2025-08-30 17:00:00,0.6971,0.6994,0.6961,0.698,246652.56
2025-08-30 18:00:00,0.698,0.6998,0.6958,0.6985,293662.38
2025-08-30 19:00:00,0.6984,0.7036,0.6972,0.7035,399611.77
2025-08-30 20:00:00,0.7035,0.704,0.6998,0.7027,297408.96
2025-08-30 21:00:00,0.7027,0.7046,0.7016,0.7031,192377.36
2025-08-30 22:00:00,0.703,0.7073,0.701,0.7069,303907.48
2025-08-30 23:00:00,0.7069,0.71,0.7062,0.7066,308928.45
2025-08-31 00:00:00,0.7067,0.7141,0.7055,0.7137,598679.56
2025-08-31 01:00:00,0.7137,0.7162,0.7119,0.7145,626153.37
2025-08-31 02:00:00,0.7146,0.7159,0.7124,0.7145,238412.68
2025-08-31 03:00:00,0.7146,0.7189,0.7138,0.7189,529124.9
2025-08-31 04:00:00,0.719,0.7196,0.7132,0.7148,555549.09
2025-08-31 05:00:00,0.7148,0.7158,0.7117,0.7137,439740.26
2025-08-31 06:00:00,0.7137,0.7147,0.7081,0.7082,400728.28
2025-08-31 07:00:00,0.7081,0.7098,0.7055,0.7059,708464.35
2025-08-31 08:00:00,0.7058,0.7121,0.7058,0.7118,569931.33
2025-08-31 09:00:00,0.7117,0.7117,0.7014,0.7016,2568811.38
2025-08-31 10:00:00,0.7017,0.7029,0.6915,0.7018,1420302.06
2025-08-31 11:00:00,0.7018,0.7082,0.7002,0.7082,388035.31
2025-08-31 12:00:00,0.7081,0.7113,0.7039,0.7099,599318.35
2025-08-31 13:00:00,0.7099,0.7119,0.7037,0.7052,649775.53
2025-08-31 14:00:00,0.7051,0.7057,0.6994,0.7006,387595.07
2025-08-31 15:00:00,0.7006,0.7075,0.7005,0.7065,482391.37
2025-08-31 16:00:00,0.7064,0.7068,0.7014,0.7034,225174.04
2025-08-31 17:00:00,0.7033,0.7043,0.7013,0.7022,335432.31
2025-08-31 18:00:00,0.7023,0.7087,0.702,0.7082,382752.18
2025-08-31 19:00:00,0.7081,0.7085,0.702,0.7022,642214.48
2025-08-31 20:00:00,0.7022,0.7056,0.6981,0.7028,2828051.82
2025-08-31 21:00:00,0.7027,0.7063,0.7016,0.7051,513245.27
2025-08-31 22:00:00,0.7051,0.7058,0.6979,0.7002,462818.68
2025-08-31 23:00:00,0.7001,0.7001,0.691,0.6919,1300593.53
2025-09-01 00:00:00,0.6919,0.6926,0.6821,0.6862,2220679.09
2025-09-01 01:00:00,0.6862,0.692,0.6828,0.6888,1132535.74
2025-09-01 02:00:00,0.6888,0.6889,0.676,0.678,1248077.63
2025-09-01 03:00:00,0.6781,0.682,0.6759,0.6809,1159279.01
2025-09-01 04:00:00,0.6809,0.6834,0.6721,0.675,1081542.1
2025-09-01 05:00:00,0.675,0.681,0.6713,0.6788,964385.02
2025-09-01 06:00:00,0.6788,0.6832,0.6737,0.6827,810848.25
2025-09-01 07:00:00,0.6827,0.7094,0.6785,0.709,2023953.78
2025-09-01 08:00:00,0.709,0.7178,0.7062,0.7177,3540813.15
2025-09-01 09:00:00,0.7177,0.7238,0.7114,0.7119,3842552.49
2025-09-01 10:00:00,0.712,0.713,0.7021,0.7106,1492158.49
2025-09-01 11:00:00,0.7107,0.7117,0.7024,0.7041,706557.06
2025-09-01 12:00:00,0.7041,0.7096,0.7011,0.7035,1006762.0
2025-09-01 13:00:00,0.7035,0.7074,0.6979,0.7003,1733510.35
2025-09-01 14:00:00,0.7003,0.704,0.6915,0.6951,1703210.1
2025-09-01 15:00:00,0.6949,0.6963,0.6863,0.688,1093771.89
2025-09-01 16:00:00,0.6879,0.6882,0.6804,0.6818,1022918.93
2025-09-01 17:00:00,0.6818,0.6847,0.6761,0.6793,1133782.03
2025-09-01 18:00:00,0.6794,0.6866,0.6789,0.682,987918.0
2025-09-01 19:00:00,0.6819,0.6863,0.6808,0.6859,399720.71
2025-09-01 20:00:00,0.686,0.6863,0.662,0.6676,3903841.96
2025-09-01 21:00:00,0.6674,0.6683,0.6533,0.658,3379288.61
2025-09-01 22:00:00,0.6578,0.6646,0.6556,0.6622,1353111.22
2025-09-01 23:00:00,0.6622,0.6746,0.6617,0.673,911159.71
2025-09-02 00:00:00,0.6731,0.6761,0.6687,0.6708,1447215.34
2025-09-02 01:00:00,0.6707,0.6814,0.6683,0.6769,798832.06
2025-09-02 02:00:00,0.6769,0.685,0.6761,0.6848,974842.01
2025-09-02 03:00:00,0.6849,0.6929,0.6833,0.6913,1209745.57
2025-09-02 04:00:00,0.6913,0.698,0.6896,0.6969,784042.25
2025-09-02 05:00:00,0.6968,0.697,0.6913,0.6916,418727.04
2025-09-02 06:00:00,0.6916,0.697,0.6907,0.6946,501912.45
2025-09-02 07:00:00,0.6946,0.6949,0.6863,0.6873,860989.01
2025-09-02 08:00:00,0.6872,0.6935,0.6863,0.6899,365374.14
2025-09-02 09:00:00,0.6899,0.6963,0.689,0.6962,420752.56
2025-09-02 10:00:00,0.6963,0.6997,0.693,0.6995,682982.16
2025-09-02 11:00:00,0.6996,0.7,0.6935,0.6944,660213.42
2025-09-02 12:00:00,0.6944,0.6967,0.6823,0.6826,2182643.1
2025-09-02 13:00:00,0.6827,0.7087,0.682,0.707,3383290.88
2025-09-02 14:00:00,0.707,0.7136,0.7035,0.7072,2629902.79
2025-09-02 15:00:00,0.7071,0.7076,0.69,0.6915,1406064.62
2025-09-02 16:00:00,0.6915,0.6977,0.6894,0.6948,933608.94
2025-09-02 17:00:00,0.6949,0.7016,0.6949,0.698,474438.27
2025-09-02 18:00:00,0.6979,0.6986,0.688,0.6949,613871.27
2025-09-02 19:00:00,0.6949,0.6993,0.6905,0.6941,728939.25
2025-09-02 20:00:00,0.694,0.7068,0.6927,0.7054,829280.51
2025-09-02 21:00:00,0.7054,0.7121,0.705,0.7108,438361.51
2025-09-02 22:00:00,0.7108,0.7128,0.7071,0.7103,592352.63
2025-09-02 23:00:00,0.7104,0.7108,0.7074,0.7105,436527.93
2025-09-03 00:00:00,0.7104,0.712,0.7052,0.7058,670947.41
2025-09-03 01:00:00,0.7058,0.7119,0.7022,0.7119,561279.7
2025-09-03 02:00:00,0.7118,0.716,0.7083,0.7148,999041.43
2025-09-03 03:00:00,0.7148,0.7175,0.7128,0.7167,728099.03
2025-09-03 04:00:00,0.7167,0.7171,0.7122,0.7128,329577.65
2025-09-03 05:00:00,0.7129,0.7129,0.7074,0.7092,563862.62
2025-09-03 06:00:00,0.7093,0.7135,0.7059,0.7114,731175.46
2025-09-03 07:00:00,0.7114,0.7132,0.7087,0.7117,636085.74
2025-09-03 08:00:00,0.7117,0.716,0.7086,0.7095,527152.38
2025-09-03 09:00:00,0.7096,0.7163,0.7056,0.7163,598753.28
2025-09-03 10:00:00,0.7164,0.7193,0.714,0.7171,874177.25
2025-09-03 11:00:00,0.717,0.7207,0.7149,0.715,499902.43
2025-09-03 12:00:00,0.7151,0.7173,0.7097,0.7122,629165.32
2025-09-03 13:00:00,0.7123,0.7257,0.7117,0.7181,1642315.7
2025-09-03 14:00:00,0.7182,0.7256,0.716,0.7243,1765125.25
2025-09-03 15:00:00,0.7243,0.7263,0.7193,0.7239,685154.85
2025-09-03 16:00:00,0.7239,0.726,0.72,0.7209,509474.32
2025-09-03 17:00:00,0.7209,0.7272,0.7209,0.7229,725578.52
2025-09-03 18:00:00,0.723,0.7249,0.7215,0.7233,380132.38
2025-09-03 19:00:00,0.7232,0.7252,0.7209,0.7248,218438.69
2025-09-03 20:00:00,0.7249,0.7257,0.7232,0.7237,213517.31
2025-09-03 21:00:00,0.7238,0.725,0.7214,0.7242,329900.78
2025-09-03 22:00:00,0.7241,0.7281,0.7208,0.722,555375.07
2025-09-03 23:00:00,0.7222,0.7225,0.7177,0.719,429788.8
2025-09-04 00:00:00,0.7188,0.7225,0.7182,0.7184,481408.06
2025-09-04 01:00:00,0.7184,0.7184,0.7133,0.7152,544239.95
2025-09-04 02:00:00,0.7152,0.7154,0.7106,0.7112,436853.94
2025-09-04 03:00:00,0.7112,0.7114,0.7056,0.7063,1190947.93
2025-09-04 04:00:00,0.7063,0.7105,0.7053,0.7082,684283.13
2025-09-04 05:00:00,0.7081,0.7081,0.701,0.7032,801364.3
2025-09-04 06:00:00,0.7031,0.7036,0.6982,0.6996,444835.44
2025-09-04 07:00:00,0.6995,0.7031,0.6993,0.7019,337913.04
2025-09-04 08:00:00,0.7019,0.7059,0.7001,0.7006,369921.71
2025-09-04 09:00:00,0.7006,0.7028,0.7,0.7024,431507.98
2025-09-04 10:00:00,0.7024,0.7072,0.702,0.7024,635362.83
2025-09-04 11:00:00,0.7023,0.7072,0.701,0.7015,423920.66
2025-09-04 12:00:00,0.7016,0.7053,0.6971,0.7029,585642.29
2025-09-04 13:00:00,0.7029,0.7029,0.6966,0.6993,511606.06
2025-09-04 14:00:00,0.6992,0.7,0.6913,0.6941,1297662.91
2025-09-04 15:00:00,0.694,0.6943,0.6864,0.6885,1102520.87
2025-09-04 16:00:00,0.6886,0.6899,0.6852,0.6895,897024.95
2025-09-04 17:00:00,0.6895,0.6929,0.6875,0.6882,365363.11
2025-09-04 18:00:00,0.6882,0.6902,0.6813,0.6851,565341.8
2025-09-04 19:00:00,0.6849,0.6874,0.6833,0.6849,249023.51
2025-09-04 20:00:00,0.6849,0.6918,0.6842,0.6898,334995.27
2025-09-04 21:00:00,0.6898,0.6954,0.6896,0.6948,238191.6
2025-09-04 22:00:00,0.6949,0.699,0.6935,0.6975,380557.35
2025-09-04 23:00:00,0.6976,0.6993,0.6896,0.6899,395116.92
2025-09-05 00:00:00,0.6898,0.6927,0.6885,0.6899,328836.75
2025-09-05 01:00:00,0.6898,0.6964,0.6888,0.6962,285238.82
2025-09-05 02:00:00,0.6963,0.6983,0.6937,0.694,453351.93
2025-09-05 03:00:00,0.6942,0.6976,0.6914,0.6976,332564.04
2025-09-05 04:00:00,0.6977,0.6992,0.6969,0.699,271414.73
2025-09-05 05:00:00,0.6989,0.702,0.6977,0.7019,245632.94
2025-09-05 06:00:00,0.7018,0.7026,0.6978,0.6996,327480.04
2025-09-05 07:00:00,0.6997,0.7153,0.6993,0.7139,1327469.05
2025-09-05 08:00:00,0.7141,0.7143,0.7077,0.7106,504435.09
2025-09-05 09:00:00,0.7106,0.7111,0.7052,0.7109,608988.59
2025-09-05 10:00:00,0.7108,0.7151,0.7106,0.7141,454128.55
2025-09-05 11:00:00,0.7141,0.717,0.7126,0.7149,534863.66
2025-09-05 12:00:00,0.715,0.7306,0.7137,0.7304,3504904.19
2025-09-05 13:00:00,0.7304,0.7325,0.7238,0.727,2050776.7
2025-09-05 14:00:00,0.7271,0.7272,0.7018,0.7067,4550066.85
2025-09-05 15:00:00,0.7066,0.7133,0.7021,0.7083,1415034.48
2025-09-05 16:00:00,0.7082,0.7129,0.7063,0.7121,388836.69
2025-09-05 17:00:00,0.712,0.7123,0.7064,0.7098,470007.73
2025-09-05 18:00:00,0.7099,0.715,0.7067,0.7136,407640.42
2025-09-05 19:00:00,0.7136,0.7172,0.7126,0.7169,364067.75
2025-09-05 20:00:00,0.717,0.7206,0.7138,0.7206,539523.94
2025-09-05 21:00:00,0.7207,0.7214,0.7129,0.7165,1002965.89
2025-09-05 22:00:00,0.7165,0.7237,0.7163,0.7233,348133.67
2025-09-05 23:00:00,0.7232,0.7242,0.7189,0.7197,407968.64
2025-09-06 00:00:00,0.7198,0.7235,0.7177,0.7214,292722.47
2025-09-06 01:00:00,0.7214,0.7214,0.7167,0.7175,431260.09
2025-09-06 02:00:00,0.7176,0.7197,0.7141,0.7185,442902.34
2025-09-06 03:00:00,0.7184,0.7198,0.7172,0.7179,137304.9
2025-09-06 04:00:00,0.7178,0.7181,0.713,0.7154,209644.5
2025-09-06 05:00:00,0.7153,0.7154,0.7117,0.7128,209037.69
2025-09-06 06:00:00,0.7128,0.718,0.7122,0.7177,303533.32
2025-09-06 07:00:00,0.7176,0.7177,0.7124,0.7149,422827.17
2025-09-06 08:00:00,0.715,0.7152,0.7119,0.7123,115186.71
2025-09-06 09:00:00,0.7122,0.7122,0.7084,0.7096,262596.23
2025-09-06 10:00:00,0.7096,0.7166,0.7083,0.716,506503.27
2025-09-06 11:00:00,0.7161,0.7161,0.7115,0.7146,199568.63
2025-09-06 12:00:00,0.7145,0.7163,0.7124,0.7128,216027.26
2025-09-06 13:00:00,0.7128,0.7139,0.7108,0.7137,390470.1
2025-09-06 14:00:00,0.7138,0.7209,0.7135,0.7196,497768.31
2025-09-06 15:00:00,0.7197,0.7203,0.7126,0.7133,720700.28
2025-09-06 16:00:00,0.7132,0.7231,0.712,0.7228,911570.97
2025-09-06 17:00:00,0.7227,0.7228,0.7163,0.7196,553124.2
2025-09-06 18:00:00,0.7195,0.7201,0.7149,0.7162,534703.69
2025-09-06 19:00:00,0.7161,0.7166,0.7093,0.7101,376444.49
2025-09-06 20:00:00,0.71,0.7143,0.7096,0.7139,198164.54
2025-09-06 21:00:00,0.714,0.7143,0.7113,0.7142,258104.61
2025-09-06 22:00:00,0.7142,0.7177,0.714,0.7147,313674.39
2025-09-06 23:00:00,0.7148,0.7165,0.7119,0.7122,266729.03
2025-09-07 00:00:00,0.7123,0.7171,0.7122,0.7155,398706.82
2025-09-07 01:00:00,0.7154,0.7228,0.715,0.7211,751687.98
2025-09-07 02:00:00,0.721,0.7241,0.7191,0.7213,632119.37
2025-09-07 03:00:00,0.7213,0.7218,0.7193,0.7204,300291.44
2025-09-07 04:00:00,0.7205,0.7227,0.7203,0.7209,247844.05
2025-09-07 05:00:00,0.7209,0.7252,0.7195,0.7246,611220.64
2025-09-07 06:00:00,0.7246,0.7249,0.7186,0.7187,264397.93
2025-09-07 07:00:00,0.7186,0.7213,0.7168,0.7179,509381.37
2025-09-07 08:00:00,0.718,0.7235,0.718,0.7202,359495.31
2025-09-07 09:00:00,0.7201,0.7217,0.7155,0.7173,399242.4
2025-09-07 10:00:00,0.7174,0.7194,0.7174,0.7191,149148.27
2025-09-07 11:00:00,0.7192,0.7206,0.7178,0.7203,300761.9
2025-09-07 12:00:00,0.7202,0.7202,0.7168,0.7189,282019.57
2025-09-07 13:00:00,0.7188,0.7216,0.7186,0.7198,339633.22
2025-09-07 14:00:00,0.7198,0.7209,0.7168,0.7196,407642.04
2025-09-07 15:00:00,0.7196,0.7201,0.7159,0.7167,280563.05
2025-09-07 16:00:00,0.7167,0.7176,0.7135,0.7151,501304.49
2025-09-07 17:00:00,0.7151,0.7158,0.711,0.7122,538948.37
2025-09-07 18:00:00,0.7123,0.7147,0.7107,0.713,519570.7
2025-09-07 19:00:00,0.7129,0.7178,0.7127,0.7151,130479.51
2025-09-07 20:00:00,0.7151,0.7188,0.7138,0.7186,177320.47
2025-09-07 21:00:00,0.7187,0.7187,0.716,0.7166,209234.87
2025-09-07 22:00:00,0.7165,0.7217,0.7163,0.7216,295496.05
2025-09-07 23:00:00,0.7216,0.7269,0.7207,0.7208,433496.86
2025-09-08 00:00:00,0.7209,0.7231,0.7177,0.7191,478827.5
2025-09-08 01:00:00,0.7192,0.7215,0.718,0.7201,370761.32
2025-09-08 02:00:00,0.7202,0.7318,0.7188,0.7316,1193100.62
2025-09-08 03:00:00,0.7317,0.7372,0.73,0.733,1263103.48
2025-09-08 04:00:00,0.7329,0.7333,0.7239,0.7257,1040177.12
2025-09-08 05:00:00,0.7258,0.727,0.7215,0.7244,936019.08
2025-09-08 06:00:00,0.7245,0.7268,0.7201,0.7237,637266.38
2025-09-08 07:00:00,0.7237,0.7295,0.7218,0.7236,837535.22
2025-09-08 08:00:00,0.7236,0.7421,0.7233,0.7402,2307679.86
2025-09-08 09:00:00,0.7401,0.7436,0.7331,0.7383,2223490.93
2025-09-08 10:00:00,0.7384,0.7467,0.737,0.7394,896589.24
2025-09-08 11:00:00,0.7395,0.74,0.7303,0.7348,1282175.96
2025-09-08 12:00:00,0.7349,0.7382,0.7325,0.7364,688421.07
2025-09-08 13:00:00,0.7364,0.7435,0.7333,0.734,1540217.93
2025-09-08 14:00:00,0.734,0.7473,0.7333,0.7473,1147741.36
2025-09-08 15:00:00,0.7473,0.7542,0.7468,0.7509,2195115.29
2025-09-08 16:00:00,0.7508,0.7584,0.7486,0.752,3700164.3
2025-09-08 17:00:00,0.7519,0.758,0.7487,0.7492,1342473.72
2025-09-08 18:00:00,0.7492,0.7539,0.7477,0.753,544020.18
2025-09-08 19:00:00,0.753,0.7537,0.7463,0.749,462920.43
2025-09-08 20:00:00,0.7491,0.7518,0.7449,0.7488,688829.14
2025-09-08 21:00:00,0.7487,0.7552,0.7443,0.7551,1285184.02
2025-09-08 22:00:00,0.7552,0.7574,0.7527,0.7531,660234.97
2025-09-08 23:00:00,0.753,0.7543,0.7476,0.7516,673582.4
2025-09-09 00:00:00,0.7517,0.8,0.7517,0.7639,20264714.4
2025-09-09 01:00:00,0.7639,0.7649,0.7479,0.7495,2607043.58
2025-09-09 02:00:00,0.7495,0.7525,0.741,0.7446,1898233.89
2025-09-09 03:00:00,0.7447,0.7538,0.7432,0.7533,871297.97
2025-09-09 04:00:00,0.7533,0.7606,0.7495,0.7594,878754.14
2025-09-09 05:00:00,0.7593,0.7633,0.7538,0.7623,958145.15
2025-09-09 06:00:00,0.7623,0.7775,0.7611,0.7747,1771577.17
2025-09-09 07:00:00,0.7748,0.7818,0.7737,0.7811,2286229.6
2025-09-09 08:00:00,0.781,0.7852,0.7773,0.7842,1480192.75
2025-09-09 09:00:00,0.7842,0.7894,0.7807,0.7864,1283003.15
2025-09-09 10:00:00,0.7865,0.7885,0.7794,0.7808,2538567.98
2025-09-09 11:00:00,0.7808,0.788,0.7793,0.7831,1219994.9
2025-09-09 12:00:00,0.7829,0.7897,0.7728,0.773,2472343.01
2025-09-09 13:00:00,0.7729,0.7783,0.7684,0.7747,2056780.75
2025-09-09 14:00:00,0.7747,0.777,0.7558,0.7628,3434367.04
2025-09-09 15:00:00,0.7627,0.7637,0.7493,0.7554,2953466.63
2025-09-09 16:00:00,0.7556,0.7579,0.7472,0.7524,1538146.5
2025-09-09 17:00:00,0.7522,0.7572,0.7489,0.7509,522370.73
2025-09-09 18:00:00,0.751,0.7569,0.7487,0.7554,848444.78
2025-09-09 19:00:00,0.7555,0.7615,0.7545,0.7579,456929.1
2025-09-09 20:00:00,0.758,0.7589,0.7536,0.7584,441448.83
2025-09-09 21:00:00,0.7584,0.7615,0.7555,0.7566,638496.8
2025-09-09 22:00:00,0.7566,0.7631,0.7548,0.7631,326198.75
2025-09-09 23:00:00,0.7632,0.7666,0.7597,0.7639,693748.89
2025-09-10 00:00:00,0.7639,0.7663,0.758,0.76,1105225.53
2025-09-10 01:00:00,0.7599,0.774,0.759,0.7677,1071322.33
2025-09-10 02:00:00,0.7678,0.7756,0.7666,0.7719,1666830.72
2025-09-10 03:00:00,0.7718,0.7736,0.7678,0.7711,763791.39
2025-09-10 04:00:00,0.7712,0.7729,0.7681,0.7713,501257.96
2025-09-10 05:00:00,0.7712,0.7713,0.7635,0.767,1016245.48
2025-09-10 06:00:00,0.7669,0.7686,0.7613,0.7671,843721.45
2025-09-10 07:00:00,0.7672,0.775,0.7667,0.769,777096.61
2025-09-10 08:00:00,0.769,0.7721,0.7674,0.77,752629.38
2025-09-10 09:00:00,0.7701,0.7725,0.7658,0.77,649799.0
2025-09-10 10:00:00,0.7702,0.7725,0.767,0.7675,1024391.92
2025-09-10 11:00:00,0.7675,0.7706,0.766,0.7677,526392.38
2025-09-10 12:00:00,0.7679,0.783,0.7672,0.7784,2377981.33
2025-09-10 13:00:00,0.7784,0.789,0.7766,0.7849,2213970.32
2025-09-10 14:00:00,0.7849,0.7914,0.7774,0.779,1608118.14
2025-09-10 15:00:00,0.779,0.7822,0.7767,0.7794,589512.98
2025-09-10 16:00:00,0.7794,0.7823,0.7716,0.7815,1554155.38
2025-09-10 17:00:00,0.7816,0.7831,0.7739,0.7771,474266.75
2025-09-10 18:00:00,0.777,0.778,0.7722,0.7755,332493.19
2025-09-10 19:00:00,0.7755,0.776,0.763,0.7658,845970.48
2025-09-10 20:00:00,0.7659,0.769,0.7649,0.7685,249025.7
2025-09-10 21:00:00,0.7685,0.7722,0.7682,0.7711,288775.34
2025-09-10 22:00:00,0.7709,0.7734,0.77,0.7715,308830.94
2025-09-10 23:00:00,0.7716,0.7736,0.77,0.7735,308603.31
2025-09-11 00:00:00,0.7734,0.7755,0.7706,0.7755,336762.3
2025-09-11 01:00:00,0.7755,0.7816,0.774,0.7811,559874.7
2025-09-11 02:00:00,0.7809,0.7945,0.779,0.7868,2539763.84
2025-09-11 03:00:00,0.7868,0.7954,0.7838,0.7946,1104660.54
2025-09-11 04:00:00,0.7947,0.7953,0.7898,0.7911,1070994.96
2025-09-11 05:00:00,0.7911,0.7911,0.7832,0.7864,1448555.48
2025-09-11 06:00:00,0.7864,0.7913,0.7832,0.7907,1065508.42
2025-09-11 07:00:00,0.7907,0.7927,0.7881,0.7894,912576.48
2025-09-11 08:00:00,0.7894,0.7905,0.7867,0.7885,782774.1
2025-09-11 09:00:00,0.7884,0.7885,0.7813,0.7834,1058699.54
2025-09-11 10:00:00,0.7834,0.7848,0.7803,0.7821,649070.82
2025-09-11 11:00:00,0.7821,0.7839,0.7767,0.7775,708075.72
2025-09-11 12:00:00,0.7776,0.7926,0.7664,0.7792,5086592.03
2025-09-11 13:00:00,0.7793,0.7825,0.7684,0.7822,1392208.01
2025-09-11 14:00:00,0.7823,0.7827,0.7677,0.7738,900664.96
2025-09-11 15:00:00,0.7738,0.7771,0.769,0.77,922974.67
2025-09-11 16:00:00,0.77,0.777,0.7695,0.7725,657851.21
2025-09-11 17:00:00,0.7724,0.7796,0.7712,0.778,585072.02
2025-09-11 18:00:00,0.778,0.7795,0.7754,0.7778,288182.52
2025-09-11 19:00:00,0.7778,0.7825,0.7759,0.7811,380083.26
2025-09-11 20:00:00,0.7812,0.784,0.7784,0.7809,492032.1
2025-09-11 21:00:00,0.781,0.7845,0.7802,0.784,219934.4
2025-09-11 22:00:00,0.7841,0.7894,0.7835,0.7881,561489.27
2025-09-11 23:00:00,0.788,0.7916,0.788,0.79,445505.61
2025-09-12 00:00:00,0.7899,0.7997,0.7873,0.795,1694738.65
2025-09-12 01:00:00,0.7949,0.798,0.7865,0.7867,1575309.06
2025-09-12 02:00:00,0.7867,0.7908,0.784,0.7852,691155.39
2025-09-12 03:00:00,0.7852,0.7859,0.7781,0.7816,617326.97
2025-09-12 04:00:00,0.7815,0.7833,0.7785,0.7805,1227500.79
2025-09-12 05:00:00,0.7804,0.7896,0.779,0.7894,1059374.84
2025-09-12 06:00:00,0.7895,0.7905,0.7822,0.7835,704883.06
2025-09-12 07:00:00,0.7834,0.7883,0.7808,0.782,836285.03
2025-09-12 08:00:00,0.7821,0.7826,0.7761,0.7797,827168.88
2025-09-12 09:00:00,0.7798,0.7802,0.7723,0.7744,1197605.81
2025-09-12 10:00:00,0.7744,0.7762,0.7708,0.7753,669457.85
2025-09-12 11:00:00,0.7752,0.7789,0.7712,0.7718,715140.62
2025-09-12 12:00:00,0.7718,0.7769,0.7679,0.7758,661472.12
2025-09-12 13:00:00,0.7758,0.7797,0.7743,0.7789,886388.11
2025-09-12 14:00:00,0.7789,0.7855,0.7765,0.7812,1142221.98
2025-09-12 15:00:00,0.7811,0.7819,0.7725,0.7772,941093.25
2025-09-12 16:00:00,0.7771,0.791,0.7768,0.7902,1551477.01
2025-09-12 17:00:00,0.7903,0.8023,0.7881,0.7986,2608025.84
2025-09-12 18:00:00,0.7985,0.8078,0.7971,0.8053,1325285.15
2025-09-12 19:00:00,0.8054,0.8054,0.7998,0.8039,1091613.8
2025-09-12 20:00:00,0.8038,0.8043,0.797,0.8023,1381181.07
2025-09-12 21:00:00,0.8023,0.8023,0.7961,0.7989,1505922.99
2025-09-12 22:00:00,0.7989,0.8083,0.7988,0.8029,1119169.12
2025-09-12 23:00:00,0.803,0.8043,0.7996,0.8013,1719066.19
2025-09-13 00:00:00,0.8013,0.8031,0.7969,0.8029,900032.48
2025-09-13 01:00:00,0.8029,0.8088,0.7984,0.799,1235486.63
2025-09-13 02:00:00,0.799,0.8052,0.7952,0.8046,1067046.55
2025-09-13 03:00:00,0.8046,0.8091,0.8034,0.8065,1175262.38
2025-09-13 04:00:00,0.8064,0.8092,0.8041,0.8044,888888.11
2025-09-13 05:00:00,0.8043,0.8086,0.8022,0.8086,738339.73
2025-09-13 06:00:00,0.8086,0.8153,0.8085,0.8131,1207699.64
2025-09-13 07:00:00,0.8131,0.8134,0.8082,0.8084,601418.16
2025-09-13 08:00:00,0.8084,0.8178,0.8084,0.8177,1016432.07
2025-09-13 09:00:00,0.8178,0.8271,0.8174,0.8266,3278136.13
2025-09-13 10:00:00,0.8266,0.8341,0.8237,0.8261,2629498.0
2025-09-13 11:00:00,0.8261,0.8324,0.8204,0.8318,1561863.62
2025-09-13 12:00:00,0.8318,0.8341,0.8266,0.8324,1285359.54
2025-09-13 13:00:00,0.8323,0.836,0.8104,0.8207,2516548.77
2025-09-13 14:00:00,0.8207,0.827,0.8129,0.8241,2054509.83
2025-09-13 15:00:00,0.8241,0.8323,0.8189,0.8234,2074572.96
2025-09-13 16:00:00,0.8234,0.8275,0.8132,0.8161,2838067.91
2025-09-13 17:00:00,0.8162,0.8199,0.8053,0.8194,1446862.23
2025-09-13 18:00:00,0.8193,0.8202,0.8132,0.8195,1326635.47
2025-09-13 19:00:00,0.8196,0.8217,0.814,0.8192,784931.15
2025-09-13 20:00:00,0.8192,0.8263,0.8184,0.8238,549313.13
2025-09-13 21:00:00,0.8237,0.8268,0.8232,0.8237,438265.94
2025-09-13 22:00:00,0.8239,0.826,0.821,0.8226,492898.59
2025-09-13 23:00:00,0.8227,0.8238,0.8193,0.8203,434227.21
2025-09-14 00:00:00,0.8202,0.8219,0.8096,0.8124,739536.14
2025-09-14 01:00:00,0.8124,0.8133,0.8029,0.8133,1189379.77
2025-09-14 02:00:00,0.8133,0.819,0.8113,0.8175,749840.31
2025-09-14 03:00:00,0.8176,0.8182,0.8035,0.8046,795942.78
2025-09-14 04:00:00,0.8046,0.8083,0.797,0.8061,897110.39
2025-09-14 05:00:00,0.8063,0.8143,0.8058,0.8136,612831.05
2025-09-14 06:00:00,0.8136,0.8155,0.8044,0.8081,455396.13
2025-09-14 07:00:00,0.808,0.8093,0.8014,0.8041,497692.28
2025-09-14 08:00:00,0.8041,0.8066,0.7999,0.8034,892101.6
2025-09-14 09:00:00,0.8034,0.8087,0.802,0.8064,336100.96
2025-09-14 10:00:00,0.8062,0.8067,0.8025,0.8042,261418.37
2025-09-14 11:00:00,0.8043,0.8055,0.7873,0.7896,1965437.78
2025-09-14 12:00:00,0.7896,0.7953,0.7828,0.786,1410684.9
2025-09-14 13:00:00,0.7861,0.7877,0.7766,0.7795,2487699.48
2025-09-14 14:00:00,0.7796,0.7856,0.7704,0.7752,2328653.79
2025-09-14 15:00:00,0.7751,0.7782,0.7688,0.7757,1805584.18
2025-09-14 16:00:00,0.7757,0.784,0.7744,0.7803,1250885.69
2025-09-14 17:00:00,0.7803,0.7894,0.7795,0.7876,859711.47
2025-09-14 18:00:00,0.7875,0.7876,0.7822,0.7841,386815.91
2025-09-14 19:00:00,0.7841,0.7888,0.7815,0.7849,562264.34
2025-09-14 20:00:00,0.7849,0.7899,0.7845,0.7882,193685.84
2025-09-14 21:00:00,0.7881,0.7919,0.7839,0.7898,381805.82
2025-09-14 22:00:00,0.7899,0.7964,0.7868,0.7943,676330.05
2025-09-14 23:00:00,0.7943,0.7943,0.7835,0.7855,382737.58
2025-09-15 00:00:00,0.7854,0.7918,0.7843,0.7846,615558.27
2025-09-15 01:00:00,0.7845,0.7897,0.7758,0.7875,830517.67
2025-09-15 02:00:00,0.7873,0.7927,0.7859,0.7864,637196.24
2025-09-15 03:00:00,0.7864,0.8005,0.786,0.7988,664261.35
2025-09-15 04:00:00,0.7988,0.8057,0.797,0.7976,1197320.54
2025-09-15 05:00:00,0.7974,0.8077,0.7967,0.8036,1398127.16
2025-09-15 06:00:00,0.8037,0.8038,0.7806,0.7851,2292677.93
2025-09-15 07:00:00,0.7849,0.7925,0.7722,0.7735,2809447.81
2025-09-15 08:00:00,0.7734,0.7734,0.7463,0.7475,5868167.14
2025-09-15 09:00:00,0.7474,0.7578,0.7464,0.7552,1811078.89
2025-09-15 10:00:00,0.7552,0.7552,0.7468,0.7529,2097657.72
2025-09-15 11:00:00,0.7529,0.7546,0.7469,0.7503,870493.26
2025-09-15 12:00:00,0.7502,0.7532,0.7444,0.7455,1310569.06
2025-09-15 13:00:00,0.7454,0.7525,0.7434,0.7476,1255832.82
2025-09-15 14:00:00,0.7475,0.7523,0.741,0.7415,1577605.67
2025-09-15 15:00:00,0.7417,0.7449,0.7336,0.7395,1346511.55
2025-09-15 16:00:00,0.7395,0.7407,0.7321,0.734,1138233.29
2025-09-15 17:00:00,0.7339,0.7403,0.7313,0.7403,875343.08
2025-09-15 18:00:00,0.7402,0.741,0.7356,0.7397,356486.19
2025-09-15 19:00:00,0.7396,0.7434,0.7363,0.7405,924849.4
2025-09-15 20:00:00,0.7405,0.7443,0.7393,0.7437,416059.17
2025-09-15 21:00:00,0.7438,0.7451,0.7412,0.7442,396340.66
2025-09-15 22:00:00,0.7442,0.7457,0.74,0.7422,444082.16
2025-09-15 23:00:00,0.7423,0.7454,0.7408,0.7434,356060.66
2025-09-16 00:00:00,0.7433,0.7434,0.7397,0.7425,348921.46
2025-09-16 01:00:00,0.7426,0.7469,0.7391,0.7392,742389.21
2025-09-16 02:00:00,0.7393,0.7427,0.7391,0.7394,493387.03
2025-09-16 03:00:00,0.7394,0.743,0.7382,0.7398,483157.8
2025-09-16 04:00:00,0.7398,0.7407,0.7319,0.7404,718339.33
2025-09-16 05:00:00,0.7404,0.749,0.7393,0.749,656531.46
2025-09-16 06:00:00,0.749,0.7516,0.7426,0.7457,605714.52
2025-09-16 07:00:00,0.7458,0.7575,0.7458,0.7523,1097033.85
2025-09-16 08:00:00,0.7524,0.7623,0.7519,0.7609,1266949.18
2025-09-16 09:00:00,0.7608,0.7616,0.7558,0.7609,767798.45
2025-09-16 10:00:00,0.7609,0.7623,0.7542,0.7545,510971.77
2025-09-16 11:00:00,0.7544,0.758,0.7519,0.7563,402984.52
2025-09-16 12:00:00,0.7563,0.7597,0.7552,0.7568,330571.04
2025-09-16 13:00:00,0.7569,0.7655,0.7473,0.7579,2163250.86
2025-09-16 14:00:00,0.7579,0.7585,0.7457,0.757,1556165.44
2025-09-16 15:00:00,0.757,0.7677,0.7539,0.7676,1136063.08
2025-09-16 16:00:00,0.7676,0.7679,0.7601,0.7631,817826.32
2025-09-16 17:00:00,0.7631,0.776,0.7628,0.7706,1629963.73
2025-09-16 18:00:00,0.7706,0.7758,0.7702,0.7742,702669.49
2025-09-16 19:00:00,0.7742,0.7784,0.7725,0.7772,416146.11
2025-09-16 20:00:00,0.7773,0.7794,0.7745,0.7771,396420.8
2025-09-16 21:00:00,0.7771,0.7804,0.7758,0.7804,426795.53
2025-09-16 22:00:00,0.7805,0.7873,0.78,0.7849,693021.35
2025-09-16 23:00:00,0.785,0.785,0.7778,0.7787,1045322.42
2025-09-17 00:00:00,0.7788,0.7826,0.7767,0.7777,945887.53
2025-09-17 01:00:00,0.7777,0.7793,0.774,0.7773,768113.4
2025-09-17 02:00:00,0.7773,0.7871,0.7752,0.7826,1045296.84
2025-09-17 03:00:00,0.7826,0.7853,0.7759,0.7772,918142.75
2025-09-17 04:00:00,0.7773,0.781,0.7688,0.7724,813352.2
2025-09-17 05:00:00,0.7722,0.7791,0.7699,0.7791,638383.87
2025-09-17 06:00:00,0.7789,0.7836,0.7754,0.7833,843647.53
2025-09-17 07:00:00,0.7832,0.7832,0.7764,0.7776,972010.79
2025-09-17 08:00:00,0.7777,0.7778,0.7706,0.7743,642222.39
2025-09-17 09:00:00,0.7742,0.7755,0.7658,0.7658,652565.05
2025-09-17 10:00:00,0.7658,0.7682,0.7617,0.7638,642911.07
2025-09-17 11:00:00,0.7638,0.7699,0.7637,0.7671,740194.46
2025-09-17 12:00:00,0.7672,0.7704,0.763,0.7678,489688.23
2025-09-17 13:00:00,0.7678,0.7694,0.763,0.7662,556320.87
2025-09-17 14:00:00,0.7663,0.7685,0.7618,0.7639,541631.58
2025-09-17 15:00:00,0.7639,0.765,0.761,0.7625,299425.76
2025-09-17 16:00:00,0.7624,0.7686,0.7566,0.7676,908306.16
2025-09-17 17:00:00,0.7677,0.7784,0.7628,0.7633,1695949.72
2025-09-17 18:00:00,0.7632,0.7811,0.7605,0.7676,5378482.37
2025-09-17 19:00:00,0.7676,0.7943,0.7674,0.7934,2078694.86
2025-09-17 20:00:00,0.7934,0.8045,0.791,0.7929,1935248.94
2025-09-17 21:00:00,0.7928,0.8159,0.7856,0.8103,1792990.55
2025-09-17 22:00:00,0.8104,0.8173,0.8104,0.815,1214590.71
2025-09-17 23:00:00,0.8149,0.8195,0.8103,0.8119,1289028.54
2025-09-18 00:00:00,0.812,0.8272,0.8104,0.8128,2519478.43
2025-09-18 01:00:00,0.8128,0.819,0.8113,0.8142,971238.49
2025-09-18 02:00:00,0.8143,0.815,0.808,0.8146,1119541.44
2025-09-18 03:00:00,0.8146,0.8245,0.812,0.8196,1525705.9
2025-09-18 04:00:00,0.8197,0.8267,0.8166,0.8238,1172831.87
2025-09-18 05:00:00,0.8237,0.824,0.8175,0.8186,898333.6
2025-09-18 06:00:00,0.8187,0.8198,0.8053,0.8104,1880433.96
2025-09-18 07:00:00,0.8104,0.8175,0.8104,0.812,779422.95
2025-09-18 08:00:00,0.8118,0.8168,0.8093,0.8133,1040596.64
2025-09-18 09:00:00,0.8132,0.8145,0.8104,0.8135,477921.8
2025-09-18 10:00:00,0.8133,0.8143,0.8058,0.8093,904367.44
2025-09-18 11:00:00,0.8093,0.8157,0.8085,0.8156,1050287.81
2025-09-18 12:00:00,0.8156,0.8198,0.8129,0.8159,744068.75
2025-09-18 13:00:00,0.8158,0.82,0.812,0.8194,876212.99
2025-09-18 14:00:00,0.8195,0.831,0.8168,0.8194,2107401.86
2025-09-18 15:00:00,0.8194,0.826,0.8181,0.8223,895781.54
2025-09-18 16:00:00,0.8224,0.8293,0.822,0.8256,675534.72
2025-09-18 17:00:00,0.8255,0.834,0.8244,0.8332,971766.92
2025-09-18 18:00:00,0.8332,0.8376,0.8295,0.8366,742493.89
2025-09-18 19:00:00,0.8367,0.8374,0.8256,0.8308,815915.23
2025-09-18 20:00:00,0.831,0.8344,0.8301,0.833,738634.33
2025-09-18 21:00:00,0.833,0.8385,0.8303,0.8366,789589.25
2025-09-18 22:00:00,0.8364,0.8396,0.8328,0.8332,782008.12
2025-09-18 23:00:00,0.8332,0.8337,0.8263,0.8316,777580.62
2025-09-19 00:00:00,0.8316,0.8507,0.8316,0.8495,3010440.45
2025-09-19 01:00:00,0.8494,0.856,0.8442,0.8467,1706852.86
2025-09-19 02:00:00,0.8466,0.8554,0.8424,0.8459,1188339.35
2025-09-19 03:00:00,0.8459,0.8503,0.8343,0.8344,2023419.41
2025-09-19 04:00:00,0.8343,0.8367,0.8207,0.8359,2675574.23
2025-09-19 05:00:00,0.8359,0.8372,0.8265,0.8322,1100895.27
2025-09-19 06:00:00,0.8322,0.8341,0.824,0.8245,1230188.97
2025-09-19 07:00:00,0.8244,0.8343,0.8213,0.8319,1606127.97
2025-09-19 08:00:00,0.8318,0.8363,0.8256,0.8271,1465750.77
2025-09-19 09:00:00,0.8271,0.8355,0.8212,0.8248,1031731.05
2025-09-19 10:00:00,0.8246,0.8252,0.8149,0.8198,2238576.1
2025-09-19 11:00:00,0.8197,0.8199,0.8067,0.8106,1617564.01
2025-09-19 12:00:00,0.8105,0.8163,0.8096,0.8104,994573.4
2025-09-19 13:00:00,0.8103,0.8166,0.8085,0.8128,1160396.53
2025-09-19 14:00:00,0.8126,0.8153,0.8017,0.8061,1529249.45
2025-09-19 15:00:00,0.806,0.8066,0.7925,0.8026,2215413.98
2025-09-19 16:00:00,0.8025,0.8086,0.8017,0.8059,857880.16
2025-09-19 17:00:00,0.8061,0.8063,0.7966,0.7972,533623.23
2025-09-19 18:00:00,0.7972,0.799,0.7917,0.7955,506031.56
2025-09-19 19:00:00,0.7956,0.8006,0.7944,0.7946,313062.7
2025-09-19 20:00:00,0.7947,0.7999,0.7944,0.7946,301059.22
2025-09-19 21:00:00,0.7945,0.7988,0.7923,0.798,360138.1
2025-09-19 22:00:00,0.7979,0.7993,0.7964,0.7967,208584.64
2025-09-19 23:00:00,0.7967,0.7969,0.7849,0.7918,639980.23
2025-09-20 00:00:00,0.7917,0.7986,0.7885,0.7981,432747.58
2025-09-20 01:00:00,0.7981,0.7981,0.7907,0.793,554500.75
2025-09-20 02:00:00,0.7929,0.7945,0.7858,0.794,391887.37
2025-09-20 03:00:00,0.7939,0.7968,0.7916,0.7958,317077.4
2025-09-20 04:00:00,0.7957,0.8038,0.7942,0.8,377957.86
2025-09-20 05:00:00,0.8001,0.8043,0.7997,0.8035,543311.5
2025-09-20 06:00:00,0.8035,0.8103,0.8017,0.8064,881532.17
2025-09-20 07:00:00,0.8063,0.8093,0.8039,0.8075,427258.66
2025-09-20 08:00:00,0.8074,0.8079,0.7991,0.7996,890120.21
2025-09-20 09:00:00,0.7997,0.8018,0.7953,0.7965,472198.53
2025-09-20 10:00:00,0.7966,0.8023,0.7953,0.7955,683183.86
2025-09-20 11:00:00,0.7954,0.8013,0.7946,0.8013,408516.34
2025-09-20 12:00:00,0.8013,0.8032,0.7992,0.8032,413150.01
2025-09-20 13:00:00,0.8032,0.8054,0.7999,0.8038,450404.55
2025-09-20 14:00:00,0.8037,0.8178,0.7997,0.8163,815076.81
2025-09-20 15:00:00,0.8164,0.8263,0.8153,0.8175,1616442.48
2025-09-20 16:00:00,0.8176,0.8216,0.8138,0.8196,522440.76
2025-09-20 17:00:00,0.8197,0.8205,0.8121,0.8148,786307.81
2025-09-20 18:00:00,0.8147,0.815,0.8055,0.806,493166.92
2025-09-20 19:00:00,0.806,0.8088,0.803,0.8047,778220.88
2025-09-20 20:00:00,0.8047,0.8109,0.8038,0.8092,358050.14
2025-09-20 21:00:00,0.8092,0.8151,0.8086,0.8122,284953.7
2025-09-20 22:00:00,0.8122,0.8144,0.8093,0.8135,235733.21
2025-09-20 23:00:00,0.8134,0.8136,0.8072,0.8087,285449.26
2025-09-21 00:00:00,0.8087,0.8164,0.808,0.8129,633018.84
2025-09-21 01:00:00,0.813,0.816,0.8078,0.8089,269788.68
2025-09-21 02:00:00,0.8087,0.8152,0.8058,0.8147,472997.57
2025-09-21 03:00:00,0.8146,0.8158,0.8117,0.8153,338785.35
2025-09-21 04:00:00,0.8154,0.8156,0.803,0.806,2090071.59
2025-09-21 05:00:00,0.806,0.8138,0.8056,0.8138,574514.38
2025-09-21 06:00:00,0.8139,0.8187,0.8137,0.8147,641796.84
2025-09-21 07:00:00,0.8146,0.8198,0.812,0.8128,514416.89
2025-09-21 08:00:00,0.8129,0.8141,0.8035,0.8042,816019.46
2025-09-21 09:00:00,0.8041,0.8049,0.7864,0.7953,1942944.59
2025-09-21 10:00:00,0.7953,0.7983,0.7916,0.7916,515118.02
2025-09-21 11:00:00,0.7915,0.798,0.7907,0.7952,351286.33
2025-09-21 12:00:00,0.7953,0.8021,0.7948,0.7967,544361.64
2025-09-21 13:00:00,0.7966,0.7997,0.7951,0.7977,505560.21
2025-09-21 14:00:00,0.7976,0.7989,0.7891,0.7893,1106272.33
2025-09-21 15:00:00,0.7892,0.7921,0.7867,0.7877,728915.63
2025-09-21 16:00:00,0.7878,0.7895,0.7781,0.7812,1187783.05
2025-09-21 17:00:00,0.7812,0.7867,0.7766,0.7865,609775.99
2025-09-21 18:00:00,0.7866,0.7888,0.7841,0.7887,237062.87
2025-09-21 19:00:00,0.7889,0.7889,0.7817,0.7856,258710.83
2025-09-21 20:00:00,0.7855,0.7855,0.78,0.7806,290305.79
2025-09-21 21:00:00,0.7807,0.7838,0.7792,0.7814,224424.61
2025-09-21 22:00:00,0.7815,0.7852,0.7767,0.7847,414731.87
2025-09-21 23:00:00,0.7846,0.7846,0.7781,0.7788,380691.71
2025-09-22 00:00:00,0.7788,0.7816,0.7529,0.7553,4073264.42
2025-09-22 01:00:00,0.7552,0.7612,0.7495,0.7539,1964533.11
2025-09-22 02:00:00,0.754,0.7571,0.7348,0.7404,3190581.2
2025-09-22 03:00:00,0.7405,0.7484,0.7401,0.7466,1598973.27
2025-09-22 04:00:00,0.7465,0.7508,0.7437,0.7476,873710.8
2025-09-22 05:00:00,0.7475,0.7486,0.7322,0.7326,1074704.18
2025-09-22 06:00:00,0.7327,0.733,0.685,0.7167,13122609.82
2025-09-22 07:00:00,0.7166,0.7182,0.7081,0.7094,2598435.62
2025-09-22 08:00:00,0.7094,0.7121,0.7028,0.7082,1874146.55
2025-09-22 09:00:00,0.7082,0.7084,0.6997,0.7006,1644267.55
2025-09-22 10:00:00,0.7007,0.7118,0.6994,0.7118,1716166.23
2025-09-22 11:00:00,0.7117,0.7123,0.703,0.7049,1449773.26
2025-09-22 12:00:00,0.705,0.7084,0.7017,0.7048,1378223.28
2025-09-22 13:00:00,0.7048,0.7085,0.7006,0.7085,2021441.84
2025-09-22 14:00:00,0.7084,0.7093,0.6965,0.6988,2514462.84
2025-09-22 15:00:00,0.6987,0.7004,0.693,0.6939,2207208.78
2025-09-22 16:00:00,0.6938,0.698,0.6915,0.694,2107827.25
2025-09-22 17:00:00,0.694,0.7004,0.6907,0.6984,1511553.57
2025-09-22 18:00:00,0.6982,0.6999,0.6946,0.6946,684265.79
2025-09-22 19:00:00,0.6945,0.6962,0.686,0.6884,2024640.55
2025-09-22 20:00:00,0.6884,0.6982,0.6876,0.6968,924229.24
2025-09-22 21:00:00,0.6968,0.7008,0.6942,0.7001,550920.76
2025-09-22 22:00:00,0.7003,0.7011,0.6976,0.7006,597050.46
2025-09-22 23:00:00,0.7006,0.7038,0.6996,0.7036,451389.9
2025-09-23 00:00:00,0.7034,0.7067,0.6986,0.6987,652228.73
2025-09-23 01:00:00,0.6987,0.702,0.6944,0.6944,598421.31
2025-09-23 02:00:00,0.6946,0.6983,0.6889,0.6891,856737.4
2025-09-23 03:00:00,0.689,0.7047,0.6828,0.7024,1690086.96
2025-09-23 04:00:00,0.7025,0.7056,0.6955,0.6986,697253.19
2025-09-23 05:00:00,0.6985,0.7026,0.6944,0.6989,1292594.73
2025-09-23 06:00:00,0.699,0.7128,0.6986,0.7117,1302905.28
2025-09-23 07:00:00,0.7116,0.7131,0.7072,0.7076,1089559.28
2025-09-23 08:00:00,0.7077,0.7105,0.7051,0.706,1052054.22
2025-09-23 09:00:00,0.7059,0.7093,0.6997,0.7008,1301848.06
2025-09-23 10:00:00,0.7007,0.7055,0.6995,0.7041,577925.73
2025-09-23 11:00:00,0.7042,0.7044,0.6998,0.7026,388253.46
2025-09-23 12:00:00,0.7025,0.7058,0.6998,0.7023,562887.34
2025-09-23 13:00:00,0.7022,0.7057,0.6993,0.702,850321.74
2025-09-23 14:00:00,0.7021,0.7083,0.6992,0.7003,1139870.25
2025-09-23 15:00:00,0.7002,0.707,0.6957,0.7006,1233305.84
2025-09-23 16:00:00,0.7005,0.7077,0.6972,0.7047,1060278.43
2025-09-23 17:00:00,0.7046,0.7052,0.692,0.6933,513284.27
2025-09-23 18:00:00,0.6934,0.6959,0.6887,0.6905,760117.02
2025-09-23 19:00:00,0.6906,0.6959,0.6861,0.6883,655989.95
2025-09-23 20:00:00,0.6882,0.6932,0.6868,0.6932,453317.28
2025-09-23 21:00:00,0.6932,0.6946,0.6891,0.6929,492180.14
2025-09-23 22:00:00,0.6927,0.6927,0.6866,0.6873,534293.29
2025-09-23 23:00:00,0.6873,0.6881,0.68,0.6824,719666.72
2025-09-24 00:00:00,0.6825,0.6921,0.6821,0.6889,634447.64
2025-09-24 01:00:00,0.6889,0.6986,0.6869,0.6983,363739.99
2025-09-24 02:00:00,0.6982,0.6987,0.6932,0.6962,542464.38
2025-09-24 03:00:00,0.6961,0.6972,0.6824,0.6846,1030645.4
2025-09-24 04:00:00,0.6845,0.6957,0.6731,0.6903,2521212.08
2025-09-24 05:00:00,0.6902,0.7049,0.6895,0.7042,1159197.47
2025-09-24 06:00:00,0.7042,0.7048,0.6997,0.7034,1545020.37
2025-09-24 07:00:00,0.7035,0.7037,0.6982,0.7022,385409.51
2025-09-24 08:00:00,0.7022,0.7029,0.6986,0.7006,884154.77
2025-09-24 09:00:00,0.7005,0.7047,0.6993,0.7033,435701.81
2025-09-24 10:00:00,0.7034,0.7057,0.7007,0.7053,971203.52
2025-09-24 11:00:00,0.7053,0.7084,0.7041,0.7062,576576.61
2025-09-24 12:00:00,0.7063,0.7082,0.7039,0.7061,447155.48
2025-09-24 13:00:00,0.7061,0.7105,0.7001,0.7002,869913.48
2025-09-24 14:00:00,0.7003,0.7099,0.7003,0.7057,1001108.07
2025-09-24 15:00:00,0.7058,0.707,0.6941,0.6954,1047045.71
2025-09-24 16:00:00,0.6955,0.6974,0.6922,0.6954,563943.39
2025-09-24 17:00:00,0.6954,0.699,0.6931,0.6942,623466.54
2025-09-24 18:00:00,0.6942,0.6944,0.6898,0.6916,535961.1
2025-09-24 19:00:00,0.6916,0.6922,0.6871,0.6896,479251.27
2025-09-24 20:00:00,0.6897,0.6907,0.6851,0.6883,281403.76
2025-09-24 21:00:00,0.6882,0.6885,0.6801,0.6815,705830.54
2025-09-24 22:00:00,0.6814,0.6853,0.68,0.6808,499414.2
2025-09-24 23:00:00,0.6809,0.6834,0.6798,0.6822,349754.64
2025-09-25 00:00:00,0.6822,0.6835,0.6755,0.6765,833165.99
2025-09-25 01:00:00,0.6764,0.6791,0.6743,0.6776,1312473.93
2025-09-25 02:00:00,0.6776,0.6857,0.6716,0.6829,1770764.32
2025-09-25 03:00:00,0.6828,0.6828,0.671,0.6784,1021066.74
2025-09-25 04:00:00,0.6783,0.6801,0.6632,0.6687,2836621.53
2025-09-25 05:00:00,0.6687,0.6774,0.6651,0.6735,933327.05
2025-09-25 06:00:00,0.6734,0.6746,0.6662,0.6666,843318.16
2025-09-25 07:00:00,0.6666,0.6717,0.6657,0.6674,1673870.9
2025-09-25 08:00:00,0.6676,0.6736,0.667,0.671,1022740.87
2025-09-25 09:00:00,0.6709,0.6769,0.6687,0.6692,1212754.31
2025-09-25 10:00:00,0.6691,0.6761,0.6688,0.671,481568.64
2025-09-25 11:00:00,0.671,0.6732,0.6654,0.6681,744863.67
2025-09-25 12:00:00,0.6681,0.6731,0.6557,0.6685,2579544.14
2025-09-25 13:00:00,0.6685,0.6746,0.6618,0.668,1827065.03
2025-09-25 14:00:00,0.668,0.6789,0.668,0.6698,1231061.18
2025-09-25 15:00:00,0.6697,0.671,0.6654,0.6693,763481.14
2025-09-25 16:00:00,0.6693,0.6699,0.6527,0.6547,7123589.54
2025-09-25 17:00:00,0.6549,0.6551,0.6337,0.6375,6058449.45
2025-09-25 18:00:00,0.6375,0.656,0.634,0.656,2402256.65
2025-09-25 19:00:00,0.6559,0.66,0.6513,0.6521,591992.76
2025-09-25 20:00:00,0.6522,0.6533,0.6433,0.6446,774421.3
2025-09-25 21:00:00,0.6445,0.6513,0.6399,0.6468,945756.18
2025-09-25 22:00:00,0.6467,0.6505,0.6401,0.6433,571364.85
2025-09-25 23:00:00,0.6433,0.6468,0.6345,0.6413,1511617.28
2025-09-26 00:00:00,0.6414,0.6525,0.6395,0.6511,1050575.22
2025-09-26 01:00:00,0.6512,0.6536,0.6477,0.6503,883208.89
2025-09-26 02:00:00,0.6502,0.6534,0.6462,0.6488,1010059.35
2025-09-26 03:00:00,0.6488,0.6527,0.6467,0.6516,394662.9
2025-09-26 04:00:00,0.6515,0.6544,0.6484,0.6495,493770.74
2025-09-26 05:00:00,0.6497,0.6545,0.6476,0.648,706265.71
2025-09-26 06:00:00,0.6481,0.6524,0.644,0.6465,1280654.89
2025-09-26 07:00:00,0.6467,0.6516,0.6445,0.6509,748673.56
2025-09-26 08:00:00,0.6509,0.6545,0.6504,0.6517,1185580.17
2025-09-26 09:00:00,0.6518,0.6534,0.6433,0.6467,731769.44
2025-09-26 10:00:00,0.6466,0.6468,0.6391,0.6425,1093351.93
2025-09-26 11:00:00,0.6424,0.6459,0.6374,0.6433,800847.19
2025-09-26 12:00:00,0.6433,0.6536,0.6358,0.6487,2139639.77
2025-09-26 13:00:00,0.6487,0.6575,0.6443,0.6556,1591415.78
2025-09-26 14:00:00,0.6555,0.6567,0.648,0.6505,1099971.45
2025-09-26 15:00:00,0.6506,0.6564,0.6504,0.6542,859295.81
2025-09-26 16:00:00,0.6541,0.6627,0.6536,0.6608,1453024.39
2025-09-26 17:00:00,0.6609,0.6666,0.6586,0.6655,2250599.1
2025-09-26 18:00:00,0.6655,0.6687,0.6637,0.6661,799295.38
2025-09-26 19:00:00,0.6661,0.6664,0.6601,0.6634,718912.6
2025-09-26 20:00:00,0.6634,0.6657,0.6616,0.6639,500380.76
2025-09-26 21:00:00,0.6638,0.6693,0.663,0.669,509181.79
2025-09-26 22:00:00,0.6691,0.673,0.6688,0.669,621146.01
2025-09-26 23:00:00,0.6691,0.6702,0.6672,0.6695,390143.35
2025-09-27 00:00:00,0.6695,0.67,0.667,0.6695,309564.16
2025-09-27 01:00:00,0.6696,0.6696,0.666,0.6677,309470.89
2025-09-27 02:00:00,0.6676,0.6695,0.6662,0.6668,324433.01
2025-09-27 03:00:00,0.6668,0.6692,0.6655,0.6656,398893.14
2025-09-27 04:00:00,0.6655,0.6684,0.6653,0.6672,221442.37
2025-09-27 05:00:00,0.6673,0.6717,0.6647,0.6709,316442.15
2025-09-27 06:00:00,0.6709,0.6727,0.67,0.6721,307136.89
2025-09-27 07:00:00,0.6722,0.6738,0.6686,0.6689,309232.07
2025-09-27 08:00:00,0.6688,0.669,0.6632,0.6635,603475.43
2025-09-27 09:00:00,0.6635,0.6712,0.6603,0.671,1723455.77
2025-09-27 10:00:00,0.6709,0.676,0.6687,0.6749,994401.61
2025-09-27 11:00:00,0.6749,0.6768,0.6732,0.6754,369826.32
2025-09-27 12:00:00,0.6755,0.6761,0.6685,0.6733,2363681.65
2025-09-27 13:00:00,0.6732,0.6733,0.6696,0.6699,380618.28
2025-09-27 14:00:00,0.6698,0.6716,0.6687,0.6695,318404.49
2025-09-27 15:00:00,0.6694,0.6737,0.6654,0.673,189738.3
2025-09-27 16:00:00,0.6731,0.6734,0.6682,0.6689,241713.02
2025-09-27 17:00:00,0.669,0.669,0.6641,0.6686,465078.51
2025-09-27 18:00:00,0.6685,0.6692,0.665,0.6681,245031.43
2025-09-27 19:00:00,0.6681,0.6704,0.6666,0.6695,154446.66
2025-09-27 20:00:00,0.6695,0.6719,0.6691,0.6697,156480.27
2025-09-27 21:00:00,0.6696,0.6741,0.6691,0.6733,160333.67
2025-09-27 22:00:00,0.6733,0.6807,0.6733,0.676,532805.82
2025-09-27 23:00:00,0.676,0.6774,0.6724,0.6727,640243.4
2025-09-28 00:00:00,0.6728,0.6735,0.6678,0.6681,392261.76
2025-09-28 01:00:00,0.6682,0.6685,0.6632,0.665,292402.06
2025-09-28 02:00:00,0.6649,0.6677,0.6642,0.6661,313868.41
2025-09-28 03:00:00,0.6662,0.6679,0.6646,0.6676,175047.81
2025-09-28 04:00:00,0.6675,0.6675,0.6644,0.6657,192853.55
2025-09-28 05:00:00,0.6656,0.6667,0.6628,0.6634,117477.89
2025-09-28 06:00:00,0.6633,0.6643,0.6587,0.6606,804970.89
2025-09-28 07:00:00,0.6605,0.6623,0.6581,0.6583,1312921.79
2025-09-28 08:00:00,0.6583,0.6595,0.6553,0.6567,1223061.96
2025-09-28 09:00:00,0.6568,0.6594,0.6545,0.6577,247558.04
2025-09-28 10:00:00,0.6576,0.6604,0.6547,0.6591,332417.23
2025-09-28 11:00:00,0.6592,0.6594,0.6545,0.6568,520836.8
2025-09-28 12:00:00,0.6567,0.6569,0.6521,0.6549,280730.33
2025-09-28 13:00:00,0.6549,0.6663,0.6544,0.6657,605445.94
2025-09-28 14:00:00,0.6658,0.6671,0.6639,0.6648,256983.03
2025-09-28 15:00:00,0.6649,0.6662,0.6628,0.6641,216459.55
2025-09-28 16:00:00,0.6641,0.6699,0.6636,0.666,380640.39
2025-09-28 17:00:00,0.6659,0.6724,0.6647,0.6702,443189.18
2025-09-28 18:00:00,0.6702,0.6718,0.669,0.6718,181564.68
2025-09-28 19:00:00,0.6719,0.673,0.6682,0.6709,223079.15
2025-09-28 20:00:00,0.671,0.6766,0.6703,0.6731,290609.55
2025-09-28 21:00:00,0.6731,0.6757,0.6716,0.6733,231924.67
2025-09-28 22:00:00,0.6733,0.6854,0.6733,0.684,1172483.1
2025-09-28 23:00:00,0.6841,0.6856,0.6809,0.6826,636084.34
2025-09-29 00:00:00,0.6827,0.683,0.6793,0.6797,400912.53
2025-09-29 01:00:00,0.6797,0.6804,0.6772,0.6773,350274.95
2025-09-29 02:00:00,0.6774,0.682,0.6763,0.6796,205680.7
2025-09-29 03:00:00,0.6795,0.6814,0.6775,0.6802,483147.93
2025-09-29 04:00:00,0.6804,0.6808,0.6761,0.6764,237205.71
2025-09-29 05:00:00,0.6765,0.6765,0.6723,0.6752,325201.07
2025-09-29 06:00:00,0.6752,0.6752,0.6705,0.6705,237427.66
2025-09-29 07:00:00,0.6705,0.6754,0.6689,0.6741,427975.87
2025-09-29 08:00:00,0.6741,0.6795,0.6725,0.6773,189383.5
2025-09-29 09:00:00,0.6773,0.6801,0.6739,0.6756,264337.57
2025-09-29 10:00:00,0.6756,0.6778,0.6701,0.6703,237142.75
2025-09-29 11:00:00,0.6702,0.6709,0.666,0.6699,558542.37
2025-09-29 12:00:00,0.6698,0.672,0.6616,0.6627,426132.89
2025-09-29 13:00:00,0.6626,0.6771,0.6596,0.6747,1092086.7
2025-09-29 14:00:00,0.6748,0.686,0.6739,0.6827,1835342.9
2025-09-29 15:00:00,0.6828,0.685,0.6724,0.6732,958121.79
2025-09-29 16:00:00,0.6733,0.6765,0.6661,0.6665,480787.47
2025-09-29 17:00:00,0.6665,0.6695,0.6627,0.6683,642975.56
2025-09-29 18:00:00,0.6683,0.6683,0.6635,0.666,428410.51
2025-09-29 19:00:00,0.6661,0.6753,0.6652,0.6745,454714.64
2025-09-29 20:00:00,0.6746,0.683,0.6744,0.6823,564328.31
2025-09-29 21:00:00,0.6824,0.6841,0.6799,0.6804,254316.25
2025-09-29 22:00:00,0.6804,0.681,0.6755,0.6771,299167.28
2025-09-29 23:00:00,0.6772,0.6776,0.6736,0.674,232272.45
2025-09-30 00:00:00,0.6739,0.6757,0.6659,0.6664,845639.93
2025-09-30 01:00:00,0.6665,0.6721,0.6618,0.6657,796631.06
2025-09-30 02:00:00,0.6657,0.6683,0.6627,0.663,312321.93
2025-09-30 03:00:00,0.6629,0.668,0.6614,0.6642,483069.33
2025-09-30 04:00:00,0.6643,0.6682,0.6636,0.666,178087.54
2025-09-30 05:00:00,0.666,0.6704,0.6644,0.6688,309590.61
2025-09-30 06:00:00,0.6687,0.6705,0.6658,0.6659,347859.56
2025-09-30 07:00:00,0.6659,0.6677,0.6607,0.6633,337293.84
2025-09-30 08:00:00,0.6633,0.6645,0.6605,0.6609,295934.11
2025-09-30 09:00:00,0.6608,0.6649,0.6588,0.66,672093.78
2025-09-30 10:00:00,0.6599,0.6649,0.659,0.6635,267419.69
2025-09-30 11:00:00,0.6635,0.6668,0.6601,0.6662,404645.71
2025-09-30 12:00:00,0.6662,0.667,0.662,0.6622,369313.17
2025-09-30 13:00:00,0.6622,0.6671,0.66,0.663,559792.58
2025-09-30 14:00:00,0.663,0.6656,0.6599,0.6631,641096.9
2025-09-30 15:00:00,0.6631,0.6631,0.6504,0.6565,1255671.4
2025-09-30 16:00:00,0.6566,0.6575,0.652,0.6551,473272.23
2025-09-30 17:00:00,0.6551,0.6591,0.6539,0.654,981038.27
2025-09-30 18:00:00,0.6541,0.6589,0.6522,0.6581,717544.99
2025-09-30 19:00:00,0.6582,0.6722,0.6579,0.6711,626807.75
2025-09-30 20:00:00,0.6711,0.6769,0.6698,0.6757,510195.1
2025-09-30 21:00:00,0.6758,0.6778,0.6712,0.6713,512395.54
2025-09-30 22:00:00,0.6713,0.6754,0.6667,0.6675,407152.72
2025-09-30 23:00:00,0.6676,0.6711,0.6653,0.671,279123.82
2025-10-01 00:00:00,0.6711,0.673,0.664,0.6684,552565.21
2025-10-01 01:00:00,0.6683,0.6726,0.6663,0.6726,312099.4
2025-10-01 02:00:00,0.6725,0.6736,0.6694,0.6695,226967.89
2025-10-01 03:00:00,0.6695,0.6706,0.6626,0.6635,456910.37
2025-10-01 04:00:00,0.6634,0.6711,0.6628,0.6671,472335.35
2025-10-01 05:00:00,0.6672,0.6748,0.667,0.6712,661751.1
2025-10-01 06:00:00,0.6712,0.6715,0.6651,0.6657,469186.18
2025-10-01 07:00:00,0.6656,0.6701,0.6644,0.6668,336580.99
2025-10-01 08:00:00,0.6666,0.6944,0.6664,0.6926,2415735.12
2025-10-01 09:00:00,0.6927,0.6958,0.6912,0.6938,1420415.13
2025-10-01 10:00:00,0.694,0.6948,0.6874,0.6882,656158.52
2025-10-01 11:00:00,0.6882,0.6903,0.6866,0.6884,353240.65
2025-10-01 12:00:00,0.6884,0.6908,0.685,0.6853,544615.53
2025-10-01 13:00:00,0.6854,0.692,0.6853,0.6886,742680.86
2025-10-01 14:00:00,0.6887,0.6943,0.687,0.6913,606622.67
2025-10-01 15:00:00,0.6914,0.6974,0.6896,0.6964,697901.41
2025-10-01 16:00:00,0.6964,0.7003,0.6944,0.6963,1738806.61
2025-10-01 17:00:00,0.6962,0.6984,0.6937,0.6944,492687.97
2025-10-01 18:00:00,0.6946,0.7035,0.6946,0.7017,884281.6
2025-10-01 19:00:00,0.7018,0.7059,0.7008,0.7051,496829.48
2025-10-01 20:00:00,0.705,0.7057,0.7019,0.7025,656059.03
2025-10-01 21:00:00,0.7023,0.7023,0.6973,0.6987,636657.74
2025-10-01 22:00:00,0.6989,0.702,0.6984,0.7015,1000596.66
2025-10-01 23:00:00,0.7013,0.7057,0.7002,0.705,1221817.98
2025-10-02 00:00:00,0.705,0.7072,0.7032,0.7034,1085798.41
2025-10-02 01:00:00,0.7033,0.7145,0.7014,0.7141,903468.31
2025-10-02 02:00:00,0.714,0.7169,0.7094,0.7142,913701.25
2025-10-02 03:00:00,0.7143,0.7174,0.7132,0.7145,600771.63
2025-10-02 04:00:00,0.7145,0.7216,0.7136,0.7214,804606.96
2025-10-02 05:00:00,0.7215,0.7231,0.7171,0.7188,685506.05
2025-10-02 06:00:00,0.7188,0.726,0.717,0.7224,996752.88
2025-10-02 07:00:00,0.7223,0.7237,0.7156,0.7158,635054.49
2025-10-02 08:00:00,0.7159,0.7202,0.7151,0.7192,591560.54
2025-10-02 09:00:00,0.7191,0.7191,0.7158,0.7168,710050.18
2025-10-02 10:00:00,0.7168,0.7198,0.7127,0.7189,785691.98
2025-10-02 11:00:00,0.7189,0.7307,0.7173,0.7275,1828403.92
2025-10-02 12:00:00,0.7275,0.7398,0.7159,0.7187,3570132.02
2025-10-02 13:00:00,0.7186,0.7216,0.7105,0.7189,1479599.4
2025-10-02 14:00:00,0.7188,0.72,0.7138,0.7166,1288259.04
2025-10-02 15:00:00,0.7165,0.725,0.7082,0.7241,1263030.66
2025-10-02 16:00:00,0.7242,0.7306,0.7222,0.7261,1247643.45
2025-10-02 17:00:00,0.7261,0.7385,0.724,0.7359,705446.72
2025-10-02 18:00:00,0.736,0.7436,0.736,0.7411,944046.5
2025-10-02 19:00:00,0.7412,0.7486,0.7405,0.7464,931421.61
2025-10-02 20:00:00,0.7465,0.7502,0.7443,0.75,1079513.81
2025-10-02 21:00:00,0.75,0.7547,0.7474,0.7497,578084.95
2025-10-02 22:00:00,0.7495,0.7531,0.7467,0.7492,709463.25
2025-10-02 23:00:00,0.7493,0.7522,0.7465,0.7506,775984.09
2025-10-03 00:00:00,0.7508,0.751,0.7403,0.742,774638.19
2025-10-03 01:00:00,0.742,0.7454,0.7361,0.7365,739140.49
2025-10-03 02:00:00,0.7364,0.7423,0.7351,0.7415,726942.17
2025-10-03 03:00:00,0.7416,0.7491,0.7367,0.7377,726116.18
2025-10-03 04:00:00,0.7376,0.7454,0.7372,0.7424,592748.17
2025-10-03 05:00:00,0.7422,0.7426,0.7347,0.7373,1143008.12
2025-10-03 06:00:00,0.7373,0.7381,0.7292,0.7337,908981.28
2025-10-03 07:00:00,0.7337,0.734,0.7287,0.7319,749167.19
2025-10-03 08:00:00,0.7319,0.7322,0.7268,0.7317,1239750.92
2025-10-03 09:00:00,0.7316,0.7354,0.7289,0.7346,516352.06
2025-10-03 10:00:00,0.7344,0.7357,0.7313,0.7317,524520.06
2025-10-03 11:00:00,0.7316,0.7324,0.7274,0.7285,456271.61
2025-10-03 12:00:00,0.7284,0.7314,0.7269,0.7294,532441.89
2025-10-03 13:00:00,0.7293,0.7351,0.7236,0.7321,970598.13
2025-10-03 14:00:00,0.732,0.7363,0.7254,0.7332,1546589.59
2025-10-03 15:00:00,0.7331,0.7506,0.7297,0.7465,1457695.48
2025-10-03 16:00:00,0.7466,0.7601,0.746,0.7487,1937918.28
2025-10-03 17:00:00,0.7486,0.7486,0.7321,0.7355,3849282.01
2025-10-03 18:00:00,0.7356,0.7473,0.7313,0.7472,874682.74
2025-10-03 19:00:00,0.7472,0.7532,0.7439,0.7502,860376.16
2025-10-03 20:00:00,0.7503,0.7515,0.7475,0.7513,459413.27
2025-10-03 21:00:00,0.7514,0.7546,0.7469,0.7488,571116.79
2025-10-03 22:00:00,0.7488,0.7499,0.746,0.7465,368297.6
2025-10-03 23:00:00,0.7464,0.7466,0.7426,0.7445,417149.88
2025-10-04 00:00:00,0.7446,0.7486,0.7414,0.7459,451602.76
2025-10-04 01:00:00,0.746,0.7461,0.7379,0.7412,494227.11
2025-10-04 02:00:00,0.7412,0.7433,0.7351,0.7363,567052.17
2025-10-04 03:00:00,0.7362,0.7367,0.7302,0.7319,672336.89
2025-10-04 04:00:00,0.7318,0.7333,0.7283,0.7315,191423.13
2025-10-04 05:00:00,0.7314,0.7387,0.7312,0.7379,570224.92
2025-10-04 06:00:00,0.738,0.7418,0.736,0.7413,454514.86
2025-10-04 07:00:00,0.7413,0.7413,0.7316,0.7332,834055.45
2025-10-04 08:00:00,0.7331,0.7339,0.7248,0.7274,962103.96
2025-10-04 09:00:00,0.7272,0.7297,0.7229,0.7233,506443.42
2025-10-04 10:00:00,0.7232,0.7269,0.7169,0.719,697107.52
2025-10-04 11:00:00,0.7191,0.7221,0.718,0.72,466115.14
2025-10-04 12:00:00,0.7199,0.7254,0.7197,0.7226,529530.25
2025-10-04 13:00:00,0.7226,0.7333,0.7222,0.7284,697606.0
2025-10-04 14:00:00,0.7284,0.7317,0.7204,0.7204,306071.96
2025-10-04 15:00:00,0.7203,0.7228,0.7131,0.7164,791632.81
2025-10-04 16:00:00,0.7164,0.7231,0.7145,0.7228,404606.04
2025-10-04 17:00:00,0.7228,0.7258,0.7197,0.7226,645108.39
2025-10-04 18:00:00,0.7227,0.723,0.7195,0.7205,227397.94
2025-10-04 19:00:00,0.7205,0.7236,0.7205,0.7236,239422.6
2025-10-04 20:00:00,0.7236,0.7255,0.722,0.722,242481.04
2025-10-04 21:00:00,0.722,0.7255,0.7219,0.7229,135179.61
2025-10-04 22:00:00,0.7229,0.727,0.7223,0.7254,157105.17
2025-10-04 23:00:00,0.7256,0.726,0.7233,0.7247,311202.64
2025-10-05 00:00:00,0.7247,0.7305,0.7206,0.7208,306825.02
2025-10-05 01:00:00,0.7209,0.7253,0.7207,0.7245,196841.55
2025-10-05 02:00:00,0.7246,0.738,0.7227,0.7376,1187986.72
2025-10-05 03:00:00,0.7376,0.742,0.7345,0.7353,1132378.07
2025-10-05 04:00:00,0.7352,0.7483,0.7346,0.7446,1696507.35
2025-10-05 05:00:00,0.7447,0.7489,0.743,0.7449,786572.7
2025-10-05 06:00:00,0.7449,0.7465,0.7391,0.7406,494388.28
2025-10-05 07:00:00,0.7406,0.7534,0.7406,0.7534,726488.5
2025-10-05 08:00:00,0.7534,0.7576,0.7474,0.7498,1438623.37
2025-10-05 09:00:00,0.7498,0.7508,0.7403,0.7418,1254386.38
2025-10-05 10:00:00,0.7419,0.742,0.735,0.7366,995450.9
2025-10-05 11:00:00,0.7365,0.7387,0.7325,0.7383,611827.48
2025-10-05 12:00:00,0.7383,0.7388,0.7327,0.7332,493552.61
2025-10-05 13:00:00,0.7333,0.7379,0.7332,0.7361,498887.72
2025-10-05 14:00:00,0.7362,0.7413,0.7305,0.7341,1070935.05
2025-10-05 15:00:00,0.734,0.7387,0.7331,0.7366,378972.01
2025-10-05 16:00:00,0.7367,0.7381,0.7279,0.7346,1048820.42
2025-10-05 17:00:00,0.7347,0.7365,0.7239,0.7246,739676.57
2025-10-05 18:00:00,0.7247,0.727,0.7213,0.7239,756658.17
2025-10-05 19:00:00,0.7239,0.724,0.7134,0.7144,654650.57
2025-10-05 20:00:00,0.7143,0.7195,0.7124,0.7168,346730.47
2025-10-05 21:00:00,0.7167,0.7195,0.7152,0.7191,333554.27
2025-10-05 22:00:00,0.7191,0.7219,0.7164,0.72,398407.56
2025-10-05 23:00:00,0.7202,0.7218,0.7182,0.7186,262747.51
2025-10-06 00:00:00,0.7186,0.7258,0.714,0.7165,737692.94
2025-10-06 01:00:00,0.7165,0.7291,0.7138,0.7253,1103548.52
2025-10-06 02:00:00,0.7253,0.7328,0.7206,0.7288,796275.51
2025-10-06 03:00:00,0.7287,0.7321,0.7266,0.7294,1071866.61
2025-10-06 04:00:00,0.7292,0.7299,0.7217,0.722,418368.0
2025-10-06 05:00:00,0.7219,0.7272,0.7195,0.7267,471185.61
2025-10-06 06:00:00,0.7266,0.7387,0.7264,0.7352,1163646.77
2025-10-06 07:00:00,0.7351,0.737,0.7269,0.7295,798741.26
2025-10-06 08:00:00,0.7296,0.7348,0.7285,0.7342,767132.22
2025-10-06 09:00:00,0.7343,0.7381,0.7331,0.7369,556261.36
2025-10-06 10:00:00,0.7368,0.7381,0.7323,0.7363,671241.52
2025-10-06 11:00:00,0.7362,0.7434,0.7338,0.7391,538206.22
2025-10-06 12:00:00,0.7391,0.7489,0.7391,0.7476,1065699.03
2025-10-06 13:00:00,0.7477,0.7629,0.746,0.762,3410902.19
2025-10-06 14:00:00,0.7621,0.7629,0.7524,0.7541,2193887.64
2025-10-06 15:00:00,0.7541,0.763,0.7532,0.7591,1691915.35
2025-10-06 16:00:00,0.7592,0.7629,0.7544,0.7589,939775.39
2025-10-06 17:00:00,0.7589,0.7654,0.7553,0.7613,2183386.82
2025-10-06 18:00:00,0.7613,0.7639,0.7575,0.7618,855043.95
2025-10-06 19:00:00,0.7617,0.764,0.7598,0.7633,793091.67
2025-10-06 20:00:00,0.7633,0.7664,0.7604,0.7617,826370.14
2025-10-06 21:00:00,0.7616,0.7628,0.7561,0.7599,624275.22
2025-10-06 22:00:00,0.76,0.7635,0.759,0.7617,754934.84
2025-10-06 23:00:00,0.7618,0.7629,0.7566,0.758,431146.16
2025-10-07 00:00:00,0.7581,0.7621,0.7571,0.7617,533377.18
2025-10-07 01:00:00,0.7616,0.7628,0.7534,0.7548,701855.79
2025-10-07 02:00:00,0.7547,0.7566,0.7508,0.752,476551.04
2025-10-07 03:00:00,0.7519,0.7528,0.7469,0.7483,550458.27
2025-10-07 04:00:00,0.7482,0.7553,0.7428,0.7533,961931.71
2025-10-07 05:00:00,0.7533,0.7533,0.749,0.7495,756693.59
2025-10-07 06:00:00,0.7496,0.7508,0.7385,0.7399,1108443.8
2025-10-07 07:00:00,0.7398,0.7432,0.7364,0.7386,725286.97
2025-10-07 08:00:00,0.7385,0.7385,0.7292,0.7359,1638199.21
2025-10-07 09:00:00,0.7359,0.7403,0.7354,0.7372,1322841.79
2025-10-07 10:00:00,0.7371,0.7414,0.7354,0.7384,540254.72
2025-10-07 11:00:00,0.7383,0.7452,0.738,0.7438,727120.63
2025-10-07 12:00:00,0.7437,0.7459,0.7371,0.7459,1255459.63
2025-10-07 13:00:00,0.746,0.7467,0.7291,0.7361,1969050.0
2025-10-07 14:00:00,0.736,0.7369,0.7189,0.7189,3318202.51
2025-10-07 15:00:00,0.719,0.7213,0.7073,0.7094,5188870.61
2025-10-07 16:00:00,0.7093,0.7182,0.7027,0.7145,2650502.86
2025-10-07 17:00:00,0.7146,0.7177,0.7086,0.709,1171827.99
2025-10-07 18:00:00,0.709,0.713,0.708,0.7091,746308.59
2025-10-07 19:00:00,0.709,0.7132,0.7062,0.7106,766965.84
2025-10-07 20:00:00,0.7106,0.7219,0.7098,0.7185,807085.77
2025-10-07 21:00:00,0.7184,0.7228,0.7154,0.7173,420454.08
2025-10-07 22:00:00,0.7173,0.7202,0.7155,0.7166,410101.19
2025-10-07 23:00:00,0.7167,0.7169,0.7087,0.7118,663266.74
2025-10-08 00:00:00,0.7117,0.7184,0.71,0.7161,359169.04
2025-10-08 01:00:00,0.716,0.7237,0.7155,0.7211,255582.03
2025-10-08 02:00:00,0.721,0.7211,0.7152,0.7163,411100.28
2025-10-08 03:00:00,0.7162,0.7164,0.7009,0.7067,1099782.7
2025-10-08 04:00:00,0.7068,0.7124,0.7016,0.7112,723715.72
2025-10-08 05:00:00,0.7112,0.7112,0.7033,0.7064,769503.81
2025-10-08 06:00:00,0.7063,0.7088,0.7036,0.7079,536950.31
2025-10-08 07:00:00,0.7079,0.7125,0.7061,0.7124,347212.93
2025-10-08 08:00:00,0.7126,0.7205,0.7111,0.7183,628958.87
2025-10-08 09:00:00,0.7183,0.7204,0.7138,0.7172,664912.27
2025-10-08 10:00:00,0.7173,0.7206,0.7163,0.7181,667152.53
2025-10-08 11:00:00,0.7182,0.7204,0.7126,0.7141,477203.7
2025-10-08 12:00:00,0.7142,0.716,0.7112,0.7127,603195.68
2025-10-08 13:00:00,0.7128,0.7159,0.7093,0.7155,813680.71
2025-10-08 14:00:00,0.7155,0.7256,0.7106,0.7126,954805.02
2025-10-08 15:00:00,0.7125,0.7199,0.7122,0.7167,728470.06
2025-10-08 16:00:00,0.7167,0.7288,0.7147,0.7288,662188.92
2025-10-08 17:00:00,0.7289,0.7448,0.7272,0.7428,1398523.47
2025-10-08 18:00:00,0.7427,0.7439,0.7324,0.7358,1445734.71
2025-10-08 19:00:00,0.7357,0.7371,0.7315,0.7345,616543.06
2025-10-08 20:00:00,0.7346,0.7358,0.7282,0.7288,335490.22
2025-10-08 21:00:00,0.7287,0.7335,0.7284,0.7317,304544.52
2025-10-08 22:00:00,0.7316,0.7362,0.7315,0.7323,285022.54
2025-10-08 23:00:00,0.7322,0.7329,0.7295,0.731,350618.66
2025-10-09 00:00:00,0.7309,0.7329,0.7267,0.7267,380146.22
2025-10-09 01:00:00,0.7267,0.7274,0.7205,0.7246,649982.87
2025-10-09 02:00:00,0.7245,0.7248,0.7071,0.7091,686081.06
2025-10-09 03:00:00,0.7091,0.72,0.7091,0.7184,342674.05
2025-10-09 04:00:00,0.7183,0.7225,0.7163,0.7198,283610.09
2025-10-09 05:00:00,0.7198,0.7216,0.7154,0.7164,445829.75
2025-10-09 06:00:00,0.7165,0.7165,0.7092,0.7106,606503.03
2025-10-09 07:00:00,0.7106,0.7117,0.7053,0.7065,641621.91
2025-10-09 08:00:00,0.7065,0.7077,0.6913,0.6924,2322884.22
2025-10-09 09:00:00,0.6925,0.6994,0.6923,0.6973,920030.96
2025-10-09 10:00:00,0.6974,0.7,0.6946,0.698,736336.86
2025-10-09 11:00:00,0.6979,0.7023,0.6979,0.7001,628558.46
2025-10-09 12:00:00,0.7002,0.7083,0.6996,0.7068,1057846.72
2025-10-09 13:00:00,0.7067,0.7078,0.6934,0.6939,940634.47
2025-10-09 14:00:00,0.6938,0.6978,0.6852,0.6919,1974755.87
2025-10-09 15:00:00,0.692,0.6971,0.6883,0.6906,1157314.69
2025-10-09 16:00:00,0.6905,0.6943,0.6835,0.6855,1203984.97
2025-10-09 17:00:00,0.6854,0.6995,0.6849,0.699,961137.66
2025-10-09 18:00:00,0.6991,0.6998,0.6938,0.6938,519514.61
2025-10-09 19:00:00,0.6938,0.6993,0.6936,0.698,336069.28
2025-10-09 20:00:00,0.6979,0.7014,0.6958,0.6971,315287.51
2025-10-09 21:00:00,0.6971,0.7005,0.696,0.7004,152876.68
2025-10-09 22:00:00,0.7005,0.7096,0.6998,0.7071,494354.93
2025-10-09 23:00:00,0.7072,0.7081,0.7041,0.7068,565096.26
2025-10-10 00:00:00,0.7069,0.7116,0.7063,0.7102,539666.31
2025-10-10 01:00:00,0.7103,0.7132,0.7082,0.7099,222397.87
2025-10-10 02:00:00,0.71,0.7122,0.7063,0.7088,303832.06
2025-10-10 03:00:00,0.7089,0.729,0.7044,0.7198,1629161.22
2025-10-10 04:00:00,0.7197,0.7243,0.7165,0.7191,686339.82
2025-10-10 05:00:00,0.7191,0.7282,0.7152,0.7262,738664.71
2025-10-10 06:00:00,0.7263,0.729,0.7172,0.7201,1228115.88
2025-10-10 07:00:00,0.72,0.7214,0.7137,0.7143,723107.14
2025-10-10 08:00:00,0.7143,0.7211,0.7131,0.7203,666029.98
2025-10-10 09:00:00,0.7202,0.7259,0.7168,0.7181,714823.82
2025-10-10 10:00:00,0.7179,0.7259,0.7175,0.7248,516363.53
2025-10-10 11:00:00,0.7251,0.7273,0.7211,0.7237,429745.43
2025-10-10 12:00:00,0.7237,0.728,0.7231,0.7262,704431.99
2025-10-10 13:00:00,0.7262,0.7343,0.7247,0.7273,1209480.21
2025-10-10 14:00:00,0.7273,0.7291,0.7091,0.7117,1522969.07
2025-10-10 15:00:00,0.7118,0.7129,0.6773,0.6877,7146993.89
2025-10-10 16:00:00,0.6876,0.6952,0.6855,0.6874,1769969.82
2025-10-10 17:00:00,0.6873,0.6884,0.6773,0.68,1405287.96
2025-10-10 18:00:00,0.68,0.6821,0.6753,0.6761,1252100.18
2025-10-10 19:00:00,0.6762,0.6784,0.6593,0.6653,3315986.4
2025-10-10 20:00:00,0.6653,0.6706,0.608,0.6198,9130146.75
2025-10-10 21:00:00,0.6198,0.749,0.1625,0.4559,42945810.31
2025-10-10 22:00:00,0.4543,0.4897,0.4001,0.4748,33862995.39
2025-10-10 23:00:00,0.4752,0.5205,0.4691,0.4976,18149032.47
2025-10-11 00:00:00,0.4975,0.5111,0.4853,0.4996,17333489.33
2025-10-11 01:00:00,0.4995,0.5002,0.4721,0.4771,6840804.33
2025-10-11 02:00:00,0.477,0.5066,0.4766,0.4994,9359795.82
2025-10-11 03:00:00,0.4993,0.5005,0.4775,0.4839,5439983.59
2025-10-11 04:00:00,0.4841,0.4928,0.4821,0.491,4211500.46
2025-10-11 05:00:00,0.4909,0.4926,0.4748,0.4797,4406326.93
2025-10-11 06:00:00,0.4798,0.4889,0.4777,0.4807,3326354.66
2025-10-11 07:00:00,0.4809,0.4893,0.4761,0.4832,4445458.34
2025-10-11 08:00:00,0.4832,0.4989,0.4781,0.4979,5047753.97
2025-10-11 09:00:00,0.498,0.5062,0.4905,0.4918,2833047.29
2025-10-11 10:00:00,0.4918,0.501,0.4914,0.4942,3419680.91
2025-10-11 11:00:00,0.4943,0.495,0.4863,0.4923,2368233.47
2025-10-11 12:00:00,0.4922,0.4939,0.4785,0.48,3558848.11
2025-10-11 13:00:00,0.48,0.4827,0.4687,0.4808,3979994.87
2025-10-11 14:00:00,0.4809,0.4814,0.4753,0.4805,4793168.57
2025-10-11 15:00:00,0.4804,0.489,0.4803,0.4847,4759101.64
2025-10-11 16:00:00,0.4848,0.4879,0.479,0.4816,1848314.82
2025-10-11 17:00:00,0.4816,0.4858,0.4807,0.4846,1186091.97
2025-10-11 18:00:00,0.4847,0.4849,0.4795,0.4796,1359486.78
2025-10-11 19:00:00,0.4796,0.4797,0.4535,0.459,4256266.18
2025-10-11 20:00:00,0.4589,0.4598,0.4459,0.4493,6084786.4
2025-10-11 21:00:00,0.4494,0.4559,0.4383,0.4535,5326732.82
2025-10-11 22:00:00,0.4535,0.4599,0.4534,0.4574,1294298.35
2025-10-11 23:00:00,0.4573,0.4581,0.4545,0.4561,1806134.38
2025-10-12 00:00:00,0.4563,0.4601,0.4497,0.4508,1465788.08
2025-10-12 01:00:00,0.4508,0.4567,0.4476,0.4481,1867109.11
2025-10-12 02:00:00,0.448,0.4552,0.4448,0.4484,3599191.01
2025-10-12 03:00:00,0.4483,0.4614,0.4472,0.4565,2621464.97
2025-10-12 04:00:00,0.4565,0.4639,0.4545,0.4599,1372183.3
2025-10-12 05:00:00,0.4599,0.4616,0.4581,0.4593,1047710.4
2025-10-12 06:00:00,0.4593,0.4668,0.459,0.4655,1496684.9
2025-10-12 07:00:00,0.4655,0.4668,0.4607,0.463,1147561.37
2025-10-12 08:00:00,0.463,0.465,0.4573,0.4577,1087513.07
2025-10-12 09:00:00,0.4576,0.4607,0.4526,0.4604,1406062.35
2025-10-12 10:00:00,0.4604,0.463,0.4565,0.4574,811944.06
2025-10-12 11:00:00,0.4575,0.4613,0.4565,0.4573,1881954.59
2025-10-12 12:00:00,0.4572,0.4625,0.4563,0.4591,1601610.08
2025-10-12 13:00:00,0.4591,0.4623,0.4498,0.4518,1709919.9
2025-10-12 14:00:00,0.4518,0.4775,0.4506,0.4695,6747057.85
2025-10-12 15:00:00,0.4697,0.4879,0.4686,0.4827,8370935.57
2025-10-12 16:00:00,0.4826,0.4934,0.4797,0.4863,8372018.19
2025-10-12 17:00:00,0.4863,0.4929,0.485,0.4901,4398096.66
2025-10-12 18:00:00,0.49,0.4939,0.4826,0.4854,2790625.58
2025-10-12 19:00:00,0.4855,0.4965,0.4852,0.4958,1368906.53
2025-10-12 20:00:00,0.4958,0.4998,0.492,0.4935,2521062.82
2025-10-12 21:00:00,0.4937,0.4975,0.4834,0.4907,1725846.09
2025-10-12 22:00:00,0.4907,0.4946,0.4862,0.4887,1266630.35
2025-10-12 23:00:00,0.4886,0.4886,0.4823,0.4873,1015187.71
2025-10-13 00:00:00,0.4872,0.4919,0.4786,0.4813,1854688.27
2025-10-13 01:00:00,0.4811,0.4861,0.478,0.486,878318.93
2025-10-13 02:00:00,0.4859,0.4878,0.4795,0.483,1168028.45
2025-10-13 03:00:00,0.4829,0.4858,0.4782,0.4792,1835926.47
2025-10-13 04:00:00,0.4793,0.481,0.475,0.4804,1038524.81
2025-10-13 05:00:00,0.4805,0.4814,0.4768,0.477,1417357.45
2025-10-13 06:00:00,0.477,0.4861,0.4743,0.485,2098955.71
2025-10-13 07:00:00,0.4851,0.4947,0.4833,0.4866,3353501.06
2025-10-13 08:00:00,0.4866,0.4977,0.4858,0.4943,2997757.67
2025-10-13 09:00:00,0.4943,0.4966,0.4875,0.4966,2169409.89
2025-10-13 10:00:00,0.4966,0.4989,0.4924,0.4954,2723314.38
2025-10-13 11:00:00,0.4953,0.4954,0.4713,0.4808,7458055.29
2025-10-13 12:00:00,0.4807,0.491,0.4761,0.4822,3234433.38
2025-10-13 13:00:00,0.4821,0.4954,0.4769,0.4876,12818147.1
2025-10-13 14:00:00,0.4875,0.4897,0.4699,0.4716,6418532.34
2025-10-13 15:00:00,0.4717,0.4832,0.4711,0.4791,3485348.26
2025-10-13 16:00:00,0.479,0.4815,0.4719,0.4755,3958562.0
2025-10-13 17:00:00,0.4755,0.488,0.4743,0.4875,3429642.52
2025-10-13 18:00:00,0.4874,0.4994,0.4808,0.493,8629874.15
2025-10-13 19:00:00,0.4931,0.5046,0.4927,0.5035,3362653.9
2025-10-13 20:00:00,0.5034,0.5108,0.5004,0.5102,2407089.96
2025-10-13 21:00:00,0.5102,0.5118,0.5053,0.5056,2717703.81
2025-10-13 22:00:00,0.5057,0.509,0.504,0.5073,915526.84
2025-10-13 23:00:00,0.5074,0.5099,0.5019,0.5021,2195563.67
2025-10-14 00:00:00,0.5022,0.5062,0.4997,0.5012,1537716.06
2025-10-14 01:00:00,0.5011,0.503,0.4962,0.5019,2879241.68
2025-10-14 02:00:00,0.5019,0.5019,0.4915,0.4929,2626501.2
2025-10-14 03:00:00,0.4928,0.4932,0.4857,0.4862,2403826.06
2025-10-14 04:00:00,0.4862,0.488,0.4741,0.4765,3072314.53
2025-10-14 05:00:00,0.4765,0.4816,0.4697,0.473,2546322.27
2025-10-14 06:00:00,0.4729,0.4771,0.4503,0.4603,8508777.5
2025-10-14 07:00:00,0.4603,0.4629,0.4555,0.4587,4914928.86
2025-10-14 08:00:00,0.4586,0.4771,0.4547,0.4739,7121121.49
2025-10-14 09:00:00,0.4738,0.4794,0.4682,0.4699,4179007.14
2025-10-14 10:00:00,0.4699,0.4699,0.4524,0.4591,7018328.64
2025-10-14 11:00:00,0.4592,0.4625,0.4578,0.4592,3162521.47
2025-10-14 12:00:00,0.4592,0.46,0.4535,0.4541,2278809.55
2025-10-14 13:00:00,0.4541,0.4628,0.4492,0.4583,3509923.57
2025-10-14 14:00:00,0.4582,0.4678,0.4556,0.4612,3515624.14
2025-10-14 15:00:00,0.4613,0.4772,0.4589,0.4761,3964392.28
2025-10-14 16:00:00,0.4762,0.4852,0.4712,0.4763,5246023.35
2025-10-14 17:00:00,0.4763,0.4854,0.4689,0.4806,4692755.85
2025-10-14 18:00:00,0.4807,0.4886,0.4803,0.4841,2820324.75
2025-10-14 19:00:00,0.4841,0.4873,0.4721,0.4792,3417607.2
2025-10-14 20:00:00,0.4793,0.4844,0.4765,0.4829,1643995.5
2025-10-14 21:00:00,0.4829,0.485,0.4787,0.4846,786000.97
2025-10-14 22:00:00,0.4846,0.4878,0.4809,0.4828,795849.94
2025-10-14 23:00:00,0.4827,0.4862,0.4826,0.4852,457589.37
2025-10-15 00:00:00,0.4852,0.4859,0.4796,0.4845,642623.94
2025-10-15 01:00:00,0.4844,0.4847,0.4783,0.4825,761708.35
2025-10-15 02:00:00,0.4826,0.488,0.4815,0.484,1196753.07
2025-10-15 03:00:00,0.484,0.4852,0.4758,0.4788,1569578.13
2025-10-15 04:00:00,0.479,0.4852,0.4767,0.4842,699825.87
2025-10-15 05:00:00,0.4843,0.4869,0.4805,0.4822,866190.76
2025-10-15 06:00:00,0.4821,0.4853,0.4768,0.4844,1221810.88
2025-10-15 07:00:00,0.4843,0.4877,0.4828,0.487,950695.96
2025-10-15 08:00:00,0.4869,0.4938,0.4849,0.4853,2571206.52
2025-10-15 09:00:00,0.4852,0.4852,0.4785,0.4797,1440515.99
2025-10-15 10:00:00,0.4797,0.4822,0.4768,0.4788,982207.57
2025-10-15 11:00:00,0.4787,0.48,0.4727,0.4755,1185329.87
2025-10-15 12:00:00,0.4754,0.4763,0.4682,0.4712,1300245.84
2025-10-15 13:00:00,0.4712,0.4746,0.4599,0.4706,2241913.83
2025-10-15 14:00:00,0.4707,0.4771,0.4641,0.4676,1529368.35
2025-10-15 15:00:00,0.4676,0.4708,0.4601,0.464,1246491.49
2025-10-15 16:00:00,0.464,0.4652,0.4608,0.4622,1005092.44
2025-10-15 17:00:00,0.4621,0.4643,0.4574,0.4639,1752084.33
2025-10-15 18:00:00,0.4638,0.4644,0.4603,0.4636,631198.17
2025-10-15 19:00:00,0.4635,0.4635,0.4558,0.4582,1072254.32
2025-10-15 20:00:00,0.4584,0.4604,0.4489,0.455,1650343.31
2025-10-15 21:00:00,0.455,0.4593,0.4506,0.4535,964556.18
2025-10-15 22:00:00,0.4536,0.4579,0.4521,0.4531,604411.26
2025-10-15 23:00:00,0.453,0.4577,0.4525,0.4561,987963.14
2025-10-16 00:00:00,0.456,0.4573,0.4534,0.4542,572674.17
2025-10-16 01:00:00,0.4543,0.4612,0.4543,0.4605,409305.47
2025-10-16 02:00:00,0.4606,0.4631,0.4572,0.4609,837478.03
2025-10-16 03:00:00,0.4609,0.4615,0.4563,0.4566,563180.36
2025-10-16 04:00:00,0.4567,0.4618,0.4558,0.4573,574324.46
2025-10-16 05:00:00,0.4573,0.4611,0.4543,0.4574,1358184.62
2025-10-16 06:00:00,0.4575,0.4636,0.457,0.4624,1157747.46
2025-10-16 07:00:00,0.4625,0.4627,0.4565,0.4581,1252190.03
2025-10-16 08:00:00,0.4582,0.4587,0.452,0.4538,1228040.33
2025-10-16 09:00:00,0.4537,0.4606,0.4372,0.457,5073639.16
2025-10-16 10:00:00,0.4568,0.4642,0.4568,0.4594,1615542.05
2025-10-16 11:00:00,0.4594,0.4616,0.4564,0.4609,1011532.28
2025-10-16 12:00:00,0.461,0.465,0.4601,0.4608,1384533.94
2025-10-16 13:00:00,0.4607,0.4641,0.457,0.4585,1476459.34
2025-10-16 14:00:00,0.4585,0.4608,0.4486,0.4531,3129612.78
2025-10-16 15:00:00,0.4533,0.4541,0.4346,0.437,4175147.57
2025-10-16 16:00:00,0.4369,0.4496,0.4297,0.4492,5378667.56
2025-10-16 17:00:00,0.4491,0.4491,0.4401,0.4412,2204395.95
2025-10-16 18:00:00,0.4411,0.4417,0.4352,0.4392,1305817.03
2025-10-16 19:00:00,0.4393,0.4399,0.4263,0.4299,2454480.59
2025-10-16 20:00:00,0.43,0.4317,0.4207,0.4245,2982450.75
2025-10-16 21:00:00,0.4246,0.4301,0.4227,0.4299,1068295.37
2025-10-16 22:00:00,0.4299,0.4306,0.423,0.4233,1373156.81
2025-10-16 23:00:00,0.4232,0.4284,0.4224,0.4276,1007122.56
2025-10-17 00:00:00,0.4276,0.429,0.4256,0.4288,937072.58
2025-10-17 01:00:00,0.4288,0.4332,0.4265,0.4286,979046.99
2025-10-17 02:00:00,0.4286,0.4299,0.4244,0.4286,771378.82
2025-10-17 03:00:00,0.4284,0.4322,0.4283,0.4321,608013.07
2025-10-17 04:00:00,0.4322,0.4346,0.431,0.431,804277.56
2025-10-17 05:00:00,0.431,0.4325,0.4267,0.4277,1063059.68
2025-10-17 06:00:00,0.4278,0.4298,0.4112,0.4137,3886080.67
2025-10-17 07:00:00,0.4136,0.4145,0.3995,0.4018,6433051.45
2025-10-17 08:00:00,0.4019,0.405,0.3944,0.3988,6228204.93
2025-10-17 09:00:00,0.399,0.4127,0.3981,0.4057,2623609.83
2025-10-17 10:00:00,0.4057,0.4078,0.3977,0.4051,3866065.28
2025-10-17 11:00:00,0.4052,0.4192,0.4038,0.4169,3270122.59
2025-10-17 12:00:00,0.4168,0.4211,0.4153,0.4156,1792719.08
2025-10-17 13:00:00,0.4156,0.4223,0.4122,0.4198,2621050.84
2025-10-17 14:00:00,0.4197,0.4217,0.4101,0.4154,2889168.82
2025-10-17 15:00:00,0.4154,0.4221,0.413,0.4219,1890666.45
2025-10-17 16:00:00,0.422,0.4287,0.418,0.4191,2475796.35
2025-10-17 17:00:00,0.4191,0.4232,0.4181,0.4216,1103245.5
2025-10-17 18:00:00,0.4217,0.4256,0.4195,0.4206,2375399.89
2025-10-17 19:00:00,0.4207,0.4222,0.4168,0.419,613368.84
2025-10-17 20:00:00,0.4191,0.4238,0.4177,0.4225,768460.86
2025-10-17 21:00:00,0.4224,0.4277,0.4224,0.4246,989017.0
2025-10-17 22:00:00,0.4248,0.4254,0.4209,0.4223,489597.43
2025-10-17 23:00:00,0.4223,0.4223,0.4188,0.4193,378112.52
2025-10-18 00:00:00,0.4194,0.4219,0.418,0.4203,483879.99
2025-10-18 01:00:00,0.4204,0.4253,0.4204,0.4249,421827.6
2025-10-18 02:00:00,0.4249,0.4268,0.4215,0.4224,460706.25
2025-10-18 03:00:00,0.4224,0.4252,0.4224,0.4238,453373.81
2025-10-18 04:00:00,0.4237,0.4237,0.4191,0.4195,533915.18
2025-10-18 05:00:00,0.4194,0.423,0.4183,0.4229,447752.67
2025-10-18 06:00:00,0.423,0.4249,0.4199,0.4233,456648.74
2025-10-18 07:00:00,0.4234,0.4307,0.4214,0.4225,1552137.57
2025-10-18 08:00:00,0.4225,0.4249,0.4214,0.4216,364351.99
2025-10-18 09:00:00,0.4217,0.4265,0.4211,0.4256,421114.54
2025-10-18 10:00:00,0.4255,0.4274,0.424,0.4273,466872.41
2025-10-18 11:00:00,0.4272,0.4292,0.4261,0.4283,473649.1
2025-10-18 12:00:00,0.4284,0.4297,0.4265,0.4269,364467.16
2025-10-18 13:00:00,0.4269,0.4269,0.422,0.4226,587342.7
2025-10-18 14:00:00,0.4225,0.4253,0.4197,0.4241,706224.13
2025-10-18 15:00:00,0.424,0.4254,0.4207,0.4224,498421.53
2025-10-18 16:00:00,0.4224,0.423,0.4182,0.421,498102.71
2025-10-18 17:00:00,0.421,0.4264,0.4195,0.4257,410022.82
2025-10-18 18:00:00,0.4258,0.4268,0.4242,0.4246,393859.4
2025-10-18 19:00:00,0.4246,0.4262,0.4239,0.4259,229242.94
2025-10-18 20:00:00,0.426,0.429,0.4257,0.4262,342244.5
2025-10-18 21:00:00,0.4261,0.4282,0.4238,0.4276,332735.17
2025-10-18 22:00:00,0.4276,0.43,0.4267,0.4283,686735.27
2025-10-18 23:00:00,0.4282,0.4285,0.4266,0.4277,234191.32
2025-10-19 00:00:00,0.4277,0.4282,0.4242,0.4257,399315.5
2025-10-19 01:00:00,0.4257,0.4276,0.424,0.427,241184.1
2025-10-19 02:00:00,0.4271,0.4278,0.4252,0.4256,251088.13
2025-10-19 03:00:00,0.4256,0.4324,0.4251,0.4314,697695.59
2025-10-19 04:00:00,0.4314,0.4322,0.4271,0.4275,388028.3
2025-10-19 05:00:00,0.4276,0.4303,0.4261,0.427,480740.7
2025-10-19 06:00:00,0.4268,0.4273,0.4241,0.4258,356905.53
2025-10-19 07:00:00,0.4258,0.4286,0.4255,0.4274,309784.83
2025-10-19 08:00:00,0.4275,0.4333,0.4229,0.4239,2513912.24
2025-10-19 09:00:00,0.4238,0.4339,0.4207,0.43,2352272.09
2025-10-19 10:00:00,0.4302,0.4375,0.4281,0.4355,2025736.17
2025-10-19 11:00:00,0.4355,0.4403,0.4338,0.4347,2089812.69
2025-10-19 12:00:00,0.4347,0.4357,0.4312,0.4328,1017925.23
2025-10-19 13:00:00,0.4329,0.4417,0.4313,0.4397,1035226.56
2025-10-19 14:00:00,0.4397,0.4427,0.437,0.4411,2030710.42
2025-10-19 15:00:00,0.4411,0.4415,0.4375,0.4394,1251806.91
2025-10-19 16:00:00,0.4393,0.4415,0.437,0.4403,905548.84
2025-10-19 17:00:00,0.4404,0.4452,0.4388,0.4396,2556676.46
2025-10-19 18:00:00,0.4397,0.4418,0.4389,0.4412,494561.1
2025-10-19 19:00:00,0.4412,0.4417,0.4385,0.4416,479498.33
2025-10-19 20:00:00,0.4416,0.444,0.4411,0.4439,621116.49
2025-10-19 21:00:00,0.4439,0.4443,0.4397,0.4421,390854.94
2025-10-19 22:00:00,0.4422,0.4439,0.4419,0.4432,579848.39
2025-10-19 23:00:00,0.443,0.4431,0.4378,0.4385,887892.81
2025-10-20 00:00:00,0.4385,0.4385,0.4304,0.4366,1210339.49
2025-10-20 01:00:00,0.4367,0.4386,0.435,0.4361,505954.66
2025-10-20 02:00:00,0.4361,0.4391,0.4329,0.4382,465440.31
2025-10-20 03:00:00,0.4382,0.4512,0.4373,0.4491,879303.05
2025-10-20 04:00:00,0.4492,0.4509,0.4478,0.4497,768438.74
2025-10-20 05:00:00,0.4497,0.4515,0.448,0.4501,545763.72
2025-10-20 06:00:00,0.4502,0.4565,0.4499,0.4551,1418991.29
2025-10-20 07:00:00,0.4551,0.4551,0.4478,0.4492,857505.17
2025-10-20 08:00:00,0.4492,0.4513,0.4455,0.4484,1243445.66
2025-10-20 09:00:00,0.4484,0.4508,0.4478,0.45,1399295.64
2025-10-20 10:00:00,0.45,0.4534,0.4481,0.45,1011323.7
2025-10-20 11:00:00,0.45,0.4509,0.4484,0.4499,434576.98
2025-10-20 12:00:00,0.4498,0.4515,0.4488,0.4505,490548.98
2025-10-20 13:00:00,0.4506,0.4563,0.4492,0.4558,736744.36
2025-10-20 14:00:00,0.4559,0.4578,0.4523,0.4557,1623016.55
2025-10-20 15:00:00,0.4558,0.4565,0.4489,0.4489,1447205.5
2025-10-20 16:00:00,0.4488,0.4492,0.4395,0.4455,2880529.46
2025-10-20 17:00:00,0.4456,0.4484,0.4415,0.4444,983197.97
2025-10-20 18:00:00,0.4445,0.4467,0.443,0.4464,445224.7
2025-10-20 19:00:00,0.4464,0.4521,0.4449,0.4506,637152.14
2025-10-20 20:00:00,0.4505,0.4522,0.449,0.452,535773.05
2025-10-20 21:00:00,0.452,0.4524,0.4483,0.4494,765361.93
2025-10-20 22:00:00,0.4493,0.4504,0.4481,0.4494,330522.62
2025-10-20 23:00:00,0.4493,0.4497,0.4468,0.4472,498013.97
2025-10-21 00:00:00,0.4469,0.448,0.4456,0.4457,570460.8
2025-10-21 01:00:00,0.4458,0.4461,0.4409,0.4423,958469.77
2025-10-21 02:00:00,0.4423,0.4423,0.4377,0.4385,830920.09
2025-10-21 03:00:00,0.4386,0.4394,0.4357,0.4363,769163.73
2025-10-21 04:00:00,0.4363,0.4369,0.4266,0.4273,2072052.25
2025-10-21 05:00:00,0.4273,0.4304,0.4259,0.4278,898124.37
2025-10-21 06:00:00,0.4279,0.4321,0.427,0.431,672612.26
2025-10-21 07:00:00,0.431,0.4339,0.4292,0.4336,765956.96
2025-10-21 08:00:00,0.4335,0.4335,0.4271,0.4301,940345.8
2025-10-21 09:00:00,0.43,0.432,0.4287,0.4306,595029.08
2025-10-21 10:00:00,0.4307,0.4385,0.4304,0.4365,730267.6
2025-10-21 11:00:00,0.4364,0.4371,0.4341,0.4355,586856.35
2025-10-21 12:00:00,0.4356,0.4424,0.4344,0.4387,1164113.97
2025-10-21 13:00:00,0.4388,0.4426,0.436,0.4387,1461067.59
2025-10-21 14:00:00,0.4389,0.4595,0.4387,0.4588,3461331.18
2025-10-21 15:00:00,0.4588,0.4671,0.4563,0.4623,5835187.98
2025-10-21 16:00:00,0.4621,0.4667,0.4551,0.4564,3205288.72
2025-10-21 17:00:00,0.4565,0.4626,0.4528,0.4609,2525407.19
2025-10-21 18:00:00,0.461,0.4628,0.4578,0.4595,1201050.48
2025-10-21 19:00:00,0.4594,0.4603,0.457,0.457,486788.39
2025-10-21 20:00:00,0.4571,0.458,0.4502,0.452,1190215.3
2025-10-21 21:00:00,0.4519,0.4532,0.4433,0.45,2020378.47
2025-10-21 22:00:00,0.45,0.4502,0.4393,0.4403,1784032.15
2025-10-21 23:00:00,0.4402,0.4408,0.4317,0.4334,1333324.1
2025-10-22 00:00:00,0.4333,0.4361,0.4294,0.4316,1585445.74
2025-10-22 01:00:00,0.4317,0.4355,0.4312,0.4333,1178338.19
2025-10-22 02:00:00,0.4334,0.4357,0.4328,0.4332,394205.95
2025-10-22 03:00:00,0.4332,0.4354,0.4308,0.4353,504106.37
2025-10-22 04:00:00,0.4352,0.4384,0.4349,0.4371,683150.42
2025-10-22 05:00:00,0.437,0.437,0.4279,0.4324,1629373.96
2025-10-22 06:00:00,0.4323,0.4324,0.4299,0.43,498967.97
2025-10-22 07:00:00,0.43,0.4342,0.4284,0.4334,1040262.01
2025-10-22 08:00:00,0.4334,0.4334,0.43,0.4308,722028.74
2025-10-22 09:00:00,0.4308,0.4322,0.4278,0.4293,1120617.32
2025-10-22 10:00:00,0.4293,0.4313,0.4273,0.4275,802816.73
2025-10-22 11:00:00,0.4275,0.4355,0.4227,0.4323,2855542.21
2025-10-22 12:00:00,0.4322,0.4349,0.4303,0.4311,867158.68
2025-10-22 13:00:00,0.4311,0.4371,0.4289,0.4365,1508921.83
2025-10-22 14:00:00,0.4364,0.4371,0.4271,0.4351,3196661.02
2025-10-22 15:00:00,0.4352,0.4372,0.4277,0.4327,1720732.62
2025-10-22 16:00:00,0.4327,0.4341,0.4275,0.4304,2001090.25
2025-10-22 17:00:00,0.4304,0.4319,0.4231,0.425,1423627.76
2025-10-22 18:00:00,0.4249,0.4268,0.4217,0.4234,863919.29
2025-10-22 19:00:00,0.4235,0.4285,0.4188,0.4232,1646688.04
2025-10-22 20:00:00,0.4232,0.4247,0.4179,0.4184,1066552.08
2025-10-22 21:00:00,0.4184,0.4186,0.4046,0.4114,3684354.74
2025-10-22 22:00:00,0.4113,0.4145,0.4096,0.4118,960348.02
2025-10-22 23:00:00,0.4117,0.4203,0.4115,0.4194,1216139.82
2025-10-23 00:00:00,0.4195,0.4212,0.4182,0.4199,937701.28
2025-10-23 01:00:00,0.4199,0.423,0.4194,0.4199,694563.27
2025-10-23 02:00:00,0.42,0.4217,0.4197,0.4204,337386.35
2025-10-23 03:00:00,0.4204,0.4233,0.4202,0.4211,480485.82
2025-10-23 04:00:00,0.4212,0.4243,0.4206,0.4222,261161.94
2025-10-23 05:00:00,0.4222,0.4238,0.4217,0.4236,187175.82
2025-10-23 06:00:00,0.4236,0.4303,0.4231,0.4298,1360128.68
2025-10-23 07:00:00,0.4298,0.4299,0.4266,0.4282,505586.28
2025-10-23 08:00:00,0.4283,0.4316,0.4282,0.4301,667158.19
2025-10-23 09:00:00,0.4301,0.4323,0.4298,0.4321,758571.83
2025-10-23 10:00:00,0.4322,0.4343,0.4307,0.4307,911175.17
2025-10-23 11:00:00,0.4306,0.4311,0.4272,0.4282,553463.45
2025-10-23 12:00:00,0.4281,0.4287,0.4235,0.4287,996780.84
2025-10-23 13:00:00,0.4287,0.4334,0.4264,0.4312,851984.32
2025-10-23 14:00:00,0.4313,0.4317,0.426,0.4295,908874.74
2025-10-23 15:00:00,0.4296,0.4348,0.4284,0.4328,1105515.68
2025-10-23 16:00:00,0.4327,0.4377,0.4317,0.4372,1274321.78
2025-10-23 17:00:00,0.4373,0.4401,0.4332,0.439,1215209.13
2025-10-23 18:00:00,0.439,0.4394,0.434,0.4348,681058.99
2025-10-23 19:00:00,0.4349,0.4352,0.4324,0.4345,474586.57
2025-10-23 20:00:00,0.4344,0.4345,0.4275,0.4297,820020.88
2025-10-23 21:00:00,0.4296,0.4313,0.4288,0.4298,366587.51
2025-10-23 22:00:00,0.4299,0.4332,0.4298,0.4327,358631.55
2025-10-23 23:00:00,0.4326,0.4337,0.4314,0.4336,246267.67
2025-10-24 00:00:00,0.4337,0.4359,0.4325,0.4347,456459.4
2025-10-24 01:00:00,0.4346,0.4354,0.4325,0.4341,300107.24
2025-10-24 02:00:00,0.434,0.4341,0.4316,0.4332,336805.52
2025-10-24 03:00:00,0.4332,0.4332,0.4309,0.4321,306973.59
2025-10-24 04:00:00,0.4321,0.4415,0.4311,0.4405,1166824.43
2025-10-24 05:00:00,0.4405,0.4434,0.4394,0.4425,657173.98
2025-10-24 06:00:00,0.4424,0.4441,0.4411,0.4439,603593.44
2025-10-24 07:00:00,0.444,0.4441,0.4382,0.4402,610045.66
2025-10-24 08:00:00,0.4402,0.4451,0.4383,0.4437,552135.8
2025-10-24 09:00:00,0.4436,0.4436,0.4408,0.4413,405327.3
2025-10-24 10:00:00,0.4414,0.4415,0.4388,0.4394,365941.38
2025-10-24 11:00:00,0.4394,0.4414,0.4358,0.4413,507280.96
2025-10-24 12:00:00,0.4413,0.4531,0.4413,0.4454,2269524.91
2025-10-24 13:00:00,0.4455,0.4464,0.4387,0.4432,1117441.76
2025-10-24 14:00:00,0.4431,0.4431,0.4348,0.4384,1064491.04
2025-10-24 15:00:00,0.4383,0.4413,0.4352,0.4365,879417.86
2025-10-24 16:00:00,0.4366,0.4374,0.4333,0.4359,483728.26
2025-10-24 17:00:00,0.436,0.4393,0.4357,0.4368,677754.5
2025-10-24 18:00:00,0.4367,0.4416,0.4363,0.4415,324677.93
2025-10-24 19:00:00,0.4416,0.4458,0.4416,0.4446,904973.28
2025-10-24 20:00:00,0.4448,0.4478,0.4442,0.4471,310733.3
2025-10-24 21:00:00,0.4471,0.4494,0.4467,0.4491,502075.08
2025-10-24 22:00:00,0.4491,0.4496,0.4475,0.4484,298903.29
2025-10-24 23:00:00,0.4483,0.449,0.4469,0.4482,342031.03
2025-10-25 00:00:00,0.4481,0.4484,0.4457,0.4464,285336.89
2025-10-25 01:00:00,0.4465,0.4473,0.4445,0.4458,342290.7
2025-10-25 02:00:00,0.4458,0.447,0.4447,0.4452,302004.35
2025-10-25 03:00:00,0.4452,0.4453,0.4429,0.443,408582.7
2025-10-25 04:00:00,0.4429,0.4452,0.4428,0.4438,350846.51
2025-10-25 05:00:00,0.4437,0.4438,0.4414,0.4427,208341.44
2025-10-25 06:00:00,0.4427,0.4428,0.4405,0.4406,393505.9
2025-10-25 07:00:00,0.4407,0.4438,0.44,0.4403,443647.12
2025-10-25 08:00:00,0.4404,0.4421,0.4402,0.4419,191978.74
2025-10-25 09:00:00,0.4418,0.4421,0.4401,0.4406,339983.93
2025-10-25 10:00:00,0.4406,0.4414,0.4385,0.4406,319538.47
2025-10-25 11:00:00,0.4405,0.4435,0.44,0.4431,249712.21
2025-10-25 12:00:00,0.4431,0.4463,0.4428,0.4449,632905.92
2025-10-25 13:00:00,0.445,0.4458,0.4435,0.4445,477518.65
2025-10-25 14:00:00,0.4445,0.4473,0.4438,0.4468,378206.65
2025-10-25 15:00:00,0.4468,0.4474,0.4452,0.4464,289907.22
2025-10-25 16:00:00,0.4464,0.4475,0.4452,0.4459,491494.78
2025-10-25 17:00:00,0.446,0.4483,0.4457,0.4467,173016.64
2025-10-25 18:00:00,0.4466,0.4506,0.4461,0.4498,850099.96
2025-10-25 19:00:00,0.4497,0.4505,0.4487,0.4505,520500.82
2025-10-25 20:00:00,0.4505,0.451,0.4484,0.4488,265987.86
2025-10-25 21:00:00,0.4489,0.4491,0.4469,0.4482,272140.98
2025-10-25 22:00:00,0.4481,0.4493,0.4464,0.4486,449256.91
2025-10-25 23:00:00,0.4485,0.4487,0.4463,0.4467,340995.37
2025-10-26 00:00:00,0.4467,0.448,0.4444,0.4463,463567.27
2025-10-26 01:00:00,0.4462,0.4465,0.4417,0.4431,771030.31
2025-10-26 02:00:00,0.443,0.4434,0.4406,0.4412,234726.48
2025-10-26 03:00:00,0.4413,0.4418,0.4395,0.4409,178003.01
2025-10-26 04:00:00,0.4409,0.4431,0.4407,0.4431,227558.07
2025-10-26 05:00:00,0.443,0.446,0.442,0.4453,606301.53
2025-10-26 06:00:00,0.4454,0.4458,0.4442,0.4455,183090.29
2025-10-26 07:00:00,0.4454,0.4473,0.4444,0.4466,272054.07
2025-10-26 08:00:00,0.4465,0.45,0.4465,0.4498,308870.36
2025-10-26 09:00:00,0.4498,0.4561,0.4484,0.4545,1357309.47
2025-10-26 10:00:00,0.4544,0.4545,0.4511,0.452,365605.71
2025-10-26 11:00:00,0.4522,0.4607,0.4509,0.459,1423797.71
2025-10-26 12:00:00,0.4591,0.4615,0.4574,0.46,1129893.97
2025-10-26 13:00:00,0.4601,0.4642,0.4588,0.4633,1281487.59
2025-10-26 14:00:00,0.4632,0.4636,0.4599,0.4611,1420362.11
2025-10-26 15:00:00,0.461,0.4632,0.4589,0.463,548799.94
2025-10-26 16:00:00,0.4631,0.4633,0.4594,0.4599,347284.42
2025-10-26 17:00:00,0.46,0.4611,0.4589,0.4601,322441.54
2025-10-26 18:00:00,0.4602,0.462,0.4599,0.461,317561.9
2025-10-26 19:00:00,0.4611,0.4618,0.46,0.4611,282078.04
2025-10-26 20:00:00,0.4612,0.4612,0.4569,0.4574,538955.26
2025-10-26 21:00:00,0.4576,0.4624,0.4566,0.4613,499526.16
2025-10-26 22:00:00,0.4615,0.4716,0.4615,0.4671,2501441.81
2025-10-26 23:00:00,0.4672,0.4682,0.4645,0.4647,656937.66
2025-10-27 00:00:00,0.4648,0.4686,0.4635,0.4669,634182.93
2025-10-27 01:00:00,0.4668,0.4704,0.4658,0.4698,780999.53
2025-10-27 02:00:00,0.4697,0.4714,0.4673,0.4693,654043.75
2025-10-27 03:00:00,0.4695,0.4709,0.4675,0.469,640856.16
2025-10-27 04:00:00,0.4689,0.4714,0.4678,0.4706,319667.26
2025-10-27 05:00:00,0.4706,0.4761,0.4703,0.4733,995623.18
2025-10-27 06:00:00,0.4733,0.4734,0.4701,0.4714,722175.29
2025-10-27 07:00:00,0.4714,0.4724,0.4644,0.4675,1608101.53
2025-10-27 08:00:00,0.4675,0.4691,0.4622,0.4636,1289122.65
2025-10-27 09:00:00,0.4635,0.4637,0.4589,0.4604,917930.75
2025-10-27 10:00:00,0.4604,0.4614,0.4589,0.4595,660392.05
2025-10-27 11:00:00,0.4596,0.4611,0.456,0.4606,1009643.48
2025-10-27 12:00:00,0.4607,0.461,0.4555,0.4559,449674.08
2025-10-27 13:00:00,0.4559,0.4595,0.4519,0.4579,1038314.12
2025-10-27 14:00:00,0.458,0.4586,0.4533,0.4555,968745.22
2025-10-27 15:00:00,0.4554,0.4598,0.4554,0.4569,998342.79
2025-10-27 16:00:00,0.457,0.4652,0.457,0.4649,1377405.75
2025-10-27 17:00:00,0.4649,0.4686,0.4633,0.4663,898346.71
2025-10-27 18:00:00,0.4662,0.4682,0.4637,0.4639,663941.91
2025-10-27 19:00:00,0.4638,0.4639,0.459,0.4596,623777.53
2025-10-27 20:00:00,0.4595,0.4595,0.4548,0.4552,759266.62
2025-10-27 21:00:00,0.4551,0.458,0.4533,0.455,692400.2
2025-10-27 22:00:00,0.455,0.4569,0.4506,0.4517,748803.04
2025-10-27 23:00:00,0.4517,0.4531,0.4482,0.4518,577096.33
2025-10-28 00:00:00,0.4518,0.4541,0.4498,0.4519,756391.82
2025-10-28 01:00:00,0.452,0.4551,0.452,0.4536,413443.56
2025-10-28 02:00:00,0.4538,0.4549,0.4481,0.4517,664179.69
2025-10-28 03:00:00,0.4516,0.453,0.4487,0.4509,578747.07
2025-10-28 04:00:00,0.4508,0.4566,0.4497,0.4552,390226.1
2025-10-28 05:00:00,0.4551,0.4562,0.4478,0.4483,748435.35
2025-10-28 06:00:00,0.4486,0.4595,0.4485,0.4593,662725.41
2025-10-28 07:00:00,0.4596,0.4616,0.4537,0.4546,652574.11
2025-10-28 08:00:00,0.4547,0.4583,0.4542,0.4569,412144.38
2025-10-28 09:00:00,0.4568,0.4578,0.4535,0.4553,380691.25
2025-10-28 10:00:00,0.4555,0.4557,0.4527,0.4538,400413.95
2025-10-28 11:00:00,0.4538,0.4559,0.4518,0.4523,495750.56
2025-10-28 12:00:00,0.4521,0.458,0.4519,0.4569,416459.33
2025-10-28 13:00:00,0.4572,0.4623,0.4572,0.4605,1036118.27
2025-10-28 14:00:00,0.4605,0.4623,0.4453,0.4552,2389282.16
2025-10-28 15:00:00,0.4553,0.4575,0.4505,0.452,1223866.57
2025-10-28 16:00:00,0.452,0.4571,0.4506,0.4555,654457.49
2025-10-28 17:00:00,0.4556,0.4564,0.4524,0.4535,276555.83
2025-10-28 18:00:00,0.4534,0.4548,0.4489,0.4507,443131.84
2025-10-28 19:00:00,0.4508,0.4512,0.4398,0.442,1766152.76
2025-10-28 20:00:00,0.442,0.442,0.4301,0.4328,3530347.5
2025-10-28 21:00:00,0.4328,0.4349,0.4267,0.4317,1975619.71
2025-10-28 22:00:00,0.4317,0.4377,0.4305,0.437,569160.9
2025-10-28 23:00:00,0.4369,0.437,0.4343,0.4355,341326.97
2025-10-29 00:00:00,0.4354,0.4373,0.434,0.4352,499143.72
2025-10-29 01:00:00,0.4351,0.439,0.4341,0.4369,314671.48
2025-10-29 02:00:00,0.4368,0.4372,0.4357,0.4364,318382.45
2025-10-29 03:00:00,0.4363,0.4363,0.434,0.4347,336180.59
2025-10-29 04:00:00,0.4347,0.4368,0.4345,0.4353,303326.48
2025-10-29 05:00:00,0.4352,0.4379,0.4348,0.4366,455159.02
2025-10-29 06:00:00,0.4365,0.4372,0.435,0.4364,327042.21
2025-10-29 07:00:00,0.4363,0.439,0.4352,0.4375,370927.15
2025-10-29 08:00:00,0.4376,0.4381,0.4348,0.4356,507846.1
2025-10-29 09:00:00,0.4355,0.4384,0.4343,0.4376,368869.56
2025-10-29 10:00:00,0.4376,0.4453,0.4374,0.4441,1111380.86
2025-10-29 11:00:00,0.4442,0.4481,0.4438,0.4455,1080706.88
2025-10-29 12:00:00,0.4455,0.4485,0.4452,0.4474,302040.22
2025-10-29 13:00:00,0.4475,0.45,0.446,0.4474,1223812.79
2025-10-29 14:00:00,0.4472,0.4479,0.4436,0.4464,1168269.62
2025-10-29 15:00:00,0.4465,0.4473,0.4368,0.4398,1586479.69
2025-10-29 16:00:00,0.4397,0.4435,0.4367,0.439,1111528.17
2025-10-29 17:00:00,0.439,0.4511,0.4382,0.451,881509.79
2025-10-29 18:00:00,0.451,0.452,0.4255,0.4425,15608973.21
2025-10-29 19:00:00,0.4426,0.4503,0.442,0.4487,2435410.35
2025-10-29 20:00:00,0.4487,0.456,0.4454,0.4518,1882250.12
2025-10-29 21:00:00,0.4519,0.4534,0.4487,0.451,505674.45
2025-10-29 22:00:00,0.4511,0.4515,0.4482,0.4486,329922.73
2025-10-29 23:00:00,0.4485,0.4488,0.4382,0.4404,926245.27
2025-10-30 00:00:00,0.4404,0.4456,0.4373,0.4447,578315.44
2025-10-30 01:00:00,0.4447,0.4447,0.4398,0.4417,975635.5
2025-10-30 02:00:00,0.4418,0.4477,0.4414,0.4457,523693.92
2025-10-30 03:00:00,0.4458,0.4458,0.4406,0.4423,513758.47
2025-10-30 04:00:00,0.4422,0.4422,0.4227,0.4282,4231919.57
2025-10-30 05:00:00,0.4282,0.4357,0.4253,0.4348,1266191.74
2025-10-30 06:00:00,0.4347,0.4354,0.4306,0.4324,565568.32
2025-10-30 07:00:00,0.4325,0.4393,0.4315,0.4379,723496.32
2025-10-30 08:00:00,0.4377,0.4377,0.431,0.4314,523272.19
2025-10-30 09:00:00,0.4313,0.4322,0.4281,0.4288,637243.49
2025-10-30 10:00:00,0.4287,0.4303,0.4251,0.427,800993.31
2025-10-30 11:00:00,0.4271,0.4281,0.4243,0.4243,1366004.26
2025-10-30 12:00:00,0.4244,0.4249,0.4129,0.4169,2987538.06
2025-10-30 13:00:00,0.4168,0.4182,0.4073,0.4076,3226431.58
2025-10-30 14:00:00,0.4077,0.412,0.4068,0.4084,1881324.74
2025-10-30 15:00:00,0.4085,0.4094,0.3997,0.4011,1916226.2
2025-10-30 16:00:00,0.4011,0.4044,0.3979,0.3995,2087273.83
2025-10-30 17:00:00,0.3995,0.3995,0.3893,0.3956,3270140.96
2025-10-30 18:00:00,0.3958,0.3964,0.3905,0.391,1514392.27
2025-10-30 19:00:00,0.391,0.3931,0.3865,0.3884,2932134.2
2025-10-30 20:00:00,0.3883,0.394,0.3868,0.3933,2558561.27
2025-10-30 21:00:00,0.3933,0.395,0.3913,0.3932,759175.34
2025-10-30 22:00:00,0.3934,0.3957,0.3926,0.3953,793687.57
2025-10-30 23:00:00,0.3954,0.4009,0.394,0.4003,1441539.86
2025-10-31 00:00:00,0.4004,0.4051,0.3988,0.4041,1595728.45
2025-10-31 01:00:00,0.4042,0.4083,0.4037,0.4077,1405341.45
2025-10-31 02:00:00,0.4077,0.4085,0.4028,0.4047,1657840.55
2025-10-31 03:00:00,0.4048,0.4048,0.4001,0.4019,1224008.75
2025-10-31 04:00:00,0.4019,0.4052,0.4012,0.4045,1626203.05
2025-10-31 05:00:00,0.4044,0.4044,0.4007,0.4011,528165.83
2025-10-31 06:00:00,0.4012,0.4018,0.3982,0.399,684382.66
2025-10-31 07:00:00,0.399,0.401,0.3984,0.3987,1074504.14
2025-10-31 08:00:00,0.3987,0.4001,0.3966,0.3992,948385.92
2025-10-31 09:00:00,0.3992,0.401,0.3978,0.3994,1321808.05
2025-10-31 10:00:00,0.3995,0.402,0.3985,0.4006,758443.28
2025-10-31 11:00:00,0.4006,0.4065,0.3992,0.4061,704009.36
2025-10-31 12:00:00,0.406,0.4078,0.4023,0.4023,877581.02
2025-10-31 13:00:00,0.4023,0.4047,0.3982,0.4033,1331871.93
2025-10-31 14:00:00,0.4034,0.4048,0.3986,0.4042,1235152.21
2025-10-31 15:00:00,0.4042,0.4066,0.4022,0.4047,1277140.53
2025-10-31 16:00:00,0.4047,0.405,0.3918,0.3926,1595649.44
2025-10-31 17:00:00,0.3925,0.3937,0.3875,0.3906,1960841.47
2025-10-31 18:00:00,0.3907,0.3972,0.3895,0.3946,2345618.48
2025-10-31 19:00:00,0.3945,0.4044,0.3918,0.4028,1540327.77
2025-10-31 20:00:00,0.4028,0.4033,0.3967,0.3972,941788.78
2025-10-31 21:00:00,0.3971,0.3979,0.3952,0.3963,807919.3
2025-10-31 22:00:00,0.3963,0.3994,0.3961,0.3983,607403.94
2025-10-31 23:00:00,0.3983,0.3998,0.3977,0.3991,339929.88
2025-11-01 00:00:00,0.3992,0.4016,0.3976,0.4014,603656.98
2025-11-01 01:00:00,0.4013,0.4026,0.3981,0.3982,512800.48
2025-11-01 02:00:00,0.3981,0.4013,0.396,0.4012,566037.39
2025-11-01 03:00:00,0.4012,0.403,0.4009,0.4019,403529.6
2025-11-01 04:00:00,0.4019,0.4027,0.3994,0.3997,463627.29
2025-11-01 05:00:00,0.3997,0.4,0.3977,0.3979,417407.75
2025-11-01 06:00:00,0.3979,0.4,0.3969,0.3999,477899.77
2025-11-01 07:00:00,0.3999,0.4074,0.3996,0.4059,997098.97
2025-11-01 08:00:00,0.406,0.4081,0.4039,0.4077,1113337.75
2025-11-01 09:00:00,0.4077,0.4091,0.4042,0.4048,1033589.32
2025-11-01 10:00:00,0.4048,0.4077,0.4039,0.4064,858585.9
2025-11-01 11:00:00,0.4065,0.4102,0.4065,0.4099,1023601.65
2025-11-01 12:00:00,0.4099,0.4125,0.4094,0.4121,669040.88
2025-11-01 13:00:00,0.4122,0.4138,0.4067,0.41,1352037.1
2025-11-01 14:00:00,0.41,0.411,0.4046,0.4071,1263922.51
2025-11-01 15:00:00,0.4071,0.4114,0.4067,0.4102,901156.02
2025-11-01 16:00:00,0.4103,0.4148,0.4092,0.4132,1462261.4
2025-11-01 17:00:00,0.4131,0.4153,0.4113,0.4146,1072324.22
2025-11-01 18:00:00,0.4145,0.4161,0.4136,0.4156,736989.78
2025-11-01 19:00:00,0.4155,0.4158,0.4131,0.4148,505461.24
2025-11-01 20:00:00,0.4148,0.4184,0.4145,0.4163,550236.86
2025-11-01 21:00:00,0.4164,0.4181,0.412,0.4124,610649.43
2025-11-01 22:00:00,0.4125,0.4158,0.4122,0.4158,368090.22
2025-11-01 23:00:00,0.4158,0.4177,0.4146,0.417,190061.79
2025-11-02 00:00:00,0.417,0.4171,0.4132,0.4133,561731.36
2025-11-02 01:00:00,0.4132,0.415,0.412,0.4135,369207.93
2025-11-02 02:00:00,0.4135,0.4157,0.4127,0.4136,211094.16
2025-11-02 03:00:00,0.4136,0.4143,0.411,0.4117,238307.2
2025-11-02 04:00:00,0.4117,0.4197,0.411,0.4194,1155587.23
2025-11-02 05:00:00,0.4194,0.4223,0.4174,0.4219,1535066.93
2025-11-02 06:00:00,0.4218,0.4256,0.4205,0.4251,1150891.01
2025-11-02 07:00:00,0.4251,0.4268,0.4242,0.4264,779719.62
2025-11-02 08:00:00,0.4264,0.4274,0.4228,0.4249,997543.7
2025-11-02 09:00:00,0.425,0.4282,0.4225,0.4232,1100046.9
2025-11-02 10:00:00,0.4232,0.4247,0.4204,0.4226,936101.3
2025-11-02 11:00:00,0.4225,0.4292,0.4214,0.4291,1003259.62
2025-11-02 12:00:00,0.4292,0.4307,0.4251,0.4257,913539.08
2025-11-02 13:00:00,0.4256,0.4262,0.4211,0.4222,674840.0
2025-11-02 14:00:00,0.4222,0.4231,0.4111,0.4126,1655455.58
2025-11-02 15:00:00,0.4126,0.4163,0.4088,0.4119,1406778.3
2025-11-02 16:00:00,0.4119,0.4149,0.4057,0.4149,1314112.35
2025-11-02 17:00:00,0.4149,0.4154,0.41,0.413,599216.0
2025-11-02 18:00:00,0.413,0.413,0.4098,0.4099,381667.73
2025-11-02 19:00:00,0.41,0.4108,0.4056,0.4093,738668.77
2025-11-02 20:00:00,0.4093,0.4115,0.4074,0.4115,383559.95
2025-11-02 21:00:00,0.4115,0.4138,0.4108,0.4118,342292.25
2025-11-02 22:00:00,0.4117,0.4132,0.4091,0.4112,312636.25
2025-11-02 23:00:00,0.4113,0.422,0.4113,0.4203,1712954.72
2025-11-03 00:00:00,0.4203,0.4218,0.4122,0.4123,690775.86
2025-11-03 01:00:00,0.4122,0.413,0.4059,0.4072,1085416.16
2025-11-03 02:00:00,0.4071,0.4076,0.3995,0.4027,1577201.93
2025-11-03 03:00:00,0.4026,0.4033,0.3861,0.3876,3946345.5
2025-11-03 04:00:00,0.3876,0.3879,0.3825,0.3868,2782009.6
2025-11-03 05:00:00,0.3868,0.3921,0.3822,0.3826,2643250.02
2025-11-03 06:00:00,0.3826,0.384,0.3759,0.3818,3096609.56
2025-11-03 07:00:00,0.3817,0.3884,0.3795,0.3845,2473884.39
2025-11-03 08:00:00,0.3845,0.385,0.3783,0.3833,1767500.84
2025-11-03 09:00:00,0.3833,0.3877,0.3796,0.38,1555016.43
2025-11-03 10:00:00,0.3799,0.3828,0.3757,0.3772,1105487.57
2025-11-03 11:00:00,0.3773,0.3826,0.3773,0.3806,1546679.95
2025-11-03 12:00:00,0.3806,0.3839,0.3798,0.3801,983223.7
2025-11-03 13:00:00,0.3801,0.385,0.378,0.3823,1500171.27
2025-11-03 14:00:00,0.3824,0.3876,0.3821,0.3867,1405481.27
2025-11-03 15:00:00,0.3867,0.3873,0.3442,0.3541,17200577.79
2025-11-03 16:00:00,0.3542,0.3636,0.3513,0.3602,3815525.23
2025-11-03 17:00:00,0.3603,0.3683,0.3593,0.3679,2249284.4
2025-11-03 18:00:00,0.368,0.3685,0.3573,0.3582,1305549.26
2025-11-03 19:00:00,0.3581,0.3605,0.3545,0.3551,1427079.2
2025-11-03 20:00:00,0.3552,0.3558,0.3429,0.346,3138714.5
2025-11-03 21:00:00,0.3459,0.3522,0.3437,0.3509,2147574.81
2025-11-03 22:00:00,0.3508,0.3527,0.3446,0.349,1466821.53
2025-11-03 23:00:00,0.3492,0.355,0.3459,0.3527,1514131.86
2025-11-04 00:00:00,0.3527,0.3577,0.3482,0.3564,1804618.51
2025-11-04 01:00:00,0.3565,0.3612,0.3547,0.3573,1575104.67
2025-11-04 02:00:00,0.3573,0.3602,0.3559,0.3582,1635206.99
2025-11-04 03:00:00,0.3583,0.3642,0.3569,0.3635,1411117.87
2025-11-04 04:00:00,0.3637,0.3676,0.3626,0.3633,2045166.87
2025-11-04 05:00:00,0.3632,0.3642,0.3433,0.3438,4543162.02
2025-11-04 06:00:00,0.3437,0.3593,0.3431,0.3517,3676559.16
2025-11-04 07:00:00,0.3516,0.352,0.3437,0.3469,3070403.94
2025-11-04 08:00:00,0.3468,0.358,0.3452,0.354,2253589.14
2025-11-04 09:00:00,0.354,0.3575,0.3516,0.3571,1938172.66
2025-11-04 10:00:00,0.3572,0.361,0.357,0.3604,1954012.69
2025-11-04 11:00:00,0.3603,0.3684,0.3596,0.3624,2390087.41
2025-11-04 12:00:00,0.3623,0.3624,0.3569,0.3588,1310405.16
2025-11-04 13:00:00,0.3587,0.3609,0.355,0.3574,1526832.34
2025-11-04 14:00:00,0.3573,0.3686,0.3534,0.3654,2910545.2
2025-11-04 15:00:00,0.3655,0.3673,0.3557,0.3575,2775491.28
2025-11-04 16:00:00,0.3576,0.3604,0.3493,0.3501,3484514.55
2025-11-04 17:00:00,0.35,0.3501,0.3368,0.3451,7377116.45
2025-11-04 18:00:00,0.3451,0.3453,0.3288,0.34,6619331.61
2025-11-04 19:00:00,0.34,0.3437,0.3347,0.3353,2512645.5
2025-11-04 20:00:00,0.3353,0.3396,0.3187,0.335,9899471.81
2025-11-04 21:00:00,0.335,0.3365,0.3177,0.3364,8347765.4
2025-11-04 22:00:00,0.3365,0.3481,0.3343,0.3466,5259293.37
2025-11-04 23:00:00,0.3466,0.3501,0.3453,0.3454,2288313.45
2025-11-05 00:00:00,0.3453,0.3472,0.3397,0.3424,2216130.6
2025-11-05 01:00:00,0.3425,0.3429,0.3282,0.3408,4289170.05
2025-11-05 02:00:00,0.3407,0.3537,0.3407,0.3535,5201130.43
2025-11-05 03:00:00,0.3535,0.3552,0.3507,0.3533,2084701.75
2025-11-05 04:00:00,0.3534,0.3548,0.3504,0.3527,1297980.01
2025-11-05 05:00:00,0.3526,0.3553,0.3512,0.3518,856886.07
2025-11-05 06:00:00,0.3518,0.3532,0.3483,0.3531,1308648.71
2025-11-05 07:00:00,0.3531,0.3531,0.349,0.3521,878886.72
2025-11-05 08:00:00,0.3522,0.3522,0.3457,0.3484,1565818.42
2025-11-05 09:00:00,0.3484,0.3532,0.3473,0.3527,884766.9
2025-11-05 10:00:00,0.3527,0.3531,0.3487,0.3489,1653745.2
2025-11-05 11:00:00,0.349,0.3578,0.3488,0.3568,1598044.67
2025-11-05 12:00:00,0.3568,0.3598,0.3547,0.3574,1148314.86
2025-11-05 13:00:00,0.3573,0.3618,0.3546,0.3591,1450815.97
2025-11-05 14:00:00,0.3591,0.3619,0.3545,0.3591,1944203.86
2025-11-05 15:00:00,0.3592,0.3638,0.3578,0.3638,1646425.72
2025-11-05 16:00:00,0.3638,0.3678,0.3594,0.3674,1826091.65
2025-11-05 17:00:00,0.3673,0.3704,0.3655,0.3704,1463884.15
2025-11-05 18:00:00,0.3703,0.3739,0.3686,0.3726,1721069.42
2025-11-05 19:00:00,0.3725,0.3767,0.3716,0.3743,1345746.17
2025-11-05 20:00:00,0.3743,0.3774,0.3708,0.3722,1685336.66
2025-11-05 21:00:00,0.3722,0.3726,0.3693,0.3707,1191569.41
2025-11-05 22:00:00,0.3707,0.3751,0.3701,0.375,655206.05
2025-11-05 23:00:00,0.3751,0.3756,0.3721,0.3728,1008173.29
2025-11-06 00:00:00,0.3728,0.3728,0.3671,0.3694,834617.23
2025-11-06 01:00:00,0.3693,0.3693,0.3638,0.3678,1203403.5
2025-11-06 02:00:00,0.3677,0.3716,0.364,0.369,1271905.32
2025-11-06 03:00:00,0.369,0.3702,0.3672,0.3672,734869.31
2025-11-06 04:00:00,0.3673,0.3701,0.3669,0.368,687690.09
2025-11-06 05:00:00,0.3679,0.368,0.3612,0.3619,796140.07
2025-11-06 06:00:00,0.3619,0.3645,0.3617,0.3617,676385.58
2025-11-06 07:00:00,0.3617,0.3641,0.3598,0.3606,1041600.61
2025-11-06 08:00:00,0.3605,0.3627,0.3593,0.3613,501965.69
2025-11-06 09:00:00,0.3614,0.3634,0.3601,0.3605,609582.22
2025-11-06 10:00:00,0.3606,0.3638,0.358,0.3627,795957.52
2025-11-06 11:00:00,0.3627,0.3632,0.3602,0.3613,546436.89
2025-11-06 12:00:00,0.3613,0.3625,0.3571,0.3571,1464299.12
2025-11-06 13:00:00,0.357,0.3689,0.3569,0.3654,1938078.76
2025-11-06 14:00:00,0.3655,0.3669,0.3578,0.3597,2894831.85
2025-11-06 15:00:00,0.3597,0.3648,0.3536,0.3556,2872105.38
2025-11-06 16:00:00,0.3557,0.3578,0.3493,0.3545,2488933.8
2025-11-06 17:00:00,0.3546,0.3616,0.3533,0.361,1578173.37
2025-11-06 18:00:00,0.3609,0.366,0.3568,0.3632,1355077.8
2025-11-06 19:00:00,0.3631,0.3652,0.3613,0.3641,700951.72
2025-11-06 20:00:00,0.3642,0.3668,0.3594,0.3617,1431723.14
2025-11-06 21:00:00,0.3616,0.3659,0.3605,0.3641,785582.44
2025-11-06 22:00:00,0.3641,0.3648,0.3601,0.3644,578919.87
2025-11-06 23:00:00,0.3643,0.3649,0.3602,0.3648,1112986.01
2025-11-07 00:00:00,0.3648,0.3705,0.3644,0.3693,1765783.8
2025-11-07 01:00:00,0.3693,0.373,0.3646,0.371,1964915.01
2025-11-07 02:00:00,0.3709,0.3764,0.3688,0.3761,1323113.33
2025-11-07 03:00:00,0.3761,0.3804,0.3745,0.3759,1536052.58
2025-11-07 04:00:00,0.3759,0.378,0.3693,0.3726,1719964.79
2025-11-07 05:00:00,0.3726,0.3802,0.3726,0.38,1327030.17
2025-11-07 06:00:00,0.38,0.3861,0.3789,0.3801,1869462.16
2025-11-07 07:00:00,0.3802,0.3873,0.3781,0.3872,950112.71
2025-11-07 08:00:00,0.3872,0.3883,0.384,0.387,1495947.77
2025-11-07 09:00:00,0.387,0.3898,0.3788,0.3852,2388646.27
2025-11-07 10:00:00,0.3851,0.3886,0.3809,0.3835,1954626.7
2025-11-07 11:00:00,0.3834,0.3839,0.3759,0.3812,2613476.92
2025-11-07 12:00:00,0.3812,0.3831,0.3696,0.3724,2933232.66
2025-11-07 13:00:00,0.3724,0.3816,0.3706,0.3797,2755902.69
2025-11-07 14:00:00,0.3796,0.3934,0.3733,0.3919,3175235.62
2025-11-07 15:00:00,0.392,0.4013,0.3875,0.3998,4411806.25
2025-11-07 16:00:00,0.3999,0.42,0.3992,0.4167,6618250.13
2025-11-07 17:00:00,0.4167,0.4305,0.4126,0.4301,4572059.19
2025-11-07 18:00:00,0.4302,0.4372,0.4272,0.4291,5836718.88
2025-11-07 19:00:00,0.429,0.4319,0.4257,0.4287,3992940.52
2025-11-07 20:00:00,0.4286,0.4365,0.4282,0.4356,2444312.21
2025-11-07 21:00:00,0.4357,0.4383,0.4316,0.4326,2379921.3
2025-11-07 22:00:00,0.4327,0.4334,0.4281,0.4308,1369544.23
2025-11-07 23:00:00,0.4309,0.431,0.4225,0.4235,1606089.43
2025-11-08 00:00:00,0.4234,0.4299,0.4175,0.4177,3060619.96
2025-11-08 01:00:00,0.4178,0.4289,0.4172,0.4285,1521180.98
2025-11-08 02:00:00,0.4285,0.4369,0.4283,0.4314,2394776.89
2025-11-08 03:00:00,0.4314,0.4369,0.4277,0.428,1385410.9
2025-11-08 04:00:00,0.4281,0.436,0.4281,0.4303,2925817.0
2025-11-08 05:00:00,0.4302,0.4313,0.4213,0.4217,1898811.95
2025-11-08 06:00:00,0.4218,0.4249,0.4172,0.4229,1798899.1
2025-11-08 07:00:00,0.4228,0.4269,0.4188,0.4258,1933080.91
2025-11-08 08:00:00,0.4257,0.4332,0.4219,0.4299,1879574.2
2025-11-08 09:00:00,0.4298,0.4298,0.4208,0.4226,1789672.7
2025-11-08 10:00:00,0.4226,0.43,0.4222,0.4292,1041488.19
2025-11-08 11:00:00,0.4291,0.4341,0.4274,0.4306,1796088.68
2025-11-08 12:00:00,0.4306,0.435,0.4284,0.4316,2048867.87
2025-11-08 13:00:00,0.4317,0.4318,0.4214,0.4217,2112984.38
2025-11-08 14:00:00,0.4218,0.4235,0.4162,0.4208,2553614.19
2025-11-08 15:00:00,0.4209,0.4214,0.4118,0.4133,2160316.96
2025-11-08 16:00:00,0.4134,0.4178,0.4103,0.4164,2568085.82
2025-11-08 17:00:00,0.4164,0.4198,0.4135,0.4176,1106358.87
2025-11-08 18:00:00,0.4177,0.4212,0.4159,0.419,603078.6
2025-11-08 19:00:00,0.419,0.4202,0.4145,0.4185,690938.15
2025-11-08 20:00:00,0.4185,0.4201,0.4153,0.4184,568111.35
2025-11-08 21:00:00,0.4183,0.4212,0.417,0.4203,656749.91
2025-11-08 22:00:00,0.4203,0.4241,0.4202,0.4225,1017058.79
2025-11-08 23:00:00,0.4224,0.4239,0.4209,0.4232,754657.6
2025-11-09 00:00:00,0.4232,0.4236,0.4171,0.418,862405.99
2025-11-09 01:00:00,0.418,0.4227,0.4169,0.4198,375823.72
2025-11-09 02:00:00,0.4198,0.4199,0.406,0.4072,1533793.0
2025-11-09 03:00:00,0.4072,0.4087,0.4026,0.4049,1778164.06
2025-11-09 04:00:00,0.405,0.4097,0.4043,0.406,756786.71
2025-11-09 05:00:00,0.4059,0.4086,0.4045,0.4076,664877.85
2025-11-09 06:00:00,0.4076,0.4118,0.4058,0.4072,568017.83
2025-11-09 07:00:00,0.4073,0.4155,0.4072,0.4146,1011241.79
2025-11-09 08:00:00,0.4146,0.4146,0.4088,0.4103,727104.2
2025-11-09 09:00:00,0.4103,0.4151,0.4068,0.4073,849267.61
2025-11-09 10:00:00,0.4072,0.4119,0.4042,0.4118,805433.5
2025-11-09 11:00:00,0.4118,0.4189,0.4118,0.4156,1168109.17
2025-11-09 12:00:00,0.4156,0.4192,0.4148,0.4164,1303694.86
2025-11-09 13:00:00,0.4164,0.4201,0.4156,0.4172,783384.94
2025-11-09 14:00:00,0.4171,0.4291,0.415,0.4224,3794963.0
2025-11-09 15:00:00,0.4224,0.4297,0.4224,0.4248,1241426.25
2025-11-09 16:00:00,0.4247,0.4296,0.4204,0.4281,2803032.56
2025-11-09 17:00:00,0.4281,0.4293,0.4247,0.4272,1023315.4
2025-11-09 18:00:00,0.4273,0.4333,0.4239,0.4323,896161.43
2025-11-09 19:00:00,0.4323,0.4349,0.4302,0.4349,815290.22
2025-11-09 20:00:00,0.4348,0.4348,0.4299,0.4311,654306.95
2025-11-09 21:00:00,0.4311,0.4326,0.4293,0.4306,502829.27
2025-11-09 22:00:00,0.4307,0.4318,0.4263,0.43,485622.92
2025-11-09 23:00:00,0.43,0.4347,0.4266,0.4286,1096937.74
2025-11-10 00:00:00,0.4287,0.4367,0.4246,0.4337,1311023.88
2025-11-10 01:00:00,0.4336,0.4358,0.4303,0.4321,1201113.07
2025-11-10 02:00:00,0.432,0.4348,0.4296,0.4323,1159994.43
2025-11-10 03:00:00,0.4322,0.437,0.432,0.4351,1517988.93
2025-11-10 04:00:00,0.4351,0.4362,0.4307,0.4348,601042.19
2025-11-10 05:00:00,0.4349,0.4412,0.4337,0.4374,1955142.65
2025-11-10 06:00:00,0.4375,0.4396,0.4327,0.4366,711272.15
2025-11-10 07:00:00,0.4366,0.4392,0.4334,0.4357,723862.43
2025-11-10 08:00:00,0.4357,0.4365,0.4291,0.4315,1205153.58
2025-11-10 09:00:00,0.4316,0.4426,0.4305,0.4411,1334592.88
2025-11-10 10:00:00,0.4411,0.4427,0.4318,0.4342,1909386.86
2025-11-10 11:00:00,0.4342,0.4417,0.4339,0.4385,1223966.31
2025-11-10 12:00:00,0.4386,0.4393,0.4346,0.4366,940461.75
2025-11-10 13:00:00,0.4365,0.4427,0.4356,0.4396,1904139.67
2025-11-10 14:00:00,0.4396,0.4396,0.4265,0.4302,2653880.47
2025-11-10 15:00:00,0.4303,0.4378,0.4295,0.4327,1866797.99
2025-11-10 16:00:00,0.4326,0.4346,0.4252,0.4268,1100853.43
2025-11-10 17:00:00,0.4267,0.4346,0.4258,0.4335,860950.37
2025-11-10 18:00:00,0.4336,0.4351,0.4309,0.431,655517.81
2025-11-10 19:00:00,0.4309,0.4428,0.4301,0.4386,1676133.01
2025-11-10 20:00:00,0.4385,0.4452,0.4382,0.4403,1002758.25
2025-11-10 21:00:00,0.4404,0.441,0.4347,0.4398,1018511.15
2025-11-10 22:00:00,0.4398,0.4537,0.4348,0.4516,3229468.3
2025-11-10 23:00:00,0.4516,0.452,0.4419,0.4447,3476584.71
2025-11-11 00:00:00,0.4447,0.4471,0.4352,0.4401,1722482.86
2025-11-11 01:00:00,0.44,0.4539,0.4389,0.4404,3466198.99
2025-11-11 02:00:00,0.4405,0.4519,0.4366,0.4485,2282196.59
2025-11-11 03:00:00,0.4485,0.4509,0.4457,0.4473,1715006.24
2025-11-11 04:00:00,0.4472,0.4482,0.4392,0.4398,1680696.34
2025-11-11 05:00:00,0.4399,0.44,0.4315,0.4319,1355640.0
2025-11-11 06:00:00,0.4318,0.4343,0.4296,0.4326,1597908.95
2025-11-11 07:00:00,0.4325,0.4331,0.4242,0.4244,1393117.17
2025-11-11 08:00:00,0.4244,0.4276,0.4222,0.4253,1473569.6
2025-11-11 09:00:00,0.4253,0.4298,0.4234,0.424,1062176.57
2025-11-11 10:00:00,0.4239,0.4274,0.4234,0.426,719070.39
2025-11-11 11:00:00,0.4261,0.4294,0.4229,0.4254,901149.18
2025-11-11 12:00:00,0.4255,0.4283,0.4212,0.4232,1406500.51
2025-11-11 13:00:00,0.4232,0.4285,0.423,0.423,1309513.3
2025-11-11 14:00:00,0.423,0.43,0.4204,0.4297,1391634.66
2025-11-11 15:00:00,0.4297,0.4297,0.4207,0.4225,1159035.81
2025-11-11 16:00:00,0.4225,0.426,0.4209,0.4227,1095169.53
2025-11-11 17:00:00,0.4227,0.4264,0.4191,0.4196,1536672.91
2025-11-11 18:00:00,0.4196,0.4216,0.416,0.4175,2064297.22
2025-11-11 19:00:00,0.4175,0.4177,0.4133,0.4139,1647146.45
2025-11-11 20:00:00,0.414,0.4148,0.4077,0.4088,2443060.6
2025-11-11 21:00:00,0.4089,0.412,0.4064,0.4079,748936.79
2025-11-11 22:00:00,0.4079,0.4127,0.4053,0.4117,583213.31
2025-11-11 23:00:00,0.4116,0.4118,0.405,0.4064,555514.33
2025-11-12 00:00:00,0.4065,0.409,0.4032,0.4045,1231629.61
2025-11-12 01:00:00,0.4045,0.4113,0.4044,0.4103,563161.79
2025-11-12 02:00:00,0.4103,0.4126,0.4072,0.4115,425059.37
2025-11-12 03:00:00,0.4115,0.4138,0.4107,0.413,491074.33
2025-11-12 04:00:00,0.4131,0.4136,0.41,0.4116,338864.9
2025-11-12 05:00:00,0.4117,0.4143,0.4103,0.4123,536372.48
2025-11-12 06:00:00,0.4124,0.4167,0.4117,0.4151,1136760.89
2025-11-12 07:00:00,0.415,0.4183,0.4117,0.4123,644652.47
2025-11-12 08:00:00,0.4123,0.4245,0.4123,0.4212,911594.01
2025-11-12 09:00:00,0.4213,0.4246,0.4205,0.4244,642125.53
2025-11-12 10:00:00,0.4244,0.4309,0.4244,0.4297,909992.05
2025-11-12 11:00:00,0.4296,0.4315,0.426,0.4274,1427835.4
2025-11-12 12:00:00,0.4274,0.43,0.4255,0.4262,826058.55
2025-11-12 13:00:00,0.4262,0.4336,0.4252,0.433,804066.75
2025-11-12 14:00:00,0.433,0.4332,0.4162,0.4217,1782172.41
2025-11-12 15:00:00,0.4217,0.4252,0.4077,0.4091,2613038.61
2025-11-12 16:00:00,0.4092,0.4102,0.3967,0.3985,3951427.17
2025-11-12 17:00:00,0.3985,0.4044,0.394,0.4014,2248660.61
2025-11-12 18:00:00,0.4014,0.4035,0.3964,0.3972,904903.19
2025-11-12 19:00:00,0.3972,0.3991,0.3921,0.3966,1853264.31
2025-11-12 20:00:00,0.3965,0.4048,0.3953,0.4027,1120966.69
2025-11-12 21:00:00,0.4028,0.4047,0.4006,0.4015,948726.74
2025-11-12 22:00:00,0.4015,0.4033,0.3993,0.403,443947.19
2025-11-12 23:00:00,0.403,0.403,0.3971,0.3997,862279.91
2025-11-13 00:00:00,0.3995,0.4038,0.3988,0.4011,774419.21
2025-11-13 01:00:00,0.4011,0.4085,0.4009,0.4059,1395015.5
2025-11-13 02:00:00,0.4059,0.407,0.4027,0.4042,581744.86
2025-11-13 03:00:00,0.4043,0.4131,0.3966,0.4083,2310753.56
2025-11-13 04:00:00,0.4083,0.4116,0.4055,0.4093,1526753.44
2025-11-13 05:00:00,0.4092,0.4165,0.4066,0.4155,1151259.98
2025-11-13 06:00:00,0.4154,0.4181,0.4143,0.4159,1172522.59
2025-11-13 07:00:00,0.416,0.4185,0.4142,0.4151,955416.15
2025-11-13 08:00:00,0.4151,0.419,0.4138,0.4165,715055.79
2025-11-13 09:00:00,0.4165,0.4172,0.4098,0.4105,1149340.78
2025-11-13 10:00:00,0.4106,0.4175,0.4106,0.4136,548503.44
2025-11-13 11:00:00,0.4136,0.4164,0.4127,0.4137,361450.66
2025-11-13 12:00:00,0.4138,0.4182,0.413,0.4182,1033810.86
2025-11-13 13:00:00,0.4182,0.4217,0.4156,0.4171,1637929.31
2025-11-13 14:00:00,0.4171,0.4279,0.4117,0.4243,2549158.35
2025-11-13 15:00:00,0.4243,0.4298,0.415,0.4204,3211880.72
2025-11-13 16:00:00,0.4204,0.4207,0.404,0.4047,2654826.52
2025-11-13 17:00:00,0.4048,0.4068,0.3904,0.3915,3198422.45
2025-11-13 18:00:00,0.3915,0.3928,0.3836,0.3876,2923179.33
2025-11-13 19:00:00,0.3877,0.3902,0.3772,0.3791,2868227.9
2025-11-13 20:00:00,0.3791,0.3822,0.3752,0.3785,2249712.15
2025-11-13 21:00:00,0.3786,0.3812,0.3742,0.3774,2289568.63
2025-11-13 22:00:00,0.3774,0.389,0.3766,0.3884,2256347.38
2025-11-13 23:00:00,0.3883,0.395,0.3858,0.3904,1093906.39
2025-11-14 00:00:00,0.3903,0.3944,0.3864,0.3889,1197774.47
2025-11-14 01:00:00,0.389,0.3908,0.386,0.3866,1337079.44
2025-11-14 02:00:00,0.3867,0.393,0.3866,0.3879,1405142.23
2025-11-14 03:00:00,0.388,0.3884,0.3822,0.3844,1264187.5
2025-11-14 04:00:00,0.3843,0.3843,0.3661,0.3745,3106129.2
2025-11-14 05:00:00,0.3744,0.385,0.374,0.3831,2463827.08
2025-11-14 06:00:00,0.3833,0.3915,0.3774,0.391,1767991.91
2025-11-14 07:00:00,0.3909,0.3928,0.3866,0.3879,2028288.61
2025-11-14 08:00:00,0.3879,0.389,0.3825,0.3843,827437.13
2025-11-14 09:00:00,0.3843,0.385,0.3772,0.3777,1175550.0
2025-11-14 10:00:00,0.3779,0.3832,0.3779,0.3812,999109.81
2025-11-14 11:00:00,0.3811,0.3816,0.3758,0.3795,929159.43
2025-11-14 12:00:00,0.3794,0.3821,0.3704,0.381,2434096.09
2025-11-14 13:00:00,0.381,0.384,0.3744,0.3799,1744923.69
2025-11-14 14:00:00,0.3798,0.3917,0.3767,0.3889,3482463.67
2025-11-14 15:00:00,0.3889,0.395,0.3834,0.3902,2036282.94
2025-11-14 16:00:00,0.3903,0.3946,0.3871,0.393,2375173.01
2025-11-14 17:00:00,0.3929,0.394,0.3838,0.3855,1419332.44
2025-11-14 18:00:00,0.3855,0.3908,0.3837,0.3856,2878618.12
2025-11-14 19:00:00,0.3856,0.3932,0.3846,0.3925,1333948.46
2025-11-14 20:00:00,0.3926,0.3938,0.3806,0.3835,2510046.37
2025-11-14 21:00:00,0.3834,0.3887,0.3813,0.3857,1365977.51
2025-11-14 22:00:00,0.3857,0.3887,0.3814,0.3832,1027257.12
2025-11-14 23:00:00,0.3832,0.3832,0.3702,0.3788,1689852.68
2025-11-15 00:00:00,0.3788,0.3845,0.3782,0.3843,1085014.97
2025-11-15 01:00:00,0.3844,0.3896,0.3814,0.3886,942939.86
2025-11-15 02:00:00,0.3885,0.3921,0.3874,0.3921,790481.79
2025-11-15 03:00:00,0.392,0.3957,0.3909,0.3937,1003660.23
2025-11-15 04:00:00,0.3938,0.3974,0.3929,0.3944,907120.05
2025-11-15 05:00:00,0.3944,0.3972,0.392,0.3969,671802.83
2025-11-15 06:00:00,0.3969,0.4028,0.3959,0.3989,988567.29
2025-11-15 07:00:00,0.3988,0.399,0.393,0.3932,567638.5
2025-11-15 08:00:00,0.3933,0.3935,0.3848,0.3865,1252653.31
2025-11-15 09:00:00,0.3865,0.3907,0.3855,0.3861,813335.14
2025-11-15 10:00:00,0.3861,0.3903,0.3849,0.3902,613325.25
2025-11-15 11:00:00,0.3901,0.391,0.3866,0.3895,528805.4
2025-11-15 12:00:00,0.3895,0.3943,0.3885,0.3937,639978.03
2025-11-15 13:00:00,0.3937,0.3979,0.3929,0.3945,844581.83
2025-11-15 14:00:00,0.3945,0.3945,0.391,0.3929,720014.38
2025-11-15 15:00:00,0.3928,0.3945,0.3904,0.3906,535394.09
2025-11-15 16:00:00,0.3906,0.3916,0.3876,0.3913,497676.52
2025-11-15 17:00:00,0.3914,0.3962,0.3905,0.3962,1136186.74
2025-11-15 18:00:00,0.3963,0.3979,0.394,0.3947,726034.28
2025-11-15 19:00:00,0.3948,0.3958,0.3931,0.3939,330392.86
2025-11-15 20:00:00,0.3939,0.3953,0.3909,0.3916,593639.69
2025-11-15 21:00:00,0.3916,0.3951,0.3884,0.389,651143.69
2025-11-15 22:00:00,0.3889,0.3923,0.3882,0.3919,328056.15
2025-11-15 23:00:00,0.392,0.3925,0.3895,0.3895,162881.64
2025-11-16 00:00:00,0.3895,0.3904,0.3845,0.3879,486815.46
2025-11-16 01:00:00,0.3878,0.3896,0.3824,0.388,849481.18
2025-11-16 02:00:00,0.3879,0.3956,0.3861,0.3956,531011.13
2025-11-16 03:00:00,0.3957,0.3986,0.3946,0.3965,514708.44
2025-11-16 04:00:00,0.3964,0.397,0.3919,0.3945,330094.45
2025-11-16 05:00:00,0.3945,0.3985,0.3941,0.396,375772.3
2025-11-16 06:00:00,0.396,0.3977,0.3948,0.3952,307771.13
2025-11-16 07:00:00,0.3953,0.3989,0.3944,0.3988,565082.98
2025-11-16 08:00:00,0.3989,0.3991,0.3945,0.3957,543320.18
2025-11-16 09:00:00,0.3957,0.4002,0.3939,0.4,911598.74
2025-11-16 10:00:00,0.3999,0.3999,0.3966,0.3966,333350.41
2025-11-16 11:00:00,0.3967,0.397,0.3867,0.388,1018217.86
2025-11-16 12:00:00,0.3881,0.3907,0.3859,0.389,921396.09
2025-11-16 13:00:00,0.389,0.3898,0.3826,0.3844,871784.58
2025-11-16 14:00:00,0.3844,0.3888,0.383,0.3876,496288.89
2025-11-16 15:00:00,0.3876,0.3877,0.3775,0.3783,1315720.05
2025-11-16 16:00:00,0.3783,0.3823,0.3705,0.3719,2179959.96
2025-11-16 17:00:00,0.3718,0.374,0.3659,0.3717,1828010.06
2025-11-16 18:00:00,0.3716,0.3806,0.3699,0.3723,1876044.92
2025-11-16 19:00:00,0.3722,0.3802,0.3722,0.3745,923152.73
2025-11-16 20:00:00,0.3746,0.3789,0.3736,0.3736,410471.46
2025-11-16 21:00:00,0.3736,0.3741,0.3693,0.3732,715436.15
2025-11-16 22:00:00,0.3733,0.3805,0.37,0.3794,893187.47
2025-11-16 23:00:00,0.3795,0.3859,0.3707,0.3828,2576058.03
2025-11-17 00:00:00,0.3828,0.3905,0.3788,0.3886,1547234.66
2025-11-17 01:00:00,0.3887,0.389,0.3841,0.3848,768671.36
2025-11-17 02:00:00,0.3849,0.3884,0.3838,0.387,902484.88
2025-11-17 03:00:00,0.3872,0.3905,0.3869,0.3886,701006.5
2025-11-17 04:00:00,0.3886,0.3918,0.3872,0.3898,1088098.88
2025-11-17 05:00:00,0.3898,0.3904,0.3862,0.3872,660785.79
2025-11-17 06:00:00,0.3873,0.39,0.3852,0.3897,613742.71
2025-11-17 07:00:00,0.3898,0.3929,0.3889,0.3919,913551.14
2025-11-17 08:00:00,0.392,0.3925,0.3897,0.3897,539076.23
2025-11-17 09:00:00,0.3899,0.3925,0.3877,0.3888,815610.93
2025-11-17 10:00:00,0.3887,0.3911,0.3882,0.3897,409989.96
2025-11-17 11:00:00,0.3897,0.394,0.3895,0.3911,738912.67
2025-11-17 12:00:00,0.391,0.3912,0.3869,0.3877,838466.01
2025-11-17 13:00:00,0.3878,0.3883,0.3748,0.3788,1401837.58
2025-11-17 14:00:00,0.3787,0.3948,0.3762,0.3854,3665144.18
2025-11-17 15:00:00,0.3855,0.3876,0.378,0.3796,2460133.51
2025-11-17 16:00:00,0.3795,0.3834,0.3715,0.3831,2121118.92
2025-11-17 17:00:00,0.3831,0.3835,0.3698,0.3702,1155254.55
2025-11-17 18:00:00,0.3703,0.374,0.3622,0.3649,3300607.81
2025-11-17 19:00:00,0.3648,0.3669,0.3579,0.3597,3142321.42
2025-11-17 20:00:00,0.3596,0.3624,0.3561,0.3604,1997898.68
2025-11-17 21:00:00,0.3605,0.3638,0.3566,0.3595,1325655.66
2025-11-17 22:00:00,0.3596,0.3647,0.3579,0.3625,1179905.67
2025-11-17 23:00:00,0.3625,0.3659,0.3611,0.3653,843270.21
2025-11-18 00:00:00,0.3654,0.3705,0.3597,0.3696,1552953.03
2025-11-18 01:00:00,0.3696,0.3723,0.368,0.3701,2181716.95
2025-11-18 02:00:00,0.3701,0.3763,0.3641,0.3705,2811995.88
2025-11-18 03:00:00,0.3706,0.3798,0.3657,0.3795,2906605.46
2025-11-18 04:00:00,0.3794,0.3809,0.372,0.3801,1679961.01
2025-11-18 05:00:00,0.3801,0.3859,0.3763,0.378,1947947.09
2025-11-18 06:00:00,0.3779,0.3787,0.3708,0.3711,1132385.97
2025-11-18 07:00:00,0.3711,0.3743,0.3691,0.3727,1138732.03
2025-11-18 08:00:00,0.3728,0.3762,0.3701,0.3743,1349805.99
2025-11-18 09:00:00,0.3742,0.3761,0.3711,0.3761,880397.56
2025-11-18 10:00:00,0.376,0.3785,0.3751,0.3782,1901220.55
2025-11-18 11:00:00,0.378,0.3786,0.3738,0.3751,523861.48
2025-11-18 12:00:00,0.375,0.3778,0.3718,0.3773,395436.53
2025-11-18 13:00:00,0.3773,0.3775,0.373,0.3765,579019.05
2025-11-18 14:00:00,0.3764,0.3813,0.373,0.3733,1581766.39
2025-11-18 15:00:00,0.3732,0.3846,0.3711,0.3808,1588115.6
2025-11-18 16:00:00,0.3809,0.3902,0.3796,0.3859,2569530.61
2025-11-18 17:00:00,0.3859,0.3861,0.3811,0.3825,861444.76
2025-11-18 18:00:00,0.3826,0.3859,0.3826,0.3836,857754.59
2025-11-18 19:00:00,0.3835,0.3852,0.3814,0.3827,386232.82
2025-11-18 20:00:00,0.3826,0.3841,0.3813,0.3818,270378.63
2025-11-18 21:00:00,0.3819,0.3822,0.3774,0.3775,559735.44
2025-11-18 22:00:00,0.3774,0.3843,0.3774,0.3822,637038.94
2025-11-18 23:00:00,0.3822,0.3823,0.3788,0.3807,484268.48
2025-11-19 00:00:00,0.3807,0.3808,0.3763,0.3799,1770552.46
2025-11-19 01:00:00,0.38,0.383,0.3781,0.3819,559304.75
2025-11-19 02:00:00,0.3819,0.3851,0.3813,0.3817,764450.87
2025-11-19 03:00:00,0.3817,0.3827,0.3766,0.3773,539201.08
2025-11-19 04:00:00,0.3772,0.3784,0.3746,0.375,850641.8
2025-11-19 05:00:00,0.375,0.3759,0.3671,0.3703,1159745.12
2025-11-19 06:00:00,0.3704,0.3739,0.3689,0.3733,758427.68
2025-11-19 07:00:00,0.3732,0.3787,0.373,0.3785,581014.88
2025-11-19 08:00:00,0.3784,0.3806,0.3767,0.3789,673106.33
2025-11-19 09:00:00,0.3789,0.3825,0.3764,0.3821,721786.43
2025-11-19 10:00:00,0.3822,0.385,0.3801,0.3805,756561.3
2025-11-19 11:00:00,0.3802,0.3822,0.3793,0.381,580305.07
2025-11-19 12:00:00,0.3811,0.3832,0.3808,0.3826,543070.83
2025-11-19 13:00:00,0.3827,0.383,0.3771,0.3772,541229.2
2025-11-19 14:00:00,0.3773,0.378,0.3721,0.3772,1214868.55
2025-11-19 15:00:00,0.3772,0.3827,0.3686,0.3694,2166027.13
2025-11-19 16:00:00,0.3693,0.3728,0.3628,0.3641,1953077.11
2025-11-19 17:00:00,0.3641,0.3659,0.3571,0.3626,1528397.95
2025-11-19 18:00:00,0.3625,0.3645,0.3554,0.3589,1523935.29
2025-11-19 19:00:00,0.359,0.3601,0.3556,0.3582,675544.23
2025-11-19 20:00:00,0.3582,0.3677,0.3575,0.3671,1133661.22
2025-11-19 21:00:00,0.3672,0.3768,0.3658,0.3749,2392091.66
2025-11-19 22:00:00,0.3748,0.3751,0.3705,0.3727,387367.2
2025-11-19 23:00:00,0.3728,0.3774,0.3723,0.3753,938358.33
2025-11-20 00:00:00,0.3752,0.3766,0.3733,0.3736,575768.97
2025-11-20 01:00:00,0.3735,0.376,0.3731,0.3752,475151.02
2025-11-20 02:00:00,0.3753,0.3776,0.3748,0.3766,702680.25
2025-11-20 03:00:00,0.3768,0.3779,0.3759,0.3761,429014.53
2025-11-20 04:00:00,0.3761,0.3823,0.3759,0.3822,747229.76
2025-11-20 05:00:00,0.3821,0.3837,0.3805,0.3811,889244.52
2025-11-20 06:00:00,0.3813,0.3843,0.3804,0.3838,756678.47
2025-11-20 07:00:00,0.3836,0.3875,0.3822,0.3875,1209807.65
2025-11-20 08:00:00,0.3873,0.3883,0.3846,0.3857,929676.74
2025-11-20 09:00:00,0.3855,0.3877,0.3842,0.3855,896158.52
2025-11-20 10:00:00,0.3854,0.3854,0.3823,0.384,754831.71
2025-11-20 11:00:00,0.3839,0.3864,0.3822,0.3859,520143.98
2025-11-20 12:00:00,0.386,0.3954,0.3855,0.3949,1431773.51
2025-11-20 13:00:00,0.3949,0.3973,0.3894,0.3903,3153054.76
2025-11-20 14:00:00,0.3905,0.3977,0.3866,0.3946,2504108.87
2025-11-20 15:00:00,0.3947,0.3951,0.3882,0.3889,2085962.51
2025-11-20 16:00:00,0.3888,0.3896,0.3658,0.3679,6457214.51
2025-11-20 17:00:00,0.3678,0.3702,0.3573,0.3597,4398369.94
2025-11-20 18:00:00,0.3596,0.363,0.355,0.3557,4763352.51
2025-11-20 19:00:00,0.3557,0.365,0.3523,0.364,1800190.37
2025-11-20 20:00:00,0.364,0.3643,0.3587,0.36,1868069.57
2025-11-20 21:00:00,0.3598,0.37,0.3596,0.367,1428526.11
2025-11-20 22:00:00,0.3671,0.3759,0.367,0.3713,1399320.11
2025-11-20 23:00:00,0.3714,0.3717,0.3598,0.3608,1102612.59
2025-11-21 00:00:00,0.3608,0.366,0.36,0.3656,1104144.44
2025-11-21 01:00:00,0.3657,0.3685,0.3633,0.366,1079843.54
2025-11-21 02:00:00,0.3659,0.3662,0.3532,0.3544,1854404.42
2025-11-21 03:00:00,0.3543,0.3633,0.3542,0.3613,1644413.61
2025-11-21 04:00:00,0.3611,0.3614,0.3526,0.3587,1185725.05
2025-11-21 05:00:00,0.3586,0.3597,0.3518,0.3526,1306621.88
2025-11-21 06:00:00,0.3527,0.3549,0.3511,0.3524,828165.94
2025-11-21 07:00:00,0.3525,0.3534,0.317,0.3336,12707380.53
2025-11-21 08:00:00,0.3335,0.3387,0.3316,0.3339,3572409.03
2025-11-21 09:00:00,0.334,0.3357,0.3269,0.3277,2613529.95
2025-11-21 10:00:00,0.3279,0.333,0.3254,0.3269,3829006.65
2025-11-21 11:00:00,0.3268,0.3297,0.3196,0.3211,2419957.93
2025-11-21 12:00:00,0.3212,0.3282,0.3115,0.3236,5835197.84
2025-11-21 13:00:00,0.3235,0.3262,0.3208,0.322,2936113.82
2025-11-21 14:00:00,0.322,0.3286,0.3188,0.3243,4506792.73
2025-11-21 15:00:00,0.3244,0.3252,0.3118,0.3129,6389024.91
2025-11-21 16:00:00,0.313,0.3187,0.3067,0.3184,6306142.32
2025-11-21 17:00:00,0.3185,0.3248,0.3172,0.3194,3830081.07
2025-11-21 18:00:00,0.3195,0.3207,0.3104,0.3181,3787081.54
2025-11-21 19:00:00,0.318,0.3192,0.3113,0.3122,2628711.65
2025-11-21 20:00:00,0.3121,0.3121,0.3038,0.3055,3324062.49
2025-11-21 21:00:00,0.3054,0.3108,0.3023,0.3083,2831554.46
2025-11-21 22:00:00,0.3084,0.3096,0.2962,0.2974,2446751.38
2025-11-21 23:00:00,0.2973,0.3086,0.2924,0.3081,3732639.92
2025-11-22 00:00:00,0.3082,0.3093,0.302,0.3046,1184405.19
2025-11-22 01:00:00,0.3047,0.3092,0.3046,0.3086,1037018.66
2025-11-22 02:00:00,0.3086,0.3091,0.3038,0.3063,709562.16
2025-11-22 03:00:00,0.3062,0.3068,0.3019,0.3029,1193296.62
2025-11-22 04:00:00,0.3028,0.303,0.2913,0.2959,3016491.19
2025-11-22 05:00:00,0.2958,0.2961,0.2876,0.2916,3340340.98
2025-11-22 06:00:00,0.2917,0.3014,0.2888,0.3006,2611272.27
2025-11-22 07:00:00,0.3005,0.3035,0.2989,0.3032,2271967.87
2025-11-22 08:00:00,0.3032,0.3034,0.2964,0.2969,1557472.64
2025-11-22 09:00:00,0.297,0.3038,0.297,0.3017,1889974.37
2025-11-22 10:00:00,0.3017,0.3038,0.2978,0.2997,1134671.88
2025-11-22 11:00:00,0.2998,0.3026,0.2988,0.2997,1417273.28
2025-11-22 12:00:00,0.2997,0.2998,0.296,0.2975,1173295.78
2025-11-22 13:00:00,0.2974,0.299,0.2947,0.2982,1260140.95
2025-11-22 14:00:00,0.2983,0.3039,0.298,0.3029,1545881.56
2025-11-22 15:00:00,0.3028,0.3043,0.2961,0.2975,1062985.15
2025-11-22 16:00:00,0.2974,0.3019,0.297,0.2999,1641643.81
2025-11-22 17:00:00,0.2999,0.3008,0.2982,0.3,3041378.4
2025-11-22 18:00:00,0.2999,0.3012,0.2978,0.2999,1429842.46
2025-11-22 19:00:00,0.2999,0.3014,0.298,0.2991,510042.2
2025-11-22 20:00:00,0.2992,0.3025,0.2972,0.2984,1293238.96
2025-11-22 21:00:00,0.2983,0.3015,0.2983,0.3008,420631.58
2025-11-22 22:00:00,0.3008,0.307,0.2989,0.3055,918248.39
2025-11-22 23:00:00,0.3054,0.3056,0.3015,0.3026,959966.85
2025-11-23 00:00:00,0.3027,0.3047,0.3009,0.3025,591463.03
2025-11-23 01:00:00,0.3026,0.3085,0.3026,0.3066,708739.98
2025-11-23 02:00:00,0.3066,0.3083,0.3052,0.3064,987415.48
2025-11-23 03:00:00,0.3064,0.3066,0.3033,0.3043,958816.65
2025-11-23 04:00:00,0.3044,0.3084,0.3042,0.3069,1056405.25
2025-11-23 05:00:00,0.3068,0.3079,0.3059,0.3072,521445.01
2025-11-23 06:00:00,0.3071,0.3077,0.303,0.3036,489142.46
2025-11-23 07:00:00,0.3037,0.3039,0.3002,0.3033,858141.74
2025-11-23 08:00:00,0.3033,0.3039,0.3022,0.3035,361253.56
2025-11-23 09:00:00,0.3036,0.3053,0.3026,0.3042,579530.35
2025-11-23 10:00:00,0.3042,0.3058,0.3029,0.3054,755540.64
2025-11-23 11:00:00,0.3053,0.3075,0.3033,0.3068,429212.91
2025-11-23 12:00:00,0.3068,0.3088,0.3056,0.3062,700390.8
2025-11-23 13:00:00,0.3061,0.3078,0.3053,0.3077,526617.55
2025-11-23 14:00:00,0.3078,0.3094,0.3032,0.3037,657568.01
2025-11-23 15:00:00,0.3037,0.3085,0.303,0.3074,356827.91
2025-11-23 16:00:00,0.3074,0.3086,0.3043,0.3044,430336.96
2025-11-23 17:00:00,0.3045,0.3047,0.3018,0.3025,812606.59
2025-11-23 18:00:00,0.3024,0.3059,0.3022,0.3045,695263.92
2025-11-23 19:00:00,0.3044,0.3081,0.3043,0.3063,684230.86
2025-11-23 20:00:00,0.3063,0.3076,0.3058,0.3061,410132.02
2025-11-23 21:00:00,0.3061,0.308,0.3048,0.3071,734112.68
2025-11-23 22:00:00,0.3071,0.3076,0.3045,0.3066,1098714.96
2025-11-23 23:00:00,0.3066,0.3072,0.3009,0.3012,901189.39
2025-11-24 00:00:00,0.3012,0.3039,0.2984,0.3013,1031554.14
2025-11-24 01:00:00,0.3012,0.303,0.2994,0.3027,628538.24
2025-11-24 02:00:00,0.3026,0.3109,0.302,0.3081,2537379.08
2025-11-24 03:00:00,0.3083,0.3125,0.3073,0.3096,793569.78
2025-11-24 04:00:00,0.3097,0.3113,0.3036,0.3057,1170610.52
2025-11-24 05:00:00,0.3056,0.314,0.3052,0.3108,1698891.98
2025-11-24 06:00:00,0.3109,0.3113,0.3067,0.3087,1480958.51
2025-11-24 07:00:00,0.3086,0.3093,0.3065,0.3071,481095.55
2025-11-24 08:00:00,0.3069,0.3094,0.3063,0.3085,1015027.69
2025-11-24 09:00:00,0.3086,0.3086,0.3017,0.3025,1066127.22
2025-11-24 10:00:00,0.3024,0.3048,0.3023,0.3042,453548.98
2025-11-24 11:00:00,0.3043,0.3063,0.303,0.3062,572594.52
2025-11-24 12:00:00,0.3062,0.3065,0.3029,0.304,652247.46
2025-11-24 13:00:00,0.3038,0.3083,0.3033,0.3058,949872.52
2025-11-24 14:00:00,0.3057,0.3104,0.3021,0.3085,2153949.77
2025-11-24 15:00:00,0.3086,0.3134,0.3065,0.3114,2123205.84
2025-11-24 16:00:00,0.3115,0.3161,0.3115,0.3144,1774240.8
2025-11-24 17:00:00,0.3146,0.324,0.3141,0.3235,2467337.03
2025-11-24 18:00:00,0.3236,0.325,0.3215,0.3225,1570551.44
2025-11-24 19:00:00,0.3223,0.3241,0.3207,0.3209,1164640.92
2025-11-24 20:00:00,0.321,0.3247,0.3207,0.3237,1388800.02
2025-11-24 21:00:00,0.3236,0.3245,0.3207,0.3215,777424.69
2025-11-24 22:00:00,0.3216,0.3238,0.3198,0.321,718267.78
2025-11-24 23:00:00,0.3209,0.3214,0.3184,0.3186,487876.4
2025-11-25 00:00:00,0.3186,0.3197,0.3173,0.3189,736138.55
2025-11-25 01:00:00,0.319,0.3208,0.3176,0.3176,627631.19
2025-11-25 02:00:00,0.3176,0.3189,0.3155,0.3188,754258.57
2025-11-25 03:00:00,0.3187,0.3197,0.3162,0.3174,792421.76
2025-11-25 04:00:00,0.3175,0.3192,0.3158,0.317,726309.86
2025-11-25 05:00:00,0.3169,0.3174,0.3154,0.316,717775.36
2025-11-25 06:00:00,0.3159,0.3161,0.3132,0.3146,885472.25
2025-11-25 07:00:00,0.3146,0.3157,0.3131,0.3136,912953.2
2025-11-25 08:00:00,0.3136,0.317,0.3136,0.3147,1050515.48
2025-11-25 09:00:00,0.3148,0.317,0.3133,0.3167,712678.89
2025-11-25 10:00:00,0.3167,0.3177,0.3151,0.3176,368629.48
2025-11-25 11:00:00,0.3175,0.3178,0.3155,0.316,641996.19
2025-11-25 12:00:00,0.3161,0.3207,0.316,0.3199,1106762.74
2025-11-25 13:00:00,0.3199,0.3204,0.3151,0.316,880116.81
2025-11-25 14:00:00,0.3161,0.3184,0.3099,0.3137,2019847.58
2025-11-25 15:00:00,0.3135,0.3168,0.3101,0.3155,1447670.82
2025-11-25 16:00:00,0.3155,0.3198,0.3149,0.3183,695214.32
2025-11-25 17:00:00,0.3182,0.3226,0.3162,0.32,1733854.2
2025-11-25 18:00:00,0.3201,0.3227,0.3196,0.3197,968825.73
2025-11-25 19:00:00,0.3197,0.3205,0.3136,0.319,884678.35
2025-11-25 20:00:00,0.3189,0.3221,0.3186,0.321,352137.08
2025-11-25 21:00:00,0.321,0.322,0.32,0.3202,271318.68
2025-11-25 22:00:00,0.3201,0.3255,0.3165,0.3245,701615.94
2025-11-25 23:00:00,0.3246,0.3276,0.3234,0.3248,941451.71
2025-11-26 00:00:00,0.3249,0.3261,0.3238,0.3243,421612.13
2025-11-26 01:00:00,0.3243,0.3267,0.3227,0.3234,875000.76
2025-11-26 02:00:00,0.3234,0.3236,0.3205,0.3208,1664668.38
2025-11-26 03:00:00,0.3208,0.3219,0.3177,0.318,1109062.19
2025-11-26 04:00:00,0.318,0.3187,0.317,0.3176,462378.51
2025-11-26 05:00:00,0.3174,0.3219,0.3172,0.3211,743014.96
2025-11-26 06:00:00,0.3211,0.3228,0.3197,0.3223,499621.69
2025-11-26 07:00:00,0.3222,0.3225,0.3209,0.3218,493324.79
2025-11-26 08:00:00,0.3217,0.3219,0.3165,0.3176,1523941.43
2025-11-26 09:00:00,0.3176,0.3184,0.3155,0.3162,948869.49
2025-11-26 10:00:00,0.3162,0.3176,0.3148,0.3159,357604.21
2025-11-26 11:00:00,0.316,0.3171,0.3151,0.316,392509.48
2025-11-26 12:00:00,0.3159,0.3164,0.3129,0.3145,522349.7
2025-11-26 13:00:00,0.3145,0.3167,0.3139,0.3166,498704.46
2025-11-26 14:00:00,0.3165,0.3168,0.3111,0.3115,1814399.68
2025-11-26 15:00:00,0.3115,0.3142,0.3103,0.3122,756334.56
2025-11-26 16:00:00,0.3121,0.3159,0.3108,0.3138,1139980.78
2025-11-26 17:00:00,0.3139,0.3253,0.3137,0.3245,1296965.09
2025-11-26 18:00:00,0.3246,0.3287,0.3235,0.3266,2180006.3
2025-11-26 19:00:00,0.3267,0.3267,0.3228,0.3239,838650.64
2025-11-26 20:00:00,0.3239,0.3243,0.3217,0.3231,415566.89
2025-11-26 21:00:00,0.3232,0.3279,0.3224,0.3255,677866.97
2025-11-26 22:00:00,0.3255,0.3268,0.3248,0.3259,443164.64
2025-11-26 23:00:00,0.3259,0.3268,0.3243,0.3252,318630.12
2025-11-27 00:00:00,0.3252,0.3261,0.3231,0.3247,765479.67
2025-11-27 01:00:00,0.3246,0.3285,0.3238,0.3278,1573402.57
2025-11-27 02:00:00,0.3279,0.33,0.3257,0.3262,630299.71
2025-11-27 03:00:00,0.3262,0.3273,0.3241,0.3249,436474.96
2025-11-27 04:00:00,0.3249,0.3277,0.3248,0.3274,535470.01
2025-11-27 05:00:00,0.3274,0.3285,0.3248,0.3255,1084287.68
2025-11-27 06:00:00,0.3256,0.3282,0.3255,0.3276,292931.92
2025-11-27 07:00:00,0.3276,0.3297,0.327,0.3293,863510.82
2025-11-27 08:00:00,0.3292,0.3304,0.3272,0.3301,695690.19
2025-11-27 09:00:00,0.3301,0.334,0.3289,0.3316,1429860.99
2025-11-27 10:00:00,0.3315,0.3336,0.3302,0.3327,820405.38
2025-11-27 11:00:00,0.3326,0.3335,0.3315,0.3333,943042.31
2025-11-27 12:00:00,0.3333,0.3343,0.3297,0.3305,892387.4
2025-11-27 13:00:00,0.3305,0.3359,0.3305,0.3346,1295783.41
2025-11-27 14:00:00,0.3347,0.3374,0.3331,0.3367,991245.72
2025-11-27 15:00:00,0.3366,0.3425,0.335,0.3424,1200093.42
2025-11-27 16:00:00,0.3423,0.3433,0.3403,0.3426,2195471.99
2025-11-27 17:00:00,0.3425,0.3427,0.3387,0.3397,935024.77
2025-11-27 18:00:00,0.3396,0.3398,0.3376,0.3384,813777.12
2025-11-27 19:00:00,0.3384,0.3394,0.3367,0.3372,416871.22
2025-11-27 20:00:00,0.3373,0.3399,0.3372,0.3394,534670.12
2025-11-27 21:00:00,0.3394,0.3407,0.3384,0.3386,687655.27
2025-11-27 22:00:00,0.3385,0.3395,0.3341,0.3348,571845.64
2025-11-27 23:00:00,0.3348,0.3353,0.3326,0.3338,559460.85
2025-11-28 00:00:00,0.3338,0.3351,0.3332,0.3338,406729.62
2025-11-28 01:00:00,0.3339,0.3349,0.3317,0.3319,814589.23
2025-11-28 02:00:00,0.332,0.3323,0.3287,0.3304,1333253.76
2025-11-28 03:00:00,0.3303,0.331,0.3291,0.33,899806.29
2025-11-28 04:00:00,0.33,0.3326,0.3296,0.3302,651835.47
2025-11-28 05:00:00,0.3302,0.3309,0.3283,0.3296,476128.92
2025-11-28 06:00:00,0.3294,0.3298,0.3272,0.3283,476061.07
2025-11-28 07:00:00,0.3281,0.3304,0.3278,0.3297,766207.44
2025-11-28 08:00:00,0.3296,0.3406,0.3296,0.3402,1297417.27
2025-11-28 09:00:00,0.3402,0.3404,0.336,0.3363,766526.47
2025-11-28 10:00:00,0.3365,0.3366,0.3345,0.3349,806155.09
2025-11-28 11:00:00,0.3349,0.3349,0.3296,0.3311,1171606.98
2025-11-28 12:00:00,0.331,0.3329,0.3309,0.3311,475576.23
2025-11-28 13:00:00,0.331,0.336,0.3297,0.3342,825246.78
2025-11-28 14:00:00,0.3342,0.3365,0.3316,0.3345,1344484.26
2025-11-28 15:00:00,0.3346,0.3389,0.3337,0.337,1359527.9
2025-11-28 16:00:00,0.337,0.337,0.3292,0.3303,1803274.74
2025-11-28 17:00:00,0.3303,0.3314,0.3267,0.3282,1245452.06
2025-11-28 18:00:00,0.3282,0.3295,0.3259,0.3291,936475.61
2025-11-28 19:00:00,0.3293,0.3326,0.3287,0.3325,923093.08
2025-11-28 20:00:00,0.3324,0.3337,0.3303,0.3334,566252.21
2025-11-28 21:00:00,0.3336,0.3339,0.3308,0.3308,512348.22
2025-11-28 22:00:00,0.3308,0.3342,0.3296,0.3338,787057.62
2025-11-28 23:00:00,0.3339,0.3348,0.3307,0.331,471483.11
2025-11-29 00:00:00,0.3311,0.3325,0.3302,0.3319,581461.87
2025-11-29 01:00:00,0.3318,0.3346,0.3318,0.3339,568919.89
2025-11-29 02:00:00,0.3339,0.3344,0.3322,0.3336,533567.01
2025-11-29 03:00:00,0.3337,0.3353,0.3319,0.3328,274486.57
2025-11-29 04:00:00,0.3328,0.3356,0.3324,0.3351,174336.68
2025-11-29 05:00:00,0.3351,0.3351,0.3316,0.3318,349873.89
2025-11-29 06:00:00,0.3317,0.3326,0.327,0.3283,952717.81
2025-11-29 07:00:00,0.3282,0.331,0.3281,0.3305,508500.98
2025-11-29 08:00:00,0.3304,0.3306,0.3276,0.3278,346569.65
2025-11-29 09:00:00,0.3279,0.3285,0.3272,0.3276,340738.59
2025-11-29 10:00:00,0.3277,0.3297,0.3263,0.329,445618.86
2025-11-29 11:00:00,0.3289,0.3327,0.3288,0.3325,389231.38
2025-11-29 12:00:00,0.3325,0.3329,0.3298,0.3298,241909.36
2025-11-29 13:00:00,0.3297,0.3307,0.3286,0.3294,299116.29
2025-11-29 14:00:00,0.3294,0.3294,0.3265,0.3266,430673.63
2025-11-29 15:00:00,0.3267,0.3297,0.3262,0.3281,626655.22
2025-11-29 16:00:00,0.3281,0.3287,0.3264,0.3269,297681.76
2025-11-29 17:00:00,0.3267,0.3271,0.323,0.3238,689070.16
2025-11-29 18:00:00,0.3237,0.3262,0.3221,0.3255,822369.98
2025-11-29 19:00:00,0.3255,0.3268,0.3248,0.3256,373205.7
2025-11-29 20:00:00,0.3255,0.3286,0.3245,0.3284,396685.29
2025-11-29 21:00:00,0.3285,0.3289,0.3267,0.3283,365876.26
2025-11-29 22:00:00,0.3283,0.3284,0.3264,0.3267,173614.9
2025-11-29 23:00:00,0.3267,0.3276,0.3256,0.3268,125727.56
2025-11-30 00:00:00,0.3267,0.3282,0.3266,0.3278,212757.65
2025-11-30 01:00:00,0.3277,0.3304,0.3274,0.3281,316930.23
2025-11-30 02:00:00,0.3282,0.3291,0.3264,0.3264,205189.22
2025-11-30 03:00:00,0.3264,0.3282,0.3239,0.3282,479813.72
2025-11-30 04:00:00,0.3283,0.3287,0.3258,0.3264,235841.37
2025-11-30 05:00:00,0.3263,0.3263,0.3239,0.3246,387361.07
2025-11-30 06:00:00,0.3247,0.3282,0.3241,0.3266,787724.0
2025-11-30 07:00:00,0.3266,0.328,0.3257,0.3273,246584.21
2025-11-30 08:00:00,0.3273,0.3293,0.3265,0.3276,514181.64
2025-11-30 09:00:00,0.3277,0.3285,0.3258,0.3265,362163.06
2025-11-30 10:00:00,0.3265,0.3265,0.3247,0.325,551169.06
2025-11-30 11:00:00,0.3251,0.3261,0.3226,0.3234,908729.95
2025-11-30 12:00:00,0.3234,0.3243,0.3198,0.3235,1152782.65
2025-11-30 13:00:00,0.3235,0.3278,0.3233,0.3263,1162223.18
2025-11-30 14:00:00,0.3263,0.3264,0.3218,0.3226,424134.13
2025-11-30 15:00:00,0.3225,0.3225,0.3185,0.3211,1440634.85
2025-11-30 16:00:00,0.3212,0.3252,0.3211,0.3243,557207.85
2025-11-30 17:00:00,0.3242,0.3262,0.3229,0.326,412090.41
2025-11-30 18:00:00,0.3261,0.3266,0.3241,0.3264,601831.68
2025-11-30 19:00:00,0.3264,0.3267,0.3246,0.3251,721414.65
2025-11-30 20:00:00,0.3253,0.3273,0.3238,0.3251,432725.07
2025-11-30 21:00:00,0.325,0.3253,0.323,0.324,427767.91
2025-11-30 22:00:00,0.3241,0.3268,0.3229,0.3253,285559.12
2025-11-30 23:00:00,0.3253,0.3254,0.3181,0.3187,918746.08
2025-12-01 00:00:00,0.3187,0.3195,0.2954,0.2961,7558290.96
2025-12-01 01:00:00,0.296,0.301,0.2949,0.2964,1394000.54
2025-12-01 02:00:00,0.2965,0.2994,0.2958,0.2964,1658759.93
2025-12-01 03:00:00,0.2963,0.2971,0.2912,0.2917,3335042.31
2025-12-01 04:00:00,0.2915,0.2933,0.2896,0.2927,2028028.72
2025-12-01 05:00:00,0.2927,0.2959,0.2922,0.294,1102437.73
2025-12-01 06:00:00,0.2941,0.2948,0.2924,0.293,669211.7
2025-12-01 07:00:00,0.2931,0.2942,0.2918,0.294,801732.52
2025-12-01 08:00:00,0.294,0.2958,0.2932,0.2948,871513.94
2025-12-01 09:00:00,0.2947,0.2965,0.2924,0.2929,828236.61
2025-12-01 10:00:00,0.2929,0.2934,0.2918,0.292,469945.77
2025-12-01 11:00:00,0.2919,0.2919,0.2876,0.288,1540107.66
2025-12-01 12:00:00,0.2881,0.2904,0.2847,0.2902,1652928.87
2025-12-01 13:00:00,0.2901,0.2936,0.2882,0.2894,2542538.27
2025-12-01 14:00:00,0.2893,0.2926,0.2876,0.2886,1103478.79
2025-12-01 15:00:00,0.2887,0.2891,0.2796,0.284,3317708.55
2025-12-01 16:00:00,0.2839,0.2849,0.2807,0.2808,1015029.05
2025-12-01 17:00:00,0.2809,0.2822,0.2776,0.2777,1774408.5
2025-12-01 18:00:00,0.2777,0.2824,0.2777,0.2817,1304506.74
2025-12-01 19:00:00,0.2818,0.2821,0.2799,0.2811,1091592.63
2025-12-01 20:00:00,0.2811,0.2857,0.2811,0.2836,2508285.86
2025-12-01 21:00:00,0.2837,0.2882,0.283,0.2866,876391.03
2025-12-01 22:00:00,0.2867,0.2886,0.2859,0.287,530284.14
2025-12-01 23:00:00,0.287,0.289,0.2868,0.2873,434471.29
2025-12-02 00:00:00,0.2874,0.2883,0.2856,0.2856,628570.76
2025-12-02 01:00:00,0.2856,0.2899,0.2849,0.2853,925041.04
2025-12-02 02:00:00,0.2852,0.2875,0.2842,0.286,836201.05
2025-12-02 03:00:00,0.2861,0.2893,0.2849,0.2884,358418.43
2025-12-02 04:00:00,0.2886,0.2904,0.2886,0.2895,291419.86
2025-12-02 05:00:00,0.2894,0.29,0.2876,0.2879,628646.91
2025-12-02 06:00:00,0.2879,0.289,0.2862,0.2888,704469.28
2025-12-02 07:00:00,0.2889,0.2894,0.2878,0.2879,417852.43
2025-12-02 08:00:00,0.288,0.2885,0.2841,0.2847,731372.75
2025-12-02 09:00:00,0.2846,0.2873,0.2845,0.2861,276383.32
2025-12-02 10:00:00,0.286,0.2896,0.2859,0.2883,351413.53
2025-12-02 11:00:00,0.2883,0.2915,0.2876,0.2912,652452.73
2025-12-02 12:00:00,0.2912,0.2925,0.29,0.2922,438385.23
2025-12-02 13:00:00,0.2923,0.2954,0.2914,0.2947,779559.55
2025-12-02 14:00:00,0.2946,0.3025,0.2939,0.3022,1611461.85
2025-12-02 15:00:00,0.3023,0.3206,0.3023,0.3196,3806656.08
2025-12-02 16:00:00,0.3198,0.3226,0.3147,0.3192,2279901.45
2025-12-02 17:00:00,0.3192,0.3217,0.3183,0.3192,1075669.99
2025-12-02 18:00:00,0.3192,0.3203,0.3168,0.3177,839118.59
2025-12-02 19:00:00,0.3178,0.3197,0.3168,0.3169,571630.25
2025-12-02 20:00:00,0.3169,0.3172,0.3118,0.3144,1036848.78
2025-12-02 21:00:00,0.3144,0.3162,0.3141,0.3148,565492.13
2025-12-02 22:00:00,0.3148,0.3193,0.3148,0.3192,738348.13
2025-12-02 23:00:00,0.3194,0.3196,0.3162,0.3168,448253.93
2025-12-03 00:00:00,0.3168,0.3187,0.3155,0.3164,697928.42
2025-12-03 01:00:00,0.3163,0.318,0.3154,0.3168,680070.29
2025-12-03 02:00:00,0.3167,0.3194,0.3163,0.318,968587.63
2025-12-03 03:00:00,0.3179,0.32,0.3167,0.3168,843322.83
2025-12-03 04:00:00,0.3167,0.3217,0.316,0.3205,1576933.89
2025-12-03 05:00:00,0.3204,0.3219,0.3197,0.3206,986453.35
2025-12-03 06:00:00,0.3208,0.3262,0.3203,0.322,1193905.41
2025-12-03 07:00:00,0.3219,0.3223,0.319,0.3194,693397.39
2025-12-03 08:00:00,0.3195,0.3229,0.3195,0.3222,403804.48
2025-12-03 09:00:00,0.3222,0.3234,0.3207,0.3226,732085.56
2025-12-03 10:00:00,0.3225,0.3242,0.32,0.3203,616416.84
2025-12-03 11:00:00,0.3202,0.3219,0.3196,0.3216,377571.37
2025-12-03 12:00:00,0.3216,0.3226,0.3187,0.3195,700931.93
2025-12-03 13:00:00,0.3195,0.3209,0.3192,0.3199,648160.72
2025-12-03 14:00:00,0.3199,0.3246,0.3122,0.3181,3635650.0
2025-12-03 15:00:00,0.3182,0.3215,0.3174,0.321,1944849.06
2025-12-03 16:00:00,0.3211,0.323,0.3184,0.3211,1047190.16
2025-12-03 17:00:00,0.3211,0.3255,0.3211,0.3252,1172467.42
2025-12-03 18:00:00,0.3254,0.3275,0.3227,0.3238,738238.01
2025-12-03 19:00:00,0.3238,0.3247,0.3221,0.3238,586451.55
2025-12-03 20:00:00,0.3239,0.3264,0.3221,0.3239,419189.04
2025-12-03 21:00:00,0.324,0.3283,0.3233,0.3279,667939.68
2025-12-03 22:00:00,0.3278,0.3313,0.3256,0.3306,1544669.21
2025-12-03 23:00:00,0.3306,0.3329,0.3267,0.3273,1194343.28
2025-12-04 00:00:00,0.3273,0.3282,0.325,0.3265,765975.06
2025-12-04 01:00:00,0.3264,0.3306,0.3257,0.3259,1200326.13
2025-12-04 02:00:00,0.326,0.3282,0.3257,0.327,552060.1
2025-12-04 03:00:00,0.327,0.3282,0.3248,0.3254,284026.42
2025-12-04 04:00:00,0.3253,0.3263,0.3237,0.3247,439787.56
2025-12-04 05:00:00,0.3248,0.3257,0.3235,0.3252,643950.2
2025-12-04 06:00:00,0.3253,0.3287,0.3249,0.3281,812884.38
2025-12-04 07:00:00,0.328,0.3283,0.3253,0.3279,428130.69
2025-12-04 08:00:00,0.3279,0.3281,0.3256,0.3265,260155.94
2025-12-04 09:00:00,0.3266,0.33,0.3266,0.3276,456260.86
2025-12-04 10:00:00,0.3277,0.3288,0.3258,0.3259,297710.43
2025-12-04 11:00:00,0.3259,0.3263,0.3242,0.3257,525242.3
2025-12-04 12:00:00,0.3256,0.3262,0.3235,0.3243,386260.78
2025-12-04 13:00:00,0.3244,0.326,0.3222,0.3229,1188899.38
2025-12-04 14:00:00,0.3231,0.3254,0.3212,0.3222,835344.06
2025-12-04 15:00:00,0.322,0.3302,0.322,0.3289,1258303.6
2025-12-04 16:00:00,0.3288,0.3301,0.3248,0.3258,952727.53
2025-12-04 17:00:00,0.3258,0.3261,0.3225,0.3258,660958.04
2025-12-04 18:00:00,0.3259,0.3283,0.3244,0.3254,1044767.54
2025-12-04 19:00:00,0.3255,0.3256,0.3156,0.3217,2541288.64
2025-12-04 20:00:00,0.3218,0.3239,0.32,0.3228,467187.83
2025-12-04 21:00:00,0.3227,0.3234,0.319,0.319,167785.11
2025-12-04 22:00:00,0.3191,0.3225,0.319,0.3216,264162.12
2025-12-04 23:00:00,0.3215,0.3216,0.3186,0.3189,449535.57
2025-12-05 00:00:00,0.3189,0.3218,0.3187,0.3203,339008.08
2025-12-05 01:00:00,0.3202,0.3224,0.3201,0.3209,509043.05
2025-12-05 02:00:00,0.3207,0.3239,0.3201,0.3222,415593.1
2025-12-05 03:00:00,0.3223,0.3229,0.32,0.3207,377991.27
2025-12-05 04:00:00,0.3207,0.3216,0.3173,0.3191,658421.32
2025-12-05 05:00:00,0.3191,0.3204,0.3184,0.3193,465616.78
2025-12-05 06:00:00,0.3194,0.3234,0.3194,0.323,736299.92
2025-12-05 07:00:00,0.323,0.3258,0.3228,0.3254,354263.49
2025-12-05 08:00:00,0.3255,0.3262,0.3235,0.324,1069672.96
2025-12-05 09:00:00,0.324,0.324,0.3155,0.3165,1127474.11
2025-12-05 10:00:00,0.3164,0.3201,0.3158,0.3189,709296.08
2025-12-05 11:00:00,0.3189,0.3194,0.3153,0.3168,410070.62
2025-12-05 12:00:00,0.3168,0.3191,0.3156,0.3188,569508.68
2025-12-05 13:00:00,0.3186,0.3202,0.3131,0.3138,1043667.84
2025-12-05 14:00:00,0.3139,0.3153,0.3103,0.3112,1376270.05
2025-12-05 15:00:00,0.3112,0.3191,0.3108,0.3124,2160702.05
2025-12-05 16:00:00,0.3123,0.3129,0.2979,0.3005,3200562.1
2025-12-05 17:00:00,0.3004,0.3018,0.2969,0.3001,1284552.51
2025-12-05 18:00:00,0.3001,0.3022,0.2938,0.2946,1449351.04
2025-12-05 19:00:00,0.2947,0.3005,0.2929,0.2988,1350906.36
2025-12-05 20:00:00,0.2988,0.3008,0.2971,0.2977,438796.63
2025-12-05 21:00:00,0.2977,0.3001,0.2977,0.2993,518596.0
2025-12-05 22:00:00,0.2993,0.3021,0.2984,0.3012,502635.85
2025-12-05 23:00:00,0.3013,0.3017,0.2988,0.3008,377938.97
2025-12-06 00:00:00,0.3008,0.3025,0.2993,0.3019,541403.26
2025-12-06 01:00:00,0.3018,0.3035,0.3007,0.301,420061.07
2025-12-06 02:00:00,0.3009,0.3024,0.2999,0.3018,300809.79
2025-12-06 03:00:00,0.3018,0.3043,0.3017,0.3043,472052.41
2025-12-06 04:00:00,0.3043,0.3043,0.301,0.3013,295704.11
2025-12-06 05:00:00,0.3014,0.3018,0.3,0.3003,308864.09
2025-12-06 06:00:00,0.3002,0.3027,0.2999,0.3021,512794.56
2025-12-06 07:00:00,0.3022,0.3042,0.3013,0.3037,326405.05
2025-12-06 08:00:00,0.3038,0.3041,0.3,0.3005,517743.58
2025-12-06 09:00:00,0.3005,0.3051,0.3005,0.3043,350954.23
2025-12-06 10:00:00,0.3042,0.3042,0.3015,0.3017,507659.99
2025-12-06 11:00:00,0.3016,0.3047,0.3012,0.3043,337084.87
2025-12-06 12:00:00,0.3044,0.3077,0.3042,0.3071,625306.82
2025-12-06 13:00:00,0.3071,0.3074,0.3058,0.3061,276469.24
2025-12-06 14:00:00,0.3061,0.311,0.3052,0.3092,990233.31
2025-12-06 15:00:00,0.3093,0.3095,0.3056,0.3064,389785.34
2025-12-06 16:00:00,0.3064,0.3125,0.3064,0.3117,456372.62
2025-12-06 17:00:00,0.3117,0.3165,0.3112,0.3164,684185.72
2025-12-06 18:00:00,0.3164,0.3184,0.3156,0.3162,881179.29
2025-12-06 19:00:00,0.3163,0.3171,0.3116,0.314,942766.92
2025-12-06 20:00:00,0.3141,0.3154,0.3129,0.3151,401165.49
2025-12-06 21:00:00,0.315,0.3184,0.314,0.3144,604821.28
2025-12-06 22:00:00,0.3144,0.3154,0.3125,0.3129,419781.27
2025-12-06 23:00:00,0.3131,0.3145,0.3119,0.3145,574284.0
2025-12-07 00:00:00,0.3146,0.3189,0.3141,0.3188,648672.93
2025-12-07 01:00:00,0.3186,0.3186,0.3158,0.3158,490345.61
2025-12-07 02:00:00,0.3159,0.318,0.3156,0.3163,109454.31
2025-12-07 03:00:00,0.3163,0.3171,0.3158,0.3169,131498.72
2025-12-07 04:00:00,0.317,0.3174,0.3147,0.3148,243125.07
2025-12-07 05:00:00,0.3148,0.3199,0.3148,0.318,687534.19
2025-12-07 06:00:00,0.3181,0.3216,0.3179,0.3202,826007.87
2025-12-07 07:00:00,0.3203,0.3204,0.3154,0.316,417178.46
2025-12-07 08:00:00,0.3161,0.3163,0.3133,0.3135,1174407.8
2025-12-07 09:00:00,0.3136,0.3144,0.3113,0.3114,718436.15
2025-12-07 10:00:00,0.3114,0.3126,0.3103,0.3107,411625.55
2025-12-07 11:00:00,0.3107,0.3118,0.3096,0.31,391291.4
2025-12-07 12:00:00,0.31,0.3116,0.3092,0.3112,271132.31
2025-12-07 13:00:00,0.3112,0.3116,0.3072,0.308,1025157.65
2025-12-07 14:00:00,0.308,0.3083,0.2975,0.298,3974851.3
2025-12-07 15:00:00,0.2979,0.3086,0.2976,0.3073,2862271.2
2025-12-07 16:00:00,0.3072,0.3072,0.3025,0.306,1278313.61
2025-12-07 17:00:00,0.306,0.3154,0.3038,0.3124,2753219.86
2025-12-07 18:00:00,0.3125,0.3159,0.3124,0.3135,1144619.68
2025-12-07 19:00:00,0.3135,0.3145,0.3114,0.3143,480144.03
2025-12-07 20:00:00,0.3144,0.317,0.3136,0.317,948925.87
2025-12-07 21:00:00,0.3169,0.3179,0.3059,0.3081,1418503.37
2025-12-07 22:00:00,0.3079,0.3081,0.2998,0.3034,2722018.76
2025-12-07 23:00:00,0.3035,0.3058,0.302,0.3048,729408.72
2025-12-08 00:00:00,0.3049,0.3079,0.3033,0.3047,506227.26
2025-12-08 01:00:00,0.3048,0.3141,0.3046,0.3092,1321983.06
2025-12-08 02:00:00,0.3092,0.3135,0.3087,0.3131,368438.23
2025-12-08 03:00:00,0.3132,0.3154,0.3127,0.3139,1131829.64
2025-12-08 04:00:00,0.314,0.3185,0.314,0.316,706428.61
2025-12-08 05:00:00,0.3161,0.3166,0.314,0.3151,366646.69
2025-12-08 06:00:00,0.3152,0.3203,0.315,0.319,831773.34
2025-12-08 07:00:00,0.3189,0.3233,0.3185,0.3214,741040.96
2025-12-08 08:00:00,0.3214,0.3245,0.321,0.3242,755884.93
2025-12-08 09:00:00,0.3243,0.3287,0.3241,0.3257,1526822.5
2025-12-08 10:00:00,0.326,0.3264,0.3235,0.324,475394.49
2025-12-08 11:00:00,0.3239,0.3241,0.3203,0.3212,860690.48
2025-12-08 12:00:00,0.3213,0.3219,0.319,0.3217,799177.57
2025-12-08 13:00:00,0.3216,0.324,0.3206,0.3209,620537.45
2025-12-08 14:00:00,0.321,0.3256,0.3191,0.3234,1454697.18
2025-12-08 15:00:00,0.3234,0.3251,0.3181,0.321,1542523.47
2025-12-08 16:00:00,0.321,0.3259,0.3186,0.3214,643254.25
2025-12-08 17:00:00,0.3214,0.3239,0.3187,0.3218,761138.14
2025-12-08 18:00:00,0.3218,0.3227,0.3159,0.3175,863216.37
2025-12-08 19:00:00,0.3174,0.3194,0.3169,0.3178,356998.04
2025-12-08 20:00:00,0.3179,0.3214,0.3176,0.3202,621369.47
2025-12-08 21:00:00,0.3202,0.3222,0.3193,0.3214,471011.84
2025-12-08 22:00:00,0.3214,0.3217,0.3184,0.3194,439393.91
2025-12-08 23:00:00,0.3196,0.32,0.3165,0.3182,326216.15
2025-12-09 00:00:00,0.3183,0.3196,0.3162,0.3169,317047.58
2025-12-09 01:00:00,0.317,0.3177,0.3143,0.3157,624053.35
2025-12-09 02:00:00,0.3158,0.3179,0.3154,0.3155,462456.03
2025-12-09 03:00:00,0.3153,0.3193,0.3139,0.3188,1127069.74
2025-12-09 04:00:00,0.319,0.319,0.3136,0.3151,543360.77
2025-12-09 05:00:00,0.3151,0.318,0.3137,0.3165,667485.88
2025-12-09 06:00:00,0.3165,0.3172,0.3136,0.3158,346861.1
2025-12-09 07:00:00,0.316,0.3192,0.3154,0.3179,331726.37
2025-12-09 08:00:00,0.3179,0.3181,0.3152,0.316,507187.56
2025-12-09 09:00:00,0.316,0.316,0.3131,0.314,345073.28
2025-12-09 10:00:00,0.314,0.3156,0.3127,0.315,378989.52
2025-12-09 11:00:00,0.315,0.3161,0.3144,0.3154,302200.03
2025-12-09 12:00:00,0.3153,0.3199,0.3148,0.319,465478.25
2025-12-09 13:00:00,0.3193,0.3206,0.3175,0.319,584587.72
2025-12-09 14:00:00,0.3189,0.3205,0.3171,0.3191,724763.7
2025-12-09 15:00:00,0.3192,0.3327,0.3188,0.3319,2395291.03
2025-12-09 16:00:00,0.3319,0.3464,0.3319,0.3454,3930838.2
2025-12-09 17:00:00,0.3455,0.3484,0.3438,0.3472,3611387.61
2025-12-09 18:00:00,0.3471,0.3483,0.3435,0.3455,1079525.57
2025-12-09 19:00:00,0.3455,0.3457,0.3423,0.3442,670839.13
2025-12-09 20:00:00,0.3442,0.3443,0.3375,0.3402,1317302.67
2025-12-09 21:00:00,0.3401,0.341,0.3324,0.3355,1742832.53
2025-12-09 22:00:00,0.3356,0.3404,0.335,0.339,625428.58
2025-12-09 23:00:00,0.339,0.3407,0.3381,0.3388,564437.57
2025-12-10 00:00:00,0.3388,0.3401,0.3354,0.3355,777887.4
2025-12-10 01:00:00,0.3356,0.3361,0.3323,0.3332,383127.59
2025-12-10 02:00:00,0.3331,0.335,0.3316,0.335,392431.96
2025-12-10 03:00:00,0.3349,0.3364,0.3343,0.3345,277730.3
2025-12-10 04:00:00,0.3343,0.3355,0.3334,0.334,239413.61
2025-12-10 05:00:00,0.3339,0.3367,0.3339,0.3354,585617.93
2025-12-10 06:00:00,0.3354,0.3375,0.3342,0.3345,774371.34
2025-12-10 07:00:00,0.3345,0.3345,0.332,0.3333,607822.02
2025-12-10 08:00:00,0.3332,0.3334,0.3303,0.3303,941493.87
2025-12-10 09:00:00,0.3303,0.3332,0.329,0.3329,632833.08
2025-12-10 10:00:00,0.3328,0.336,0.3278,0.3285,1401086.08
2025-12-10 11:00:00,0.3285,0.3296,0.3276,0.329,437091.66
2025-12-10 12:00:00,0.3292,0.33,0.3281,0.3298,327334.23
2025-12-10 13:00:00,0.3296,0.3307,0.3289,0.3304,433670.67
2025-12-10 14:00:00,0.3305,0.3313,0.3284,0.3303,925896.73
2025-12-10 15:00:00,0.3302,0.3334,0.329,0.3301,1166165.94
2025-12-10 16:00:00,0.3301,0.3348,0.3292,0.3322,701427.78
2025-12-10 17:00:00,0.3321,0.3356,0.3311,0.3315,534987.05
2025-12-10 18:00:00,0.3314,0.3386,0.3304,0.3335,1022350.43
2025-12-10 19:00:00,0.3336,0.3409,0.33,0.3372,5404440.9
2025-12-10 20:00:00,0.3373,0.345,0.331,0.3324,3658079.56
2025-12-10 21:00:00,0.3324,0.3341,0.3259,0.3266,1104808.22
2025-12-10 22:00:00,0.3265,0.3292,0.3222,0.3278,792227.95
2025-12-10 23:00:00,0.3277,0.3284,0.3231,0.3233,568639.09
2025-12-11 00:00:00,0.3233,0.324,0.3144,0.3165,3195524.76
2025-12-11 01:00:00,0.3164,0.3164,0.3111,0.3111,1085192.45
2025-12-11 02:00:00,0.311,0.311,0.3072,0.309,917940.06
2025-12-11 03:00:00,0.3089,0.3089,0.3048,0.3059,624105.64
2025-12-11 04:00:00,0.3058,0.3109,0.3043,0.3102,1031718.71
2025-12-11 05:00:00,0.3102,0.3114,0.3092,0.3108,361548.83
2025-12-11 06:00:00,0.3107,0.3115,0.3086,0.3103,362152.07
2025-12-11 07:00:00,0.3101,0.3101,0.3085,0.3087,181702.55
2025-12-11 08:00:00,0.3086,0.3086,0.3058,0.3069,610898.25
2025-12-11 09:00:00,0.3069,0.308,0.3053,0.3058,737165.65
2025-12-11 10:00:00,0.3059,0.3066,0.3048,0.3061,396022.99
2025-12-11 11:00:00,0.306,0.3076,0.3053,0.3072,680727.06
2025-12-11 12:00:00,0.3072,0.3072,0.303,0.3042,1127969.93
2025-12-11 13:00:00,0.3042,0.3056,0.3037,0.305,636418.81
2025-12-11 14:00:00,0.3051,0.3063,0.301,0.3027,1965219.65
2025-12-11 15:00:00,0.3027,0.307,0.3012,0.3027,1299971.51
2025-12-11 16:00:00,0.3026,0.3039,0.3002,0.3018,788422.53
2025-12-11 17:00:00,0.3018,0.3061,0.3012,0.3047,1274082.53
2025-12-11 18:00:00,0.3046,0.3106,0.3044,0.3078,836403.29
2025-12-11 19:00:00,0.3079,0.3126,0.3071,0.3088,810913.95
2025-12-11 20:00:00,0.3087,0.3137,0.3086,0.3134,869937.13
2025-12-11 21:00:00,0.3135,0.3219,0.3124,0.3194,3338990.52
2025-12-11 22:00:00,0.3195,0.3239,0.3133,0.3153,1509365.8
2025-12-11 23:00:00,0.3152,0.3156,0.3125,0.3142,448630.89
2025-12-12 00:00:00,0.3142,0.3166,0.3084,0.3098,1215059.11
2025-12-12 01:00:00,0.3099,0.3143,0.3098,0.312,445082.86
2025-12-12 02:00:00,0.312,0.3152,0.3114,0.3133,751913.06
2025-12-12 03:00:00,0.3133,0.3138,0.3105,0.3112,450773.25
2025-12-12 04:00:00,0.3111,0.3119,0.3106,0.3113,561685.54
2025-12-12 05:00:00,0.3114,0.3165,0.3113,0.3162,868762.06
2025-12-12 06:00:00,0.3163,0.3199,0.3159,0.3164,766406.06
2025-12-12 07:00:00,0.3165,0.3167,0.3146,0.3148,370599.04
2025-12-12 08:00:00,0.3148,0.3156,0.3129,0.3155,603418.6
2025-12-12 09:00:00,0.3154,0.3179,0.3143,0.3175,557735.84
2025-12-12 10:00:00,0.3174,0.3191,0.3172,0.3175,399466.18
2025-12-12 11:00:00,0.3174,0.3184,0.3158,0.3184,617612.65
2025-12-12 12:00:00,0.3183,0.321,0.3177,0.3204,325494.71
2025-12-12 13:00:00,0.3203,0.3218,0.319,0.3204,661617.6
2025-12-12 14:00:00,0.3205,0.3222,0.3177,0.3184,1274634.69
2025-12-12 15:00:00,0.3184,0.3185,0.2991,0.3008,4441896.94
2025-12-12 16:00:00,0.3007,0.3017,0.2928,0.2969,5969632.85
2025-12-12 17:00:00,0.2968,0.3018,0.2966,0.2992,1372398.91
2025-12-12 18:00:00,0.2993,0.3041,0.299,0.301,1412225.07
2025-12-12 19:00:00,0.3011,0.3014,0.2982,0.3009,1660780.73
2025-12-12 20:00:00,0.301,0.3027,0.301,0.302,1495648.39
2025-12-12 21:00:00,0.302,0.3053,0.3018,0.3041,456396.95
2025-12-12 22:00:00,0.304,0.308,0.3039,0.3076,788343.74
2025-12-12 23:00:00,0.3077,0.3087,0.3066,0.3076,398165.82
2025-12-13 00:00:00,0.3077,0.3086,0.3071,0.3075,818945.61
2025-12-13 01:00:00,0.3076,0.308,0.3063,0.3073,127787.93
2025-12-13 02:00:00,0.3074,0.309,0.3074,0.3088,423864.91
2025-12-13 03:00:00,0.3087,0.3121,0.308,0.3106,543246.63
2025-12-13 04:00:00,0.3108,0.3119,0.31,0.3116,210224.43
2025-12-13 05:00:00,0.3115,0.312,0.3088,0.309,815275.83
2025-12-13 06:00:00,0.3089,0.3091,0.308,0.3081,363445.14
2025-12-13 07:00:00,0.3081,0.3121,0.3081,0.3114,510490.08
2025-12-13 08:00:00,0.3115,0.3139,0.3114,0.3129,515397.23
2025-12-13 09:00:00,0.313,0.314,0.3125,0.3125,338982.8
2025-12-13 10:00:00,0.3125,0.3156,0.3122,0.315,474223.65
2025-12-13 11:00:00,0.3149,0.3152,0.3134,0.3147,342841.72
2025-12-13 12:00:00,0.3147,0.3168,0.3146,0.3168,389419.28
2025-12-13 13:00:00,0.3168,0.317,0.3121,0.3124,1313805.68
2025-12-13 14:00:00,0.3125,0.3134,0.3109,0.3125,593379.72
2025-12-13 15:00:00,0.3125,0.3159,0.3125,0.3155,440179.72
2025-12-13 16:00:00,0.3155,0.3178,0.3154,0.3166,646739.53
2025-12-13 17:00:00,0.3167,0.3171,0.315,0.3156,194119.7
2025-12-13 18:00:00,0.3156,0.3168,0.3151,0.3157,403685.34
2025-12-13 19:00:00,0.3156,0.3165,0.3143,0.3144,425729.3
2025-12-13 20:00:00,0.3145,0.3152,0.3141,0.3145,118202.74
2025-12-13 21:00:00,0.3145,0.3152,0.3123,0.3152,689855.34
2025-12-13 22:00:00,0.3151,0.3162,0.3142,0.315,216807.13
2025-12-13 23:00:00,0.315,0.3167,0.3147,0.3152,244871.61
2025-12-14 00:00:00,0.3152,0.3156,0.3138,0.3149,462452.84
2025-12-14 01:00:00,0.315,0.3159,0.314,0.3146,172139.65
2025-12-14 02:00:00,0.3146,0.3157,0.3145,0.3151,181526.64
2025-12-14 03:00:00,0.3151,0.3157,0.3131,0.3134,283714.05
2025-12-14 04:00:00,0.3133,0.3137,0.3102,0.3109,420637.52
2025-12-14 05:00:00,0.3109,0.3112,0.3093,0.3108,654457.53
2025-12-14 06:00:00,0.3107,0.3107,0.3075,0.3086,309524.22
2025-12-14 07:00:00,0.3087,0.3097,0.3077,0.3084,270864.4
2025-12-14 08:00:00,0.3085,0.3104,0.307,0.3072,240115.66
2025-12-14 09:00:00,0.3072,0.3083,0.307,0.3079,316048.66
2025-12-14 10:00:00,0.3079,0.3084,0.3056,0.3072,701863.58
2025-12-14 11:00:00,0.3072,0.3075,0.3022,0.3059,895483.36
2025-12-14 12:00:00,0.3059,0.3089,0.3043,0.3073,2087736.42
2025-12-14 13:00:00,0.3073,0.3073,0.3055,0.3073,545293.36
2025-12-14 14:00:00,0.3074,0.3083,0.3028,0.3041,1073287.1
2025-12-14 15:00:00,0.3042,0.3057,0.3027,0.3038,1272852.95
2025-12-14 16:00:00,0.3038,0.3061,0.3026,0.3037,813252.65
2025-12-14 17:00:00,0.3037,0.3043,0.2995,0.3006,1468082.36
2025-12-14 18:00:00,0.3005,0.3026,0.2999,0.3022,1178160.07
2025-12-14 19:00:00,0.3022,0.3022,0.2996,0.3005,624631.87
2025-12-14 20:00:00,0.3004,0.3037,0.299,0.3016,1577518.39
2025-12-14 21:00:00,0.3016,0.3027,0.2991,0.2997,361061.45
2025-12-14 22:00:00,0.2998,0.3019,0.2984,0.3011,642342.88
2025-12-14 23:00:00,0.3012,0.3029,0.2964,0.3007,1076233.86
2025-12-15 00:00:00,0.3008,0.3037,0.2998,0.3035,836961.69
2025-12-15 01:00:00,0.3036,0.3087,0.3027,0.3076,1710683.42
2025-12-15 02:00:00,0.3077,0.3131,0.3076,0.3078,1773424.99
2025-12-15 03:00:00,0.3077,0.309,0.3071,0.3085,261671.8
2025-12-15 04:00:00,0.3086,0.3104,0.3084,0.3101,353099.2
2025-12-15 05:00:00,0.3101,0.3151,0.3093,0.3138,1592159.31
2025-12-15 06:00:00,0.3139,0.3149,0.3114,0.3125,2125869.46
2025-12-15 07:00:00,0.3125,0.3135,0.3079,0.3098,2371538.0
2025-12-15 08:00:00,0.3098,0.3111,0.3087,0.3094,509389.79
2025-12-15 09:00:00,0.3094,0.3109,0.3091,0.3104,244773.33
2025-12-15 10:00:00,0.3103,0.3129,0.3099,0.3108,801624.95
2025-12-15 11:00:00,0.3108,0.3116,0.3084,0.3098,692401.18
2025-12-15 12:00:00,0.3098,0.317,0.3092,0.3135,1247243.01
2025-12-15 13:00:00,0.3136,0.3139,0.308,0.3096,797106.41
2025-12-15 14:00:00,0.3095,0.3136,0.3012,0.3041,2428135.63
2025-12-15 15:00:00,0.304,0.3048,0.291,0.2925,4697417.87
2025-12-15 16:00:00,0.2923,0.2931,0.2866,0.2882,2392938.51
2025-12-15 17:00:00,0.2881,0.2887,0.2845,0.2852,1662413.22
2025-12-15 18:00:00,0.2851,0.2872,0.2812,0.2869,1461016.41
2025-12-15 19:00:00,0.2869,0.2907,0.2867,0.2876,1807455.75
2025-12-15 20:00:00,0.2875,0.2875,0.2835,0.2852,1162740.69
2025-12-15 21:00:00,0.2853,0.2897,0.2847,0.2891,1866033.95
2025-12-15 22:00:00,0.289,0.2911,0.288,0.291,749261.39
2025-12-15 23:00:00,0.2911,0.2934,0.291,0.293,810923.2
2025-12-16 00:00:00,0.293,0.2935,0.2883,0.2886,1028214.21
2025-12-16 01:00:00,0.2885,0.2902,0.2868,0.2873,836077.24
2025-12-16 02:00:00,0.2872,0.2906,0.2863,0.289,549912.71
2025-12-16 03:00:00,0.289,0.2898,0.2864,0.2893,755858.37
2025-12-16 04:00:00,0.2894,0.29,0.283,0.287,813188.68
2025-12-16 05:00:00,0.2871,0.288,0.2862,0.2867,470063.67
2025-12-16 06:00:00,0.2867,0.289,0.2866,0.2887,475545.34
2025-12-16 07:00:00,0.2887,0.2893,0.2833,0.2843,688156.25
2025-12-16 08:00:00,0.2844,0.2872,0.2842,0.2861,434000.74
2025-12-16 09:00:00,0.2861,0.2866,0.2853,0.2862,154661.08
2025-12-16 10:00:00,0.2863,0.2939,0.2857,0.2919,541443.74
2025-12-16 11:00:00,0.292,0.2964,0.2914,0.296,1279322.71
2025-12-16 12:00:00,0.296,0.2967,0.2933,0.2939,399058.9
2025-12-16 13:00:00,0.294,0.2979,0.2897,0.2903,1922234.07
2025-12-16 14:00:00,0.2904,0.2961,0.2878,0.2933,2299147.2
2025-12-16 15:00:00,0.2934,0.2978,0.2902,0.2966,1416609.91
2025-12-16 16:00:00,0.2966,0.2972,0.2934,0.2952,692253.17
2025-12-16 17:00:00,0.2953,0.298,0.2931,0.2933,861952.08
2025-12-16 18:00:00,0.2934,0.297,0.2925,0.295,1155129.94
2025-12-16 19:00:00,0.2949,0.2952,0.2911,0.2938,514059.72
2025-12-16 20:00:00,0.2937,0.2949,0.2928,0.294,429249.34
2025-12-16 21:00:00,0.2941,0.2952,0.293,0.2942,316356.51
2025-12-16 22:00:00,0.2941,0.2945,0.2928,0.2932,586026.89
2025-12-16 23:00:00,0.2933,0.2934,0.2921,0.2932,221168.76
2025-12-17 00:00:00,0.2933,0.2933,0.2915,0.2918,232368.04
2025-12-17 01:00:00,0.292,0.2959,0.292,0.2932,397131.7
2025-12-17 02:00:00,0.2933,0.2947,0.2904,0.2942,2709255.1
2025-12-17 03:00:00,0.2942,0.2952,0.2915,0.2921,526162.88
2025-12-17 04:00:00,0.2921,0.2926,0.29,0.2906,515264.69
2025-12-17 05:00:00,0.2905,0.2919,0.2887,0.2904,782336.17
2025-12-17 06:00:00,0.2903,0.2921,0.2902,0.2905,372216.43
2025-12-17 07:00:00,0.2906,0.2917,0.2897,0.2899,421587.63
2025-12-17 08:00:00,0.2897,0.2897,0.2872,0.2883,615717.4
2025-12-17 09:00:00,0.2882,0.2884,0.2866,0.2876,353888.18
2025-12-17 10:00:00,0.2875,0.2882,0.2863,0.2871,815420.96
2025-12-17 11:00:00,0.2871,0.2903,0.2871,0.2896,1036965.58
2025-12-17 12:00:00,0.2896,0.2906,0.2881,0.2893,338313.98
2025-12-17 13:00:00,0.2893,0.2935,0.2882,0.2932,1268431.87
2025-12-17 14:00:00,0.2933,0.3,0.2872,0.2996,4071808.2
2025-12-17 15:00:00,0.2997,0.3064,0.2867,0.2876,8874100.28
2025-12-17 16:00:00,0.2875,0.2899,0.2764,0.2804,6206954.12
2025-12-17 17:00:00,0.2803,0.2814,0.2744,0.276,1555507.31
2025-12-17 18:00:00,0.2761,0.2791,0.2729,0.2732,1944622.61
2025-12-17 19:00:00,0.2733,0.2764,0.2715,0.2759,2026755.18
2025-12-17 20:00:00,0.2761,0.2788,0.2748,0.2756,749699.59
2025-12-17 21:00:00,0.2755,0.2765,0.2719,0.2724,771041.76
2025-12-17 22:00:00,0.2724,0.274,0.2697,0.2733,1492072.38
2025-12-17 23:00:00,0.2735,0.2735,0.2714,0.2734,525168.69
2025-12-18 00:00:00,0.2735,0.2739,0.2723,0.2735,321897.85
2025-12-18 01:00:00,0.2735,0.2735,0.2699,0.2714,709721.51
2025-12-18 02:00:00,0.2715,0.2748,0.2705,0.2729,576615.31
2025-12-18 03:00:00,0.2728,0.2728,0.2691,0.2702,575265.55
2025-12-18 04:00:00,0.2702,0.2717,0.2699,0.2705,597173.57
2025-12-18 05:00:00,0.2705,0.2709,0.2668,0.2676,778194.01
2025-12-18 06:00:00,0.2675,0.2695,0.267,0.2692,617855.85
2025-12-18 07:00:00,0.2692,0.2712,0.2689,0.2705,575437.16
2025-12-18 08:00:00,0.2705,0.275,0.2704,0.2729,1188651.7
2025-12-18 09:00:00,0.2727,0.2739,0.2724,0.2727,414098.95
2025-12-18 10:00:00,0.2727,0.2754,0.2723,0.2751,438656.01
2025-12-18 11:00:00,0.2752,0.2752,0.2733,0.2743,355139.5
2025-12-18 12:00:00,0.2744,0.2759,0.2735,0.2755,794025.91
2025-12-18 13:00:00,0.2755,0.2849,0.2754,0.2847,4168763.05
2025-12-18 14:00:00,0.2848,0.2871,0.2786,0.2812,3152487.33
2025-12-18 15:00:00,0.2811,0.2864,0.2788,0.2826,3412193.03
2025-12-18 16:00:00,0.2826,0.2829,0.2785,0.2812,1296892.95
2025-12-18 17:00:00,0.2812,0.2812,0.2619,0.2672,6461093.94
2025-12-18 18:00:00,0.267,0.2704,0.2612,0.2623,2078421.29
2025-12-18 19:00:00,0.2623,0.264,0.2552,0.2558,2773126.47
2025-12-18 20:00:00,0.2558,0.2597,0.2556,0.2566,1560710.2
2025-12-18 21:00:00,0.2567,0.264,0.2567,0.2638,2654686.21
2025-12-18 22:00:00,0.2639,0.2653,0.263,0.2633,811576.99
2025-12-18 23:00:00,0.2633,0.2634,0.2599,0.2599,566266.39
2025-12-19 00:00:00,0.2599,0.2612,0.2573,0.2587,687596.65
2025-12-19 01:00:00,0.2587,0.2587,0.2561,0.2574,757181.47
2025-12-19 02:00:00,0.2573,0.2594,0.2564,0.2582,1168881.05
2025-12-19 03:00:00,0.2583,0.269,0.258,0.2649,3349764.74
2025-12-19 04:00:00,0.265,0.2673,0.2645,0.2656,1158308.88
2025-12-19 05:00:00,0.2656,0.2657,0.2636,0.2641,796677.42
2025-12-19 06:00:00,0.2641,0.2657,0.2634,0.2654,583737.64
2025-12-19 07:00:00,0.2654,0.2711,0.2654,0.2683,1170205.38
2025-12-19 08:00:00,0.2683,0.2698,0.2678,0.2692,1130958.55
2025-12-19 09:00:00,0.2693,0.2698,0.2661,0.2672,827093.03
2025-12-19 10:00:00,0.2673,0.2684,0.2668,0.2672,419871.66
2025-12-19 11:00:00,0.2671,0.2688,0.2661,0.2679,378460.11
2025-12-19 12:00:00,0.2679,0.2692,0.2671,0.2683,516690.79
2025-12-19 13:00:00,0.2684,0.2704,0.2684,0.2702,868144.03
2025-12-19 14:00:00,0.2701,0.2768,0.2693,0.2743,3163179.23
2025-12-19 15:00:00,0.2742,0.2801,0.272,0.2744,3151336.08
2025-12-19 16:00:00,0.2743,0.2818,0.274,0.2766,1487448.95
2025-12-19 17:00:00,0.2767,0.2799,0.2718,0.272,1939931.09
2025-12-19 18:00:00,0.272,0.2778,0.272,0.2769,931915.15
2025-12-19 19:00:00,0.277,0.284,0.277,0.2822,1545410.65
2025-12-19 20:00:00,0.2824,0.2842,0.2806,0.2816,2107965.27
2025-12-19 21:00:00,0.2815,0.2815,0.2795,0.2803,2655279.31
2025-12-19 22:00:00,0.2804,0.2829,0.2804,0.2819,731310.9
2025-12-19 23:00:00,0.2818,0.2818,0.2794,0.2797,438359.99
2025-12-20 00:00:00,0.2798,0.2801,0.2788,0.2794,251221.4
2025-12-20 01:00:00,0.2793,0.2804,0.2779,0.2782,194353.48
2025-12-20 02:00:00,0.2782,0.279,0.2779,0.2783,214989.71
2025-12-20 03:00:00,0.2783,0.2798,0.2774,0.2784,545109.88
2025-12-20 04:00:00,0.2785,0.2786,0.2762,0.2766,545456.7
2025-12-20 05:00:00,0.2765,0.2774,0.2755,0.2761,491635.28
2025-12-20 06:00:00,0.2762,0.2774,0.2761,0.2774,95352.45
2025-12-20 07:00:00,0.2775,0.281,0.2773,0.2809,1008544.59
2025-12-20 08:00:00,0.2809,0.2847,0.2809,0.2822,1834630.33
2025-12-20 09:00:00,0.2822,0.2831,0.2815,0.2822,308979.1
2025-12-20 10:00:00,0.2822,0.2825,0.2793,0.2794,1085916.85
2025-12-20 11:00:00,0.2795,0.2823,0.2793,0.2823,646911.81
2025-12-20 12:00:00,0.2824,0.2826,0.2802,0.2814,425250.51
2025-12-20 13:00:00,0.2815,0.2824,0.2785,0.2804,1458350.85
2025-12-20 14:00:00,0.2803,0.2811,0.2782,0.2806,452741.5
2025-12-20 15:00:00,0.2806,0.2807,0.2789,0.2795,522621.24
2025-12-20 16:00:00,0.2795,0.28,0.2789,0.2798,203828.81
2025-12-20 17:00:00,0.2799,0.282,0.2799,0.2802,424612.8
2025-12-20 18:00:00,0.2803,0.2805,0.2794,0.2799,311419.14
2025-12-20 19:00:00,0.2799,0.2803,0.2788,0.2791,158701.21
2025-12-20 20:00:00,0.279,0.2797,0.2787,0.2794,236205.47
2025-12-20 21:00:00,0.2795,0.2801,0.279,0.2791,242529.7
2025-12-20 22:00:00,0.2791,0.2802,0.2782,0.2798,286295.08
2025-12-20 23:00:00,0.2797,0.2799,0.2778,0.2784,256444.19
2025-12-21 00:00:00,0.2783,0.279,0.2767,0.277,255123.02
2025-12-21 01:00:00,0.2769,0.277,0.2745,0.2752,453580.37
2025-12-21 02:00:00,0.2751,0.276,0.2735,0.274,310952.41
2025-12-21 03:00:00,0.274,0.276,0.2739,0.2757,194430.15
2025-12-21 04:00:00,0.2757,0.2762,0.2753,0.2757,126537.56
2025-12-21 05:00:00,0.2757,0.2774,0.2756,0.2763,170228.07
2025-12-21 06:00:00,0.2762,0.2768,0.2756,0.2763,307362.88
2025-12-21 07:00:00,0.2762,0.2767,0.2759,0.2764,70472.63
2025-12-21 08:00:00,0.2762,0.2779,0.2753,0.2771,218535.96
2025-12-21 09:00:00,0.2772,0.2781,0.2757,0.2771,855409.43
2025-12-21 10:00:00,0.2772,0.2775,0.2747,0.2754,296503.8
2025-12-21 11:00:00,0.2755,0.2758,0.2745,0.2748,428310.77
2025-12-21 12:00:00,0.2747,0.2758,0.2721,0.2728,724107.5
2025-12-21 13:00:00,0.2728,0.2728,0.2634,0.264,3039437.92
2025-12-21 14:00:00,0.2639,0.2667,0.2634,0.2654,933931.02
2025-12-21 15:00:00,0.2653,0.2675,0.2647,0.2669,705253.36
2025-12-21 16:00:00,0.2668,0.2696,0.266,0.2695,794502.97
2025-12-21 17:00:00,0.2696,0.2713,0.2688,0.2689,465075.16
2025-12-21 18:00:00,0.2689,0.2697,0.2668,0.2695,368938.83
2025-12-21 19:00:00,0.2696,0.2714,0.2688,0.271,399938.4
2025-12-21 20:00:00,0.2711,0.2713,0.269,0.2696,197241.42
2025-12-21 21:00:00,0.2697,0.2707,0.2679,0.2685,236533.29
2025-12-21 22:00:00,0.2685,0.2725,0.2681,0.2723,332561.59
2025-12-21 23:00:00,0.2725,0.2743,0.271,0.2722,295196.65
2025-12-22 00:00:00,0.2723,0.2795,0.2723,0.2742,2602649.18
2025-12-22 01:00:00,0.2742,0.2775,0.2736,0.2737,511981.82
2025-12-22 02:00:00,0.2736,0.2736,0.2691,0.2723,847302.3
2025-12-22 03:00:00,0.2723,0.2753,0.2714,0.274,361453.59
2025-12-22 04:00:00,0.2741,0.2756,0.2734,0.2746,310140.23
2025-12-22 05:00:00,0.2747,0.275,0.273,0.2737,212945.35
2025-12-22 06:00:00,0.2736,0.2755,0.2734,0.2746,131037.83
2025-12-22 07:00:00,0.2745,0.2767,0.2742,0.276,200756.2
2025-12-22 08:00:00,0.2758,0.2798,0.2753,0.276,727718.82
2025-12-22 09:00:00,0.2759,0.2768,0.2746,0.276,808403.39
2025-12-22 10:00:00,0.276,0.2773,0.2754,0.276,1397303.12
2025-12-22 11:00:00,0.2761,0.2771,0.2746,0.2762,1287372.87
2025-12-22 12:00:00,0.2762,0.279,0.2751,0.2767,2160228.54
2025-12-22 13:00:00,0.2767,0.2775,0.2749,0.2765,537571.12
2025-12-22 14:00:00,0.2765,0.2793,0.2751,0.2773,1484977.04
2025-12-22 15:00:00,0.2775,0.2793,0.2738,0.2774,1176067.7
2025-12-22 16:00:00,0.2775,0.2782,0.2755,0.2766,675294.9
2025-12-22 17:00:00,0.2768,0.2771,0.275,0.2759,720167.79
2025-12-22 18:00:00,0.2759,0.277,0.2742,0.2749,494984.14
2025-12-22 19:00:00,0.275,0.275,0.2698,0.2702,765502.59
2025-12-22 20:00:00,0.2701,0.2716,0.2682,0.2688,691796.67
2025-12-22 21:00:00,0.2688,0.2715,0.2688,0.2699,247599.37
2025-12-22 22:00:00,0.2698,0.2727,0.2691,0.2724,217835.42
2025-12-22 23:00:00,0.2724,0.2726,0.2711,0.2717,191630.98
2025-12-23 00:00:00,0.2717,0.2746,0.2713,0.2735,354033.35
2025-12-23 01:00:00,0.2734,0.2734,0.2709,0.2718,143048.44
2025-12-23 02:00:00,0.2717,0.2734,0.2698,0.27,386797.94
2025-12-23 03:00:00,0.27,0.2708,0.2682,0.27,353309.31
2025-12-23 04:00:00,0.2699,0.2708,0.2688,0.2691,228187.06
2025-12-23 05:00:00,0.2692,0.27,0.2673,0.2695,609753.96
2025-12-23 06:00:00,0.2694,0.2697,0.2664,0.2673,977655.93
2025-12-23 07:00:00,0.2672,0.268,0.2666,0.2673,272446.57
2025-12-23 08:00:00,0.2674,0.2687,0.2658,0.266,661586.54
2025-12-23 09:00:00,0.266,0.2676,0.2654,0.2676,517179.6
2025-12-23 10:00:00,0.2676,0.2691,0.2676,0.2686,276687.1
2025-12-23 11:00:00,0.2686,0.2701,0.2684,0.2687,209479.4
2025-12-23 12:00:00,0.2688,0.2688,0.266,0.2673,352578.07
2025-12-23 13:00:00,0.2672,0.2684,0.2644,0.2659,991528.9
2025-12-23 14:00:00,0.2658,0.2671,0.2611,0.2637,1795854.92
2025-12-23 15:00:00,0.2636,0.2661,0.2627,0.2654,766438.52
2025-12-23 16:00:00,0.2654,0.2699,0.2647,0.2692,924223.33
2025-12-23 17:00:00,0.2693,0.2708,0.2656,0.2658,839134.61
2025-12-23 18:00:00,0.2658,0.2724,0.2658,0.271,1170151.08
2025-12-23 19:00:00,0.271,0.2716,0.2694,0.2699,333128.67
2025-12-23 20:00:00,0.2699,0.2748,0.2694,0.2721,674043.91
2025-12-23 21:00:00,0.2722,0.2725,0.2702,0.2703,398104.2
2025-12-23 22:00:00,0.2703,0.271,0.2686,0.2699,542735.22
2025-12-23 23:00:00,0.2698,0.2713,0.2687,0.2705,627205.07
2025-12-24 00:00:00,0.2705,0.2718,0.27,0.2713,213109.36
2025-12-24 01:00:00,0.2714,0.2722,0.2687,0.2697,110327.99
2025-12-24 02:00:00,0.2695,0.2696,0.2657,0.2662,400302.55
2025-12-24 03:00:00,0.2662,0.268,0.2646,0.268,548019.52
2025-12-24 04:00:00,0.268,0.2693,0.2656,0.2657,445249.37
2025-12-24 05:00:00,0.2656,0.2664,0.2633,0.2652,1842649.97
2025-12-24 06:00:00,0.2652,0.2655,0.2624,0.2629,5545575.57
2025-12-24 07:00:00,0.2629,0.2642,0.262,0.262,888705.8
2025-12-24 08:00:00,0.2619,0.2629,0.261,0.2616,843017.71
2025-12-24 09:00:00,0.2617,0.2631,0.2617,0.2621,378066.0
2025-12-24 10:00:00,0.262,0.2631,0.2616,0.2617,480167.98
2025-12-24 11:00:00,0.2617,0.2634,0.2617,0.2629,331165.34
2025-12-24 12:00:00,0.2628,0.2654,0.2626,0.265,632221.77
2025-12-24 13:00:00,0.265,0.265,0.2628,0.2635,701479.88
2025-12-24 14:00:00,0.2636,0.2657,0.2597,0.2631,2017285.63
2025-12-24 15:00:00,0.2632,0.2675,0.2618,0.2659,1282674.84
2025-12-24 16:00:00,0.266,0.2674,0.2633,0.2647,1726492.59
2025-12-24 17:00:00,0.2648,0.2654,0.2619,0.262,824389.12
2025-12-24 18:00:00,0.262,0.2628,0.2614,0.2618,471311.39
2025-12-24 19:00:00,0.2617,0.2636,0.2613,0.2629,544979.25
2025-12-24 20:00:00,0.263,0.2644,0.2628,0.2629,374567.12
2025-12-24 21:00:00,0.2631,0.2641,0.2626,0.2635,387405.32
2025-12-24 22:00:00,0.2637,0.2663,0.2634,0.2654,495026.73
2025-12-24 23:00:00,0.2656,0.2656,0.2632,0.2635,521310.73
2025-12-25 00:00:00,0.2636,0.2639,0.2609,0.2613,573433.83
2025-12-25 01:00:00,0.2613,0.2632,0.2612,0.2626,399927.07
2025-12-25 02:00:00,0.2625,0.2653,0.2618,0.2652,695259.72
2025-12-25 03:00:00,0.2653,0.2654,0.2637,0.2649,431487.67
2025-12-25 04:00:00,0.2649,0.2667,0.2643,0.2663,810342.95
2025-12-25 05:00:00,0.2662,0.2663,0.264,0.264,567492.11
2025-12-25 06:00:00,0.264,0.2654,0.2637,0.2648,288448.41
2025-12-25 07:00:00,0.2648,0.2654,0.2633,0.2654,492360.76
2025-12-25 08:00:00,0.2654,0.2671,0.2631,0.2637,1164381.51
2025-12-25 09:00:00,0.2637,0.2638,0.2623,0.2625,516369.19
2025-12-25 10:00:00,0.2625,0.2625,0.2587,0.2595,1042807.76
2025-12-25 11:00:00,0.2594,0.2609,0.2592,0.2603,318344.91
2025-12-25 12:00:00,0.2603,0.2625,0.2599,0.2625,632277.09
2025-12-25 13:00:00,0.2625,0.2636,0.2612,0.2624,619752.09
2025-12-25 14:00:00,0.2623,0.2626,0.2593,0.2604,846650.75
2025-12-25 15:00:00,0.2604,0.2634,0.2595,0.262,1893460.96
2025-12-25 16:00:00,0.2621,0.2639,0.2597,0.26,1240030.63
2025-12-25 17:00:00,0.2601,0.2602,0.257,0.2587,2125742.56
2025-12-25 18:00:00,0.2587,0.2621,0.2585,0.2616,1005463.73
2025-12-25 19:00:00,0.2616,0.2629,0.2608,0.2629,341518.71
2025-12-25 20:00:00,0.2629,0.2634,0.2615,0.2631,647577.57
2025-12-25 21:00:00,0.2631,0.2637,0.2625,0.2634,196551.86
2025-12-25 22:00:00,0.2634,0.2636,0.2548,0.257,2156006.56
2025-12-25 23:00:00,0.2569,0.2576,0.2509,0.2521,2709144.61
2025-12-26 00:00:00,0.2521,0.2539,0.2512,0.2539,1253152.17
2025-12-26 01:00:00,0.2539,0.2555,0.2533,0.255,920221.08
2025-12-26 02:00:00,0.2549,0.2674,0.2549,0.2657,3369458.25
2025-12-26 03:00:00,0.2658,0.2666,0.2636,0.2646,930728.28
2025-12-26 04:00:00,0.2647,0.2668,0.2623,0.2661,839182.74
2025-12-26 05:00:00,0.2662,0.2664,0.2647,0.2656,1042996.83
2025-12-26 06:00:00,0.2657,0.2688,0.2646,0.2671,1359022.77
2025-12-26 07:00:00,0.2671,0.2674,0.2634,0.2642,746049.89
2025-12-26 08:00:00,0.264,0.2685,0.2639,0.2667,1833969.47
2025-12-26 09:00:00,0.2668,0.2674,0.2651,0.267,969754.18
2025-12-26 10:00:00,0.2671,0.2673,0.2664,0.2669,370567.5
2025-12-26 11:00:00,0.2668,0.2676,0.2663,0.2673,258310.8
2025-12-26 12:00:00,0.2674,0.27,0.2674,0.2698,1306568.88
2025-12-26 13:00:00,0.2699,0.2734,0.2688,0.2692,1893528.12
2025-12-26 14:00:00,0.2692,0.2694,0.2633,0.264,1820056.64
2025-12-26 15:00:00,0.2639,0.2648,0.2612,0.2634,1503841.82
2025-12-26 16:00:00,0.2634,0.2641,0.2593,0.2597,1055413.98
2025-12-26 17:00:00,0.2597,0.2642,0.2592,0.263,1894018.59
2025-12-26 18:00:00,0.263,0.266,0.2629,0.2653,771048.84
2025-12-26 19:00:00,0.2652,0.2682,0.2651,0.2674,406712.52
2025-12-26 20:00:00,0.2675,0.2692,0.2667,0.2681,254164.07
2025-12-26 21:00:00,0.2681,0.2685,0.2667,0.2667,367694.47
2025-12-26 22:00:00,0.2667,0.2675,0.2662,0.2671,239714.18
2025-12-26 23:00:00,0.2671,0.2679,0.2668,0.2679,403718.43
2025-12-27 00:00:00,0.2679,0.2702,0.2677,0.2691,757869.94
2025-12-27 01:00:00,0.269,0.2715,0.2683,0.2714,261747.74
2025-12-27 02:00:00,0.2714,0.2726,0.2699,0.2723,452208.88
2025-12-27 03:00:00,0.2723,0.2726,0.271,0.2724,490765.94
2025-12-27 04:00:00,0.2724,0.2726,0.2706,0.2709,160257.44
2025-12-27 05:00:00,0.271,0.2713,0.2701,0.2705,314848.79
2025-12-27 06:00:00,0.2705,0.2706,0.2697,0.2701,66661.99
2025-12-27 07:00:00,0.27,0.2716,0.27,0.2707,287942.77
2025-12-27 08:00:00,0.2708,0.2715,0.2703,0.2705,86407.43
2025-12-27 09:00:00,0.2705,0.272,0.2698,0.2702,459200.49
2025-12-27 10:00:00,0.2701,0.271,0.2685,0.2708,919161.12
2025-12-27 11:00:00,0.2708,0.2747,0.2706,0.2746,1027589.46
2025-12-27 12:00:00,0.2746,0.2754,0.2728,0.2734,524001.64
2025-12-27 13:00:00,0.2734,0.2737,0.2713,0.2717,199165.29
2025-12-27 14:00:00,0.2716,0.274,0.2716,0.2738,321503.16
2025-12-27 15:00:00,0.2737,0.2747,0.2733,0.274,154423.06
2025-12-27 16:00:00,0.2741,0.276,0.2741,0.2755,544783.45
2025-12-27 17:00:00,0.2754,0.2759,0.2732,0.2742,2466200.47
2025-12-27 18:00:00,0.2742,0.2747,0.2729,0.2743,745071.71
2025-12-27 19:00:00,0.2744,0.2744,0.273,0.2731,240926.19
2025-12-27 20:00:00,0.2732,0.2742,0.2726,0.273,274073.22
2025-12-27 21:00:00,0.2729,0.2768,0.2729,0.2765,290806.79
2025-12-27 22:00:00,0.2765,0.2797,0.2746,0.2757,884840.94
2025-12-27 23:00:00,0.2758,0.2805,0.2758,0.2784,997224.87
2025-12-28 00:00:00,0.2785,0.2797,0.2771,0.2772,458957.45
2025-12-28 01:00:00,0.2773,0.278,0.2755,0.2761,323610.94
2025-12-28 02:00:00,0.276,0.2775,0.2759,0.2766,122278.51
2025-12-28 03:00:00,0.2765,0.2773,0.2757,0.2771,466715.69
2025-12-28 04:00:00,0.277,0.278,0.2765,0.2769,244447.84
2025-12-28 05:00:00,0.2769,0.2779,0.2763,0.2769,199932.44
2025-12-28 06:00:00,0.2769,0.2783,0.2767,0.2776,279624.72
2025-12-28 07:00:00,0.2775,0.2786,0.277,0.2774,538366.53
2025-12-28 08:00:00,0.2775,0.2787,0.277,0.2772,97247.03
2025-12-28 09:00:00,0.2772,0.2775,0.2759,0.2766,414613.93
2025-12-28 10:00:00,0.2767,0.2778,0.2765,0.2768,168822.84
2025-12-28 11:00:00,0.2768,0.2776,0.2749,0.2756,444436.44
2025-12-28 12:00:00,0.2756,0.2757,0.274,0.2743,172919.58
2025-12-28 13:00:00,0.2743,0.2756,0.2743,0.2755,247570.96
2025-12-28 14:00:00,0.2755,0.2777,0.2753,0.2769,446443.52
2025-12-28 15:00:00,0.2769,0.2779,0.2754,0.2757,449026.25
2025-12-28 16:00:00,0.2757,0.2762,0.2744,0.2755,238080.28
2025-12-28 17:00:00,0.2754,0.2768,0.275,0.2754,115377.03
2025-12-28 18:00:00,0.2754,0.2756,0.2712,0.2713,1208073.8
2025-12-28 19:00:00,0.2713,0.2729,0.27,0.271,731237.95
2025-12-28 20:00:00,0.2709,0.2716,0.2696,0.2706,561902.21
2025-12-28 21:00:00,0.2707,0.2711,0.2696,0.2711,295123.04
2025-12-28 22:00:00,0.2711,0.2748,0.2707,0.2731,824180.5
2025-12-28 23:00:00,0.2733,0.2741,0.2715,0.2739,258720.94
2025-12-29 00:00:00,0.274,0.2788,0.2736,0.2762,1664085.19
2025-12-29 01:00:00,0.2763,0.2787,0.2732,0.2776,964566.02
2025-12-29 02:00:00,0.2777,0.2809,0.2772,0.2777,1279749.49
2025-12-29 03:00:00,0.2778,0.2833,0.2778,0.2827,1203654.96
2025-12-29 04:00:00,0.2827,0.2837,0.2812,0.2821,910705.32
2025-12-29 05:00:00,0.2821,0.2838,0.2808,0.2819,905202.81
2025-12-29 06:00:00,0.282,0.2826,0.2806,0.2812,628516.46
2025-12-29 07:00:00,0.2813,0.2819,0.2787,0.2817,715249.63
2025-12-29 08:00:00,0.2818,0.2824,0.2803,0.2806,669793.46
2025-12-29 09:00:00,0.2807,0.2808,0.2738,0.2761,1811893.63
2025-12-29 10:00:00,0.2761,0.2786,0.2757,0.2777,569885.68
2025-12-29 11:00:00,0.2776,0.2786,0.2757,0.2759,359815.87
2025-12-29 12:00:00,0.2759,0.276,0.2693,0.2731,2581771.31
2025-12-29 13:00:00,0.2731,0.2736,0.2708,0.2715,479071.78
2025-12-29 14:00:00,0.2715,0.276,0.2697,0.2717,1814513.73
2025-12-29 15:00:00,0.2716,0.275,0.2716,0.2729,1511230.19
2025-12-29 16:00:00,0.273,0.2736,0.2713,0.2718,680417.34
2025-12-29 17:00:00,0.2717,0.2741,0.2704,0.274,572533.66
2025-12-29 18:00:00,0.2739,0.2748,0.2714,0.2718,720708.6
2025-12-29 19:00:00,0.2717,0.2744,0.2708,0.271,925269.68
2025-12-29 20:00:00,0.271,0.272,0.2693,0.2701,399411.57
2025-12-29 21:00:00,0.27,0.272,0.2699,0.2708,442344.48
2025-12-29 22:00:00,0.2707,0.2712,0.27,0.2703,195791.4
2025-12-29 23:00:00,0.2702,0.2702,0.2682,0.2692,413867.03
2025-12-30 00:00:00,0.2691,0.2708,0.2678,0.2696,457283.94
2025-12-30 01:00:00,0.2696,0.2708,0.2687,0.2698,177776.35
2025-12-30 02:00:00,0.2699,0.2702,0.2676,0.2683,302658.08
2025-12-30 03:00:00,0.2683,0.2691,0.266,0.2682,978172.45
2025-12-30 04:00:00,0.2682,0.2698,0.2674,0.2689,243062.35
2025-12-30 05:00:00,0.2688,0.2688,0.2664,0.2678,249829.08
2025-12-30 06:00:00,0.2676,0.2704,0.2674,0.2691,422247.7
2025-12-30 07:00:00,0.269,0.2702,0.2682,0.2687,254937.84
2025-12-30 08:00:00,0.2687,0.2758,0.2687,0.273,1393601.76
2025-12-30 09:00:00,0.273,0.2754,0.2723,0.2746,760782.86
2025-12-30 10:00:00,0.2747,0.2751,0.2724,0.2733,1594344.7
2025-12-30 11:00:00,0.2733,0.2744,0.2728,0.2744,546012.47
2025-12-30 12:00:00,0.2744,0.2748,0.2731,0.2733,234205.03
2025-12-30 13:00:00,0.2733,0.2751,0.2731,0.2742,693743.18
2025-12-30 14:00:00,0.274,0.2756,0.2699,0.2738,1602396.3
2025-12-30 15:00:00,0.2739,0.275,0.2711,0.2747,719388.83
2025-12-30 16:00:00,0.2748,0.2763,0.2716,0.2724,576418.0
2025-12-30 17:00:00,0.2724,0.273,0.2695,0.2711,860813.37
2025-12-30 18:00:00,0.271,0.2717,0.2701,0.271,263316.08
2025-12-30 19:00:00,0.271,0.2731,0.2691,0.2726,1205063.91
2025-12-30 20:00:00,0.2725,0.2725,0.2705,0.2706,452369.28
2025-12-30 21:00:00,0.2706,0.2717,0.2698,0.2704,725559.1
2025-12-30 22:00:00,0.2703,0.2711,0.2698,0.2707,136762.6
2025-12-30 23:00:00,0.2706,0.273,0.2704,0.2718,819678.9
2025-12-31 00:00:00,0.2717,0.2717,0.269,0.2696,742410.75
2025-12-31 01:00:00,0.2696,0.2727,0.2691,0.2714,2417104.46
2025-12-31 02:00:00,0.2713,0.2719,0.27,0.2707,448940.84
2025-12-31 03:00:00,0.2707,0.2713,0.269,0.2696,188044.06
2025-12-31 04:00:00,0.2696,0.2702,0.269,0.2694,193561.19
2025-12-31 05:00:00,0.2694,0.2703,0.2692,0.2694,245157.1
2025-12-31 06:00:00,0.2694,0.2713,0.2692,0.2703,1291209.67
2025-12-31 07:00:00,0.2704,0.2708,0.2692,0.2704,387675.65
2025-12-31 08:00:00,0.2703,0.2714,0.2681,0.2685,605910.26
2025-12-31 09:00:00,0.2684,0.2699,0.2684,0.2697,406453.95
2025-12-31 10:00:00,0.2697,0.2697,0.2675,0.2679,738836.14
2025-12-31 11:00:00,0.268,0.2709,0.2679,0.2707,559288.21
2025-12-31 12:00:00,0.2707,0.2707,0.2686,0.2693,384907.5
2025-12-31 13:00:00,0.2692,0.271,0.2687,0.2708,144033.8
2025-12-31 14:00:00,0.2708,0.2731,0.2689,0.2709,1188743.54
2025-12-31 15:00:00,0.2708,0.2713,0.267,0.2678,676698.56
2025-12-31 16:00:00,0.2679,0.269,0.2603,0.2624,1994992.67
2025-12-31 17:00:00,0.2622,0.263,0.2606,0.2614,700026.87
2025-12-31 18:00:00,0.2615,0.2631,0.26,0.2616,354268.49
2025-12-31 19:00:00,0.2617,0.2659,0.2616,0.2647,554892.85
2025-12-31 20:00:00,0.2647,0.2679,0.2623,0.267,542607.3
2025-12-31 21:00:00,0.2671,0.2693,0.2668,0.2689,223017.36
2025-12-31 22:00:00,0.2688,0.2701,0.268,0.2688,352606.35
2025-12-31 23:00:00,0.2688,0.2692,0.2677,0.2678,712691.18
2026-01-01 00:00:00,0.2679,0.2711,0.2679,0.2683,603056.84
2026-01-01 01:00:00,0.2683,0.2699,0.2668,0.2671,643887.43
2026-01-01 02:00:00,0.2671,0.2679,0.2661,0.2666,346104.39
2026-01-01 03:00:00,0.2666,0.2673,0.266,0.2662,124362.91
2026-01-01 04:00:00,0.2662,0.2662,0.2643,0.2657,180445.64
2026-01-01 05:00:00,0.2657,0.2701,0.2657,0.27,507515.43
2026-01-01 06:00:00,0.2701,0.2704,0.2692,0.2693,455387.87
2026-01-01 07:00:00,0.2693,0.2704,0.2691,0.2701,247536.8
2026-01-01 08:00:00,0.2701,0.2718,0.2694,0.2716,241482.12
2026-01-01 09:00:00,0.2716,0.274,0.2716,0.2736,432344.37
2026-01-01 10:00:00,0.2736,0.2747,0.2728,0.2743,784466.98
2026-01-01 11:00:00,0.2742,0.2754,0.2732,0.2741,1042034.59
2026-01-01 12:00:00,0.2742,0.2747,0.2719,0.2741,2389337.42
2026-01-01 13:00:00,0.2742,0.2776,0.2739,0.2771,914136.36
2026-01-01 14:00:00,0.2772,0.2797,0.2762,0.2784,1060953.64
2026-01-01 15:00:00,0.2785,0.2837,0.278,0.2818,1650113.57
2026-01-01 16:00:00,0.2819,0.2838,0.281,0.2837,1096550.14
2026-01-01 17:00:00,0.2837,0.288,0.2833,0.2863,1628148.18
2026-01-01 18:00:00,0.2863,0.2873,0.2855,0.2873,567108.12
2026-01-01 19:00:00,0.2873,0.2923,0.287,0.2923,794781.73
2026-01-01 20:00:00,0.2924,0.2935,0.289,0.2903,919431.64
2026-01-01 21:00:00,0.2902,0.291,0.2889,0.2909,482031.19
2026-01-01 22:00:00,0.2909,0.2962,0.2909,0.296,775041.91
2026-01-01 23:00:00,0.2961,0.2978,0.2956,0.2968,789501.1
2026-01-02 00:00:00,0.2968,0.2979,0.2955,0.2969,704441.15
2026-01-02 01:00:00,0.2969,0.299,0.296,0.2974,498418.28
2026-01-02 02:00:00,0.2974,0.2981,0.2961,0.2979,914180.04
2026-01-02 03:00:00,0.2979,0.3018,0.297,0.2995,1608754.78
2026-01-02 04:00:00,0.2996,0.3,0.2964,0.2985,584581.86
2026-01-02 05:00:00,0.2986,0.2988,0.2968,0.2985,437060.63
2026-01-02 06:00:00,0.2986,0.2991,0.2968,0.297,518781.67
2026-01-02 07:00:00,0.297,0.297,0.2943,0.2944,786747.31
2026-01-02 08:00:00,0.2944,0.2965,0.2941,0.2954,611376.41
2026-01-02 09:00:00,0.2954,0.3004,0.2944,0.2984,1658251.03
2026-01-02 10:00:00,0.2984,0.299,0.297,0.2982,1056009.9
2026-01-02 11:00:00,0.2982,0.2982,0.2951,0.2963,850514.91
2026-01-02 12:00:00,0.2963,0.3014,0.2955,0.3012,1037077.48
2026-01-02 13:00:00,0.3011,0.3025,0.2991,0.2993,1140161.09
2026-01-02 14:00:00,0.2992,0.3029,0.2954,0.2992,2786261.8
2026-01-02 15:00:00,0.2993,0.3012,0.2962,0.2988,1190496.3
2026-01-02 16:00:00,0.2987,0.3046,0.2979,0.3033,2230908.75
2026-01-02 17:00:00,0.3032,0.3051,0.2996,0.3005,1999765.44
2026-01-02 18:00:00,0.3006,0.3022,0.2994,0.301,863759.14
2026-01-02 19:00:00,0.3011,0.3042,0.3004,0.3039,620453.91
2026-01-02 20:00:00,0.304,0.3049,0.3021,0.3032,607648.1
2026-01-02 21:00:00,0.3032,0.3053,0.3025,0.304,427070.91
2026-01-02 22:00:00,0.3038,0.3068,0.3036,0.3052,1033553.17
2026-01-02 23:00:00,0.3052,0.3062,0.3047,0.3062,511827.27
2026-01-03 00:00:00,0.3062,0.3066,0.3042,0.3043,424489.07
2026-01-03 01:00:00,0.3042,0.3058,0.3034,0.3055,357507.51
2026-01-03 02:00:00,0.3057,0.3084,0.3043,0.3071,430822.15
2026-01-03 03:00:00,0.307,0.3084,0.3047,0.308,454713.96
2026-01-03 04:00:00,0.308,0.308,0.3061,0.3069,345142.97
2026-01-03 05:00:00,0.3069,0.3084,0.3062,0.3083,531368.79
2026-01-03 06:00:00,0.3084,0.3095,0.3044,0.3053,458764.7
2026-01-03 07:00:00,0.3053,0.3059,0.3006,0.3021,958168.91
2026-01-03 08:00:00,0.302,0.3064,0.3008,0.3063,1047310.34
2026-01-03 09:00:00,0.3063,0.3073,0.3027,0.3027,1206168.81
2026-01-03 10:00:00,0.3028,0.3031,0.3022,0.3023,406059.09
2026-01-03 11:00:00,0.3022,0.3034,0.3017,0.3033,246634.02
2026-01-03 12:00:00,0.3032,0.3063,0.3023,0.3052,390262.85
2026-01-03 13:00:00,0.3052,0.3071,0.3048,0.3069,196025.58
2026-01-03 14:00:00,0.3069,0.3084,0.3063,0.3074,354480.92
2026-01-03 15:00:00,0.3075,0.3075,0.3057,0.3058,281470.22
2026-01-03 16:00:00,0.3059,0.3114,0.3059,0.3103,970579.71
2026-01-03 17:00:00,0.3104,0.3108,0.3087,0.3095,388729.01
2026-01-03 18:00:00,0.3095,0.3104,0.308,0.3097,385183.53
2026-01-03 19:00:00,0.3097,0.3098,0.3087,0.3096,185161.3
2026-01-03 20:00:00,0.3097,0.3099,0.3074,0.3085,689954.61
2026-01-03 21:00:00,0.3084,0.3102,0.3077,0.3091,171114.51
2026-01-03 22:00:00,0.3089,0.3122,0.3083,0.3116,311451.3
2026-01-03 23:00:00,0.3115,0.3117,0.31,0.3105,328601.29
2026-01-04 00:00:00,0.3105,0.3144,0.3096,0.3121,1336060.57
2026-01-04 01:00:00,0.3121,0.3127,0.31,0.3124,295495.38
2026-01-04 02:00:00,0.3123,0.3144,0.3121,0.3131,512863.68
2026-01-04 03:00:00,0.3132,0.3159,0.3132,0.3148,793679.39
2026-01-04 04:00:00,0.3147,0.3162,0.3127,0.3131,547316.01
2026-01-04 05:00:00,0.3131,0.3161,0.3128,0.3161,272583.11
2026-01-04 06:00:00,0.3162,0.3167,0.3125,0.3133,1000895.87
2026-01-04 07:00:00,0.3132,0.3158,0.3121,0.3146,672623.4
2026-01-04 08:00:00,0.3146,0.3154,0.3119,0.3146,1137474.33
2026-01-04 09:00:00,0.3145,0.3176,0.3135,0.3161,632418.8
2026-01-04 10:00:00,0.3161,0.3169,0.3139,0.3145,596817.17
2026-01-04 11:00:00,0.3144,0.317,0.3135,0.3165,284009.18
2026-01-04 12:00:00,0.3166,0.3199,0.3163,0.3169,955965.66
2026-01-04 13:00:00,0.3169,0.3195,0.3154,0.3195,472435.93
2026-01-04 14:00:00,0.3195,0.3203,0.3177,0.3202,911820.3
2026-01-04 15:00:00,0.3201,0.322,0.3185,0.3204,1000671.08
2026-01-04 16:00:00,0.3203,0.3252,0.3197,0.3245,882197.35
2026-01-04 17:00:00,0.3243,0.3246,0.322,0.3234,381080.63
2026-01-04 18:00:00,0.3235,0.324,0.3199,0.3214,575279.96
2026-01-04 19:00:00,0.3213,0.3213,0.3155,0.3184,1422949.86
2026-01-04 20:00:00,0.3184,0.3188,0.3173,0.3173,484199.78
2026-01-04 21:00:00,0.3172,0.3209,0.3163,0.3185,671872.87
2026-01-04 22:00:00,0.3184,0.3202,0.3173,0.3185,359768.74
2026-01-04 23:00:00,0.3186,0.3212,0.3181,0.3195,349479.93
2026-01-05 00:00:00,0.3194,0.322,0.3171,0.3203,997254.88
2026-01-05 01:00:00,0.3204,0.3238,0.3197,0.3219,1587201.42
2026-01-05 02:00:00,0.322,0.3235,0.3186,0.3218,896087.71
2026-01-05 03:00:00,0.3218,0.3221,0.3193,0.32,548533.02
2026-01-05 04:00:00,0.32,0.3209,0.3137,0.3166,1271512.73
2026-01-05 05:00:00,0.3165,0.3188,0.3154,0.3162,662134.42
2026-01-05 06:00:00,0.3162,0.317,0.3134,0.3164,687997.3
2026-01-05 07:00:00,0.3163,0.3202,0.3154,0.3187,447414.5
2026-01-05 08:00:00,0.3188,0.3195,0.3154,0.3155,518202.57
2026-01-05 09:00:00,0.3155,0.3156,0.3125,0.3141,912749.42
2026-01-05 10:00:00,0.3142,0.316,0.3122,0.3141,568823.7
2026-01-05 11:00:00,0.314,0.3153,0.3131,0.315,366061.87
2026-01-05 12:00:00,0.315,0.3174,0.3138,0.3166,299707.95
2026-01-05 13:00:00,0.3165,0.3168,0.3133,0.3155,778661.06
2026-01-05 14:00:00,0.3154,0.3205,0.3141,0.319,1891960.45
2026-01-05 15:00:00,0.3191,0.3241,0.3165,0.3235,1005175.51
2026-01-05 16:00:00,0.3236,0.3245,0.3219,0.3225,1181409.1
2026-01-05 17:00:00,0.3224,0.3267,0.3179,0.3253,1603293.73
2026-01-05 18:00:00,0.3254,0.33,0.3242,0.3289,1308363.44
2026-01-05 19:00:00,0.329,0.329,0.3252,0.326,562739.68
2026-01-05 20:00:00,0.3261,0.3318,0.3259,0.3278,881614.36
2026-01-05 21:00:00,0.3278,0.3292,0.3273,0.3282,329885.61
2026-01-05 22:00:00,0.3281,0.3341,0.3276,0.3324,613497.09
2026-01-05 23:00:00,0.3324,0.3328,0.3288,0.3295,394326.36
2026-01-06 00:00:00,0.3294,0.3307,0.3253,0.3295,718755.54
2026-01-06 01:00:00,0.3295,0.3328,0.3274,0.3275,646210.98
2026-01-06 02:00:00,0.3276,0.3296,0.3269,0.3275,389403.26
2026-01-06 03:00:00,0.3275,0.3323,0.3272,0.3306,493573.18
2026-01-06 04:00:00,0.3305,0.3318,0.3293,0.3299,319346.45
2026-01-06 05:00:00,0.3299,0.331,0.328,0.3284,285579.46
2026-01-06 06:00:00,0.3283,0.3311,0.3266,0.3288,1122550.01
2026-01-06 07:00:00,0.3287,0.329,0.3247,0.326,872874.85
2026-01-06 08:00:00,0.3261,0.3288,0.326,0.3264,502047.26
2026-01-06 09:00:00,0.3263,0.3295,0.3259,0.3288,478211.32
2026-01-06 10:00:00,0.3287,0.3301,0.3278,0.329,583355.59
2026-01-06 11:00:00,0.329,0.3324,0.3288,0.3315,353756.89
2026-01-06 12:00:00,0.3315,0.3351,0.331,0.3348,834015.26
2026-01-06 13:00:00,0.3347,0.3361,0.3336,0.3337,642089.75
2026-01-06 14:00:00,0.3337,0.3407,0.3306,0.3325,2758642.86
2026-01-06 15:00:00,0.3326,0.3352,0.3263,0.3285,1592201.9
2026-01-06 16:00:00,0.3286,0.3291,0.3196,0.3228,3096742.83
2026-01-06 17:00:00,0.3227,0.3241,0.3142,0.315,2335685.19
2026-01-06 18:00:00,0.3149,0.3205,0.3138,0.3195,1048640.64
2026-01-06 19:00:00,0.3197,0.3209,0.3187,0.319,412282.45
2026-01-06 20:00:00,0.3191,0.3253,0.3191,0.3246,546840.0
2026-01-06 21:00:00,0.3247,0.3332,0.3235,0.3315,1534458.38
2026-01-06 22:00:00,0.3315,0.3324,0.3279,0.3291,644880.18
2026-01-06 23:00:00,0.3291,0.3322,0.3289,0.3315,269688.65
2026-01-07 00:00:00,0.3314,0.3321,0.3244,0.3247,668970.73
2026-01-07 01:00:00,0.3247,0.3265,0.3225,0.3231,616670.79
2026-01-07 02:00:00,0.323,0.3257,0.322,0.325,385241.01
2026-01-07 03:00:00,0.325,0.3263,0.3231,0.3238,308151.86
2026-01-07 04:00:00,0.3238,0.3251,0.323,0.3236,218340.42
2026-01-07 05:00:00,0.3236,0.3263,0.3235,0.3241,326451.76
2026-01-07 06:00:00,0.3241,0.3251,0.3232,0.3235,276368.28
2026-01-07 07:00:00,0.3234,0.3302,0.3234,0.3301,363744.86
2026-01-07 08:00:00,0.3301,0.3325,0.3291,0.3311,857206.75
2026-01-07 09:00:00,0.3311,0.3315,0.3242,0.3247,943986.49
2026-01-07 10:00:00,0.3246,0.3262,0.3238,0.3252,495866.39
2026-01-07 11:00:00,0.3251,0.3264,0.3242,0.3256,288082.25
2026-01-07 12:00:00,0.3257,0.3258,0.3212,0.3214,439271.77
2026-01-07 13:00:00,0.3215,0.3234,0.3197,0.32,522499.36
2026-01-07 14:00:00,0.3201,0.3204,0.3137,0.3198,1857117.23
2026-01-07 15:00:00,0.3199,0.32,0.3125,0.3154,2152151.76
2026-01-07 16:00:00,0.3153,0.3182,0.3143,0.3168,782359.24
2026-01-07 17:00:00,0.3169,0.3197,0.3163,0.3173,671674.7
2026-01-07 18:00:00,0.3172,0.3201,0.3165,0.3182,929930.22
2026-01-07 19:00:00,0.3183,0.3193,0.315,0.3186,809764.2
2026-01-07 20:00:00,0.3187,0.3191,0.3153,0.3165,429489.52
2026-01-07 21:00:00,0.3164,0.3176,0.3156,0.3157,189931.18
2026-01-07 22:00:00,0.3157,0.3184,0.3147,0.3157,434413.06
2026-01-07 23:00:00,0.3156,0.3189,0.3138,0.317,673490.08
2026-01-08 00:00:00,0.3171,0.3183,0.3161,0.3177,441002.32
2026-01-08 01:00:00,0.3178,0.319,0.3168,0.318,381895.11
2026-01-08 02:00:00,0.318,0.3186,0.3152,0.3159,573189.82
2026-01-08 03:00:00,0.3159,0.3178,0.3122,0.3136,436949.43
2026-01-08 04:00:00,0.3135,0.3168,0.3128,0.3159,582144.28
2026-01-08 05:00:00,0.316,0.3188,0.3155,0.3158,819409.11
2026-01-08 06:00:00,0.3159,0.3164,0.3094,0.3096,829161.75
2026-01-08 07:00:00,0.3097,0.3148,0.3078,0.3145,1202059.54
2026-01-08 08:00:00,0.3145,0.3164,0.3122,0.3124,492538.8
2026-01-08 09:00:00,0.3125,0.3139,0.3094,0.3098,472102.52
2026-01-08 10:00:00,0.3097,0.3131,0.3068,0.3125,886956.9
2026-01-08 11:00:00,0.3124,0.3127,0.3077,0.3092,901092.71
2026-01-08 12:00:00,0.3091,0.3093,0.3051,0.3065,692202.14
2026-01-08 13:00:00,0.3065,0.3076,0.3052,0.3063,236823.28
2026-01-08 14:00:00,0.3062,0.3215,0.3039,0.314,5542147.26
2026-01-08 15:00:00,0.3139,0.3199,0.3101,0.3191,6469413.78
2026-01-08 16:00:00,0.3191,0.3199,0.3135,0.3174,3515138.37
2026-01-08 17:00:00,0.3174,0.32,0.3156,0.3179,1127164.88
2026-01-08 18:00:00,0.3178,0.318,0.3145,0.3155,371168.91
2026-01-08 19:00:00,0.3156,0.3169,0.3138,0.3146,395912.93
2026-01-08 20:00:00,0.3145,0.3145,0.3112,0.3136,594773.9
2026-01-08 21:00:00,0.3136,0.3167,0.3135,0.3162,709306.26
2026-01-08 22:00:00,0.3162,0.3187,0.3148,0.3166,409558.03
2026-01-08 23:00:00,0.3168,0.3174,0.3142,0.3143,481538.06
2026-01-09 00:00:00,0.3144,0.3157,0.3142,0.3152,188806.88
2026-01-09 01:00:00,0.3152,0.3179,0.3116,0.3133,1616495.9
2026-01-09 02:00:00,0.3134,0.3157,0.3128,0.3137,1153938.46
2026-01-09 03:00:00,0.3135,0.3182,0.3134,0.3181,824815.67
2026-01-09 04:00:00,0.318,0.3186,0.3161,0.3166,296784.43
2026-01-09 05:00:00,0.3166,0.3175,0.3147,0.3153,266054.02
2026-01-09 06:00:00,0.3153,0.3172,0.3146,0.3166,474266.62
2026-01-09 07:00:00,0.3167,0.3171,0.3152,0.3159,225475.17
2026-01-09 08:00:00,0.316,0.3167,0.3106,0.3127,1213580.8
2026-01-09 09:00:00,0.3126,0.317,0.3126,0.3147,884605.91
2026-01-09 10:00:00,0.3148,0.3159,0.3135,0.3154,403013.01
2026-01-09 11:00:00,0.3155,0.3169,0.3145,0.3146,543391.78
2026-01-09 12:00:00,0.3145,0.3149,0.3121,0.3126,326818.59
2026-01-09 13:00:00,0.3126,0.3173,0.3126,0.3159,1092012.81
2026-01-09 14:00:00,0.3159,0.3159,0.3095,0.3111,1280359.88
2026-01-09 15:00:00,0.3111,0.3214,0.3086,0.318,3682206.68
2026-01-09 16:00:00,0.3181,0.3243,0.3181,0.3218,993161.06
2026-01-09 17:00:00,0.3219,0.3221,0.3164,0.3203,378599.01
2026-01-09 18:00:00,0.3202,0.3204,0.3132,0.3168,975421.64
2026-01-09 19:00:00,0.3167,0.3167,0.3116,0.3133,408325.75
2026-01-09 20:00:00,0.3132,0.3167,0.3129,0.3146,287392.09
2026-01-09 21:00:00,0.3146,0.317,0.3129,0.3159,245022.68
2026-01-09 22:00:00,0.3158,0.3179,0.3146,0.3169,283902.66
2026-01-09 23:00:00,0.3168,0.3169,0.3146,0.3151,126812.19
2026-01-10 00:00:00,0.3152,0.3154,0.3132,0.3143,178500.56
2026-01-10 01:00:00,0.3144,0.3159,0.314,0.3152,206248.12
2026-01-10 02:00:00,0.3152,0.3153,0.3128,0.3136,148066.91
2026-01-10 03:00:00,0.3136,0.3146,0.312,0.3144,159486.19
2026-01-10 04:00:00,0.3144,0.3144,0.312,0.3134,544605.59
2026-01-10 05:00:00,0.3135,0.3141,0.3128,0.3131,268465.8
2026-01-10 06:00:00,0.3131,0.3147,0.3113,0.3144,481401.37
2026-01-10 07:00:00,0.3144,0.318,0.3144,0.3174,365015.73
2026-01-10 08:00:00,0.3175,0.3194,0.3174,0.3192,559384.84
2026-01-10 09:00:00,0.3193,0.3215,0.3189,0.3201,657731.61
2026-01-10 10:00:00,0.32,0.3223,0.3193,0.3221,502287.01
2026-01-10 11:00:00,0.3221,0.3227,0.3209,0.3225,189709.28
2026-01-10 12:00:00,0.3225,0.3282,0.3224,0.3273,1059307.66
2026-01-10 13:00:00,0.3274,0.3277,0.3229,0.3235,975633.61
2026-01-10 14:00:00,0.3235,0.3237,0.32,0.3235,1185200.2
2026-01-10 15:00:00,0.3237,0.3251,0.3213,0.3219,797556.58
2026-01-10 16:00:00,0.3219,0.322,0.3196,0.3202,475736.68
2026-01-10 17:00:00,0.3203,0.3219,0.3191,0.3196,570338.53
2026-01-10 18:00:00,0.3195,0.3208,0.3179,0.3206,341836.99
2026-01-10 19:00:00,0.3206,0.324,0.3203,0.323,526868.24
2026-01-10 20:00:00,0.3233,0.3241,0.322,0.3222,196688.97
2026-01-10 21:00:00,0.3222,0.3224,0.3196,0.3196,264170.0
2026-01-10 22:00:00,0.3196,0.3199,0.3164,0.3165,194662.57
2026-01-10 23:00:00,0.3164,0.3187,0.3163,0.3179,327629.28
2026-01-11 00:00:00,0.318,0.319,0.3161,0.3187,977598.88
2026-01-11 01:00:00,0.3186,0.3196,0.3176,0.3195,178775.91
2026-01-11 02:00:00,0.3196,0.3201,0.3177,0.3178,183518.48
2026-01-11 03:00:00,0.3178,0.3193,0.3176,0.3188,174159.63
2026-01-11 04:00:00,0.3188,0.3208,0.3173,0.3205,292403.41
2026-01-11 05:00:00,0.3205,0.3211,0.3193,0.32,320533.18
2026-01-11 06:00:00,0.3201,0.3201,0.3174,0.3196,196967.33
2026-01-11 07:00:00,0.3197,0.3215,0.3193,0.3214,259348.84
2026-01-11 08:00:00,0.3213,0.3218,0.3198,0.3201,240661.61
2026-01-11 09:00:00,0.32,0.3213,0.3197,0.3212,217300.46
2026-01-11 10:00:00,0.3211,0.3214,0.3197,0.3203,186778.71
2026-01-11 11:00:00,0.3204,0.3213,0.3199,0.3212,123887.19
2026-01-11 12:00:00,0.3213,0.3239,0.321,0.3227,247138.85
2026-01-11 13:00:00,0.3228,0.3228,0.3202,0.3203,208000.13
2026-01-11 14:00:00,0.3202,0.3235,0.3201,0.3229,443647.18
2026-01-11 15:00:00,0.323,0.3235,0.3171,0.3186,611916.75
2026-01-11 16:00:00,0.3187,0.3238,0.3181,0.321,956455.96
2026-01-11 17:00:00,0.3211,0.3229,0.3191,0.3229,375414.02
2026-01-11 18:00:00,0.323,0.3231,0.319,0.3205,3102193.36
2026-01-11 19:00:00,0.3206,0.3214,0.3181,0.3185,874107.38
2026-01-11 20:00:00,0.3184,0.3185,0.3139,0.3152,1683685.55
2026-01-11 21:00:00,0.3151,0.3171,0.3131,0.3167,1082171.74
2026-01-11 22:00:00,0.3166,0.3166,0.3125,0.313,465956.93
2026-01-11 23:00:00,0.313,0.3163,0.3103,0.3158,733663.97
2026-01-12 00:00:00,0.3158,0.3179,0.3113,0.3167,2006170.88
2026-01-12 01:00:00,0.3168,0.3202,0.3161,0.3194,944346.11
2026-01-12 02:00:00,0.3194,0.3273,0.3193,0.3268,2009641.36
2026-01-12 03:00:00,0.3269,0.333,0.3256,0.326,2413640.59
2026-01-12 04:00:00,0.326,0.3283,0.3241,0.3276,712049.9
2026-01-12 05:00:00,0.3275,0.3286,0.3251,0.3258,524714.59
2026-01-12 06:00:00,0.3257,0.3261,0.3218,0.3226,423273.78
2026-01-12 07:00:00,0.3224,0.3249,0.3177,0.3183,890614.67
2026-01-12 08:00:00,0.3183,0.3203,0.312,0.3147,1401667.06
2026-01-12 09:00:00,0.3148,0.316,0.3139,0.3149,718970.07
2026-01-12 10:00:00,0.315,0.3165,0.3139,0.3141,523849.74
2026-01-12 11:00:00,0.3141,0.3155,0.3133,0.3142,769813.44
2026-01-12 12:00:00,0.3141,0.3144,0.3122,0.3128,865645.82
2026-01-12 13:00:00,0.3127,0.3133,0.3082,0.3088,1301577.17
2026-01-12 14:00:00,0.3087,0.3139,0.306,0.3116,2046490.2
2026-01-12 15:00:00,0.3116,0.316,0.3102,0.3153,1513749.77
2026-01-12 16:00:00,0.3153,0.32,0.3141,0.3182,1185904.94
2026-01-12 17:00:00,0.3183,0.3189,0.3113,0.3134,1117406.9
2026-01-12 18:00:00,0.3133,0.3153,0.3113,0.3126,628836.52
2026-01-12 19:00:00,0.3125,0.3142,0.3111,0.3138,381806.25
2026-01-12 20:00:00,0.3137,0.3162,0.3112,0.3117,777606.38
2026-01-12 21:00:00,0.3117,0.3117,0.3067,0.3085,1072069.93
2026-01-12 22:00:00,0.3084,0.3107,0.3081,0.3094,454197.08
2026-01-12 23:00:00,0.3095,0.3098,0.3078,0.3088,371443.6
2026-01-13 00:00:00,0.3088,0.3107,0.3085,0.3103,772458.62
2026-01-13 01:00:00,0.3105,0.3123,0.3094,0.311,580839.92
2026-01-13 02:00:00,0.311,0.3141,0.3109,0.3109,857190.54
2026-01-13 03:00:00,0.311,0.3141,0.3095,0.3128,1542704.61
2026-01-13 04:00:00,0.3129,0.3157,0.3128,0.3155,659909.92
2026-01-13 05:00:00,0.3154,0.3203,0.3153,0.3177,1005152.07
2026-01-13 06:00:00,0.3178,0.3209,0.3177,0.3207,783843.46
2026-01-13 07:00:00,0.3208,0.321,0.3175,0.318,575836.64
2026-01-13 08:00:00,0.3181,0.3205,0.3171,0.3196,774241.45
2026-01-13 09:00:00,0.3197,0.3219,0.3194,0.3202,845829.22
2026-01-13 10:00:00,0.3203,0.3232,0.3202,0.323,906647.51
2026-01-13 11:00:00,0.323,0.327,0.3219,0.3249,1759842.85
2026-01-13 12:00:00,0.325,0.3312,0.325,0.3289,2329552.1
2026-01-13 13:00:00,0.3289,0.3349,0.3273,0.3337,4103192.26
2026-01-13 14:00:00,0.3337,0.343,0.3329,0.3364,4825354.66
2026-01-13 15:00:00,0.3364,0.3447,0.3335,0.3442,3503363.2
2026-01-13 16:00:00,0.344,0.3573,0.3437,0.3547,6665936.05
2026-01-13 17:00:00,0.3548,0.3632,0.3485,0.3599,6813271.03
2026-01-13 18:00:00,0.3598,0.3651,0.3562,0.357,5381396.03
2026-01-13 19:00:00,0.3572,0.3572,0.3527,0.3558,2502223.49
2026-01-13 20:00:00,0.3559,0.3576,0.3514,0.3545,2493226.78
2026-01-13 21:00:00,0.3545,0.3634,0.3542,0.3633,2555031.39
2026-01-13 22:00:00,0.3634,0.3764,0.3621,0.3709,6252536.63
2026-01-13 23:00:00,0.371,0.372,0.3652,0.3669,2894166.34
2026-01-14 00:00:00,0.367,0.3706,0.3643,0.3669,2514773.13
2026-01-14 01:00:00,0.3669,0.3684,0.3636,0.3647,1479217.97
2026-01-14 02:00:00,0.3647,0.3649,0.3597,0.3601,1324040.78
2026-01-14 03:00:00,0.3601,0.3625,0.3597,0.3625,842600.47
2026-01-14 04:00:00,0.3623,0.3629,0.36,0.3604,1304482.51
2026-01-14 05:00:00,0.3604,0.3612,0.3575,0.3602,1211604.37
2026-01-14 06:00:00,0.3602,0.3624,0.3569,0.3623,771103.67
2026-01-14 07:00:00,0.3623,0.363,0.3596,0.3606,979915.65
2026-01-14 08:00:00,0.3606,0.3627,0.3603,0.3619,566622.81
2026-01-14 09:00:00,0.3619,0.3639,0.3609,0.3621,522878.31
2026-01-14 10:00:00,0.362,0.3654,0.3596,0.3617,890550.55
2026-01-14 11:00:00,0.3616,0.3643,0.3603,0.3619,1352496.09
2026-01-14 12:00:00,0.362,0.3637,0.3614,0.3623,366612.88
2026-01-14 13:00:00,0.3622,0.3636,0.3549,0.3559,1163383.65
2026-01-14 14:00:00,0.3558,0.3612,0.355,0.3584,2178274.34
2026-01-14 15:00:00,0.3584,0.3615,0.3566,0.359,2437299.05
2026-01-14 16:00:00,0.359,0.3624,0.357,0.3586,1322597.25
2026-01-14 17:00:00,0.3586,0.3599,0.3541,0.356,2058159.4
2026-01-14 18:00:00,0.3559,0.3576,0.3498,0.3526,1403446.57
2026-01-14 19:00:00,0.3525,0.3584,0.3514,0.3547,1155689.58
2026-01-14 20:00:00,0.3548,0.3568,0.353,0.3548,437314.19
2026-01-14 21:00:00,0.3547,0.3556,0.3522,0.3537,515588.93
2026-01-14 22:00:00,0.3537,0.3537,0.3504,0.3514,737667.22
2026-01-14 23:00:00,0.3515,0.3534,0.3504,0.3515,451319.38
2026-01-15 00:00:00,0.3515,0.3547,0.35,0.3546,1117134.09
2026-01-15 01:00:00,0.3546,0.3557,0.353,0.3536,822007.59
2026-01-15 02:00:00,0.3536,0.3543,0.35,0.3508,581038.9
2026-01-15 03:00:00,0.3508,0.3522,0.3437,0.3476,2436113.03
2026-01-15 04:00:00,0.3475,0.3502,0.3469,0.3497,895972.91
2026-01-15 05:00:00,0.3497,0.3507,0.3476,0.3483,381600.12
2026-01-15 06:00:00,0.3483,0.3518,0.3478,0.3481,761041.77
2026-01-15 07:00:00,0.3481,0.356,0.3481,0.3539,1078922.95
2026-01-15 08:00:00,0.3538,0.3549,0.3516,0.3528,412795.73
2026-01-15 09:00:00,0.3528,0.3568,0.3508,0.3557,795131.83
2026-01-15 10:00:00,0.3557,0.3579,0.3545,0.3555,851600.75
2026-01-15 11:00:00,0.3555,0.3563,0.3536,0.3557,575874.57
2026-01-15 12:00:00,0.3556,0.365,0.3537,0.3572,4185907.71
2026-01-15 13:00:00,0.3571,0.3584,0.3542,0.3552,977595.43
2026-01-15 14:00:00,0.3552,0.356,0.3469,0.3491,2006317.01
2026-01-15 15:00:00,0.3491,0.3515,0.3398,0.3444,3777434.54
2026-01-15 16:00:00,0.3443,0.348,0.3406,0.3464,1661014.63
2026-01-15 17:00:00,0.3464,0.3485,0.3421,0.3434,1310414.63
2026-01-15 18:00:00,0.3435,0.3447,0.3383,0.3396,1473730.87
2026-01-15 19:00:00,0.3395,0.3399,0.3363,0.3393,1260608.05
2026-01-15 20:00:00,0.3392,0.3418,0.336,0.3367,565440.46
2026-01-15 21:00:00,0.3368,0.3399,0.3365,0.3388,319964.96
2026-01-15 22:00:00,0.3388,0.3422,0.3386,0.3395,467578.11
2026-01-15 23:00:00,0.3394,0.3419,0.3389,0.3411,372483.96
2026-01-16 00:00:00,0.3411,0.3425,0.3409,0.3409,408708.13
2026-01-16 01:00:00,0.3409,0.3435,0.3399,0.3414,416797.43
2026-01-16 02:00:00,0.3413,0.3444,0.3375,0.344,1890537.2
2026-01-16 03:00:00,0.3441,0.3442,0.34,0.3408,993572.97
2026-01-16 04:00:00,0.3408,0.3411,0.3365,0.3376,788838.43
2026-01-16 05:00:00,0.3376,0.3413,0.3374,0.3399,614454.82
2026-01-16 06:00:00,0.3398,0.3415,0.339,0.3412,389488.04
2026-01-16 07:00:00,0.3412,0.342,0.3396,0.3402,286894.94
2026-01-16 08:00:00,0.3401,0.3421,0.3401,0.3409,587394.6
2026-01-16 09:00:00,0.3408,0.342,0.3397,0.3414,478179.26
2026-01-16 10:00:00,0.3415,0.3416,0.3392,0.3394,566871.51
2026-01-16 11:00:00,0.3394,0.341,0.3383,0.3393,749028.58
2026-01-16 12:00:00,0.3394,0.3395,0.3373,0.3379,296413.54
2026-01-16 13:00:00,0.338,0.3381,0.3344,0.3354,816719.21
2026-01-16 14:00:00,0.3353,0.3377,0.3347,0.3355,683369.24
2026-01-16 15:00:00,0.3354,0.3372,0.3252,0.328,2633319.32
2026-01-16 16:00:00,0.3279,0.3316,0.3261,0.3291,1799511.71
2026-01-16 17:00:00,0.3291,0.3307,0.3258,0.3304,817545.69
2026-01-16 18:00:00,0.3304,0.3321,0.3302,0.3305,525569.54
2026-01-16 19:00:00,0.3304,0.3332,0.3286,0.3331,612901.54
2026-01-16 20:00:00,0.3331,0.339,0.3305,0.3381,1595127.69
2026-01-16 21:00:00,0.3382,0.3393,0.3368,0.3383,611003.95
2026-01-16 22:00:00,0.3383,0.3399,0.3377,0.3394,607702.68
2026-01-16 23:00:00,0.3395,0.3401,0.338,0.34,894068.72
2026-01-17 00:00:00,0.3401,0.3424,0.3387,0.3417,568641.92
2026-01-17 01:00:00,0.3415,0.344,0.3412,0.343,789871.03
2026-01-17 02:00:00,0.3431,0.344,0.3397,0.3409,886036.0
2026-01-17 03:00:00,0.3409,0.3431,0.34,0.3416,583136.73
2026-01-17 04:00:00,0.3416,0.3438,0.3397,0.3432,320656.41
2026-01-17 05:00:00,0.3433,0.3459,0.3431,0.3439,971267.57
2026-01-17 06:00:00,0.3439,0.3452,0.3428,0.3435,374210.96
2026-01-17 07:00:00,0.3435,0.3481,0.3423,0.3474,692652.99
2026-01-17 08:00:00,0.3473,0.3531,0.3473,0.3504,1537558.59
2026-01-17 09:00:00,0.3506,0.3513,0.3476,0.3479,486956.24
2026-01-17 10:00:00,0.3478,0.3525,0.3475,0.3503,662088.48
2026-01-17 11:00:00,0.3502,0.3517,0.3475,0.3481,797515.19
2026-01-17 12:00:00,0.348,0.3545,0.3477,0.3525,1007541.83
2026-01-17 13:00:00,0.3526,0.3528,0.3497,0.3507,618820.26
2026-01-17 14:00:00,0.3507,0.3555,0.3495,0.3545,953479.76
2026-01-17 15:00:00,0.3545,0.3554,0.3504,0.3537,742406.88
2026-01-17 16:00:00,0.3537,0.3546,0.3485,0.3501,646543.0
2026-01-17 17:00:00,0.3501,0.3516,0.3479,0.3491,340451.96
2026-01-17 18:00:00,0.3491,0.3502,0.3482,0.3496,263240.35
2026-01-17 19:00:00,0.3496,0.3505,0.348,0.3497,286121.22
2026-01-17 20:00:00,0.3498,0.3504,0.3474,0.3486,828128.59
2026-01-17 21:00:00,0.3485,0.3485,0.3466,0.3484,290086.59
2026-01-17 22:00:00,0.3483,0.3486,0.3451,0.3462,484299.72
2026-01-17 23:00:00,0.3462,0.3471,0.3453,0.3467,363073.6
2026-01-18 00:00:00,0.3467,0.3504,0.3459,0.3465,543250.12
2026-01-18 01:00:00,0.3465,0.3474,0.3424,0.3434,1204323.88
2026-01-18 02:00:00,0.3435,0.3451,0.3414,0.3428,614335.39
2026-01-18 03:00:00,0.3428,0.3445,0.3419,0.342,400220.5
2026-01-18 04:00:00,0.3419,0.3419,0.3401,0.3412,327661.32
2026-01-18 05:00:00,0.3411,0.3474,0.3401,0.3459,1078812.58
2026-01-18 06:00:00,0.3459,0.346,0.3415,0.3416,402175.71
2026-01-18 07:00:00,0.3416,0.3416,0.3365,0.3395,1225945.93
2026-01-18 08:00:00,0.3394,0.3397,0.3381,0.3391,209688.53
2026-01-18 09:00:00,0.339,0.341,0.3384,0.3406,578317.64
2026-01-18 10:00:00,0.3406,0.341,0.3395,0.341,443547.94
2026-01-18 11:00:00,0.341,0.3426,0.3402,0.3408,582750.61
2026-01-18 12:00:00,0.3408,0.3416,0.3389,0.3392,191040.47
2026-01-18 13:00:00,0.3391,0.34,0.3372,0.3388,674666.21
2026-01-18 14:00:00,0.3389,0.3413,0.3364,0.3367,503784.5
2026-01-18 15:00:00,0.3366,0.3418,0.3355,0.3418,520409.45
2026-01-18 16:00:00,0.3418,0.3439,0.3403,0.3414,1207845.9
2026-01-18 17:00:00,0.3415,0.3422,0.339,0.3412,731304.43
2026-01-18 18:00:00,0.3412,0.3458,0.3406,0.3443,453521.61
2026-01-18 19:00:00,0.3444,0.3452,0.3405,0.3413,203808.82
2026-01-18 20:00:00,0.3412,0.3453,0.3399,0.3436,277996.14
2026-01-18 21:00:00,0.3437,0.3444,0.3428,0.3436,151544.35
2026-01-18 22:00:00,0.3436,0.3454,0.3427,0.3448,222947.52
2026-01-18 23:00:00,0.3447,0.3447,0.323,0.3236,3371909.99
2026-01-19 00:00:00,0.3235,0.3235,0.2931,0.3044,12419768.76
2026-01-19 01:00:00,0.3043,0.3076,0.3034,0.3071,1494575.96
2026-01-19 02:00:00,0.307,0.3108,0.3064,0.3101,720174.49
2026-01-19 03:00:00,0.31,0.3138,0.3088,0.3125,1084571.08
2026-01-19 04:00:00,0.3124,0.3129,0.3091,0.3093,811151.78
2026-01-19 05:00:00,0.3093,0.3114,0.3075,0.3111,943590.87
2026-01-19 06:00:00,0.311,0.3123,0.3091,0.3096,757039.69
2026-01-19 07:00:00,0.3097,0.3124,0.3086,0.3105,769477.28
2026-01-19 08:00:00,0.3105,0.313,0.3092,0.3122,1294821.69
2026-01-19 09:00:00,0.3121,0.314,0.3109,0.3124,1035814.07
2026-01-19 10:00:00,0.3126,0.3126,0.3096,0.3102,351592.29
2026-01-19 11:00:00,0.3103,0.3117,0.3088,0.3098,379580.29
2026-01-19 12:00:00,0.3098,0.3098,0.3071,0.3079,710355.78
2026-01-19 13:00:00,0.308,0.3094,0.3068,0.3084,539007.0
2026-01-19 14:00:00,0.3084,0.3128,0.3082,0.3112,693121.32
2026-01-19 15:00:00,0.3112,0.3122,0.309,0.3099,502355.06
2026-01-19 16:00:00,0.3098,0.3159,0.3089,0.3156,404184.16
2026-01-19 17:00:00,0.3157,0.3178,0.3142,0.3158,1283706.05
2026-01-19 18:00:00,0.3159,0.3165,0.3139,0.3162,441984.04
2026-01-19 19:00:00,0.3163,0.3242,0.3163,0.3224,839409.97
2026-01-19 20:00:00,0.3225,0.323,0.3198,0.3203,430535.21
2026-01-19 21:00:00,0.3204,0.3213,0.3175,0.3186,363098.11
2026-01-19 22:00:00,0.3186,0.3193,0.3148,0.3148,477493.97
2026-01-19 23:00:00,0.3147,0.3213,0.3146,0.3196,679591.25
2026-01-20 00:00:00,0.3196,0.3206,0.3174,0.3178,558173.3
2026-01-20 01:00:00,0.3177,0.3212,0.3156,0.3187,428107.47
2026-01-20 02:00:00,0.3187,0.3233,0.3174,0.3229,552088.31
2026-01-20 03:00:00,0.3229,0.3236,0.3175,0.32,592863.0
2026-01-20 04:00:00,0.3199,0.3208,0.3181,0.3186,514583.45
2026-01-20 05:00:00,0.3185,0.3205,0.3162,0.3175,842921.04
2026-01-20 06:00:00,0.3174,0.3175,0.312,0.3134,1119182.27
2026-01-20 07:00:00,0.3132,0.3155,0.3101,0.3103,835156.04
2026-01-20 08:00:00,0.3102,0.3113,0.3066,0.3097,1723901.5
2026-01-20 09:00:00,0.3096,0.3123,0.3074,0.3113,955326.23
2026-01-20 10:00:00,0.3113,0.3187,0.3107,0.3118,1939874.27
2026-01-20 11:00:00,0.3119,0.3128,0.3076,0.3082,1233255.76
2026-01-20 12:00:00,0.3083,0.3125,0.308,0.3107,560450.74
2026-01-20 13:00:00,0.3107,0.3109,0.3057,0.3062,811092.93
2026-01-20 14:00:00,0.3063,0.3103,0.3048,0.3064,1841252.08
2026-01-20 15:00:00,0.3064,0.3068,0.3012,0.304,1354087.38
2026-01-20 16:00:00,0.3039,0.3058,0.299,0.3003,1003185.88
2026-01-20 17:00:00,0.3002,0.3036,0.2974,0.2994,602533.55
2026-01-20 18:00:00,0.2995,0.3005,0.297,0.2984,1110965.81
2026-01-20 19:00:00,0.2985,0.301,0.2981,0.3003,884995.34
2026-01-20 20:00:00,0.3003,0.3059,0.2991,0.3059,1975357.7
2026-01-20 21:00:00,0.3058,0.3069,0.3027,0.3032,273201.87
2026-01-20 22:00:00,0.3031,0.304,0.2968,0.3015,1737431.92
2026-01-20 23:00:00,0.3015,0.3015,0.2989,0.3,800705.06
2026-01-21 00:00:00,0.2999,0.3054,0.2999,0.3053,756322.53
2026-01-21 01:00:00,0.3054,0.3084,0.305,0.3074,579217.49
2026-01-21 02:00:00,0.3076,0.3143,0.3073,0.3126,1463218.53
2026-01-21 03:00:00,0.3125,0.3146,0.3108,0.3126,457349.29
2026-01-21 04:00:00,0.3126,0.3143,0.3115,0.3127,321489.61
2026-01-21 05:00:00,0.3126,0.3126,0.3099,0.3108,695771.91
2026-01-21 06:00:00,0.3108,0.3132,0.3086,0.3108,1606381.43
2026-01-21 07:00:00,0.3107,0.3129,0.3097,0.311,736470.59
2026-01-21 08:00:00,0.3111,0.3128,0.3068,0.3102,980027.0
2026-01-21 09:00:00,0.3101,0.3101,0.3083,0.3098,294095.52
2026-01-21 10:00:00,0.3099,0.3132,0.3096,0.3111,953492.44
2026-01-21 11:00:00,0.311,0.3131,0.3071,0.3076,921737.54
2026-01-21 12:00:00,0.3077,0.3085,0.3022,0.3068,2827679.78
2026-01-21 13:00:00,0.3068,0.3081,0.3033,0.3045,441518.71
2026-01-21 14:00:00,0.3044,0.3161,0.3042,0.3146,2231796.73
2026-01-21 15:00:00,0.3145,0.3165,0.3099,0.3141,1551931.83
2026-01-21 16:00:00,0.3141,0.3147,0.2985,0.2993,1373958.84
2026-01-21 17:00:00,0.2992,0.3034,0.2947,0.2992,2089709.37
2026-01-21 18:00:00,0.2992,0.3041,0.2979,0.3026,2081292.7
2026-01-21 19:00:00,0.3028,0.3156,0.3004,0.3147,1726258.16
2026-01-21 20:00:00,0.3148,0.3155,0.3088,0.3141,2632751.12
2026-01-21 21:00:00,0.3142,0.3173,0.3134,0.3159,574008.53
2026-01-21 22:00:00,0.316,0.3176,0.3119,0.3124,286470.32
2026-01-21 23:00:00,0.3123,0.314,0.3071,0.3088,1120746.99
2026-01-22 00:00:00,0.3089,0.3132,0.3089,0.3118,856107.76
2026-01-22 01:00:00,0.3117,0.3183,0.3116,0.318,833704.03
2026-01-22 02:00:00,0.3178,0.321,0.3165,0.3205,639803.03
2026-01-22 03:00:00,0.3204,0.3224,0.3182,0.3191,796482.62
2026-01-22 04:00:00,0.319,0.3224,0.3184,0.3219,1054267.13
2026-01-22 05:00:00,0.322,0.3269,0.3193,0.3205,6936659.06
2026-01-22 06:00:00,0.3204,0.3204,0.3156,0.3172,544638.79
2026-01-22 07:00:00,0.3173,0.3178,0.3147,0.3154,255105.36
2026-01-22 08:00:00,0.3155,0.3184,0.3137,0.3178,482429.42
2026-01-22 09:00:00,0.3179,0.3202,0.3168,0.3174,1102173.82
2026-01-22 10:00:00,0.3175,0.3176,0.3151,0.3156,249021.54
2026-01-22 11:00:00,0.3155,0.3156,0.3113,0.3113,852049.94
2026-01-22 12:00:00,0.3112,0.3125,0.3097,0.3105,605448.78
2026-01-22 13:00:00,0.3105,0.3142,0.3086,0.3104,645022.55
2026-01-22 14:00:00,0.3103,0.3115,0.3055,0.3065,1245003.0
2026-01-22 15:00:00,0.3065,0.3086,0.3029,0.3057,1502937.91
2026-01-22 16:00:00,0.3057,0.3113,0.3046,0.3105,961906.7
2026-01-22 17:00:00,0.3105,0.3116,0.307,0.3107,777659.97
2026-01-22 18:00:00,0.3106,0.3106,0.3069,0.3069,441655.65
2026-01-22 19:00:00,0.307,0.3092,0.3063,0.3078,209880.34
2026-01-22 20:00:00,0.3078,0.3086,0.3046,0.3059,346189.66
2026-01-22 21:00:00,0.3059,0.3082,0.3059,0.3079,179174.65
2026-01-22 22:00:00,0.308,0.3092,0.306,0.3069,339300.33
2026-01-22 23:00:00,0.307,0.308,0.3046,0.3075,337456.44
2026-01-23 00:00:00,0.3074,0.3095,0.3063,0.3084,427806.97
2026-01-23 01:00:00,0.3085,0.313,0.3081,0.3129,281762.16
2026-01-23 02:00:00,0.3129,0.3133,0.3116,0.3117,338206.7
2026-01-23 03:00:00,0.3116,0.3167,0.3106,0.3144,414201.43
2026-01-23 04:00:00,0.3143,0.3193,0.314,0.318,682165.83
2026-01-23 05:00:00,0.3179,0.3181,0.3134,0.3155,470413.61
2026-01-23 06:00:00,0.3156,0.3163,0.3101,0.3114,3346542.65
2026-01-23 07:00:00,0.3114,0.3127,0.3106,0.3114,337109.67
2026-01-23 08:00:00,0.3113,0.3121,0.3068,0.3081,547554.99
2026-01-23 09:00:00,0.3082,0.3093,0.3069,0.3084,370986.29
2026-01-23 10:00:00,0.3084,0.3101,0.3067,0.3076,618827.81
2026-01-23 11:00:00,0.3075,0.3092,0.3073,0.3086,463059.37
2026-01-23 12:00:00,0.3086,0.3093,0.3066,0.308,557488.76
2026-01-23 13:00:00,0.3079,0.3094,0.3075,0.308,196368.05
2026-01-23 14:00:00,0.3079,0.3081,0.2995,0.3018,1724774.71
2026-01-23 15:00:00,0.3019,0.3091,0.3001,0.3086,1351675.43
2026-01-23 16:00:00,0.3087,0.3143,0.3054,0.3111,1251616.32
2026-01-23 17:00:00,0.311,0.3179,0.3083,0.3133,1763378.44
2026-01-23 18:00:00,0.3134,0.3158,0.3116,0.3121,767395.07
2026-01-23 19:00:00,0.3121,0.3121,0.3045,0.306,1478386.05
2026-01-23 20:00:00,0.3061,0.3066,0.3012,0.3022,1006712.99
2026-01-23 21:00:00,0.3021,0.3051,0.3018,0.3031,577706.25
2026-01-23 22:00:00,0.3029,0.3063,0.3029,0.3061,335707.78
2026-01-23 23:00:00,0.306,0.306,0.3037,0.3044,214035.41
2026-01-24 00:00:00,0.3045,0.3061,0.3031,0.3031,608834.66
2026-01-24 01:00:00,0.303,0.3043,0.3022,0.3039,150971.03
2026-01-24 02:00:00,0.3039,0.3054,0.3036,0.3045,158782.21
2026-01-24 03:00:00,0.3046,0.3072,0.3042,0.306,411447.32
2026-01-24 04:00:00,0.3061,0.3064,0.3047,0.3054,253584.9
2026-01-24 05:00:00,0.3052,0.3053,0.3032,0.3049,317739.94
2026-01-24 06:00:00,0.3048,0.3057,0.3046,0.3048,225850.76
2026-01-24 07:00:00,0.3048,0.3057,0.3041,0.3043,429245.79
2026-01-24 08:00:00,0.3044,0.3059,0.3035,0.3057,354423.76
2026-01-24 09:00:00,0.3056,0.3057,0.3039,0.3042,188860.64
2026-01-24 10:00:00,0.3043,0.305,0.3037,0.3042,249545.79
2026-01-24 11:00:00,0.3042,0.3047,0.3038,0.3047,124772.21
2026-01-24 12:00:00,0.3046,0.3058,0.3044,0.3049,188291.32
2026-01-24 13:00:00,0.305,0.305,0.3018,0.3019,219147.77
2026-01-24 14:00:00,0.3019,0.3047,0.301,0.3037,369270.94
2026-01-24 15:00:00,0.3038,0.3044,0.3008,0.3013,747249.13
2026-01-24 16:00:00,0.3012,0.3024,0.2996,0.3017,544454.64
2026-01-24 17:00:00,0.3017,0.3031,0.3011,0.303,299632.6
2026-01-24 18:00:00,0.303,0.3036,0.3022,0.3024,173602.92
2026-01-24 19:00:00,0.3024,0.3025,0.3008,0.3016,189426.48
2026-01-24 20:00:00,0.3016,0.3036,0.3016,0.3033,109634.01
2026-01-24 21:00:00,0.3032,0.3048,0.3022,0.3039,272833.01
2026-01-24 22:00:00,0.3041,0.3052,0.3033,0.3045,171925.59
2026-01-24 23:00:00,0.3046,0.3051,0.3035,0.3039,247113.98
2026-01-25 00:00:00,0.3038,0.306,0.3036,0.3058,286877.09
2026-01-25 01:00:00,0.3059,0.3065,0.3028,0.3035,1287688.98
2026-01-25 02:00:00,0.3034,0.3047,0.3021,0.303,224336.06
2026-01-25 03:00:00,0.303,0.3036,0.2993,0.3,697525.62
2026-01-25 04:00:00,0.2999,0.3019,0.2989,0.2999,661993.82
2026-01-25 05:00:00,0.2999,0.301,0.2989,0.3008,237620.12
2026-01-25 06:00:00,0.3007,0.3025,0.2994,0.3001,395430.12
2026-01-25 07:00:00,0.3,0.3015,0.2983,0.3007,199053.21
2026-01-25 08:00:00,0.3006,0.3012,0.2975,0.2989,410886.81
2026-01-25 09:00:00,0.2989,0.3041,0.2982,0.3024,460702.05
2026-01-25 10:00:00,0.3025,0.3058,0.3022,0.3039,727468.79
2026-01-25 11:00:00,0.3038,0.304,0.3013,0.3022,917094.52
2026-01-25 12:00:00,0.3021,0.3021,0.2985,0.3011,725546.76
2026-01-25 13:00:00,0.3011,0.3037,0.3,0.3021,326445.99
2026-01-25 14:00:00,0.302,0.3022,0.297,0.2993,910886.58
2026-01-25 15:00:00,0.2992,0.3005,0.298,0.2987,322366.92
2026-01-25 16:00:00,0.2987,0.2987,0.2883,0.2911,4267158.82
2026-01-25 17:00:00,0.2911,0.2921,0.2889,0.2898,608445.46
2026-01-25 18:00:00,0.2898,0.2904,0.2846,0.2867,1913967.67
2026-01-25 19:00:00,0.2867,0.288,0.2786,0.2807,2250457.22
2026-01-25 20:00:00,0.2808,0.284,0.2806,0.2834,1082128.21
2026-01-25 21:00:00,0.2834,0.2865,0.2834,0.2851,527272.06
2026-01-25 22:00:00,0.2852,0.2854,0.2818,0.2837,833831.12
2026-01-25 23:00:00,0.2837,0.2872,0.2823,0.2866,475762.03
2026-01-26 00:00:00,0.2865,0.2895,0.2858,0.2888,672734.91
2026-01-26 01:00:00,0.2889,0.2951,0.2886,0.2936,707608.07
2026-01-26 02:00:00,0.2937,0.2938,0.2906,0.2912,294338.44
2026-01-26 03:00:00,0.2912,0.2932,0.2885,0.2892,498794.1
2026-01-26 04:00:00,0.2892,0.2933,0.2892,0.292,439950.5
2026-01-26 05:00:00,0.2921,0.2929,0.2915,0.2921,171816.63
2026-01-26 06:00:00,0.2922,0.2965,0.2907,0.2965,387011.82
2026-01-26 07:00:00,0.2965,0.2977,0.2948,0.2954,485612.95
2026-01-26 08:00:00,0.2954,0.299,0.2953,0.2959,853778.29
2026-01-26 09:00:00,0.2961,0.2961,0.2929,0.2931,465724.24
2026-01-26 10:00:00,0.2931,0.2951,0.2931,0.2951,398346.95
2026-01-26 11:00:00,0.2951,0.2955,0.2942,0.2951,439578.69
2026-01-26 12:00:00,0.2951,0.2962,0.2947,0.2958,863984.35
2026-01-26 13:00:00,0.2959,0.2986,0.2959,0.2977,804688.92
2026-01-26 14:00:00,0.2977,0.3003,0.2942,0.2988,1198220.0
2026-01-26 15:00:00,0.2987,0.3018,0.2947,0.2966,1129488.52
2026-01-26 16:00:00,0.2967,0.2982,0.2947,0.2965,572496.0
2026-01-26 17:00:00,0.2966,0.2974,0.2923,0.2961,881990.05
2026-01-26 18:00:00,0.296,0.2994,0.2945,0.297,798182.38
2026-01-26 19:00:00,0.297,0.2981,0.2958,0.2964,354029.77
2026-01-26 20:00:00,0.2965,0.2973,0.2949,0.2953,737501.16
2026-01-26 21:00:00,0.2952,0.3008,0.2945,0.2994,812391.1
2026-01-26 22:00:00,0.2995,0.301,0.2987,0.2989,271630.46
2026-01-26 23:00:00,0.2989,0.2993,0.2976,0.2979,216246.07
2026-01-27 00:00:00,0.2979,0.2981,0.2964,0.2981,243975.93
2026-01-27 01:00:00,0.298,0.3005,0.2967,0.2993,348048.66
2026-01-27 02:00:00,0.2994,0.3003,0.298,0.2989,250529.42
2026-01-27 03:00:00,0.2988,0.2992,0.2964,0.2968,195582.72
2026-01-27 04:00:00,0.2967,0.2986,0.296,0.2973,208162.36
2026-01-27 05:00:00,0.2972,0.2972,0.2955,0.2961,61079.46
2026-01-27 06:00:00,0.296,0.2964,0.2944,0.2946,255331.3
2026-01-27 07:00:00,0.2947,0.2965,0.2946,0.2956,231491.8
2026-01-27 08:00:00,0.2955,0.2962,0.2944,0.2952,109645.61
2026-01-27 09:00:00,0.2952,0.2956,0.2939,0.2943,209445.07
2026-01-27 10:00:00,0.2943,0.2954,0.2939,0.2948,264139.38
2026-01-27 11:00:00,0.2949,0.297,0.2943,0.2961,272731.38
2026-01-27 12:00:00,0.296,0.2963,0.2943,0.2955,554626.6
2026-01-27 13:00:00,0.2955,0.2962,0.2942,0.2944,194057.5
2026-01-27 14:00:00,0.2943,0.2976,0.2929,0.2936,772139.2
2026-01-27 15:00:00,0.2935,0.2971,0.2926,0.2967,661907.12
2026-01-27 16:00:00,0.2967,0.3019,0.2963,0.3001,1984686.89
2026-01-27 17:00:00,0.3002,0.3005,0.2919,0.293,1658552.83
2026-01-27 18:00:00,0.2928,0.2986,0.2923,0.2973,936035.9
2026-01-27 19:00:00,0.2972,0.2989,0.2959,0.2981,484097.46
2026-01-27 20:00:00,0.298,0.3043,0.298,0.3033,1437217.26
2026-01-27 21:00:00,0.3032,0.3032,0.2993,0.2995,646173.47
2026-01-27 22:00:00,0.2996,0.3038,0.2996,0.3019,448013.46
2026-01-27 23:00:00,0.3018,0.3027,0.3005,0.3019,300427.63
2026-01-28 00:00:00,0.302,0.3038,0.3005,0.3036,286137.52
2026-01-28 01:00:00,0.3036,0.3037,0.3008,0.3023,301774.37
2026-01-28 02:00:00,0.3022,0.3031,0.3011,0.3027,235583.88
2026-01-28 03:00:00,0.3026,0.3028,0.3013,0.3017,246045.25
2026-01-28 04:00:00,0.3016,0.302,0.2997,0.3007,190856.44
2026-01-28 05:00:00,0.3008,0.3022,0.2996,0.302,138356.64
2026-01-28 06:00:00,0.302,0.3032,0.3003,0.3013,291096.19
2026-01-28 07:00:00,0.3013,0.3013,0.2986,0.3005,1132233.87
2026-01-28 08:00:00,0.3004,0.3005,0.2984,0.2986,420074.18
2026-01-28 09:00:00,0.2986,0.3014,0.2976,0.3009,1196244.39
2026-01-28 10:00:00,0.301,0.3019,0.2995,0.2998,366592.09
2026-01-28 11:00:00,0.2997,0.3035,0.299,0.3034,983965.48
2026-01-28 12:00:00,0.3034,0.3036,0.3002,0.3012,1169127.4
2026-01-28 13:00:00,0.3012,0.3026,0.3002,0.3006,507175.97
2026-01-28 14:00:00,0.3007,0.3008,0.2976,0.2987,1166244.32
2026-01-28 15:00:00,0.2987,0.3001,0.2957,0.2965,723375.87
2026-01-28 16:00:00,0.2966,0.2977,0.2945,0.2956,989108.92
2026-01-28 17:00:00,0.2956,0.2997,0.2938,0.2981,693386.15
2026-01-28 18:00:00,0.2981,0.2981,0.2948,0.2962,478182.75
2026-01-28 19:00:00,0.2961,0.2997,0.295,0.2985,3293480.24
2026-01-28 20:00:00,0.2985,0.3023,0.2975,0.2987,823682.04
2026-01-28 21:00:00,0.2988,0.3027,0.2962,0.3007,2683468.81
2026-01-28 22:00:00,0.3008,0.3039,0.2996,0.3035,1037573.58
2026-01-28 23:00:00,0.3036,0.3047,0.301,0.3014,976107.75
2026-01-29 00:00:00,0.3015,0.3024,0.2965,0.2982,621648.67
2026-01-29 01:00:00,0.2984,0.2993,0.2943,0.2948,545204.34
2026-01-29 02:00:00,0.2949,0.2957,0.2872,0.2887,2481643.48
2026-01-29 03:00:00,0.2887,0.2909,0.2874,0.2878,671272.18
2026-01-29 04:00:00,0.2878,0.2884,0.2857,0.288,563408.79
2026-01-29 05:00:00,0.2879,0.2888,0.2869,0.2872,334063.22
2026-01-29 06:00:00,0.2871,0.2896,0.2871,0.2893,418885.42
2026-01-29 07:00:00,0.2892,0.2906,0.2877,0.2879,503639.4
2026-01-29 08:00:00,0.2879,0.2886,0.2857,0.2864,739963.13
2026-01-29 09:00:00,0.2864,0.2878,0.2862,0.2867,646296.49
2026-01-29 10:00:00,0.2867,0.2871,0.2846,0.2857,1033926.64
2026-01-29 11:00:00,0.2857,0.2859,0.284,0.2844,502578.33
2026-01-29 12:00:00,0.2844,0.2856,0.2828,0.2842,663042.63
2026-01-29 13:00:00,0.2841,0.286,0.2841,0.2857,490289.55
2026-01-29 14:00:00,0.2858,0.286,0.2774,0.278,2444798.54
2026-01-29 15:00:00,0.278,0.2782,0.2654,0.268,7336096.02
2026-01-29 16:00:00,0.268,0.2732,0.265,0.2731,2476762.92
2026-01-29 17:00:00,0.273,0.276,0.267,0.2674,2606985.04
2026-01-29 18:00:00,0.2674,0.2686,0.2609,0.2614,3527779.5
2026-01-29 19:00:00,0.2613,0.2655,0.2606,0.2641,1994653.6
2026-01-29 20:00:00,0.2642,0.2701,0.2633,0.2698,1336231.25
2026-01-29 21:00:00,0.2699,0.2719,0.2699,0.2708,1605386.07
2026-01-29 22:00:00,0.2709,0.272,0.2697,0.2699,431699.54
2026-01-29 23:00:00,0.2699,0.27,0.2685,0.2697,1077847.6
2026-01-30 00:00:00,0.2698,0.272,0.2697,0.2713,906814.39
2026-01-30 01:00:00,0.2713,0.2733,0.26,0.2677,5898985.92
2026-01-30 02:00:00,0.2677,0.2677,0.2603,0.2639,1872869.85
2026-01-30 03:00:00,0.264,0.2658,0.2622,0.2628,500777.76
2026-01-30 04:00:00,0.2627,0.2677,0.2627,0.2658,942697.96
2026-01-30 05:00:00,0.2659,0.2664,0.264,0.2644,309751.31
2026-01-30 06:00:00,0.2643,0.2645,0.2588,0.2608,825051.2
2026-01-30 07:00:00,0.2609,0.2662,0.2609,0.2649,801047.44
2026-01-30 08:00:00,0.2649,0.2658,0.2619,0.2637,681158.7
2026-01-30 09:00:00,0.2638,0.2653,0.2627,0.2646,422851.49
2026-01-30 10:00:00,0.2645,0.266,0.2637,0.2649,486371.01
2026-01-30 11:00:00,0.2649,0.2697,0.2641,0.2684,494855.7
2026-01-30 12:00:00,0.2684,0.2688,0.2662,0.2672,508590.93
2026-01-30 13:00:00,0.2671,0.2674,0.2628,0.2637,1288019.33
2026-01-30 14:00:00,0.2639,0.2671,0.2623,0.2638,1402611.2
2026-01-30 15:00:00,0.2639,0.2667,0.261,0.2647,1151491.99
2026-01-30 16:00:00,0.2646,0.2678,0.2624,0.2654,899650.85
2026-01-30 17:00:00,0.2655,0.2677,0.2639,0.2653,791642.41
2026-01-30 18:00:00,0.2653,0.2703,0.2579,0.2691,2028965.65
2026-01-30 19:00:00,0.2692,0.2708,0.2669,0.2677,914791.25
2026-01-30 20:00:00,0.2677,0.2677,0.2617,0.263,1913316.21
2026-01-30 21:00:00,0.2631,0.2658,0.2623,0.2643,1078075.21
2026-01-30 22:00:00,0.2643,0.2648,0.2615,0.2632,367671.77
2026-01-30 23:00:00,0.2632,0.2632,0.2607,0.2628,302333.43
2026-01-31 00:00:00,0.2629,0.2632,0.2613,0.262,234004.7
2026-01-31 01:00:00,0.2619,0.2632,0.2616,0.2627,460340.68
2026-01-31 02:00:00,0.2627,0.264,0.2614,0.2631,241026.54
2026-01-31 03:00:00,0.2631,0.2633,0.2616,0.2619,298138.35
2026-01-31 04:00:00,0.2618,0.2629,0.259,0.2597,721154.91
2026-01-31 05:00:00,0.2598,0.2608,0.2585,0.2603,455907.56
2026-01-31 06:00:00,0.2604,0.2605,0.257,0.259,497541.75
2026-01-31 07:00:00,0.2589,0.2589,0.255,0.2577,845351.6
2026-01-31 08:00:00,0.2576,0.2581,0.251,0.2544,2300557.81
2026-01-31 09:00:00,0.2544,0.2563,0.2536,0.2539,594096.14
2026-01-31 10:00:00,0.2539,0.2559,0.253,0.2545,403065.14
2026-01-31 11:00:00,0.2545,0.2546,0.2523,0.2527,324415.27
2026-01-31 12:00:00,0.2527,0.2533,0.2513,0.2517,512877.8
2026-01-31 13:00:00,0.2518,0.2521,0.2493,0.2509,845608.2
2026-01-31 14:00:00,0.251,0.252,0.2349,0.2399,7395285.99
2026-01-31 15:00:00,0.2398,0.2435,0.2383,0.2387,1854967.71
2026-01-31 16:00:00,0.2387,0.2428,0.2362,0.2375,3946885.07
2026-01-31 17:00:00,0.2374,0.2386,0.222,0.226,12383443.26
2026-01-31 18:00:00,0.2261,0.2274,0.2099,0.2238,10610391.39
2026-01-31 19:00:00,0.2239,0.2293,0.2232,0.2251,2503357.37
2026-01-31 20:00:00,0.2251,0.2282,0.2236,0.2269,1297005.34
2026-01-31 21:00:00,0.2267,0.2308,0.2262,0.2301,1632862.82
2026-01-31 22:00:00,0.2302,0.2306,0.2277,0.2295,627663.08
2026-01-31 23:00:00,0.2294,0.2357,0.2293,0.2345,1062122.85
2026-02-01 00:00:00,0.2344,0.2373,0.2342,0.2362,1033753.43
2026-02-01 01:00:00,0.2363,0.2368,0.2331,0.2367,774203.3
2026-02-01 02:00:00,0.2368,0.239,0.2363,0.238,596381.96
2026-02-01 03:00:00,0.238,0.2386,0.2369,0.2383,544894.02
2026-02-01 04:00:00,0.2383,0.2391,0.2376,0.2379,441985.47
2026-02-01 05:00:00,0.2379,0.2393,0.2368,0.2374,505471.05
2026-02-01 06:00:00,0.2376,0.2401,0.2375,0.2387,639329.94
2026-02-01 07:00:00,0.2386,0.2408,0.2373,0.2393,665266.28
2026-02-01 08:00:00,0.2394,0.2408,0.2381,0.2391,359345.44
2026-02-01 09:00:00,0.2392,0.2399,0.2371,0.2394,781646.86
2026-02-01 10:00:00,0.2395,0.2403,0.2344,0.2348,1442931.25
2026-02-01 11:00:00,0.2348,0.237,0.2344,0.2358,498064.87
2026-02-01 12:00:00,0.2359,0.2359,0.2329,0.2337,486776.42
2026-02-01 13:00:00,0.2338,0.2358,0.2321,0.233,566796.82
2026-02-01 14:00:00,0.233,0.2351,0.2284,0.2328,2089623.18
2026-02-01 15:00:00,0.2328,0.2328,0.2239,0.2271,1904844.55
2026-02-01 16:00:00,0.2271,0.2301,0.2249,0.2276,1147312.95
2026-02-01 17:00:00,0.2277,0.2289,0.2257,0.2284,787043.26
2026-02-01 18:00:00,0.2284,0.2338,0.2284,0.2304,1206858.12
2026-02-01 19:00:00,0.2303,0.2312,0.2272,0.2287,568450.55
2026-02-01 20:00:00,0.2286,0.2318,0.2263,0.2291,670102.48
2026-02-01 21:00:00,0.2292,0.2293,0.226,0.2271,622874.19
2026-02-01 22:00:00,0.2272,0.2314,0.2269,0.2297,689815.63
2026-02-01 23:00:00,0.2295,0.232,0.2218,0.2276,2334589.44
2026-02-02 00:00:00,0.2277,0.2337,0.2257,0.2314,770682.17
2026-02-02 01:00:00,0.2312,0.2351,0.2279,0.2323,839377.23
2026-02-02 02:00:00,0.2322,0.2336,0.2296,0.23,1697797.79
2026-02-02 03:00:00,0.23,0.2305,0.2201,0.2297,2993405.34
2026-02-02 04:00:00,0.2298,0.2329,0.2256,0.2282,1079951.38
2026-02-02 05:00:00,0.2282,0.2282,0.2219,0.2243,1355912.69
2026-02-02 06:00:00,0.2243,0.231,0.2202,0.227,3013165.47
2026-02-02 07:00:00,0.2269,0.2286,0.2254,0.2255,839743.86
2026-02-02 08:00:00,0.2256,0.2287,0.2255,0.228,517995.32
2026-02-02 09:00:00,0.228,0.2314,0.2263,0.2296,1598132.02
2026-02-02 10:00:00,0.2297,0.2306,0.2288,0.2293,835791.99
2026-02-02 11:00:00,0.2295,0.2309,0.2288,0.2293,978952.13
2026-02-02 12:00:00,0.2294,0.231,0.2289,0.2303,507278.61
2026-02-02 13:00:00,0.2303,0.232,0.2297,0.2313,498059.68
2026-02-02 14:00:00,0.2312,0.2347,0.229,0.232,1983444.7
2026-02-02 15:00:00,0.2319,0.2372,0.2316,0.2351,1329155.41
2026-02-02 16:00:00,0.2351,0.2356,0.2324,0.2326,990172.89
2026-02-02 17:00:00,0.2325,0.2343,0.2294,0.2302,957432.42
2026-02-02 18:00:00,0.2301,0.2313,0.2289,0.2307,517042.4
2026-02-02 19:00:00,0.2306,0.2307,0.229,0.2291,303995.94
2026-02-02 20:00:00,0.229,0.2304,0.2283,0.2296,451276.52
2026-02-02 21:00:00,0.2297,0.2316,0.2296,0.231,296189.38
2026-02-02 22:00:00,0.231,0.2319,0.2306,0.2313,247114.56
2026-02-02 23:00:00,0.2314,0.2315,0.2294,0.23,254935.85
2026-02-03 00:00:00,0.2301,0.2306,0.2279,0.2296,636597.36
2026-02-03 01:00:00,0.2295,0.2299,0.2276,0.2295,365617.62
2026-02-03 02:00:00,0.2296,0.2296,0.2253,0.2254,758538.81
2026-02-03 03:00:00,0.2255,0.2304,0.2247,0.2299,830108.58
2026-02-03 04:00:00,0.2298,0.2317,0.2283,0.2308,571277.17
2026-02-03 05:00:00,0.2308,0.2309,0.228,0.2281,455820.96
2026-02-03 06:00:00,0.2282,0.2299,0.2266,0.2297,545707.34
2026-02-03 07:00:00,0.2297,0.2315,0.2291,0.2298,562079.43
2026-02-03 08:00:00,0.2298,0.2314,0.2289,0.2297,378343.34
2026-02-03 09:00:00,0.2296,0.2303,0.2255,0.2276,1348105.0
2026-02-03 10:00:00,0.2276,0.2291,0.2274,0.228,336497.56
2026-02-03 11:00:00,0.2281,0.2289,0.2276,0.2281,562438.19
2026-02-03 12:00:00,0.2281,0.2301,0.2274,0.2295,1102020.15
2026-02-03 13:00:00,0.2295,0.2299,0.2283,0.2293,410541.43
2026-02-03 14:00:00,0.2293,0.23,0.2244,0.2245,943630.12
2026-02-03 15:00:00,0.2244,0.2295,0.2222,0.224,3338429.36
2026-02-03 16:00:00,0.224,0.2241,0.2151,0.2165,4463301.69
2026-02-03 17:00:00,0.2164,0.2173,0.2107,0.2108,2937098.03
2026-02-03 18:00:00,0.2108,0.2121,0.2067,0.2071,3753252.2
2026-02-03 19:00:00,0.207,0.2173,0.2068,0.2145,3356095.3
2026-02-03 20:00:00,0.2145,0.2237,0.2106,0.2215,4362306.92
2026-02-03 21:00:00,0.2215,0.2241,0.2178,0.2184,1852517.9
2026-02-03 22:00:00,0.2185,0.2188,0.2142,0.2146,1043142.13
2026-02-03 23:00:00,0.2145,0.2153,0.2114,0.213,1003640.55
2026-02-04 00:00:00,0.213,0.2161,0.212,0.2156,486081.03
2026-02-04 01:00:00,0.2157,0.2203,0.2157,0.2195,676253.58
2026-02-04 02:00:00,0.2194,0.2199,0.2174,0.2187,501035.41
2026-02-04 03:00:00,0.2187,0.2233,0.2186,0.2222,988409.53
2026-02-04 04:00:00,0.2221,0.2237,0.2215,0.2227,710779.01
2026-02-04 05:00:00,0.2226,0.2232,0.2205,0.2214,585895.16
2026-02-04 06:00:00,0.2214,0.2238,0.2213,0.2222,582052.13
2026-02-04 07:00:00,0.2221,0.2232,0.2208,0.2227,776891.43
2026-02-04 08:00:00,0.2226,0.2256,0.2219,0.2251,1052948.34
2026-02-04 09:00:00,0.225,0.2252,0.2225,0.2237,2283328.72
2026-02-04 10:00:00,0.2237,0.2271,0.2236,0.2261,1466010.71
2026-02-04 11:00:00,0.226,0.2287,0.224,0.2276,2500682.16
2026-02-04 12:00:00,0.2277,0.2302,0.2253,0.2263,1848062.87
2026-02-04 13:00:00,0.2262,0.2274,0.2213,0.2213,1476153.7
2026-02-04 14:00:00,0.2212,0.2233,0.2174,0.2187,2284299.72
2026-02-04 15:00:00,0.2187,0.2229,0.2159,0.2199,2379484.59
2026-02-04 16:00:00,0.2199,0.2226,0.2164,0.2191,2410571.96
2026-02-04 17:00:00,0.219,0.221,0.2163,0.2201,2091613.58
2026-02-04 18:00:00,0.22,0.2241,0.2152,0.2203,2768838.46
2026-02-04 19:00:00,0.2204,0.2246,0.2188,0.2243,1773404.69
2026-02-04 20:00:00,0.2244,0.2247,0.2215,0.2221,652648.4
2026-02-04 21:00:00,0.222,0.2228,0.2164,0.2183,621306.38
2026-02-04 22:00:00,0.2184,0.2216,0.2139,0.2159,1000539.06
2026-02-04 23:00:00,0.2159,0.2212,0.2157,0.2191,1820823.67
2026-02-05 00:00:00,0.2191,0.2205,0.2177,0.2189,590230.82
2026-02-05 01:00:00,0.2189,0.2224,0.217,0.2186,1438206.42
2026-02-05 02:00:00,0.2186,0.2206,0.2158,0.2163,1136659.47
2026-02-05 03:00:00,0.2162,0.2182,0.215,0.2154,1341515.13
2026-02-05 04:00:00,0.2155,0.2172,0.2142,0.215,1369725.83
2026-02-05 05:00:00,0.215,0.218,0.2121,0.2151,2261495.68
2026-02-05 06:00:00,0.2152,0.2156,0.211,0.2122,2270267.04
2026-02-05 07:00:00,0.2121,0.2154,0.2111,0.2116,1175637.34
2026-02-05 08:00:00,0.2117,0.215,0.2117,0.2132,671072.31
2026-02-05 09:00:00,0.2132,0.2156,0.2125,0.2129,926619.6
2026-02-05 10:00:00,0.213,0.2138,0.2078,0.2089,1200182.76
2026-02-05 11:00:00,0.2088,0.2098,0.2035,0.2069,2360096.4
2026-02-05 12:00:00,0.207,0.2086,0.2051,0.2076,1892795.02
2026-02-05 13:00:00,0.2077,0.2094,0.2055,0.2061,1220163.79
2026-02-05 14:00:00,0.2062,0.2108,0.2056,0.206,2045646.23
2026-02-05 15:00:00,0.206,0.2069,0.1903,0.1949,10832376.63
2026-02-05 16:00:00,0.1949,0.2005,0.1928,0.1977,4560524.87
2026-02-05 17:00:00,0.1977,0.201,0.1911,0.1925,4829037.54
2026-02-05 18:00:00,0.1926,0.1944,0.1897,0.1937,2980046.99
2026-02-05 19:00:00,0.1937,0.194,0.1897,0.1906,2087697.98
2026-02-05 20:00:00,0.1906,0.1925,0.1805,0.1847,11278699.69
2026-02-05 21:00:00,0.1847,0.1902,0.1829,0.1836,4332646.58
2026-02-05 22:00:00,0.1837,0.1882,0.1801,0.1839,5662290.14
2026-02-05 23:00:00,0.1839,0.1886,0.1811,0.182,3709436.49
2026-02-06 00:00:00,0.182,0.1832,0.1579,0.1748,28973493.76
2026-02-06 01:00:00,0.1748,0.1818,0.174,0.1817,4291051.07
2026-02-06 02:00:00,0.1817,0.1835,0.1746,0.1754,2809266.2
2026-02-06 03:00:00,0.1755,0.1768,0.1733,0.1747,1529605.89
2026-02-06 04:00:00,0.1746,0.1769,0.1728,0.1762,1616046.67
2026-02-06 05:00:00,0.1761,0.1804,0.1756,0.1792,2525361.54
2026-02-06 06:00:00,0.1793,0.1815,0.173,0.1735,4202333.27
2026-02-06 07:00:00,0.1735,0.175,0.1706,0.1735,2437101.56
2026-02-06 08:00:00,0.1736,0.1743,0.1702,0.1714,3526242.58
2026-02-06 09:00:00,0.1713,0.1788,0.1706,0.1785,3396980.92
2026-02-06 10:00:00,0.1785,0.1821,0.1774,0.1821,1947983.62
2026-02-06 11:00:00,0.1821,0.1841,0.1812,0.1833,1311176.55
2026-02-06 12:00:00,0.1832,0.1846,0.1821,0.1839,1451117.55
2026-02-06 13:00:00,0.1839,0.187,0.1831,0.1861,1948530.57
2026-02-06 14:00:00,0.1861,0.1927,0.1851,0.1907,3602275.66
2026-02-06 15:00:00,0.1908,0.191,0.1879,0.19,2711414.47
2026-02-06 16:00:00,0.19,0.1961,0.1892,0.1947,2371592.1
2026-02-06 17:00:00,0.1947,0.2008,0.1941,0.1988,2637566.97
2026-02-06 18:00:00,0.1987,0.1989,0.1922,0.1934,2106182.6
2026-02-06 19:00:00,0.1935,0.1948,0.1919,0.1945,1248412.59
2026-02-06 20:00:00,0.1944,0.1956,0.1919,0.1931,1442528.29
2026-02-06 21:00:00,0.1932,0.1956,0.1921,0.1956,583160.3
2026-02-06 22:00:00,0.1956,0.1984,0.1952,0.1972,1106859.38
2026-02-06 23:00:00,0.1972,0.1983,0.1951,0.1974,919328.94
2026-02-07 00:00:00,0.1974,0.1974,0.1922,0.1937,1574377.4
2026-02-07 01:00:00,0.1936,0.1958,0.1927,0.1952,971962.47
2026-02-07 02:00:00,0.1951,0.1963,0.1946,0.1957,736943.56
2026-02-07 03:00:00,0.1957,0.198,0.1954,0.1973,1311399.19
2026-02-07 04:00:00,0.1972,0.1989,0.1957,0.1961,1164439.85
2026-02-07 05:00:00,0.1961,0.1966,0.195,0.1956,1107939.36
2026-02-07 06:00:00,0.1955,0.1967,0.1918,0.1918,1152705.17
2026-02-07 07:00:00,0.1918,0.1928,0.187,0.1894,3225287.21
2026-02-07 08:00:00,0.1893,0.191,0.1884,0.1905,1018417.08
2026-02-07 09:00:00,0.1905,0.1915,0.1895,0.1897,865040.09
2026-02-07 10:00:00,0.1897,0.1905,0.1888,0.1901,635860.04
2026-02-07 11:00:00,0.19,0.1907,0.1897,0.1905,410676.75
2026-02-07 12:00:00,0.1904,0.1985,0.1902,0.1967,2128857.12
2026-02-07 13:00:00,0.1968,0.1979,0.1945,0.1959,756123.0
2026-02-07 14:00:00,0.1959,0.196,0.1923,0.1926,846672.18
2026-02-07 15:00:00,0.1926,0.1975,0.1921,0.1969,1008715.62
2026-02-07 16:00:00,0.197,0.2029,0.1964,0.1971,17793372.19
2026-02-07 17:00:00,0.1971,0.1975,0.1953,0.1963,682177.47
2026-02-07 18:00:00,0.1963,0.1998,0.1962,0.1988,751212.91
2026-02-07 19:00:00,0.1987,0.1987,0.1966,0.197,462749.41
2026-02-07 20:00:00,0.1969,0.198,0.1964,0.1973,462747.82
2026-02-07 21:00:00,0.1974,0.1984,0.1966,0.1973,961977.35
2026-02-07 22:00:00,0.1973,0.1979,0.1968,0.1969,325692.65
2026-02-07 23:00:00,0.1969,0.197,0.1956,0.1964,473514.54
2026-02-08 00:00:00,0.1964,0.1965,0.1949,0.1958,313836.23
2026-02-08 01:00:00,0.1959,0.1965,0.195,0.1955,433838.93
2026-02-08 02:00:00,0.1955,0.1963,0.1939,0.1947,592012.16
2026-02-08 03:00:00,0.1946,0.1951,0.1933,0.1937,292570.81
2026-02-08 04:00:00,0.1937,0.1945,0.1928,0.1943,337949.24
2026-02-08 05:00:00,0.1942,0.1946,0.193,0.1933,168371.02
2026-02-08 06:00:00,0.1933,0.1939,0.1926,0.1929,522036.29
2026-02-08 07:00:00,0.193,0.1932,0.1916,0.193,420442.4
2026-02-08 08:00:00,0.193,0.1964,0.1925,0.1956,1092126.67
2026-02-08 09:00:00,0.1957,0.196,0.193,0.1933,541374.55
2026-02-08 10:00:00,0.1933,0.1945,0.1919,0.1927,443189.62
2026-02-08 11:00:00,0.1928,0.1963,0.1926,0.1959,794176.55
2026-02-08 12:00:00,0.1959,0.196,0.194,0.1952,921259.71
2026-02-08 13:00:00,0.1951,0.1954,0.1938,0.1949,990536.01
2026-02-08 14:00:00,0.1949,0.1956,0.1941,0.1952,395198.78
2026-02-08 15:00:00,0.1952,0.1957,0.1922,0.1931,653080.53
2026-02-08 16:00:00,0.1931,0.1933,0.1866,0.1877,2236177.84
2026-02-08 17:00:00,0.1876,0.1903,0.1875,0.1902,1052412.94
2026-02-08 18:00:00,0.1902,0.1934,0.1901,0.1921,985401.26
2026-02-08 19:00:00,0.192,0.1928,0.1915,0.1924,575435.04
2026-02-08 20:00:00,0.1925,0.1925,0.1897,0.1899,484625.0
2026-02-08 21:00:00,0.1899,0.1907,0.1885,0.1895,838738.32
2026-02-08 22:00:00,0.1896,0.191,0.1895,0.1907,490067.81
2026-02-08 23:00:00,0.1907,0.1952,0.1888,0.1904,1287799.19
2026-02-09 00:00:00,0.1903,0.1912,0.1885,0.19,766436.98
2026-02-09 01:00:00,0.19,0.1924,0.1888,0.1901,1032850.01
2026-02-09 02:00:00,0.19,0.192,0.1894,0.1906,421429.15
2026-02-09 03:00:00,0.1907,0.1936,0.1906,0.1932,591921.13
2026-02-09 04:00:00,0.1932,0.1932,0.1916,0.1919,325584.49
2026-02-09 05:00:00,0.1918,0.193,0.1914,0.1921,418281.13
2026-02-09 06:00:00,0.1921,0.1921,0.1893,0.1903,953975.34
2026-02-09 07:00:00,0.1901,0.1905,0.1886,0.1888,536806.29
2026-02-09 08:00:00,0.1887,0.1892,0.1858,0.1866,860640.43
2026-02-09 09:00:00,0.1866,0.1869,0.1848,0.1854,744111.41
2026-02-09 10:00:00,0.1854,0.1856,0.1815,0.1824,1548884.84
2026-02-09 11:00:00,0.1824,0.184,0.1824,0.1837,1034751.96
2026-02-09 12:00:00,0.1838,0.1851,0.1836,0.1845,443531.61
2026-02-09 13:00:00,0.1846,0.185,0.1822,0.1822,554101.06
2026-02-09 14:00:00,0.1824,0.1865,0.1819,0.1859,1180757.04
2026-02-09 15:00:00,0.186,0.1879,0.1842,0.1877,1322088.12
2026-02-09 16:00:00,0.1876,0.191,0.1858,0.1891,1357496.75
2026-02-09 17:00:00,0.189,0.1928,0.1879,0.1918,1350420.76
2026-02-09 18:00:00,0.1918,0.1922,0.1886,0.1898,737728.35
2026-02-09 19:00:00,0.1898,0.1912,0.1888,0.1909,286269.96
2026-02-09 20:00:00,0.1908,0.1916,0.1888,0.1894,440692.94
2026-02-09 21:00:00,0.1894,0.1904,0.1872,0.1896,788590.95
2026-02-09 22:00:00,0.1896,0.1909,0.1894,0.19,135586.37
2026-02-09 23:00:00,0.19,0.1903,0.1887,0.189,248109.85
2026-02-10 00:00:00,0.1891,0.1895,0.1881,0.1886,252074.94
2026-02-10 01:00:00,0.1885,0.1899,0.1885,0.1894,285004.44
2026-02-10 02:00:00,0.1895,0.1896,0.1878,0.1883,185509.62
2026-02-10 03:00:00,0.1883,0.1885,0.1843,0.1861,900180.31
2026-02-10 04:00:00,0.1859,0.1876,0.1858,0.1874,421381.47
2026-02-10 05:00:00,0.1874,0.1874,0.1842,0.185,734119.37
2026-02-10 06:00:00,0.1848,0.1851,0.1812,0.1819,1583328.33
2026-02-10 07:00:00,0.1819,0.1837,0.1819,0.1829,807569.51
2026-02-10 08:00:00,0.1829,0.184,0.1825,0.1836,620217.14
2026-02-10 09:00:00,0.1836,0.1847,0.1833,0.1839,452409.05
2026-02-10 10:00:00,0.1839,0.1842,0.1826,0.1827,876858.0
2026-02-10 11:00:00,0.1827,0.1832,0.1814,0.1818,517480.88
2026-02-10 12:00:00,0.1818,0.1826,0.1807,0.1809,314858.2
2026-02-10 13:00:00,0.1808,0.1825,0.1803,0.1824,664074.9
2026-02-10 14:00:00,0.1823,0.1848,0.1816,0.183,1371800.81
2026-02-10 15:00:00,0.1829,0.1857,0.1821,0.1844,1382761.26
2026-02-10 16:00:00,0.1844,0.1855,0.1829,0.1836,828863.1
2026-02-10 17:00:00,0.1836,0.1848,0.1827,0.184,542705.74
2026-02-10 18:00:00,0.1841,0.1845,0.1804,0.1813,808146.36
2026-02-10 19:00:00,0.1813,0.1828,0.1806,0.182,731504.97
2026-02-10 20:00:00,0.182,0.1828,0.1813,0.1821,564134.12
2026-02-10 21:00:00,0.1821,0.1828,0.1811,0.1819,440131.36
2026-02-10 22:00:00,0.1819,0.1835,0.1817,0.1822,150095.31
2026-02-10 23:00:00,0.1822,0.1834,0.1821,0.1829,113812.82
2026-02-11 00:00:00,0.183,0.184,0.1829,0.1838,303082.28
2026-02-11 01:00:00,0.1837,0.1846,0.1835,0.1842,368090.76
2026-02-11 02:00:00,0.1842,0.1856,0.1842,0.1843,326667.72
2026-02-11 03:00:00,0.1843,0.1851,0.1821,0.1832,619766.88
2026-02-11 04:00:00,0.1832,0.1836,0.1799,0.1806,945246.14
2026-02-11 05:00:00,0.1806,0.1814,0.1788,0.1792,366113.63
2026-02-11 06:00:00,0.1792,0.1795,0.1763,0.1767,1430393.94
2026-02-11 07:00:00,0.1767,0.1785,0.1761,0.1772,4917294.36
2026-02-11 08:00:00,0.1772,0.1773,0.1759,0.1767,3919462.38
2026-02-11 09:00:00,0.1767,0.177,0.1756,0.176,619473.89
2026-02-11 10:00:00,0.176,0.1761,0.1747,0.1754,753778.59
2026-02-11 11:00:00,0.1753,0.1773,0.1753,0.1768,522913.07
2026-02-11 12:00:00,0.1769,0.1778,0.1763,0.177,279185.69
2026-02-11 13:00:00,0.177,0.1799,0.1763,0.1799,1515738.71
2026-02-11 14:00:00,0.1799,0.1867,0.1756,0.1758,4384041.44
2026-02-11 15:00:00,0.1758,0.1768,0.1731,0.1753,2400178.4
2026-02-11 16:00:00,0.1754,0.1787,0.1742,0.1744,1574176.78
2026-02-11 17:00:00,0.1743,0.178,0.1737,0.1763,890270.88
2026-02-11 18:00:00,0.1764,0.1792,0.1749,0.1783,884111.08
2026-02-11 19:00:00,0.1784,0.1793,0.1767,0.1772,793800.72
2026-02-11 20:00:00,0.1771,0.1793,0.176,0.1789,557642.94
2026-02-11 21:00:00,0.1789,0.1818,0.1787,0.1807,1300940.34
2026-02-11 22:00:00,0.1807,0.1812,0.1785,0.1788,614862.97
2026-02-11 23:00:00,0.1787,0.1794,0.1767,0.1778,593287.18
2026-02-12 00:00:00,0.1779,0.1803,0.1779,0.1793,774363.18
2026-02-12 01:00:00,0.1793,0.1808,0.1793,0.1797,781602.79
2026-02-12 02:00:00,0.1797,0.1813,0.1791,0.1801,792280.51
2026-02-12 03:00:00,0.1801,0.1812,0.1799,0.181,254314.15
2026-02-12 04:00:00,0.1809,0.182,0.1801,0.1811,579853.81
2026-02-12 05:00:00,0.1811,0.1827,0.18,0.1824,634821.07
2026-02-12 06:00:00,0.1825,0.1843,0.1822,0.1833,314537.3
2026-02-12 07:00:00,0.1833,0.1845,0.1824,0.1844,368778.62
2026-02-12 08:00:00,0.1845,0.1847,0.1822,0.1831,496101.4
2026-02-12 09:00:00,0.183,0.1844,0.1825,0.1838,511641.22
2026-02-12 10:00:00,0.1838,0.1847,0.1828,0.1846,382557.03
2026-02-12 11:00:00,0.1846,0.1861,0.1836,0.1845,734484.64
2026-02-12 12:00:00,0.1845,0.1847,0.1817,0.182,696322.02
2026-02-12 13:00:00,0.182,0.1821,0.1795,0.1819,1471136.0
2026-02-12 14:00:00,0.182,0.1821,0.1798,0.1811,929561.5
2026-02-12 15:00:00,0.1811,0.1832,0.1791,0.1793,1234366.66
2026-02-12 16:00:00,0.1793,0.1801,0.1756,0.1769,2383397.22
2026-02-12 17:00:00,0.1769,0.1794,0.1763,0.177,886181.23
2026-02-12 18:00:00,0.1771,0.1792,0.1768,0.1786,1157336.1
2026-02-12 19:00:00,0.1787,0.1835,0.1781,0.1805,1384967.52
2026-02-12 20:00:00,0.1805,0.181,0.1781,0.1787,436463.69
2026-02-12 21:00:00,0.1788,0.1803,0.1787,0.1798,227977.2
2026-02-12 22:00:00,0.1798,0.1824,0.1793,0.1823,354674.29
2026-02-12 23:00:00,0.1822,0.1836,0.1822,0.1828,717896.64
2026-02-13 00:00:00,0.1827,0.1838,0.1809,0.1816,362437.38
2026-02-13 01:00:00,0.1815,0.1821,0.1809,0.1812,572478.38
2026-02-13 02:00:00,0.1813,0.182,0.1809,0.1817,208483.55
2026-02-13 03:00:00,0.1817,0.1818,0.1804,0.1807,320879.43
2026-02-13 04:00:00,0.1807,0.1807,0.1794,0.1801,226650.72
2026-02-13 05:00:00,0.1802,0.1806,0.1792,0.1794,236260.62
2026-02-13 06:00:00,0.1795,0.1809,0.1785,0.1808,572069.71
2026-02-13 07:00:00,0.1808,0.1818,0.1804,0.1807,471522.28
2026-02-13 08:00:00,0.1807,0.1832,0.1805,0.1825,537184.03
2026-02-13 09:00:00,0.1825,0.1825,0.1816,0.1818,358303.17
2026-02-13 10:00:00,0.1818,0.183,0.1817,0.1823,188854.13
2026-02-13 11:00:00,0.1823,0.1823,0.1811,0.1819,645943.65
2026-02-13 12:00:00,0.1819,0.1819,0.1807,0.1814,250959.05
2026-02-13 13:00:00,0.1814,0.1843,0.1812,0.1826,1005163.24
2026-02-13 14:00:00,0.1825,0.1854,0.1817,0.1836,1168316.81
2026-02-13 15:00:00,0.1837,0.1897,0.1837,0.1861,1698858.26
2026-02-13 16:00:00,0.1862,0.1897,0.1857,0.1888,791693.49
2026-02-13 17:00:00,0.1889,0.1906,0.1877,0.1892,942034.79
2026-02-13 18:00:00,0.1891,0.1903,0.1884,0.1897,516200.96
2026-02-13 19:00:00,0.1896,0.1904,0.1891,0.1898,373937.67
2026-02-13 20:00:00,0.1898,0.1906,0.1894,0.1902,790557.16
2026-02-13 21:00:00,0.1903,0.1918,0.1902,0.1913,428737.24
2026-02-13 22:00:00,0.1913,0.1919,0.1895,0.1899,301842.79
2026-02-13 23:00:00,0.19,0.1903,0.1892,0.1893,282703.42
2026-02-14 00:00:00,0.1893,0.1913,0.1893,0.1907,693499.28
2026-02-14 01:00:00,0.1907,0.1909,0.1901,0.1905,247000.65
2026-02-14 02:00:00,0.1904,0.1911,0.1903,0.1909,180923.11
2026-02-14 03:00:00,0.1908,0.1924,0.1907,0.1918,369208.7
2026-02-14 04:00:00,0.1917,0.1918,0.1908,0.1914,139607.86
2026-02-14 05:00:00,0.1913,0.1921,0.1906,0.1906,254631.17
2026-02-14 06:00:00,0.1906,0.191,0.1898,0.1903,242705.98
2026-02-14 07:00:00,0.1904,0.1919,0.1904,0.191,208397.61
2026-02-14 08:00:00,0.1912,0.1937,0.1911,0.1935,904605.82
2026-02-14 09:00:00,0.1936,0.1937,0.1927,0.193,474617.25
2026-02-14 10:00:00,0.193,0.193,0.1918,0.1922,207467.04
2026-02-14 11:00:00,0.1921,0.1947,0.1921,0.1943,593118.55
2026-02-14 12:00:00,0.1942,0.1952,0.1932,0.1933,644900.01
2026-02-14 13:00:00,0.1934,0.1937,0.1923,0.1934,620327.18
2026-02-14 14:00:00,0.1934,0.1963,0.1932,0.1959,727768.82
2026-02-14 15:00:00,0.1958,0.1964,0.1944,0.1962,1223095.18
2026-02-14 16:00:00,0.1963,0.1983,0.1946,0.198,592161.3
2026-02-14 17:00:00,0.198,0.199,0.1962,0.1964,514949.87
2026-02-14 18:00:00,0.1963,0.1983,0.1963,0.1979,332587.38
2026-02-14 19:00:00,0.1978,0.2003,0.197,0.1999,364764.36
2026-02-14 20:00:00,0.2,0.2009,0.1976,0.1989,562512.69
2026-02-14 21:00:00,0.1989,0.2,0.1974,0.1983,874958.03
2026-02-14 22:00:00,0.1983,0.2004,0.1981,0.1988,511299.35
2026-02-14 23:00:00,0.1988,0.1993,0.1971,0.1972,303410.68
2026-02-15 00:00:00,0.1971,0.1977,0.1955,0.1962,454020.02
2026-02-15 01:00:00,0.1962,0.1974,0.1951,0.1964,776548.51
2026-02-15 02:00:00,0.1964,0.1972,0.1942,0.1954,683140.21
2026-02-15 03:00:00,0.1954,0.1959,0.1921,0.1958,1442099.98
2026-02-15 04:00:00,0.1957,0.1984,0.1955,0.1959,1532122.14
2026-02-15 05:00:00,0.1959,0.1977,0.1956,0.1971,336797.3
2026-02-15 06:00:00,0.197,0.1974,0.1959,0.1963,302361.56
2026-02-15 07:00:00,0.1963,0.1984,0.1963,0.1976,679160.34
2026-02-15 08:00:00,0.1976,0.1981,0.1929,0.1944,834606.07
2026-02-15 09:00:00,0.1943,0.1956,0.194,0.1951,359387.92
2026-02-15 10:00:00,0.1951,0.1951,0.1929,0.1944,611729.51
2026-02-15 11:00:00,0.1944,0.1947,0.1939,0.1943,184789.29
2026-02-15 12:00:00,0.1943,0.1945,0.1884,0.1884,1359757.81
2026-02-15 13:00:00,0.1884,0.1902,0.1865,0.1876,2491327.69
2026-02-15 14:00:00,0.1875,0.1896,0.1874,0.1895,468885.52
2026-02-15 15:00:00,0.1894,0.1899,0.1887,0.1894,423442.38
2026-02-15 16:00:00,0.1894,0.1901,0.1881,0.1897,655428.84
2026-02-15 17:00:00,0.1897,0.1901,0.1855,0.1871,1187433.57
2026-02-15 18:00:00,0.1871,0.1881,0.1858,0.1864,720982.31
2026-02-15 19:00:00,0.1863,0.1873,0.1849,0.1866,1018606.23
2026-02-15 20:00:00,0.1866,0.1884,0.1858,0.1878,406447.94
2026-02-15 21:00:00,0.1878,0.1889,0.1877,0.1879,215005.39
2026-02-15 22:00:00,0.1879,0.1889,0.1875,0.1887,285464.54
2026-02-15 23:00:00,0.1887,0.1895,0.1868,0.1893,253837.3
2026-02-16 00:00:00,0.1895,0.1906,0.1888,0.1891,541017.22
2026-02-16 01:00:00,0.1892,0.19,0.188,0.1887,401839.49
2026-02-16 02:00:00,0.1887,0.189,0.1874,0.1876,227326.22
2026-02-16 03:00:00,0.1876,0.1887,0.1876,0.1884,213185.07
2026-02-16 04:00:00,0.1884,0.19,0.1882,0.1899,188474.5
2026-02-16 05:00:00,0.1899,0.1904,0.1865,0.1872,680456.86
2026-02-16 06:00:00,0.1871,0.189,0.1871,0.1885,214044.03
2026-02-16 07:00:00,0.1884,0.1887,0.1872,0.1879,374634.71
2026-02-16 08:00:00,0.1878,0.189,0.1877,0.1885,163031.63
2026-02-16 09:00:00,0.1885,0.19,0.1885,0.1896,239010.22
2026-02-16 10:00:00,0.1895,0.1897,0.1883,0.1884,190116.98
2026-02-16 11:00:00,0.1885,0.1887,0.1856,0.1882,348344.54
2026-02-16 12:00:00,0.1882,0.1915,0.1875,0.1912,758964.09
2026-02-16 13:00:00,0.1913,0.1923,0.1875,0.188,1582898.63
2026-02-16 14:00:00,0.1879,0.1898,0.1865,0.1888,1381341.35
2026-02-16 15:00:00,0.1888,0.1899,0.1843,0.1854,1411168.72
2026-02-16 16:00:00,0.1854,0.1873,0.1849,0.1865,949607.81
2026-02-16 17:00:00,0.1865,0.1875,0.1854,0.1867,408942.79
2026-02-16 18:00:00,0.1867,0.1881,0.1867,0.1868,349687.04
2026-02-16 19:00:00,0.1869,0.1883,0.1863,0.1879,260310.06
2026-02-16 20:00:00,0.1879,0.1897,0.1873,0.1894,329538.97
2026-02-16 21:00:00,0.1894,0.1914,0.1887,0.1911,457390.15
2026-02-16 22:00:00,0.1911,0.1916,0.1899,0.1903,451451.24
2026-02-16 23:00:00,0.1902,0.1908,0.1898,0.1903,128559.98
2026-02-17 00:00:00,0.1904,0.1906,0.1891,0.1892,178039.05
2026-02-17 01:00:00,0.1893,0.1899,0.1884,0.1885,279664.15
2026-02-17 02:00:00,0.1886,0.1904,0.1874,0.1901,244512.42
2026-02-17 03:00:00,0.1901,0.1901,0.1888,0.189,158672.22
2026-02-17 04:00:00,0.189,0.19,0.1884,0.189,263868.23
2026-02-17 05:00:00,0.189,0.189,0.1866,0.1878,286703.11
2026-02-17 06:00:00,0.1879,0.1889,0.1879,0.1886,172313.74
2026-02-17 07:00:00,0.1885,0.1893,0.1882,0.1885,107707.7
2026-02-17 08:00:00,0.1885,0.1895,0.1874,0.1875,422044.88
2026-02-17 09:00:00,0.1875,0.188,0.1868,0.1876,549829.28
2026-02-17 10:00:00,0.1876,0.1881,0.1857,0.1864,14894517.66
2026-02-17 11:00:00,0.1864,0.1882,0.1864,0.1875,530896.36
2026-02-17 12:00:00,0.1874,0.1889,0.1872,0.1873,413811.91
2026-02-17 13:00:00,0.1874,0.1894,0.1868,0.1885,655201.31
2026-02-17 14:00:00,0.1885,0.1893,0.1843,0.1848,1266131.29
2026-02-17 15:00:00,0.1848,0.1868,0.1839,0.1868,567814.62
2026-02-17 16:00:00,0.1868,0.1901,0.1866,0.1872,802088.35
2026-02-17 17:00:00,0.1872,0.1876,0.1845,0.1858,656249.96
2026-02-17 18:00:00,0.1858,0.1902,0.1854,0.1889,1096338.96
2026-02-17 19:00:00,0.1889,0.1891,0.1872,0.1875,294772.83
2026-02-17 20:00:00,0.1874,0.1877,0.186,0.1867,354293.76
2026-02-17 21:00:00,0.1868,0.1876,0.1864,0.1872,104493.06
2026-02-17 22:00:00,0.1872,0.1874,0.1863,0.1868,333864.96
2026-02-17 23:00:00,0.1868,0.1872,0.1864,0.1869,391288.6
2026-02-18 00:00:00,0.187,0.1873,0.1862,0.1863,195908.12
2026-02-18 01:00:00,0.1863,0.1866,0.1854,0.1863,339554.59
2026-02-18 02:00:00,0.1863,0.1876,0.1863,0.1871,246189.75
2026-02-18 03:00:00,0.1871,0.1883,0.187,0.188,136263.96
2026-02-18 04:00:00,0.1879,0.1881,0.1873,0.1876,102411.79
2026-02-18 05:00:00,0.1876,0.1883,0.1873,0.1879,218686.85
2026-02-18 06:00:00,0.188,0.1885,0.1877,0.1878,152549.76
2026-02-18 07:00:00,0.1879,0.1896,0.1878,0.1889,316509.47
2026-02-18 08:00:00,0.189,0.1896,0.1882,0.1882,381180.22
2026-02-18 09:00:00,0.1883,0.1888,0.188,0.1885,190450.96
2026-02-18 10:00:00,0.1886,0.189,0.1874,0.1875,294248.03
2026-02-18 11:00:00,0.1875,0.1876,0.1854,0.1866,863665.2
2026-02-18 12:00:00,0.1865,0.187,0.1852,0.1858,577466.79
2026-02-18 13:00:00,0.1859,0.1861,0.1835,0.1843,445436.09
2026-02-18 14:00:00,0.1843,0.1852,0.183,0.1849,1044168.67
2026-02-18 15:00:00,0.1848,0.189,0.1847,0.1867,1014229.76
2026-02-18 16:00:00,0.1866,0.1868,0.1838,0.1843,544968.7
2026-02-18 17:00:00,0.1843,0.1861,0.1724,0.1787,21163482.28
2026-02-18 18:00:00,0.1786,0.179,0.1744,0.175,2731378.57
2026-02-18 19:00:00,0.1749,0.176,0.1719,0.1731,2988649.56
2026-02-18 20:00:00,0.1731,0.1744,0.171,0.1716,2695371.64
2026-02-18 21:00:00,0.1716,0.1716,0.167,0.1673,3315329.34
2026-02-18 22:00:00,0.1673,0.1684,0.1653,0.1672,3028246.24
2026-02-18 23:00:00,0.1672,0.1677,0.1649,0.1655,2311571.27
2026-02-19 00:00:00,0.1655,0.1665,0.1628,0.1639,4163134.36
2026-02-19 01:00:00,0.1638,0.1653,0.1627,0.1646,3331102.77
2026-02-19 02:00:00,0.1646,0.1651,0.1596,0.1597,3665864.03
2026-02-19 03:00:00,0.1597,0.1609,0.1584,0.1602,5160730.04
2026-02-19 04:00:00,0.1602,0.1602,0.1546,0.155,7764068.25
2026-02-19 05:00:00,0.155,0.1563,0.1516,0.1533,8543316.85
2026-02-19 06:00:00,0.1532,0.1534,0.1494,0.1507,11055688.73
2026-02-19 07:00:00,0.1508,0.151,0.1462,0.1466,12715913.26
2026-02-19 08:00:00,0.1465,0.1467,0.1403,0.142,21763424.9
2026-02-19 09:00:00,0.142,0.147,0.1404,0.144,13151756.05
2026-02-19 10:00:00,0.144,0.1452,0.1418,0.1422,9805733.43
2026-02-19 11:00:00,0.1421,0.1438,0.1408,0.1419,10273130.11
2026-02-19 12:00:00,0.1419,0.1447,0.1414,0.1428,8446918.68
2026-02-19 13:00:00,0.1428,0.1429,0.1378,0.1401,14771554.13
2026-02-19 14:00:00,0.14,0.1414,0.1365,0.1384,15756599.99
2026-02-19 15:00:00,0.1384,0.1411,0.1379,0.1396,7310470.18
2026-02-19 16:00:00,0.1396,0.1407,0.1376,0.1382,6773241.44
2026-02-19 17:00:00,0.1381,0.1392,0.1342,0.1364,14466650.73
2026-02-19 18:00:00,0.1363,0.1393,0.1359,0.1379,5262435.76
2026-02-19 19:00:00,0.1379,0.139,0.1371,0.1387,3449397.67
2026-02-19 20:00:00,0.1387,0.1404,0.1376,0.1379,4582957.39
2026-02-19 21:00:00,0.138,0.1399,0.1379,0.1383,3937997.32
2026-02-19 22:00:00,0.1383,0.139,0.1368,0.1384,3342741.55
2026-02-19 23:00:00,0.1386,0.1398,0.1383,0.1397,2409957.07
2026-02-20 00:00:00,0.1396,0.1399,0.1357,0.137,7648099.55
2026-02-20 01:00:00,0.137,0.1384,0.1364,0.1378,4103800.72
2026-02-20 02:00:00,0.1379,0.1402,0.1283,0.1311,21304753.75
2026-02-20 03:00:00,0.1312,0.1322,0.1278,0.1295,13498383.88
2026-02-20 04:00:00,0.1295,0.1313,0.1278,0.1298,6676276.23
2026-02-20 05:00:00,0.1299,0.1327,0.1287,0.1319,6274155.92
2026-02-20 06:00:00,0.132,0.1334,0.1311,0.1333,4924943.71
2026-02-20 07:00:00,0.1334,0.134,0.1297,0.1301,5045201.56
2026-02-20 08:00:00,0.1301,0.1303,0.1286,0.1291,8085561.34
2026-02-20 09:00:00,0.1292,0.1313,0.1281,0.1309,6083034.66
2026-02-20 10:00:00,0.1309,0.1323,0.1288,0.1295,5255669.08
2026-02-20 11:00:00,0.1295,0.1304,0.1262,0.1278,9538723.36
2026-02-20 12:00:00,0.1278,0.1278,0.1252,0.127,10139497.79
2026-02-20 13:00:00,0.127,0.1273,0.1246,0.1271,8515175.53
2026-02-20 14:00:00,0.1272,0.1292,0.1269,0.1284,5646425.84
2026-02-20 15:00:00,0.1286,0.1345,0.1285,0.133,19982615.02
2026-02-20 16:00:00,0.133,0.1338,0.1297,0.1306,18764599.69
2026-02-20 17:00:00,0.1306,0.1307,0.127,0.1297,12748909.29
2026-02-20 18:00:00,0.1297,0.1299,0.1277,0.1281,10775108.07
2026-02-20 19:00:00,0.1281,0.1288,0.1271,0.1286,8177485.11
2026-02-20 20:00:00,0.1285,0.129,0.1267,0.1277,8146674.81
2026-02-20 21:00:00,0.1278,0.1281,0.1272,0.1274,2475652.66
2026-02-20 22:00:00,0.1275,0.1279,0.1269,0.1275,4095137.39
2026-02-20 23:00:00,0.1274,0.1289,0.127,0.1286,5555357.44
2026-02-21 00:00:00,0.1286,0.129,0.1272,0.1278,4408432.09
2026-02-21 01:00:00,0.1278,0.1304,0.1276,0.1296,6842609.47
2026-02-21 02:00:00,0.1296,0.133,0.1292,0.1312,11033288.58
2026-02-21 03:00:00,0.1313,0.1318,0.1297,0.1313,7400746.78
2026-02-21 04:00:00,0.1313,0.1323,0.1305,0.1313,6676462.96
2026-02-21 05:00:00,0.1312,0.1336,0.1312,0.1315,6591268.12
2026-02-21 06:00:00,0.1315,0.1324,0.1298,0.1304,5198070.43
2026-02-21 07:00:00,0.1304,0.1321,0.1299,0.1316,3923085.38
2026-02-21 08:00:00,0.1316,0.133,0.1313,0.1328,3488269.58
2026-02-21 09:00:00,0.1327,0.1354,0.1327,0.133,11281022.44
2026-02-21 10:00:00,0.1331,0.1357,0.1328,0.1331,9176827.23
2026-02-21 11:00:00,0.1331,0.1334,0.131,0.1315,5330316.3
2026-02-21 12:00:00,0.1316,0.1322,0.1302,0.1307,5488326.5
2026-02-21 13:00:00,0.1307,0.131,0.1298,0.1309,3074959.74
2026-02-21 14:00:00,0.1309,0.1314,0.1285,0.1295,5611759.88
2026-02-21 15:00:00,0.1295,0.1302,0.1289,0.13,5316341.33
2026-02-21 16:00:00,0.13,0.1302,0.1279,0.1281,3639329.18
2026-02-21 17:00:00,0.1282,0.1288,0.1268,0.1283,3743827.73
2026-02-21 18:00:00,0.1283,0.1295,0.1283,0.1294,2255392.29
2026-02-21 19:00:00,0.1295,0.1297,0.1282,0.1286,2244360.11
2026-02-21 20:00:00,0.1285,0.1286,0.1275,0.1278,2066150.82
2026-02-21 21:00:00,0.1278,0.1295,0.1276,0.1292,1658226.74
2026-02-21 22:00:00,0.1292,0.1297,0.1277,0.1286,1628792.2
2026-02-21 23:00:00,0.1285,0.1294,0.1282,0.1286,2185677.5
2026-02-22 00:00:00,0.1285,0.1285,0.1238,0.1262,10772387.04
2026-02-22 01:00:00,0.1261,0.1267,0.1256,0.1262,2973188.23
2026-02-22 02:00:00,0.1263,0.1268,0.1248,0.1255,2905287.05
2026-02-22 03:00:00,0.1255,0.1259,0.1249,0.125,1748343.35
2026-02-22 04:00:00,0.125,0.1258,0.1248,0.1251,1340577.23
2026-02-22 05:00:00,0.1251,0.1256,0.1244,0.1256,3040282.79
2026-02-22 06:00:00,0.1256,0.1261,0.1252,0.1256,1966250.87
2026-02-22 07:00:00,0.1257,0.1265,0.1248,0.125,2351275.07
2026-02-22 08:00:00,0.1249,0.1257,0.1235,0.1245,2848407.73
2026-02-22 09:00:00,0.1246,0.1257,0.1245,0.1251,1714078.34
2026-02-22 10:00:00,0.1251,0.1255,0.1247,0.1249,1036375.07
2026-02-22 11:00:00,0.1249,0.1254,0.1238,0.1241,3416874.19
2026-02-22 12:00:00,0.1241,0.1243,0.1215,0.1217,6130896.78
2026-02-22 13:00:00,0.1217,0.1226,0.121,0.1222,4834402.44
2026-02-22 14:00:00,0.1222,0.1234,0.1218,0.122,3082321.34
2026-02-22 15:00:00,0.1219,0.1238,0.1215,0.1236,2877135.88
2026-02-22 16:00:00,0.1236,0.1252,0.1229,0.1251,3200204.73
2026-02-22 17:00:00,0.125,0.1255,0.1231,0.1249,3868786.88
2026-02-22 18:00:00,0.125,0.125,0.1233,0.1237,1354535.22
2026-02-22 19:00:00,0.1237,0.124,0.1224,0.123,1490518.22
2026-02-22 20:00:00,0.123,0.123,0.1213,0.1217,2806558.88
2026-02-22 21:00:00,0.1218,0.1225,0.1205,0.1218,2891564.72
2026-02-22 22:00:00,0.1219,0.1225,0.1215,0.122,740482.84
2026-02-22 23:00:00,0.122,0.1228,0.1219,0.1223,1326980.9
2026-02-23 00:00:00,0.1223,0.1231,0.1207,0.1208,2760493.13
2026-02-23 01:00:00,0.1208,0.1209,0.1145,0.1152,25668211.07
2026-02-23 02:00:00,0.1153,0.1165,0.1152,0.1156,5174585.45
2026-02-23 03:00:00,0.1157,0.1163,0.1149,0.1156,3196363.76
2026-02-23 04:00:00,0.1156,0.1168,0.1149,0.1166,3299038.11
2026-02-23 05:00:00,0.1166,0.1179,0.1163,0.1176,4550226.91
2026-02-23 06:00:00,0.1176,0.122,0.1176,0.1218,6238500.96
2026-02-23 07:00:00,0.1218,0.1219,0.1207,0.1211,2367745.92
2026-02-23 08:00:00,0.1211,0.1238,0.1208,0.1228,9447280.56
2026-02-23 09:00:00,0.1228,0.1264,0.1225,0.1257,7681516.71
2026-02-23 10:00:00,0.1257,0.126,0.1236,0.1241,4277609.97
2026-02-23 11:00:00,0.1241,0.1246,0.1236,0.1246,2833565.02
2026-02-23 12:00:00,0.1246,0.126,0.124,0.1251,3573110.91
2026-02-23 13:00:00,0.1251,0.1253,0.1227,0.1229,2409220.17
2026-02-23 14:00:00,0.1229,0.1235,0.1219,0.1229,2093892.77
2026-02-23 15:00:00,0.1229,0.123,0.121,0.1212,1654772.27
2026-02-23 16:00:00,0.1212,0.1225,0.1207,0.1211,2725169.03
2026-02-23 17:00:00,0.1212,0.1212,0.1182,0.1195,3264074.44
2026-02-23 18:00:00,0.1195,0.1198,0.1175,0.1177,1973600.67
2026-02-23 19:00:00,0.1177,0.1181,0.1169,0.1171,1793044.73
2026-02-23 20:00:00,0.117,0.1185,0.1166,0.1184,1789704.12
2026-02-23 21:00:00,0.1184,0.1206,0.1184,0.1204,2676251.94
2026-02-23 22:00:00,0.1204,0.1217,0.1203,0.121,2208323.4
2026-02-23 23:00:00,0.121,0.122,0.121,0.122,1034602.79
2026-02-24 00:00:00,0.122,0.1226,0.1204,0.122,3757922.94
2026-02-24 01:00:00,0.122,0.122,0.1187,0.1204,3906973.64
2026-02-24 02:00:00,0.1203,0.1205,0.119,0.119,1672722.18
2026-02-24 03:00:00,0.119,0.1191,0.1181,0.1185,2057128.14
2026-02-24 04:00:00,0.1185,0.1188,0.1172,0.1177,1667854.89
2026-02-24 05:00:00,0.1177,0.1184,0.1163,0.1171,1793536.5
2026-02-24 06:00:00,0.117,0.1172,0.1155,0.1159,1063402.4
2026-02-24 07:00:00,0.1159,0.1173,0.1159,0.1168,1289394.28
2026-02-24 08:00:00,0.1168,0.1168,0.1151,0.1162,3031756.17
2026-02-24 09:00:00,0.1162,0.1167,0.1154,0.1163,1826954.11
2026-02-24 10:00:00,0.1162,0.1174,0.116,0.1169,1482206.9
2026-02-24 11:00:00,0.1169,0.1176,0.1168,0.1176,705426.35
2026-02-24 12:00:00,0.1175,0.1177,0.1166,0.117,1199696.57
2026-02-24 13:00:00,0.117,0.1171,0.1148,0.1157,2820111.31
2026-02-24 14:00:00,0.1157,0.1173,0.1143,0.1166,5318852.48
2026-02-24 15:00:00,0.1166,0.1183,0.1159,0.118,6517513.36
2026-02-24 16:00:00,0.1179,0.1187,0.1166,0.1187,3613742.01
2026-02-24 17:00:00,0.1187,0.119,0.1176,0.1176,2716351.08
2026-02-24 18:00:00,0.1176,0.1179,0.1161,0.1169,1800683.07
2026-02-24 19:00:00,0.1168,0.1181,0.1166,0.1171,2779512.85
2026-02-24 20:00:00,0.1171,0.1181,0.1167,0.1175,2352581.0
2026-02-24 21:00:00,0.1175,0.1178,0.1164,0.1175,1952343.39
2026-02-24 22:00:00,0.1175,0.1188,0.1175,0.1179,1651800.78
2026-02-24 23:00:00,0.118,0.119,0.1177,0.1178,1091688.29
2026-02-25 00:00:00,0.1177,0.1185,0.1174,0.1178,2024152.19
2026-02-25 01:00:00,0.1178,0.123,0.1177,0.1208,5685874.21
2026-02-25 02:00:00,0.1208,0.122,0.1196,0.1199,3618321.97
2026-02-25 03:00:00,0.1199,0.12,0.1178,0.1179,2630877.92
2026-02-25 04:00:00,0.1179,0.1181,0.1168,0.1176,3076594.27
2026-02-25 05:00:00,0.1177,0.1183,0.1165,0.1177,1343103.31
2026-02-25 06:00:00,0.1177,0.1199,0.1177,0.1188,3605781.33
2026-02-25 07:00:00,0.1188,0.1189,0.1174,0.1183,4802007.12
2026-02-25 08:00:00,0.1183,0.1184,0.1167,0.1179,4729596.96
2026-02-25 09:00:00,0.1179,0.1188,0.1175,0.1181,2551956.61
2026-02-25 10:00:00,0.1181,0.1191,0.118,0.1189,1901334.98
2026-02-25 11:00:00,0.1188,0.1197,0.1179,0.1193,2365556.25
2026-02-25 12:00:00,0.1193,0.1206,0.1189,0.1203,3200247.99
2026-02-25 13:00:00,0.1203,0.1213,0.1193,0.1202,3175218.3
2026-02-25 14:00:00,0.1203,0.1229,0.1203,0.1223,3075418.24
2026-02-25 15:00:00,0.1224,0.1248,0.1218,0.1233,6825929.42
2026-02-25 16:00:00,0.1234,0.1263,0.1234,0.1258,5476792.8
2026-02-25 17:00:00,0.1258,0.127,0.1256,0.1264,4311229.26
2026-02-25 18:00:00,0.1265,0.1276,0.1248,0.1271,4139010.98
2026-02-25 19:00:00,0.1271,0.1296,0.1256,0.1287,5997478.04
2026-02-25 20:00:00,0.1288,0.1307,0.1276,0.1299,7112343.71
2026-02-25 21:00:00,0.1299,0.1338,0.1296,0.131,25706696.74
2026-02-25 22:00:00,0.131,0.1317,0.1265,0.1275,12182575.28
2026-02-25 23:00:00,0.1275,0.1284,0.1229,0.1241,7892787.33
2026-02-26 00:00:00,0.1241,0.1248,0.1224,0.1245,3703436.06
2026-02-26 01:00:00,0.1245,0.1259,0.1242,0.1243,2599269.34
2026-02-26 02:00:00,0.1243,0.1256,0.1229,0.1253,2582948.07
2026-02-26 03:00:00,0.1252,0.1264,0.1241,0.126,1932499.46
2026-02-26 04:00:00,0.1259,0.1268,0.125,0.1256,2824083.75
2026-02-26 05:00:00,0.1255,0.1255,0.1231,0.1241,1518108.75
2026-02-26 06:00:00,0.1241,0.1251,0.1227,0.1233,2708981.62
2026-02-26 07:00:00,0.1232,0.124,0.1226,0.124,1041492.58
2026-02-26 08:00:00,0.1239,0.1242,0.1231,0.1232,1653534.05
2026-02-26 09:00:00,0.1232,0.1252,0.1231,0.1239,2345270.29
2026-02-26 10:00:00,0.1239,0.1242,0.1214,0.1217,2235572.39
2026-02-26 11:00:00,0.1217,0.1223,0.1211,0.1215,1913487.16
2026-02-26 12:00:00,0.1214,0.1231,0.1212,0.1228,1066666.53
2026-02-26 13:00:00,0.1228,0.1236,0.1221,0.1222,1318761.46
2026-02-26 14:00:00,0.1223,0.1233,0.1215,0.1229,1987957.76
2026-02-26 15:00:00,0.1229,0.1229,0.1207,0.1219,4680700.78
2026-02-26 16:00:00,0.1219,0.122,0.1172,0.1175,6678925.93
2026-02-26 17:00:00,0.1174,0.1187,0.1161,0.1164,3351413.46
2026-02-26 18:00:00,0.1163,0.1178,0.1151,0.1177,5571642.92
2026-02-26 19:00:00,0.1176,0.1199,0.1176,0.1195,4172066.22
2026-02-26 20:00:00,0.1194,0.1202,0.1187,0.1189,1254409.57
2026-02-26 21:00:00,0.1189,0.1193,0.1181,0.1188,1273331.22
2026-02-26 22:00:00,0.1188,0.1195,0.1187,0.1191,772332.35
2026-02-26 23:00:00,0.1192,0.1199,0.1191,0.1194,1164284.29
2026-02-27 00:00:00,0.1195,0.1196,0.1183,0.1192,1072615.57
2026-02-27 01:00:00,0.1192,0.1196,0.1187,0.1195,1065608.72
2026-02-27 02:00:00,0.1195,0.1209,0.1194,0.1204,1903899.34
2026-02-27 03:00:00,0.1204,0.1205,0.1192,0.1199,993610.76
2026-02-27 04:00:00,0.12,0.1231,0.12,0.1222,2940751.43
2026-02-27 05:00:00,0.1222,0.1229,0.1216,0.1221,1843929.13
2026-02-27 06:00:00,0.1221,0.124,0.1218,0.1236,2728626.68
2026-02-27 07:00:00,0.1235,0.1252,0.1225,0.1246,2875950.59
2026-02-27 08:00:00,0.1247,0.127,0.1247,0.1267,3613886.0
2026-02-27 09:00:00,0.1268,0.1285,0.1264,0.127,6422526.93
2026-02-27 10:00:00,0.127,0.1278,0.1239,0.1241,5670963.55
2026-02-27 11:00:00,0.1241,0.1245,0.1217,0.1229,3256338.67
2026-02-27 12:00:00,0.1228,0.1235,0.122,0.1227,1435762.55
2026-02-27 13:00:00,0.1227,0.1235,0.1207,0.1226,3892289.26
2026-02-27 14:00:00,0.1226,0.1232,0.121,0.1215,1886978.45
2026-02-27 15:00:00,0.1215,0.1229,0.121,0.1215,2797880.61
2026-02-27 16:00:00,0.1215,0.1217,0.1195,0.12,2198930.55
2026-02-27 17:00:00,0.1199,0.1219,0.1192,0.1218,939215.17
2026-02-27 18:00:00,0.1218,0.1222,0.1205,0.1207,1379333.55
2026-02-27 19:00:00,0.1206,0.1207,0.1182,0.1191,1293926.38
2026-02-27 20:00:00,0.1191,0.1198,0.1189,0.1191,630055.13
2026-02-27 21:00:00,0.1191,0.1195,0.1177,0.1182,1075525.16
2026-02-27 22:00:00,0.1183,0.1185,0.1158,0.1183,2049672.82
2026-02-27 23:00:00,0.1184,0.1199,0.1184,0.1198,709501.32
2026-02-28 00:00:00,0.1198,0.1203,0.1191,0.1203,1084809.52
2026-02-28 01:00:00,0.1203,0.1203,0.1193,0.1197,409347.96
2026-02-28 02:00:00,0.1197,0.1207,0.1194,0.1201,1012417.77
2026-02-28 03:00:00,0.12,0.1204,0.1181,0.1183,1333947.11
2026-02-28 04:00:00,0.1183,0.1188,0.1176,0.1185,709215.48
2026-02-28 05:00:00,0.1186,0.1188,0.1174,0.1178,1564461.95
2026-02-28 06:00:00,0.1177,0.1178,0.1104,0.1107,13397204.14
2026-02-28 07:00:00,0.1106,0.1141,0.11,0.1123,4281310.33
2026-02-28 08:00:00,0.1122,0.1122,0.1106,0.1107,1914510.92
2026-02-28 09:00:00,0.1107,0.1117,0.1097,0.1101,2267954.42
2026-02-28 10:00:00,0.1099,0.111,0.1092,0.1104,1989326.28
2026-02-28 11:00:00,0.1105,0.1112,0.1099,0.11,1239123.74
2026-02-28 12:00:00,0.1101,0.1112,0.1101,0.1106,2030613.56
2026-02-28 13:00:00,0.1106,0.1137,0.1097,0.1137,3028145.09
2026-02-28 14:00:00,0.1138,0.1149,0.1128,0.1133,3867515.2
2026-02-28 15:00:00,0.1133,0.1141,0.1119,0.1136,1959600.83
2026-02-28 16:00:00,0.1135,0.1135,0.1122,0.1133,1248115.11
2026-02-28 17:00:00,0.1133,0.1141,0.1123,0.1137,1896460.72
2026-02-28 18:00:00,0.1137,0.1174,0.1135,0.1165,1781329.96
2026-02-28 19:00:00,0.1165,0.1199,0.1155,0.1184,2312537.41
2026-02-28 20:00:00,0.1185,0.1211,0.1181,0.1209,2671453.63
2026-02-28 21:00:00,0.1209,0.1212,0.119,0.1201,1767659.81
2026-02-28 22:00:00,0.1201,0.1227,0.1201,0.1214,2379088.9
2026-02-28 23:00:00,0.1215,0.1227,0.1211,0.1227,1617966.29
2026-03-01 00:00:00,0.1226,0.1231,0.1207,0.121,1597287.03
2026-03-01 01:00:00,0.1209,0.1257,0.12,0.1242,3949132.39
2026-03-01 02:00:00,0.1242,0.1269,0.1242,0.1251,3772378.06
2026-03-01 03:00:00,0.125,0.1255,0.1236,0.1241,1741887.7
2026-03-01 04:00:00,0.1241,0.1248,0.1228,0.1237,1633124.71
2026-03-01 05:00:00,0.1238,0.1254,0.1237,0.1251,1047737.48
2026-03-01 06:00:00,0.1251,0.1252,0.1234,0.1238,1525587.96
2026-03-01 07:00:00,0.1238,0.1255,0.1231,0.1255,1848410.3
2026-03-01 08:00:00,0.1255,0.1263,0.1227,0.1229,2404963.02
2026-03-01 09:00:00,0.1229,0.124,0.1223,0.1225,1856127.6
2026-03-01 10:00:00,0.1225,0.1241,0.1221,0.1233,1138058.51
2026-03-01 11:00:00,0.1234,0.1235,0.1226,0.1232,648399.88
2026-03-01 12:00:00,0.1231,0.1237,0.1217,0.1218,1200390.0
2026-03-01 13:00:00,0.1218,0.1248,0.1208,0.124,3851291.92
2026-03-01 14:00:00,0.1241,0.1251,0.1223,0.1228,1986410.02
2026-03-01 15:00:00,0.1228,0.1239,0.1227,0.1229,2849111.91
2026-03-01 16:00:00,0.123,0.1243,0.1209,0.1217,1988620.42
2026-03-01 17:00:00,0.1217,0.1217,0.1199,0.1211,1962103.3
2026-03-01 18:00:00,0.1211,0.1234,0.121,0.1221,1605501.71
2026-03-01 19:00:00,0.1221,0.1222,0.1207,0.1208,1333823.48
2026-03-01 20:00:00,0.1208,0.121,0.1184,0.1189,3255693.6
2026-03-01 21:00:00,0.1189,0.1208,0.1189,0.1203,1693233.21
2026-03-01 22:00:00,0.1203,0.1232,0.1199,0.121,3592903.49
2026-03-01 23:00:00,0.1209,0.123,0.1208,0.1215,2795995.06
2026-03-02 00:00:00,0.1216,0.1237,0.1215,0.1234,2143414.11
2026-03-02 01:00:00,0.1234,0.1253,0.1228,0.1236,1911591.73
2026-03-02 02:00:00,0.1237,0.1242,0.1221,0.1224,1463416.69
2026-03-02 03:00:00,0.1223,0.1245,0.1217,0.1238,1923792.78
2026-03-02 04:00:00,0.1239,0.1244,0.1232,0.1234,1747497.72
2026-03-02 05:00:00,0.1235,0.1235,0.1222,0.1222,920607.55
2026-03-02 06:00:00,0.1223,0.1223,0.1204,0.1213,1392503.01
2026-03-02 07:00:00,0.1212,0.1213,0.1198,0.1204,913582.62
2026-03-02 08:00:00,0.1204,0.1211,0.1193,0.1208,1831754.17
2026-03-02 09:00:00,0.1208,0.1231,0.1207,0.1221,2125344.88
2026-03-02 10:00:00,0.122,0.1224,0.1215,0.1221,871281.78
2026-03-02 11:00:00,0.1221,0.1233,0.1221,0.1229,1568195.39
2026-03-02 12:00:00,0.1229,0.1231,0.1218,0.1223,1691152.84
2026-03-02 13:00:00,0.1223,0.1234,0.1217,0.122,1727525.93
2026-03-02 14:00:00,0.122,0.1272,0.1218,0.1272,3789076.99
2026-03-02 15:00:00,0.1272,0.13,0.1264,0.1286,7596347.25
2026-03-02 16:00:00,0.1287,0.1299,0.1269,0.1285,5140613.73
2026-03-02 17:00:00,0.1285,0.1285,0.1256,0.1273,2110471.94
2026-03-02 18:00:00,0.1273,0.1275,0.1263,0.1268,1903844.85
2026-03-02 19:00:00,0.1267,0.1274,0.1251,0.127,2298796.32
2026-03-02 20:00:00,0.1269,0.1277,0.1254,0.1263,1427818.21
2026-03-02 21:00:00,0.1263,0.1266,0.1254,0.1262,755812.18
2026-03-02 22:00:00,0.1262,0.1275,0.1262,0.1267,870335.86
2026-03-02 23:00:00,0.1267,0.1268,0.1238,0.1245,1680655.75
2026-03-03 00:00:00,0.1245,0.1252,0.1236,0.1251,1088358.43
2026-03-03 01:00:00,0.1251,0.1262,0.1246,0.1254,1222153.69
2026-03-03 02:00:00,0.1254,0.1259,0.1243,0.1254,1770287.85
2026-03-03 03:00:00,0.1254,0.1271,0.1249,0.1269,1218518.15
2026-03-03 04:00:00,0.127,0.1273,0.1258,0.1264,1042505.37
2026-03-03 05:00:00,0.1263,0.1283,0.1254,0.1259,2354810.09
2026-03-03 06:00:00,0.1258,0.1261,0.125,0.1255,1305692.51
2026-03-03 07:00:00,0.1254,0.1261,0.1249,0.1254,1251284.91
2026-03-03 08:00:00,0.1253,0.1259,0.1233,0.1236,1881549.31
2026-03-03 09:00:00,0.1236,0.1251,0.1224,0.1225,2360834.7
2026-03-03 10:00:00,0.1225,0.1227,0.1217,0.1223,2341306.73
2026-03-03 11:00:00,0.1223,0.1228,0.1218,0.1225,1002050.26
2026-03-03 12:00:00,0.1225,0.1252,0.1224,0.124,2536259.63
2026-03-03 13:00:00,0.1241,0.1242,0.1227,0.1232,1640979.47
2026-03-03 14:00:00,0.1231,0.125,0.1222,0.1234,2162602.76
2026-03-03 15:00:00,0.1234,0.125,0.122,0.1247,2335443.28
2026-03-03 16:00:00,0.1247,0.1279,0.1237,0.1259,3189371.14
2026-03-03 17:00:00,0.1259,0.1272,0.1243,0.127,1711320.71
2026-03-03 18:00:00,0.127,0.1289,0.1263,0.1272,2300636.73
2026-03-03 19:00:00,0.1272,0.1275,0.126,0.1269,1102113.52
2026-03-03 20:00:00,0.1269,0.1269,0.1255,0.1259,700205.43
2026-03-03 21:00:00,0.1259,0.126,0.1248,0.1256,783753.85
2026-03-03 22:00:00,0.1256,0.1271,0.1255,0.1263,616271.22
2026-03-03 23:00:00,0.1264,0.1272,0.1259,0.1265,1329429.59
2026-03-04 00:00:00,0.1266,0.1273,0.1253,0.1264,883427.81
2026-03-04 01:00:00,0.1264,0.1286,0.1264,0.1272,1821161.98
2026-03-04 02:00:00,0.1273,0.128,0.1267,0.1278,727944.03
2026-03-04 03:00:00,0.1277,0.1283,0.1257,0.1269,2047233.16
2026-03-04 04:00:00,0.127,0.1274,0.1258,0.127,1410009.13
2026-03-04 05:00:00,0.127,0.1288,0.1267,0.1275,2830732.82
2026-03-04 06:00:00,0.1276,0.1281,0.126,0.1275,2564948.13
2026-03-04 07:00:00,0.1275,0.128,0.1264,0.1277,2447077.32
2026-03-04 08:00:00,0.1277,0.1304,0.1268,0.1301,4521116.64
2026-03-04 09:00:00,0.1302,0.1314,0.1288,0.1305,6154969.23
2026-03-04 10:00:00,0.1305,0.1311,0.1287,0.1298,3040144.02
2026-03-04 11:00:00,0.1299,0.1303,0.1279,0.1289,1889805.54
2026-03-04 12:00:00,0.1288,0.1292,0.1275,0.1288,1941004.21
2026-03-04 13:00:00,0.1288,0.1298,0.1285,0.1287,1524170.79
2026-03-04 14:00:00,0.1286,0.1308,0.1279,0.1285,4939937.25
2026-03-04 15:00:00,0.1285,0.132,0.1284,0.132,6862547.58
2026-03-04 16:00:00,0.132,0.1323,0.1295,0.1297,4065229.66
2026-03-04 17:00:00,0.1297,0.1301,0.1283,0.1297,3014044.48
2026-03-04 18:00:00,0.1297,0.1303,0.129,0.13,1469268.6
2026-03-04 19:00:00,0.13,0.131,0.1295,0.1306,2381157.3
2026-03-04 20:00:00,0.1306,0.1307,0.1295,0.1295,1581282.74
2026-03-04 21:00:00,0.1296,0.1301,0.1291,0.1298,1609461.11
2026-03-04 22:00:00,0.1299,0.1303,0.1285,0.1288,1618369.4
2026-03-04 23:00:00,0.1288,0.1289,0.127,0.1286,2367507.59
2026-03-05 00:00:00,0.1285,0.1288,0.1279,0.1283,1031811.8
2026-03-05 01:00:00,0.1283,0.1291,0.1271,0.1274,1300653.07
2026-03-05 02:00:00,0.1274,0.1287,0.1274,0.1283,1638048.4
2026-03-05 03:00:00,0.1283,0.1288,0.1275,0.1282,1430023.06
2026-03-05 04:00:00,0.1282,0.1291,0.1278,0.1288,1721006.49
2026-03-05 05:00:00,0.1287,0.1291,0.1272,0.1276,1450642.99
2026-03-05 06:00:00,0.1276,0.1286,0.1268,0.1284,1034716.66
2026-03-05 07:00:00,0.1284,0.1287,0.127,0.1276,852355.78
2026-03-05 08:00:00,0.1276,0.1285,0.1269,0.1284,983390.05
2026-03-05 09:00:00,0.1284,0.1298,0.1283,0.1292,1698294.3
2026-03-05 10:00:00,0.1291,0.1306,0.1288,0.13,5441505.09
2026-03-05 11:00:00,0.1299,0.1301,0.1272,0.1275,2496100.17
2026-03-05 12:00:00,0.1274,0.1286,0.127,0.1284,1403865.88
2026-03-05 13:00:00,0.1284,0.1284,0.1266,0.128,2310134.26
2026-03-05 14:00:00,0.128,0.1301,0.1277,0.1296,3419104.59
2026-03-05 15:00:00,0.1297,0.13,0.1268,0.1271,3602439.17
2026-03-05 16:00:00,0.1272,0.1272,0.1238,0.1253,3100151.68
2026-03-05 17:00:00,0.1253,0.1257,0.1232,0.1235,1391068.51
2026-03-05 18:00:00,0.1235,0.1252,0.1232,0.125,966795.23
2026-03-05 19:00:00,0.125,0.1267,0.125,0.1255,1035766.72
2026-03-05 20:00:00,0.1255,0.1274,0.125,0.1267,754187.24
2026-03-05 21:00:00,0.1266,0.1271,0.1254,0.1258,812756.52
2026-03-05 22:00:00,0.1259,0.1259,0.125,0.1254,403043.39
2026-03-05 23:00:00,0.1253,0.1259,0.125,0.1252,467650.54
2026-03-06 00:00:00,0.1253,0.1259,0.1252,0.1254,423793.2
2026-03-06 01:00:00,0.1255,0.127,0.1251,0.1268,650245.46
2026-03-06 02:00:00,0.1268,0.1273,0.1266,0.1272,503646.24
2026-03-06 03:00:00,0.1272,0.1278,0.1267,0.1278,524299.48
2026-03-06 04:00:00,0.1278,0.128,0.1257,0.1264,1317289.29
2026-03-06 05:00:00,0.1263,0.1268,0.1254,0.1262,538942.16
2026-03-06 06:00:00,0.1262,0.1271,0.1261,0.1267,446484.38
2026-03-06 07:00:00,0.1266,0.1276,0.1264,0.1273,605995.64
2026-03-06 08:00:00,0.1273,0.1275,0.1267,0.127,1060569.92
2026-03-06 09:00:00,0.127,0.1271,0.125,0.1261,996586.95
2026-03-06 10:00:00,0.126,0.1272,0.1258,0.1265,598187.14
2026-03-06 11:00:00,0.1265,0.1265,0.1246,0.125,954972.1
2026-03-06 12:00:00,0.1249,0.1251,0.1236,0.1246,871990.07
2026-03-06 13:00:00,0.1245,0.1252,0.1225,0.1226,4116208.83
2026-03-06 14:00:00,0.1226,0.1233,0.1196,0.1203,5822785.61
2026-03-06 15:00:00,0.1203,0.1213,0.1191,0.1198,2323517.18
2026-03-06 16:00:00,0.1197,0.1197,0.1185,0.1187,1520089.88
2026-03-06 17:00:00,0.1188,0.1194,0.1169,0.1178,2078322.02
2026-03-06 18:00:00,0.1177,0.1196,0.1177,0.1194,1509496.15
2026-03-06 19:00:00,0.1194,0.1201,0.1194,0.1199,984563.12
2026-03-06 20:00:00,0.1198,0.1206,0.1193,0.1205,1112017.29
2026-03-06 21:00:00,0.1205,0.1209,0.1199,0.1209,739553.03
2026-03-06 22:00:00,0.1208,0.1212,0.1206,0.121,573939.51
2026-03-06 23:00:00,0.121,0.1211,0.1202,0.1205,704237.57
2026-03-07 00:00:00,0.1205,0.1212,0.1204,0.1207,570261.93
2026-03-07 01:00:00,0.1206,0.1207,0.1197,0.1199,481288.75
2026-03-07 02:00:00,0.1199,0.1203,0.1194,0.12,515614.07
2026-03-07 03:00:00,0.1199,0.1207,0.1196,0.1201,1091373.02
2026-03-07 04:00:00,0.1201,0.121,0.1194,0.1204,524212.49
2026-03-07 05:00:00,0.1204,0.1206,0.1201,0.1203,417957.18
2026-03-07 06:00:00,0.1202,0.1202,0.1188,0.1191,499240.15
2026-03-07 07:00:00,0.1192,0.1195,0.1186,0.1195,508271.56
2026-03-07 08:00:00,0.1194,0.1202,0.1192,0.1193,359152.33
2026-03-07 09:00:00,0.1192,0.12,0.1189,0.12,323589.29
2026-03-07 10:00:00,0.12,0.12,0.1197,0.1199,335568.41
2026-03-07 11:00:00,0.1198,0.1205,0.1196,0.1197,431717.63
2026-03-07 12:00:00,0.1197,0.1197,0.1187,0.1189,441811.76
2026-03-07 13:00:00,0.1189,0.1194,0.1187,0.119,1026425.75
2026-03-07 14:00:00,0.119,0.119,0.1176,0.1182,1347766.46
2026-03-07 15:00:00,0.1181,0.1182,0.1167,0.1172,1560227.94
2026-03-07 16:00:00,0.1172,0.1176,0.1171,0.1174,956916.07
2026-03-07 17:00:00,0.1175,0.1187,0.1175,0.1181,723118.56
2026-03-07 18:00:00,0.1182,0.1182,0.1169,0.1172,1296199.36
2026-03-07 19:00:00,0.1172,0.1172,0.1159,0.1164,1031427.47
2026-03-07 20:00:00,0.1164,0.117,0.1164,0.1168,361257.17
2026-03-07 21:00:00,0.1168,0.1171,0.1163,0.1167,420642.9
2026-03-07 22:00:00,0.1166,0.1167,0.1151,0.1159,932806.91
2026-03-07 23:00:00,0.116,0.1165,0.1158,0.1164,534438.95
2026-03-08 00:00:00,0.1164,0.1165,0.1156,0.1157,403561.23
2026-03-08 01:00:00,0.1156,0.1159,0.1152,0.1157,506624.68
2026-03-08 02:00:00,0.1156,0.1156,0.1141,0.1143,1431659.51
2026-03-08 03:00:00,0.1143,0.115,0.114,0.1146,582092.7
2026-03-08 04:00:00,0.1146,0.1148,0.1132,0.1138,514220.43
2026-03-08 05:00:00,0.1137,0.115,0.1137,0.1144,340826.07
2026-03-08 06:00:00,0.1144,0.1145,0.1136,0.1142,544035.74
2026-03-08 07:00:00,0.1141,0.1153,0.114,0.1148,581807.88
2026-03-08 08:00:00,0.1148,0.115,0.114,0.1148,320176.22
2026-03-08 09:00:00,0.1147,0.1153,0.1145,0.1152,518981.76
2026-03-08 10:00:00,0.1151,0.1165,0.115,0.1161,707637.73
2026-03-08 11:00:00,0.1162,0.1163,0.1148,0.1158,670242.99
2026-03-08 12:00:00,0.1157,0.1169,0.1142,0.1162,1438957.66
2026-03-08 13:00:00,0.1163,0.1165,0.1144,0.1154,4359085.42
2026-03-08 14:00:00,0.1153,0.1159,0.1147,0.1153,616345.64
2026-03-08 15:00:00,0.1153,0.1153,0.114,0.1148,770785.0
2026-03-08 16:00:00,0.1148,0.1149,0.1139,0.1143,461682.17
2026-03-08 17:00:00,0.1143,0.1154,0.1142,0.1151,575424.96
2026-03-08 18:00:00,0.1151,0.1156,0.1147,0.1155,624562.4
2026-03-08 19:00:00,0.1155,0.1176,0.1154,0.1171,1325407.35
2026-03-08 20:00:00,0.1172,0.1175,0.1163,0.1165,1259532.77
2026-03-08 21:00:00,0.1165,0.1168,0.1154,0.1165,602178.64
2026-03-08 22:00:00,0.1165,0.1165,0.1136,0.116,2767052.5
2026-03-08 23:00:00,0.1161,0.1166,0.115,0.1154,836939.78
2026-03-09 00:00:00,0.1153,0.1172,0.115,0.1158,1192932.04
2026-03-09 01:00:00,0.1158,0.1167,0.1149,0.1157,1216394.14
2026-03-09 02:00:00,0.1156,0.117,0.1153,0.1165,616395.28
2026-03-09 03:00:00,0.1164,0.1183,0.116,0.1165,1784364.21
2026-03-09 04:00:00,0.1166,0.1175,0.1165,0.1171,563614.12
2026-03-09 05:00:00,0.1171,0.1202,0.1169,0.1197,2035637.72
2026-03-09 06:00:00,0.1197,0.1197,0.1181,0.1181,585030.07
2026-03-09 07:00:00,0.1181,0.1191,0.1168,0.1186,1029205.27
2026-03-09 08:00:00,0.1186,0.1188,0.118,0.1181,646580.24
2026-03-09 09:00:00,0.1181,0.1193,0.1177,0.1183,900140.73
2026-03-09 10:00:00,0.1184,0.1185,0.1175,0.1176,489353.27
2026-03-09 11:00:00,0.1176,0.118,0.1167,0.1178,724122.76
2026-03-09 12:00:00,0.1178,0.119,0.1177,0.1185,1015665.55
2026-03-09 13:00:00,0.1184,0.1207,0.1184,0.1197,1262285.44
2026-03-09 14:00:00,0.1196,0.1208,0.1188,0.1198,3176682.06
2026-03-09 15:00:00,0.1198,0.1198,0.118,0.1191,1209182.99
2026-03-09 16:00:00,0.1191,0.1202,0.1187,0.1189,1208067.23
2026-03-09 17:00:00,0.1189,0.1199,0.1188,0.1195,795691.63
2026-03-09 18:00:00,0.1195,0.1204,0.119,0.1193,1067201.96
2026-03-09 19:00:00,0.1194,0.1227,0.119,0.1205,1624548.28
2026-03-09 20:00:00,0.1204,0.1208,0.1192,0.1198,978773.84
2026-03-09 21:00:00,0.1198,0.1207,0.1195,0.1201,603375.21
2026-03-09 22:00:00,0.1201,0.1201,0.1182,0.1184,917123.44
2026-03-09 23:00:00,0.1184,0.1188,0.118,0.1184,541367.13
2026-03-10 00:00:00,0.1184,0.1202,0.1182,0.1194,625386.92
2026-03-10 01:00:00,0.1193,0.1198,0.1186,0.1194,491878.86
2026-03-10 02:00:00,0.1194,0.122,0.1191,0.1212,1410305.75
2026-03-10 03:00:00,0.1212,0.1213,0.1193,0.1196,1441694.58
2026-03-10 04:00:00,0.1196,0.1212,0.1196,0.1208,595488.6
2026-03-10 05:00:00,0.1208,0.1211,0.1193,0.1196,1221842.86
2026-03-10 06:00:00,0.1197,0.1202,0.1193,0.1201,1030088.88
2026-03-10 07:00:00,0.1201,0.1216,0.1198,0.1211,1197475.57
2026-03-10 08:00:00,0.1212,0.1224,0.1206,0.1212,2013573.31
2026-03-10 09:00:00,0.1213,0.1225,0.1213,0.1222,880773.13
2026-03-10 10:00:00,0.1222,0.1222,0.1208,0.1212,996822.17
2026-03-10 11:00:00,0.1212,0.1215,0.1207,0.1214,597142.66
2026-03-10 12:00:00,0.1214,0.1218,0.121,0.1215,678992.84
2026-03-10 13:00:00,0.1215,0.1222,0.1204,0.1211,1155725.71
2026-03-10 14:00:00,0.1211,0.1232,0.1197,0.1231,2551291.59
2026-03-10 15:00:00,0.1232,0.1235,0.1217,0.1224,2177791.93
2026-03-10 16:00:00,0.1225,0.1228,0.1215,0.1222,1198547.13
2026-03-10 17:00:00,0.1222,0.1224,0.1204,0.1213,1342646.25
2026-03-10 18:00:00,0.1213,0.1214,0.1189,0.1195,2201926.0
2026-03-10 19:00:00,0.1195,0.1197,0.1183,0.1188,1033291.4
2026-03-10 20:00:00,0.1187,0.1196,0.1187,0.1195,980140.78
2026-03-10 21:00:00,0.1195,0.1197,0.1181,0.1183,729502.71
2026-03-10 22:00:00,0.1183,0.1188,0.1176,0.1185,733656.24
2026-03-10 23:00:00,0.1186,0.1191,0.1185,0.1187,472778.89
2026-03-11 00:00:00,0.1188,0.1191,0.1183,0.1189,800359.97
2026-03-11 01:00:00,0.1189,0.1192,0.1187,0.119,325619.01
2026-03-11 02:00:00,0.1191,0.1191,0.1181,0.1188,310864.07
2026-03-11 03:00:00,0.1189,0.1192,0.1186,0.1187,231080.46
2026-03-11 04:00:00,0.1186,0.1191,0.1182,0.119,743381.94
2026-03-11 05:00:00,0.119,0.119,0.1169,0.1176,967564.44
2026-03-11 06:00:00,0.1176,0.1191,0.1175,0.1188,709431.01
2026-03-11 07:00:00,0.1187,0.1193,0.1183,0.1187,596322.09
2026-03-11 08:00:00,0.1187,0.1194,0.1185,0.1188,1141541.88
2026-03-11 09:00:00,0.1188,0.1197,0.1187,0.1188,1038667.32
2026-03-11 10:00:00,0.1189,0.1204,0.1187,0.1199,965991.67
2026-03-11 11:00:00,0.1198,0.1202,0.1193,0.1194,742205.88
2026-03-11 12:00:00,0.1194,0.1221,0.1191,0.1205,2013414.76
2026-03-11 13:00:00,0.1205,0.1227,0.12,0.1211,2570954.19
2026-03-11 14:00:00,0.1211,0.1223,0.1208,0.121,1983967.88
2026-03-11 15:00:00,0.121,0.1211,0.1191,0.1204,1860971.22
2026-03-11 16:00:00,0.1204,0.1209,0.1201,0.1208,1266827.25
2026-03-11 17:00:00,0.1208,0.1217,0.1194,0.1204,1090785.01
2026-03-11 18:00:00,0.1205,0.1208,0.1202,0.1207,757497.08
2026-03-11 19:00:00,0.1207,0.121,0.1201,0.1206,611184.27
2026-03-11 20:00:00,0.1206,0.1209,0.1202,0.1206,276508.94
2026-03-11 21:00:00,0.1206,0.1213,0.1205,0.121,356769.67
2026-03-11 22:00:00,0.121,0.1214,0.1203,0.1209,712937.04
2026-03-11 23:00:00,0.1209,0.1212,0.12,0.1204,465759.45
2026-03-12 00:00:00,0.1204,0.1207,0.1201,0.1205,243515.81
2026-03-12 01:00:00,0.1206,0.1206,0.1196,0.1199,594074.46
2026-03-12 02:00:00,0.1198,0.1203,0.1191,0.1192,931202.06
2026-03-12 03:00:00,0.1193,0.1197,0.1188,0.119,522859.77
2026-03-12 04:00:00,0.119,0.1196,0.1188,0.1189,595831.92
2026-03-12 05:00:00,0.1189,0.1192,0.1181,0.1186,1180560.62
2026-03-12 06:00:00,0.1186,0.119,0.1184,0.1188,424491.23
2026-03-12 07:00:00,0.1188,0.1191,0.1186,0.1189,667963.17
2026-03-12 08:00:00,0.1189,0.119,0.1184,0.1186,728061.89
2026-03-12 09:00:00,0.1185,0.1198,0.1181,0.1193,677907.79
2026-03-12 10:00:00,0.1193,0.1204,0.1191,0.1198,694442.14
2026-03-12 11:00:00,0.1197,0.1197,0.1179,0.1184,805675.21
2026-03-12 12:00:00,0.1184,0.1185,0.1177,0.1182,1246565.94
2026-03-12 13:00:00,0.1182,0.1188,0.117,0.1176,2439860.31
2026-03-12 14:00:00,0.1177,0.1183,0.1158,0.117,2914961.32
2026-03-12 15:00:00,0.1171,0.1181,0.1168,0.1175,733102.26
2026-03-12 16:00:00,0.1175,0.1186,0.1172,0.118,1432784.29
2026-03-12 17:00:00,0.118,0.1181,0.1168,0.1172,760680.69
2026-03-12 18:00:00,0.1171,0.1175,0.1165,0.1173,547837.71
2026-03-12 19:00:00,0.1174,0.1192,0.1174,0.1191,1076138.76
2026-03-12 20:00:00,0.119,0.1192,0.1176,0.1178,570244.96
2026-03-12 21:00:00,0.1178,0.1197,0.1177,0.1196,713812.2
2026-03-12 22:00:00,0.1196,0.1202,0.1193,0.1198,1103628.9
2026-03-12 23:00:00,0.1198,0.121,0.1194,0.1199,1874134.09
2026-03-13 00:00:00,0.12,0.1228,0.1198,0.1216,2525501.34
2026-03-13 01:00:00,0.1216,0.1227,0.1213,0.1226,1514189.9
2026-03-13 02:00:00,0.1227,0.1233,0.1222,0.1229,1558059.19
2026-03-13 03:00:00,0.123,0.1243,0.1227,0.1242,1582459.44
2026-03-13 04:00:00,0.1242,0.1247,0.1234,0.1242,1376939.27
2026-03-13 05:00:00,0.1242,0.1253,0.1235,0.1243,1108629.01
2026-03-13 06:00:00,0.1243,0.1246,0.1231,0.124,1377396.89
2026-03-13 07:00:00,0.124,0.1242,0.1235,0.1237,683719.42
2026-03-13 08:00:00,0.1237,0.1249,0.1233,0.1244,1233656.76
2026-03-13 09:00:00,0.1244,0.1253,0.1244,0.1248,1167822.55
2026-03-13 10:00:00,0.1248,0.1259,0.1247,0.1257,1254274.76
2026-03-13 11:00:00,0.1258,0.126,0.1246,0.1253,1088260.32
2026-03-13 12:00:00,0.1252,0.1261,0.1249,0.1256,1344791.52
2026-03-13 13:00:00,0.1256,0.1276,0.1252,0.1265,4013334.11
2026-03-13 14:00:00,0.1266,0.1274,0.1253,0.1259,4006354.96
2026-03-13 15:00:00,0.1259,0.1273,0.1255,0.1258,3031654.25
2026-03-13 16:00:00,0.1259,0.1265,0.1242,0.1262,1606786.83
2026-03-13 17:00:00,0.1261,0.1264,0.1235,0.1241,1587834.05
2026-03-13 18:00:00,0.1241,0.1249,0.1234,0.1242,1987334.47
2026-03-13 19:00:00,0.1242,0.1247,0.1239,0.1242,543589.72
2026-03-13 20:00:00,0.1242,0.1245,0.1239,0.1244,504908.23
2026-03-13 21:00:00,0.1245,0.1253,0.1239,0.1242,422932.24
2026-03-13 22:00:00,0.1241,0.1242,0.1224,0.1231,1410036.27
2026-03-13 23:00:00,0.1231,0.124,0.123,0.1237,1198697.54
2026-03-14 00:00:00,0.1237,0.1237,0.1225,0.1227,902340.27
2026-03-14 01:00:00,0.1226,0.1239,0.1222,0.1238,813338.83
2026-03-14 02:00:00,0.1238,0.1247,0.1232,0.1243,847124.1
2026-03-14 03:00:00,0.1244,0.1254,0.1242,0.1252,563024.68
2026-03-14 04:00:00,0.1252,0.1265,0.1241,0.1246,2454602.85
2026-03-14 05:00:00,0.1245,0.1245,0.123,0.1236,610044.19
2026-03-14 06:00:00,0.1235,0.1235,0.1217,0.1227,1933962.12
2026-03-14 07:00:00,0.1227,0.1231,0.1223,0.1227,700919.26
2026-03-14 08:00:00,0.1227,0.1227,0.122,0.1223,1711856.99
2026-03-14 09:00:00,0.1223,0.123,0.1222,0.1224,621757.38
2026-03-14 10:00:00,0.1223,0.1228,0.1222,0.1228,884906.36
2026-03-14 11:00:00,0.1228,0.1239,0.1226,0.1237,687024.2
2026-03-14 12:00:00,0.1236,0.1239,0.1225,0.1229,1401589.89
2026-03-14 13:00:00,0.1229,0.1236,0.1228,0.1236,262034.48
2026-03-14 14:00:00,0.1237,0.1241,0.1229,0.1232,765814.37
2026-03-14 15:00:00,0.1232,0.1233,0.1222,0.1226,943817.79
2026-03-14 16:00:00,0.1226,0.1234,0.1225,0.1233,284521.02
2026-03-14 17:00:00,0.1234,0.1235,0.1227,0.1231,438599.95
2026-03-14 18:00:00,0.123,0.1233,0.1227,0.1229,266053.83
2026-03-14 19:00:00,0.1229,0.123,0.1224,0.1225,439539.96
2026-03-14 20:00:00,0.1225,0.1227,0.1222,0.1227,379549.17
2026-03-14 21:00:00,0.1226,0.1233,0.1224,0.123,457397.44
2026-03-14 22:00:00,0.123,0.1234,0.1227,0.1228,597181.53
2026-03-14 23:00:00,0.1229,0.1239,0.1229,0.1238,1145689.56
2026-03-15 00:00:00,0.1238,0.1239,0.1231,0.1235,1344199.51
2026-03-15 01:00:00,0.1235,0.1248,0.1232,0.1248,949094.45
2026-03-15 02:00:00,0.1248,0.1272,0.1248,0.127,1148299.38
2026-03-15 03:00:00,0.1271,0.1275,0.1257,0.1263,1461708.3
2026-03-15 04:00:00,0.1264,0.1273,0.126,0.1266,1999796.78
2026-03-15 05:00:00,0.1266,0.1271,0.1261,0.1265,1425008.81
2026-03-15 06:00:00,0.1265,0.1271,0.1258,0.127,1643733.56
2026-03-15 07:00:00,0.1269,0.1275,0.1265,0.1269,1229983.22
2026-03-15 08:00:00,0.1269,0.1272,0.126,0.1264,1075024.0
2026-03-15 09:00:00,0.1263,0.1267,0.126,0.1261,426018.72
2026-03-15 10:00:00,0.126,0.1277,0.1259,0.1276,1566439.51
2026-03-15 11:00:00,0.1275,0.1276,0.1265,0.1269,1073179.15
2026-03-15 12:00:00,0.1268,0.1283,0.1267,0.1271,1686453.5
2026-03-15 13:00:00,0.1271,0.1272,0.1249,0.1259,1358876.45
2026-03-15 14:00:00,0.126,0.1262,0.1252,0.1259,737740.03
2026-03-15 15:00:00,0.1259,0.1259,0.1253,0.1254,309619.64
2026-03-15 16:00:00,0.1254,0.1263,0.1253,0.1257,774384.44
2026-03-15 17:00:00,0.1257,0.1278,0.1257,0.1274,868364.46
2026-03-15 18:00:00,0.1274,0.1277,0.1265,0.1269,616753.59
2026-03-15 19:00:00,0.1269,0.1278,0.1269,0.1276,739528.74
2026-03-15 20:00:00,0.1275,0.129,0.1272,0.1281,971392.53
2026-03-15 21:00:00,0.1281,0.1291,0.1278,0.1284,715873.57
2026-03-15 22:00:00,0.1285,0.1292,0.1274,0.1284,2020718.46
2026-03-15 23:00:00,0.1284,0.1288,0.1273,0.1284,1860865.18
2026-03-16 00:00:00,0.1284,0.1289,0.1272,0.128,2929376.07
2026-03-16 01:00:00,0.1281,0.1284,0.1274,0.1282,580948.37
2026-03-16 02:00:00,0.1282,0.1285,0.1277,0.1283,514504.26
2026-03-16 03:00:00,0.1283,0.1309,0.1279,0.1292,2849517.18
2026-03-16 04:00:00,0.1292,0.1303,0.129,0.1298,1610008.61
2026-03-16 05:00:00,0.1298,0.1308,0.1293,0.1304,1563905.54
2026-03-16 06:00:00,0.1304,0.1315,0.1292,0.1308,1705951.9
2026-03-16 07:00:00,0.1308,0.1326,0.1306,0.1313,2447047.6
2026-03-16 08:00:00,0.1313,0.1328,0.1308,0.131,3246801.22
2026-03-16 09:00:00,0.131,0.1318,0.131,0.1312,1121641.29
2026-03-16 10:00:00,0.1311,0.1313,0.1303,0.1309,1351886.85
2026-03-16 11:00:00,0.1309,0.1315,0.1304,0.1309,1255737.89
2026-03-16 12:00:00,0.1309,0.1316,0.1306,0.1314,1542314.9
2026-03-16 13:00:00,0.1314,0.1324,0.1308,0.1314,2308901.46
2026-03-16 14:00:00,0.1314,0.1321,0.1295,0.1312,2489310.89
2026-03-16 15:00:00,0.1312,0.1313,0.1297,0.13,1480606.86
2026-03-16 16:00:00,0.13,0.1326,0.13,0.1321,1926032.25
2026-03-16 17:00:00,0.1322,0.1338,0.1322,0.1333,1624455.0
2026-03-16 18:00:00,0.1332,0.1344,0.1328,0.1331,2206699.8
2026-03-16 19:00:00,0.1331,0.135,0.1327,0.1345,1292960.11
2026-03-16 20:00:00,0.1345,0.1359,0.1341,0.1359,1646228.04
2026-03-16 21:00:00,0.1358,0.1385,0.1356,0.1381,2235987.07
2026-03-16 22:00:00,0.1381,0.1395,0.1378,0.1384,2384333.41
2026-03-16 23:00:00,0.1384,0.1388,0.1367,0.1375,1498261.98
2026-03-17 00:00:00,0.1375,0.1378,0.1361,0.1375,1875695.01
2026-03-17 01:00:00,0.1376,0.1376,0.1363,0.1369,1583438.57
2026-03-17 02:00:00,0.1368,0.1373,0.1362,0.1363,1571234.62
2026-03-17 03:00:00,0.1363,0.1365,0.1342,0.1355,2283342.36
2026-03-17 04:00:00,0.1355,0.1359,0.1337,0.1344,1330582.23
2026-03-17 05:00:00,0.1343,0.1345,0.1336,0.1342,948413.49
2026-03-17 06:00:00,0.1342,0.1348,0.1335,0.1342,868322.99
2026-03-17 07:00:00,0.1342,0.136,0.1342,0.1353,789105.76
2026-03-17 08:00:00,0.1354,0.1359,0.135,0.1351,1067341.8
2026-03-17 09:00:00,0.1351,0.1357,0.1346,0.1354,1205519.61
2026-03-17 10:00:00,0.1353,0.1356,0.1349,0.1356,853776.28
2026-03-17 11:00:00,0.1356,0.1362,0.135,0.1351,678085.09
2026-03-17 12:00:00,0.135,0.135,0.1335,0.134,909053.99
2026-03-17 13:00:00,0.1339,0.1348,0.1333,0.1341,1396338.03
2026-03-17 14:00:00,0.1341,0.1352,0.1337,0.1348,725369.62
2026-03-17 15:00:00,0.1348,0.1354,0.1336,0.1349,1130466.45
2026-03-17 16:00:00,0.1348,0.1357,0.1346,0.1348,1501003.44
2026-03-17 17:00:00,0.1349,0.1357,0.1346,0.1356,498865.88
2026-03-17 18:00:00,0.1357,0.1359,0.1352,0.1357,505278.44
2026-03-17 19:00:00,0.1357,0.1359,0.135,0.135,495758.37
2026-03-17 20:00:00,0.135,0.1367,0.135,0.1364,608788.93
2026-03-17 21:00:00,0.1365,0.1388,0.1364,0.1367,2064136.08
2026-03-17 22:00:00,0.1368,0.1375,0.1359,0.1367,775160.75
2026-03-17 23:00:00,0.1367,0.1368,0.1358,0.1361,497949.87
2026-03-18 00:00:00,0.1361,0.1371,0.1352,0.1361,1620285.08
2026-03-18 01:00:00,0.1361,0.1366,0.1356,0.1356,881881.91
2026-03-18 02:00:00,0.1355,0.1363,0.1354,0.1358,484939.84
2026-03-18 03:00:00,0.1358,0.1364,0.1358,0.1358,371813.74
2026-03-18 04:00:00,0.1357,0.1358,0.1346,0.135,2112720.43
2026-03-18 05:00:00,0.135,0.1364,0.135,0.1353,1388782.31
2026-03-18 06:00:00,0.1354,0.1357,0.1349,0.135,520514.23
2026-03-18 07:00:00,0.1349,0.1351,0.1344,0.1351,603144.76
2026-03-18 08:00:00,0.1352,0.1355,0.135,0.1355,474531.32
2026-03-18 09:00:00,0.1355,0.1361,0.1353,0.1356,606451.66
2026-03-18 10:00:00,0.1356,0.1358,0.1349,0.1357,524263.5
2026-03-18 11:00:00,0.1356,0.1357,0.1314,0.1321,3339331.88
2026-03-18 12:00:00,0.132,0.132,0.1295,0.13,2537378.27
2026-03-18 13:00:00,0.13,0.131,0.129,0.13,1324771.28
2026-03-18 14:00:00,0.1301,0.1301,0.1265,0.1266,2499450.71
2026-03-18 15:00:00,0.1267,0.1271,0.1256,0.1267,1764220.73
2026-03-18 16:00:00,0.1266,0.1267,0.125,0.1257,1322533.29
2026-03-18 17:00:00,0.1257,0.1271,0.1251,0.1269,1108857.79
2026-03-18 18:00:00,0.1269,0.1282,0.126,0.1266,1082363.0
2026-03-18 19:00:00,0.1265,0.1275,0.1261,0.1261,563740.71
2026-03-18 20:00:00,0.126,0.127,0.1249,0.1268,2293292.03
2026-03-18 21:00:00,0.1267,0.1277,0.1266,0.1274,646709.51
2026-03-18 22:00:00,0.1274,0.1274,0.1262,0.1264,525592.38
2026-03-18 23:00:00,0.1265,0.1265,0.1257,0.1263,491067.88
2026-03-19 00:00:00,0.1264,0.1268,0.1255,0.1255,673915.69
2026-03-19 01:00:00,0.1256,0.1256,0.125,0.1252,528309.47
2026-03-19 02:00:00,0.1251,0.1259,0.1249,0.1255,1056101.82
2026-03-19 03:00:00,0.1254,0.1274,0.1254,0.1261,637620.87
2026-03-19 04:00:00,0.126,0.1261,0.125,0.125,487471.14
2026-03-19 05:00:00,0.125,0.1253,0.124,0.1244,1576009.23
2026-03-19 06:00:00,0.1244,0.1245,0.1234,0.1239,497093.24
2026-03-19 07:00:00,0.1239,0.124,0.1214,0.1217,1983343.22
2026-03-19 08:00:00,0.1218,0.1229,0.1214,0.1223,816853.57
2026-03-19 09:00:00,0.1223,0.1235,0.122,0.1232,895931.09
2026-03-19 10:00:00,0.1233,0.1233,0.122,0.1221,1891501.68
2026-03-19 11:00:00,0.1221,0.1226,0.122,0.1223,420298.59
2026-03-19 12:00:00,0.1223,0.1224,0.1207,0.121,1682472.25
2026-03-19 13:00:00,0.1209,0.1216,0.1201,0.121,1545141.39
2026-03-19 14:00:00,0.1211,0.1215,0.1198,0.1204,1375499.31
2026-03-19 15:00:00,0.1203,0.1206,0.1187,0.1201,1317050.44
2026-03-19 16:00:00,0.12,0.12,0.1194,0.1198,636414.17
2026-03-19 17:00:00,0.1198,0.1209,0.1191,0.1209,828364.39
2026-03-19 18:00:00,0.1208,0.1209,0.12,0.1205,409977.93
2026-03-19 19:00:00,0.1205,0.1218,0.1204,0.1205,721997.21
2026-03-19 20:00:00,0.1205,0.121,0.1203,0.1205,320852.92
2026-03-19 21:00:00,0.1205,0.1213,0.1205,0.1213,464696.26
2026-03-19 22:00:00,0.1213,0.1213,0.1204,0.1212,648804.02
2026-03-19 23:00:00,0.1213,0.1219,0.1212,0.1215,698244.29
2026-03-20 00:00:00,0.1215,0.1222,0.1214,0.122,706697.4
2026-03-20 01:00:00,0.1221,0.1233,0.122,0.1229,695204.35
2026-03-20 02:00:00,0.123,0.1237,0.1224,0.1234,1259921.19
2026-03-20 03:00:00,0.1234,0.1237,0.1227,0.1229,739948.23
2026-03-20 04:00:00,0.1228,0.1236,0.1227,0.1235,402051.13
2026-03-20 05:00:00,0.1235,0.1247,0.1234,0.1243,804118.34
2026-03-20 06:00:00,0.1244,0.1246,0.124,0.1241,492988.88
2026-03-20 07:00:00,0.1241,0.1245,0.1233,0.124,491787.08
2026-03-20 08:00:00,0.1241,0.1247,0.1239,0.1243,1341261.16
2026-03-20 09:00:00,0.1244,0.1256,0.1235,0.125,723080.64
2026-03-20 10:00:00,0.125,0.1252,0.1243,0.125,708728.77
2026-03-20 11:00:00,0.125,0.1262,0.1244,0.1248,848807.94
2026-03-20 12:00:00,0.1249,0.1264,0.1248,0.1248,1330392.71
2026-03-20 13:00:00,0.1249,0.1254,0.1236,0.1238,1209449.04
2026-03-20 14:00:00,0.1238,0.1247,0.1229,0.123,1258354.4
2026-03-20 15:00:00,0.1231,0.1237,0.1223,0.1233,1065792.5
2026-03-20 16:00:00,0.1233,0.1236,0.1227,0.1234,1066037.06
2026-03-20 17:00:00,0.1233,0.1244,0.1232,0.1243,906193.25
2026-03-20 18:00:00,0.1244,0.1249,0.1227,0.1231,959617.1
2026-03-20 19:00:00,0.1232,0.1235,0.1223,0.1235,515479.95
2026-03-20 20:00:00,0.1235,0.1235,0.1223,0.1232,444513.57
2026-03-20 21:00:00,0.1232,0.125,0.1229,0.1243,901730.06
2026-03-20 22:00:00,0.1244,0.1255,0.1242,0.1243,1073257.28
2026-03-20 23:00:00,0.1242,0.1242,0.1235,0.1238,373431.65
2026-03-21 00:00:00,0.1238,0.1241,0.1235,0.1238,309335.38
2026-03-21 01:00:00,0.1237,0.124,0.1232,0.1232,435455.0
2026-03-21 02:00:00,0.1232,0.124,0.1232,0.1236,319588.23
2026-03-21 03:00:00,0.1237,0.1237,0.1229,0.1231,1020881.91
2026-03-21 04:00:00,0.1231,0.1232,0.1227,0.1227,486936.85
2026-03-21 05:00:00,0.1228,0.1234,0.1227,0.1229,545558.45
2026-03-21 06:00:00,0.1228,0.1234,0.1227,0.123,820077.05
2026-03-21 07:00:00,0.123,0.1232,0.1223,0.1224,419638.42
2026-03-21 08:00:00,0.1225,0.123,0.1222,0.123,168946.45
2026-03-21 09:00:00,0.123,0.1235,0.1224,0.1225,860241.69
2026-03-21 10:00:00,0.1225,0.1226,0.1215,0.1216,542930.18
2026-03-21 11:00:00,0.1216,0.1218,0.1214,0.1217,360465.42
2026-03-21 12:00:00,0.1217,0.1219,0.1215,0.1217,280680.51
2026-03-21 13:00:00,0.1217,0.1221,0.1216,0.122,160034.09
2026-03-21 14:00:00,0.122,0.1227,0.122,0.1221,404698.26
2026-03-21 15:00:00,0.1222,0.1242,0.1221,0.1241,570241.96
2026-03-21 16:00:00,0.1242,0.1242,0.1227,0.1229,387313.38
2026-03-21 17:00:00,0.1228,0.1229,0.1223,0.1227,396343.79
2026-03-21 18:00:00,0.1226,0.1227,0.1222,0.1224,79523.16
2026-03-21 19:00:00,0.1223,0.1223,0.122,0.1223,365786.86
2026-03-21 20:00:00,0.1222,0.1229,0.1221,0.1229,312267.09
2026-03-21 21:00:00,0.1229,0.1229,0.1221,0.1222,222604.09
2026-03-21 22:00:00,0.1222,0.1222,0.1216,0.1217,226669.97
2026-03-21 23:00:00,0.1217,0.1217,0.1169,0.1178,4052186.22
2026-03-22 00:00:00,0.1177,0.1186,0.1155,0.1181,3348810.47
2026-03-22 01:00:00,0.1182,0.1189,0.1178,0.1186,778968.58
2026-03-22 02:00:00,0.1187,0.1197,0.1185,0.1192,797244.37
2026-03-22 03:00:00,0.1191,0.1201,0.1186,0.1191,647283.02
2026-03-22 04:00:00,0.119,0.1199,0.1189,0.1195,597725.7
2026-03-22 05:00:00,0.1195,0.1195,0.1188,0.119,641571.38
2026-03-22 06:00:00,0.1189,0.119,0.1185,0.1188,407096.7
2026-03-22 07:00:00,0.1188,0.1191,0.1171,0.1171,975560.0
2026-03-22 08:00:00,0.117,0.1173,0.1162,0.1173,1164385.54
2026-03-22 09:00:00,0.1172,0.1176,0.1168,0.1171,657501.94
2026-03-22 10:00:00,0.117,0.117,0.1161,0.1161,409951.68
2026-03-22 11:00:00,0.116,0.1162,0.1155,0.1156,680195.91
2026-03-22 12:00:00,0.1156,0.1167,0.1155,0.1159,828461.16
2026-03-22 13:00:00,0.1159,0.1165,0.1156,0.116,745516.55
2026-03-22 14:00:00,0.116,0.1164,0.1155,0.1156,638465.27
2026-03-22 15:00:00,0.1156,0.1163,0.1156,0.1163,302508.61
2026-03-22 16:00:00,0.1162,0.1164,0.1159,0.1159,273046.51
2026-03-22 17:00:00,0.1159,0.1159,0.1153,0.1153,645393.03
2026-03-22 18:00:00,0.1153,0.1155,0.1143,0.1149,1010658.22
2026-03-22 19:00:00,0.115,0.115,0.1139,0.1146,692572.95
2026-03-22 20:00:00,0.1147,0.115,0.1141,0.1144,855146.36
2026-03-22 21:00:00,0.1144,0.1145,0.1128,0.114,1536856.83
2026-03-22 22:00:00,0.114,0.1152,0.1131,0.115,962256.58
2026-03-22 23:00:00,0.115,0.1154,0.1145,0.1146,662342.95
2026-03-23 00:00:00,0.1147,0.1154,0.1142,0.1151,869919.83
2026-03-23 01:00:00,0.1151,0.1158,0.1147,0.1152,488106.8
2026-03-23 02:00:00,0.1153,0.1165,0.1152,0.116,780426.32
2026-03-23 03:00:00,0.1161,0.1167,0.1156,0.1157,400632.58
2026-03-23 04:00:00,0.1156,0.1167,0.1156,0.1167,300781.99
2026-03-23 05:00:00,0.1166,0.1168,0.116,0.1165,452139.32
2026-03-23 06:00:00,0.1165,0.1165,0.1141,0.1146,772205.02
2026-03-23 07:00:00,0.1147,0.1147,0.113,0.1139,1218296.56
2026-03-23 08:00:00,0.1139,0.114,0.113,0.1131,731882.88
2026-03-23 09:00:00,0.1131,0.1138,0.1124,0.1137,1178763.37
2026-03-23 10:00:00,0.1137,0.1144,0.1134,0.1139,602260.75
2026-03-23 11:00:00,0.1139,0.1198,0.1138,0.1167,13276255.08
2026-03-23 12:00:00,0.1168,0.1173,0.1162,0.1171,1847863.03
2026-03-23 13:00:00,0.1171,0.1176,0.1162,0.1174,1714877.59
2026-03-23 14:00:00,0.1175,0.1181,0.1158,0.1166,2165590.65
2026-03-23 15:00:00,0.1165,0.1172,0.1151,0.1152,3019009.12
2026-03-23 16:00:00,0.1153,0.1157,0.1139,0.1145,2390221.09
2026-03-23 17:00:00,0.1146,0.1149,0.1134,0.1145,1841398.25
2026-03-23 18:00:00,0.1145,0.1156,0.114,0.1156,1402414.51
2026-03-23 19:00:00,0.1156,0.1159,0.1141,0.1142,2085109.84
2026-03-23 20:00:00,0.1143,0.1151,0.1134,0.115,3020914.13
2026-03-23 21:00:00,0.115,0.1151,0.1139,0.1145,1447712.99
2026-03-23 22:00:00,0.1146,0.1147,0.1134,0.1136,1628444.5
2026-03-23 23:00:00,0.1135,0.1137,0.112,0.1134,3431060.08
2026-03-24 00:00:00,0.1135,0.1142,0.1122,0.1135,2566917.47
2026-03-24 01:00:00,0.1134,0.1134,0.1107,0.1119,1948579.74
2026-03-24 02:00:00,0.1118,0.1128,0.1115,0.1123,1411728.98
2026-03-24 03:00:00,0.1123,0.1132,0.1121,0.113,1050803.54
2026-03-24 04:00:00,0.1129,0.113,0.1118,0.1124,1622814.11
2026-03-24 05:00:00,0.1123,0.1137,0.1121,0.1135,1681957.5
2026-03-24 06:00:00,0.1134,0.114,0.1127,0.1138,2183722.28
2026-03-24 07:00:00,0.1138,0.1147,0.1133,0.1146,1029339.74
2026-03-24 08:00:00,0.1147,0.1164,0.1145,0.1153,2557539.73
2026-03-24 09:00:00,0.1153,0.1172,0.115,0.1168,3953573.58
2026-03-24 10:00:00,0.1168,0.1168,0.1144,0.115,2875445.4
2026-03-24 11:00:00,0.115,0.1158,0.1141,0.1154,1380432.49
2026-03-24 12:00:00,0.1153,0.1153,0.1141,0.1145,975287.62
2026-03-24 13:00:00,0.1145,0.1151,0.1136,0.1138,1797266.12
2026-03-24 14:00:00,0.1139,0.1141,0.1114,0.1119,2202318.12
2026-03-24 15:00:00,0.1119,0.1126,0.1114,0.1116,1438309.15
2026-03-24 16:00:00,0.1115,0.1122,0.1109,0.1112,1423042.35
2026-03-24 17:00:00,0.1112,0.1113,0.1094,0.11,3143570.71
2026-03-24 18:00:00,0.11,0.1114,0.11,0.1111,1331084.21
2026-03-24 19:00:00,0.1111,0.1124,0.1111,0.1116,1123296.97
2026-03-24 20:00:00,0.1117,0.1143,0.1113,0.1134,2519555.78
2026-03-24 21:00:00,0.1135,0.1137,0.1123,0.113,923708.47
2026-03-24 22:00:00,0.113,0.1137,0.1129,0.1134,1591370.02
2026-03-24 23:00:00,0.1133,0.1147,0.1132,0.1137,1542002.83
2026-03-25 00:00:00,0.1138,0.1141,0.1127,0.1134,905016.32
2026-03-25 01:00:00,0.1135,0.1151,0.1132,0.1141,1979259.3
2026-03-25 02:00:00,0.114,0.1146,0.1137,0.1141,713260.27
2026-03-25 03:00:00,0.1141,0.1149,0.1132,0.1143,759244.87
2026-03-25 04:00:00,0.1144,0.1144,0.1135,0.1143,629713.18
2026-03-25 05:00:00,0.1142,0.1145,0.1134,0.1135,996204.5
2026-03-25 06:00:00,0.1134,0.1135,0.1126,0.1127,1158129.47
2026-03-25 07:00:00,0.1128,0.1139,0.1127,0.113,723184.75
2026-03-25 08:00:00,0.113,0.114,0.113,0.1132,1683472.53
2026-03-25 09:00:00,0.1133,0.1141,0.1125,0.1138,2032120.33
2026-03-25 10:00:00,0.1138,0.1149,0.1135,0.1146,1488162.65
2026-03-25 11:00:00,0.1147,0.1153,0.1142,0.1149,1965926.94
2026-03-25 12:00:00,0.115,0.1157,0.1139,0.1146,1188731.53
2026-03-25 13:00:00,0.1146,0.1147,0.1136,0.1137,1469817.35
2026-03-25 14:00:00,0.1137,0.1147,0.1133,0.1145,949968.24
2026-03-25 15:00:00,0.1145,0.115,0.1134,0.1138,1556004.66
2026-03-25 16:00:00,0.1137,0.1146,0.1129,0.1137,1181625.58
2026-03-25 17:00:00,0.1137,0.1142,0.1134,0.1135,680216.5
2026-03-25 18:00:00,0.1136,0.1142,0.1133,0.1135,392264.46
2026-03-25 19:00:00,0.1135,0.114,0.1133,0.1134,324821.08
2026-03-25 20:00:00,0.1135,0.1136,0.1124,0.1128,933414.73
2026-03-25 21:00:00,0.1128,0.1131,0.1125,0.1128,631841.81
2026-03-25 22:00:00,0.1128,0.1142,0.1126,0.1135,915582.6
2026-03-25 23:00:00,0.1135,0.1135,0.1131,0.1134,441056.76
2026-03-26 00:00:00,0.1135,0.1138,0.113,0.1134,716033.07
2026-03-26 01:00:00,0.1134,0.114,0.1133,0.1135,711999.5
2026-03-26 02:00:00,0.1134,0.1135,0.1121,0.1128,557431.44
2026-03-26 03:00:00,0.1127,0.1128,0.1115,0.112,929973.82
2026-03-26 04:00:00,0.1119,0.112,0.1115,0.1116,555496.77
2026-03-26 05:00:00,0.1116,0.1119,0.1101,0.1103,1420831.75
2026-03-26 06:00:00,0.1103,0.1108,0.1097,0.1101,1425881.2
2026-03-26 07:00:00,0.1102,0.1106,0.1099,0.1105,765309.42
2026-03-26 08:00:00,0.1105,0.1107,0.1087,0.109,3422534.12
2026-03-26 09:00:00,0.1091,0.1096,0.108,0.1084,3902812.35
2026-03-26 10:00:00,0.1083,0.1087,0.1079,0.1084,611979.44
2026-03-26 11:00:00,0.1084,0.1086,0.108,0.1083,609109.56
2026-03-26 12:00:00,0.1084,0.1086,0.1079,0.1082,1077354.28
2026-03-26 13:00:00,0.1082,0.1097,0.108,0.1091,1904426.61
2026-03-26 14:00:00,0.1092,0.1095,0.1088,0.109,792240.06
2026-03-26 15:00:00,0.109,0.1091,0.1078,0.1086,849945.3
2026-03-26 16:00:00,0.1087,0.1097,0.1086,0.1097,1310441.81
2026-03-26 17:00:00,0.1097,0.1122,0.1097,0.1115,3799177.91
2026-03-26 18:00:00,0.1115,0.112,0.107,0.1075,10160264.23
2026-03-26 19:00:00,0.1075,0.1077,0.1062,0.1066,1970900.97
2026-03-26 20:00:00,0.1066,0.1089,0.1057,0.1082,2801690.6
2026-03-26 21:00:00,0.1082,0.1097,0.1082,0.1095,724982.22
2026-03-26 22:00:00,0.1095,0.1101,0.1089,0.1092,1013736.45
2026-03-26 23:00:00,0.1092,0.1094,0.1086,0.1087,830847.66
2026-03-27 00:00:00,0.1086,0.1094,0.1084,0.1089,1077974.94
2026-03-27 01:00:00,0.1089,0.1096,0.1088,0.1093,715730.7
2026-03-27 02:00:00,0.1093,0.1095,0.109,0.1093,391473.36
2026-03-27 03:00:00,0.1093,0.1096,0.1089,0.1094,737272.58
2026-03-27 04:00:00,0.1094,0.1098,0.1085,0.1093,1268908.0
2026-03-27 05:00:00,0.1092,0.1097,0.1089,0.1091,574234.86
2026-03-27 06:00:00,0.1091,0.1091,0.1084,0.1091,738408.26
2026-03-27 07:00:00,0.1091,0.1103,0.109,0.11,981925.34
2026-03-27 08:00:00,0.11,0.1105,0.1083,0.109,2020012.02
2026-03-27 09:00:00,0.109,0.109,0.1073,0.1081,900625.06
2026-03-27 10:00:00,0.108,0.108,0.1046,0.105,3102489.71
2026-03-27 11:00:00,0.1051,0.1059,0.1046,0.1056,1602425.8
2026-03-27 12:00:00,0.1056,0.1056,0.1047,0.1054,1891673.8
2026-03-27 13:00:00,0.1055,0.1057,0.1044,0.1048,1802421.93
2026-03-27 14:00:00,0.1048,0.1056,0.1036,0.1044,2785548.82
2026-03-27 15:00:00,0.1045,0.105,0.1036,0.104,3114585.68
2026-03-27 16:00:00,0.104,0.104,0.1026,0.1033,2668956.87
2026-03-27 17:00:00,0.1034,0.1044,0.1028,0.1031,1100152.76
2026-03-27 18:00:00,0.1031,0.1035,0.1024,0.1034,760660.9
2026-03-27 19:00:00,0.1033,0.1047,0.1028,0.1045,854940.46
2026-03-27 20:00:00,0.1045,0.1047,0.1035,0.104,894349.97
2026-03-27 21:00:00,0.1039,0.1044,0.1035,0.1035,822395.67
2026-03-27 22:00:00,0.1035,0.104,0.1035,0.1037,526835.19
2026-03-27 23:00:00,0.1037,0.1043,0.1036,0.1041,486372.08
2026-03-28 00:00:00,0.1042,0.1043,0.1038,0.1039,488177.45
2026-03-28 01:00:00,0.1038,0.1038,0.102,0.103,910305.88
2026-03-28 02:00:00,0.103,0.1036,0.1026,0.1031,720833.45
2026-03-28 03:00:00,0.1031,0.1035,0.1031,0.1034,441330.97
2026-03-28 04:00:00,0.1034,0.1036,0.103,0.1033,577547.33
2026-03-28 05:00:00,0.1033,0.1034,0.1029,0.1033,288285.67
2026-03-28 06:00:00,0.1032,0.1036,0.1031,0.1035,1013342.87
2026-03-28 07:00:00,0.1035,0.1044,0.1035,0.1043,357381.29
2026-03-28 08:00:00,0.1044,0.1051,0.1044,0.1048,568335.01
2026-03-28 09:00:00,0.1048,0.105,0.1039,0.1042,1005378.69
2026-03-28 10:00:00,0.1042,0.1049,0.1042,0.1045,420047.23
2026-03-28 11:00:00,0.1045,0.105,0.1044,0.1048,334472.02
2026-03-28 12:00:00,0.1048,0.1048,0.1038,0.1041,1009773.42
2026-03-28 13:00:00,0.1041,0.1062,0.104,0.1056,1586172.43
2026-03-28 14:00:00,0.1056,0.1056,0.1046,0.1048,379512.51
2026-03-28 15:00:00,0.1047,0.1056,0.1044,0.1045,676957.94
2026-03-28 16:00:00,0.1046,0.1057,0.1044,0.1053,2577719.23
2026-03-28 17:00:00,0.1053,0.1056,0.1048,0.1053,1088393.15
2026-03-28 18:00:00,0.1052,0.1052,0.1048,0.105,285399.89
2026-03-28 19:00:00,0.105,0.1052,0.1045,0.1047,355143.08
2026-03-28 20:00:00,0.1047,0.105,0.1046,0.1047,361987.96
2026-03-28 21:00:00,0.1046,0.1047,0.1036,0.1038,777881.2
2026-03-28 22:00:00,0.1038,0.1041,0.1036,0.104,541239.86
2026-03-28 23:00:00,0.1039,0.104,0.1021,0.1025,1113191.87
2026-03-29 00:00:00,0.1024,0.1027,0.1017,0.1024,1045991.05
2026-03-29 01:00:00,0.1024,0.1031,0.1024,0.1027,640295.63
2026-03-29 02:00:00,0.1027,0.1032,0.1027,0.1031,683405.86
2026-03-29 03:00:00,0.1031,0.1045,0.1028,0.1032,2142980.95
2026-03-29 04:00:00,0.1032,0.1034,0.1029,0.103,621020.13
2026-03-29 05:00:00,0.1029,0.1029,0.1023,0.1026,723260.73
2026-03-29 06:00:00,0.1025,0.1028,0.1022,0.1025,478320.08
2026-03-29 07:00:00,0.1025,0.1027,0.1022,0.1023,582463.38
2026-03-29 08:00:00,0.1022,0.1026,0.1022,0.1024,402831.97
2026-03-29 09:00:00,0.1024,0.1029,0.1023,0.1025,875346.92
2026-03-29 10:00:00,0.1025,0.1025,0.1014,0.102,968871.98
2026-03-29 11:00:00,0.1021,0.1028,0.1021,0.1024,487397.42
2026-03-29 12:00:00,0.1024,0.1024,0.101,0.1015,923818.61
2026-03-29 13:00:00,0.1015,0.1016,0.1004,0.101,1260799.61
2026-03-29 14:00:00,0.1011,0.1018,0.1009,0.1013,837107.8
2026-03-29 15:00:00,0.1013,0.1018,0.101,0.1015,974799.37
2026-03-29 16:00:00,0.1015,0.1022,0.1014,0.1016,477103.41
2026-03-29 17:00:00,0.1016,0.1021,0.1011,0.1019,458329.56
2026-03-29 18:00:00,0.102,0.1024,0.1016,0.1021,406371.25
2026-03-29 19:00:00,0.1021,0.1021,0.1018,0.1019,427845.28
2026-03-29 20:00:00,0.1019,0.1029,0.1019,0.1029,462825.33
2026-03-29 21:00:00,0.103,0.1036,0.1027,0.1036,897627.28
2026-03-29 22:00:00,0.1035,0.1035,0.0987,0.1016,5133570.63
2026-03-29 23:00:00,0.1016,0.1024,0.1014,0.102,1351706.01
2026-03-30 00:00:00,0.1021,0.1046,0.1019,0.1034,1496670.18
2026-03-30 01:00:00,0.1034,0.105,0.1034,0.1049,693139.7
2026-03-30 02:00:00,0.1049,0.1063,0.1044,0.1055,1270501.17
2026-03-30 03:00:00,0.1054,0.106,0.105,0.1057,792837.3
2026-03-30 04:00:00,0.1057,0.108,0.1057,0.1077,2556557.58
2026-03-30 05:00:00,0.1076,0.108,0.1068,0.1071,1368887.83
2026-03-30 06:00:00,0.1071,0.1081,0.1071,0.1079,1140517.8
2026-03-30 07:00:00,0.1078,0.1091,0.1078,0.1086,1737201.29
2026-03-30 08:00:00,0.1086,0.1088,0.1081,0.1085,1012860.17
2026-03-30 09:00:00,0.1084,0.1085,0.1067,0.1068,1287694.8
2026-03-30 10:00:00,0.1069,0.1077,0.1066,0.1076,706199.05
2026-03-30 11:00:00,0.1075,0.1088,0.1073,0.1081,1569076.97
2026-03-30 12:00:00,0.1082,0.1101,0.1081,0.1091,4174830.67
2026-03-30 13:00:00,0.1092,0.1098,0.1073,0.1074,1738386.55
2026-03-30 14:00:00,0.1074,0.1079,0.1068,0.1077,1345740.91
2026-03-30 15:00:00,0.1077,0.1077,0.1065,0.1073,1249840.08
2026-03-30 16:00:00,0.1072,0.1077,0.1069,0.1076,1225783.05
2026-03-30 17:00:00,0.1076,0.1078,0.1061,0.1066,1255484.04
2026-03-30 18:00:00,0.1067,0.1069,0.1061,0.1063,700015.43
2026-03-30 19:00:00,0.1063,0.1066,0.1055,0.1065,1091835.37
2026-03-30 20:00:00,0.1066,0.107,0.1062,0.1065,582718.94
2026-03-30 21:00:00,0.1064,0.1073,0.1062,0.1069,539010.22
2026-03-30 22:00:00,0.1069,0.1072,0.1064,0.1065,482796.06
2026-03-30 23:00:00,0.1065,0.1065,0.1055,0.1059,485298.2
2026-03-31 00:00:00,0.106,0.1066,0.1057,0.1064,1170413.48
2026-03-31 01:00:00,0.1064,0.1085,0.1063,0.1081,1525834.6
2026-03-31 02:00:00,0.108,0.1086,0.1078,0.1083,699910.72
2026-03-31 03:00:00,0.1082,0.1084,0.1074,0.1082,1167425.93
2026-03-31 04:00:00,0.1083,0.1085,0.1076,0.1082,1205579.19
2026-03-31 05:00:00,0.1081,0.1085,0.1079,0.1083,892240.02
2026-03-31 06:00:00,0.1083,0.1091,0.108,0.109,1693671.7
2026-03-31 07:00:00,0.109,0.1092,0.1078,0.1092,1341436.25
2026-03-31 08:00:00,0.1092,0.1093,0.1073,0.1075,2185520.08
2026-03-31 09:00:00,0.1075,0.1079,0.1067,0.1073,1491842.77
2026-03-31 10:00:00,0.1073,0.108,0.1072,0.1076,1041181.59
2026-03-31 11:00:00,0.1076,0.1097,0.1072,0.1097,2505062.47
2026-03-31 12:00:00,0.1098,0.1103,0.1091,0.1096,1934757.28
2026-03-31 13:00:00,0.1097,0.1118,0.1096,0.111,2947336.78
2026-03-31 14:00:00,0.1111,0.1124,0.1091,0.1095,3235450.91
2026-03-31 15:00:00,0.1095,0.1114,0.1092,0.1095,1759327.67
2026-03-31 16:00:00,0.1095,0.1109,0.1085,0.1106,3117241.64
2026-03-31 17:00:00,0.1107,0.112,0.1101,0.1106,1872678.99
2026-03-31 18:00:00,0.1106,0.1109,0.1098,0.1106,1507037.58
2026-03-31 19:00:00,0.1106,0.111,0.1096,0.1103,1286195.91
2026-03-31 20:00:00,0.1103,0.1108,0.1101,0.1107,1119863.72
2026-03-31 21:00:00,0.1106,0.1113,0.11,0.1106,1144237.26
2026-03-31 22:00:00,0.1106,0.1109,0.1098,0.1104,1092736.8
2026-03-31 23:00:00,0.1104,0.1109,0.1102,0.1108,1070964.01
2026-04-01 00:00:00,0.1107,0.1107,0.1094,0.1101,711072.09
2026-04-01 01:00:00,0.1102,0.1103,0.1086,0.109,1582888.43
2026-04-01 02:00:00,0.1091,0.1094,0.109,0.1092,531916.96
2026-04-01 03:00:00,0.1093,0.1107,0.1093,0.1103,481152.67
2026-04-01 04:00:00,0.1104,0.1113,0.1102,0.1108,544214.0
2026-04-01 05:00:00,0.1108,0.1123,0.1106,0.1118,960924.15
2026-04-01 06:00:00,0.1118,0.1125,0.1115,0.1122,799601.17
2026-04-01 07:00:00,0.1122,0.1129,0.1116,0.1127,2160542.43
2026-04-01 08:00:00,0.1127,0.1134,0.1123,0.1123,1037547.87
2026-04-01 09:00:00,0.1122,0.1126,0.1116,0.112,1593230.26
2026-04-01 10:00:00,0.1121,0.1124,0.1108,0.1112,1742170.05
2026-04-01 11:00:00,0.1112,0.1115,0.1108,0.1114,856438.43
2026-04-01 12:00:00,0.1115,0.1134,0.1113,0.1122,2151783.61
2026-04-01 13:00:00,0.1122,0.1123,0.1106,0.1109,897991.13
2026-04-01 14:00:00,0.1109,0.1119,0.1108,0.1114,1093868.0
2026-04-01 15:00:00,0.1115,0.1119,0.111,0.1119,639168.25
2026-04-01 16:00:00,0.1119,0.1121,0.1114,0.1117,936327.67
2026-04-01 17:00:00,0.1116,0.1127,0.1111,0.1111,919337.19
2026-04-01 18:00:00,0.1111,0.1114,0.1105,0.1106,648985.21
2026-04-01 19:00:00,0.1107,0.1114,0.1105,0.1109,424948.86
2026-04-01 20:00:00,0.1109,0.1109,0.1102,0.1108,1508760.33
2026-04-01 21:00:00,0.1108,0.112,0.1108,0.1116,2143971.45
2026-04-01 22:00:00,0.1115,0.1115,0.1096,0.11,1270831.32
2026-04-01 23:00:00,0.11,0.1102,0.1097,0.1101,530042.79
2026-04-02 00:00:00,0.1102,0.1112,0.1101,0.1109,887731.42
2026-04-02 01:00:00,0.1109,0.1113,0.1076,0.1084,3275071.03
2026-04-02 02:00:00,0.1083,0.1084,0.1063,0.1071,1467930.14
2026-04-02 03:00:00,0.107,0.1076,0.1064,0.1068,1261821.15
2026-04-02 04:00:00,0.1067,0.1069,0.1061,0.1063,1016392.32
2026-04-02 05:00:00,0.1063,0.1077,0.1061,0.1075,1323143.99
2026-04-02 06:00:00,0.1076,0.1082,0.1071,0.1074,1036617.31
2026-04-02 07:00:00,0.1074,0.1076,0.1072,0.1074,476342.65
2026-04-02 08:00:00,0.1074,0.1075,0.1066,0.1067,533240.71
2026-04-02 09:00:00,0.1066,0.1068,0.1062,0.1066,1338944.79
2026-04-02 10:00:00,0.1066,0.1067,0.1061,0.1065,497709.12
2026-04-02 11:00:00,0.1065,0.107,0.106,0.1068,641102.42
2026-04-02 12:00:00,0.1068,0.1068,0.1052,0.1056,2451260.1
2026-04-02 13:00:00,0.1056,0.1058,0.1046,0.1053,2397124.99
2026-04-02 14:00:00,0.1053,0.1073,0.1051,0.1071,2138079.01
2026-04-02 15:00:00,0.1071,0.1071,0.1059,0.1066,2687239.81
2026-04-02 16:00:00,0.1067,0.1073,0.1058,0.1066,2258722.34
2026-04-02 17:00:00,0.1065,0.108,0.106,0.1062,2360002.64
2026-04-02 18:00:00,0.1063,0.1073,0.1063,0.1069,735555.11
2026-04-02 19:00:00,0.1069,0.1069,0.1061,0.1063,1049605.02
2026-04-02 20:00:00,0.1063,0.1072,0.1058,0.1065,1382678.33
2026-04-02 21:00:00,0.1066,0.1066,0.1059,0.1064,325106.0
2026-04-02 22:00:00,0.1064,0.1067,0.1059,0.1062,710602.5
2026-04-02 23:00:00,0.1061,0.1066,0.1061,0.1064,588009.33
2026-04-03 00:00:00,0.1064,0.1065,0.106,0.1064,800084.58
2026-04-03 01:00:00,0.1065,0.107,0.1063,0.1068,824490.54
2026-04-03 02:00:00,0.1069,0.1077,0.1066,0.1072,1305532.11
2026-04-03 03:00:00,0.1072,0.1082,0.1069,0.1076,1311376.05
2026-04-03 04:00:00,0.1076,0.1085,0.1075,0.1083,961680.92
2026-04-03 05:00:00,0.1084,0.1095,0.1081,0.1092,1225640.62
2026-04-03 06:00:00,0.1091,0.11,0.109,0.1095,1764916.22
2026-04-03 07:00:00,0.1094,0.1099,0.1089,0.1091,937755.71
2026-04-03 08:00:00,0.1092,0.1104,0.1091,0.1101,1167770.88
2026-04-03 09:00:00,0.1101,0.1111,0.1097,0.1108,1756563.86
2026-04-03 10:00:00,0.1109,0.1111,0.1096,0.11,1271428.11
2026-04-03 11:00:00,0.11,0.1109,0.1099,0.1108,1254704.13
2026-04-03 12:00:00,0.1108,0.1119,0.11,0.1104,2761959.12
2026-04-03 13:00:00,0.1105,0.1105,0.1095,0.11,835111.18
2026-04-03 14:00:00,0.11,0.1109,0.1096,0.1105,796848.68
2026-04-03 15:00:00,0.1105,0.1109,0.1099,0.1099,927728.04
2026-04-03 16:00:00,0.1099,0.1105,0.1099,0.1103,1111696.54
2026-04-03 17:00:00,0.1103,0.1107,0.1098,0.1102,696534.3
2026-04-03 18:00:00,0.1101,0.1106,0.11,0.1102,562961.3
2026-04-03 19:00:00,0.1102,0.1105,0.1097,0.1105,653669.03
2026-04-03 20:00:00,0.1105,0.1109,0.1102,0.1104,361211.45
2026-04-03 21:00:00,0.1105,0.1111,0.1105,0.1109,500520.56
2026-04-03 22:00:00,0.1109,0.1111,0.1102,0.1103,605508.7
2026-04-03 23:00:00,0.1103,0.1103,0.1097,0.11,333186.51
2026-04-04 00:00:00,0.1101,0.1102,0.1094,0.1096,854109.08
2026-04-04 01:00:00,0.1096,0.1101,0.1095,0.11,417709.48
2026-04-04 02:00:00,0.1099,0.1104,0.1097,0.1101,851249.67
2026-04-04 03:00:00,0.1101,0.1109,0.1098,0.1103,683172.38
2026-04-04 04:00:00,0.1102,0.1102,0.1097,0.1101,596539.64
2026-04-04 05:00:00,0.11,0.1105,0.1098,0.1098,820736.4
2026-04-04 06:00:00,0.1097,0.1104,0.1095,0.1103,280677.44
2026-04-04 07:00:00,0.1103,0.1111,0.1103,0.1105,1009984.43
2026-04-04 08:00:00,0.1104,0.1106,0.1099,0.1103,813857.44
2026-04-04 09:00:00,0.1103,0.1106,0.1095,0.1097,725063.22
2026-04-04 10:00:00,0.1096,0.1097,0.109,0.1095,690079.84
2026-04-04 11:00:00,0.1095,0.11,0.1094,0.1099,412008.65
2026-04-04 12:00:00,0.1098,0.1099,0.1094,0.1097,362839.75
2026-04-04 13:00:00,0.1096,0.1097,0.1087,0.1089,424638.11
2026-04-04 14:00:00,0.1088,0.1097,0.1084,0.1096,678651.19
2026-04-04 15:00:00,0.1095,0.1103,0.1093,0.1095,1055290.47
2026-04-04 16:00:00,0.1095,0.1099,0.1092,0.1093,470479.89
2026-04-04 17:00:00,0.1093,0.1107,0.1091,0.1103,600485.21
2026-04-04 18:00:00,0.1103,0.1106,0.11,0.1103,636866.94
2026-04-04 19:00:00,0.1103,0.1115,0.11,0.1105,608544.93
2026-04-04 20:00:00,0.1105,0.1105,0.1099,0.1102,459529.34
2026-04-04 21:00:00,0.1102,0.1108,0.1102,0.1103,662176.11
2026-04-04 22:00:00,0.1103,0.1107,0.1103,0.1105,231415.62
2026-04-04 23:00:00,0.1104,0.1107,0.1103,0.1106,325736.01
2026-04-05 00:00:00,0.1107,0.1109,0.11,0.1102,1020843.58
2026-04-05 01:00:00,0.1103,0.1106,0.1098,0.1098,588816.59
2026-04-05 02:00:00,0.1098,0.1098,0.1093,0.1095,636684.07
2026-04-05 03:00:00,0.1095,0.1095,0.109,0.1093,438574.84
2026-04-05 04:00:00,0.1092,0.1092,0.1089,0.1089,219279.19
2026-04-05 05:00:00,0.1088,0.1091,0.1079,0.1081,371894.64
2026-04-05 06:00:00,0.108,0.1081,0.1069,0.1075,720853.9
2026-04-05 07:00:00,0.1075,0.1076,0.1069,0.1071,444420.03
2026-04-05 08:00:00,0.1071,0.1075,0.1069,0.1074,258158.22
2026-04-05 09:00:00,0.1074,0.1079,0.1074,0.1078,342990.42
2026-04-05 10:00:00,0.1078,0.1079,0.107,0.1071,324237.26
2026-04-05 11:00:00,0.1071,0.1074,0.1068,0.1073,586950.69
2026-04-05 12:00:00,0.1072,0.1073,0.1062,0.1067,1369922.6
2026-04-05 13:00:00,0.1066,0.1068,0.1057,0.1068,876549.78
2026-04-05 14:00:00,0.1067,0.107,0.1064,0.1066,509488.89
2026-04-05 15:00:00,0.1066,0.1083,0.1061,0.1071,1591234.64
2026-04-05 16:00:00,0.1071,0.1073,0.1065,0.1065,477790.29
2026-04-05 17:00:00,0.1065,0.1073,0.1062,0.107,455037.95
2026-04-05 18:00:00,0.107,0.1072,0.1066,0.1068,465844.21
2026-04-05 19:00:00,0.1068,0.1073,0.1064,0.1069,418824.87
2026-04-05 20:00:00,0.1069,0.1072,0.1068,0.1071,455782.47
2026-04-05 21:00:00,0.1071,0.1072,0.1065,0.1068,557249.88
2026-04-05 22:00:00,0.1069,0.109,0.1066,0.109,1118699.89
2026-04-05 23:00:00,0.109,0.1104,0.1086,0.1103,1354187.91
2026-04-06 00:00:00,0.1104,0.1118,0.1104,0.111,1779563.87
2026-04-06 01:00:00,0.1109,0.111,0.1101,0.1105,672384.43
2026-04-06 02:00:00,0.1106,0.1124,0.1106,0.112,1331918.74
2026-04-06 03:00:00,0.112,0.1122,0.111,0.1116,685697.9
2026-04-06 04:00:00,0.1117,0.1125,0.1116,0.1121,743072.69
2026-04-06 05:00:00,0.1122,0.1126,0.1119,0.112,686418.93
2026-04-06 06:00:00,0.1121,0.1122,0.1109,0.1118,1734788.27
2026-04-06 07:00:00,0.1118,0.1122,0.1113,0.112,506841.74
2026-04-06 08:00:00,0.1121,0.113,0.112,0.1121,821733.94
2026-04-06 09:00:00,0.1121,0.1136,0.1121,0.1132,1599816.3
2026-04-06 10:00:00,0.1133,0.1145,0.1133,0.1142,1754779.04
2026-04-06 11:00:00,0.1142,0.1148,0.114,0.1147,1131328.1
2026-04-06 12:00:00,0.1148,0.1151,0.1136,0.1141,1869911.08
2026-04-06 13:00:00,0.1141,0.1141,0.1129,0.1133,684318.64
2026-04-06 14:00:00,0.1133,0.1137,0.1122,0.1131,1125823.51
2026-04-06 15:00:00,0.1131,0.1138,0.113,0.1137,820728.56
2026-04-06 16:00:00,0.1136,0.1138,0.1129,0.1132,533182.36
2026-04-06 17:00:00,0.1132,0.1135,0.1124,0.1129,645734.58
2026-04-06 18:00:00,0.1129,0.1132,0.1125,0.1127,516395.48
2026-04-06 19:00:00,0.1127,0.1127,0.112,0.1123,412777.22
2026-04-06 20:00:00,0.1123,0.1126,0.1121,0.1121,196973.28
2026-04-06 21:00:00,0.1121,0.1122,0.1115,0.1116,686589.3
2026-04-06 22:00:00,0.1116,0.1119,0.1099,0.1099,736475.95
2026-04-06 23:00:00,0.1099,0.11,0.109,0.1098,1249982.3
2026-04-07 00:00:00,0.1098,0.1103,0.1093,0.1096,829155.2
2026-04-07 01:00:00,0.1095,0.11,0.1091,0.1093,478319.57
2026-04-07 02:00:00,0.1092,0.1095,0.1083,0.1092,825363.28
2026-04-07 03:00:00,0.1093,0.1098,0.1093,0.1096,210736.57
2026-04-07 04:00:00,0.1095,0.1103,0.1093,0.1099,513452.63
2026-04-07 05:00:00,0.1099,0.1099,0.1091,0.1096,319290.99
2026-04-07 06:00:00,0.1097,0.1097,0.109,0.1094,556531.15
2026-04-07 07:00:00,0.1093,0.1102,0.1092,0.1099,648197.66
2026-04-07 08:00:00,0.1098,0.1106,0.1096,0.1099,435180.59
2026-04-07 09:00:00,0.1099,0.1104,0.1099,0.1102,295171.66
2026-04-07 10:00:00,0.1103,0.1103,0.1089,0.1091,1729434.23
2026-04-07 11:00:00,0.1091,0.1094,0.1085,0.1092,878866.82
2026-04-07 12:00:00,0.1092,0.1092,0.1074,0.1085,2324854.33
2026-04-07 13:00:00,0.1085,0.1091,0.1084,0.1084,1701848.29
2026-04-07 14:00:00,0.1085,0.1091,0.1078,0.1081,1305093.33
2026-04-07 15:00:00,0.108,0.109,0.1077,0.1084,1366738.04
2026-04-07 16:00:00,0.1084,0.109,0.1083,0.1083,485272.63
2026-04-07 17:00:00,0.1084,0.11,0.1082,0.1093,820173.51
2026-04-07 18:00:00,0.1094,0.11,0.1091,0.1094,352720.47
2026-04-07 19:00:00,0.1093,0.1116,0.1093,0.1116,911164.17
2026-04-07 20:00:00,0.1117,0.1123,0.1112,0.1114,1739515.32
2026-04-07 21:00:00,0.1114,0.1154,0.1114,0.1152,1970303.14
2026-04-07 22:00:00,0.1153,0.118,0.1144,0.1178,5774511.17
2026-04-07 23:00:00,0.1179,0.1198,0.1171,0.1187,4988297.05
2026-04-08 00:00:00,0.1188,0.1191,0.1178,0.1185,2086875.45
2026-04-08 01:00:00,0.1186,0.1205,0.1184,0.1198,2366702.77
2026-04-08 02:00:00,0.1198,0.1208,0.1193,0.1196,2537200.28
2026-04-08 03:00:00,0.1196,0.1201,0.119,0.1196,973991.24
2026-04-08 04:00:00,0.1196,0.1209,0.1195,0.1196,3053719.87
2026-04-08 05:00:00,0.1196,0.1206,0.1196,0.1199,1984503.34
2026-04-08 06:00:00,0.1199,0.1201,0.119,0.1198,1026675.3
2026-04-08 07:00:00,0.1199,0.12,0.1193,0.1199,2007892.76
2026-04-08 08:00:00,0.1198,0.12,0.1186,0.1189,2719690.32
2026-04-08 09:00:00,0.1188,0.1191,0.1181,0.1182,2596999.82
2026-04-08 10:00:00,0.1182,0.1185,0.1179,0.118,1288082.92
2026-04-08 11:00:00,0.1179,0.1182,0.1174,0.118,1554921.25
2026-04-08 12:00:00,0.118,0.1181,0.1173,0.1174,1154480.25
2026-04-08 13:00:00,0.1175,0.1185,0.1175,0.1181,1091006.89
2026-04-08 14:00:00,0.1181,0.1183,0.1154,0.1157,1727774.81
2026-04-08 15:00:00,0.1157,0.1165,0.1154,0.1164,924319.44
2026-04-08 16:00:00,0.1165,0.1169,0.1161,0.1168,746121.45
2026-04-08 17:00:00,0.1168,0.1178,0.1164,0.1167,1075973.07
2026-04-08 18:00:00,0.1167,0.1167,0.1149,0.115,1129067.32
2026-04-08 19:00:00,0.115,0.1157,0.1148,0.1157,499386.43
2026-04-08 20:00:00,0.1158,0.1162,0.1152,0.1154,501780.9
2026-04-08 21:00:00,0.1154,0.1169,0.1154,0.1166,946772.71
2026-04-08 22:00:00,0.1166,0.1169,0.1153,0.1154,951870.5
2026-04-08 23:00:00,0.1153,0.1156,0.1142,0.115,1890898.03
2026-04-09 00:00:00,0.1149,0.115,0.1131,0.114,1601695.46
2026-04-09 01:00:00,0.1139,0.114,0.1126,0.1133,1090914.27
2026-04-09 02:00:00,0.1133,0.114,0.113,0.1137,457469.17
2026-04-09 03:00:00,0.1137,0.1139,0.1132,0.1135,900313.71
2026-04-09 04:00:00,0.1134,0.1141,0.1131,0.1136,664166.66
2026-04-09 05:00:00,0.1136,0.1147,0.1133,0.1135,1689719.67
2026-04-09 06:00:00,0.1135,0.1142,0.1135,0.1139,917442.35
2026-04-09 07:00:00,0.114,0.1144,0.1135,0.1136,565750.6
2026-04-09 08:00:00,0.1135,0.1139,0.1134,0.1135,602054.64
2026-04-09 09:00:00,0.1135,0.1135,0.1124,0.1132,1643589.55
2026-04-09 10:00:00,0.1132,0.1132,0.1125,0.1126,656209.58
2026-04-09 11:00:00,0.1125,0.1126,0.1121,0.1123,390033.73
2026-04-09 12:00:00,0.1122,0.1129,0.1122,0.1126,416106.6
2026-04-09 13:00:00,0.1126,0.1126,0.1112,0.1117,1696380.27
2026-04-09 14:00:00,0.1117,0.1124,0.111,0.1122,717547.71
2026-04-09 15:00:00,0.1123,0.1146,0.1117,0.1143,1995316.0
2026-04-09 16:00:00,0.1143,0.1148,0.1134,0.1137,999349.95
2026-04-09 17:00:00,0.1137,0.1143,0.1127,0.1135,1189390.59
2026-04-09 18:00:00,0.1134,0.1136,0.1124,0.1136,698869.36
2026-04-09 19:00:00,0.1135,0.1145,0.1133,0.1141,963498.65
2026-04-09 20:00:00,0.1142,0.1151,0.1142,0.1146,1025815.71
2026-04-09 21:00:00,0.1145,0.1151,0.1142,0.1146,609255.19
2026-04-09 22:00:00,0.1146,0.1168,0.1146,0.115,1020480.14
2026-04-09 23:00:00,0.1149,0.115,0.1135,0.1141,898796.41
2026-04-10 00:00:00,0.1142,0.1145,0.1134,0.1142,1450940.8
2026-04-10 01:00:00,0.1141,0.1154,0.1135,0.1141,940894.91
2026-04-10 02:00:00,0.1141,0.115,0.1141,0.1144,321862.42
2026-04-10 03:00:00,0.1144,0.1148,0.1139,0.114,575022.88
2026-04-10 04:00:00,0.1141,0.1161,0.114,0.1157,1640333.3
2026-04-10 05:00:00,0.1157,0.1161,0.1151,0.116,563268.43
2026-04-10 06:00:00,0.1161,0.1163,0.1147,0.115,933437.89
2026-04-10 07:00:00,0.115,0.1154,0.1145,0.1145,895858.19
2026-04-10 08:00:00,0.1145,0.115,0.1139,0.1142,1107067.3
2026-04-10 09:00:00,0.1142,0.1157,0.1142,0.1149,1216420.43
2026-04-10 10:00:00,0.1149,0.115,0.1142,0.1143,674552.57
2026-04-10 11:00:00,0.1143,0.1149,0.1142,0.1142,597726.23
2026-04-10 12:00:00,0.1142,0.1156,0.1142,0.1147,1945616.56
2026-04-10 13:00:00,0.1147,0.115,0.1138,0.1145,1025036.66
2026-04-10 14:00:00,0.1145,0.1155,0.1133,0.1155,1180420.96
2026-04-10 15:00:00,0.1155,0.116,0.1145,0.1147,1049616.33
2026-04-10 16:00:00,0.1148,0.1156,0.1147,0.1153,966705.38
2026-04-10 17:00:00,0.1152,0.1152,0.1144,0.1146,731502.63
2026-04-10 18:00:00,0.1147,0.1159,0.1145,0.1157,860049.77
2026-04-10 19:00:00,0.1156,0.1163,0.1154,0.1159,532049.32
2026-04-10 20:00:00,0.116,0.1161,0.1152,0.1156,499404.66
2026-04-10 21:00:00,0.1156,0.1157,0.1144,0.1152,827533.43
2026-04-10 22:00:00,0.1153,0.1158,0.115,0.1153,832296.9
2026-04-10 23:00:00,0.1154,0.1155,0.1147,0.1152,997083.38
2026-04-11 00:00:00,0.1152,0.1152,0.1121,0.1126,3620268.23
2026-04-11 01:00:00,0.1125,0.1131,0.1119,0.1128,1112250.53
2026-04-11 02:00:00,0.1128,0.1134,0.1127,0.1133,1160300.09
2026-04-11 03:00:00,0.1134,0.1144,0.1133,0.1135,764443.74
2026-04-11 04:00:00,0.1135,0.114,0.1133,0.1135,1040796.81
2026-04-11 05:00:00,0.1135,0.1136,0.1124,0.113,1123903.69
2026-04-11 06:00:00,0.113,0.113,0.1125,0.1127,560670.25
2026-04-11 07:00:00,0.1127,0.1127,0.112,0.1123,906807.48
2026-04-11 08:00:00,0.1122,0.1125,0.1121,0.1121,524598.57
2026-04-11 09:00:00,0.1121,0.1128,0.1118,0.1128,799382.86
2026-04-11 10:00:00,0.1127,0.1127,0.112,0.1124,520314.33
2026-04-11 11:00:00,0.1125,0.1128,0.1124,0.1125,820622.94
2026-04-11 12:00:00,0.1124,0.1125,0.1111,0.1113,2120724.82
2026-04-11 13:00:00,0.1113,0.1113,0.1102,0.1107,1929746.47
2026-04-11 14:00:00,0.1108,0.1115,0.1107,0.1109,844836.57
2026-04-11 15:00:00,0.1109,0.1119,0.1109,0.1118,841521.5
2026-04-11 16:00:00,0.1118,0.1136,0.1116,0.1132,1631593.82
2026-04-11 17:00:00,0.1131,0.1141,0.1128,0.1133,1737206.65
2026-04-11 18:00:00,0.1134,0.1156,0.1132,0.1149,2157046.94
2026-04-11 19:00:00,0.115,0.1162,0.1145,0.1162,2830513.83
2026-04-11 20:00:00,0.1163,0.1163,0.1151,0.1159,1552061.34
2026-04-11 21:00:00,0.1158,0.1164,0.1149,0.1157,1309055.97
2026-04-11 22:00:00,0.1157,0.1163,0.1147,0.1152,898808.0
2026-04-11 23:00:00,0.1151,0.1152,0.114,0.1145,869811.42
2026-04-12 00:00:00,0.1146,0.1147,0.1139,0.1143,1457489.24
2026-04-12 01:00:00,0.1144,0.1147,0.1094,0.1098,2462839.42
2026-04-12 02:00:00,0.1098,0.1102,0.109,0.1099,1264991.9
2026-04-12 03:00:00,0.1098,0.1101,0.1091,0.1093,759016.74
2026-04-12 04:00:00,0.1092,0.1092,0.1086,0.1088,850382.32
2026-04-12 05:00:00,0.1088,0.1095,0.1086,0.1093,1254741.62
2026-04-12 06:00:00,0.1093,0.1095,0.1086,0.1086,597493.91
2026-04-12 07:00:00,0.1087,0.1087,0.1079,0.1082,537572.76
2026-04-12 08:00:00,0.1082,0.1087,0.108,0.1082,625782.37
2026-04-12 09:00:00,0.1082,0.1085,0.1078,0.1081,711357.54
2026-04-12 10:00:00,0.1082,0.1088,0.1078,0.108,1201308.29
2026-04-12 11:00:00,0.1079,0.109,0.1074,0.1084,1012998.8
2026-04-12 12:00:00,0.1084,0.1093,0.1078,0.1084,1271521.44
2026-04-12 13:00:00,0.1084,0.1088,0.1075,0.1076,1027189.24
2026-04-12 14:00:00,0.1076,0.1083,0.1074,0.1077,1388261.85
2026-04-12 15:00:00,0.1077,0.1077,0.107,0.1075,1171547.01
2026-04-12 16:00:00,0.1075,0.1079,0.1074,0.1078,800130.71
2026-04-12 17:00:00,0.1078,0.1096,0.1077,0.1094,1274325.33
2026-04-12 18:00:00,0.1095,0.1096,0.1088,0.109,609651.85
2026-04-12 19:00:00,0.1089,0.1096,0.1088,0.109,387328.32
2026-04-12 20:00:00,0.1091,0.1097,0.1084,0.1093,426840.29
2026-04-12 21:00:00,0.1093,0.1093,0.1078,0.1081,354340.29
2026-04-12 22:00:00,0.1081,0.1081,0.1066,0.1073,1184011.21
2026-04-12 23:00:00,0.1072,0.1072,0.1066,0.1069,1145333.99
2026-04-13 00:00:00,0.107,0.1081,0.1068,0.1076,608429.35
2026-04-13 01:00:00,0.1076,0.1076,0.1069,0.1075,671153.59
2026-04-13 02:00:00,0.1075,0.1075,0.106,0.1063,720247.56
2026-04-13 03:00:00,0.1064,0.1067,0.1061,0.1067,347490.22
2026-04-13 04:00:00,0.1066,0.1069,0.1062,0.1063,600397.0
2026-04-13 05:00:00,0.1063,0.1063,0.1056,0.1062,867262.64
2026-04-13 06:00:00,0.1062,0.108,0.1062,0.1072,819699.63
2026-04-13 07:00:00,0.1072,0.1072,0.1059,0.1061,922402.23
2026-04-13 08:00:00,0.1061,0.1066,0.1054,0.1061,1041604.4
2026-04-13 09:00:00,0.1062,0.1071,0.1061,0.1066,757311.5
2026-04-13 10:00:00,0.1066,0.1073,0.1065,0.1066,800824.26
2026-04-13 11:00:00,0.1067,0.1073,0.1066,0.107,714770.52
2026-04-13 12:00:00,0.107,0.1085,0.1064,0.1081,730753.45
2026-04-13 13:00:00,0.1081,0.1091,0.1072,0.1087,1327991.09
2026-04-13 14:00:00,0.1088,0.1097,0.1083,0.1097,1311348.35
2026-04-13 15:00:00,0.1097,0.1097,0.1081,0.1088,841335.89
2026-04-13 16:00:00,0.1088,0.1097,0.1085,0.1095,1472906.08
2026-04-13 17:00:00,0.1095,0.1102,0.1084,0.1085,1215611.37
2026-04-13 18:00:00,0.1084,0.1095,0.1082,0.1094,772684.5
2026-04-13 19:00:00,0.1095,0.1124,0.1093,0.1121,2146617.86
2026-04-13 20:00:00,0.1122,0.1122,0.1107,0.1108,1003149.53
2026-04-13 21:00:00,0.1108,0.1122,0.1105,0.1121,1102054.68
2026-04-13 22:00:00,0.1121,0.1166,0.1119,0.1163,4454595.51
2026-04-13 23:00:00,0.1164,0.1165,0.1154,0.1163,3566157.6
2026-04-14 00:00:00,0.1163,0.117,0.1153,0.1155,2781340.31
2026-04-14 01:00:00,0.1155,0.1156,0.1142,0.1144,1467468.3
2026-04-14 02:00:00,0.1144,0.1149,0.1141,0.1144,716380.42
2026-04-14 03:00:00,0.1143,0.1153,0.1141,0.1144,562324.54
2026-04-14 04:00:00,0.1144,0.1149,0.114,0.1146,504052.17
2026-04-14 05:00:00,0.1146,0.1149,0.1133,0.1136,773071.18
2026-04-14 06:00:00,0.1137,0.1141,0.1135,0.1137,574040.8
2026-04-14 07:00:00,0.1137,0.1139,0.1129,0.1136,865371.93
2026-04-14 08:00:00,0.1137,0.1141,0.1131,0.1137,981981.64
2026-04-14 09:00:00,0.1136,0.114,0.1131,0.1139,431787.01
2026-04-14 10:00:00,0.1139,0.1141,0.1131,0.1135,810912.95
2026-04-14 11:00:00,0.1134,0.1134,0.1127,0.113,418881.5
2026-04-14 12:00:00,0.113,0.1133,0.1127,0.1132,514433.91
2026-04-14 13:00:00,0.1131,0.1145,0.1131,0.1145,1672004.65
2026-04-14 14:00:00,0.1145,0.1168,0.1138,0.1147,7105559.77
2026-04-14 15:00:00,0.1147,0.1154,0.1128,0.1134,2178339.79
2026-04-14 16:00:00,0.1133,0.1147,0.113,0.1138,2918166.43
2026-04-14 17:00:00,0.1138,0.1143,0.1123,0.113,1252462.2
2026-04-14 18:00:00,0.1131,0.1134,0.1102,0.1107,1895183.57
2026-04-14 19:00:00,0.1107,0.1113,0.1102,0.1112,916873.78
2026-04-14 20:00:00,0.1112,0.1113,0.1103,0.1104,980396.98
2026-04-14 21:00:00,0.1104,0.1113,0.1103,0.1112,1173984.79
2026-04-14 22:00:00,0.1111,0.1117,0.1106,0.1109,315939.22
2026-04-14 23:00:00,0.1108,0.1115,0.1105,0.1113,330230.23
2026-04-15 00:00:00,0.1112,0.1123,0.1111,0.1116,584723.42
2026-04-15 01:00:00,0.1116,0.113,0.1115,0.1124,519918.92
2026-04-15 02:00:00,0.1124,0.1126,0.1118,0.1126,419525.52
2026-04-15 03:00:00,0.1126,0.1126,0.1121,0.1122,783990.49
2026-04-15 04:00:00,0.1122,0.1131,0.1121,0.113,1145506.27
2026-04-15 05:00:00,0.113,0.1133,0.1118,0.1121,674688.79
2026-04-15 06:00:00,0.1121,0.1125,0.1114,0.1121,306246.49
2026-04-15 07:00:00,0.1122,0.1126,0.1116,0.1118,577580.42
2026-04-15 08:00:00,0.1119,0.1135,0.1118,0.1128,649305.27
2026-04-15 09:00:00,0.1129,0.1135,0.1127,0.1134,673725.84
2026-04-15 10:00:00,0.1135,0.1147,0.1133,0.1139,671547.73
2026-04-15 11:00:00,0.114,0.116,0.1139,0.1152,1684726.54
2026-04-15 12:00:00,0.1152,0.1163,0.1145,0.116,2154446.94
2026-04-15 13:00:00,0.1161,0.1169,0.1155,0.1157,1598866.74
2026-04-15 14:00:00,0.1157,0.1175,0.1154,0.1175,1145932.13
2026-04-15 15:00:00,0.1176,0.1178,0.1156,0.1167,1687750.04
2026-04-15 16:00:00,0.1168,0.1201,0.1167,0.1193,1635053.41
2026-04-15 17:00:00,0.1194,0.1209,0.1192,0.1202,2638121.25
2026-04-15 18:00:00,0.1201,0.1211,0.1193,0.1209,1745178.18
2026-04-15 19:00:00,0.1209,0.1224,0.1204,0.1214,1792958.05
2026-04-15 20:00:00,0.1214,0.1217,0.1203,0.1208,1560973.35
2026-04-15 21:00:00,0.1208,0.1214,0.1199,0.1212,686345.3
2026-04-15 22:00:00,0.1212,0.1215,0.1196,0.1197,961136.36
2026-04-15 23:00:00,0.1198,0.1202,0.1189,0.1199,1199420.54
2026-04-16 00:00:00,0.1199,0.1201,0.1185,0.1197,528434.13
2026-04-16 01:00:00,0.1198,0.1202,0.119,0.1201,529110.28
2026-04-16 02:00:00,0.1202,0.1214,0.1199,0.1208,1446882.62
2026-04-16 03:00:00,0.1207,0.1215,0.1204,0.1212,1427171.01
2026-04-16 04:00:00,0.1211,0.1225,0.1208,0.1223,1535945.23
2026-04-16 05:00:00,0.1222,0.1232,0.1212,0.1226,2565750.13
2026-04-16 06:00:00,0.1227,0.123,0.1216,0.1222,1481842.17
2026-04-16 07:00:00,0.1223,0.1237,0.1222,0.1226,3580944.7
2026-04-16 08:00:00,0.1227,0.1231,0.1219,0.1222,2322709.72
2026-04-16 09:00:00,0.1221,0.1231,0.1214,0.1214,1196963.5
2026-04-16 10:00:00,0.1213,0.1224,0.121,0.1216,2102981.83
2026-04-16 11:00:00,0.1216,0.1232,0.1214,0.1231,2865712.45
2026-04-16 12:00:00,0.1232,0.1261,0.1232,0.126,3192214.66
2026-04-16 13:00:00,0.126,0.1291,0.1252,0.1269,4627647.44
2026-04-16 14:00:00,0.1269,0.1269,0.1227,0.1256,3704706.19
2026-04-16 15:00:00,0.1255,0.131,0.1251,0.1305,4630751.73
2026-04-16 16:00:00,0.1306,0.1317,0.125,0.1263,4537706.14
2026-04-16 17:00:00,0.1263,0.1291,0.1258,0.1284,1544344.36
2026-04-16 18:00:00,0.1284,0.1305,0.128,0.1304,1449305.26
2026-04-16 19:00:00,0.1305,0.1327,0.1303,0.1325,2996799.33
2026-04-16 20:00:00,0.1324,0.133,0.1311,0.1311,1129551.76
2026-04-16 21:00:00,0.1312,0.1318,0.1297,0.1315,945377.13
2026-04-16 22:00:00,0.1316,0.1326,0.1309,0.1317,1013314.05
2026-04-16 23:00:00,0.1316,0.1328,0.1312,0.1324,1179798.18
2026-04-17 00:00:00,0.1323,0.1339,0.1313,0.1337,2275263.65
2026-04-17 01:00:00,0.1336,0.1343,0.1313,0.1318,3249924.49
2026-04-17 02:00:00,0.1317,0.1322,0.1304,0.1316,1477679.02
2026-04-17 03:00:00,0.1315,0.1317,0.1307,0.131,842140.17
2026-04-17 04:00:00,0.1309,0.1317,0.1301,0.1302,973057.05
2026-04-17 05:00:00,0.1302,0.1302,0.1284,0.1285,1179696.71
2026-04-17 06:00:00,0.1285,0.13,0.1284,0.1297,1303031.51
2026-04-17 07:00:00,0.1297,0.131,0.1293,0.1309,1754726.56
2026-04-17 08:00:00,0.1309,0.132,0.1305,0.1314,1483368.2
2026-04-17 09:00:00,0.1314,0.1319,0.1303,0.1315,1608684.48
2026-04-17 10:00:00,0.1314,0.1318,0.1294,0.1302,1878322.39
2026-04-17 11:00:00,0.1303,0.1323,0.1302,0.1313,2667849.73
2026-04-17 12:00:00,0.1314,0.1327,0.1309,0.1324,2435239.72
2026-04-17 13:00:00,0.1324,0.1354,0.1317,0.1353,4615301.13
2026-04-17 14:00:00,0.1352,0.1373,0.1344,0.1349,3514029.5
2026-04-17 15:00:00,0.1348,0.1348,0.1326,0.1335,2368266.88
2026-04-17 16:00:00,0.1335,0.1347,0.1326,0.134,3241689.63
2026-04-17 17:00:00,0.1341,0.1347,0.133,0.1331,2004688.88
2026-04-17 18:00:00,0.1331,0.1338,0.1323,0.1333,929862.63
2026-04-17 19:00:00,0.1333,0.135,0.1328,0.1346,1048508.33
2026-04-17 20:00:00,0.1346,0.1351,0.1338,0.1342,836653.14
2026-04-17 21:00:00,0.1342,0.1353,0.1336,0.1339,752581.38
2026-04-17 22:00:00,0.1338,0.1349,0.1336,0.1346,923585.6
2026-04-17 23:00:00,0.1347,0.135,0.1332,0.1344,1552768.55
2026-04-18 00:00:00,0.1344,0.1355,0.1325,0.1337,2041441.04
2026-04-18 01:00:00,0.1338,0.135,0.1318,0.1319,984386.9
2026-04-18 02:00:00,0.1318,0.1331,0.1314,0.1328,606955.47
2026-04-18 03:00:00,0.1327,0.1327,0.1315,0.1319,947318.39
2026-04-18 04:00:00,0.132,0.1324,0.1315,0.1315,562569.13
2026-04-18 05:00:00,0.1315,0.1332,0.1314,0.1332,1907929.32
2026-04-18 06:00:00,0.1332,0.1345,0.1324,0.1337,596722.68
2026-04-18 07:00:00,0.1337,0.1344,0.1333,0.1338,1785493.46
2026-04-18 08:00:00,0.1338,0.1344,0.1308,0.1316,3084665.51
2026-04-18 09:00:00,0.1316,0.1321,0.13,0.1308,756383.15
2026-04-18 10:00:00,0.1307,0.1309,0.1289,0.1292,1317980.79
2026-04-18 11:00:00,0.1293,0.1293,0.1278,0.1286,786022.87
2026-04-18 12:00:00,0.1286,0.1291,0.1279,0.129,891123.44
2026-04-18 13:00:00,0.1291,0.1293,0.1272,0.1285,551436.15
2026-04-18 14:00:00,0.1284,0.129,0.1277,0.1287,691294.0
2026-04-18 15:00:00,0.1286,0.129,0.128,0.1282,696090.27
2026-04-18 16:00:00,0.1282,0.1291,0.1275,0.1277,1053147.19
2026-04-18 17:00:00,0.1277,0.1284,0.1271,0.128,665418.45
2026-04-18 18:00:00,0.1281,0.1281,0.1261,0.1263,1711357.74
2026-04-18 19:00:00,0.1263,0.1272,0.1262,0.1264,415572.53
2026-04-18 20:00:00,0.1264,0.1268,0.1258,0.1264,393022.72
2026-04-18 21:00:00,0.1264,0.127,0.1261,0.1268,550814.13
2026-04-18 22:00:00,0.1267,0.1271,0.1261,0.1267,836936.11
2026-04-18 23:00:00,0.1266,0.127,0.1258,0.1259,332068.29
2026-04-19 00:00:00,0.126,0.126,0.1244,0.1252,754809.87
2026-04-19 01:00:00,0.1252,0.1257,0.1232,0.1243,706392.59
2026-04-19 02:00:00,0.1242,0.1243,0.1225,0.1234,1228492.62
2026-04-19 03:00:00,0.1233,0.1244,0.1228,0.1235,710117.94
2026-04-19 04:00:00,0.1235,0.1244,0.1229,0.1238,862060.0
2026-04-19 05:00:00,0.1237,0.1246,0.1232,0.1232,525784.58
2026-04-19 06:00:00,0.1232,0.1239,0.1227,0.1238,658473.13
2026-04-19 07:00:00,0.1237,0.124,0.1227,0.1235,1368507.06
2026-04-19 08:00:00,0.1234,0.1238,0.123,0.1235,593211.75
2026-04-19 09:00:00,0.1236,0.1241,0.123,0.1232,462133.87
2026-04-19 10:00:00,0.1232,0.1239,0.1229,0.1234,339748.66
2026-04-19 11:00:00,0.1235,0.1251,0.1233,0.1246,866752.03
2026-04-19 12:00:00,0.1245,0.1257,0.1244,0.1253,560245.66
2026-04-19 13:00:00,0.1253,0.1269,0.1253,0.1257,1165149.13
2026-04-19 14:00:00,0.1257,0.1265,0.1252,0.1259,1158437.34
2026-04-19 15:00:00,0.1259,0.1261,0.1235,0.125,2042499.91
2026-04-19 16:00:00,0.125,0.125,0.1241,0.1243,737215.75
2026-04-19 17:00:00,0.1243,0.1243,0.1218,0.1219,1387835.29
2026-04-19 18:00:00,0.1219,0.1226,0.1216,0.122,1002844.05
2026-04-19 19:00:00,0.1221,0.1239,0.1221,0.1231,952053.26
2026-04-19 20:00:00,0.1232,0.1233,0.1224,0.1226,1006722.62
2026-04-19 21:00:00,0.1226,0.1235,0.1223,0.1225,387693.31
2026-04-19 22:00:00,0.1224,0.1224,0.1202,0.121,1442966.18
2026-04-19 23:00:00,0.1209,0.1209,0.1198,0.1204,1253775.83
2026-04-20 00:00:00,0.1205,0.1219,0.1203,0.1215,585183.85
2026-04-20 01:00:00,0.1214,0.1223,0.1214,0.122,660726.97
2026-04-20 02:00:00,0.122,0.1223,0.1213,0.1219,577903.87
2026-04-20 03:00:00,0.1219,0.1228,0.1215,0.1223,766220.66
2026-04-20 04:00:00,0.1224,0.1227,0.1217,0.1222,623233.09
2026-04-20 05:00:00,0.1223,0.1223,0.1204,0.121,645755.23
2026-04-20 06:00:00,0.1209,0.1226,0.1207,0.1218,643445.68
2026-04-20 07:00:00,0.1219,0.1245,0.1217,0.1229,1776520.73
2026-04-20 08:00:00,0.1228,0.1232,0.1218,0.1218,758546.86
2026-04-20 09:00:00,0.1217,0.1233,0.1215,0.1226,550352.82
2026-04-20 10:00:00,0.1227,0.1239,0.1227,0.1229,661497.49
2026-04-20 11:00:00,0.1229,0.1234,0.1226,0.1227,399418.17
2026-04-20 12:00:00,0.1228,0.1236,0.1223,0.1236,565176.55
2026-04-20 13:00:00,0.1236,0.124,0.1227,0.1238,822539.98
2026-04-20 14:00:00,0.1239,0.1247,0.1222,0.1227,1306274.56
2026-04-20 15:00:00,0.1228,0.124,0.1218,0.1233,744830.5
2026-04-20 16:00:00,0.1232,0.124,0.1229,0.1232,645720.36
2026-04-20 17:00:00,0.1233,0.1245,0.1231,0.1244,673595.17
2026-04-20 18:00:00,0.1245,0.1258,0.1245,0.1254,1573347.09
2026-04-20 19:00:00,0.1253,0.1253,0.1243,0.1248,494160.16
2026-04-20 20:00:00,0.1248,0.1257,0.1244,0.1256,1524820.32
2026-04-20 21:00:00,0.1256,0.126,0.1248,0.1256,563938.44
2026-04-20 22:00:00,0.1256,0.1257,0.1245,0.1246,440052.67
2026-04-20 23:00:00,0.1245,0.1245,0.1237,0.124,383614.98
2026-04-21 00:00:00,0.1241,0.1244,0.1238,0.124,479368.11
2026-04-21 01:00:00,0.124,0.1244,0.1235,0.1236,473435.1
2026-04-21 02:00:00,0.1236,0.1236,0.1228,0.1228,293886.69
2026-04-21 03:00:00,0.1228,0.1233,0.1223,0.1229,245237.07
2026-04-21 04:00:00,0.1229,0.1233,0.1224,0.1233,200693.16
2026-04-21 05:00:00,0.1232,0.1243,0.1232,0.1239,373113.38
2026-04-21 06:00:00,0.1239,0.1241,0.123,0.1235,278380.51
2026-04-21 07:00:00,0.1235,0.1241,0.1232,0.1232,397941.02
2026-04-21 08:00:00,0.1232,0.1243,0.1231,0.1232,307479.61
2026-04-21 09:00:00,0.1231,0.1239,0.1229,0.1237,382932.25
2026-04-21 10:00:00,0.1237,0.1247,0.1236,0.1245,688207.15
2026-04-21 11:00:00,0.1244,0.1261,0.1234,0.124,5142330.13
2026-04-21 12:00:00,0.124,0.1243,0.1222,0.1229,1835797.69
2026-04-21 13:00:00,0.1229,0.123,0.1216,0.1229,3477207.19
2026-04-21 14:00:00,0.1229,0.1239,0.1222,0.1229,1041428.38
2026-04-21 15:00:00,0.123,0.1242,0.1228,0.1239,1425451.81
2026-04-21 16:00:00,0.124,0.1245,0.1226,0.1227,592606.35
2026-04-21 17:00:00,0.1227,0.1229,0.1208,0.1216,1079765.39
2026-04-21 18:00:00,0.1216,0.1218,0.121,0.1217,694211.54
2026-04-21 19:00:00,0.1218,0.1227,0.12,0.1206,749468.84
2026-04-21 20:00:00,0.1205,0.1226,0.1204,0.1219,1573179.08
2026-04-21 21:00:00,0.1219,0.1221,0.1213,0.1219,599260.82
2026-04-21 22:00:00,0.1219,0.122,0.1211,0.1219,1225900.4
2026-04-21 23:00:00,0.1219,0.1236,0.1219,0.1232,518868.8
2026-04-22 00:00:00,0.1232,0.1236,0.1229,0.1231,529967.91
2026-04-22 01:00:00,0.1231,0.1233,0.1221,0.1226,1721299.46
2026-04-22 02:00:00,0.1226,0.1255,0.1224,0.1254,866416.19
2026-04-22 03:00:00,0.1255,0.1258,0.1248,0.1256,1014831.48
2026-04-22 04:00:00,0.1256,0.127,0.1256,0.1268,934031.56
2026-04-22 05:00:00,0.1269,0.1288,0.1264,0.1277,2875531.15
2026-04-22 06:00:00,0.1276,0.1279,0.1271,0.1277,671737.71
2026-04-22 07:00:00,0.1277,0.1279,0.1266,0.1269,577737.52
2026-04-22 08:00:00,0.1269,0.1277,0.1268,0.1274,397425.82
2026-04-22 09:00:00,0.1274,0.1281,0.1264,0.1267,599909.99
2026-04-22 10:00:00,0.1267,0.1274,0.1263,0.1274,549768.07
2026-04-22 11:00:00,0.1275,0.1278,0.1267,0.1273,556424.75
2026-04-22 12:00:00,0.1274,0.1275,0.126,0.1263,457010.55
2026-04-22 13:00:00,0.1263,0.1269,0.1257,0.1259,1171221.45
2026-04-22 14:00:00,0.1259,0.1269,0.1259,0.1267,712376.29
2026-04-22 15:00:00,0.1266,0.1271,0.1261,0.1262,877596.34
2026-04-22 16:00:00,0.1262,0.1268,0.1259,0.1265,1059456.3
2026-04-22 17:00:00,0.1264,0.1275,0.1261,0.1274,624533.0
2026-04-22 18:00:00,0.1274,0.1282,0.1271,0.1271,772357.91
2026-04-22 19:00:00,0.127,0.1272,0.1247,0.1257,1747360.93
2026-04-22 20:00:00,0.1258,0.1258,0.1248,0.1249,474916.52
2026-04-22 21:00:00,0.1249,0.1254,0.1245,0.1249,866208.27
2026-04-22 22:00:00,0.1248,0.1248,0.1227,0.1228,866898.41
2026-04-22 23:00:00,0.1228,0.1229,0.1209,0.121,1293008.83
2026-04-23 00:00:00,0.1211,0.1214,0.119,0.1208,2321933.54
2026-04-23 01:00:00,0.1207,0.1209,0.1198,0.1203,738092.15
2026-04-23 02:00:00,0.1203,0.1203,0.1182,0.1186,890386.07
2026-04-23 03:00:00,0.1185,0.1191,0.1177,0.1182,1183855.58
2026-04-23 04:00:00,0.1183,0.1189,0.1178,0.1186,1448921.23
2026-04-23 05:00:00,0.1186,0.1191,0.1178,0.1187,1021914.41
2026-04-23 06:00:00,0.1188,0.1196,0.1188,0.1193,741574.7
2026-04-23 07:00:00,0.1193,0.1196,0.1185,0.1188,614987.95
2026-04-23 08:00:00,0.1189,0.1194,0.1185,0.1191,560307.54
2026-04-23 09:00:00,0.1191,0.1192,0.1184,0.1189,936770.54
2026-04-23 10:00:00,0.1189,0.1193,0.1182,0.1184,958954.16
2026-04-23 11:00:00,0.1184,0.1196,0.1182,0.1191,497669.21
2026-04-23 12:00:00,0.1191,0.12,0.1191,0.1195,989449.91
2026-04-23 13:00:00,0.1195,0.1208,0.1194,0.1203,602393.23
2026-04-23 14:00:00,0.1203,0.1216,0.1199,0.1215,792971.88
2026-04-23 15:00:00,0.1215,0.1228,0.1208,0.1225,1063048.47
2026-04-23 16:00:00,0.1225,0.1227,0.1208,0.1209,905791.56
2026-04-23 17:00:00,0.1209,0.121,0.1176,0.1187,2269665.38
2026-04-23 18:00:00,0.1186,0.1195,0.1186,0.1187,612129.33
2026-04-23 19:00:00,0.1187,0.1198,0.1183,0.119,853418.78
2026-04-23 20:00:00,0.119,0.1206,0.119,0.12,369538.13
2026-04-23 21:00:00,0.1201,0.122,0.1199,0.1213,634987.02
2026-04-23 22:00:00,0.1212,0.1218,0.1212,0.1212,320650.93
2026-04-23 23:00:00,0.1212,0.122,0.1209,0.1216,274996.47
2026-04-24 00:00:00,0.1216,0.1228,0.1215,0.1224,701140.33
2026-04-24 01:00:00,0.1224,0.1224,0.121,0.1219,862116.96
2026-04-24 02:00:00,0.1219,0.122,0.1207,0.1211,526914.91
2026-04-24 03:00:00,0.1212,0.1212,0.1199,0.1206,637781.02
2026-04-24 04:00:00,0.1207,0.1207,0.12,0.1202,410024.0
2026-04-24 05:00:00,0.1202,0.1216,0.1199,0.1211,459767.17
2026-04-24 06:00:00,0.121,0.1215,0.1207,0.1211,505039.86
2026-04-24 07:00:00,0.1211,0.1217,0.1208,0.1212,385727.0
2026-04-24 08:00:00,0.1213,0.1222,0.1209,0.1216,576590.17
2026-04-24 09:00:00,0.1215,0.1216,0.1208,0.1211,279265.86
2026-04-24 10:00:00,0.1211,0.1229,0.1209,0.1224,718866.21
2026-04-24 11:00:00,0.1223,0.1235,0.1222,0.1229,614299.89
2026-04-24 12:00:00,0.123,0.1234,0.1226,0.1226,1010002.8
2026-04-24 13:00:00,0.1226,0.1231,0.1218,0.1222,387897.89
2026-04-24 14:00:00,0.1221,0.1226,0.1216,0.122,429070.65
2026-04-24 15:00:00,0.1221,0.1242,0.1211,0.1241,1240562.96
2026-04-24 16:00:00,0.1241,0.1241,0.1229,0.1232,3192088.33
2026-04-24 17:00:00,0.1233,0.1238,0.123,0.1233,635422.5
2026-04-24 18:00:00,0.1233,0.1242,0.1228,0.1237,539071.5
2026-04-24 19:00:00,0.1236,0.1255,0.1234,0.1252,962980.11
2026-04-24 20:00:00,0.1252,0.127,0.124,0.1259,2672582.01
2026-04-24 21:00:00,0.1259,0.1266,0.1251,0.1261,1072312.28
2026-04-24 22:00:00,0.126,0.1261,0.1245,0.1248,1168980.48
2026-04-24 23:00:00,0.1248,0.1259,0.1243,0.1252,1235310.17
2026-04-25 00:00:00,0.1251,0.126,0.1245,0.1259,935409.92
2026-04-25 01:00:00,0.1259,0.1274,0.1257,0.127,1444604.8
2026-04-25 02:00:00,0.127,0.1277,0.1261,0.1272,1042619.03
2026-04-25 03:00:00,0.1273,0.1288,0.1272,0.1282,1494923.0
2026-04-25 04:00:00,0.1283,0.1294,0.1279,0.1291,2036897.18
2026-04-25 05:00:00,0.1291,0.13,0.1275,0.1294,4078453.37
2026-04-25 06:00:00,0.1295,0.1302,0.1287,0.1289,1430236.65
2026-04-25 07:00:00,0.1288,0.1294,0.1282,0.1286,1539794.57
2026-04-25 08:00:00,0.1286,0.1326,0.1283,0.1324,6217545.34
2026-04-25 09:00:00,0.1324,0.1335,0.13,0.1323,6529207.43
2026-04-25 10:00:00,0.1323,0.1331,0.1306,0.1309,3885214.07
2026-04-25 11:00:00,0.1309,0.131,0.128,0.1286,3079800.68
2026-04-25 12:00:00,0.1285,0.1286,0.1274,0.1279,2743763.21
2026-04-25 13:00:00,0.1278,0.1284,0.1269,0.1269,1849356.52
2026-04-25 14:00:00,0.1269,0.127,0.126,0.1263,1055520.16
2026-04-25 15:00:00,0.1262,0.1267,0.1248,0.1255,5001332.68
2026-04-25 16:00:00,0.1255,0.1261,0.1241,0.1246,2467360.25
2026-04-25 17:00:00,0.1246,0.1248,0.1239,0.124,665703.53
2026-04-25 18:00:00,0.124,0.1251,0.124,0.1244,844630.24
2026-04-25 19:00:00,0.1243,0.1245,0.1239,0.124,684536.41
2026-04-25 20:00:00,0.1241,0.1244,0.1236,0.1244,1149063.73
2026-04-25 21:00:00,0.1244,0.1249,0.1243,0.1248,1139322.4
2026-04-25 22:00:00,0.1249,0.1255,0.1247,0.125,470939.27
2026-04-25 23:00:00,0.125,0.1254,0.1248,0.125,413371.56
2026-04-26 00:00:00,0.125,0.125,0.1241,0.1243,585387.73
2026-04-26 01:00:00,0.1244,0.1245,0.1235,0.1238,992858.2
2026-04-26 02:00:00,0.1238,0.1247,0.1238,0.1242,811854.46
2026-04-26 03:00:00,0.1242,0.1243,0.123,0.1239,1935893.42
2026-04-26 04:00:00,0.1239,0.1253,0.1237,0.1246,607099.28
2026-04-26 05:00:00,0.1245,0.1262,0.1244,0.1256,1454181.68
2026-04-26 06:00:00,0.1256,0.1268,0.1256,0.1262,714732.96
2026-04-26 07:00:00,0.1262,0.1268,0.1258,0.1262,407180.12
2026-04-26 08:00:00,0.1262,0.1262,0.1255,0.1258,529694.68
2026-04-26 09:00:00,0.1259,0.1262,0.1256,0.126,349624.83
2026-04-26 10:00:00,0.1259,0.1268,0.1258,0.1268,274821.27
2026-04-26 11:00:00,0.1268,0.1273,0.1262,0.1267,1197121.3
2026-04-26 12:00:00,0.1267,0.1269,0.1252,0.1256,595835.8
2026-04-26 13:00:00,0.1257,0.1258,0.1249,0.1251,511367.34
2026-04-26 14:00:00,0.1251,0.1268,0.1249,0.1262,1374116.25
2026-04-26 15:00:00,0.1262,0.1268,0.1257,0.1267,627657.07
2026-04-26 16:00:00,0.1267,0.1268,0.1259,0.1261,552199.94
2026-04-26 17:00:00,0.1262,0.1268,0.1257,0.1266,196384.81
2026-04-26 18:00:00,0.1267,0.127,0.1262,0.1269,504925.92
2026-04-26 19:00:00,0.1269,0.1276,0.1266,0.1268,307108.04
2026-04-26 20:00:00,0.1268,0.127,0.1265,0.1265,176051.22
2026-04-26 21:00:00,0.1265,0.1267,0.1248,0.1263,1164924.82
2026-04-26 22:00:00,0.1263,0.1267,0.1253,0.1258,347634.57
2026-04-26 23:00:00,0.1258,0.1264,0.1254,0.1258,297839.47
2026-04-27 00:00:00,0.1258,0.1267,0.1253,0.1266,839514.38
2026-04-27 01:00:00,0.1266,0.1275,0.1263,0.1275,676767.79
2026-04-27 02:00:00,0.1276,0.1282,0.1266,0.1279,1371153.81
2026-04-27 03:00:00,0.1278,0.1291,0.1277,0.1284,1970740.78
2026-04-27 04:00:00,0.1284,0.1285,0.1274,0.1277,474817.62
2026-04-27 05:00:00,0.1277,0.1277,0.1233,0.1245,3682201.94
2026-04-27 06:00:00,0.1244,0.1244,0.122,0.1229,1604946.02
2026-04-27 07:00:00,0.1228,0.1229,0.1219,0.1221,659797.89
2026-04-27 08:00:00,0.122,0.1225,0.1217,0.1225,605514.48
2026-04-27 09:00:00,0.1225,0.123,0.1223,0.1225,799329.78
2026-04-27 10:00:00,0.1225,0.1227,0.122,0.122,416739.38
2026-04-27 11:00:00,0.122,0.1221,0.1213,0.1221,556330.43
2026-04-27 12:00:00,0.1222,0.1223,0.1215,0.1219,347086.79
2026-04-27 13:00:00,0.1219,0.1221,0.1209,0.1214,1116996.25
2026-04-27 14:00:00,0.1214,0.123,0.1214,0.1224,800619.69
2026-04-27 15:00:00,0.1224,0.1224,0.119,0.1198,2463975.72
2026-04-27 16:00:00,0.1198,0.1204,0.1193,0.1203,515670.39
2026-04-27 17:00:00,0.1204,0.1213,0.1204,0.1208,1538513.44
2026-04-27 18:00:00,0.1208,0.1211,0.1206,0.1208,370514.78
2026-04-27 19:00:00,0.1208,0.1209,0.1198,0.1209,345809.32
2026-04-27 20:00:00,0.1209,0.1214,0.1208,0.1209,275489.65
2026-04-27 21:00:00,0.1209,0.1218,0.1208,0.1213,155830.22
2026-04-27 22:00:00,0.1214,0.1223,0.1213,0.1219,431599.29
2026-04-27 23:00:00,0.1219,0.1226,0.1219,0.1225,196834.41
2026-04-28 00:00:00,0.1224,0.1229,0.1221,0.1224,741199.31
2026-04-28 01:00:00,0.1223,0.1227,0.122,0.122,245542.19
2026-04-28 02:00:00,0.1221,0.1228,0.1216,0.1219,284358.68
2026-04-28 03:00:00,0.1218,0.1223,0.1214,0.1223,587646.91
2026-04-28 04:00:00,0.1223,0.1229,0.122,0.1227,407077.73
2026-04-28 05:00:00,0.1227,0.1231,0.1223,0.1226,673265.99
2026-04-28 06:00:00,0.1226,0.1233,0.1217,0.1221,871243.52
2026-04-28 07:00:00,0.1221,0.1222,0.1211,0.1218,634589.69
2026-04-28 08:00:00,0.1218,0.1224,0.1215,0.1219,285311.18
2026-04-28 09:00:00,0.1219,0.1219,0.1208,0.1211,1153876.16
2026-04-28 10:00:00,0.1212,0.1218,0.1209,0.1213,1425499.64
2026-04-28 11:00:00,0.1214,0.1215,0.1201,0.1205,684057.63
2026-04-28 12:00:00,0.1206,0.1212,0.1202,0.121,753223.86
2026-04-28 13:00:00,0.1209,0.1219,0.1201,0.1215,840640.03
2026-04-28 14:00:00,0.1214,0.1214,0.1201,0.1209,497423.79
2026-04-28 15:00:00,0.121,0.1215,0.121,0.1215,261834.58
2026-04-28 16:00:00,0.1215,0.1222,0.1206,0.1209,888939.92
2026-04-28 17:00:00,0.1208,0.1214,0.1205,0.121,319121.38
2026-04-28 18:00:00,0.1209,0.1217,0.1209,0.1216,643544.89
2026-04-28 19:00:00,0.1216,0.1221,0.1213,0.1219,371201.33
2026-04-28 20:00:00,0.122,0.1221,0.1213,0.1215,244737.6
2026-04-28 21:00:00,0.1214,0.1219,0.121,0.1213,284736.11
2026-04-28 22:00:00,0.1214,0.1218,0.1211,0.1212,418789.58
2026-04-28 23:00:00,0.1212,0.1213,0.1208,0.1211,186426.87
2026-04-29 00:00:00,0.1212,0.1214,0.121,0.1213,263746.8
2026-04-29 01:00:00,0.1212,0.1213,0.1205,0.1207,564945.9
2026-04-29 02:00:00,0.1207,0.1212,0.1203,0.1208,348574.88
2026-04-29 03:00:00,0.1209,0.1228,0.1209,0.1226,766630.76
2026-04-29 04:00:00,0.1226,0.1238,0.1224,0.1236,749736.64
2026-04-29 05:00:00,0.1237,0.1242,0.1234,0.1241,292649.64
2026-04-29 06:00:00,0.1241,0.1246,0.1233,0.1237,514388.14
2026-04-29 07:00:00,0.1237,0.1241,0.123,0.1236,452112.97
2026-04-29 08:00:00,0.1236,0.1237,0.123,0.1233,457827.96
2026-04-29 09:00:00,0.1232,0.1252,0.1229,0.1251,944465.72
2026-04-29 10:00:00,0.1252,0.126,0.1244,0.1248,1871039.83
2026-04-29 11:00:00,0.1247,0.125,0.1237,0.1238,643149.69
2026-04-29 12:00:00,0.1239,0.124,0.1216,0.1224,2875000.41
2026-04-29 13:00:00,0.1223,0.1226,0.1208,0.1214,1111419.52
2026-04-29 14:00:00,0.1214,0.1219,0.1206,0.1209,599977.89
2026-04-29 15:00:00,0.1208,0.121,0.1182,0.1185,2241132.5
2026-04-29 16:00:00,0.1185,0.1191,0.1182,0.1187,946314.73
2026-04-29 17:00:00,0.1187,0.1201,0.1187,0.1201,428541.21
2026-04-29 18:00:00,0.1202,0.1202,0.1155,0.1176,2859666.42
2026-04-29 19:00:00,0.1177,0.1181,0.1171,0.1176,569066.17
2026-04-29 20:00:00,0.1177,0.1193,0.1176,0.1189,1086131.74
2026-04-29 21:00:00,0.1188,0.1203,0.1187,0.1196,709095.39
2026-04-29 22:00:00,0.1195,0.1201,0.1194,0.1197,435801.31
2026-04-29 23:00:00,0.1196,0.1199,0.1192,0.1197,396922.04
2026-04-30 00:00:00,0.1198,0.1214,0.1196,0.1213,551865.45
2026-04-30 01:00:00,0.1213,0.1218,0.1206,0.1216,679032.92
2026-04-30 02:00:00,0.1216,0.1217,0.1192,0.1198,1501258.06
2026-04-30 03:00:00,0.1198,0.1207,0.1196,0.1206,191501.44
2026-04-30 04:00:00,0.1205,0.1205,0.1191,0.1191,671844.01
2026-04-30 05:00:00,0.1191,0.12,0.1188,0.1195,532015.73
2026-04-30 06:00:00,0.1195,0.1203,0.1192,0.12,583594.34
2026-04-30 07:00:00,0.1199,0.1207,0.1197,0.1206,684299.05
2026-04-30 08:00:00,0.1206,0.121,0.1204,0.1206,1626673.94
2026-04-30 09:00:00,0.1205,0.1219,0.1205,0.1215,1669729.91
2026-04-30 10:00:00,0.1214,0.1219,0.121,0.1216,1440974.14
2026-04-30 11:00:00,0.1216,0.1225,0.1212,0.122,1071722.53
2026-04-30 12:00:00,0.122,0.1227,0.1216,0.1217,1358800.8
2026-04-30 13:00:00,0.1217,0.122,0.1208,0.121,787504.42
2026-04-30 14:00:00,0.121,0.1215,0.1201,0.1203,856453.07
2026-04-30 15:00:00,0.1203,0.1215,0.1201,0.1212,618021.7
2026-04-30 16:00:00,0.1213,0.1216,0.1203,0.1205,516451.23
2026-04-30 17:00:00,0.1204,0.1208,0.1201,0.1205,539884.33
2026-04-30 18:00:00,0.1205,0.1211,0.1202,0.1208,696149.28
2026-04-30 19:00:00,0.1207,0.1215,0.1206,0.1211,290164.26
2026-04-30 20:00:00,0.121,0.1211,0.1206,0.1206,381925.17
2026-04-30 21:00:00,0.1206,0.1208,0.1198,0.1201,372481.92
2026-04-30 22:00:00,0.1201,0.1201,0.1194,0.1197,169602.67
2026-04-30 23:00:00,0.1197,0.1205,0.1195,0.1204,230985.51
2026-05-01 00:00:00,0.1203,0.1211,0.1203,0.1205,312639.63
2026-05-01 01:00:00,0.1205,0.1218,0.1205,0.1216,380777.01
2026-05-01 02:00:00,0.1217,0.1217,0.1208,0.1212,458717.6
2026-05-01 03:00:00,0.1211,0.1229,0.1208,0.1221,906672.68
2026-05-01 04:00:00,0.1221,0.123,0.122,0.1222,619393.56
2026-05-01 05:00:00,0.1222,0.1225,0.1218,0.1219,363816.31
2026-05-01 06:00:00,0.122,0.1222,0.1208,0.1209,356974.65
2026-05-01 07:00:00,0.1209,0.1215,0.1206,0.1213,220280.03
2026-05-01 08:00:00,0.1212,0.1215,0.1211,0.1213,617389.01
2026-05-01 09:00:00,0.1213,0.1215,0.1206,0.1209,707976.95
2026-05-01 10:00:00,0.1208,0.121,0.1198,0.1207,627216.08
2026-05-01 11:00:00,0.1207,0.1212,0.1203,0.1208,760962.12
2026-05-01 12:00:00,0.1208,0.1215,0.1206,0.1213,855185.0
2026-05-01 13:00:00,0.1213,0.1228,0.1213,0.1227,742413.44
2026-05-01 14:00:00,0.1227,0.1228,0.1215,0.1223,404776.39
2026-05-01 15:00:00,0.1223,0.1229,0.1214,0.1223,868698.25
2026-05-01 16:00:00,0.1224,0.1226,0.1216,0.122,382893.35
2026-05-01 17:00:00,0.122,0.1226,0.1218,0.1225,531336.55
2026-05-01 18:00:00,0.1225,0.1231,0.1221,0.1227,429733.54
2026-05-01 19:00:00,0.1226,0.1232,0.1223,0.1224,282579.52
2026-05-01 20:00:00,0.1224,0.1227,0.121,0.1214,681849.62
2026-05-01 21:00:00,0.1214,0.1219,0.1213,0.1216,241815.09
2026-05-01 22:00:00,0.1217,0.1224,0.1212,0.1212,146478.73
2026-05-01 23:00:00,0.1212,0.1212,0.1203,0.1209,484484.37
2026-05-02 00:00:00,0.121,0.1213,0.1206,0.1211,374260.82
2026-05-02 01:00:00,0.1211,0.1214,0.121,0.1212,186943.22
2026-05-02 02:00:00,0.1212,0.1213,0.1204,0.1204,180000.88
2026-05-02 03:00:00,0.1204,0.1207,0.12,0.1205,407126.34
2026-05-02 04:00:00,0.1206,0.1207,0.1199,0.12,565150.49
2026-05-02 05:00:00,0.12,0.1202,0.1193,0.1197,669435.42
2026-05-02 06:00:00,0.1197,0.1204,0.1196,0.1203,421127.63
2026-05-02 07:00:00,0.1203,0.1205,0.12,0.1201,575821.13
2026-05-02 08:00:00,0.1201,0.1205,0.1199,0.1204,308553.8
2026-05-02 09:00:00,0.1204,0.1214,0.1204,0.121,526247.02
2026-05-02 10:00:00,0.1211,0.1215,0.1209,0.1211,472046.29
2026-05-02 11:00:00,0.1211,0.1211,0.1204,0.1207,247377.55
2026-05-02 12:00:00,0.1206,0.1213,0.1205,0.1208,328134.42
2026-05-02 13:00:00,0.1208,0.1219,0.1208,0.1216,656717.84
2026-05-02 14:00:00,0.1217,0.1227,0.1216,0.1226,832201.41
2026-05-02 15:00:00,0.1226,0.1234,0.1224,0.1234,1335629.33
2026-05-02 16:00:00,0.1234,0.1241,0.1232,0.1241,943646.89
2026-05-02 17:00:00,0.1241,0.1247,0.1237,0.1238,887025.12
2026-05-02 18:00:00,0.1239,0.1255,0.1228,0.1251,1193707.03
2026-05-02 19:00:00,0.1252,0.126,0.125,0.1259,1322473.18
2026-05-02 20:00:00,0.126,0.1278,0.1257,0.1264,2188689.64
2026-05-02 21:00:00,0.1264,0.1267,0.1253,0.1259,694692.63
2026-05-02 22:00:00,0.1259,0.1265,0.1255,0.1262,349688.83
2026-05-02 23:00:00,0.1261,0.1261,0.1253,0.1255,313506.29
2026-05-03 00:00:00,0.1256,0.1257,0.1243,0.1247,569336.56
2026-05-03 01:00:00,0.1247,0.1247,0.123,0.1233,485652.62
2026-05-03 02:00:00,0.1232,0.1235,0.1221,0.1226,1021383.07
2026-05-03 03:00:00,0.1225,0.1229,0.122,0.1225,426839.09
2026-05-03 04:00:00,0.1224,0.1227,0.1221,0.1224,253512.83
2026-05-03 05:00:00,0.1224,0.1229,0.122,0.1223,773240.65
2026-05-03 06:00:00,0.1223,0.1225,0.1216,0.1219,450364.91
2026-05-03 07:00:00,0.1219,0.1227,0.1219,0.1223,471800.2
2026-05-03 08:00:00,0.1222,0.1226,0.1218,0.1218,1546466.96
2026-05-03 09:00:00,0.1218,0.1224,0.1215,0.1221,466203.79
2026-05-03 10:00:00,0.1221,0.1226,0.1216,0.1216,412864.17
2026-05-03 11:00:00,0.1216,0.1229,0.1211,0.122,858494.98
2026-05-03 12:00:00,0.1221,0.123,0.122,0.1224,521011.11
2026-05-03 13:00:00,0.1224,0.1224,0.1212,0.1215,575745.95
2026-05-03 14:00:00,0.1216,0.1221,0.1214,0.122,461266.63
2026-05-03 15:00:00,0.1221,0.1227,0.122,0.1222,404623.23
2026-05-03 16:00:00,0.1221,0.1225,0.1217,0.1223,450784.17
2026-05-03 17:00:00,0.1223,0.1229,0.1217,0.1224,346294.76
2026-05-03 18:00:00,0.1225,0.1227,0.1223,0.1224,150914.07
2026-05-03 19:00:00,0.1225,0.1234,0.1223,0.1231,391665.68
2026-05-03 20:00:00,0.1231,0.1243,0.1231,0.1237,1591627.42
2026-05-03 21:00:00,0.1237,0.124,0.1223,0.1227,860918.4
2026-05-03 22:00:00,0.1228,0.1248,0.1228,0.1244,1034021.04
2026-05-03 23:00:00,0.1244,0.1248,0.1229,0.1229,616128.4
2026-05-04 00:00:00,0.1229,0.1229,0.1211,0.1225,986645.0
2026-05-04 01:00:00,0.1225,0.1249,0.1218,0.1249,2190288.71
2026-05-04 02:00:00,0.125,0.1273,0.125,0.1269,1717279.52
2026-05-04 03:00:00,0.1269,0.1271,0.1258,0.1268,1020951.52
2026-05-04 04:00:00,0.1269,0.1277,0.1266,0.1271,1932642.22
2026-05-04 05:00:00,0.1271,0.1277,0.1264,0.1268,906521.82
2026-05-04 06:00:00,0.1268,0.127,0.1245,0.1257,1089348.56
2026-05-04 07:00:00,0.1258,0.126,0.1251,0.1253,699588.88
2026-05-04 08:00:00,0.1252,0.1256,0.1248,0.1248,1430920.53
2026-05-04 09:00:00,0.1248,0.1258,0.1245,0.1255,1066241.3
2026-05-04 10:00:00,0.1256,0.1256,0.1206,0.1213,3862345.41
2026-05-04 11:00:00,0.1213,0.1218,0.1209,0.1214,1179803.58
2026-05-04 12:00:00,0.1213,0.1222,0.1212,0.1213,905809.11
2026-05-04 13:00:00,0.1212,0.1222,0.1205,0.1217,2046262.13
2026-05-04 14:00:00,0.1217,0.1254,0.1212,0.1248,3483014.95
2026-05-04 15:00:00,0.1248,0.125,0.1219,0.1227,2583652.85
2026-05-04 16:00:00,0.1228,0.1237,0.1216,0.1231,2983699.54
2026-05-04 17:00:00,0.1231,0.1256,0.123,0.1252,1230150.4
2026-05-04 18:00:00,0.1252,0.1257,0.1243,0.1253,1266675.82
2026-05-04 19:00:00,0.1254,0.1258,0.1244,0.1249,4283165.95
2026-05-04 20:00:00,0.1249,0.125,0.1231,0.1232,1231237.77
2026-05-04 21:00:00,0.1233,0.1261,0.1233,0.1258,1081066.62
2026-05-04 22:00:00,0.1257,0.126,0.1236,0.1244,1346705.34
2026-05-04 23:00:00,0.1243,0.1246,0.1236,0.1241,613079.49
2026-05-05 00:00:00,0.1242,0.1258,0.1236,0.1255,2732943.16
2026-05-05 01:00:00,0.1255,0.1272,0.1252,0.1266,1815140.14
2026-05-05 02:00:00,0.1267,0.1286,0.1263,0.1268,1976370.68
2026-05-05 03:00:00,0.1268,0.1278,0.1263,0.1273,668070.51
2026-05-05 04:00:00,0.1273,0.1281,0.1271,0.1273,1914548.83
2026-05-05 05:00:00,0.1273,0.1279,0.1269,0.1274,896981.79
2026-05-05 06:00:00,0.1275,0.1276,0.1263,0.1269,1257622.63
2026-05-05 07:00:00,0.127,0.1279,0.1267,0.1272,1906381.27
2026-05-05 08:00:00,0.1272,0.1284,0.1271,0.1283,1627949.09
2026-05-05 09:00:00,0.1283,0.1295,0.1281,0.1291,1259451.6
2026-05-05 10:00:00,0.1292,0.1303,0.1287,0.1299,1858001.76
2026-05-05 11:00:00,0.1299,0.1303,0.1283,0.1299,1814273.44
2026-05-05 12:00:00,0.1299,0.1307,0.1296,0.1296,1279563.19
2026-05-05 13:00:00,0.1296,0.1296,0.1277,0.1282,4052059.86
2026-05-05 14:00:00,0.1282,0.129,0.1269,0.1277,2176708.97
2026-05-05 15:00:00,0.1277,0.1281,0.1272,0.1274,976754.48
2026-05-05 16:00:00,0.1274,0.1279,0.1262,0.1271,2386359.66
2026-05-05 17:00:00,0.127,0.1274,0.1265,0.1273,662220.42
2026-05-05 18:00:00,0.1273,0.1278,0.127,0.1272,1154816.91
2026-05-05 19:00:00,0.1273,0.1281,0.1273,0.1278,1178901.54
2026-05-05 20:00:00,0.1279,0.1302,0.1279,0.1302,2323545.39
2026-05-05 21:00:00,0.1301,0.131,0.129,0.1291,1274906.91
2026-05-05 22:00:00,0.1292,0.1294,0.1277,0.1284,2394773.01
2026-05-05 23:00:00,0.1283,0.1288,0.1275,0.1285,1239794.05
2026-05-06 00:00:00,0.1285,0.1296,0.1279,0.1293,1232644.09
2026-05-06 01:00:00,0.1292,0.132,0.1288,0.1315,3361875.24
2026-05-06 02:00:00,0.1315,0.1316,0.1298,0.1315,1974596.34
2026-05-06 03:00:00,0.1315,0.1328,0.1309,0.1325,1883417.99
2026-05-06 04:00:00,0.1325,0.1329,0.1315,0.1317,1963621.8
2026-05-06 05:00:00,0.1316,0.1324,0.1308,0.1323,1536898.1
2026-05-06 06:00:00,0.1323,0.1327,0.1312,0.1323,1951750.61
2026-05-06 07:00:00,0.1322,0.1333,0.132,0.1324,1766426.09
2026-05-06 08:00:00,0.1324,0.1355,0.1322,0.1349,2534974.68
2026-05-06 09:00:00,0.1349,0.1363,0.1348,0.136,2028389.51
2026-05-06 10:00:00,0.1361,0.1362,0.1353,0.1356,1775951.66
2026-05-06 11:00:00,0.1356,0.1366,0.1354,0.1362,2159100.59
2026-05-06 12:00:00,0.1363,0.1376,0.136,0.1373,2686211.73
2026-05-06 13:00:00,0.1372,0.1372,0.134,0.1345,3183177.35
2026-05-06 14:00:00,0.1344,0.1354,0.1324,0.1348,3041583.27
2026-05-06 15:00:00,0.1347,0.1369,0.1347,0.1363,2285750.26
2026-05-06 16:00:00,0.1362,0.1386,0.1357,0.1384,3343579.88
2026-05-06 17:00:00,0.1384,0.1389,0.1357,0.1364,1905269.04
2026-05-06 18:00:00,0.1365,0.1372,0.1359,0.1365,1626353.92
2026-05-06 19:00:00,0.1366,0.1393,0.1365,0.1386,1694934.92
2026-05-06 20:00:00,0.1386,0.142,0.1385,0.1408,4776102.16
2026-05-06 21:00:00,0.1408,0.1489,0.1406,0.1476,8971746.32
2026-05-06 22:00:00,0.1477,0.1477,0.1412,0.143,5992264.3
2026-05-06 23:00:00,0.1431,0.1433,0.1403,0.1424,2727056.24
2026-05-07 00:00:00,0.1424,0.143,0.1408,0.1423,8611593.31
2026-05-07 01:00:00,0.1423,0.1443,0.1386,0.139,15175610.04
2026-05-07 02:00:00,0.1389,0.1395,0.1375,0.1391,3982780.68
2026-05-07 03:00:00,0.139,0.1407,0.1388,0.1389,9754871.36
2026-05-07 04:00:00,0.1389,0.1446,0.1387,0.1443,3053074.36
2026-05-07 05:00:00,0.1444,0.1508,0.1443,0.1497,12324986.99
2026-05-07 06:00:00,0.1496,0.1496,0.1443,0.149,5954237.99
2026-05-07 07:00:00,0.149,0.1494,0.1443,0.1449,3093747.11
2026-05-07 08:00:00,0.1448,0.146,0.1436,0.1451,4183082.12
2026-05-07 09:00:00,0.1451,0.1464,0.144,0.1447,2391372.64
2026-05-07 10:00:00,0.1447,0.1469,0.1441,0.1462,1451059.37
2026-05-07 11:00:00,0.1462,0.1479,0.1456,0.1456,2116297.81
2026-05-07 12:00:00,0.1455,0.1491,0.1451,0.1478,3334518.41
2026-05-07 13:00:00,0.1477,0.1491,0.1447,0.1453,2392564.6
2026-05-07 14:00:00,0.1454,0.1464,0.1426,0.1441,4953337.07
2026-05-07 15:00:00,0.1442,0.1462,0.1432,0.1444,5159538.68
2026-05-07 16:00:00,0.1444,0.1477,0.1442,0.1454,3084233.37
2026-05-07 17:00:00,0.1455,0.1475,0.1439,0.1455,2579888.45
2026-05-07 18:00:00,0.1454,0.1472,0.1449,0.1452,1578808.07
2026-05-07 19:00:00,0.1453,0.1475,0.1442,0.1469,1905660.3
2026-05-07 20:00:00,0.147,0.1488,0.1469,0.1472,1655888.38
2026-05-07 21:00:00,0.1472,0.15,0.1455,0.1473,3812840.53
2026-05-07 22:00:00,0.1472,0.1474,0.1452,0.1463,1070840.35
2026-05-07 23:00:00,0.1463,0.1484,0.1463,0.148,924331.06
2026-05-08 00:00:00,0.1481,0.1494,0.147,0.1478,1732561.2
2026-05-08 01:00:00,0.1479,0.149,0.1468,0.1483,1216867.0
2026-05-08 02:00:00,0.1484,0.1501,0.1464,0.1495,3268771.74
2026-05-08 03:00:00,0.1495,0.1515,0.1474,0.1489,4561737.64
2026-05-08 04:00:00,0.1488,0.1512,0.148,0.149,3183838.28
2026-05-08 05:00:00,0.1491,0.1498,0.1471,0.1471,1953823.71
2026-05-08 06:00:00,0.1471,0.1498,0.1459,0.1496,3746329.52
2026-05-08 07:00:00,0.1496,0.151,0.1484,0.1504,3985959.62
2026-05-08 08:00:00,0.1503,0.151,0.1481,0.1489,2705792.31
2026-05-08 09:00:00,0.1489,0.1511,0.1478,0.15,3155359.56
2026-05-08 10:00:00,0.15,0.1515,0.1495,0.1497,3075860.48
2026-05-08 11:00:00,0.1497,0.1529,0.1494,0.1519,2142293.01
2026-05-08 12:00:00,0.1519,0.1525,0.1499,0.151,4203872.0
2026-05-08 13:00:00,0.1509,0.1518,0.1486,0.1494,2152144.92
2026-05-08 14:00:00,0.1494,0.152,0.1491,0.1507,2300787.38
2026-05-08 15:00:00,0.1507,0.1524,0.1494,0.1523,2434176.59
2026-05-08 16:00:00,0.1523,0.1546,0.1517,0.1536,3317835.24
2026-05-08 17:00:00,0.1535,0.161,0.1535,0.1596,11332361.96
2026-05-08 18:00:00,0.1596,0.165,0.1596,0.161,12893337.8
2026-05-08 19:00:00,0.161,0.1637,0.1597,0.1618,5724591.75
2026-05-08 20:00:00,0.1618,0.1691,0.1613,0.1685,8633746.63
2026-05-08 21:00:00,0.1685,0.1773,0.1674,0.1751,15062043.42
2026-05-08 22:00:00,0.175,0.1819,0.1724,0.1747,48462076.35
2026-05-08 23:00:00,0.1747,0.1755,0.1706,0.1718,4832361.49
2026-05-09 00:00:00,0.1718,0.1725,0.1672,0.1683,5378102.88
2026-05-09 01:00:00,0.1682,0.1697,0.1663,0.1687,5854423.36
2026-05-09 02:00:00,0.1686,0.1711,0.1684,0.1695,4603565.83
2026-05-09 03:00:00,0.1694,0.1705,0.167,0.1693,2837705.23
2026-05-09 04:00:00,0.1693,0.1697,0.1658,0.1671,2141441.69
2026-05-09 05:00:00,0.1671,0.1697,0.1665,0.1686,1597144.4
2026-05-09 06:00:00,0.1685,0.1715,0.1684,0.1698,3136988.32
2026-05-09 07:00:00,0.1698,0.1707,0.1645,0.1648,7889784.13
2026-05-09 08:00:00,0.1648,0.1667,0.1639,0.1662,2130968.8
2026-05-09 09:00:00,0.1661,0.1663,0.1639,0.1658,2951737.86
2026-05-09 10:00:00,0.1657,0.1661,0.1625,0.1633,1973657.12
2026-05-09 11:00:00,0.1633,0.1658,0.1631,0.1651,1509931.03
2026-05-09 12:00:00,0.1652,0.1678,0.1652,0.1664,1655053.36
2026-05-09 13:00:00,0.1664,0.1671,0.1635,0.1647,2347250.43
2026-05-09 14:00:00,0.1647,0.1666,0.1644,0.166,1090136.98
2026-05-09 15:00:00,0.1661,0.1682,0.1656,0.1662,2661345.67
2026-05-09 16:00:00,0.1662,0.1664,0.1647,0.1656,651869.48
2026-05-09 17:00:00,0.1657,0.1665,0.1643,0.1647,1049173.49
2026-05-09 18:00:00,0.1646,0.1656,0.1644,0.1645,600017.94
2026-05-09 19:00:00,0.1645,0.165,0.1639,0.1647,814787.85
2026-05-09 20:00:00,0.1647,0.1654,0.1645,0.1652,323432.05
2026-05-09 21:00:00,0.1652,0.1661,0.1645,0.1654,466154.64
2026-05-09 22:00:00,0.1655,0.1657,0.1651,0.1652,231491.5
2026-05-09 23:00:00,0.1652,0.1653,0.1632,0.1633,589503.39
2026-05-10 00:00:00,0.1633,0.1637,0.1616,0.1622,2911821.33
2026-05-10 01:00:00,0.1622,0.1624,0.1609,0.1615,1126493.59
2026-05-10 02:00:00,0.1615,0.1638,0.1609,0.1628,900306.83
2026-05-10 03:00:00,0.1628,0.1631,0.1621,0.1623,391767.67
2026-05-10 04:00:00,0.1623,0.1633,0.1617,0.1624,486913.66
2026-05-10 05:00:00,0.1623,0.1627,0.1614,0.1625,770363.39
2026-05-10 06:00:00,0.1624,0.1627,0.161,0.161,520552.99
2026-05-10 07:00:00,0.161,0.1621,0.1606,0.1607,487665.21
2026-05-10 08:00:00,0.1607,0.1624,0.1604,0.1618,888057.6
2026-05-10 09:00:00,0.1617,0.163,0.1616,0.1617,541338.25
2026-05-10 10:00:00,0.1617,0.1641,0.1611,0.1633,1713449.49
2026-05-10 11:00:00,0.1633,0.1645,0.1622,0.1622,1040261.9
2026-05-10 12:00:00,0.1623,0.1624,0.1614,0.1623,459346.1
2026-05-10 13:00:00,0.1624,0.1646,0.1623,0.1634,1542362.58
2026-05-10 14:00:00,0.1634,0.1635,0.162,0.1622,924812.37
2026-05-10 15:00:00,0.1621,0.1632,0.1612,0.163,2027231.62
2026-05-10 16:00:00,0.1631,0.1648,0.1628,0.1646,1837179.52
2026-05-10 17:00:00,0.1645,0.1657,0.1633,0.1657,3470807.56
2026-05-10 18:00:00,0.1658,0.1662,0.1643,0.1657,1866089.09
2026-05-10 19:00:00,0.1656,0.1657,0.1643,0.1649,1109691.78
2026-05-10 20:00:00,0.1649,0.166,0.1572,0.16,3953688.55
2026-05-10 21:00:00,0.16,0.1624,0.159,0.1616,1539938.34
2026-05-10 22:00:00,0.1616,0.164,0.1613,0.1638,1132395.75
2026-05-10 23:00:00,0.1638,0.1642,0.1631,0.1633,675020.37
2026-05-11 00:00:00,0.1633,0.1636,0.1605,0.1618,1212595.13
2026-05-11 01:00:00,0.1618,0.1628,0.1613,0.1625,494152.9
2026-05-11 02:00:00,0.1625,0.1626,0.1603,0.1609,1088148.05
2026-05-11 03:00:00,0.161,0.1611,0.1585,0.1595,1157677.28
2026-05-11 04:00:00,0.1594,0.1606,0.1588,0.1602,476103.1
2026-05-11 05:00:00,0.1602,0.1612,0.1598,0.1598,415981.69
2026-05-11 06:00:00,0.1598,0.1603,0.1592,0.1594,778600.95
2026-05-11 07:00:00,0.1594,0.1597,0.1586,0.1595,756615.37
2026-05-11 08:00:00,0.1595,0.1597,0.1584,0.1591,692194.89
2026-05-11 09:00:00,0.1591,0.16,0.1588,0.1599,1256753.9
2026-05-11 10:00:00,0.1598,0.161,0.1582,0.1585,4323018.2
2026-05-11 11:00:00,0.1585,0.159,0.1574,0.1587,1898026.6
2026-05-11 12:00:00,0.1587,0.1591,0.1577,0.1578,1240422.34
2026-05-11 13:00:00,0.1579,0.1589,0.1571,0.1576,1240150.65
2026-05-11 14:00:00,0.1577,0.1586,0.156,0.157,1525822.81
2026-05-11 15:00:00,0.157,0.1582,0.1564,0.1577,1526782.95
2026-05-11 16:00:00,0.1578,0.1583,0.1567,0.1569,1068921.1
2026-05-11 17:00:00,0.1569,0.158,0.1565,0.1573,558383.8
2026-05-11 18:00:00,0.1573,0.1578,0.157,0.1573,939398.87
2026-05-11 19:00:00,0.1573,0.1584,0.1573,0.1581,623675.43
2026-05-11 20:00:00,0.1582,0.1589,0.1573,0.1581,670155.09
2026-05-11 21:00:00,0.1581,0.1584,0.1573,0.1574,415840.03
2026-05-11 22:00:00,0.1573,0.1578,0.1571,0.1571,428548.43
2026-05-11 23:00:00,0.1571,0.1572,0.1562,0.157,1139142.73
2026-05-12 00:00:00,0.157,0.158,0.1563,0.1576,1181357.77
2026-05-12 01:00:00,0.1576,0.1576,0.1547,0.1552,2660432.88
2026-05-12 02:00:00,0.1552,0.1559,0.1547,0.1557,1060848.54
2026-05-12 03:00:00,0.1558,0.1559,0.1549,0.1551,859523.7
2026-05-12 04:00:00,0.1551,0.1561,0.1549,0.1557,567386.87
2026-05-12 05:00:00,0.1556,0.1565,0.1554,0.1562,374815.58
2026-05-12 06:00:00,0.1561,0.1568,0.1561,0.1564,434445.54
2026-05-12 07:00:00,0.1563,0.1568,0.1552,0.1564,904834.48
2026-05-12 08:00:00,0.1564,0.1566,0.1554,0.1558,523112.13
2026-05-12 09:00:00,0.1557,0.1562,0.1547,0.1558,676698.92
2026-05-12 10:00:00,0.1558,0.156,0.1538,0.1547,1124241.48
2026-05-12 11:00:00,0.1547,0.1549,0.1536,0.1541,729181.38
2026-05-12 12:00:00,0.1541,0.1545,0.1522,0.1536,1522254.61
2026-05-12 13:00:00,0.1537,0.1542,0.1519,0.1522,922153.36
2026-05-12 14:00:00,0.1522,0.1532,0.1504,0.1511,1711519.66
2026-05-12 15:00:00,0.1512,0.1517,0.1501,0.1504,1315641.0
2026-05-12 16:00:00,0.1504,0.1512,0.1489,0.1495,1890043.38
2026-05-12 17:00:00,0.1495,0.1523,0.1495,0.1518,804545.59
2026-05-12 18:00:00,0.1518,0.1529,0.1516,0.1519,448997.15
2026-05-12 19:00:00,0.152,0.1531,0.152,0.1524,434735.93
2026-05-12 20:00:00,0.1525,0.1529,0.1522,0.1525,593884.88
2026-05-12 21:00:00,0.1526,0.1531,0.1526,0.1529,377560.36
2026-05-12 22:00:00,0.1529,0.1532,0.1523,0.1523,232725.73
2026-05-12 23:00:00,0.1523,0.1524,0.1517,0.1521,1182661.75
2026-05-13 00:00:00,0.1522,0.1528,0.1518,0.1523,474878.98
2026-05-13 01:00:00,0.1523,0.1545,0.1523,0.1534,652005.86
2026-05-13 02:00:00,0.1533,0.1548,0.1529,0.1548,652493.87
2026-05-13 03:00:00,0.1547,0.1554,0.1542,0.1549,906603.77
2026-05-13 04:00:00,0.155,0.1555,0.1543,0.1545,537691.41
2026-05-13 05:00:00,0.1545,0.1548,0.1539,0.1543,483721.59
2026-05-13 06:00:00,0.1543,0.1549,0.1539,0.1544,346217.88
2026-05-13 07:00:00,0.1544,0.1553,0.1544,0.1552,669675.28
2026-05-13 08:00:00,0.1553,0.1554,0.1547,0.1553,396069.05
2026-05-13 09:00:00,0.1552,0.1579,0.1551,0.1573,1948852.24
2026-05-13 10:00:00,0.1573,0.1576,0.1537,0.1543,2593546.06
2026-05-13 11:00:00,0.1542,0.1547,0.1525,0.1529,726897.35
2026-05-13 12:00:00,0.1529,0.1532,0.1479,0.1495,3419453.88
2026-05-13 13:00:00,0.1495,0.1506,0.1473,0.148,1997303.91
2026-05-13 14:00:00,0.1479,0.1486,0.1468,0.1477,1484543.88
2026-05-13 15:00:00,0.1476,0.1479,0.1444,0.1446,3927055.66
2026-05-13 16:00:00,0.1446,0.147,0.1446,0.1464,1679734.06
2026-05-13 17:00:00,0.1465,0.1473,0.146,0.1463,1243891.76
2026-05-13 18:00:00,0.1463,0.148,0.1463,0.1474,1087938.71
2026-05-13 19:00:00,0.1475,0.1477,0.1461,0.1464,561291.38
2026-05-13 20:00:00,0.1464,0.147,0.1459,0.1468,498284.91
2026-05-13 21:00:00,0.1468,0.1468,0.1453,0.1455,477706.49
2026-05-13 22:00:00,0.1455,0.1462,0.1449,0.1458,689826.61
2026-05-13 23:00:00,0.1457,0.1463,0.1456,0.1461,398985.57
2026-05-14 00:00:00,0.1461,0.1467,0.146,0.146,1431357.14
2026-05-14 01:00:00,0.1459,0.1466,0.1458,0.1463,378127.31
2026-05-14 02:00:00,0.1463,0.1469,0.1457,0.1458,449495.86
2026-05-14 03:00:00,0.1458,0.1461,0.1438,0.1441,854726.3
2026-05-14 04:00:00,0.1442,0.1455,0.1439,0.1454,640456.52
2026-05-14 05:00:00,0.1453,0.1467,0.1453,0.1466,824790.99
2026-05-14 06:00:00,0.1465,0.1474,0.1461,0.1464,600398.05
2026-05-14 07:00:00,0.1464,0.1466,0.1458,0.1458,643218.7
2026-05-14 08:00:00,0.1459,0.1467,0.1454,0.1462,779620.28
2026-05-14 09:00:00,0.1461,0.1464,0.1455,0.1458,706882.03
2026-05-14 10:00:00,0.1457,0.1461,0.1438,0.1448,9257867.94
2026-05-14 11:00:00,0.1449,0.145,0.1435,0.1435,1173673.82
2026-05-14 12:00:00,0.1434,0.1446,0.1432,0.1442,1198539.46
2026-05-14 13:00:00,0.1442,0.145,0.1439,0.144,1005968.16
2026-05-14 14:00:00,0.1439,0.1472,0.1434,0.1469,1053904.96
2026-05-14 15:00:00,0.147,0.148,0.1463,0.1476,1714556.8
2026-05-14 16:00:00,0.1477,0.1483,0.1455,0.1472,2310627.48
2026-05-14 17:00:00,0.1472,0.1472,0.1451,0.1458,688501.43
2026-05-14 18:00:00,0.1457,0.1476,0.145,0.1472,1314735.03
2026-05-14 19:00:00,0.1472,0.1477,0.1463,0.1467,489619.52
2026-05-14 20:00:00,0.1467,0.147,0.1449,0.1459,568969.51
2026-05-14 21:00:00,0.146,0.1468,0.1452,0.1464,486149.23
2026-05-14 22:00:00,0.1464,0.1467,0.1461,0.1462,468789.74
2026-05-14 23:00:00,0.1461,0.1461,0.1446,0.1449,577321.74
2026-05-15 00:00:00,0.1449,0.1461,0.1447,0.1456,482428.18
2026-05-15 01:00:00,0.1456,0.1458,0.1439,0.144,641021.88
2026-05-15 02:00:00,0.1439,0.1447,0.1429,0.1446,1215306.38
2026-05-15 03:00:00,0.1445,0.1446,0.1432,0.1433,309344.08
2026-05-15 04:00:00,0.1433,0.1434,0.1418,0.1421,1600800.49
2026-05-15 05:00:00,0.142,0.1424,0.1394,0.1397,2283040.51
2026-05-15 06:00:00,0.1397,0.1412,0.1397,0.1409,1191754.85
2026-05-15 07:00:00,0.1409,0.1422,0.1407,0.1414,530800.07
2026-05-15 08:00:00,0.1414,0.1418,0.1407,0.1411,844677.94
2026-05-15 09:00:00,0.1411,0.1413,0.1407,0.1412,537545.55
2026-05-15 10:00:00,0.1412,0.1425,0.1409,0.1421,732614.98
2026-05-15 11:00:00,0.1421,0.1425,0.1416,0.1417,785981.69
2026-05-15 12:00:00,0.1417,0.1417,0.1403,0.1405,546385.82
2026-05-15 13:00:00,0.1404,0.1404,0.135,0.1353,4183325.17
2026-05-15 14:00:00,0.1354,0.1369,0.1345,0.1358,2414310.17
2026-05-15 15:00:00,0.1359,0.1361,0.1347,0.1354,985940.1
2026-05-15 16:00:00,0.1354,0.1373,0.1351,0.1372,1914336.75
2026-05-15 17:00:00,0.1373,0.1383,0.1373,0.1383,1131196.67
2026-05-15 18:00:00,0.1382,0.1386,0.1375,0.1379,695891.89
2026-05-15 19:00:00,0.138,0.1381,0.1373,0.1375,955430.61
2026-05-15 20:00:00,0.1375,0.1375,0.1368,0.1371,514994.11
2026-05-15 21:00:00,0.1371,0.1375,0.1367,0.1367,430039.96
2026-05-15 22:00:00,0.1368,0.1372,0.1368,0.137,184200.43
2026-05-15 23:00:00,0.137,0.1371,0.1364,0.1367,255591.67
2026-05-16 00:00:00,0.1367,0.1374,0.1364,0.1371,1322665.58
2026-05-16 01:00:00,0.1371,0.1379,0.137,0.1377,546577.8
2026-05-16 02:00:00,0.1377,0.1382,0.1373,0.1376,433425.81
2026-05-16 03:00:00,0.1377,0.1381,0.1369,0.1373,511976.22
2026-05-16 04:00:00,0.1373,0.1374,0.1356,0.136,920812.53
2026-05-16 05:00:00,0.1359,0.1363,0.1353,0.1355,693453.25
2026-05-16 06:00:00,0.1355,0.1356,0.1332,0.1343,1141061.99
2026-05-16 07:00:00,0.1342,0.1342,0.1315,0.1329,2434859.75
2026-05-16 08:00:00,0.1329,0.1336,0.1328,0.1328,631475.67
2026-05-16 09:00:00,0.1327,0.133,0.1308,0.1321,1751682.98
2026-05-16 10:00:00,0.132,0.1322,0.131,0.132,819566.46
2026-05-16 11:00:00,0.132,0.1328,0.132,0.1325,239193.16
2026-05-16 12:00:00,0.1325,0.133,0.1322,0.1328,356978.87
2026-05-16 13:00:00,0.1327,0.1335,0.1326,0.1331,239989.13
2026-05-16 14:00:00,0.1331,0.1343,0.1327,0.1335,408403.49
2026-05-16 15:00:00,0.1335,0.1346,0.1335,0.1341,414717.13
2026-05-16 16:00:00,0.1341,0.1353,0.134,0.1344,1115593.88
2026-05-16 17:00:00,0.1345,0.1354,0.1345,0.135,495580.09
2026-05-16 18:00:00,0.135,0.135,0.1342,0.1342,247963.0
2026-05-16 19:00:00,0.1341,0.1341,0.1337,0.1338,188981.64
2026-05-16 20:00:00,0.1339,0.1339,0.1332,0.1334,197324.52
2026-05-16 21:00:00,0.1334,0.1337,0.1331,0.1333,279093.88
2026-05-16 22:00:00,0.1333,0.1333,0.133,0.1332,121170.29
2026-05-16 23:00:00,0.1331,0.1334,0.133,0.1331,149561.63
2026-05-17 00:00:00,0.133,0.1335,0.132,0.1323,344544.39
2026-05-17 01:00:00,0.1324,0.133,0.1317,0.132,442986.36
2026-05-17 02:00:00,0.132,0.1328,0.1319,0.1323,360681.27
2026-05-17 03:00:00,0.1324,0.1332,0.1324,0.133,331275.38
2026-05-17 04:00:00,0.133,0.1337,0.1329,0.1334,214488.17
2026-05-17 05:00:00,0.1335,0.1341,0.1331,0.1332,494276.58
2026-05-17 06:00:00,0.1331,0.1335,0.133,0.1332,403826.19
2026-05-17 07:00:00,0.1332,0.1339,0.1328,0.1334,364001.73
2026-05-17 08:00:00,0.1335,0.1335,0.133,0.1332,202989.94
2026-05-17 09:00:00,0.1332,0.134,0.1331,0.1338,161257.91
2026-05-17 10:00:00,0.1339,0.1344,0.1332,0.1333,555805.56
2026-05-17 11:00:00,0.1333,0.1333,0.1324,0.1324,474921.59
2026-05-17 12:00:00,0.1324,0.1327,0.1321,0.1322,450022.49
2026-05-17 13:00:00,0.1323,0.1323,0.1315,0.1319,404516.68
2026-05-17 14:00:00,0.1319,0.1319,0.1306,0.1314,1040794.77
2026-05-17 15:00:00,0.1314,0.1317,0.1312,0.1316,853270.54
2026-05-17 16:00:00,0.1316,0.132,0.1309,0.1311,554141.88
2026-05-17 17:00:00,0.1312,0.1313,0.1307,0.1312,331789.63
2026-05-17 18:00:00,0.1312,0.1316,0.1306,0.1314,290779.8
2026-05-17 19:00:00,0.1314,0.1316,0.1311,0.1313,164369.2
2026-05-17 20:00:00,0.1314,0.1315,0.1308,0.131,161390.89
2026-05-17 21:00:00,0.1309,0.1317,0.1307,0.1312,205546.38
2026-05-17 22:00:00,0.1311,0.1312,0.1297,0.1303,694916.86
2026-05-17 23:00:00,0.1303,0.1304,0.123,0.1283,11982049.65
2026-05-18 00:00:00,0.1282,0.1283,0.1266,0.1281,1301537.32
2026-05-18 01:00:00,0.1282,0.1284,0.1269,0.1278,799599.49
2026-05-18 02:00:00,0.1277,0.129,0.1277,0.1285,954196.4
2026-05-18 03:00:00,0.1285,0.1293,0.1282,0.1283,508165.62
2026-05-18 04:00:00,0.1284,0.1289,0.1281,0.1288,423966.84
2026-05-18 05:00:00,0.1288,0.1289,0.1274,0.1274,534937.4
2026-05-18 06:00:00,0.1275,0.128,0.1267,0.1271,1231018.29
2026-05-18 07:00:00,0.1272,0.1273,0.1262,0.1266,377364.78
2026-05-18 08:00:00,0.1266,0.1272,0.1263,0.1271,470399.42
2026-05-18 09:00:00,0.1271,0.1272,0.1264,0.1266,246079.08
2026-05-18 10:00:00,0.1266,0.1267,0.1259,0.1264,706044.62
2026-05-18 11:00:00,0.1264,0.1286,0.1262,0.1277,1112044.66
2026-05-18 12:00:00,0.1277,0.1288,0.1277,0.1283,812812.1
2026-05-18 13:00:00,0.1282,0.1283,0.1265,0.1274,1469457.54
2026-05-18 14:00:00,0.1274,0.1275,0.1252,0.1255,1358838.88
2026-05-18 15:00:00,0.1256,0.1256,0.1238,0.1252,1556915.36
2026-05-18 16:00:00,0.1252,0.1261,0.1251,0.1258,777190.16
2026-05-18 17:00:00,0.1258,0.1265,0.1256,0.1262,367103.11
2026-05-18 18:00:00,0.1262,0.1262,0.1249,0.125,558913.89
2026-05-18 19:00:00,0.125,0.1281,0.125,0.1276,1843123.73
2026-05-18 20:00:00,0.1277,0.1286,0.1274,0.1278,1331279.48
2026-05-18 21:00:00,0.1278,0.1295,0.1276,0.1295,696364.76
2026-05-18 22:00:00,0.1295,0.1296,0.1285,0.1293,594529.52
2026-05-18 23:00:00,0.1293,0.1299,0.129,0.1295,412974.01
2026-05-19 00:00:00,0.1296,0.1302,0.1293,0.1295,769065.45
2026-05-19 01:00:00,0.1294,0.1294,0.1281,0.1281,778984.92
2026-05-19 02:00:00,0.1281,0.1287,0.1275,0.1279,498462.21
2026-05-19 03:00:00,0.1279,0.1289,0.1277,0.1284,246745.72
2026-05-19 04:00:00,0.1284,0.1292,0.1282,0.1288,592724.1
2026-05-19 05:00:00,0.1289,0.129,0.128,0.1286,333591.94
2026-05-19 06:00:00,0.1286,0.1292,0.1284,0.1289,322052.8
2026-05-19 07:00:00,0.1289,0.1298,0.1287,0.1298,664743.43
2026-05-19 08:00:00,0.1296,0.1302,0.1288,0.1298,881820.2
2026-05-19 09:00:00,0.1299,0.13,0.1281,0.1289,1102997.97
2026-05-19 10:00:00,0.1288,0.1289,0.1278,0.1283,1113126.83
2026-05-19 11:00:00,0.1284,0.1287,0.127,0.1274,1073766.77
2026-05-19 12:00:00,0.1273,0.1281,0.1269,0.1279,806119.91
2026-05-19 13:00:00,0.1279,0.1282,0.127,0.1275,1296125.99
2026-05-19 14:00:00,0.1275,0.128,0.1261,0.1269,1133492.19
2026-05-19 15:00:00,0.1268,0.1272,0.1258,0.1268,1161706.87
2026-05-19 16:00:00,0.1269,0.1281,0.1265,0.1281,421032.8
2026-05-19 17:00:00,0.1281,0.1281,0.1273,0.1278,299822.16
2026-05-19 18:00:00,0.1278,0.1281,0.127,0.1272,535339.43
2026-05-19 19:00:00,0.1272,0.1277,0.1266,0.1267,225577.15
2026-05-19 20:00:00,0.1267,0.1275,0.1267,0.1273,98438.57
2026-05-19 21:00:00,0.1273,0.1275,0.1268,0.1268,174416.81
2026-05-19 22:00:00,0.1268,0.1268,0.1256,0.1259,253993.22
2026-05-19 23:00:00,0.1258,0.1265,0.1257,0.126,124994.9
2026-05-20 00:00:00,0.1261,0.1263,0.1254,0.1259,331261.79
2026-05-20 01:00:00,0.126,0.1262,0.1251,0.1261,208730.76
2026-05-20 02:00:00,0.1262,0.1263,0.1252,0.1255,253401.02
2026-05-20 03:00:00,0.1255,0.1262,0.1253,0.1256,111654.11
2026-05-20 04:00:00,0.1256,0.1262,0.1255,0.1262,314918.36
2026-05-20 05:00:00,0.1262,0.1277,0.1262,0.1276,755627.46
2026-05-20 06:00:00,0.1276,0.128,0.1273,0.1277,459499.35
2026-05-20 07:00:00,0.1278,0.1281,0.1273,0.1276,539312.58
2026-05-20 08:00:00,0.1277,0.1283,0.1274,0.1274,299131.8
2026-05-20 09:00:00,0.1275,0.1277,0.127,0.1271,515353.59
2026-05-20 10:00:00,0.1271,0.1276,0.1269,0.1271,219853.68
2026-05-20 11:00:00,0.1271,0.1275,0.1264,0.1266,329515.5
2026-05-20 12:00:00,0.1266,0.1273,0.1261,0.1269,1732454.03
2026-05-20 13:00:00,0.1269,0.1269,0.1243,0.1255,1920698.13
2026-05-20 14:00:00,0.1256,0.1282,0.1254,0.128,1681591.42
2026-05-20 15:00:00,0.1279,0.1299,0.1276,0.1292,2557233.36
2026-05-20 16:00:00,0.1293,0.1298,0.1283,0.1295,1031538.81
2026-05-20 17:00:00,0.1295,0.1305,0.1292,0.1293,1063263.04
2026-05-20 18:00:00,0.1292,0.1295,0.1284,0.1285,614507.31
2026-05-20 19:00:00,0.1285,0.1293,0.1279,0.1291,1140561.66
2026-05-20 20:00:00,0.1291,0.1301,0.1287,0.1299,1267993.25
2026-05-20 21:00:00,0.1299,0.1302,0.129,0.129,393915.79
2026-05-20 22:00:00,0.1289,0.1289,0.1274,0.1287,520701.88
2026-05-20 23:00:00,0.1287,0.1291,0.1282,0.1291,271129.54
2026-05-21 00:00:00,0.129,0.13,0.1287,0.1298,468836.02
2026-05-21 01:00:00,0.1299,0.1307,0.1298,0.1302,1210636.47
2026-05-21 02:00:00,0.1301,0.1312,0.1299,0.1306,2275836.52
2026-05-21 03:00:00,0.1306,0.1316,0.1306,0.1314,1090768.34
2026-05-21 04:00:00,0.1314,0.1317,0.1304,0.1312,696931.77
2026-05-21 05:00:00,0.1312,0.1312,0.1289,0.1295,867653.17
2026-05-21 06:00:00,0.1295,0.1298,0.1291,0.1295,1480649.35
2026-05-21 07:00:00,0.1295,0.1305,0.1291,0.1302,950058.72
2026-05-21 08:00:00,0.1302,0.1309,0.13,0.1302,795976.72
2026-05-21 09:00:00,0.1302,0.1307,0.1295,0.1295,897935.87
2026-05-21 10:00:00,0.1295,0.1298,0.1277,0.1283,1615406.73
2026-05-21 11:00:00,0.1283,0.1288,0.128,0.1281,673405.04
2026-05-21 12:00:00,0.1282,0.129,0.1279,0.1289,581150.93
2026-05-21 13:00:00,0.1288,0.1299,0.1281,0.1297,916564.72
2026-05-21 14:00:00,0.1298,0.1299,0.1284,0.1291,645484.13
2026-05-21 15:00:00,0.1291,0.1302,0.1286,0.1295,1677514.58
2026-05-21 16:00:00,0.1296,0.1301,0.1287,0.1295,1316378.16
2026-05-21 17:00:00,0.1294,0.1327,0.1293,0.1321,2157820.39
2026-05-21 18:00:00,0.1321,0.133,0.1303,0.1314,1943218.32
2026-05-21 19:00:00,0.1314,0.1329,0.1312,0.1327,1007503.14
2026-05-21 20:00:00,0.1326,0.1334,0.1326,0.133,550656.24
2026-05-21 21:00:00,0.133,0.1337,0.1324,0.1324,712373.96
2026-05-21 22:00:00,0.1324,0.1327,0.1319,0.1322,199822.11
2026-05-21 23:00:00,0.1322,0.1325,0.1316,0.1324,533422.86
2026-05-22 00:00:00,0.1324,0.1324,0.1311,0.1311,374603.68
2026-05-22 01:00:00,0.1311,0.132,0.131,0.132,338575.08
2026-05-22 02:00:00,0.1321,0.1331,0.1321,0.1327,350861.32
2026-05-22 03:00:00,0.1327,0.1337,0.1324,0.1337,1887330.87
2026-05-22 04:00:00,0.1338,0.1346,0.133,0.1337,731099.81
2026-05-22 05:00:00,0.1336,0.1346,0.1334,0.134,472558.42
2026-05-22 06:00:00,0.1339,0.1339,0.1327,0.1329,555309.24
2026-05-22 07:00:00,0.1329,0.1343,0.1324,0.1336,766528.4
2026-05-22 08:00:00,0.1336,0.135,0.1335,0.1339,928264.28
2026-05-22 09:00:00,0.1339,0.135,0.1337,0.1341,822730.32
2026-05-22 10:00:00,0.134,0.1343,0.1331,0.1338,717492.82
2026-05-22 11:00:00,0.1339,0.1351,0.1335,0.1349,506940.44
2026-05-22 12:00:00,0.1349,0.1366,0.1348,0.1365,1445047.66
2026-05-22 13:00:00,0.1365,0.1368,0.1351,0.136,2903795.4
2026-05-22 14:00:00,0.136,0.136,0.1332,0.1336,1875811.79
2026-05-22 15:00:00,0.1335,0.1346,0.1329,0.1343,511678.73
2026-05-22 16:00:00,0.1342,0.1347,0.1332,0.1339,760358.59
2026-05-22 17:00:00,0.1339,0.1346,0.1331,0.1333,1123424.7
2026-05-22 18:00:00,0.1333,0.1333,0.129,0.1307,3635519.11
2026-05-22 19:00:00,0.1307,0.131,0.1274,0.1287,3526892.37
2026-05-22 20:00:00,0.1287,0.1294,0.1283,0.1293,1227324.08
2026-05-22 21:00:00,0.1293,0.1299,0.129,0.1294,411692.04
2026-05-22 22:00:00,0.1293,0.1293,0.1281,0.1287,904171.45
2026-05-22 23:00:00,0.1287,0.129,0.1258,0.1268,1951437.19
2026-05-23 00:00:00,0.1269,0.1271,0.1254,0.1269,1979397.34
2026-05-23 01:00:00,0.1269,0.1276,0.1266,0.1276,803021.45
2026-05-23 02:00:00,0.1277,0.128,0.1273,0.1279,772272.57
2026-05-23 03:00:00,0.1279,0.1284,0.1277,0.1278,341523.33
2026-05-23 04:00:00,0.1278,0.1278,0.1269,0.127,668138.12
2026-05-23 05:00:00,0.127,0.1271,0.1263,0.1266,444269.77
2026-05-23 06:00:00,0.1265,0.1266,0.1261,0.1262,489741.96
2026-05-23 07:00:00,0.1263,0.1264,0.1211,0.1228,6279175.01
2026-05-23 08:00:00,0.1228,0.123,0.1215,0.1228,1544078.16
2026-05-23 09:00:00,0.1228,0.1231,0.1222,0.1222,882651.92
2026-05-23 10:00:00,0.1222,0.1229,0.1222,0.1222,451007.21
2026-05-23 11:00:00,0.1223,0.1228,0.1219,0.1222,643341.54
2026-05-23 12:00:00,0.1222,0.1224,0.1211,0.1223,1475168.79
2026-05-23 13:00:00,0.1223,0.1236,0.1223,0.1233,1435535.4
2026-05-23 14:00:00,0.1234,0.1255,0.1229,0.1252,2092246.63
2026-05-23 15:00:00,0.1253,0.1262,0.1251,0.1262,647612.21
2026-05-23 16:00:00,0.1261,0.1271,0.1255,0.1271,1577106.2
2026-05-23 17:00:00,0.1272,0.1283,0.1267,0.1274,1726031.35
2026-05-23 18:00:00,0.1274,0.1313,0.1272,0.1304,2298802.32
2026-05-23 19:00:00,0.1303,0.1306,0.1295,0.1297,957640.95
2026-05-23 20:00:00,0.1297,0.1338,0.1291,0.1338,2649469.23
2026-05-23 21:00:00,0.1338,0.134,0.1303,0.1309,1264444.61
2026-05-23 22:00:00,0.131,0.1314,0.1294,0.1302,971316.68
2026-05-23 23:00:00,0.1301,0.1305,0.1297,0.1304,454728.23
2026-05-24 00:00:00,0.1304,0.1305,0.1295,0.13,571800.09
2026-05-24 01:00:00,0.13,0.1304,0.1297,0.1298,282003.84
2026-05-24 02:00:00,0.1298,0.1299,0.1287,0.1292,353973.61
2026-05-24 03:00:00,0.1291,0.1295,0.1282,0.1286,269687.67
2026-05-24 04:00:00,0.1286,0.1289,0.1282,0.1284,476741.69
2026-05-24 05:00:00,0.1283,0.1283,0.1272,0.1277,458410.5
2026-05-24 06:00:00,0.1277,0.1287,0.1273,0.1286,241848.63
2026-05-24 07:00:00,0.1286,0.129,0.1282,0.1284,523289.45
2026-05-24 08:00:00,0.1285,0.1289,0.1282,0.1285,322606.32
2026-05-24 09:00:00,0.1284,0.1296,0.1282,0.1292,9453386.64
2026-05-24 10:00:00,0.1291,0.1295,0.1279,0.1282,662678.4
2026-05-24 11:00:00,0.1282,0.1284,0.1277,0.128,317602.58
2026-05-24 12:00:00,0.128,0.128,0.1269,0.1276,631034.25
2026-05-24 13:00:00,0.1275,0.1278,0.1259,0.1263,708404.83
2026-05-24 14:00:00,0.1264,0.1266,0.1243,0.1262,1802188.13
2026-05-24 15:00:00,0.1262,0.1264,0.1258,0.1261,284834.31
2026-05-24 16:00:00,0.1261,0.1269,0.1261,0.1267,349576.62
2026-05-24 17:00:00,0.1266,0.1271,0.1265,0.1267,340760.26
2026-05-24 18:00:00,0.1268,0.1271,0.1263,0.1265,412842.59
2026-05-24 19:00:00,0.1266,0.1268,0.1262,0.1264,170670.99
2026-05-24 20:00:00,0.1264,0.1265,0.1253,0.1255,405461.87
2026-05-24 21:00:00,0.1256,0.1256,0.1229,0.1233,1078478.37
2026-05-24 22:00:00,0.1233,0.1255,0.1233,0.1249,457411.0
2026-05-24 23:00:00,0.1249,0.1258,0.1249,0.1256,286213.35
2026-05-25 00:00:00,0.1256,0.1263,0.1256,0.1259,379331.95
2026-05-25 01:00:00,0.126,0.1262,0.1248,0.1248,289062.58
2026-05-25 02:00:00,0.1249,0.126,0.1249,0.1252,326065.63
2026-05-25 03:00:00,0.1253,0.1255,0.1247,0.1249,212281.12
2026-05-25 04:00:00,0.1249,0.1267,0.1248,0.1265,1734770.38
2026-05-25 05:00:00,0.1265,0.1275,0.1264,0.1272,587097.39
2026-05-25 06:00:00,0.1272,0.1277,0.1266,0.1274,668519.2
2026-05-25 07:00:00,0.1274,0.1278,0.1268,0.1273,574159.71
2026-05-25 08:00:00,0.1273,0.1284,0.1272,0.1283,275813.72
2026-05-25 09:00:00,0.1283,0.1284,0.1278,0.1279,388195.64
2026-05-25 10:00:00,0.1279,0.1293,0.1277,0.129,1617838.56
2026-05-25 11:00:00,0.129,0.1296,0.1285,0.1286,918733.36
2026-05-25 12:00:00,0.1287,0.1299,0.1282,0.1296,648972.13
2026-05-25 13:00:00,0.1296,0.1307,0.1292,0.1305,1059980.71
2026-05-25 14:00:00,0.1306,0.1313,0.1303,0.1308,697050.02
2026-05-25 15:00:00,0.1308,0.1315,0.1299,0.1305,1696299.1
2026-05-25 16:00:00,0.1306,0.1323,0.1305,0.1321,690632.6
2026-05-25 17:00:00,0.1321,0.1322,0.1312,0.1316,753828.33
2026-05-25 18:00:00,0.1316,0.1323,0.1312,0.1312,664354.19
2026-05-25 19:00:00,0.1313,0.1313,0.1303,0.131,553266.89
2026-05-25 20:00:00,0.131,0.1317,0.1301,0.1307,561791.16
2026-05-25 21:00:00,0.1307,0.131,0.1303,0.1309,399531.06
2026-05-25 22:00:00,0.1309,0.131,0.1287,0.129,2966292.2
2026-05-25 23:00:00,0.1289,0.1302,0.1288,0.1297,399651.26
2026-05-26 00:00:00,0.1297,0.1298,0.1277,0.129,1221102.11
2026-05-26 01:00:00,0.1289,0.1289,0.1273,0.1283,1015251.59
2026-05-26 02:00:00,0.1283,0.1284,0.1276,0.1279,578212.24
2026-05-26 03:00:00,0.1279,0.128,0.1273,0.128,896830.69
2026-05-26 04:00:00,0.1281,0.1289,0.1274,0.1288,651783.36
2026-05-26 05:00:00,0.1287,0.1308,0.1285,0.1302,886341.32
2026-05-26 06:00:00,0.1302,0.1307,0.1289,0.1302,1063128.59
2026-05-26 07:00:00,0.1303,0.1305,0.1286,0.1299,696486.52
2026-05-26 08:00:00,0.1299,0.1312,0.1298,0.1308,630833.46
2026-05-26 09:00:00,0.1309,0.1318,0.1305,0.1315,1467218.88
2026-05-26 10:00:00,0.1315,0.1345,0.131,0.1338,2911529.11
2026-05-26 11:00:00,0.1337,0.1338,0.1329,0.1332,1393893.53
2026-05-26 12:00:00,0.1331,0.1336,0.1323,0.133,1832322.26
2026-05-26 13:00:00,0.1329,0.1332,0.1311,0.1328,1151327.88
2026-05-26 14:00:00,0.1329,0.1345,0.1319,0.1329,2189261.74
2026-05-26 15:00:00,0.1328,0.1329,0.1305,0.1317,1888654.66
2026-05-26 16:00:00,0.1316,0.1316,0.1299,0.1308,946255.98
2026-05-26 17:00:00,0.1308,0.1312,0.1273,0.1286,4048732.83
2026-05-26 18:00:00,0.1286,0.1296,0.1282,0.1284,754906.42
2026-05-26 19:00:00,0.1285,0.1294,0.128,0.1291,279033.62
2026-05-26 20:00:00,0.1292,0.1294,0.1287,0.1293,233232.83
2026-05-26 21:00:00,0.1292,0.1294,0.1281,0.1282,364315.36
2026-05-26 22:00:00,0.1283,0.1287,0.1275,0.1279,1365460.14
2026-05-26 23:00:00,0.128,0.1287,0.1278,0.1279,334633.37
2026-05-27 00:00:00,0.1279,0.1289,0.1279,0.1288,364653.46
2026-05-27 01:00:00,0.1289,0.129,0.1281,0.1282,1666590.88
2026-05-27 02:00:00,0.1283,0.1284,0.1268,0.1277,598842.6
2026-05-27 03:00:00,0.1277,0.1287,0.1271,0.1271,634133.84
2026-05-27 04:00:00,0.127,0.1272,0.125,0.1269,1377941.58
2026-05-27 05:00:00,0.1269,0.1278,0.1267,0.1278,1032403.24
2026-05-27 06:00:00,0.1278,0.1287,0.1275,0.1285,843454.46
2026-05-27 07:00:00,0.1285,0.1286,0.1277,0.1283,964783.54
2026-05-27 08:00:00,0.1283,0.129,0.1273,0.1275,1065993.53
2026-05-27 09:00:00,0.1275,0.1275,0.1264,0.1265,786930.99
2026-05-27 10:00:00,0.1264,0.127,0.1261,0.1269,1029071.21
2026-05-27 11:00:00,0.1268,0.1277,0.1268,0.1268,555733.8
2026-05-27 12:00:00,0.1268,0.1288,0.1264,0.1281,1248295.19
2026-05-27 13:00:00,0.1281,0.1282,0.1254,0.1268,1228905.95
2026-05-27 14:00:00,0.1268,0.1275,0.1257,0.1274,892993.75
2026-05-27 15:00:00,0.1274,0.1303,0.1272,0.1297,1195025.2
2026-05-27 16:00:00,0.1298,0.1305,0.1282,0.1291,988987.48
2026-05-27 17:00:00,0.1291,0.1291,0.1263,0.1268,927944.5
2026-05-27 18:00:00,0.1268,0.1282,0.1259,0.1281,998089.3
2026-05-27 19:00:00,0.1281,0.129,0.1279,0.1283,500511.5
2026-05-27 20:00:00,0.1283,0.1286,0.1276,0.1285,1303899.78
2026-05-27 21:00:00,0.1285,0.1286,0.1226,0.1239,5363108.97
2026-05-27 22:00:00,0.124,0.1248,0.1234,0.1236,1166271.22
2026-05-27 23:00:00,0.1236,0.124,0.123,0.1237,876569.31
2026-05-28 00:00:00,0.1237,0.1241,0.1228,0.1233,1432849.23
2026-05-28 01:00:00,0.1233,0.1234,0.1212,0.1225,1838778.69
2026-05-28 02:00:00,0.1226,0.123,0.122,0.1222,698229.66
2026-05-28 03:00:00,0.1221,0.1222,0.1184,0.1198,11964460.54
2026-05-28 04:00:00,0.1199,0.1199,0.1158,0.1178,12257907.32
2026-05-28 05:00:00,0.1179,0.118,0.1158,0.1166,1932241.69
2026-05-28 06:00:00,0.1166,0.1175,0.116,0.117,1315865.48
2026-05-28 07:00:00,0.117,0.1182,0.1167,0.1181,1318981.63
2026-05-28 08:00:00,0.1181,0.1182,0.1171,0.1173,626091.21
2026-05-28 09:00:00,0.1174,0.1183,0.1174,0.1182,1150510.88
2026-05-28 10:00:00,0.1182,0.1186,0.1168,0.1168,861729.43
2026-05-28 11:00:00,0.1168,0.1171,0.1163,0.1168,1069412.67
2026-05-28 12:00:00,0.1167,0.1172,0.1155,0.1171,891383.82
2026-05-28 13:00:00,0.1172,0.1174,0.116,0.1168,1525807.29
2026-05-28 14:00:00,0.1167,0.1171,0.1143,0.116,4123048.65
2026-05-28 15:00:00,0.1159,0.116,0.1138,0.1151,1894798.24
2026-05-28 16:00:00,0.1151,0.1177,0.1143,0.1172,1699118.64
2026-05-28 17:00:00,0.1172,0.1196,0.1168,0.1195,1220391.37
2026-05-28 18:00:00,0.1194,0.1211,0.1194,0.1207,987724.67
2026-05-28 19:00:00,0.1207,0.1208,0.1194,0.1195,857923.35
2026-05-28 20:00:00,0.1195,0.1204,0.1182,0.1198,899534.23
2026-05-28 21:00:00,0.1198,0.1204,0.1193,0.1196,1108858.04
2026-05-28 22:00:00,0.1197,0.12,0.1178,0.1182,764438.85
2026-05-28 23:00:00,0.1183,0.1192,0.1182,0.1186,1452647.37
2026-05-29 00:00:00,0.1185,0.1196,0.1185,0.119,1021733.29
2026-05-29 01:00:00,0.119,0.1195,0.1183,0.1189,587515.88
2026-05-29 02:00:00,0.1189,0.1192,0.1168,0.1174,1600243.38
2026-05-29 03:00:00,0.1175,0.1183,0.1174,0.1175,548146.44
2026-05-29 04:00:00,0.1175,0.1182,0.1165,0.1181,486263.01
2026-05-29 05:00:00,0.1182,0.1192,0.1181,0.1189,1178109.66
2026-05-29 06:00:00,0.1188,0.1197,0.1182,0.1191,672417.19
2026-05-29 07:00:00,0.119,0.1195,0.1176,0.1183,678300.69
2026-05-29 08:00:00,0.1182,0.1189,0.1178,0.1179,457520.62
2026-05-29 09:00:00,0.118,0.1191,0.1178,0.119,274226.14
2026-05-29 10:00:00,0.1189,0.1189,0.1179,0.1185,467013.32
2026-05-29 11:00:00,0.1184,0.1187,0.1167,0.1173,907014.25
2026-05-29 12:00:00,0.1173,0.1175,0.116,0.1163,2236696.99
2026-05-29 13:00:00,0.1163,0.1163,0.1152,0.1156,2679695.09
2026-05-29 14:00:00,0.1157,0.1169,0.1137,0.1165,4235225.55
2026-05-29 15:00:00,0.1165,0.1213,0.1162,0.1201,4539155.38
2026-05-29 16:00:00,0.1202,0.1215,0.1194,0.1212,2748988.88
2026-05-29 17:00:00,0.1211,0.1221,0.1204,0.1207,1486395.43
2026-05-29 18:00:00,0.1207,0.121,0.1186,0.119,1273926.36
2026-05-29 19:00:00,0.1191,0.1196,0.1177,0.1193,661981.86
2026-05-29 20:00:00,0.1193,0.1198,0.1188,0.1192,381701.1
2026-05-29 21:00:00,0.1193,0.1197,0.1178,0.1178,587427.38
2026-05-29 22:00:00,0.1179,0.1187,0.1177,0.1185,328337.78
2026-05-29 23:00:00,0.1185,0.1189,0.1182,0.1186,234309.44
2026-05-30 00:00:00,0.1187,0.1201,0.1185,0.12,233725.18
2026-05-30 01:00:00,0.12,0.1216,0.1197,0.1215,1271288.31
2026-05-30 02:00:00,0.1216,0.123,0.1215,0.123,974667.76
2026-05-30 03:00:00,0.123,0.1234,0.1216,0.1221,715271.07
2026-05-30 04:00:00,0.1221,0.1224,0.1194,0.1208,1930652.38
2026-05-30 05:00:00,0.1207,0.1217,0.1201,0.1215,1207740.33
2026-05-30 06:00:00,0.1216,0.1219,0.1209,0.121,622448.67
2026-05-30 07:00:00,0.1211,0.1215,0.1206,0.1211,428224.34
2026-05-30 08:00:00,0.1211,0.1211,0.1204,0.1206,323964.17
2026-05-30 09:00:00,0.1205,0.1215,0.1205,0.121,171083.58
2026-05-30 10:00:00,0.121,0.1214,0.1207,0.1208,222244.84
2026-05-30 11:00:00,0.1208,0.1211,0.1203,0.1207,349616.99
2026-05-30 12:00:00,0.1207,0.1211,0.1205,0.1209,172814.86
2026-05-30 13:00:00,0.1209,0.1214,0.1198,0.1208,1225584.97
2026-05-30 14:00:00,0.1208,0.1217,0.1206,0.1213,858346.29
2026-05-30 15:00:00,0.1214,0.1219,0.1204,0.1213,485704.5
2026-05-30 16:00:00,0.1213,0.1219,0.121,0.1215,380082.81
2026-05-30 17:00:00,0.1215,0.1216,0.1205,0.1214,360646.37
2026-05-30 18:00:00,0.1214,0.122,0.1213,0.1219,304002.58
2026-05-30 19:00:00,0.1219,0.122,0.121,0.1215,355166.51
2026-05-30 20:00:00,0.1216,0.1218,0.1214,0.1217,206012.88
2026-05-30 21:00:00,0.1217,0.1223,0.1215,0.1217,510566.72
2026-05-30 22:00:00,0.1217,0.1217,0.1199,0.1203,749817.12
2026-05-30 23:00:00,0.1203,0.1206,0.1199,0.1206,188349.03
2026-05-31 00:00:00,0.1206,0.121,0.1202,0.1208,255704.32
2026-05-31 01:00:00,0.1208,0.1214,0.1206,0.1209,362751.71
2026-05-31 02:00:00,0.121,0.1218,0.1205,0.1212,504240.74
2026-05-31 03:00:00,0.1212,0.1217,0.1209,0.1214,365471.87
2026-05-31 04:00:00,0.1213,0.1218,0.1212,0.1218,409582.03
2026-05-31 05:00:00,0.1218,0.1218,0.1207,0.1209,334530.7
2026-05-31 06:00:00,0.1209,0.1209,0.1203,0.1204,255785.14
2026-05-31 07:00:00,0.1203,0.1204,0.1188,0.1193,839280.06
2026-05-31 08:00:00,0.1192,0.1197,0.1187,0.1193,536015.57
2026-05-31 09:00:00,0.1192,0.1199,0.1188,0.119,419271.57
2026-05-31 10:00:00,0.119,0.1192,0.1183,0.1192,543943.87
2026-05-31 11:00:00,0.1192,0.1197,0.119,0.1193,241349.84
2026-05-31 12:00:00,0.1193,0.1198,0.1189,0.1195,232821.08
2026-05-31 13:00:00,0.1194,0.12,0.1192,0.1193,227260.41
2026-05-31 14:00:00,0.1192,0.1192,0.1167,0.117,1887796.6
2026-05-31 15:00:00,0.1169,0.1183,0.1168,0.1174,1087130.72
2026-05-31 16:00:00,0.1174,0.1177,0.1159,0.1162,1226303.67
2026-05-31 17:00:00,0.1162,0.1164,0.1156,0.1161,1024275.71
2026-05-31 18:00:00,0.1161,0.1161,0.1151,0.1159,848211.36
2026-05-31 19:00:00,0.1159,0.116,0.1147,0.1153,977083.63
2026-05-31 20:00:00,0.1153,0.1163,0.1153,0.1161,1044685.97
2026-05-31 21:00:00,0.1161,0.1183,0.116,0.1181,615473.66
2026-05-31 22:00:00,0.1182,0.1188,0.1178,0.1187,414437.92
2026-05-31 23:00:00,0.1187,0.1194,0.1175,0.1186,643608.41
2026-06-01 00:00:00,0.1187,0.1196,0.1184,0.119,1338451.65
2026-06-01 01:00:00,0.119,0.1191,0.1168,0.1168,598076.04
2026-06-01 02:00:00,0.1168,0.1199,0.1165,0.1197,840055.51
2026-06-01 03:00:00,0.1196,0.1211,0.1196,0.1205,1298200.59
2026-06-01 04:00:00,0.1205,0.121,0.1183,0.1191,577239.84
2026-06-01 05:00:00,0.119,0.119,0.1176,0.1178,345333.51
2026-06-01 06:00:00,0.1179,0.118,0.1158,0.1166,625528.18
2026-06-01 07:00:00,0.1166,0.1171,0.1153,0.1155,510643.45
2026-06-01 08:00:00,0.1156,0.1161,0.1151,0.1159,1378085.21
2026-06-01 09:00:00,0.116,0.1169,0.1156,0.1163,726110.75
2026-06-01 10:00:00,0.1164,0.1166,0.1156,0.1163,700994.09
2026-06-01 11:00:00,0.1164,0.1171,0.116,0.1163,542060.85
2026-06-01 12:00:00,0.1164,0.117,0.1153,0.1166,712557.09
2026-06-01 13:00:00,0.1167,0.1171,0.1142,0.1154,3905393.54
2026-06-01 14:00:00,0.1154,0.116,0.1148,0.1159,1617199.51
2026-06-01 15:00:00,0.1159,0.1169,0.1151,0.1166,1421186.56
2026-06-01 16:00:00,0.1166,0.1195,0.1159,0.1193,2290695.95
2026-06-01 17:00:00,0.1192,0.1233,0.1192,0.1229,3072209.75
2026-06-01 18:00:00,0.1229,0.1246,0.1217,0.1231,2732185.95
2026-06-01 19:00:00,0.1231,0.125,0.1221,0.1248,2716810.74
2026-06-01 20:00:00,0.1249,0.125,0.123,0.1238,1067627.22
2026-06-01 21:00:00,0.1238,0.124,0.1218,0.1226,1881779.53
2026-06-01 22:00:00,0.1227,0.1234,0.1214,0.1233,1207411.99
2026-06-01 23:00:00,0.1234,0.1244,0.1229,0.1244,2211160.21
2026-06-02 00:00:00,0.1244,0.1252,0.1229,0.1229,1498800.09
2026-06-02 01:00:00,0.123,0.1233,0.1204,0.1207,1750687.19
2026-06-02 02:00:00,0.1206,0.1214,0.1188,0.1213,2177241.1
2026-06-02 03:00:00,0.1214,0.1238,0.1211,0.1237,1105754.24
2026-06-02 04:00:00,0.1237,0.1245,0.1225,0.1226,2273581.52
2026-06-02 05:00:00,0.1225,0.1227,0.1215,0.122,2874507.58
2026-06-02 06:00:00,0.122,0.1228,0.1211,0.1226,2624987.23
2026-06-02 07:00:00,0.1226,0.1242,0.1208,0.1236,2265080.8
2026-06-02 08:00:00,0.1237,0.1239,0.1222,0.1227,1516175.39
2026-06-02 09:00:00,0.1228,0.1231,0.1214,0.1218,1131361.81
2026-06-02 10:00:00,0.1218,0.1256,0.1216,0.1254,1426301.57
2026-06-02 11:00:00,0.1253,0.1254,0.1234,0.124,1073099.0
2026-06-02 12:00:00,0.124,0.1248,0.123,0.1248,1831934.96
2026-06-02 13:00:00,0.1248,0.1266,0.1243,0.1248,2594137.73
2026-06-02 14:00:00,0.1249,0.125,0.117,0.1191,6766345.61
2026-06-02 15:00:00,0.1192,0.1193,0.1152,0.1169,5237870.64
2026-06-02 16:00:00,0.1168,0.1209,0.1162,0.1191,3172735.32
2026-06-02 17:00:00,0.1192,0.1231,0.1192,0.122,2238724.74
2026-06-02 18:00:00,0.122,0.1232,0.1185,0.1192,1479037.56
2026-06-02 19:00:00,0.1193,0.1197,0.1156,0.1187,2812953.67
2026-06-02 20:00:00,0.1187,0.1201,0.117,0.1195,1437631.43
2026-06-02 21:00:00,0.1195,0.1212,0.1185,0.1191,971665.79
2026-06-02 22:00:00,0.119,0.1191,0.1153,0.1159,3227906.94
2026-06-02 23:00:00,0.116,0.1168,0.1131,0.1156,3432626.35
2026-06-03 00:00:00,0.1157,0.1179,0.1155,0.1169,2154350.72
2026-06-03 01:00:00,0.1168,0.1186,0.116,0.1186,1068251.1
2026-06-03 02:00:00,0.1185,0.119,0.1175,0.1189,1135897.96
2026-06-03 03:00:00,0.119,0.1192,0.1146,0.1152,2411713.04
2026-06-03 04:00:00,0.1153,0.1206,0.1153,0.1205,1330296.35
2026-06-03 05:00:00,0.1206,0.1237,0.1204,0.1236,2677364.09
2026-06-03 06:00:00,0.1237,0.1246,0.1226,0.1235,1285491.31
2026-06-03 07:00:00,0.1235,0.1269,0.1231,0.1266,2921510.01
2026-06-03 08:00:00,0.1266,0.1286,0.1262,0.1271,3055213.8
2026-06-03 09:00:00,0.1271,0.1279,0.125,0.1269,3239693.48
2026-06-03 10:00:00,0.1269,0.1328,0.1267,0.1322,3390962.58
2026-06-03 11:00:00,0.1322,0.1333,0.1276,0.1289,6716804.13
2026-06-03 12:00:00,0.129,0.129,0.1264,0.128,4857780.17
2026-06-03 13:00:00,0.128,0.1286,0.1264,0.1283,2900227.67
2026-06-03 14:00:00,0.1283,0.1293,0.127,0.1291,1968464.16
2026-06-03 15:00:00,0.1291,0.1292,0.1253,0.1254,2300325.95
2026-06-03 16:00:00,0.1255,0.1257,0.1219,0.1237,2812176.0
2026-06-03 17:00:00,0.1237,0.1256,0.1216,0.125,1946295.83
2026-06-03 18:00:00,0.125,0.1256,0.123,0.1248,989973.28
2026-06-03 19:00:00,0.1248,0.125,0.1226,0.1229,1261535.56
2026-06-03 20:00:00,0.1228,0.1239,0.1197,0.1204,3144096.4
2026-06-03 21:00:00,0.1205,0.1254,0.1202,0.1253,1702287.29
2026-06-03 22:00:00,0.1252,0.126,0.1238,0.1245,1080198.28
2026-06-03 23:00:00,0.1245,0.1246,0.1225,0.1228,972491.89
2026-06-04 00:00:00,0.1227,0.1244,0.12,0.121,2406290.77
2026-06-04 01:00:00,0.1211,0.1221,0.1138,0.1143,6231570.01
2026-06-04 02:00:00,0.1144,0.1147,0.1074,0.1131,14409726.81
2026-06-04 03:00:00,0.1131,0.1162,0.113,0.1153,2842262.17
2026-06-04 04:00:00,0.1153,0.116,0.1124,0.1124,2104839.64
2026-06-04 05:00:00,0.1123,0.1124,0.1095,0.1111,4918921.37
2026-06-04 06:00:00,0.1111,0.1125,0.1106,0.1108,3599697.24
2026-06-04 07:00:00,0.1109,0.111,0.1076,0.108,3156418.28
2026-06-04 08:00:00,0.108,0.1087,0.1058,0.1073,5005444.79
2026-06-04 09:00:00,0.1073,0.1074,0.1044,0.1061,3486264.73
2026-06-04 10:00:00,0.1061,0.1068,0.1043,0.105,6262735.74
2026-06-04 11:00:00,0.105,0.1071,0.1043,0.1071,4666827.71
2026-06-04 12:00:00,0.1071,0.1106,0.1055,0.1102,4531164.12
2026-06-04 13:00:00,0.1102,0.1131,0.1085,0.1116,5702042.2
2026-06-04 14:00:00,0.1117,0.1129,0.1108,0.1116,3545440.9
2026-06-04 15:00:00,0.1116,0.1153,0.1114,0.115,5287829.11
2026-06-04 16:00:00,0.1149,0.1165,0.1138,0.1157,3169433.79
2026-06-04 17:00:00,0.1157,0.1172,0.1131,0.1136,4253596.64
2026-06-04 18:00:00,0.1137,0.118,0.1125,0.1179,4104446.21
2026-06-04 19:00:00,0.1179,0.1191,0.1163,0.1173,3608359.6
2026-06-04 20:00:00,0.1174,0.1174,0.1139,0.1146,1488076.93
2026-06-04 21:00:00,0.1145,0.1149,0.11,0.1102,2414410.16
2026-06-04 22:00:00,0.1101,0.1114,0.1096,0.111,2362455.41
2026-06-04 23:00:00,0.1109,0.1123,0.1101,0.1121,1617107.13
2026-06-05 00:00:00,0.112,0.1128,0.1102,0.1103,1793594.41
2026-06-05 01:00:00,0.1102,0.1121,0.1087,0.1118,2400061.38
2026-06-05 02:00:00,0.1118,0.1119,0.1079,0.1082,1718705.55
2026-06-05 03:00:00,0.1082,0.1093,0.1072,0.1074,1882074.22
2026-06-05 04:00:00,0.1075,0.1099,0.107,0.1091,1870570.1
2026-06-05 05:00:00,0.1092,0.1103,0.1062,0.1064,2283223.93
2026-06-05 06:00:00,0.1065,0.1065,0.1001,0.1037,7225138.86
2026-06-05 07:00:00,0.1037,0.1072,0.1015,0.1068,2782555.7
2026-06-05 08:00:00,0.1068,0.1068,0.1038,0.1048,2083848.37
2026-06-05 09:00:00,0.1049,0.1072,0.1047,0.1066,2554007.35
2026-06-05 10:00:00,0.1067,0.1067,0.1044,0.1048,2084285.24
2026-06-05 11:00:00,0.1049,0.1049,0.1026,0.1028,1945086.32
2026-06-05 12:00:00,0.1027,0.1033,0.101,0.1023,2203359.51
2026-06-05 13:00:00,0.1023,0.1046,0.1001,0.1001,2842898.7
2026-06-05 14:00:00,0.1002,0.1037,0.0995,0.1022,5474442.88
2026-06-05 15:00:00,0.1022,0.1025,0.0987,0.0996,4551895.98
2026-06-05 16:00:00,0.0995,0.1002,0.0957,0.0999,11741270.72
2026-06-05 17:00:00,0.0999,0.1001,0.0974,0.0979,2066059.27
2026-06-05 18:00:00,0.098,0.0984,0.0927,0.0929,4341906.6
2026-06-05 19:00:00,0.0929,0.0966,0.0915,0.0959,4247999.01
2026-06-05 20:00:00,0.0959,0.0996,0.095,0.0995,3025605.03
2026-06-05 21:00:00,0.0995,0.1006,0.0993,0.0994,1526509.39
2026-06-05 22:00:00,0.0994,0.0995,0.0974,0.0991,2939408.36
2026-06-05 23:00:00,0.099,0.0994,0.0961,0.0979,3161233.7
2026-06-06 00:00:00,0.0979,0.1,0.0978,0.0996,926718.38
2026-06-06 01:00:00,0.0996,0.0999,0.0977,0.098,1380481.37
2026-06-06 02:00:00,0.098,0.0984,0.097,0.097,712274.27
2026-06-06 03:00:00,0.0969,0.0969,0.0951,0.0955,2860786.01
2026-06-06 04:00:00,0.0954,0.096,0.0904,0.0911,4408135.3
2026-06-06 05:00:00,0.0911,0.0956,0.0898,0.0954,4175528.61
2026-06-06 06:00:00,0.0954,0.0965,0.095,0.0953,1753574.46
2026-06-06 07:00:00,0.0953,0.0971,0.0952,0.0958,1693235.87
2026-06-06 08:00:00,0.0958,0.0975,0.0954,0.0974,1316787.85
2026-06-06 09:00:00,0.0974,0.0989,0.096,0.0962,1005446.28
2026-06-06 10:00:00,0.0961,0.0961,0.0936,0.0953,2544265.96
2026-06-06 11:00:00,0.0952,0.097,0.0949,0.0966,2049640.48
2026-06-06 12:00:00,0.0967,0.0971,0.0952,0.0966,1808923.63
2026-06-06 13:00:00,0.0965,0.0976,0.096,0.0964,987475.57
2026-06-06 14:00:00,0.0964,0.0976,0.0961,0.0961,1329711.87
2026-06-06 15:00:00,0.0962,0.0963,0.0943,0.0948,1341096.78
2026-06-06 16:00:00,0.0947,0.0955,0.0938,0.0948,1088957.06
2026-06-06 17:00:00,0.0948,0.095,0.0933,0.0936,906145.07
2026-06-06 18:00:00,0.0936,0.0951,0.0935,0.0942,830365.57
2026-06-06 19:00:00,0.0942,0.0949,0.0931,0.0931,724810.52
2026-06-06 20:00:00,0.0931,0.0935,0.0927,0.0933,523966.33
2026-06-06 21:00:00,0.0933,0.0942,0.0931,0.0931,515512.55
2026-06-06 22:00:00,0.0931,0.0934,0.0926,0.0926,906623.9
2026-06-06 23:00:00,0.0926,0.094,0.0926,0.0938,653098.85
2026-06-07 00:00:00,0.0938,0.0945,0.0934,0.0934,1190446.56
2026-06-07 01:00:00,0.0935,0.0965,0.0934,0.0963,2006698.88
2026-06-07 02:00:00,0.0962,0.0963,0.0943,0.0948,1054407.33
2026-06-07 03:00:00,0.0947,0.0953,0.0941,0.0948,1157874.39
2026-06-07 04:00:00,0.0948,0.0949,0.094,0.0947,859078.61
2026-06-07 05:00:00,0.0947,0.0955,0.0942,0.0948,2941059.31
2026-06-07 06:00:00,0.0947,0.0962,0.0938,0.0955,1767108.66
2026-06-07 07:00:00,0.0954,0.0961,0.0953,0.0955,1242960.94
2026-06-07 08:00:00,0.0956,0.0973,0.0945,0.0973,1828232.53
2026-06-07 09:00:00,0.0974,0.0978,0.0962,0.0967,1144759.13
2026-06-07 10:00:00,0.0967,0.0969,0.0956,0.0957,1931565.85
2026-06-07 11:00:00,0.0957,0.0971,0.0954,0.0963,809399.17
2026-06-07 12:00:00,0.0963,0.0963,0.093,0.0943,2788729.49
2026-06-07 13:00:00,0.0943,0.095,0.094,0.0946,699160.88
2026-06-07 14:00:00,0.0946,0.097,0.0945,0.0963,1247801.29
2026-06-07 15:00:00,0.0963,0.0966,0.0953,0.0959,2321264.22
2026-06-07 16:00:00,0.0959,0.0959,0.0948,0.0954,1475801.46
2026-06-07 17:00:00,0.0954,0.0961,0.0948,0.0954,1917622.3
2026-06-07 18:00:00,0.0954,0.0959,0.0941,0.0942,1407903.12
2026-06-07 19:00:00,0.0943,0.0943,0.0918,0.0925,5400453.86
2026-06-07 20:00:00,0.0925,0.0946,0.0922,0.0944,931638.25
2026-06-07 21:00:00,0.0943,0.0948,0.0934,0.0941,686117.36
2026-06-07 22:00:00,0.0941,0.1011,0.0941,0.097,7280404.93
2026-06-07 23:00:00,0.0969,0.0976,0.0967,0.0975,1092599.26
2026-06-08 00:00:00,0.0975,0.0982,0.0964,0.0973,1357731.3
2026-06-08 01:00:00,0.0974,0.0974,0.0949,0.0959,2640611.58
2026-06-08 02:00:00,0.096,0.0964,0.0957,0.0962,873490.36
2026-06-08 03:00:00,0.0962,0.097,0.0958,0.0968,1316208.09
2026-06-08 04:00:00,0.0969,0.0969,0.0953,0.0953,1084474.13
2026-06-08 05:00:00,0.0954,0.0956,0.0946,0.0955,927853.13
2026-06-08 06:00:00,0.0956,0.0969,0.0955,0.0964,806024.2
2026-06-08 07:00:00,0.0964,0.0972,0.0955,0.0971,1327645.36
2026-06-08 08:00:00,0.097,0.0973,0.0959,0.0963,2429643.37
2026-06-08 09:00:00,0.0964,0.0979,0.0962,0.0978,1906683.07
2026-06-08 10:00:00,0.0978,0.0981,0.097,0.0978,1217864.48
2026-06-08 11:00:00,0.0977,0.0994,0.0974,0.0988,1292120.2
2026-06-08 12:00:00,0.0988,0.1003,0.0975,0.1001,2465677.27
2026-06-08 13:00:00,0.1001,0.1003,0.0985,0.0987,3161427.92
2026-06-08 14:00:00,0.0986,0.0989,0.0977,0.0984,1452471.82
2026-06-08 15:00:00,0.0985,0.0993,0.0976,0.0977,1433960.07
2026-06-08 16:00:00,0.0978,0.0989,0.0974,0.0976,1178746.66
2026-06-08 17:00:00,0.0976,0.0983,0.0968,0.0983,1896040.65
2026-06-08 18:00:00,0.0984,0.0987,0.0975,0.0978,773976.48
2026-06-08 19:00:00,0.0977,0.0982,0.0974,0.0976,755763.6
2026-06-08 20:00:00,0.0977,0.0978,0.0964,0.0974,1061413.27
2026-06-08 21:00:00,0.0975,0.0988,0.0973,0.0974,805346.34
2026-06-08 22:00:00,0.0973,0.0975,0.0963,0.0966,1441330.6
2026-06-08 23:00:00,0.0966,0.0971,0.0956,0.096,964577.38
2026-06-09 00:00:00,0.096,0.0961,0.0932,0.0935,3051720.09
2026-06-09 01:00:00,0.0935,0.0944,0.0933,0.0941,1025073.42
2026-06-09 02:00:00,0.094,0.0944,0.0929,0.0934,672234.13
2026-06-09 03:00:00,0.0935,0.094,0.0929,0.094,952792.29
2026-06-09 04:00:00,0.094,0.0958,0.0937,0.0954,1402794.32
2026-06-09 05:00:00,0.0954,0.0965,0.0954,0.0959,505157.29
2026-06-09 06:00:00,0.0958,0.0966,0.0956,0.096,733219.52
2026-06-09 07:00:00,0.096,0.0966,0.0956,0.0963,1337337.6
2026-06-09 08:00:00,0.0964,0.0965,0.0954,0.0959,926992.59
2026-06-09 09:00:00,0.0959,0.0961,0.0946,0.0949,1164148.39
2026-06-09 10:00:00,0.0949,0.0952,0.0944,0.095,2036105.11
2026-06-09 11:00:00,0.095,0.0958,0.0945,0.0956,778201.87
2026-06-09 12:00:00,0.0955,0.0963,0.0955,0.0962,957250.43
2026-06-09 13:00:00,0.0962,0.0968,0.0951,0.0962,1277812.69
2026-06-09 14:00:00,0.0961,0.0963,0.0931,0.0946,3162200.18
2026-06-09 15:00:00,0.0946,0.0952,0.0929,0.0932,1726362.13
2026-06-09 16:00:00,0.0932,0.0937,0.0914,0.093,2895563.83
2026-06-09 17:00:00,0.0931,0.095,0.093,0.0946,916822.87
2026-06-09 18:00:00,0.0945,0.0957,0.0943,0.0954,963132.37
2026-06-09 19:00:00,0.0954,0.0962,0.0952,0.0959,742230.19
2026-06-09 20:00:00,0.096,0.0973,0.096,0.0971,1305762.69
2026-06-09 21:00:00,0.0972,0.0975,0.0958,0.096,588902.71
2026-06-09 22:00:00,0.096,0.0971,0.0957,0.096,757337.51
2026-06-09 23:00:00,0.096,0.0971,0.0957,0.0967,1010481.77
2026-06-10 00:00:00,0.0967,0.0977,0.0962,0.0976,886154.26
2026-06-10 01:00:00,0.0976,0.0978,0.0962,0.0969,823207.18
2026-06-10 02:00:00,0.0969,0.0973,0.0954,0.0958,811880.99
2026-06-10 03:00:00,0.0958,0.0969,0.0956,0.0964,561662.68
2026-06-10 04:00:00,0.0964,0.0968,0.0952,0.0956,778942.21
2026-06-10 05:00:00,0.0957,0.0957,0.0946,0.0949,599063.51
2026-06-10 06:00:00,0.0948,0.0957,0.0946,0.0952,573555.23
2026-06-10 07:00:00,0.0952,0.0967,0.0952,0.0963,1018222.23
2026-06-10 08:00:00,0.0963,0.0963,0.0947,0.0948,756387.31
2026-06-10 09:00:00,0.0947,0.0954,0.0937,0.0951,1111194.25
2026-06-10 10:00:00,0.0951,0.0952,0.0941,0.0949,497875.26
2026-06-10 11:00:00,0.0949,0.095,0.0929,0.0937,2003821.83
2026-06-10 12:00:00,0.0936,0.0967,0.0933,0.0959,2533142.46
2026-06-10 13:00:00,0.0958,0.0978,0.0957,0.096,2894141.21
2026-06-10 14:00:00,0.0961,0.0962,0.0948,0.0956,1635024.31
2026-06-10 15:00:00,0.0956,0.0965,0.0943,0.0954,1949707.12
2026-06-10 16:00:00,0.0955,0.0961,0.0932,0.0939,2327008.28
2026-06-10 17:00:00,0.0939,0.0954,0.0927,0.0937,3277678.82
2026-06-10 18:00:00,0.0937,0.0938,0.0924,0.0932,1092372.89
2026-06-10 19:00:00,0.0932,0.0933,0.0914,0.0917,1782228.09
2026-06-10 20:00:00,0.0917,0.0921,0.0905,0.0908,1419897.31
2026-06-10 21:00:00,0.0908,0.0913,0.0893,0.0899,2052168.59
2026-06-10 22:00:00,0.0899,0.0902,0.0887,0.0896,1903119.62
2026-06-10 23:00:00,0.0896,0.0913,0.0891,0.091,1799742.92
2026-06-11 00:00:00,0.0909,0.0921,0.0909,0.0916,875528.07
2026-06-11 01:00:00,0.0916,0.0928,0.0916,0.0925,874633.43
2026-06-11 02:00:00,0.0926,0.0927,0.0913,0.0916,581300.81
2026-06-11 03:00:00,0.0916,0.0936,0.0912,0.0931,1244670.71
2026-06-11 04:00:00,0.0932,0.0946,0.0928,0.0943,728229.88
2026-06-11 05:00:00,0.0943,0.0945,0.0936,0.0936,430710.38
2026-06-11 06:00:00,0.0936,0.094,0.093,0.0931,889271.37
2026-06-11 07:00:00,0.093,0.0934,0.0928,0.0931,571129.47
2026-06-11 08:00:00,0.0931,0.0944,0.0931,0.0939,583324.45
2026-06-11 09:00:00,0.0939,0.094,0.0929,0.0932,690149.94
2026-06-11 10:00:00,0.0932,0.0944,0.0931,0.0938,1752860.07
2026-06-11 11:00:00,0.0937,0.0952,0.0935,0.0947,700149.52
2026-06-11 12:00:00,0.0947,0.0947,0.0925,0.0937,2263609.29
2026-06-11 13:00:00,0.0936,0.0949,0.0934,0.0939,1330701.19
2026-06-11 14:00:00,0.094,0.0946,0.0935,0.094,1018555.07
2026-06-11 15:00:00,0.0939,0.094,0.093,0.0935,2536817.19
2026-06-11 16:00:00,0.0936,0.0943,0.093,0.0931,983393.07
2026-06-11 17:00:00,0.093,0.0964,0.0925,0.0961,3015827.0
2026-06-11 18:00:00,0.0962,0.0972,0.0952,0.0957,1010783.85
2026-06-11 19:00:00,0.0956,0.0966,0.0952,0.0956,1032653.4
2026-06-11 20:00:00,0.0957,0.0959,0.0945,0.0953,1090552.17
2026-06-11 21:00:00,0.0953,0.0963,0.0952,0.0955,594290.68
2026-06-11 22:00:00,0.0955,0.0957,0.0948,0.0949,496621.42
2026-06-11 23:00:00,0.0948,0.0955,0.0945,0.0955,448796.94
2026-06-12 00:00:00,0.0955,0.0964,0.0953,0.0959,838210.65
2026-06-12 01:00:00,0.0959,0.096,0.0949,0.0956,639790.93
2026-06-12 02:00:00,0.0957,0.0965,0.0956,0.0962,388923.76
2026-06-12 03:00:00,0.0962,0.0967,0.0961,0.0966,448055.31
2026-06-12 04:00:00,0.0967,0.0975,0.0965,0.0973,612421.51
2026-06-12 05:00:00,0.0973,0.0974,0.0961,0.0963,1030335.69
2026-06-12 06:00:00,0.0962,0.0963,0.095,0.0952,636941.77
2026-06-12 07:00:00,0.0952,0.0961,0.0952,0.0959,562817.37
2026-06-12 08:00:00,0.0959,0.0979,0.0959,0.0978,782955.97
2026-06-12 09:00:00,0.0978,0.0996,0.0976,0.0986,1997957.09
2026-06-12 10:00:00,0.0987,0.1008,0.0985,0.0992,3109978.87
2026-06-12 11:00:00,0.0991,0.1009,0.099,0.0999,1859672.15
2026-06-12 12:00:00,0.0998,0.101,0.0985,0.0992,1675133.42
2026-06-12 13:00:00,0.0993,0.0995,0.0967,0.0985,1981990.3
2026-06-12 14:00:00,0.0986,0.1007,0.0981,0.1004,1493961.28
2026-06-12 15:00:00,0.1005,0.1009,0.0986,0.0987,1964539.85
2026-06-12 16:00:00,0.0987,0.101,0.0985,0.101,2009720.18
2026-06-12 17:00:00,0.101,0.1019,0.1001,0.1003,971850.29
2026-06-12 18:00:00,0.1004,0.1009,0.0992,0.1,918192.62
2026-06-12 19:00:00,0.1,0.1014,0.1,0.1005,1087713.28
2026-06-12 20:00:00,0.1006,0.101,0.0998,0.1003,739672.59
2026-06-12 21:00:00,0.1004,0.101,0.0991,0.0995,527535.61
2026-06-12 22:00:00,0.0995,0.1002,0.0993,0.0996,449525.31
2026-06-12 23:00:00,0.0995,0.0999,0.099,0.0998,764302.22
2026-06-13 00:00:00,0.0998,0.1,0.0994,0.0996,368266.38
2026-06-13 01:00:00,0.0996,0.1012,0.0996,0.1007,1349136.5
2026-06-13 02:00:00,0.1008,0.1009,0.1001,0.1008,515000.13
2026-06-13 03:00:00,0.1007,0.1012,0.1,0.1007,976331.59
2026-06-13 04:00:00,0.1006,0.102,0.0999,0.1012,866673.02
2026-06-13 05:00:00,0.1012,0.1023,0.1011,0.1023,1093349.55
2026-06-13 06:00:00,0.1024,0.106,0.1021,0.104,6815925.55
2026-06-13 07:00:00,0.104,0.1074,0.1033,0.1059,4427530.96
2026-06-13 08:00:00,0.1058,0.11,0.1057,0.107,6840630.75
2026-06-13 09:00:00,0.107,0.1091,0.1059,0.1082,3990200.69
2026-06-13 10:00:00,0.1083,0.1096,0.1065,0.1071,2952859.43
2026-06-13 11:00:00,0.1072,0.1099,0.1067,0.1078,1992180.0
2026-06-13 12:00:00,0.1078,0.1098,0.1068,0.1084,2335469.04
2026-06-13 13:00:00,0.1084,0.1104,0.108,0.1103,2769532.02
2026-06-13 14:00:00,0.1103,0.1127,0.1068,0.1079,7363931.6
2026-06-13 15:00:00,0.108,0.1092,0.107,0.1078,1949785.48
2026-06-13 16:00:00,0.1078,0.1082,0.106,0.108,2172187.74
2026-06-13 17:00:00,0.108,0.1102,0.1071,0.1089,1840076.77
2026-06-13 18:00:00,0.1089,0.1095,0.1078,0.1085,1059564.26
2026-06-13 19:00:00,0.1085,0.1091,0.1075,0.1082,1277728.93
2026-06-13 20:00:00,0.1082,0.1088,0.1077,0.1079,786623.61
2026-06-13 21:00:00,0.1079,0.1087,0.1072,0.1082,838119.44
2026-06-13 22:00:00,0.1081,0.1087,0.1073,0.1073,592600.33
2026-06-13 23:00:00,0.1073,0.1078,0.1069,0.107,513165.08
2026-06-14 00:00:00,0.107,0.1072,0.106,0.1062,888648.22
2026-06-14 01:00:00,0.1062,0.1071,0.1057,0.1066,915048.12
2026-06-14 02:00:00,0.1066,0.1073,0.1062,0.1062,609316.05
2026-06-14 03:00:00,0.1062,0.1074,0.1059,0.1062,4176656.94
2026-06-14 04:00:00,0.1062,0.1062,0.1048,0.1051,944999.29
2026-06-14 05:00:00,0.1051,0.1061,0.1044,0.1057,550337.33
2026-06-14 06:00:00,0.1057,0.1071,0.1054,0.1057,2976429.03
2026-06-14 07:00:00,0.1057,0.1061,0.1053,0.1061,919771.58
2026-06-14 08:00:00,0.1061,0.1069,0.1056,0.1062,444111.96
2026-06-14 09:00:00,0.1063,0.1069,0.1055,0.1068,691199.17
2026-06-14 10:00:00,0.1068,0.1081,0.1063,0.1072,2741353.3
2026-06-14 11:00:00,0.1071,0.1073,0.1065,0.1069,324975.78
2026-06-14 12:00:00,0.107,0.1071,0.1057,0.1059,869799.08
2026-06-14 13:00:00,0.1059,0.1071,0.1058,0.1068,1264049.16
2026-06-14 14:00:00,0.1069,0.107,0.1045,0.1062,1262945.87
2026-06-14 15:00:00,0.1062,0.1067,0.1057,0.1059,457488.17
2026-06-14 16:00:00,0.1058,0.1067,0.1058,0.1061,328017.63
2026-06-14 17:00:00,0.106,0.1065,0.1055,0.1056,420541.31
2026-06-14 18:00:00,0.1056,0.1061,0.1054,0.1059,323079.77
2026-06-14 19:00:00,0.1058,0.1065,0.1057,0.1057,214827.29
2026-06-14 20:00:00,0.1057,0.1067,0.1053,0.1058,483929.55
2026-06-14 21:00:00,0.1058,0.1097,0.1058,0.1086,4792641.11
2026-06-14 22:00:00,0.1086,0.1089,0.1078,0.1082,1509992.47
2026-06-14 23:00:00,0.1082,0.109,0.1079,0.1085,993010.08
2026-06-15 00:00:00,0.1086,0.1091,0.1074,0.1088,1578542.02
2026-06-15 01:00:00,0.1089,0.1114,0.1083,0.1102,3234977.33
2026-06-15 02:00:00,0.1102,0.1109,0.1091,0.1105,1769413.46
2026-06-15 03:00:00,0.1106,0.1114,0.1101,0.1108,825387.14
2026-06-15 04:00:00,0.1108,0.1113,0.1104,0.1105,526602.36
2026-06-15 05:00:00,0.1105,0.1115,0.1099,0.1108,1149311.05
2026-06-15 06:00:00,0.1107,0.1112,0.11,0.1101,673084.97
2026-06-15 07:00:00,0.1101,0.1106,0.1098,0.1099,743156.92
2026-06-15 08:00:00,0.1099,0.1107,0.1095,0.1099,2147852.11
2026-06-15 09:00:00,0.11,0.1104,0.1096,0.1101,625259.57
2026-06-15 10:00:00,0.1101,0.1108,0.1096,0.1102,887511.03
2026-06-15 11:00:00,0.1102,0.1117,0.1101,0.1109,1047374.3
2026-06-15 12:00:00,0.1109,0.1121,0.1105,0.1116,2159101.61
2026-06-15 13:00:00,0.1116,0.1122,0.1109,0.1114,2094677.76
2026-06-15 14:00:00,0.1114,0.1119,0.1106,0.1114,929345.46
2026-06-15 15:00:00,0.1115,0.1117,0.1101,0.1112,2253172.22
2026-06-15 16:00:00,0.1111,0.1113,0.1104,0.1107,2210656.47
2026-06-15 17:00:00,0.1107,0.1115,0.1104,0.1114,506570.32
2026-06-15 18:00:00,0.1113,0.1116,0.1108,0.1108,418247.64
2026-06-15 19:00:00,0.1108,0.111,0.1087,0.1099,1836031.46
2026-06-15 20:00:00,0.1099,0.1102,0.1093,0.1094,388785.66
2026-06-15 21:00:00,0.1095,0.1097,0.1092,0.1095,359689.59
2026-06-15 22:00:00,0.1096,0.1097,0.1075,0.1082,1271205.86
2026-06-15 23:00:00,0.1082,0.1088,0.1075,0.1086,934918.65
2026-06-16 00:00:00,0.1086,0.1092,0.1082,0.1085,580922.14
2026-06-16 01:00:00,0.1085,0.1092,0.1085,0.1086,488622.46
2026-06-16 02:00:00,0.1086,0.1087,0.107,0.1078,696391.18
2026-06-16 03:00:00,0.1078,0.1088,0.1076,0.1084,409343.54
2026-06-16 04:00:00,0.1084,0.1085,0.1071,0.1075,374110.38
2026-06-16 05:00:00,0.1075,0.108,0.1071,0.1073,216418.37
2026-06-16 06:00:00,0.1073,0.1074,0.1068,0.1068,628424.21
2026-06-16 07:00:00,0.1068,0.1077,0.1065,0.107,2258993.69
2026-06-16 08:00:00,0.1069,0.109,0.1068,0.109,655210.79
2026-06-16 09:00:00,0.109,0.109,0.1076,0.1078,412314.95
2026-06-16 10:00:00,0.1079,0.1082,0.1073,0.1075,595330.08
2026-06-16 11:00:00,0.1075,0.1087,0.1072,0.1087,1302752.45
2026-06-16 12:00:00,0.1087,0.11,0.1084,0.1092,1181135.68
2026-06-16 13:00:00,0.1092,0.1094,0.1071,0.1075,1347852.19
2026-06-16 14:00:00,0.1075,0.1089,0.1051,0.1066,4058757.13
2026-06-16 15:00:00,0.1065,0.1074,0.1064,0.1069,608064.12
2026-06-16 16:00:00,0.1069,0.1071,0.1061,0.1064,628559.06
2026-06-16 17:00:00,0.1064,0.1077,0.1064,0.1074,600775.34
2026-06-16 18:00:00,0.1075,0.1086,0.1074,0.1081,764690.63
2026-06-16 19:00:00,0.1081,0.1083,0.1071,0.108,529574.63
2026-06-16 20:00:00,0.108,0.1107,0.1078,0.1101,943838.84
2026-06-16 21:00:00,0.1102,0.1102,0.1089,0.1099,417027.72
2026-06-16 22:00:00,0.1098,0.1103,0.1092,0.1096,335822.52
2026-06-16 23:00:00,0.1097,0.1098,0.1088,0.109,448306.79
2026-06-17 00:00:00,0.109,0.1098,0.1089,0.1094,496576.18
2026-06-17 01:00:00,0.1095,0.1115,0.1095,0.1114,1072796.18
2026-06-17 02:00:00,0.1114,0.1123,0.1102,0.1105,844740.07
2026-06-17 03:00:00,0.1105,0.1105,0.1094,0.1098,511076.07
2026-06-17 04:00:00,0.1099,0.1107,0.1095,0.1099,407730.8
2026-06-17 05:00:00,0.1099,0.1103,0.1089,0.1092,984372.1
2026-06-17 06:00:00,0.1092,0.1105,0.1084,0.1086,2542417.75
2026-06-17 07:00:00,0.1085,0.1093,0.1078,0.1085,999753.37
2026-06-17 08:00:00,0.1086,0.1087,0.107,0.1076,740216.27
2026-06-17 09:00:00,0.1075,0.1081,0.1075,0.108,519300.97
2026-06-17 10:00:00,0.1081,0.1083,0.1072,0.1073,378516.43
2026-06-17 11:00:00,0.1074,0.1079,0.1069,0.1073,404151.72
2026-06-17 12:00:00,0.1073,0.1077,0.1065,0.1077,569769.14
2026-06-17 13:00:00,0.1076,0.1079,0.1071,0.1071,605740.83
2026-06-17 14:00:00,0.107,0.1074,0.1054,0.1066,1297298.91
2026-06-17 15:00:00,0.1066,0.1093,0.1066,0.1093,649976.24
2026-06-17 16:00:00,0.1093,0.1103,0.1092,0.1093,776758.37
2026-06-17 17:00:00,0.1093,0.1106,0.1089,0.1106,654738.24
2026-06-17 18:00:00,0.1106,0.1107,0.1067,0.1094,3025433.53
2026-06-17 19:00:00,0.1094,0.1098,0.1053,0.1062,2748615.4
2026-06-17 20:00:00,0.1061,0.1074,0.1057,0.1072,1381549.54
2026-06-17 21:00:00,0.1072,0.1074,0.1062,0.1067,386065.98
2026-06-17 22:00:00,0.1067,0.1083,0.1054,0.108,705145.24
2026-06-17 23:00:00,0.108,0.1097,0.108,0.1088,558138.62
2026-06-18 00:00:00,0.1088,0.1094,0.1084,0.1088,551194.42
2026-06-18 01:00:00,0.1088,0.1096,0.1084,0.1086,322250.93
2026-06-18 02:00:00,0.1087,0.1094,0.1084,0.1089,231170.48
2026-06-18 03:00:00,0.1088,0.1089,0.1068,0.1072,767740.25
2026-06-18 04:00:00,0.1072,0.1073,0.1048,0.1048,1432471.18
2026-06-18 05:00:00,0.1048,0.105,0.1037,0.1044,1763711.08
2026-06-18 06:00:00,0.1044,0.1051,0.1041,0.105,539999.74
2026-06-18 07:00:00,0.1049,0.1069,0.1047,0.1065,546396.26
2026-06-18 08:00:00,0.1066,0.1077,0.1062,0.1075,886858.62
2026-06-18 09:00:00,0.1075,0.111,0.1072,0.1093,2536619.45
2026-06-18 10:00:00,0.1093,0.1094,0.1081,0.1083,853953.92
2026-06-18 11:00:00,0.1083,0.1086,0.1064,0.1066,707805.06
2026-06-18 12:00:00,0.1066,0.1089,0.1064,0.1086,1656799.89
2026-06-18 13:00:00,0.1087,0.1094,0.1071,0.108,1313944.83
2026-06-18 14:00:00,0.108,0.1102,0.1077,0.1088,1804063.1
2026-06-18 15:00:00,0.1088,0.1089,0.1033,0.104,4153541.52
2026-06-18 16:00:00,0.1039,0.1055,0.1036,0.1051,1058856.06
2026-06-18 17:00:00,0.1051,0.1054,0.1038,0.1051,1419167.22
2026-06-18 18:00:00,0.1052,0.1074,0.1047,0.1071,1108919.55
2026-06-18 19:00:00,0.1072,0.1088,0.1065,0.1086,708560.02
2026-06-18 20:00:00,0.1087,0.1097,0.1085,0.1086,2496747.83
2026-06-18 21:00:00,0.1086,0.1088,0.1073,0.1084,594710.79
2026-06-18 22:00:00,0.1083,0.109,0.1082,0.1087,328866.21
2026-06-18 23:00:00,0.1087,0.1094,0.1082,0.1093,730582.12
2026-06-19 00:00:00,0.1093,0.1106,0.1092,0.1101,975719.83
2026-06-19 01:00:00,0.1102,0.1107,0.1049,0.1061,3968395.86
2026-06-19 02:00:00,0.106,0.1063,0.1048,0.105,982457.45
2026-06-19 03:00:00,0.105,0.1052,0.1026,0.1028,2325175.94
2026-06-19 04:00:00,0.1028,0.1028,0.1004,0.1007,1745664.86
2026-06-19 05:00:00,0.1008,0.1017,0.1007,0.1014,717087.47
2026-06-19 06:00:00,0.1015,0.1021,0.1011,0.1021,737872.67
2026-06-19 07:00:00,0.102,0.1021,0.1009,0.1016,820935.14
2026-06-19 08:00:00,0.1017,0.1017,0.1001,0.1004,1186790.97
2026-06-19 09:00:00,0.1005,0.1011,0.1003,0.101,1039308.11
2026-06-19 10:00:00,0.101,0.1012,0.1003,0.1007,964117.43
2026-06-19 11:00:00,0.1007,0.1009,0.1002,0.1006,624766.92
2026-06-19 12:00:00,0.1006,0.1029,0.1006,0.1029,781627.51
2026-06-19 13:00:00,0.1029,0.1056,0.1027,0.1052,1583505.97
2026-06-19 14:00:00,0.1051,0.1051,0.1039,0.104,841328.13
2026-06-19 15:00:00,0.1041,0.1042,0.1031,0.1039,654839.99
2026-06-19 16:00:00,0.104,0.1044,0.1025,0.1027,555208.63
2026-06-19 17:00:00,0.1027,0.1034,0.1022,0.103,376739.18
2026-06-19 18:00:00,0.103,0.1031,0.102,0.1025,297365.58
2026-06-19 19:00:00,0.1024,0.1026,0.1014,0.1018,597405.64
2026-06-19 20:00:00,0.1019,0.1021,0.101,0.1016,484611.38
2026-06-19 21:00:00,0.1016,0.103,0.1016,0.1024,585962.95
2026-06-19 22:00:00,0.1024,0.1031,0.1024,0.1028,225696.45
2026-06-19 23:00:00,0.103,0.104,0.1026,0.104,411513.74
2026-06-20 00:00:00,0.104,0.1054,0.1038,0.1041,669747.18
2026-06-20 01:00:00,0.104,0.1043,0.1033,0.1033,297042.69
2026-06-20 02:00:00,0.1033,0.1035,0.1024,0.1025,368286.88
2026-06-20 03:00:00,0.1025,0.1031,0.1024,0.1024,179675.05
2026-06-20 04:00:00,0.1025,0.1031,0.1024,0.1031,349721.21
2026-06-20 05:00:00,0.1031,0.1047,0.1031,0.1047,1471497.08
2026-06-20 06:00:00,0.1046,0.106,0.103,0.1042,6758189.65
2026-06-20 07:00:00,0.1042,0.1044,0.1029,0.1031,1108361.54
2026-06-20 08:00:00,0.1032,0.1034,0.1028,0.103,468766.21
2026-06-20 09:00:00,0.103,0.1037,0.1027,0.1036,441490.94
2026-06-20 10:00:00,0.1036,0.1038,0.1027,0.1033,375829.91
2026-06-20 11:00:00,0.1034,0.1035,0.1023,0.1023,343867.72
2026-06-20 12:00:00,0.1024,0.1024,0.1004,0.1015,1832619.58
2026-06-20 13:00:00,0.1015,0.1017,0.1007,0.1007,943556.8
2026-06-20 14:00:00,0.1006,0.1024,0.0993,0.1015,1785704.07
2026-06-20 15:00:00,0.1014,0.1024,0.1009,0.1016,1245684.27
2026-06-20 16:00:00,0.1017,0.1018,0.1006,0.1013,554885.56
2026-06-20 17:00:00,0.1012,0.1013,0.0999,0.1008,624095.96
2026-06-20 18:00:00,0.1008,0.1012,0.1007,0.101,520825.37
2026-06-20 19:00:00,0.101,0.1017,0.1009,0.1016,329791.02
2026-06-20 20:00:00,0.1016,0.102,0.1015,0.1019,363759.69
2026-06-20 21:00:00,0.102,0.1029,0.1019,0.1026,386117.66
2026-06-20 22:00:00,0.1026,0.1052,0.1022,0.1048,970487.32
2026-06-20 23:00:00,0.1049,0.1052,0.1035,0.1037,415862.39
2026-06-21 00:00:00,0.1037,0.104,0.1033,0.1034,273242.4
2026-06-21 01:00:00,0.1035,0.1039,0.103,0.1033,333282.96
2026-06-21 02:00:00,0.1033,0.1033,0.103,0.1033,171102.91
2026-06-21 03:00:00,0.1033,0.1045,0.1031,0.1042,193059.45
2026-06-21 04:00:00,0.1042,0.1044,0.1031,0.1032,222912.14
2026-06-21 05:00:00,0.1033,0.1037,0.103,0.1032,392691.22
2026-06-21 06:00:00,0.1031,0.1036,0.1027,0.1034,266201.14
2026-06-21 07:00:00,0.1034,0.1035,0.103,0.1032,117022.51
2026-06-21 08:00:00,0.1032,0.1033,0.102,0.1026,385065.25
2026-06-21 09:00:00,0.1026,0.1031,0.1022,0.1029,423181.86
2026-06-21 10:00:00,0.103,0.1035,0.1027,0.1027,528162.15
2026-06-21 11:00:00,0.1028,0.1037,0.1026,0.1027,632898.63
2026-06-21 12:00:00,0.1028,0.103,0.1022,0.1029,150275.81
2026-06-21 13:00:00,0.1029,0.104,0.1026,0.1036,603439.17
2026-06-21 14:00:00,0.1037,0.104,0.1028,0.103,441535.96
2026-06-21 15:00:00,0.1031,0.1037,0.103,0.1032,163304.28
2026-06-21 16:00:00,0.1032,0.1032,0.1015,0.1022,562709.89
2026-06-21 17:00:00,0.1022,0.1023,0.1015,0.1016,250764.41
2026-06-21 18:00:00,0.1016,0.1021,0.1009,0.102,216460.95
2026-06-21 19:00:00,0.102,0.1024,0.102,0.102,144715.24
2026-06-21 20:00:00,0.102,0.102,0.101,0.1012,213085.48
2026-06-21 21:00:00,0.1013,0.1013,0.0994,0.1007,864035.76
2026-06-21 22:00:00,0.1006,0.1012,0.1004,0.1009,423376.84
2026-06-21 23:00:00,0.1008,0.1008,0.0994,0.0998,539573.1
2026-06-22 00:00:00,0.0998,0.1015,0.0998,0.1015,728406.57
2026-06-22 01:00:00,0.1014,0.1031,0.1009,0.1023,1285343.48
2026-06-22 02:00:00,0.1023,0.1023,0.1013,0.1014,441164.38
2026-06-22 03:00:00,0.1013,0.1016,0.1005,0.1007,755111.62
2026-06-22 04:00:00,0.1007,0.101,0.1003,0.1009,364272.92
2026-06-22 05:00:00,0.101,0.1015,0.1008,0.1014,287271.71
2026-06-22 06:00:00,0.1014,0.1016,0.1011,0.1014,527758.29
2026-06-22 07:00:00,0.1014,0.1032,0.1014,0.1032,685682.29
2026-06-22 08:00:00,0.1031,0.1035,0.1028,0.1032,736711.9
2026-06-22 09:00:00,0.1031,0.1032,0.1019,0.1021,369805.36
2026-06-22 10:00:00,0.1021,0.1024,0.1018,0.1022,280295.53
2026-06-22 11:00:00,0.1023,0.1037,0.1021,0.1033,732268.07
2026-06-22 12:00:00,0.1033,0.1039,0.103,0.1035,810737.38
2026-06-22 13:00:00,0.1035,0.1047,0.103,0.1044,1948298.82
2026-06-22 14:00:00,0.1044,0.1044,0.1026,0.1041,1596500.19
2026-06-22 15:00:00,0.1041,0.1048,0.1021,0.1024,1505156.91
2026-06-22 16:00:00,0.1025,0.1028,0.1018,0.1025,813219.88
2026-06-22 17:00:00,0.1025,0.1029,0.102,0.1028,446734.41
2026-06-22 18:00:00,0.1028,0.1033,0.102,0.1021,844769.62
2026-06-22 19:00:00,0.102,0.1021,0.1012,0.1014,781522.49
2026-06-22 20:00:00,0.1016,0.1021,0.1013,0.1015,182358.2
2026-06-22 21:00:00,0.1015,0.1016,0.1005,0.101,126503.28
2026-06-22 22:00:00,0.1009,0.1012,0.0996,0.1001,687188.82
2026-06-22 23:00:00,0.1,0.1008,0.0999,0.1007,428849.33
2026-06-23 00:00:00,0.1007,0.1012,0.1,0.1012,226283.84
2026-06-23 01:00:00,0.1012,0.1017,0.1006,0.1014,428519.7
2026-06-23 02:00:00,0.1015,0.1016,0.1009,0.1009,788389.97
2026-06-23 03:00:00,0.1009,0.1011,0.1003,0.1011,605201.93
2026-06-23 04:00:00,0.1012,0.1015,0.1006,0.1007,403293.12
2026-06-23 05:00:00,0.1007,0.1011,0.1003,0.1006,460410.29
2026-06-23 06:00:00,0.1006,0.1007,0.0973,0.0985,2671556.6
2026-06-23 07:00:00,0.0985,0.099,0.0982,0.0983,437558.46
2026-06-23 08:00:00,0.0983,0.0984,0.0953,0.0964,2121876.9
2026-06-23 09:00:00,0.0965,0.0972,0.0964,0.0968,687093.65
2026-06-23 10:00:00,0.0969,0.0972,0.0966,0.0969,752320.5
2026-06-23 11:00:00,0.0969,0.0983,0.0968,0.0981,634163.17
2026-06-23 12:00:00,0.098,0.0983,0.0978,0.0982,651783.67
2026-06-23 13:00:00,0.0983,0.0998,0.0978,0.0996,1039482.26
2026-06-23 14:00:00,0.0998,0.101,0.0997,0.1002,1358792.57
2026-06-23 15:00:00,0.1002,0.1006,0.0992,0.1001,644896.18
2026-06-23 16:00:00,0.1001,0.1008,0.099,0.0993,899530.99
2026-06-23 17:00:00,0.0993,0.0998,0.0985,0.0987,459460.65
2026-06-23 18:00:00,0.0987,0.0988,0.098,0.0983,281622.15
2026-06-23 19:00:00,0.0981,0.0986,0.0977,0.0981,946538.52
2026-06-23 20:00:00,0.0981,0.0984,0.0981,0.0983,157082.9
2026-06-23 21:00:00,0.0984,0.0994,0.0983,0.0993,152054.59
2026-06-23 22:00:00,0.0993,0.1005,0.0991,0.1003,504114.31
2026-06-23 23:00:00,0.1004,0.1017,0.0999,0.1014,525674.27
2026-06-24 00:00:00,0.1013,0.103,0.1013,0.102,890789.28
2026-06-24 01:00:00,0.1021,0.1025,0.1015,0.1016,1183134.2
2026-06-24 02:00:00,0.1016,0.1019,0.1013,0.1013,959322.62
2026-06-24 03:00:00,0.1013,0.1017,0.1007,0.1008,557293.21
2026-06-24 04:00:00,0.1008,0.101,0.0996,0.1005,1675494.57
2026-06-24 05:00:00,0.1005,0.1032,0.1004,0.1016,2514948.58
2026-06-24 06:00:00,0.1015,0.1016,0.1011,0.1016,629718.64
2026-06-24 07:00:00,0.1016,0.1019,0.1012,0.1014,565540.83
2026-06-24 08:00:00,0.1014,0.1023,0.1011,0.1021,767391.37
2026-06-24 09:00:00,0.1021,0.1024,0.1016,0.1021,394283.21
2026-06-24 10:00:00,0.102,0.1024,0.1016,0.1021,386011.28
2026-06-24 11:00:00,0.1021,0.1026,0.1005,0.102,1631299.76
2026-06-24 12:00:00,0.102,0.1025,0.1014,0.1017,974343.29
2026-06-24 13:00:00,0.1017,0.1034,0.098,0.0996,5525154.31
2026-06-24 14:00:00,0.0996,0.1021,0.0993,0.1003,4722770.14
2026-06-24 15:00:00,0.1002,0.1006,0.098,0.0986,1429683.8
2026-06-24 16:00:00,0.0986,0.1006,0.0957,0.0965,5401210.28
2026-06-24 17:00:00,0.0965,0.0978,0.0947,0.0954,3527798.8
2026-06-24 18:00:00,0.0954,0.0987,0.0948,0.0986,1619188.64
2026-06-24 19:00:00,0.0987,0.1003,0.0982,0.0997,2655985.94
2026-06-24 20:00:00,0.0997,0.1031,0.0994,0.1026,2865807.59
2026-06-24 21:00:00,0.1026,0.1036,0.1021,0.1036,1177240.27
2026-06-24 22:00:00,0.1036,0.1044,0.1032,0.1035,1081894.67
2026-06-24 23:00:00,0.1036,0.1067,0.1036,0.1045,6120223.65
2026-06-25 00:00:00,0.1046,0.1071,0.1044,0.1052,2822231.69
2026-06-25 01:00:00,0.1052,0.1064,0.1052,0.1058,1525813.64
2026-06-25 02:00:00,0.1058,0.1065,0.105,0.1054,646579.33
2026-06-25 03:00:00,0.1055,0.1059,0.1051,0.1058,578868.29
2026-06-25 04:00:00,0.1059,0.1071,0.1052,0.1069,969932.11
2026-06-25 05:00:00,0.1069,0.1089,0.1069,0.1078,2177286.47
2026-06-25 06:00:00,0.1078,0.109,0.1078,0.109,1726746.05
2026-06-25 07:00:00,0.1091,0.1095,0.1083,0.1087,1274559.9
2026-06-25 08:00:00,0.1087,0.1091,0.108,0.1083,1106164.86
2026-06-25 09:00:00,0.1083,0.1084,0.1068,0.1069,1155894.44
2026-06-25 10:00:00,0.1068,0.107,0.1057,0.1057,983876.52
2026-06-25 11:00:00,0.1057,0.1059,0.1049,0.1053,1140288.81
2026-06-25 12:00:00,0.1054,0.1064,0.1044,0.1055,1873673.65
2026-06-25 13:00:00,0.1056,0.1075,0.0977,0.0984,7888382.78
2026-06-25 14:00:00,0.0984,0.1047,0.0984,0.1027,6424477.89
2026-06-25 15:00:00,0.1026,0.1033,0.101,0.103,2579073.38
2026-06-25 16:00:00,0.103,0.1056,0.1025,0.1027,3807531.72
2026-06-25 17:00:00,0.1027,0.1036,0.1023,0.103,1260459.47
2026-06-25 18:00:00,0.103,0.1042,0.1015,0.1016,3767293.2
2026-06-25 19:00:00,0.1017,0.1032,0.1002,0.1015,4316057.78
2026-06-25 20:00:00,0.1016,0.1026,0.1013,0.1014,1161014.2
2026-06-25 21:00:00,0.1014,0.1057,0.1012,0.1056,2601516.77
2026-06-25 22:00:00,0.1055,0.1064,0.1051,0.1056,1649174.61
2026-06-25 23:00:00,0.1056,0.1064,0.105,0.1056,1357241.49
2026-06-26 00:00:00,0.1056,0.107,0.1056,0.1063,1258059.84
2026-06-26 01:00:00,0.1063,0.1069,0.1035,0.1038,1601658.17
2026-06-26 02:00:00,0.1038,0.1043,0.1012,0.1019,3154105.8
2026-06-26 03:00:00,0.1019,0.1047,0.1011,0.1045,6036403.31
2026-06-26 04:00:00,0.1045,0.1053,0.1029,0.1034,1626086.27
2026-06-26 05:00:00,0.1033,0.1048,0.1028,0.104,1636550.47
2026-06-26 06:00:00,0.1039,0.108,0.1034,0.1068,3438022.19
2026-06-26 07:00:00,0.1068,0.1085,0.1065,0.1079,2062887.6
2026-06-26 08:00:00,0.1078,0.1081,0.1062,0.1065,1277040.24
2026-06-26 09:00:00,0.1066,0.1069,0.1042,0.1048,1661326.93
2026-06-26 10:00:00,0.1049,0.1052,0.1043,0.1043,836584.8
2026-06-26 11:00:00,0.1043,0.1047,0.1025,0.1026,1313892.4
2026-06-26 12:00:00,0.1027,0.1037,0.1014,0.1021,1633860.26
2026-06-26 13:00:00,0.1021,0.1058,0.1015,0.1054,3302456.67
2026-06-26 14:00:00,0.1054,0.1068,0.1048,0.1061,2048353.23
2026-06-26 15:00:00,0.1061,0.1068,0.1047,0.1058,2092379.3
2026-06-26 16:00:00,0.1059,0.1068,0.105,0.1059,1946311.18
2026-06-26 17:00:00,0.1058,0.1062,0.1051,0.1056,1462737.92
2026-06-26 18:00:00,0.1056,0.107,0.1053,0.1063,2492152.91
2026-06-26 19:00:00,0.1063,0.1077,0.1054,0.1055,1877745.87
2026-06-26 20:00:00,0.1055,0.1072,0.1051,0.1058,1938004.89
2026-06-26 21:00:00,0.1059,0.1065,0.1051,0.1056,812302.3
2026-06-26 22:00:00,0.1055,0.1062,0.1052,0.1061,1783910.38
2026-06-26 23:00:00,0.106,0.1065,0.1057,0.1057,381570.92
2026-06-27 00:00:00,0.1058,0.106,0.1044,0.1046,870179.1
2026-06-27 01:00:00,0.1045,0.1056,0.1042,0.1049,585059.03
2026-06-27 02:00:00,0.105,0.1058,0.1047,0.1058,397881.66
2026-06-27 03:00:00,0.1057,0.1061,0.1054,0.1056,731616.1
2026-06-27 04:00:00,0.1055,0.106,0.1049,0.1049,674105.83
2026-06-27 05:00:00,0.1049,0.1051,0.1046,0.1048,351941.12
2026-06-27 06:00:00,0.1049,0.1052,0.1044,0.1049,766208.79
2026-06-27 07:00:00,0.1049,0.1055,0.1046,0.1054,444224.4
2026-06-27 08:00:00,0.1054,0.1054,0.1047,0.1048,281045.6
2026-06-27 09:00:00,0.1048,0.105,0.1042,0.1046,450655.57
2026-06-27 10:00:00,0.1046,0.1046,0.1036,0.1037,450504.6
2026-06-27 11:00:00,0.1037,0.104,0.1029,0.1039,913274.73
2026-06-27 12:00:00,0.1039,0.1042,0.1034,0.1039,617856.5
2026-06-27 13:00:00,0.1039,0.1039,0.1034,0.1035,575561.08
2026-06-27 14:00:00,0.1034,0.1038,0.1029,0.103,684636.21
2026-06-27 15:00:00,0.103,0.1038,0.1026,0.1035,583349.89
2026-06-27 16:00:00,0.1035,0.1037,0.103,0.1032,1039818.8
2026-06-27 17:00:00,0.1031,0.1031,0.1016,0.1017,1145955.72
2026-06-27 18:00:00,0.1017,0.1018,0.1013,0.1014,492739.51
2026-06-27 19:00:00,0.1014,0.1014,0.0996,0.1001,1117260.26
2026-06-27 20:00:00,0.1,0.1006,0.0998,0.1006,589414.49
2026-06-27 21:00:00,0.1007,0.1008,0.1001,0.1005,1012508.32
2026-06-27 22:00:00,0.1004,0.1008,0.1,0.1008,495919.35
2026-06-27 23:00:00,0.1007,0.1011,0.1003,0.1008,690789.24
2026-06-28 00:00:00,0.1009,0.1015,0.1005,0.101,529518.34
2026-06-28 01:00:00,0.101,0.102,0.1009,0.1018,345891.43
2026-06-28 02:00:00,0.1017,0.102,0.1013,0.1015,235398.5
2026-06-28 03:00:00,0.1016,0.102,0.1013,0.1019,477171.09
2026-06-28 04:00:00,0.102,0.1022,0.1016,0.1017,397314.41
2026-06-28 05:00:00,0.1016,0.1016,0.1009,0.1014,779849.12
2026-06-28 06:00:00,0.1014,0.1014,0.1008,0.101,618068.07
2026-06-28 07:00:00,0.1009,0.1016,0.1009,0.1013,219594.91
2026-06-28 08:00:00,0.1012,0.1013,0.1004,0.1009,639960.21
2026-06-28 09:00:00,0.1009,0.1009,0.0993,0.0995,673083.27
2026-06-28 10:00:00,0.0995,0.1004,0.0995,0.1,323551.08
2026-06-28 11:00:00,0.1,0.1006,0.0999,0.1006,480627.46
2026-06-28 12:00:00,0.1007,0.1011,0.1003,0.101,343494.55
2026-06-28 13:00:00,0.1009,0.1012,0.1003,0.1003,320410.65
2026-06-28 14:00:00,0.1003,0.1017,0.1003,0.1016,440710.42
2026-06-28 15:00:00,0.1016,0.1023,0.101,0.1015,1096037.51
2026-06-28 16:00:00,0.1016,0.1016,0.1,0.1004,1074413.32
2026-06-28 17:00:00,0.1004,0.1006,0.0998,0.1005,444912.81
2026-06-28 18:00:00,0.1005,0.1015,0.1003,0.1009,794365.49
2026-06-28 19:00:00,0.1009,0.1009,0.0999,0.1004,435334.2
2026-06-28 20:00:00,0.1004,0.1013,0.1003,0.1006,365766.08
2026-06-28 21:00:00,0.1005,0.1006,0.0987,0.0992,836775.69
2026-06-28 22:00:00,0.0993,0.1006,0.0988,0.0994,1361093.5
2026-06-28 23:00:00,0.0993,0.1005,0.0991,0.1,616440.7
2026-06-29 00:00:00,0.1,0.1003,0.0988,0.1001,847415.74
2026-06-29 01:00:00,0.1001,0.1002,0.0993,0.0997,367584.73
2026-06-29 02:00:00,0.0996,0.101,0.0988,0.1008,744815.14
2026-06-29 03:00:00,0.1009,0.1029,0.1008,0.1028,885961.05
2026-06-29 04:00:00,0.1028,0.103,0.1015,0.1017,659031.92
2026-06-29 05:00:00,0.1017,0.1017,0.1007,0.1014,618201.76
2026-06-29 06:00:00,0.1014,0.1023,0.1013,0.1016,602401.63
2026-06-29 07:00:00,0.1015,0.1028,0.1013,0.1021,606467.66
2026-06-29 08:00:00,0.1021,0.1022,0.1015,0.1016,635311.54
2026-06-29 09:00:00,0.1016,0.102,0.1014,0.1019,274998.28
2026-06-29 10:00:00,0.102,0.1026,0.1014,0.1015,752205.63
2026-06-29 11:00:00,0.1016,0.1017,0.1008,0.1009,595397.2
2026-06-29 12:00:00,0.101,0.1029,0.1003,0.1008,1596932.13
2026-06-29 13:00:00,0.1008,0.1019,0.0998,0.1005,1716406.55
2026-06-29 14:00:00,0.1005,0.1008,0.0994,0.1008,1267752.51
2026-06-29 15:00:00,0.1008,0.1023,0.0998,0.1019,1131194.89
2026-06-29 16:00:00,0.1019,0.1029,0.1016,0.1025,1206419.62
2026-06-29 17:00:00,0.1025,0.1044,0.1024,0.1035,1501663.5
2026-06-29 18:00:00,0.1035,0.1037,0.1024,0.1024,481659.29
2026-06-29 19:00:00,0.1024,0.1036,0.1021,0.1023,1589139.09
2026-06-29 20:00:00,0.1022,0.1023,0.1018,0.1018,475785.59
2026-06-29 21:00:00,0.1018,0.102,0.1013,0.1013,1101521.47
2026-06-29 22:00:00,0.1014,0.1015,0.1006,0.1007,602546.49
2026-06-29 23:00:00,0.1007,0.1008,0.1002,0.1004,378793.68
2026-06-30 00:00:00,0.1004,0.1005,0.0992,0.0998,591950.14
2026-06-30 01:00:00,0.0997,0.0997,0.0991,0.0992,499489.52
2026-06-30 02:00:00,0.0991,0.0991,0.0984,0.0988,542809.7
2026-06-30 03:00:00,0.0988,0.0991,0.0984,0.0986,909513.66
2026-06-30 04:00:00,0.0985,0.0989,0.0983,0.0987,316196.85
2026-06-30 05:00:00,0.0987,0.099,0.0984,0.0989,361272.93
2026-06-30 06:00:00,0.0989,0.0998,0.0987,0.0993,644514.34
2026-06-30 07:00:00,0.0992,0.0994,0.0984,0.0988,366579.55
2026-06-30 08:00:00,0.0988,0.0988,0.0964,0.0969,1128748.32
2026-06-30 09:00:00,0.0969,0.0969,0.0965,0.0967,478296.33
2026-06-30 10:00:00,0.0968,0.097,0.0965,0.0966,738173.84
2026-06-30 11:00:00,0.0965,0.0966,0.0958,0.0962,637264.8
2026-06-30 12:00:00,0.0962,0.0962,0.0952,0.0953,718223.64
2026-06-30 13:00:00,0.0953,0.097,0.0953,0.0967,1031976.3
2026-06-30 14:00:00,0.0967,0.0975,0.0949,0.0952,1429180.23
2026-06-30 15:00:00,0.0952,0.0957,0.0949,0.095,1245909.67
2026-06-30 16:00:00,0.095,0.0959,0.0942,0.0948,1723711.96
2026-06-30 17:00:00,0.0948,0.0953,0.0947,0.0951,713123.68
2026-06-30 18:00:00,0.0952,0.0964,0.0951,0.0964,662232.85
2026-06-30 19:00:00,0.0964,0.097,0.096,0.0969,256651.74
2026-06-30 20:00:00,0.0969,0.097,0.0956,0.0957,227959.58
2026-06-30 21:00:00,0.0957,0.0958,0.0952,0.0958,274060.49
2026-06-30 22:00:00,0.0959,0.096,0.0954,0.0956,142125.15
2026-06-30 23:00:00,0.0955,0.0965,0.0954,0.0965,367167.57
2026-07-01 00:00:00,0.0966,0.0967,0.0958,0.0966,603295.48
2026-07-01 01:00:00,0.0965,0.097,0.0944,0.0962,1209459.59
2026-07-01 02:00:00,0.0962,0.097,0.0959,0.0965,595466.49
2026-07-01 03:00:00,0.0965,0.0967,0.0959,0.0962,605287.73
2026-07-01 04:00:00,0.0962,0.0972,0.0956,0.0971,1140565.46
2026-07-01 05:00:00,0.097,0.0971,0.0963,0.0965,231271.47
2026-07-01 06:00:00,0.0964,0.0965,0.0938,0.0944,1574094.51
2026-07-01 07:00:00,0.0943,0.0944,0.0934,0.0937,1187277.57
2026-07-01 08:00:00,0.0937,0.0939,0.0929,0.0939,1556253.69
2026-07-01 09:00:00,0.0939,0.0945,0.0937,0.0944,864248.69
2026-07-01 10:00:00,0.0943,0.0946,0.0936,0.0942,518336.83
2026-07-01 11:00:00,0.0943,0.095,0.0942,0.0948,628166.9
2026-07-01 12:00:00,0.0949,0.0951,0.0941,0.0942,626462.55
2026-07-01 13:00:00,0.0943,0.0964,0.094,0.0964,2509504.54
2026-07-01 14:00:00,0.0963,0.0976,0.0954,0.0958,1673919.06
2026-07-01 15:00:00,0.0958,0.0972,0.0958,0.0962,1056861.3
2026-07-01 16:00:00,0.0962,0.0967,0.0951,0.0951,670144.6
2026-07-01 17:00:00,0.0951,0.0952,0.0945,0.0951,712675.1
2026-07-01 18:00:00,0.095,0.0953,0.0937,0.094,872974.04
2026-07-01 19:00:00,0.094,0.0949,0.0939,0.0947,1187692.8
2026-07-01 20:00:00,0.0947,0.0957,0.0942,0.0956,472940.96
2026-07-01 21:00:00,0.0957,0.0969,0.0954,0.0967,1100252.21
2026-07-01 22:00:00,0.0966,0.0972,0.0954,0.0955,1287621.36
2026-07-01 23:00:00,0.0954,0.0954,0.0946,0.0946,557993.99
2026-07-02 00:00:00,0.0946,0.0951,0.0941,0.0951,454277.32
2026-07-02 01:00:00,0.0952,0.097,0.0951,0.0966,370890.75
2026-07-02 02:00:00,0.0967,0.0971,0.0962,0.0968,507680.36
2026-07-02 03:00:00,0.0968,0.0974,0.0962,0.0973,835610.14
2026-07-02 04:00:00,0.0973,0.0973,0.0964,0.0971,894804.61
2026-07-02 05:00:00,0.0972,0.0973,0.0963,0.0966,409215.35
2026-07-02 06:00:00,0.0967,0.0973,0.0961,0.097,402259.8
2026-07-02 07:00:00,0.0969,0.0978,0.0966,0.0975,514607.46
2026-07-02 08:00:00,0.0976,0.0986,0.0969,0.0984,1556807.54
2026-07-02 09:00:00,0.0983,0.099,0.0973,0.0988,1383687.78
2026-07-02 10:00:00,0.0988,0.0992,0.0986,0.0986,668176.88
2026-07-02 11:00:00,0.0986,0.0991,0.0983,0.0989,962931.04
2026-07-02 12:00:00,0.0989,0.1006,0.0988,0.0999,2127935.05
2026-07-02 13:00:00,0.1,0.101,0.0995,0.101,2000852.5
2026-07-02 14:00:00,0.1009,0.101,0.0988,0.0995,1133890.7
2026-07-02 15:00:00,0.0995,0.0997,0.0986,0.0989,483202.04
2026-07-02 16:00:00,0.0988,0.0994,0.0982,0.0989,717564.35
2026-07-02 17:00:00,0.0989,0.0996,0.0985,0.099,513981.83
2026-07-02 18:00:00,0.099,0.0994,0.0987,0.0987,348651.52
2026-07-02 19:00:00,0.0988,0.0993,0.0985,0.0986,578835.65
2026-07-02 20:00:00,0.0986,0.0987,0.098,0.0986,286082.12
2026-07-02 21:00:00,0.0985,0.0985,0.0978,0.0983,352522.06
2026-07-02 22:00:00,0.0983,0.0983,0.0976,0.098,327177.13
2026-07-02 23:00:00,0.098,0.0992,0.098,0.0987,1150432.08
2026-07-03 00:00:00,0.0988,0.0993,0.0988,0.0991,412463.5
2026-07-03 01:00:00,0.0992,0.1001,0.0991,0.0998,258098.38
