timestamp,open,high,low,close,volume
2025-05-12 10:00:00,1.483e-05,1.5e-05,1.472e-05,1.476e-05,1207985124961.0
2025-05-12 11:00:00,1.476e-05,1.483e-05,1.436e-05,1.44e-05,1580537865238.0
2025-05-12 12:00:00,1.439e-05,1.455e-05,1.427e-05,1.446e-05,1353923522571.0
2025-05-12 13:00:00,1.446e-05,1.464e-05,1.414e-05,1.446e-05,2687689306891.0
2025-05-12 14:00:00,1.445e-05,1.45e-05,1.376e-05,1.389e-05,4681642398470.0
2025-05-12 15:00:00,1.389e-05,1.405e-05,1.362e-05,1.375e-05,2283306334543.0
2025-05-12 16:00:00,1.376e-05,1.402e-05,1.365e-05,1.39e-05,1310231950894.0
2025-05-12 17:00:00,1.39e-05,1.398e-05,1.339e-05,1.353e-05,1171249258000.0
2025-05-12 18:00:00,1.354e-05,1.361e-05,1.278e-05,1.303e-05,3579117555090.0
2025-05-12 19:00:00,1.303e-05,1.343e-05,1.3e-05,1.331e-05,1707237524766.0
2025-05-12 20:00:00,1.331e-05,1.372e-05,1.324e-05,1.366e-05,960030597193.0
2025-05-12 21:00:00,1.366e-05,1.371e-05,1.352e-05,1.357e-05,597320332136.0
2025-05-12 22:00:00,1.358e-05,1.376e-05,1.35e-05,1.359e-05,764530686725.0
2025-05-12 23:00:00,1.359e-05,1.375e-05,1.357e-05,1.362e-05,476680712880.0
2025-05-13 00:00:00,1.363e-05,1.366e-05,1.322e-05,1.326e-05,1334443640440.0
2025-05-13 01:00:00,1.325e-05,1.342e-05,1.309e-05,1.329e-05,1923094307857.0
2025-05-13 02:00:00,1.329e-05,1.336e-05,1.286e-05,1.305e-05,2351058257556.0
2025-05-13 03:00:00,1.306e-05,1.313e-05,1.274e-05,1.291e-05,1531718102730.0
2025-05-13 04:00:00,1.291e-05,1.326e-05,1.284e-05,1.324e-05,1196062942783.0
2025-05-13 05:00:00,1.324e-05,1.333e-05,1.309e-05,1.323e-05,678180722197.0
2025-05-13 06:00:00,1.323e-05,1.333e-05,1.317e-05,1.325e-05,623516235551.0
2025-05-13 07:00:00,1.324e-05,1.369e-05,1.322e-05,1.349e-05,1767540202595.0
2025-05-13 08:00:00,1.349e-05,1.372e-05,1.349e-05,1.357e-05,919667391468.0
2025-05-13 09:00:00,1.357e-05,1.412e-05,1.357e-05,1.404e-05,2161552649485.0
2025-05-13 10:00:00,1.404e-05,1.41e-05,1.381e-05,1.398e-05,1707265470904.0
2025-05-13 11:00:00,1.397e-05,1.427e-05,1.389e-05,1.405e-05,1415001609287.0
2025-05-13 12:00:00,1.405e-05,1.43e-05,1.373e-05,1.404e-05,3563935810863.0
2025-05-13 13:00:00,1.404e-05,1.424e-05,1.396e-05,1.406e-05,1762175470934.0
2025-05-13 14:00:00,1.406e-05,1.419e-05,1.363e-05,1.386e-05,3301237522794.0
2025-05-13 15:00:00,1.385e-05,1.425e-05,1.38e-05,1.42e-05,1430267648370.0
2025-05-13 16:00:00,1.42e-05,1.454e-05,1.413e-05,1.439e-05,2184991248540.0
2025-05-13 17:00:00,1.439e-05,1.468e-05,1.438e-05,1.462e-05,1636715491561.0
2025-05-13 18:00:00,1.462e-05,1.494e-05,1.453e-05,1.473e-05,1964347463750.0
2025-05-13 19:00:00,1.473e-05,1.51e-05,1.457e-05,1.478e-05,1996222198591.0
2025-05-13 20:00:00,1.478e-05,1.482e-05,1.455e-05,1.471e-05,1043145524838.0
2025-05-13 21:00:00,1.471e-05,1.491e-05,1.462e-05,1.479e-05,942836371183.0
2025-05-13 22:00:00,1.479e-05,1.484e-05,1.444e-05,1.449e-05,1093928505361.0
2025-05-13 23:00:00,1.449e-05,1.46e-05,1.437e-05,1.444e-05,770228030729.0
2025-05-14 00:00:00,1.444e-05,1.449e-05,1.423e-05,1.433e-05,752824585063.0
2025-05-14 01:00:00,1.433e-05,1.448e-05,1.412e-05,1.42e-05,1005980436767.0
2025-05-14 02:00:00,1.42e-05,1.422e-05,1.386e-05,1.395e-05,2368248077490.0
2025-05-14 03:00:00,1.395e-05,1.404e-05,1.383e-05,1.401e-05,762107842213.0
2025-05-14 04:00:00,1.401e-05,1.427e-05,1.391e-05,1.426e-05,1122258892597.0
2025-05-14 05:00:00,1.425e-05,1.447e-05,1.416e-05,1.438e-05,834462679821.0
2025-05-14 06:00:00,1.438e-05,1.446e-05,1.428e-05,1.429e-05,661506265406.0
2025-05-14 07:00:00,1.43e-05,1.431e-05,1.4e-05,1.408e-05,1360089100182.0
2025-05-14 08:00:00,1.408e-05,1.417e-05,1.386e-05,1.388e-05,1830813182516.0
2025-05-14 09:00:00,1.389e-05,1.407e-05,1.379e-05,1.4e-05,1279703882315.0
2025-05-14 10:00:00,1.4e-05,1.416e-05,1.397e-05,1.399e-05,643893642075.0
2025-05-14 11:00:00,1.399e-05,1.431e-05,1.398e-05,1.423e-05,1029385095179.0
2025-05-14 12:00:00,1.423e-05,1.433e-05,1.395e-05,1.399e-05,1003936611483.0
2025-05-14 13:00:00,1.399e-05,1.409e-05,1.367e-05,1.386e-05,1788548993319.0
2025-05-14 14:00:00,1.386e-05,1.392e-05,1.364e-05,1.39e-05,1464379716693.0
2025-05-14 15:00:00,1.391e-05,1.397e-05,1.37e-05,1.395e-05,794122276465.0
2025-05-14 16:00:00,1.394e-05,1.395e-05,1.365e-05,1.376e-05,913845494831.0
2025-05-14 17:00:00,1.376e-05,1.389e-05,1.348e-05,1.387e-05,1429483317854.0
2025-05-14 18:00:00,1.387e-05,1.397e-05,1.379e-05,1.394e-05,557559557688.0
2025-05-14 19:00:00,1.394e-05,1.397e-05,1.383e-05,1.394e-05,393965173475.0
2025-05-14 20:00:00,1.394e-05,1.4e-05,1.385e-05,1.389e-05,399389893570.0
2025-05-14 21:00:00,1.389e-05,1.397e-05,1.374e-05,1.397e-05,262239262223.0
2025-05-14 22:00:00,1.396e-05,1.4e-05,1.377e-05,1.388e-05,348344959840.0
2025-05-14 23:00:00,1.388e-05,1.398e-05,1.376e-05,1.39e-05,277310248491.0
2025-05-15 00:00:00,1.39e-05,1.415e-05,1.39e-05,1.397e-05,611291978288.0
2025-05-15 01:00:00,1.397e-05,1.403e-05,1.347e-05,1.354e-05,1022820450903.0
2025-05-15 02:00:00,1.355e-05,1.374e-05,1.351e-05,1.366e-05,656179956950.0
2025-05-15 03:00:00,1.366e-05,1.373e-05,1.356e-05,1.361e-05,503769833450.0
2025-05-15 04:00:00,1.361e-05,1.38e-05,1.357e-05,1.376e-05,602316213549.0
2025-05-15 05:00:00,1.376e-05,1.377e-05,1.335e-05,1.343e-05,752115258123.0
2025-05-15 06:00:00,1.343e-05,1.377e-05,1.343e-05,1.364e-05,731423675438.0
2025-05-15 07:00:00,1.363e-05,1.367e-05,1.304e-05,1.312e-05,1358364989806.0
2025-05-15 08:00:00,1.311e-05,1.364e-05,1.311e-05,1.361e-05,981164946590.0
2025-05-15 09:00:00,1.361e-05,1.363e-05,1.333e-05,1.352e-05,690261250237.0
2025-05-15 10:00:00,1.353e-05,1.355e-05,1.325e-05,1.339e-05,648281175375.0
2025-05-15 11:00:00,1.338e-05,1.378e-05,1.337e-05,1.368e-05,1915605818999.0
2025-05-15 12:00:00,1.368e-05,1.397e-05,1.356e-05,1.37e-05,1476921951312.0
2025-05-15 13:00:00,1.37e-05,1.38e-05,1.335e-05,1.344e-05,1587498556731.0
2025-05-15 14:00:00,1.345e-05,1.353e-05,1.291e-05,1.317e-05,2762239781893.0
2025-05-15 15:00:00,1.316e-05,1.374e-05,1.308e-05,1.361e-05,1390357235174.0
2025-05-15 16:00:00,1.362e-05,1.395e-05,1.354e-05,1.392e-05,1284005411697.0
2025-05-15 17:00:00,1.392e-05,1.412e-05,1.378e-05,1.383e-05,1238165167391.0
2025-05-15 18:00:00,1.383e-05,1.39e-05,1.319e-05,1.321e-05,1274816866019.0
2025-05-15 19:00:00,1.321e-05,1.339e-05,1.306e-05,1.323e-05,1254945322574.0
2025-05-15 20:00:00,1.323e-05,1.335e-05,1.303e-05,1.312e-05,1103651906181.0
2025-05-15 21:00:00,1.311e-05,1.316e-05,1.286e-05,1.311e-05,994045957323.0
2025-05-15 22:00:00,1.31e-05,1.327e-05,1.299e-05,1.3e-05,668193554348.0
2025-05-15 23:00:00,1.3e-05,1.307e-05,1.267e-05,1.302e-05,1634526119019.0
2025-05-16 00:00:00,1.303e-05,1.332e-05,1.295e-05,1.315e-05,1101238020009.0
2025-05-16 01:00:00,1.315e-05,1.33e-05,1.299e-05,1.323e-05,940766190035.0
2025-05-16 02:00:00,1.323e-05,1.351e-05,1.322e-05,1.34e-05,1397775735866.0
2025-05-16 03:00:00,1.34e-05,1.351e-05,1.337e-05,1.341e-05,969770339643.0
2025-05-16 04:00:00,1.341e-05,1.356e-05,1.33e-05,1.345e-05,693074043360.0
2025-05-16 05:00:00,1.346e-05,1.361e-05,1.345e-05,1.349e-05,633895814209.0
2025-05-16 06:00:00,1.35e-05,1.358e-05,1.344e-05,1.347e-05,534895211554.0
2025-05-16 07:00:00,1.347e-05,1.364e-05,1.337e-05,1.345e-05,778188042132.0
2025-05-16 08:00:00,1.345e-05,1.349e-05,1.316e-05,1.329e-05,912467557165.0
2025-05-16 09:00:00,1.33e-05,1.355e-05,1.328e-05,1.353e-05,768504243435.0
2025-05-16 10:00:00,1.354e-05,1.359e-05,1.342e-05,1.356e-05,647787747673.0
2025-05-16 11:00:00,1.356e-05,1.362e-05,1.341e-05,1.345e-05,785748497302.0
2025-05-16 12:00:00,1.346e-05,1.355e-05,1.334e-05,1.342e-05,504469964550.0
2025-05-16 13:00:00,1.341e-05,1.374e-05,1.337e-05,1.37e-05,1000543456877.0
2025-05-16 14:00:00,1.37e-05,1.375e-05,1.34e-05,1.352e-05,1409245343440.0
2025-05-16 15:00:00,1.352e-05,1.38e-05,1.351e-05,1.365e-05,1038153617325.0
2025-05-16 16:00:00,1.365e-05,1.377e-05,1.334e-05,1.351e-05,859934779203.0
2025-05-16 17:00:00,1.351e-05,1.356e-05,1.326e-05,1.33e-05,560707456507.0
2025-05-16 18:00:00,1.33e-05,1.341e-05,1.329e-05,1.334e-05,340279965221.0
2025-05-16 19:00:00,1.334e-05,1.347e-05,1.33e-05,1.344e-05,415764512823.0
2025-05-16 20:00:00,1.344e-05,1.344e-05,1.306e-05,1.319e-05,677499994451.0
2025-05-16 21:00:00,1.319e-05,1.329e-05,1.308e-05,1.311e-05,339176102762.0
2025-05-16 22:00:00,1.312e-05,1.313e-05,1.252e-05,1.264e-05,1202728963951.0
2025-05-16 23:00:00,1.264e-05,1.276e-05,1.258e-05,1.259e-05,753778522420.0
2025-05-17 00:00:00,1.26e-05,1.276e-05,1.244e-05,1.256e-05,1004293934204.0
2025-05-17 01:00:00,1.255e-05,1.257e-05,1.223e-05,1.239e-05,1430154967326.0
2025-05-17 02:00:00,1.239e-05,1.256e-05,1.227e-05,1.247e-05,1042227909617.0
2025-05-17 03:00:00,1.246e-05,1.253e-05,1.228e-05,1.252e-05,517287883720.0
2025-05-17 04:00:00,1.253e-05,1.268e-05,1.244e-05,1.259e-05,660350394715.0
2025-05-17 05:00:00,1.259e-05,1.264e-05,1.234e-05,1.238e-05,462218583072.0
2025-05-17 06:00:00,1.238e-05,1.248e-05,1.234e-05,1.246e-05,399061535491.0
2025-05-17 07:00:00,1.246e-05,1.257e-05,1.234e-05,1.244e-05,460566214445.0
2025-05-17 08:00:00,1.245e-05,1.251e-05,1.234e-05,1.236e-05,506591205131.0
2025-05-17 09:00:00,1.235e-05,1.247e-05,1.226e-05,1.24e-05,671731179067.0
2025-05-17 10:00:00,1.239e-05,1.254e-05,1.237e-05,1.247e-05,438919806385.0
2025-05-17 11:00:00,1.247e-05,1.249e-05,1.227e-05,1.236e-05,405758022257.0
2025-05-17 12:00:00,1.235e-05,1.239e-05,1.228e-05,1.228e-05,573159715273.0
2025-05-17 13:00:00,1.229e-05,1.237e-05,1.212e-05,1.223e-05,918156088642.0
2025-05-17 14:00:00,1.223e-05,1.255e-05,1.222e-05,1.253e-05,932312064707.0
2025-05-17 15:00:00,1.253e-05,1.254e-05,1.238e-05,1.241e-05,485786385910.0
2025-05-17 16:00:00,1.24e-05,1.246e-05,1.204e-05,1.226e-05,985687398035.0
2025-05-17 17:00:00,1.225e-05,1.236e-05,1.217e-05,1.218e-05,760785833303.0
2025-05-17 18:00:00,1.219e-05,1.237e-05,1.202e-05,1.205e-05,916288946986.0
2025-05-17 19:00:00,1.206e-05,1.22e-05,1.202e-05,1.208e-05,452639168602.0
2025-05-17 20:00:00,1.208e-05,1.237e-05,1.202e-05,1.231e-05,715749779546.0
2025-05-17 21:00:00,1.231e-05,1.233e-05,1.22e-05,1.225e-05,433343091439.0
2025-05-17 22:00:00,1.226e-05,1.227e-05,1.196e-05,1.203e-05,705878516938.0
2025-05-17 23:00:00,1.203e-05,1.221e-05,1.2e-05,1.216e-05,524051773393.0
2025-05-18 00:00:00,1.217e-05,1.232e-05,1.213e-05,1.225e-05,538140284594.0
2025-05-18 01:00:00,1.225e-05,1.24e-05,1.221e-05,1.236e-05,419927327787.0
2025-05-18 02:00:00,1.236e-05,1.243e-05,1.227e-05,1.234e-05,492607112873.0
2025-05-18 03:00:00,1.234e-05,1.241e-05,1.221e-05,1.233e-05,483545751933.0
2025-05-18 04:00:00,1.233e-05,1.245e-05,1.232e-05,1.236e-05,240859187246.0
2025-05-18 05:00:00,1.237e-05,1.288e-05,1.237e-05,1.284e-05,2030958199651.0
2025-05-18 06:00:00,1.284e-05,1.286e-05,1.26e-05,1.266e-05,988279207613.0
2025-05-18 07:00:00,1.266e-05,1.293e-05,1.263e-05,1.29e-05,822653972001.0
2025-05-18 08:00:00,1.29e-05,1.331e-05,1.288e-05,1.322e-05,2102012808668.0
2025-05-18 09:00:00,1.322e-05,1.336e-05,1.312e-05,1.322e-05,1569926472722.0
2025-05-18 10:00:00,1.321e-05,1.335e-05,1.315e-05,1.333e-05,1088400599133.0
2025-05-18 11:00:00,1.334e-05,1.344e-05,1.32e-05,1.322e-05,1272172383464.0
2025-05-18 12:00:00,1.322e-05,1.331e-05,1.315e-05,1.33e-05,1005867306205.0
2025-05-18 13:00:00,1.33e-05,1.358e-05,1.322e-05,1.354e-05,1189074529146.0
2025-05-18 14:00:00,1.355e-05,1.392e-05,1.34e-05,1.379e-05,2615698392977.0
2025-05-18 15:00:00,1.379e-05,1.408e-05,1.367e-05,1.403e-05,2141359696892.0
2025-05-18 16:00:00,1.403e-05,1.425e-05,1.392e-05,1.415e-05,2732525536452.0
2025-05-18 17:00:00,1.416e-05,1.418e-05,1.365e-05,1.368e-05,2695060709663.0
2025-05-18 18:00:00,1.368e-05,1.371e-05,1.321e-05,1.329e-05,3843856273890.0
2025-05-18 19:00:00,1.33e-05,1.335e-05,1.284e-05,1.291e-05,1924754673417.0
2025-05-18 20:00:00,1.29e-05,1.315e-05,1.258e-05,1.299e-05,3667123107322.0
2025-05-18 21:00:00,1.299e-05,1.327e-05,1.293e-05,1.302e-05,1618396584420.0
2025-05-18 22:00:00,1.302e-05,1.341e-05,1.29e-05,1.339e-05,1434769022161.0
2025-05-18 23:00:00,1.339e-05,1.397e-05,1.317e-05,1.385e-05,1707548651232.0
2025-05-19 00:00:00,1.385e-05,1.419e-05,1.325e-05,1.33e-05,4306791513155.0
2025-05-19 01:00:00,1.33e-05,1.341e-05,1.316e-05,1.325e-05,1680202314612.0
2025-05-19 02:00:00,1.325e-05,1.335e-05,1.304e-05,1.309e-05,1493513022892.0
2025-05-19 03:00:00,1.31e-05,1.312e-05,1.282e-05,1.296e-05,1408751112107.0
2025-05-19 04:00:00,1.296e-05,1.316e-05,1.27e-05,1.284e-05,1745520539417.0
2025-05-19 05:00:00,1.285e-05,1.291e-05,1.273e-05,1.282e-05,1019486618086.0
2025-05-19 06:00:00,1.282e-05,1.29e-05,1.253e-05,1.254e-05,1038343776021.0
2025-05-19 07:00:00,1.255e-05,1.299e-05,1.253e-05,1.293e-05,1235142146661.0
2025-05-19 08:00:00,1.293e-05,1.293e-05,1.266e-05,1.278e-05,896635414713.0
2025-05-19 09:00:00,1.278e-05,1.285e-05,1.264e-05,1.272e-05,774151417820.0
2025-05-19 10:00:00,1.271e-05,1.282e-05,1.257e-05,1.269e-05,812875836154.0
2025-05-19 11:00:00,1.269e-05,1.279e-05,1.259e-05,1.271e-05,476977997132.0
2025-05-19 12:00:00,1.271e-05,1.273e-05,1.249e-05,1.26e-05,839793071896.0
2025-05-19 13:00:00,1.26e-05,1.295e-05,1.255e-05,1.288e-05,1133692819993.0
2025-05-19 14:00:00,1.288e-05,1.314e-05,1.275e-05,1.305e-05,1547321969174.0
2025-05-19 15:00:00,1.305e-05,1.33e-05,1.303e-05,1.318e-05,1860386637451.0
2025-05-19 16:00:00,1.318e-05,1.336e-05,1.3e-05,1.332e-05,1336395667403.0
2025-05-19 17:00:00,1.332e-05,1.365e-05,1.327e-05,1.335e-05,2138909780371.0
2025-05-19 18:00:00,1.334e-05,1.348e-05,1.308e-05,1.311e-05,1359044262298.0
2025-05-19 19:00:00,1.312e-05,1.337e-05,1.305e-05,1.327e-05,826706881657.0
2025-05-19 20:00:00,1.327e-05,1.337e-05,1.32e-05,1.326e-05,506397406766.0
2025-05-19 21:00:00,1.325e-05,1.33e-05,1.31e-05,1.328e-05,409848417194.0
2025-05-19 22:00:00,1.328e-05,1.329e-05,1.308e-05,1.318e-05,643024919379.0
2025-05-19 23:00:00,1.317e-05,1.33e-05,1.312e-05,1.327e-05,393862581840.0
2025-05-20 00:00:00,1.328e-05,1.358e-05,1.314e-05,1.321e-05,1341661430149.0
2025-05-20 01:00:00,1.32e-05,1.354e-05,1.316e-05,1.341e-05,1068607033929.0
2025-05-20 02:00:00,1.342e-05,1.366e-05,1.337e-05,1.344e-05,1533505956314.0
2025-05-20 03:00:00,1.344e-05,1.346e-05,1.326e-05,1.333e-05,746833688481.0
2025-05-20 04:00:00,1.333e-05,1.342e-05,1.317e-05,1.341e-05,737390446153.0
2025-05-20 05:00:00,1.342e-05,1.355e-05,1.335e-05,1.337e-05,733741578533.0
2025-05-20 06:00:00,1.337e-05,1.341e-05,1.319e-05,1.328e-05,792535783307.0
2025-05-20 07:00:00,1.327e-05,1.33e-05,1.302e-05,1.309e-05,1002004795913.0
2025-05-20 08:00:00,1.309e-05,1.319e-05,1.289e-05,1.297e-05,1095128416034.0
2025-05-20 09:00:00,1.297e-05,1.303e-05,1.288e-05,1.29e-05,677749508286.0
2025-05-20 10:00:00,1.291e-05,1.295e-05,1.264e-05,1.272e-05,1272192295700.0
2025-05-20 11:00:00,1.271e-05,1.287e-05,1.264e-05,1.278e-05,869969156127.0
2025-05-20 12:00:00,1.278e-05,1.281e-05,1.262e-05,1.273e-05,663192297313.0
2025-05-20 13:00:00,1.274e-05,1.278e-05,1.262e-05,1.271e-05,1066813067623.0
2025-05-20 14:00:00,1.27e-05,1.287e-05,1.265e-05,1.271e-05,1181985115515.0
2025-05-20 15:00:00,1.27e-05,1.289e-05,1.269e-05,1.286e-05,911802036032.0
2025-05-20 16:00:00,1.287e-05,1.299e-05,1.278e-05,1.28e-05,1228877138580.0
2025-05-20 17:00:00,1.281e-05,1.315e-05,1.28e-05,1.306e-05,1135256450380.0
2025-05-20 18:00:00,1.306e-05,1.315e-05,1.271e-05,1.274e-05,1331706649612.0
2025-05-20 19:00:00,1.274e-05,1.321e-05,1.271e-05,1.311e-05,1241269390729.0
2025-05-20 20:00:00,1.311e-05,1.321e-05,1.297e-05,1.317e-05,1310606365822.0
2025-05-20 21:00:00,1.316e-05,1.327e-05,1.298e-05,1.307e-05,1424518465321.0
2025-05-20 22:00:00,1.307e-05,1.313e-05,1.285e-05,1.302e-05,663898289262.0
2025-05-20 23:00:00,1.302e-05,1.325e-05,1.297e-05,1.316e-05,858031809528.0
2025-05-21 00:00:00,1.317e-05,1.327e-05,1.31e-05,1.32e-05,728549149625.0
2025-05-21 01:00:00,1.32e-05,1.33e-05,1.311e-05,1.313e-05,724681415182.0
2025-05-21 02:00:00,1.314e-05,1.349e-05,1.303e-05,1.346e-05,1408638303186.0
2025-05-21 03:00:00,1.347e-05,1.361e-05,1.34e-05,1.347e-05,1572258904193.0
2025-05-21 04:00:00,1.347e-05,1.365e-05,1.344e-05,1.358e-05,1391591139116.0
2025-05-21 05:00:00,1.358e-05,1.403e-05,1.357e-05,1.396e-05,2381623366655.0
2025-05-21 06:00:00,1.396e-05,1.414e-05,1.385e-05,1.395e-05,1614161596562.0
2025-05-21 07:00:00,1.395e-05,1.398e-05,1.348e-05,1.355e-05,2570323752676.0
2025-05-21 08:00:00,1.356e-05,1.366e-05,1.332e-05,1.334e-05,1538170549896.0
2025-05-21 09:00:00,1.334e-05,1.344e-05,1.326e-05,1.332e-05,1000239271056.0
2025-05-21 10:00:00,1.331e-05,1.346e-05,1.326e-05,1.341e-05,878227882974.0
2025-05-21 11:00:00,1.341e-05,1.377e-05,1.338e-05,1.367e-05,1504208157408.0
2025-05-21 12:00:00,1.367e-05,1.386e-05,1.354e-05,1.382e-05,1151762191271.0
2025-05-21 13:00:00,1.382e-05,1.405e-05,1.361e-05,1.391e-05,2111405036657.0
2025-05-21 14:00:00,1.391e-05,1.41e-05,1.372e-05,1.407e-05,2505740620668.0
2025-05-21 15:00:00,1.406e-05,1.407e-05,1.377e-05,1.394e-05,2816780335391.0
2025-05-21 16:00:00,1.394e-05,1.462e-05,1.385e-05,1.426e-05,4122382091604.0
2025-05-21 17:00:00,1.426e-05,1.44e-05,1.281e-05,1.312e-05,8533640148657.0
2025-05-21 18:00:00,1.312e-05,1.329e-05,1.287e-05,1.309e-05,4925102315911.0
2025-05-21 19:00:00,1.309e-05,1.352e-05,1.299e-05,1.347e-05,2409923773060.0
2025-05-21 20:00:00,1.346e-05,1.348e-05,1.317e-05,1.333e-05,1572803736641.0
2025-05-21 21:00:00,1.333e-05,1.344e-05,1.324e-05,1.329e-05,482341683630.0
2025-05-21 22:00:00,1.329e-05,1.357e-05,1.328e-05,1.352e-05,1119515644262.0
2025-05-21 23:00:00,1.352e-05,1.396e-05,1.341e-05,1.365e-05,2908148322303.0
2025-05-22 00:00:00,1.365e-05,1.395e-05,1.362e-05,1.392e-05,1361910999226.0
2025-05-22 01:00:00,1.392e-05,1.419e-05,1.374e-05,1.378e-05,2374108564026.0
2025-05-22 02:00:00,1.378e-05,1.401e-05,1.374e-05,1.394e-05,1593519728809.0
2025-05-22 03:00:00,1.394e-05,1.425e-05,1.381e-05,1.412e-05,1933805457001.0
2025-05-22 04:00:00,1.412e-05,1.419e-05,1.392e-05,1.407e-05,1340446085754.0
2025-05-22 05:00:00,1.406e-05,1.412e-05,1.376e-05,1.378e-05,1353464416458.0
2025-05-22 06:00:00,1.378e-05,1.39e-05,1.366e-05,1.386e-05,1455330795026.0
2025-05-22 07:00:00,1.386e-05,1.45e-05,1.382e-05,1.438e-05,2710035256758.0
2025-05-22 08:00:00,1.439e-05,1.479e-05,1.424e-05,1.456e-05,3288745998250.0
2025-05-22 09:00:00,1.456e-05,1.473e-05,1.444e-05,1.46e-05,2235204412633.0
2025-05-22 10:00:00,1.46e-05,1.461e-05,1.438e-05,1.448e-05,1215481244100.0
2025-05-22 11:00:00,1.447e-05,1.46e-05,1.431e-05,1.449e-05,1019699870571.0
2025-05-22 12:00:00,1.449e-05,1.471e-05,1.44e-05,1.46e-05,1593996186910.0
2025-05-22 13:00:00,1.461e-05,1.462e-05,1.428e-05,1.447e-05,1861876716560.0
2025-05-22 14:00:00,1.447e-05,1.47e-05,1.445e-05,1.452e-05,1408018713223.0
2025-05-22 15:00:00,1.451e-05,1.459e-05,1.439e-05,1.443e-05,835563718992.0
2025-05-22 16:00:00,1.443e-05,1.453e-05,1.421e-05,1.426e-05,1156872845445.0
2025-05-22 17:00:00,1.426e-05,1.447e-05,1.421e-05,1.434e-05,638555369041.0
2025-05-22 18:00:00,1.434e-05,1.442e-05,1.428e-05,1.437e-05,556258885507.0
2025-05-22 19:00:00,1.437e-05,1.44e-05,1.417e-05,1.427e-05,557401300755.0
2025-05-22 20:00:00,1.426e-05,1.448e-05,1.424e-05,1.433e-05,756944615135.0
2025-05-22 21:00:00,1.433e-05,1.433e-05,1.414e-05,1.426e-05,618521710166.0
2025-05-22 22:00:00,1.427e-05,1.476e-05,1.424e-05,1.459e-05,2011587273555.0
2025-05-22 23:00:00,1.459e-05,1.552e-05,1.459e-05,1.55e-05,3418783516922.0
2025-05-23 00:00:00,1.55e-05,1.578e-05,1.518e-05,1.558e-05,3876910384694.0
2025-05-23 01:00:00,1.558e-05,1.597e-05,1.537e-05,1.587e-05,2999315163431.0
2025-05-23 02:00:00,1.587e-05,1.632e-05,1.567e-05,1.576e-05,3974863330063.0
2025-05-23 03:00:00,1.576e-05,1.61e-05,1.575e-05,1.606e-05,1632276174367.0
2025-05-23 04:00:00,1.606e-05,1.611e-05,1.556e-05,1.581e-05,1785138823124.0
2025-05-23 05:00:00,1.581e-05,1.584e-05,1.547e-05,1.573e-05,1200091485276.0
2025-05-23 06:00:00,1.573e-05,1.575e-05,1.53e-05,1.545e-05,2309289449057.0
2025-05-23 07:00:00,1.545e-05,1.569e-05,1.543e-05,1.548e-05,1391038259174.0
2025-05-23 08:00:00,1.549e-05,1.572e-05,1.548e-05,1.562e-05,1103929784505.0
2025-05-23 09:00:00,1.561e-05,1.592e-05,1.555e-05,1.588e-05,1300089894511.0
2025-05-23 10:00:00,1.589e-05,1.592e-05,1.56e-05,1.574e-05,1020671211433.0
2025-05-23 11:00:00,1.574e-05,1.575e-05,1.476e-05,1.486e-05,5665838172777.0
2025-05-23 12:00:00,1.487e-05,1.489e-05,1.428e-05,1.459e-05,7368004948558.0
2025-05-23 13:00:00,1.459e-05,1.519e-05,1.447e-05,1.514e-05,3381811208653.0
2025-05-23 14:00:00,1.514e-05,1.52e-05,1.489e-05,1.499e-05,2282459390140.0
2025-05-23 15:00:00,1.499e-05,1.506e-05,1.477e-05,1.478e-05,1610273840445.0
2025-05-23 16:00:00,1.478e-05,1.497e-05,1.457e-05,1.494e-05,1604754412929.0
2025-05-23 17:00:00,1.495e-05,1.523e-05,1.493e-05,1.507e-05,1571613379656.0
2025-05-23 18:00:00,1.508e-05,1.514e-05,1.481e-05,1.486e-05,941512898773.0
2025-05-23 19:00:00,1.486e-05,1.501e-05,1.48e-05,1.485e-05,669718676235.0
2025-05-23 20:00:00,1.485e-05,1.486e-05,1.459e-05,1.465e-05,750241615496.0
2025-05-23 21:00:00,1.466e-05,1.474e-05,1.443e-05,1.451e-05,888315289750.0
2025-05-23 22:00:00,1.45e-05,1.463e-05,1.431e-05,1.436e-05,955027148097.0
2025-05-23 23:00:00,1.435e-05,1.444e-05,1.356e-05,1.381e-05,3415267623974.0
2025-05-24 00:00:00,1.38e-05,1.394e-05,1.358e-05,1.362e-05,2294009793336.0
2025-05-24 01:00:00,1.363e-05,1.388e-05,1.356e-05,1.368e-05,1284992016874.0
2025-05-24 02:00:00,1.369e-05,1.394e-05,1.361e-05,1.394e-05,742747331145.0
2025-05-24 03:00:00,1.394e-05,1.415e-05,1.389e-05,1.408e-05,986788462983.0
2025-05-24 04:00:00,1.409e-05,1.422e-05,1.4e-05,1.41e-05,880768887108.0
2025-05-24 05:00:00,1.41e-05,1.413e-05,1.388e-05,1.399e-05,996377735886.0
2025-05-24 06:00:00,1.398e-05,1.405e-05,1.378e-05,1.397e-05,961455096256.0
2025-05-24 07:00:00,1.396e-05,1.409e-05,1.381e-05,1.386e-05,1143256155389.0
2025-05-24 08:00:00,1.386e-05,1.39e-05,1.367e-05,1.39e-05,1064139170327.0
2025-05-24 09:00:00,1.39e-05,1.397e-05,1.381e-05,1.385e-05,497413596213.0
2025-05-24 10:00:00,1.384e-05,1.416e-05,1.379e-05,1.407e-05,1142544527175.0
2025-05-24 11:00:00,1.407e-05,1.415e-05,1.396e-05,1.399e-05,808387994131.0
2025-05-24 12:00:00,1.399e-05,1.408e-05,1.39e-05,1.4e-05,687622226112.0
2025-05-24 13:00:00,1.401e-05,1.404e-05,1.377e-05,1.38e-05,866238413421.0
2025-05-24 14:00:00,1.379e-05,1.397e-05,1.376e-05,1.395e-05,510778045581.0
2025-05-24 15:00:00,1.395e-05,1.404e-05,1.379e-05,1.388e-05,603062322200.0
2025-05-24 16:00:00,1.387e-05,1.394e-05,1.37e-05,1.386e-05,797834951868.0
2025-05-24 17:00:00,1.385e-05,1.4e-05,1.385e-05,1.393e-05,642994582628.0
2025-05-24 18:00:00,1.393e-05,1.408e-05,1.379e-05,1.383e-05,535259800698.0
2025-05-24 19:00:00,1.382e-05,1.389e-05,1.377e-05,1.385e-05,455217257095.0
2025-05-24 20:00:00,1.386e-05,1.402e-05,1.381e-05,1.392e-05,401656791672.0
2025-05-24 21:00:00,1.392e-05,1.396e-05,1.372e-05,1.386e-05,481543299316.0
2025-05-24 22:00:00,1.387e-05,1.387e-05,1.37e-05,1.376e-05,489291907982.0
2025-05-24 23:00:00,1.376e-05,1.39e-05,1.362e-05,1.378e-05,1029879528895.0
2025-05-25 00:00:00,1.378e-05,1.399e-05,1.332e-05,1.339e-05,1964259423155.0
2025-05-25 01:00:00,1.34e-05,1.355e-05,1.325e-05,1.342e-05,1509005175200.0
2025-05-25 02:00:00,1.342e-05,1.358e-05,1.331e-05,1.355e-05,754278585389.0
2025-05-25 03:00:00,1.354e-05,1.391e-05,1.353e-05,1.38e-05,954165608635.0
2025-05-25 04:00:00,1.38e-05,1.382e-05,1.366e-05,1.376e-05,735115246534.0
2025-05-25 05:00:00,1.376e-05,1.378e-05,1.366e-05,1.374e-05,389261058358.0
2025-05-25 06:00:00,1.374e-05,1.377e-05,1.365e-05,1.37e-05,321209354360.0
2025-05-25 07:00:00,1.37e-05,1.37e-05,1.344e-05,1.356e-05,1206539149201.0
2025-05-25 08:00:00,1.356e-05,1.357e-05,1.313e-05,1.319e-05,2458730187671.0
2025-05-25 09:00:00,1.32e-05,1.327e-05,1.298e-05,1.311e-05,3584476034173.0
2025-05-25 10:00:00,1.312e-05,1.315e-05,1.29e-05,1.292e-05,2107625373819.0
2025-05-25 11:00:00,1.292e-05,1.305e-05,1.285e-05,1.3e-05,992948274581.0
2025-05-25 12:00:00,1.3e-05,1.319e-05,1.291e-05,1.313e-05,895098763759.0
2025-05-25 13:00:00,1.313e-05,1.325e-05,1.3e-05,1.315e-05,840870884784.0
2025-05-25 14:00:00,1.314e-05,1.315e-05,1.29e-05,1.298e-05,878151121317.0
2025-05-25 15:00:00,1.299e-05,1.303e-05,1.262e-05,1.292e-05,1718684346571.0
2025-05-25 16:00:00,1.292e-05,1.297e-05,1.274e-05,1.291e-05,599213854371.0
2025-05-25 17:00:00,1.291e-05,1.3e-05,1.284e-05,1.295e-05,346177682982.0
2025-05-25 18:00:00,1.294e-05,1.303e-05,1.289e-05,1.296e-05,321942609550.0
2025-05-25 19:00:00,1.296e-05,1.319e-05,1.294e-05,1.311e-05,627643831911.0
2025-05-25 20:00:00,1.311e-05,1.313e-05,1.295e-05,1.301e-05,327580742315.0
2025-05-25 21:00:00,1.301e-05,1.308e-05,1.288e-05,1.303e-05,497043830086.0
2025-05-25 22:00:00,1.304e-05,1.37e-05,1.301e-05,1.366e-05,2356802805689.0
2025-05-25 23:00:00,1.367e-05,1.372e-05,1.345e-05,1.361e-05,1195135664902.0
2025-05-26 00:00:00,1.361e-05,1.391e-05,1.349e-05,1.39e-05,1399328821373.0
2025-05-26 01:00:00,1.39e-05,1.392e-05,1.366e-05,1.382e-05,1453981240265.0
2025-05-26 02:00:00,1.382e-05,1.385e-05,1.365e-05,1.371e-05,806740428103.0
2025-05-26 03:00:00,1.37e-05,1.42e-05,1.363e-05,1.406e-05,2179721124082.0
2025-05-26 04:00:00,1.406e-05,1.41e-05,1.391e-05,1.409e-05,1350397987866.0
2025-05-26 05:00:00,1.41e-05,1.427e-05,1.401e-05,1.415e-05,1143413772679.0
2025-05-26 06:00:00,1.415e-05,1.439e-05,1.409e-05,1.428e-05,1367741126458.0
2025-05-26 07:00:00,1.428e-05,1.446e-05,1.425e-05,1.441e-05,1558113241753.0
2025-05-26 08:00:00,1.442e-05,1.446e-05,1.406e-05,1.408e-05,1277513428271.0
2025-05-26 09:00:00,1.408e-05,1.42e-05,1.396e-05,1.402e-05,1249787904811.0
2025-05-26 10:00:00,1.402e-05,1.411e-05,1.385e-05,1.394e-05,810597144725.0
2025-05-26 11:00:00,1.394e-05,1.402e-05,1.387e-05,1.395e-05,617666399485.0
2025-05-26 12:00:00,1.395e-05,1.408e-05,1.387e-05,1.403e-05,673143474810.0
2025-05-26 13:00:00,1.403e-05,1.411e-05,1.373e-05,1.384e-05,1027718997880.0
2025-05-26 14:00:00,1.383e-05,1.389e-05,1.371e-05,1.376e-05,1036845238560.0
2025-05-26 15:00:00,1.377e-05,1.411e-05,1.364e-05,1.4e-05,1855943459663.0
2025-05-26 16:00:00,1.401e-05,1.412e-05,1.349e-05,1.364e-05,2942815396584.0
2025-05-26 17:00:00,1.364e-05,1.371e-05,1.351e-05,1.361e-05,945970974601.0
2025-05-26 18:00:00,1.361e-05,1.38e-05,1.357e-05,1.367e-05,589138466653.0
2025-05-26 19:00:00,1.366e-05,1.38e-05,1.362e-05,1.369e-05,446078654210.0
2025-05-26 20:00:00,1.368e-05,1.388e-05,1.36e-05,1.386e-05,580738726841.0
2025-05-26 21:00:00,1.386e-05,1.394e-05,1.376e-05,1.39e-05,546306978467.0
2025-05-26 22:00:00,1.391e-05,1.399e-05,1.373e-05,1.374e-05,509371593469.0
2025-05-26 23:00:00,1.375e-05,1.388e-05,1.367e-05,1.385e-05,361537997294.0
2025-05-27 00:00:00,1.385e-05,1.399e-05,1.369e-05,1.372e-05,606470406488.0
2025-05-27 01:00:00,1.371e-05,1.372e-05,1.335e-05,1.355e-05,1576893505233.0
2025-05-27 02:00:00,1.356e-05,1.368e-05,1.352e-05,1.359e-05,484936297179.0
2025-05-27 03:00:00,1.359e-05,1.386e-05,1.358e-05,1.376e-05,562213647056.0
2025-05-27 04:00:00,1.375e-05,1.383e-05,1.368e-05,1.373e-05,317985278174.0
2025-05-27 05:00:00,1.372e-05,1.382e-05,1.359e-05,1.377e-05,445201230414.0
2025-05-27 06:00:00,1.377e-05,1.407e-05,1.376e-05,1.387e-05,1246381977970.0
2025-05-27 07:00:00,1.388e-05,1.405e-05,1.387e-05,1.399e-05,700692638104.0
2025-05-27 08:00:00,1.399e-05,1.424e-05,1.399e-05,1.414e-05,1339908099884.0
2025-05-27 09:00:00,1.414e-05,1.421e-05,1.398e-05,1.42e-05,1300682457546.0
2025-05-27 10:00:00,1.42e-05,1.428e-05,1.408e-05,1.417e-05,741441265069.0
2025-05-27 11:00:00,1.417e-05,1.417e-05,1.395e-05,1.406e-05,838777769970.0
2025-05-27 12:00:00,1.405e-05,1.418e-05,1.402e-05,1.408e-05,891388101372.0
2025-05-27 13:00:00,1.408e-05,1.432e-05,1.39e-05,1.397e-05,2422164138458.0
2025-05-27 14:00:00,1.397e-05,1.407e-05,1.376e-05,1.393e-05,1568250558093.0
2025-05-27 15:00:00,1.392e-05,1.404e-05,1.384e-05,1.401e-05,1326700165705.0
2025-05-27 16:00:00,1.401e-05,1.423e-05,1.383e-05,1.407e-05,1498056895113.0
2025-05-27 17:00:00,1.407e-05,1.424e-05,1.399e-05,1.411e-05,1473575030349.0
2025-05-27 18:00:00,1.411e-05,1.419e-05,1.399e-05,1.404e-05,694613135605.0
2025-05-27 19:00:00,1.404e-05,1.404e-05,1.393e-05,1.399e-05,526097809714.0
2025-05-27 20:00:00,1.4e-05,1.406e-05,1.396e-05,1.399e-05,368410459751.0
2025-05-27 21:00:00,1.4e-05,1.405e-05,1.379e-05,1.387e-05,580221889152.0
2025-05-27 22:00:00,1.387e-05,1.394e-05,1.375e-05,1.389e-05,563675369150.0
2025-05-27 23:00:00,1.39e-05,1.395e-05,1.382e-05,1.39e-05,342835779714.0
2025-05-28 00:00:00,1.39e-05,1.407e-05,1.373e-05,1.406e-05,824144454024.0
2025-05-28 01:00:00,1.406e-05,1.411e-05,1.377e-05,1.382e-05,1029408696692.0
2025-05-28 02:00:00,1.382e-05,1.383e-05,1.363e-05,1.376e-05,1089742976162.0
2025-05-28 03:00:00,1.376e-05,1.392e-05,1.373e-05,1.387e-05,610716346072.0
2025-05-28 04:00:00,1.387e-05,1.395e-05,1.378e-05,1.391e-05,384600678923.0
2025-05-28 05:00:00,1.392e-05,1.395e-05,1.382e-05,1.388e-05,330595400444.0
2025-05-28 06:00:00,1.388e-05,1.389e-05,1.37e-05,1.371e-05,650099613846.0
2025-05-28 07:00:00,1.372e-05,1.38e-05,1.368e-05,1.373e-05,521521753766.0
2025-05-28 08:00:00,1.373e-05,1.381e-05,1.364e-05,1.375e-05,517148115292.0
2025-05-28 09:00:00,1.376e-05,1.377e-05,1.357e-05,1.366e-05,754944167512.0
2025-05-28 10:00:00,1.366e-05,1.376e-05,1.354e-05,1.374e-05,711859292593.0
2025-05-28 11:00:00,1.373e-05,1.387e-05,1.372e-05,1.384e-05,521094830617.0
2025-05-28 12:00:00,1.383e-05,1.405e-05,1.378e-05,1.403e-05,1242779653650.0
2025-05-28 13:00:00,1.404e-05,1.418e-05,1.388e-05,1.39e-05,2184410446357.0
2025-05-28 14:00:00,1.39e-05,1.395e-05,1.359e-05,1.362e-05,1834430589146.0
2025-05-28 15:00:00,1.362e-05,1.374e-05,1.34e-05,1.353e-05,1716564029100.0
2025-05-28 16:00:00,1.353e-05,1.374e-05,1.352e-05,1.37e-05,833910989003.0
2025-05-28 17:00:00,1.371e-05,1.382e-05,1.359e-05,1.369e-05,588612275424.0
2025-05-28 18:00:00,1.369e-05,1.379e-05,1.352e-05,1.355e-05,549994821367.0
2025-05-28 19:00:00,1.354e-05,1.369e-05,1.337e-05,1.341e-05,690152409604.0
2025-05-28 20:00:00,1.34e-05,1.37e-05,1.34e-05,1.369e-05,645821896036.0
2025-05-28 21:00:00,1.369e-05,1.389e-05,1.36e-05,1.387e-05,546230018490.0
2025-05-28 22:00:00,1.386e-05,1.389e-05,1.377e-05,1.383e-05,708657193046.0
2025-05-28 23:00:00,1.384e-05,1.407e-05,1.383e-05,1.399e-05,1259826707661.0
2025-05-29 00:00:00,1.4e-05,1.447e-05,1.391e-05,1.444e-05,1946332621903.0
2025-05-29 01:00:00,1.445e-05,1.459e-05,1.426e-05,1.435e-05,2223785443095.0
2025-05-29 02:00:00,1.435e-05,1.494e-05,1.423e-05,1.49e-05,2842920878051.0
2025-05-29 03:00:00,1.489e-05,1.512e-05,1.463e-05,1.47e-05,3359016551239.0
2025-05-29 04:00:00,1.469e-05,1.481e-05,1.429e-05,1.451e-05,2565846810638.0
2025-05-29 05:00:00,1.452e-05,1.46e-05,1.435e-05,1.446e-05,1054286253476.0
2025-05-29 06:00:00,1.445e-05,1.46e-05,1.441e-05,1.447e-05,576219399123.0
2025-05-29 07:00:00,1.447e-05,1.455e-05,1.437e-05,1.443e-05,610446146529.0
2025-05-29 08:00:00,1.444e-05,1.455e-05,1.433e-05,1.449e-05,895793210806.0
2025-05-29 09:00:00,1.448e-05,1.452e-05,1.438e-05,1.451e-05,621807406728.0
2025-05-29 10:00:00,1.451e-05,1.454e-05,1.436e-05,1.444e-05,624393482734.0
2025-05-29 11:00:00,1.443e-05,1.449e-05,1.438e-05,1.442e-05,795404782946.0
2025-05-29 12:00:00,1.441e-05,1.441e-05,1.408e-05,1.418e-05,1365538269298.0
2025-05-29 13:00:00,1.419e-05,1.427e-05,1.397e-05,1.406e-05,1266033097640.0
2025-05-29 14:00:00,1.406e-05,1.412e-05,1.368e-05,1.392e-05,2840551604514.0
2025-05-29 15:00:00,1.393e-05,1.398e-05,1.369e-05,1.374e-05,1094610444977.0
2025-05-29 16:00:00,1.374e-05,1.383e-05,1.358e-05,1.366e-05,1232372802482.0
2025-05-29 17:00:00,1.366e-05,1.386e-05,1.364e-05,1.38e-05,1023678946294.0
2025-05-29 18:00:00,1.381e-05,1.392e-05,1.37e-05,1.371e-05,1052096008619.0
2025-05-29 19:00:00,1.371e-05,1.378e-05,1.351e-05,1.367e-05,1530021695210.0
2025-05-29 20:00:00,1.368e-05,1.378e-05,1.364e-05,1.372e-05,1106618576139.0
2025-05-29 21:00:00,1.373e-05,1.386e-05,1.371e-05,1.384e-05,522740868340.0
2025-05-29 22:00:00,1.385e-05,1.386e-05,1.369e-05,1.369e-05,573797429916.0
2025-05-29 23:00:00,1.37e-05,1.375e-05,1.336e-05,1.343e-05,1434806080798.0
2025-05-30 00:00:00,1.344e-05,1.356e-05,1.263e-05,1.285e-05,3818451143366.0
2025-05-30 01:00:00,1.286e-05,1.314e-05,1.281e-05,1.304e-05,2439767590367.0
2025-05-30 02:00:00,1.304e-05,1.324e-05,1.303e-05,1.311e-05,1053986511162.0
2025-05-30 03:00:00,1.311e-05,1.313e-05,1.299e-05,1.301e-05,749409818024.0
2025-05-30 04:00:00,1.302e-05,1.305e-05,1.292e-05,1.302e-05,698920499759.0
2025-05-30 05:00:00,1.303e-05,1.314e-05,1.299e-05,1.308e-05,765759798504.0
2025-05-30 06:00:00,1.308e-05,1.309e-05,1.267e-05,1.279e-05,1872335145548.0
2025-05-30 07:00:00,1.279e-05,1.295e-05,1.274e-05,1.285e-05,1100624553574.0
2025-05-30 08:00:00,1.285e-05,1.292e-05,1.272e-05,1.285e-05,1398091952922.0
2025-05-30 09:00:00,1.286e-05,1.294e-05,1.256e-05,1.29e-05,2494532852371.0
2025-05-30 10:00:00,1.29e-05,1.309e-05,1.281e-05,1.304e-05,1691051269294.0
2025-05-30 11:00:00,1.304e-05,1.307e-05,1.294e-05,1.303e-05,894916935630.0
2025-05-30 12:00:00,1.304e-05,1.312e-05,1.277e-05,1.305e-05,1878126917095.0
2025-05-30 13:00:00,1.306e-05,1.307e-05,1.273e-05,1.279e-05,1546609363678.0
2025-05-30 14:00:00,1.279e-05,1.297e-05,1.274e-05,1.292e-05,877926627748.0
2025-05-30 15:00:00,1.293e-05,1.307e-05,1.287e-05,1.288e-05,922393958594.0
2025-05-30 16:00:00,1.288e-05,1.294e-05,1.211e-05,1.249e-05,4829890077181.0
2025-05-30 17:00:00,1.248e-05,1.26e-05,1.238e-05,1.256e-05,1244150635915.0
2025-05-30 18:00:00,1.255e-05,1.289e-05,1.25e-05,1.285e-05,1186868041410.0
2025-05-30 19:00:00,1.285e-05,1.293e-05,1.277e-05,1.279e-05,540420825444.0
2025-05-30 20:00:00,1.279e-05,1.286e-05,1.272e-05,1.276e-05,433212291488.0
2025-05-30 21:00:00,1.277e-05,1.287e-05,1.267e-05,1.269e-05,349980376405.0
2025-05-30 22:00:00,1.269e-05,1.274e-05,1.197e-05,1.199e-05,2056786754981.0
2025-05-30 23:00:00,1.199e-05,1.204e-05,1.149e-05,1.161e-05,3661267182917.0
2025-05-31 00:00:00,1.161e-05,1.169e-05,1.124e-05,1.134e-05,2457197520041.0
2025-05-31 01:00:00,1.134e-05,1.15e-05,1.105e-05,1.124e-05,3011790537727.0
2025-05-31 02:00:00,1.123e-05,1.139e-05,1.1e-05,1.104e-05,1591447142922.0
2025-05-31 03:00:00,1.104e-05,1.126e-05,1.095e-05,1.122e-05,1681723455504.0
2025-05-31 04:00:00,1.121e-05,1.143e-05,1.106e-05,1.14e-05,1005136027451.0
2025-05-31 05:00:00,1.139e-05,1.144e-05,1.123e-05,1.125e-05,909535271122.0
2025-05-31 06:00:00,1.125e-05,1.136e-05,1.118e-05,1.129e-05,784926761351.0
2025-05-31 07:00:00,1.129e-05,1.138e-05,1.125e-05,1.133e-05,756583435677.0
2025-05-31 08:00:00,1.133e-05,1.141e-05,1.121e-05,1.13e-05,794221448785.0
2025-05-31 09:00:00,1.13e-05,1.135e-05,1.121e-05,1.127e-05,470122817818.0
2025-05-31 10:00:00,1.127e-05,1.14e-05,1.111e-05,1.121e-05,1012425160559.0
2025-05-31 11:00:00,1.121e-05,1.124e-05,1.115e-05,1.119e-05,522117656514.0
2025-05-31 12:00:00,1.119e-05,1.156e-05,1.116e-05,1.155e-05,1357099245813.0
2025-05-31 13:00:00,1.155e-05,1.169e-05,1.142e-05,1.151e-05,1846624609622.0
2025-05-31 14:00:00,1.151e-05,1.169e-05,1.15e-05,1.164e-05,1434614940916.0
2025-05-31 15:00:00,1.164e-05,1.185e-05,1.153e-05,1.158e-05,1557036192289.0
2025-05-31 16:00:00,1.158e-05,1.187e-05,1.151e-05,1.173e-05,1126104227565.0
2025-05-31 17:00:00,1.173e-05,1.178e-05,1.16e-05,1.161e-05,705829845593.0
2025-05-31 18:00:00,1.161e-05,1.18e-05,1.16e-05,1.174e-05,538421083677.0
2025-05-31 19:00:00,1.173e-05,1.184e-05,1.173e-05,1.178e-05,535665059723.0
2025-05-31 20:00:00,1.177e-05,1.182e-05,1.171e-05,1.175e-05,342478178774.0
2025-05-31 21:00:00,1.175e-05,1.186e-05,1.174e-05,1.179e-05,528626656154.0
2025-05-31 22:00:00,1.18e-05,1.182e-05,1.169e-05,1.17e-05,494087298683.0
2025-05-31 23:00:00,1.171e-05,1.184e-05,1.158e-05,1.165e-05,869650249407.0
2025-06-01 00:00:00,1.164e-05,1.171e-05,1.156e-05,1.164e-05,509168914655.0
2025-06-01 01:00:00,1.163e-05,1.174e-05,1.146e-05,1.152e-05,638719441041.0
2025-06-01 02:00:00,1.152e-05,1.163e-05,1.14e-05,1.157e-05,528074889967.0
2025-06-01 03:00:00,1.157e-05,1.161e-05,1.144e-05,1.157e-05,414934289682.0
2025-06-01 04:00:00,1.156e-05,1.177e-05,1.153e-05,1.171e-05,426055855302.0
2025-06-01 05:00:00,1.171e-05,1.178e-05,1.163e-05,1.167e-05,281814150296.0
2025-06-01 06:00:00,1.166e-05,1.168e-05,1.155e-05,1.158e-05,422242243897.0
2025-06-01 07:00:00,1.158e-05,1.161e-05,1.149e-05,1.159e-05,367266181568.0
2025-06-01 08:00:00,1.159e-05,1.16e-05,1.147e-05,1.152e-05,362860021865.0
2025-06-01 09:00:00,1.153e-05,1.157e-05,1.128e-05,1.137e-05,814625840082.0
2025-06-01 10:00:00,1.138e-05,1.144e-05,1.132e-05,1.141e-05,394287777182.0
2025-06-01 11:00:00,1.141e-05,1.149e-05,1.135e-05,1.145e-05,424456866605.0
2025-06-01 12:00:00,1.144e-05,1.148e-05,1.129e-05,1.136e-05,461482286474.0
2025-06-01 13:00:00,1.137e-05,1.156e-05,1.135e-05,1.153e-05,754006053787.0
2025-06-01 14:00:00,1.153e-05,1.175e-05,1.152e-05,1.163e-05,1101632215624.0
2025-06-01 15:00:00,1.162e-05,1.174e-05,1.161e-05,1.172e-05,501303677280.0
2025-06-01 16:00:00,1.171e-05,1.204e-05,1.169e-05,1.19e-05,2106167499431.0
2025-06-01 17:00:00,1.19e-05,1.202e-05,1.185e-05,1.19e-05,963624124208.0
2025-06-01 18:00:00,1.19e-05,1.191e-05,1.156e-05,1.172e-05,1200010386664.0
2025-06-01 19:00:00,1.172e-05,1.179e-05,1.167e-05,1.178e-05,497097483740.0
2025-06-01 20:00:00,1.178e-05,1.187e-05,1.169e-05,1.177e-05,384441955038.0
2025-06-01 21:00:00,1.176e-05,1.19e-05,1.174e-05,1.189e-05,332085330003.0
2025-06-01 22:00:00,1.188e-05,1.196e-05,1.18e-05,1.184e-05,439159596681.0
2025-06-01 23:00:00,1.184e-05,1.192e-05,1.177e-05,1.18e-05,295925069299.0
2025-06-02 00:00:00,1.181e-05,1.183e-05,1.171e-05,1.176e-05,687867547213.0
2025-06-02 01:00:00,1.176e-05,1.188e-05,1.168e-05,1.169e-05,441535552328.0
2025-06-02 02:00:00,1.169e-05,1.171e-05,1.154e-05,1.159e-05,515813604484.0
2025-06-02 03:00:00,1.159e-05,1.16e-05,1.146e-05,1.155e-05,468531592324.0
2025-06-02 04:00:00,1.155e-05,1.162e-05,1.151e-05,1.153e-05,274147087186.0
2025-06-02 05:00:00,1.152e-05,1.16e-05,1.144e-05,1.154e-05,347855108338.0
2025-06-02 06:00:00,1.155e-05,1.166e-05,1.145e-05,1.161e-05,537846864533.0
2025-06-02 07:00:00,1.162e-05,1.179e-05,1.161e-05,1.169e-05,517411523312.0
2025-06-02 08:00:00,1.169e-05,1.176e-05,1.154e-05,1.158e-05,475585816375.0
2025-06-02 09:00:00,1.158e-05,1.158e-05,1.142e-05,1.146e-05,522271163441.0
2025-06-02 10:00:00,1.145e-05,1.153e-05,1.141e-05,1.15e-05,683439624466.0
2025-06-02 11:00:00,1.149e-05,1.154e-05,1.14e-05,1.151e-05,779832498069.0
2025-06-02 12:00:00,1.151e-05,1.164e-05,1.141e-05,1.164e-05,617020142610.0
2025-06-02 13:00:00,1.165e-05,1.171e-05,1.149e-05,1.157e-05,929216870225.0
2025-06-02 14:00:00,1.156e-05,1.179e-05,1.148e-05,1.17e-05,1326244280539.0
2025-06-02 15:00:00,1.171e-05,1.183e-05,1.16e-05,1.177e-05,715107274210.0
2025-06-02 16:00:00,1.178e-05,1.186e-05,1.166e-05,1.182e-05,645450020216.0
2025-06-02 17:00:00,1.183e-05,1.188e-05,1.175e-05,1.185e-05,513685579854.0
2025-06-02 18:00:00,1.184e-05,1.197e-05,1.181e-05,1.183e-05,605336438044.0
2025-06-02 19:00:00,1.184e-05,1.192e-05,1.169e-05,1.178e-05,470060699710.0
2025-06-02 20:00:00,1.178e-05,1.209e-05,1.178e-05,1.203e-05,942856528340.0
2025-06-02 21:00:00,1.203e-05,1.224e-05,1.203e-05,1.222e-05,1037639775115.0
2025-06-02 22:00:00,1.221e-05,1.24e-05,1.22e-05,1.226e-05,1087132950330.0
2025-06-02 23:00:00,1.227e-05,1.243e-05,1.224e-05,1.235e-05,1162271227697.0
2025-06-03 00:00:00,1.235e-05,1.258e-05,1.227e-05,1.254e-05,1934672239003.0
2025-06-03 01:00:00,1.254e-05,1.289e-05,1.25e-05,1.285e-05,1846316292730.0
2025-06-03 02:00:00,1.286e-05,1.288e-05,1.251e-05,1.256e-05,1986072430283.0
2025-06-03 03:00:00,1.256e-05,1.266e-05,1.246e-05,1.262e-05,1041647816033.0
2025-06-03 04:00:00,1.263e-05,1.267e-05,1.247e-05,1.25e-05,714089095971.0
2025-06-03 05:00:00,1.25e-05,1.266e-05,1.249e-05,1.263e-05,603575081152.0
2025-06-03 06:00:00,1.263e-05,1.266e-05,1.254e-05,1.265e-05,329175664390.0
2025-06-03 07:00:00,1.266e-05,1.267e-05,1.255e-05,1.257e-05,498698092629.0
2025-06-03 08:00:00,1.257e-05,1.261e-05,1.241e-05,1.256e-05,714302941144.0
2025-06-03 09:00:00,1.256e-05,1.267e-05,1.25e-05,1.26e-05,421714443472.0
2025-06-03 10:00:00,1.261e-05,1.266e-05,1.258e-05,1.264e-05,564918570714.0
2025-06-03 11:00:00,1.263e-05,1.268e-05,1.256e-05,1.259e-05,453098066382.0
2025-06-03 12:00:00,1.259e-05,1.266e-05,1.253e-05,1.264e-05,373772416156.0
2025-06-03 13:00:00,1.263e-05,1.281e-05,1.256e-05,1.266e-05,1475121791875.0
2025-06-03 14:00:00,1.267e-05,1.29e-05,1.253e-05,1.29e-05,1756133463996.0
2025-06-03 15:00:00,1.29e-05,1.296e-05,1.274e-05,1.279e-05,1695670048667.0
2025-06-03 16:00:00,1.279e-05,1.281e-05,1.257e-05,1.259e-05,1181932208765.0
2025-06-03 17:00:00,1.259e-05,1.277e-05,1.257e-05,1.267e-05,611656891266.0
2025-06-03 18:00:00,1.267e-05,1.267e-05,1.257e-05,1.263e-05,442487674310.0
2025-06-03 19:00:00,1.263e-05,1.279e-05,1.263e-05,1.274e-05,328973501455.0
2025-06-03 20:00:00,1.274e-05,1.275e-05,1.233e-05,1.246e-05,1067569650455.0
2025-06-03 21:00:00,1.246e-05,1.249e-05,1.216e-05,1.222e-05,1115796126820.0
2025-06-03 22:00:00,1.222e-05,1.24e-05,1.218e-05,1.236e-05,720682251216.0
2025-06-03 23:00:00,1.236e-05,1.237e-05,1.222e-05,1.226e-05,577922030017.0
2025-06-04 00:00:00,1.226e-05,1.233e-05,1.214e-05,1.231e-05,625041275824.0
2025-06-04 01:00:00,1.23e-05,1.249e-05,1.228e-05,1.237e-05,642550618325.0
2025-06-04 02:00:00,1.237e-05,1.246e-05,1.232e-05,1.234e-05,379094329245.0
2025-06-04 03:00:00,1.235e-05,1.25e-05,1.232e-05,1.239e-05,570287789732.0
2025-06-04 04:00:00,1.24e-05,1.244e-05,1.235e-05,1.241e-05,285980488292.0
2025-06-04 05:00:00,1.241e-05,1.246e-05,1.237e-05,1.24e-05,319966846885.0
2025-06-04 06:00:00,1.241e-05,1.248e-05,1.238e-05,1.241e-05,297097747705.0
2025-06-04 07:00:00,1.242e-05,1.245e-05,1.236e-05,1.241e-05,270869598889.0
2025-06-04 08:00:00,1.24e-05,1.251e-05,1.24e-05,1.245e-05,373986381997.0
2025-06-04 09:00:00,1.244e-05,1.253e-05,1.238e-05,1.249e-05,386516399881.0
2025-06-04 10:00:00,1.249e-05,1.254e-05,1.241e-05,1.243e-05,362955893312.0
2025-06-04 11:00:00,1.243e-05,1.246e-05,1.232e-05,1.234e-05,425677842685.0
2025-06-04 12:00:00,1.235e-05,1.242e-05,1.224e-05,1.229e-05,640724313874.0
2025-06-04 13:00:00,1.229e-05,1.239e-05,1.223e-05,1.229e-05,450992556920.0
2025-06-04 14:00:00,1.229e-05,1.248e-05,1.218e-05,1.246e-05,792004607764.0
2025-06-04 15:00:00,1.245e-05,1.263e-05,1.243e-05,1.257e-05,1242027344492.0
2025-06-04 16:00:00,1.258e-05,1.26e-05,1.244e-05,1.252e-05,453633448462.0
2025-06-04 17:00:00,1.251e-05,1.253e-05,1.219e-05,1.229e-05,614700427117.0
2025-06-04 18:00:00,1.229e-05,1.234e-05,1.222e-05,1.223e-05,374236336817.0
2025-06-04 19:00:00,1.223e-05,1.228e-05,1.215e-05,1.215e-05,366899829677.0
2025-06-04 20:00:00,1.215e-05,1.217e-05,1.18e-05,1.188e-05,1228183006296.0
2025-06-04 21:00:00,1.188e-05,1.209e-05,1.175e-05,1.201e-05,824153986607.0
2025-06-04 22:00:00,1.202e-05,1.205e-05,1.184e-05,1.185e-05,752959568449.0
2025-06-04 23:00:00,1.184e-05,1.191e-05,1.178e-05,1.182e-05,614149107986.0
2025-06-05 00:00:00,1.182e-05,1.194e-05,1.18e-05,1.193e-05,619496870180.0
2025-06-05 01:00:00,1.193e-05,1.201e-05,1.184e-05,1.189e-05,525979726058.0
2025-06-05 02:00:00,1.19e-05,1.208e-05,1.189e-05,1.194e-05,847638456024.0
2025-06-05 03:00:00,1.193e-05,1.203e-05,1.19e-05,1.199e-05,485069126261.0
2025-06-05 04:00:00,1.198e-05,1.207e-05,1.196e-05,1.202e-05,416866075820.0
2025-06-05 05:00:00,1.203e-05,1.204e-05,1.178e-05,1.183e-05,783997705245.0
2025-06-05 06:00:00,1.182e-05,1.189e-05,1.166e-05,1.17e-05,1714959925663.0
2025-06-05 07:00:00,1.171e-05,1.184e-05,1.168e-05,1.173e-05,1343511968781.0
2025-06-05 08:00:00,1.173e-05,1.178e-05,1.167e-05,1.177e-05,516348338851.0
2025-06-05 09:00:00,1.176e-05,1.183e-05,1.17e-05,1.176e-05,374086795053.0
2025-06-05 10:00:00,1.175e-05,1.177e-05,1.154e-05,1.163e-05,989298180716.0
2025-06-05 11:00:00,1.163e-05,1.171e-05,1.157e-05,1.17e-05,444082642634.0
2025-06-05 12:00:00,1.171e-05,1.2e-05,1.167e-05,1.196e-05,1608172445545.0
2025-06-05 13:00:00,1.196e-05,1.204e-05,1.158e-05,1.164e-05,1656435354187.0
2025-06-05 14:00:00,1.164e-05,1.168e-05,1.139e-05,1.16e-05,2170507982314.0
2025-06-05 15:00:00,1.161e-05,1.169e-05,1.154e-05,1.157e-05,779360713287.0
2025-06-05 16:00:00,1.157e-05,1.161e-05,1.124e-05,1.136e-05,2350391650839.0
2025-06-05 17:00:00,1.136e-05,1.147e-05,1.131e-05,1.14e-05,747586462479.0
2025-06-05 18:00:00,1.14e-05,1.145e-05,1.125e-05,1.138e-05,764746875367.0
2025-06-05 19:00:00,1.138e-05,1.141e-05,1.057e-05,1.084e-05,5042041932593.0
2025-06-05 20:00:00,1.083e-05,1.087e-05,1.037e-05,1.042e-05,4319183676927.0
2025-06-05 21:00:00,1.042e-05,1.079e-05,1.039e-05,1.076e-05,2158930047629.0
2025-06-05 22:00:00,1.076e-05,1.078e-05,1.063e-05,1.07e-05,1160775802899.0
2025-06-05 23:00:00,1.07e-05,1.077e-05,1.063e-05,1.064e-05,993599941149.0
2025-06-06 00:00:00,1.065e-05,1.078e-05,1.055e-05,1.077e-05,979227333930.0
2025-06-06 01:00:00,1.077e-05,1.078e-05,1.069e-05,1.073e-05,480962576296.0
2025-06-06 02:00:00,1.074e-05,1.083e-05,1.064e-05,1.083e-05,490200759306.0
2025-06-06 03:00:00,1.083e-05,1.09e-05,1.076e-05,1.087e-05,514919723811.0
2025-06-06 04:00:00,1.087e-05,1.091e-05,1.078e-05,1.088e-05,964557874379.0
2025-06-06 05:00:00,1.088e-05,1.098e-05,1.086e-05,1.094e-05,1394661196040.0
2025-06-06 06:00:00,1.094e-05,1.115e-05,1.091e-05,1.109e-05,876058730524.0
2025-06-06 07:00:00,1.109e-05,1.115e-05,1.101e-05,1.105e-05,765996328177.0
2025-06-06 08:00:00,1.104e-05,1.113e-05,1.1e-05,1.106e-05,584559802017.0
2025-06-06 09:00:00,1.106e-05,1.117e-05,1.103e-05,1.103e-05,601892705840.0
2025-06-06 10:00:00,1.104e-05,1.115e-05,1.103e-05,1.105e-05,1342973916607.0
2025-06-06 11:00:00,1.105e-05,1.114e-05,1.102e-05,1.109e-05,571580392585.0
2025-06-06 12:00:00,1.109e-05,1.131e-05,1.105e-05,1.11e-05,1717882035106.0
2025-06-06 13:00:00,1.11e-05,1.138e-05,1.11e-05,1.129e-05,1388778775180.0
2025-06-06 14:00:00,1.129e-05,1.148e-05,1.124e-05,1.143e-05,1356037304357.0
2025-06-06 15:00:00,1.142e-05,1.152e-05,1.122e-05,1.132e-05,1548297645466.0
2025-06-06 16:00:00,1.132e-05,1.136e-05,1.114e-05,1.118e-05,1018923878245.0
2025-06-06 17:00:00,1.119e-05,1.119e-05,1.106e-05,1.115e-05,847012907205.0
2025-06-06 18:00:00,1.115e-05,1.116e-05,1.101e-05,1.105e-05,448891123639.0
2025-06-06 19:00:00,1.104e-05,1.11e-05,1.097e-05,1.102e-05,474488641822.0
2025-06-06 20:00:00,1.102e-05,1.118e-05,1.102e-05,1.112e-05,461264454710.0
2025-06-06 21:00:00,1.111e-05,1.116e-05,1.106e-05,1.11e-05,227844096050.0
2025-06-06 22:00:00,1.111e-05,1.112e-05,1.102e-05,1.111e-05,277508270935.0
2025-06-06 23:00:00,1.11e-05,1.112e-05,1.104e-05,1.105e-05,175883210511.0
2025-06-07 00:00:00,1.105e-05,1.123e-05,1.096e-05,1.123e-05,1078821400933.0
2025-06-07 01:00:00,1.122e-05,1.126e-05,1.108e-05,1.114e-05,436367127143.0
2025-06-07 02:00:00,1.114e-05,1.127e-05,1.11e-05,1.124e-05,516506306433.0
2025-06-07 03:00:00,1.125e-05,1.146e-05,1.124e-05,1.142e-05,609393577667.0
2025-06-07 04:00:00,1.142e-05,1.145e-05,1.133e-05,1.142e-05,652744504990.0
2025-06-07 05:00:00,1.143e-05,1.157e-05,1.138e-05,1.154e-05,791935855230.0
2025-06-07 06:00:00,1.154e-05,1.163e-05,1.144e-05,1.161e-05,734984076601.0
2025-06-07 07:00:00,1.162e-05,1.163e-05,1.151e-05,1.151e-05,513601338848.0
2025-06-07 08:00:00,1.151e-05,1.155e-05,1.142e-05,1.143e-05,499228606631.0
2025-06-07 09:00:00,1.143e-05,1.146e-05,1.135e-05,1.139e-05,505310875530.0
2025-06-07 10:00:00,1.139e-05,1.152e-05,1.139e-05,1.146e-05,690224266894.0
2025-06-07 11:00:00,1.146e-05,1.152e-05,1.143e-05,1.147e-05,330038398125.0
2025-06-07 12:00:00,1.148e-05,1.157e-05,1.146e-05,1.148e-05,481414107004.0
2025-06-07 13:00:00,1.149e-05,1.16e-05,1.143e-05,1.153e-05,621850966359.0
2025-06-07 14:00:00,1.152e-05,1.157e-05,1.145e-05,1.149e-05,436024236172.0
2025-06-07 15:00:00,1.149e-05,1.153e-05,1.141e-05,1.148e-05,401790613423.0
2025-06-07 16:00:00,1.148e-05,1.153e-05,1.137e-05,1.14e-05,435764373666.0
2025-06-07 17:00:00,1.139e-05,1.145e-05,1.133e-05,1.134e-05,345352753363.0
2025-06-07 18:00:00,1.135e-05,1.15e-05,1.133e-05,1.147e-05,387563401140.0
2025-06-07 19:00:00,1.147e-05,1.154e-05,1.146e-05,1.147e-05,239399871321.0
2025-06-07 20:00:00,1.148e-05,1.152e-05,1.146e-05,1.15e-05,210085467008.0
2025-06-07 21:00:00,1.15e-05,1.155e-05,1.149e-05,1.153e-05,194746428281.0
2025-06-07 22:00:00,1.153e-05,1.162e-05,1.149e-05,1.157e-05,500687167576.0
2025-06-07 23:00:00,1.157e-05,1.158e-05,1.147e-05,1.15e-05,290181778937.0
2025-06-08 00:00:00,1.151e-05,1.151e-05,1.139e-05,1.146e-05,325562931549.0
2025-06-08 01:00:00,1.145e-05,1.168e-05,1.141e-05,1.161e-05,600656046915.0
2025-06-08 02:00:00,1.16e-05,1.163e-05,1.15e-05,1.154e-05,949752131780.0
2025-06-08 03:00:00,1.154e-05,1.157e-05,1.148e-05,1.15e-05,342775562058.0
2025-06-08 04:00:00,1.151e-05,1.165e-05,1.145e-05,1.159e-05,340053483817.0
2025-06-08 05:00:00,1.159e-05,1.161e-05,1.151e-05,1.152e-05,324150066408.0
2025-06-08 06:00:00,1.152e-05,1.16e-05,1.144e-05,1.146e-05,452434017825.0
2025-06-08 07:00:00,1.147e-05,1.15e-05,1.142e-05,1.145e-05,390401743642.0
2025-06-08 08:00:00,1.144e-05,1.153e-05,1.144e-05,1.147e-05,259449456044.0
2025-06-08 09:00:00,1.147e-05,1.149e-05,1.129e-05,1.136e-05,785395182224.0
2025-06-08 10:00:00,1.136e-05,1.142e-05,1.131e-05,1.138e-05,292715415588.0
2025-06-08 11:00:00,1.138e-05,1.161e-05,1.137e-05,1.154e-05,716313842981.0
2025-06-08 12:00:00,1.155e-05,1.157e-05,1.145e-05,1.152e-05,409193647327.0
2025-06-08 13:00:00,1.151e-05,1.176e-05,1.146e-05,1.159e-05,1152205348460.0
2025-06-08 14:00:00,1.158e-05,1.168e-05,1.152e-05,1.158e-05,514334848865.0
2025-06-08 15:00:00,1.159e-05,1.168e-05,1.156e-05,1.157e-05,474493618233.0
2025-06-08 16:00:00,1.157e-05,1.175e-05,1.156e-05,1.172e-05,582887596630.0
2025-06-08 17:00:00,1.171e-05,1.179e-05,1.165e-05,1.167e-05,543931640805.0
2025-06-08 18:00:00,1.166e-05,1.175e-05,1.161e-05,1.174e-05,293424030238.0
2025-06-08 19:00:00,1.174e-05,1.179e-05,1.171e-05,1.176e-05,331034844825.0
2025-06-08 20:00:00,1.177e-05,1.188e-05,1.176e-05,1.18e-05,478117987269.0
2025-06-08 21:00:00,1.181e-05,1.208e-05,1.181e-05,1.2e-05,928648868096.0
2025-06-08 22:00:00,1.2e-05,1.2e-05,1.168e-05,1.17e-05,989999026425.0
2025-06-08 23:00:00,1.17e-05,1.173e-05,1.163e-05,1.168e-05,514020576190.0
2025-06-09 00:00:00,1.168e-05,1.171e-05,1.155e-05,1.163e-05,1247960941103.0
2025-06-09 01:00:00,1.163e-05,1.164e-05,1.148e-05,1.15e-05,926816890625.0
2025-06-09 02:00:00,1.151e-05,1.161e-05,1.148e-05,1.153e-05,443274247135.0
2025-06-09 03:00:00,1.152e-05,1.154e-05,1.141e-05,1.154e-05,529886677877.0
2025-06-09 04:00:00,1.153e-05,1.158e-05,1.145e-05,1.147e-05,359080893943.0
2025-06-09 05:00:00,1.146e-05,1.151e-05,1.139e-05,1.143e-05,395923479210.0
2025-06-09 06:00:00,1.143e-05,1.156e-05,1.141e-05,1.154e-05,402568134010.0
2025-06-09 07:00:00,1.154e-05,1.154e-05,1.143e-05,1.151e-05,224129839969.0
2025-06-09 08:00:00,1.151e-05,1.156e-05,1.143e-05,1.155e-05,289126997631.0
2025-06-09 09:00:00,1.155e-05,1.184e-05,1.149e-05,1.172e-05,1189385897242.0
2025-06-09 10:00:00,1.171e-05,1.202e-05,1.171e-05,1.191e-05,1654309483071.0
2025-06-09 11:00:00,1.191e-05,1.205e-05,1.183e-05,1.198e-05,1211561589508.0
2025-06-09 12:00:00,1.198e-05,1.205e-05,1.186e-05,1.201e-05,773277583598.0
2025-06-09 13:00:00,1.201e-05,1.204e-05,1.172e-05,1.176e-05,1426064368348.0
2025-06-09 14:00:00,1.177e-05,1.193e-05,1.17e-05,1.184e-05,2348329798802.0
2025-06-09 15:00:00,1.183e-05,1.194e-05,1.179e-05,1.18e-05,735349209780.0
2025-06-09 16:00:00,1.18e-05,1.203e-05,1.179e-05,1.193e-05,1229694408338.0
2025-06-09 17:00:00,1.194e-05,1.213e-05,1.193e-05,1.203e-05,1177029624325.0
2025-06-09 18:00:00,1.203e-05,1.21e-05,1.201e-05,1.209e-05,650587269226.0
2025-06-09 19:00:00,1.21e-05,1.211e-05,1.191e-05,1.195e-05,671668385090.0
2025-06-09 20:00:00,1.195e-05,1.203e-05,1.194e-05,1.198e-05,617044491595.0
2025-06-09 21:00:00,1.198e-05,1.251e-05,1.198e-05,1.244e-05,2609166923715.0
2025-06-09 22:00:00,1.244e-05,1.268e-05,1.241e-05,1.266e-05,1582859308493.0
2025-06-09 23:00:00,1.267e-05,1.272e-05,1.247e-05,1.265e-05,1203611857227.0
2025-06-10 00:00:00,1.265e-05,1.293e-05,1.26e-05,1.269e-05,1380002888170.0
2025-06-10 01:00:00,1.269e-05,1.274e-05,1.26e-05,1.262e-05,769207906441.0
2025-06-10 02:00:00,1.262e-05,1.262e-05,1.248e-05,1.252e-05,673036488469.0
2025-06-10 03:00:00,1.252e-05,1.256e-05,1.241e-05,1.254e-05,632963862492.0
2025-06-10 04:00:00,1.253e-05,1.262e-05,1.251e-05,1.26e-05,434965162047.0
2025-06-10 05:00:00,1.259e-05,1.268e-05,1.244e-05,1.253e-05,765932752717.0
2025-06-10 06:00:00,1.253e-05,1.267e-05,1.244e-05,1.263e-05,500648073109.0
2025-06-10 07:00:00,1.263e-05,1.285e-05,1.258e-05,1.279e-05,1012023104592.0
2025-06-10 08:00:00,1.278e-05,1.291e-05,1.263e-05,1.269e-05,1106299445575.0
2025-06-10 09:00:00,1.268e-05,1.297e-05,1.266e-05,1.294e-05,1139109778374.0
2025-06-10 10:00:00,1.295e-05,1.3e-05,1.278e-05,1.288e-05,927416194145.0
2025-06-10 11:00:00,1.288e-05,1.362e-05,1.279e-05,1.333e-05,4762292643170.0
2025-06-10 12:00:00,1.333e-05,1.341e-05,1.311e-05,1.336e-05,2634849330738.0
2025-06-10 13:00:00,1.336e-05,1.347e-05,1.283e-05,1.302e-05,2881696710147.0
2025-06-10 14:00:00,1.303e-05,1.305e-05,1.266e-05,1.271e-05,2381886178853.0
2025-06-10 15:00:00,1.271e-05,1.287e-05,1.248e-05,1.277e-05,2101372747285.0
2025-06-10 16:00:00,1.276e-05,1.283e-05,1.255e-05,1.256e-05,1176551845121.0
2025-06-10 17:00:00,1.257e-05,1.269e-05,1.253e-05,1.257e-05,517064436386.0
2025-06-10 18:00:00,1.258e-05,1.284e-05,1.254e-05,1.281e-05,996078956113.0
2025-06-10 19:00:00,1.281e-05,1.312e-05,1.28e-05,1.29e-05,1740682119455.0
2025-06-10 20:00:00,1.29e-05,1.291e-05,1.266e-05,1.288e-05,825385476840.0
2025-06-10 21:00:00,1.289e-05,1.293e-05,1.268e-05,1.281e-05,813144256354.0
2025-06-10 22:00:00,1.282e-05,1.31e-05,1.282e-05,1.302e-05,1454209148694.0
2025-06-10 23:00:00,1.303e-05,1.315e-05,1.292e-05,1.312e-05,719120008393.0
2025-06-11 00:00:00,1.312e-05,1.316e-05,1.289e-05,1.291e-05,888239058871.0
2025-06-11 01:00:00,1.291e-05,1.294e-05,1.271e-05,1.274e-05,936002537851.0
2025-06-11 02:00:00,1.274e-05,1.287e-05,1.268e-05,1.275e-05,495890862884.0
2025-06-11 03:00:00,1.275e-05,1.292e-05,1.274e-05,1.282e-05,587382278595.0
2025-06-11 04:00:00,1.281e-05,1.286e-05,1.273e-05,1.279e-05,279654145598.0
2025-06-11 05:00:00,1.279e-05,1.282e-05,1.271e-05,1.276e-05,433767047534.0
2025-06-11 06:00:00,1.276e-05,1.289e-05,1.276e-05,1.285e-05,339252380901.0
2025-06-11 07:00:00,1.286e-05,1.301e-05,1.28e-05,1.292e-05,702121781364.0
2025-06-11 08:00:00,1.292e-05,1.3e-05,1.283e-05,1.286e-05,424727541904.0
2025-06-11 09:00:00,1.286e-05,1.286e-05,1.258e-05,1.262e-05,778839505685.0
2025-06-11 10:00:00,1.263e-05,1.278e-05,1.259e-05,1.275e-05,639369289717.0
2025-06-11 11:00:00,1.275e-05,1.275e-05,1.26e-05,1.271e-05,387426870860.0
2025-06-11 12:00:00,1.27e-05,1.315e-05,1.262e-05,1.304e-05,2629032860500.0
2025-06-11 13:00:00,1.304e-05,1.321e-05,1.295e-05,1.307e-05,1768149934344.0
2025-06-11 14:00:00,1.307e-05,1.335e-05,1.306e-05,1.325e-05,1924655840403.0
2025-06-11 15:00:00,1.325e-05,1.343e-05,1.315e-05,1.339e-05,1681739548883.0
2025-06-11 16:00:00,1.339e-05,1.345e-05,1.319e-05,1.325e-05,1290921597788.0
2025-06-11 17:00:00,1.325e-05,1.33e-05,1.292e-05,1.296e-05,1367912779160.0
2025-06-11 18:00:00,1.295e-05,1.298e-05,1.274e-05,1.279e-05,1716853937045.0
2025-06-11 19:00:00,1.278e-05,1.284e-05,1.266e-05,1.271e-05,742664614244.0
2025-06-11 20:00:00,1.271e-05,1.279e-05,1.26e-05,1.269e-05,652614504085.0
2025-06-11 21:00:00,1.27e-05,1.281e-05,1.23e-05,1.231e-05,1428580101849.0
2025-06-11 22:00:00,1.232e-05,1.24e-05,1.22e-05,1.229e-05,1310338837880.0
2025-06-11 23:00:00,1.229e-05,1.251e-05,1.226e-05,1.249e-05,977453023443.0
2025-06-12 00:00:00,1.248e-05,1.249e-05,1.228e-05,1.245e-05,1012199537607.0
2025-06-12 01:00:00,1.245e-05,1.246e-05,1.227e-05,1.24e-05,456966261443.0
2025-06-12 02:00:00,1.24e-05,1.249e-05,1.234e-05,1.236e-05,401184548263.0
2025-06-12 03:00:00,1.236e-05,1.239e-05,1.221e-05,1.23e-05,561150874103.0
2025-06-12 04:00:00,1.23e-05,1.235e-05,1.223e-05,1.234e-05,395237005070.0
2025-06-12 05:00:00,1.234e-05,1.249e-05,1.225e-05,1.246e-05,653479440657.0
2025-06-12 06:00:00,1.245e-05,1.26e-05,1.239e-05,1.252e-05,649196779831.0
2025-06-12 07:00:00,1.252e-05,1.258e-05,1.236e-05,1.241e-05,681169094204.0
2025-06-12 08:00:00,1.241e-05,1.247e-05,1.233e-05,1.241e-05,560080399721.0
2025-06-12 09:00:00,1.241e-05,1.243e-05,1.231e-05,1.235e-05,301141908829.0
2025-06-12 10:00:00,1.234e-05,1.238e-05,1.226e-05,1.232e-05,509702289414.0
2025-06-12 11:00:00,1.232e-05,1.235e-05,1.215e-05,1.223e-05,1022606001276.0
2025-06-12 12:00:00,1.222e-05,1.238e-05,1.212e-05,1.23e-05,1227352646951.0
2025-06-12 13:00:00,1.23e-05,1.236e-05,1.221e-05,1.231e-05,577048350771.0
2025-06-12 14:00:00,1.23e-05,1.253e-05,1.229e-05,1.246e-05,976733211871.0
2025-06-12 15:00:00,1.246e-05,1.252e-05,1.18e-05,1.193e-05,2431817487755.0
2025-06-12 16:00:00,1.193e-05,1.215e-05,1.188e-05,1.209e-05,1349597734833.0
2025-06-12 17:00:00,1.209e-05,1.238e-05,1.206e-05,1.229e-05,1057406373683.0
2025-06-12 18:00:00,1.229e-05,1.231e-05,1.198e-05,1.209e-05,1069109534305.0
2025-06-12 19:00:00,1.209e-05,1.214e-05,1.166e-05,1.176e-05,1094970483334.0
2025-06-12 20:00:00,1.176e-05,1.184e-05,1.147e-05,1.156e-05,1766406650686.0
2025-06-12 21:00:00,1.156e-05,1.167e-05,1.147e-05,1.148e-05,923017401142.0
2025-06-12 22:00:00,1.148e-05,1.156e-05,1.136e-05,1.143e-05,1445369685210.0
2025-06-12 23:00:00,1.143e-05,1.158e-05,1.143e-05,1.151e-05,491420597047.0
2025-06-13 00:00:00,1.15e-05,1.152e-05,1.053e-05,1.079e-05,6953669847380.0
2025-06-13 01:00:00,1.08e-05,1.08e-05,1.044e-05,1.063e-05,3367776010759.0
2025-06-13 02:00:00,1.063e-05,1.067e-05,1.046e-05,1.061e-05,2072386468160.0
2025-06-13 03:00:00,1.061e-05,1.081e-05,1.058e-05,1.075e-05,1443729640745.0
2025-06-13 04:00:00,1.075e-05,1.077e-05,1.061e-05,1.069e-05,778069824716.0
2025-06-13 05:00:00,1.069e-05,1.069e-05,1.061e-05,1.063e-05,940921504353.0
2025-06-13 06:00:00,1.063e-05,1.07e-05,1.05e-05,1.069e-05,1227078732189.0
2025-06-13 07:00:00,1.07e-05,1.078e-05,1.059e-05,1.076e-05,1349054920717.0
2025-06-13 08:00:00,1.076e-05,1.095e-05,1.074e-05,1.079e-05,1648348382050.0
2025-06-13 09:00:00,1.079e-05,1.082e-05,1.066e-05,1.072e-05,1137697863299.0
2025-06-13 10:00:00,1.073e-05,1.076e-05,1.054e-05,1.073e-05,1834965835062.0
2025-06-13 11:00:00,1.073e-05,1.083e-05,1.063e-05,1.081e-05,854849300644.0
2025-06-13 12:00:00,1.081e-05,1.089e-05,1.067e-05,1.071e-05,1142348770986.0
2025-06-13 13:00:00,1.071e-05,1.083e-05,1.063e-05,1.071e-05,1035496871920.0
2025-06-13 14:00:00,1.071e-05,1.079e-05,1.057e-05,1.078e-05,1336826600148.0
2025-06-13 15:00:00,1.078e-05,1.093e-05,1.071e-05,1.084e-05,1504401599046.0
2025-06-13 16:00:00,1.085e-05,1.111e-05,1.08e-05,1.102e-05,2076521193910.0
2025-06-13 17:00:00,1.101e-05,1.101e-05,1.078e-05,1.091e-05,1303046277376.0
2025-06-13 18:00:00,1.09e-05,1.094e-05,1.068e-05,1.08e-05,1144268955405.0
2025-06-13 19:00:00,1.079e-05,1.088e-05,1.073e-05,1.082e-05,654693280470.0
2025-06-13 20:00:00,1.082e-05,1.11e-05,1.079e-05,1.107e-05,1120497026235.0
2025-06-13 21:00:00,1.107e-05,1.12e-05,1.103e-05,1.112e-05,768837238511.0
2025-06-13 22:00:00,1.113e-05,1.121e-05,1.108e-05,1.116e-05,360538273345.0
2025-06-13 23:00:00,1.116e-05,1.124e-05,1.113e-05,1.122e-05,274676519211.0
2025-06-14 00:00:00,1.122e-05,1.131e-05,1.113e-05,1.114e-05,1106177808172.0
2025-06-14 01:00:00,1.114e-05,1.121e-05,1.109e-05,1.113e-05,530952390633.0
2025-06-14 02:00:00,1.114e-05,1.119e-05,1.109e-05,1.115e-05,471386429627.0
2025-06-14 03:00:00,1.115e-05,1.124e-05,1.113e-05,1.117e-05,334383075723.0
2025-06-14 04:00:00,1.117e-05,1.124e-05,1.116e-05,1.119e-05,306973541075.0
2025-06-14 05:00:00,1.119e-05,1.124e-05,1.114e-05,1.121e-05,300515588450.0
2025-06-14 06:00:00,1.121e-05,1.124e-05,1.11e-05,1.112e-05,470341690661.0
2025-06-14 07:00:00,1.113e-05,1.121e-05,1.104e-05,1.116e-05,558300547446.0
2025-06-14 08:00:00,1.117e-05,1.118e-05,1.109e-05,1.112e-05,700924156122.0
2025-06-14 09:00:00,1.113e-05,1.115e-05,1.106e-05,1.108e-05,252765502662.0
2025-06-14 10:00:00,1.107e-05,1.116e-05,1.106e-05,1.111e-05,212187867370.0
2025-06-14 11:00:00,1.112e-05,1.115e-05,1.109e-05,1.112e-05,236216687735.0
2025-06-14 12:00:00,1.113e-05,1.114e-05,1.105e-05,1.111e-05,237486333156.0
2025-06-14 13:00:00,1.112e-05,1.119e-05,1.107e-05,1.111e-05,338989442242.0
2025-06-14 14:00:00,1.112e-05,1.115e-05,1.106e-05,1.108e-05,161039790544.0
2025-06-14 15:00:00,1.109e-05,1.112e-05,1.086e-05,1.097e-05,1049009817732.0
2025-06-14 16:00:00,1.097e-05,1.101e-05,1.076e-05,1.082e-05,733675419208.0
2025-06-14 17:00:00,1.081e-05,1.099e-05,1.078e-05,1.093e-05,430965460498.0
2025-06-14 18:00:00,1.092e-05,1.101e-05,1.08e-05,1.089e-05,518185540453.0
2025-06-14 19:00:00,1.089e-05,1.095e-05,1.08e-05,1.081e-05,299477024521.0
2025-06-14 20:00:00,1.081e-05,1.084e-05,1.069e-05,1.078e-05,503475355532.0
2025-06-14 21:00:00,1.078e-05,1.099e-05,1.074e-05,1.096e-05,420606931205.0
2025-06-14 22:00:00,1.096e-05,1.101e-05,1.089e-05,1.095e-05,451495158754.0
2025-06-14 23:00:00,1.094e-05,1.1e-05,1.093e-05,1.095e-05,174023943405.0
2025-06-15 00:00:00,1.094e-05,1.109e-05,1.092e-05,1.105e-05,507878390267.0
2025-06-15 01:00:00,1.106e-05,1.108e-05,1.095e-05,1.098e-05,273760158422.0
2025-06-15 02:00:00,1.099e-05,1.107e-05,1.098e-05,1.102e-05,174879687019.0
2025-06-15 03:00:00,1.103e-05,1.114e-05,1.102e-05,1.111e-05,509333334410.0
2025-06-15 04:00:00,1.111e-05,1.117e-05,1.11e-05,1.116e-05,315629358884.0
2025-06-15 05:00:00,1.116e-05,1.13e-05,1.107e-05,1.128e-05,790221049741.0
2025-06-15 06:00:00,1.128e-05,1.133e-05,1.115e-05,1.115e-05,1893698321931.0
2025-06-15 07:00:00,1.115e-05,1.118e-05,1.108e-05,1.115e-05,717324553396.0
2025-06-15 08:00:00,1.116e-05,1.117e-05,1.108e-05,1.112e-05,447076897109.0
2025-06-15 09:00:00,1.112e-05,1.112e-05,1.101e-05,1.104e-05,459023052045.0
2025-06-15 10:00:00,1.105e-05,1.117e-05,1.104e-05,1.117e-05,339642494651.0
2025-06-15 11:00:00,1.116e-05,1.118e-05,1.107e-05,1.113e-05,358220945717.0
2025-06-15 12:00:00,1.113e-05,1.121e-05,1.111e-05,1.121e-05,352196138211.0
2025-06-15 13:00:00,1.12e-05,1.124e-05,1.111e-05,1.12e-05,434860816230.0
2025-06-15 14:00:00,1.12e-05,1.133e-05,1.112e-05,1.129e-05,933130093667.0
2025-06-15 15:00:00,1.13e-05,1.132e-05,1.118e-05,1.121e-05,660301891206.0
2025-06-15 16:00:00,1.121e-05,1.125e-05,1.111e-05,1.116e-05,744304949907.0
2025-06-15 17:00:00,1.116e-05,1.118e-05,1.107e-05,1.114e-05,425691849671.0
2025-06-15 18:00:00,1.113e-05,1.115e-05,1.104e-05,1.108e-05,259114482287.0
2025-06-15 19:00:00,1.108e-05,1.113e-05,1.095e-05,1.1e-05,433046264960.0
2025-06-15 20:00:00,1.101e-05,1.102e-05,1.081e-05,1.088e-05,746532054091.0
2025-06-15 21:00:00,1.088e-05,1.095e-05,1.082e-05,1.094e-05,470246026650.0
2025-06-15 22:00:00,1.094e-05,1.117e-05,1.092e-05,1.109e-05,784240724241.0
2025-06-15 23:00:00,1.109e-05,1.114e-05,1.106e-05,1.111e-05,228088439630.0
2025-06-16 00:00:00,1.111e-05,1.113e-05,1.101e-05,1.105e-05,216416252616.0
2025-06-16 01:00:00,1.105e-05,1.114e-05,1.09e-05,1.112e-05,1524063562712.0
2025-06-16 02:00:00,1.112e-05,1.13e-05,1.112e-05,1.118e-05,782322456469.0
2025-06-16 03:00:00,1.117e-05,1.125e-05,1.115e-05,1.118e-05,346388371076.0
2025-06-16 04:00:00,1.119e-05,1.133e-05,1.117e-05,1.125e-05,810628752632.0
2025-06-16 05:00:00,1.124e-05,1.147e-05,1.119e-05,1.136e-05,936009768036.0
2025-06-16 06:00:00,1.136e-05,1.142e-05,1.129e-05,1.136e-05,941281962217.0
2025-06-16 07:00:00,1.136e-05,1.15e-05,1.136e-05,1.143e-05,726161110885.0
2025-06-16 08:00:00,1.143e-05,1.145e-05,1.134e-05,1.142e-05,462383913248.0
2025-06-16 09:00:00,1.142e-05,1.145e-05,1.134e-05,1.137e-05,443279066043.0
2025-06-16 10:00:00,1.138e-05,1.143e-05,1.131e-05,1.134e-05,681411042553.0
2025-06-16 11:00:00,1.134e-05,1.139e-05,1.122e-05,1.135e-05,829878323370.0
2025-06-16 12:00:00,1.136e-05,1.136e-05,1.123e-05,1.128e-05,468193249075.0
2025-06-16 13:00:00,1.127e-05,1.141e-05,1.123e-05,1.141e-05,741441542686.0
2025-06-16 14:00:00,1.14e-05,1.157e-05,1.136e-05,1.138e-05,1666092053687.0
2025-06-16 15:00:00,1.138e-05,1.142e-05,1.123e-05,1.125e-05,1635148893741.0
2025-06-16 16:00:00,1.124e-05,1.13e-05,1.115e-05,1.122e-05,1721107825149.0
2025-06-16 17:00:00,1.121e-05,1.132e-05,1.119e-05,1.125e-05,696005194930.0
2025-06-16 18:00:00,1.125e-05,1.134e-05,1.123e-05,1.134e-05,431985489969.0
2025-06-16 19:00:00,1.133e-05,1.143e-05,1.126e-05,1.132e-05,757751517384.0
2025-06-16 20:00:00,1.132e-05,1.138e-05,1.122e-05,1.132e-05,842834618277.0
2025-06-16 21:00:00,1.132e-05,1.134e-05,1.119e-05,1.124e-05,402514231450.0
2025-06-16 22:00:00,1.124e-05,1.129e-05,1.065e-05,1.08e-05,3123372306855.0
2025-06-16 23:00:00,1.08e-05,1.089e-05,1.054e-05,1.059e-05,1869034220542.0
2025-06-17 00:00:00,1.059e-05,1.06e-05,1.024e-05,1.058e-05,4009533748249.0
2025-06-17 01:00:00,1.058e-05,1.068e-05,1.054e-05,1.057e-05,815654745390.0
2025-06-17 02:00:00,1.057e-05,1.074e-05,1.051e-05,1.072e-05,687461898723.0
2025-06-17 03:00:00,1.072e-05,1.078e-05,1.066e-05,1.074e-05,566603653995.0
2025-06-17 04:00:00,1.073e-05,1.076e-05,1.057e-05,1.066e-05,1233478720824.0
2025-06-17 05:00:00,1.066e-05,1.069e-05,1.056e-05,1.057e-05,818317292565.0
2025-06-17 06:00:00,1.058e-05,1.064e-05,1.053e-05,1.058e-05,589250035139.0
2025-06-17 07:00:00,1.058e-05,1.063e-05,1.055e-05,1.058e-05,379495431331.0
2025-06-17 08:00:00,1.059e-05,1.061e-05,1.045e-05,1.051e-05,712188966520.0
2025-06-17 09:00:00,1.051e-05,1.055e-05,1.043e-05,1.049e-05,569996288642.0
2025-06-17 10:00:00,1.05e-05,1.05e-05,1.036e-05,1.045e-05,543425376456.0
2025-06-17 11:00:00,1.044e-05,1.045e-05,1.033e-05,1.044e-05,497231537188.0
2025-06-17 12:00:00,1.044e-05,1.051e-05,1.04e-05,1.043e-05,691293440202.0
2025-06-17 13:00:00,1.042e-05,1.049e-05,1.036e-05,1.039e-05,570835341874.0
2025-06-17 14:00:00,1.04e-05,1.048e-05,1e-05,1.005e-05,1824269332323.0
2025-06-17 15:00:00,1.005e-05,1.011e-05,9.69e-06,9.88e-06,4309157210941.0
2025-06-17 16:00:00,9.87e-06,9.9e-06,9.65e-06,9.7e-06,1593852044261.0
2025-06-17 17:00:00,9.69e-06,1e-05,9.68e-06,9.92e-06,1641649180972.0
2025-06-17 18:00:00,9.91e-06,1.008e-05,9.86e-06,1.008e-05,577106759855.0
2025-06-17 19:00:00,1.008e-05,1.028e-05,1.005e-05,1.017e-05,1280054132454.0
2025-06-17 20:00:00,1.017e-05,1.022e-05,1.011e-05,1.012e-05,662762269670.0
2025-06-17 21:00:00,1.013e-05,1.022e-05,1.006e-05,1.016e-05,588979336606.0
2025-06-17 22:00:00,1.016e-05,1.018e-05,1.002e-05,1.005e-05,513192125730.0
2025-06-17 23:00:00,1.005e-05,1.021e-05,1.004e-05,1.013e-05,388722940007.0
2025-06-18 00:00:00,1.013e-05,1.022e-05,1.01e-05,1.02e-05,349112186150.0
2025-06-18 01:00:00,1.02e-05,1.03e-05,1.016e-05,1.016e-05,493353713487.0
2025-06-18 02:00:00,1.016e-05,1.021e-05,1.012e-05,1.014e-05,253516412969.0
2025-06-18 03:00:00,1.014e-05,1.023e-05,1.014e-05,1.018e-05,211116462305.0
2025-06-18 04:00:00,1.019e-05,1.031e-05,1.017e-05,1.027e-05,348484924457.0
2025-06-18 05:00:00,1.027e-05,1.03e-05,1.022e-05,1.024e-05,213713276911.0
2025-06-18 06:00:00,1.023e-05,1.027e-05,1.015e-05,1.019e-05,231178485164.0
2025-06-18 07:00:00,1.019e-05,1.026e-05,1.017e-05,1.025e-05,237387136127.0
2025-06-18 08:00:00,1.025e-05,1.03e-05,1.016e-05,1.023e-05,276277008837.0
2025-06-18 09:00:00,1.023e-05,1.028e-05,1.015e-05,1.018e-05,323701226135.0
2025-06-18 10:00:00,1.019e-05,1.02e-05,9.93e-06,9.98e-06,1440238092450.0
2025-06-18 11:00:00,9.99e-06,1.016e-05,9.97e-06,1.012e-05,620989907384.0
2025-06-18 12:00:00,1.013e-05,1.014e-05,9.98e-06,1e-05,444709084030.0
2025-06-18 13:00:00,1.001e-05,1.004e-05,9.75e-06,1.002e-05,1265686085420.0
2025-06-18 14:00:00,1.002e-05,1.019e-05,9.96e-06,1.004e-05,1587427034750.0
2025-06-18 15:00:00,1.004e-05,1.013e-05,9.97e-06,1.006e-05,632502840539.0
2025-06-18 16:00:00,1.006e-05,1.011e-05,1e-05,1.005e-05,318899882196.0
2025-06-18 17:00:00,1.005e-05,1.016e-05,9.95e-06,1.011e-05,745388012802.0
2025-06-18 18:00:00,1.012e-05,1.027e-05,1.001e-05,1.003e-05,1957217274343.0
2025-06-18 19:00:00,1.003e-05,1.023e-05,1.001e-05,1.006e-05,906168477694.0
2025-06-18 20:00:00,1.006e-05,1.041e-05,1e-05,1.034e-05,1341168360717.0
2025-06-18 21:00:00,1.034e-05,1.036e-05,1.021e-05,1.029e-05,903008314168.0
2025-06-18 22:00:00,1.029e-05,1.033e-05,1.023e-05,1.033e-05,596186350349.0
2025-06-18 23:00:00,1.032e-05,1.04e-05,1.024e-05,1.035e-05,366544563537.0
2025-06-19 00:00:00,1.035e-05,1.049e-05,1.028e-05,1.039e-05,793746789090.0
2025-06-19 01:00:00,1.038e-05,1.04e-05,1.028e-05,1.03e-05,625458219485.0
2025-06-19 02:00:00,1.031e-05,1.035e-05,1.02e-05,1.027e-05,947065977376.0
2025-06-19 03:00:00,1.028e-05,1.037e-05,1.027e-05,1.035e-05,496023136026.0
2025-06-19 04:00:00,1.035e-05,1.036e-05,1.025e-05,1.035e-05,257623918823.0
2025-06-19 05:00:00,1.036e-05,1.043e-05,1.034e-05,1.035e-05,421517689683.0
2025-06-19 06:00:00,1.034e-05,1.042e-05,1.033e-05,1.035e-05,267709694463.0
2025-06-19 07:00:00,1.036e-05,1.042e-05,1.034e-05,1.035e-05,429872969004.0
2025-06-19 08:00:00,1.035e-05,1.041e-05,1.034e-05,1.036e-05,234071184775.0
2025-06-19 09:00:00,1.035e-05,1.048e-05,1.034e-05,1.044e-05,339832763646.0
2025-06-19 10:00:00,1.045e-05,1.047e-05,1.039e-05,1.043e-05,321099935479.0
2025-06-19 11:00:00,1.042e-05,1.044e-05,1.035e-05,1.041e-05,280191520581.0
2025-06-19 12:00:00,1.041e-05,1.046e-05,1.036e-05,1.043e-05,347973601171.0
2025-06-19 13:00:00,1.043e-05,1.045e-05,1.024e-05,1.028e-05,801431487215.0
2025-06-19 14:00:00,1.027e-05,1.039e-05,1.02e-05,1.025e-05,727953828579.0
2025-06-19 15:00:00,1.025e-05,1.032e-05,1.023e-05,1.025e-05,431604210075.0
2025-06-19 16:00:00,1.025e-05,1.031e-05,1.014e-05,1.019e-05,354689540278.0
2025-06-19 17:00:00,1.018e-05,1.037e-05,1.014e-05,1.032e-05,776640450707.0
2025-06-19 18:00:00,1.031e-05,1.043e-05,1.029e-05,1.033e-05,473213167116.0
2025-06-19 19:00:00,1.033e-05,1.037e-05,1.026e-05,1.029e-05,177663645509.0
2025-06-19 20:00:00,1.029e-05,1.038e-05,1.025e-05,1.027e-05,206440779552.0
2025-06-19 21:00:00,1.027e-05,1.031e-05,1.022e-05,1.027e-05,308342887853.0
2025-06-19 22:00:00,1.027e-05,1.041e-05,1.027e-05,1.033e-05,403691710531.0
2025-06-19 23:00:00,1.033e-05,1.036e-05,1.024e-05,1.029e-05,255046322248.0
2025-06-20 00:00:00,1.03e-05,1.033e-05,1.023e-05,1.026e-05,826038007088.0
2025-06-20 01:00:00,1.026e-05,1.027e-05,1.015e-05,1.02e-05,611939575019.0
2025-06-20 02:00:00,1.02e-05,1.022e-05,1.011e-05,1.016e-05,255763269880.0
2025-06-20 03:00:00,1.015e-05,1.019e-05,1.012e-05,1.017e-05,190504576415.0
2025-06-20 04:00:00,1.017e-05,1.018e-05,1.006e-05,1.008e-05,611845420978.0
2025-06-20 05:00:00,1.007e-05,1.018e-05,1.007e-05,1.016e-05,245500060823.0
2025-06-20 06:00:00,1.017e-05,1.021e-05,1.013e-05,1.019e-05,178078226449.0
2025-06-20 07:00:00,1.02e-05,1.041e-05,1.017e-05,1.039e-05,736043107784.0
2025-06-20 08:00:00,1.039e-05,1.052e-05,1.031e-05,1.035e-05,1335397271140.0
2025-06-20 09:00:00,1.035e-05,1.04e-05,1.029e-05,1.034e-05,269460513806.0
2025-06-20 10:00:00,1.033e-05,1.041e-05,1.03e-05,1.035e-05,265979519780.0
2025-06-20 11:00:00,1.035e-05,1.041e-05,1.031e-05,1.038e-05,425155453338.0
2025-06-20 12:00:00,1.038e-05,1.045e-05,1.036e-05,1.041e-05,296429299269.0
2025-06-20 13:00:00,1.04e-05,1.045e-05,1.024e-05,1.03e-05,514612491755.0
2025-06-20 14:00:00,1.029e-05,1.033e-05,9.9e-06,9.95e-06,1482275755786.0
2025-06-20 15:00:00,9.95e-06,1.007e-05,9.93e-06,9.99e-06,905484811072.0
2025-06-20 16:00:00,9.99e-06,1e-05,9.82e-06,9.88e-06,932642339937.0
2025-06-20 17:00:00,9.87e-06,9.89e-06,9.46e-06,9.7e-06,3265244535319.0
2025-06-20 18:00:00,9.7e-06,9.8e-06,9.67e-06,9.72e-06,827732920512.0
2025-06-20 19:00:00,9.71e-06,9.77e-06,9.62e-06,9.73e-06,517419858800.0
2025-06-20 20:00:00,9.73e-06,9.96e-06,9.73e-06,9.88e-06,812196713709.0
2025-06-20 21:00:00,9.88e-06,9.89e-06,9.81e-06,9.83e-06,291642558883.0
2025-06-20 22:00:00,9.83e-06,9.83e-06,9.72e-06,9.77e-06,303578515452.0
2025-06-20 23:00:00,9.77e-06,9.88e-06,9.74e-06,9.84e-06,513803591914.0
2025-06-21 00:00:00,9.84e-06,9.93e-06,9.81e-06,9.89e-06,239820199740.0
2025-06-21 01:00:00,9.89e-06,1.007e-05,9.88e-06,1.003e-05,390807944910.0
2025-06-21 02:00:00,1.004e-05,1.009e-05,9.99e-06,1.005e-05,209696144750.0
2025-06-21 03:00:00,1.005e-05,1.012e-05,1.004e-05,1.006e-05,395324951427.0
2025-06-21 04:00:00,1.005e-05,1.008e-05,1.001e-05,1.005e-05,214871875401.0
2025-06-21 05:00:00,1.005e-05,1.009e-05,1.002e-05,1.007e-05,173849816341.0
2025-06-21 06:00:00,1.008e-05,1.01e-05,1.003e-05,1.003e-05,184627414752.0
2025-06-21 07:00:00,1.004e-05,1.009e-05,9.99e-06,1.005e-05,483750180676.0
2025-06-21 08:00:00,1.005e-05,1.008e-05,1e-05,1.005e-05,305263571004.0
2025-06-21 09:00:00,1.005e-05,1.007e-05,1e-05,1.003e-05,180667554194.0
2025-06-21 10:00:00,1.003e-05,1.006e-05,9.97e-06,1.002e-05,268108337693.0
2025-06-21 11:00:00,1.002e-05,1.005e-05,9.98e-06,9.99e-06,133038069721.0
2025-06-21 12:00:00,9.99e-06,1.003e-05,9.87e-06,9.9e-06,318645121971.0
2025-06-21 13:00:00,9.9e-06,9.93e-06,9.74e-06,9.76e-06,587055679319.0
2025-06-21 14:00:00,9.77e-06,9.8e-06,9.63e-06,9.69e-06,1458354501645.0
2025-06-21 15:00:00,9.68e-06,9.71e-06,9.53e-06,9.65e-06,673668232974.0
2025-06-21 16:00:00,9.65e-06,9.75e-06,9.61e-06,9.69e-06,587366238759.0
2025-06-21 17:00:00,9.68e-06,9.75e-06,9.42e-06,9.52e-06,853370870663.0
2025-06-21 18:00:00,9.51e-06,9.59e-06,9.45e-06,9.5e-06,572366887386.0
2025-06-21 19:00:00,9.5e-06,9.57e-06,9.45e-06,9.49e-06,563620377739.0
2025-06-21 20:00:00,9.48e-06,9.66e-06,9.47e-06,9.63e-06,597449070029.0
2025-06-21 21:00:00,9.63e-06,9.67e-06,8.92e-06,9.15e-06,3633843736170.0
2025-06-21 22:00:00,9.14e-06,9.31e-06,9.13e-06,9.18e-06,1009849774141.0
2025-06-21 23:00:00,9.18e-06,9.32e-06,8.99e-06,9.28e-06,2193009273733.0
2025-06-22 00:00:00,9.28e-06,9.48e-06,9.2e-06,9.4e-06,1288984031116.0
2025-06-22 01:00:00,9.4e-06,9.44e-06,9.25e-06,9.27e-06,556136966892.0
2025-06-22 02:00:00,9.26e-06,9.37e-06,9.13e-06,9.24e-06,929717019515.0
2025-06-22 03:00:00,9.24e-06,9.3e-06,9.14e-06,9.18e-06,462737277757.0
2025-06-22 04:00:00,9.19e-06,9.3e-06,9.15e-06,9.27e-06,383188045128.0
2025-06-22 05:00:00,9.27e-06,9.36e-06,9.23e-06,9.3e-06,335357276378.0
2025-06-22 06:00:00,9.29e-06,9.36e-06,9.24e-06,9.31e-06,263612853049.0
2025-06-22 07:00:00,9.32e-06,9.33e-06,9.17e-06,9.2e-06,353648117430.0
2025-06-22 08:00:00,9.21e-06,9.25e-06,9.16e-06,9.19e-06,277396906458.0
2025-06-22 09:00:00,9.19e-06,9.23e-06,8.95e-06,8.97e-06,1367134100312.0
2025-06-22 10:00:00,8.97e-06,9.12e-06,8.94e-06,9.08e-06,746658824851.0
2025-06-22 11:00:00,9.08e-06,9.2e-06,9.07e-06,9.12e-06,362473302678.0
2025-06-22 12:00:00,9.11e-06,9.18e-06,8.96e-06,9.1e-06,581854909357.0
2025-06-22 13:00:00,9.09e-06,9.14e-06,8.46e-06,8.67e-06,5419520620918.0
2025-06-22 14:00:00,8.67e-06,8.79e-06,8.47e-06,8.78e-06,3775123942916.0
2025-06-22 15:00:00,8.77e-06,8.84e-06,8.64e-06,8.66e-06,1072069592886.0
2025-06-22 16:00:00,8.66e-06,8.75e-06,8.64e-06,8.71e-06,879353495820.0
2025-06-22 17:00:00,8.71e-06,8.85e-06,8.6e-06,8.74e-06,1147032211988.0
2025-06-22 18:00:00,8.74e-06,8.78e-06,8.65e-06,8.67e-06,550110441089.0
2025-06-22 19:00:00,8.66e-06,8.69e-06,8.53e-06,8.59e-06,700001658566.0
2025-06-22 20:00:00,8.59e-06,8.77e-06,8.3e-06,8.68e-06,2908428368208.0
2025-06-22 21:00:00,8.67e-06,8.74e-06,8.54e-06,8.61e-06,789624386035.0
2025-06-22 22:00:00,8.61e-06,8.88e-06,8.6e-06,8.87e-06,1473070534722.0
2025-06-22 23:00:00,8.87e-06,8.89e-06,8.8e-06,8.87e-06,533976251649.0
2025-06-23 00:00:00,8.88e-06,9e-06,8.84e-06,8.91e-06,720358350630.0
2025-06-23 01:00:00,8.91e-06,8.92e-06,8.82e-06,8.91e-06,559695102196.0
2025-06-23 02:00:00,8.91e-06,8.93e-06,8.83e-06,8.85e-06,287148513358.0
2025-06-23 03:00:00,8.85e-06,8.88e-06,8.8e-06,8.82e-06,506646150661.0
2025-06-23 04:00:00,8.83e-06,8.9e-06,8.81e-06,8.87e-06,406420856820.0
2025-06-23 05:00:00,8.87e-06,8.98e-06,8.86e-06,8.96e-06,539785681456.0
2025-06-23 06:00:00,8.95e-06,9e-06,8.88e-06,8.94e-06,461572313910.0
2025-06-23 07:00:00,8.94e-06,8.99e-06,8.89e-06,8.92e-06,417817898533.0
2025-06-23 08:00:00,8.92e-06,8.97e-06,8.84e-06,8.89e-06,521019979871.0
2025-06-23 09:00:00,8.89e-06,8.9e-06,8.81e-06,8.88e-06,380895109386.0
2025-06-23 10:00:00,8.87e-06,8.89e-06,8.76e-06,8.82e-06,431659924697.0
2025-06-23 11:00:00,8.83e-06,8.93e-06,8.8e-06,8.89e-06,287464145438.0
2025-06-23 12:00:00,8.89e-06,9.09e-06,8.83e-06,9.08e-06,1528154728838.0
2025-06-23 13:00:00,9.07e-06,9.25e-06,8.84e-06,9.17e-06,3053876441545.0
2025-06-23 14:00:00,9.18e-06,9.29e-06,9.06e-06,9.11e-06,1783313601897.0
2025-06-23 15:00:00,9.11e-06,9.2e-06,8.99e-06,8.99e-06,1046742739112.0
2025-06-23 16:00:00,8.99e-06,9.01e-06,8.67e-06,8.81e-06,3308228235181.0
2025-06-23 17:00:00,8.82e-06,9.25e-06,8.77e-06,9.18e-06,2759632457745.0
2025-06-23 18:00:00,9.17e-06,9.33e-06,9.16e-06,9.27e-06,1626577210338.0
2025-06-23 19:00:00,9.27e-06,9.35e-06,9.19e-06,9.3e-06,920542936691.0
2025-06-23 20:00:00,9.3e-06,9.61e-06,9.26e-06,9.5e-06,1860094418816.0
2025-06-23 21:00:00,9.5e-06,9.58e-06,9.45e-06,9.53e-06,1123297741967.0
2025-06-23 22:00:00,9.53e-06,1.002e-05,9.53e-06,9.95e-06,3568009266602.0
2025-06-23 23:00:00,9.95e-06,1.001e-05,9.89e-06,9.9e-06,981630261894.0
2025-06-24 00:00:00,9.9e-06,1e-05,9.83e-06,9.86e-06,1069052893772.0
2025-06-24 01:00:00,9.87e-06,9.96e-06,9.82e-06,9.94e-06,748783125629.0
2025-06-24 02:00:00,9.94e-06,9.95e-06,9.84e-06,9.86e-06,524214334334.0
2025-06-24 03:00:00,9.86e-06,9.94e-06,9.83e-06,9.92e-06,568697831316.0
2025-06-24 04:00:00,9.92e-06,9.95e-06,9.86e-06,9.94e-06,319844843935.0
2025-06-24 05:00:00,9.93e-06,1.02e-05,9.92e-06,1.015e-05,2038443591374.0
2025-06-24 06:00:00,1.015e-05,1.03e-05,1.007e-05,1.024e-05,1248429434962.0
2025-06-24 07:00:00,1.025e-05,1.025e-05,9.92e-06,9.95e-06,1232773706661.0
2025-06-24 08:00:00,9.95e-06,1.004e-05,9.85e-06,9.96e-06,1060523531291.0
2025-06-24 09:00:00,9.96e-06,1.012e-05,9.92e-06,9.95e-06,686795240830.0
2025-06-24 10:00:00,9.96e-06,9.97e-06,9.86e-06,9.93e-06,405634334000.0
2025-06-24 11:00:00,9.92e-06,9.96e-06,9.81e-06,9.87e-06,591075443306.0
2025-06-24 12:00:00,9.87e-06,9.95e-06,9.85e-06,9.9e-06,354634749865.0
2025-06-24 13:00:00,9.9e-06,9.97e-06,9.82e-06,9.91e-06,908285716962.0
2025-06-24 14:00:00,9.91e-06,1.007e-05,9.89e-06,9.99e-06,1231883977009.0
2025-06-24 15:00:00,9.99e-06,1.006e-05,9.87e-06,9.94e-06,641815503273.0
2025-06-24 16:00:00,9.95e-06,1.025e-05,9.92e-06,1.023e-05,1110477775645.0
2025-06-24 17:00:00,1.024e-05,1.024e-05,9.95e-06,1.003e-05,814254868352.0
2025-06-24 18:00:00,1.002e-05,1.006e-05,9.9e-06,9.92e-06,639500482408.0
2025-06-24 19:00:00,9.91e-06,9.95e-06,9.76e-06,9.87e-06,544339973711.0
2025-06-24 20:00:00,9.87e-06,1e-05,9.8e-06,9.98e-06,306984895618.0
2025-06-24 21:00:00,9.98e-06,1e-05,9.88e-06,9.97e-06,392655396150.0
2025-06-24 22:00:00,9.96e-06,9.99e-06,9.89e-06,9.97e-06,204802742055.0
2025-06-24 23:00:00,9.97e-06,1.006e-05,9.91e-06,1.006e-05,210218241853.0
2025-06-25 00:00:00,1.006e-05,1.012e-05,9.98e-06,1.011e-05,601175233283.0
2025-06-25 01:00:00,1.011e-05,1.013e-05,9.99e-06,1.006e-05,501896870441.0
2025-06-25 02:00:00,1.006e-05,1.018e-05,1.003e-05,1.009e-05,512972685332.0
2025-06-25 03:00:00,1.009e-05,1.016e-05,1.005e-05,1.007e-05,239046798952.0
2025-06-25 04:00:00,1.007e-05,1.011e-05,1.001e-05,1.006e-05,267650696653.0
2025-06-25 05:00:00,1.006e-05,1.009e-05,9.98e-06,1.004e-05,386249293333.0
2025-06-25 06:00:00,1.004e-05,1.014e-05,1.001e-05,1.011e-05,311220582137.0
2025-06-25 07:00:00,1.011e-05,1.016e-05,1.006e-05,1.011e-05,353119983583.0
2025-06-25 08:00:00,1.011e-05,1.012e-05,9.89e-06,9.96e-06,631761792282.0
2025-06-25 09:00:00,9.96e-06,1.007e-05,9.89e-06,9.94e-06,1058285436891.0
2025-06-25 10:00:00,9.94e-06,1.003e-05,9.91e-06,1.001e-05,335059222817.0
2025-06-25 11:00:00,1.001e-05,1.005e-05,9.92e-06,1.004e-05,310641149269.0
2025-06-25 12:00:00,1.004e-05,1.005e-05,9.94e-06,1.004e-05,308203253653.0
2025-06-25 13:00:00,1.003e-05,1.017e-05,9.99e-06,1.009e-05,1063316203639.0
2025-06-25 14:00:00,1.009e-05,1.013e-05,9.75e-06,9.87e-06,1733942541447.0
2025-06-25 15:00:00,9.87e-06,9.89e-06,9.62e-06,9.66e-06,1793836820924.0
2025-06-25 16:00:00,9.66e-06,9.72e-06,9.54e-06,9.57e-06,886487526264.0
2025-06-25 17:00:00,9.56e-06,9.75e-06,9.56e-06,9.66e-06,509850095161.0
2025-06-25 18:00:00,9.66e-06,9.67e-06,9.57e-06,9.6e-06,272909894517.0
2025-06-25 19:00:00,9.61e-06,9.71e-06,9.6e-06,9.65e-06,398657607453.0
2025-06-25 20:00:00,9.66e-06,9.7e-06,9.61e-06,9.68e-06,305998466250.0
2025-06-25 21:00:00,9.69e-06,9.75e-06,9.49e-06,9.56e-06,776381165673.0
2025-06-25 22:00:00,9.55e-06,9.56e-06,9.41e-06,9.46e-06,1221341906933.0
2025-06-25 23:00:00,9.45e-06,9.48e-06,9.37e-06,9.46e-06,514689676347.0
2025-06-26 00:00:00,9.46e-06,9.53e-06,9.44e-06,9.51e-06,487351212190.0
2025-06-26 01:00:00,9.51e-06,9.64e-06,9.45e-06,9.58e-06,1004954594466.0
2025-06-26 02:00:00,9.58e-06,9.66e-06,9.5e-06,9.66e-06,1115214240196.0
2025-06-26 03:00:00,9.65e-06,9.74e-06,9.58e-06,9.62e-06,1531225496233.0
2025-06-26 04:00:00,9.62e-06,9.63e-06,9.47e-06,9.53e-06,442226170220.0
2025-06-26 05:00:00,9.52e-06,9.55e-06,9.45e-06,9.51e-06,471605965695.0
2025-06-26 06:00:00,9.5e-06,9.55e-06,9.48e-06,9.54e-06,368520179977.0
2025-06-26 07:00:00,9.53e-06,9.59e-06,9.5e-06,9.53e-06,298220458269.0
2025-06-26 08:00:00,9.53e-06,9.59e-06,9.46e-06,9.49e-06,332728238739.0
2025-06-26 09:00:00,9.48e-06,9.5e-06,9.32e-06,9.37e-06,975580961231.0
2025-06-26 10:00:00,9.38e-06,9.42e-06,9.34e-06,9.39e-06,380800781739.0
2025-06-26 11:00:00,9.39e-06,9.42e-06,9.33e-06,9.38e-06,312249516704.0
2025-06-26 12:00:00,9.39e-06,9.41e-06,9.23e-06,9.27e-06,1011894040504.0
2025-06-26 13:00:00,9.27e-06,9.31e-06,9.16e-06,9.23e-06,941910273023.0
2025-06-26 14:00:00,9.23e-06,9.34e-06,9.16e-06,9.29e-06,1030537043212.0
2025-06-26 15:00:00,9.29e-06,9.33e-06,9.16e-06,9.27e-06,731090550683.0
2025-06-26 16:00:00,9.27e-06,9.28e-06,9.17e-06,9.19e-06,384373194230.0
2025-06-26 17:00:00,9.19e-06,9.27e-06,9.18e-06,9.22e-06,178582592083.0
2025-06-26 18:00:00,9.22e-06,9.3e-06,9.19e-06,9.26e-06,331994275852.0
2025-06-26 19:00:00,9.26e-06,9.36e-06,9.23e-06,9.32e-06,296226639441.0
2025-06-26 20:00:00,9.32e-06,9.45e-06,9.29e-06,9.38e-06,466146780827.0
2025-06-26 21:00:00,9.39e-06,9.39e-06,9.17e-06,9.25e-06,500269067571.0
2025-06-26 22:00:00,9.25e-06,9.31e-06,9.17e-06,9.18e-06,442848396571.0
2025-06-26 23:00:00,9.18e-06,9.19e-06,9.11e-06,9.16e-06,852444996927.0
2025-06-27 00:00:00,9.16e-06,9.23e-06,9.14e-06,9.15e-06,319085203938.0
2025-06-27 01:00:00,9.15e-06,9.29e-06,9.07e-06,9.24e-06,629794490599.0
2025-06-27 02:00:00,9.24e-06,9.33e-06,9.21e-06,9.3e-06,337618574855.0
2025-06-27 03:00:00,9.3e-06,9.32e-06,9.25e-06,9.27e-06,306129131855.0
2025-06-27 04:00:00,9.27e-06,9.3e-06,9.23e-06,9.25e-06,221941998356.0
2025-06-27 05:00:00,9.25e-06,9.36e-06,9.18e-06,9.2e-06,547889496271.0
2025-06-27 06:00:00,9.2e-06,9.27e-06,9.17e-06,9.25e-06,285461252899.0
2025-06-27 07:00:00,9.24e-06,9.33e-06,9.18e-06,9.21e-06,444876936963.0
2025-06-27 08:00:00,9.22e-06,9.34e-06,9.19e-06,9.3e-06,471780003927.0
2025-06-27 09:00:00,9.31e-06,9.35e-06,9.27e-06,9.31e-06,412336385921.0
2025-06-27 10:00:00,9.32e-06,9.32e-06,9.25e-06,9.27e-06,196822162026.0
2025-06-27 11:00:00,9.27e-06,9.32e-06,9.25e-06,9.28e-06,331884543519.0
2025-06-27 12:00:00,9.28e-06,9.33e-06,9.13e-06,9.16e-06,650298064333.0
2025-06-27 13:00:00,9.16e-06,9.2e-06,9.02e-06,9.15e-06,638637189856.0
2025-06-27 14:00:00,9.15e-06,9.19e-06,9.02e-06,9.09e-06,801804968528.0
2025-06-27 15:00:00,9.08e-06,9.26e-06,9.06e-06,9.23e-06,563959934212.0
2025-06-27 16:00:00,9.23e-06,9.38e-06,9.18e-06,9.31e-06,825116977720.0
2025-06-27 17:00:00,9.31e-06,9.32e-06,9.02e-06,9.1e-06,986889839615.0
2025-06-27 18:00:00,9.1e-06,9.12e-06,8.92e-06,8.98e-06,827327403324.0
2025-06-27 19:00:00,8.98e-06,9.06e-06,8.96e-06,9.03e-06,397112314687.0
2025-06-27 20:00:00,9.03e-06,9.14e-06,9.02e-06,9.13e-06,346435182792.0
2025-06-27 21:00:00,9.13e-06,9.18e-06,9.08e-06,9.14e-06,344833667770.0
2025-06-27 22:00:00,9.14e-06,9.2e-06,9.13e-06,9.18e-06,214508683412.0
2025-06-27 23:00:00,9.18e-06,9.18e-06,9.13e-06,9.18e-06,234372816939.0
2025-06-28 00:00:00,9.17e-06,9.22e-06,9.15e-06,9.18e-06,174790015180.0
2025-06-28 01:00:00,9.19e-06,9.26e-06,9.13e-06,9.25e-06,206363556326.0
2025-06-28 02:00:00,9.25e-06,9.27e-06,9.2e-06,9.22e-06,292170168400.0
2025-06-28 03:00:00,9.23e-06,9.25e-06,9.21e-06,9.22e-06,108441532568.0
2025-06-28 04:00:00,9.22e-06,9.24e-06,9.21e-06,9.21e-06,118687134718.0
2025-06-28 05:00:00,9.22e-06,9.29e-06,9.21e-06,9.26e-06,160872649110.0
2025-06-28 06:00:00,9.27e-06,9.3e-06,9.24e-06,9.27e-06,139054800328.0
2025-06-28 07:00:00,9.28e-06,9.35e-06,9.25e-06,9.34e-06,315064310730.0
2025-06-28 08:00:00,9.34e-06,9.35e-06,9.27e-06,9.31e-06,200299446954.0
2025-06-28 09:00:00,9.31e-06,9.39e-06,9.27e-06,9.36e-06,371194120531.0
2025-06-28 10:00:00,9.37e-06,9.41e-06,9.34e-06,9.37e-06,240264522847.0
2025-06-28 11:00:00,9.37e-06,9.44e-06,9.35e-06,9.36e-06,514451667628.0
2025-06-28 12:00:00,9.36e-06,9.39e-06,9.32e-06,9.37e-06,176706714033.0
2025-06-28 13:00:00,9.38e-06,9.4e-06,9.29e-06,9.33e-06,247712251175.0
2025-06-28 14:00:00,9.32e-06,9.38e-06,9.32e-06,9.37e-06,137370594816.0
2025-06-28 15:00:00,9.37e-06,9.44e-06,9.34e-06,9.42e-06,276132593076.0
2025-06-28 16:00:00,9.42e-06,9.5e-06,9.35e-06,9.39e-06,486273169550.0
2025-06-28 17:00:00,9.38e-06,9.52e-06,9.35e-06,9.52e-06,355265896230.0
2025-06-28 18:00:00,9.51e-06,9.56e-06,9.46e-06,9.56e-06,442193011698.0
2025-06-28 19:00:00,9.56e-06,9.59e-06,9.5e-06,9.53e-06,329451837063.0
2025-06-28 20:00:00,9.53e-06,9.54e-06,9.45e-06,9.45e-06,224987923527.0
2025-06-28 21:00:00,9.45e-06,9.55e-06,9.45e-06,9.54e-06,159086727724.0
2025-06-28 22:00:00,9.54e-06,9.62e-06,9.51e-06,9.58e-06,288992614285.0
2025-06-28 23:00:00,9.58e-06,9.6e-06,9.53e-06,9.55e-06,185726515167.0
2025-06-29 00:00:00,9.56e-06,9.62e-06,9.51e-06,9.55e-06,242570357824.0
2025-06-29 01:00:00,9.56e-06,9.57e-06,9.49e-06,9.5e-06,213941807291.0
2025-06-29 02:00:00,9.5e-06,9.53e-06,9.46e-06,9.51e-06,203354053302.0
2025-06-29 03:00:00,9.51e-06,9.55e-06,9.48e-06,9.48e-06,107195450300.0
2025-06-29 04:00:00,9.49e-06,9.51e-06,9.46e-06,9.48e-06,142496315015.0
2025-06-29 05:00:00,9.47e-06,9.49e-06,9.43e-06,9.48e-06,206285923836.0
2025-06-29 06:00:00,9.47e-06,9.5e-06,9.43e-06,9.49e-06,136514335725.0
2025-06-29 07:00:00,9.49e-06,9.51e-06,9.43e-06,9.49e-06,113277587037.0
2025-06-29 08:00:00,9.49e-06,9.55e-06,9.45e-06,9.54e-06,327896575477.0
2025-06-29 09:00:00,9.55e-06,9.65e-06,9.51e-06,9.57e-06,596383914974.0
2025-06-29 10:00:00,9.58e-06,9.62e-06,9.51e-06,9.56e-06,353246577991.0
2025-06-29 11:00:00,9.57e-06,9.63e-06,9.53e-06,9.61e-06,351453060670.0
2025-06-29 12:00:00,9.61e-06,9.67e-06,9.56e-06,9.66e-06,409900270340.0
2025-06-29 13:00:00,9.66e-06,9.74e-06,9.63e-06,9.66e-06,437034313350.0
2025-06-29 14:00:00,9.65e-06,9.73e-06,9.59e-06,9.61e-06,424630954700.0
2025-06-29 15:00:00,9.6e-06,9.63e-06,9.54e-06,9.58e-06,349003600823.0
2025-06-29 16:00:00,9.58e-06,9.67e-06,9.56e-06,9.67e-06,383768309873.0
2025-06-29 17:00:00,9.67e-06,9.7e-06,9.56e-06,9.62e-06,203876882724.0
2025-06-29 18:00:00,9.61e-06,9.66e-06,9.57e-06,9.65e-06,125154130582.0
2025-06-29 19:00:00,9.65e-06,9.68e-06,9.62e-06,9.66e-06,172580248225.0
2025-06-29 20:00:00,9.67e-06,9.68e-06,9.59e-06,9.6e-06,132872308537.0
2025-06-29 21:00:00,9.6e-06,9.77e-06,9.54e-06,9.73e-06,416243416042.0
2025-06-29 22:00:00,9.73e-06,1.044e-05,9.72e-06,1.032e-05,4268288811631.0
2025-06-29 23:00:00,1.033e-05,1.049e-05,1.029e-05,1.04e-05,2010016119538.0
2025-06-30 00:00:00,1.04e-05,1.043e-05,1.028e-05,1.039e-05,1912734291597.0
2025-06-30 01:00:00,1.039e-05,1.04e-05,1.014e-05,1.015e-05,1286349239411.0
2025-06-30 02:00:00,1.014e-05,1.016e-05,1.004e-05,1.008e-05,687662612207.0
2025-06-30 03:00:00,1.008e-05,1.013e-05,1.004e-05,1.007e-05,452181182541.0
2025-06-30 04:00:00,1.007e-05,1.01e-05,9.97e-06,1e-05,610207029809.0
2025-06-30 05:00:00,1.001e-05,1.006e-05,9.97e-06,1e-05,361081761588.0
2025-06-30 06:00:00,1e-05,1.004e-05,9.73e-06,9.83e-06,826917757367.0
2025-06-30 07:00:00,9.83e-06,9.92e-06,9.79e-06,9.91e-06,614834765152.0
2025-06-30 08:00:00,9.9e-06,9.94e-06,9.81e-06,9.84e-06,357337138430.0
2025-06-30 09:00:00,9.85e-06,9.91e-06,9.82e-06,9.83e-06,324226351900.0
2025-06-30 10:00:00,9.82e-06,9.88e-06,9.8e-06,9.84e-06,299933052697.0
2025-06-30 11:00:00,9.84e-06,9.88e-06,9.78e-06,9.79e-06,873729797014.0
2025-06-30 12:00:00,9.79e-06,9.84e-06,9.65e-06,9.7e-06,671614235863.0
2025-06-30 13:00:00,9.7e-06,9.77e-06,9.65e-06,9.68e-06,665513419688.0
2025-06-30 14:00:00,9.68e-06,9.74e-06,9.58e-06,9.64e-06,1005509753524.0
2025-06-30 15:00:00,9.64e-06,9.93e-06,9.62e-06,9.84e-06,1784133478725.0
2025-06-30 16:00:00,9.85e-06,9.91e-06,9.79e-06,9.9e-06,842484087347.0
2025-06-30 17:00:00,9.89e-06,9.95e-06,9.83e-06,9.84e-06,539911438490.0
2025-06-30 18:00:00,9.84e-06,9.9e-06,9.74e-06,9.75e-06,406284140048.0
2025-06-30 19:00:00,9.75e-06,9.94e-06,9.74e-06,9.93e-06,577538599266.0
2025-06-30 20:00:00,9.92e-06,9.99e-06,9.85e-06,9.88e-06,588446602604.0
2025-06-30 21:00:00,9.88e-06,9.89e-06,9.75e-06,9.79e-06,368977539546.0
2025-06-30 22:00:00,9.78e-06,9.82e-06,9.74e-06,9.77e-06,209300089643.0
2025-06-30 23:00:00,9.77e-06,9.82e-06,9.72e-06,9.75e-06,240727822633.0
2025-07-01 00:00:00,9.75e-06,9.8e-06,9.68e-06,9.75e-06,463468155622.0
2025-07-01 01:00:00,9.75e-06,9.83e-06,9.73e-06,9.73e-06,417985507411.0
2025-07-01 02:00:00,9.73e-06,9.77e-06,9.65e-06,9.67e-06,296551945758.0
2025-07-01 03:00:00,9.67e-06,9.7e-06,9.64e-06,9.68e-06,217320884313.0
2025-07-01 04:00:00,9.68e-06,9.7e-06,9.54e-06,9.54e-06,291031257525.0
2025-07-01 05:00:00,9.54e-06,9.57e-06,9.46e-06,9.54e-06,495151364068.0
2025-07-01 06:00:00,9.53e-06,9.6e-06,9.5e-06,9.59e-06,385450874184.0
2025-07-01 07:00:00,9.59e-06,9.61e-06,9.47e-06,9.59e-06,374723666004.0
2025-07-01 08:00:00,9.59e-06,9.59e-06,9.48e-06,9.51e-06,359040922124.0
2025-07-01 09:00:00,9.51e-06,9.55e-06,9.47e-06,9.5e-06,333445995293.0
2025-07-01 10:00:00,9.51e-06,9.57e-06,9.48e-06,9.57e-06,239829366579.0
2025-07-01 11:00:00,9.56e-06,9.58e-06,9.41e-06,9.47e-06,291351743348.0
2025-07-01 12:00:00,9.46e-06,9.51e-06,9.41e-06,9.45e-06,369930375520.0
2025-07-01 13:00:00,9.45e-06,9.48e-06,9.34e-06,9.46e-06,657411488086.0
2025-07-01 14:00:00,9.45e-06,9.54e-06,9.35e-06,9.43e-06,782115616808.0
2025-07-01 15:00:00,9.42e-06,9.45e-06,9.36e-06,9.39e-06,307425977398.0
2025-07-01 16:00:00,9.39e-06,9.43e-06,9.31e-06,9.35e-06,518492438824.0
2025-07-01 17:00:00,9.35e-06,9.36e-06,9.22e-06,9.33e-06,529499336843.0
2025-07-01 18:00:00,9.33e-06,9.33e-06,9.17e-06,9.2e-06,876687865773.0
2025-07-01 19:00:00,9.2e-06,9.26e-06,9.16e-06,9.19e-06,404238174989.0
2025-07-01 20:00:00,9.19e-06,9.28e-06,9.16e-06,9.24e-06,371168056384.0
2025-07-01 21:00:00,9.25e-06,9.32e-06,9.2e-06,9.29e-06,214318015280.0
2025-07-01 22:00:00,9.3e-06,9.3e-06,9.21e-06,9.21e-06,206992839957.0
2025-07-01 23:00:00,9.21e-06,9.26e-06,9.17e-06,9.26e-06,282449216897.0
2025-07-02 00:00:00,9.26e-06,9.31e-06,9.24e-06,9.26e-06,184376063969.0
2025-07-02 01:00:00,9.27e-06,9.34e-06,9.18e-06,9.31e-06,361047115752.0
2025-07-02 02:00:00,9.32e-06,9.34e-06,9.27e-06,9.3e-06,159274907123.0
2025-07-02 03:00:00,9.3e-06,9.37e-06,9.29e-06,9.34e-06,251483661821.0
2025-07-02 04:00:00,9.33e-06,9.43e-06,9.3e-06,9.43e-06,221542027378.0
2025-07-02 05:00:00,9.42e-06,9.48e-06,9.39e-06,9.47e-06,334143286648.0
2025-07-02 06:00:00,9.47e-06,9.54e-06,9.45e-06,9.52e-06,430359342862.0
2025-07-02 07:00:00,9.53e-06,9.53e-06,9.44e-06,9.47e-06,249772312630.0
2025-07-02 08:00:00,9.47e-06,9.52e-06,9.46e-06,9.47e-06,209773444155.0
2025-07-02 09:00:00,9.47e-06,9.56e-06,9.46e-06,9.51e-06,352185988179.0
2025-07-02 10:00:00,9.51e-06,9.59e-06,9.48e-06,9.59e-06,294706573058.0
2025-07-02 11:00:00,9.58e-06,9.63e-06,9.48e-06,9.51e-06,606358928756.0
2025-07-02 12:00:00,9.52e-06,9.53e-06,9.44e-06,9.49e-06,473855172738.0
2025-07-02 13:00:00,9.5e-06,9.66e-06,9.47e-06,9.6e-06,491938828596.0
2025-07-02 14:00:00,9.59e-06,9.66e-06,9.57e-06,9.65e-06,542066268461.0
2025-07-02 15:00:00,9.64e-06,9.78e-06,9.64e-06,9.7e-06,1121069226294.0
2025-07-02 16:00:00,9.7e-06,1.023e-05,9.66e-06,1.019e-05,3749317259885.0
2025-07-02 17:00:00,1.02e-05,1.035e-05,1e-05,1.014e-05,2519142177352.0
2025-07-02 18:00:00,1.015e-05,1.023e-05,1.013e-05,1.017e-05,636711802975.0
2025-07-02 19:00:00,1.017e-05,1.021e-05,1.006e-05,1.02e-05,670509494483.0
2025-07-02 20:00:00,1.02e-05,1.027e-05,1.013e-05,1.02e-05,798824137115.0
2025-07-02 21:00:00,1.02e-05,1.029e-05,1.017e-05,1.027e-05,476071482182.0
2025-07-02 22:00:00,1.027e-05,1.038e-05,1.018e-05,1.02e-05,811100170836.0
2025-07-02 23:00:00,1.02e-05,1.022e-05,1.003e-05,1.006e-05,641859974663.0
2025-07-03 00:00:00,1.006e-05,1.024e-05,1.004e-05,1.017e-05,782518696162.0
2025-07-03 01:00:00,1.017e-05,1.033e-05,1.012e-05,1.029e-05,756086986394.0
2025-07-03 02:00:00,1.029e-05,1.031e-05,1.011e-05,1.019e-05,429084333443.0
2025-07-03 03:00:00,1.018e-05,1.024e-05,1.015e-05,1.017e-05,276644761367.0
2025-07-03 04:00:00,1.017e-05,1.03e-05,1.014e-05,1.026e-05,343234470367.0
2025-07-03 05:00:00,1.027e-05,1.066e-05,1.026e-05,1.063e-05,1868647873596.0
2025-07-03 06:00:00,1.063e-05,1.069e-05,1.051e-05,1.066e-05,1063211505500.0
2025-07-03 07:00:00,1.067e-05,1.067e-05,1.052e-05,1.063e-05,1029703783997.0
2025-07-03 08:00:00,1.063e-05,1.079e-05,1.061e-05,1.069e-05,1060688968931.0
2025-07-03 09:00:00,1.069e-05,1.078e-05,1.065e-05,1.068e-05,1003824884060.0
2025-07-03 10:00:00,1.068e-05,1.07e-05,1.044e-05,1.053e-05,1137107242275.0
2025-07-03 11:00:00,1.053e-05,1.055e-05,1.037e-05,1.04e-05,768959988492.0
2025-07-03 12:00:00,1.04e-05,1.067e-05,1.024e-05,1.038e-05,2235480161532.0
2025-07-03 13:00:00,1.038e-05,1.059e-05,1.032e-05,1.054e-05,1844087221358.0
2025-07-03 14:00:00,1.055e-05,1.061e-05,1.028e-05,1.032e-05,1319420797687.0
2025-07-03 15:00:00,1.032e-05,1.033e-05,9.88e-06,9.9e-06,2596645749883.0
2025-07-03 16:00:00,9.91e-06,1.004e-05,9.89e-06,9.98e-06,974001633433.0
2025-07-03 17:00:00,9.98e-06,1.005e-05,9.96e-06,1.002e-05,363804667617.0
2025-07-03 18:00:00,1.003e-05,1.008e-05,9.96e-06,1.002e-05,468530222272.0
2025-07-03 19:00:00,1.003e-05,1.011e-05,1.001e-05,1.008e-05,392537156993.0
2025-07-03 20:00:00,1.008e-05,1.017e-05,1.005e-05,1.015e-05,342214298028.0
2025-07-03 21:00:00,1.016e-05,1.02e-05,1.008e-05,1.014e-05,370803492618.0
2025-07-03 22:00:00,1.013e-05,1.018e-05,1.011e-05,1.017e-05,305228288676.0
2025-07-03 23:00:00,1.018e-05,1.021e-05,1.01e-05,1.012e-05,310225451530.0
2025-07-04 00:00:00,1.013e-05,1.02e-05,1.009e-05,1.015e-05,516845795692.0
2025-07-04 01:00:00,1.014e-05,1.027e-05,1.014e-05,1.018e-05,443526141061.0
2025-07-04 02:00:00,1.018e-05,1.02e-05,9.81e-06,9.92e-06,1569763524607.0
2025-07-04 03:00:00,9.91e-06,9.99e-06,9.87e-06,9.93e-06,564461367063.0
2025-07-04 04:00:00,9.93e-06,9.99e-06,9.83e-06,9.84e-06,484334699091.0
2025-07-04 05:00:00,9.84e-06,9.96e-06,9.83e-06,9.9e-06,331921504449.0
2025-07-04 06:00:00,9.89e-06,9.89e-06,9.72e-06,9.79e-06,610277317114.0
2025-07-04 07:00:00,9.78e-06,9.83e-06,9.68e-06,9.71e-06,502329946013.0
2025-07-04 08:00:00,9.72e-06,9.81e-06,9.63e-06,9.78e-06,626024690310.0
2025-07-04 09:00:00,9.79e-06,9.83e-06,9.76e-06,9.82e-06,474165031854.0
2025-07-04 10:00:00,9.82e-06,9.88e-06,9.75e-06,9.77e-06,356467219321.0
2025-07-04 11:00:00,9.76e-06,9.82e-06,9.75e-06,9.79e-06,335146831004.0
2025-07-04 12:00:00,9.79e-06,9.84e-06,9.73e-06,9.77e-06,263379394309.0
2025-07-04 13:00:00,9.76e-06,9.81e-06,9.63e-06,9.65e-06,654393212096.0
2025-07-04 14:00:00,9.65e-06,9.7e-06,9.54e-06,9.65e-06,1111717597949.0
2025-07-04 15:00:00,9.65e-06,9.66e-06,9.51e-06,9.55e-06,506282511217.0
2025-07-04 16:00:00,9.54e-06,9.61e-06,9.43e-06,9.6e-06,1077272027020.0
2025-07-04 17:00:00,9.6e-06,9.65e-06,9.55e-06,9.62e-06,572619013491.0
2025-07-04 18:00:00,9.62e-06,9.63e-06,9.54e-06,9.57e-06,181458901869.0
2025-07-04 19:00:00,9.57e-06,9.6e-06,9.52e-06,9.56e-06,211008819920.0
2025-07-04 20:00:00,9.55e-06,9.64e-06,9.54e-06,9.61e-06,331641833117.0
2025-07-04 21:00:00,9.62e-06,9.64e-06,9.52e-06,9.59e-06,279053495315.0
2025-07-04 22:00:00,9.6e-06,9.72e-06,9.57e-06,9.71e-06,549837946500.0
2025-07-04 23:00:00,9.71e-06,9.71e-06,9.62e-06,9.65e-06,521193632986.0
2025-07-05 00:00:00,9.64e-06,9.72e-06,9.62e-06,9.7e-06,373669805638.0
2025-07-05 01:00:00,9.7e-06,9.7e-06,9.62e-06,9.65e-06,263643341260.0
2025-07-05 02:00:00,9.65e-06,9.72e-06,9.55e-06,9.71e-06,358311858037.0
2025-07-05 03:00:00,9.71e-06,9.83e-06,9.7e-06,9.77e-06,455970840599.0
2025-07-05 04:00:00,9.78e-06,9.79e-06,9.7e-06,9.71e-06,259016053801.0
2025-07-05 05:00:00,9.7e-06,9.83e-06,9.69e-06,9.81e-06,397230885245.0
2025-07-05 06:00:00,9.81e-06,9.91e-06,9.77e-06,9.9e-06,533374469533.0
2025-07-05 07:00:00,9.91e-06,9.93e-06,9.82e-06,9.84e-06,411654580857.0
2025-07-05 08:00:00,9.84e-06,9.88e-06,9.75e-06,9.81e-06,268218901727.0
2025-07-05 09:00:00,9.81e-06,9.87e-06,9.74e-06,9.85e-06,292182141064.0
2025-07-05 10:00:00,9.84e-06,9.86e-06,9.78e-06,9.79e-06,181998635460.0
2025-07-05 11:00:00,9.79e-06,9.83e-06,9.72e-06,9.73e-06,324450776286.0
2025-07-05 12:00:00,9.74e-06,9.76e-06,9.62e-06,9.71e-06,611472437023.0
2025-07-05 13:00:00,9.71e-06,9.75e-06,9.65e-06,9.66e-06,253923356501.0
2025-07-05 14:00:00,9.67e-06,9.73e-06,9.64e-06,9.72e-06,261639954108.0
2025-07-05 15:00:00,9.71e-06,9.74e-06,9.65e-06,9.68e-06,223596921463.0
2025-07-05 16:00:00,9.68e-06,9.72e-06,9.6e-06,9.7e-06,398936546362.0
2025-07-05 17:00:00,9.69e-06,9.74e-06,9.61e-06,9.66e-06,288814178478.0
2025-07-05 18:00:00,9.67e-06,9.68e-06,9.51e-06,9.55e-06,443775421825.0
2025-07-05 19:00:00,9.54e-06,9.66e-06,9.53e-06,9.64e-06,171772338998.0
2025-07-05 20:00:00,9.64e-06,9.68e-06,9.59e-06,9.67e-06,159229941241.0
2025-07-05 21:00:00,9.67e-06,9.71e-06,9.65e-06,9.68e-06,196801656593.0
2025-07-05 22:00:00,9.68e-06,9.71e-06,9.65e-06,9.69e-06,148889538764.0
2025-07-05 23:00:00,9.69e-06,9.75e-06,9.68e-06,9.69e-06,194684864463.0
2025-07-06 00:00:00,9.69e-06,9.71e-06,9.64e-06,9.7e-06,215260069589.0
2025-07-06 01:00:00,9.69e-06,9.71e-06,9.61e-06,9.65e-06,291656179858.0
2025-07-06 02:00:00,9.65e-06,9.72e-06,9.62e-06,9.63e-06,196818453687.0
2025-07-06 03:00:00,9.63e-06,9.64e-06,9.57e-06,9.61e-06,299726640487.0
2025-07-06 04:00:00,9.62e-06,9.67e-06,9.59e-06,9.6e-06,162013922194.0
2025-07-06 05:00:00,9.6e-06,9.61e-06,9.56e-06,9.59e-06,141153250022.0
2025-07-06 06:00:00,9.58e-06,9.69e-06,9.56e-06,9.68e-06,302884021238.0
2025-07-06 07:00:00,9.68e-06,9.76e-06,9.66e-06,9.71e-06,638934274590.0
2025-07-06 08:00:00,9.71e-06,9.75e-06,9.66e-06,9.72e-06,288699064204.0
2025-07-06 09:00:00,9.72e-06,9.76e-06,9.67e-06,9.67e-06,287279690868.0
2025-07-06 10:00:00,9.67e-06,9.75e-06,9.64e-06,9.72e-06,314597454433.0
2025-07-06 11:00:00,9.71e-06,9.84e-06,9.7e-06,9.83e-06,317098022976.0
2025-07-06 12:00:00,9.84e-06,9.91e-06,9.77e-06,9.9e-06,524160541718.0
2025-07-06 13:00:00,9.9e-06,1.02e-05,9.88e-06,1.008e-05,2093890991192.0
2025-07-06 14:00:00,1.009e-05,1.015e-05,9.94e-06,1.001e-05,1128789965595.0
2025-07-06 15:00:00,1.001e-05,1.004e-05,9.95e-06,1.002e-05,653113780529.0
2025-07-06 16:00:00,1.002e-05,1.01e-05,9.99e-06,1.008e-05,574270076807.0
2025-07-06 17:00:00,1.008e-05,1.009e-05,1e-05,1.002e-05,318617449128.0
2025-07-06 18:00:00,1.003e-05,1.005e-05,9.86e-06,9.93e-06,555545441122.0
2025-07-06 19:00:00,9.92e-06,1e-05,9.92e-06,9.99e-06,219775996581.0
2025-07-06 20:00:00,9.99e-06,1.009e-05,9.98e-06,1.005e-05,223283333564.0
2025-07-06 21:00:00,1.004e-05,1.033e-05,1.003e-05,1.016e-05,1312913412710.0
2025-07-06 22:00:00,1.017e-05,1.03e-05,1.015e-05,1.02e-05,731136493448.0
2025-07-06 23:00:00,1.019e-05,1.021e-05,9.97e-06,1.002e-05,876503767313.0
2025-07-07 00:00:00,1.003e-05,1.007e-05,9.97e-06,1.004e-05,527284791024.0
2025-07-07 01:00:00,1.003e-05,1.012e-05,9.99e-06,1.012e-05,345877732634.0
2025-07-07 02:00:00,1.011e-05,1.026e-05,1.011e-05,1.017e-05,670080955023.0
2025-07-07 03:00:00,1.018e-05,1.027e-05,1.016e-05,1.017e-05,573695392150.0
2025-07-07 04:00:00,1.017e-05,1.022e-05,1.011e-05,1.014e-05,346475558277.0
2025-07-07 05:00:00,1.015e-05,1.017e-05,1.006e-05,1.009e-05,383504515666.0
2025-07-07 06:00:00,1.01e-05,1.019e-05,1e-05,1.003e-05,408718783668.0
2025-07-07 07:00:00,1.003e-05,1.015e-05,9.98e-06,1.013e-05,463005837356.0
2025-07-07 08:00:00,1.013e-05,1.018e-05,1.008e-05,1.015e-05,319614329132.0
2025-07-07 09:00:00,1.016e-05,1.016e-05,1.004e-05,1.005e-05,271125067403.0
2025-07-07 10:00:00,1.005e-05,1.007e-05,1e-05,1.003e-05,406542350274.0
2025-07-07 11:00:00,1.003e-05,1.005e-05,9.96e-06,9.99e-06,382467703970.0
2025-07-07 12:00:00,9.99e-06,1.001e-05,9.87e-06,9.93e-06,571842745101.0
2025-07-07 13:00:00,9.93e-06,1.008e-05,9.92e-06,1.003e-05,633455947130.0
2025-07-07 14:00:00,1.004e-05,1.006e-05,9.82e-06,9.88e-06,1149260972431.0
2025-07-07 15:00:00,9.88e-06,9.98e-06,9.87e-06,9.94e-06,446611491884.0
2025-07-07 16:00:00,9.93e-06,1.001e-05,9.86e-06,9.87e-06,652260097330.0
2025-07-07 17:00:00,9.88e-06,1e-05,9.84e-06,9.96e-06,416122701808.0
2025-07-07 18:00:00,9.97e-06,1.001e-05,9.86e-06,9.99e-06,295716792234.0
2025-07-07 19:00:00,1e-05,1.013e-05,9.95e-06,9.98e-06,493158346646.0
2025-07-07 20:00:00,9.98e-06,9.99e-06,9.69e-06,9.81e-06,1091982669357.0
2025-07-07 21:00:00,9.8e-06,9.88e-06,9.73e-06,9.85e-06,436993806632.0
2025-07-07 22:00:00,9.84e-06,9.87e-06,9.76e-06,9.81e-06,281445402741.0
2025-07-07 23:00:00,9.81e-06,9.92e-06,9.8e-06,9.9e-06,211479087436.0
2025-07-08 00:00:00,9.9e-06,1e-05,9.87e-06,9.91e-06,688563437846.0
2025-07-08 01:00:00,9.91e-06,9.91e-06,9.8e-06,9.83e-06,351764904993.0
2025-07-08 02:00:00,9.83e-06,9.88e-06,9.75e-06,9.79e-06,853047136849.0
2025-07-08 03:00:00,9.79e-06,9.87e-06,9.78e-06,9.83e-06,212073097124.0
2025-07-08 04:00:00,9.83e-06,9.83e-06,9.71e-06,9.79e-06,323711586468.0
2025-07-08 05:00:00,9.8e-06,9.92e-06,9.76e-06,9.91e-06,287106699527.0
2025-07-08 06:00:00,9.9e-06,9.95e-06,9.86e-06,9.89e-06,367036833214.0
2025-07-08 07:00:00,9.89e-06,9.94e-06,9.84e-06,9.94e-06,347650294640.0
2025-07-08 08:00:00,9.93e-06,9.97e-06,9.87e-06,9.91e-06,287905127087.0
2025-07-08 09:00:00,9.91e-06,9.96e-06,9.9e-06,9.95e-06,129882735331.0
2025-07-08 10:00:00,9.94e-06,1.006e-05,9.93e-06,1.003e-05,505214931812.0
2025-07-08 11:00:00,1.003e-05,1.009e-05,9.98e-06,9.99e-06,503300465885.0
2025-07-08 12:00:00,9.99e-06,1.009e-05,9.99e-06,1.009e-05,348654425852.0
2025-07-08 13:00:00,1.009e-05,1.016e-05,1.001e-05,1.009e-05,600608358673.0
2025-07-08 14:00:00,1.01e-05,1.011e-05,9.93e-06,9.96e-06,747998807153.0
2025-07-08 15:00:00,9.96e-06,1e-05,9.92e-06,9.97e-06,383622245773.0
2025-07-08 16:00:00,9.98e-06,1.009e-05,9.91e-06,1.007e-05,633764574413.0
2025-07-08 17:00:00,1.007e-05,1.027e-05,1.006e-05,1.019e-05,1271727721486.0
2025-07-08 18:00:00,1.019e-05,1.028e-05,1.019e-05,1.026e-05,590131996698.0
2025-07-08 19:00:00,1.026e-05,1.029e-05,1.018e-05,1.022e-05,570992119428.0
2025-07-08 20:00:00,1.022e-05,1.023e-05,1.011e-05,1.012e-05,321495116737.0
2025-07-08 21:00:00,1.012e-05,1.02e-05,1.011e-05,1.018e-05,251118032856.0
2025-07-08 22:00:00,1.019e-05,1.022e-05,1.013e-05,1.021e-05,302634275179.0
2025-07-08 23:00:00,1.021e-05,1.023e-05,1.017e-05,1.019e-05,199976702388.0
2025-07-09 00:00:00,1.019e-05,1.021e-05,1.002e-05,1.01e-05,519937491796.0
2025-07-09 01:00:00,1.009e-05,1.018e-05,1.003e-05,1.007e-05,474890710244.0
2025-07-09 02:00:00,1.007e-05,1.01e-05,1.004e-05,1.006e-05,154733718243.0
2025-07-09 03:00:00,1.006e-05,1.011e-05,1e-05,1.005e-05,412423771969.0
2025-07-09 04:00:00,1.005e-05,1.011e-05,1.001e-05,1.01e-05,184861819835.0
2025-07-09 05:00:00,1.011e-05,1.026e-05,1.006e-05,1.02e-05,592336958764.0
2025-07-09 06:00:00,1.021e-05,1.024e-05,1.013e-05,1.022e-05,496437700195.0
2025-07-09 07:00:00,1.023e-05,1.024e-05,1.018e-05,1.02e-05,306439060583.0
2025-07-09 08:00:00,1.021e-05,1.031e-05,1.018e-05,1.023e-05,465596466337.0
2025-07-09 09:00:00,1.024e-05,1.026e-05,1.017e-05,1.024e-05,262649722640.0
2025-07-09 10:00:00,1.024e-05,1.03e-05,1.021e-05,1.027e-05,387878568823.0
2025-07-09 11:00:00,1.027e-05,1.029e-05,1.019e-05,1.022e-05,474518409987.0
2025-07-09 12:00:00,1.022e-05,1.044e-05,1.02e-05,1.031e-05,1163966567686.0
2025-07-09 13:00:00,1.031e-05,1.053e-05,1.031e-05,1.034e-05,1378477143728.0
2025-07-09 14:00:00,1.033e-05,1.038e-05,1.015e-05,1.025e-05,1425114042514.0
2025-07-09 15:00:00,1.024e-05,1.03e-05,1.02e-05,1.025e-05,472095529125.0
2025-07-09 16:00:00,1.025e-05,1.04e-05,1.025e-05,1.036e-05,524934429077.0
2025-07-09 17:00:00,1.036e-05,1.038e-05,1.025e-05,1.028e-05,672237895196.0
2025-07-09 18:00:00,1.028e-05,1.048e-05,1.027e-05,1.041e-05,1152961716116.0
2025-07-09 19:00:00,1.041e-05,1.101e-05,1.04e-05,1.087e-05,3095816337432.0
2025-07-09 20:00:00,1.087e-05,1.097e-05,1.071e-05,1.096e-05,2126899214680.0
2025-07-09 21:00:00,1.096e-05,1.136e-05,1.091e-05,1.113e-05,4710590647795.0
2025-07-09 22:00:00,1.114e-05,1.129e-05,1.114e-05,1.122e-05,953452052330.0
2025-07-09 23:00:00,1.122e-05,1.125e-05,1.104e-05,1.105e-05,903176176767.0
2025-07-10 00:00:00,1.105e-05,1.114e-05,1.089e-05,1.09e-05,972557307536.0
2025-07-10 01:00:00,1.09e-05,1.104e-05,1.089e-05,1.097e-05,726915702895.0
2025-07-10 02:00:00,1.097e-05,1.108e-05,1.097e-05,1.104e-05,467588764131.0
2025-07-10 03:00:00,1.105e-05,1.108e-05,1.1e-05,1.107e-05,425830324180.0
2025-07-10 04:00:00,1.107e-05,1.112e-05,1.099e-05,1.11e-05,521612087531.0
2025-07-10 05:00:00,1.111e-05,1.113e-05,1.098e-05,1.098e-05,446763219948.0
2025-07-10 06:00:00,1.098e-05,1.108e-05,1.093e-05,1.107e-05,453721967090.0
2025-07-10 07:00:00,1.107e-05,1.119e-05,1.103e-05,1.104e-05,967444687278.0
2025-07-10 08:00:00,1.104e-05,1.114e-05,1.1e-05,1.114e-05,522453864080.0
2025-07-10 09:00:00,1.114e-05,1.117e-05,1.105e-05,1.107e-05,327789468023.0
2025-07-10 10:00:00,1.107e-05,1.116e-05,1.102e-05,1.115e-05,597931128311.0
2025-07-10 11:00:00,1.114e-05,1.123e-05,1.108e-05,1.114e-05,647590245272.0
2025-07-10 12:00:00,1.115e-05,1.115e-05,1.102e-05,1.106e-05,703177411444.0
2025-07-10 13:00:00,1.106e-05,1.122e-05,1.105e-05,1.113e-05,926611049906.0
2025-07-10 14:00:00,1.113e-05,1.119e-05,1.098e-05,1.11e-05,1065198138777.0
2025-07-10 15:00:00,1.11e-05,1.112e-05,1.099e-05,1.102e-05,526774873134.0
2025-07-10 16:00:00,1.103e-05,1.157e-05,1.101e-05,1.143e-05,3210215881220.0
2025-07-10 17:00:00,1.143e-05,1.175e-05,1.132e-05,1.171e-05,2855683197384.0
2025-07-10 18:00:00,1.171e-05,1.171e-05,1.144e-05,1.157e-05,1595757915727.0
2025-07-10 19:00:00,1.157e-05,1.166e-05,1.153e-05,1.158e-05,686247584523.0
2025-07-10 20:00:00,1.158e-05,1.182e-05,1.158e-05,1.176e-05,1084114427325.0
2025-07-10 21:00:00,1.176e-05,1.241e-05,1.175e-05,1.225e-05,5193487275741.0
2025-07-10 22:00:00,1.225e-05,1.254e-05,1.213e-05,1.25e-05,2910359397762.0
2025-07-10 23:00:00,1.25e-05,1.252e-05,1.225e-05,1.241e-05,1763462657524.0
2025-07-11 00:00:00,1.24e-05,1.241e-05,1.209e-05,1.222e-05,1914822949479.0
2025-07-11 01:00:00,1.223e-05,1.253e-05,1.22e-05,1.251e-05,1398352551726.0
2025-07-11 02:00:00,1.251e-05,1.287e-05,1.244e-05,1.276e-05,2230528308728.0
2025-07-11 03:00:00,1.275e-05,1.298e-05,1.266e-05,1.278e-05,1537386210439.0
2025-07-11 04:00:00,1.278e-05,1.284e-05,1.264e-05,1.282e-05,1124086079634.0
2025-07-11 05:00:00,1.282e-05,1.309e-05,1.281e-05,1.284e-05,2710636423345.0
2025-07-11 06:00:00,1.283e-05,1.298e-05,1.255e-05,1.258e-05,1784099373871.0
2025-07-11 07:00:00,1.258e-05,1.278e-05,1.246e-05,1.259e-05,1883141851113.0
2025-07-11 08:00:00,1.26e-05,1.279e-05,1.26e-05,1.278e-05,1024157735464.0
2025-07-11 09:00:00,1.277e-05,1.29e-05,1.271e-05,1.282e-05,1120347580487.0
2025-07-11 10:00:00,1.281e-05,1.286e-05,1.276e-05,1.28e-05,815415723384.0
2025-07-11 11:00:00,1.28e-05,1.284e-05,1.267e-05,1.277e-05,1136181993019.0
2025-07-11 12:00:00,1.277e-05,1.284e-05,1.268e-05,1.283e-05,1049871801734.0
2025-07-11 13:00:00,1.282e-05,1.299e-05,1.267e-05,1.281e-05,2263359393078.0
2025-07-11 14:00:00,1.281e-05,1.298e-05,1.272e-05,1.28e-05,2032573036623.0
2025-07-11 15:00:00,1.279e-05,1.292e-05,1.243e-05,1.251e-05,2592058684207.0
2025-07-11 16:00:00,1.252e-05,1.278e-05,1.24e-05,1.276e-05,1977399918686.0
2025-07-11 17:00:00,1.276e-05,1.327e-05,1.274e-05,1.301e-05,3191517421755.0
2025-07-11 18:00:00,1.3e-05,1.313e-05,1.29e-05,1.295e-05,1138241524229.0
2025-07-11 19:00:00,1.295e-05,1.304e-05,1.282e-05,1.301e-05,741449697654.0
2025-07-11 20:00:00,1.301e-05,1.303e-05,1.27e-05,1.272e-05,641235143356.0
2025-07-11 21:00:00,1.272e-05,1.279e-05,1.247e-05,1.253e-05,1243143425860.0
2025-07-11 22:00:00,1.254e-05,1.259e-05,1.2e-05,1.224e-05,4873076397484.0
2025-07-11 23:00:00,1.224e-05,1.243e-05,1.221e-05,1.236e-05,1001301828779.0
2025-07-12 00:00:00,1.235e-05,1.242e-05,1.208e-05,1.225e-05,1689079271142.0
2025-07-12 01:00:00,1.225e-05,1.244e-05,1.225e-05,1.241e-05,869831767344.0
2025-07-12 02:00:00,1.24e-05,1.255e-05,1.235e-05,1.245e-05,577066215618.0
2025-07-12 03:00:00,1.246e-05,1.256e-05,1.243e-05,1.253e-05,602698464634.0
2025-07-12 04:00:00,1.252e-05,1.254e-05,1.225e-05,1.228e-05,754500418183.0
2025-07-12 05:00:00,1.228e-05,1.235e-05,1.213e-05,1.232e-05,740265207756.0
2025-07-12 06:00:00,1.231e-05,1.25e-05,1.222e-05,1.245e-05,626617330660.0
2025-07-12 07:00:00,1.244e-05,1.254e-05,1.238e-05,1.247e-05,479462917356.0
2025-07-12 08:00:00,1.247e-05,1.255e-05,1.242e-05,1.248e-05,509637354632.0
2025-07-12 09:00:00,1.247e-05,1.252e-05,1.242e-05,1.249e-05,323450943379.0
2025-07-12 10:00:00,1.249e-05,1.253e-05,1.242e-05,1.248e-05,394003204266.0
2025-07-12 11:00:00,1.248e-05,1.251e-05,1.238e-05,1.243e-05,506127057622.0
2025-07-12 12:00:00,1.243e-05,1.246e-05,1.192e-05,1.213e-05,1616335993475.0
2025-07-12 13:00:00,1.212e-05,1.212e-05,1.186e-05,1.212e-05,1488672293615.0
2025-07-12 14:00:00,1.212e-05,1.228e-05,1.207e-05,1.214e-05,828271516020.0
2025-07-12 15:00:00,1.214e-05,1.216e-05,1.184e-05,1.197e-05,1215205591924.0
2025-07-12 16:00:00,1.196e-05,1.211e-05,1.188e-05,1.195e-05,742151857670.0
2025-07-12 17:00:00,1.194e-05,1.226e-05,1.193e-05,1.224e-05,799619574728.0
2025-07-12 18:00:00,1.223e-05,1.231e-05,1.212e-05,1.224e-05,440894880354.0
2025-07-12 19:00:00,1.224e-05,1.23e-05,1.219e-05,1.227e-05,357896441053.0
2025-07-12 20:00:00,1.228e-05,1.229e-05,1.202e-05,1.203e-05,342553294322.0
2025-07-12 21:00:00,1.203e-05,1.224e-05,1.202e-05,1.222e-05,417833248074.0
2025-07-12 22:00:00,1.222e-05,1.223e-05,1.207e-05,1.219e-05,325979725490.0
2025-07-12 23:00:00,1.219e-05,1.226e-05,1.211e-05,1.224e-05,268543000243.0
2025-07-13 00:00:00,1.224e-05,1.23e-05,1.215e-05,1.221e-05,663529173417.0
2025-07-13 01:00:00,1.222e-05,1.242e-05,1.218e-05,1.237e-05,670428083592.0
2025-07-13 02:00:00,1.237e-05,1.242e-05,1.218e-05,1.234e-05,927915829561.0
2025-07-13 03:00:00,1.235e-05,1.236e-05,1.227e-05,1.231e-05,340347486976.0
2025-07-13 04:00:00,1.231e-05,1.242e-05,1.225e-05,1.241e-05,421313592968.0
2025-07-13 05:00:00,1.241e-05,1.243e-05,1.226e-05,1.229e-05,505072582148.0
2025-07-13 06:00:00,1.229e-05,1.238e-05,1.225e-05,1.228e-05,450087798574.0
2025-07-13 07:00:00,1.227e-05,1.235e-05,1.22e-05,1.228e-05,360547201795.0
2025-07-13 08:00:00,1.228e-05,1.23e-05,1.211e-05,1.217e-05,510567699415.0
2025-07-13 09:00:00,1.217e-05,1.222e-05,1.208e-05,1.213e-05,689521272316.0
2025-07-13 10:00:00,1.214e-05,1.22e-05,1.208e-05,1.214e-05,338012542411.0
2025-07-13 11:00:00,1.214e-05,1.241e-05,1.213e-05,1.24e-05,783627672990.0
2025-07-13 12:00:00,1.24e-05,1.252e-05,1.229e-05,1.244e-05,786041408228.0
2025-07-13 13:00:00,1.245e-05,1.245e-05,1.232e-05,1.241e-05,882263170567.0
2025-07-13 14:00:00,1.241e-05,1.266e-05,1.23e-05,1.238e-05,2729144230613.0
2025-07-13 15:00:00,1.238e-05,1.254e-05,1.229e-05,1.236e-05,914838067007.0
2025-07-13 16:00:00,1.236e-05,1.246e-05,1.218e-05,1.22e-05,811379070415.0
2025-07-13 17:00:00,1.22e-05,1.24e-05,1.215e-05,1.236e-05,609570265657.0
2025-07-13 18:00:00,1.236e-05,1.261e-05,1.234e-05,1.254e-05,951294287470.0
2025-07-13 19:00:00,1.254e-05,1.269e-05,1.246e-05,1.248e-05,867114087605.0
2025-07-13 20:00:00,1.248e-05,1.258e-05,1.24e-05,1.25e-05,475536962340.0
2025-07-13 21:00:00,1.249e-05,1.251e-05,1.22e-05,1.228e-05,961016105985.0
2025-07-13 22:00:00,1.227e-05,1.23e-05,1.21e-05,1.221e-05,1067087647507.0
2025-07-13 23:00:00,1.221e-05,1.233e-05,1.215e-05,1.23e-05,716691932976.0
2025-07-14 00:00:00,1.231e-05,1.253e-05,1.224e-05,1.237e-05,986255547908.0
2025-07-14 01:00:00,1.238e-05,1.242e-05,1.223e-05,1.237e-05,819600439751.0
2025-07-14 02:00:00,1.237e-05,1.279e-05,1.234e-05,1.268e-05,1975718915152.0
2025-07-14 03:00:00,1.267e-05,1.305e-05,1.262e-05,1.291e-05,1977074784714.0
2025-07-14 04:00:00,1.292e-05,1.316e-05,1.287e-05,1.315e-05,1574820370438.0
2025-07-14 05:00:00,1.315e-05,1.337e-05,1.273e-05,1.298e-05,3046924588483.0
2025-07-14 06:00:00,1.298e-05,1.3e-05,1.269e-05,1.273e-05,1593644530582.0
2025-07-14 07:00:00,1.273e-05,1.296e-05,1.271e-05,1.286e-05,1056816136002.0
2025-07-14 08:00:00,1.287e-05,1.289e-05,1.248e-05,1.261e-05,1776538237445.0
2025-07-14 09:00:00,1.26e-05,1.271e-05,1.254e-05,1.262e-05,1133592437752.0
2025-07-14 10:00:00,1.261e-05,1.268e-05,1.243e-05,1.258e-05,1052866766488.0
2025-07-14 11:00:00,1.258e-05,1.267e-05,1.247e-05,1.254e-05,578503168840.0
2025-07-14 12:00:00,1.255e-05,1.26e-05,1.241e-05,1.256e-05,777428818971.0
2025-07-14 13:00:00,1.257e-05,1.265e-05,1.241e-05,1.258e-05,1136562281964.0
2025-07-14 14:00:00,1.258e-05,1.269e-05,1.229e-05,1.244e-05,1800332573847.0
2025-07-14 15:00:00,1.244e-05,1.244e-05,1.211e-05,1.224e-05,1716691251598.0
2025-07-14 16:00:00,1.224e-05,1.241e-05,1.216e-05,1.239e-05,1220989802154.0
2025-07-14 17:00:00,1.239e-05,1.242e-05,1.227e-05,1.234e-05,531420724605.0
2025-07-14 18:00:00,1.235e-05,1.236e-05,1.218e-05,1.219e-05,553539591041.0
2025-07-14 19:00:00,1.22e-05,1.225e-05,1.212e-05,1.22e-05,688857880975.0
2025-07-14 20:00:00,1.22e-05,1.223e-05,1.202e-05,1.218e-05,819073727730.0
2025-07-14 21:00:00,1.218e-05,1.225e-05,1.213e-05,1.22e-05,547870390711.0
2025-07-14 22:00:00,1.219e-05,1.227e-05,1.213e-05,1.222e-05,539773423982.0
2025-07-14 23:00:00,1.222e-05,1.225e-05,1.214e-05,1.223e-05,357869438179.0
2025-07-15 00:00:00,1.223e-05,1.23e-05,1.204e-05,1.208e-05,889388464858.0
2025-07-15 01:00:00,1.209e-05,1.22e-05,1.187e-05,1.206e-05,1660096287498.0
2025-07-15 02:00:00,1.206e-05,1.212e-05,1.193e-05,1.2e-05,1240308857811.0
2025-07-15 03:00:00,1.2e-05,1.2e-05,1.166e-05,1.181e-05,1843210329206.0
2025-07-15 04:00:00,1.181e-05,1.2e-05,1.169e-05,1.192e-05,1067072568816.0
2025-07-15 05:00:00,1.192e-05,1.203e-05,1.192e-05,1.202e-05,956156668909.0
2025-07-15 06:00:00,1.201e-05,1.213e-05,1.198e-05,1.21e-05,849764105146.0
2025-07-15 07:00:00,1.211e-05,1.224e-05,1.196e-05,1.203e-05,1407271887073.0
2025-07-15 08:00:00,1.203e-05,1.214e-05,1.194e-05,1.205e-05,636232783401.0
2025-07-15 09:00:00,1.206e-05,1.22e-05,1.204e-05,1.213e-05,542354317676.0
2025-07-15 10:00:00,1.213e-05,1.219e-05,1.207e-05,1.215e-05,408483134035.0
2025-07-15 11:00:00,1.215e-05,1.222e-05,1.204e-05,1.22e-05,518501234398.0
2025-07-15 12:00:00,1.22e-05,1.23e-05,1.196e-05,1.215e-05,1851645075651.0
2025-07-15 13:00:00,1.216e-05,1.252e-05,1.214e-05,1.243e-05,2182896935306.0
2025-07-15 14:00:00,1.243e-05,1.248e-05,1.195e-05,1.202e-05,1961774373432.0
2025-07-15 15:00:00,1.202e-05,1.245e-05,1.198e-05,1.236e-05,1654614830683.0
2025-07-15 16:00:00,1.236e-05,1.248e-05,1.234e-05,1.242e-05,1018276051504.0
2025-07-15 17:00:00,1.241e-05,1.287e-05,1.236e-05,1.286e-05,1789381354894.0
2025-07-15 18:00:00,1.286e-05,1.29e-05,1.227e-05,1.245e-05,2202962060225.0
2025-07-15 19:00:00,1.244e-05,1.26e-05,1.224e-05,1.23e-05,1172129181979.0
2025-07-15 20:00:00,1.23e-05,1.247e-05,1.225e-05,1.241e-05,578876793075.0
2025-07-15 21:00:00,1.24e-05,1.271e-05,1.239e-05,1.264e-05,783248085267.0
2025-07-15 22:00:00,1.265e-05,1.267e-05,1.252e-05,1.264e-05,530121122657.0
2025-07-15 23:00:00,1.265e-05,1.291e-05,1.264e-05,1.286e-05,1468146245600.0
2025-07-16 00:00:00,1.285e-05,1.301e-05,1.276e-05,1.297e-05,1109534277140.0
2025-07-16 01:00:00,1.298e-05,1.307e-05,1.29e-05,1.291e-05,994192276006.0
2025-07-16 02:00:00,1.291e-05,1.293e-05,1.258e-05,1.267e-05,1097214457249.0
2025-07-16 03:00:00,1.268e-05,1.274e-05,1.261e-05,1.266e-05,942058986098.0
2025-07-16 04:00:00,1.265e-05,1.269e-05,1.248e-05,1.261e-05,566778049540.0
2025-07-16 05:00:00,1.261e-05,1.277e-05,1.26e-05,1.273e-05,659773250339.0
2025-07-16 06:00:00,1.274e-05,1.288e-05,1.263e-05,1.287e-05,765146676191.0
2025-07-16 07:00:00,1.286e-05,1.311e-05,1.28e-05,1.301e-05,1248031315949.0
2025-07-16 08:00:00,1.301e-05,1.304e-05,1.285e-05,1.298e-05,886255890223.0
2025-07-16 09:00:00,1.298e-05,1.308e-05,1.287e-05,1.302e-05,1085042365141.0
2025-07-16 10:00:00,1.303e-05,1.303e-05,1.281e-05,1.284e-05,729848669487.0
2025-07-16 11:00:00,1.284e-05,1.302e-05,1.284e-05,1.299e-05,730903198131.0
2025-07-16 12:00:00,1.299e-05,1.335e-05,1.296e-05,1.317e-05,2204204759845.0
2025-07-16 13:00:00,1.318e-05,1.332e-05,1.295e-05,1.31e-05,1805553369007.0
2025-07-16 14:00:00,1.309e-05,1.35e-05,1.302e-05,1.34e-05,2720794144489.0
2025-07-16 15:00:00,1.34e-05,1.348e-05,1.301e-05,1.32e-05,2934708039847.0
2025-07-16 16:00:00,1.32e-05,1.349e-05,1.312e-05,1.342e-05,1478931632104.0
2025-07-16 17:00:00,1.343e-05,1.372e-05,1.335e-05,1.37e-05,2695008921616.0
2025-07-16 18:00:00,1.37e-05,1.389e-05,1.362e-05,1.367e-05,1978167015583.0
2025-07-16 19:00:00,1.367e-05,1.384e-05,1.357e-05,1.379e-05,1187383386698.0
2025-07-16 20:00:00,1.379e-05,1.395e-05,1.37e-05,1.38e-05,1506572728548.0
2025-07-16 21:00:00,1.381e-05,1.411e-05,1.368e-05,1.393e-05,1837333945061.0
2025-07-16 22:00:00,1.393e-05,1.409e-05,1.362e-05,1.369e-05,1597476449293.0
2025-07-16 23:00:00,1.37e-05,1.372e-05,1.339e-05,1.354e-05,1464871575240.0
2025-07-17 00:00:00,1.355e-05,1.385e-05,1.348e-05,1.365e-05,1114305783470.0
2025-07-17 01:00:00,1.365e-05,1.376e-05,1.314e-05,1.336e-05,2155494909749.0
2025-07-17 02:00:00,1.337e-05,1.348e-05,1.326e-05,1.336e-05,885823086941.0
2025-07-17 03:00:00,1.336e-05,1.337e-05,1.304e-05,1.317e-05,1021857237672.0
2025-07-17 04:00:00,1.317e-05,1.333e-05,1.31e-05,1.333e-05,667075261781.0
2025-07-17 05:00:00,1.332e-05,1.352e-05,1.322e-05,1.35e-05,622273617268.0
2025-07-17 06:00:00,1.35e-05,1.373e-05,1.337e-05,1.365e-05,1644542555466.0
2025-07-17 07:00:00,1.364e-05,1.364e-05,1.34e-05,1.357e-05,1070803763165.0
2025-07-17 08:00:00,1.357e-05,1.365e-05,1.348e-05,1.354e-05,800591513913.0
2025-07-17 09:00:00,1.355e-05,1.383e-05,1.349e-05,1.374e-05,1366097100655.0
2025-07-17 10:00:00,1.373e-05,1.378e-05,1.355e-05,1.363e-05,850098853952.0
2025-07-17 11:00:00,1.364e-05,1.368e-05,1.346e-05,1.361e-05,918700073425.0
2025-07-17 12:00:00,1.361e-05,1.38e-05,1.349e-05,1.372e-05,1205010891873.0
2025-07-17 13:00:00,1.371e-05,1.376e-05,1.324e-05,1.353e-05,1459073666312.0
2025-07-17 14:00:00,1.353e-05,1.371e-05,1.343e-05,1.365e-05,939541480134.0
2025-07-17 15:00:00,1.366e-05,1.37e-05,1.338e-05,1.351e-05,889161669090.0
2025-07-17 16:00:00,1.35e-05,1.354e-05,1.306e-05,1.323e-05,1712506772850.0
2025-07-17 17:00:00,1.324e-05,1.342e-05,1.317e-05,1.338e-05,710328889470.0
2025-07-17 18:00:00,1.339e-05,1.345e-05,1.33e-05,1.337e-05,628160505050.0
2025-07-17 19:00:00,1.337e-05,1.342e-05,1.297e-05,1.302e-05,803226691345.0
2025-07-17 20:00:00,1.301e-05,1.316e-05,1.281e-05,1.312e-05,1541238749719.0
2025-07-17 21:00:00,1.312e-05,1.354e-05,1.31e-05,1.325e-05,1532689634505.0
2025-07-17 22:00:00,1.326e-05,1.355e-05,1.321e-05,1.339e-05,791054955877.0
2025-07-17 23:00:00,1.339e-05,1.365e-05,1.328e-05,1.337e-05,1658375335896.0
2025-07-18 00:00:00,1.337e-05,1.37e-05,1.317e-05,1.362e-05,2086717033781.0
2025-07-18 01:00:00,1.363e-05,1.395e-05,1.358e-05,1.375e-05,2103653477849.0
2025-07-18 02:00:00,1.376e-05,1.379e-05,1.356e-05,1.374e-05,1155724381355.0
2025-07-18 03:00:00,1.374e-05,1.382e-05,1.356e-05,1.372e-05,1078539014870.0
2025-07-18 04:00:00,1.373e-05,1.4e-05,1.363e-05,1.398e-05,1062731079467.0
2025-07-18 05:00:00,1.399e-05,1.432e-05,1.391e-05,1.429e-05,2480442615854.0
2025-07-18 06:00:00,1.428e-05,1.433e-05,1.398e-05,1.415e-05,1788812716424.0
2025-07-18 07:00:00,1.416e-05,1.42e-05,1.375e-05,1.377e-05,1785689162646.0
2025-07-18 08:00:00,1.377e-05,1.394e-05,1.358e-05,1.369e-05,1750183868996.0
2025-07-18 09:00:00,1.369e-05,1.381e-05,1.362e-05,1.377e-05,999949062239.0
2025-07-18 10:00:00,1.378e-05,1.378e-05,1.35e-05,1.365e-05,1021717392501.0
2025-07-18 11:00:00,1.366e-05,1.368e-05,1.335e-05,1.347e-05,1138335202327.0
2025-07-18 12:00:00,1.347e-05,1.377e-05,1.343e-05,1.377e-05,989832495954.0
2025-07-18 13:00:00,1.376e-05,1.391e-05,1.356e-05,1.372e-05,1515763867815.0
2025-07-18 14:00:00,1.373e-05,1.398e-05,1.331e-05,1.346e-05,2630628602119.0
2025-07-18 15:00:00,1.347e-05,1.357e-05,1.311e-05,1.33e-05,1693380067636.0
2025-07-18 16:00:00,1.33e-05,1.35e-05,1.322e-05,1.336e-05,963608341689.0
2025-07-18 17:00:00,1.336e-05,1.351e-05,1.328e-05,1.342e-05,589154791531.0
2025-07-18 18:00:00,1.341e-05,1.343e-05,1.32e-05,1.324e-05,597278405118.0
2025-07-18 19:00:00,1.324e-05,1.33e-05,1.301e-05,1.318e-05,975638092670.0
2025-07-18 20:00:00,1.319e-05,1.32e-05,1.266e-05,1.291e-05,3057390089170.0
2025-07-18 21:00:00,1.29e-05,1.311e-05,1.288e-05,1.298e-05,692356932934.0
2025-07-18 22:00:00,1.298e-05,1.318e-05,1.288e-05,1.294e-05,683361244223.0
2025-07-18 23:00:00,1.295e-05,1.302e-05,1.281e-05,1.298e-05,698197998709.0
2025-07-19 00:00:00,1.299e-05,1.309e-05,1.273e-05,1.275e-05,914264278226.0
2025-07-19 01:00:00,1.276e-05,1.299e-05,1.265e-05,1.294e-05,994726506069.0
2025-07-19 02:00:00,1.294e-05,1.323e-05,1.284e-05,1.32e-05,985236785315.0
2025-07-19 03:00:00,1.32e-05,1.342e-05,1.319e-05,1.338e-05,944791742510.0
2025-07-19 04:00:00,1.338e-05,1.35e-05,1.335e-05,1.349e-05,941781222699.0
2025-07-19 05:00:00,1.349e-05,1.354e-05,1.335e-05,1.337e-05,693193948487.0
2025-07-19 06:00:00,1.337e-05,1.34e-05,1.319e-05,1.325e-05,640677949640.0
2025-07-19 07:00:00,1.325e-05,1.332e-05,1.317e-05,1.32e-05,446205699595.0
2025-07-19 08:00:00,1.321e-05,1.325e-05,1.305e-05,1.316e-05,602209417704.0
2025-07-19 09:00:00,1.316e-05,1.323e-05,1.31e-05,1.313e-05,462065829164.0
2025-07-19 10:00:00,1.313e-05,1.327e-05,1.306e-05,1.318e-05,552328522971.0
2025-07-19 11:00:00,1.319e-05,1.325e-05,1.3e-05,1.302e-05,632963053765.0
2025-07-19 12:00:00,1.302e-05,1.313e-05,1.292e-05,1.312e-05,656334068867.0
2025-07-19 13:00:00,1.312e-05,1.314e-05,1.298e-05,1.301e-05,360817852180.0
2025-07-19 14:00:00,1.302e-05,1.305e-05,1.284e-05,1.288e-05,1002410585934.0
2025-07-19 15:00:00,1.287e-05,1.312e-05,1.286e-05,1.304e-05,490476331430.0
2025-07-19 16:00:00,1.305e-05,1.323e-05,1.294e-05,1.314e-05,824673022382.0
2025-07-19 17:00:00,1.314e-05,1.315e-05,1.296e-05,1.303e-05,320884680528.0
2025-07-19 18:00:00,1.302e-05,1.314e-05,1.301e-05,1.308e-05,274950662235.0
2025-07-19 19:00:00,1.309e-05,1.336e-05,1.302e-05,1.333e-05,552925969111.0
2025-07-19 20:00:00,1.333e-05,1.342e-05,1.327e-05,1.329e-05,536500520826.0
2025-07-19 21:00:00,1.328e-05,1.34e-05,1.313e-05,1.338e-05,485634458370.0
2025-07-19 22:00:00,1.338e-05,1.345e-05,1.33e-05,1.34e-05,359445880022.0
2025-07-19 23:00:00,1.34e-05,1.349e-05,1.335e-05,1.342e-05,364778768926.0
2025-07-20 00:00:00,1.343e-05,1.356e-05,1.331e-05,1.353e-05,749274220621.0
2025-07-20 01:00:00,1.353e-05,1.374e-05,1.344e-05,1.346e-05,1184445621570.0
2025-07-20 02:00:00,1.346e-05,1.356e-05,1.337e-05,1.349e-05,696217189172.0
2025-07-20 03:00:00,1.349e-05,1.378e-05,1.346e-05,1.364e-05,735817649009.0
2025-07-20 04:00:00,1.364e-05,1.367e-05,1.347e-05,1.349e-05,616811692988.0
2025-07-20 05:00:00,1.35e-05,1.362e-05,1.344e-05,1.359e-05,357590693181.0
2025-07-20 06:00:00,1.359e-05,1.369e-05,1.354e-05,1.361e-05,473054070501.0
2025-07-20 07:00:00,1.36e-05,1.377e-05,1.36e-05,1.368e-05,588117620435.0
2025-07-20 08:00:00,1.368e-05,1.39e-05,1.367e-05,1.39e-05,907771435986.0
2025-07-20 09:00:00,1.389e-05,1.396e-05,1.375e-05,1.381e-05,1030624650201.0
2025-07-20 10:00:00,1.381e-05,1.387e-05,1.369e-05,1.373e-05,746778221764.0
2025-07-20 11:00:00,1.372e-05,1.397e-05,1.368e-05,1.385e-05,748378325642.0
2025-07-20 12:00:00,1.386e-05,1.389e-05,1.376e-05,1.388e-05,523261087292.0
2025-07-20 13:00:00,1.388e-05,1.406e-05,1.382e-05,1.403e-05,1026010391928.0
2025-07-20 14:00:00,1.402e-05,1.403e-05,1.376e-05,1.399e-05,1075932203276.0
2025-07-20 15:00:00,1.399e-05,1.421e-05,1.389e-05,1.421e-05,1472401362398.0
2025-07-20 16:00:00,1.421e-05,1.46e-05,1.419e-05,1.44e-05,3240010744901.0
2025-07-20 17:00:00,1.44e-05,1.443e-05,1.402e-05,1.405e-05,1788671487733.0
2025-07-20 18:00:00,1.405e-05,1.437e-05,1.404e-05,1.432e-05,959509337197.0
2025-07-20 19:00:00,1.433e-05,1.45e-05,1.43e-05,1.438e-05,744952342729.0
2025-07-20 20:00:00,1.439e-05,1.441e-05,1.415e-05,1.418e-05,804599176031.0
2025-07-20 21:00:00,1.418e-05,1.421e-05,1.394e-05,1.421e-05,707729996831.0
2025-07-20 22:00:00,1.421e-05,1.422e-05,1.372e-05,1.405e-05,1484317374000.0
2025-07-20 23:00:00,1.405e-05,1.414e-05,1.391e-05,1.402e-05,719776691403.0
2025-07-21 00:00:00,1.402e-05,1.407e-05,1.374e-05,1.39e-05,1074710825692.0
2025-07-21 01:00:00,1.391e-05,1.394e-05,1.37e-05,1.385e-05,625590422550.0
2025-07-21 02:00:00,1.385e-05,1.42e-05,1.384e-05,1.413e-05,751836328610.0
2025-07-21 03:00:00,1.413e-05,1.435e-05,1.412e-05,1.431e-05,817680284136.0
2025-07-21 04:00:00,1.431e-05,1.436e-05,1.419e-05,1.425e-05,645444973313.0
2025-07-21 05:00:00,1.425e-05,1.44e-05,1.413e-05,1.44e-05,578086707150.0
2025-07-21 06:00:00,1.44e-05,1.449e-05,1.429e-05,1.433e-05,1183607324315.0
2025-07-21 07:00:00,1.433e-05,1.445e-05,1.428e-05,1.437e-05,756973760532.0
2025-07-21 08:00:00,1.436e-05,1.454e-05,1.42e-05,1.43e-05,1070728111722.0
2025-07-21 09:00:00,1.431e-05,1.437e-05,1.401e-05,1.414e-05,1252817414530.0
2025-07-21 10:00:00,1.414e-05,1.425e-05,1.402e-05,1.424e-05,766039800023.0
2025-07-21 11:00:00,1.424e-05,1.444e-05,1.408e-05,1.41e-05,1275089068827.0
2025-07-21 12:00:00,1.409e-05,1.418e-05,1.4e-05,1.411e-05,954331559145.0
2025-07-21 13:00:00,1.411e-05,1.428e-05,1.392e-05,1.424e-05,1377598530454.0
2025-07-21 14:00:00,1.425e-05,1.44e-05,1.406e-05,1.428e-05,1494253921043.0
2025-07-21 15:00:00,1.428e-05,1.444e-05,1.405e-05,1.421e-05,1991865803492.0
2025-07-21 16:00:00,1.42e-05,1.422e-05,1.379e-05,1.402e-05,2423036585472.0
2025-07-21 17:00:00,1.401e-05,1.411e-05,1.383e-05,1.395e-05,1021947956165.0
2025-07-21 18:00:00,1.394e-05,1.413e-05,1.375e-05,1.38e-05,970805388992.0
2025-07-21 19:00:00,1.38e-05,1.392e-05,1.364e-05,1.381e-05,1074684226428.0
2025-07-21 20:00:00,1.382e-05,1.4e-05,1.375e-05,1.394e-05,746557176113.0
2025-07-21 21:00:00,1.393e-05,1.402e-05,1.387e-05,1.395e-05,362140757097.0
2025-07-21 22:00:00,1.394e-05,1.42e-05,1.393e-05,1.413e-05,798524939651.0
2025-07-21 23:00:00,1.414e-05,1.426e-05,1.408e-05,1.409e-05,590834620372.0
2025-07-22 00:00:00,1.409e-05,1.429e-05,1.402e-05,1.406e-05,736322091968.0
2025-07-22 01:00:00,1.407e-05,1.453e-05,1.366e-05,1.451e-05,3457515406137.0
2025-07-22 02:00:00,1.45e-05,1.475e-05,1.424e-05,1.433e-05,2385659644474.0
2025-07-22 03:00:00,1.434e-05,1.446e-05,1.397e-05,1.412e-05,2040995653334.0
2025-07-22 04:00:00,1.412e-05,1.419e-05,1.359e-05,1.362e-05,1932689735110.0
2025-07-22 05:00:00,1.361e-05,1.392e-05,1.36e-05,1.378e-05,1253730069174.0
2025-07-22 06:00:00,1.379e-05,1.4e-05,1.37e-05,1.385e-05,834383757662.0
2025-07-22 07:00:00,1.384e-05,1.398e-05,1.367e-05,1.372e-05,846908930013.0
2025-07-22 08:00:00,1.372e-05,1.373e-05,1.347e-05,1.367e-05,1469813786478.0
2025-07-22 09:00:00,1.367e-05,1.377e-05,1.35e-05,1.369e-05,794672064847.0
2025-07-22 10:00:00,1.368e-05,1.394e-05,1.366e-05,1.394e-05,715834307985.0
2025-07-22 11:00:00,1.393e-05,1.399e-05,1.38e-05,1.391e-05,636217833232.0
2025-07-22 12:00:00,1.392e-05,1.393e-05,1.377e-05,1.384e-05,659063669599.0
2025-07-22 13:00:00,1.384e-05,1.399e-05,1.36e-05,1.368e-05,1796867380217.0
2025-07-22 14:00:00,1.368e-05,1.39e-05,1.351e-05,1.389e-05,1082497817759.0
2025-07-22 15:00:00,1.389e-05,1.394e-05,1.372e-05,1.378e-05,884880134506.0
2025-07-22 16:00:00,1.379e-05,1.397e-05,1.371e-05,1.385e-05,858447123015.0
2025-07-22 17:00:00,1.384e-05,1.39e-05,1.365e-05,1.382e-05,808882552513.0
2025-07-22 18:00:00,1.382e-05,1.398e-05,1.373e-05,1.389e-05,887219471078.0
2025-07-22 19:00:00,1.388e-05,1.393e-05,1.351e-05,1.358e-05,1087761282353.0
2025-07-22 20:00:00,1.357e-05,1.386e-05,1.351e-05,1.383e-05,769644373448.0
2025-07-22 21:00:00,1.384e-05,1.389e-05,1.374e-05,1.386e-05,326566322969.0
2025-07-22 22:00:00,1.386e-05,1.399e-05,1.386e-05,1.393e-05,668496771381.0
2025-07-22 23:00:00,1.393e-05,1.418e-05,1.392e-05,1.416e-05,705191071854.0
2025-07-23 00:00:00,1.417e-05,1.418e-05,1.392e-05,1.394e-05,744183077608.0
2025-07-23 01:00:00,1.394e-05,1.406e-05,1.383e-05,1.4e-05,458402138056.0
2025-07-23 02:00:00,1.401e-05,1.415e-05,1.397e-05,1.411e-05,690417517202.0
2025-07-23 03:00:00,1.411e-05,1.414e-05,1.4e-05,1.403e-05,405690912566.0
2025-07-23 04:00:00,1.403e-05,1.417e-05,1.399e-05,1.416e-05,447602673192.0
2025-07-23 05:00:00,1.416e-05,1.417e-05,1.402e-05,1.409e-05,320644201454.0
2025-07-23 06:00:00,1.41e-05,1.411e-05,1.385e-05,1.393e-05,625333843704.0
2025-07-23 07:00:00,1.393e-05,1.405e-05,1.376e-05,1.38e-05,657248799256.0
2025-07-23 08:00:00,1.38e-05,1.394e-05,1.376e-05,1.394e-05,382608368389.0
2025-07-23 09:00:00,1.394e-05,1.396e-05,1.366e-05,1.367e-05,896258016388.0
2025-07-23 10:00:00,1.368e-05,1.372e-05,1.354e-05,1.37e-05,900642221440.0
2025-07-23 11:00:00,1.37e-05,1.373e-05,1.357e-05,1.369e-05,489070668997.0
2025-07-23 12:00:00,1.369e-05,1.374e-05,1.329e-05,1.334e-05,1390727182918.0
2025-07-23 13:00:00,1.334e-05,1.343e-05,1.286e-05,1.304e-05,4314690061679.0
2025-07-23 14:00:00,1.303e-05,1.328e-05,1.3e-05,1.319e-05,1504549547860.0
2025-07-23 15:00:00,1.319e-05,1.329e-05,1.301e-05,1.325e-05,665663525096.0
2025-07-23 16:00:00,1.324e-05,1.324e-05,1.283e-05,1.284e-05,958106304319.0
2025-07-23 17:00:00,1.284e-05,1.294e-05,1.254e-05,1.276e-05,2103026021460.0
2025-07-23 18:00:00,1.276e-05,1.291e-05,1.274e-05,1.288e-05,653537638521.0
2025-07-23 19:00:00,1.287e-05,1.293e-05,1.275e-05,1.276e-05,546298194873.0
2025-07-23 20:00:00,1.277e-05,1.287e-05,1.234e-05,1.258e-05,1847351217722.0
2025-07-23 21:00:00,1.257e-05,1.264e-05,1.219e-05,1.259e-05,1646235079098.0
2025-07-23 22:00:00,1.258e-05,1.274e-05,1.246e-05,1.266e-05,548103110705.0
2025-07-23 23:00:00,1.266e-05,1.279e-05,1.265e-05,1.273e-05,355451754184.0
2025-07-24 00:00:00,1.273e-05,1.293e-05,1.266e-05,1.29e-05,886021429812.0
2025-07-24 01:00:00,1.29e-05,1.296e-05,1.276e-05,1.295e-05,463029834168.0
2025-07-24 02:00:00,1.295e-05,1.297e-05,1.283e-05,1.288e-05,281334737702.0
2025-07-24 03:00:00,1.287e-05,1.299e-05,1.281e-05,1.282e-05,377461589114.0
2025-07-24 04:00:00,1.283e-05,1.288e-05,1.256e-05,1.259e-05,609545306149.0
2025-07-24 05:00:00,1.259e-05,1.26e-05,1.215e-05,1.217e-05,1336880829353.0
2025-07-24 06:00:00,1.218e-05,1.241e-05,1.185e-05,1.207e-05,1850877483098.0
2025-07-24 07:00:00,1.206e-05,1.238e-05,1.192e-05,1.237e-05,1290496036401.0
2025-07-24 08:00:00,1.237e-05,1.261e-05,1.227e-05,1.256e-05,787201084655.0
2025-07-24 09:00:00,1.256e-05,1.258e-05,1.241e-05,1.249e-05,493970349382.0
2025-07-24 10:00:00,1.249e-05,1.258e-05,1.226e-05,1.248e-05,662993063152.0
2025-07-24 11:00:00,1.248e-05,1.268e-05,1.246e-05,1.263e-05,589173079727.0
2025-07-24 12:00:00,1.263e-05,1.268e-05,1.246e-05,1.253e-05,466054720497.0
2025-07-24 13:00:00,1.253e-05,1.269e-05,1.246e-05,1.247e-05,766233373582.0
2025-07-24 14:00:00,1.248e-05,1.297e-05,1.236e-05,1.296e-05,1275057826387.0
2025-07-24 15:00:00,1.296e-05,1.305e-05,1.276e-05,1.285e-05,1627481245811.0
2025-07-24 16:00:00,1.286e-05,1.289e-05,1.249e-05,1.258e-05,994609788152.0
2025-07-24 17:00:00,1.258e-05,1.287e-05,1.255e-05,1.276e-05,569936026759.0
2025-07-24 18:00:00,1.276e-05,1.288e-05,1.266e-05,1.281e-05,670904827712.0
2025-07-24 19:00:00,1.281e-05,1.288e-05,1.267e-05,1.27e-05,441023114651.0
2025-07-24 20:00:00,1.27e-05,1.284e-05,1.267e-05,1.281e-05,244067061646.0
2025-07-24 21:00:00,1.281e-05,1.282e-05,1.261e-05,1.265e-05,337608464033.0
2025-07-24 22:00:00,1.265e-05,1.271e-05,1.255e-05,1.263e-05,461828499910.0
2025-07-24 23:00:00,1.263e-05,1.263e-05,1.233e-05,1.239e-05,680400669099.0
2025-07-25 00:00:00,1.24e-05,1.241e-05,1.208e-05,1.209e-05,1065920707951.0
2025-07-25 01:00:00,1.209e-05,1.222e-05,1.195e-05,1.217e-05,846811867783.0
2025-07-25 02:00:00,1.217e-05,1.223e-05,1.185e-05,1.189e-05,972343608300.0
2025-07-25 03:00:00,1.188e-05,1.204e-05,1.173e-05,1.192e-05,1102719746161.0
2025-07-25 04:00:00,1.192e-05,1.21e-05,1.177e-05,1.21e-05,1113308534914.0
2025-07-25 05:00:00,1.21e-05,1.213e-05,1.194e-05,1.197e-05,604068931191.0
2025-07-25 06:00:00,1.197e-05,1.211e-05,1.188e-05,1.206e-05,561454616547.0
2025-07-25 07:00:00,1.205e-05,1.217e-05,1.189e-05,1.202e-05,682128414733.0
2025-07-25 08:00:00,1.203e-05,1.222e-05,1.199e-05,1.208e-05,853518339610.0
2025-07-25 09:00:00,1.208e-05,1.233e-05,1.203e-05,1.233e-05,756914778277.0
2025-07-25 10:00:00,1.233e-05,1.24e-05,1.221e-05,1.229e-05,721594802283.0
2025-07-25 11:00:00,1.229e-05,1.239e-05,1.225e-05,1.23e-05,378032099844.0
2025-07-25 12:00:00,1.23e-05,1.237e-05,1.223e-05,1.233e-05,647360219088.0
2025-07-25 13:00:00,1.233e-05,1.241e-05,1.221e-05,1.236e-05,879037182660.0
2025-07-25 14:00:00,1.235e-05,1.238e-05,1.192e-05,1.195e-05,1450837306332.0
2025-07-25 15:00:00,1.195e-05,1.206e-05,1.178e-05,1.196e-05,1379078369913.0
2025-07-25 16:00:00,1.196e-05,1.214e-05,1.188e-05,1.211e-05,637172864032.0
2025-07-25 17:00:00,1.21e-05,1.218e-05,1.201e-05,1.205e-05,390925456100.0
2025-07-25 18:00:00,1.206e-05,1.215e-05,1.205e-05,1.212e-05,192759409901.0
2025-07-25 19:00:00,1.212e-05,1.224e-05,1.209e-05,1.214e-05,230060128365.0
2025-07-25 20:00:00,1.214e-05,1.242e-05,1.213e-05,1.237e-05,376823500538.0
2025-07-25 21:00:00,1.238e-05,1.255e-05,1.237e-05,1.249e-05,678769361893.0
2025-07-25 22:00:00,1.248e-05,1.255e-05,1.245e-05,1.253e-05,463216933368.0
2025-07-25 23:00:00,1.252e-05,1.257e-05,1.248e-05,1.255e-05,260385270307.0
2025-07-26 00:00:00,1.256e-05,1.261e-05,1.248e-05,1.256e-05,485750069939.0
2025-07-26 01:00:00,1.256e-05,1.258e-05,1.244e-05,1.244e-05,295623609330.0
2025-07-26 02:00:00,1.245e-05,1.267e-05,1.244e-05,1.26e-05,460378932201.0
2025-07-26 03:00:00,1.26e-05,1.263e-05,1.253e-05,1.257e-05,357769182666.0
2025-07-26 04:00:00,1.257e-05,1.261e-05,1.253e-05,1.255e-05,281240573473.0
2025-07-26 05:00:00,1.254e-05,1.26e-05,1.251e-05,1.259e-05,213525662555.0
2025-07-26 06:00:00,1.259e-05,1.26e-05,1.251e-05,1.253e-05,181394226878.0
2025-07-26 07:00:00,1.253e-05,1.263e-05,1.252e-05,1.259e-05,272805455030.0
2025-07-26 08:00:00,1.26e-05,1.272e-05,1.259e-05,1.264e-05,315369695548.0
2025-07-26 09:00:00,1.264e-05,1.268e-05,1.261e-05,1.267e-05,187488111444.0
2025-07-26 10:00:00,1.267e-05,1.274e-05,1.265e-05,1.266e-05,310845109214.0
2025-07-26 11:00:00,1.267e-05,1.269e-05,1.256e-05,1.259e-05,347199046340.0
2025-07-26 12:00:00,1.26e-05,1.264e-05,1.253e-05,1.263e-05,405239472992.0
2025-07-26 13:00:00,1.262e-05,1.27e-05,1.257e-05,1.262e-05,306796461179.0
2025-07-26 14:00:00,1.263e-05,1.269e-05,1.255e-05,1.256e-05,350380220793.0
2025-07-26 15:00:00,1.255e-05,1.262e-05,1.247e-05,1.261e-05,504697379998.0
2025-07-26 16:00:00,1.262e-05,1.267e-05,1.255e-05,1.259e-05,355159832672.0
2025-07-26 17:00:00,1.258e-05,1.259e-05,1.249e-05,1.252e-05,201449824095.0
2025-07-26 18:00:00,1.252e-05,1.265e-05,1.248e-05,1.262e-05,317499160984.0
2025-07-26 19:00:00,1.261e-05,1.27e-05,1.26e-05,1.267e-05,186145322130.0
2025-07-26 20:00:00,1.268e-05,1.268e-05,1.259e-05,1.261e-05,184053368670.0
2025-07-26 21:00:00,1.26e-05,1.266e-05,1.256e-05,1.263e-05,160027164739.0
2025-07-26 22:00:00,1.264e-05,1.278e-05,1.258e-05,1.26e-05,436189402529.0
2025-07-26 23:00:00,1.259e-05,1.261e-05,1.234e-05,1.24e-05,646879165869.0
2025-07-27 00:00:00,1.24e-05,1.249e-05,1.237e-05,1.249e-05,381505130993.0
2025-07-27 01:00:00,1.249e-05,1.259e-05,1.244e-05,1.251e-05,239015313500.0
2025-07-27 02:00:00,1.25e-05,1.266e-05,1.248e-05,1.264e-05,197279491834.0
2025-07-27 03:00:00,1.265e-05,1.268e-05,1.257e-05,1.259e-05,233537621515.0
2025-07-27 04:00:00,1.26e-05,1.268e-05,1.258e-05,1.264e-05,274083711364.0
2025-07-27 05:00:00,1.264e-05,1.271e-05,1.261e-05,1.264e-05,397980424267.0
2025-07-27 06:00:00,1.263e-05,1.264e-05,1.255e-05,1.258e-05,192473891236.0
2025-07-27 07:00:00,1.258e-05,1.263e-05,1.254e-05,1.256e-05,148428597686.0
2025-07-27 08:00:00,1.256e-05,1.259e-05,1.246e-05,1.251e-05,291050734007.0
2025-07-27 09:00:00,1.251e-05,1.252e-05,1.242e-05,1.245e-05,233802637901.0
2025-07-27 10:00:00,1.245e-05,1.269e-05,1.244e-05,1.265e-05,454461125523.0
2025-07-27 11:00:00,1.265e-05,1.281e-05,1.258e-05,1.262e-05,612655033524.0
2025-07-27 12:00:00,1.262e-05,1.278e-05,1.258e-05,1.276e-05,518399393640.0
2025-07-27 13:00:00,1.276e-05,1.28e-05,1.262e-05,1.266e-05,393657177420.0
2025-07-27 14:00:00,1.266e-05,1.275e-05,1.255e-05,1.261e-05,375114794124.0
2025-07-27 15:00:00,1.261e-05,1.262e-05,1.253e-05,1.26e-05,372779077502.0
2025-07-27 16:00:00,1.26e-05,1.286e-05,1.259e-05,1.267e-05,1312508895869.0
2025-07-27 17:00:00,1.267e-05,1.271e-05,1.259e-05,1.271e-05,688097380035.0
2025-07-27 18:00:00,1.27e-05,1.282e-05,1.269e-05,1.276e-05,420801554198.0
2025-07-27 19:00:00,1.275e-05,1.277e-05,1.263e-05,1.265e-05,208111920023.0
2025-07-27 20:00:00,1.266e-05,1.275e-05,1.255e-05,1.26e-05,385471127018.0
2025-07-27 21:00:00,1.26e-05,1.27e-05,1.256e-05,1.27e-05,319996759456.0
2025-07-27 22:00:00,1.27e-05,1.297e-05,1.27e-05,1.285e-05,1027195297464.0
2025-07-27 23:00:00,1.286e-05,1.286e-05,1.271e-05,1.279e-05,490162224657.0
2025-07-28 00:00:00,1.279e-05,1.297e-05,1.273e-05,1.28e-05,577655565275.0
2025-07-28 01:00:00,1.28e-05,1.28e-05,1.258e-05,1.264e-05,553393941196.0
2025-07-28 02:00:00,1.265e-05,1.295e-05,1.26e-05,1.291e-05,964310698222.0
2025-07-28 03:00:00,1.292e-05,1.302e-05,1.285e-05,1.298e-05,540995620562.0
2025-07-28 04:00:00,1.299e-05,1.302e-05,1.287e-05,1.298e-05,468373221609.0
2025-07-28 05:00:00,1.297e-05,1.314e-05,1.297e-05,1.312e-05,811316857050.0
2025-07-28 06:00:00,1.312e-05,1.315e-05,1.301e-05,1.308e-05,452818233195.0
2025-07-28 07:00:00,1.308e-05,1.309e-05,1.289e-05,1.299e-05,631638099100.0
2025-07-28 08:00:00,1.298e-05,1.304e-05,1.284e-05,1.292e-05,515938963774.0
2025-07-28 09:00:00,1.293e-05,1.297e-05,1.28e-05,1.295e-05,350978628580.0
2025-07-28 10:00:00,1.294e-05,1.296e-05,1.286e-05,1.289e-05,310379949882.0
2025-07-28 11:00:00,1.289e-05,1.291e-05,1.277e-05,1.288e-05,379267533910.0
2025-07-28 12:00:00,1.288e-05,1.301e-05,1.281e-05,1.292e-05,467196439168.0
2025-07-28 13:00:00,1.292e-05,1.293e-05,1.257e-05,1.263e-05,1377216265165.0
2025-07-28 14:00:00,1.263e-05,1.266e-05,1.228e-05,1.236e-05,1454027487979.0
2025-07-28 15:00:00,1.235e-05,1.245e-05,1.219e-05,1.23e-05,800234916533.0
2025-07-28 16:00:00,1.23e-05,1.235e-05,1.217e-05,1.222e-05,491938299289.0
2025-07-28 17:00:00,1.222e-05,1.231e-05,1.212e-05,1.219e-05,532198174202.0
2025-07-28 18:00:00,1.219e-05,1.221e-05,1.202e-05,1.211e-05,595406960954.0
2025-07-28 19:00:00,1.21e-05,1.22e-05,1.199e-05,1.209e-05,573393284228.0
2025-07-28 20:00:00,1.209e-05,1.212e-05,1.189e-05,1.198e-05,653026818170.0
2025-07-28 21:00:00,1.197e-05,1.206e-05,1.186e-05,1.199e-05,350307258219.0
2025-07-28 22:00:00,1.198e-05,1.202e-05,1.181e-05,1.192e-05,751838934507.0
2025-07-28 23:00:00,1.193e-05,1.196e-05,1.182e-05,1.19e-05,466695132968.0
2025-07-29 00:00:00,1.191e-05,1.206e-05,1.169e-05,1.189e-05,1268356593570.0
2025-07-29 01:00:00,1.19e-05,1.198e-05,1.181e-05,1.182e-05,446885150914.0
2025-07-29 02:00:00,1.181e-05,1.186e-05,1.166e-05,1.174e-05,584867797595.0
2025-07-29 03:00:00,1.174e-05,1.194e-05,1.173e-05,1.191e-05,510065121130.0
2025-07-29 04:00:00,1.192e-05,1.196e-05,1.181e-05,1.182e-05,361533801055.0
2025-07-29 05:00:00,1.182e-05,1.195e-05,1.18e-05,1.194e-05,309326686652.0
2025-07-29 06:00:00,1.195e-05,1.202e-05,1.192e-05,1.196e-05,606927903049.0
2025-07-29 07:00:00,1.197e-05,1.215e-05,1.194e-05,1.209e-05,1001558632229.0
2025-07-29 08:00:00,1.21e-05,1.213e-05,1.2e-05,1.202e-05,552324367746.0
2025-07-29 09:00:00,1.203e-05,1.204e-05,1.194e-05,1.197e-05,587125955116.0
2025-07-29 10:00:00,1.196e-05,1.198e-05,1.171e-05,1.174e-05,710659131959.0
2025-07-29 11:00:00,1.174e-05,1.183e-05,1.173e-05,1.181e-05,524661234980.0
2025-07-29 12:00:00,1.181e-05,1.195e-05,1.177e-05,1.188e-05,708585395114.0
2025-07-29 13:00:00,1.188e-05,1.197e-05,1.162e-05,1.17e-05,850636310829.0
2025-07-29 14:00:00,1.17e-05,1.171e-05,1.139e-05,1.149e-05,2015524037955.0
2025-07-29 15:00:00,1.148e-05,1.155e-05,1.14e-05,1.148e-05,1103606934352.0
2025-07-29 16:00:00,1.148e-05,1.152e-05,1.13e-05,1.151e-05,855965587731.0
2025-07-29 17:00:00,1.151e-05,1.16e-05,1.146e-05,1.15e-05,544403090899.0
2025-07-29 18:00:00,1.15e-05,1.152e-05,1.142e-05,1.148e-05,292137863223.0
2025-07-29 19:00:00,1.148e-05,1.155e-05,1.137e-05,1.139e-05,557432000493.0
2025-07-29 20:00:00,1.139e-05,1.148e-05,1.124e-05,1.135e-05,862590621655.0
2025-07-29 21:00:00,1.135e-05,1.153e-05,1.128e-05,1.147e-05,375134555586.0
2025-07-29 22:00:00,1.148e-05,1.153e-05,1.139e-05,1.151e-05,313564131176.0
2025-07-29 23:00:00,1.151e-05,1.155e-05,1.146e-05,1.152e-05,324166725963.0
2025-07-30 00:00:00,1.153e-05,1.153e-05,1.136e-05,1.144e-05,243615777577.0
2025-07-30 01:00:00,1.144e-05,1.154e-05,1.132e-05,1.15e-05,267579978777.0
2025-07-30 02:00:00,1.15e-05,1.159e-05,1.145e-05,1.154e-05,238602560017.0
2025-07-30 03:00:00,1.155e-05,1.16e-05,1.149e-05,1.154e-05,216464721829.0
2025-07-30 04:00:00,1.154e-05,1.162e-05,1.145e-05,1.147e-05,421243448343.0
2025-07-30 05:00:00,1.147e-05,1.161e-05,1.141e-05,1.156e-05,331813407264.0
2025-07-30 06:00:00,1.157e-05,1.16e-05,1.15e-05,1.158e-05,244389996615.0
2025-07-30 07:00:00,1.158e-05,1.16e-05,1.144e-05,1.148e-05,254251763867.0
2025-07-30 08:00:00,1.147e-05,1.158e-05,1.142e-05,1.152e-05,271002800527.0
2025-07-30 09:00:00,1.152e-05,1.154e-05,1.137e-05,1.142e-05,405374598006.0
2025-07-30 10:00:00,1.141e-05,1.15e-05,1.131e-05,1.134e-05,287907408648.0
2025-07-30 11:00:00,1.134e-05,1.141e-05,1.107e-05,1.116e-05,1186936837178.0
2025-07-30 12:00:00,1.116e-05,1.129e-05,1.104e-05,1.124e-05,826913885019.0
2025-07-30 13:00:00,1.123e-05,1.129e-05,1.113e-05,1.126e-05,783500546369.0
2025-07-30 14:00:00,1.126e-05,1.149e-05,1.122e-05,1.145e-05,816210327351.0
2025-07-30 15:00:00,1.145e-05,1.147e-05,1.132e-05,1.14e-05,460664359906.0
2025-07-30 16:00:00,1.14e-05,1.152e-05,1.136e-05,1.144e-05,574613377483.0
2025-07-30 17:00:00,1.143e-05,1.149e-05,1.137e-05,1.148e-05,220214649313.0
2025-07-30 18:00:00,1.148e-05,1.156e-05,1.119e-05,1.119e-05,1065485985323.0
2025-07-30 19:00:00,1.12e-05,1.13e-05,1.07e-05,1.125e-05,3520337895146.0
2025-07-30 20:00:00,1.125e-05,1.136e-05,1.119e-05,1.122e-05,415600342354.0
2025-07-30 21:00:00,1.122e-05,1.13e-05,1.112e-05,1.122e-05,320386158967.0
2025-07-30 22:00:00,1.121e-05,1.128e-05,1.114e-05,1.12e-05,285434525079.0
2025-07-30 23:00:00,1.12e-05,1.137e-05,1.119e-05,1.134e-05,288122725490.0
2025-07-31 00:00:00,1.134e-05,1.148e-05,1.129e-05,1.144e-05,417692204009.0
2025-07-31 01:00:00,1.144e-05,1.147e-05,1.139e-05,1.145e-05,282647520761.0
2025-07-31 02:00:00,1.145e-05,1.151e-05,1.141e-05,1.149e-05,262126177408.0
2025-07-31 03:00:00,1.149e-05,1.155e-05,1.147e-05,1.153e-05,314243678358.0
2025-07-31 04:00:00,1.153e-05,1.158e-05,1.148e-05,1.158e-05,280468710254.0
2025-07-31 05:00:00,1.157e-05,1.159e-05,1.154e-05,1.156e-05,255166914372.0
2025-07-31 06:00:00,1.156e-05,1.162e-05,1.151e-05,1.159e-05,312316248219.0
2025-07-31 07:00:00,1.158e-05,1.16e-05,1.154e-05,1.155e-05,231186188050.0
2025-07-31 08:00:00,1.155e-05,1.163e-05,1.154e-05,1.158e-05,311280801366.0
2025-07-31 09:00:00,1.158e-05,1.166e-05,1.155e-05,1.163e-05,421303518576.0
2025-07-31 10:00:00,1.162e-05,1.165e-05,1.158e-05,1.161e-05,206305473447.0
2025-07-31 11:00:00,1.16e-05,1.162e-05,1.147e-05,1.151e-05,268786607818.0
2025-07-31 12:00:00,1.151e-05,1.154e-05,1.136e-05,1.142e-05,586004718877.0
2025-07-31 13:00:00,1.141e-05,1.142e-05,1.118e-05,1.124e-05,1068475253406.0
2025-07-31 14:00:00,1.125e-05,1.129e-05,1.1e-05,1.107e-05,923656617444.0
2025-07-31 15:00:00,1.108e-05,1.126e-05,1.105e-05,1.12e-05,523005636116.0
2025-07-31 16:00:00,1.121e-05,1.143e-05,1.117e-05,1.136e-05,669484167986.0
2025-07-31 17:00:00,1.136e-05,1.137e-05,1.112e-05,1.115e-05,788919460666.0
2025-07-31 18:00:00,1.114e-05,1.123e-05,1.104e-05,1.115e-05,490037716840.0
2025-07-31 19:00:00,1.115e-05,1.118e-05,1.099e-05,1.103e-05,532326218045.0
2025-07-31 20:00:00,1.104e-05,1.106e-05,1.092e-05,1.097e-05,716063379159.0
2025-07-31 21:00:00,1.096e-05,1.105e-05,1.081e-05,1.093e-05,534725629735.0
2025-07-31 22:00:00,1.092e-05,1.092e-05,1.075e-05,1.08e-05,525010449538.0
2025-07-31 23:00:00,1.079e-05,1.089e-05,1.068e-05,1.078e-05,540802688779.0
2025-08-01 00:00:00,1.078e-05,1.082e-05,1.042e-05,1.07e-05,2093106787007.0
2025-08-01 01:00:00,1.07e-05,1.075e-05,1.053e-05,1.067e-05,885965912871.0
2025-08-01 02:00:00,1.067e-05,1.08e-05,1.064e-05,1.076e-05,456744491293.0
2025-08-01 03:00:00,1.077e-05,1.083e-05,1.071e-05,1.076e-05,393788232300.0
2025-08-01 04:00:00,1.076e-05,1.076e-05,1.064e-05,1.066e-05,406731641265.0
2025-08-01 05:00:00,1.066e-05,1.071e-05,1.055e-05,1.061e-05,364144101727.0
2025-08-01 06:00:00,1.06e-05,1.062e-05,1.047e-05,1.06e-05,704418950500.0
2025-08-01 07:00:00,1.061e-05,1.065e-05,1.051e-05,1.058e-05,508330793177.0
2025-08-01 08:00:00,1.057e-05,1.057e-05,1.032e-05,1.041e-05,1730914938227.0
2025-08-01 09:00:00,1.04e-05,1.055e-05,1.04e-05,1.046e-05,537266190370.0
2025-08-01 10:00:00,1.046e-05,1.055e-05,1.045e-05,1.051e-05,374670438049.0
2025-08-01 11:00:00,1.052e-05,1.062e-05,1.045e-05,1.059e-05,565724182840.0
2025-08-01 12:00:00,1.059e-05,1.07e-05,1.052e-05,1.059e-05,951624397782.0
2025-08-01 13:00:00,1.06e-05,1.066e-05,1.027e-05,1.036e-05,1056295426615.0
2025-08-01 14:00:00,1.035e-05,1.07e-05,1.029e-05,1.066e-05,1217000998399.0
2025-08-01 15:00:00,1.065e-05,1.068e-05,1.05e-05,1.065e-05,746745418703.0
2025-08-01 16:00:00,1.065e-05,1.077e-05,1.049e-05,1.052e-05,852038556315.0
2025-08-01 17:00:00,1.052e-05,1.06e-05,1.043e-05,1.048e-05,679827848618.0
2025-08-01 18:00:00,1.047e-05,1.061e-05,1.037e-05,1.052e-05,978354901198.0
2025-08-01 19:00:00,1.052e-05,1.07e-05,1.049e-05,1.068e-05,737604481818.0
2025-08-01 20:00:00,1.068e-05,1.072e-05,1.035e-05,1.055e-05,1071585265523.0
2025-08-01 21:00:00,1.055e-05,1.064e-05,1.051e-05,1.052e-05,518988182865.0
2025-08-01 22:00:00,1.053e-05,1.055e-05,1.004e-05,1.02e-05,1710564021949.0
2025-08-01 23:00:00,1.021e-05,1.045e-05,1.016e-05,1.039e-05,494708538089.0
2025-08-02 00:00:00,1.038e-05,1.055e-05,1.036e-05,1.054e-05,541853358213.0
2025-08-02 01:00:00,1.054e-05,1.056e-05,1.046e-05,1.055e-05,289873272354.0
2025-08-02 02:00:00,1.055e-05,1.056e-05,1.049e-05,1.05e-05,124044357827.0
2025-08-02 03:00:00,1.05e-05,1.055e-05,1.05e-05,1.055e-05,104541246614.0
2025-08-02 04:00:00,1.054e-05,1.062e-05,1.051e-05,1.06e-05,207509745947.0
2025-08-02 05:00:00,1.06e-05,1.064e-05,1.057e-05,1.061e-05,159872703979.0
2025-08-02 06:00:00,1.061e-05,1.061e-05,1.031e-05,1.039e-05,425283065823.0
2025-08-02 07:00:00,1.038e-05,1.061e-05,1.03e-05,1.06e-05,419783743378.0
2025-08-02 08:00:00,1.06e-05,1.062e-05,1.041e-05,1.041e-05,413798351833.0
2025-08-02 09:00:00,1.041e-05,1.048e-05,1.037e-05,1.045e-05,345232978806.0
2025-08-02 10:00:00,1.045e-05,1.046e-05,1.027e-05,1.036e-05,466661294929.0
2025-08-02 11:00:00,1.037e-05,1.046e-05,1.029e-05,1.039e-05,263223687783.0
2025-08-02 12:00:00,1.039e-05,1.041e-05,1.028e-05,1.037e-05,216378414455.0
2025-08-02 13:00:00,1.037e-05,1.044e-05,1.028e-05,1.041e-05,255539170768.0
2025-08-02 14:00:00,1.041e-05,1.043e-05,1.017e-05,1.025e-05,515267550796.0
2025-08-02 15:00:00,1.024e-05,1.035e-05,1.016e-05,1.019e-05,401775685153.0
2025-08-02 16:00:00,1.02e-05,1.028e-05,1.005e-05,1.021e-05,530205994247.0
2025-08-02 17:00:00,1.021e-05,1.029e-05,9.94e-06,1.001e-05,781101585684.0
2025-08-02 18:00:00,1.002e-05,1.007e-05,9.86e-06,9.94e-06,1287315211184.0
2025-08-02 19:00:00,9.93e-06,1.015e-05,9.88e-06,1.002e-05,377298208351.0
2025-08-02 20:00:00,1.002e-05,1.014e-05,1.002e-05,1.012e-05,372523555730.0
2025-08-02 21:00:00,1.012e-05,1.019e-05,1.006e-05,1.014e-05,399013246140.0
2025-08-02 22:00:00,1.014e-05,1.021e-05,1.006e-05,1.018e-05,309231261084.0
2025-08-02 23:00:00,1.018e-05,1.02e-05,1.003e-05,1.013e-05,268352110902.0
2025-08-03 00:00:00,1.013e-05,1.025e-05,9.99e-06,1.023e-05,572482957464.0
2025-08-03 01:00:00,1.023e-05,1.027e-05,1.018e-05,1.024e-05,319460464546.0
2025-08-03 02:00:00,1.024e-05,1.031e-05,1.023e-05,1.03e-05,185430694330.0
2025-08-03 03:00:00,1.031e-05,1.034e-05,1.028e-05,1.032e-05,178855754900.0
2025-08-03 04:00:00,1.032e-05,1.035e-05,1.028e-05,1.032e-05,121260056587.0
2025-08-03 05:00:00,1.033e-05,1.036e-05,1.03e-05,1.032e-05,299817557373.0
2025-08-03 06:00:00,1.031e-05,1.034e-05,1.029e-05,1.033e-05,128039628236.0
2025-08-03 07:00:00,1.033e-05,1.04e-05,1.033e-05,1.037e-05,412656739774.0
2025-08-03 08:00:00,1.038e-05,1.04e-05,1.032e-05,1.035e-05,277957745047.0
2025-08-03 09:00:00,1.035e-05,1.039e-05,1.032e-05,1.039e-05,162744030047.0
2025-08-03 10:00:00,1.039e-05,1.047e-05,1.038e-05,1.045e-05,314786665862.0
2025-08-03 11:00:00,1.045e-05,1.055e-05,1.045e-05,1.046e-05,556335455523.0
2025-08-03 12:00:00,1.047e-05,1.053e-05,1.042e-05,1.05e-05,344286312001.0
2025-08-03 13:00:00,1.049e-05,1.052e-05,1.043e-05,1.048e-05,297982347602.0
2025-08-03 14:00:00,1.048e-05,1.05e-05,1.04e-05,1.049e-05,408942332952.0
2025-08-03 15:00:00,1.048e-05,1.049e-05,1.042e-05,1.045e-05,257512508452.0
2025-08-03 16:00:00,1.045e-05,1.049e-05,1.041e-05,1.048e-05,258776687684.0
2025-08-03 17:00:00,1.048e-05,1.05e-05,1.042e-05,1.046e-05,199219902379.0
2025-08-03 18:00:00,1.046e-05,1.05e-05,1.043e-05,1.048e-05,186749916027.0
2025-08-03 19:00:00,1.049e-05,1.056e-05,1.046e-05,1.048e-05,271656082436.0
2025-08-03 20:00:00,1.047e-05,1.048e-05,1.042e-05,1.047e-05,160807311574.0
2025-08-03 21:00:00,1.046e-05,1.05e-05,1.045e-05,1.049e-05,161166420266.0
2025-08-03 22:00:00,1.049e-05,1.052e-05,1.04e-05,1.048e-05,255679658843.0
2025-08-03 23:00:00,1.047e-05,1.054e-05,1.043e-05,1.045e-05,247260686980.0
2025-08-04 00:00:00,1.046e-05,1.067e-05,1.044e-05,1.066e-05,449282016251.0
2025-08-04 01:00:00,1.066e-05,1.069e-05,1.051e-05,1.052e-05,373125106675.0
2025-08-04 02:00:00,1.052e-05,1.06e-05,1.049e-05,1.06e-05,310292840092.0
2025-08-04 03:00:00,1.059e-05,1.061e-05,1.051e-05,1.053e-05,214545455135.0
2025-08-04 04:00:00,1.053e-05,1.056e-05,1.048e-05,1.05e-05,193358388072.0
2025-08-04 05:00:00,1.049e-05,1.052e-05,1.042e-05,1.047e-05,276448648175.0
2025-08-04 06:00:00,1.046e-05,1.05e-05,1.041e-05,1.05e-05,202638894137.0
2025-08-04 07:00:00,1.049e-05,1.057e-05,1.045e-05,1.052e-05,223983514863.0
2025-08-04 08:00:00,1.052e-05,1.059e-05,1.049e-05,1.05e-05,274160590170.0
2025-08-04 09:00:00,1.049e-05,1.053e-05,1.042e-05,1.044e-05,195101804205.0
2025-08-04 10:00:00,1.044e-05,1.05e-05,1.042e-05,1.043e-05,207243802329.0
2025-08-04 11:00:00,1.043e-05,1.045e-05,1.034e-05,1.039e-05,375850338921.0
2025-08-04 12:00:00,1.04e-05,1.045e-05,1.036e-05,1.043e-05,225563044839.0
2025-08-04 13:00:00,1.043e-05,1.06e-05,1.04e-05,1.057e-05,568143489031.0
2025-08-04 14:00:00,1.058e-05,1.069e-05,1.051e-05,1.054e-05,1084418939519.0
2025-08-04 15:00:00,1.054e-05,1.06e-05,1.049e-05,1.056e-05,430464931130.0
2025-08-04 16:00:00,1.055e-05,1.075e-05,1.054e-05,1.075e-05,823633497849.0
2025-08-04 17:00:00,1.075e-05,1.083e-05,1.065e-05,1.067e-05,1019012707523.0
2025-08-04 18:00:00,1.067e-05,1.07e-05,1.057e-05,1.059e-05,370699183865.0
2025-08-04 19:00:00,1.059e-05,1.061e-05,1.048e-05,1.054e-05,525603073159.0
2025-08-04 20:00:00,1.053e-05,1.067e-05,1.051e-05,1.065e-05,367417179726.0
2025-08-04 21:00:00,1.065e-05,1.078e-05,1.064e-05,1.073e-05,307610946193.0
2025-08-04 22:00:00,1.073e-05,1.079e-05,1.072e-05,1.079e-05,273274937205.0
2025-08-04 23:00:00,1.079e-05,1.081e-05,1.074e-05,1.076e-05,209161575321.0
2025-08-05 00:00:00,1.075e-05,1.08e-05,1.07e-05,1.072e-05,255468205185.0
2025-08-05 01:00:00,1.072e-05,1.076e-05,1.064e-05,1.065e-05,347037786767.0
2025-08-05 02:00:00,1.065e-05,1.069e-05,1.061e-05,1.065e-05,180296830227.0
2025-08-05 03:00:00,1.065e-05,1.066e-05,1.049e-05,1.051e-05,457951216931.0
2025-08-05 04:00:00,1.051e-05,1.055e-05,1.045e-05,1.048e-05,182163197193.0
2025-08-05 05:00:00,1.048e-05,1.055e-05,1.047e-05,1.053e-05,163401577050.0
2025-08-05 06:00:00,1.054e-05,1.061e-05,1.048e-05,1.05e-05,218367433101.0
2025-08-05 07:00:00,1.05e-05,1.054e-05,1.031e-05,1.036e-05,799775224829.0
2025-08-05 08:00:00,1.035e-05,1.044e-05,1.031e-05,1.043e-05,351099243962.0
2025-08-05 09:00:00,1.043e-05,1.054e-05,1.042e-05,1.053e-05,220990914492.0
2025-08-05 10:00:00,1.054e-05,1.065e-05,1.049e-05,1.061e-05,367785411087.0
2025-08-05 11:00:00,1.062e-05,1.069e-05,1.058e-05,1.066e-05,278838940481.0
2025-08-05 12:00:00,1.067e-05,1.068e-05,1.042e-05,1.047e-05,504037172360.0
2025-08-05 13:00:00,1.048e-05,1.05e-05,1.039e-05,1.048e-05,470410039778.0
2025-08-05 14:00:00,1.048e-05,1.049e-05,1.008e-05,1.018e-05,2069707588932.0
2025-08-05 15:00:00,1.017e-05,1.023e-05,1.004e-05,1.011e-05,942812701104.0
2025-08-05 16:00:00,1.011e-05,1.022e-05,1.009e-05,1.014e-05,589863289541.0
2025-08-05 17:00:00,1.015e-05,1.022e-05,1.01e-05,1.019e-05,305431815960.0
2025-08-05 18:00:00,1.019e-05,1.02e-05,1.007e-05,1.013e-05,412422159556.0
2025-08-05 19:00:00,1.014e-05,1.018e-05,1.002e-05,1.008e-05,375491779370.0
2025-08-05 20:00:00,1.008e-05,1.018e-05,1.007e-05,1.012e-05,344995614158.0
2025-08-05 21:00:00,1.012e-05,1.015e-05,1.004e-05,1.005e-05,167783786177.0
2025-08-05 22:00:00,1.005e-05,1.017e-05,9.98e-06,1.017e-05,369790096086.0
2025-08-05 23:00:00,1.017e-05,1.023e-05,1.013e-05,1.02e-05,318203728562.0
2025-08-06 00:00:00,1.019e-05,1.02e-05,1.006e-05,1.008e-05,172185730822.0
2025-08-06 01:00:00,1.008e-05,1.011e-05,1.002e-05,1.011e-05,340215750629.0
2025-08-06 02:00:00,1.01e-05,1.011e-05,1.003e-05,1.006e-05,100979832066.0
2025-08-06 03:00:00,1.007e-05,1.007e-05,9.97e-06,1.002e-05,269860764960.0
2025-08-06 04:00:00,1.002e-05,1.002e-05,9.96e-06,1.001e-05,274887337568.0
2025-08-06 05:00:00,1.001e-05,1.027e-05,9.97e-06,1.019e-05,614419856730.0
2025-08-06 06:00:00,1.02e-05,1.025e-05,1.013e-05,1.023e-05,234614498505.0
2025-08-06 07:00:00,1.023e-05,1.03e-05,1.02e-05,1.028e-05,328698969824.0
2025-08-06 08:00:00,1.028e-05,1.028e-05,1.017e-05,1.022e-05,350021988463.0
2025-08-06 09:00:00,1.022e-05,1.033e-05,1.019e-05,1.029e-05,308349648764.0
2025-08-06 10:00:00,1.028e-05,1.033e-05,1.024e-05,1.029e-05,267256006149.0
2025-08-06 11:00:00,1.03e-05,1.038e-05,1.026e-05,1.028e-05,371396721327.0
2025-08-06 12:00:00,1.028e-05,1.032e-05,1.019e-05,1.024e-05,340649048916.0
2025-08-06 13:00:00,1.024e-05,1.036e-05,1.024e-05,1.029e-05,577727154767.0
2025-08-06 14:00:00,1.03e-05,1.049e-05,1.026e-05,1.046e-05,689714065097.0
2025-08-06 15:00:00,1.047e-05,1.058e-05,1.04e-05,1.056e-05,684829193116.0
2025-08-06 16:00:00,1.055e-05,1.061e-05,1.042e-05,1.046e-05,476617285401.0
2025-08-06 17:00:00,1.046e-05,1.057e-05,1.041e-05,1.054e-05,270229074287.0
2025-08-06 18:00:00,1.054e-05,1.061e-05,1.051e-05,1.052e-05,313216806609.0
2025-08-06 19:00:00,1.051e-05,1.055e-05,1.048e-05,1.052e-05,196502332549.0
2025-08-06 20:00:00,1.052e-05,1.054e-05,1.047e-05,1.051e-05,102373167891.0
2025-08-06 21:00:00,1.051e-05,1.054e-05,1.046e-05,1.051e-05,187509411957.0
2025-08-06 22:00:00,1.052e-05,1.056e-05,1.05e-05,1.055e-05,151149037165.0
2025-08-06 23:00:00,1.055e-05,1.057e-05,1.053e-05,1.056e-05,148989258053.0
2025-08-07 00:00:00,1.056e-05,1.059e-05,1.052e-05,1.053e-05,152269831708.0
2025-08-07 01:00:00,1.053e-05,1.062e-05,1.048e-05,1.05e-05,348916502674.0
2025-08-07 02:00:00,1.05e-05,1.052e-05,1.046e-05,1.049e-05,214416665949.0
2025-08-07 03:00:00,1.048e-05,1.052e-05,1.047e-05,1.049e-05,92492034776.0
2025-08-07 04:00:00,1.049e-05,1.055e-05,1.046e-05,1.048e-05,187317424646.0
2025-08-07 05:00:00,1.048e-05,1.051e-05,1.047e-05,1.051e-05,187911605541.0
2025-08-07 06:00:00,1.051e-05,1.058e-05,1.049e-05,1.052e-05,432922693748.0
2025-08-07 07:00:00,1.053e-05,1.06e-05,1.05e-05,1.052e-05,376371326504.0
2025-08-07 08:00:00,1.052e-05,1.059e-05,1.051e-05,1.052e-05,355204259239.0
2025-08-07 09:00:00,1.052e-05,1.056e-05,1.049e-05,1.056e-05,220067159683.0
2025-08-07 10:00:00,1.056e-05,1.086e-05,1.054e-05,1.079e-05,1359245514026.0
2025-08-07 11:00:00,1.08e-05,1.092e-05,1.079e-05,1.09e-05,807008626348.0
2025-08-07 12:00:00,1.09e-05,1.093e-05,1.077e-05,1.084e-05,555994944633.0
2025-08-07 13:00:00,1.083e-05,1.1e-05,1.081e-05,1.09e-05,741658696019.0
2025-08-07 14:00:00,1.091e-05,1.091e-05,1.078e-05,1.083e-05,607677351551.0
2025-08-07 15:00:00,1.083e-05,1.09e-05,1.078e-05,1.089e-05,368846784089.0
2025-08-07 16:00:00,1.089e-05,1.09e-05,1.059e-05,1.075e-05,798111758767.0
2025-08-07 17:00:00,1.074e-05,1.08e-05,1.07e-05,1.078e-05,298670197468.0
2025-08-07 18:00:00,1.078e-05,1.079e-05,1.073e-05,1.077e-05,155706820658.0
2025-08-07 19:00:00,1.077e-05,1.097e-05,1.077e-05,1.094e-05,602205749118.0
2025-08-07 20:00:00,1.094e-05,1.098e-05,1.091e-05,1.095e-05,386940540418.0
2025-08-07 21:00:00,1.096e-05,1.104e-05,1.092e-05,1.1e-05,278586110267.0
2025-08-07 22:00:00,1.099e-05,1.115e-05,1.099e-05,1.112e-05,646729826855.0
2025-08-07 23:00:00,1.112e-05,1.113e-05,1.104e-05,1.111e-05,443832490152.0
2025-08-08 00:00:00,1.112e-05,1.124e-05,1.098e-05,1.109e-05,1116501672439.0
2025-08-08 01:00:00,1.109e-05,1.116e-05,1.099e-05,1.104e-05,782568491236.0
2025-08-08 02:00:00,1.103e-05,1.11e-05,1.098e-05,1.105e-05,198550566298.0
2025-08-08 03:00:00,1.106e-05,1.121e-05,1.103e-05,1.111e-05,501602165618.0
2025-08-08 04:00:00,1.111e-05,1.112e-05,1.104e-05,1.104e-05,175457144785.0
2025-08-08 05:00:00,1.104e-05,1.107e-05,1.098e-05,1.099e-05,187088785329.0
2025-08-08 06:00:00,1.099e-05,1.11e-05,1.096e-05,1.11e-05,245107714472.0
2025-08-08 07:00:00,1.11e-05,1.13e-05,1.106e-05,1.127e-05,717441724871.0
2025-08-08 08:00:00,1.127e-05,1.14e-05,1.107e-05,1.114e-05,1120203167382.0
2025-08-08 09:00:00,1.114e-05,1.118e-05,1.106e-05,1.115e-05,421732125528.0
2025-08-08 10:00:00,1.114e-05,1.12e-05,1.109e-05,1.112e-05,337268680195.0
2025-08-08 11:00:00,1.113e-05,1.12e-05,1.112e-05,1.118e-05,160221887405.0
2025-08-08 12:00:00,1.119e-05,1.119e-05,1.105e-05,1.107e-05,320767509876.0
2025-08-08 13:00:00,1.107e-05,1.136e-05,1.106e-05,1.134e-05,788004305245.0
2025-08-08 14:00:00,1.135e-05,1.148e-05,1.117e-05,1.131e-05,1501183612101.0
2025-08-08 15:00:00,1.132e-05,1.133e-05,1.11e-05,1.121e-05,623102329389.0
2025-08-08 16:00:00,1.12e-05,1.134e-05,1.12e-05,1.13e-05,285542453242.0
2025-08-08 17:00:00,1.131e-05,1.179e-05,1.129e-05,1.178e-05,1343357642927.0
2025-08-08 18:00:00,1.178e-05,1.198e-05,1.175e-05,1.189e-05,1236476983796.0
2025-08-08 19:00:00,1.188e-05,1.197e-05,1.176e-05,1.197e-05,614463122999.0
2025-08-08 20:00:00,1.197e-05,1.202e-05,1.181e-05,1.191e-05,513317604395.0
2025-08-08 21:00:00,1.191e-05,1.194e-05,1.181e-05,1.183e-05,236013371547.0
2025-08-08 22:00:00,1.183e-05,1.193e-05,1.179e-05,1.19e-05,382529397291.0
2025-08-08 23:00:00,1.19e-05,1.194e-05,1.175e-05,1.181e-05,578081199980.0
2025-08-09 00:00:00,1.182e-05,1.184e-05,1.169e-05,1.174e-05,340929914672.0
2025-08-09 01:00:00,1.175e-05,1.181e-05,1.171e-05,1.179e-05,312661755412.0
2025-08-09 02:00:00,1.179e-05,1.18e-05,1.171e-05,1.172e-05,226689352121.0
2025-08-09 03:00:00,1.171e-05,1.175e-05,1.163e-05,1.166e-05,328025062886.0
2025-08-09 04:00:00,1.165e-05,1.184e-05,1.163e-05,1.177e-05,416806389046.0
2025-08-09 05:00:00,1.178e-05,1.238e-05,1.176e-05,1.236e-05,2015933038851.0
2025-08-09 06:00:00,1.236e-05,1.236e-05,1.214e-05,1.219e-05,858814650610.0
2025-08-09 07:00:00,1.22e-05,1.232e-05,1.218e-05,1.231e-05,497831544542.0
2025-08-09 08:00:00,1.231e-05,1.239e-05,1.225e-05,1.233e-05,651998452957.0
2025-08-09 09:00:00,1.232e-05,1.246e-05,1.228e-05,1.233e-05,563865390765.0
2025-08-09 10:00:00,1.232e-05,1.241e-05,1.227e-05,1.231e-05,564679254650.0
2025-08-09 11:00:00,1.231e-05,1.243e-05,1.229e-05,1.24e-05,649098258463.0
2025-08-09 12:00:00,1.24e-05,1.266e-05,1.235e-05,1.258e-05,939882997373.0
2025-08-09 13:00:00,1.258e-05,1.262e-05,1.233e-05,1.234e-05,765997487600.0
2025-08-09 14:00:00,1.235e-05,1.235e-05,1.219e-05,1.233e-05,1086998193432.0
2025-08-09 15:00:00,1.234e-05,1.238e-05,1.22e-05,1.232e-05,714753871263.0
2025-08-09 16:00:00,1.233e-05,1.241e-05,1.221e-05,1.225e-05,526365348034.0
2025-08-09 17:00:00,1.224e-05,1.24e-05,1.222e-05,1.235e-05,475236128782.0
2025-08-09 18:00:00,1.236e-05,1.24e-05,1.229e-05,1.238e-05,284925191262.0
2025-08-09 19:00:00,1.237e-05,1.247e-05,1.235e-05,1.242e-05,353750104122.0
2025-08-09 20:00:00,1.243e-05,1.261e-05,1.24e-05,1.251e-05,708137449892.0
2025-08-09 21:00:00,1.251e-05,1.252e-05,1.235e-05,1.243e-05,438810214801.0
2025-08-09 22:00:00,1.243e-05,1.257e-05,1.235e-05,1.239e-05,546444526638.0
2025-08-09 23:00:00,1.239e-05,1.246e-05,1.234e-05,1.24e-05,311411007604.0
2025-08-10 00:00:00,1.24e-05,1.265e-05,1.24e-05,1.256e-05,447584374097.0
2025-08-10 01:00:00,1.257e-05,1.264e-05,1.242e-05,1.247e-05,532172899303.0
2025-08-10 02:00:00,1.247e-05,1.257e-05,1.237e-05,1.242e-05,433382426299.0
2025-08-10 03:00:00,1.242e-05,1.264e-05,1.235e-05,1.263e-05,756610634937.0
2025-08-10 04:00:00,1.263e-05,1.263e-05,1.25e-05,1.251e-05,374176220948.0
2025-08-10 05:00:00,1.252e-05,1.255e-05,1.226e-05,1.229e-05,687680998185.0
2025-08-10 06:00:00,1.229e-05,1.23e-05,1.214e-05,1.221e-05,737479255772.0
2025-08-10 07:00:00,1.22e-05,1.229e-05,1.198e-05,1.201e-05,1080655557334.0
2025-08-10 08:00:00,1.2e-05,1.213e-05,1.182e-05,1.208e-05,1197843116991.0
2025-08-10 09:00:00,1.208e-05,1.213e-05,1.204e-05,1.209e-05,373797809888.0
2025-08-10 10:00:00,1.209e-05,1.212e-05,1.192e-05,1.196e-05,437847696022.0
2025-08-10 11:00:00,1.196e-05,1.204e-05,1.191e-05,1.192e-05,517753018261.0
2025-08-10 12:00:00,1.191e-05,1.198e-05,1.187e-05,1.196e-05,382961449916.0
2025-08-10 13:00:00,1.197e-05,1.201e-05,1.181e-05,1.183e-05,364990609855.0
2025-08-10 14:00:00,1.184e-05,1.204e-05,1.179e-05,1.202e-05,594897644325.0
2025-08-10 15:00:00,1.202e-05,1.209e-05,1.195e-05,1.197e-05,446356948934.0
2025-08-10 16:00:00,1.197e-05,1.208e-05,1.195e-05,1.207e-05,253674198557.0
2025-08-10 17:00:00,1.206e-05,1.211e-05,1.2e-05,1.206e-05,338360050197.0
2025-08-10 18:00:00,1.207e-05,1.211e-05,1.203e-05,1.209e-05,230047447017.0
2025-08-10 19:00:00,1.21e-05,1.218e-05,1.207e-05,1.212e-05,289742526334.0
2025-08-10 20:00:00,1.213e-05,1.215e-05,1.198e-05,1.204e-05,622041934815.0
2025-08-10 21:00:00,1.204e-05,1.206e-05,1.188e-05,1.201e-05,621965145244.0
2025-08-10 22:00:00,1.202e-05,1.203e-05,1.194e-05,1.202e-05,237739787046.0
2025-08-10 23:00:00,1.203e-05,1.21e-05,1.197e-05,1.207e-05,250459895127.0
2025-08-11 00:00:00,1.207e-05,1.216e-05,1.199e-05,1.204e-05,528411623381.0
2025-08-11 01:00:00,1.204e-05,1.226e-05,1.202e-05,1.221e-05,741398065921.0
2025-08-11 02:00:00,1.221e-05,1.241e-05,1.22e-05,1.237e-05,928721407544.0
2025-08-11 03:00:00,1.237e-05,1.237e-05,1.224e-05,1.234e-05,379746762639.0
2025-08-11 04:00:00,1.234e-05,1.243e-05,1.224e-05,1.225e-05,484008892525.0
2025-08-11 05:00:00,1.224e-05,1.231e-05,1.22e-05,1.225e-05,464991986333.0
2025-08-11 06:00:00,1.224e-05,1.228e-05,1.218e-05,1.224e-05,352412509766.0
2025-08-11 07:00:00,1.224e-05,1.227e-05,1.195e-05,1.198e-05,609140787819.0
2025-08-11 08:00:00,1.198e-05,1.214e-05,1.191e-05,1.21e-05,727881060745.0
2025-08-11 09:00:00,1.211e-05,1.215e-05,1.2e-05,1.203e-05,364250641880.0
2025-08-11 10:00:00,1.203e-05,1.204e-05,1.184e-05,1.187e-05,680737423807.0
2025-08-11 11:00:00,1.187e-05,1.189e-05,1.155e-05,1.161e-05,1227155117789.0
2025-08-11 12:00:00,1.16e-05,1.165e-05,1.15e-05,1.157e-05,1002446444177.0
2025-08-11 13:00:00,1.158e-05,1.172e-05,1.144e-05,1.166e-05,945305756608.0
2025-08-11 14:00:00,1.166e-05,1.177e-05,1.158e-05,1.163e-05,649946500946.0
2025-08-11 15:00:00,1.163e-05,1.174e-05,1.152e-05,1.172e-05,366992548490.0
2025-08-11 16:00:00,1.172e-05,1.188e-05,1.163e-05,1.169e-05,718589608906.0
2025-08-11 17:00:00,1.169e-05,1.177e-05,1.159e-05,1.162e-05,344907790010.0
2025-08-11 18:00:00,1.163e-05,1.169e-05,1.151e-05,1.161e-05,625507191701.0
2025-08-11 19:00:00,1.161e-05,1.162e-05,1.136e-05,1.142e-05,560415743503.0
2025-08-11 20:00:00,1.143e-05,1.148e-05,1.137e-05,1.143e-05,256946288672.0
2025-08-11 21:00:00,1.144e-05,1.146e-05,1.115e-05,1.126e-05,632362937525.0
2025-08-11 22:00:00,1.126e-05,1.128e-05,1.112e-05,1.123e-05,444747033363.0
2025-08-11 23:00:00,1.122e-05,1.129e-05,1.12e-05,1.123e-05,226020035274.0
2025-08-12 00:00:00,1.123e-05,1.13e-05,1.119e-05,1.127e-05,372087287896.0
2025-08-12 01:00:00,1.127e-05,1.132e-05,1.123e-05,1.128e-05,381071411105.0
2025-08-12 02:00:00,1.129e-05,1.139e-05,1.125e-05,1.132e-05,342419776097.0
2025-08-12 03:00:00,1.132e-05,1.134e-05,1.121e-05,1.123e-05,210922315157.0
2025-08-12 04:00:00,1.122e-05,1.137e-05,1.12e-05,1.136e-05,226969688140.0
2025-08-12 05:00:00,1.135e-05,1.135e-05,1.116e-05,1.122e-05,648151804663.0
2025-08-12 06:00:00,1.122e-05,1.132e-05,1.111e-05,1.126e-05,369085466316.0
2025-08-12 07:00:00,1.126e-05,1.136e-05,1.124e-05,1.134e-05,259798112278.0
2025-08-12 08:00:00,1.134e-05,1.137e-05,1.124e-05,1.127e-05,234677063806.0
2025-08-12 09:00:00,1.127e-05,1.13e-05,1.121e-05,1.122e-05,232957055399.0
2025-08-12 10:00:00,1.122e-05,1.123e-05,1.113e-05,1.117e-05,286425589120.0
2025-08-12 11:00:00,1.117e-05,1.127e-05,1.107e-05,1.125e-05,323129373426.0
2025-08-12 12:00:00,1.124e-05,1.189e-05,1.118e-05,1.167e-05,4895197022557.0
2025-08-12 13:00:00,1.167e-05,1.168e-05,1.137e-05,1.146e-05,1579883150451.0
2025-08-12 14:00:00,1.147e-05,1.163e-05,1.143e-05,1.163e-05,705015186429.0
2025-08-12 15:00:00,1.162e-05,1.203e-05,1.16e-05,1.197e-05,1842309774568.0
2025-08-12 16:00:00,1.197e-05,1.203e-05,1.185e-05,1.196e-05,1350193422939.0
2025-08-12 17:00:00,1.196e-05,1.218e-05,1.194e-05,1.205e-05,1103951529558.0
2025-08-12 18:00:00,1.205e-05,1.22e-05,1.199e-05,1.205e-05,723091092999.0
2025-08-12 19:00:00,1.206e-05,1.22e-05,1.204e-05,1.216e-05,446829636942.0
2025-08-12 20:00:00,1.216e-05,1.236e-05,1.208e-05,1.226e-05,961448092589.0
2025-08-12 21:00:00,1.227e-05,1.233e-05,1.215e-05,1.218e-05,694839611432.0
2025-08-12 22:00:00,1.219e-05,1.225e-05,1.212e-05,1.218e-05,498614627385.0
2025-08-12 23:00:00,1.217e-05,1.223e-05,1.212e-05,1.214e-05,658681304600.0
2025-08-13 00:00:00,1.213e-05,1.23e-05,1.211e-05,1.222e-05,470784512089.0
2025-08-13 01:00:00,1.223e-05,1.224e-05,1.203e-05,1.214e-05,671483411655.0
2025-08-13 02:00:00,1.214e-05,1.241e-05,1.205e-05,1.236e-05,845237992964.0
2025-08-13 03:00:00,1.236e-05,1.24e-05,1.22e-05,1.231e-05,802329024592.0
2025-08-13 04:00:00,1.231e-05,1.246e-05,1.227e-05,1.237e-05,756560713260.0
2025-08-13 05:00:00,1.236e-05,1.239e-05,1.212e-05,1.213e-05,856978748882.0
2025-08-13 06:00:00,1.213e-05,1.216e-05,1.204e-05,1.209e-05,602262665582.0
2025-08-13 07:00:00,1.209e-05,1.22e-05,1.195e-05,1.218e-05,3302735187623.0
2025-08-13 08:00:00,1.217e-05,1.243e-05,1.216e-05,1.235e-05,1697473096447.0
2025-08-13 09:00:00,1.236e-05,1.25e-05,1.229e-05,1.248e-05,1098786252259.0
2025-08-13 10:00:00,1.247e-05,1.249e-05,1.235e-05,1.236e-05,1020674770718.0
2025-08-13 11:00:00,1.235e-05,1.241e-05,1.227e-05,1.231e-05,903804497028.0
2025-08-13 12:00:00,1.231e-05,1.239e-05,1.221e-05,1.222e-05,668731447967.0
2025-08-13 13:00:00,1.221e-05,1.244e-05,1.206e-05,1.223e-05,1838476971692.0
2025-08-13 14:00:00,1.222e-05,1.228e-05,1.202e-05,1.206e-05,1423528143886.0
2025-08-13 15:00:00,1.206e-05,1.219e-05,1.197e-05,1.213e-05,695050984653.0
2025-08-13 16:00:00,1.213e-05,1.225e-05,1.207e-05,1.214e-05,576789787031.0
2025-08-13 17:00:00,1.213e-05,1.227e-05,1.212e-05,1.221e-05,486037516474.0
2025-08-13 18:00:00,1.222e-05,1.228e-05,1.201e-05,1.21e-05,686100781010.0
2025-08-13 19:00:00,1.211e-05,1.225e-05,1.209e-05,1.222e-05,543642695755.0
2025-08-13 20:00:00,1.223e-05,1.23e-05,1.216e-05,1.224e-05,553255648094.0
2025-08-13 21:00:00,1.224e-05,1.234e-05,1.211e-05,1.218e-05,486514350861.0
2025-08-13 22:00:00,1.218e-05,1.238e-05,1.214e-05,1.229e-05,538290587420.0
2025-08-13 23:00:00,1.228e-05,1.24e-05,1.224e-05,1.225e-05,491713027193.0
2025-08-14 00:00:00,1.226e-05,1.239e-05,1.217e-05,1.221e-05,725347828835.0
2025-08-14 01:00:00,1.22e-05,1.244e-05,1.208e-05,1.231e-05,1353054057195.0
2025-08-14 02:00:00,1.232e-05,1.269e-05,1.225e-05,1.264e-05,1489199673714.0
2025-08-14 03:00:00,1.265e-05,1.266e-05,1.253e-05,1.253e-05,807775170300.0
2025-08-14 04:00:00,1.254e-05,1.255e-05,1.235e-05,1.235e-05,640449690174.0
2025-08-14 05:00:00,1.236e-05,1.241e-05,1.213e-05,1.216e-05,1075490236770.0
2025-08-14 06:00:00,1.216e-05,1.218e-05,1.196e-05,1.216e-05,1334583713969.0
2025-08-14 07:00:00,1.215e-05,1.219e-05,1.201e-05,1.21e-05,769027637819.0
2025-08-14 08:00:00,1.211e-05,1.211e-05,1.181e-05,1.187e-05,1074916975263.0
2025-08-14 09:00:00,1.188e-05,1.199e-05,1.18e-05,1.197e-05,587555696743.0
2025-08-14 10:00:00,1.198e-05,1.198e-05,1.172e-05,1.184e-05,895835814348.0
2025-08-14 11:00:00,1.184e-05,1.187e-05,1.177e-05,1.181e-05,620506366340.0
2025-08-14 12:00:00,1.182e-05,1.188e-05,1.104e-05,1.121e-05,6395530052255.0
2025-08-14 13:00:00,1.122e-05,1.138e-05,1.096e-05,1.128e-05,3233824881390.0
2025-08-14 14:00:00,1.128e-05,1.143e-05,1.121e-05,1.131e-05,1329230655451.0
2025-08-14 15:00:00,1.132e-05,1.136e-05,1.119e-05,1.121e-05,706017120035.0
2025-08-14 16:00:00,1.122e-05,1.122e-05,1.106e-05,1.111e-05,884630764867.0
2025-08-14 17:00:00,1.112e-05,1.116e-05,1.103e-05,1.113e-05,465031693378.0
2025-08-14 18:00:00,1.112e-05,1.112e-05,1.086e-05,1.108e-05,815264940457.0
2025-08-14 19:00:00,1.109e-05,1.117e-05,1.103e-05,1.105e-05,295986695839.0
2025-08-14 20:00:00,1.105e-05,1.107e-05,1.097e-05,1.106e-05,315996401968.0
2025-08-14 21:00:00,1.105e-05,1.109e-05,1.081e-05,1.094e-05,712014120182.0
2025-08-14 22:00:00,1.093e-05,1.104e-05,1.087e-05,1.103e-05,362851776373.0
2025-08-14 23:00:00,1.103e-05,1.11e-05,1.102e-05,1.105e-05,319065868262.0
2025-08-15 00:00:00,1.105e-05,1.11e-05,1.098e-05,1.101e-05,525308105889.0
2025-08-15 01:00:00,1.101e-05,1.113e-05,1.097e-05,1.112e-05,514258486440.0
2025-08-15 02:00:00,1.112e-05,1.119e-05,1.107e-05,1.109e-05,647075784550.0
2025-08-15 03:00:00,1.109e-05,1.12e-05,1.105e-05,1.115e-05,408854580882.0
2025-08-15 04:00:00,1.116e-05,1.125e-05,1.112e-05,1.113e-05,591811709267.0
2025-08-15 05:00:00,1.113e-05,1.12e-05,1.109e-05,1.119e-05,324225583408.0
2025-08-15 06:00:00,1.119e-05,1.127e-05,1.117e-05,1.117e-05,504984086801.0
2025-08-15 07:00:00,1.118e-05,1.123e-05,1.11e-05,1.116e-05,277396435529.0
2025-08-15 08:00:00,1.116e-05,1.121e-05,1.112e-05,1.113e-05,308157890452.0
2025-08-15 09:00:00,1.114e-05,1.118e-05,1.101e-05,1.107e-05,320583384425.0
2025-08-15 10:00:00,1.107e-05,1.118e-05,1.105e-05,1.112e-05,225666853815.0
2025-08-15 11:00:00,1.111e-05,1.116e-05,1.106e-05,1.111e-05,188457807335.0
2025-08-15 12:00:00,1.112e-05,1.124e-05,1.1e-05,1.111e-05,1034428651463.0
2025-08-15 13:00:00,1.11e-05,1.114e-05,1.095e-05,1.1e-05,909353836720.0
2025-08-15 14:00:00,1.099e-05,1.106e-05,1.08e-05,1.084e-05,971182639988.0
2025-08-15 15:00:00,1.085e-05,1.087e-05,1.058e-05,1.067e-05,1406595855799.0
2025-08-15 16:00:00,1.067e-05,1.073e-05,1.052e-05,1.071e-05,768005962636.0
2025-08-15 17:00:00,1.071e-05,1.082e-05,1.061e-05,1.077e-05,549598817041.0
2025-08-15 18:00:00,1.077e-05,1.08e-05,1.06e-05,1.065e-05,539805636327.0
2025-08-15 19:00:00,1.066e-05,1.072e-05,1.059e-05,1.064e-05,410394867395.0
2025-08-15 20:00:00,1.064e-05,1.076e-05,1.06e-05,1.075e-05,208183361905.0
2025-08-15 21:00:00,1.075e-05,1.079e-05,1.067e-05,1.079e-05,309421174363.0
2025-08-15 22:00:00,1.079e-05,1.092e-05,1.076e-05,1.092e-05,239615290247.0
2025-08-15 23:00:00,1.092e-05,1.095e-05,1.076e-05,1.081e-05,322106442681.0
2025-08-16 00:00:00,1.08e-05,1.096e-05,1.079e-05,1.093e-05,272329987888.0
2025-08-16 01:00:00,1.093e-05,1.096e-05,1.088e-05,1.093e-05,212810103620.0
2025-08-16 02:00:00,1.093e-05,1.094e-05,1.085e-05,1.088e-05,150202565947.0
2025-08-16 03:00:00,1.088e-05,1.092e-05,1.085e-05,1.086e-05,175923483333.0
2025-08-16 04:00:00,1.087e-05,1.093e-05,1.084e-05,1.092e-05,124855137223.0
2025-08-16 05:00:00,1.092e-05,1.092e-05,1.082e-05,1.084e-05,142150912786.0
2025-08-16 06:00:00,1.084e-05,1.084e-05,1.078e-05,1.08e-05,154434133125.0
2025-08-16 07:00:00,1.08e-05,1.088e-05,1.079e-05,1.086e-05,213965426706.0
2025-08-16 08:00:00,1.086e-05,1.088e-05,1.081e-05,1.085e-05,182949743668.0
2025-08-16 09:00:00,1.084e-05,1.095e-05,1.082e-05,1.082e-05,371141118031.0
2025-08-16 10:00:00,1.082e-05,1.091e-05,1.079e-05,1.082e-05,343519414835.0
2025-08-16 11:00:00,1.083e-05,1.094e-05,1.083e-05,1.084e-05,151546300653.0
2025-08-16 12:00:00,1.083e-05,1.097e-05,1.081e-05,1.095e-05,374009423203.0
2025-08-16 13:00:00,1.095e-05,1.106e-05,1.092e-05,1.093e-05,411897686351.0
2025-08-16 14:00:00,1.093e-05,1.102e-05,1.088e-05,1.1e-05,316734636799.0
2025-08-16 15:00:00,1.1e-05,1.106e-05,1.095e-05,1.102e-05,267632164037.0
2025-08-16 16:00:00,1.101e-05,1.111e-05,1.098e-05,1.102e-05,244105911615.0
2025-08-16 17:00:00,1.103e-05,1.104e-05,1.096e-05,1.1e-05,178613665254.0
2025-08-16 18:00:00,1.1e-05,1.106e-05,1.097e-05,1.098e-05,123846731094.0
2025-08-16 19:00:00,1.098e-05,1.103e-05,1.096e-05,1.097e-05,122706463804.0
2025-08-16 20:00:00,1.097e-05,1.105e-05,1.096e-05,1.103e-05,69881213837.0
2025-08-16 21:00:00,1.103e-05,1.103e-05,1.099e-05,1.1e-05,63035041413.0
2025-08-16 22:00:00,1.099e-05,1.111e-05,1.097e-05,1.108e-05,129708590367.0
2025-08-16 23:00:00,1.109e-05,1.111e-05,1.104e-05,1.109e-05,170432882780.0
2025-08-17 00:00:00,1.109e-05,1.11e-05,1.102e-05,1.104e-05,152712569758.0
2025-08-17 01:00:00,1.103e-05,1.113e-05,1.098e-05,1.11e-05,330788097323.0
2025-08-17 02:00:00,1.111e-05,1.116e-05,1.104e-05,1.114e-05,214872427525.0
2025-08-17 03:00:00,1.114e-05,1.118e-05,1.109e-05,1.115e-05,150006076656.0
2025-08-17 04:00:00,1.116e-05,1.123e-05,1.115e-05,1.123e-05,209390819653.0
2025-08-17 05:00:00,1.123e-05,1.128e-05,1.12e-05,1.123e-05,225905747909.0
2025-08-17 06:00:00,1.124e-05,1.127e-05,1.117e-05,1.119e-05,183923333205.0
2025-08-17 07:00:00,1.118e-05,1.127e-05,1.117e-05,1.125e-05,148958827064.0
2025-08-17 08:00:00,1.125e-05,1.133e-05,1.123e-05,1.131e-05,270169776169.0
2025-08-17 09:00:00,1.131e-05,1.132e-05,1.118e-05,1.121e-05,356690713463.0
2025-08-17 10:00:00,1.122e-05,1.125e-05,1.117e-05,1.124e-05,154864417189.0
2025-08-17 11:00:00,1.124e-05,1.125e-05,1.121e-05,1.124e-05,104940276930.0
2025-08-17 12:00:00,1.124e-05,1.125e-05,1.119e-05,1.121e-05,169144658239.0
2025-08-17 13:00:00,1.122e-05,1.129e-05,1.119e-05,1.127e-05,198085377478.0
2025-08-17 14:00:00,1.126e-05,1.129e-05,1.121e-05,1.125e-05,170651988622.0
2025-08-17 15:00:00,1.125e-05,1.146e-05,1.124e-05,1.146e-05,653829920179.0
2025-08-17 16:00:00,1.146e-05,1.155e-05,1.127e-05,1.132e-05,795157333639.0
2025-08-17 17:00:00,1.132e-05,1.139e-05,1.129e-05,1.134e-05,257648721385.0
2025-08-17 18:00:00,1.135e-05,1.135e-05,1.104e-05,1.117e-05,608302321201.0
2025-08-17 19:00:00,1.117e-05,1.122e-05,1.11e-05,1.113e-05,334063011538.0
2025-08-17 20:00:00,1.113e-05,1.119e-05,1.111e-05,1.114e-05,158598356995.0
2025-08-17 21:00:00,1.113e-05,1.117e-05,1.111e-05,1.113e-05,132996748240.0
2025-08-17 22:00:00,1.114e-05,1.131e-05,1.112e-05,1.128e-05,237050743978.0
2025-08-17 23:00:00,1.128e-05,1.128e-05,1.11e-05,1.112e-05,240402989556.0
2025-08-18 00:00:00,1.112e-05,1.114e-05,1.1e-05,1.112e-05,560154839970.0
2025-08-18 01:00:00,1.112e-05,1.113e-05,1.091e-05,1.094e-05,757512197365.0
2025-08-18 02:00:00,1.094e-05,1.097e-05,1.073e-05,1.075e-05,956785537715.0
2025-08-18 03:00:00,1.075e-05,1.08e-05,1.06e-05,1.075e-05,613607697683.0
2025-08-18 04:00:00,1.075e-05,1.083e-05,1.07e-05,1.081e-05,255167216372.0
2025-08-18 05:00:00,1.08e-05,1.085e-05,1.069e-05,1.081e-05,268496765757.0
2025-08-18 06:00:00,1.082e-05,1.082e-05,1.059e-05,1.067e-05,591420630640.0
2025-08-18 07:00:00,1.066e-05,1.071e-05,1.062e-05,1.066e-05,293813205559.0
2025-08-18 08:00:00,1.066e-05,1.071e-05,1.063e-05,1.064e-05,224348427575.0
2025-08-18 09:00:00,1.063e-05,1.076e-05,1.055e-05,1.074e-05,714951193735.0
2025-08-18 10:00:00,1.073e-05,1.076e-05,1.066e-05,1.07e-05,321468473661.0
2025-08-18 11:00:00,1.07e-05,1.072e-05,1.064e-05,1.071e-05,289094881741.0
2025-08-18 12:00:00,1.071e-05,1.082e-05,1.068e-05,1.081e-05,355020970032.0
2025-08-18 13:00:00,1.08e-05,1.08e-05,1.061e-05,1.062e-05,472211139310.0
2025-08-18 14:00:00,1.062e-05,1.074e-05,1.061e-05,1.074e-05,404005487923.0
2025-08-18 15:00:00,1.074e-05,1.079e-05,1.065e-05,1.077e-05,342572012172.0
2025-08-18 16:00:00,1.077e-05,1.082e-05,1.063e-05,1.068e-05,311271889099.0
2025-08-18 17:00:00,1.067e-05,1.087e-05,1.066e-05,1.076e-05,395088956748.0
2025-08-18 18:00:00,1.076e-05,1.082e-05,1.071e-05,1.081e-05,164102242114.0
2025-08-18 19:00:00,1.082e-05,1.084e-05,1.073e-05,1.076e-05,222612040777.0
2025-08-18 20:00:00,1.075e-05,1.079e-05,1.066e-05,1.072e-05,188496613483.0
2025-08-18 21:00:00,1.073e-05,1.084e-05,1.07e-05,1.079e-05,195305923404.0
2025-08-18 22:00:00,1.08e-05,1.088e-05,1.076e-05,1.078e-05,254740126218.0
2025-08-18 23:00:00,1.077e-05,1.079e-05,1.065e-05,1.068e-05,240661108460.0
2025-08-19 00:00:00,1.068e-05,1.082e-05,1.057e-05,1.081e-05,449258315319.0
2025-08-19 01:00:00,1.08e-05,1.086e-05,1.066e-05,1.071e-05,178972437763.0
2025-08-19 02:00:00,1.07e-05,1.077e-05,1.066e-05,1.07e-05,167683702829.0
2025-08-19 03:00:00,1.07e-05,1.071e-05,1.041e-05,1.047e-05,658610120596.0
2025-08-19 04:00:00,1.047e-05,1.055e-05,1.036e-05,1.055e-05,438305809388.0
2025-08-19 05:00:00,1.055e-05,1.059e-05,1.049e-05,1.049e-05,189183089421.0
2025-08-19 06:00:00,1.049e-05,1.055e-05,1.046e-05,1.049e-05,198112278675.0
2025-08-19 07:00:00,1.05e-05,1.052e-05,1.042e-05,1.051e-05,409655136665.0
2025-08-19 08:00:00,1.051e-05,1.056e-05,1.042e-05,1.052e-05,305244692166.0
2025-08-19 09:00:00,1.052e-05,1.065e-05,1.051e-05,1.062e-05,275472027635.0
2025-08-19 10:00:00,1.062e-05,1.074e-05,1.061e-05,1.072e-05,224608472063.0
2025-08-19 11:00:00,1.073e-05,1.079e-05,1.07e-05,1.078e-05,284434343105.0
2025-08-19 12:00:00,1.078e-05,1.078e-05,1.07e-05,1.075e-05,197248303855.0
2025-08-19 13:00:00,1.074e-05,1.085e-05,1.063e-05,1.074e-05,478892717753.0
2025-08-19 14:00:00,1.074e-05,1.078e-05,1.038e-05,1.044e-05,818754846657.0
2025-08-19 15:00:00,1.043e-05,1.058e-05,1.037e-05,1.043e-05,654843356794.0
2025-08-19 16:00:00,1.042e-05,1.045e-05,1.028e-05,1.035e-05,738942522835.0
2025-08-19 17:00:00,1.034e-05,1.043e-05,1.027e-05,1.042e-05,338811350364.0
2025-08-19 18:00:00,1.042e-05,1.042e-05,1.019e-05,1.023e-05,455771332805.0
2025-08-19 19:00:00,1.023e-05,1.036e-05,1.016e-05,1.029e-05,354545750575.0
2025-08-19 20:00:00,1.029e-05,1.039e-05,1.021e-05,1.037e-05,291760854925.0
2025-08-19 21:00:00,1.037e-05,1.038e-05,1.032e-05,1.037e-05,173203043140.0
2025-08-19 22:00:00,1.037e-05,1.039e-05,1.03e-05,1.033e-05,172796268264.0
2025-08-19 23:00:00,1.034e-05,1.034e-05,1.017e-05,1.021e-05,346429884059.0
2025-08-20 00:00:00,1.021e-05,1.031e-05,1.019e-05,1.026e-05,280719227348.0
2025-08-20 01:00:00,1.027e-05,1.031e-05,1.013e-05,1.028e-05,557578485732.0
2025-08-20 02:00:00,1.029e-05,1.035e-05,1.025e-05,1.034e-05,380539234646.0
2025-08-20 03:00:00,1.034e-05,1.043e-05,1.032e-05,1.034e-05,354954667183.0
2025-08-20 04:00:00,1.034e-05,1.042e-05,1.033e-05,1.039e-05,200034578402.0
2025-08-20 05:00:00,1.039e-05,1.041e-05,1.033e-05,1.04e-05,98618812018.0
2025-08-20 06:00:00,1.041e-05,1.042e-05,1.033e-05,1.037e-05,215986487613.0
2025-08-20 07:00:00,1.038e-05,1.043e-05,1.033e-05,1.035e-05,218499063724.0
2025-08-20 08:00:00,1.034e-05,1.045e-05,1.033e-05,1.044e-05,299913882109.0
2025-08-20 09:00:00,1.044e-05,1.045e-05,1.038e-05,1.039e-05,193409509867.0
2025-08-20 10:00:00,1.04e-05,1.044e-05,1.038e-05,1.04e-05,113137779133.0
2025-08-20 11:00:00,1.04e-05,1.042e-05,1.023e-05,1.036e-05,365308512921.0
2025-08-20 12:00:00,1.036e-05,1.045e-05,1.031e-05,1.036e-05,215792553193.0
2025-08-20 13:00:00,1.035e-05,1.037e-05,1.01e-05,1.012e-05,781115746900.0
2025-08-20 14:00:00,1.013e-05,1.038e-05,1.002e-05,1.031e-05,999309228088.0
2025-08-20 15:00:00,1.031e-05,1.053e-05,1.03e-05,1.04e-05,864944103220.0
2025-08-20 16:00:00,1.041e-05,1.059e-05,1.04e-05,1.05e-05,480293443613.0
2025-08-20 17:00:00,1.05e-05,1.064e-05,1.048e-05,1.06e-05,373564034642.0
2025-08-20 18:00:00,1.061e-05,1.063e-05,1.042e-05,1.051e-05,317175531728.0
2025-08-20 19:00:00,1.051e-05,1.072e-05,1.05e-05,1.071e-05,286454071437.0
2025-08-20 20:00:00,1.07e-05,1.072e-05,1.066e-05,1.069e-05,228589809112.0
2025-08-20 21:00:00,1.069e-05,1.071e-05,1.061e-05,1.067e-05,226372506794.0
2025-08-20 22:00:00,1.067e-05,1.073e-05,1.064e-05,1.071e-05,190057679481.0
2025-08-20 23:00:00,1.07e-05,1.071e-05,1.065e-05,1.066e-05,133196147534.0
2025-08-21 00:00:00,1.067e-05,1.07e-05,1.061e-05,1.068e-05,201013614104.0
2025-08-21 01:00:00,1.068e-05,1.074e-05,1.06e-05,1.073e-05,224123376993.0
2025-08-21 02:00:00,1.073e-05,1.076e-05,1.053e-05,1.06e-05,337545967705.0
2025-08-21 03:00:00,1.06e-05,1.073e-05,1.06e-05,1.063e-05,210365292377.0
2025-08-21 04:00:00,1.063e-05,1.07e-05,1.06e-05,1.065e-05,226025726018.0
2025-08-21 05:00:00,1.065e-05,1.07e-05,1.061e-05,1.069e-05,185635698418.0
2025-08-21 06:00:00,1.069e-05,1.07e-05,1.058e-05,1.06e-05,201710248356.0
2025-08-21 07:00:00,1.06e-05,1.062e-05,1.05e-05,1.059e-05,186264556342.0
2025-08-21 08:00:00,1.059e-05,1.061e-05,1.048e-05,1.05e-05,253515308682.0
2025-08-21 09:00:00,1.049e-05,1.05e-05,1.042e-05,1.044e-05,515874133156.0
2025-08-21 10:00:00,1.044e-05,1.047e-05,1.041e-05,1.043e-05,222616704597.0
2025-08-21 11:00:00,1.043e-05,1.05e-05,1.038e-05,1.042e-05,255000465769.0
2025-08-21 12:00:00,1.042e-05,1.046e-05,1.031e-05,1.034e-05,295224682105.0
2025-08-21 13:00:00,1.034e-05,1.047e-05,1.032e-05,1.038e-05,333169833858.0
2025-08-21 14:00:00,1.038e-05,1.052e-05,1.024e-05,1.03e-05,886718961604.0
2025-08-21 15:00:00,1.03e-05,1.033e-05,1.02e-05,1.025e-05,561372531086.0
2025-08-21 16:00:00,1.024e-05,1.032e-05,1.021e-05,1.025e-05,295828190508.0
2025-08-21 17:00:00,1.025e-05,1.035e-05,1.021e-05,1.031e-05,215353773030.0
2025-08-21 18:00:00,1.032e-05,1.045e-05,1.031e-05,1.044e-05,243380446033.0
2025-08-21 19:00:00,1.044e-05,1.046e-05,1.03e-05,1.031e-05,194213813297.0
2025-08-21 20:00:00,1.032e-05,1.042e-05,1.026e-05,1.036e-05,133857690512.0
2025-08-21 21:00:00,1.037e-05,1.044e-05,1.03e-05,1.04e-05,222001712947.0
2025-08-21 22:00:00,1.04e-05,1.044e-05,1.038e-05,1.043e-05,70015640312.0
2025-08-21 23:00:00,1.043e-05,1.043e-05,1.035e-05,1.041e-05,76055424221.0
2025-08-22 00:00:00,1.04e-05,1.049e-05,1.039e-05,1.04e-05,223938873417.0
2025-08-22 01:00:00,1.041e-05,1.046e-05,1.031e-05,1.043e-05,191767734543.0
2025-08-22 02:00:00,1.043e-05,1.053e-05,1.041e-05,1.044e-05,168262331387.0
2025-08-22 03:00:00,1.044e-05,1.046e-05,1.031e-05,1.034e-05,146381656564.0
2025-08-22 04:00:00,1.034e-05,1.046e-05,1.034e-05,1.038e-05,138170900760.0
2025-08-22 05:00:00,1.037e-05,1.045e-05,1.036e-05,1.042e-05,70832126903.0
2025-08-22 06:00:00,1.043e-05,1.047e-05,1.034e-05,1.038e-05,171222961813.0
2025-08-22 07:00:00,1.038e-05,1.048e-05,1.037e-05,1.044e-05,235997522416.0
2025-08-22 08:00:00,1.044e-05,1.047e-05,1.035e-05,1.036e-05,261786329077.0
2025-08-22 09:00:00,1.037e-05,1.04e-05,1.032e-05,1.037e-05,156624415871.0
2025-08-22 10:00:00,1.037e-05,1.038e-05,1.022e-05,1.025e-05,420929542260.0
2025-08-22 11:00:00,1.026e-05,1.026e-05,1.013e-05,1.014e-05,328721616274.0
2025-08-22 12:00:00,1.015e-05,1.016e-05,9.88e-06,9.94e-06,1353585574463.0
2025-08-22 13:00:00,9.93e-06,1.005e-05,9.81e-06,9.99e-06,1133197330854.0
2025-08-22 14:00:00,9.98e-06,1.08e-05,9.98e-06,1.074e-05,6813078221169.0
2025-08-22 15:00:00,1.073e-05,1.098e-05,1.073e-05,1.09e-05,2153258904806.0
2025-08-22 16:00:00,1.09e-05,1.124e-05,1.089e-05,1.108e-05,1773749926337.0
2025-08-22 17:00:00,1.109e-05,1.141e-05,1.109e-05,1.13e-05,1728641375098.0
2025-08-22 18:00:00,1.13e-05,1.142e-05,1.127e-05,1.138e-05,651205839111.0
2025-08-22 19:00:00,1.137e-05,1.14e-05,1.132e-05,1.135e-05,416642873159.0
2025-08-22 20:00:00,1.135e-05,1.143e-05,1.135e-05,1.139e-05,435484206891.0
2025-08-22 21:00:00,1.139e-05,1.159e-05,1.138e-05,1.148e-05,939931893661.0
2025-08-22 22:00:00,1.149e-05,1.154e-05,1.14e-05,1.147e-05,650800561129.0
2025-08-22 23:00:00,1.148e-05,1.17e-05,1.146e-05,1.158e-05,710342797265.0
2025-08-23 00:00:00,1.158e-05,1.159e-05,1.143e-05,1.144e-05,483050506120.0
2025-08-23 01:00:00,1.144e-05,1.147e-05,1.123e-05,1.132e-05,840206016830.0
2025-08-23 02:00:00,1.132e-05,1.135e-05,1.097e-05,1.112e-05,1105221981788.0
2025-08-23 03:00:00,1.112e-05,1.118e-05,1.104e-05,1.11e-05,608695565880.0
2025-08-23 04:00:00,1.11e-05,1.132e-05,1.109e-05,1.132e-05,531829974999.0
2025-08-23 05:00:00,1.131e-05,1.15e-05,1.13e-05,1.148e-05,478449312707.0
2025-08-23 06:00:00,1.149e-05,1.157e-05,1.14e-05,1.152e-05,548097465332.0
2025-08-23 07:00:00,1.152e-05,1.162e-05,1.14e-05,1.142e-05,704226243159.0
2025-08-23 08:00:00,1.143e-05,1.155e-05,1.14e-05,1.141e-05,709279431463.0
2025-08-23 09:00:00,1.142e-05,1.143e-05,1.132e-05,1.139e-05,435631727032.0
2025-08-23 10:00:00,1.138e-05,1.139e-05,1.126e-05,1.129e-05,460695738272.0
2025-08-23 11:00:00,1.128e-05,1.137e-05,1.122e-05,1.126e-05,261403716383.0
2025-08-23 12:00:00,1.126e-05,1.139e-05,1.121e-05,1.127e-05,482455704193.0
2025-08-23 13:00:00,1.126e-05,1.135e-05,1.124e-05,1.125e-05,468449048951.0
2025-08-23 14:00:00,1.126e-05,1.134e-05,1.118e-05,1.121e-05,587638307488.0
2025-08-23 15:00:00,1.121e-05,1.133e-05,1.119e-05,1.129e-05,393291776101.0
2025-08-23 16:00:00,1.129e-05,1.13e-05,1.121e-05,1.123e-05,301237384679.0
2025-08-23 17:00:00,1.123e-05,1.129e-05,1.122e-05,1.126e-05,149379453747.0
2025-08-23 18:00:00,1.126e-05,1.13e-05,1.124e-05,1.127e-05,174542231722.0
2025-08-23 19:00:00,1.127e-05,1.132e-05,1.127e-05,1.13e-05,149511764574.0
2025-08-23 20:00:00,1.13e-05,1.132e-05,1.123e-05,1.128e-05,103647335238.0
2025-08-23 21:00:00,1.127e-05,1.128e-05,1.12e-05,1.123e-05,152614950972.0
2025-08-23 22:00:00,1.123e-05,1.128e-05,1.121e-05,1.127e-05,145548330416.0
2025-08-23 23:00:00,1.127e-05,1.131e-05,1.123e-05,1.125e-05,181799893143.0
2025-08-24 00:00:00,1.125e-05,1.136e-05,1.125e-05,1.133e-05,269548896320.0
2025-08-24 01:00:00,1.132e-05,1.137e-05,1.125e-05,1.132e-05,315447114620.0
2025-08-24 02:00:00,1.132e-05,1.136e-05,1.124e-05,1.125e-05,372396021651.0
2025-08-24 03:00:00,1.126e-05,1.126e-05,1.114e-05,1.121e-05,513778278326.0
2025-08-24 04:00:00,1.122e-05,1.126e-05,1.119e-05,1.124e-05,293356510586.0
2025-08-24 05:00:00,1.123e-05,1.125e-05,1.11e-05,1.114e-05,224160738281.0
2025-08-24 06:00:00,1.114e-05,1.114e-05,1.097e-05,1.098e-05,796026526344.0
2025-08-24 07:00:00,1.097e-05,1.106e-05,1.094e-05,1.095e-05,453366722087.0
2025-08-24 08:00:00,1.096e-05,1.101e-05,1.091e-05,1.095e-05,321885539453.0
2025-08-24 09:00:00,1.096e-05,1.098e-05,1.087e-05,1.091e-05,452636852905.0
2025-08-24 10:00:00,1.09e-05,1.091e-05,1.074e-05,1.076e-05,689557674958.0
2025-08-24 11:00:00,1.075e-05,1.08e-05,1.067e-05,1.075e-05,705354987623.0
2025-08-24 12:00:00,1.075e-05,1.078e-05,1.071e-05,1.075e-05,321474194433.0
2025-08-24 13:00:00,1.076e-05,1.083e-05,1.075e-05,1.077e-05,416984521163.0
2025-08-24 14:00:00,1.077e-05,1.085e-05,1.071e-05,1.083e-05,340937984660.0
2025-08-24 15:00:00,1.083e-05,1.096e-05,1.076e-05,1.079e-05,553017789400.0
2025-08-24 16:00:00,1.079e-05,1.084e-05,1.071e-05,1.081e-05,340506800543.0
2025-08-24 17:00:00,1.081e-05,1.114e-05,1.08e-05,1.108e-05,934831052169.0
2025-08-24 18:00:00,1.109e-05,1.143e-05,1.102e-05,1.132e-05,1239097595489.0
2025-08-24 19:00:00,1.132e-05,1.148e-05,1.077e-05,1.101e-05,4276688609467.0
2025-08-24 20:00:00,1.101e-05,1.101e-05,1.071e-05,1.091e-05,1591524775778.0
2025-08-24 21:00:00,1.091e-05,1.102e-05,1.083e-05,1.089e-05,455374908044.0
2025-08-24 22:00:00,1.088e-05,1.089e-05,1.066e-05,1.083e-05,580160341399.0
2025-08-24 23:00:00,1.083e-05,1.091e-05,1.081e-05,1.083e-05,230118303511.0
2025-08-25 00:00:00,1.083e-05,1.091e-05,1.054e-05,1.063e-05,677708140797.0
2025-08-25 01:00:00,1.062e-05,1.08e-05,1.059e-05,1.076e-05,302555864890.0
2025-08-25 02:00:00,1.077e-05,1.105e-05,1.076e-05,1.101e-05,527101562272.0
2025-08-25 03:00:00,1.101e-05,1.108e-05,1.086e-05,1.089e-05,360506750099.0
2025-08-25 04:00:00,1.089e-05,1.093e-05,1.075e-05,1.077e-05,439079953655.0
2025-08-25 05:00:00,1.077e-05,1.08e-05,1.062e-05,1.063e-05,447580827637.0
2025-08-25 06:00:00,1.063e-05,1.065e-05,1.046e-05,1.047e-05,741541246309.0
2025-08-25 07:00:00,1.047e-05,1.056e-05,1.026e-05,1.031e-05,994223966766.0
2025-08-25 08:00:00,1.031e-05,1.039e-05,1.022e-05,1.036e-05,886539326796.0
2025-08-25 09:00:00,1.036e-05,1.038e-05,1.026e-05,1.033e-05,484885606770.0
2025-08-25 10:00:00,1.033e-05,1.033e-05,1.009e-05,1.015e-05,1077506665879.0
2025-08-25 11:00:00,1.014e-05,1.024e-05,1.013e-05,1.023e-05,460744380845.0
2025-08-25 12:00:00,1.023e-05,1.027e-05,1.017e-05,1.027e-05,403271634728.0
2025-08-25 13:00:00,1.026e-05,1.031e-05,1.015e-05,1.022e-05,735827459180.0
2025-08-25 14:00:00,1.022e-05,1.03e-05,1.018e-05,1.024e-05,576833644624.0
2025-08-25 15:00:00,1.024e-05,1.026e-05,1.011e-05,1.014e-05,618931375576.0
2025-08-25 16:00:00,1.014e-05,1.025e-05,1.007e-05,1.014e-05,570361974949.0
2025-08-25 17:00:00,1.014e-05,1.016e-05,1.004e-05,1.009e-05,567050397128.0
2025-08-25 18:00:00,1.01e-05,1.013e-05,1.004e-05,1.012e-05,275482414098.0
2025-08-25 19:00:00,1.011e-05,1.013e-05,9.88e-06,9.91e-06,1107966481750.0
2025-08-25 20:00:00,9.91e-06,9.95e-06,9.57e-06,9.58e-06,2338855122433.0
2025-08-25 21:00:00,9.58e-06,9.68e-06,9.57e-06,9.58e-06,1237175606411.0
2025-08-25 22:00:00,9.59e-06,9.73e-06,9.58e-06,9.71e-06,583156177308.0
2025-08-25 23:00:00,9.7e-06,9.79e-06,9.67e-06,9.76e-06,586025352544.0
2025-08-26 00:00:00,9.76e-06,9.82e-06,9.68e-06,9.77e-06,853293851342.0
2025-08-26 01:00:00,9.76e-06,9.92e-06,9.73e-06,9.88e-06,648268383800.0
2025-08-26 02:00:00,9.88e-06,9.94e-06,9.78e-06,9.82e-06,687565586909.0
2025-08-26 03:00:00,9.82e-06,9.82e-06,9.75e-06,9.78e-06,263918909985.0
2025-08-26 04:00:00,9.79e-06,9.89e-06,9.78e-06,9.86e-06,242946090805.0
2025-08-26 05:00:00,9.86e-06,9.91e-06,9.83e-06,9.84e-06,255676237162.0
2025-08-26 06:00:00,9.84e-06,9.89e-06,9.75e-06,9.79e-06,589322932227.0
2025-08-26 07:00:00,9.78e-06,1e-05,9.74e-06,9.94e-06,633267866663.0
2025-08-26 08:00:00,9.94e-06,9.96e-06,9.87e-06,9.9e-06,260209476935.0
2025-08-26 09:00:00,9.89e-06,9.98e-06,9.86e-06,9.98e-06,277933609948.0
2025-08-26 10:00:00,9.98e-06,1.008e-05,9.97e-06,1.002e-05,388329647641.0
2025-08-26 11:00:00,1.002e-05,1.003e-05,9.92e-06,9.97e-06,320330258533.0
2025-08-26 12:00:00,9.98e-06,1.013e-05,9.87e-06,1.001e-05,828881658973.0
2025-08-26 13:00:00,1.001e-05,1.007e-05,9.85e-06,9.97e-06,739179285481.0
2025-08-26 14:00:00,9.98e-06,1.008e-05,9.89e-06,1.004e-05,361267236102.0
2025-08-26 15:00:00,1.005e-05,1.008e-05,9.93e-06,9.95e-06,304352485384.0
2025-08-26 16:00:00,9.96e-06,1.007e-05,9.93e-06,1.007e-05,250691816062.0
2025-08-26 17:00:00,1.007e-05,1.008e-05,9.97e-06,1.004e-05,283461583381.0
2025-08-26 18:00:00,1.005e-05,1.011e-05,1.004e-05,1.01e-05,222656923886.0
2025-08-26 19:00:00,1.01e-05,1.017e-05,1.004e-05,1.015e-05,297314523188.0
2025-08-26 20:00:00,1.015e-05,1.018e-05,1.011e-05,1.014e-05,253637832033.0
2025-08-26 21:00:00,1.015e-05,1.016e-05,1.009e-05,1.015e-05,174314327190.0
2025-08-26 22:00:00,1.015e-05,1.017e-05,1.008e-05,1.013e-05,192690088810.0
2025-08-26 23:00:00,1.014e-05,1.019e-05,1.007e-05,1.009e-05,293049749765.0
2025-08-27 00:00:00,1.008e-05,1.009e-05,9.98e-06,1.001e-05,312678527646.0
2025-08-27 01:00:00,1.001e-05,1.006e-05,9.97e-06,1.006e-05,244300452969.0
2025-08-27 02:00:00,1.006e-05,1.016e-05,9.99e-06,1.01e-05,259576854149.0
2025-08-27 03:00:00,1.011e-05,1.026e-05,1.005e-05,1.02e-05,348596653045.0
2025-08-27 04:00:00,1.021e-05,1.03e-05,1.019e-05,1.028e-05,415683961818.0
2025-08-27 05:00:00,1.028e-05,1.03e-05,1.016e-05,1.018e-05,327760423698.0
2025-08-27 06:00:00,1.018e-05,1.022e-05,1.014e-05,1.017e-05,229672249508.0
2025-08-27 07:00:00,1.017e-05,1.018e-05,1.008e-05,1.013e-05,219622383833.0
2025-08-27 08:00:00,1.013e-05,1.016e-05,1.006e-05,1.015e-05,253329192281.0
2025-08-27 09:00:00,1.014e-05,1.026e-05,1.013e-05,1.018e-05,284620735104.0
2025-08-27 10:00:00,1.019e-05,1.021e-05,1.009e-05,1.014e-05,235215493411.0
2025-08-27 11:00:00,1.014e-05,1.019e-05,1.012e-05,1.017e-05,153642363692.0
2025-08-27 12:00:00,1.018e-05,1.021e-05,1.007e-05,1.014e-05,302243219654.0
2025-08-27 13:00:00,1.015e-05,1.021e-05,1.003e-05,1.006e-05,587712717354.0
2025-08-27 14:00:00,1.007e-05,1.023e-05,1.003e-05,1.011e-05,584890811778.0
2025-08-27 15:00:00,1.01e-05,1.019e-05,1.009e-05,1.016e-05,375690313078.0
2025-08-27 16:00:00,1.016e-05,1.017e-05,1.003e-05,1.012e-05,411695793616.0
2025-08-27 17:00:00,1.012e-05,1.019e-05,1.008e-05,1.016e-05,241232529069.0
2025-08-27 18:00:00,1.017e-05,1.02e-05,1.009e-05,1.01e-05,218445129205.0
2025-08-27 19:00:00,1.009e-05,1.012e-05,9.96e-06,1.006e-05,354492625555.0
2025-08-27 20:00:00,1.007e-05,1.019e-05,9.95e-06,1.016e-05,2005940881365.0
2025-08-27 21:00:00,1.016e-05,1.02e-05,1.005e-05,1.008e-05,339168110076.0
2025-08-27 22:00:00,1.008e-05,1.01e-05,9.97e-06,1.007e-05,258896963311.0
2025-08-27 23:00:00,1.007e-05,1.011e-05,1.001e-05,1.003e-05,219678394529.0
2025-08-28 00:00:00,1.002e-05,1.011e-05,9.96e-06,1.006e-05,235806403527.0
2025-08-28 01:00:00,1.006e-05,1.016e-05,1.005e-05,1.012e-05,268439335067.0
2025-08-28 02:00:00,1.012e-05,1.014e-05,1.005e-05,1.007e-05,144974193917.0
2025-08-28 03:00:00,1.007e-05,1.014e-05,1.005e-05,1.012e-05,174300474900.0
2025-08-28 04:00:00,1.013e-05,1.02e-05,1.01e-05,1.019e-05,266941933616.0
2025-08-28 05:00:00,1.019e-05,1.023e-05,1.011e-05,1.015e-05,246049121341.0
2025-08-28 06:00:00,1.015e-05,1.018e-05,1.012e-05,1.016e-05,132488638875.0
2025-08-28 07:00:00,1.017e-05,1.018e-05,1.011e-05,1.017e-05,152153486747.0
2025-08-28 08:00:00,1.016e-05,1.028e-05,1.013e-05,1.015e-05,349331649140.0
2025-08-28 09:00:00,1.015e-05,1.015e-05,1.009e-05,1.01e-05,182679877139.0
2025-08-28 10:00:00,1.01e-05,1.019e-05,1.008e-05,1.017e-05,175795485463.0
2025-08-28 11:00:00,1.018e-05,1.021e-05,1.014e-05,1.019e-05,163032693394.0
2025-08-28 12:00:00,1.02e-05,1.024e-05,1.016e-05,1.02e-05,242107488511.0
2025-08-28 13:00:00,1.02e-05,1.024e-05,1.012e-05,1.016e-05,489479194477.0
2025-08-28 14:00:00,1.016e-05,1.023e-05,1.014e-05,1.021e-05,480747686058.0
2025-08-28 15:00:00,1.021e-05,1.024e-05,1.006e-05,1.009e-05,443718259262.0
2025-08-28 16:00:00,1.01e-05,1.017e-05,9.93e-06,9.93e-06,390951216014.0
2025-08-28 17:00:00,9.94e-06,1.006e-05,9.91e-06,1.006e-05,317917468098.0
2025-08-28 18:00:00,1.005e-05,1.014e-05,1.001e-05,1.01e-05,181475316598.0
2025-08-28 19:00:00,1.011e-05,1.015e-05,9.94e-06,9.95e-06,237532141566.0
2025-08-28 20:00:00,9.95e-06,1.007e-05,9.93e-06,1.006e-05,219308636878.0
2025-08-28 21:00:00,1.006e-05,1.015e-05,1.004e-05,1.014e-05,150565361439.0
2025-08-28 22:00:00,1.014e-05,1.024e-05,1.014e-05,1.021e-05,304372112560.0
2025-08-28 23:00:00,1.021e-05,1.024e-05,1.017e-05,1.021e-05,211797733178.0
2025-08-29 00:00:00,1.021e-05,1.026e-05,1.017e-05,1.022e-05,360926722052.0
2025-08-29 01:00:00,1.022e-05,1.024e-05,1.009e-05,1.011e-05,325063650347.0
2025-08-29 02:00:00,1.011e-05,1.022e-05,1.009e-05,1.019e-05,234777259736.0
2025-08-29 03:00:00,1.019e-05,1.021e-05,1.012e-05,1.018e-05,153605106234.0
2025-08-29 04:00:00,1.019e-05,1.022e-05,1.012e-05,1.015e-05,144164725188.0
2025-08-29 05:00:00,1.015e-05,1.018e-05,1.01e-05,1.015e-05,156634791160.0
2025-08-29 06:00:00,1.016e-05,1.017e-05,1e-05,1.005e-05,405445501377.0
2025-08-29 07:00:00,1.006e-05,1.006e-05,9.82e-06,9.84e-06,1016979022083.0
2025-08-29 08:00:00,9.85e-06,9.88e-06,9.71e-06,9.73e-06,605735448162.0
2025-08-29 09:00:00,9.73e-06,9.82e-06,9.65e-06,9.81e-06,474362559839.0
2025-08-29 10:00:00,9.8e-06,9.85e-06,9.77e-06,9.81e-06,241474122985.0
2025-08-29 11:00:00,9.81e-06,9.86e-06,9.77e-06,9.83e-06,165140455939.0
2025-08-29 12:00:00,9.82e-06,1.008e-05,9.8e-06,9.94e-06,1491111024596.0
2025-08-29 13:00:00,9.95e-06,9.95e-06,9.71e-06,9.78e-06,776919277680.0
2025-08-29 14:00:00,9.79e-06,9.86e-06,9.59e-06,9.72e-06,1205849283403.0
2025-08-29 15:00:00,9.73e-06,9.81e-06,9.64e-06,9.67e-06,523323161024.0
2025-08-29 16:00:00,9.67e-06,9.69e-06,9.56e-06,9.64e-06,713594503688.0
2025-08-29 17:00:00,9.64e-06,9.64e-06,9.49e-06,9.58e-06,606338308186.0
2025-08-29 18:00:00,9.57e-06,9.6e-06,9.49e-06,9.53e-06,423225686921.0
2025-08-29 19:00:00,9.53e-06,9.72e-06,9.52e-06,9.67e-06,512987448354.0
2025-08-29 20:00:00,9.67e-06,9.69e-06,9.6e-06,9.62e-06,465012768528.0
2025-08-29 21:00:00,9.63e-06,9.76e-06,9.56e-06,9.75e-06,345680585281.0
2025-08-29 22:00:00,9.74e-06,9.77e-06,9.68e-06,9.76e-06,150259682842.0
2025-08-29 23:00:00,9.76e-06,9.8e-06,9.74e-06,9.77e-06,106061704208.0
2025-08-30 00:00:00,9.78e-06,9.8e-06,9.73e-06,9.79e-06,157620451693.0
2025-08-30 01:00:00,9.79e-06,9.83e-06,9.68e-06,9.7e-06,272462215056.0
2025-08-30 02:00:00,9.7e-06,9.87e-06,9.68e-06,9.83e-06,288596141413.0
2025-08-30 03:00:00,9.82e-06,1.006e-05,9.82e-06,1.003e-05,559268976476.0
2025-08-30 04:00:00,1.003e-05,1.006e-05,9.93e-06,9.93e-06,246190386654.0
2025-08-30 05:00:00,9.94e-06,1e-05,9.93e-06,9.97e-06,179374017176.0
2025-08-30 06:00:00,9.97e-06,1.002e-05,9.95e-06,9.96e-06,153570895373.0
2025-08-30 07:00:00,9.97e-06,1.002e-05,9.94e-06,1.001e-05,139977945018.0
2025-08-30 08:00:00,1e-05,1.002e-05,9.96e-06,9.98e-06,172103715673.0
2025-08-30 09:00:00,9.98e-06,1e-05,9.94e-06,9.95e-06,92030000342.0
2025-08-30 10:00:00,9.96e-06,9.98e-06,9.9e-06,9.95e-06,194654187390.0
2025-08-30 11:00:00,9.96e-06,9.96e-06,9.89e-06,9.94e-06,99535460859.0
2025-08-30 12:00:00,9.94e-06,9.95e-06,9.83e-06,9.87e-06,224889748940.0
2025-08-30 13:00:00,9.88e-06,9.9e-06,9.77e-06,9.89e-06,344214682997.0
2025-08-30 14:00:00,9.9e-06,9.9e-06,9.84e-06,9.86e-06,228738891968.0
2025-08-30 15:00:00,9.87e-06,9.91e-06,9.83e-06,9.86e-06,153853200839.0
2025-08-30 16:00:00,9.86e-06,9.86e-06,9.8e-06,9.81e-06,126759115250.0
2025-08-30 17:00:00,9.8e-06,9.85e-06,9.8e-06,9.84e-06,100420203538.0
2025-08-30 18:00:00,9.83e-06,9.86e-06,9.79e-06,9.82e-06,95300819263.0
2025-08-30 19:00:00,9.81e-06,9.84e-06,9.79e-06,9.83e-06,61679434008.0
2025-08-30 20:00:00,9.84e-06,9.84e-06,9.78e-06,9.82e-06,203772466274.0
2025-08-30 21:00:00,9.81e-06,9.83e-06,9.79e-06,9.8e-06,90379643699.0
2025-08-30 22:00:00,9.79e-06,9.83e-06,9.76e-06,9.83e-06,121346752550.0
2025-08-30 23:00:00,9.82e-06,9.86e-06,9.81e-06,9.84e-06,108838752801.0
2025-08-31 00:00:00,9.83e-06,9.99e-06,9.83e-06,9.97e-06,391416136541.0
2025-08-31 01:00:00,9.98e-06,1e-05,9.91e-06,9.98e-06,191407252413.0
2025-08-31 02:00:00,9.98e-06,9.99e-06,9.92e-06,9.96e-06,169411112833.0
2025-08-31 03:00:00,9.96e-06,1.002e-05,9.94e-06,9.99e-06,290441877842.0
2025-08-31 04:00:00,1e-05,1.001e-05,9.91e-06,9.94e-06,132786881886.0
2025-08-31 05:00:00,9.93e-06,9.95e-06,9.91e-06,9.94e-06,165202513927.0
2025-08-31 06:00:00,9.94e-06,9.96e-06,9.9e-06,9.91e-06,68669023500.0
2025-08-31 07:00:00,9.92e-06,9.97e-06,9.9e-06,9.94e-06,83463337728.0
2025-08-31 08:00:00,9.95e-06,9.98e-06,9.92e-06,9.98e-06,93645689158.0
2025-08-31 09:00:00,9.98e-06,9.99e-06,9.91e-06,9.92e-06,263906871776.0
2025-08-31 10:00:00,9.93e-06,9.94e-06,9.86e-06,9.9e-06,149379649610.0
2025-08-31 11:00:00,9.9e-06,9.93e-06,9.86e-06,9.91e-06,206183610591.0
2025-08-31 12:00:00,9.92e-06,9.93e-06,9.84e-06,9.89e-06,188869507454.0
2025-08-31 13:00:00,9.88e-06,9.9e-06,9.81e-06,9.84e-06,209032092542.0
2025-08-31 14:00:00,9.84e-06,9.85e-06,9.75e-06,9.78e-06,411302753725.0
2025-08-31 15:00:00,9.77e-06,9.88e-06,9.77e-06,9.86e-06,221711111217.0
2025-08-31 16:00:00,9.87e-06,9.87e-06,9.79e-06,9.82e-06,172955740577.0
2025-08-31 17:00:00,9.82e-06,9.83e-06,9.77e-06,9.8e-06,119948402463.0
2025-08-31 18:00:00,9.79e-06,9.88e-06,9.79e-06,9.88e-06,185181337741.0
2025-08-31 19:00:00,9.88e-06,9.89e-06,9.79e-06,9.79e-06,184547658402.0
2025-08-31 20:00:00,9.79e-06,9.84e-06,9.77e-06,9.83e-06,93947946546.0
2025-08-31 21:00:00,9.83e-06,9.88e-06,9.81e-06,9.86e-06,129887557212.0
2025-08-31 22:00:00,9.87e-06,9.87e-06,9.76e-06,9.8e-06,252919291307.0
2025-08-31 23:00:00,9.81e-06,9.81e-06,9.63e-06,9.65e-06,511809688802.0
2025-09-01 00:00:00,9.65e-06,9.66e-06,9.52e-06,9.62e-06,423299576509.0
2025-09-01 01:00:00,9.62e-06,9.69e-06,9.56e-06,9.63e-06,300566071452.0
2025-09-01 02:00:00,9.63e-06,9.63e-06,9.41e-06,9.46e-06,612777982126.0
2025-09-01 03:00:00,9.45e-06,9.5e-06,9.4e-06,9.48e-06,583132467537.0
2025-09-01 04:00:00,9.48e-06,9.5e-06,9.38e-06,9.41e-06,426024498381.0
2025-09-01 05:00:00,9.42e-06,9.49e-06,9.37e-06,9.45e-06,293797341770.0
2025-09-01 06:00:00,9.46e-06,9.49e-06,9.37e-06,9.46e-06,391641887575.0
2025-09-01 07:00:00,9.46e-06,9.73e-06,9.4e-06,9.73e-06,745108601365.0
2025-09-01 08:00:00,9.73e-06,9.85e-06,9.68e-06,9.85e-06,1162159666485.0
2025-09-01 09:00:00,9.85e-06,9.95e-06,9.8e-06,9.82e-06,507873297613.0
2025-09-01 10:00:00,9.81e-06,9.83e-06,9.67e-06,9.73e-06,365776475652.0
2025-09-01 11:00:00,9.73e-06,9.78e-06,9.67e-06,9.7e-06,265801592148.0
2025-09-01 12:00:00,9.7e-06,9.78e-06,9.65e-06,9.71e-06,244773278936.0
2025-09-01 13:00:00,9.71e-06,9.72e-06,9.57e-06,9.58e-06,569265534654.0
2025-09-01 14:00:00,9.58e-06,9.68e-06,9.54e-06,9.6e-06,425372688383.0
2025-09-01 15:00:00,9.61e-06,9.65e-06,9.52e-06,9.55e-06,286242297440.0
2025-09-01 16:00:00,9.56e-06,9.57e-06,9.48e-06,9.51e-06,346907439032.0
2025-09-01 17:00:00,9.51e-06,9.54e-06,9.42e-06,9.46e-06,379228002110.0
2025-09-01 18:00:00,9.46e-06,9.57e-06,9.45e-06,9.55e-06,187106774461.0
2025-09-01 19:00:00,9.54e-06,9.59e-06,9.52e-06,9.58e-06,110401762533.0
2025-09-01 20:00:00,9.58e-06,9.59e-06,9.21e-06,9.33e-06,1889216057947.0
2025-09-01 21:00:00,9.34e-06,9.35e-06,9.14e-06,9.24e-06,792494906609.0
2025-09-01 22:00:00,9.24e-06,9.31e-06,9.18e-06,9.27e-06,437160414732.0
2025-09-01 23:00:00,9.28e-06,9.48e-06,9.27e-06,9.47e-06,560648955814.0
2025-09-02 00:00:00,9.47e-06,9.47e-06,9.39e-06,9.43e-06,397332482700.0
2025-09-02 01:00:00,9.43e-06,9.5e-06,9.33e-06,9.43e-06,837039575798.0
2025-09-02 02:00:00,9.43e-06,9.59e-06,9.4e-06,9.59e-06,330261887840.0
2025-09-02 03:00:00,9.58e-06,9.65e-06,9.55e-06,9.63e-06,316021042843.0
2025-09-02 04:00:00,9.63e-06,9.65e-06,9.59e-06,9.63e-06,194460345191.0
2025-09-02 05:00:00,9.63e-06,9.66e-06,9.6e-06,9.65e-06,164897269428.0
2025-09-02 06:00:00,9.65e-06,9.73e-06,9.63e-06,9.72e-06,352837514458.0
2025-09-02 07:00:00,9.72e-06,9.72e-06,9.6e-06,9.64e-06,321482621859.0
2025-09-02 08:00:00,9.64e-06,9.7e-06,9.61e-06,9.66e-06,291838552753.0
2025-09-02 09:00:00,9.66e-06,9.73e-06,9.64e-06,9.7e-06,283128253697.0
2025-09-02 10:00:00,9.69e-06,9.71e-06,9.64e-06,9.68e-06,191358137422.0
2025-09-02 11:00:00,9.69e-06,9.69e-06,9.6e-06,9.62e-06,182774670181.0
2025-09-02 12:00:00,9.62e-06,9.64e-06,9.38e-06,9.4e-06,954590805538.0
2025-09-02 13:00:00,9.41e-06,9.78e-06,9.4e-06,9.74e-06,1485948598829.0
2025-09-02 14:00:00,9.75e-06,9.8e-06,9.65e-06,9.7e-06,780757910428.0
2025-09-02 15:00:00,9.71e-06,9.72e-06,9.5e-06,9.52e-06,516091298531.0
2025-09-02 16:00:00,9.52e-06,9.64e-06,9.52e-06,9.62e-06,323635052770.0
2025-09-02 17:00:00,9.63e-06,9.73e-06,9.62e-06,9.69e-06,224849227022.0
2025-09-02 18:00:00,9.7e-06,9.72e-06,9.57e-06,9.67e-06,269263098246.0
2025-09-02 19:00:00,9.68e-06,9.74e-06,9.61e-06,9.64e-06,182576186846.0
2025-09-02 20:00:00,9.65e-06,9.79e-06,9.62e-06,9.75e-06,354082066306.0
2025-09-02 21:00:00,9.76e-06,9.82e-06,9.73e-06,9.77e-06,187222989247.0
2025-09-02 22:00:00,9.77e-06,9.8e-06,9.72e-06,9.78e-06,229666416497.0
2025-09-02 23:00:00,9.78e-06,9.82e-06,9.77e-06,9.79e-06,165179130923.0
2025-09-03 00:00:00,9.79e-06,9.83e-06,9.76e-06,9.77e-06,282395133741.0
2025-09-03 01:00:00,9.78e-06,9.81e-06,9.68e-06,9.81e-06,259301505019.0
2025-09-03 02:00:00,9.8e-06,9.86e-06,9.74e-06,9.85e-06,305800813845.0
2025-09-03 03:00:00,9.84e-06,9.86e-06,9.78e-06,9.82e-06,191996416965.0
2025-09-03 04:00:00,9.83e-06,9.84e-06,9.76e-06,9.79e-06,113453591537.0
2025-09-03 05:00:00,9.8e-06,9.81e-06,9.73e-06,9.74e-06,124739463643.0
2025-09-03 06:00:00,9.75e-06,9.81e-06,9.7e-06,9.75e-06,278575312623.0
2025-09-03 07:00:00,9.75e-06,9.8e-06,9.74e-06,9.8e-06,206138106299.0
2025-09-03 08:00:00,9.8e-06,9.85e-06,9.75e-06,9.77e-06,196351054395.0
2025-09-03 09:00:00,9.77e-06,9.8e-06,9.74e-06,9.79e-06,162916147077.0
2025-09-03 10:00:00,9.8e-06,9.84e-06,9.75e-06,9.82e-06,137192197783.0
2025-09-03 11:00:00,9.83e-06,9.85e-06,9.76e-06,9.77e-06,126049520112.0
2025-09-03 12:00:00,9.78e-06,9.82e-06,9.72e-06,9.73e-06,159023037657.0
2025-09-03 13:00:00,9.74e-06,9.85e-06,9.73e-06,9.77e-06,539471771102.0
2025-09-03 14:00:00,9.78e-06,9.98e-06,9.77e-06,9.93e-06,485514948704.0
2025-09-03 15:00:00,9.93e-06,9.97e-06,9.86e-06,9.9e-06,341105633898.0
2025-09-03 16:00:00,9.9e-06,9.93e-06,9.82e-06,9.85e-06,310787832738.0
2025-09-03 17:00:00,9.85e-06,9.93e-06,9.85e-06,9.9e-06,213409781488.0
2025-09-03 18:00:00,9.9e-06,9.92e-06,9.83e-06,9.87e-06,85223345267.0
2025-09-03 19:00:00,9.87e-06,9.94e-06,9.84e-06,9.93e-06,103340960394.0
2025-09-03 20:00:00,9.94e-06,9.95e-06,9.9e-06,9.92e-06,139985605125.0
2025-09-03 21:00:00,9.92e-06,9.96e-06,9.9e-06,9.95e-06,132395771136.0
2025-09-03 22:00:00,9.95e-06,1.003e-05,9.9e-06,9.92e-06,322773154557.0
2025-09-03 23:00:00,9.93e-06,9.94e-06,9.86e-06,9.88e-06,87459249751.0
2025-09-04 00:00:00,9.88e-06,9.97e-06,9.87e-06,9.93e-06,256826116718.0
2025-09-04 01:00:00,9.94e-06,9.95e-06,9.87e-06,9.93e-06,113779983103.0
2025-09-04 02:00:00,9.93e-06,9.94e-06,9.82e-06,9.83e-06,155946371356.0
2025-09-04 03:00:00,9.83e-06,9.84e-06,9.72e-06,9.73e-06,233555489755.0
2025-09-04 04:00:00,9.74e-06,9.76e-06,9.7e-06,9.71e-06,166654935906.0
2025-09-04 05:00:00,9.71e-06,9.72e-06,9.6e-06,9.65e-06,416118589849.0
2025-09-04 06:00:00,9.65e-06,9.65e-06,9.56e-06,9.57e-06,373960537536.0
2025-09-04 07:00:00,9.58e-06,9.64e-06,9.56e-06,9.6e-06,263559122471.0
2025-09-04 08:00:00,9.61e-06,9.65e-06,9.56e-06,9.58e-06,255403335915.0
2025-09-04 09:00:00,9.58e-06,9.62e-06,9.57e-06,9.61e-06,149835980662.0
2025-09-04 10:00:00,9.62e-06,9.65e-06,9.59e-06,9.59e-06,162735257213.0
2025-09-04 11:00:00,9.59e-06,9.64e-06,9.57e-06,9.59e-06,122645672498.0
2025-09-04 12:00:00,9.6e-06,9.65e-06,9.56e-06,9.63e-06,242116779554.0
2025-09-04 13:00:00,9.62e-06,9.64e-06,9.52e-06,9.56e-06,285798141575.0
2025-09-04 14:00:00,9.56e-06,9.58e-06,9.44e-06,9.51e-06,474772529456.0
2025-09-04 15:00:00,9.51e-06,9.53e-06,9.41e-06,9.47e-06,420961031794.0
2025-09-04 16:00:00,9.47e-06,9.49e-06,9.41e-06,9.45e-06,205853421335.0
2025-09-04 17:00:00,9.45e-06,9.51e-06,9.44e-06,9.45e-06,143023964995.0
2025-09-04 18:00:00,9.46e-06,9.5e-06,9.37e-06,9.42e-06,239803880134.0
2025-09-04 19:00:00,9.42e-06,9.47e-06,9.37e-06,9.39e-06,279012400817.0
2025-09-04 20:00:00,9.4e-06,9.47e-06,9.38e-06,9.44e-06,126548793064.0
2025-09-04 21:00:00,9.44e-06,9.49e-06,9.44e-06,9.48e-06,112883424604.0
2025-09-04 22:00:00,9.48e-06,9.55e-06,9.46e-06,9.54e-06,147512048201.0
2025-09-04 23:00:00,9.55e-06,9.58e-06,9.44e-06,9.44e-06,188753341920.0
2025-09-05 00:00:00,9.45e-06,9.48e-06,9.41e-06,9.44e-06,215289600095.0
2025-09-05 01:00:00,9.45e-06,9.53e-06,9.43e-06,9.5e-06,104752281489.0
2025-09-05 02:00:00,9.51e-06,9.55e-06,9.48e-06,9.53e-06,152522184112.0
2025-09-05 03:00:00,9.53e-06,9.54e-06,9.46e-06,9.53e-06,88653683504.0
2025-09-05 04:00:00,9.53e-06,9.55e-06,9.5e-06,9.53e-06,87325340840.0
2025-09-05 05:00:00,9.54e-06,9.58e-06,9.52e-06,9.56e-06,141645000325.0
2025-09-05 06:00:00,9.56e-06,9.58e-06,9.51e-06,9.54e-06,141348655889.0
2025-09-05 07:00:00,9.55e-06,9.72e-06,9.54e-06,9.7e-06,451954676708.0
2025-09-05 08:00:00,9.7e-06,9.71e-06,9.62e-06,9.64e-06,210906696540.0
2025-09-05 09:00:00,9.64e-06,9.65e-06,9.57e-06,9.64e-06,149949590993.0
2025-09-05 10:00:00,9.64e-06,9.7e-06,9.63e-06,9.64e-06,166504788648.0
2025-09-05 11:00:00,9.65e-06,9.69e-06,9.63e-06,9.66e-06,118666706770.0
2025-09-05 12:00:00,9.66e-06,9.84e-06,9.66e-06,9.83e-06,1604395135085.0
2025-09-05 13:00:00,9.82e-06,9.9e-06,9.79e-06,9.85e-06,735471966839.0
2025-09-05 14:00:00,9.86e-06,9.86e-06,9.49e-06,9.55e-06,1614679007895.0
2025-09-05 15:00:00,9.56e-06,9.67e-06,9.53e-06,9.61e-06,333347181651.0
2025-09-05 16:00:00,9.6e-06,9.71e-06,9.58e-06,9.7e-06,313777454119.0
2025-09-05 17:00:00,9.7e-06,9.71e-06,9.6e-06,9.63e-06,220748783012.0
2025-09-05 18:00:00,9.62e-06,9.71e-06,9.58e-06,9.68e-06,196065959075.0
2025-09-05 19:00:00,9.68e-06,9.72e-06,9.66e-06,9.71e-06,247473072359.0
2025-09-05 20:00:00,9.71e-06,9.79e-06,9.7e-06,9.78e-06,258812171866.0
2025-09-05 21:00:00,9.78e-06,9.8e-06,9.66e-06,9.73e-06,538267368119.0
2025-09-05 22:00:00,9.73e-06,9.83e-06,9.72e-06,9.79e-06,249510641764.0
2025-09-05 23:00:00,9.79e-06,9.81e-06,9.73e-06,9.75e-06,107175398553.0
2025-09-06 00:00:00,9.75e-06,9.81e-06,9.74e-06,9.78e-06,157117019284.0
2025-09-06 01:00:00,9.79e-06,9.8e-06,9.74e-06,9.74e-06,140159157828.0
2025-09-06 02:00:00,9.74e-06,9.76e-06,9.7e-06,9.75e-06,121061927448.0
2025-09-06 03:00:00,9.75e-06,9.81e-06,9.73e-06,9.76e-06,244743120460.0
2025-09-06 04:00:00,9.76e-06,9.76e-06,9.7e-06,9.71e-06,129357631788.0
2025-09-06 05:00:00,9.71e-06,9.72e-06,9.64e-06,9.64e-06,159011013178.0
2025-09-06 06:00:00,9.64e-06,9.69e-06,9.64e-06,9.68e-06,122823414947.0
2025-09-06 07:00:00,9.68e-06,9.68e-06,9.64e-06,9.68e-06,93726457127.0
2025-09-06 08:00:00,9.68e-06,9.7e-06,9.64e-06,9.66e-06,107768351027.0
2025-09-06 09:00:00,9.66e-06,9.66e-06,9.59e-06,9.6e-06,183089316317.0
2025-09-06 10:00:00,9.61e-06,9.63e-06,9.57e-06,9.62e-06,188929638513.0
2025-09-06 11:00:00,9.63e-06,9.63e-06,9.58e-06,9.62e-06,212883709404.0
2025-09-06 12:00:00,9.63e-06,9.68e-06,9.61e-06,9.64e-06,200173916303.0
2025-09-06 13:00:00,9.63e-06,9.66e-06,9.6e-06,9.64e-06,197072830756.0
2025-09-06 14:00:00,9.65e-06,9.69e-06,9.63e-06,9.66e-06,107401737641.0
2025-09-06 15:00:00,9.67e-06,9.67e-06,9.59e-06,9.59e-06,209436868649.0
2025-09-06 16:00:00,9.59e-06,9.67e-06,9.56e-06,9.65e-06,293656485553.0
2025-09-06 17:00:00,9.64e-06,9.67e-06,9.59e-06,9.62e-06,105920957712.0
2025-09-06 18:00:00,9.62e-06,9.64e-06,9.59e-06,9.63e-06,103111556137.0
2025-09-06 19:00:00,9.64e-06,9.64e-06,9.54e-06,9.55e-06,129141982829.0
2025-09-06 20:00:00,9.55e-06,9.65e-06,9.55e-06,9.65e-06,62526247007.0
2025-09-06 21:00:00,9.64e-06,9.66e-06,9.62e-06,9.65e-06,95621569610.0
2025-09-06 22:00:00,9.66e-06,9.68e-06,9.62e-06,9.64e-06,143626582084.0
2025-09-06 23:00:00,9.64e-06,9.67e-06,9.62e-06,9.63e-06,83808254684.0
2025-09-07 00:00:00,9.64e-06,9.68e-06,9.63e-06,9.68e-06,91960423792.0
2025-09-07 01:00:00,9.68e-06,9.77e-06,9.66e-06,9.75e-06,258208503837.0
2025-09-07 02:00:00,9.74e-06,9.76e-06,9.7e-06,9.74e-06,218350299739.0
2025-09-07 03:00:00,9.74e-06,9.75e-06,9.69e-06,9.71e-06,107902948998.0
2025-09-07 04:00:00,9.72e-06,9.76e-06,9.7e-06,9.76e-06,135259207135.0
2025-09-07 05:00:00,9.76e-06,9.82e-06,9.73e-06,9.81e-06,210752156703.0
2025-09-07 06:00:00,9.82e-06,9.82e-06,9.73e-06,9.77e-06,219287777079.0
2025-09-07 07:00:00,9.77e-06,9.79e-06,9.73e-06,9.74e-06,128982524669.0
2025-09-07 08:00:00,9.74e-06,9.82e-06,9.74e-06,9.76e-06,175187879752.0
2025-09-07 09:00:00,9.76e-06,9.79e-06,9.72e-06,9.78e-06,186660521524.0
2025-09-07 10:00:00,9.77e-06,9.83e-06,9.77e-06,9.82e-06,148362262640.0
2025-09-07 11:00:00,9.82e-06,9.89e-06,9.8e-06,9.88e-06,438505129953.0
2025-09-07 12:00:00,9.87e-06,9.89e-06,9.83e-06,9.84e-06,122614330267.0
2025-09-07 13:00:00,9.84e-06,9.9e-06,9.83e-06,9.87e-06,182958745203.0
2025-09-07 14:00:00,9.88e-06,9.95e-06,9.85e-06,9.9e-06,385951106923.0
2025-09-07 15:00:00,9.89e-06,9.95e-06,9.87e-06,9.89e-06,161254618659.0
2025-09-07 16:00:00,9.9e-06,9.93e-06,9.85e-06,9.88e-06,198944921548.0
2025-09-07 17:00:00,9.88e-06,9.91e-06,9.8e-06,9.81e-06,207026616168.0
2025-09-07 18:00:00,9.81e-06,9.83e-06,9.75e-06,9.81e-06,138352397292.0
2025-09-07 19:00:00,9.8e-06,9.85e-06,9.78e-06,9.83e-06,142673742485.0
2025-09-07 20:00:00,9.83e-06,9.85e-06,9.78e-06,9.85e-06,115726921680.0
2025-09-07 21:00:00,9.85e-06,9.85e-06,9.81e-06,9.82e-06,112325002898.0
2025-09-07 22:00:00,9.81e-06,9.92e-06,9.81e-06,9.91e-06,252747538371.0
2025-09-07 23:00:00,9.91e-06,9.95e-06,9.87e-06,9.88e-06,189703509757.0
2025-09-08 00:00:00,9.89e-06,9.92e-06,9.81e-06,9.84e-06,183475774907.0
2025-09-08 01:00:00,9.84e-06,9.87e-06,9.82e-06,9.86e-06,189501699594.0
2025-09-08 02:00:00,9.86e-06,9.99e-06,9.82e-06,9.99e-06,319779000046.0
2025-09-08 03:00:00,9.98e-06,1.009e-05,9.97e-06,9.99e-06,589072848504.0
2025-09-08 04:00:00,9.99e-06,1.002e-05,9.91e-06,9.98e-06,254497998200.0
2025-09-08 05:00:00,9.99e-06,1.009e-05,9.97e-06,1.003e-05,300776807190.0
2025-09-08 06:00:00,1.003e-05,1.006e-05,9.98e-06,9.99e-06,318845899459.0
2025-09-08 07:00:00,1e-05,1.008e-05,9.98e-06,1.002e-05,211564961963.0
2025-09-08 08:00:00,1.003e-05,1.019e-05,1.002e-05,1.012e-05,601957869609.0
2025-09-08 09:00:00,1.012e-05,1.022e-05,1.01e-05,1.016e-05,330621410858.0
2025-09-08 10:00:00,1.016e-05,1.023e-05,1.014e-05,1.015e-05,380270083599.0
2025-09-08 11:00:00,1.014e-05,1.016e-05,1.006e-05,1.012e-05,313840211952.0
2025-09-08 12:00:00,1.013e-05,1.015e-05,1.005e-05,1.013e-05,317778849602.0
2025-09-08 13:00:00,1.013e-05,1.035e-05,1.012e-05,1.013e-05,1227368735322.0
2025-09-08 14:00:00,1.014e-05,1.025e-05,1.012e-05,1.025e-05,369611953118.0
2025-09-08 15:00:00,1.024e-05,1.037e-05,1.023e-05,1.031e-05,680149855601.0
2025-09-08 16:00:00,1.032e-05,1.036e-05,1.026e-05,1.03e-05,431129177572.0
2025-09-08 17:00:00,1.031e-05,1.036e-05,1.022e-05,1.024e-05,333331910647.0
2025-09-08 18:00:00,1.024e-05,1.032e-05,1.022e-05,1.03e-05,130774078495.0
2025-09-08 19:00:00,1.029e-05,1.03e-05,1.016e-05,1.02e-05,240292978220.0
2025-09-08 20:00:00,1.02e-05,1.022e-05,1.012e-05,1.016e-05,207962122699.0
2025-09-08 21:00:00,1.016e-05,1.03e-05,1.015e-05,1.028e-05,152898991807.0
2025-09-08 22:00:00,1.028e-05,1.035e-05,1.027e-05,1.029e-05,252776577350.0
2025-09-08 23:00:00,1.029e-05,1.035e-05,1.027e-05,1.03e-05,239747586107.0
2025-09-09 00:00:00,1.03e-05,1.043e-05,1.021e-05,1.031e-05,711246262617.0
2025-09-09 01:00:00,1.031e-05,1.034e-05,1.022e-05,1.024e-05,391049733484.0
2025-09-09 02:00:00,1.024e-05,1.028e-05,1.016e-05,1.019e-05,392616726743.0
2025-09-09 03:00:00,1.02e-05,1.035e-05,1.017e-05,1.033e-05,283014414154.0
2025-09-09 04:00:00,1.034e-05,1.035e-05,1.027e-05,1.034e-05,245363797979.0
2025-09-09 05:00:00,1.033e-05,1.035e-05,1.028e-05,1.035e-05,182236757895.0
2025-09-09 06:00:00,1.035e-05,1.066e-05,1.033e-05,1.06e-05,1548989109032.0
2025-09-09 07:00:00,1.061e-05,1.066e-05,1.053e-05,1.059e-05,935974179599.0
2025-09-09 08:00:00,1.059e-05,1.081e-05,1.057e-05,1.08e-05,1165568277746.0
2025-09-09 09:00:00,1.079e-05,1.084e-05,1.069e-05,1.073e-05,804182439642.0
2025-09-09 10:00:00,1.074e-05,1.076e-05,1.064e-05,1.066e-05,544289144310.0
2025-09-09 11:00:00,1.066e-05,1.073e-05,1.064e-05,1.066e-05,271275901473.0
2025-09-09 12:00:00,1.067e-05,1.083e-05,1.063e-05,1.07e-05,672781425022.0
2025-09-09 13:00:00,1.07e-05,1.078e-05,1.065e-05,1.072e-05,646100299739.0
2025-09-09 14:00:00,1.072e-05,1.076e-05,1.032e-05,1.037e-05,1784254941153.0
2025-09-09 15:00:00,1.037e-05,1.038e-05,1.014e-05,1.021e-05,906922676316.0
2025-09-09 16:00:00,1.021e-05,1.025e-05,1.016e-05,1.021e-05,451803873939.0
2025-09-09 17:00:00,1.021e-05,1.03e-05,1.019e-05,1.022e-05,292896366391.0
2025-09-09 18:00:00,1.021e-05,1.027e-05,1.017e-05,1.022e-05,162927932184.0
2025-09-09 19:00:00,1.023e-05,1.031e-05,1.02e-05,1.026e-05,162770379917.0
2025-09-09 20:00:00,1.025e-05,1.031e-05,1.022e-05,1.031e-05,256914056304.0
2025-09-09 21:00:00,1.03e-05,1.035e-05,1.025e-05,1.026e-05,151512571629.0
2025-09-09 22:00:00,1.026e-05,1.034e-05,1.023e-05,1.032e-05,161677134366.0
2025-09-09 23:00:00,1.033e-05,1.035e-05,1.027e-05,1.032e-05,152055693313.0
2025-09-10 00:00:00,1.031e-05,1.034e-05,1.023e-05,1.025e-05,298172310926.0
2025-09-10 01:00:00,1.025e-05,1.036e-05,1.022e-05,1.033e-05,320959284170.0
2025-09-10 02:00:00,1.033e-05,1.052e-05,1.033e-05,1.045e-05,527463101177.0
2025-09-10 03:00:00,1.045e-05,1.052e-05,1.04e-05,1.051e-05,334084079519.0
2025-09-10 04:00:00,1.051e-05,1.054e-05,1.043e-05,1.047e-05,293131772198.0
2025-09-10 05:00:00,1.048e-05,1.048e-05,1.038e-05,1.041e-05,327150129950.0
2025-09-10 06:00:00,1.041e-05,1.045e-05,1.034e-05,1.041e-05,218992802306.0
2025-09-10 07:00:00,1.04e-05,1.052e-05,1.038e-05,1.047e-05,282637728586.0
2025-09-10 08:00:00,1.047e-05,1.051e-05,1.043e-05,1.044e-05,240928285651.0
2025-09-10 09:00:00,1.044e-05,1.045e-05,1.037e-05,1.042e-05,159840304027.0
2025-09-10 10:00:00,1.042e-05,1.042e-05,1.032e-05,1.036e-05,234272449205.0
2025-09-10 11:00:00,1.035e-05,1.041e-05,1.034e-05,1.039e-05,143747466972.0
2025-09-10 12:00:00,1.038e-05,1.06e-05,1.038e-05,1.05e-05,941656938433.0
2025-09-10 13:00:00,1.05e-05,1.068e-05,1.049e-05,1.06e-05,873190574440.0
2025-09-10 14:00:00,1.06e-05,1.064e-05,1.051e-05,1.052e-05,426348624904.0
2025-09-10 15:00:00,1.052e-05,1.06e-05,1.052e-05,1.054e-05,283990539502.0
2025-09-10 16:00:00,1.055e-05,1.059e-05,1.044e-05,1.058e-05,259434439723.0
2025-09-10 17:00:00,1.059e-05,1.06e-05,1.045e-05,1.054e-05,271348917539.0
2025-09-10 18:00:00,1.054e-05,1.057e-05,1.046e-05,1.052e-05,222802012437.0
2025-09-10 19:00:00,1.053e-05,1.053e-05,1.032e-05,1.038e-05,443413155838.0
2025-09-10 20:00:00,1.038e-05,1.047e-05,1.036e-05,1.044e-05,172803290013.0
2025-09-10 21:00:00,1.044e-05,1.053e-05,1.043e-05,1.05e-05,194752919515.0
2025-09-10 22:00:00,1.05e-05,1.054e-05,1.048e-05,1.052e-05,152587022304.0
2025-09-10 23:00:00,1.051e-05,1.055e-05,1.05e-05,1.053e-05,143999092474.0
2025-09-11 00:00:00,1.053e-05,1.054e-05,1.048e-05,1.052e-05,136750718670.0
2025-09-11 01:00:00,1.052e-05,1.058e-05,1.05e-05,1.055e-05,135211217209.0
2025-09-11 02:00:00,1.055e-05,1.058e-05,1.052e-05,1.052e-05,133128952550.0
2025-09-11 03:00:00,1.053e-05,1.065e-05,1.051e-05,1.064e-05,331544814350.0
2025-09-11 04:00:00,1.065e-05,1.065e-05,1.056e-05,1.061e-05,197301851487.0
2025-09-11 05:00:00,1.062e-05,1.063e-05,1.054e-05,1.061e-05,227037286213.0
2025-09-11 06:00:00,1.061e-05,1.064e-05,1.056e-05,1.06e-05,176139372128.0
2025-09-11 07:00:00,1.061e-05,1.065e-05,1.057e-05,1.062e-05,229958896067.0
2025-09-11 08:00:00,1.063e-05,1.065e-05,1.059e-05,1.06e-05,207709775271.0
2025-09-11 09:00:00,1.061e-05,1.062e-05,1.056e-05,1.059e-05,136958819732.0
2025-09-11 10:00:00,1.058e-05,1.061e-05,1.056e-05,1.06e-05,139589527159.0
2025-09-11 11:00:00,1.06e-05,1.062e-05,1.052e-05,1.053e-05,185536160216.0
2025-09-11 12:00:00,1.053e-05,1.07e-05,1.036e-05,1.049e-05,1643952180089.0
2025-09-11 13:00:00,1.049e-05,1.054e-05,1.035e-05,1.053e-05,631965030077.0
2025-09-11 14:00:00,1.053e-05,1.054e-05,1.038e-05,1.048e-05,444893370557.0
2025-09-11 15:00:00,1.047e-05,1.049e-05,1.039e-05,1.041e-05,191359373676.0
2025-09-11 16:00:00,1.041e-05,1.05e-05,1.04e-05,1.044e-05,283828505357.0
2025-09-11 17:00:00,1.044e-05,1.052e-05,1.043e-05,1.052e-05,265529371489.0
2025-09-11 18:00:00,1.052e-05,1.052e-05,1.046e-05,1.049e-05,224895869498.0
2025-09-11 19:00:00,1.048e-05,1.059e-05,1.047e-05,1.057e-05,226600303001.0
2025-09-11 20:00:00,1.058e-05,1.059e-05,1.053e-05,1.055e-05,135639659983.0
2025-09-11 21:00:00,1.056e-05,1.061e-05,1.054e-05,1.059e-05,169734194773.0
2025-09-11 22:00:00,1.059e-05,1.066e-05,1.055e-05,1.063e-05,377313446173.0
2025-09-11 23:00:00,1.062e-05,1.069e-05,1.062e-05,1.069e-05,275772016295.0
2025-09-12 00:00:00,1.069e-05,1.081e-05,1.063e-05,1.072e-05,614975517695.0
2025-09-12 01:00:00,1.071e-05,1.078e-05,1.063e-05,1.065e-05,402923640413.0
2025-09-12 02:00:00,1.064e-05,1.074e-05,1.063e-05,1.067e-05,407461741531.0
2025-09-12 03:00:00,1.067e-05,1.067e-05,1.058e-05,1.063e-05,262575738056.0
2025-09-12 04:00:00,1.064e-05,1.066e-05,1.059e-05,1.063e-05,269656365499.0
2025-09-12 05:00:00,1.062e-05,1.073e-05,1.061e-05,1.072e-05,285871292991.0
2025-09-12 06:00:00,1.072e-05,1.073e-05,1.064e-05,1.065e-05,263214447544.0
2025-09-12 07:00:00,1.066e-05,1.072e-05,1.062e-05,1.066e-05,280432946301.0
2025-09-12 08:00:00,1.066e-05,1.067e-05,1.057e-05,1.06e-05,245699233254.0
2025-09-12 09:00:00,1.059e-05,1.061e-05,1.052e-05,1.055e-05,311078661096.0
2025-09-12 10:00:00,1.055e-05,1.056e-05,1.047e-05,1.055e-05,349031167691.0
2025-09-12 11:00:00,1.055e-05,1.057e-05,1.046e-05,1.048e-05,250904971307.0
2025-09-12 12:00:00,1.047e-05,1.053e-05,1.039e-05,1.05e-05,416395548911.0
2025-09-12 13:00:00,1.051e-05,1.051e-05,1.044e-05,1.05e-05,315283163954.0
2025-09-12 14:00:00,1.049e-05,1.059e-05,1.047e-05,1.058e-05,683078394665.0
2025-09-12 15:00:00,1.057e-05,1.058e-05,1.047e-05,1.054e-05,301160675359.0
2025-09-12 16:00:00,1.054e-05,1.076e-05,1.05e-05,1.076e-05,1420963603914.0
2025-09-12 17:00:00,1.076e-05,1.147e-05,1.072e-05,1.127e-05,4230578775708.0
2025-09-12 18:00:00,1.127e-05,1.147e-05,1.125e-05,1.146e-05,1358171603606.0
2025-09-12 19:00:00,1.147e-05,1.16e-05,1.137e-05,1.152e-05,1262767691102.0
2025-09-12 20:00:00,1.152e-05,1.154e-05,1.127e-05,1.136e-05,1092718647499.0
2025-09-12 21:00:00,1.136e-05,1.145e-05,1.122e-05,1.145e-05,616876420429.0
2025-09-12 22:00:00,1.145e-05,1.166e-05,1.145e-05,1.161e-05,887864027461.0
2025-09-12 23:00:00,1.161e-05,1.162e-05,1.151e-05,1.153e-05,642557138783.0
2025-09-13 00:00:00,1.153e-05,1.191e-05,1.146e-05,1.19e-05,2211747869560.0
2025-09-13 01:00:00,1.19e-05,1.219e-05,1.187e-05,1.194e-05,2322290696437.0
2025-09-13 02:00:00,1.193e-05,1.201e-05,1.185e-05,1.193e-05,917764107753.0
2025-09-13 03:00:00,1.193e-05,1.213e-05,1.189e-05,1.201e-05,793304338954.0
2025-09-13 04:00:00,1.201e-05,1.208e-05,1.192e-05,1.202e-05,756565481349.0
2025-09-13 05:00:00,1.202e-05,1.214e-05,1.194e-05,1.203e-05,917636415835.0
2025-09-13 06:00:00,1.203e-05,1.232e-05,1.203e-05,1.219e-05,1888174471474.0
2025-09-13 07:00:00,1.22e-05,1.22e-05,1.211e-05,1.214e-05,652784216498.0
2025-09-13 08:00:00,1.214e-05,1.238e-05,1.213e-05,1.237e-05,1383769828430.0
2025-09-13 09:00:00,1.237e-05,1.249e-05,1.224e-05,1.234e-05,2052214448626.0
2025-09-13 10:00:00,1.233e-05,1.243e-05,1.216e-05,1.223e-05,1479175474723.0
2025-09-13 11:00:00,1.222e-05,1.238e-05,1.213e-05,1.236e-05,945118257524.0
2025-09-13 12:00:00,1.236e-05,1.241e-05,1.224e-05,1.239e-05,909358923122.0
2025-09-13 13:00:00,1.24e-05,1.27e-05,1.193e-05,1.21e-05,4177029200272.0
2025-09-13 14:00:00,1.21e-05,1.222e-05,1.195e-05,1.212e-05,2071567404562.0
2025-09-13 15:00:00,1.212e-05,1.233e-05,1.203e-05,1.206e-05,1481180858844.0
2025-09-13 16:00:00,1.206e-05,1.218e-05,1.186e-05,1.193e-05,1627794900851.0
2025-09-13 17:00:00,1.194e-05,1.195e-05,1.168e-05,1.185e-05,2130097704255.0
2025-09-13 18:00:00,1.184e-05,1.19e-05,1.174e-05,1.189e-05,611711923430.0
2025-09-13 19:00:00,1.189e-05,1.19e-05,1.181e-05,1.187e-05,358885868623.0
2025-09-13 20:00:00,1.186e-05,1.199e-05,1.185e-05,1.198e-05,511574096158.0
2025-09-13 21:00:00,1.198e-05,1.202e-05,1.191e-05,1.194e-05,391520010547.0
2025-09-13 22:00:00,1.195e-05,1.197e-05,1.186e-05,1.19e-05,335107473664.0
2025-09-13 23:00:00,1.191e-05,1.197e-05,1.189e-05,1.191e-05,316305898011.0
2025-09-14 00:00:00,1.191e-05,1.197e-05,1.173e-05,1.181e-05,1139572771063.0
2025-09-14 01:00:00,1.18e-05,1.185e-05,1.164e-05,1.183e-05,1511748478817.0
2025-09-14 02:00:00,1.183e-05,1.197e-05,1.18e-05,1.185e-05,1351899283666.0
2025-09-14 03:00:00,1.185e-05,1.186e-05,1.168e-05,1.172e-05,476759743429.0
2025-09-14 04:00:00,1.172e-05,1.172e-05,1.155e-05,1.165e-05,1170221657138.0
2025-09-14 05:00:00,1.165e-05,1.178e-05,1.163e-05,1.175e-05,283471635587.0
2025-09-14 06:00:00,1.175e-05,1.176e-05,1.163e-05,1.169e-05,333501915710.0
2025-09-14 07:00:00,1.169e-05,1.17e-05,1.161e-05,1.167e-05,276270989075.0
2025-09-14 08:00:00,1.166e-05,1.175e-05,1.163e-05,1.169e-05,262457786888.0
2025-09-14 09:00:00,1.17e-05,1.179e-05,1.165e-05,1.176e-05,353426015483.0
2025-09-14 10:00:00,1.176e-05,1.177e-05,1.172e-05,1.174e-05,317667037642.0
2025-09-14 11:00:00,1.175e-05,1.177e-05,1.143e-05,1.148e-05,930507076340.0
2025-09-14 12:00:00,1.148e-05,1.157e-05,1.137e-05,1.148e-05,642315151948.0
2025-09-14 13:00:00,1.148e-05,1.151e-05,1.129e-05,1.138e-05,695023893135.0
2025-09-14 14:00:00,1.138e-05,1.146e-05,1.115e-05,1.125e-05,988287304287.0
2025-09-14 15:00:00,1.125e-05,1.127e-05,1.112e-05,1.117e-05,623721985448.0
2025-09-14 16:00:00,1.118e-05,1.137e-05,1.114e-05,1.133e-05,658108362214.0
2025-09-14 17:00:00,1.134e-05,1.176e-05,1.132e-05,1.171e-05,1415628360872.0
2025-09-14 18:00:00,1.17e-05,1.171e-05,1.151e-05,1.153e-05,561847190759.0
2025-09-14 19:00:00,1.153e-05,1.162e-05,1.148e-05,1.153e-05,204164100056.0
2025-09-14 20:00:00,1.152e-05,1.161e-05,1.151e-05,1.158e-05,192176207107.0
2025-09-14 21:00:00,1.158e-05,1.168e-05,1.147e-05,1.161e-05,255983607992.0
2025-09-14 22:00:00,1.16e-05,1.168e-05,1.155e-05,1.163e-05,242029175124.0
2025-09-14 23:00:00,1.163e-05,1.164e-05,1.148e-05,1.154e-05,292200498629.0
2025-09-15 00:00:00,1.155e-05,1.163e-05,1.149e-05,1.158e-05,477861736017.0
2025-09-15 01:00:00,1.157e-05,1.168e-05,1.143e-05,1.162e-05,500675994609.0
2025-09-15 02:00:00,1.162e-05,1.166e-05,1.151e-05,1.155e-05,308041693939.0
2025-09-15 03:00:00,1.155e-05,1.163e-05,1.152e-05,1.158e-05,199049763658.0
2025-09-15 04:00:00,1.158e-05,1.164e-05,1.152e-05,1.154e-05,305415829902.0
2025-09-15 05:00:00,1.154e-05,1.162e-05,1.151e-05,1.16e-05,355252220747.0
2025-09-15 06:00:00,1.16e-05,1.16e-05,1.117e-05,1.123e-05,1169397820994.0
2025-09-15 07:00:00,1.124e-05,1.132e-05,1.095e-05,1.101e-05,1085420361162.0
2025-09-15 08:00:00,1.102e-05,1.102e-05,1.072e-05,1.075e-05,1602101214353.0
2025-09-15 09:00:00,1.074e-05,1.09e-05,1.073e-05,1.085e-05,739691075561.0
2025-09-15 10:00:00,1.085e-05,1.086e-05,1.074e-05,1.082e-05,572978347240.0
2025-09-15 11:00:00,1.081e-05,1.086e-05,1.077e-05,1.084e-05,361745108775.0
2025-09-15 12:00:00,1.084e-05,1.086e-05,1.068e-05,1.071e-05,514554511204.0
2025-09-15 13:00:00,1.072e-05,1.081e-05,1.068e-05,1.074e-05,578138591075.0
2025-09-15 14:00:00,1.074e-05,1.078e-05,1.063e-05,1.067e-05,743469658730.0
2025-09-15 15:00:00,1.068e-05,1.072e-05,1.057e-05,1.068e-05,616543951041.0
2025-09-15 16:00:00,1.067e-05,1.068e-05,1.056e-05,1.06e-05,456243604635.0
2025-09-15 17:00:00,1.06e-05,1.073e-05,1.058e-05,1.072e-05,383522773298.0
2025-09-15 18:00:00,1.072e-05,1.072e-05,1.064e-05,1.069e-05,299679769816.0
2025-09-15 19:00:00,1.068e-05,1.073e-05,1.063e-05,1.068e-05,335469758530.0
2025-09-15 20:00:00,1.069e-05,1.076e-05,1.066e-05,1.075e-05,263162396249.0
2025-09-15 21:00:00,1.075e-05,1.08e-05,1.07e-05,1.077e-05,220422744517.0
2025-09-15 22:00:00,1.077e-05,1.079e-05,1.069e-05,1.072e-05,187659225879.0
2025-09-15 23:00:00,1.073e-05,1.079e-05,1.071e-05,1.078e-05,129294768627.0
2025-09-16 00:00:00,1.078e-05,1.079e-05,1.073e-05,1.079e-05,156469456718.0
2025-09-16 01:00:00,1.079e-05,1.085e-05,1.075e-05,1.075e-05,341707866346.0
2025-09-16 02:00:00,1.076e-05,1.081e-05,1.071e-05,1.073e-05,238921994284.0
2025-09-16 03:00:00,1.073e-05,1.08e-05,1.072e-05,1.074e-05,118777819285.0
2025-09-16 04:00:00,1.074e-05,1.075e-05,1.06e-05,1.072e-05,542996327417.0
2025-09-16 05:00:00,1.073e-05,1.08e-05,1.071e-05,1.078e-05,283240236853.0
2025-09-16 06:00:00,1.079e-05,1.081e-05,1.066e-05,1.074e-05,298623993808.0
2025-09-16 07:00:00,1.073e-05,1.08e-05,1.073e-05,1.078e-05,185255456952.0
2025-09-16 08:00:00,1.078e-05,1.086e-05,1.075e-05,1.083e-05,448074690764.0
2025-09-16 09:00:00,1.084e-05,1.087e-05,1.076e-05,1.08e-05,346360882844.0
2025-09-16 10:00:00,1.08e-05,1.081e-05,1.073e-05,1.076e-05,228489341226.0
2025-09-16 11:00:00,1.076e-05,1.082e-05,1.075e-05,1.076e-05,146466511611.0
2025-09-16 12:00:00,1.077e-05,1.083e-05,1.074e-05,1.082e-05,201220789565.0
2025-09-16 13:00:00,1.082e-05,1.091e-05,1.065e-05,1.081e-05,906962628943.0
2025-09-16 14:00:00,1.08e-05,1.086e-05,1.066e-05,1.081e-05,427492177801.0
2025-09-16 15:00:00,1.08e-05,1.09e-05,1.076e-05,1.09e-05,363610798301.0
2025-09-16 16:00:00,1.09e-05,1.09e-05,1.081e-05,1.086e-05,345869835846.0
2025-09-16 17:00:00,1.086e-05,1.103e-05,1.083e-05,1.096e-05,820493490849.0
2025-09-16 18:00:00,1.096e-05,1.102e-05,1.091e-05,1.096e-05,423692133080.0
2025-09-16 19:00:00,1.096e-05,1.1e-05,1.091e-05,1.097e-05,193322375043.0
2025-09-16 20:00:00,1.098e-05,1.101e-05,1.095e-05,1.097e-05,195320379563.0
2025-09-16 21:00:00,1.097e-05,1.102e-05,1.093e-05,1.102e-05,374668337578.0
2025-09-16 22:00:00,1.102e-05,1.109e-05,1.101e-05,1.104e-05,334067112563.0
2025-09-16 23:00:00,1.104e-05,1.11e-05,1.1e-05,1.107e-05,278995857602.0
2025-09-17 00:00:00,1.108e-05,1.115e-05,1.102e-05,1.111e-05,801879891939.0
2025-09-17 01:00:00,1.111e-05,1.116e-05,1.106e-05,1.111e-05,789057526679.0
2025-09-17 02:00:00,1.111e-05,1.118e-05,1.103e-05,1.113e-05,847127816560.0
2025-09-17 03:00:00,1.113e-05,1.12e-05,1.103e-05,1.104e-05,927108378656.0
2025-09-17 04:00:00,1.104e-05,1.108e-05,1.083e-05,1.088e-05,507819281986.0
2025-09-17 05:00:00,1.087e-05,1.096e-05,1.085e-05,1.096e-05,615989523517.0
2025-09-17 06:00:00,1.096e-05,1.099e-05,1.089e-05,1.098e-05,919151496135.0
2025-09-17 07:00:00,1.098e-05,1.1e-05,1.088e-05,1.092e-05,658006879979.0
2025-09-17 08:00:00,1.092e-05,1.094e-05,1.077e-05,1.083e-05,703242247857.0
2025-09-17 09:00:00,1.082e-05,1.083e-05,1.076e-05,1.078e-05,491140458573.0
2025-09-17 10:00:00,1.077e-05,1.082e-05,1.073e-05,1.079e-05,332995634508.0
2025-09-17 11:00:00,1.08e-05,1.092e-05,1.078e-05,1.09e-05,304163393898.0
2025-09-17 12:00:00,1.09e-05,1.095e-05,1.083e-05,1.09e-05,221097700841.0
2025-09-17 13:00:00,1.09e-05,1.095e-05,1.085e-05,1.09e-05,306521679756.0
2025-09-17 14:00:00,1.09e-05,1.094e-05,1.082e-05,1.087e-05,285251353176.0
2025-09-17 15:00:00,1.086e-05,1.091e-05,1.083e-05,1.084e-05,225475643245.0
2025-09-17 16:00:00,1.084e-05,1.091e-05,1.071e-05,1.089e-05,535847905918.0
2025-09-17 17:00:00,1.089e-05,1.104e-05,1.078e-05,1.078e-05,736947232890.0
2025-09-17 18:00:00,1.078e-05,1.103e-05,1.074e-05,1.085e-05,2478446484439.0
2025-09-17 19:00:00,1.084e-05,1.122e-05,1.084e-05,1.117e-05,1065530280929.0
2025-09-17 20:00:00,1.116e-05,1.128e-05,1.1e-05,1.103e-05,719959873984.0
2025-09-17 21:00:00,1.102e-05,1.125e-05,1.092e-05,1.123e-05,527555554929.0
2025-09-17 22:00:00,1.124e-05,1.147e-05,1.123e-05,1.144e-05,803253182022.0
2025-09-17 23:00:00,1.144e-05,1.151e-05,1.131e-05,1.141e-05,867560733433.0
2025-09-18 00:00:00,1.142e-05,1.153e-05,1.131e-05,1.134e-05,1192146389067.0
2025-09-18 01:00:00,1.135e-05,1.147e-05,1.133e-05,1.141e-05,417747538068.0
2025-09-18 02:00:00,1.141e-05,1.147e-05,1.133e-05,1.147e-05,364346378698.0
2025-09-18 03:00:00,1.146e-05,1.166e-05,1.144e-05,1.164e-05,1271111668939.0
2025-09-18 04:00:00,1.164e-05,1.166e-05,1.152e-05,1.157e-05,565982030548.0
2025-09-18 05:00:00,1.157e-05,1.158e-05,1.141e-05,1.146e-05,422925107226.0
2025-09-18 06:00:00,1.147e-05,1.15e-05,1.13e-05,1.138e-05,745838180333.0
2025-09-18 07:00:00,1.138e-05,1.145e-05,1.131e-05,1.138e-05,456343834667.0
2025-09-18 08:00:00,1.138e-05,1.147e-05,1.134e-05,1.145e-05,748704875046.0
2025-09-18 09:00:00,1.146e-05,1.146e-05,1.137e-05,1.139e-05,293699606387.0
2025-09-18 10:00:00,1.139e-05,1.142e-05,1.126e-05,1.128e-05,585907161606.0
2025-09-18 11:00:00,1.129e-05,1.131e-05,1.125e-05,1.129e-05,444319814891.0
2025-09-18 12:00:00,1.128e-05,1.14e-05,1.125e-05,1.134e-05,380026478383.0
2025-09-18 13:00:00,1.134e-05,1.142e-05,1.121e-05,1.131e-05,791041968688.0
2025-09-18 14:00:00,1.131e-05,1.145e-05,1.131e-05,1.145e-05,460463686278.0
2025-09-18 15:00:00,1.145e-05,1.156e-05,1.14e-05,1.153e-05,651944373791.0
2025-09-18 16:00:00,1.153e-05,1.164e-05,1.152e-05,1.155e-05,690270294156.0
2025-09-18 17:00:00,1.156e-05,1.163e-05,1.149e-05,1.154e-05,538996784129.0
2025-09-18 18:00:00,1.155e-05,1.16e-05,1.15e-05,1.157e-05,324829163429.0
2025-09-18 19:00:00,1.156e-05,1.157e-05,1.132e-05,1.144e-05,542747075182.0
2025-09-18 20:00:00,1.145e-05,1.151e-05,1.143e-05,1.146e-05,218913170038.0
2025-09-18 21:00:00,1.146e-05,1.15e-05,1.139e-05,1.147e-05,256600292935.0
2025-09-18 22:00:00,1.146e-05,1.148e-05,1.137e-05,1.138e-05,217017201826.0
2025-09-18 23:00:00,1.138e-05,1.148e-05,1.129e-05,1.145e-05,442083274641.0
2025-09-19 00:00:00,1.144e-05,1.15e-05,1.136e-05,1.142e-05,360961116143.0
2025-09-19 01:00:00,1.142e-05,1.147e-05,1.129e-05,1.133e-05,311137336613.0
2025-09-19 02:00:00,1.134e-05,1.138e-05,1.126e-05,1.127e-05,247914824342.0
2025-09-19 03:00:00,1.127e-05,1.132e-05,1.111e-05,1.114e-05,668229251735.0
2025-09-19 04:00:00,1.114e-05,1.118e-05,1.104e-05,1.117e-05,539536079573.0
2025-09-19 05:00:00,1.117e-05,1.118e-05,1.106e-05,1.113e-05,223952888401.0
2025-09-19 06:00:00,1.114e-05,1.114e-05,1.1e-05,1.101e-05,748319624253.0
2025-09-19 07:00:00,1.101e-05,1.109e-05,1.097e-05,1.104e-05,436293611708.0
2025-09-19 08:00:00,1.103e-05,1.11e-05,1.102e-05,1.105e-05,267104322213.0
2025-09-19 09:00:00,1.105e-05,1.109e-05,1.094e-05,1.1e-05,471644431999.0
2025-09-19 10:00:00,1.1e-05,1.106e-05,1.097e-05,1.103e-05,234537750574.0
2025-09-19 11:00:00,1.104e-05,1.105e-05,1.089e-05,1.093e-05,577373687244.0
2025-09-19 12:00:00,1.093e-05,1.097e-05,1.088e-05,1.093e-05,322041862410.0
2025-09-19 13:00:00,1.092e-05,1.098e-05,1.089e-05,1.096e-05,315515453765.0
2025-09-19 14:00:00,1.096e-05,1.098e-05,1.082e-05,1.087e-05,442550941257.0
2025-09-19 15:00:00,1.087e-05,1.088e-05,1.072e-05,1.084e-05,810236144539.0
2025-09-19 16:00:00,1.084e-05,1.092e-05,1.082e-05,1.089e-05,219303168685.0
2025-09-19 17:00:00,1.089e-05,1.089e-05,1.076e-05,1.078e-05,238813296919.0
2025-09-19 18:00:00,1.078e-05,1.083e-05,1.071e-05,1.079e-05,336165893040.0
2025-09-19 19:00:00,1.079e-05,1.084e-05,1.077e-05,1.077e-05,149309042467.0
2025-09-19 20:00:00,1.078e-05,1.085e-05,1.077e-05,1.082e-05,150226964079.0
2025-09-19 21:00:00,1.081e-05,1.088e-05,1.079e-05,1.085e-05,177691915347.0
2025-09-19 22:00:00,1.086e-05,1.089e-05,1.084e-05,1.084e-05,102424894222.0
2025-09-19 23:00:00,1.085e-05,1.085e-05,1.066e-05,1.076e-05,412232484017.0
2025-09-20 00:00:00,1.075e-05,1.082e-05,1.072e-05,1.082e-05,205999749559.0
2025-09-20 01:00:00,1.081e-05,1.082e-05,1.074e-05,1.076e-05,269213275961.0
2025-09-20 02:00:00,1.076e-05,1.076e-05,1.065e-05,1.075e-05,227578299877.0
2025-09-20 03:00:00,1.076e-05,1.077e-05,1.072e-05,1.073e-05,204958963434.0
2025-09-20 04:00:00,1.073e-05,1.08e-05,1.072e-05,1.076e-05,163368248305.0
2025-09-20 05:00:00,1.077e-05,1.085e-05,1.075e-05,1.085e-05,299689428969.0
2025-09-20 06:00:00,1.085e-05,1.085e-05,1.078e-05,1.079e-05,142348989893.0
2025-09-20 07:00:00,1.079e-05,1.081e-05,1.075e-05,1.079e-05,194865216711.0
2025-09-20 08:00:00,1.08e-05,1.08e-05,1.068e-05,1.068e-05,212168271321.0
2025-09-20 09:00:00,1.069e-05,1.072e-05,1.056e-05,1.063e-05,489336705659.0
2025-09-20 10:00:00,1.063e-05,1.066e-05,1.058e-05,1.059e-05,327131735762.0
2025-09-20 11:00:00,1.059e-05,1.065e-05,1.054e-05,1.063e-05,572627936643.0
2025-09-20 12:00:00,1.063e-05,1.065e-05,1.06e-05,1.064e-05,174867175574.0
2025-09-20 13:00:00,1.064e-05,1.068e-05,1.061e-05,1.065e-05,238744005112.0
2025-09-20 14:00:00,1.065e-05,1.076e-05,1.061e-05,1.075e-05,334317750229.0
2025-09-20 15:00:00,1.074e-05,1.084e-05,1.074e-05,1.08e-05,726648177393.0
2025-09-20 16:00:00,1.079e-05,1.084e-05,1.073e-05,1.079e-05,360508183322.0
2025-09-20 17:00:00,1.079e-05,1.08e-05,1.071e-05,1.071e-05,206831968537.0
2025-09-20 18:00:00,1.071e-05,1.072e-05,1.061e-05,1.064e-05,326039990562.0
2025-09-20 19:00:00,1.064e-05,1.069e-05,1.063e-05,1.066e-05,144505076438.0
2025-09-20 20:00:00,1.065e-05,1.071e-05,1.064e-05,1.071e-05,90726373822.0
2025-09-20 21:00:00,1.071e-05,1.076e-05,1.069e-05,1.071e-05,125586307155.0
2025-09-20 22:00:00,1.072e-05,1.075e-05,1.07e-05,1.074e-05,123516239451.0
2025-09-20 23:00:00,1.074e-05,1.074e-05,1.067e-05,1.072e-05,87076942801.0
2025-09-21 00:00:00,1.072e-05,1.078e-05,1.068e-05,1.075e-05,127033307409.0
2025-09-21 01:00:00,1.075e-05,1.077e-05,1.066e-05,1.068e-05,137361505892.0
2025-09-21 02:00:00,1.067e-05,1.074e-05,1.066e-05,1.072e-05,249809995993.0
2025-09-21 03:00:00,1.072e-05,1.073e-05,1.07e-05,1.073e-05,124251706954.0
2025-09-21 04:00:00,1.072e-05,1.074e-05,1.069e-05,1.071e-05,117490968528.0
2025-09-21 05:00:00,1.072e-05,1.075e-05,1.068e-05,1.074e-05,188493546179.0
2025-09-21 06:00:00,1.075e-05,1.079e-05,1.072e-05,1.073e-05,153107090920.0
2025-09-21 07:00:00,1.073e-05,1.075e-05,1.069e-05,1.07e-05,119949711691.0
2025-09-21 08:00:00,1.071e-05,1.073e-05,1.062e-05,1.066e-05,193659263191.0
2025-09-21 09:00:00,1.067e-05,1.068e-05,1.042e-05,1.055e-05,738625644393.0
2025-09-21 10:00:00,1.055e-05,1.057e-05,1.051e-05,1.052e-05,175886801902.0
2025-09-21 11:00:00,1.052e-05,1.06e-05,1.051e-05,1.056e-05,157640459070.0
2025-09-21 12:00:00,1.056e-05,1.065e-05,1.055e-05,1.06e-05,199986266652.0
2025-09-21 13:00:00,1.06e-05,1.065e-05,1.059e-05,1.062e-05,160650412598.0
2025-09-21 14:00:00,1.063e-05,1.065e-05,1.056e-05,1.056e-05,123557190761.0
2025-09-21 15:00:00,1.056e-05,1.06e-05,1.052e-05,1.054e-05,605351274033.0
2025-09-21 16:00:00,1.055e-05,1.057e-05,1.043e-05,1.048e-05,507985299711.0
2025-09-21 17:00:00,1.049e-05,1.057e-05,1.044e-05,1.057e-05,228705995592.0
2025-09-21 18:00:00,1.057e-05,1.059e-05,1.052e-05,1.058e-05,192782235501.0
2025-09-21 19:00:00,1.058e-05,1.059e-05,1.049e-05,1.054e-05,146298673521.0
2025-09-21 20:00:00,1.053e-05,1.055e-05,1.048e-05,1.049e-05,81954365471.0
2025-09-21 21:00:00,1.05e-05,1.051e-05,1.045e-05,1.047e-05,137012523506.0
2025-09-21 22:00:00,1.046e-05,1.051e-05,1.039e-05,1.051e-05,379131694673.0
2025-09-21 23:00:00,1.05e-05,1.05e-05,1.04e-05,1.041e-05,204720973842.0
2025-09-22 00:00:00,1.041e-05,1.048e-05,1.007e-05,1.015e-05,2479456539439.0
2025-09-22 01:00:00,1.014e-05,1.023e-05,1.008e-05,1.015e-05,492040341461.0
2025-09-22 02:00:00,1.015e-05,1.018e-05,9.94e-06,1.004e-05,1079382909754.0
2025-09-22 03:00:00,1.003e-05,1.011e-05,1.002e-05,1.009e-05,642579679027.0
2025-09-22 04:00:00,1.008e-05,1.014e-05,1.005e-05,1.008e-05,410893808782.0
2025-09-22 05:00:00,1.008e-05,1.01e-05,9.88e-06,9.89e-06,860350131679.0
2025-09-22 06:00:00,9.89e-06,9.91e-06,9.35e-06,9.73e-06,3874722422006.0
2025-09-22 07:00:00,9.72e-06,9.77e-06,9.66e-06,9.68e-06,1198207940780.0
2025-09-22 08:00:00,9.68e-06,9.8e-06,9.6e-06,9.78e-06,859077292218.0
2025-09-22 09:00:00,9.77e-06,9.77e-06,9.67e-06,9.7e-06,490999574368.0
2025-09-22 10:00:00,9.69e-06,9.78e-06,9.67e-06,9.75e-06,447763273542.0
2025-09-22 11:00:00,9.75e-06,9.77e-06,9.68e-06,9.72e-06,425756649184.0
2025-09-22 12:00:00,9.72e-06,9.74e-06,9.68e-06,9.72e-06,327223347507.0
2025-09-22 13:00:00,9.72e-06,9.79e-06,9.65e-06,9.75e-06,674158178130.0
2025-09-22 14:00:00,9.75e-06,9.78e-06,9.62e-06,9.65e-06,734288328923.0
2025-09-22 15:00:00,9.66e-06,9.68e-06,9.54e-06,9.6e-06,659231960140.0
2025-09-22 16:00:00,9.61e-06,9.65e-06,9.55e-06,9.58e-06,629330836218.0
2025-09-22 17:00:00,9.57e-06,9.63e-06,9.52e-06,9.6e-06,552266895907.0
2025-09-22 18:00:00,9.6e-06,9.63e-06,9.56e-06,9.57e-06,270663089064.0
2025-09-22 19:00:00,9.57e-06,9.58e-06,9.47e-06,9.49e-06,477662356009.0
2025-09-22 20:00:00,9.49e-06,9.62e-06,9.48e-06,9.61e-06,377272513768.0
2025-09-22 21:00:00,9.61e-06,9.67e-06,9.58e-06,9.66e-06,253161355411.0
2025-09-22 22:00:00,9.65e-06,9.66e-06,9.6e-06,9.61e-06,204863611176.0
2025-09-22 23:00:00,9.6e-06,9.69e-06,9.6e-06,9.66e-06,315950127386.0
2025-09-23 00:00:00,9.66e-06,9.7e-06,9.6e-06,9.62e-06,228150436877.0
2025-09-23 01:00:00,9.62e-06,9.63e-06,9.52e-06,9.53e-06,281611398118.0
2025-09-23 02:00:00,9.54e-06,9.59e-06,9.46e-06,9.48e-06,445656127449.0
2025-09-23 03:00:00,9.48e-06,9.66e-06,9.41e-06,9.61e-06,652763975835.0
2025-09-23 04:00:00,9.6e-06,9.63e-06,9.5e-06,9.56e-06,264764745781.0
2025-09-23 05:00:00,9.57e-06,9.65e-06,9.52e-06,9.58e-06,363377222845.0
2025-09-23 06:00:00,9.58e-06,9.7e-06,9.56e-06,9.69e-06,558999294617.0
2025-09-23 07:00:00,9.69e-06,9.73e-06,9.64e-06,9.66e-06,439369866034.0
2025-09-23 08:00:00,9.67e-06,9.72e-06,9.63e-06,9.71e-06,445360914843.0
2025-09-23 09:00:00,9.71e-06,9.77e-06,9.68e-06,9.72e-06,592481963287.0
2025-09-23 10:00:00,9.71e-06,9.76e-06,9.69e-06,9.74e-06,370738306033.0
2025-09-23 11:00:00,9.73e-06,9.74e-06,9.66e-06,9.72e-06,227191546034.0
2025-09-23 12:00:00,9.72e-06,9.76e-06,9.67e-06,9.72e-06,333767057336.0
2025-09-23 13:00:00,9.72e-06,9.76e-06,9.68e-06,9.72e-06,401033442851.0
2025-09-23 14:00:00,9.71e-06,9.81e-06,9.64e-06,9.68e-06,526702916110.0
2025-09-23 15:00:00,9.68e-06,9.76e-06,9.63e-06,9.7e-06,277245680424.0
2025-09-23 16:00:00,9.69e-06,9.84e-06,9.65e-06,9.8e-06,478947879302.0
2025-09-23 17:00:00,9.79e-06,9.8e-06,9.6e-06,9.61e-06,339564945390.0
2025-09-23 18:00:00,9.62e-06,9.66e-06,9.55e-06,9.58e-06,248587713815.0
2025-09-23 19:00:00,9.58e-06,9.68e-06,9.56e-06,9.59e-06,226703049157.0
2025-09-23 20:00:00,9.59e-06,9.66e-06,9.55e-06,9.65e-06,139491240978.0
2025-09-23 21:00:00,9.65e-06,9.69e-06,9.59e-06,9.66e-06,131521935809.0
2025-09-23 22:00:00,9.66e-06,9.67e-06,9.6e-06,9.61e-06,215075859633.0
2025-09-23 23:00:00,9.61e-06,9.63e-06,9.54e-06,9.57e-06,138732688961.0
2025-09-24 00:00:00,9.56e-06,9.7e-06,9.56e-06,9.62e-06,132467212519.0
2025-09-24 01:00:00,9.63e-06,9.7e-06,9.59e-06,9.68e-06,100393260778.0
2025-09-24 02:00:00,9.68e-06,9.69e-06,9.5e-06,9.57e-06,596898227959.0
2025-09-24 03:00:00,9.57e-06,9.59e-06,9.39e-06,9.47e-06,769330335213.0
2025-09-24 04:00:00,9.47e-06,9.64e-06,9.32e-06,9.55e-06,1077131747137.0
2025-09-24 05:00:00,9.56e-06,9.68e-06,9.54e-06,9.65e-06,240890994441.0
2025-09-24 06:00:00,9.65e-06,9.68e-06,9.61e-06,9.65e-06,169049005621.0
2025-09-24 07:00:00,9.65e-06,9.67e-06,9.6e-06,9.65e-06,135166449195.0
2025-09-24 08:00:00,9.66e-06,9.7e-06,9.62e-06,9.66e-06,177774253257.0
2025-09-24 09:00:00,9.65e-06,9.73e-06,9.64e-06,9.7e-06,457932350582.0
2025-09-24 10:00:00,9.7e-06,9.75e-06,9.68e-06,9.74e-06,163267706103.0
2025-09-24 11:00:00,9.74e-06,9.77e-06,9.69e-06,9.7e-06,243586463425.0
2025-09-24 12:00:00,9.71e-06,9.74e-06,9.67e-06,9.72e-06,152986094409.0
2025-09-24 13:00:00,9.73e-06,9.76e-06,9.65e-06,9.65e-06,295086156790.0
2025-09-24 14:00:00,9.65e-06,9.85e-06,9.65e-06,9.79e-06,370801535444.0
2025-09-24 15:00:00,9.79e-06,9.81e-06,9.68e-06,9.69e-06,245040488768.0
2025-09-24 16:00:00,9.7e-06,9.73e-06,9.66e-06,9.68e-06,188778001159.0
2025-09-24 17:00:00,9.69e-06,9.74e-06,9.67e-06,9.71e-06,124252203002.0
2025-09-24 18:00:00,9.71e-06,9.72e-06,9.65e-06,9.67e-06,87885946134.0
2025-09-24 19:00:00,9.66e-06,9.69e-06,9.61e-06,9.66e-06,113383928286.0
2025-09-24 20:00:00,9.67e-06,9.69e-06,9.62e-06,9.67e-06,95074816977.0
2025-09-24 21:00:00,9.68e-06,9.68e-06,9.57e-06,9.59e-06,83807599818.0
2025-09-24 22:00:00,9.6e-06,9.65e-06,9.59e-06,9.61e-06,127652203246.0
2025-09-24 23:00:00,9.61e-06,9.66e-06,9.59e-06,9.64e-06,164047836276.0
2025-09-25 00:00:00,9.64e-06,9.67e-06,9.57e-06,9.59e-06,165940498216.0
2025-09-25 01:00:00,9.59e-06,9.62e-06,9.5e-06,9.53e-06,420117944994.0
2025-09-25 02:00:00,9.54e-06,9.66e-06,9.48e-06,9.62e-06,332884016725.0
2025-09-25 03:00:00,9.61e-06,9.63e-06,9.43e-06,9.55e-06,307975250537.0
2025-09-25 04:00:00,9.55e-06,9.59e-06,9.37e-06,9.44e-06,637075332164.0
2025-09-25 05:00:00,9.44e-06,9.6e-06,9.38e-06,9.51e-06,396705782128.0
2025-09-25 06:00:00,9.51e-06,9.52e-06,9.4e-06,9.41e-06,308988827840.0
2025-09-25 07:00:00,9.41e-06,9.5e-06,9.39e-06,9.44e-06,315612608681.0
2025-09-25 08:00:00,9.44e-06,9.5e-06,9.38e-06,9.42e-06,341845434928.0
2025-09-25 09:00:00,9.43e-06,9.51e-06,9.34e-06,9.37e-06,433156151255.0
2025-09-25 10:00:00,9.36e-06,9.46e-06,9.35e-06,9.36e-06,163994873877.0
2025-09-25 11:00:00,9.37e-06,9.41e-06,9.31e-06,9.37e-06,301809342366.0
2025-09-25 12:00:00,9.37e-06,9.47e-06,9.18e-06,9.38e-06,1120577636325.0
2025-09-25 13:00:00,9.39e-06,9.5e-06,9.3e-06,9.42e-06,634386817142.0
2025-09-25 14:00:00,9.43e-06,9.57e-06,9.42e-06,9.44e-06,393498592230.0
2025-09-25 15:00:00,9.44e-06,9.47e-06,9.33e-06,9.38e-06,611538281464.0
2025-09-25 16:00:00,9.39e-06,9.42e-06,9.13e-06,9.17e-06,2055705146559.0
2025-09-25 17:00:00,9.17e-06,9.18e-06,8.88e-06,8.92e-06,2576922410099.0
2025-09-25 18:00:00,8.92e-06,9.17e-06,8.86e-06,9.16e-06,1215210884540.0
2025-09-25 19:00:00,9.16e-06,9.23e-06,9.09e-06,9.11e-06,333998462729.0
2025-09-25 20:00:00,9.11e-06,9.14e-06,9.01e-06,9.03e-06,240889306851.0
2025-09-25 21:00:00,9.03e-06,9.12e-06,8.96e-06,9.07e-06,275609804802.0
2025-09-25 22:00:00,9.07e-06,9.17e-06,9.03e-06,9.08e-06,238214686595.0
2025-09-25 23:00:00,9.08e-06,9.14e-06,8.97e-06,9.07e-06,480017996581.0
2025-09-26 00:00:00,9.07e-06,9.22e-06,9.06e-06,9.2e-06,443681167180.0
2025-09-26 01:00:00,9.21e-06,9.23e-06,9.15e-06,9.19e-06,389349746711.0
2025-09-26 02:00:00,9.19e-06,9.25e-06,9.16e-06,9.19e-06,391434655425.0
2025-09-26 03:00:00,9.2e-06,9.26e-06,9.17e-06,9.23e-06,244092718948.0
2025-09-26 04:00:00,9.24e-06,9.26e-06,9.16e-06,9.19e-06,225025480620.0
2025-09-26 05:00:00,9.19e-06,9.26e-06,9.14e-06,9.17e-06,315296590960.0
2025-09-26 06:00:00,9.17e-06,9.25e-06,9.13e-06,9.16e-06,429373503176.0
2025-09-26 07:00:00,9.16e-06,9.21e-06,9.1e-06,9.19e-06,429818407496.0
2025-09-26 08:00:00,9.19e-06,9.24e-06,9.16e-06,9.19e-06,216847313584.0
2025-09-26 09:00:00,9.19e-06,9.23e-06,9.12e-06,9.17e-06,166256440157.0
2025-09-26 10:00:00,9.18e-06,9.18e-06,9.04e-06,9.1e-06,385430570295.0
2025-09-26 11:00:00,9.1e-06,9.19e-06,9.06e-06,9.13e-06,324196679569.0
2025-09-26 12:00:00,9.13e-06,9.28e-06,9.03e-06,9.2e-06,1313796450089.0
2025-09-26 13:00:00,9.2e-06,9.33e-06,9.13e-06,9.3e-06,763239511322.0
2025-09-26 14:00:00,9.3e-06,9.31e-06,9.17e-06,9.19e-06,430795766277.0
2025-09-26 15:00:00,9.19e-06,9.28e-06,9.18e-06,9.25e-06,321663989881.0
2025-09-26 16:00:00,9.24e-06,9.35e-06,9.23e-06,9.34e-06,422286550976.0
2025-09-26 17:00:00,9.34e-06,9.45e-06,9.33e-06,9.43e-06,761851694485.0
2025-09-26 18:00:00,9.42e-06,9.47e-06,9.4e-06,9.42e-06,409606419496.0
2025-09-26 19:00:00,9.42e-06,9.42e-06,9.33e-06,9.37e-06,387310048444.0
2025-09-26 20:00:00,9.37e-06,9.41e-06,9.34e-06,9.37e-06,139409693816.0
2025-09-26 21:00:00,9.36e-06,9.41e-06,9.35e-06,9.36e-06,242956293508.0
2025-09-26 22:00:00,9.36e-06,9.41e-06,9.35e-06,9.36e-06,145312679264.0
2025-09-26 23:00:00,9.36e-06,9.38e-06,9.33e-06,9.37e-06,107061290468.0
2025-09-27 00:00:00,9.37e-06,9.39e-06,9.34e-06,9.38e-06,109679887046.0
2025-09-27 01:00:00,9.38e-06,9.38e-06,9.33e-06,9.36e-06,102260410408.0
2025-09-27 02:00:00,9.37e-06,9.42e-06,9.36e-06,9.39e-06,96168067544.0
2025-09-27 03:00:00,9.39e-06,9.44e-06,9.38e-06,9.41e-06,121266526247.0
2025-09-27 04:00:00,9.4e-06,9.43e-06,9.39e-06,9.4e-06,158108863695.0
2025-09-27 05:00:00,9.41e-06,9.42e-06,9.37e-06,9.4e-06,96929334487.0
2025-09-27 06:00:00,9.41e-06,9.41e-06,9.36e-06,9.39e-06,111682672302.0
2025-09-27 07:00:00,9.39e-06,9.4e-06,9.32e-06,9.33e-06,186165052403.0
2025-09-27 08:00:00,9.33e-06,9.33e-06,9.24e-06,9.25e-06,240794070858.0
2025-09-27 09:00:00,9.26e-06,9.28e-06,9.2e-06,9.27e-06,294180033059.0
2025-09-27 10:00:00,9.26e-06,9.32e-06,9.24e-06,9.28e-06,126433313405.0
2025-09-27 11:00:00,9.29e-06,9.32e-06,9.27e-06,9.3e-06,93784747306.0
2025-09-27 12:00:00,9.31e-06,9.37e-06,9.28e-06,9.36e-06,128397000219.0
2025-09-27 13:00:00,9.36e-06,9.36e-06,9.27e-06,9.3e-06,164981510200.0
2025-09-27 14:00:00,9.3e-06,9.31e-06,9.27e-06,9.27e-06,98285761473.0
2025-09-27 15:00:00,9.28e-06,9.34e-06,9.22e-06,9.33e-06,234412913357.0
2025-09-27 16:00:00,9.34e-06,9.34e-06,9.26e-06,9.28e-06,161066256877.0
2025-09-27 17:00:00,9.28e-06,9.28e-06,9.21e-06,9.26e-06,181774024883.0
2025-09-27 18:00:00,9.27e-06,9.28e-06,9.21e-06,9.24e-06,139466796815.0
2025-09-27 19:00:00,9.24e-06,9.25e-06,9.22e-06,9.24e-06,122048475011.0
2025-09-27 20:00:00,9.24e-06,9.27e-06,9.21e-06,9.21e-06,83863759663.0
2025-09-27 21:00:00,9.22e-06,9.29e-06,9.21e-06,9.28e-06,76329097172.0
2025-09-27 22:00:00,9.28e-06,9.33e-06,9.25e-06,9.26e-06,140920628833.0
2025-09-27 23:00:00,9.27e-06,9.3e-06,9.23e-06,9.23e-06,119309128713.0
2025-09-28 00:00:00,9.24e-06,9.25e-06,9.17e-06,9.2e-06,342001356626.0
2025-09-28 01:00:00,9.2e-06,9.21e-06,9.11e-06,9.13e-06,202984676764.0
2025-09-28 02:00:00,9.12e-06,9.18e-06,9.11e-06,9.12e-06,114676439992.0
2025-09-28 03:00:00,9.12e-06,9.16e-06,9.11e-06,9.16e-06,108461574500.0
2025-09-28 04:00:00,9.15e-06,9.18e-06,9.13e-06,9.16e-06,109104059488.0
2025-09-28 05:00:00,9.17e-06,9.19e-06,9.13e-06,9.14e-06,120348978391.0
2025-09-28 06:00:00,9.14e-06,9.16e-06,9.08e-06,9.15e-06,127479162642.0
2025-09-28 07:00:00,9.15e-06,9.18e-06,9.12e-06,9.17e-06,125333624332.0
2025-09-28 08:00:00,9.18e-06,9.19e-06,9.11e-06,9.11e-06,131265945583.0
2025-09-28 09:00:00,9.11e-06,9.14e-06,9.07e-06,9.1e-06,149405057080.0
2025-09-28 10:00:00,9.1e-06,9.14e-06,9.06e-06,9.13e-06,104656155804.0
2025-09-28 11:00:00,9.12e-06,9.14e-06,9.08e-06,9.12e-06,115924519821.0
2025-09-28 12:00:00,9.12e-06,9.13e-06,9.03e-06,9.07e-06,157155737104.0
2025-09-28 13:00:00,9.08e-06,9.21e-06,9.06e-06,9.18e-06,238778752509.0
2025-09-28 14:00:00,9.19e-06,9.22e-06,9.15e-06,9.19e-06,105798863136.0
2025-09-28 15:00:00,9.19e-06,9.21e-06,9.15e-06,9.17e-06,129651441835.0
2025-09-28 16:00:00,9.18e-06,9.26e-06,9.17e-06,9.22e-06,188190067695.0
2025-09-28 17:00:00,9.22e-06,9.29e-06,9.2e-06,9.26e-06,151537021777.0
2025-09-28 18:00:00,9.25e-06,9.28e-06,9.24e-06,9.28e-06,79934486064.0
2025-09-28 19:00:00,9.28e-06,9.29e-06,9.25e-06,9.28e-06,95696880330.0
2025-09-28 20:00:00,9.28e-06,9.37e-06,9.27e-06,9.32e-06,200128666789.0
2025-09-28 21:00:00,9.32e-06,9.35e-06,9.28e-06,9.32e-06,86272175887.0
2025-09-28 22:00:00,9.32e-06,9.47e-06,9.31e-06,9.45e-06,439973167397.0
2025-09-28 23:00:00,9.45e-06,9.47e-06,9.4e-06,9.43e-06,160870732462.0
2025-09-29 00:00:00,9.43e-06,9.44e-06,9.35e-06,9.36e-06,196615454158.0
2025-09-29 01:00:00,9.36e-06,9.38e-06,9.31e-06,9.32e-06,163254548544.0
2025-09-29 02:00:00,9.32e-06,9.41e-06,9.3e-06,9.38e-06,133307514725.0
2025-09-29 03:00:00,9.38e-06,9.42e-06,9.35e-06,9.42e-06,92456785194.0
2025-09-29 04:00:00,9.41e-06,9.42e-06,9.35e-06,9.38e-06,124177498388.0
2025-09-29 05:00:00,9.38e-06,9.39e-06,9.32e-06,9.38e-06,116096945226.0
2025-09-29 06:00:00,9.38e-06,9.39e-06,9.31e-06,9.31e-06,90038186319.0
2025-09-29 07:00:00,9.31e-06,9.34e-06,9.27e-06,9.32e-06,171888241300.0
2025-09-29 08:00:00,9.32e-06,9.38e-06,9.3e-06,9.34e-06,131413897901.0
2025-09-29 09:00:00,9.35e-06,9.37e-06,9.28e-06,9.29e-06,183566075957.0
2025-09-29 10:00:00,9.29e-06,9.33e-06,9.22e-06,9.22e-06,203380906031.0
2025-09-29 11:00:00,9.22e-06,9.24e-06,9.15e-06,9.22e-06,239282498742.0
2025-09-29 12:00:00,9.21e-06,9.26e-06,9.12e-06,9.14e-06,319965765594.0
2025-09-29 13:00:00,9.13e-06,9.35e-06,9.09e-06,9.31e-06,574465807887.0
2025-09-29 14:00:00,9.31e-06,9.45e-06,9.29e-06,9.41e-06,664054687613.0
2025-09-29 15:00:00,9.42e-06,9.45e-06,9.29e-06,9.31e-06,560741981766.0
2025-09-29 16:00:00,9.31e-06,9.36e-06,9.23e-06,9.24e-06,198735503351.0
2025-09-29 17:00:00,9.24e-06,9.3e-06,9.18e-06,9.28e-06,318992526744.0
2025-09-29 18:00:00,9.28e-06,9.29e-06,9.22e-06,9.27e-06,148285931102.0
2025-09-29 19:00:00,9.27e-06,9.36e-06,9.25e-06,9.34e-06,222712424116.0
2025-09-29 20:00:00,9.35e-06,9.5e-06,9.35e-06,9.48e-06,328062871344.0
2025-09-29 21:00:00,9.49e-06,9.51e-06,9.45e-06,9.47e-06,235815077831.0
2025-09-29 22:00:00,9.46e-06,9.48e-06,9.42e-06,9.45e-06,158220553134.0
2025-09-29 23:00:00,9.45e-06,9.47e-06,9.38e-06,9.39e-06,132551230234.0
2025-09-30 00:00:00,9.39e-06,9.43e-06,9.28e-06,9.28e-06,529756716671.0
2025-09-30 01:00:00,9.28e-06,9.36e-06,9.21e-06,9.26e-06,408986704239.0
2025-09-30 02:00:00,9.27e-06,9.32e-06,9.24e-06,9.25e-06,209763798224.0
2025-09-30 03:00:00,9.25e-06,9.32e-06,9.23e-06,9.26e-06,138303146387.0
2025-09-30 04:00:00,9.26e-06,9.33e-06,9.25e-06,9.28e-06,137618998178.0
2025-09-30 05:00:00,9.28e-06,9.31e-06,9.23e-06,9.28e-06,182327438601.0
2025-09-30 06:00:00,9.29e-06,9.35e-06,9.25e-06,9.28e-06,143264292996.0
2025-09-30 07:00:00,9.28e-06,9.32e-06,9.17e-06,9.2e-06,272151789019.0
2025-09-30 08:00:00,9.2e-06,9.22e-06,9.15e-06,9.16e-06,255739665480.0
2025-09-30 09:00:00,9.16e-06,9.21e-06,9.13e-06,9.17e-06,204909662509.0
2025-09-30 10:00:00,9.17e-06,9.21e-06,9.15e-06,9.18e-06,166677765159.0
2025-09-30 11:00:00,9.19e-06,9.2e-06,9.11e-06,9.2e-06,248534112876.0
2025-09-30 12:00:00,9.2e-06,9.2e-06,9.12e-06,9.12e-06,199778919465.0
2025-09-30 13:00:00,9.13e-06,9.24e-06,9.09e-06,9.14e-06,359062676320.0
2025-09-30 14:00:00,9.14e-06,9.16e-06,9.06e-06,9.13e-06,732517410681.0
2025-09-30 15:00:00,9.13e-06,9.13e-06,8.97e-06,9.05e-06,684929010976.0
2025-09-30 16:00:00,9.06e-06,9.08e-06,9e-06,9.07e-06,161312105866.0
2025-09-30 17:00:00,9.07e-06,9.11e-06,9.05e-06,9.06e-06,242323378784.0
2025-09-30 18:00:00,9.06e-06,9.12e-06,9.04e-06,9.1e-06,192215695724.0
2025-09-30 19:00:00,9.11e-06,9.27e-06,9.09e-06,9.26e-06,377216523945.0
2025-09-30 20:00:00,9.25e-06,9.33e-06,9.24e-06,9.32e-06,232271286548.0
2025-09-30 21:00:00,9.33e-06,9.37e-06,9.28e-06,9.28e-06,274034119243.0
2025-09-30 22:00:00,9.28e-06,9.35e-06,9.24e-06,9.25e-06,461126091993.0
2025-09-30 23:00:00,9.26e-06,9.32e-06,9.23e-06,9.31e-06,229479370515.0
2025-10-01 00:00:00,9.32e-06,9.36e-06,9.26e-06,9.31e-06,163781151599.0
2025-10-01 01:00:00,9.31e-06,9.37e-06,9.28e-06,9.37e-06,278049539913.0
2025-10-01 02:00:00,9.37e-06,9.37e-06,9.31e-06,9.32e-06,170855336255.0
2025-10-01 03:00:00,9.33e-06,9.34e-06,9.24e-06,9.24e-06,226849372767.0
2025-10-01 04:00:00,9.25e-06,9.35e-06,9.23e-06,9.29e-06,277181278548.0
2025-10-01 05:00:00,9.29e-06,9.36e-06,9.29e-06,9.34e-06,235034512507.0
2025-10-01 06:00:00,9.34e-06,9.36e-06,9.24e-06,9.25e-06,177809447181.0
2025-10-01 07:00:00,9.26e-06,9.32e-06,9.24e-06,9.27e-06,245663851142.0
2025-10-01 08:00:00,9.27e-06,9.65e-06,9.26e-06,9.64e-06,1454914517416.0
2025-10-01 09:00:00,9.65e-06,9.68e-06,9.59e-06,9.65e-06,786004103043.0
2025-10-01 10:00:00,9.65e-06,9.67e-06,9.56e-06,9.59e-06,313145231800.0
2025-10-01 11:00:00,9.59e-06,9.64e-06,9.58e-06,9.64e-06,263729632570.0
2025-10-01 12:00:00,9.64e-06,9.67e-06,9.59e-06,9.6e-06,319704144962.0
2025-10-01 13:00:00,9.6e-06,9.74e-06,9.6e-06,9.69e-06,953690357669.0
2025-10-01 14:00:00,9.69e-06,9.76e-06,9.66e-06,9.68e-06,592369942941.0
2025-10-01 15:00:00,9.68e-06,9.7e-06,9.62e-06,9.66e-06,401686398444.0
2025-10-01 16:00:00,9.67e-06,9.74e-06,9.66e-06,9.69e-06,318833768599.0
2025-10-01 17:00:00,9.7e-06,9.72e-06,9.64e-06,9.64e-06,153176572573.0
2025-10-01 18:00:00,9.64e-06,9.76e-06,9.64e-06,9.73e-06,243594774676.0
2025-10-01 19:00:00,9.73e-06,9.8e-06,9.72e-06,9.76e-06,248934424558.0
2025-10-01 20:00:00,9.77e-06,9.78e-06,9.72e-06,9.74e-06,272726565651.0
2025-10-01 21:00:00,9.75e-06,9.75e-06,9.67e-06,9.71e-06,226677657405.0
2025-10-01 22:00:00,9.72e-06,9.76e-06,9.7e-06,9.71e-06,129360256091.0
2025-10-01 23:00:00,9.72e-06,9.79e-06,9.7e-06,9.77e-06,189026329323.0
2025-10-02 00:00:00,9.78e-06,9.83e-06,9.75e-06,9.76e-06,412414258371.0
2025-10-02 01:00:00,9.77e-06,9.98e-06,9.75e-06,9.96e-06,399094540573.0
2025-10-02 02:00:00,9.96e-06,1.003e-05,9.89e-06,1e-05,490382321088.0
2025-10-02 03:00:00,1e-05,1.002e-05,9.94e-06,9.95e-06,391647759739.0
2025-10-02 04:00:00,9.94e-06,1.001e-05,9.91e-06,9.99e-06,238463365939.0
2025-10-02 05:00:00,9.99e-06,1.01e-05,9.98e-06,1.008e-05,364117293566.0
2025-10-02 06:00:00,1.008e-05,1.017e-05,1.005e-05,1.017e-05,593643205261.0
2025-10-02 07:00:00,1.016e-05,1.019e-05,1.008e-05,1.01e-05,536500982323.0
2025-10-02 08:00:00,1.01e-05,1.014e-05,1e-05,1.003e-05,410241044086.0
2025-10-02 09:00:00,1.003e-05,1.007e-05,1e-05,1.003e-05,361437741534.0
2025-10-02 10:00:00,1.004e-05,1.005e-05,9.95e-06,1e-05,240699118649.0
2025-10-02 11:00:00,1e-05,1.005e-05,9.97e-06,9.98e-06,322616328888.0
2025-10-02 12:00:00,9.98e-06,1.002e-05,9.96e-06,1.001e-05,416557497538.0
2025-10-02 13:00:00,1.001e-05,1.003e-05,9.86e-06,9.96e-06,710403505404.0
2025-10-02 14:00:00,9.97e-06,9.99e-06,9.76e-06,9.8e-06,993622096918.0
2025-10-02 15:00:00,9.81e-06,1.001e-05,9.75e-06,1e-05,722792145687.0
2025-10-02 16:00:00,9.99e-06,1.009e-05,9.97e-06,1.002e-05,559894147346.0
2025-10-02 17:00:00,1.001e-05,1.011e-05,9.98e-06,1.007e-05,239080558297.0
2025-10-02 18:00:00,1.007e-05,1.021e-05,1.007e-05,1.018e-05,491325537779.0
2025-10-02 19:00:00,1.019e-05,1.031e-05,1.017e-05,1.03e-05,477710627702.0
2025-10-02 20:00:00,1.03e-05,1.03e-05,1.02e-05,1.027e-05,373238946955.0
2025-10-02 21:00:00,1.026e-05,1.034e-05,1.021e-05,1.024e-05,392045272398.0
2025-10-02 22:00:00,1.024e-05,1.027e-05,1.017e-05,1.019e-05,337851006939.0
2025-10-02 23:00:00,1.019e-05,1.024e-05,1.017e-05,1.021e-05,278510591387.0
2025-10-03 00:00:00,1.021e-05,1.023e-05,1.007e-05,1.008e-05,347647601648.0
2025-10-03 01:00:00,1.009e-05,1.012e-05,9.98e-06,1e-05,452935220357.0
2025-10-03 02:00:00,1e-05,1.006e-05,9.98e-06,1.003e-05,299078103393.0
2025-10-03 03:00:00,1.004e-05,1.016e-05,1e-05,1.003e-05,470254186635.0
2025-10-03 04:00:00,1.002e-05,1.011e-05,1.001e-05,1.008e-05,241075326956.0
2025-10-03 05:00:00,1.008e-05,1.008e-05,9.93e-06,9.98e-06,285669013598.0
2025-10-03 06:00:00,9.98e-06,9.99e-06,9.87e-06,9.92e-06,282162882401.0
2025-10-03 07:00:00,9.92e-06,9.93e-06,9.86e-06,9.92e-06,236605763228.0
2025-10-03 08:00:00,9.92e-06,9.94e-06,9.85e-06,9.94e-06,280238510434.0
2025-10-03 09:00:00,9.94e-06,9.95e-06,9.88e-06,9.94e-06,349924705796.0
2025-10-03 10:00:00,9.93e-06,9.95e-06,9.91e-06,9.95e-06,156314238141.0
2025-10-03 11:00:00,9.95e-06,9.95e-06,9.88e-06,9.93e-06,208584730903.0
2025-10-03 12:00:00,9.93e-06,1e-05,9.9e-06,9.95e-06,223361137127.0
2025-10-03 13:00:00,9.95e-06,1.006e-05,9.85e-06,9.96e-06,568442856072.0
2025-10-03 14:00:00,9.97e-06,1.006e-05,9.87e-06,1.002e-05,415347472833.0
2025-10-03 15:00:00,1.001e-05,1.026e-05,9.97e-06,1.026e-05,546888422055.0
2025-10-03 16:00:00,1.025e-05,1.04e-05,1.024e-05,1.025e-05,1357471090765.0
2025-10-03 17:00:00,1.025e-05,1.026e-05,9.97e-06,1.003e-05,1476341811953.0
2025-10-03 18:00:00,1.003e-05,1.022e-05,9.98e-06,1.021e-05,444403032443.0
2025-10-03 19:00:00,1.021e-05,1.022e-05,1.011e-05,1.013e-05,514964772595.0
2025-10-03 20:00:00,1.012e-05,1.02e-05,1.007e-05,1.017e-05,241682963442.0
2025-10-03 21:00:00,1.016e-05,1.019e-05,1.011e-05,1.014e-05,166487770017.0
2025-10-03 22:00:00,1.014e-05,1.02e-05,1.014e-05,1.017e-05,314414163183.0
2025-10-03 23:00:00,1.017e-05,1.018e-05,1.009e-05,1.011e-05,270098915128.0
2025-10-04 00:00:00,1.011e-05,1.016e-05,1.005e-05,1.007e-05,286313378862.0
2025-10-04 01:00:00,1.008e-05,1.009e-05,9.9e-06,9.94e-06,492902713673.0
2025-10-04 02:00:00,9.93e-06,9.99e-06,9.88e-06,9.93e-06,307380354645.0
2025-10-04 03:00:00,9.93e-06,9.98e-06,9.86e-06,9.97e-06,229761822833.0
2025-10-04 04:00:00,9.97e-06,1.002e-05,9.93e-06,1e-05,185086470505.0
2025-10-04 05:00:00,1e-05,1.003e-05,9.95e-06,1.001e-05,319290282904.0
2025-10-04 06:00:00,1.001e-05,1.022e-05,1.001e-05,1.02e-05,1010453650522.0
2025-10-04 07:00:00,1.02e-05,1.023e-05,1.008e-05,1.013e-05,595809401044.0
2025-10-04 08:00:00,1.012e-05,1.015e-05,9.97e-06,9.98e-06,436851539032.0
2025-10-04 09:00:00,9.98e-06,1.004e-05,9.9e-06,9.91e-06,356941659901.0
2025-10-04 10:00:00,9.92e-06,9.97e-06,9.85e-06,9.89e-06,338859028339.0
2025-10-04 11:00:00,9.88e-06,9.93e-06,9.86e-06,9.88e-06,200873245813.0
2025-10-04 12:00:00,9.88e-06,9.94e-06,9.83e-06,9.85e-06,250958345647.0
2025-10-04 13:00:00,9.85e-06,9.96e-06,9.83e-06,9.89e-06,216666901505.0
2025-10-04 14:00:00,9.89e-06,9.93e-06,9.68e-06,9.69e-06,541710118802.0
2025-10-04 15:00:00,9.69e-06,9.73e-06,9.63e-06,9.66e-06,521329934360.0
2025-10-04 16:00:00,9.65e-06,9.68e-06,9.55e-06,9.62e-06,611304762119.0
2025-10-04 17:00:00,9.61e-06,9.69e-06,9.59e-06,9.64e-06,182404213746.0
2025-10-04 18:00:00,9.65e-06,9.68e-06,9.63e-06,9.66e-06,115259007143.0
2025-10-04 19:00:00,9.65e-06,9.7e-06,9.65e-06,9.69e-06,96300640708.0
2025-10-04 20:00:00,9.68e-06,9.74e-06,9.68e-06,9.7e-06,95875741514.0
2025-10-04 21:00:00,9.71e-06,9.76e-06,9.69e-06,9.72e-06,154116115368.0
2025-10-04 22:00:00,9.73e-06,9.79e-06,9.7e-06,9.75e-06,119637310316.0
2025-10-04 23:00:00,9.76e-06,9.78e-06,9.73e-06,9.76e-06,74377283330.0
2025-10-05 00:00:00,9.76e-06,9.79e-06,9.68e-06,9.68e-06,121355468105.0
2025-10-05 01:00:00,9.69e-06,9.75e-06,9.68e-06,9.74e-06,114253756793.0
2025-10-05 02:00:00,9.74e-06,9.96e-06,9.7e-06,9.95e-06,603914488239.0
2025-10-05 03:00:00,9.96e-06,1.002e-05,9.9e-06,9.93e-06,550069200878.0
2025-10-05 04:00:00,9.93e-06,1.009e-05,9.88e-06,1.004e-05,818379015000.0
2025-10-05 05:00:00,1.004e-05,1.008e-05,1e-05,1.003e-05,410544356435.0
2025-10-05 06:00:00,1.003e-05,1.005e-05,9.98e-06,1e-05,336037080364.0
2025-10-05 07:00:00,1e-05,1.017e-05,9.99e-06,1.016e-05,462869946592.0
2025-10-05 08:00:00,1.015e-05,1.019e-05,1.01e-05,1.013e-05,432889356716.0
2025-10-05 09:00:00,1.013e-05,1.016e-05,1e-05,1.002e-05,753060006803.0
2025-10-05 10:00:00,1.002e-05,1.014e-05,9.94e-06,1e-05,700688236117.0
2025-10-05 11:00:00,9.99e-06,1.004e-05,9.95e-06,1.002e-05,257722527134.0
2025-10-05 12:00:00,1.003e-05,1.004e-05,9.96e-06,9.97e-06,235540682380.0
2025-10-05 13:00:00,9.98e-06,1.005e-05,9.97e-06,1e-05,357732093999.0
2025-10-05 14:00:00,1e-05,1.007e-05,9.92e-06,9.97e-06,198419615234.0
2025-10-05 15:00:00,9.97e-06,1.004e-05,9.95e-06,1.001e-05,139203456253.0
2025-10-05 16:00:00,1e-05,1.006e-05,9.91e-06,1.004e-05,299868651626.0
2025-10-05 17:00:00,1.003e-05,1.006e-05,9.88e-06,9.91e-06,272810257585.0
2025-10-05 18:00:00,9.91e-06,9.95e-06,9.84e-06,9.89e-06,323611558802.0
2025-10-05 19:00:00,9.89e-06,9.9e-06,9.7e-06,9.72e-06,427467684223.0
2025-10-05 20:00:00,9.72e-06,9.8e-06,9.69e-06,9.76e-06,284345313785.0
2025-10-05 21:00:00,9.76e-06,9.8e-06,9.73e-06,9.79e-06,208107934206.0
2025-10-05 22:00:00,9.79e-06,9.83e-06,9.74e-06,9.8e-06,137914749747.0
2025-10-05 23:00:00,9.8e-06,9.84e-06,9.78e-06,9.8e-06,176379826935.0
2025-10-06 00:00:00,9.8e-06,9.92e-06,9.67e-06,9.72e-06,537309260603.0
2025-10-06 01:00:00,9.72e-06,9.86e-06,9.67e-06,9.81e-06,318769521822.0
2025-10-06 02:00:00,9.81e-06,9.89e-06,9.72e-06,9.83e-06,266669644886.0
2025-10-06 03:00:00,9.83e-06,9.86e-06,9.8e-06,9.83e-06,138191276952.0
2025-10-06 04:00:00,9.83e-06,9.83e-06,9.75e-06,9.77e-06,131993552304.0
2025-10-06 05:00:00,9.76e-06,9.8e-06,9.73e-06,9.79e-06,125379343125.0
2025-10-06 06:00:00,9.79e-06,9.93e-06,9.79e-06,9.9e-06,290492298556.0
2025-10-06 07:00:00,9.9e-06,9.92e-06,9.78e-06,9.82e-06,228310976335.0
2025-10-06 08:00:00,9.83e-06,9.92e-06,9.81e-06,9.9e-06,271011315159.0
2025-10-06 09:00:00,9.91e-06,9.96e-06,9.89e-06,9.92e-06,220421856542.0
2025-10-06 10:00:00,9.93e-06,1.002e-05,9.9e-06,9.99e-06,217619226892.0
2025-10-06 11:00:00,9.99e-06,1.005e-05,9.93e-06,9.96e-06,311197618678.0
2025-10-06 12:00:00,9.96e-06,1.003e-05,9.96e-06,9.99e-06,266523407219.0
2025-10-06 13:00:00,1e-05,1.006e-05,9.95e-06,1.006e-05,525119269273.0
2025-10-06 14:00:00,1.006e-05,1.024e-05,1.004e-05,1.012e-05,1907332851564.0
2025-10-06 15:00:00,1.012e-05,1.03e-05,1.012e-05,1.027e-05,989941644170.0
2025-10-06 16:00:00,1.028e-05,1.036e-05,1.02e-05,1.028e-05,916392975455.0
2025-10-06 17:00:00,1.029e-05,1.037e-05,1.024e-05,1.028e-05,611132446459.0
2025-10-06 18:00:00,1.029e-05,1.033e-05,1.025e-05,1.03e-05,346801859090.0
2025-10-06 19:00:00,1.029e-05,1.031e-05,1.023e-05,1.03e-05,340003005269.0
2025-10-06 20:00:00,1.03e-05,1.035e-05,1.023e-05,1.029e-05,389113451562.0
2025-10-06 21:00:00,1.028e-05,1.032e-05,1.023e-05,1.03e-05,278402872829.0
2025-10-06 22:00:00,1.03e-05,1.033e-05,1.026e-05,1.032e-05,166265262996.0
2025-10-06 23:00:00,1.031e-05,1.034e-05,1.016e-05,1.02e-05,464008209266.0
2025-10-07 00:00:00,1.02e-05,1.024e-05,1.014e-05,1.02e-05,341277506926.0
2025-10-07 01:00:00,1.02e-05,1.026e-05,1.014e-05,1.016e-05,240374819159.0
2025-10-07 02:00:00,1.016e-05,1.019e-05,1.013e-05,1.016e-05,147563369486.0
2025-10-07 03:00:00,1.016e-05,1.02e-05,1.011e-05,1.017e-05,182830540530.0
2025-10-07 04:00:00,1.016e-05,1.026e-05,1.009e-05,1.021e-05,304840528365.0
2025-10-07 05:00:00,1.022e-05,1.024e-05,1.016e-05,1.018e-05,277239024010.0
2025-10-07 06:00:00,1.018e-05,1.02e-05,9.96e-06,9.99e-06,510266296484.0
2025-10-07 07:00:00,9.99e-06,1.002e-05,9.91e-06,9.97e-06,444127562562.0
2025-10-07 08:00:00,9.96e-06,9.97e-06,9.83e-06,9.91e-06,655939757826.0
2025-10-07 09:00:00,9.92e-06,9.96e-06,9.9e-06,9.94e-06,226231214539.0
2025-10-07 10:00:00,9.95e-06,1e-05,9.91e-06,9.95e-06,235267720652.0
2025-10-07 11:00:00,9.96e-06,1.006e-05,9.93e-06,1.004e-05,313164747205.0
2025-10-07 12:00:00,1.005e-05,1.011e-05,9.99e-06,1.008e-05,357947816491.0
2025-10-07 13:00:00,1.009e-05,1.014e-05,9.85e-06,9.94e-06,792592649727.0
2025-10-07 14:00:00,9.93e-06,9.95e-06,9.7e-06,9.71e-06,1044085462679.0
2025-10-07 15:00:00,9.71e-06,9.74e-06,9.55e-06,9.59e-06,1436504468793.0
2025-10-07 16:00:00,9.59e-06,9.7e-06,9.51e-06,9.65e-06,740983846178.0
2025-10-07 17:00:00,9.64e-06,9.68e-06,9.57e-06,9.57e-06,333552577587.0
2025-10-07 18:00:00,9.57e-06,9.6e-06,9.52e-06,9.53e-06,317571245252.0
2025-10-07 19:00:00,9.53e-06,9.58e-06,9.51e-06,9.54e-06,388209642009.0
2025-10-07 20:00:00,9.54e-06,9.64e-06,9.52e-06,9.59e-06,294407784970.0
2025-10-07 21:00:00,9.58e-06,9.6e-06,9.47e-06,9.52e-06,309963156063.0
2025-10-07 22:00:00,9.51e-06,9.57e-06,9.49e-06,9.53e-06,266743368537.0
2025-10-07 23:00:00,9.52e-06,9.54e-06,9.43e-06,9.46e-06,436856774620.0
2025-10-08 00:00:00,9.47e-06,9.53e-06,9.42e-06,9.51e-06,308741143948.0
2025-10-08 01:00:00,9.5e-06,9.55e-06,9.48e-06,9.54e-06,197458452074.0
2025-10-08 02:00:00,9.54e-06,9.58e-06,9.49e-06,9.52e-06,276138110565.0
2025-10-08 03:00:00,9.52e-06,9.52e-06,9.29e-06,9.34e-06,709990811926.0
2025-10-08 04:00:00,9.34e-06,9.41e-06,9.27e-06,9.39e-06,402205293070.0
2025-10-08 05:00:00,9.4e-06,9.4e-06,9.32e-06,9.35e-06,193640516063.0
2025-10-08 06:00:00,9.35e-06,9.37e-06,9.23e-06,9.32e-06,412294771046.0
2025-10-08 07:00:00,9.33e-06,9.35e-06,9.28e-06,9.35e-06,376824023842.0
2025-10-08 08:00:00,9.35e-06,9.41e-06,9.32e-06,9.33e-06,407810195238.0
2025-10-08 09:00:00,9.34e-06,9.36e-06,9.29e-06,9.33e-06,268096113707.0
2025-10-08 10:00:00,9.32e-06,9.39e-06,9.31e-06,9.37e-06,320461427612.0
2025-10-08 11:00:00,9.37e-06,9.4e-06,9.3e-06,9.34e-06,254140934895.0
2025-10-08 12:00:00,9.34e-06,9.4e-06,9.31e-06,9.38e-06,274219478574.0
2025-10-08 13:00:00,9.38e-06,9.41e-06,9.27e-06,9.35e-06,455515005512.0
2025-10-08 14:00:00,9.35e-06,9.48e-06,9.24e-06,9.28e-06,759939580888.0
2025-10-08 15:00:00,9.28e-06,9.38e-06,9.27e-06,9.33e-06,289839417288.0
2025-10-08 16:00:00,9.33e-06,9.44e-06,9.31e-06,9.44e-06,283677214691.0
2025-10-08 17:00:00,9.44e-06,9.75e-06,9.42e-06,9.66e-06,1135583943271.0
2025-10-08 18:00:00,9.66e-06,9.69e-06,9.57e-06,9.59e-06,371834852709.0
2025-10-08 19:00:00,9.59e-06,9.62e-06,9.53e-06,9.6e-06,246480665807.0
2025-10-08 20:00:00,9.6e-06,9.63e-06,9.53e-06,9.53e-06,161166370743.0
2025-10-08 21:00:00,9.54e-06,9.61e-06,9.54e-06,9.56e-06,136094812059.0
2025-10-08 22:00:00,9.56e-06,9.61e-06,9.55e-06,9.55e-06,148578409249.0
2025-10-08 23:00:00,9.55e-06,9.6e-06,9.52e-06,9.56e-06,119749369408.0
2025-10-09 00:00:00,9.57e-06,9.58e-06,9.5e-06,9.51e-06,148207861152.0
2025-10-09 01:00:00,9.52e-06,9.52e-06,9.41e-06,9.47e-06,275549322251.0
2025-10-09 02:00:00,9.46e-06,9.47e-06,9.25e-06,9.29e-06,383748502217.0
2025-10-09 03:00:00,9.28e-06,9.39e-06,9.28e-06,9.36e-06,154869276326.0
2025-10-09 04:00:00,9.36e-06,9.42e-06,9.33e-06,9.42e-06,146905929239.0
2025-10-09 05:00:00,9.41e-06,9.44e-06,9.36e-06,9.38e-06,112022954914.0
2025-10-09 06:00:00,9.39e-06,9.39e-06,9.31e-06,9.32e-06,132961732144.0
2025-10-09 07:00:00,9.32e-06,9.35e-06,9.26e-06,9.29e-06,175404904831.0
2025-10-09 08:00:00,9.28e-06,9.31e-06,9.11e-06,9.12e-06,824791242978.0
2025-10-09 09:00:00,9.12e-06,9.22e-06,9.11e-06,9.17e-06,270000241886.0
2025-10-09 10:00:00,9.17e-06,9.21e-06,9.12e-06,9.18e-06,186714494810.0
2025-10-09 11:00:00,9.18e-06,9.25e-06,9.18e-06,9.22e-06,258451488650.0
2025-10-09 12:00:00,9.21e-06,9.32e-06,9.2e-06,9.28e-06,272621765877.0
2025-10-09 13:00:00,9.28e-06,9.3e-06,9.11e-06,9.12e-06,360925846171.0
2025-10-09 14:00:00,9.12e-06,9.19e-06,9e-06,9.12e-06,1003679064028.0
2025-10-09 15:00:00,9.12e-06,9.2e-06,9.06e-06,9.09e-06,311223301064.0
2025-10-09 16:00:00,9.09e-06,9.12e-06,9e-06,9.03e-06,413129028626.0
2025-10-09 17:00:00,9.02e-06,9.18e-06,9.01e-06,9.17e-06,436982948368.0
2025-10-09 18:00:00,9.16e-06,9.18e-06,9.1e-06,9.1e-06,156981700954.0
2025-10-09 19:00:00,9.1e-06,9.19e-06,9.09e-06,9.17e-06,208195173277.0
2025-10-09 20:00:00,9.16e-06,9.2e-06,9.14e-06,9.17e-06,106117408659.0
2025-10-09 21:00:00,9.17e-06,9.23e-06,9.16e-06,9.2e-06,145208273906.0
2025-10-09 22:00:00,9.19e-06,9.28e-06,9.18e-06,9.26e-06,224043204724.0
2025-10-09 23:00:00,9.26e-06,9.27e-06,9.21e-06,9.25e-06,75473197910.0
2025-10-10 00:00:00,9.26e-06,9.3e-06,9.24e-06,9.26e-06,158110529573.0
2025-10-10 01:00:00,9.26e-06,9.31e-06,9.25e-06,9.27e-06,98939845273.0
2025-10-10 02:00:00,9.28e-06,9.31e-06,9.22e-06,9.23e-06,197690930037.0
2025-10-10 03:00:00,9.24e-06,9.39e-06,9.19e-06,9.31e-06,387656708083.0
2025-10-10 04:00:00,9.32e-06,9.39e-06,9.26e-06,9.31e-06,235259596011.0
2025-10-10 05:00:00,9.31e-06,9.38e-06,9.25e-06,9.36e-06,141291253297.0
2025-10-10 06:00:00,9.37e-06,9.38e-06,9.25e-06,9.28e-06,199952639578.0
2025-10-10 07:00:00,9.28e-06,9.3e-06,9.21e-06,9.22e-06,217117308722.0
2025-10-10 08:00:00,9.22e-06,9.29e-06,9.2e-06,9.28e-06,222993473269.0
2025-10-10 09:00:00,9.28e-06,9.32e-06,9.21e-06,9.23e-06,225888632747.0
2025-10-10 10:00:00,9.22e-06,9.3e-06,9.21e-06,9.29e-06,156773278246.0
2025-10-10 11:00:00,9.29e-06,9.33e-06,9.26e-06,9.31e-06,159370914799.0
2025-10-10 12:00:00,9.31e-06,9.34e-06,9.27e-06,9.31e-06,124740946452.0
2025-10-10 13:00:00,9.32e-06,9.39e-06,9.27e-06,9.31e-06,392551908807.0
2025-10-10 14:00:00,9.32e-06,9.35e-06,9.1e-06,9.13e-06,680528143719.0
2025-10-10 15:00:00,9.13e-06,9.15e-06,8.67e-06,8.78e-06,3438303035443.0
2025-10-10 16:00:00,8.78e-06,8.89e-06,8.71e-06,8.79e-06,831046817256.0
2025-10-10 17:00:00,8.79e-06,8.83e-06,8.29e-06,8.43e-06,3034120306342.0
2025-10-10 18:00:00,8.43e-06,8.74e-06,8.4e-06,8.66e-06,1289999288777.0
2025-10-10 19:00:00,8.67e-06,8.69e-06,8.48e-06,8.56e-06,1014326979460.0
2025-10-10 20:00:00,8.57e-06,8.65e-06,8.01e-06,8.12e-06,2541504066835.0
2025-10-10 21:00:00,8.12e-06,8.23e-06,2.79e-06,6.84e-06,15047512686322.0
2025-10-10 22:00:00,6.85e-06,6.95e-06,5.89e-06,6.65e-06,9470413987883.0
2025-10-10 23:00:00,6.65e-06,7.1e-06,6.56e-06,6.71e-06,3575490184223.0
2025-10-11 00:00:00,6.7e-06,6.97e-06,6.59e-06,6.86e-06,2761988126125.0
2025-10-11 01:00:00,6.87e-06,6.88e-06,6.56e-06,6.62e-06,2287651311723.0
2025-10-11 02:00:00,6.62e-06,7.11e-06,6.61e-06,7.02e-06,1682649001056.0
2025-10-11 03:00:00,7.02e-06,7.07e-06,6.79e-06,6.87e-06,1112657478880.0
2025-10-11 04:00:00,6.88e-06,7.07e-06,6.86e-06,7.05e-06,1256093857093.0
2025-10-11 05:00:00,7.05e-06,7.1e-06,6.88e-06,6.93e-06,1002331076300.0
2025-10-11 06:00:00,6.93e-06,7.06e-06,6.9e-06,6.93e-06,704720070776.0
2025-10-11 07:00:00,6.92e-06,7.02e-06,6.87e-06,6.96e-06,626056714358.0
2025-10-11 08:00:00,6.97e-06,7.29e-06,6.93e-06,7.27e-06,1303309121668.0
2025-10-11 09:00:00,7.27e-06,7.38e-06,7.15e-06,7.19e-06,1028000443332.0
2025-10-11 10:00:00,7.19e-06,7.26e-06,7.16e-06,7.23e-06,723998552772.0
2025-10-11 11:00:00,7.23e-06,7.24e-06,7.08e-06,7.2e-06,714566124018.0
2025-10-11 12:00:00,7.19e-06,7.23e-06,7e-06,7.06e-06,888250487349.0
2025-10-11 13:00:00,7.07e-06,7.13e-06,6.92e-06,7.08e-06,843234500407.0
2025-10-11 14:00:00,7.08e-06,7.09e-06,6.98e-06,7.08e-06,487626270808.0
2025-10-11 15:00:00,7.08e-06,7.16e-06,7.03e-06,7.1e-06,436121688718.0
2025-10-11 16:00:00,7.1e-06,7.14e-06,7.01e-06,7.07e-06,330329142662.0
2025-10-11 17:00:00,7.07e-06,7.11e-06,7.02e-06,7.07e-06,324958722195.0
2025-10-11 18:00:00,7.06e-06,7.08e-06,7e-06,7e-06,252473931694.0
2025-10-11 19:00:00,7.01e-06,7.01e-06,6.7e-06,6.77e-06,1028887999902.0
2025-10-11 20:00:00,6.76e-06,6.79e-06,6.58e-06,6.63e-06,972980694955.0
2025-10-11 21:00:00,6.63e-06,6.73e-06,6.49e-06,6.68e-06,1180807050390.0
2025-10-11 22:00:00,6.67e-06,6.75e-06,6.64e-06,6.69e-06,580450957558.0
2025-10-11 23:00:00,6.7e-06,6.75e-06,6.67e-06,6.72e-06,372869538909.0
2025-10-12 00:00:00,6.73e-06,6.73e-06,6.56e-06,6.58e-06,711995771910.0
2025-10-12 01:00:00,6.58e-06,6.68e-06,6.55e-06,6.56e-06,619103695183.0
2025-10-12 02:00:00,6.57e-06,6.69e-06,6.53e-06,6.6e-06,714899708339.0
2025-10-12 03:00:00,6.6e-06,6.74e-06,6.58e-06,6.65e-06,598000728923.0
2025-10-12 04:00:00,6.66e-06,6.81e-06,6.64e-06,6.75e-06,584552232328.0
2025-10-12 05:00:00,6.75e-06,6.78e-06,6.71e-06,6.74e-06,382465091297.0
2025-10-12 06:00:00,6.74e-06,6.83e-06,6.72e-06,6.83e-06,437705474993.0
2025-10-12 07:00:00,6.82e-06,6.86e-06,6.77e-06,6.81e-06,385997283064.0
2025-10-12 08:00:00,6.81e-06,6.85e-06,6.72e-06,6.72e-06,321096060836.0
2025-10-12 09:00:00,6.73e-06,6.76e-06,6.65e-06,6.75e-06,466233081971.0
2025-10-12 10:00:00,6.75e-06,6.8e-06,6.7e-06,6.72e-06,410363607321.0
2025-10-12 11:00:00,6.73e-06,6.78e-06,6.71e-06,6.77e-06,289639987692.0
2025-10-12 12:00:00,6.76e-06,6.86e-06,6.75e-06,6.82e-06,571229237832.0
2025-10-12 13:00:00,6.82e-06,6.88e-06,6.69e-06,6.73e-06,742207475278.0
2025-10-12 14:00:00,6.73e-06,7.19e-06,6.72e-06,7.05e-06,2570054150642.0
2025-10-12 15:00:00,7.04e-06,7.33e-06,7.02e-06,7.28e-06,2071459259247.0
2025-10-12 16:00:00,7.27e-06,7.51e-06,7.26e-06,7.43e-06,2629669984585.0
2025-10-12 17:00:00,7.42e-06,7.48e-06,7.35e-06,7.44e-06,690211615433.0
2025-10-12 18:00:00,7.43e-06,7.53e-06,7.38e-06,7.44e-06,528006791544.0
2025-10-12 19:00:00,7.44e-06,7.66e-06,7.44e-06,7.65e-06,495066726875.0
2025-10-12 20:00:00,7.64e-06,7.73e-06,7.57e-06,7.59e-06,645300400586.0
2025-10-12 21:00:00,7.6e-06,7.66e-06,7.43e-06,7.52e-06,833644816477.0
2025-10-12 22:00:00,7.53e-06,7.6e-06,7.43e-06,7.48e-06,788831699591.0
2025-10-12 23:00:00,7.47e-06,7.51e-06,7.39e-06,7.49e-06,583482060869.0
2025-10-13 00:00:00,7.49e-06,7.54e-06,7.35e-06,7.4e-06,919791091824.0
2025-10-13 01:00:00,7.39e-06,7.52e-06,7.34e-06,7.51e-06,712688891344.0
2025-10-13 02:00:00,7.51e-06,7.58e-06,7.43e-06,7.58e-06,563293696819.0
2025-10-13 03:00:00,7.57e-06,7.6e-06,7.49e-06,7.52e-06,586500906172.0
2025-10-13 04:00:00,7.52e-06,7.57e-06,7.43e-06,7.56e-06,468993927515.0
2025-10-13 05:00:00,7.56e-06,7.59e-06,7.5e-06,7.56e-06,384618037937.0
2025-10-13 06:00:00,7.56e-06,7.68e-06,7.51e-06,7.62e-06,535228403080.0
2025-10-13 07:00:00,7.61e-06,7.77e-06,7.6e-06,7.6e-06,739869219508.0
2025-10-13 08:00:00,7.61e-06,7.69e-06,7.57e-06,7.66e-06,734419029319.0
2025-10-13 09:00:00,7.65e-06,7.66e-06,7.53e-06,7.64e-06,485280724721.0
2025-10-13 10:00:00,7.64e-06,7.68e-06,7.57e-06,7.65e-06,481399324690.0
2025-10-13 11:00:00,7.66e-06,7.68e-06,7.29e-06,7.49e-06,1801466161469.0
2025-10-13 12:00:00,7.49e-06,7.67e-06,7.42e-06,7.59e-06,734934937311.0
2025-10-13 13:00:00,7.6e-06,7.85e-06,7.54e-06,7.72e-06,2573491415916.0
2025-10-13 14:00:00,7.71e-06,7.75e-06,7.52e-06,7.58e-06,1256787338832.0
2025-10-13 15:00:00,7.58e-06,7.8e-06,7.57e-06,7.76e-06,850102250708.0
2025-10-13 16:00:00,7.76e-06,7.87e-06,7.71e-06,7.82e-06,1153424602715.0
2025-10-13 17:00:00,7.83e-06,7.97e-06,7.8e-06,7.96e-06,893451830922.0
2025-10-13 18:00:00,7.96e-06,7.98e-06,7.86e-06,7.86e-06,597125732632.0
2025-10-13 19:00:00,7.86e-06,7.92e-06,7.83e-06,7.88e-06,414566152411.0
2025-10-13 20:00:00,7.87e-06,7.95e-06,7.84e-06,7.94e-06,303191798893.0
2025-10-13 21:00:00,7.94e-06,7.97e-06,7.85e-06,7.87e-06,358320722943.0
2025-10-13 22:00:00,7.87e-06,7.95e-06,7.87e-06,7.92e-06,274907440857.0
2025-10-13 23:00:00,7.92e-06,7.92e-06,7.8e-06,7.84e-06,462397832064.0
2025-10-14 00:00:00,7.84e-06,7.91e-06,7.82e-06,7.89e-06,323450947266.0
2025-10-14 01:00:00,7.88e-06,7.89e-06,7.78e-06,7.81e-06,429750545691.0
2025-10-14 02:00:00,7.82e-06,7.82e-06,7.68e-06,7.71e-06,494778817674.0
2025-10-14 03:00:00,7.71e-06,7.72e-06,7.62e-06,7.67e-06,550246024615.0
2025-10-14 04:00:00,7.67e-06,7.7e-06,7.52e-06,7.56e-06,538046373658.0
2025-10-14 05:00:00,7.55e-06,7.64e-06,7.42e-06,7.48e-06,1036235457841.0
2025-10-14 06:00:00,7.48e-06,7.53e-06,7.12e-06,7.31e-06,1847796029591.0
2025-10-14 07:00:00,7.32e-06,7.36e-06,7.2e-06,7.25e-06,1150041269877.0
2025-10-14 08:00:00,7.26e-06,7.35e-06,7.21e-06,7.28e-06,848819983015.0
2025-10-14 09:00:00,7.28e-06,7.35e-06,7.27e-06,7.3e-06,520134385321.0
2025-10-14 10:00:00,7.3e-06,7.31e-06,7.1e-06,7.22e-06,1448888926180.0
2025-10-14 11:00:00,7.22e-06,7.32e-06,7.21e-06,7.26e-06,1317885899020.0
2025-10-14 12:00:00,7.26e-06,7.27e-06,7.14e-06,7.16e-06,889184312637.0
2025-10-14 13:00:00,7.16e-06,7.26e-06,7.06e-06,7.22e-06,1765917833513.0
2025-10-14 14:00:00,7.22e-06,7.33e-06,7.18e-06,7.25e-06,1532424417439.0
2025-10-14 15:00:00,7.25e-06,7.46e-06,7.2e-06,7.45e-06,1490213957474.0
2025-10-14 16:00:00,7.44e-06,7.58e-06,7.36e-06,7.4e-06,1735782555664.0
2025-10-14 17:00:00,7.39e-06,7.49e-06,7.28e-06,7.44e-06,1122039363136.0
2025-10-14 18:00:00,7.44e-06,7.52e-06,7.42e-06,7.48e-06,577607140106.0
2025-10-14 19:00:00,7.47e-06,7.53e-06,7.31e-06,7.42e-06,1070741065093.0
2025-10-14 20:00:00,7.42e-06,7.48e-06,7.38e-06,7.47e-06,298098196633.0
2025-10-14 21:00:00,7.47e-06,7.49e-06,7.4e-06,7.48e-06,267250873147.0
2025-10-14 22:00:00,7.48e-06,7.52e-06,7.45e-06,7.49e-06,258315899556.0
2025-10-14 23:00:00,7.49e-06,7.55e-06,7.48e-06,7.52e-06,218143558197.0
2025-10-15 00:00:00,7.52e-06,7.53e-06,7.44e-06,7.5e-06,439682732958.0
2025-10-15 01:00:00,7.51e-06,7.51e-06,7.4e-06,7.46e-06,495083673245.0
2025-10-15 02:00:00,7.46e-06,7.55e-06,7.46e-06,7.49e-06,236652911498.0
2025-10-15 03:00:00,7.48e-06,7.5e-06,7.37e-06,7.42e-06,244062114243.0
2025-10-15 04:00:00,7.41e-06,7.48e-06,7.39e-06,7.45e-06,191979084437.0
2025-10-15 05:00:00,7.46e-06,7.49e-06,7.42e-06,7.47e-06,200129173493.0
2025-10-15 06:00:00,7.47e-06,7.52e-06,7.41e-06,7.51e-06,320303669504.0
2025-10-15 07:00:00,7.52e-06,7.55e-06,7.48e-06,7.55e-06,258761121329.0
2025-10-15 08:00:00,7.54e-06,7.66e-06,7.52e-06,7.59e-06,801870415632.0
2025-10-15 09:00:00,7.58e-06,7.6e-06,7.51e-06,7.55e-06,798394001052.0
2025-10-15 10:00:00,7.54e-06,7.57e-06,7.48e-06,7.52e-06,293842525391.0
2025-10-15 11:00:00,7.53e-06,7.55e-06,7.42e-06,7.46e-06,432327548044.0
2025-10-15 12:00:00,7.45e-06,7.48e-06,7.36e-06,7.42e-06,334518935180.0
2025-10-15 13:00:00,7.42e-06,7.44e-06,7.17e-06,7.34e-06,1095823202960.0
2025-10-15 14:00:00,7.33e-06,7.42e-06,7.21e-06,7.26e-06,913002553130.0
2025-10-15 15:00:00,7.26e-06,7.3e-06,7.14e-06,7.19e-06,646704425419.0
2025-10-15 16:00:00,7.2e-06,7.25e-06,7.15e-06,7.21e-06,563254811314.0
2025-10-15 17:00:00,7.2e-06,7.26e-06,7.13e-06,7.25e-06,441961592670.0
2025-10-15 18:00:00,7.26e-06,7.26e-06,7.19e-06,7.24e-06,268093166823.0
2025-10-15 19:00:00,7.25e-06,7.26e-06,7.15e-06,7.18e-06,240851855028.0
2025-10-15 20:00:00,7.18e-06,7.23e-06,7.03e-06,7.13e-06,589850725696.0
2025-10-15 21:00:00,7.13e-06,7.19e-06,7.05e-06,7.1e-06,324718631403.0
2025-10-15 22:00:00,7.1e-06,7.19e-06,7.1e-06,7.13e-06,220338892771.0
2025-10-15 23:00:00,7.12e-06,7.2e-06,7.12e-06,7.18e-06,235214490852.0
2025-10-16 00:00:00,7.19e-06,7.21e-06,7.14e-06,7.16e-06,316466162542.0
2025-10-16 01:00:00,7.16e-06,7.24e-06,7.15e-06,7.22e-06,319849092810.0
2025-10-16 02:00:00,7.23e-06,7.26e-06,7.18e-06,7.23e-06,220117969098.0
2025-10-16 03:00:00,7.23e-06,7.24e-06,7.17e-06,7.18e-06,156435744780.0
2025-10-16 04:00:00,7.18e-06,7.24e-06,7.16e-06,7.17e-06,196603650115.0
2025-10-16 05:00:00,7.17e-06,7.24e-06,7.14e-06,7.17e-06,234759505363.0
2025-10-16 06:00:00,7.18e-06,7.26e-06,7.17e-06,7.25e-06,167064279605.0
2025-10-16 07:00:00,7.25e-06,7.26e-06,7.14e-06,7.18e-06,311511043363.0
2025-10-16 08:00:00,7.17e-06,7.18e-06,7.07e-06,7.11e-06,228173104965.0
2025-10-16 09:00:00,7.1e-06,7.22e-06,6.83e-06,7.17e-06,1722744551234.0
2025-10-16 10:00:00,7.17e-06,7.28e-06,7.16e-06,7.24e-06,492327227787.0
2025-10-16 11:00:00,7.23e-06,7.27e-06,7.19e-06,7.26e-06,325944828897.0
2025-10-16 12:00:00,7.26e-06,7.32e-06,7.23e-06,7.27e-06,494939809375.0
2025-10-16 13:00:00,7.27e-06,7.3e-06,7.19e-06,7.21e-06,442536668480.0
2025-10-16 14:00:00,7.21e-06,7.27e-06,7.08e-06,7.15e-06,977634086567.0
2025-10-16 15:00:00,7.15e-06,7.19e-06,6.91e-06,6.95e-06,1038108400468.0
2025-10-16 16:00:00,6.96e-06,7.12e-06,6.83e-06,7.11e-06,1306255668561.0
2025-10-16 17:00:00,7.11e-06,7.11e-06,6.97e-06,6.99e-06,580289996533.0
2025-10-16 18:00:00,6.99e-06,7e-06,6.89e-06,6.98e-06,559130222101.0
2025-10-16 19:00:00,6.97e-06,6.98e-06,6.77e-06,6.85e-06,751429430883.0
2025-10-16 20:00:00,6.85e-06,6.89e-06,6.74e-06,6.8e-06,486579403688.0
2025-10-16 21:00:00,6.81e-06,6.9e-06,6.78e-06,6.9e-06,246152009467.0
2025-10-16 22:00:00,6.89e-06,6.91e-06,6.8e-06,6.81e-06,238520103855.0
2025-10-16 23:00:00,6.8e-06,6.89e-06,6.79e-06,6.88e-06,175726182295.0
2025-10-17 00:00:00,6.87e-06,6.93e-06,6.85e-06,6.91e-06,267295156625.0
2025-10-17 01:00:00,6.91e-06,6.96e-06,6.86e-06,6.89e-06,263024990755.0
2025-10-17 02:00:00,6.9e-06,6.92e-06,6.83e-06,6.9e-06,208325199949.0
2025-10-17 03:00:00,6.9e-06,6.93e-06,6.88e-06,6.92e-06,212565283672.0
2025-10-17 04:00:00,6.92e-06,6.93e-06,6.87e-06,6.88e-06,157022045501.0
2025-10-17 05:00:00,6.88e-06,6.91e-06,6.83e-06,6.84e-06,258971237249.0
2025-10-17 06:00:00,6.84e-06,6.87e-06,6.58e-06,6.61e-06,1174856506119.0
2025-10-17 07:00:00,6.61e-06,6.62e-06,6.38e-06,6.43e-06,2190209928602.0
2025-10-17 08:00:00,6.42e-06,6.46e-06,6.29e-06,6.36e-06,1114955101963.0
2025-10-17 09:00:00,6.36e-06,6.57e-06,6.34e-06,6.43e-06,824952752807.0
2025-10-17 10:00:00,6.42e-06,6.47e-06,6.32e-06,6.43e-06,1006025803389.0
2025-10-17 11:00:00,6.42e-06,6.64e-06,6.42e-06,6.58e-06,1252151250711.0
2025-10-17 12:00:00,6.57e-06,6.63e-06,6.54e-06,6.56e-06,481307568145.0
2025-10-17 13:00:00,6.55e-06,6.67e-06,6.51e-06,6.62e-06,1137569329021.0
2025-10-17 14:00:00,6.62e-06,6.64e-06,6.46e-06,6.53e-06,792983575566.0
2025-10-17 15:00:00,6.54e-06,6.69e-06,6.52e-06,6.69e-06,602870916574.0
2025-10-17 16:00:00,6.69e-06,6.78e-06,6.63e-06,6.65e-06,748265307226.0
2025-10-17 17:00:00,6.64e-06,6.7e-06,6.62e-06,6.68e-06,293101062296.0
2025-10-17 18:00:00,6.68e-06,6.75e-06,6.67e-06,6.68e-06,289433080220.0
2025-10-17 19:00:00,6.69e-06,6.71e-06,6.62e-06,6.67e-06,209602784102.0
2025-10-17 20:00:00,6.68e-06,6.74e-06,6.64e-06,6.72e-06,129873910290.0
2025-10-17 21:00:00,6.72e-06,6.78e-06,6.71e-06,6.76e-06,236750419475.0
2025-10-17 22:00:00,6.76e-06,6.77e-06,6.68e-06,6.7e-06,318124695956.0
2025-10-17 23:00:00,6.7e-06,6.7e-06,6.63e-06,6.65e-06,366839447662.0
2025-10-18 00:00:00,6.65e-06,6.69e-06,6.63e-06,6.67e-06,126636016885.0
2025-10-18 01:00:00,6.68e-06,6.75e-06,6.67e-06,6.74e-06,179766909796.0
2025-10-18 02:00:00,6.74e-06,6.77e-06,6.67e-06,6.69e-06,217620654674.0
2025-10-18 03:00:00,6.69e-06,6.74e-06,6.68e-06,6.71e-06,113428305760.0
2025-10-18 04:00:00,6.71e-06,6.72e-06,6.65e-06,6.67e-06,156242992878.0
2025-10-18 05:00:00,6.67e-06,6.73e-06,6.66e-06,6.72e-06,191657515000.0
2025-10-18 06:00:00,6.72e-06,6.77e-06,6.71e-06,6.76e-06,166737463163.0
2025-10-18 07:00:00,6.76e-06,6.85e-06,6.72e-06,6.74e-06,678628371929.0
2025-10-18 08:00:00,6.74e-06,6.75e-06,6.7e-06,6.7e-06,191376857085.0
2025-10-18 09:00:00,6.7e-06,6.77e-06,6.69e-06,6.76e-06,173450743522.0
2025-10-18 10:00:00,6.75e-06,6.79e-06,6.73e-06,6.75e-06,207191676359.0
2025-10-18 11:00:00,6.76e-06,6.8e-06,6.74e-06,6.78e-06,152013186653.0
2025-10-18 12:00:00,6.79e-06,6.82e-06,6.75e-06,6.77e-06,197222023690.0
2025-10-18 13:00:00,6.77e-06,6.78e-06,6.7e-06,6.72e-06,238769482173.0
2025-10-18 14:00:00,6.72e-06,6.75e-06,6.67e-06,6.74e-06,247965531410.0
2025-10-18 15:00:00,6.73e-06,6.78e-06,6.7e-06,6.73e-06,411788905722.0
2025-10-18 16:00:00,6.73e-06,6.76e-06,6.66e-06,6.71e-06,336750257015.0
2025-10-18 17:00:00,6.7e-06,6.78e-06,6.68e-06,6.78e-06,163753879659.0
2025-10-18 18:00:00,6.78e-06,6.79e-06,6.75e-06,6.75e-06,114629960496.0
2025-10-18 19:00:00,6.75e-06,6.79e-06,6.74e-06,6.78e-06,97177944252.0
2025-10-18 20:00:00,6.78e-06,6.81e-06,6.77e-06,6.78e-06,186760610061.0
2025-10-18 21:00:00,6.78e-06,6.8e-06,6.74e-06,6.79e-06,113394212910.0
2025-10-18 22:00:00,6.78e-06,6.8e-06,6.75e-06,6.75e-06,155192719579.0
2025-10-18 23:00:00,6.76e-06,6.76e-06,6.73e-06,6.75e-06,100840104016.0
2025-10-19 00:00:00,6.74e-06,6.76e-06,6.69e-06,6.72e-06,114572235653.0
2025-10-19 01:00:00,6.72e-06,6.78e-06,6.7e-06,6.77e-06,143713479536.0
2025-10-19 02:00:00,6.78e-06,6.78e-06,6.72e-06,6.74e-06,127213970608.0
2025-10-19 03:00:00,6.74e-06,6.81e-06,6.72e-06,6.8e-06,137836952931.0
2025-10-19 04:00:00,6.8e-06,6.81e-06,6.76e-06,6.77e-06,56493636580.0
2025-10-19 05:00:00,6.78e-06,6.81e-06,6.74e-06,6.76e-06,134927612414.0
2025-10-19 06:00:00,6.76e-06,6.77e-06,6.7e-06,6.74e-06,121266628826.0
2025-10-19 07:00:00,6.74e-06,6.79e-06,6.72e-06,6.79e-06,140941897533.0
2025-10-19 08:00:00,6.79e-06,6.87e-06,6.7e-06,6.71e-06,706705680339.0
2025-10-19 09:00:00,6.71e-06,6.86e-06,6.65e-06,6.81e-06,785710658658.0
2025-10-19 10:00:00,6.81e-06,6.95e-06,6.78e-06,6.9e-06,680343416935.0
2025-10-19 11:00:00,6.89e-06,6.95e-06,6.86e-06,6.88e-06,335363408802.0
2025-10-19 12:00:00,6.88e-06,6.91e-06,6.82e-06,6.85e-06,245909503710.0
2025-10-19 13:00:00,6.85e-06,7.12e-06,6.84e-06,7.08e-06,1162862893551.0
2025-10-19 14:00:00,7.08e-06,7.11e-06,7.01e-06,7.04e-06,865228897872.0
2025-10-19 15:00:00,7.04e-06,7.06e-06,7.01e-06,7.03e-06,239535246622.0
2025-10-19 16:00:00,7.03e-06,7.09e-06,6.98e-06,7.07e-06,366688147219.0
2025-10-19 17:00:00,7.07e-06,7.14e-06,7.03e-06,7.05e-06,391321653241.0
2025-10-19 18:00:00,7.05e-06,7.12e-06,7.04e-06,7.11e-06,218656788234.0
2025-10-19 19:00:00,7.11e-06,7.13e-06,7.07e-06,7.1e-06,238328628807.0
2025-10-19 20:00:00,7.1e-06,7.13e-06,7.07e-06,7.11e-06,137594974864.0
2025-10-19 21:00:00,7.12e-06,7.12e-06,7.05e-06,7.08e-06,135558881309.0
2025-10-19 22:00:00,7.08e-06,7.1e-06,7.06e-06,7.07e-06,202468988842.0
2025-10-19 23:00:00,7.07e-06,7.07e-06,6.99e-06,6.99e-06,283123308719.0
2025-10-20 00:00:00,7e-06,7e-06,6.84e-06,6.92e-06,532286605378.0
2025-10-20 01:00:00,6.93e-06,6.96e-06,6.9e-06,6.93e-06,155293896866.0
2025-10-20 02:00:00,6.94e-06,7.02e-06,6.89e-06,6.99e-06,246820883392.0
2025-10-20 03:00:00,7e-06,7.18e-06,6.97e-06,7.14e-06,329804074779.0
2025-10-20 04:00:00,7.15e-06,7.22e-06,7.13e-06,7.22e-06,361444626927.0
2025-10-20 05:00:00,7.22e-06,7.24e-06,7.16e-06,7.23e-06,350423666390.0
2025-10-20 06:00:00,7.23e-06,7.27e-06,7.21e-06,7.23e-06,312326617423.0
2025-10-20 07:00:00,7.24e-06,7.25e-06,7.2e-06,7.23e-06,295912159462.0
2025-10-20 08:00:00,7.23e-06,7.27e-06,7.2e-06,7.21e-06,517016624236.0
2025-10-20 09:00:00,7.21e-06,7.27e-06,7.21e-06,7.24e-06,406189746009.0
2025-10-20 10:00:00,7.24e-06,7.32e-06,7.22e-06,7.24e-06,748546923880.0
2025-10-20 11:00:00,7.25e-06,7.25e-06,7.18e-06,7.21e-06,226375228415.0
2025-10-20 12:00:00,7.21e-06,7.22e-06,7.16e-06,7.2e-06,289017257173.0
2025-10-20 13:00:00,7.21e-06,7.24e-06,7.17e-06,7.21e-06,305684821135.0
2025-10-20 14:00:00,7.22e-06,7.25e-06,7.15e-06,7.24e-06,344303291338.0
2025-10-20 15:00:00,7.23e-06,7.27e-06,7.17e-06,7.18e-06,390106104505.0
2025-10-20 16:00:00,7.17e-06,7.17e-06,7.01e-06,7.11e-06,1517294975358.0
2025-10-20 17:00:00,7.1e-06,7.14e-06,7.04e-06,7.09e-06,287090392481.0
2025-10-20 18:00:00,7.08e-06,7.14e-06,7.06e-06,7.14e-06,150326837994.0
2025-10-20 19:00:00,7.13e-06,7.18e-06,7.09e-06,7.15e-06,186299465479.0
2025-10-20 20:00:00,7.16e-06,7.18e-06,7.12e-06,7.18e-06,194280260312.0
2025-10-20 21:00:00,7.18e-06,7.22e-06,7.12e-06,7.14e-06,182734004925.0
2025-10-20 22:00:00,7.13e-06,7.19e-06,7.12e-06,7.18e-06,98252093827.0
2025-10-20 23:00:00,7.17e-06,7.18e-06,7.14e-06,7.15e-06,63140656523.0
2025-10-21 00:00:00,7.15e-06,7.2e-06,7.14e-06,7.17e-06,198233486938.0
2025-10-21 01:00:00,7.17e-06,7.18e-06,7.07e-06,7.1e-06,451113341434.0
2025-10-21 02:00:00,7.1e-06,7.1e-06,7.01e-06,7.01e-06,332536523843.0
2025-10-21 03:00:00,7.02e-06,7.05e-06,6.98e-06,6.99e-06,236545469954.0
2025-10-21 04:00:00,6.99e-06,7e-06,6.83e-06,6.86e-06,817277064115.0
2025-10-21 05:00:00,6.86e-06,6.89e-06,6.83e-06,6.87e-06,557814417029.0
2025-10-21 06:00:00,6.86e-06,6.92e-06,6.85e-06,6.89e-06,276348419882.0
2025-10-21 07:00:00,6.89e-06,6.96e-06,6.86e-06,6.94e-06,242915339759.0
2025-10-21 08:00:00,6.95e-06,6.95e-06,6.87e-06,6.93e-06,897438510118.0
2025-10-21 09:00:00,6.92e-06,6.93e-06,6.89e-06,6.89e-06,175297349392.0
2025-10-21 10:00:00,6.89e-06,6.99e-06,6.89e-06,6.95e-06,199684564456.0
2025-10-21 11:00:00,6.94e-06,6.95e-06,6.86e-06,6.91e-06,935367383195.0
2025-10-21 12:00:00,6.91e-06,6.99e-06,6.89e-06,6.92e-06,262284743421.0
2025-10-21 13:00:00,6.91e-06,6.95e-06,6.87e-06,6.89e-06,390617259226.0
2025-10-21 14:00:00,6.9e-06,7.24e-06,6.89e-06,7.22e-06,895284455133.0
2025-10-21 15:00:00,7.21e-06,7.34e-06,7.16e-06,7.3e-06,1246675844133.0
2025-10-21 16:00:00,7.3e-06,7.38e-06,7.18e-06,7.2e-06,844260404846.0
2025-10-21 17:00:00,7.21e-06,7.26e-06,7.13e-06,7.22e-06,645866899216.0
2025-10-21 18:00:00,7.23e-06,7.26e-06,7.17e-06,7.24e-06,270483200266.0
2025-10-21 19:00:00,7.25e-06,7.27e-06,7.21e-06,7.22e-06,200270364199.0
2025-10-21 20:00:00,7.22e-06,7.24e-06,7.11e-06,7.14e-06,478242992910.0
2025-10-21 21:00:00,7.14e-06,7.2e-06,7.04e-06,7.15e-06,435789153488.0
2025-10-21 22:00:00,7.16e-06,7.16e-06,6.98e-06,7e-06,557218286075.0
2025-10-21 23:00:00,7e-06,7.02e-06,6.89e-06,6.92e-06,515927232537.0
2025-10-22 00:00:00,6.91e-06,6.96e-06,6.86e-06,6.89e-06,481306086582.0
2025-10-22 01:00:00,6.88e-06,6.94e-06,6.86e-06,6.91e-06,317386353583.0
2025-10-22 02:00:00,6.91e-06,6.95e-06,6.89e-06,6.9e-06,152503248291.0
2025-10-22 03:00:00,6.91e-06,6.92e-06,6.85e-06,6.91e-06,184086255515.0
2025-10-22 04:00:00,6.91e-06,6.97e-06,6.9e-06,6.97e-06,192181453814.0
2025-10-22 05:00:00,6.96e-06,6.96e-06,6.81e-06,6.88e-06,408386762809.0
2025-10-22 06:00:00,6.87e-06,6.89e-06,6.85e-06,6.85e-06,190421002826.0
2025-10-22 07:00:00,6.86e-06,6.89e-06,6.81e-06,6.88e-06,250102698243.0
2025-10-22 08:00:00,6.87e-06,6.87e-06,6.82e-06,6.84e-06,145708247106.0
2025-10-22 09:00:00,6.83e-06,6.85e-06,6.76e-06,6.79e-06,432387780423.0
2025-10-22 10:00:00,6.79e-06,6.82e-06,6.77e-06,6.77e-06,256955910443.0
2025-10-22 11:00:00,6.76e-06,6.85e-06,6.66e-06,6.81e-06,779645749898.0
2025-10-22 12:00:00,6.81e-06,6.89e-06,6.78e-06,6.87e-06,279293789535.0
2025-10-22 13:00:00,6.86e-06,6.94e-06,6.78e-06,6.94e-06,750671535798.0
2025-10-22 14:00:00,6.93e-06,6.93e-06,6.74e-06,6.89e-06,724560420971.0
2025-10-22 15:00:00,6.89e-06,6.92e-06,6.76e-06,6.84e-06,601692065414.0
2025-10-22 16:00:00,6.84e-06,6.88e-06,6.76e-06,6.82e-06,562851121634.0
2025-10-22 17:00:00,6.82e-06,6.84e-06,6.72e-06,6.76e-06,326666730344.0
2025-10-22 18:00:00,6.76e-06,6.81e-06,6.73e-06,6.76e-06,259161815194.0
2025-10-22 19:00:00,6.77e-06,6.84e-06,6.69e-06,6.75e-06,561326628491.0
2025-10-22 20:00:00,6.75e-06,6.78e-06,6.67e-06,6.69e-06,210380164598.0
2025-10-22 21:00:00,6.69e-06,6.69e-06,6.44e-06,6.56e-06,1500816295245.0
2025-10-22 22:00:00,6.56e-06,6.61e-06,6.54e-06,6.56e-06,341922968664.0
2025-10-22 23:00:00,6.57e-06,6.74e-06,6.57e-06,6.71e-06,291459621816.0
2025-10-23 00:00:00,6.72e-06,6.75e-06,6.7e-06,6.72e-06,362077871854.0
2025-10-23 01:00:00,6.73e-06,6.78e-06,6.72e-06,6.74e-06,286250813876.0
2025-10-23 02:00:00,6.75e-06,6.77e-06,6.73e-06,6.76e-06,112592112740.0
2025-10-23 03:00:00,6.76e-06,6.78e-06,6.74e-06,6.75e-06,109430049636.0
2025-10-23 04:00:00,6.76e-06,6.79e-06,6.74e-06,6.76e-06,122117343832.0
2025-10-23 05:00:00,6.77e-06,6.78e-06,6.74e-06,6.77e-06,142366433786.0
2025-10-23 06:00:00,6.78e-06,6.89e-06,6.76e-06,6.89e-06,511371831865.0
2025-10-23 07:00:00,6.88e-06,6.89e-06,6.82e-06,6.84e-06,366562590709.0
2025-10-23 08:00:00,6.85e-06,6.91e-06,6.84e-06,6.89e-06,225231309765.0
2025-10-23 09:00:00,6.88e-06,6.89e-06,6.85e-06,6.89e-06,190480318102.0
2025-10-23 10:00:00,6.88e-06,6.93e-06,6.86e-06,6.87e-06,283694365360.0
2025-10-23 11:00:00,6.86e-06,6.88e-06,6.82e-06,6.84e-06,194958850588.0
2025-10-23 12:00:00,6.84e-06,6.86e-06,6.77e-06,6.86e-06,361429067543.0
2025-10-23 13:00:00,6.86e-06,6.9e-06,6.81e-06,6.87e-06,614142236618.0
2025-10-23 14:00:00,6.87e-06,6.88e-06,6.79e-06,6.87e-06,500826144656.0
2025-10-23 15:00:00,6.87e-06,6.94e-06,6.85e-06,6.9e-06,689448631965.0
2025-10-23 16:00:00,6.91e-06,7e-06,6.88e-06,6.97e-06,369578767149.0
2025-10-23 17:00:00,6.97e-06,7.03e-06,6.9e-06,7.01e-06,519278634767.0
2025-10-23 18:00:00,7.01e-06,7.02e-06,6.93e-06,6.94e-06,246684608817.0
2025-10-23 19:00:00,6.95e-06,6.96e-06,6.91e-06,6.94e-06,144534146947.0
2025-10-23 20:00:00,6.94e-06,6.94e-06,6.81e-06,6.85e-06,356450405303.0
2025-10-23 21:00:00,6.86e-06,6.9e-06,6.83e-06,6.88e-06,216499361159.0
2025-10-23 22:00:00,6.88e-06,6.93e-06,6.88e-06,6.93e-06,222276033374.0
2025-10-23 23:00:00,6.92e-06,6.95e-06,6.91e-06,6.95e-06,169913605369.0
2025-10-24 00:00:00,6.94e-06,7e-06,6.92e-06,6.98e-06,332322687684.0
2025-10-24 01:00:00,6.97e-06,7.02e-06,6.95e-06,7e-06,159083865277.0
2025-10-24 02:00:00,7e-06,7.02e-06,6.97e-06,6.99e-06,151064904818.0
2025-10-24 03:00:00,7e-06,7e-06,6.96e-06,6.98e-06,134134922918.0
2025-10-24 04:00:00,6.98e-06,7.11e-06,6.95e-06,7.1e-06,507355698525.0
2025-10-24 05:00:00,7.09e-06,7.13e-06,7.06e-06,7.13e-06,366873982287.0
2025-10-24 06:00:00,7.12e-06,7.16e-06,7.1e-06,7.13e-06,369362473636.0
2025-10-24 07:00:00,7.14e-06,7.16e-06,7.11e-06,7.15e-06,378731818271.0
2025-10-24 08:00:00,7.15e-06,7.2e-06,7.1e-06,7.16e-06,411336471210.0
2025-10-24 09:00:00,7.16e-06,7.16e-06,7.09e-06,7.09e-06,362815645400.0
2025-10-24 10:00:00,7.09e-06,7.1e-06,7.04e-06,7.06e-06,333025235695.0
2025-10-24 11:00:00,7.07e-06,7.08e-06,7.01e-06,7.08e-06,268596853271.0
2025-10-24 12:00:00,7.07e-06,7.25e-06,7.07e-06,7.13e-06,1092434892125.0
2025-10-24 13:00:00,7.14e-06,7.16e-06,7.02e-06,7.1e-06,588526434222.0
2025-10-24 14:00:00,7.1e-06,7.11e-06,6.96e-06,7.05e-06,686119408035.0
2025-10-24 15:00:00,7.05e-06,7.11e-06,7.01e-06,7.03e-06,330850569233.0
2025-10-24 16:00:00,7.04e-06,7.07e-06,6.99e-06,7.04e-06,294122973850.0
2025-10-24 17:00:00,7.05e-06,7.11e-06,7.04e-06,7.08e-06,196289251605.0
2025-10-24 18:00:00,7.07e-06,7.1e-06,7.06e-06,7.1e-06,142376695342.0
2025-10-24 19:00:00,7.1e-06,7.16e-06,7.09e-06,7.14e-06,213599315855.0
2025-10-24 20:00:00,7.14e-06,7.18e-06,7.13e-06,7.17e-06,156739658892.0
2025-10-24 21:00:00,7.17e-06,7.2e-06,7.15e-06,7.18e-06,189990711770.0
2025-10-24 22:00:00,7.19e-06,7.21e-06,7.16e-06,7.18e-06,172844008949.0
2025-10-24 23:00:00,7.18e-06,7.2e-06,7.16e-06,7.18e-06,156226148848.0
2025-10-25 00:00:00,7.17e-06,7.2e-06,7.14e-06,7.17e-06,341225928784.0
2025-10-25 01:00:00,7.18e-06,7.22e-06,7.16e-06,7.19e-06,105720097593.0
2025-10-25 02:00:00,7.19e-06,7.2e-06,7.16e-06,7.17e-06,128801534222.0
2025-10-25 03:00:00,7.17e-06,7.18e-06,7.13e-06,7.15e-06,124367616581.0
2025-10-25 04:00:00,7.14e-06,7.2e-06,7.14e-06,7.17e-06,101368201795.0
2025-10-25 05:00:00,7.16e-06,7.17e-06,7.13e-06,7.16e-06,115478801368.0
2025-10-25 06:00:00,7.16e-06,7.17e-06,7.11e-06,7.11e-06,126840322769.0
2025-10-25 07:00:00,7.11e-06,7.16e-06,7.1e-06,7.11e-06,238742441014.0
2025-10-25 08:00:00,7.11e-06,7.15e-06,7.11e-06,7.14e-06,104188328518.0
2025-10-25 09:00:00,7.14e-06,7.15e-06,7.11e-06,7.13e-06,115571874112.0
2025-10-25 10:00:00,7.12e-06,7.14e-06,7.08e-06,7.12e-06,173210096413.0
2025-10-25 11:00:00,7.12e-06,7.17e-06,7.11e-06,7.16e-06,132194138763.0
2025-10-25 12:00:00,7.15e-06,7.19e-06,7.15e-06,7.16e-06,205069869697.0
2025-10-25 13:00:00,7.17e-06,7.18e-06,7.13e-06,7.15e-06,174007626769.0
2025-10-25 14:00:00,7.15e-06,7.17e-06,7.13e-06,7.17e-06,170865689811.0
2025-10-25 15:00:00,7.17e-06,7.17e-06,7.12e-06,7.15e-06,126654527866.0
2025-10-25 16:00:00,7.16e-06,7.17e-06,7.13e-06,7.13e-06,237377811838.0
2025-10-25 17:00:00,7.13e-06,7.17e-06,7.13e-06,7.16e-06,130663463810.0
2025-10-25 18:00:00,7.16e-06,7.21e-06,7.14e-06,7.2e-06,170163805082.0
2025-10-25 19:00:00,7.21e-06,7.21e-06,7.18e-06,7.2e-06,115010934379.0
2025-10-25 20:00:00,7.19e-06,7.21e-06,7.16e-06,7.17e-06,150919529861.0
2025-10-25 21:00:00,7.18e-06,7.19e-06,7.15e-06,7.17e-06,99730724789.0
2025-10-25 22:00:00,7.17e-06,7.19e-06,7.14e-06,7.18e-06,150682845345.0
2025-10-25 23:00:00,7.17e-06,7.18e-06,7.14e-06,7.15e-06,94950738088.0
2025-10-26 00:00:00,7.16e-06,7.16e-06,7.11e-06,7.13e-06,165021184755.0
2025-10-26 01:00:00,7.13e-06,7.13e-06,7.05e-06,7.07e-06,240310835069.0
2025-10-26 02:00:00,7.06e-06,7.08e-06,7.03e-06,7.05e-06,219357951064.0
2025-10-26 03:00:00,7.04e-06,7.06e-06,7.02e-06,7.05e-06,149287868545.0
2025-10-26 04:00:00,7.05e-06,7.08e-06,7.03e-06,7.08e-06,146085624377.0
2025-10-26 05:00:00,7.08e-06,7.12e-06,7.05e-06,7.09e-06,80803777146.0
2025-10-26 06:00:00,7.09e-06,7.11e-06,7.08e-06,7.1e-06,131298008826.0
2025-10-26 07:00:00,7.1e-06,7.16e-06,7.08e-06,7.14e-06,164948663426.0
2025-10-26 08:00:00,7.15e-06,7.2e-06,7.15e-06,7.18e-06,219201206797.0
2025-10-26 09:00:00,7.19e-06,7.31e-06,7.16e-06,7.27e-06,560051072472.0
2025-10-26 10:00:00,7.27e-06,7.28e-06,7.2e-06,7.23e-06,204237253380.0
2025-10-26 11:00:00,7.24e-06,7.39e-06,7.21e-06,7.36e-06,532512618844.0
2025-10-26 12:00:00,7.36e-06,7.39e-06,7.32e-06,7.36e-06,496405260900.0
2025-10-26 13:00:00,7.36e-06,7.41e-06,7.33e-06,7.36e-06,560835333474.0
2025-10-26 14:00:00,7.37e-06,7.37e-06,7.28e-06,7.31e-06,494864546380.0
2025-10-26 15:00:00,7.31e-06,7.34e-06,7.28e-06,7.33e-06,233901401468.0
2025-10-26 16:00:00,7.32e-06,7.33e-06,7.26e-06,7.26e-06,195656843066.0
2025-10-26 17:00:00,7.26e-06,7.3e-06,7.26e-06,7.27e-06,152814983175.0
2025-10-26 18:00:00,7.27e-06,7.32e-06,7.27e-06,7.3e-06,180373163931.0
2025-10-26 19:00:00,7.3e-06,7.3e-06,7.27e-06,7.28e-06,103313444909.0
2025-10-26 20:00:00,7.28e-06,7.29e-06,7.22e-06,7.23e-06,349902230484.0
2025-10-26 21:00:00,7.23e-06,7.29e-06,7.21e-06,7.27e-06,157237656435.0
2025-10-26 22:00:00,7.28e-06,7.47e-06,7.28e-06,7.39e-06,1152519520058.0
2025-10-26 23:00:00,7.38e-06,7.39e-06,7.32e-06,7.32e-06,401178324217.0
2025-10-27 00:00:00,7.33e-06,7.4e-06,7.29e-06,7.36e-06,384307926098.0
2025-10-27 01:00:00,7.37e-06,7.41e-06,7.35e-06,7.4e-06,248399548893.0
2025-10-27 02:00:00,7.39e-06,7.42e-06,7.34e-06,7.36e-06,280291773198.0
2025-10-27 03:00:00,7.37e-06,7.39e-06,7.29e-06,7.32e-06,277159534090.0
2025-10-27 04:00:00,7.32e-06,7.36e-06,7.29e-06,7.34e-06,288948076800.0
2025-10-27 05:00:00,7.34e-06,7.43e-06,7.34e-06,7.36e-06,303531257725.0
2025-10-27 06:00:00,7.36e-06,7.36e-06,7.3e-06,7.34e-06,332892387475.0
2025-10-27 07:00:00,7.35e-06,7.37e-06,7.22e-06,7.27e-06,498733418114.0
2025-10-27 08:00:00,7.27e-06,7.28e-06,7.17e-06,7.19e-06,510096623826.0
2025-10-27 09:00:00,7.2e-06,7.2e-06,7.14e-06,7.18e-06,447318566696.0
2025-10-27 10:00:00,7.18e-06,7.21e-06,7.16e-06,7.2e-06,297072625600.0
2025-10-27 11:00:00,7.2e-06,7.23e-06,7.16e-06,7.2e-06,290530530404.0
2025-10-27 12:00:00,7.2e-06,7.22e-06,7.16e-06,7.18e-06,163218235189.0
2025-10-27 13:00:00,7.17e-06,7.25e-06,7.12e-06,7.22e-06,492004537117.0
2025-10-27 14:00:00,7.22e-06,7.24e-06,7.15e-06,7.17e-06,400201396496.0
2025-10-27 15:00:00,7.17e-06,7.23e-06,7.17e-06,7.21e-06,204163465862.0
2025-10-27 16:00:00,7.21e-06,7.35e-06,7.2e-06,7.33e-06,348942210428.0
2025-10-27 17:00:00,7.33e-06,7.35e-06,7.29e-06,7.35e-06,226371214775.0
2025-10-27 18:00:00,7.34e-06,7.36e-06,7.29e-06,7.31e-06,210537805706.0
2025-10-27 19:00:00,7.31e-06,7.32e-06,7.22e-06,7.23e-06,208926271333.0
2025-10-27 20:00:00,7.24e-06,7.24e-06,7.16e-06,7.17e-06,238538103949.0
2025-10-27 21:00:00,7.17e-06,7.21e-06,7.13e-06,7.17e-06,198193986585.0
2025-10-27 22:00:00,7.17e-06,7.21e-06,7.12e-06,7.13e-06,185756642024.0
2025-10-27 23:00:00,7.13e-06,7.15e-06,7.06e-06,7.13e-06,270262524940.0
2025-10-28 00:00:00,7.13e-06,7.18e-06,7.11e-06,7.15e-06,127904429328.0
2025-10-28 01:00:00,7.15e-06,7.2e-06,7.14e-06,7.17e-06,135997520721.0
2025-10-28 02:00:00,7.18e-06,7.2e-06,7.08e-06,7.12e-06,192059226385.0
2025-10-28 03:00:00,7.12e-06,7.14e-06,7.07e-06,7.1e-06,215504759002.0
2025-10-28 04:00:00,7.11e-06,7.17e-06,7.08e-06,7.15e-06,126112514282.0
2025-10-28 05:00:00,7.16e-06,7.16e-06,7.05e-06,7.08e-06,170423428961.0
2025-10-28 06:00:00,7.08e-06,7.22e-06,7.07e-06,7.22e-06,184802324217.0
2025-10-28 07:00:00,7.22e-06,7.25e-06,7.13e-06,7.15e-06,208332553129.0
2025-10-28 08:00:00,7.15e-06,7.19e-06,7.13e-06,7.17e-06,114970219185.0
2025-10-28 09:00:00,7.17e-06,7.2e-06,7.13e-06,7.18e-06,132683071394.0
2025-10-28 10:00:00,7.18e-06,7.19e-06,7.14e-06,7.18e-06,82730266513.0
2025-10-28 11:00:00,7.18e-06,7.25e-06,7.16e-06,7.19e-06,156539865360.0
2025-10-28 12:00:00,7.18e-06,7.27e-06,7.17e-06,7.24e-06,122106284264.0
2025-10-28 13:00:00,7.23e-06,7.3e-06,7.23e-06,7.29e-06,268213287370.0
2025-10-28 14:00:00,7.29e-06,7.33e-06,7.06e-06,7.2e-06,671009077084.0
2025-10-28 15:00:00,7.21e-06,7.25e-06,7.16e-06,7.18e-06,249267765612.0
2025-10-28 16:00:00,7.19e-06,7.28e-06,7.15e-06,7.26e-06,281188733752.0
2025-10-28 17:00:00,7.26e-06,7.28e-06,7.22e-06,7.24e-06,190477861713.0
2025-10-28 18:00:00,7.25e-06,7.27e-06,7.17e-06,7.22e-06,235204822221.0
2025-10-28 19:00:00,7.22e-06,7.25e-06,7.04e-06,7.07e-06,464021038431.0
2025-10-28 20:00:00,7.07e-06,7.07e-06,6.88e-06,6.92e-06,1402777325766.0
2025-10-28 21:00:00,6.93e-06,6.96e-06,6.83e-06,6.92e-06,499323501349.0
2025-10-28 22:00:00,6.93e-06,7.01e-06,6.9e-06,7e-06,263058230039.0
2025-10-28 23:00:00,7e-06,7.02e-06,6.97e-06,6.99e-06,215089610476.0
2025-10-29 00:00:00,6.99e-06,7e-06,6.94e-06,6.96e-06,225834584700.0
2025-10-29 01:00:00,6.95e-06,7e-06,6.93e-06,6.95e-06,263980906055.0
2025-10-29 02:00:00,6.96e-06,6.97e-06,6.93e-06,6.94e-06,104625364263.0
2025-10-29 03:00:00,6.95e-06,6.95e-06,6.9e-06,6.92e-06,97093118262.0
2025-10-29 04:00:00,6.93e-06,6.97e-06,6.92e-06,6.94e-06,90737014487.0
2025-10-29 05:00:00,6.94e-06,7e-06,6.93e-06,6.98e-06,161203818123.0
2025-10-29 06:00:00,6.97e-06,6.99e-06,6.94e-06,6.96e-06,137362751427.0
2025-10-29 07:00:00,6.96e-06,6.98e-06,6.93e-06,6.96e-06,291942449482.0
2025-10-29 08:00:00,6.96e-06,6.97e-06,6.91e-06,6.92e-06,95434096586.0
2025-10-29 09:00:00,6.93e-06,6.95e-06,6.9e-06,6.94e-06,135049269161.0
2025-10-29 10:00:00,6.94e-06,7.03e-06,6.92e-06,7.02e-06,181012009723.0
2025-10-29 11:00:00,7.02e-06,7.07e-06,7e-06,7.05e-06,130269970548.0
2025-10-29 12:00:00,7.05e-06,7.08e-06,7.03e-06,7.07e-06,171642414584.0
2025-10-29 13:00:00,7.07e-06,7.12e-06,7.04e-06,7.07e-06,305951387166.0
2025-10-29 14:00:00,7.06e-06,7.09e-06,7.02e-06,7.08e-06,276689000709.0
2025-10-29 15:00:00,7.08e-06,7.09e-06,6.91e-06,6.96e-06,498873055020.0
2025-10-29 16:00:00,6.96e-06,7.02e-06,6.91e-06,6.96e-06,214217172013.0
2025-10-29 17:00:00,6.97e-06,7.17e-06,6.96e-06,7.16e-06,292330369303.0
2025-10-29 18:00:00,7.16e-06,7.18e-06,6.79e-06,7.02e-06,3660818769248.0
2025-10-29 19:00:00,7.02e-06,7.18e-06,7.01e-06,7.11e-06,1347861194865.0
2025-10-29 20:00:00,7.11e-06,7.24e-06,7.07e-06,7.19e-06,1068676182067.0
2025-10-29 21:00:00,7.2e-06,7.21e-06,7.14e-06,7.16e-06,493560484521.0
2025-10-29 22:00:00,7.16e-06,7.18e-06,7.11e-06,7.14e-06,262361514635.0
2025-10-29 23:00:00,7.14e-06,7.15e-06,6.98e-06,7.03e-06,462391145159.0
2025-10-30 00:00:00,7.03e-06,7.07e-06,6.96e-06,7.06e-06,308692835157.0
2025-10-30 01:00:00,7.06e-06,7.06e-06,6.99e-06,7e-06,271611772066.0
2025-10-30 02:00:00,7e-06,7.1e-06,6.99e-06,7.09e-06,193024368638.0
2025-10-30 03:00:00,7.09e-06,7.1e-06,7e-06,7.03e-06,172682781651.0
2025-10-30 04:00:00,7.02e-06,7.03e-06,6.69e-06,6.8e-06,1452890642979.0
2025-10-30 05:00:00,6.81e-06,6.95e-06,6.76e-06,6.94e-06,504093326379.0
2025-10-30 06:00:00,6.94e-06,6.98e-06,6.88e-06,6.95e-06,257486175358.0
2025-10-30 07:00:00,6.95e-06,7.01e-06,6.93e-06,6.97e-06,347855320970.0
2025-10-30 08:00:00,6.98e-06,6.98e-06,6.88e-06,6.9e-06,208659216482.0
2025-10-30 09:00:00,6.89e-06,6.9e-06,6.81e-06,6.82e-06,237220514675.0
2025-10-30 10:00:00,6.82e-06,6.84e-06,6.77e-06,6.79e-06,371898421615.0
2025-10-30 11:00:00,6.78e-06,6.81e-06,6.75e-06,6.77e-06,211664084021.0
2025-10-30 12:00:00,6.77e-06,6.78e-06,6.6e-06,6.68e-06,976605814320.0
2025-10-30 13:00:00,6.67e-06,6.7e-06,6.51e-06,6.55e-06,1079210365301.0
2025-10-30 14:00:00,6.55e-06,6.6e-06,6.52e-06,6.55e-06,562430196152.0
2025-10-30 15:00:00,6.54e-06,6.56e-06,6.42e-06,6.46e-06,557498872828.0
2025-10-30 16:00:00,6.46e-06,6.5e-06,6.41e-06,6.48e-06,499292317912.0
2025-10-30 17:00:00,6.47e-06,6.47e-06,6.3e-06,6.41e-06,790604016666.0
2025-10-30 18:00:00,6.41e-06,6.42e-06,6.31e-06,6.34e-06,661009429255.0
2025-10-30 19:00:00,6.34e-06,6.36e-06,6.26e-06,6.28e-06,579435161973.0
2025-10-30 20:00:00,6.28e-06,6.39e-06,6.26e-06,6.37e-06,522512253899.0
2025-10-30 21:00:00,6.38e-06,6.4e-06,6.32e-06,6.37e-06,281449327853.0
2025-10-30 22:00:00,6.37e-06,6.4e-06,6.35e-06,6.39e-06,375496250716.0
2025-10-30 23:00:00,6.39e-06,6.44e-06,6.36e-06,6.44e-06,401455895426.0
2025-10-31 00:00:00,6.45e-06,6.53e-06,6.43e-06,6.5e-06,402504272152.0
2025-10-31 01:00:00,6.5e-06,6.56e-06,6.48e-06,6.53e-06,355628227108.0
2025-10-31 02:00:00,6.53e-06,6.55e-06,6.46e-06,6.51e-06,295531192082.0
2025-10-31 03:00:00,6.51e-06,6.56e-06,6.49e-06,6.52e-06,156386851688.0
2025-10-31 04:00:00,6.53e-06,6.62e-06,6.52e-06,6.62e-06,378380447057.0
2025-10-31 05:00:00,6.61e-06,6.61e-06,6.56e-06,6.57e-06,163644723748.0
2025-10-31 06:00:00,6.57e-06,6.59e-06,6.53e-06,6.54e-06,293264654363.0
2025-10-31 07:00:00,6.55e-06,6.58e-06,6.53e-06,6.55e-06,193912158346.0
2025-10-31 08:00:00,6.55e-06,6.6e-06,6.53e-06,6.58e-06,154893729030.0
2025-10-31 09:00:00,6.58e-06,6.6e-06,6.54e-06,6.55e-06,157436340897.0
2025-10-31 10:00:00,6.55e-06,6.58e-06,6.54e-06,6.56e-06,158483104980.0
2025-10-31 11:00:00,6.55e-06,6.65e-06,6.54e-06,6.65e-06,241750366862.0
2025-10-31 12:00:00,6.64e-06,6.66e-06,6.57e-06,6.58e-06,272979125408.0
2025-10-31 13:00:00,6.58e-06,6.62e-06,6.53e-06,6.57e-06,201753719786.0
2025-10-31 14:00:00,6.57e-06,6.61e-06,6.5e-06,6.59e-06,348133593064.0
2025-10-31 15:00:00,6.58e-06,6.63e-06,6.55e-06,6.58e-06,199904165423.0
2025-10-31 16:00:00,6.58e-06,6.6e-06,6.44e-06,6.46e-06,293471971568.0
2025-10-31 17:00:00,6.46e-06,6.51e-06,6.42e-06,6.47e-06,265174135318.0
2025-10-31 18:00:00,6.47e-06,6.55e-06,6.44e-06,6.51e-06,286404183982.0
2025-10-31 19:00:00,6.51e-06,6.65e-06,6.47e-06,6.63e-06,272287284549.0
2025-10-31 20:00:00,6.63e-06,6.64e-06,6.54e-06,6.56e-06,150557231806.0
2025-10-31 21:00:00,6.56e-06,6.58e-06,6.53e-06,6.55e-06,104850166050.0
2025-10-31 22:00:00,6.56e-06,6.6e-06,6.55e-06,6.56e-06,140946074189.0
2025-10-31 23:00:00,6.56e-06,6.58e-06,6.55e-06,6.57e-06,67093702670.0
2025-11-01 00:00:00,6.56e-06,6.6e-06,6.53e-06,6.59e-06,173772512862.0
2025-11-01 01:00:00,6.58e-06,6.62e-06,6.54e-06,6.55e-06,127993353892.0
2025-11-01 02:00:00,6.54e-06,6.6e-06,6.51e-06,6.59e-06,124150549829.0
2025-11-01 03:00:00,6.59e-06,6.63e-06,6.58e-06,6.62e-06,181942120944.0
2025-11-01 04:00:00,6.61e-06,6.63e-06,6.58e-06,6.6e-06,115987704297.0
2025-11-01 05:00:00,6.59e-06,6.6e-06,6.55e-06,6.56e-06,235057696017.0
2025-11-01 06:00:00,6.55e-06,6.58e-06,6.53e-06,6.58e-06,114365144209.0
2025-11-01 07:00:00,6.57e-06,6.64e-06,6.56e-06,6.62e-06,136332040545.0
2025-11-01 08:00:00,6.63e-06,6.68e-06,6.61e-06,6.68e-06,198341520380.0
2025-11-01 09:00:00,6.67e-06,6.7e-06,6.64e-06,6.65e-06,157705876815.0
2025-11-01 10:00:00,6.66e-06,6.69e-06,6.63e-06,6.67e-06,121350128077.0
2025-11-01 11:00:00,6.67e-06,6.7e-06,6.65e-06,6.68e-06,220111341327.0
2025-11-01 12:00:00,6.68e-06,6.71e-06,6.67e-06,6.68e-06,116733161374.0
2025-11-01 13:00:00,6.67e-06,6.7e-06,6.62e-06,6.66e-06,138052830962.0
2025-11-01 14:00:00,6.66e-06,6.68e-06,6.6e-06,6.64e-06,221742368785.0
2025-11-01 15:00:00,6.64e-06,6.72e-06,6.64e-06,6.69e-06,213027873517.0
2025-11-01 16:00:00,6.68e-06,6.72e-06,6.67e-06,6.68e-06,189098769880.0
2025-11-01 17:00:00,6.68e-06,6.69e-06,6.64e-06,6.65e-06,135733686133.0
2025-11-01 18:00:00,6.66e-06,6.7e-06,6.65e-06,6.7e-06,87107637397.0
2025-11-01 19:00:00,6.69e-06,6.71e-06,6.66e-06,6.7e-06,39824240107.0
2025-11-01 20:00:00,6.71e-06,6.74e-06,6.69e-06,6.71e-06,96919118975.0
2025-11-01 21:00:00,6.7e-06,6.72e-06,6.62e-06,6.63e-06,95560406122.0
2025-11-01 22:00:00,6.63e-06,6.68e-06,6.62e-06,6.67e-06,67878392965.0
2025-11-01 23:00:00,6.68e-06,6.7e-06,6.66e-06,6.69e-06,76413951037.0
2025-11-02 00:00:00,6.69e-06,6.7e-06,6.65e-06,6.68e-06,116673515559.0
2025-11-02 01:00:00,6.67e-06,6.7e-06,6.65e-06,6.67e-06,97912532353.0
2025-11-02 02:00:00,6.68e-06,6.72e-06,6.67e-06,6.7e-06,70558282033.0
2025-11-02 03:00:00,6.7e-06,6.7e-06,6.65e-06,6.66e-06,80852670182.0
2025-11-02 04:00:00,6.66e-06,6.76e-06,6.65e-06,6.74e-06,182952173850.0
2025-11-02 05:00:00,6.74e-06,6.75e-06,6.67e-06,6.73e-06,125133579303.0
2025-11-02 06:00:00,6.72e-06,6.75e-06,6.7e-06,6.73e-06,113249640039.0
2025-11-02 07:00:00,6.74e-06,6.76e-06,6.71e-06,6.74e-06,146432539690.0
2025-11-02 08:00:00,6.74e-06,6.75e-06,6.69e-06,6.71e-06,109447386512.0
2025-11-02 09:00:00,6.71e-06,6.74e-06,6.65e-06,6.67e-06,136773899479.0
2025-11-02 10:00:00,6.66e-06,6.7e-06,6.62e-06,6.68e-06,205738131736.0
2025-11-02 11:00:00,6.67e-06,6.74e-06,6.67e-06,6.72e-06,122104889733.0
2025-11-02 12:00:00,6.73e-06,6.73e-06,6.69e-06,6.7e-06,119979709472.0
2025-11-02 13:00:00,6.7e-06,6.72e-06,6.64e-06,6.67e-06,134888339219.0
2025-11-02 14:00:00,6.66e-06,6.68e-06,6.56e-06,6.59e-06,302152762809.0
2025-11-02 15:00:00,6.59e-06,6.62e-06,6.55e-06,6.56e-06,176209179320.0
2025-11-02 16:00:00,6.56e-06,6.59e-06,6.5e-06,6.58e-06,214837101923.0
2025-11-02 17:00:00,6.57e-06,6.6e-06,6.54e-06,6.59e-06,143446728589.0
2025-11-02 18:00:00,6.59e-06,6.6e-06,6.57e-06,6.58e-06,122365508652.0
2025-11-02 19:00:00,6.58e-06,6.59e-06,6.51e-06,6.54e-06,116172221587.0
2025-11-02 20:00:00,6.54e-06,6.56e-06,6.51e-06,6.55e-06,74955913594.0
2025-11-02 21:00:00,6.55e-06,6.6e-06,6.53e-06,6.57e-06,69563936421.0
2025-11-02 22:00:00,6.58e-06,6.61e-06,6.53e-06,6.56e-06,85907957489.0
2025-11-02 23:00:00,6.57e-06,6.72e-06,6.57e-06,6.7e-06,351449959618.0
2025-11-03 00:00:00,6.71e-06,6.71e-06,6.57e-06,6.58e-06,183529848393.0
2025-11-03 01:00:00,6.57e-06,6.58e-06,6.47e-06,6.5e-06,305306186229.0
2025-11-03 02:00:00,6.5e-06,6.51e-06,6.39e-06,6.42e-06,516164676678.0
2025-11-03 03:00:00,6.43e-06,6.44e-06,6.19e-06,6.22e-06,1063654466838.0
2025-11-03 04:00:00,6.22e-06,6.24e-06,6.18e-06,6.24e-06,570689123576.0
2025-11-03 05:00:00,6.23e-06,6.3e-06,6.18e-06,6.19e-06,367858404962.0
2025-11-03 06:00:00,6.19e-06,6.21e-06,6.07e-06,6.14e-06,634662670716.0
2025-11-03 07:00:00,6.15e-06,6.22e-06,6.12e-06,6.18e-06,417385169525.0
2025-11-03 08:00:00,6.19e-06,6.19e-06,6.11e-06,6.17e-06,364667321469.0
2025-11-03 09:00:00,6.17e-06,6.24e-06,6.11e-06,6.13e-06,335997972570.0
2025-11-03 10:00:00,6.13e-06,6.15e-06,6.03e-06,6.06e-06,526126846859.0
2025-11-03 11:00:00,6.07e-06,6.15e-06,6.06e-06,6.11e-06,368015534327.0
2025-11-03 12:00:00,6.11e-06,6.15e-06,6.09e-06,6.09e-06,346044750269.0
2025-11-03 13:00:00,6.09e-06,6.14e-06,6.05e-06,6.11e-06,490062326160.0
2025-11-03 14:00:00,6.11e-06,6.17e-06,6.08e-06,6.13e-06,397993657968.0
2025-11-03 15:00:00,6.12e-06,6.14e-06,5.5e-06,5.75e-06,6309178016792.0
2025-11-03 16:00:00,5.75e-06,5.86e-06,5.69e-06,5.85e-06,1468209631681.0
2025-11-03 17:00:00,5.85e-06,5.97e-06,5.83e-06,5.92e-06,763798602953.0
2025-11-03 18:00:00,5.92e-06,5.94e-06,5.82e-06,5.83e-06,341634857520.0
2025-11-03 19:00:00,5.83e-06,5.86e-06,5.8e-06,5.82e-06,527825511831.0
2025-11-03 20:00:00,5.82e-06,5.83e-06,5.67e-06,5.7e-06,758944418263.0
2025-11-03 21:00:00,5.7e-06,5.78e-06,5.63e-06,5.75e-06,758134346386.0
2025-11-03 22:00:00,5.74e-06,5.76e-06,5.64e-06,5.7e-06,417136691392.0
2025-11-03 23:00:00,5.7e-06,5.75e-06,5.64e-06,5.72e-06,400995888069.0
2025-11-04 00:00:00,5.72e-06,5.79e-06,5.64e-06,5.75e-06,478822555092.0
2025-11-04 01:00:00,5.75e-06,5.81e-06,5.71e-06,5.79e-06,726233122157.0
2025-11-04 02:00:00,5.78e-06,5.8e-06,5.75e-06,5.78e-06,411261494991.0
2025-11-04 03:00:00,5.78e-06,5.85e-06,5.76e-06,5.83e-06,533383343902.0
2025-11-04 04:00:00,5.83e-06,5.86e-06,5.75e-06,5.77e-06,271669760307.0
2025-11-04 05:00:00,5.76e-06,5.78e-06,5.49e-06,5.51e-06,1485492504372.0
2025-11-04 06:00:00,5.52e-06,5.71e-06,5.5e-06,5.63e-06,980066740349.0
2025-11-04 07:00:00,5.62e-06,5.64e-06,5.47e-06,5.52e-06,793619521100.0
2025-11-04 08:00:00,5.52e-06,5.71e-06,5.51e-06,5.63e-06,780853588330.0
2025-11-04 09:00:00,5.64e-06,5.7e-06,5.62e-06,5.69e-06,541289547735.0
2025-11-04 10:00:00,5.69e-06,5.73e-06,5.66e-06,5.72e-06,429173843410.0
2025-11-04 11:00:00,5.72e-06,5.8e-06,5.72e-06,5.76e-06,391163984096.0
2025-11-04 12:00:00,5.76e-06,5.76e-06,5.69e-06,5.71e-06,356168312018.0
2025-11-04 13:00:00,5.71e-06,5.73e-06,5.64e-06,5.68e-06,378486103799.0
2025-11-04 14:00:00,5.67e-06,5.83e-06,5.61e-06,5.79e-06,946299551423.0
2025-11-04 15:00:00,5.79e-06,5.83e-06,5.64e-06,5.67e-06,877461694880.0
2025-11-04 16:00:00,5.66e-06,5.71e-06,5.54e-06,5.54e-06,1173835949239.0
2025-11-04 17:00:00,5.55e-06,5.57e-06,5.38e-06,5.52e-06,1197716859542.0
2025-11-04 18:00:00,5.52e-06,5.52e-06,5.31e-06,5.48e-06,1391554776152.0
2025-11-04 19:00:00,5.48e-06,5.59e-06,5.45e-06,5.48e-06,806885727829.0
2025-11-04 20:00:00,5.48e-06,5.54e-06,5.21e-06,5.47e-06,2560238124375.0
2025-11-04 21:00:00,5.47e-06,5.5e-06,5.21e-06,5.47e-06,1742822377756.0
2025-11-04 22:00:00,5.47e-06,5.66e-06,5.43e-06,5.63e-06,1076399238539.0
2025-11-04 23:00:00,5.63e-06,5.66e-06,5.59e-06,5.6e-06,570817725198.0
2025-11-05 00:00:00,5.6e-06,5.62e-06,5.51e-06,5.53e-06,454630397417.0
2025-11-05 01:00:00,5.53e-06,5.54e-06,5.3e-06,5.5e-06,1021504017976.0
2025-11-05 02:00:00,5.51e-06,5.7e-06,5.5e-06,5.69e-06,715262542586.0
2025-11-05 03:00:00,5.69e-06,5.72e-06,5.64e-06,5.68e-06,351606366358.0
2025-11-05 04:00:00,5.68e-06,5.7e-06,5.64e-06,5.67e-06,272294532308.0
2025-11-05 05:00:00,5.67e-06,5.71e-06,5.66e-06,5.67e-06,254941158831.0
2025-11-05 06:00:00,5.68e-06,5.71e-06,5.66e-06,5.71e-06,279088223279.0
2025-11-05 07:00:00,5.71e-06,5.71e-06,5.63e-06,5.66e-06,247146323364.0
2025-11-05 08:00:00,5.66e-06,5.66e-06,5.55e-06,5.58e-06,365796846822.0
2025-11-05 09:00:00,5.58e-06,5.62e-06,5.55e-06,5.62e-06,266625410747.0
2025-11-05 10:00:00,5.61e-06,5.62e-06,5.52e-06,5.54e-06,295922908119.0
2025-11-05 11:00:00,5.53e-06,5.66e-06,5.53e-06,5.65e-06,225521804957.0
2025-11-05 12:00:00,5.65e-06,5.7e-06,5.62e-06,5.67e-06,256637401787.0
2025-11-05 13:00:00,5.67e-06,5.72e-06,5.62e-06,5.69e-06,375839969174.0
2025-11-05 14:00:00,5.68e-06,5.72e-06,5.61e-06,5.68e-06,477104007573.0
2025-11-05 15:00:00,5.67e-06,5.76e-06,5.65e-06,5.75e-06,502724804681.0
2025-11-05 16:00:00,5.75e-06,5.78e-06,5.67e-06,5.78e-06,469951479922.0
2025-11-05 17:00:00,5.78e-06,5.78e-06,5.72e-06,5.75e-06,279261921748.0
2025-11-05 18:00:00,5.74e-06,5.81e-06,5.72e-06,5.78e-06,296696509333.0
2025-11-05 19:00:00,5.78e-06,5.8e-06,5.75e-06,5.77e-06,271201952086.0
2025-11-05 20:00:00,5.76e-06,5.81e-06,5.75e-06,5.77e-06,274227637423.0
2025-11-05 21:00:00,5.78e-06,5.79e-06,5.73e-06,5.76e-06,226740715357.0
2025-11-05 22:00:00,5.76e-06,5.82e-06,5.74e-06,5.81e-06,170919047751.0
2025-11-05 23:00:00,5.81e-06,5.82e-06,5.75e-06,5.76e-06,210906996263.0
2025-11-06 00:00:00,5.76e-06,5.76e-06,5.7e-06,5.73e-06,206430662996.0
2025-11-06 01:00:00,5.73e-06,5.73e-06,5.64e-06,5.71e-06,279411213690.0
2025-11-06 02:00:00,5.71e-06,5.76e-06,5.65e-06,5.74e-06,222203702506.0
2025-11-06 03:00:00,5.74e-06,5.77e-06,5.73e-06,5.76e-06,165646751005.0
2025-11-06 04:00:00,5.76e-06,5.78e-06,5.72e-06,5.76e-06,213840704858.0
2025-11-06 05:00:00,5.76e-06,5.76e-06,5.62e-06,5.64e-06,229500544195.0
2025-11-06 06:00:00,5.64e-06,5.69e-06,5.62e-06,5.65e-06,143199056430.0
2025-11-06 07:00:00,5.64e-06,5.68e-06,5.6e-06,5.62e-06,361125572949.0
2025-11-06 08:00:00,5.62e-06,5.66e-06,5.61e-06,5.64e-06,266952639392.0
2025-11-06 09:00:00,5.64e-06,5.67e-06,5.61e-06,5.62e-06,281218910737.0
2025-11-06 10:00:00,5.63e-06,5.67e-06,5.59e-06,5.62e-06,287898172034.0
2025-11-06 11:00:00,5.62e-06,5.65e-06,5.59e-06,5.62e-06,181514700171.0
2025-11-06 12:00:00,5.62e-06,5.64e-06,5.54e-06,5.55e-06,402425546888.0
2025-11-06 13:00:00,5.55e-06,5.65e-06,5.54e-06,5.61e-06,397340358767.0
2025-11-06 14:00:00,5.61e-06,5.63e-06,5.48e-06,5.49e-06,729045691067.0
2025-11-06 15:00:00,5.49e-06,5.56e-06,5.36e-06,5.4e-06,1268393691208.0
2025-11-06 16:00:00,5.4e-06,5.43e-06,5.27e-06,5.34e-06,971834849446.0
2025-11-06 17:00:00,5.34e-06,5.47e-06,5.33e-06,5.46e-06,757145053802.0
2025-11-06 18:00:00,5.46e-06,5.57e-06,5.39e-06,5.54e-06,551991183796.0
2025-11-06 19:00:00,5.54e-06,5.54e-06,5.46e-06,5.53e-06,352253527081.0
2025-11-06 20:00:00,5.53e-06,5.57e-06,5.47e-06,5.51e-06,436382689586.0
2025-11-06 21:00:00,5.51e-06,5.57e-06,5.47e-06,5.55e-06,242336550419.0
2025-11-06 22:00:00,5.55e-06,5.56e-06,5.48e-06,5.56e-06,245205848243.0
2025-11-06 23:00:00,5.55e-06,5.56e-06,5.49e-06,5.54e-06,275313424764.0
2025-11-07 00:00:00,5.54e-06,5.66e-06,5.54e-06,5.62e-06,630950161401.0
2025-11-07 01:00:00,5.61e-06,5.65e-06,5.55e-06,5.64e-06,474014813683.0
2025-11-07 02:00:00,5.63e-06,5.65e-06,5.58e-06,5.64e-06,327046346676.0
2025-11-07 03:00:00,5.65e-06,5.68e-06,5.61e-06,5.62e-06,364452294827.0
2025-11-07 04:00:00,5.63e-06,5.65e-06,5.6e-06,5.65e-06,227750084451.0
2025-11-07 05:00:00,5.65e-06,5.73e-06,5.64e-06,5.73e-06,313311531691.0
2025-11-07 06:00:00,5.72e-06,5.74e-06,5.68e-06,5.7e-06,296907425123.0
2025-11-07 07:00:00,5.71e-06,5.79e-06,5.69e-06,5.79e-06,362796701668.0
2025-11-07 08:00:00,5.79e-06,5.8e-06,5.73e-06,5.76e-06,366179312837.0
2025-11-07 09:00:00,5.75e-06,5.77e-06,5.68e-06,5.73e-06,451900627301.0
2025-11-07 10:00:00,5.73e-06,5.77e-06,5.68e-06,5.71e-06,308905154302.0
2025-11-07 11:00:00,5.71e-06,5.71e-06,5.58e-06,5.66e-06,621593972032.0
2025-11-07 12:00:00,5.66e-06,5.68e-06,5.53e-06,5.57e-06,469036049689.0
2025-11-07 13:00:00,5.58e-06,5.67e-06,5.55e-06,5.63e-06,400166017167.0
2025-11-07 14:00:00,5.63e-06,5.73e-06,5.51e-06,5.69e-06,821807110838.0
2025-11-07 15:00:00,5.69e-06,5.82e-06,5.63e-06,5.77e-06,1215795681523.0
2025-11-07 16:00:00,5.76e-06,6.01e-06,5.74e-06,5.96e-06,1472743747112.0
2025-11-07 17:00:00,5.96e-06,6.14e-06,5.92e-06,6.12e-06,1462263826245.0
2025-11-07 18:00:00,6.12e-06,6.29e-06,6.12e-06,6.19e-06,1736475114812.0
2025-11-07 19:00:00,6.19e-06,6.25e-06,6.15e-06,6.24e-06,574605226252.0
2025-11-07 20:00:00,6.24e-06,6.31e-06,6.2e-06,6.31e-06,395841545199.0
2025-11-07 21:00:00,6.3e-06,6.37e-06,6.27e-06,6.29e-06,480668216566.0
2025-11-07 22:00:00,6.29e-06,6.3e-06,6.24e-06,6.27e-06,420998027191.0
2025-11-07 23:00:00,6.27e-06,6.28e-06,6.17e-06,6.2e-06,648336297021.0
2025-11-08 00:00:00,6.19e-06,6.28e-06,6.11e-06,6.12e-06,531894775641.0
2025-11-08 01:00:00,6.11e-06,6.26e-06,6.11e-06,6.23e-06,411831491586.0
2025-11-08 02:00:00,6.23e-06,6.3e-06,6.21e-06,6.23e-06,432546007213.0
2025-11-08 03:00:00,6.23e-06,6.3e-06,6.18e-06,6.18e-06,497335016614.0
2025-11-08 04:00:00,6.18e-06,6.28e-06,6.17e-06,6.24e-06,520900332235.0
2025-11-08 05:00:00,6.24e-06,6.26e-06,6.12e-06,6.13e-06,446200732626.0
2025-11-08 06:00:00,6.14e-06,6.17e-06,6.07e-06,6.14e-06,495618385657.0
2025-11-08 07:00:00,6.14e-06,6.16e-06,6.06e-06,6.14e-06,428866629855.0
2025-11-08 08:00:00,6.14e-06,6.21e-06,6.09e-06,6.17e-06,355503141063.0
2025-11-08 09:00:00,6.16e-06,6.18e-06,6.1e-06,6.13e-06,294834841578.0
2025-11-08 10:00:00,6.12e-06,6.2e-06,6.11e-06,6.19e-06,233261416212.0
2025-11-08 11:00:00,6.19e-06,6.2e-06,6.12e-06,6.14e-06,231908777365.0
2025-11-08 12:00:00,6.14e-06,6.17e-06,6.1e-06,6.15e-06,291247810563.0
2025-11-08 13:00:00,6.16e-06,6.17e-06,6.05e-06,6.05e-06,432260794450.0
2025-11-08 14:00:00,6.06e-06,6.08e-06,5.98e-06,6.06e-06,562423142670.0
2025-11-08 15:00:00,6.07e-06,6.08e-06,5.95e-06,6e-06,419366354293.0
2025-11-08 16:00:00,5.99e-06,6.03e-06,5.94e-06,6.01e-06,366774013826.0
2025-11-08 17:00:00,6e-06,6.05e-06,5.97e-06,6.03e-06,211817978766.0
2025-11-08 18:00:00,6.03e-06,6.07e-06,6.01e-06,6.06e-06,135813570478.0
2025-11-08 19:00:00,6.06e-06,6.07e-06,5.98e-06,6.04e-06,145451380905.0
2025-11-08 20:00:00,6.04e-06,6.07e-06,6e-06,6.05e-06,303150926570.0
2025-11-08 21:00:00,6.05e-06,6.07e-06,6.02e-06,6.07e-06,114988844648.0
2025-11-08 22:00:00,6.08e-06,6.11e-06,6.05e-06,6.09e-06,107759078055.0
2025-11-08 23:00:00,6.09e-06,6.1e-06,6.06e-06,6.09e-06,103269388495.0
2025-11-09 00:00:00,6.09e-06,6.09e-06,5.99e-06,6e-06,214919712041.0
2025-11-09 01:00:00,6e-06,6.06e-06,5.98e-06,6.03e-06,165687749314.0
2025-11-09 02:00:00,6.04e-06,6.04e-06,5.86e-06,5.89e-06,479053304364.0
2025-11-09 03:00:00,5.89e-06,5.91e-06,5.83e-06,5.87e-06,346058485851.0
2025-11-09 04:00:00,5.86e-06,5.95e-06,5.85e-06,5.91e-06,256053199744.0
2025-11-09 05:00:00,5.91e-06,5.95e-06,5.88e-06,5.93e-06,189616654862.0
2025-11-09 06:00:00,5.92e-06,5.99e-06,5.9e-06,5.95e-06,165466071231.0
2025-11-09 07:00:00,5.95e-06,6.02e-06,5.93e-06,6.02e-06,243464085440.0
2025-11-09 08:00:00,6.01e-06,6.02e-06,5.95e-06,5.99e-06,151131587362.0
2025-11-09 09:00:00,5.99e-06,6.02e-06,5.92e-06,5.93e-06,210115609624.0
2025-11-09 10:00:00,5.93e-06,5.96e-06,5.88e-06,5.95e-06,326112107895.0
2025-11-09 11:00:00,5.96e-06,6.03e-06,5.95e-06,6e-06,345544818990.0
2025-11-09 12:00:00,6e-06,6.04e-06,5.98e-06,6e-06,274455417801.0
2025-11-09 13:00:00,6e-06,6.06e-06,5.99e-06,6.02e-06,359077607533.0
2025-11-09 14:00:00,6.02e-06,6.15e-06,5.98e-06,6.05e-06,877706546895.0
2025-11-09 15:00:00,6.05e-06,6.14e-06,6.05e-06,6.1e-06,528554411300.0
2025-11-09 16:00:00,6.1e-06,6.14e-06,6.06e-06,6.12e-06,267955405586.0
2025-11-09 17:00:00,6.12e-06,6.13e-06,6.05e-06,6.06e-06,204629225888.0
2025-11-09 18:00:00,6.07e-06,6.13e-06,6.03e-06,6.12e-06,167818608815.0
2025-11-09 19:00:00,6.12e-06,6.17e-06,6.09e-06,6.17e-06,226916646492.0
2025-11-09 20:00:00,6.17e-06,6.18e-06,6.11e-06,6.13e-06,222666497708.0
2025-11-09 21:00:00,6.13e-06,6.15e-06,6.1e-06,6.12e-06,106769658834.0
2025-11-09 22:00:00,6.13e-06,6.13e-06,6.05e-06,6.11e-06,182286649252.0
2025-11-09 23:00:00,6.11e-06,6.17e-06,6.05e-06,6.06e-06,445300228464.0
2025-11-10 00:00:00,6.06e-06,6.2e-06,6.01e-06,6.16e-06,599679947148.0
2025-11-10 01:00:00,6.16e-06,6.17e-06,6.1e-06,6.12e-06,588909929498.0
2025-11-10 02:00:00,6.11e-06,6.14e-06,6.08e-06,6.14e-06,240766723822.0
2025-11-10 03:00:00,6.14e-06,6.18e-06,6.13e-06,6.14e-06,333271475102.0
2025-11-10 04:00:00,6.15e-06,6.18e-06,6.1e-06,6.17e-06,296394179779.0
2025-11-10 05:00:00,6.17e-06,6.19e-06,6.11e-06,6.16e-06,309515347766.0
2025-11-10 06:00:00,6.16e-06,6.18e-06,6.11e-06,6.14e-06,231413456031.0
2025-11-10 07:00:00,6.14e-06,6.17e-06,6.1e-06,6.13e-06,191132017045.0
2025-11-10 08:00:00,6.14e-06,6.15e-06,6.07e-06,6.1e-06,311180107835.0
2025-11-10 09:00:00,6.09e-06,6.26e-06,6.09e-06,6.22e-06,288796827515.0
2025-11-10 10:00:00,6.22e-06,6.24e-06,6.13e-06,6.16e-06,323916618387.0
2025-11-10 11:00:00,6.15e-06,6.23e-06,6.14e-06,6.19e-06,271079545467.0
2025-11-10 12:00:00,6.19e-06,6.21e-06,6.14e-06,6.17e-06,304262675582.0
2025-11-10 13:00:00,6.17e-06,6.27e-06,6.16e-06,6.24e-06,347122649799.0
2025-11-10 14:00:00,6.23e-06,6.23e-06,6.05e-06,6.11e-06,791536167057.0
2025-11-10 15:00:00,6.11e-06,6.2e-06,6.08e-06,6.12e-06,504831065569.0
2025-11-10 16:00:00,6.13e-06,6.18e-06,6.05e-06,6.08e-06,441483088697.0
2025-11-10 17:00:00,6.08e-06,6.2e-06,6.07e-06,6.17e-06,334154826695.0
2025-11-10 18:00:00,6.17e-06,6.2e-06,6.13e-06,6.14e-06,182076715806.0
2025-11-10 19:00:00,6.14e-06,6.28e-06,6.13e-06,6.22e-06,361677330768.0
2025-11-10 20:00:00,6.21e-06,6.28e-06,6.21e-06,6.23e-06,316051701749.0
2025-11-10 21:00:00,6.22e-06,6.23e-06,6.13e-06,6.18e-06,193975047394.0
2025-11-10 22:00:00,6.18e-06,6.32e-06,6.13e-06,6.3e-06,305083081986.0
2025-11-10 23:00:00,6.3e-06,6.31e-06,6.21e-06,6.21e-06,232475754925.0
2025-11-11 00:00:00,6.22e-06,6.26e-06,6.13e-06,6.2e-06,316387967019.0
2025-11-11 01:00:00,6.2e-06,6.35e-06,6.16e-06,6.17e-06,594933565309.0
2025-11-11 02:00:00,6.18e-06,6.31e-06,6.13e-06,6.27e-06,406254354270.0
2025-11-11 03:00:00,6.27e-06,6.33e-06,6.26e-06,6.29e-06,394043747461.0
2025-11-11 04:00:00,6.28e-06,6.3e-06,6.18e-06,6.19e-06,187805419548.0
2025-11-11 05:00:00,6.18e-06,6.19e-06,6.1e-06,6.11e-06,244432372031.0
2025-11-11 06:00:00,6.11e-06,6.13e-06,6.04e-06,6.08e-06,384734321078.0
2025-11-11 07:00:00,6.07e-06,6.09e-06,5.99e-06,6e-06,377064028746.0
2025-11-11 08:00:00,6e-06,6.04e-06,5.97e-06,6.02e-06,260781146844.0
2025-11-11 09:00:00,6.03e-06,6.07e-06,6e-06,6.01e-06,200729362590.0
2025-11-11 10:00:00,6.01e-06,6.03e-06,5.98e-06,6.02e-06,332943012241.0
2025-11-11 11:00:00,6.02e-06,6.07e-06,5.99e-06,6.01e-06,218180475134.0
2025-11-11 12:00:00,6.02e-06,6.06e-06,5.96e-06,6e-06,303902126938.0
2025-11-11 13:00:00,5.99e-06,6.04e-06,5.96e-06,5.98e-06,218244346184.0
2025-11-11 14:00:00,5.98e-06,6.05e-06,5.92e-06,6.04e-06,719314927614.0
2025-11-11 15:00:00,6.03e-06,6.04e-06,5.92e-06,5.95e-06,326947392405.0
2025-11-11 16:00:00,5.96e-06,6.01e-06,5.93e-06,5.97e-06,252705292194.0
2025-11-11 17:00:00,5.97e-06,6.01e-06,5.9e-06,5.96e-06,208126685924.0
2025-11-11 18:00:00,5.95e-06,5.98e-06,5.92e-06,5.94e-06,163459044742.0
2025-11-11 19:00:00,5.94e-06,5.95e-06,5.89e-06,5.9e-06,136645839886.0
2025-11-11 20:00:00,5.9e-06,5.93e-06,5.85e-06,5.86e-06,253920651231.0
2025-11-11 21:00:00,5.87e-06,5.91e-06,5.85e-06,5.87e-06,140209047806.0
2025-11-11 22:00:00,5.86e-06,5.91e-06,5.84e-06,5.9e-06,147039237480.0
2025-11-11 23:00:00,5.89e-06,5.9e-06,5.82e-06,5.83e-06,166528155397.0
2025-11-12 00:00:00,5.84e-06,5.87e-06,5.79e-06,5.82e-06,243735032381.0
2025-11-12 01:00:00,5.81e-06,5.88e-06,5.81e-06,5.85e-06,153057630695.0
2025-11-12 02:00:00,5.86e-06,5.89e-06,5.81e-06,5.85e-06,105841136862.0
2025-11-12 03:00:00,5.84e-06,5.88e-06,5.83e-06,5.87e-06,55263700353.0
2025-11-12 04:00:00,5.86e-06,5.9e-06,5.85e-06,5.87e-06,73542417572.0
2025-11-12 05:00:00,5.88e-06,5.9e-06,5.86e-06,5.89e-06,109170071431.0
2025-11-12 06:00:00,5.88e-06,5.93e-06,5.88e-06,5.89e-06,85372037459.0
2025-11-12 07:00:00,5.89e-06,5.89e-06,5.81e-06,5.82e-06,114440030121.0
2025-11-12 08:00:00,5.82e-06,5.94e-06,5.81e-06,5.94e-06,212421255125.0
2025-11-12 09:00:00,5.94e-06,5.97e-06,5.92e-06,5.94e-06,333210073546.0
2025-11-12 10:00:00,5.94e-06,6.01e-06,5.94e-06,6e-06,209851592144.0
2025-11-12 11:00:00,6e-06,6.03e-06,5.98e-06,6e-06,182497978579.0
2025-11-12 12:00:00,5.99e-06,6.04e-06,5.98e-06,6e-06,158978955030.0
2025-11-12 13:00:00,6.01e-06,6.1e-06,5.97e-06,6.09e-06,227718384911.0
2025-11-12 14:00:00,6.1e-06,6.1e-06,5.88e-06,5.98e-06,505709764088.0
2025-11-12 15:00:00,5.97e-06,6.01e-06,5.81e-06,5.84e-06,701235500510.0
2025-11-12 16:00:00,5.83e-06,5.84e-06,5.68e-06,5.71e-06,845599453338.0
2025-11-12 17:00:00,5.7e-06,5.8e-06,5.65e-06,5.76e-06,331090754138.0
2025-11-12 18:00:00,5.76e-06,5.8e-06,5.72e-06,5.72e-06,134181434654.0
2025-11-12 19:00:00,5.73e-06,5.74e-06,5.65e-06,5.72e-06,189149159930.0
2025-11-12 20:00:00,5.71e-06,5.79e-06,5.69e-06,5.76e-06,162235122395.0
2025-11-12 21:00:00,5.77e-06,5.79e-06,5.74e-06,5.75e-06,145792006945.0
2025-11-12 22:00:00,5.76e-06,5.77e-06,5.71e-06,5.77e-06,111782618512.0
2025-11-12 23:00:00,5.77e-06,5.77e-06,5.69e-06,5.72e-06,143494542369.0
2025-11-13 00:00:00,5.72e-06,5.78e-06,5.7e-06,5.74e-06,319747039909.0
2025-11-13 01:00:00,5.74e-06,5.81e-06,5.73e-06,5.76e-06,272768194894.0
2025-11-13 02:00:00,5.75e-06,5.81e-06,5.74e-06,5.77e-06,120355489081.0
2025-11-13 03:00:00,5.77e-06,5.9e-06,5.68e-06,5.84e-06,386346123555.0
2025-11-13 04:00:00,5.84e-06,5.88e-06,5.79e-06,5.86e-06,329051599628.0
2025-11-13 05:00:00,5.85e-06,5.94e-06,5.82e-06,5.92e-06,218454885740.0
2025-11-13 06:00:00,5.92e-06,5.94e-06,5.9e-06,5.9e-06,156262027185.0
2025-11-13 07:00:00,5.91e-06,5.93e-06,5.87e-06,5.89e-06,246101983983.0
2025-11-13 08:00:00,5.89e-06,5.92e-06,5.87e-06,5.9e-06,92804432783.0
2025-11-13 09:00:00,5.9e-06,5.91e-06,5.83e-06,5.85e-06,281527561439.0
2025-11-13 10:00:00,5.85e-06,5.92e-06,5.85e-06,5.88e-06,104700504208.0
2025-11-13 11:00:00,5.89e-06,5.92e-06,5.87e-06,5.9e-06,72018412216.0
2025-11-13 12:00:00,5.9e-06,5.93e-06,5.88e-06,5.93e-06,166103896746.0
2025-11-13 13:00:00,5.92e-06,5.94e-06,5.83e-06,5.87e-06,306096614955.0
2025-11-13 14:00:00,5.88e-06,5.99e-06,5.81e-06,5.94e-06,561427774752.0
2025-11-13 15:00:00,5.93e-06,5.97e-06,5.8e-06,5.83e-06,452460041855.0
2025-11-13 16:00:00,5.83e-06,5.85e-06,5.7e-06,5.71e-06,488818168667.0
2025-11-13 17:00:00,5.71e-06,5.73e-06,5.54e-06,5.55e-06,587687753856.0
2025-11-13 18:00:00,5.55e-06,5.57e-06,5.38e-06,5.43e-06,1004171095547.0
2025-11-13 19:00:00,5.43e-06,5.47e-06,5.32e-06,5.35e-06,701863321150.0
2025-11-13 20:00:00,5.35e-06,5.37e-06,5.28e-06,5.31e-06,705944991910.0
2025-11-13 21:00:00,5.31e-06,5.36e-06,5.28e-06,5.35e-06,475488593577.0
2025-11-13 22:00:00,5.35e-06,5.44e-06,5.33e-06,5.43e-06,423426850058.0
2025-11-13 23:00:00,5.42e-06,5.5e-06,5.4e-06,5.42e-06,476908361729.0
2025-11-14 00:00:00,5.43e-06,5.46e-06,5.36e-06,5.39e-06,461048023810.0
2025-11-14 01:00:00,5.39e-06,5.42e-06,5.36e-06,5.37e-06,233994830843.0
2025-11-14 02:00:00,5.37e-06,5.42e-06,5.37e-06,5.39e-06,241179961641.0
2025-11-14 03:00:00,5.39e-06,5.39e-06,5.32e-06,5.35e-06,257913976055.0
2025-11-14 04:00:00,5.35e-06,5.35e-06,5.1e-06,5.26e-06,1411464733686.0
2025-11-14 05:00:00,5.25e-06,5.35e-06,5.25e-06,5.34e-06,507316139859.0
2025-11-14 06:00:00,5.34e-06,5.39e-06,5.22e-06,5.38e-06,436195911980.0
2025-11-14 07:00:00,5.38e-06,5.4e-06,5.32e-06,5.38e-06,455363150825.0
2025-11-14 08:00:00,5.38e-06,5.4e-06,5.33e-06,5.36e-06,187051811263.0
2025-11-14 09:00:00,5.36e-06,5.38e-06,5.23e-06,5.24e-06,422570167600.0
2025-11-14 10:00:00,5.24e-06,5.33e-06,5.23e-06,5.27e-06,301736967732.0
2025-11-14 11:00:00,5.27e-06,5.29e-06,5.17e-06,5.23e-06,448964712665.0
2025-11-14 12:00:00,5.23e-06,5.24e-06,5.08e-06,5.22e-06,1119419436302.0
2025-11-14 13:00:00,5.22e-06,5.25e-06,5.11e-06,5.17e-06,542749615774.0
2025-11-14 14:00:00,5.16e-06,5.26e-06,5.09e-06,5.22e-06,1151728556724.0
2025-11-14 15:00:00,5.22e-06,5.25e-06,5.13e-06,5.21e-06,822256634940.0
2025-11-14 16:00:00,5.21e-06,5.25e-06,5.15e-06,5.21e-06,657338973434.0
2025-11-14 17:00:00,5.21e-06,5.23e-06,5.03e-06,5.06e-06,601684936101.0
2025-11-14 18:00:00,5.06e-06,5.15e-06,5.03e-06,5.08e-06,551200615330.0
2025-11-14 19:00:00,5.07e-06,5.2e-06,5.06e-06,5.17e-06,387231514114.0
2025-11-14 20:00:00,5.17e-06,5.18e-06,4.95e-06,5.01e-06,622073342345.0
2025-11-14 21:00:00,5e-06,5.09e-06,4.98e-06,5.02e-06,355178218663.0
2025-11-14 22:00:00,5.02e-06,5.05e-06,4.94e-06,4.97e-06,401493015982.0
2025-11-14 23:00:00,4.98e-06,4.98e-06,4.78e-06,4.9e-06,1167357142259.0
2025-11-15 00:00:00,4.9e-06,5e-06,4.89e-06,5e-06,324067248085.0
2025-11-15 01:00:00,5e-06,5.02e-06,4.96e-06,5.02e-06,341466890423.0
2025-11-15 02:00:00,5.01e-06,5.07e-06,5e-06,5.07e-06,304311421906.0
2025-11-15 03:00:00,5.07e-06,5.1e-06,5.05e-06,5.09e-06,254791474293.0
2025-11-15 04:00:00,5.09e-06,5.1e-06,5.05e-06,5.07e-06,288420106151.0
2025-11-15 05:00:00,5.06e-06,5.1e-06,5.05e-06,5.09e-06,190814087854.0
2025-11-15 06:00:00,5.09e-06,5.15e-06,5.07e-06,5.13e-06,270904659690.0
2025-11-15 07:00:00,5.14e-06,5.14e-06,5.06e-06,5.07e-06,177763316174.0
2025-11-15 08:00:00,5.07e-06,5.08e-06,4.94e-06,4.96e-06,385660593256.0
2025-11-15 09:00:00,4.95e-06,5.04e-06,4.95e-06,5e-06,211036904177.0
2025-11-15 10:00:00,5e-06,5.04e-06,4.99e-06,5.03e-06,207721061122.0
2025-11-15 11:00:00,5.03e-06,5.03e-06,4.98e-06,5e-06,121215851695.0
2025-11-15 12:00:00,5e-06,5.05e-06,4.98e-06,5.04e-06,195612992954.0
2025-11-15 13:00:00,5.04e-06,5.08e-06,5.02e-06,5.05e-06,225402115372.0
2025-11-15 14:00:00,5.05e-06,5.06e-06,5.02e-06,5.05e-06,121070092518.0
2025-11-15 15:00:00,5.05e-06,5.07e-06,5.02e-06,5.03e-06,139169745483.0
2025-11-15 16:00:00,5.03e-06,5.05e-06,4.98e-06,5.05e-06,158986053758.0
2025-11-15 17:00:00,5.05e-06,5.11e-06,5.03e-06,5.11e-06,227032397609.0
2025-11-15 18:00:00,5.11e-06,5.13e-06,5.07e-06,5.09e-06,201120061683.0
2025-11-15 19:00:00,5.08e-06,5.1e-06,5.04e-06,5.07e-06,143502096750.0
2025-11-15 20:00:00,5.07e-06,5.07e-06,4.98e-06,5e-06,438512929162.0
2025-11-15 21:00:00,4.99e-06,5.03e-06,4.95e-06,4.97e-06,239622573557.0
2025-11-15 22:00:00,4.96e-06,5.01e-06,4.95e-06,4.99e-06,194820608605.0
2025-11-15 23:00:00,4.99e-06,5e-06,4.98e-06,4.99e-06,195897256719.0
2025-11-16 00:00:00,4.98e-06,5e-06,4.92e-06,4.96e-06,248241404470.0
2025-11-16 01:00:00,4.96e-06,4.96e-06,4.78e-06,4.87e-06,786191220673.0
2025-11-16 02:00:00,4.87e-06,4.96e-06,4.85e-06,4.95e-06,307493456429.0
2025-11-16 03:00:00,4.96e-06,5.02e-06,4.94e-06,4.99e-06,240645491189.0
2025-11-16 04:00:00,5e-06,5e-06,4.95e-06,4.98e-06,131173851710.0
2025-11-16 05:00:00,4.98e-06,5.04e-06,4.98e-06,5e-06,308532167698.0
2025-11-16 06:00:00,4.99e-06,5.03e-06,4.99e-06,5e-06,81947562543.0
2025-11-16 07:00:00,5.01e-06,5.03e-06,4.98e-06,5.03e-06,142607979829.0
2025-11-16 08:00:00,5.03e-06,5.03e-06,4.98e-06,5e-06,90994341629.0
2025-11-16 09:00:00,5.01e-06,5.05e-06,4.98e-06,5.05e-06,189080624227.0
2025-11-16 10:00:00,5.05e-06,5.05e-06,5e-06,5e-06,236076646992.0
2025-11-16 11:00:00,5.01e-06,5.01e-06,4.88e-06,4.9e-06,401766703433.0
2025-11-16 12:00:00,4.9e-06,4.93e-06,4.87e-06,4.9e-06,271007957896.0
2025-11-16 13:00:00,4.9e-06,4.92e-06,4.81e-06,4.83e-06,325632188073.0
2025-11-16 14:00:00,4.83e-06,4.9e-06,4.82e-06,4.88e-06,272917447899.0
2025-11-16 15:00:00,4.89e-06,4.89e-06,4.75e-06,4.78e-06,471265551967.0
2025-11-16 16:00:00,4.77e-06,4.84e-06,4.72e-06,4.74e-06,598631706419.0
2025-11-16 17:00:00,4.75e-06,4.79e-06,4.68e-06,4.75e-06,715818446160.0
2025-11-16 18:00:00,4.75e-06,4.85e-06,4.73e-06,4.76e-06,503909877917.0
2025-11-16 19:00:00,4.76e-06,4.85e-06,4.75e-06,4.81e-06,271388254833.0
2025-11-16 20:00:00,4.8e-06,4.88e-06,4.79e-06,4.8e-06,191188862809.0
2025-11-16 21:00:00,4.8e-06,4.81e-06,4.74e-06,4.79e-06,359134043941.0
2025-11-16 22:00:00,4.8e-06,4.88e-06,4.74e-06,4.85e-06,351134241797.0
2025-11-16 23:00:00,4.85e-06,4.92e-06,4.75e-06,4.87e-06,630571391248.0
2025-11-17 00:00:00,4.87e-06,4.93e-06,4.81e-06,4.9e-06,318997938473.0
2025-11-17 01:00:00,4.9e-06,4.91e-06,4.86e-06,4.87e-06,197624452100.0
2025-11-17 02:00:00,4.88e-06,4.93e-06,4.86e-06,4.91e-06,272765776037.0
2025-11-17 03:00:00,4.91e-06,4.96e-06,4.9e-06,4.94e-06,162833558463.0
2025-11-17 04:00:00,4.94e-06,4.95e-06,4.91e-06,4.92e-06,167035961343.0
2025-11-17 05:00:00,4.93e-06,4.94e-06,4.9e-06,4.92e-06,141226407929.0
2025-11-17 06:00:00,4.91e-06,4.95e-06,4.89e-06,4.95e-06,162964774211.0
2025-11-17 07:00:00,4.95e-06,4.99e-06,4.94e-06,4.97e-06,234637236202.0
2025-11-17 08:00:00,4.97e-06,5e-06,4.96e-06,4.98e-06,222718648259.0
2025-11-17 09:00:00,4.97e-06,5.01e-06,4.95e-06,5e-06,325516410391.0
2025-11-17 10:00:00,5e-06,5.03e-06,4.98e-06,5e-06,188126683444.0
2025-11-17 11:00:00,5e-06,5.03e-06,4.98e-06,5e-06,176025220644.0
2025-11-17 12:00:00,5e-06,5.01e-06,4.96e-06,4.98e-06,153175780868.0
2025-11-17 13:00:00,4.98e-06,5e-06,4.82e-06,4.87e-06,624789985067.0
2025-11-17 14:00:00,4.87e-06,5.06e-06,4.83e-06,4.94e-06,1028622541446.0
2025-11-17 15:00:00,4.94e-06,4.98e-06,4.82e-06,4.84e-06,567767457447.0
2025-11-17 16:00:00,4.84e-06,4.95e-06,4.78e-06,4.93e-06,621972314473.0
2025-11-17 17:00:00,4.93e-06,4.93e-06,4.78e-06,4.8e-06,569676241015.0
2025-11-17 18:00:00,4.8e-06,4.82e-06,4.69e-06,4.71e-06,736201696377.0
2025-11-17 19:00:00,4.71e-06,4.73e-06,4.62e-06,4.66e-06,877449418454.0
2025-11-17 20:00:00,4.67e-06,4.72e-06,4.63e-06,4.7e-06,631436776003.0
2025-11-17 21:00:00,4.7e-06,4.74e-06,4.64e-06,4.69e-06,331195637780.0
2025-11-17 22:00:00,4.7e-06,4.74e-06,4.67e-06,4.7e-06,366346418530.0
2025-11-17 23:00:00,4.7e-06,4.73e-06,4.67e-06,4.71e-06,336815901605.0
2025-11-18 00:00:00,4.72e-06,4.74e-06,4.61e-06,4.73e-06,449501301942.0
2025-11-18 01:00:00,4.73e-06,4.76e-06,4.7e-06,4.73e-06,505554239607.0
2025-11-18 02:00:00,4.73e-06,4.81e-06,4.67e-06,4.74e-06,637456694542.0
2025-11-18 03:00:00,4.73e-06,4.84e-06,4.67e-06,4.82e-06,646692150584.0
2025-11-18 04:00:00,4.81e-06,4.86e-06,4.75e-06,4.85e-06,589304379516.0
2025-11-18 05:00:00,4.85e-06,4.88e-06,4.79e-06,4.81e-06,243877090791.0
2025-11-18 06:00:00,4.81e-06,4.84e-06,4.74e-06,4.74e-06,320394596436.0
2025-11-18 07:00:00,4.74e-06,4.81e-06,4.72e-06,4.77e-06,298077391709.0
2025-11-18 08:00:00,4.78e-06,4.87e-06,4.77e-06,4.84e-06,364305728821.0
2025-11-18 09:00:00,4.84e-06,4.86e-06,4.8e-06,4.84e-06,179010967521.0
2025-11-18 10:00:00,4.84e-06,4.86e-06,4.82e-06,4.85e-06,153047362290.0
2025-11-18 11:00:00,4.85e-06,4.85e-06,4.8e-06,4.81e-06,150818277669.0
2025-11-18 12:00:00,4.81e-06,4.84e-06,4.77e-06,4.82e-06,206122229547.0
2025-11-18 13:00:00,4.81e-06,4.82e-06,4.74e-06,4.79e-06,206613839920.0
2025-11-18 14:00:00,4.78e-06,4.86e-06,4.77e-06,4.79e-06,419090662363.0
2025-11-18 15:00:00,4.78e-06,4.9e-06,4.76e-06,4.86e-06,817543457774.0
2025-11-18 16:00:00,4.87e-06,4.95e-06,4.85e-06,4.92e-06,527805295238.0
2025-11-18 17:00:00,4.92e-06,4.93e-06,4.87e-06,4.91e-06,205472834184.0
2025-11-18 18:00:00,4.91e-06,4.93e-06,4.9e-06,4.92e-06,202182429494.0
2025-11-18 19:00:00,4.91e-06,4.93e-06,4.89e-06,4.9e-06,168220245549.0
2025-11-18 20:00:00,4.9e-06,4.92e-06,4.87e-06,4.87e-06,125156833052.0
2025-11-18 21:00:00,4.87e-06,4.89e-06,4.82e-06,4.83e-06,213600858104.0
2025-11-18 22:00:00,4.83e-06,4.91e-06,4.82e-06,4.9e-06,123464147976.0
2025-11-18 23:00:00,4.9e-06,4.9e-06,4.86e-06,4.87e-06,102130018992.0
2025-11-19 00:00:00,4.87e-06,4.87e-06,4.8e-06,4.85e-06,470488445153.0
2025-11-19 01:00:00,4.85e-06,4.87e-06,4.81e-06,4.86e-06,359396837859.0
2025-11-19 02:00:00,4.86e-06,4.9e-06,4.84e-06,4.87e-06,165006153194.0
2025-11-19 03:00:00,4.87e-06,4.88e-06,4.8e-06,4.82e-06,184775114901.0
2025-11-19 04:00:00,4.81e-06,4.83e-06,4.78e-06,4.8e-06,212745923191.0
2025-11-19 05:00:00,4.79e-06,4.81e-06,4.7e-06,4.74e-06,412444736700.0
2025-11-19 06:00:00,4.74e-06,4.78e-06,4.72e-06,4.77e-06,264424952386.0
2025-11-19 07:00:00,4.78e-06,4.83e-06,4.76e-06,4.82e-06,193473379917.0
2025-11-19 08:00:00,4.81e-06,4.84e-06,4.78e-06,4.8e-06,170924093652.0
2025-11-19 09:00:00,4.79e-06,4.8e-06,4.75e-06,4.79e-06,240499485245.0
2025-11-19 10:00:00,4.79e-06,4.82e-06,4.77e-06,4.78e-06,217913736965.0
2025-11-19 11:00:00,4.78e-06,4.8e-06,4.76e-06,4.78e-06,157098653190.0
2025-11-19 12:00:00,4.77e-06,4.82e-06,4.77e-06,4.8e-06,149441147202.0
2025-11-19 13:00:00,4.8e-06,4.82e-06,4.75e-06,4.76e-06,207530886345.0
2025-11-19 14:00:00,4.76e-06,4.78e-06,4.7e-06,4.76e-06,477636569971.0
2025-11-19 15:00:00,4.76e-06,4.84e-06,4.67e-06,4.69e-06,755957916979.0
2025-11-19 16:00:00,4.68e-06,4.72e-06,4.57e-06,4.6e-06,869496089916.0
2025-11-19 17:00:00,4.6e-06,4.62e-06,4.5e-06,4.58e-06,658739051758.0
2025-11-19 18:00:00,4.57e-06,4.6e-06,4.45e-06,4.49e-06,962347667767.0
2025-11-19 19:00:00,4.5e-06,4.55e-06,4.47e-06,4.53e-06,455466894737.0
2025-11-19 20:00:00,4.53e-06,4.6e-06,4.51e-06,4.59e-06,530308283081.0
2025-11-19 21:00:00,4.59e-06,4.75e-06,4.58e-06,4.74e-06,731593653204.0
2025-11-19 22:00:00,4.74e-06,4.75e-06,4.68e-06,4.71e-06,293541075930.0
2025-11-19 23:00:00,4.7e-06,4.79e-06,4.7e-06,4.76e-06,355714579776.0
2025-11-20 00:00:00,4.76e-06,4.79e-06,4.74e-06,4.76e-06,250373426993.0
2025-11-20 01:00:00,4.77e-06,4.81e-06,4.76e-06,4.81e-06,192572427933.0
2025-11-20 02:00:00,4.8e-06,4.84e-06,4.79e-06,4.83e-06,302442720060.0
2025-11-20 03:00:00,4.83e-06,4.83e-06,4.8e-06,4.82e-06,142759492316.0
2025-11-20 04:00:00,4.82e-06,4.87e-06,4.79e-06,4.86e-06,349013761338.0
2025-11-20 05:00:00,4.86e-06,4.89e-06,4.84e-06,4.89e-06,226840353271.0
2025-11-20 06:00:00,4.88e-06,4.9e-06,4.84e-06,4.87e-06,417246134989.0
2025-11-20 07:00:00,4.88e-06,4.92e-06,4.86e-06,4.89e-06,376278827006.0
2025-11-20 08:00:00,4.89e-06,4.9e-06,4.86e-06,4.88e-06,133939552240.0
2025-11-20 09:00:00,4.88e-06,4.89e-06,4.85e-06,4.87e-06,354674760054.0
2025-11-20 10:00:00,4.87e-06,4.88e-06,4.84e-06,4.86e-06,210394011260.0
2025-11-20 11:00:00,4.87e-06,4.88e-06,4.84e-06,4.87e-06,266248401498.0
2025-11-20 12:00:00,4.86e-06,4.97e-06,4.85e-06,4.94e-06,432491716036.0
2025-11-20 13:00:00,4.94e-06,4.96e-06,4.87e-06,4.89e-06,752240739379.0
2025-11-20 14:00:00,4.89e-06,4.97e-06,4.83e-06,4.92e-06,902048290861.0
2025-11-20 15:00:00,4.93e-06,4.93e-06,4.82e-06,4.83e-06,628305564292.0
2025-11-20 16:00:00,4.83e-06,4.84e-06,4.65e-06,4.68e-06,2196713768299.0
2025-11-20 17:00:00,4.68e-06,4.71e-06,4.52e-06,4.53e-06,1382523517535.0
2025-11-20 18:00:00,4.52e-06,4.54e-06,4.44e-06,4.47e-06,1145083172344.0
2025-11-20 19:00:00,4.47e-06,4.55e-06,4.44e-06,4.52e-06,807729428070.0
2025-11-20 20:00:00,4.53e-06,4.53e-06,4.46e-06,4.48e-06,677748615975.0
2025-11-20 21:00:00,4.48e-06,4.59e-06,4.47e-06,4.54e-06,585628907316.0
2025-11-20 22:00:00,4.55e-06,4.64e-06,4.53e-06,4.59e-06,364471294386.0
2025-11-20 23:00:00,4.6e-06,4.6e-06,4.44e-06,4.46e-06,651085963268.0
2025-11-21 00:00:00,4.46e-06,4.53e-06,4.45e-06,4.52e-06,474922058145.0
2025-11-21 01:00:00,4.51e-06,4.56e-06,4.49e-06,4.53e-06,299840511214.0
2025-11-21 02:00:00,4.52e-06,4.53e-06,4.41e-06,4.43e-06,588717557691.0
2025-11-21 03:00:00,4.43e-06,4.51e-06,4.42e-06,4.47e-06,408071399939.0
2025-11-21 04:00:00,4.47e-06,4.51e-06,4.41e-06,4.51e-06,366392708964.0
2025-11-21 05:00:00,4.5e-06,4.53e-06,4.46e-06,4.48e-06,415419491405.0
2025-11-21 06:00:00,4.48e-06,4.5e-06,4.44e-06,4.48e-06,405231254273.0
2025-11-21 07:00:00,4.48e-06,4.49e-06,4.01e-06,4.26e-06,3354351904519.0
2025-11-21 08:00:00,4.26e-06,4.32e-06,4.22e-06,4.27e-06,686409536014.0
2025-11-21 09:00:00,4.26e-06,4.29e-06,4.17e-06,4.19e-06,915351752908.0
2025-11-21 10:00:00,4.18e-06,4.24e-06,4.15e-06,4.17e-06,1487245334631.0
2025-11-21 11:00:00,4.18e-06,4.22e-06,4.12e-06,4.13e-06,1368672914493.0
2025-11-21 12:00:00,4.14e-06,4.24e-06,4.01e-06,4.21e-06,3002048854432.0
2025-11-21 13:00:00,4.2e-06,4.27e-06,4.19e-06,4.23e-06,1128250655364.0
2025-11-21 14:00:00,4.23e-06,4.32e-06,4.19e-06,4.29e-06,1288783267145.0
2025-11-21 15:00:00,4.29e-06,4.3e-06,4.15e-06,4.16e-06,1203331576511.0
2025-11-21 16:00:00,4.17e-06,4.26e-06,4.09e-06,4.26e-06,1301637016754.0
2025-11-21 17:00:00,4.25e-06,4.32e-06,4.23e-06,4.23e-06,955352604101.0
2025-11-21 18:00:00,4.24e-06,4.27e-06,4.12e-06,4.22e-06,994041803629.0
2025-11-21 19:00:00,4.23e-06,4.24e-06,4.15e-06,4.17e-06,464758198767.0
2025-11-21 20:00:00,4.17e-06,4.17e-06,4.06e-06,4.12e-06,622511554189.0
2025-11-21 21:00:00,4.12e-06,4.2e-06,4.06e-06,4.16e-06,508244641432.0
2025-11-21 22:00:00,4.16e-06,4.18e-06,3.97e-06,4e-06,717435608078.0
2025-11-21 23:00:00,3.99e-06,4.13e-06,3.95e-06,4.13e-06,1133457889946.0
2025-11-22 00:00:00,4.13e-06,4.16e-06,4.1e-06,4.13e-06,614470089098.0
2025-11-22 01:00:00,4.14e-06,4.18e-06,4.12e-06,4.17e-06,408483984256.0
2025-11-22 02:00:00,4.17e-06,4.17e-06,4.07e-06,4.11e-06,364509718890.0
2025-11-22 03:00:00,4.1e-06,4.13e-06,4.07e-06,4.1e-06,400723014683.0
2025-11-22 04:00:00,4.09e-06,4.1e-06,3.97e-06,4.05e-06,779895096864.0
2025-11-22 05:00:00,4.05e-06,4.06e-06,3.97e-06,4.01e-06,572308755875.0
2025-11-22 06:00:00,4.02e-06,4.09e-06,3.97e-06,4.08e-06,507548957069.0
2025-11-22 07:00:00,4.07e-06,4.11e-06,4.05e-06,4.09e-06,411504847328.0
2025-11-22 08:00:00,4.09e-06,4.09e-06,3.98e-06,3.98e-06,515825844504.0
2025-11-22 09:00:00,3.98e-06,4.07e-06,3.97e-06,4.04e-06,425815948372.0
2025-11-22 10:00:00,4.03e-06,4.07e-06,3.99e-06,4.03e-06,296597163219.0
2025-11-22 11:00:00,4.04e-06,4.11e-06,4.02e-06,4.07e-06,293946131294.0
2025-11-22 12:00:00,4.08e-06,4.08e-06,4.01e-06,4.03e-06,273332464186.0
2025-11-22 13:00:00,4.03e-06,4.04e-06,3.97e-06,4.01e-06,440208116945.0
2025-11-22 14:00:00,4.01e-06,4.09e-06,4e-06,4.09e-06,505711488905.0
2025-11-22 15:00:00,4.08e-06,4.1e-06,4.02e-06,4.05e-06,315756944518.0
2025-11-22 16:00:00,4.04e-06,4.12e-06,4.04e-06,4.1e-06,362378393479.0
2025-11-22 17:00:00,4.11e-06,4.11e-06,4.08e-06,4.1e-06,251896310571.0
2025-11-22 18:00:00,4.09e-06,4.11e-06,4.06e-06,4.1e-06,193829062739.0
2025-11-22 19:00:00,4.09e-06,4.13e-06,4.08e-06,4.1e-06,159874498296.0
2025-11-22 20:00:00,4.1e-06,4.12e-06,4.05e-06,4.07e-06,307071768457.0
2025-11-22 21:00:00,4.07e-06,4.11e-06,4.06e-06,4.1e-06,250731001528.0
2025-11-22 22:00:00,4.1e-06,4.2e-06,4.08e-06,4.17e-06,378334862930.0
2025-11-22 23:00:00,4.17e-06,4.18e-06,4.12e-06,4.12e-06,440225191444.0
2025-11-23 00:00:00,4.12e-06,4.15e-06,4.09e-06,4.12e-06,348540273258.0
2025-11-23 01:00:00,4.12e-06,4.18e-06,4.12e-06,4.16e-06,530001570770.0
2025-11-23 02:00:00,4.16e-06,4.2e-06,4.14e-06,4.17e-06,465896772985.0
2025-11-23 03:00:00,4.17e-06,4.19e-06,4.14e-06,4.19e-06,299987930619.0
2025-11-23 04:00:00,4.19e-06,4.24e-06,4.17e-06,4.21e-06,513108083524.0
2025-11-23 05:00:00,4.21e-06,4.22e-06,4.18e-06,4.21e-06,226426230016.0
2025-11-23 06:00:00,4.21e-06,4.22e-06,4.17e-06,4.18e-06,203953639920.0
2025-11-23 07:00:00,4.17e-06,4.18e-06,4.12e-06,4.16e-06,383362331169.0
2025-11-23 08:00:00,4.16e-06,4.19e-06,4.15e-06,4.19e-06,129623398250.0
2025-11-23 09:00:00,4.19e-06,4.2e-06,4.16e-06,4.18e-06,206858129362.0
2025-11-23 10:00:00,4.17e-06,4.18e-06,4.14e-06,4.16e-06,217088588014.0
2025-11-23 11:00:00,4.16e-06,4.18e-06,4.12e-06,4.17e-06,211164284171.0
2025-11-23 12:00:00,4.16e-06,4.21e-06,4.15e-06,4.19e-06,279794629148.0
2025-11-23 13:00:00,4.19e-06,4.2e-06,4.16e-06,4.2e-06,275240924365.0
2025-11-23 14:00:00,4.2e-06,4.23e-06,4.14e-06,4.14e-06,571944598986.0
2025-11-23 15:00:00,4.14e-06,4.22e-06,4.14e-06,4.21e-06,536469792935.0
2025-11-23 16:00:00,4.21e-06,4.23e-06,4.16e-06,4.17e-06,325423047471.0
2025-11-23 17:00:00,4.17e-06,4.18e-06,4.14e-06,4.16e-06,314175270759.0
2025-11-23 18:00:00,4.15e-06,4.21e-06,4.15e-06,4.18e-06,259830768309.0
2025-11-23 19:00:00,4.18e-06,4.23e-06,4.17e-06,4.2e-06,249314891380.0
2025-11-23 20:00:00,4.2e-06,4.22e-06,4.19e-06,4.21e-06,240153471906.0
2025-11-23 21:00:00,4.21e-06,4.25e-06,4.18e-06,4.25e-06,259879809456.0
2025-11-23 22:00:00,4.25e-06,4.25e-06,4.21e-06,4.23e-06,207319643745.0
2025-11-23 23:00:00,4.23e-06,4.24e-06,4.15e-06,4.17e-06,429546505139.0
2025-11-24 00:00:00,4.16e-06,4.19e-06,4.1e-06,4.15e-06,470496856657.0
2025-11-24 01:00:00,4.15e-06,4.21e-06,4.14e-06,4.2e-06,298093369547.0
2025-11-24 02:00:00,4.2e-06,4.3e-06,4.19e-06,4.27e-06,749245156553.0
2025-11-24 03:00:00,4.28e-06,4.34e-06,4.26e-06,4.31e-06,252915913152.0
2025-11-24 04:00:00,4.32e-06,4.34e-06,4.23e-06,4.28e-06,415143711471.0
2025-11-24 05:00:00,4.29e-06,4.38e-06,4.27e-06,4.35e-06,614490727699.0
2025-11-24 06:00:00,4.35e-06,4.36e-06,4.27e-06,4.3e-06,340431712959.0
2025-11-24 07:00:00,4.3e-06,4.3e-06,4.25e-06,4.25e-06,223040127567.0
2025-11-24 08:00:00,4.25e-06,4.27e-06,4.22e-06,4.25e-06,288615882133.0
2025-11-24 09:00:00,4.25e-06,4.26e-06,4.16e-06,4.17e-06,542412576842.0
2025-11-24 10:00:00,4.18e-06,4.2e-06,4.16e-06,4.2e-06,266073060210.0
2025-11-24 11:00:00,4.19e-06,4.24e-06,4.17e-06,4.24e-06,238760505468.0
2025-11-24 12:00:00,4.24e-06,4.24e-06,4.19e-06,4.21e-06,212819928494.0
2025-11-24 13:00:00,4.21e-06,4.28e-06,4.21e-06,4.24e-06,264666787071.0
2025-11-24 14:00:00,4.24e-06,4.3e-06,4.18e-06,4.25e-06,623536604871.0
2025-11-24 15:00:00,4.26e-06,4.33e-06,4.23e-06,4.29e-06,566474729253.0
2025-11-24 16:00:00,4.3e-06,4.37e-06,4.29e-06,4.35e-06,481202753214.0
2025-11-24 17:00:00,4.35e-06,4.52e-06,4.34e-06,4.5e-06,1041908834420.0
2025-11-24 18:00:00,4.5e-06,4.55e-06,4.48e-06,4.53e-06,644531195508.0
2025-11-24 19:00:00,4.52e-06,4.57e-06,4.51e-06,4.56e-06,520340730775.0
2025-11-24 20:00:00,4.55e-06,4.64e-06,4.54e-06,4.62e-06,852017945526.0
2025-11-24 21:00:00,4.63e-06,4.66e-06,4.59e-06,4.61e-06,505232653876.0
2025-11-24 22:00:00,4.6e-06,4.64e-06,4.56e-06,4.59e-06,237675663852.0
2025-11-24 23:00:00,4.59e-06,4.61e-06,4.55e-06,4.56e-06,276030960247.0
2025-11-25 00:00:00,4.56e-06,4.58e-06,4.53e-06,4.54e-06,257353594246.0
2025-11-25 01:00:00,4.55e-06,4.56e-06,4.5e-06,4.51e-06,293396014265.0
2025-11-25 02:00:00,4.51e-06,4.55e-06,4.48e-06,4.55e-06,321666668397.0
2025-11-25 03:00:00,4.55e-06,4.57e-06,4.52e-06,4.54e-06,266144456197.0
2025-11-25 04:00:00,4.54e-06,4.56e-06,4.5e-06,4.54e-06,202453295099.0
2025-11-25 05:00:00,4.53e-06,4.54e-06,4.5e-06,4.53e-06,132753056765.0
2025-11-25 06:00:00,4.53e-06,4.54e-06,4.49e-06,4.52e-06,167633837123.0
2025-11-25 07:00:00,4.52e-06,4.52e-06,4.47e-06,4.47e-06,240269874575.0
2025-11-25 08:00:00,4.47e-06,4.49e-06,4.42e-06,4.43e-06,470733059554.0
2025-11-25 09:00:00,4.44e-06,4.47e-06,4.39e-06,4.46e-06,298039518363.0
2025-11-25 10:00:00,4.46e-06,4.48e-06,4.44e-06,4.48e-06,214773760557.0
2025-11-25 11:00:00,4.47e-06,4.47e-06,4.43e-06,4.45e-06,210741331136.0
2025-11-25 12:00:00,4.44e-06,4.49e-06,4.43e-06,4.47e-06,310749263373.0
2025-11-25 13:00:00,4.46e-06,4.48e-06,4.41e-06,4.42e-06,264164545637.0
2025-11-25 14:00:00,4.43e-06,4.45e-06,4.34e-06,4.4e-06,640354674980.0
2025-11-25 15:00:00,4.39e-06,4.44e-06,4.35e-06,4.42e-06,429868987135.0
2025-11-25 16:00:00,4.42e-06,4.51e-06,4.41e-06,4.48e-06,256663127720.0
2025-11-25 17:00:00,4.48e-06,4.56e-06,4.46e-06,4.52e-06,296060530202.0
2025-11-25 18:00:00,4.52e-06,4.56e-06,4.48e-06,4.49e-06,235046583345.0
2025-11-25 19:00:00,4.48e-06,4.5e-06,4.4e-06,4.49e-06,567301956537.0
2025-11-25 20:00:00,4.49e-06,4.55e-06,4.47e-06,4.53e-06,275229711252.0
2025-11-25 21:00:00,4.53e-06,4.56e-06,4.52e-06,4.52e-06,213902632770.0
2025-11-25 22:00:00,4.52e-06,4.6e-06,4.47e-06,4.57e-06,308162457246.0
2025-11-25 23:00:00,4.58e-06,4.65e-06,4.56e-06,4.57e-06,505792530181.0
2025-11-26 00:00:00,4.57e-06,4.63e-06,4.57e-06,4.61e-06,280035753652.0
2025-11-26 01:00:00,4.61e-06,4.64e-06,4.56e-06,4.61e-06,294483704613.0
2025-11-26 02:00:00,4.62e-06,4.62e-06,4.57e-06,4.57e-06,106372774391.0
2025-11-26 03:00:00,4.57e-06,4.61e-06,4.54e-06,4.55e-06,197927906292.0
2025-11-26 04:00:00,4.56e-06,4.58e-06,4.53e-06,4.55e-06,174756151758.0
2025-11-26 05:00:00,4.56e-06,4.6e-06,4.54e-06,4.59e-06,135188962582.0
2025-11-26 06:00:00,4.58e-06,4.6e-06,4.55e-06,4.6e-06,119580367086.0
2025-11-26 07:00:00,4.59e-06,4.62e-06,4.57e-06,4.6e-06,165231028337.0
2025-11-26 08:00:00,4.61e-06,4.62e-06,4.56e-06,4.56e-06,229439081537.0
2025-11-26 09:00:00,4.56e-06,4.57e-06,4.51e-06,4.52e-06,487091980701.0
2025-11-26 10:00:00,4.52e-06,4.54e-06,4.49e-06,4.51e-06,256182868243.0
2025-11-26 11:00:00,4.51e-06,4.52e-06,4.47e-06,4.49e-06,181001157998.0
2025-11-26 12:00:00,4.49e-06,4.5e-06,4.43e-06,4.47e-06,412406430527.0
2025-11-26 13:00:00,4.47e-06,4.5e-06,4.44e-06,4.48e-06,337727781081.0
2025-11-26 14:00:00,4.48e-06,4.52e-06,4.43e-06,4.44e-06,378725955673.0
2025-11-26 15:00:00,4.45e-06,4.49e-06,4.43e-06,4.47e-06,281575384506.0
2025-11-26 16:00:00,4.47e-06,4.57e-06,4.46e-06,4.53e-06,388872217959.0
2025-11-26 17:00:00,4.54e-06,4.68e-06,4.52e-06,4.67e-06,547160361368.0
2025-11-26 18:00:00,4.67e-06,4.73e-06,4.64e-06,4.71e-06,863079764745.0
2025-11-26 19:00:00,4.71e-06,4.72e-06,4.68e-06,4.7e-06,325736301247.0
2025-11-26 20:00:00,4.7e-06,4.73e-06,4.65e-06,4.68e-06,634178425690.0
2025-11-26 21:00:00,4.68e-06,4.76e-06,4.66e-06,4.73e-06,598695535696.0
2025-11-26 22:00:00,4.73e-06,4.74e-06,4.69e-06,4.71e-06,273278420141.0
2025-11-26 23:00:00,4.72e-06,4.73e-06,4.68e-06,4.7e-06,254632976861.0
2025-11-27 00:00:00,4.69e-06,4.71e-06,4.67e-06,4.69e-06,440926194583.0
2025-11-27 01:00:00,4.69e-06,4.72e-06,4.66e-06,4.69e-06,198017246873.0
2025-11-27 02:00:00,4.69e-06,4.72e-06,4.67e-06,4.68e-06,257887581453.0
2025-11-27 03:00:00,4.67e-06,4.69e-06,4.63e-06,4.65e-06,229517372107.0
2025-11-27 04:00:00,4.65e-06,4.69e-06,4.64e-06,4.69e-06,226347750822.0
2025-11-27 05:00:00,4.69e-06,4.69e-06,4.65e-06,4.66e-06,231473061535.0
2025-11-27 06:00:00,4.66e-06,4.71e-06,4.66e-06,4.69e-06,236230913160.0
2025-11-27 07:00:00,4.7e-06,4.7e-06,4.66e-06,4.66e-06,196634216320.0
2025-11-27 08:00:00,4.66e-06,4.68e-06,4.64e-06,4.67e-06,121232445417.0
2025-11-27 09:00:00,4.67e-06,4.69e-06,4.65e-06,4.65e-06,177874766810.0
2025-11-27 10:00:00,4.65e-06,4.67e-06,4.63e-06,4.66e-06,139990512439.0
2025-11-27 11:00:00,4.66e-06,4.66e-06,4.63e-06,4.64e-06,62869556382.0
2025-11-27 12:00:00,4.64e-06,4.66e-06,4.62e-06,4.63e-06,203133108856.0
2025-11-27 13:00:00,4.64e-06,4.67e-06,4.63e-06,4.66e-06,281137743261.0
2025-11-27 14:00:00,4.65e-06,4.69e-06,4.63e-06,4.68e-06,271387985783.0
2025-11-27 15:00:00,4.67e-06,4.72e-06,4.65e-06,4.7e-06,127958406512.0
2025-11-27 16:00:00,4.71e-06,4.72e-06,4.67e-06,4.71e-06,289535775131.0
2025-11-27 17:00:00,4.71e-06,4.73e-06,4.69e-06,4.72e-06,178602631409.0
2025-11-27 18:00:00,4.72e-06,4.76e-06,4.7e-06,4.75e-06,284936766801.0
2025-11-27 19:00:00,4.75e-06,4.78e-06,4.74e-06,4.76e-06,206414926854.0
2025-11-27 20:00:00,4.77e-06,4.8e-06,4.76e-06,4.8e-06,162706340242.0
2025-11-27 21:00:00,4.8e-06,4.85e-06,4.77e-06,4.78e-06,320224404311.0
2025-11-27 22:00:00,4.78e-06,4.79e-06,4.68e-06,4.7e-06,306237411391.0
2025-11-27 23:00:00,4.71e-06,4.73e-06,4.68e-06,4.72e-06,293925306317.0
2025-11-28 00:00:00,4.72e-06,4.73e-06,4.68e-06,4.69e-06,144772056444.0
2025-11-28 01:00:00,4.69e-06,4.7e-06,4.63e-06,4.63e-06,281031765974.0
2025-11-28 02:00:00,4.64e-06,4.67e-06,4.61e-06,4.66e-06,187032695348.0
2025-11-28 03:00:00,4.66e-06,4.67e-06,4.62e-06,4.64e-06,124544395246.0
2025-11-28 04:00:00,4.64e-06,4.66e-06,4.62e-06,4.63e-06,161268673007.0
2025-11-28 05:00:00,4.62e-06,4.65e-06,4.61e-06,4.64e-06,206771284780.0
2025-11-28 06:00:00,4.64e-06,4.64e-06,4.59e-06,4.61e-06,265899862061.0
2025-11-28 07:00:00,4.62e-06,4.65e-06,4.6e-06,4.64e-06,147747967614.0
2025-11-28 08:00:00,4.64e-06,4.81e-06,4.63e-06,4.78e-06,731646733506.0
2025-11-28 09:00:00,4.78e-06,4.78e-06,4.72e-06,4.73e-06,226663368146.0
2025-11-28 10:00:00,4.73e-06,4.78e-06,4.73e-06,4.76e-06,112632369235.0
2025-11-28 11:00:00,4.76e-06,4.76e-06,4.66e-06,4.7e-06,242452495200.0
2025-11-28 12:00:00,4.69e-06,4.71e-06,4.68e-06,4.7e-06,161893033784.0
2025-11-28 13:00:00,4.69e-06,4.77e-06,4.67e-06,4.74e-06,351921440825.0
2025-11-28 14:00:00,4.73e-06,4.8e-06,4.7e-06,4.74e-06,547408838978.0
2025-11-28 15:00:00,4.75e-06,4.9e-06,4.75e-06,4.79e-06,1020958861547.0
2025-11-28 16:00:00,4.79e-06,4.79e-06,4.67e-06,4.68e-06,461209147987.0
2025-11-28 17:00:00,4.67e-06,4.7e-06,4.61e-06,4.64e-06,552889997577.0
2025-11-28 18:00:00,4.63e-06,4.65e-06,4.58e-06,4.63e-06,363381692720.0
2025-11-28 19:00:00,4.64e-06,4.68e-06,4.63e-06,4.67e-06,267783670158.0
2025-11-28 20:00:00,4.66e-06,4.67e-06,4.62e-06,4.66e-06,185867159241.0
2025-11-28 21:00:00,4.66e-06,4.67e-06,4.61e-06,4.62e-06,191608120847.0
2025-11-28 22:00:00,4.62e-06,4.67e-06,4.6e-06,4.65e-06,313957905424.0
2025-11-28 23:00:00,4.65e-06,4.67e-06,4.62e-06,4.64e-06,136671993466.0
2025-11-29 00:00:00,4.63e-06,4.65e-06,4.61e-06,4.63e-06,296778083933.0
2025-11-29 01:00:00,4.62e-06,4.66e-06,4.61e-06,4.63e-06,211449237230.0
2025-11-29 02:00:00,4.62e-06,4.64e-06,4.6e-06,4.63e-06,246723313692.0
2025-11-29 03:00:00,4.64e-06,4.65e-06,4.6e-06,4.62e-06,167545255948.0
2025-11-29 04:00:00,4.61e-06,4.65e-06,4.6e-06,4.64e-06,311866112204.0
2025-11-29 05:00:00,4.63e-06,4.64e-06,4.6e-06,4.6e-06,110415398530.0
2025-11-29 06:00:00,4.61e-06,4.62e-06,4.56e-06,4.57e-06,348591291494.0
2025-11-29 07:00:00,4.58e-06,4.59e-06,4.55e-06,4.56e-06,199040580795.0
2025-11-29 08:00:00,4.56e-06,4.58e-06,4.54e-06,4.56e-06,205478167158.0
2025-11-29 09:00:00,4.56e-06,4.57e-06,4.54e-06,4.55e-06,89705193458.0
2025-11-29 10:00:00,4.56e-06,4.57e-06,4.53e-06,4.56e-06,299684637581.0
2025-11-29 11:00:00,4.55e-06,4.59e-06,4.54e-06,4.57e-06,220516085812.0
2025-11-29 12:00:00,4.57e-06,4.59e-06,4.54e-06,4.55e-06,131630471876.0
2025-11-29 13:00:00,4.55e-06,4.57e-06,4.54e-06,4.56e-06,213592643396.0
2025-11-29 14:00:00,4.55e-06,4.57e-06,4.53e-06,4.55e-06,120599748750.0
2025-11-29 15:00:00,4.56e-06,4.61e-06,4.55e-06,4.6e-06,249593829773.0
2025-11-29 16:00:00,4.59e-06,4.6e-06,4.55e-06,4.57e-06,169174931762.0
2025-11-29 17:00:00,4.57e-06,4.57e-06,4.51e-06,4.53e-06,201608936788.0
2025-11-29 18:00:00,4.53e-06,4.56e-06,4.51e-06,4.55e-06,244979971491.0
2025-11-29 19:00:00,4.56e-06,4.57e-06,4.53e-06,4.54e-06,145056297636.0
2025-11-29 20:00:00,4.55e-06,4.59e-06,4.53e-06,4.58e-06,119345824197.0
2025-11-29 21:00:00,4.58e-06,4.59e-06,4.56e-06,4.59e-06,74735507094.0
2025-11-29 22:00:00,4.59e-06,4.59e-06,4.55e-06,4.55e-06,92342772167.0
2025-11-29 23:00:00,4.56e-06,4.58e-06,4.54e-06,4.57e-06,112371004674.0
2025-11-30 00:00:00,4.57e-06,4.59e-06,4.55e-06,4.56e-06,189756945109.0
2025-11-30 01:00:00,4.56e-06,4.59e-06,4.55e-06,4.59e-06,161257620126.0
2025-11-30 02:00:00,4.58e-06,4.6e-06,4.56e-06,4.57e-06,126921846647.0
2025-11-30 03:00:00,4.56e-06,4.6e-06,4.52e-06,4.59e-06,248100569700.0
2025-11-30 04:00:00,4.59e-06,4.6e-06,4.56e-06,4.57e-06,129141323590.0
2025-11-30 05:00:00,4.57e-06,4.58e-06,4.54e-06,4.57e-06,160415451650.0
2025-11-30 06:00:00,4.57e-06,4.61e-06,4.55e-06,4.6e-06,165161797557.0
2025-11-30 07:00:00,4.6e-06,4.61e-06,4.59e-06,4.61e-06,195776208788.0
2025-11-30 08:00:00,4.6e-06,4.65e-06,4.59e-06,4.6e-06,190051885958.0
2025-11-30 09:00:00,4.61e-06,4.62e-06,4.59e-06,4.61e-06,173495959824.0
2025-11-30 10:00:00,4.61e-06,4.61e-06,4.57e-06,4.57e-06,199352741758.0
2025-11-30 11:00:00,4.58e-06,4.59e-06,4.56e-06,4.58e-06,191668799302.0
2025-11-30 12:00:00,4.58e-06,4.64e-06,4.56e-06,4.62e-06,139882903432.0
2025-11-30 13:00:00,4.62e-06,4.69e-06,4.61e-06,4.67e-06,316482047325.0
2025-11-30 14:00:00,4.67e-06,4.68e-06,4.61e-06,4.64e-06,175812090039.0
2025-11-30 15:00:00,4.63e-06,4.63e-06,4.58e-06,4.59e-06,122424877509.0
2025-11-30 16:00:00,4.59e-06,4.67e-06,4.59e-06,4.64e-06,133421115911.0
2025-11-30 17:00:00,4.65e-06,4.71e-06,4.62e-06,4.66e-06,191360302805.0
2025-11-30 18:00:00,4.67e-06,4.68e-06,4.63e-06,4.66e-06,282106173818.0
2025-11-30 19:00:00,4.65e-06,4.68e-06,4.62e-06,4.63e-06,101794431840.0
2025-11-30 20:00:00,4.63e-06,4.67e-06,4.61e-06,4.64e-06,206380512912.0
2025-11-30 21:00:00,4.65e-06,4.66e-06,4.61e-06,4.64e-06,230316697088.0
2025-11-30 22:00:00,4.63e-06,4.67e-06,4.61e-06,4.63e-06,136782555361.0
2025-11-30 23:00:00,4.63e-06,4.65e-06,4.52e-06,4.54e-06,476703039105.0
2025-12-01 00:00:00,4.54e-06,4.56e-06,4.24e-06,4.25e-06,2873172908707.0
2025-12-01 01:00:00,4.25e-06,4.32e-06,4.23e-06,4.27e-06,645002632122.0
2025-12-01 02:00:00,4.27e-06,4.3e-06,4.25e-06,4.27e-06,573962044673.0
2025-12-01 03:00:00,4.26e-06,4.27e-06,4.2e-06,4.21e-06,454084752081.0
2025-12-01 04:00:00,4.22e-06,4.22e-06,4.16e-06,4.19e-06,426860541296.0
2025-12-01 05:00:00,4.19e-06,4.21e-06,4.15e-06,4.18e-06,289641049227.0
2025-12-01 06:00:00,4.18e-06,4.2e-06,4.16e-06,4.16e-06,275995034955.0
2025-12-01 07:00:00,4.16e-06,4.17e-06,4.13e-06,4.15e-06,406254402617.0
2025-12-01 08:00:00,4.15e-06,4.18e-06,4.14e-06,4.16e-06,272960940499.0
2025-12-01 09:00:00,4.16e-06,4.19e-06,4.15e-06,4.15e-06,272025484037.0
2025-12-01 10:00:00,4.16e-06,4.18e-06,4.15e-06,4.15e-06,167614020307.0
2025-12-01 11:00:00,4.15e-06,4.16e-06,4.11e-06,4.13e-06,248891382514.0
2025-12-01 12:00:00,4.13e-06,4.14e-06,4.04e-06,4.13e-06,694343619205.0
2025-12-01 13:00:00,4.12e-06,4.15e-06,4.08e-06,4.1e-06,375533904516.0
2025-12-01 14:00:00,4.09e-06,4.13e-06,4.08e-06,4.09e-06,503280868874.0
2025-12-01 15:00:00,4.09e-06,4.09e-06,3.96e-06,4.01e-06,1117448719200.0
2025-12-01 16:00:00,4.02e-06,4.03e-06,3.96e-06,3.98e-06,724076231423.0
2025-12-01 17:00:00,3.98e-06,4.01e-06,3.95e-06,3.99e-06,532729186089.0
2025-12-01 18:00:00,3.99e-06,4.04e-06,3.98e-06,4.02e-06,573109907544.0
2025-12-01 19:00:00,4.01e-06,4.02e-06,3.98e-06,4.01e-06,228601199578.0
2025-12-01 20:00:00,4e-06,4.06e-06,4e-06,4.04e-06,412239275844.0
2025-12-01 21:00:00,4.04e-06,4.08e-06,4.02e-06,4.06e-06,376697566196.0
2025-12-01 22:00:00,4.06e-06,4.09e-06,4.03e-06,4.06e-06,248771212833.0
2025-12-01 23:00:00,4.06e-06,4.09e-06,4.05e-06,4.05e-06,307367322268.0
2025-12-02 00:00:00,4.05e-06,4.07e-06,4.02e-06,4.03e-06,370773842291.0
2025-12-02 01:00:00,4.03e-06,4.1e-06,4.02e-06,4.04e-06,364979399549.0
2025-12-02 02:00:00,4.03e-06,4.07e-06,4.02e-06,4.03e-06,253326366291.0
2025-12-02 03:00:00,4.03e-06,4.06e-06,3.99e-06,4.04e-06,254294359526.0
2025-12-02 04:00:00,4.05e-06,4.07e-06,4.03e-06,4.04e-06,144450055033.0
2025-12-02 05:00:00,4.05e-06,4.05e-06,4.01e-06,4.03e-06,123333062293.0
2025-12-02 06:00:00,4.03e-06,4.06e-06,4.01e-06,4.04e-06,142606561395.0
2025-12-02 07:00:00,4.05e-06,4.05e-06,4e-06,4.02e-06,288092244491.0
2025-12-02 08:00:00,4.02e-06,4.03e-06,3.99e-06,4e-06,314184915618.0
2025-12-02 09:00:00,4e-06,4.04e-06,4e-06,4.02e-06,149403757805.0
2025-12-02 10:00:00,4.02e-06,4.09e-06,4.01e-06,4.06e-06,167810108664.0
2025-12-02 11:00:00,4.07e-06,4.09e-06,4.04e-06,4.08e-06,362346909057.0
2025-12-02 12:00:00,4.08e-06,4.09e-06,4.03e-06,4.06e-06,230927281937.0
2025-12-02 13:00:00,4.06e-06,4.08e-06,4.03e-06,4.08e-06,387324576714.0
2025-12-02 14:00:00,4.08e-06,4.17e-06,4.06e-06,4.16e-06,986921684596.0
2025-12-02 15:00:00,4.16e-06,4.47e-06,4.16e-06,4.46e-06,1966266704047.0
2025-12-02 16:00:00,4.46e-06,4.52e-06,4.42e-06,4.5e-06,1582582200488.0
2025-12-02 17:00:00,4.49e-06,4.56e-06,4.47e-06,4.48e-06,643569622514.0
2025-12-02 18:00:00,4.48e-06,4.54e-06,4.46e-06,4.5e-06,380445834918.0
2025-12-02 19:00:00,4.51e-06,4.53e-06,4.49e-06,4.5e-06,288356401193.0
2025-12-02 20:00:00,4.5e-06,4.53e-06,4.46e-06,4.49e-06,579438087294.0
2025-12-02 21:00:00,4.5e-06,4.57e-06,4.48e-06,4.56e-06,326776692575.0
2025-12-02 22:00:00,4.56e-06,4.64e-06,4.56e-06,4.64e-06,393045279075.0
2025-12-02 23:00:00,4.64e-06,4.64e-06,4.55e-06,4.56e-06,440804711675.0
2025-12-03 00:00:00,4.57e-06,4.62e-06,4.54e-06,4.59e-06,411342866910.0
2025-12-03 01:00:00,4.59e-06,4.61e-06,4.56e-06,4.6e-06,308166973706.0
2025-12-03 02:00:00,4.59e-06,4.64e-06,4.58e-06,4.61e-06,523589593602.0
2025-12-03 03:00:00,4.61e-06,4.64e-06,4.6e-06,4.64e-06,214142644194.0
2025-12-03 04:00:00,4.63e-06,4.7e-06,4.61e-06,4.66e-06,419272995343.0
2025-12-03 05:00:00,4.66e-06,4.73e-06,4.66e-06,4.71e-06,423092218212.0
2025-12-03 06:00:00,4.71e-06,4.79e-06,4.68e-06,4.69e-06,554752767934.0
2025-12-03 07:00:00,4.69e-06,4.71e-06,4.67e-06,4.7e-06,248780459770.0
2025-12-03 08:00:00,4.69e-06,4.8e-06,4.69e-06,4.79e-06,575837604669.0
2025-12-03 09:00:00,4.78e-06,4.8e-06,4.72e-06,4.77e-06,265440693522.0
2025-12-03 10:00:00,4.78e-06,4.78e-06,4.74e-06,4.75e-06,325867429684.0
2025-12-03 11:00:00,4.75e-06,4.78e-06,4.74e-06,4.76e-06,355709481203.0
2025-12-03 12:00:00,4.77e-06,4.79e-06,4.72e-06,4.75e-06,471879304102.0
2025-12-03 13:00:00,4.76e-06,4.79e-06,4.72e-06,4.74e-06,498323491605.0
2025-12-03 14:00:00,4.73e-06,4.76e-06,4.6e-06,4.63e-06,2118887216919.0
2025-12-03 15:00:00,4.64e-06,4.71e-06,4.61e-06,4.7e-06,652635323295.0
2025-12-03 16:00:00,4.71e-06,4.76e-06,4.67e-06,4.74e-06,527696220670.0
2025-12-03 17:00:00,4.73e-06,4.83e-06,4.73e-06,4.81e-06,737214541066.0
2025-12-03 18:00:00,4.81e-06,4.83e-06,4.73e-06,4.75e-06,434323619505.0
2025-12-03 19:00:00,4.76e-06,4.76e-06,4.73e-06,4.73e-06,176505312168.0
2025-12-03 20:00:00,4.74e-06,4.78e-06,4.72e-06,4.75e-06,257399530833.0
2025-12-03 21:00:00,4.75e-06,4.84e-06,4.74e-06,4.83e-06,348062287103.0
2025-12-03 22:00:00,4.82e-06,4.85e-06,4.77e-06,4.82e-06,539098111234.0
2025-12-03 23:00:00,4.82e-06,4.87e-06,4.79e-06,4.81e-06,602880024233.0
2025-12-04 00:00:00,4.81e-06,4.85e-06,4.77e-06,4.81e-06,358940219914.0
2025-12-04 01:00:00,4.82e-06,4.9e-06,4.8e-06,4.82e-06,373815802993.0
2025-12-04 02:00:00,4.81e-06,4.86e-06,4.8e-06,4.84e-06,323511571478.0
2025-12-04 03:00:00,4.84e-06,4.85e-06,4.78e-06,4.79e-06,208056933168.0
2025-12-04 04:00:00,4.79e-06,4.84e-06,4.78e-06,4.83e-06,193236407928.0
2025-12-04 05:00:00,4.84e-06,4.85e-06,4.8e-06,4.83e-06,284454961776.0
2025-12-04 06:00:00,4.83e-06,4.88e-06,4.81e-06,4.84e-06,312987472865.0
2025-12-04 07:00:00,4.85e-06,4.89e-06,4.79e-06,4.87e-06,407687479983.0
2025-12-04 08:00:00,4.87e-06,4.9e-06,4.83e-06,4.85e-06,421080656810.0
2025-12-04 09:00:00,4.85e-06,4.87e-06,4.83e-06,4.84e-06,231870541058.0
2025-12-04 10:00:00,4.84e-06,4.86e-06,4.81e-06,4.83e-06,253827979783.0
2025-12-04 11:00:00,4.82e-06,4.84e-06,4.79e-06,4.83e-06,293134943159.0
2025-12-04 12:00:00,4.84e-06,4.86e-06,4.81e-06,4.84e-06,224930297075.0
2025-12-04 13:00:00,4.85e-06,4.87e-06,4.8e-06,4.82e-06,403091627786.0
2025-12-04 14:00:00,4.81e-06,4.84e-06,4.78e-06,4.78e-06,447961123577.0
2025-12-04 15:00:00,4.79e-06,4.94e-06,4.79e-06,4.91e-06,957615141021.0
2025-12-04 16:00:00,4.92e-06,4.92e-06,4.81e-06,4.81e-06,676105587048.0
2025-12-04 17:00:00,4.81e-06,4.84e-06,4.76e-06,4.83e-06,567493907320.0
2025-12-04 18:00:00,4.83e-06,4.87e-06,4.8e-06,4.82e-06,510407936250.0
2025-12-04 19:00:00,4.82e-06,4.83e-06,4.69e-06,4.79e-06,1030551822344.0
2025-12-04 20:00:00,4.79e-06,4.8e-06,4.75e-06,4.78e-06,341188323764.0
2025-12-04 21:00:00,4.78e-06,4.8e-06,4.74e-06,4.76e-06,224908607725.0
2025-12-04 22:00:00,4.76e-06,4.8e-06,4.74e-06,4.79e-06,170444349127.0
2025-12-04 23:00:00,4.78e-06,4.79e-06,4.75e-06,4.77e-06,195878846524.0
2025-12-05 00:00:00,4.76e-06,4.83e-06,4.75e-06,4.8e-06,303979029721.0
2025-12-05 01:00:00,4.79e-06,4.82e-06,4.75e-06,4.76e-06,226570391005.0
2025-12-05 02:00:00,4.76e-06,4.79e-06,4.74e-06,4.75e-06,197126363564.0
2025-12-05 03:00:00,4.75e-06,4.78e-06,4.71e-06,4.73e-06,177381918102.0
2025-12-05 04:00:00,4.73e-06,4.75e-06,4.68e-06,4.7e-06,282353415141.0
2025-12-05 05:00:00,4.7e-06,4.71e-06,4.69e-06,4.7e-06,112797192083.0
2025-12-05 06:00:00,4.7e-06,4.74e-06,4.7e-06,4.73e-06,164256061858.0
2025-12-05 07:00:00,4.72e-06,4.78e-06,4.71e-06,4.77e-06,166921965666.0
2025-12-05 08:00:00,4.77e-06,4.78e-06,4.71e-06,4.72e-06,207582983810.0
2025-12-05 09:00:00,4.72e-06,4.72e-06,4.62e-06,4.64e-06,604910988900.0
2025-12-05 10:00:00,4.64e-06,4.67e-06,4.62e-06,4.64e-06,287695441242.0
2025-12-05 11:00:00,4.65e-06,4.66e-06,4.6e-06,4.62e-06,247705367958.0
2025-12-05 12:00:00,4.62e-06,4.65e-06,4.61e-06,4.64e-06,191922924213.0
2025-12-05 13:00:00,4.63e-06,4.66e-06,4.54e-06,4.55e-06,500533080789.0
2025-12-05 14:00:00,4.55e-06,4.57e-06,4.5e-06,4.52e-06,563212629156.0
2025-12-05 15:00:00,4.52e-06,4.63e-06,4.51e-06,4.53e-06,707681407230.0
2025-12-05 16:00:00,4.53e-06,4.53e-06,4.32e-06,4.34e-06,1263122380225.0
2025-12-05 17:00:00,4.34e-06,4.39e-06,4.31e-06,4.37e-06,494386173147.0
2025-12-05 18:00:00,4.37e-06,4.41e-06,4.35e-06,4.36e-06,415840225623.0
2025-12-05 19:00:00,4.35e-06,4.42e-06,4.32e-06,4.39e-06,427377487149.0
2025-12-05 20:00:00,4.39e-06,4.4e-06,4.36e-06,4.37e-06,180997715064.0
2025-12-05 21:00:00,4.38e-06,4.4e-06,4.36e-06,4.37e-06,208392672216.0
2025-12-05 22:00:00,4.37e-06,4.4e-06,4.36e-06,4.39e-06,118841213212.0
2025-12-05 23:00:00,4.38e-06,4.4e-06,4.35e-06,4.39e-06,116574329923.0
2025-12-06 00:00:00,4.39e-06,4.41e-06,4.36e-06,4.39e-06,156036710683.0
2025-12-06 01:00:00,4.38e-06,4.41e-06,4.37e-06,4.41e-06,138708731801.0
2025-12-06 02:00:00,4.41e-06,4.41e-06,4.38e-06,4.4e-06,107437493329.0
2025-12-06 03:00:00,4.39e-06,4.42e-06,4.39e-06,4.4e-06,98747549513.0
2025-12-06 04:00:00,4.39e-06,4.4e-06,4.35e-06,4.37e-06,116709144334.0
2025-12-06 05:00:00,4.36e-06,4.39e-06,4.36e-06,4.38e-06,128523116988.0
2025-12-06 06:00:00,4.37e-06,4.39e-06,4.36e-06,4.38e-06,109535482347.0
2025-12-06 07:00:00,4.37e-06,4.38e-06,4.34e-06,4.35e-06,162728234717.0
2025-12-06 08:00:00,4.36e-06,4.37e-06,4.33e-06,4.34e-06,186548338468.0
2025-12-06 09:00:00,4.34e-06,4.38e-06,4.33e-06,4.36e-06,88990129810.0
2025-12-06 10:00:00,4.35e-06,4.37e-06,4.34e-06,4.35e-06,80467009933.0
2025-12-06 11:00:00,4.35e-06,4.42e-06,4.35e-06,4.42e-06,100677633454.0
2025-12-06 12:00:00,4.41e-06,4.49e-06,4.41e-06,4.45e-06,485452788712.0
2025-12-06 13:00:00,4.44e-06,4.46e-06,4.42e-06,4.44e-06,111211402173.0
2025-12-06 14:00:00,4.44e-06,4.49e-06,4.43e-06,4.43e-06,362633890679.0
2025-12-06 15:00:00,4.43e-06,4.45e-06,4.39e-06,4.4e-06,228220343375.0
2025-12-06 16:00:00,4.4e-06,4.45e-06,4.4e-06,4.43e-06,148313579061.0
2025-12-06 17:00:00,4.44e-06,4.48e-06,4.43e-06,4.46e-06,117788672090.0
2025-12-06 18:00:00,4.46e-06,4.5e-06,4.45e-06,4.49e-06,189861007489.0
2025-12-06 19:00:00,4.48e-06,4.5e-06,4.42e-06,4.44e-06,246213413306.0
2025-12-06 20:00:00,4.44e-06,4.45e-06,4.43e-06,4.44e-06,85726085705.0
2025-12-06 21:00:00,4.44e-06,4.57e-06,4.43e-06,4.49e-06,602013382605.0
2025-12-06 22:00:00,4.49e-06,4.52e-06,4.46e-06,4.47e-06,189175300915.0
2025-12-06 23:00:00,4.47e-06,4.52e-06,4.45e-06,4.52e-06,316149955773.0
2025-12-07 00:00:00,4.51e-06,4.61e-06,4.51e-06,4.58e-06,468065530125.0
2025-12-07 01:00:00,4.59e-06,4.59e-06,4.51e-06,4.52e-06,214002523064.0
2025-12-07 02:00:00,4.51e-06,4.56e-06,4.51e-06,4.55e-06,115290444404.0
2025-12-07 03:00:00,4.55e-06,4.56e-06,4.52e-06,4.54e-06,73919210740.0
2025-12-07 04:00:00,4.54e-06,4.55e-06,4.49e-06,4.52e-06,100770720008.0
2025-12-07 05:00:00,4.52e-06,4.55e-06,4.51e-06,4.53e-06,113304911084.0
2025-12-07 06:00:00,4.53e-06,4.57e-06,4.53e-06,4.54e-06,95901401408.0
2025-12-07 07:00:00,4.54e-06,4.55e-06,4.49e-06,4.5e-06,157008760223.0
2025-12-07 08:00:00,4.51e-06,4.51e-06,4.47e-06,4.48e-06,116861395779.0
2025-12-07 09:00:00,4.47e-06,4.48e-06,4.45e-06,4.46e-06,175395564537.0
2025-12-07 10:00:00,4.46e-06,4.49e-06,4.45e-06,4.47e-06,127652482116.0
2025-12-07 11:00:00,4.46e-06,4.5e-06,4.46e-06,4.49e-06,115013047374.0
2025-12-07 12:00:00,4.48e-06,4.53e-06,4.46e-06,4.51e-06,127899752575.0
2025-12-07 13:00:00,4.51e-06,4.51e-06,4.44e-06,4.45e-06,312769261896.0
2025-12-07 14:00:00,4.45e-06,4.46e-06,4.3e-06,4.32e-06,1025502382518.0
2025-12-07 15:00:00,4.32e-06,4.45e-06,4.3e-06,4.43e-06,610749151828.0
2025-12-07 16:00:00,4.44e-06,4.44e-06,4.36e-06,4.41e-06,567269690474.0
2025-12-07 17:00:00,4.41e-06,4.59e-06,4.39e-06,4.54e-06,768427651407.0
2025-12-07 18:00:00,4.55e-06,4.58e-06,4.53e-06,4.55e-06,382131426964.0
2025-12-07 19:00:00,4.55e-06,4.56e-06,4.52e-06,4.56e-06,162983418556.0
2025-12-07 20:00:00,4.55e-06,4.59e-06,4.54e-06,4.58e-06,178808305886.0
2025-12-07 21:00:00,4.58e-06,4.59e-06,4.46e-06,4.48e-06,877473915217.0
2025-12-07 22:00:00,4.47e-06,4.48e-06,4.34e-06,4.39e-06,744844197968.0
2025-12-07 23:00:00,4.39e-06,4.44e-06,4.38e-06,4.42e-06,395214137358.0
2025-12-08 00:00:00,4.42e-06,4.49e-06,4.4e-06,4.45e-06,251938447132.0
2025-12-08 01:00:00,4.45e-06,4.56e-06,4.44e-06,4.5e-06,376104387826.0
2025-12-08 02:00:00,4.51e-06,4.55e-06,4.48e-06,4.54e-06,130745695031.0
2025-12-08 03:00:00,4.54e-06,4.57e-06,4.52e-06,4.53e-06,211106778650.0
2025-12-08 04:00:00,4.54e-06,4.65e-06,4.53e-06,4.61e-06,323577623693.0
2025-12-08 05:00:00,4.61e-06,4.63e-06,4.59e-06,4.61e-06,140030122046.0
2025-12-08 06:00:00,4.61e-06,4.68e-06,4.59e-06,4.66e-06,299882445966.0
2025-12-08 07:00:00,4.66e-06,4.67e-06,4.62e-06,4.65e-06,196049839847.0
2025-12-08 08:00:00,4.64e-06,4.69e-06,4.63e-06,4.67e-06,216555388782.0
2025-12-08 09:00:00,4.68e-06,4.76e-06,4.67e-06,4.72e-06,599418422465.0
2025-12-08 10:00:00,4.71e-06,4.74e-06,4.7e-06,4.73e-06,175629966922.0
2025-12-08 11:00:00,4.73e-06,4.75e-06,4.7e-06,4.73e-06,338620242710.0
2025-12-08 12:00:00,4.73e-06,4.74e-06,4.7e-06,4.74e-06,404908993313.0
2025-12-08 13:00:00,4.74e-06,4.81e-06,4.73e-06,4.78e-06,515711153674.0
2025-12-08 14:00:00,4.78e-06,4.88e-06,4.75e-06,4.81e-06,1186290363479.0
2025-12-08 15:00:00,4.8e-06,4.84e-06,4.75e-06,4.81e-06,894268504768.0
2025-12-08 16:00:00,4.82e-06,5.04e-06,4.78e-06,4.95e-06,2116846615846.0
2025-12-08 17:00:00,4.95e-06,4.99e-06,4.82e-06,4.88e-06,1005657490278.0
2025-12-08 18:00:00,4.87e-06,4.91e-06,4.75e-06,4.78e-06,1370640794928.0
2025-12-08 19:00:00,4.78e-06,4.8e-06,4.73e-06,4.75e-06,553218195496.0
2025-12-08 20:00:00,4.75e-06,4.8e-06,4.74e-06,4.79e-06,344583890199.0
2025-12-08 21:00:00,4.8e-06,4.84e-06,4.75e-06,4.82e-06,466547447746.0
2025-12-08 22:00:00,4.81e-06,4.83e-06,4.74e-06,4.75e-06,252660063282.0
2025-12-08 23:00:00,4.76e-06,4.77e-06,4.71e-06,4.75e-06,229174370396.0
2025-12-09 00:00:00,4.76e-06,4.77e-06,4.69e-06,4.72e-06,287910730526.0
2025-12-09 01:00:00,4.71e-06,4.73e-06,4.65e-06,4.68e-06,276117010907.0
2025-12-09 02:00:00,4.67e-06,4.7e-06,4.66e-06,4.66e-06,131063767895.0
2025-12-09 03:00:00,4.66e-06,4.69e-06,4.63e-06,4.67e-06,361045630974.0
2025-12-09 04:00:00,4.66e-06,4.67e-06,4.58e-06,4.6e-06,300740463148.0
2025-12-09 05:00:00,4.59e-06,4.63e-06,4.56e-06,4.6e-06,280536339798.0
2025-12-09 06:00:00,4.59e-06,4.61e-06,4.55e-06,4.59e-06,170561564750.0
2025-12-09 07:00:00,4.59e-06,4.62e-06,4.57e-06,4.6e-06,171087739678.0
2025-12-09 08:00:00,4.61e-06,4.63e-06,4.58e-06,4.6e-06,185967807295.0
2025-12-09 09:00:00,4.61e-06,4.61e-06,4.56e-06,4.59e-06,154201982959.0
2025-12-09 10:00:00,4.59e-06,4.62e-06,4.58e-06,4.6e-06,300759646991.0
2025-12-09 11:00:00,4.6e-06,4.61e-06,4.57e-06,4.61e-06,173740197752.0
2025-12-09 12:00:00,4.61e-06,4.69e-06,4.59e-06,4.66e-06,365353954927.0
2025-12-09 13:00:00,4.65e-06,4.7e-06,4.62e-06,4.64e-06,352262543311.0
2025-12-09 14:00:00,4.65e-06,4.68e-06,4.6e-06,4.63e-06,1126168791603.0
2025-12-09 15:00:00,4.64e-06,4.86e-06,4.62e-06,4.84e-06,1681056307423.0
2025-12-09 16:00:00,4.85e-06,5.04e-06,4.84e-06,5.02e-06,1590000865811.0
2025-12-09 17:00:00,5.01e-06,5.07e-06,4.97e-06,5.04e-06,1349597361796.0
2025-12-09 18:00:00,5.03e-06,5.05e-06,4.99e-06,5.02e-06,495484148571.0
2025-12-09 19:00:00,5.02e-06,5.04e-06,4.98e-06,5.01e-06,352567991769.0
2025-12-09 20:00:00,5.01e-06,5.01e-06,4.86e-06,4.92e-06,628966581680.0
2025-12-09 21:00:00,4.92e-06,4.97e-06,4.84e-06,4.9e-06,420495075802.0
2025-12-09 22:00:00,4.9e-06,4.98e-06,4.88e-06,4.95e-06,273784732439.0
2025-12-09 23:00:00,4.96e-06,5e-06,4.94e-06,4.94e-06,345555094933.0
2025-12-10 00:00:00,4.94e-06,4.97e-06,4.86e-06,4.87e-06,222719089834.0
2025-12-10 01:00:00,4.87e-06,4.9e-06,4.84e-06,4.86e-06,294739078741.0
2025-12-10 02:00:00,4.85e-06,4.88e-06,4.82e-06,4.86e-06,203920713338.0
2025-12-10 03:00:00,4.86e-06,4.87e-06,4.82e-06,4.84e-06,145331737216.0
2025-12-10 04:00:00,4.83e-06,4.88e-06,4.82e-06,4.84e-06,141404548324.0
2025-12-10 05:00:00,4.83e-06,4.87e-06,4.8e-06,4.81e-06,196593900040.0
2025-12-10 06:00:00,4.8e-06,4.81e-06,4.77e-06,4.79e-06,191395137243.0
2025-12-10 07:00:00,4.78e-06,4.79e-06,4.74e-06,4.77e-06,210365687461.0
2025-12-10 08:00:00,4.77e-06,4.78e-06,4.72e-06,4.75e-06,253806755708.0
2025-12-10 09:00:00,4.74e-06,4.79e-06,4.7e-06,4.79e-06,331492683934.0
2025-12-10 10:00:00,4.79e-06,4.85e-06,4.7e-06,4.71e-06,565454629391.0
2025-12-10 11:00:00,4.72e-06,4.73e-06,4.68e-06,4.71e-06,389868458990.0
2025-12-10 12:00:00,4.72e-06,4.73e-06,4.66e-06,4.68e-06,624968712711.0
2025-12-10 13:00:00,4.68e-06,4.72e-06,4.67e-06,4.69e-06,345676727736.0
2025-12-10 14:00:00,4.69e-06,4.7e-06,4.66e-06,4.69e-06,396709500621.0
2025-12-10 15:00:00,4.69e-06,4.73e-06,4.66e-06,4.69e-06,441435579739.0
2025-12-10 16:00:00,4.69e-06,4.75e-06,4.67e-06,4.71e-06,373376502927.0
2025-12-10 17:00:00,4.71e-06,4.78e-06,4.7e-06,4.75e-06,418137584460.0
2025-12-10 18:00:00,4.76e-06,4.87e-06,4.71e-06,4.82e-06,876368125599.0
2025-12-10 19:00:00,4.82e-06,4.93e-06,4.75e-06,4.85e-06,2308303704725.0
2025-12-10 20:00:00,4.85e-06,4.96e-06,4.77e-06,4.78e-06,2207610782779.0
2025-12-10 21:00:00,4.79e-06,4.82e-06,4.68e-06,4.69e-06,555874199405.0
2025-12-10 22:00:00,4.69e-06,4.73e-06,4.62e-06,4.72e-06,719080260648.0
2025-12-10 23:00:00,4.72e-06,4.73e-06,4.64e-06,4.65e-06,318111585199.0
2025-12-11 00:00:00,4.65e-06,4.65e-06,4.52e-06,4.54e-06,501267630759.0
2025-12-11 01:00:00,4.54e-06,4.56e-06,4.5e-06,4.52e-06,378719332041.0
2025-12-11 02:00:00,4.52e-06,4.52e-06,4.44e-06,4.46e-06,595774356710.0
2025-12-11 03:00:00,4.46e-06,4.47e-06,4.4e-06,4.43e-06,389371713255.0
2025-12-11 04:00:00,4.42e-06,4.51e-06,4.4e-06,4.49e-06,410048967084.0
2025-12-11 05:00:00,4.49e-06,4.51e-06,4.47e-06,4.5e-06,209423857256.0
2025-12-11 06:00:00,4.5e-06,4.5e-06,4.44e-06,4.47e-06,326078821858.0
2025-12-11 07:00:00,4.47e-06,4.47e-06,4.44e-06,4.47e-06,219573235101.0
2025-12-11 08:00:00,4.47e-06,4.47e-06,4.43e-06,4.46e-06,181296299948.0
2025-12-11 09:00:00,4.45e-06,4.47e-06,4.43e-06,4.44e-06,154278461998.0
2025-12-11 10:00:00,4.43e-06,4.46e-06,4.43e-06,4.46e-06,146951194399.0
2025-12-11 11:00:00,4.45e-06,4.47e-06,4.44e-06,4.46e-06,214901517548.0
2025-12-11 12:00:00,4.46e-06,4.48e-06,4.44e-06,4.46e-06,188257405658.0
2025-12-11 13:00:00,4.46e-06,4.47e-06,4.44e-06,4.45e-06,145936404092.0
2025-12-11 14:00:00,4.45e-06,4.46e-06,4.38e-06,4.42e-06,574712638328.0
2025-12-11 15:00:00,4.41e-06,4.46e-06,4.39e-06,4.42e-06,641043643805.0
2025-12-11 16:00:00,4.41e-06,4.47e-06,4.37e-06,4.42e-06,937926038774.0
2025-12-11 17:00:00,4.42e-06,4.46e-06,4.4e-06,4.43e-06,288324776359.0
2025-12-11 18:00:00,4.43e-06,4.54e-06,4.42e-06,4.49e-06,534790529159.0
2025-12-11 19:00:00,4.49e-06,4.56e-06,4.46e-06,4.51e-06,377753731030.0
2025-12-11 20:00:00,4.51e-06,4.58e-06,4.5e-06,4.57e-06,385307085106.0
2025-12-11 21:00:00,4.58e-06,4.7e-06,4.57e-06,4.66e-06,800272927333.0
2025-12-11 22:00:00,4.67e-06,4.68e-06,4.58e-06,4.6e-06,442564550814.0
2025-12-11 23:00:00,4.61e-06,4.62e-06,4.56e-06,4.6e-06,234686695924.0
2025-12-12 00:00:00,4.6e-06,4.63e-06,4.54e-06,4.56e-06,317942929251.0
2025-12-12 01:00:00,4.55e-06,4.62e-06,4.55e-06,4.6e-06,371148311099.0
2025-12-12 02:00:00,4.6e-06,4.65e-06,4.58e-06,4.63e-06,297696370651.0
2025-12-12 03:00:00,4.63e-06,4.65e-06,4.59e-06,4.6e-06,179611095969.0
2025-12-12 04:00:00,4.6e-06,4.61e-06,4.57e-06,4.57e-06,132488564788.0
2025-12-12 05:00:00,4.58e-06,4.61e-06,4.55e-06,4.6e-06,135906706156.0
2025-12-12 06:00:00,4.6e-06,4.63e-06,4.56e-06,4.58e-06,130500941911.0
2025-12-12 07:00:00,4.57e-06,4.59e-06,4.56e-06,4.58e-06,144572482421.0
2025-12-12 08:00:00,4.57e-06,4.58e-06,4.53e-06,4.57e-06,123303625142.0
2025-12-12 09:00:00,4.56e-06,4.6e-06,4.54e-06,4.59e-06,154617224389.0
2025-12-12 10:00:00,4.58e-06,4.61e-06,4.56e-06,4.57e-06,155738202163.0
2025-12-12 11:00:00,4.57e-06,4.58e-06,4.54e-06,4.57e-06,122642621444.0
2025-12-12 12:00:00,4.56e-06,4.58e-06,4.54e-06,4.57e-06,113154699390.0
2025-12-12 13:00:00,4.56e-06,4.57e-06,4.54e-06,4.55e-06,72348387846.0
2025-12-12 14:00:00,4.55e-06,4.58e-06,4.52e-06,4.56e-06,317243245174.0
2025-12-12 15:00:00,4.55e-06,4.57e-06,4.29e-06,4.32e-06,1512812982353.0
2025-12-12 16:00:00,4.31e-06,4.33e-06,4.21e-06,4.23e-06,1496981708298.0
2025-12-12 17:00:00,4.22e-06,4.29e-06,4.21e-06,4.25e-06,1148598402821.0
2025-12-12 18:00:00,4.25e-06,4.32e-06,4.23e-06,4.28e-06,631797159663.0
2025-12-12 19:00:00,4.27e-06,4.29e-06,4.25e-06,4.27e-06,313773367563.0
2025-12-12 20:00:00,4.27e-06,4.29e-06,4.25e-06,4.27e-06,262158723042.0
2025-12-12 21:00:00,4.28e-06,4.32e-06,4.27e-06,4.3e-06,166066737073.0
2025-12-12 22:00:00,4.3e-06,4.35e-06,4.29e-06,4.32e-06,192412059185.0
2025-12-12 23:00:00,4.33e-06,4.35e-06,4.32e-06,4.33e-06,183591525526.0
2025-12-13 00:00:00,4.33e-06,4.35e-06,4.32e-06,4.34e-06,165213271397.0
2025-12-13 01:00:00,4.35e-06,4.37e-06,4.33e-06,4.36e-06,168030572403.0
2025-12-13 02:00:00,4.36e-06,4.37e-06,4.35e-06,4.35e-06,146746641862.0
2025-12-13 03:00:00,4.35e-06,4.4e-06,4.34e-06,4.37e-06,151160055396.0
2025-12-13 04:00:00,4.37e-06,4.41e-06,4.37e-06,4.41e-06,157256491182.0
2025-12-13 05:00:00,4.4e-06,4.44e-06,4.39e-06,4.4e-06,207929313680.0
2025-12-13 06:00:00,4.39e-06,4.4e-06,4.35e-06,4.37e-06,343467356238.0
2025-12-13 07:00:00,4.37e-06,4.41e-06,4.37e-06,4.4e-06,140709148763.0
2025-12-13 08:00:00,4.4e-06,4.44e-06,4.39e-06,4.41e-06,204683829197.0
2025-12-13 09:00:00,4.4e-06,4.41e-06,4.38e-06,4.39e-06,153362799105.0
2025-12-13 10:00:00,4.39e-06,4.42e-06,4.38e-06,4.41e-06,161526165385.0
2025-12-13 11:00:00,4.41e-06,4.42e-06,4.38e-06,4.4e-06,103434078168.0
2025-12-13 12:00:00,4.39e-06,4.41e-06,4.37e-06,4.38e-06,119712102294.0
2025-12-13 13:00:00,4.38e-06,4.4e-06,4.37e-06,4.38e-06,152932711938.0
2025-12-13 14:00:00,4.39e-06,4.42e-06,4.37e-06,4.41e-06,167694883131.0
2025-12-13 15:00:00,4.4e-06,4.43e-06,4.38e-06,4.4e-06,177534993862.0
2025-12-13 16:00:00,4.41e-06,4.43e-06,4.39e-06,4.4e-06,200964481745.0
2025-12-13 17:00:00,4.41e-06,4.41e-06,4.37e-06,4.38e-06,133790140931.0
2025-12-13 18:00:00,4.38e-06,4.41e-06,4.37e-06,4.37e-06,123776925637.0
2025-12-13 19:00:00,4.38e-06,4.39e-06,4.36e-06,4.39e-06,148562981309.0
2025-12-13 20:00:00,4.39e-06,4.39e-06,4.36e-06,4.37e-06,84282750597.0
2025-12-13 21:00:00,4.38e-06,4.39e-06,4.35e-06,4.38e-06,178765941681.0
2025-12-13 22:00:00,4.38e-06,4.4e-06,4.37e-06,4.39e-06,104978543674.0
2025-12-13 23:00:00,4.39e-06,4.39e-06,4.37e-06,4.38e-06,68765060013.0
2025-12-14 00:00:00,4.38e-06,4.39e-06,4.36e-06,4.36e-06,247462657605.0
2025-12-14 01:00:00,4.36e-06,4.39e-06,4.36e-06,4.36e-06,84094732814.0
2025-12-14 02:00:00,4.36e-06,4.4e-06,4.36e-06,4.39e-06,158718820578.0
2025-12-14 03:00:00,4.4e-06,4.41e-06,4.37e-06,4.38e-06,111057383590.0
2025-12-14 04:00:00,4.37e-06,4.39e-06,4.33e-06,4.34e-06,218355557542.0
2025-12-14 05:00:00,4.33e-06,4.34e-06,4.31e-06,4.33e-06,127318167514.0
2025-12-14 06:00:00,4.34e-06,4.35e-06,4.32e-06,4.35e-06,50319438272.0
2025-12-14 07:00:00,4.35e-06,4.37e-06,4.34e-06,4.36e-06,131986057713.0
2025-12-14 08:00:00,4.37e-06,4.38e-06,4.32e-06,4.33e-06,247644867357.0
2025-12-14 09:00:00,4.33e-06,4.34e-06,4.3e-06,4.33e-06,173124583595.0
2025-12-14 10:00:00,4.32e-06,4.34e-06,4.29e-06,4.31e-06,279349710194.0
2025-12-14 11:00:00,4.32e-06,4.32e-06,4.24e-06,4.29e-06,646252827291.0
2025-12-14 12:00:00,4.29e-06,4.32e-06,4.27e-06,4.29e-06,218226537800.0
2025-12-14 13:00:00,4.3e-06,4.3e-06,4.27e-06,4.29e-06,205973523094.0
2025-12-14 14:00:00,4.3e-06,4.31e-06,4.2e-06,4.22e-06,580601402994.0
2025-12-14 15:00:00,4.22e-06,4.23e-06,4.17e-06,4.2e-06,451866490489.0
2025-12-14 16:00:00,4.19e-06,4.24e-06,4.18e-06,4.22e-06,275463357440.0
2025-12-14 17:00:00,4.21e-06,4.23e-06,4.16e-06,4.19e-06,263970161895.0
2025-12-14 18:00:00,4.19e-06,4.23e-06,4.17e-06,4.23e-06,170770339738.0
2025-12-14 19:00:00,4.22e-06,4.23e-06,4.18e-06,4.19e-06,125092224001.0
2025-12-14 20:00:00,4.19e-06,4.22e-06,4.16e-06,4.18e-06,285471228714.0
2025-12-14 21:00:00,4.18e-06,4.2e-06,4.13e-06,4.16e-06,179628741871.0
2025-12-14 22:00:00,4.16e-06,4.19e-06,4.13e-06,4.19e-06,263730922123.0
2025-12-14 23:00:00,4.19e-06,4.2e-06,4.1e-06,4.17e-06,514377147655.0
2025-12-15 00:00:00,4.17e-06,4.22e-06,4.16e-06,4.2e-06,334824616375.0
2025-12-15 01:00:00,4.2e-06,4.31e-06,4.19e-06,4.29e-06,483427733574.0
2025-12-15 02:00:00,4.29e-06,4.38e-06,4.28e-06,4.29e-06,479895441145.0
2025-12-15 03:00:00,4.29e-06,4.33e-06,4.28e-06,4.31e-06,235682505201.0
2025-12-15 04:00:00,4.31e-06,4.33e-06,4.29e-06,4.31e-06,210660739133.0
2025-12-15 05:00:00,4.32e-06,4.33e-06,4.3e-06,4.32e-06,97195929165.0
2025-12-15 06:00:00,4.31e-06,4.34e-06,4.3e-06,4.33e-06,155061550894.0
2025-12-15 07:00:00,4.33e-06,4.33e-06,4.28e-06,4.29e-06,98006167770.0
2025-12-15 08:00:00,4.29e-06,4.31e-06,4.28e-06,4.29e-06,121043996198.0
2025-12-15 09:00:00,4.29e-06,4.33e-06,4.29e-06,4.31e-06,164139665407.0
2025-12-15 10:00:00,4.32e-06,4.34e-06,4.3e-06,4.33e-06,242958711794.0
2025-12-15 11:00:00,4.33e-06,4.34e-06,4.3e-06,4.32e-06,157982772723.0
2025-12-15 12:00:00,4.31e-06,4.33e-06,4.29e-06,4.32e-06,100749539090.0
2025-12-15 13:00:00,4.32e-06,4.33e-06,4.27e-06,4.29e-06,289355285951.0
2025-12-15 14:00:00,4.3e-06,4.34e-06,4.15e-06,4.18e-06,928563388351.0
2025-12-15 15:00:00,4.18e-06,4.19e-06,4.05e-06,4.08e-06,1843182514805.0
2025-12-15 16:00:00,4.08e-06,4.1e-06,4.01e-06,4.03e-06,989761831199.0
2025-12-15 17:00:00,4.03e-06,4.04e-06,3.98e-06,4e-06,635725161947.0
2025-12-15 18:00:00,4e-06,4.01e-06,3.93e-06,4e-06,920931407917.0
2025-12-15 19:00:00,4e-06,4.06e-06,4e-06,4.02e-06,595179692325.0
2025-12-15 20:00:00,4.02e-06,4.03e-06,3.98e-06,4.01e-06,434097687945.0
2025-12-15 21:00:00,4e-06,4.04e-06,3.98e-06,4.03e-06,279449448619.0
2025-12-15 22:00:00,4.03e-06,4.05e-06,4.01e-06,4.04e-06,117788146845.0
2025-12-15 23:00:00,4.05e-06,4.08e-06,4.05e-06,4.07e-06,185943614278.0
2025-12-16 00:00:00,4.07e-06,4.08e-06,4.01e-06,4.02e-06,262007368065.0
2025-12-16 01:00:00,4.02e-06,4.05e-06,3.99e-06,4.01e-06,325944098022.0
2025-12-16 02:00:00,4e-06,4.05e-06,3.98e-06,4.02e-06,270070550487.0
2025-12-16 03:00:00,4.02e-06,4.04e-06,3.99e-06,4.04e-06,223154110078.0
2025-12-16 04:00:00,4.04e-06,4.04e-06,3.94e-06,4.01e-06,443464087113.0
2025-12-16 05:00:00,4e-06,4.03e-06,3.99e-06,4.01e-06,133664257151.0
2025-12-16 06:00:00,4.02e-06,4.04e-06,4.01e-06,4.03e-06,163672447198.0
2025-12-16 07:00:00,4.03e-06,4.04e-06,3.96e-06,3.98e-06,296864626592.0
2025-12-16 08:00:00,3.98e-06,4.02e-06,3.97e-06,3.99e-06,159489228380.0
2025-12-16 09:00:00,3.99e-06,4.02e-06,3.99e-06,4e-06,114731044421.0
2025-12-16 10:00:00,4e-06,4.1e-06,4e-06,4.07e-06,365341162680.0
2025-12-16 11:00:00,4.07e-06,4.1e-06,4.04e-06,4.09e-06,340446045480.0
2025-12-16 12:00:00,4.09e-06,4.1e-06,4.06e-06,4.07e-06,303979755205.0
2025-12-16 13:00:00,4.07e-06,4.13e-06,4.01e-06,4.01e-06,900827519681.0
2025-12-16 14:00:00,4.01e-06,4.09e-06,3.97e-06,4.05e-06,1101234511393.0
2025-12-16 15:00:00,4.06e-06,4.1e-06,4.02e-06,4.09e-06,778147880606.0
2025-12-16 16:00:00,4.09e-06,4.11e-06,4.06e-06,4.1e-06,756633470346.0
2025-12-16 17:00:00,4.1e-06,4.12e-06,4.07e-06,4.09e-06,751285848184.0
2025-12-16 18:00:00,4.09e-06,4.16e-06,4.07e-06,4.13e-06,570881068086.0
2025-12-16 19:00:00,4.13e-06,4.15e-06,4.09e-06,4.12e-06,226809109064.0
2025-12-16 20:00:00,4.12e-06,4.14e-06,4.1e-06,4.11e-06,164901783505.0
2025-12-16 21:00:00,4.11e-06,4.13e-06,4.09e-06,4.1e-06,135643116551.0
2025-12-16 22:00:00,4.1e-06,4.12e-06,4.09e-06,4.1e-06,160663425467.0
2025-12-16 23:00:00,4.1e-06,4.11e-06,4.08e-06,4.1e-06,325338638452.0
2025-12-17 00:00:00,4.1e-06,4.1e-06,4.06e-06,4.08e-06,319755466639.0
2025-12-17 01:00:00,4.07e-06,4.13e-06,4.07e-06,4.08e-06,232920960212.0
2025-12-17 02:00:00,4.08e-06,4.11e-06,4.05e-06,4.08e-06,186361510738.0
2025-12-17 03:00:00,4.08e-06,4.11e-06,4.06e-06,4.08e-06,141499379754.0
2025-12-17 04:00:00,4.08e-06,4.09e-06,4.05e-06,4.06e-06,158862888452.0
2025-12-17 05:00:00,4.06e-06,4.08e-06,4.03e-06,4.08e-06,214375175682.0
2025-12-17 06:00:00,4.08e-06,4.09e-06,4.07e-06,4.08e-06,153524419603.0
2025-12-17 07:00:00,4.08e-06,4.09e-06,4.05e-06,4.08e-06,139735555339.0
2025-12-17 08:00:00,4.08e-06,4.09e-06,4.03e-06,4.04e-06,90538152515.0
2025-12-17 09:00:00,4.04e-06,4.05e-06,4.02e-06,4.04e-06,88370726147.0
2025-12-17 10:00:00,4.03e-06,4.05e-06,4.01e-06,4.03e-06,179120973796.0
2025-12-17 11:00:00,4.02e-06,4.06e-06,4.02e-06,4.05e-06,108013084961.0
2025-12-17 12:00:00,4.04e-06,4.06e-06,4.02e-06,4.03e-06,135654827085.0
2025-12-17 13:00:00,4.04e-06,4.1e-06,4.02e-06,4.08e-06,250262893753.0
2025-12-17 14:00:00,4.09e-06,4.18e-06,4.01e-06,4.17e-06,1107007682640.0
2025-12-17 15:00:00,4.17e-06,4.26e-06,4.01e-06,4.03e-06,1946121696459.0
2025-12-17 16:00:00,4.02e-06,4.07e-06,3.9e-06,3.96e-06,1402618850118.0
2025-12-17 17:00:00,3.97e-06,3.98e-06,3.88e-06,3.89e-06,444503604867.0
2025-12-17 18:00:00,3.89e-06,3.94e-06,3.86e-06,3.88e-06,661900234661.0
2025-12-17 19:00:00,3.88e-06,3.93e-06,3.84e-06,3.92e-06,485230361075.0
2025-12-17 20:00:00,3.92e-06,3.97e-06,3.9e-06,3.94e-06,249573378744.0
2025-12-17 21:00:00,3.94e-06,3.96e-06,3.9e-06,3.91e-06,115705775328.0
2025-12-17 22:00:00,3.91e-06,3.93e-06,3.88e-06,3.92e-06,183463074929.0
2025-12-17 23:00:00,3.92e-06,3.92e-06,3.89e-06,3.91e-06,196349208931.0
2025-12-18 00:00:00,3.9e-06,3.91e-06,3.88e-06,3.88e-06,225512080693.0
2025-12-18 01:00:00,3.89e-06,3.89e-06,3.84e-06,3.87e-06,266229801470.0
2025-12-18 02:00:00,3.87e-06,3.92e-06,3.85e-06,3.89e-06,199607261040.0
2025-12-18 03:00:00,3.9e-06,3.9e-06,3.85e-06,3.87e-06,172344184796.0
2025-12-18 04:00:00,3.87e-06,3.89e-06,3.86e-06,3.88e-06,181751244637.0
2025-12-18 05:00:00,3.87e-06,3.88e-06,3.81e-06,3.82e-06,248090675012.0
2025-12-18 06:00:00,3.83e-06,3.89e-06,3.82e-06,3.87e-06,836385556996.0
2025-12-18 07:00:00,3.87e-06,3.89e-06,3.86e-06,3.89e-06,198979876042.0
2025-12-18 08:00:00,3.9e-06,3.92e-06,3.86e-06,3.86e-06,883670224813.0
2025-12-18 09:00:00,3.86e-06,3.89e-06,3.84e-06,3.86e-06,401503542699.0
2025-12-18 10:00:00,3.87e-06,3.89e-06,3.85e-06,3.87e-06,149975001761.0
2025-12-18 11:00:00,3.88e-06,3.88e-06,3.85e-06,3.85e-06,146844247858.0
2025-12-18 12:00:00,3.86e-06,3.87e-06,3.82e-06,3.84e-06,233365687738.0
2025-12-18 13:00:00,3.83e-06,3.98e-06,3.83e-06,3.96e-06,1511257925716.0
2025-12-18 14:00:00,3.97e-06,4.01e-06,3.9e-06,3.93e-06,868856542210.0
2025-12-18 15:00:00,3.94e-06,4.01e-06,3.89e-06,3.97e-06,862527390735.0
2025-12-18 16:00:00,3.97e-06,3.99e-06,3.93e-06,3.95e-06,442014230460.0
2025-12-18 17:00:00,3.94e-06,3.95e-06,3.68e-06,3.79e-06,2354026349993.0
2025-12-18 18:00:00,3.79e-06,3.83e-06,3.73e-06,3.74e-06,710861736401.0
2025-12-18 19:00:00,3.74e-06,3.75e-06,3.63e-06,3.65e-06,1302596873371.0
2025-12-18 20:00:00,3.64e-06,3.7e-06,3.64e-06,3.67e-06,617398170492.0
2025-12-18 21:00:00,3.67e-06,3.76e-06,3.66e-06,3.76e-06,445757750054.0
2025-12-18 22:00:00,3.75e-06,3.78e-06,3.73e-06,3.73e-06,203984196686.0
2025-12-18 23:00:00,3.73e-06,3.75e-06,3.7e-06,3.72e-06,183669704917.0
2025-12-19 00:00:00,3.71e-06,3.74e-06,3.69e-06,3.72e-06,376261053319.0
2025-12-19 01:00:00,3.71e-06,3.72e-06,3.66e-06,3.68e-06,283152824611.0
2025-12-19 02:00:00,3.68e-06,3.71e-06,3.66e-06,3.69e-06,363734181558.0
2025-12-19 03:00:00,3.7e-06,3.85e-06,3.69e-06,3.81e-06,1256726026612.0
2025-12-19 04:00:00,3.81e-06,3.85e-06,3.8e-06,3.84e-06,443442043433.0
2025-12-19 05:00:00,3.84e-06,3.84e-06,3.8e-06,3.82e-06,209432342097.0
2025-12-19 06:00:00,3.81e-06,3.86e-06,3.81e-06,3.86e-06,173659845659.0
2025-12-19 07:00:00,3.86e-06,3.93e-06,3.86e-06,3.87e-06,799397688516.0
2025-12-19 08:00:00,3.87e-06,3.91e-06,3.86e-06,3.9e-06,227047948349.0
2025-12-19 09:00:00,3.9e-06,3.9e-06,3.87e-06,3.89e-06,143861649011.0
2025-12-19 10:00:00,3.88e-06,3.9e-06,3.87e-06,3.9e-06,169708814676.0
2025-12-19 11:00:00,3.9e-06,3.91e-06,3.88e-06,3.9e-06,207627555640.0
2025-12-19 12:00:00,3.9e-06,3.93e-06,3.89e-06,3.9e-06,303464392875.0
2025-12-19 13:00:00,3.9e-06,3.92e-06,3.89e-06,3.91e-06,257183125778.0
2025-12-19 14:00:00,3.91e-06,3.99e-06,3.9e-06,3.97e-06,1050739526899.0
2025-12-19 15:00:00,3.96e-06,4.11e-06,3.94e-06,4e-06,2206514030999.0
2025-12-19 16:00:00,4e-06,4.09e-06,3.99e-06,4.03e-06,947966607088.0
2025-12-19 17:00:00,4.04e-06,4.09e-06,3.97e-06,3.98e-06,917290716255.0
2025-12-19 18:00:00,3.97e-06,4.08e-06,3.97e-06,4.06e-06,323850162607.0
2025-12-19 19:00:00,4.07e-06,4.18e-06,4.06e-06,4.16e-06,580927634875.0
2025-12-19 20:00:00,4.16e-06,4.17e-06,4.13e-06,4.15e-06,420564317948.0
2025-12-19 21:00:00,4.16e-06,4.17e-06,4.11e-06,4.12e-06,448931089071.0
2025-12-19 22:00:00,4.12e-06,4.15e-06,4.12e-06,4.13e-06,138941680533.0
2025-12-19 23:00:00,4.12e-06,4.14e-06,4.11e-06,4.11e-06,191965195575.0
2025-12-20 00:00:00,4.11e-06,4.12e-06,4.07e-06,4.09e-06,304771090215.0
2025-12-20 01:00:00,4.09e-06,4.1e-06,4.06e-06,4.09e-06,212665041876.0
2025-12-20 02:00:00,4.09e-06,4.12e-06,4.07e-06,4.1e-06,125499309672.0
2025-12-20 03:00:00,4.1e-06,4.11e-06,4.08e-06,4.09e-06,150090530467.0
2025-12-20 04:00:00,4.09e-06,4.1e-06,4.04e-06,4.06e-06,371558693754.0
2025-12-20 05:00:00,4.05e-06,4.08e-06,4.05e-06,4.07e-06,193985280520.0
2025-12-20 06:00:00,4.06e-06,4.08e-06,4.05e-06,4.07e-06,61106104522.0
2025-12-20 07:00:00,4.06e-06,4.11e-06,4.06e-06,4.1e-06,194110635905.0
2025-12-20 08:00:00,4.1e-06,4.15e-06,4.09e-06,4.12e-06,317137700336.0
2025-12-20 09:00:00,4.11e-06,4.13e-06,4.08e-06,4.1e-06,245859384594.0
2025-12-20 10:00:00,4.1e-06,4.11e-06,4.07e-06,4.08e-06,134952548654.0
2025-12-20 11:00:00,4.08e-06,4.11e-06,4.08e-06,4.09e-06,74325966366.0
2025-12-20 12:00:00,4.09e-06,4.11e-06,4.07e-06,4.08e-06,59255003221.0
2025-12-20 13:00:00,4.08e-06,4.1e-06,4.05e-06,4.09e-06,248287227194.0
2025-12-20 14:00:00,4.08e-06,4.12e-06,4.06e-06,4.12e-06,193624052092.0
2025-12-20 15:00:00,4.11e-06,4.12e-06,4.08e-06,4.09e-06,170407555778.0
2025-12-20 16:00:00,4.1e-06,4.11e-06,4.08e-06,4.11e-06,150234702422.0
2025-12-20 17:00:00,4.1e-06,4.12e-06,4.09e-06,4.1e-06,87316994141.0
2025-12-20 18:00:00,4.1e-06,4.12e-06,4.09e-06,4.1e-06,107954611745.0
2025-12-20 19:00:00,4.11e-06,4.12e-06,4.09e-06,4.09e-06,95824384382.0
2025-12-20 20:00:00,4.09e-06,4.1e-06,4.07e-06,4.08e-06,88412598385.0
2025-12-20 21:00:00,4.09e-06,4.1e-06,4.07e-06,4.07e-06,136114310829.0
2025-12-20 22:00:00,4.08e-06,4.11e-06,4.07e-06,4.1e-06,116001737810.0
2025-12-20 23:00:00,4.09e-06,4.1e-06,4.07e-06,4.08e-06,118365715370.0
2025-12-21 00:00:00,4.07e-06,4.08e-06,4.05e-06,4.07e-06,111310742659.0
2025-12-21 01:00:00,4.06e-06,4.07e-06,4.04e-06,4.04e-06,184344695960.0
2025-12-21 02:00:00,4.04e-06,4.06e-06,4.02e-06,4.04e-06,204070543216.0
2025-12-21 03:00:00,4.03e-06,4.08e-06,4.03e-06,4.08e-06,149277808926.0
2025-12-21 04:00:00,4.08e-06,4.09e-06,4.05e-06,4.06e-06,91985493283.0
2025-12-21 05:00:00,4.06e-06,4.1e-06,4.06e-06,4.1e-06,140309239533.0
2025-12-21 06:00:00,4.1e-06,4.12e-06,4.08e-06,4.11e-06,178265350835.0
2025-12-21 07:00:00,4.11e-06,4.11e-06,4.08e-06,4.08e-06,143660400459.0
2025-12-21 08:00:00,4.08e-06,4.11e-06,4.06e-06,4.09e-06,190689086454.0
2025-12-21 09:00:00,4.09e-06,4.12e-06,4.07e-06,4.09e-06,237625209865.0
2025-12-21 10:00:00,4.1e-06,4.11e-06,4.07e-06,4.09e-06,125793033316.0
2025-12-21 11:00:00,4.09e-06,4.11e-06,4.07e-06,4.09e-06,91199840790.0
2025-12-21 12:00:00,4.1e-06,4.12e-06,4.06e-06,4.07e-06,168622506171.0
2025-12-21 13:00:00,4.07e-06,4.08e-06,3.95e-06,3.97e-06,862223975389.0
2025-12-21 14:00:00,3.97e-06,4.02e-06,3.96e-06,4.01e-06,330400483485.0
2025-12-21 15:00:00,4e-06,4.03e-06,3.98e-06,4.01e-06,236735849088.0
2025-12-21 16:00:00,4.02e-06,4.05e-06,4e-06,4.04e-06,150185276343.0
2025-12-21 17:00:00,4.04e-06,4.06e-06,4.03e-06,4.05e-06,115017762666.0
2025-12-21 18:00:00,4.06e-06,4.06e-06,4.01e-06,4.02e-06,399939298144.0
2025-12-21 19:00:00,4.02e-06,4.03e-06,3.99e-06,4.02e-06,249105340464.0
2025-12-21 20:00:00,4.02e-06,4.02e-06,3.98e-06,3.99e-06,126399407349.0
2025-12-21 21:00:00,3.99e-06,4e-06,3.95e-06,3.96e-06,286312296101.0
2025-12-21 22:00:00,3.95e-06,4.02e-06,3.94e-06,4.02e-06,234583870585.0
2025-12-21 23:00:00,4.02e-06,4.05e-06,4e-06,4.02e-06,220410056414.0
2025-12-22 00:00:00,4.03e-06,4.15e-06,4.02e-06,4.06e-06,1116760067916.0
2025-12-22 01:00:00,4.05e-06,4.09e-06,4.02e-06,4.02e-06,299442327680.0
2025-12-22 02:00:00,4.03e-06,4.04e-06,3.95e-06,3.99e-06,563173514642.0
2025-12-22 03:00:00,4e-06,4.03e-06,3.97e-06,4.02e-06,223394997322.0
2025-12-22 04:00:00,4.02e-06,4.05e-06,4.01e-06,4.04e-06,161944489735.0
2025-12-22 05:00:00,4.04e-06,4.05e-06,4e-06,4.01e-06,168601417223.0
2025-12-22 06:00:00,4.01e-06,4.04e-06,3.99e-06,4.01e-06,132834291121.0
2025-12-22 07:00:00,4.01e-06,4.04e-06,4e-06,4.02e-06,161603399080.0
2025-12-22 08:00:00,4.02e-06,4.07e-06,3.99e-06,4.01e-06,299763584590.0
2025-12-22 09:00:00,4e-06,4.02e-06,3.98e-06,4e-06,189710152308.0
2025-12-22 10:00:00,4e-06,4.01e-06,3.98e-06,4e-06,146142862365.0
2025-12-22 11:00:00,4e-06,4.01e-06,3.98e-06,3.99e-06,173224662311.0
2025-12-22 12:00:00,3.99e-06,4.04e-06,3.98e-06,4.02e-06,356794961935.0
2025-12-22 13:00:00,4.01e-06,4.03e-06,3.99e-06,4.01e-06,265579428985.0
2025-12-22 14:00:00,4.02e-06,4.06e-06,3.99e-06,4.04e-06,646699856536.0
2025-12-22 15:00:00,4.03e-06,4.08e-06,3.99e-06,4.05e-06,614268527911.0
2025-12-22 16:00:00,4.05e-06,4.07e-06,4.02e-06,4.03e-06,246943693319.0
2025-12-22 17:00:00,4.03e-06,4.04e-06,4.01e-06,4.02e-06,132941039415.0
2025-12-22 18:00:00,4.01e-06,4.05e-06,4e-06,4.02e-06,153169178709.0
2025-12-22 19:00:00,4.02e-06,4.03e-06,3.92e-06,3.94e-06,470267050058.0
2025-12-22 20:00:00,3.93e-06,3.97e-06,3.91e-06,3.94e-06,433961982853.0
2025-12-22 21:00:00,3.94e-06,3.99e-06,3.94e-06,3.98e-06,135103695157.0
2025-12-22 22:00:00,3.97e-06,4.03e-06,3.95e-06,4.03e-06,142520771564.0
2025-12-22 23:00:00,4.03e-06,4.03e-06,4e-06,4.02e-06,60645423478.0
2025-12-23 00:00:00,4.02e-06,4.06e-06,4.01e-06,4.05e-06,184623839785.0
2025-12-23 01:00:00,4.05e-06,4.05e-06,4e-06,4.02e-06,108760224979.0
2025-12-23 02:00:00,4.02e-06,4.05e-06,3.99e-06,4e-06,126316919023.0
2025-12-23 03:00:00,3.99e-06,4.01e-06,3.97e-06,4e-06,122066392100.0
2025-12-23 04:00:00,4e-06,4.01e-06,3.98e-06,3.98e-06,98377328488.0
2025-12-23 05:00:00,3.99e-06,3.99e-06,3.93e-06,3.96e-06,206830059130.0
2025-12-23 06:00:00,3.95e-06,3.97e-06,3.92e-06,3.95e-06,195572754491.0
2025-12-23 07:00:00,3.94e-06,3.96e-06,3.93e-06,3.95e-06,125028089747.0
2025-12-23 08:00:00,3.95e-06,3.98e-06,3.93e-06,3.97e-06,73364754627.0
2025-12-23 09:00:00,3.97e-06,3.99e-06,3.95e-06,3.98e-06,88562442187.0
2025-12-23 10:00:00,3.99e-06,4e-06,3.97e-06,3.98e-06,93383227000.0
2025-12-23 11:00:00,3.98e-06,4e-06,3.97e-06,3.99e-06,82501273983.0
2025-12-23 12:00:00,3.99e-06,3.99e-06,3.94e-06,3.96e-06,95090105914.0
2025-12-23 13:00:00,3.96e-06,3.97e-06,3.91e-06,3.92e-06,220866320238.0
2025-12-23 14:00:00,3.93e-06,3.95e-06,3.86e-06,3.91e-06,453593316159.0
2025-12-23 15:00:00,3.9e-06,3.93e-06,3.88e-06,3.93e-06,268964382023.0
2025-12-23 16:00:00,3.92e-06,3.99e-06,3.91e-06,3.98e-06,317560505084.0
2025-12-23 17:00:00,3.98e-06,3.99e-06,3.89e-06,3.9e-06,146850541936.0
2025-12-23 18:00:00,3.89e-06,3.99e-06,3.89e-06,3.98e-06,245057145068.0
2025-12-23 19:00:00,3.98e-06,4e-06,3.97e-06,3.98e-06,346808302062.0
2025-12-23 20:00:00,3.99e-06,4.03e-06,3.96e-06,3.99e-06,285095958835.0
2025-12-23 21:00:00,3.98e-06,4e-06,3.96e-06,3.97e-06,87766412240.0
2025-12-23 22:00:00,3.97e-06,3.98e-06,3.93e-06,3.93e-06,103772808992.0
2025-12-23 23:00:00,3.93e-06,3.95e-06,3.92e-06,3.94e-06,167233117114.0
2025-12-24 00:00:00,3.93e-06,3.96e-06,3.93e-06,3.95e-06,175353251181.0
2025-12-24 01:00:00,3.95e-06,3.97e-06,3.91e-06,3.92e-06,139138372352.0
2025-12-24 02:00:00,3.92e-06,3.93e-06,3.88e-06,3.9e-06,217711896764.0
2025-12-24 03:00:00,3.89e-06,3.92e-06,3.86e-06,3.92e-06,275037074623.0
2025-12-24 04:00:00,3.92e-06,3.93e-06,3.88e-06,3.89e-06,82313244549.0
2025-12-24 05:00:00,3.89e-06,3.9e-06,3.85e-06,3.87e-06,187484965827.0
2025-12-24 06:00:00,3.87e-06,3.88e-06,3.84e-06,3.87e-06,126467369014.0
2025-12-24 07:00:00,3.87e-06,3.9e-06,3.86e-06,3.88e-06,145172182518.0
2025-12-24 08:00:00,3.87e-06,3.89e-06,3.85e-06,3.87e-06,122765754487.0
2025-12-24 09:00:00,3.88e-06,3.9e-06,3.87e-06,3.88e-06,137516723724.0
2025-12-24 10:00:00,3.89e-06,3.92e-06,3.88e-06,3.9e-06,63965774234.0
2025-12-24 11:00:00,3.91e-06,3.93e-06,3.9e-06,3.91e-06,137164629773.0
2025-12-24 12:00:00,3.91e-06,3.93e-06,3.89e-06,3.91e-06,91272984140.0
2025-12-24 13:00:00,3.92e-06,3.92e-06,3.88e-06,3.89e-06,93550233793.0
2025-12-24 14:00:00,3.9e-06,3.92e-06,3.84e-06,3.9e-06,345823853463.0
2025-12-24 15:00:00,3.91e-06,3.96e-06,3.88e-06,3.94e-06,273080880524.0
2025-12-24 16:00:00,3.94e-06,3.97e-06,3.91e-06,3.96e-06,294521925628.0
2025-12-24 17:00:00,3.96e-06,3.96e-06,3.93e-06,3.94e-06,88443394425.0
2025-12-24 18:00:00,3.94e-06,3.95e-06,3.92e-06,3.94e-06,77893380658.0
2025-12-24 19:00:00,3.94e-06,3.95e-06,3.92e-06,3.94e-06,90995316549.0
2025-12-24 20:00:00,3.94e-06,3.97e-06,3.94e-06,3.96e-06,103999088328.0
2025-12-24 21:00:00,3.96e-06,3.98e-06,3.94e-06,3.97e-06,97330600362.0
2025-12-24 22:00:00,3.97e-06,4.01e-06,3.97e-06,3.99e-06,139448117648.0
2025-12-24 23:00:00,3.99e-06,4e-06,3.96e-06,3.98e-06,109377358835.0
2025-12-25 00:00:00,3.97e-06,3.99e-06,3.95e-06,3.97e-06,93819056842.0
2025-12-25 01:00:00,3.97e-06,4e-06,3.96e-06,3.98e-06,70286017573.0
2025-12-25 02:00:00,3.98e-06,4.03e-06,3.97e-06,4.02e-06,169600269028.0
2025-12-25 03:00:00,4.02e-06,4.06e-06,4e-06,4.02e-06,182705385225.0
2025-12-25 04:00:00,4.02e-06,4.05e-06,4.02e-06,4.03e-06,119891019633.0
2025-12-25 05:00:00,4.03e-06,4.04e-06,4.02e-06,4.03e-06,72113356220.0
2025-12-25 06:00:00,4.04e-06,4.04e-06,4.01e-06,4.04e-06,81956851545.0
2025-12-25 07:00:00,4.04e-06,4.04e-06,4.01e-06,4.03e-06,74394993058.0
2025-12-25 08:00:00,4.03e-06,4.04e-06,3.99e-06,4e-06,199905531526.0
2025-12-25 09:00:00,4e-06,4.02e-06,3.99e-06,4e-06,97180619321.0
2025-12-25 10:00:00,4e-06,4.01e-06,3.95e-06,3.97e-06,192149424073.0
2025-12-25 11:00:00,3.98e-06,3.99e-06,3.96e-06,3.97e-06,82486974757.0
2025-12-25 12:00:00,3.97e-06,3.99e-06,3.96e-06,3.99e-06,74473297441.0
2025-12-25 13:00:00,3.98e-06,4e-06,3.95e-06,3.98e-06,103530079926.0
2025-12-25 14:00:00,3.98e-06,3.99e-06,3.96e-06,3.98e-06,124160043533.0
2025-12-25 15:00:00,3.98e-06,4.03e-06,3.97e-06,4e-06,331316199967.0
2025-12-25 16:00:00,4.01e-06,4.03e-06,3.97e-06,4e-06,148135422795.0
2025-12-25 17:00:00,4e-06,4.01e-06,3.98e-06,4e-06,70464014647.0
2025-12-25 18:00:00,4.01e-06,4.03e-06,4e-06,4.01e-06,158975142535.0
2025-12-25 19:00:00,4.01e-06,4.02e-06,4e-06,4.02e-06,46888123992.0
2025-12-25 20:00:00,4.01e-06,4.03e-06,4e-06,4.01e-06,73075108999.0
2025-12-25 21:00:00,4.01e-06,4.02e-06,3.99e-06,4e-06,70900407525.0
2025-12-25 22:00:00,4e-06,4.01e-06,3.89e-06,3.91e-06,346120446184.0
2025-12-25 23:00:00,3.91e-06,3.95e-06,3.87e-06,3.9e-06,207673452334.0
2025-12-26 00:00:00,3.9e-06,3.92e-06,3.87e-06,3.89e-06,203574873541.0
2025-12-26 01:00:00,3.89e-06,3.95e-06,3.89e-06,3.95e-06,143961240921.0
2025-12-26 02:00:00,3.94e-06,4.1e-06,3.94e-06,4.05e-06,684784262626.0
2025-12-26 03:00:00,4.06e-06,4.06e-06,4e-06,4.01e-06,233542978702.0
2025-12-26 04:00:00,4.01e-06,4.03e-06,3.98e-06,4.02e-06,131013336259.0
2025-12-26 05:00:00,4.02e-06,4.03e-06,4e-06,4.02e-06,80231359938.0
2025-12-26 06:00:00,4.03e-06,4.04e-06,4e-06,4.02e-06,55478829978.0
2025-12-26 07:00:00,4.02e-06,4.04e-06,3.98e-06,4e-06,129309926332.0
2025-12-26 08:00:00,4e-06,4.04e-06,3.99e-06,4.03e-06,97934154076.0
2025-12-26 09:00:00,4.03e-06,4.07e-06,4.02e-06,4.06e-06,132167679511.0
2025-12-26 10:00:00,4.05e-06,4.07e-06,4.04e-06,4.05e-06,106150127483.0
2025-12-26 11:00:00,4.06e-06,4.06e-06,4.03e-06,4.04e-06,47972351653.0
2025-12-26 12:00:00,4.03e-06,4.06e-06,4.03e-06,4.05e-06,85816628688.0
2025-12-26 13:00:00,4.05e-06,4.06e-06,4.02e-06,4.05e-06,143663086837.0
2025-12-26 14:00:00,4.05e-06,4.05e-06,3.95e-06,3.97e-06,374646350204.0
2025-12-26 15:00:00,3.98e-06,4.01e-06,3.94e-06,3.98e-06,312046067847.0
2025-12-26 16:00:00,3.98e-06,4e-06,3.95e-06,3.95e-06,106334049650.0
2025-12-26 17:00:00,3.95e-06,4e-06,3.95e-06,4e-06,162515321976.0
2025-12-26 18:00:00,4e-06,4.02e-06,3.98e-06,4.01e-06,58782961913.0
2025-12-26 19:00:00,4.01e-06,4.03e-06,3.99e-06,4.02e-06,75115689548.0
2025-12-26 20:00:00,4.03e-06,4.05e-06,4.01e-06,4.03e-06,68756641564.0
2025-12-26 21:00:00,4.04e-06,4.05e-06,4.01e-06,4.02e-06,69574986750.0
2025-12-26 22:00:00,4.01e-06,4.04e-06,4e-06,4.03e-06,64428769306.0
2025-12-26 23:00:00,4.03e-06,4.04e-06,4.01e-06,4.03e-06,108606309024.0
2025-12-27 00:00:00,4.04e-06,4.04e-06,4.02e-06,4.03e-06,67399525646.0
2025-12-27 01:00:00,4.04e-06,4.04e-06,4.01e-06,4.04e-06,47668292678.0
2025-12-27 02:00:00,4.03e-06,4.04e-06,4.02e-06,4.03e-06,35975225005.0
2025-12-27 03:00:00,4.03e-06,4.06e-06,4.03e-06,4.05e-06,111945916700.0
2025-12-27 04:00:00,4.05e-06,4.05e-06,4.02e-06,4.03e-06,78537564102.0
2025-12-27 05:00:00,4.03e-06,4.04e-06,4.02e-06,4.03e-06,61079465369.0
2025-12-27 06:00:00,4.04e-06,4.04e-06,4.01e-06,4.02e-06,107996512951.0
2025-12-27 07:00:00,4.01e-06,4.04e-06,4.01e-06,4.03e-06,43348615371.0
2025-12-27 08:00:00,4.02e-06,4.04e-06,4.01e-06,4.03e-06,44753185064.0
2025-12-27 09:00:00,4.03e-06,4.05e-06,4.02e-06,4.03e-06,99344983903.0
2025-12-27 10:00:00,4.03e-06,4.05e-06,4.01e-06,4.03e-06,191596484161.0
2025-12-27 11:00:00,4.04e-06,4.07e-06,4.03e-06,4.06e-06,127864802226.0
2025-12-27 12:00:00,4.06e-06,4.08e-06,4.04e-06,4.05e-06,117958191796.0
2025-12-27 13:00:00,4.06e-06,4.06e-06,4.04e-06,4.06e-06,72854255332.0
2025-12-27 14:00:00,4.05e-06,4.08e-06,4.04e-06,4.07e-06,132613100156.0
2025-12-27 15:00:00,4.07e-06,4.09e-06,4.06e-06,4.09e-06,106552648126.0
2025-12-27 16:00:00,4.09e-06,4.18e-06,4.08e-06,4.14e-06,701141999001.0
2025-12-27 17:00:00,4.14e-06,4.14e-06,4.1e-06,4.13e-06,160338095247.0
2025-12-27 18:00:00,4.13e-06,4.13e-06,4.09e-06,4.11e-06,101784568848.0
2025-12-27 19:00:00,4.11e-06,4.13e-06,4.1e-06,4.13e-06,64239718264.0
2025-12-27 20:00:00,4.12e-06,4.14e-06,4.1e-06,4.12e-06,83788746980.0
2025-12-27 21:00:00,4.12e-06,4.17e-06,4.11e-06,4.16e-06,66034296356.0
2025-12-27 22:00:00,4.16e-06,4.2e-06,4.13e-06,4.15e-06,242724808670.0
2025-12-27 23:00:00,4.15e-06,4.22e-06,4.14e-06,4.19e-06,223067507374.0
2025-12-28 00:00:00,4.2e-06,4.21e-06,4.17e-06,4.18e-06,176882329811.0
2025-12-28 01:00:00,4.18e-06,4.19e-06,4.15e-06,4.15e-06,130539707850.0
2025-12-28 02:00:00,4.15e-06,4.18e-06,4.14e-06,4.17e-06,65513235156.0
2025-12-28 03:00:00,4.18e-06,4.18e-06,4.16e-06,4.16e-06,49294373496.0
2025-12-28 04:00:00,4.16e-06,4.18e-06,4.14e-06,4.16e-06,53804994757.0
2025-12-28 05:00:00,4.16e-06,4.18e-06,4.14e-06,4.16e-06,117324223092.0
2025-12-28 06:00:00,4.16e-06,4.19e-06,4.15e-06,4.18e-06,98892081760.0
2025-12-28 07:00:00,4.18e-06,4.19e-06,4.15e-06,4.15e-06,64057623196.0
2025-12-28 08:00:00,4.15e-06,4.19e-06,4.15e-06,4.16e-06,110964113180.0
2025-12-28 09:00:00,4.15e-06,4.17e-06,4.13e-06,4.15e-06,120750837078.0
2025-12-28 10:00:00,4.16e-06,4.18e-06,4.14e-06,4.16e-06,58828214836.0
2025-12-28 11:00:00,4.17e-06,4.19e-06,4.16e-06,4.16e-06,167093625129.0
2025-12-28 12:00:00,4.17e-06,4.18e-06,4.15e-06,4.15e-06,61847544911.0
2025-12-28 13:00:00,4.15e-06,4.18e-06,4.15e-06,4.17e-06,55524103531.0
2025-12-28 14:00:00,4.17e-06,4.27e-06,4.17e-06,4.24e-06,524598041260.0
2025-12-28 15:00:00,4.25e-06,4.25e-06,4.2e-06,4.2e-06,195134311928.0
2025-12-28 16:00:00,4.21e-06,4.23e-06,4.18e-06,4.2e-06,168116206328.0
2025-12-28 17:00:00,4.2e-06,4.22e-06,4.19e-06,4.2e-06,64670357969.0
2025-12-28 18:00:00,4.19e-06,4.2e-06,4.13e-06,4.13e-06,253453789110.0
2025-12-28 19:00:00,4.14e-06,4.17e-06,4.13e-06,4.14e-06,287986710781.0
2025-12-28 20:00:00,4.14e-06,4.17e-06,4.12e-06,4.15e-06,139306883855.0
2025-12-28 21:00:00,4.15e-06,4.16e-06,4.13e-06,4.15e-06,95708811473.0
2025-12-28 22:00:00,4.14e-06,4.18e-06,4.13e-06,4.17e-06,82833030518.0
2025-12-28 23:00:00,4.17e-06,4.19e-06,4.14e-06,4.17e-06,116427196365.0
2025-12-29 00:00:00,4.18e-06,4.25e-06,4.16e-06,4.21e-06,304540566069.0
2025-12-29 01:00:00,4.21e-06,4.26e-06,4.17e-06,4.24e-06,310490978884.0
2025-12-29 02:00:00,4.25e-06,4.33e-06,4.25e-06,4.25e-06,273309818141.0
2025-12-29 03:00:00,4.26e-06,4.31e-06,4.25e-06,4.3e-06,304227517077.0
2025-12-29 04:00:00,4.3e-06,4.31e-06,4.26e-06,4.27e-06,208842639787.0
2025-12-29 05:00:00,4.26e-06,4.27e-06,4.23e-06,4.23e-06,126563183711.0
2025-12-29 06:00:00,4.23e-06,4.27e-06,4.21e-06,4.22e-06,156540234947.0
2025-12-29 07:00:00,4.22e-06,4.23e-06,4.19e-06,4.23e-06,277904272875.0
2025-12-29 08:00:00,4.23e-06,4.23e-06,4.19e-06,4.2e-06,104737363621.0
2025-12-29 09:00:00,4.2e-06,4.21e-06,4.11e-06,4.15e-06,287426096619.0
2025-12-29 10:00:00,4.15e-06,4.18e-06,4.13e-06,4.16e-06,183577040044.0
2025-12-29 11:00:00,4.16e-06,4.17e-06,4.14e-06,4.15e-06,90411329857.0
2025-12-29 12:00:00,4.14e-06,4.16e-06,4.05e-06,4.09e-06,416616792082.0
2025-12-29 13:00:00,4.09e-06,4.1e-06,4.06e-06,4.08e-06,138887755640.0
2025-12-29 14:00:00,4.08e-06,4.12e-06,4.05e-06,4.06e-06,386290443496.0
2025-12-29 15:00:00,4.07e-06,4.12e-06,4.06e-06,4.1e-06,292610696753.0
2025-12-29 16:00:00,4.1e-06,4.11e-06,4.07e-06,4.08e-06,138780771942.0
2025-12-29 17:00:00,4.08e-06,4.12e-06,4.07e-06,4.11e-06,121863303012.0
2025-12-29 18:00:00,4.12e-06,4.13e-06,4.08e-06,4.09e-06,173491737876.0
2025-12-29 19:00:00,4.09e-06,4.12e-06,4.08e-06,4.09e-06,115493072831.0
2025-12-29 20:00:00,4.09e-06,4.11e-06,4.07e-06,4.08e-06,89423341198.0
2025-12-29 21:00:00,4.07e-06,4.1e-06,4.07e-06,4.09e-06,93810030964.0
2025-12-29 22:00:00,4.09e-06,4.1e-06,4.07e-06,4.08e-06,99577250744.0
2025-12-29 23:00:00,4.08e-06,4.09e-06,4.06e-06,4.08e-06,67873645834.0
2025-12-30 00:00:00,4.07e-06,4.09e-06,4.05e-06,4.07e-06,153731573350.0
2025-12-30 01:00:00,4.08e-06,4.09e-06,4.06e-06,4.07e-06,72126234601.0
2025-12-30 02:00:00,4.07e-06,4.08e-06,4.05e-06,4.06e-06,77043991622.0
2025-12-30 03:00:00,4.06e-06,4.07e-06,3.99e-06,4.05e-06,434127633267.0
2025-12-30 04:00:00,4.06e-06,4.09e-06,4.04e-06,4.07e-06,110083263383.0
2025-12-30 05:00:00,4.08e-06,4.08e-06,4.03e-06,4.05e-06,61008715157.0
2025-12-30 06:00:00,4.06e-06,4.08e-06,4.05e-06,4.07e-06,71240786900.0
2025-12-30 07:00:00,4.06e-06,4.08e-06,4.05e-06,4.08e-06,54104068482.0
2025-12-30 08:00:00,4.08e-06,4.13e-06,4.07e-06,4.1e-06,219096229744.0
2025-12-30 09:00:00,4.1e-06,4.14e-06,4.09e-06,4.13e-06,154113854762.0
2025-12-30 10:00:00,4.12e-06,4.13e-06,4.1e-06,4.1e-06,43835670675.0
2025-12-30 11:00:00,4.1e-06,4.11e-06,4.08e-06,4.09e-06,85657455859.0
2025-12-30 12:00:00,4.1e-06,4.13e-06,4.09e-06,4.11e-06,329881236104.0
2025-12-30 13:00:00,4.11e-06,4.18e-06,4.1e-06,4.17e-06,594751637185.0
2025-12-30 14:00:00,4.17e-06,4.18e-06,4.11e-06,4.16e-06,364242696889.0
2025-12-30 15:00:00,4.16e-06,4.18e-06,4.12e-06,4.18e-06,128201004479.0
2025-12-30 16:00:00,4.18e-06,4.22e-06,4.16e-06,4.18e-06,265384977058.0
2025-12-30 17:00:00,4.18e-06,4.2e-06,4.14e-06,4.16e-06,175768470615.0
2025-12-30 18:00:00,4.16e-06,4.16e-06,4.12e-06,4.15e-06,76202753129.0
2025-12-30 19:00:00,4.14e-06,4.16e-06,4.11e-06,4.14e-06,126066860198.0
2025-12-30 20:00:00,4.15e-06,4.15e-06,4.12e-06,4.12e-06,70981946163.0
2025-12-30 21:00:00,4.12e-06,4.15e-06,4.12e-06,4.13e-06,101353922816.0
2025-12-30 22:00:00,4.14e-06,4.16e-06,4.13e-06,4.14e-06,41221621352.0
2025-12-30 23:00:00,4.13e-06,4.15e-06,4.13e-06,4.14e-06,107095781714.0
2025-12-31 00:00:00,4.14e-06,4.16e-06,4.12e-06,4.15e-06,81542143583.0
2025-12-31 01:00:00,4.15e-06,4.17e-06,4.13e-06,4.16e-06,130969704572.0
2025-12-31 02:00:00,4.15e-06,4.16e-06,4.12e-06,4.14e-06,80151227066.0
2025-12-31 03:00:00,4.13e-06,4.14e-06,4.11e-06,4.13e-06,56082490288.0
2025-12-31 04:00:00,4.13e-06,4.14e-06,4.11e-06,4.12e-06,40222804663.0
2025-12-31 05:00:00,4.12e-06,4.13e-06,4.1e-06,4.11e-06,56306076035.0
2025-12-31 06:00:00,4.12e-06,4.13e-06,4.1e-06,4.12e-06,57378380548.0
2025-12-31 07:00:00,4.11e-06,4.13e-06,4.1e-06,4.11e-06,57918635769.0
2025-12-31 08:00:00,4.11e-06,4.13e-06,4.09e-06,4.1e-06,100150999713.0
2025-12-31 09:00:00,4.1e-06,4.12e-06,4.09e-06,4.1e-06,130011210464.0
2025-12-31 10:00:00,4.1e-06,4.11e-06,4.08e-06,4.09e-06,66568357472.0
2025-12-31 11:00:00,4.1e-06,4.14e-06,4.09e-06,4.14e-06,137961306536.0
2025-12-31 12:00:00,4.13e-06,4.14e-06,4.1e-06,4.1e-06,149156401565.0
2025-12-31 13:00:00,4.1e-06,4.13e-06,4.1e-06,4.12e-06,89257308505.0
2025-12-31 14:00:00,4.12e-06,4.15e-06,4.1e-06,4.12e-06,234781357909.0
2025-12-31 15:00:00,4.12e-06,4.13e-06,4.07e-06,4.1e-06,201344897923.0
2025-12-31 16:00:00,4.09e-06,4.11e-06,3.98e-06,4.03e-06,547110746389.0
2025-12-31 17:00:00,4.03e-06,4.04e-06,3.99e-06,4.01e-06,173856853039.0
2025-12-31 18:00:00,4e-06,4.03e-06,3.98e-06,4.01e-06,128872816435.0
2025-12-31 19:00:00,4.01e-06,4.03e-06,4.01e-06,4.01e-06,189024287175.0
2025-12-31 20:00:00,4.02e-06,4.05e-06,3.99e-06,4.05e-06,168423003472.0
2025-12-31 21:00:00,4.04e-06,4.07e-06,4.03e-06,4.06e-06,77250209790.0
2025-12-31 22:00:00,4.05e-06,4.06e-06,4.03e-06,4.03e-06,38709043578.0
2025-12-31 23:00:00,4.04e-06,4.04e-06,4.02e-06,4.03e-06,94129079599.0
2026-01-01 00:00:00,4.04e-06,4.07e-06,4.03e-06,4.05e-06,167249854065.0
2026-01-01 01:00:00,4.05e-06,4.07e-06,4.04e-06,4.06e-06,88101440869.0
2026-01-01 02:00:00,4.06e-06,4.07e-06,4.04e-06,4.07e-06,52894802522.0
2026-01-01 03:00:00,4.07e-06,4.08e-06,4.05e-06,4.06e-06,52380005689.0
2026-01-01 04:00:00,4.06e-06,4.06e-06,4.03e-06,4.06e-06,35612059112.0
2026-01-01 05:00:00,4.06e-06,4.09e-06,4.05e-06,4.08e-06,149138229060.0
2026-01-01 06:00:00,4.09e-06,4.11e-06,4.08e-06,4.1e-06,127789589754.0
2026-01-01 07:00:00,4.1e-06,4.12e-06,4.08e-06,4.1e-06,139210398856.0
2026-01-01 08:00:00,4.1e-06,4.14e-06,4.09e-06,4.13e-06,136670926175.0
2026-01-01 09:00:00,4.14e-06,4.17e-06,4.13e-06,4.16e-06,244212557479.0
2026-01-01 10:00:00,4.16e-06,4.18e-06,4.14e-06,4.17e-06,187698176043.0
2026-01-01 11:00:00,4.18e-06,4.18e-06,4.15e-06,4.17e-06,201430491276.0
2026-01-01 12:00:00,4.17e-06,4.18e-06,4.14e-06,4.16e-06,120144325538.0
2026-01-01 13:00:00,4.15e-06,4.18e-06,4.15e-06,4.16e-06,128923410040.0
2026-01-01 14:00:00,4.17e-06,4.19e-06,4.15e-06,4.18e-06,150643309559.0
2026-01-01 15:00:00,4.18e-06,4.29e-06,4.17e-06,4.25e-06,790866498347.0
2026-01-01 16:00:00,4.25e-06,4.37e-06,4.25e-06,4.34e-06,1032233051023.0
2026-01-01 17:00:00,4.34e-06,4.54e-06,4.34e-06,4.48e-06,1882819886187.0
2026-01-01 18:00:00,4.49e-06,4.6e-06,4.46e-06,4.57e-06,1036781479433.0
2026-01-01 19:00:00,4.57e-06,4.69e-06,4.55e-06,4.69e-06,1105318225024.0
2026-01-01 20:00:00,4.69e-06,4.79e-06,4.67e-06,4.78e-06,1340083630506.0
2026-01-01 21:00:00,4.77e-06,4.8e-06,4.67e-06,4.75e-06,1273333796013.0
2026-01-01 22:00:00,4.75e-06,4.96e-06,4.74e-06,4.94e-06,1896938251165.0
2026-01-01 23:00:00,4.94e-06,4.98e-06,4.88e-06,4.92e-06,1329725109408.0
2026-01-02 00:00:00,4.93e-06,4.96e-06,4.87e-06,4.93e-06,1272454393985.0
2026-01-02 01:00:00,4.92e-06,4.97e-06,4.87e-06,4.89e-06,737288682719.0
2026-01-02 02:00:00,4.89e-06,4.96e-06,4.81e-06,4.94e-06,1120878621009.0
2026-01-02 03:00:00,4.95e-06,5.2e-06,4.94e-06,5.11e-06,3337195162206.0
2026-01-02 04:00:00,5.11e-06,5.17e-06,5.1e-06,5.14e-06,1321625071561.0
2026-01-02 05:00:00,5.15e-06,5.26e-06,5.08e-06,5.16e-06,1343025428647.0
2026-01-02 06:00:00,5.16e-06,5.25e-06,5.09e-06,5.12e-06,1685710467425.0
2026-01-02 07:00:00,5.12e-06,5.14e-06,5.04e-06,5.09e-06,1215739043928.0
2026-01-02 08:00:00,5.1e-06,5.14e-06,5.08e-06,5.1e-06,855177590973.0
2026-01-02 09:00:00,5.1e-06,5.26e-06,5.07e-06,5.17e-06,2094824144542.0
2026-01-02 10:00:00,5.17e-06,5.33e-06,5.15e-06,5.27e-06,1883546842118.0
2026-01-02 11:00:00,5.28e-06,5.3e-06,5.18e-06,5.22e-06,1535831774258.0
2026-01-02 12:00:00,5.21e-06,5.9e-06,5.2e-06,5.65e-06,6309462442909.0
2026-01-02 13:00:00,5.65e-06,5.81e-06,5.58e-06,5.67e-06,3246990396141.0
2026-01-02 14:00:00,5.67e-06,5.71e-06,5.44e-06,5.6e-06,3299033294857.0
2026-01-02 15:00:00,5.59e-06,5.67e-06,5.51e-06,5.55e-06,1367535473366.0
2026-01-02 16:00:00,5.55e-06,6.1e-06,5.52e-06,6.01e-06,3502573078977.0
2026-01-02 17:00:00,6.02e-06,6.05e-06,5.87e-06,5.97e-06,2089163859098.0
2026-01-02 18:00:00,5.97e-06,6.06e-06,5.84e-06,5.91e-06,1431695139069.0
2026-01-02 19:00:00,5.91e-06,5.97e-06,5.88e-06,5.9e-06,715302087096.0
2026-01-02 20:00:00,5.89e-06,5.97e-06,5.86e-06,5.95e-06,797230383671.0
2026-01-02 21:00:00,5.95e-06,6.03e-06,5.89e-06,5.97e-06,1054670991878.0
2026-01-02 22:00:00,5.97e-06,6.16e-06,5.89e-06,6.1e-06,1603742166713.0
2026-01-02 23:00:00,6.11e-06,6.11e-06,5.95e-06,6.01e-06,1311231473753.0
2026-01-03 00:00:00,6e-06,6.29e-06,5.99e-06,6.15e-06,2115210016314.0
2026-01-03 01:00:00,6.15e-06,6.17e-06,6.04e-06,6.11e-06,1035312017818.0
2026-01-03 02:00:00,6.11e-06,6.3e-06,6.04e-06,6.2e-06,1393033124479.0
2026-01-03 03:00:00,6.19e-06,6.25e-06,6.15e-06,6.17e-06,1093540051015.0
2026-01-03 04:00:00,6.17e-06,6.19e-06,6.06e-06,6.08e-06,1010145349953.0
2026-01-03 05:00:00,6.09e-06,6.13e-06,6.01e-06,6.07e-06,840980306887.0
2026-01-03 06:00:00,6.08e-06,6.14e-06,5.87e-06,5.92e-06,1273598162631.0
2026-01-03 07:00:00,5.92e-06,5.94e-06,5.74e-06,5.82e-06,2146886248181.0
2026-01-03 08:00:00,5.81e-06,6.15e-06,5.75e-06,6.08e-06,2947730538477.0
2026-01-03 09:00:00,6.09e-06,6.24e-06,6.06e-06,6.11e-06,1625805459059.0
2026-01-03 10:00:00,6.12e-06,6.14e-06,5.98e-06,6e-06,652979619320.0
2026-01-03 11:00:00,5.99e-06,6.01e-06,5.94e-06,5.96e-06,560353126365.0
2026-01-03 12:00:00,5.96e-06,6.02e-06,5.95e-06,6.01e-06,702019997534.0
2026-01-03 13:00:00,6.01e-06,6.07e-06,5.98e-06,6.05e-06,538212997806.0
2026-01-03 14:00:00,6.04e-06,6.12e-06,6.02e-06,6.11e-06,705592883276.0
2026-01-03 15:00:00,6.12e-06,6.16e-06,6.02e-06,6.14e-06,867583532726.0
2026-01-03 16:00:00,6.13e-06,6.3e-06,6.04e-06,6.06e-06,1638119774558.0
2026-01-03 17:00:00,6.05e-06,6.18e-06,6.05e-06,6.1e-06,677660493390.0
2026-01-03 18:00:00,6.1e-06,6.13e-06,6.07e-06,6.08e-06,389797325417.0
2026-01-03 19:00:00,6.09e-06,6.1e-06,6.05e-06,6.09e-06,234125869894.0
2026-01-03 20:00:00,6.09e-06,6.17e-06,6.03e-06,6.11e-06,519508924253.0
2026-01-03 21:00:00,6.11e-06,6.15e-06,6.08e-06,6.12e-06,221855006488.0
2026-01-03 22:00:00,6.11e-06,6.19e-06,6.1e-06,6.14e-06,453492627259.0
2026-01-03 23:00:00,6.14e-06,6.21e-06,6.09e-06,6.1e-06,569202105253.0
2026-01-04 00:00:00,6.1e-06,6.36e-06,6.09e-06,6.27e-06,2626143853824.0
2026-01-04 01:00:00,6.27e-06,6.3e-06,6.16e-06,6.25e-06,1007822933493.0
2026-01-04 02:00:00,6.25e-06,6.39e-06,6.19e-06,6.3e-06,1568952177921.0
2026-01-04 03:00:00,6.3e-06,6.63e-06,6.29e-06,6.43e-06,2478301711355.0
2026-01-04 04:00:00,6.43e-06,6.47e-06,6.31e-06,6.34e-06,829366381603.0
2026-01-04 05:00:00,6.34e-06,6.44e-06,6.31e-06,6.43e-06,682375901822.0
2026-01-04 06:00:00,6.43e-06,6.46e-06,6.37e-06,6.4e-06,590203300630.0
2026-01-04 07:00:00,6.4e-06,6.55e-06,6.37e-06,6.52e-06,784349652575.0
2026-01-04 08:00:00,6.51e-06,6.92e-06,6.46e-06,6.82e-06,3348335561188.0
2026-01-04 09:00:00,6.81e-06,7.07e-06,6.74e-06,6.93e-06,2287213456504.0
2026-01-04 10:00:00,6.92e-06,7e-06,6.82e-06,6.95e-06,1389407359345.0
2026-01-04 11:00:00,6.94e-06,7.11e-06,6.92e-06,7.09e-06,1552648099389.0
2026-01-04 12:00:00,7.09e-06,7.16e-06,6.94e-06,7e-06,1229391991316.0
2026-01-04 13:00:00,7.01e-06,7.03e-06,6.86e-06,6.92e-06,1424522849728.0
2026-01-04 14:00:00,6.91e-06,7.04e-06,6.84e-06,6.98e-06,1217572335269.0
2026-01-04 15:00:00,6.99e-06,7.04e-06,6.88e-06,6.98e-06,1183443668070.0
2026-01-04 16:00:00,6.99e-06,7.08e-06,6.95e-06,7.06e-06,972357229752.0
2026-01-04 17:00:00,7.06e-06,7.17e-06,7.02e-06,7.03e-06,1047103761384.0
2026-01-04 18:00:00,7.03e-06,7.08e-06,6.97e-06,7.05e-06,580671028771.0
2026-01-04 19:00:00,7.05e-06,7.06e-06,6.78e-06,6.99e-06,1527183226675.0
2026-01-04 20:00:00,6.98e-06,7.08e-06,6.97e-06,7.05e-06,612423826778.0
2026-01-04 21:00:00,7.06e-06,7.16e-06,7.02e-06,7.07e-06,732501357855.0
2026-01-04 22:00:00,7.07e-06,7.21e-06,7.05e-06,7.11e-06,1110004504889.0
2026-01-04 23:00:00,7.11e-06,7.26e-06,7.09e-06,7.18e-06,1318575139334.0
2026-01-05 00:00:00,7.17e-06,7.26e-06,7.03e-06,7.08e-06,1226343750887.0
2026-01-05 01:00:00,7.08e-06,7.16e-06,7.05e-06,7.08e-06,937709837779.0
2026-01-05 02:00:00,7.07e-06,7.15e-06,6.89e-06,7.11e-06,2022372098773.0
2026-01-05 03:00:00,7.11e-06,7.12e-06,6.97e-06,7.01e-06,676669308105.0
2026-01-05 04:00:00,7.01e-06,7.09e-06,6.87e-06,7.06e-06,1191395575970.0
2026-01-05 05:00:00,7.06e-06,7.11e-06,6.93e-06,6.96e-06,907787394548.0
2026-01-05 06:00:00,6.95e-06,6.99e-06,6.87e-06,6.92e-06,1041963678075.0
2026-01-05 07:00:00,6.91e-06,6.99e-06,6.86e-06,6.93e-06,641515483396.0
2026-01-05 08:00:00,6.93e-06,6.95e-06,6.88e-06,6.89e-06,642876953611.0
2026-01-05 09:00:00,6.89e-06,6.9e-06,6.58e-06,6.72e-06,3289981941506.0
2026-01-05 10:00:00,6.72e-06,6.82e-06,6.67e-06,6.76e-06,1006301151131.0
2026-01-05 11:00:00,6.75e-06,6.82e-06,6.74e-06,6.79e-06,438766904389.0
2026-01-05 12:00:00,6.79e-06,6.8e-06,6.73e-06,6.77e-06,431588081266.0
2026-01-05 13:00:00,6.77e-06,6.79e-06,6.73e-06,6.76e-06,441066823423.0
2026-01-05 14:00:00,6.76e-06,6.79e-06,6.66e-06,6.75e-06,1013390720445.0
2026-01-05 15:00:00,6.76e-06,6.93e-06,6.68e-06,6.79e-06,2167547923278.0
2026-01-05 16:00:00,6.79e-06,6.92e-06,6.77e-06,6.86e-06,1204796298569.0
2026-01-05 17:00:00,6.86e-06,6.98e-06,6.8e-06,6.91e-06,855353116765.0
2026-01-05 18:00:00,6.92e-06,6.93e-06,6.84e-06,6.92e-06,633238209209.0
2026-01-05 19:00:00,6.91e-06,6.93e-06,6.85e-06,6.88e-06,365131040724.0
2026-01-05 20:00:00,6.88e-06,6.95e-06,6.81e-06,6.86e-06,690158146011.0
2026-01-05 21:00:00,6.87e-06,6.94e-06,6.85e-06,6.89e-06,492580730256.0
2026-01-05 22:00:00,6.88e-06,7.05e-06,6.88e-06,7.01e-06,680719133256.0
2026-01-05 23:00:00,7.01e-06,7.03e-06,6.94e-06,7e-06,490713295500.0
2026-01-06 00:00:00,7.01e-06,7.11e-06,6.91e-06,7.05e-06,690804529171.0
2026-01-06 01:00:00,7.06e-06,7.1e-06,6.94e-06,6.98e-06,582709110595.0
2026-01-06 02:00:00,6.97e-06,7e-06,6.84e-06,6.9e-06,628016084117.0
2026-01-06 03:00:00,6.9e-06,7.08e-06,6.9e-06,7.05e-06,953883524684.0
2026-01-06 04:00:00,7.05e-06,7.06e-06,6.91e-06,6.93e-06,700141795433.0
2026-01-06 05:00:00,6.93e-06,6.94e-06,6.86e-06,6.89e-06,421288438766.0
2026-01-06 06:00:00,6.88e-06,6.94e-06,6.85e-06,6.89e-06,420025149558.0
2026-01-06 07:00:00,6.9e-06,6.91e-06,6.71e-06,6.79e-06,709039090998.0
2026-01-06 08:00:00,6.8e-06,6.85e-06,6.7e-06,6.74e-06,584380162919.0
2026-01-06 09:00:00,6.73e-06,6.8e-06,6.71e-06,6.77e-06,345344376239.0
2026-01-06 10:00:00,6.77e-06,7e-06,6.76e-06,6.98e-06,786393238237.0
2026-01-06 11:00:00,6.99e-06,6.99e-06,6.81e-06,6.83e-06,804948771545.0
2026-01-06 12:00:00,6.83e-06,6.89e-06,6.81e-06,6.85e-06,487341229131.0
2026-01-06 13:00:00,6.85e-06,6.92e-06,6.84e-06,6.86e-06,656721677360.0
2026-01-06 14:00:00,6.87e-06,6.96e-06,6.82e-06,6.85e-06,1164968832011.0
2026-01-06 15:00:00,6.85e-06,6.88e-06,6.62e-06,6.68e-06,1622395287729.0
2026-01-06 16:00:00,6.68e-06,6.69e-06,6.35e-06,6.45e-06,3434565382945.0
2026-01-06 17:00:00,6.45e-06,6.55e-06,6.42e-06,6.46e-06,1291465772834.0
2026-01-06 18:00:00,6.45e-06,6.66e-06,6.43e-06,6.6e-06,782822321842.0
2026-01-06 19:00:00,6.6e-06,6.62e-06,6.54e-06,6.54e-06,224061350088.0
2026-01-06 20:00:00,6.55e-06,6.59e-06,6.5e-06,6.52e-06,317127626995.0
2026-01-06 21:00:00,6.52e-06,6.66e-06,6.52e-06,6.61e-06,611436724956.0
2026-01-06 22:00:00,6.61e-06,6.66e-06,6.58e-06,6.61e-06,341404465015.0
2026-01-06 23:00:00,6.61e-06,6.76e-06,6.6e-06,6.71e-06,521389410766.0
2026-01-07 00:00:00,6.71e-06,6.71e-06,6.54e-06,6.54e-06,417311437869.0
2026-01-07 01:00:00,6.55e-06,6.59e-06,6.51e-06,6.54e-06,404410208760.0
2026-01-07 02:00:00,6.53e-06,6.63e-06,6.51e-06,6.61e-06,303053314061.0
2026-01-07 03:00:00,6.62e-06,6.7e-06,6.6e-06,6.67e-06,307571271705.0
2026-01-07 04:00:00,6.67e-06,6.73e-06,6.64e-06,6.67e-06,356977693282.0
2026-01-07 05:00:00,6.68e-06,6.78e-06,6.6e-06,6.74e-06,677289248422.0
2026-01-07 06:00:00,6.73e-06,6.9e-06,6.71e-06,6.73e-06,1305478765892.0
2026-01-07 07:00:00,6.73e-06,6.87e-06,6.65e-06,6.86e-06,822427844991.0
2026-01-07 08:00:00,6.87e-06,7.1e-06,6.82e-06,6.89e-06,2292437693759.0
2026-01-07 09:00:00,6.89e-06,6.89e-06,6.7e-06,6.75e-06,1581005639799.0
2026-01-07 10:00:00,6.74e-06,6.79e-06,6.68e-06,6.69e-06,643905843944.0
2026-01-07 11:00:00,6.69e-06,6.78e-06,6.68e-06,6.7e-06,394905061361.0
2026-01-07 12:00:00,6.7e-06,6.71e-06,6.55e-06,6.58e-06,826904465307.0
2026-01-07 13:00:00,6.57e-06,6.61e-06,6.53e-06,6.55e-06,481673287232.0
2026-01-07 14:00:00,6.54e-06,6.75e-06,6.48e-06,6.73e-06,1616889499909.0
2026-01-07 15:00:00,6.73e-06,6.74e-06,6.56e-06,6.59e-06,1094042209048.0
2026-01-07 16:00:00,6.58e-06,6.85e-06,6.57e-06,6.8e-06,1152803900121.0
2026-01-07 17:00:00,6.8e-06,6.81e-06,6.66e-06,6.68e-06,604680723698.0
2026-01-07 18:00:00,6.68e-06,6.72e-06,6.57e-06,6.6e-06,563413922970.0
2026-01-07 19:00:00,6.6e-06,6.67e-06,6.52e-06,6.62e-06,572297231409.0
2026-01-07 20:00:00,6.61e-06,6.65e-06,6.55e-06,6.63e-06,356167489654.0
2026-01-07 21:00:00,6.63e-06,6.71e-06,6.61e-06,6.62e-06,338039110098.0
2026-01-07 22:00:00,6.61e-06,6.63e-06,6.46e-06,6.52e-06,437736301288.0
2026-01-07 23:00:00,6.51e-06,6.63e-06,6.49e-06,6.56e-06,336888844340.0
2026-01-08 00:00:00,6.57e-06,6.6e-06,6.49e-06,6.56e-06,219725642975.0
2026-01-08 01:00:00,6.55e-06,6.63e-06,6.52e-06,6.61e-06,308334805707.0
2026-01-08 02:00:00,6.61e-06,6.7e-06,6.54e-06,6.54e-06,685490238790.0
2026-01-08 03:00:00,6.54e-06,6.57e-06,6.41e-06,6.49e-06,407187097678.0
2026-01-08 04:00:00,6.5e-06,6.59e-06,6.47e-06,6.55e-06,418286497181.0
2026-01-08 05:00:00,6.55e-06,6.58e-06,6.5e-06,6.52e-06,172775839209.0
2026-01-08 06:00:00,6.52e-06,6.57e-06,6.36e-06,6.4e-06,671137708540.0
2026-01-08 07:00:00,6.39e-06,6.5e-06,6.32e-06,6.43e-06,1210015393255.0
2026-01-08 08:00:00,6.42e-06,6.47e-06,6.25e-06,6.31e-06,817338369664.0
2026-01-08 09:00:00,6.32e-06,6.36e-06,6.21e-06,6.25e-06,1171107029334.0
2026-01-08 10:00:00,6.25e-06,6.3e-06,6.15e-06,6.28e-06,1021467746172.0
2026-01-08 11:00:00,6.28e-06,6.3e-06,6.18e-06,6.22e-06,383574627070.0
2026-01-08 12:00:00,6.22e-06,6.25e-06,6.02e-06,6.13e-06,1429498853536.0
2026-01-08 13:00:00,6.12e-06,6.17e-06,6.07e-06,6.08e-06,494379245520.0
2026-01-08 14:00:00,6.08e-06,6.12e-06,5.99e-06,6.1e-06,1566438225900.0
2026-01-08 15:00:00,6.09e-06,6.26e-06,6.05e-06,6.24e-06,1293027570864.0
2026-01-08 16:00:00,6.23e-06,6.25e-06,6.06e-06,6.15e-06,757508679354.0
2026-01-08 17:00:00,6.16e-06,6.23e-06,6.14e-06,6.22e-06,525223877837.0
2026-01-08 18:00:00,6.21e-06,6.23e-06,6.14e-06,6.15e-06,273425084985.0
2026-01-08 19:00:00,6.15e-06,6.19e-06,6.1e-06,6.11e-06,222501159076.0
2026-01-08 20:00:00,6.11e-06,6.14e-06,6.05e-06,6.12e-06,198472605315.0
2026-01-08 21:00:00,6.13e-06,6.2e-06,6.12e-06,6.19e-06,271301184390.0
2026-01-08 22:00:00,6.18e-06,6.22e-06,6.12e-06,6.14e-06,411712247627.0
2026-01-08 23:00:00,6.14e-06,6.17e-06,6.07e-06,6.08e-06,698237272962.0
2026-01-09 00:00:00,6.08e-06,6.12e-06,6.07e-06,6.1e-06,320743197129.0
2026-01-09 01:00:00,6.1e-06,6.12e-06,5.94e-06,6.02e-06,1133526502909.0
2026-01-09 02:00:00,6.02e-06,6.14e-06,6.01e-06,6.02e-06,667656374864.0
2026-01-09 03:00:00,6.02e-06,6.16e-06,6.01e-06,6.15e-06,805027703563.0
2026-01-09 04:00:00,6.15e-06,6.19e-06,6.09e-06,6.12e-06,270003984504.0
2026-01-09 05:00:00,6.11e-06,6.15e-06,6.08e-06,6.15e-06,134420491291.0
2026-01-09 06:00:00,6.14e-06,6.18e-06,6.11e-06,6.18e-06,192902935225.0
2026-01-09 07:00:00,6.18e-06,6.18e-06,6.13e-06,6.15e-06,203306903079.0
2026-01-09 08:00:00,6.15e-06,6.17e-06,6.02e-06,6.07e-06,571577471012.0
2026-01-09 09:00:00,6.08e-06,6.18e-06,6.07e-06,6.09e-06,370824458899.0
2026-01-09 10:00:00,6.09e-06,6.14e-06,6.07e-06,6.12e-06,137077461501.0
2026-01-09 11:00:00,6.12e-06,6.14e-06,6.09e-06,6.11e-06,127223721748.0
2026-01-09 12:00:00,6.12e-06,6.12e-06,6.03e-06,6.03e-06,276152036681.0
2026-01-09 13:00:00,6.03e-06,6.25e-06,6.03e-06,6.17e-06,1496508787489.0
2026-01-09 14:00:00,6.17e-06,6.17e-06,6.01e-06,6.05e-06,816262312715.0
2026-01-09 15:00:00,6.06e-06,6.27e-06,6.03e-06,6.14e-06,1634475196643.0
2026-01-09 16:00:00,6.14e-06,6.43e-06,6.13e-06,6.34e-06,1551523760529.0
2026-01-09 17:00:00,6.35e-06,6.4e-06,6.18e-06,6.26e-06,863948699072.0
2026-01-09 18:00:00,6.25e-06,6.29e-06,6.1e-06,6.16e-06,607717825518.0
2026-01-09 19:00:00,6.16e-06,6.16e-06,6.07e-06,6.11e-06,372250064715.0
2026-01-09 20:00:00,6.1e-06,6.14e-06,6.07e-06,6.09e-06,352187852186.0
2026-01-09 21:00:00,6.09e-06,6.16e-06,6.06e-06,6.15e-06,236944431941.0
2026-01-09 22:00:00,6.14e-06,6.19e-06,6.12e-06,6.16e-06,177883928384.0
2026-01-09 23:00:00,6.17e-06,6.17e-06,6.1e-06,6.12e-06,133805779890.0
2026-01-10 00:00:00,6.11e-06,6.12e-06,6.07e-06,6.08e-06,99497032066.0
2026-01-10 01:00:00,6.08e-06,6.11e-06,6.05e-06,6.06e-06,225010990435.0
2026-01-10 02:00:00,6.06e-06,6.08e-06,5.96e-06,5.99e-06,483260342609.0
2026-01-10 03:00:00,6e-06,6.03e-06,5.99e-06,6.02e-06,277852318402.0
2026-01-10 04:00:00,6.01e-06,6.02e-06,5.95e-06,6e-06,303963710639.0
2026-01-10 05:00:00,5.99e-06,6.02e-06,5.96e-06,5.96e-06,358251766089.0
2026-01-10 06:00:00,5.96e-06,5.98e-06,5.87e-06,5.91e-06,608061418768.0
2026-01-10 07:00:00,5.91e-06,5.97e-06,5.9e-06,5.94e-06,380841202727.0
2026-01-10 08:00:00,5.94e-06,5.97e-06,5.93e-06,5.96e-06,208478821918.0
2026-01-10 09:00:00,5.97e-06,6e-06,5.95e-06,5.99e-06,192502212749.0
2026-01-10 10:00:00,5.98e-06,6.01e-06,5.97e-06,6e-06,209400236873.0
2026-01-10 11:00:00,6e-06,6.01e-06,5.95e-06,5.98e-06,151609275858.0
2026-01-10 12:00:00,5.97e-06,6e-06,5.96e-06,5.99e-06,157181234978.0
2026-01-10 13:00:00,5.99e-06,6.01e-06,5.96e-06,5.99e-06,329991027368.0
2026-01-10 14:00:00,5.99e-06,6e-06,5.96e-06,5.97e-06,171514226973.0
2026-01-10 15:00:00,5.98e-06,6e-06,5.96e-06,6e-06,130971902733.0
2026-01-10 16:00:00,6e-06,6.03e-06,5.97e-06,5.98e-06,216409612280.0
2026-01-10 17:00:00,5.98e-06,6.02e-06,5.96e-06,5.97e-06,139075672237.0
2026-01-10 18:00:00,5.97e-06,6.01e-06,5.95e-06,5.99e-06,128131944099.0
2026-01-10 19:00:00,5.99e-06,6e-06,5.98e-06,5.99e-06,47179517341.0
2026-01-10 20:00:00,6e-06,6e-06,5.97e-06,5.98e-06,68498938898.0
2026-01-10 21:00:00,5.98e-06,5.99e-06,5.96e-06,5.97e-06,132107199335.0
2026-01-10 22:00:00,5.97e-06,5.99e-06,5.88e-06,5.9e-06,253466543714.0
2026-01-10 23:00:00,5.91e-06,5.97e-06,5.9e-06,5.94e-06,188913558033.0
2026-01-11 00:00:00,5.95e-06,5.97e-06,5.92e-06,5.96e-06,323168627612.0
2026-01-11 01:00:00,5.96e-06,6e-06,5.94e-06,5.99e-06,115546198266.0
2026-01-11 02:00:00,5.99e-06,6.02e-06,5.97e-06,5.97e-06,135356144996.0
2026-01-11 03:00:00,5.97e-06,6e-06,5.97e-06,5.98e-06,91434001316.0
2026-01-11 04:00:00,5.97e-06,5.98e-06,5.91e-06,5.94e-06,311587048952.0
2026-01-11 05:00:00,5.94e-06,5.96e-06,5.92e-06,5.93e-06,124201297114.0
2026-01-11 06:00:00,5.94e-06,5.99e-06,5.89e-06,5.97e-06,265779185802.0
2026-01-11 07:00:00,5.97e-06,6e-06,5.96e-06,5.97e-06,178943614656.0
2026-01-11 08:00:00,5.97e-06,5.99e-06,5.95e-06,5.98e-06,122904778914.0
2026-01-11 09:00:00,5.99e-06,6.02e-06,5.98e-06,6e-06,174174560336.0
2026-01-11 10:00:00,5.99e-06,6.02e-06,5.98e-06,5.98e-06,136269573366.0
2026-01-11 11:00:00,5.99e-06,5.99e-06,5.96e-06,5.98e-06,133178212640.0
2026-01-11 12:00:00,5.98e-06,6.01e-06,5.97e-06,6e-06,423873734760.0
2026-01-11 13:00:00,6.01e-06,6.06e-06,5.97e-06,5.99e-06,478179716187.0
2026-01-11 14:00:00,5.99e-06,6.04e-06,5.97e-06,6.03e-06,221906147989.0
2026-01-11 15:00:00,6.02e-06,6.04e-06,5.83e-06,5.88e-06,710163311950.0
2026-01-11 16:00:00,5.88e-06,5.98e-06,5.86e-06,5.94e-06,523689424516.0
2026-01-11 17:00:00,5.93e-06,5.96e-06,5.86e-06,5.94e-06,223479710357.0
2026-01-11 18:00:00,5.93e-06,5.94e-06,5.86e-06,5.91e-06,225509906789.0
2026-01-11 19:00:00,5.9e-06,5.95e-06,5.88e-06,5.9e-06,152130335426.0
2026-01-11 20:00:00,5.89e-06,5.89e-06,5.76e-06,5.82e-06,597854835810.0
2026-01-11 21:00:00,5.81e-06,5.83e-06,5.76e-06,5.81e-06,269594784259.0
2026-01-11 22:00:00,5.82e-06,5.82e-06,5.7e-06,5.73e-06,431842658123.0
2026-01-11 23:00:00,5.73e-06,5.82e-06,5.69e-06,5.8e-06,372329230401.0
2026-01-12 00:00:00,5.8e-06,5.82e-06,5.71e-06,5.8e-06,826400119626.0
2026-01-12 01:00:00,5.81e-06,5.9e-06,5.8e-06,5.89e-06,921275442420.0
2026-01-12 02:00:00,5.88e-06,6.02e-06,5.88e-06,5.98e-06,759102428405.0
2026-01-12 03:00:00,5.99e-06,6e-06,5.91e-06,5.92e-06,653263723063.0
2026-01-12 04:00:00,5.92e-06,6.02e-06,5.91e-06,6e-06,326737650104.0
2026-01-12 05:00:00,6e-06,6.05e-06,5.97e-06,5.99e-06,260805780688.0
2026-01-12 06:00:00,5.99e-06,5.99e-06,5.92e-06,5.92e-06,330676894758.0
2026-01-12 07:00:00,5.93e-06,5.98e-06,5.84e-06,5.84e-06,430549567829.0
2026-01-12 08:00:00,5.84e-06,5.88e-06,5.74e-06,5.79e-06,586685985147.0
2026-01-12 09:00:00,5.79e-06,5.83e-06,5.77e-06,5.8e-06,342584921036.0
2026-01-12 10:00:00,5.81e-06,5.84e-06,5.79e-06,5.8e-06,218113662956.0
2026-01-12 11:00:00,5.8e-06,5.87e-06,5.78e-06,5.85e-06,225627641995.0
2026-01-12 12:00:00,5.84e-06,5.87e-06,5.81e-06,5.83e-06,214374984289.0
2026-01-12 13:00:00,5.82e-06,5.84e-06,5.75e-06,5.77e-06,265750815577.0
2026-01-12 14:00:00,5.76e-06,5.87e-06,5.72e-06,5.83e-06,934285405204.0
2026-01-12 15:00:00,5.84e-06,5.92e-06,5.78e-06,5.92e-06,845858107619.0
2026-01-12 16:00:00,5.92e-06,5.98e-06,5.87e-06,5.95e-06,660349765946.0
2026-01-12 17:00:00,5.96e-06,5.97e-06,5.81e-06,5.86e-06,476429505624.0
2026-01-12 18:00:00,5.85e-06,5.92e-06,5.84e-06,5.87e-06,191153555044.0
2026-01-12 19:00:00,5.87e-06,5.88e-06,5.83e-06,5.86e-06,181810480077.0
2026-01-12 20:00:00,5.87e-06,5.91e-06,5.79e-06,5.8e-06,215618421892.0
2026-01-12 21:00:00,5.81e-06,5.81e-06,5.72e-06,5.75e-06,415001302195.0
2026-01-12 22:00:00,5.75e-06,5.79e-06,5.74e-06,5.77e-06,238468586024.0
2026-01-12 23:00:00,5.76e-06,5.77e-06,5.71e-06,5.74e-06,172579645331.0
2026-01-13 00:00:00,5.74e-06,5.77e-06,5.72e-06,5.75e-06,254911734526.0
2026-01-13 01:00:00,5.75e-06,5.78e-06,5.7e-06,5.72e-06,175505105119.0
2026-01-13 02:00:00,5.73e-06,5.78e-06,5.72e-06,5.72e-06,159855259971.0
2026-01-13 03:00:00,5.72e-06,5.77e-06,5.7e-06,5.76e-06,203404924579.0
2026-01-13 04:00:00,5.75e-06,5.79e-06,5.74e-06,5.79e-06,179030964961.0
2026-01-13 05:00:00,5.78e-06,5.89e-06,5.78e-06,5.86e-06,488948021429.0
2026-01-13 06:00:00,5.86e-06,5.91e-06,5.84e-06,5.88e-06,257785453611.0
2026-01-13 07:00:00,5.89e-06,5.89e-06,5.83e-06,5.86e-06,211144480978.0
2026-01-13 08:00:00,5.86e-06,5.96e-06,5.85e-06,5.92e-06,274601401925.0
2026-01-13 09:00:00,5.92e-06,5.98e-06,5.9e-06,5.97e-06,719588191779.0
2026-01-13 10:00:00,5.97e-06,5.99e-06,5.91e-06,5.93e-06,582081858599.0
2026-01-13 11:00:00,5.94e-06,5.95e-06,5.91e-06,5.92e-06,293352484944.0
2026-01-13 12:00:00,5.91e-06,5.96e-06,5.9e-06,5.93e-06,224811659537.0
2026-01-13 13:00:00,5.93e-06,6.04e-06,5.91e-06,5.96e-06,829458117905.0
2026-01-13 14:00:00,5.96e-06,6.04e-06,5.92e-06,5.96e-06,775821184947.0
2026-01-13 15:00:00,5.95e-06,6.04e-06,5.86e-06,6.03e-06,1677987194761.0
2026-01-13 16:00:00,6.03e-06,6.13e-06,6.01e-06,6.07e-06,1462108616102.0
2026-01-13 17:00:00,6.08e-06,6.1e-06,6.01e-06,6.04e-06,633022320109.0
2026-01-13 18:00:00,6.04e-06,6.09e-06,6.02e-06,6.07e-06,485959408765.0
2026-01-13 19:00:00,6.06e-06,6.18e-06,6.05e-06,6.16e-06,558437966248.0
2026-01-13 20:00:00,6.15e-06,6.24e-06,6.08e-06,6.13e-06,841239234913.0
2026-01-13 21:00:00,6.14e-06,6.2e-06,6.12e-06,6.16e-06,388046187017.0
2026-01-13 22:00:00,6.17e-06,6.58e-06,6.16e-06,6.53e-06,2825681017166.0
2026-01-13 23:00:00,6.53e-06,6.62e-06,6.46e-06,6.57e-06,1843466765569.0
2026-01-14 00:00:00,6.57e-06,6.86e-06,6.56e-06,6.69e-06,2715871068562.0
2026-01-14 01:00:00,6.7e-06,6.75e-06,6.6e-06,6.62e-06,971916872998.0
2026-01-14 02:00:00,6.63e-06,6.74e-06,6.6e-06,6.74e-06,1136662785748.0
2026-01-14 03:00:00,6.74e-06,6.89e-06,6.71e-06,6.86e-06,1188911527004.0
2026-01-14 04:00:00,6.86e-06,6.88e-06,6.77e-06,6.79e-06,775494740470.0
2026-01-14 05:00:00,6.79e-06,6.81e-06,6.63e-06,6.66e-06,1023079750942.0
2026-01-14 06:00:00,6.66e-06,6.7e-06,6.6e-06,6.69e-06,840552807681.0
2026-01-14 07:00:00,6.69e-06,6.74e-06,6.66e-06,6.7e-06,453410787490.0
2026-01-14 08:00:00,6.7e-06,6.72e-06,6.62e-06,6.63e-06,407248157373.0
2026-01-14 09:00:00,6.62e-06,6.68e-06,6.62e-06,6.64e-06,507872668197.0
2026-01-14 10:00:00,6.63e-06,6.69e-06,6.53e-06,6.57e-06,963319118853.0
2026-01-14 11:00:00,6.58e-06,6.58e-06,6.48e-06,6.5e-06,675651483539.0
2026-01-14 12:00:00,6.5e-06,6.57e-06,6.48e-06,6.54e-06,413350511933.0
2026-01-14 13:00:00,6.54e-06,6.56e-06,6.46e-06,6.47e-06,544704677770.0
2026-01-14 14:00:00,6.48e-06,6.6e-06,6.47e-06,6.53e-06,1255195938257.0
2026-01-14 15:00:00,6.53e-06,6.56e-06,6.35e-06,6.44e-06,2025137959338.0
2026-01-14 16:00:00,6.44e-06,6.53e-06,6.4e-06,6.47e-06,1564195308382.0
2026-01-14 17:00:00,6.46e-06,6.52e-06,6.29e-06,6.31e-06,1512817925746.0
2026-01-14 18:00:00,6.31e-06,6.34e-06,6.16e-06,6.23e-06,1368904086281.0
2026-01-14 19:00:00,6.23e-06,6.3e-06,6.22e-06,6.27e-06,947463757035.0
2026-01-14 20:00:00,6.27e-06,6.31e-06,6.23e-06,6.28e-06,548005191792.0
2026-01-14 21:00:00,6.27e-06,6.3e-06,6.24e-06,6.26e-06,203470341257.0
2026-01-14 22:00:00,6.26e-06,6.29e-06,6.19e-06,6.22e-06,313966829288.0
2026-01-14 23:00:00,6.22e-06,6.27e-06,6.22e-06,6.24e-06,336791756451.0
2026-01-15 00:00:00,6.24e-06,6.27e-06,6.2e-06,6.23e-06,354146190558.0
2026-01-15 01:00:00,6.22e-06,6.25e-06,6.14e-06,6.17e-06,418757992545.0
2026-01-15 02:00:00,6.16e-06,6.19e-06,6.1e-06,6.11e-06,561464503588.0
2026-01-15 03:00:00,6.11e-06,6.13e-06,6.02e-06,6.05e-06,893597836793.0
2026-01-15 04:00:00,6.05e-06,6.12e-06,6.04e-06,6.11e-06,549765921608.0
2026-01-15 05:00:00,6.11e-06,6.12e-06,6.07e-06,6.08e-06,218137295443.0
2026-01-15 06:00:00,6.08e-06,6.1e-06,6.05e-06,6.05e-06,316191814471.0
2026-01-15 07:00:00,6.05e-06,6.11e-06,6.04e-06,6.08e-06,369083067855.0
2026-01-15 08:00:00,6.07e-06,6.09e-06,6.04e-06,6.08e-06,375006452838.0
2026-01-15 09:00:00,6.07e-06,6.14e-06,6.05e-06,6.09e-06,607497348290.0
2026-01-15 10:00:00,6.09e-06,6.11e-06,5.96e-06,5.99e-06,1207346472890.0
2026-01-15 11:00:00,6e-06,6.02e-06,5.96e-06,5.98e-06,619208196855.0
2026-01-15 12:00:00,5.99e-06,6.03e-06,5.98e-06,6.03e-06,462542986863.0
2026-01-15 13:00:00,6.03e-06,6.04e-06,5.98e-06,6.02e-06,545700724413.0
2026-01-15 14:00:00,6.03e-06,6.06e-06,5.92e-06,5.97e-06,1221383746439.0
2026-01-15 15:00:00,5.97e-06,6.01e-06,5.86e-06,5.96e-06,1112441452462.0
2026-01-15 16:00:00,5.95e-06,5.97e-06,5.89e-06,5.95e-06,465103292334.0
2026-01-15 17:00:00,5.95e-06,5.98e-06,5.89e-06,5.9e-06,520980871330.0
2026-01-15 18:00:00,5.9e-06,5.93e-06,5.86e-06,5.91e-06,388460384016.0
2026-01-15 19:00:00,5.9e-06,5.91e-06,5.86e-06,5.9e-06,342072182711.0
2026-01-15 20:00:00,5.89e-06,5.93e-06,5.86e-06,5.89e-06,228760615062.0
2026-01-15 21:00:00,5.89e-06,5.93e-06,5.87e-06,5.9e-06,134394711044.0
2026-01-15 22:00:00,5.91e-06,5.95e-06,5.9e-06,5.91e-06,179151863841.0
2026-01-15 23:00:00,5.91e-06,5.92e-06,5.89e-06,5.91e-06,152461077405.0
2026-01-16 00:00:00,5.91e-06,5.94e-06,5.9e-06,5.91e-06,218895640831.0
2026-01-16 01:00:00,5.91e-06,5.94e-06,5.89e-06,5.92e-06,241504329236.0
2026-01-16 02:00:00,5.92e-06,5.93e-06,5.87e-06,5.9e-06,333716176555.0
2026-01-16 03:00:00,5.91e-06,5.92e-06,5.78e-06,5.83e-06,377243445681.0
2026-01-16 04:00:00,5.83e-06,5.85e-06,5.75e-06,5.78e-06,409775223061.0
2026-01-16 05:00:00,5.79e-06,5.88e-06,5.78e-06,5.87e-06,255107068878.0
2026-01-16 06:00:00,5.87e-06,5.9e-06,5.84e-06,5.9e-06,151094986782.0
2026-01-16 07:00:00,5.9e-06,5.93e-06,5.87e-06,5.91e-06,218854204680.0
2026-01-16 08:00:00,5.91e-06,6.01e-06,5.91e-06,5.95e-06,896630715958.0
2026-01-16 09:00:00,5.95e-06,5.97e-06,5.92e-06,5.95e-06,307982845007.0
2026-01-16 10:00:00,5.94e-06,5.95e-06,5.9e-06,5.93e-06,256869192713.0
2026-01-16 11:00:00,5.92e-06,5.98e-06,5.9e-06,5.97e-06,284597062598.0
2026-01-16 12:00:00,5.97e-06,5.99e-06,5.93e-06,5.94e-06,266755243526.0
2026-01-16 13:00:00,5.95e-06,5.96e-06,5.86e-06,5.89e-06,354593058203.0
2026-01-16 14:00:00,5.89e-06,5.91e-06,5.86e-06,5.87e-06,236688024281.0
2026-01-16 15:00:00,5.88e-06,5.91e-06,5.73e-06,5.76e-06,1059971070167.0
2026-01-16 16:00:00,5.77e-06,5.82e-06,5.75e-06,5.78e-06,441506440532.0
2026-01-16 17:00:00,5.78e-06,5.86e-06,5.75e-06,5.84e-06,337742838977.0
2026-01-16 18:00:00,5.84e-06,5.87e-06,5.83e-06,5.84e-06,121556879385.0
2026-01-16 19:00:00,5.85e-06,5.88e-06,5.81e-06,5.87e-06,156909781712.0
2026-01-16 20:00:00,5.87e-06,5.94e-06,5.83e-06,5.93e-06,376840876060.0
2026-01-16 21:00:00,5.94e-06,5.96e-06,5.9e-06,5.91e-06,301539525091.0
2026-01-16 22:00:00,5.91e-06,5.94e-06,5.88e-06,5.93e-06,161547430971.0
2026-01-16 23:00:00,5.94e-06,5.96e-06,5.91e-06,5.93e-06,273856143695.0
2026-01-17 00:00:00,5.93e-06,5.94e-06,5.89e-06,5.89e-06,151597068696.0
2026-01-17 01:00:00,5.9e-06,5.92e-06,5.86e-06,5.87e-06,153363816931.0
2026-01-17 02:00:00,5.87e-06,5.9e-06,5.85e-06,5.9e-06,156006148961.0
2026-01-17 03:00:00,5.9e-06,5.9e-06,5.84e-06,5.86e-06,165476731323.0
2026-01-17 04:00:00,5.87e-06,5.89e-06,5.85e-06,5.88e-06,132310557538.0
2026-01-17 05:00:00,5.87e-06,5.89e-06,5.86e-06,5.87e-06,74506666203.0
2026-01-17 06:00:00,5.87e-06,5.87e-06,5.83e-06,5.84e-06,76100981227.0
2026-01-17 07:00:00,5.85e-06,5.85e-06,5.82e-06,5.84e-06,190172829097.0
2026-01-17 08:00:00,5.84e-06,5.87e-06,5.82e-06,5.84e-06,147538778069.0
2026-01-17 09:00:00,5.85e-06,5.86e-06,5.81e-06,5.81e-06,117427020809.0
2026-01-17 10:00:00,5.81e-06,5.86e-06,5.81e-06,5.85e-06,142149515372.0
2026-01-17 11:00:00,5.84e-06,5.88e-06,5.82e-06,5.85e-06,101464049941.0
2026-01-17 12:00:00,5.85e-06,5.88e-06,5.83e-06,5.84e-06,145051399133.0
2026-01-17 13:00:00,5.84e-06,5.85e-06,5.82e-06,5.84e-06,129546222563.0
2026-01-17 14:00:00,5.84e-06,5.9e-06,5.81e-06,5.89e-06,189010826986.0
2026-01-17 15:00:00,5.9e-06,5.97e-06,5.88e-06,5.95e-06,388919993846.0
2026-01-17 16:00:00,5.95e-06,5.95e-06,5.83e-06,5.87e-06,310707851362.0
2026-01-17 17:00:00,5.86e-06,5.89e-06,5.84e-06,5.86e-06,196790727680.0
2026-01-17 18:00:00,5.87e-06,5.89e-06,5.85e-06,5.87e-06,106527261346.0
2026-01-17 19:00:00,5.88e-06,5.91e-06,5.85e-06,5.88e-06,68470679834.0
2026-01-17 20:00:00,5.88e-06,5.91e-06,5.86e-06,5.87e-06,103136030982.0
2026-01-17 21:00:00,5.86e-06,5.87e-06,5.85e-06,5.86e-06,58678299025.0
2026-01-17 22:00:00,5.87e-06,5.87e-06,5.75e-06,5.81e-06,329051497080.0
2026-01-17 23:00:00,5.81e-06,5.81e-06,5.78e-06,5.79e-06,156954385957.0
2026-01-18 00:00:00,5.8e-06,5.84e-06,5.78e-06,5.81e-06,234891643508.0
2026-01-18 01:00:00,5.81e-06,5.82e-06,5.76e-06,5.8e-06,189599563005.0
2026-01-18 02:00:00,5.79e-06,5.83e-06,5.73e-06,5.79e-06,383970027693.0
2026-01-18 03:00:00,5.79e-06,5.82e-06,5.78e-06,5.79e-06,131510207065.0
2026-01-18 04:00:00,5.79e-06,5.81e-06,5.78e-06,5.8e-06,80962599024.0
2026-01-18 05:00:00,5.79e-06,5.81e-06,5.78e-06,5.8e-06,48520991981.0
2026-01-18 06:00:00,5.79e-06,5.82e-06,5.79e-06,5.79e-06,59033692871.0
2026-01-18 07:00:00,5.79e-06,5.8e-06,5.75e-06,5.77e-06,120462624012.0
2026-01-18 08:00:00,5.77e-06,5.82e-06,5.76e-06,5.8e-06,86045423383.0
2026-01-18 09:00:00,5.8e-06,5.82e-06,5.79e-06,5.81e-06,85653847210.0
2026-01-18 10:00:00,5.81e-06,5.81e-06,5.78e-06,5.8e-06,74404939494.0
2026-01-18 11:00:00,5.79e-06,5.82e-06,5.78e-06,5.8e-06,92747574195.0
2026-01-18 12:00:00,5.79e-06,5.81e-06,5.78e-06,5.78e-06,54141171606.0
2026-01-18 13:00:00,5.78e-06,5.81e-06,5.76e-06,5.77e-06,226807111578.0
2026-01-18 14:00:00,5.78e-06,5.78e-06,5.63e-06,5.7e-06,1320911591999.0
2026-01-18 15:00:00,5.69e-06,5.74e-06,5.67e-06,5.69e-06,643738333879.0
2026-01-18 16:00:00,5.68e-06,5.71e-06,5.66e-06,5.69e-06,154678040777.0
2026-01-18 17:00:00,5.69e-06,5.71e-06,5.67e-06,5.71e-06,227007844075.0
2026-01-18 18:00:00,5.71e-06,5.79e-06,5.69e-06,5.75e-06,254205625859.0
2026-01-18 19:00:00,5.76e-06,5.78e-06,5.69e-06,5.71e-06,118581029612.0
2026-01-18 20:00:00,5.72e-06,5.75e-06,5.7e-06,5.72e-06,125519762457.0
2026-01-18 21:00:00,5.73e-06,5.73e-06,5.69e-06,5.69e-06,94606521639.0
2026-01-18 22:00:00,5.7e-06,5.74e-06,5.69e-06,5.73e-06,70451876937.0
2026-01-18 23:00:00,5.73e-06,5.73e-06,5.45e-06,5.47e-06,1843105056937.0
2026-01-19 00:00:00,5.46e-06,5.46e-06,4.87e-06,5.19e-06,5463408572083.0
2026-01-19 01:00:00,5.19e-06,5.26e-06,5.11e-06,5.18e-06,1379397990372.0
2026-01-19 02:00:00,5.18e-06,5.26e-06,5.16e-06,5.24e-06,489653511409.0
2026-01-19 03:00:00,5.24e-06,5.26e-06,5.22e-06,5.25e-06,242402990091.0
2026-01-19 04:00:00,5.24e-06,5.27e-06,5.22e-06,5.22e-06,231047939143.0
2026-01-19 05:00:00,5.22e-06,5.26e-06,5.2e-06,5.22e-06,295076303548.0
2026-01-19 06:00:00,5.22e-06,5.23e-06,5.19e-06,5.21e-06,224021183927.0
2026-01-19 07:00:00,5.22e-06,5.24e-06,5.21e-06,5.22e-06,170471293349.0
2026-01-19 08:00:00,5.22e-06,5.23e-06,5.18e-06,5.21e-06,345428117053.0
2026-01-19 09:00:00,5.21e-06,5.23e-06,5.18e-06,5.21e-06,222833618769.0
2026-01-19 10:00:00,5.21e-06,5.22e-06,5.17e-06,5.19e-06,140865685413.0
2026-01-19 11:00:00,5.19e-06,5.26e-06,5.19e-06,5.21e-06,290024157025.0
2026-01-19 12:00:00,5.2e-06,5.23e-06,5.18e-06,5.19e-06,185193618273.0
2026-01-19 13:00:00,5.19e-06,5.21e-06,5.16e-06,5.17e-06,259820288673.0
2026-01-19 14:00:00,5.18e-06,5.19e-06,5.14e-06,5.18e-06,241801756126.0
2026-01-19 15:00:00,5.18e-06,5.2e-06,5.16e-06,5.19e-06,220438237625.0
2026-01-19 16:00:00,5.19e-06,5.29e-06,5.18e-06,5.28e-06,410335554724.0
2026-01-19 17:00:00,5.28e-06,5.28e-06,5.21e-06,5.22e-06,525268051109.0
2026-01-19 18:00:00,5.23e-06,5.26e-06,5.22e-06,5.23e-06,150724125338.0
2026-01-19 19:00:00,5.24e-06,5.29e-06,5.22e-06,5.27e-06,292560901520.0
2026-01-19 20:00:00,5.27e-06,5.32e-06,5.26e-06,5.28e-06,241056057145.0
2026-01-19 21:00:00,5.29e-06,5.31e-06,5.25e-06,5.27e-06,104055962328.0
2026-01-19 22:00:00,5.26e-06,5.28e-06,5.21e-06,5.22e-06,239716111235.0
2026-01-19 23:00:00,5.22e-06,5.31e-06,5.22e-06,5.28e-06,642598195086.0
2026-01-20 00:00:00,5.27e-06,5.29e-06,5.21e-06,5.23e-06,224877969864.0
2026-01-20 01:00:00,5.23e-06,5.27e-06,5.2e-06,5.24e-06,235087119954.0
2026-01-20 02:00:00,5.24e-06,5.26e-06,5.2e-06,5.22e-06,194448353568.0
2026-01-20 03:00:00,5.23e-06,5.24e-06,5.2e-06,5.21e-06,184414988126.0
2026-01-20 04:00:00,5.22e-06,5.23e-06,5.18e-06,5.19e-06,209042378743.0
2026-01-20 05:00:00,5.2e-06,5.26e-06,5.16e-06,5.24e-06,649680412507.0
2026-01-20 06:00:00,5.24e-06,5.25e-06,5.17e-06,5.19e-06,444806753500.0
2026-01-20 07:00:00,5.19e-06,5.2e-06,5.15e-06,5.16e-06,372888904593.0
2026-01-20 08:00:00,5.15e-06,5.16e-06,5.08e-06,5.15e-06,862434595703.0
2026-01-20 09:00:00,5.14e-06,5.15e-06,5.09e-06,5.11e-06,201156604244.0
2026-01-20 10:00:00,5.11e-06,5.15e-06,5.1e-06,5.13e-06,182100051134.0
2026-01-20 11:00:00,5.13e-06,5.15e-06,5.08e-06,5.09e-06,397113449182.0
2026-01-20 12:00:00,5.1e-06,5.11e-06,5.08e-06,5.09e-06,187539874323.0
2026-01-20 13:00:00,5.09e-06,5.11e-06,5.04e-06,5.07e-06,403805070349.0
2026-01-20 14:00:00,5.07e-06,5.21e-06,5.06e-06,5.15e-06,656324512398.0
2026-01-20 15:00:00,5.15e-06,5.19e-06,5.08e-06,5.15e-06,622972068971.0
2026-01-20 16:00:00,5.14e-06,5.17e-06,5.04e-06,5.08e-06,457512514067.0
2026-01-20 17:00:00,5.07e-06,5.12e-06,4.98e-06,5.03e-06,543540587044.0
2026-01-20 18:00:00,5.03e-06,5.05e-06,4.97e-06,5e-06,322762357611.0
2026-01-20 19:00:00,5.01e-06,5.06e-06,5e-06,5.03e-06,353577462006.0
2026-01-20 20:00:00,5.04e-06,5.12e-06,5.01e-06,5.1e-06,287497571588.0
2026-01-20 21:00:00,5.11e-06,5.11e-06,5.05e-06,5.07e-06,84119423457.0
2026-01-20 22:00:00,5.07e-06,5.1e-06,4.97e-06,5.03e-06,429027937841.0
2026-01-20 23:00:00,5.03e-06,5.04e-06,4.97e-06,4.99e-06,582083992049.0
2026-01-21 00:00:00,4.98e-06,5.1e-06,4.95e-06,5.09e-06,435825611121.0
2026-01-21 01:00:00,5.09e-06,5.12e-06,5.07e-06,5.09e-06,299287603742.0
2026-01-21 02:00:00,5.08e-06,5.14e-06,5.05e-06,5.07e-06,405603844422.0
2026-01-21 03:00:00,5.07e-06,5.09e-06,5.03e-06,5.04e-06,148437946310.0
2026-01-21 04:00:00,5.04e-06,5.07e-06,5.02e-06,5.03e-06,265535608385.0
2026-01-21 05:00:00,5.04e-06,5.06e-06,5e-06,5.04e-06,306010977279.0
2026-01-21 06:00:00,5.03e-06,5.07e-06,5.03e-06,5.05e-06,66899519624.0
2026-01-21 07:00:00,5.06e-06,5.12e-06,5.05e-06,5.08e-06,279485169740.0
2026-01-21 08:00:00,5.08e-06,5.09e-06,5.04e-06,5.07e-06,200277105434.0
2026-01-21 09:00:00,5.08e-06,5.08e-06,5.04e-06,5.05e-06,86292635379.0
2026-01-21 10:00:00,5.06e-06,5.09e-06,5.03e-06,5.03e-06,116903963924.0
2026-01-21 11:00:00,5.04e-06,5.05e-06,4.95e-06,4.97e-06,235726287526.0
2026-01-21 12:00:00,4.97e-06,4.98e-06,4.85e-06,4.93e-06,1009934829848.0
2026-01-21 13:00:00,4.93e-06,4.95e-06,4.83e-06,4.85e-06,552175135093.0
2026-01-21 14:00:00,4.85e-06,5.05e-06,4.84e-06,5.04e-06,1163783487754.0
2026-01-21 15:00:00,5.04e-06,5.18e-06,5.01e-06,5.15e-06,1206406110447.0
2026-01-21 16:00:00,5.15e-06,5.18e-06,4.87e-06,4.87e-06,982887809107.0
2026-01-21 17:00:00,4.88e-06,4.95e-06,4.84e-06,4.91e-06,655954563793.0
2026-01-21 18:00:00,4.91e-06,4.96e-06,4.83e-06,4.89e-06,565478139023.0
2026-01-21 19:00:00,4.89e-06,5.19e-06,4.86e-06,5.18e-06,1271901894029.0
2026-01-21 20:00:00,5.17e-06,5.23e-06,5.06e-06,5.22e-06,604496643486.0
2026-01-21 21:00:00,5.23e-06,5.35e-06,5.2e-06,5.26e-06,1101541582183.0
2026-01-21 22:00:00,5.25e-06,5.3e-06,5.21e-06,5.22e-06,373391400784.0
2026-01-21 23:00:00,5.22e-06,5.24e-06,5.12e-06,5.15e-06,455854257731.0
2026-01-22 00:00:00,5.15e-06,5.23e-06,5.14e-06,5.21e-06,380518319053.0
2026-01-22 01:00:00,5.2e-06,5.25e-06,5.19e-06,5.22e-06,348353911450.0
2026-01-22 02:00:00,5.22e-06,5.25e-06,5.19e-06,5.21e-06,188403641282.0
2026-01-22 03:00:00,5.21e-06,5.24e-06,5.15e-06,5.19e-06,232821259616.0
2026-01-22 04:00:00,5.19e-06,5.23e-06,5.18e-06,5.21e-06,210609412645.0
2026-01-22 05:00:00,5.21e-06,5.22e-06,5.15e-06,5.17e-06,125523045162.0
2026-01-22 06:00:00,5.16e-06,5.19e-06,5.13e-06,5.16e-06,165785069762.0
2026-01-22 07:00:00,5.15e-06,5.16e-06,5.1e-06,5.12e-06,209466302691.0
2026-01-22 08:00:00,5.13e-06,5.15e-06,5.09e-06,5.13e-06,230700804325.0
2026-01-22 09:00:00,5.12e-06,5.17e-06,5.11e-06,5.15e-06,122961177892.0
2026-01-22 10:00:00,5.16e-06,5.17e-06,5.12e-06,5.13e-06,181124145704.0
2026-01-22 11:00:00,5.13e-06,5.14e-06,5.07e-06,5.07e-06,544411518173.0
2026-01-22 12:00:00,5.07e-06,5.09e-06,5.04e-06,5.04e-06,355531609235.0
2026-01-22 13:00:00,5.04e-06,5.07e-06,4.97e-06,4.98e-06,495746601073.0
2026-01-22 14:00:00,4.98e-06,4.99e-06,4.86e-06,4.87e-06,938738552684.0
2026-01-22 15:00:00,4.87e-06,4.92e-06,4.85e-06,4.91e-06,690161293358.0
2026-01-22 16:00:00,4.91e-06,4.96e-06,4.87e-06,4.94e-06,545002031517.0
2026-01-22 17:00:00,4.94e-06,5e-06,4.9e-06,4.99e-06,334508055060.0
2026-01-22 18:00:00,4.99e-06,5e-06,4.93e-06,4.94e-06,249724711392.0
2026-01-22 19:00:00,4.94e-06,5.01e-06,4.92e-06,4.97e-06,148588698700.0
2026-01-22 20:00:00,4.98e-06,4.99e-06,4.92e-06,4.95e-06,143092344758.0
2026-01-22 21:00:00,4.95e-06,4.99e-06,4.94e-06,4.95e-06,141646311115.0
2026-01-22 22:00:00,4.95e-06,4.98e-06,4.93e-06,4.96e-06,126722163075.0
2026-01-22 23:00:00,4.96e-06,4.96e-06,4.92e-06,4.95e-06,228080786719.0
2026-01-23 00:00:00,4.96e-06,4.96e-06,4.9e-06,4.95e-06,203272547576.0
2026-01-23 01:00:00,4.94e-06,4.99e-06,4.94e-06,4.99e-06,96770850486.0
2026-01-23 02:00:00,4.98e-06,4.99e-06,4.96e-06,4.96e-06,124209155038.0
2026-01-23 03:00:00,4.96e-06,5.03e-06,4.96e-06,5.01e-06,155319518217.0
2026-01-23 04:00:00,5.01e-06,5.05e-06,5.01e-06,5.05e-06,138114206702.0
2026-01-23 05:00:00,5.05e-06,5.05e-06,5e-06,5.03e-06,142281174489.0
2026-01-23 06:00:00,5.03e-06,5.05e-06,4.98e-06,4.99e-06,207074217937.0
2026-01-23 07:00:00,5e-06,5.01e-06,4.98e-06,5e-06,78000747244.0
2026-01-23 08:00:00,4.99e-06,5.03e-06,4.95e-06,4.96e-06,135616519938.0
2026-01-23 09:00:00,4.96e-06,5e-06,4.95e-06,4.98e-06,228181916935.0
2026-01-23 10:00:00,4.98e-06,4.99e-06,4.95e-06,4.98e-06,147092904553.0
2026-01-23 11:00:00,4.98e-06,5.04e-06,4.96e-06,5e-06,161118600208.0
2026-01-23 12:00:00,5.01e-06,5.02e-06,4.98e-06,5e-06,101545987755.0
2026-01-23 13:00:00,5e-06,5.02e-06,4.97e-06,4.98e-06,136686323678.0
2026-01-23 14:00:00,4.99e-06,5.01e-06,4.86e-06,4.92e-06,500307978488.0
2026-01-23 15:00:00,4.91e-06,5.05e-06,4.87e-06,5.03e-06,482877604849.0
2026-01-23 16:00:00,5.04e-06,5.15e-06,4.99e-06,5.07e-06,620522893064.0
2026-01-23 17:00:00,5.07e-06,5.31e-06,5e-06,5.17e-06,1870290217436.0
2026-01-23 18:00:00,5.17e-06,5.25e-06,5.15e-06,5.21e-06,651188682493.0
2026-01-23 19:00:00,5.21e-06,5.22e-06,5.06e-06,5.08e-06,595717983552.0
2026-01-23 20:00:00,5.08e-06,5.09e-06,4.97e-06,5.01e-06,597799718887.0
2026-01-23 21:00:00,5.01e-06,5.06e-06,5e-06,5.01e-06,124972325216.0
2026-01-23 22:00:00,5.01e-06,5.07e-06,5e-06,5.04e-06,110618410933.0
2026-01-23 23:00:00,5.04e-06,5.05e-06,5.01e-06,5.03e-06,199414109070.0
2026-01-24 00:00:00,5.02e-06,5.06e-06,5.02e-06,5.03e-06,141997668167.0
2026-01-24 01:00:00,5.02e-06,5.04e-06,4.99e-06,5.01e-06,146092137996.0
2026-01-24 02:00:00,5.02e-06,5.03e-06,5e-06,5.02e-06,95625691296.0
2026-01-24 03:00:00,5.02e-06,5.1e-06,5.01e-06,5.07e-06,224446953911.0
2026-01-24 04:00:00,5.07e-06,5.13e-06,5.06e-06,5.07e-06,226713268048.0
2026-01-24 05:00:00,5.07e-06,5.09e-06,5.05e-06,5.07e-06,68086732430.0
2026-01-24 06:00:00,5.08e-06,5.09e-06,5.04e-06,5.04e-06,56220416749.0
2026-01-24 07:00:00,5.04e-06,5.05e-06,5.02e-06,5.02e-06,95918065627.0
2026-01-24 08:00:00,5.03e-06,5.06e-06,5.01e-06,5.04e-06,102143321147.0
2026-01-24 09:00:00,5.04e-06,5.06e-06,5.03e-06,5.04e-06,91008505064.0
2026-01-24 10:00:00,5.03e-06,5.05e-06,5.02e-06,5.05e-06,59150635538.0
2026-01-24 11:00:00,5.05e-06,5.08e-06,5.02e-06,5.04e-06,88007113464.0
2026-01-24 12:00:00,5.04e-06,5.06e-06,5.01e-06,5.03e-06,290018581018.0
2026-01-24 13:00:00,5.02e-06,5.03e-06,4.99e-06,4.99e-06,281007143595.0
2026-01-24 14:00:00,5e-06,5.03e-06,4.98e-06,5.02e-06,159959537903.0
2026-01-24 15:00:00,5.01e-06,5.04e-06,4.98e-06,4.99e-06,161130584756.0
2026-01-24 16:00:00,4.98e-06,5.01e-06,4.93e-06,5e-06,198836210196.0
2026-01-24 17:00:00,5e-06,5.02e-06,4.99e-06,5e-06,43915063761.0
2026-01-24 18:00:00,5.01e-06,5.03e-06,5e-06,5e-06,49315785915.0
2026-01-24 19:00:00,5e-06,5.01e-06,4.98e-06,4.99e-06,71849464181.0
2026-01-24 20:00:00,4.99e-06,5.04e-06,4.99e-06,5e-06,93785731970.0
2026-01-24 21:00:00,5.01e-06,5.01e-06,4.98e-06,5.01e-06,93853132204.0
2026-01-24 22:00:00,5.02e-06,5.02e-06,5e-06,5.01e-06,88670532848.0
2026-01-24 23:00:00,5.01e-06,5.03e-06,4.99e-06,5.01e-06,117278996105.0
2026-01-25 00:00:00,5.01e-06,5.02e-06,4.97e-06,5.01e-06,211398027702.0
2026-01-25 01:00:00,5.01e-06,5.04e-06,4.98e-06,5e-06,506362543127.0
2026-01-25 02:00:00,5e-06,5.01e-06,4.97e-06,4.98e-06,177506115184.0
2026-01-25 03:00:00,4.98e-06,4.99e-06,4.93e-06,4.95e-06,169132337253.0
2026-01-25 04:00:00,4.96e-06,4.98e-06,4.94e-06,4.96e-06,64308503092.0
2026-01-25 05:00:00,4.97e-06,5.02e-06,4.95e-06,4.98e-06,518424342217.0
2026-01-25 06:00:00,4.98e-06,4.99e-06,4.95e-06,4.95e-06,115189712156.0
2026-01-25 07:00:00,4.96e-06,4.97e-06,4.94e-06,4.96e-06,108469629526.0
2026-01-25 08:00:00,4.96e-06,4.97e-06,4.91e-06,4.93e-06,212399541715.0
2026-01-25 09:00:00,4.93e-06,5.02e-06,4.91e-06,4.95e-06,444186937350.0
2026-01-25 10:00:00,4.95e-06,5.04e-06,4.94e-06,5.03e-06,277788782479.0
2026-01-25 11:00:00,5.03e-06,5.05e-06,4.99e-06,5.01e-06,125334002481.0
2026-01-25 12:00:00,5.01e-06,5.02e-06,4.98e-06,5.01e-06,129911831407.0
2026-01-25 13:00:00,5.01e-06,5.03e-06,4.95e-06,4.98e-06,166393225991.0
2026-01-25 14:00:00,4.98e-06,4.99e-06,4.9e-06,4.93e-06,351888621759.0
2026-01-25 15:00:00,4.92e-06,4.94e-06,4.88e-06,4.9e-06,479572778028.0
2026-01-25 16:00:00,4.9e-06,4.9e-06,4.76e-06,4.81e-06,1162513916500.0
2026-01-25 17:00:00,4.8e-06,4.83e-06,4.78e-06,4.81e-06,332626975633.0
2026-01-25 18:00:00,4.81e-06,4.82e-06,4.73e-06,4.78e-06,611216492640.0
2026-01-25 19:00:00,4.78e-06,4.78e-06,4.61e-06,4.63e-06,1036841314970.0
2026-01-25 20:00:00,4.63e-06,4.69e-06,4.61e-06,4.66e-06,587299658073.0
2026-01-25 21:00:00,4.66e-06,4.73e-06,4.66e-06,4.72e-06,270535745439.0
2026-01-25 22:00:00,4.72e-06,4.73e-06,4.64e-06,4.68e-06,216258559182.0
2026-01-25 23:00:00,4.68e-06,4.74e-06,4.65e-06,4.71e-06,327941656413.0
2026-01-26 00:00:00,4.71e-06,4.77e-06,4.7e-06,4.76e-06,277812836959.0
2026-01-26 01:00:00,4.76e-06,4.89e-06,4.76e-06,4.87e-06,446719841214.0
2026-01-26 02:00:00,4.87e-06,4.88e-06,4.82e-06,4.83e-06,255607302103.0
2026-01-26 03:00:00,4.83e-06,4.87e-06,4.79e-06,4.82e-06,150314348218.0
2026-01-26 04:00:00,4.82e-06,4.91e-06,4.81e-06,4.86e-06,210991348414.0
2026-01-26 05:00:00,4.86e-06,4.87e-06,4.82e-06,4.84e-06,142393995892.0
2026-01-26 06:00:00,4.84e-06,4.86e-06,4.81e-06,4.85e-06,150843361324.0
2026-01-26 07:00:00,4.85e-06,4.88e-06,4.83e-06,4.85e-06,139490735172.0
2026-01-26 08:00:00,4.85e-06,4.94e-06,4.84e-06,4.89e-06,386731176294.0
2026-01-26 09:00:00,4.89e-06,4.9e-06,4.84e-06,4.85e-06,169952338092.0
2026-01-26 10:00:00,4.86e-06,4.9e-06,4.85e-06,4.88e-06,131305953782.0
2026-01-26 11:00:00,4.88e-06,4.9e-06,4.86e-06,4.89e-06,86396951284.0
2026-01-26 12:00:00,4.89e-06,4.92e-06,4.88e-06,4.89e-06,86308837178.0
2026-01-26 13:00:00,4.89e-06,4.94e-06,4.89e-06,4.92e-06,148085025045.0
2026-01-26 14:00:00,4.92e-06,5e-06,4.87e-06,4.95e-06,545391754108.0
2026-01-26 15:00:00,4.96e-06,5.04e-06,4.89e-06,4.92e-06,567862289142.0
2026-01-26 16:00:00,4.92e-06,4.99e-06,4.89e-06,4.96e-06,334765647939.0
2026-01-26 17:00:00,4.95e-06,4.98e-06,4.89e-06,4.93e-06,269352457344.0
2026-01-26 18:00:00,4.93e-06,5.01e-06,4.92e-06,5e-06,430766314496.0
2026-01-26 19:00:00,5e-06,5.02e-06,4.95e-06,4.97e-06,231550856487.0
2026-01-26 20:00:00,4.96e-06,4.99e-06,4.92e-06,4.93e-06,186263307735.0
2026-01-26 21:00:00,4.94e-06,5.02e-06,4.91e-06,4.98e-06,202341447830.0
2026-01-26 22:00:00,4.99e-06,5.01e-06,4.97e-06,4.98e-06,104096630476.0
2026-01-26 23:00:00,4.98e-06,5.03e-06,4.96e-06,5.01e-06,432324610417.0
2026-01-27 00:00:00,5e-06,5.08e-06,4.98e-06,5.06e-06,409077288193.0
2026-01-27 01:00:00,5.06e-06,5.26e-06,5.03e-06,5.16e-06,861310627479.0
2026-01-27 02:00:00,5.17e-06,5.22e-06,5.12e-06,5.15e-06,482017591197.0
2026-01-27 03:00:00,5.14e-06,5.16e-06,5.08e-06,5.09e-06,222519203002.0
2026-01-27 04:00:00,5.09e-06,5.13e-06,5.07e-06,5.09e-06,244035417376.0
2026-01-27 05:00:00,5.09e-06,5.1e-06,5.04e-06,5.06e-06,178050098667.0
2026-01-27 06:00:00,5.06e-06,5.06e-06,5e-06,5.02e-06,142934947593.0
2026-01-27 07:00:00,5.02e-06,5.04e-06,5e-06,5.01e-06,113015278353.0
2026-01-27 08:00:00,5.01e-06,5.03e-06,4.98e-06,5.01e-06,227524951816.0
2026-01-27 09:00:00,5e-06,5.01e-06,4.96e-06,4.98e-06,141154224773.0
2026-01-27 10:00:00,4.98e-06,4.99e-06,4.96e-06,4.97e-06,102506247250.0
2026-01-27 11:00:00,4.97e-06,4.99e-06,4.95e-06,4.96e-06,126117607707.0
2026-01-27 12:00:00,4.96e-06,4.98e-06,4.95e-06,4.97e-06,71522659932.0
2026-01-27 13:00:00,4.97e-06,5.02e-06,4.92e-06,4.94e-06,270487308181.0
2026-01-27 14:00:00,4.94e-06,4.99e-06,4.92e-06,4.93e-06,284747369401.0
2026-01-27 15:00:00,4.93e-06,5.01e-06,4.93e-06,5e-06,163223097647.0
2026-01-27 16:00:00,5.01e-06,5.12e-06,5e-06,5.06e-06,538075031844.0
2026-01-27 17:00:00,5.06e-06,5.07e-06,4.84e-06,4.87e-06,722700308259.0
2026-01-27 18:00:00,4.86e-06,5.01e-06,4.83e-06,4.98e-06,350659694083.0
2026-01-27 19:00:00,4.98e-06,5e-06,4.94e-06,4.98e-06,192948141317.0
2026-01-27 20:00:00,4.98e-06,5.11e-06,4.97e-06,5.08e-06,682045600371.0
2026-01-27 21:00:00,5.08e-06,5.11e-06,5.05e-06,5.05e-06,354946990403.0
2026-01-27 22:00:00,5.05e-06,5.12e-06,5.05e-06,5.08e-06,274560659293.0
2026-01-27 23:00:00,5.08e-06,5.09e-06,5.01e-06,5.03e-06,329889599952.0
2026-01-28 00:00:00,5.02e-06,5.04e-06,4.96e-06,5.03e-06,227291133544.0
2026-01-28 01:00:00,5.04e-06,5.06e-06,4.98e-06,5.02e-06,219402865647.0
2026-01-28 02:00:00,5.03e-06,5.05e-06,5e-06,5.04e-06,149523739948.0
2026-01-28 03:00:00,5.03e-06,5.05e-06,4.99e-06,5e-06,122559249886.0
2026-01-28 04:00:00,5e-06,5.01e-06,4.96e-06,5e-06,213059843461.0
2026-01-28 05:00:00,5e-06,5.03e-06,4.97e-06,5.03e-06,153523660382.0
2026-01-28 06:00:00,5.03e-06,5.1e-06,5.02e-06,5.07e-06,295685669477.0
2026-01-28 07:00:00,5.08e-06,5.1e-06,5.02e-06,5.04e-06,134366597751.0
2026-01-28 08:00:00,5.03e-06,5.04e-06,4.99e-06,5.01e-06,191773528192.0
2026-01-28 09:00:00,5e-06,5.1e-06,4.99e-06,5.08e-06,189865521970.0
2026-01-28 10:00:00,5.08e-06,5.1e-06,5.05e-06,5.06e-06,242792774569.0
2026-01-28 11:00:00,5.06e-06,5.11e-06,5.03e-06,5.09e-06,202294787699.0
2026-01-28 12:00:00,5.1e-06,5.1e-06,5.01e-06,5.04e-06,272926942220.0
2026-01-28 13:00:00,5.03e-06,5.06e-06,5e-06,5.01e-06,200254070728.0
2026-01-28 14:00:00,5.01e-06,5.02e-06,4.95e-06,4.98e-06,396616516621.0
2026-01-28 15:00:00,4.99e-06,5.02e-06,4.92e-06,4.95e-06,230328540046.0
2026-01-28 16:00:00,4.96e-06,4.99e-06,4.91e-06,4.97e-06,162694784945.0
2026-01-28 17:00:00,4.96e-06,5.03e-06,4.93e-06,5.01e-06,168456131457.0
2026-01-28 18:00:00,5.02e-06,5.02e-06,4.96e-06,5e-06,172902469334.0
2026-01-28 19:00:00,4.99e-06,5.02e-06,4.95e-06,5e-06,256865891402.0
2026-01-28 20:00:00,4.99e-06,5.06e-06,4.97e-06,4.98e-06,208503686407.0
2026-01-28 21:00:00,4.98e-06,5.01e-06,4.93e-06,4.99e-06,236530039516.0
2026-01-28 22:00:00,4.99e-06,5.04e-06,4.96e-06,5.01e-06,199134793113.0
2026-01-28 23:00:00,5.02e-06,5.04e-06,4.97e-06,4.98e-06,226910759541.0
2026-01-29 00:00:00,4.98e-06,5e-06,4.88e-06,4.91e-06,479119743564.0
2026-01-29 01:00:00,4.91e-06,4.94e-06,4.87e-06,4.88e-06,278928650773.0
2026-01-29 02:00:00,4.89e-06,4.91e-06,4.78e-06,4.82e-06,493451527771.0
2026-01-29 03:00:00,4.81e-06,4.86e-06,4.8e-06,4.82e-06,224536018122.0
2026-01-29 04:00:00,4.82e-06,4.84e-06,4.79e-06,4.82e-06,141497209268.0
2026-01-29 05:00:00,4.82e-06,4.84e-06,4.81e-06,4.82e-06,88056816707.0
2026-01-29 06:00:00,4.82e-06,4.85e-06,4.81e-06,4.85e-06,122635605605.0
2026-01-29 07:00:00,4.85e-06,4.87e-06,4.83e-06,4.84e-06,120240183934.0
2026-01-29 08:00:00,4.84e-06,4.87e-06,4.81e-06,4.84e-06,127639068454.0
2026-01-29 09:00:00,4.84e-06,4.85e-06,4.82e-06,4.83e-06,59892419631.0
2026-01-29 10:00:00,4.83e-06,4.84e-06,4.81e-06,4.82e-06,91100212579.0
2026-01-29 11:00:00,4.83e-06,4.83e-06,4.79e-06,4.81e-06,142017800249.0
2026-01-29 12:00:00,4.81e-06,4.82e-06,4.76e-06,4.78e-06,189888402126.0
2026-01-29 13:00:00,4.78e-06,4.83e-06,4.78e-06,4.83e-06,212071644967.0
2026-01-29 14:00:00,4.83e-06,4.84e-06,4.72e-06,4.74e-06,674708072686.0
2026-01-29 15:00:00,4.74e-06,4.74e-06,4.63e-06,4.68e-06,1294687093130.0
2026-01-29 16:00:00,4.68e-06,4.76e-06,4.63e-06,4.76e-06,718524124451.0
2026-01-29 17:00:00,4.76e-06,4.85e-06,4.73e-06,4.75e-06,584299162181.0
2026-01-29 18:00:00,4.75e-06,4.75e-06,4.61e-06,4.62e-06,860903641993.0
2026-01-29 19:00:00,4.63e-06,4.7e-06,4.6e-06,4.67e-06,578374091577.0
2026-01-29 20:00:00,4.68e-06,4.73e-06,4.65e-06,4.71e-06,245840495588.0
2026-01-29 21:00:00,4.71e-06,4.75e-06,4.69e-06,4.73e-06,274032023850.0
2026-01-29 22:00:00,4.73e-06,4.75e-06,4.7e-06,4.72e-06,151736543593.0
2026-01-29 23:00:00,4.73e-06,4.75e-06,4.69e-06,4.73e-06,177141569054.0
2026-01-30 00:00:00,4.73e-06,4.76e-06,4.71e-06,4.75e-06,166690469156.0
2026-01-30 01:00:00,4.75e-06,4.78e-06,4.54e-06,4.69e-06,1993316766450.0
2026-01-30 02:00:00,4.68e-06,4.72e-06,4.59e-06,4.67e-06,733109459016.0
2026-01-30 03:00:00,4.67e-06,4.68e-06,4.6e-06,4.61e-06,372223914915.0
2026-01-30 04:00:00,4.61e-06,4.68e-06,4.6e-06,4.61e-06,527649438550.0
2026-01-30 05:00:00,4.62e-06,4.65e-06,4.59e-06,4.61e-06,241293050553.0
2026-01-30 06:00:00,4.61e-06,4.61e-06,4.5e-06,4.53e-06,702259845244.0
2026-01-30 07:00:00,4.52e-06,4.62e-06,4.52e-06,4.61e-06,382234720084.0
2026-01-30 08:00:00,4.62e-06,4.62e-06,4.54e-06,4.56e-06,535230647552.0
2026-01-30 09:00:00,4.56e-06,4.57e-06,4.51e-06,4.54e-06,491918388821.0
2026-01-30 10:00:00,4.54e-06,4.57e-06,4.53e-06,4.55e-06,239134363481.0
2026-01-30 11:00:00,4.55e-06,4.66e-06,4.54e-06,4.64e-06,262487259977.0
2026-01-30 12:00:00,4.65e-06,4.66e-06,4.58e-06,4.6e-06,225929767650.0
2026-01-30 13:00:00,4.59e-06,4.61e-06,4.53e-06,4.57e-06,421883179671.0
2026-01-30 14:00:00,4.56e-06,4.65e-06,4.56e-06,4.6e-06,487747068221.0
2026-01-30 15:00:00,4.61e-06,4.66e-06,4.53e-06,4.62e-06,723349301106.0
2026-01-30 16:00:00,4.62e-06,4.69e-06,4.59e-06,4.64e-06,436247770005.0
2026-01-30 17:00:00,4.63e-06,4.69e-06,4.6e-06,4.64e-06,298074392266.0
2026-01-30 18:00:00,4.64e-06,4.75e-06,4.51e-06,4.72e-06,874250114174.0
2026-01-30 19:00:00,4.72e-06,4.77e-06,4.68e-06,4.7e-06,517500142686.0
2026-01-30 20:00:00,4.69e-06,4.7e-06,4.61e-06,4.61e-06,593243505752.0
2026-01-30 21:00:00,4.61e-06,4.67e-06,4.6e-06,4.64e-06,272637666161.0
2026-01-30 22:00:00,4.65e-06,4.66e-06,4.6e-06,4.64e-06,139170676725.0
2026-01-30 23:00:00,4.65e-06,4.65e-06,4.6e-06,4.64e-06,178336191865.0
2026-01-31 00:00:00,4.63e-06,4.64e-06,4.6e-06,4.6e-06,119933015253.0
2026-01-31 01:00:00,4.6e-06,4.63e-06,4.58e-06,4.61e-06,129222441324.0
2026-01-31 02:00:00,4.62e-06,4.62e-06,4.56e-06,4.6e-06,171692354189.0
2026-01-31 03:00:00,4.59e-06,4.61e-06,4.58e-06,4.59e-06,88423774041.0
2026-01-31 04:00:00,4.59e-06,4.61e-06,4.56e-06,4.56e-06,89787629161.0
2026-01-31 05:00:00,4.56e-06,4.58e-06,4.55e-06,4.56e-06,73401038027.0
2026-01-31 06:00:00,4.56e-06,4.58e-06,4.45e-06,4.5e-06,391902014906.0
2026-01-31 07:00:00,4.5e-06,4.5e-06,4.42e-06,4.46e-06,269981114639.0
2026-01-31 08:00:00,4.46e-06,4.48e-06,4.38e-06,4.43e-06,700737745261.0
2026-01-31 09:00:00,4.43e-06,4.46e-06,4.41e-06,4.44e-06,180186154566.0
2026-01-31 10:00:00,4.43e-06,4.46e-06,4.41e-06,4.44e-06,69588140877.0
2026-01-31 11:00:00,4.43e-06,4.44e-06,4.41e-06,4.42e-06,69045036780.0
2026-01-31 12:00:00,4.42e-06,4.43e-06,4.39e-06,4.41e-06,176393933658.0
2026-01-31 13:00:00,4.4e-06,4.41e-06,4.32e-06,4.36e-06,558680637355.0
2026-01-31 14:00:00,4.36e-06,4.37e-06,4.16e-06,4.22e-06,2518231037977.0
2026-01-31 15:00:00,4.22e-06,4.3e-06,4.22e-06,4.24e-06,789271337878.0
2026-01-31 16:00:00,4.24e-06,4.3e-06,4.18e-06,4.21e-06,970749802613.0
2026-01-31 17:00:00,4.21e-06,4.22e-06,3.97e-06,4.09e-06,3405841997193.0
2026-01-31 18:00:00,4.09e-06,4.12e-06,3.83e-06,4.03e-06,3161432664790.0
2026-01-31 19:00:00,4.04e-06,4.12e-06,4.02e-06,4.06e-06,864066825859.0
2026-01-31 20:00:00,4.06e-06,4.08e-06,3.99e-06,4.06e-06,545161468353.0
2026-01-31 21:00:00,4.06e-06,4.15e-06,4.04e-06,4.12e-06,487891961895.0
2026-01-31 22:00:00,4.11e-06,4.13e-06,4.05e-06,4.08e-06,275330356562.0
2026-01-31 23:00:00,4.08e-06,4.18e-06,4.07e-06,4.15e-06,463003669694.0
2026-02-01 00:00:00,4.14e-06,4.21e-06,4.14e-06,4.17e-06,350426151041.0
2026-02-01 01:00:00,4.17e-06,4.18e-06,4.11e-06,4.18e-06,268191025307.0
2026-02-01 02:00:00,4.18e-06,4.19e-06,4.14e-06,4.18e-06,226472211379.0
2026-02-01 03:00:00,4.17e-06,4.2e-06,4.15e-06,4.2e-06,212782594670.0
2026-02-01 04:00:00,4.2e-06,4.24e-06,4.19e-06,4.23e-06,202627517382.0
2026-02-01 05:00:00,4.23e-06,4.25e-06,4.19e-06,4.2e-06,258304666588.0
2026-02-01 06:00:00,4.2e-06,4.24e-06,4.19e-06,4.22e-06,175564536185.0
2026-02-01 07:00:00,4.22e-06,4.31e-06,4.19e-06,4.26e-06,296074303686.0
2026-02-01 08:00:00,4.27e-06,4.28e-06,4.22e-06,4.24e-06,315356685437.0
2026-02-01 09:00:00,4.24e-06,4.31e-06,4.2e-06,4.29e-06,273704106593.0
2026-02-01 10:00:00,4.29e-06,4.3e-06,4.21e-06,4.23e-06,390139097105.0
2026-02-01 11:00:00,4.23e-06,4.29e-06,4.22e-06,4.28e-06,196574405745.0
2026-02-01 12:00:00,4.28e-06,4.28e-06,4.23e-06,4.25e-06,208047684630.0
2026-02-01 13:00:00,4.25e-06,4.3e-06,4.24e-06,4.3e-06,316295655492.0
2026-02-01 14:00:00,4.29e-06,4.33e-06,4.18e-06,4.26e-06,790087539308.0
2026-02-01 15:00:00,4.27e-06,4.27e-06,4.12e-06,4.19e-06,1052629549100.0
2026-02-01 16:00:00,4.18e-06,4.25e-06,4.15e-06,4.17e-06,631636825705.0
2026-02-01 17:00:00,4.18e-06,4.2e-06,4.11e-06,4.18e-06,458964887074.0
2026-02-01 18:00:00,4.18e-06,4.32e-06,4.17e-06,4.27e-06,691941946977.0
2026-02-01 19:00:00,4.27e-06,4.29e-06,4.16e-06,4.19e-06,294752041822.0
2026-02-01 20:00:00,4.19e-06,4.28e-06,4.14e-06,4.23e-06,445358300296.0
2026-02-01 21:00:00,4.22e-06,4.24e-06,4.17e-06,4.19e-06,392539311957.0
2026-02-01 22:00:00,4.2e-06,4.27e-06,4.18e-06,4.2e-06,389290392879.0
2026-02-01 23:00:00,4.21e-06,4.25e-06,4.07e-06,4.15e-06,1127882266662.0
2026-02-02 00:00:00,4.16e-06,4.24e-06,4.12e-06,4.2e-06,642406518236.0
2026-02-02 01:00:00,4.2e-06,4.26e-06,4.14e-06,4.21e-06,594551089687.0
2026-02-02 02:00:00,4.21e-06,4.22e-06,4.15e-06,4.17e-06,313568691542.0
2026-02-02 03:00:00,4.17e-06,4.18e-06,3.98e-06,4.16e-06,1463659655393.0
2026-02-02 04:00:00,4.16e-06,4.21e-06,4.07e-06,4.14e-06,457089052543.0
2026-02-02 05:00:00,4.14e-06,4.14e-06,4.01e-06,4.04e-06,554543167004.0
2026-02-02 06:00:00,4.05e-06,4.17e-06,3.97e-06,4.08e-06,794271475905.0
2026-02-02 07:00:00,4.09e-06,4.14e-06,4.07e-06,4.07e-06,426848180125.0
2026-02-02 08:00:00,4.08e-06,4.14e-06,4.07e-06,4.13e-06,292620558152.0
2026-02-02 09:00:00,4.12e-06,4.18e-06,4.08e-06,4.15e-06,489939854434.0
2026-02-02 10:00:00,4.15e-06,4.2e-06,4.15e-06,4.18e-06,237046969390.0
2026-02-02 11:00:00,4.18e-06,4.21e-06,4.16e-06,4.17e-06,325317933715.0
2026-02-02 12:00:00,4.17e-06,4.22e-06,4.16e-06,4.2e-06,309114730480.0
2026-02-02 13:00:00,4.21e-06,4.24e-06,4.18e-06,4.22e-06,492101198010.0
2026-02-02 14:00:00,4.22e-06,4.35e-06,4.18e-06,4.31e-06,1068285099611.0
2026-02-02 15:00:00,4.31e-06,4.38e-06,4.29e-06,4.35e-06,1030862362903.0
2026-02-02 16:00:00,4.34e-06,4.36e-06,4.28e-06,4.29e-06,457867967032.0
2026-02-02 17:00:00,4.29e-06,4.32e-06,4.24e-06,4.26e-06,335400995457.0
2026-02-02 18:00:00,4.26e-06,4.3e-06,4.24e-06,4.28e-06,215695718265.0
2026-02-02 19:00:00,4.28e-06,4.28e-06,4.23e-06,4.23e-06,143772374605.0
2026-02-02 20:00:00,4.24e-06,4.26e-06,4.22e-06,4.24e-06,236163901507.0
2026-02-02 21:00:00,4.24e-06,4.27e-06,4.23e-06,4.25e-06,266148682897.0
2026-02-02 22:00:00,4.26e-06,4.29e-06,4.26e-06,4.28e-06,153768057708.0
2026-02-02 23:00:00,4.28e-06,4.28e-06,4.24e-06,4.24e-06,117015320589.0
2026-02-03 00:00:00,4.24e-06,4.27e-06,4.21e-06,4.27e-06,221961190535.0
2026-02-03 01:00:00,4.27e-06,4.28e-06,4.23e-06,4.25e-06,140437374209.0
2026-02-03 02:00:00,4.25e-06,4.25e-06,4.17e-06,4.18e-06,405262732424.0
2026-02-03 03:00:00,4.17e-06,4.26e-06,4.16e-06,4.24e-06,263615339040.0
2026-02-03 04:00:00,4.25e-06,4.29e-06,4.23e-06,4.27e-06,284277684336.0
2026-02-03 05:00:00,4.27e-06,4.27e-06,4.21e-06,4.22e-06,236725194577.0
2026-02-03 06:00:00,4.23e-06,4.25e-06,4.19e-06,4.23e-06,180103485204.0
2026-02-03 07:00:00,4.23e-06,4.26e-06,4.21e-06,4.24e-06,179255226239.0
2026-02-03 08:00:00,4.24e-06,4.25e-06,4.2e-06,4.2e-06,189266113720.0
2026-02-03 09:00:00,4.21e-06,4.22e-06,4.14e-06,4.18e-06,482531727325.0
2026-02-03 10:00:00,4.18e-06,4.2e-06,4.15e-06,4.18e-06,220854117603.0
2026-02-03 11:00:00,4.18e-06,4.21e-06,4.17e-06,4.19e-06,180028781765.0
2026-02-03 12:00:00,4.2e-06,4.27e-06,4.18e-06,4.25e-06,210256842084.0
2026-02-03 13:00:00,4.25e-06,4.3e-06,4.24e-06,4.29e-06,186810239910.0
2026-02-03 14:00:00,4.29e-06,4.3e-06,4.19e-06,4.19e-06,598203026311.0
2026-02-03 15:00:00,4.2e-06,4.42e-06,4.19e-06,4.37e-06,1317651202876.0
2026-02-03 16:00:00,4.37e-06,4.38e-06,4.22e-06,4.25e-06,830300840795.0
2026-02-03 17:00:00,4.25e-06,4.26e-06,4.08e-06,4.09e-06,948831697092.0
2026-02-03 18:00:00,4.09e-06,4.11e-06,4e-06,4.02e-06,1195975922684.0
2026-02-03 19:00:00,4.02e-06,4.23e-06,4.01e-06,4.21e-06,1245280926649.0
2026-02-03 20:00:00,4.2e-06,4.4e-06,4.13e-06,4.33e-06,1499329532481.0
2026-02-03 21:00:00,4.33e-06,4.36e-06,4.24e-06,4.26e-06,467684923990.0
2026-02-03 22:00:00,4.25e-06,4.26e-06,4.16e-06,4.18e-06,425628023721.0
2026-02-03 23:00:00,4.18e-06,4.18e-06,4.1e-06,4.12e-06,543063852469.0
2026-02-04 00:00:00,4.12e-06,4.18e-06,4.1e-06,4.15e-06,348744866520.0
2026-02-04 01:00:00,4.16e-06,4.25e-06,4.16e-06,4.21e-06,509387986348.0
2026-02-04 02:00:00,4.21e-06,4.22e-06,4.16e-06,4.17e-06,249662750692.0
2026-02-04 03:00:00,4.17e-06,4.29e-06,4.16e-06,4.27e-06,441606197136.0
2026-02-04 04:00:00,4.27e-06,4.28e-06,4.25e-06,4.26e-06,224221977273.0
2026-02-04 05:00:00,4.27e-06,4.27e-06,4.22e-06,4.23e-06,192193498646.0
2026-02-04 06:00:00,4.23e-06,4.28e-06,4.23e-06,4.25e-06,219788295871.0
2026-02-04 07:00:00,4.26e-06,4.26e-06,4.21e-06,4.25e-06,291808626959.0
2026-02-04 08:00:00,4.24e-06,4.28e-06,4.22e-06,4.27e-06,272178864960.0
2026-02-04 09:00:00,4.26e-06,4.27e-06,4.21e-06,4.23e-06,239441397611.0
2026-02-04 10:00:00,4.23e-06,4.25e-06,4.21e-06,4.24e-06,213458853146.0
2026-02-04 11:00:00,4.23e-06,4.23e-06,4.16e-06,4.2e-06,568244781515.0
2026-02-04 12:00:00,4.2e-06,4.22e-06,4.17e-06,4.19e-06,249358620950.0
2026-02-04 13:00:00,4.19e-06,4.2e-06,4.11e-06,4.12e-06,484596754028.0
2026-02-04 14:00:00,4.12e-06,4.16e-06,4.06e-06,4.07e-06,1034831715796.0
2026-02-04 15:00:00,4.06e-06,4.12e-06,4e-06,4.06e-06,1321957635634.0
2026-02-04 16:00:00,4.05e-06,4.09e-06,4.01e-06,4.08e-06,864114839591.0
2026-02-04 17:00:00,4.08e-06,4.12e-06,4.03e-06,4.12e-06,817691207976.0
2026-02-04 18:00:00,4.11e-06,4.26e-06,4.05e-06,4.21e-06,1252626929354.0
2026-02-04 19:00:00,4.22e-06,4.31e-06,4.18e-06,4.3e-06,1204504091267.0
2026-02-04 20:00:00,4.3e-06,4.32e-06,4.25e-06,4.29e-06,482828601685.0
2026-02-04 21:00:00,4.28e-06,4.3e-06,4.17e-06,4.22e-06,424922058166.0
2026-02-04 22:00:00,4.21e-06,4.28e-06,4.12e-06,4.17e-06,474168420483.0
2026-02-04 23:00:00,4.17e-06,4.25e-06,4.15e-06,4.2e-06,604429535716.0
2026-02-05 00:00:00,4.21e-06,4.22e-06,4.16e-06,4.16e-06,343028100785.0
2026-02-05 01:00:00,4.17e-06,4.21e-06,4.11e-06,4.11e-06,638340936634.0
2026-02-05 02:00:00,4.12e-06,4.16e-06,4.07e-06,4.09e-06,549582042674.0
2026-02-05 03:00:00,4.09e-06,4.12e-06,4.06e-06,4.1e-06,504847089389.0
2026-02-05 04:00:00,4.1e-06,4.14e-06,4.06e-06,4.08e-06,740426517629.0
2026-02-05 05:00:00,4.07e-06,4.13e-06,4.02e-06,4.08e-06,811819795425.0
2026-02-05 06:00:00,4.09e-06,4.09e-06,4.02e-06,4.02e-06,523075585192.0
2026-02-05 07:00:00,4.03e-06,4.09e-06,3.99e-06,4.02e-06,681034641915.0
2026-02-05 08:00:00,4.02e-06,4.09e-06,4.01e-06,4.06e-06,318526202761.0
2026-02-05 09:00:00,4.07e-06,4.11e-06,4.05e-06,4.05e-06,346367618208.0
2026-02-05 10:00:00,4.05e-06,4.06e-06,3.93e-06,3.95e-06,650393080663.0
2026-02-05 11:00:00,3.96e-06,3.97e-06,3.84e-06,3.91e-06,1286506026511.0
2026-02-05 12:00:00,3.91e-06,3.93e-06,3.86e-06,3.91e-06,799000292805.0
2026-02-05 13:00:00,3.9e-06,3.92e-06,3.86e-06,3.88e-06,499247348552.0
2026-02-05 14:00:00,3.87e-06,3.96e-06,3.85e-06,3.86e-06,1516255613099.0
2026-02-05 15:00:00,3.86e-06,3.88e-06,3.61e-06,3.71e-06,3711439197865.0
2026-02-05 16:00:00,3.71e-06,3.78e-06,3.67e-06,3.74e-06,1558573380454.0
2026-02-05 17:00:00,3.73e-06,3.76e-06,3.62e-06,3.66e-06,1328716941815.0
2026-02-05 18:00:00,3.66e-06,3.7e-06,3.6e-06,3.68e-06,1182356208879.0
2026-02-05 19:00:00,3.69e-06,3.7e-06,3.61e-06,3.63e-06,844298298441.0
2026-02-05 20:00:00,3.62e-06,3.66e-06,3.45e-06,3.55e-06,2894646857379.0
2026-02-05 21:00:00,3.55e-06,3.66e-06,3.51e-06,3.53e-06,1382886576096.0
2026-02-05 22:00:00,3.54e-06,3.6e-06,3.48e-06,3.53e-06,789946559988.0
2026-02-05 23:00:00,3.53e-06,3.59e-06,3.4e-06,3.43e-06,1190686711359.0
2026-02-06 00:00:00,3.42e-06,3.47e-06,3.1e-06,3.42e-06,6684765142361.0
2026-02-06 01:00:00,3.41e-06,3.55e-06,3.39e-06,3.54e-06,1112364571129.0
2026-02-06 02:00:00,3.54e-06,3.57e-06,3.44e-06,3.45e-06,1105481656914.0
2026-02-06 03:00:00,3.46e-06,3.51e-06,3.44e-06,3.48e-06,736891891553.0
2026-02-06 04:00:00,3.48e-06,3.55e-06,3.46e-06,3.54e-06,580075580044.0
2026-02-06 05:00:00,3.54e-06,3.76e-06,3.54e-06,3.74e-06,2300996669337.0
2026-02-06 06:00:00,3.74e-06,3.75e-06,3.63e-06,3.64e-06,859518629285.0
2026-02-06 07:00:00,3.64e-06,3.65e-06,3.58e-06,3.6e-06,634505372217.0
2026-02-06 08:00:00,3.6e-06,3.62e-06,3.54e-06,3.58e-06,598703454884.0
2026-02-06 09:00:00,3.58e-06,3.67e-06,3.55e-06,3.65e-06,567563204794.0
2026-02-06 10:00:00,3.66e-06,3.71e-06,3.63e-06,3.69e-06,514879006655.0
2026-02-06 11:00:00,3.7e-06,3.72e-06,3.66e-06,3.68e-06,253902383150.0
2026-02-06 12:00:00,3.68e-06,3.68e-06,3.64e-06,3.66e-06,277794475192.0
2026-02-06 13:00:00,3.67e-06,3.74e-06,3.66e-06,3.72e-06,545135801526.0
2026-02-06 14:00:00,3.72e-06,3.83e-06,3.68e-06,3.77e-06,1386243993223.0
2026-02-06 15:00:00,3.77e-06,3.81e-06,3.74e-06,3.79e-06,1026480970086.0
2026-02-06 16:00:00,3.79e-06,3.93e-06,3.77e-06,3.9e-06,1138037018645.0
2026-02-06 17:00:00,3.9e-06,4e-06,3.87e-06,3.94e-06,1250879345210.0
2026-02-06 18:00:00,3.94e-06,3.95e-06,3.83e-06,3.86e-06,981135893532.0
2026-02-06 19:00:00,3.86e-06,3.91e-06,3.85e-06,3.89e-06,446326937743.0
2026-02-06 20:00:00,3.89e-06,3.92e-06,3.85e-06,3.88e-06,574645559299.0
2026-02-06 21:00:00,3.88e-06,3.92e-06,3.85e-06,3.92e-06,271469856646.0
2026-02-06 22:00:00,3.92e-06,3.97e-06,3.91e-06,3.96e-06,475754471991.0
2026-02-06 23:00:00,3.96e-06,3.98e-06,3.9e-06,3.92e-06,452172316558.0
2026-02-07 00:00:00,3.91e-06,3.92e-06,3.86e-06,3.88e-06,730571292901.0
2026-02-07 01:00:00,3.88e-06,3.92e-06,3.85e-06,3.92e-06,408767078201.0
2026-02-07 02:00:00,3.91e-06,3.94e-06,3.89e-06,3.9e-06,290694936563.0
2026-02-07 03:00:00,3.9e-06,3.95e-06,3.89e-06,3.91e-06,454144919640.0
2026-02-07 04:00:00,3.9e-06,3.94e-06,3.88e-06,3.89e-06,475933380926.0
2026-02-07 05:00:00,3.9e-06,3.94e-06,3.88e-06,3.89e-06,394088092280.0
2026-02-07 06:00:00,3.9e-06,3.92e-06,3.81e-06,3.81e-06,384703039411.0
2026-02-07 07:00:00,3.82e-06,3.84e-06,3.73e-06,3.79e-06,1097151537274.0
2026-02-07 08:00:00,3.79e-06,3.81e-06,3.76e-06,3.8e-06,427852387458.0
2026-02-07 09:00:00,3.8e-06,3.82e-06,3.76e-06,3.77e-06,205556026476.0
2026-02-07 10:00:00,3.78e-06,3.8e-06,3.76e-06,3.78e-06,132998824331.0
2026-02-07 11:00:00,3.79e-06,3.79e-06,3.76e-06,3.76e-06,117251317759.0
2026-02-07 12:00:00,3.77e-06,3.89e-06,3.76e-06,3.84e-06,688813070218.0
2026-02-07 13:00:00,3.84e-06,3.86e-06,3.78e-06,3.8e-06,245993570771.0
2026-02-07 14:00:00,3.8e-06,3.82e-06,3.74e-06,3.75e-06,444678232277.0
2026-02-07 15:00:00,3.75e-06,3.83e-06,3.75e-06,3.8e-06,423747627919.0
2026-02-07 16:00:00,3.8e-06,3.93e-06,3.79e-06,3.85e-06,5964810320730.0
2026-02-07 17:00:00,3.85e-06,3.87e-06,3.82e-06,3.85e-06,323640663997.0
2026-02-07 18:00:00,3.85e-06,3.94e-06,3.84e-06,3.89e-06,403058936024.0
2026-02-07 19:00:00,3.9e-06,3.9e-06,3.86e-06,3.88e-06,219804344514.0
2026-02-07 20:00:00,3.87e-06,3.91e-06,3.86e-06,3.91e-06,230138029580.0
2026-02-07 21:00:00,3.91e-06,3.92e-06,3.87e-06,3.87e-06,184976619879.0
2026-02-07 22:00:00,3.87e-06,3.89e-06,3.85e-06,3.85e-06,122376708615.0
2026-02-07 23:00:00,3.86e-06,3.87e-06,3.83e-06,3.87e-06,266856551061.0
2026-02-08 00:00:00,3.86e-06,3.87e-06,3.84e-06,3.85e-06,118027084441.0
2026-02-08 01:00:00,3.86e-06,3.88e-06,3.84e-06,3.86e-06,131552935519.0
2026-02-08 02:00:00,3.86e-06,3.87e-06,3.81e-06,3.83e-06,158138670665.0
2026-02-08 03:00:00,3.83e-06,3.84e-06,3.79e-06,3.8e-06,287471489245.0
2026-02-08 04:00:00,3.8e-06,3.82e-06,3.77e-06,3.81e-06,154765832851.0
2026-02-08 05:00:00,3.81e-06,3.83e-06,3.79e-06,3.81e-06,155080523593.0
2026-02-08 06:00:00,3.81e-06,3.81e-06,3.78e-06,3.79e-06,85680371873.0
2026-02-08 07:00:00,3.8e-06,3.81e-06,3.77e-06,3.8e-06,213581280336.0
2026-02-08 08:00:00,3.81e-06,3.88e-06,3.8e-06,3.86e-06,368192564550.0
2026-02-08 09:00:00,3.86e-06,3.88e-06,3.81e-06,3.84e-06,281780771047.0
2026-02-08 10:00:00,3.84e-06,3.85e-06,3.79e-06,3.8e-06,228542470778.0
2026-02-08 11:00:00,3.8e-06,3.9e-06,3.79e-06,3.89e-06,454046941863.0
2026-02-08 12:00:00,3.9e-06,3.92e-06,3.87e-06,3.9e-06,286982464474.0
2026-02-08 13:00:00,3.9e-06,3.91e-06,3.86e-06,3.9e-06,356240895285.0
2026-02-08 14:00:00,3.89e-06,3.91e-06,3.87e-06,3.88e-06,227447631378.0
2026-02-08 15:00:00,3.89e-06,3.9e-06,3.81e-06,3.84e-06,428086166038.0
2026-02-08 16:00:00,3.84e-06,3.85e-06,3.73e-06,3.75e-06,496153463486.0
2026-02-08 17:00:00,3.76e-06,3.79e-06,3.74e-06,3.76e-06,379572142388.0
2026-02-08 18:00:00,3.75e-06,3.81e-06,3.75e-06,3.78e-06,234128515148.0
2026-02-08 19:00:00,3.79e-06,3.81e-06,3.76e-06,3.81e-06,140580513377.0
2026-02-08 20:00:00,3.8e-06,3.8e-06,3.73e-06,3.75e-06,185713284229.0
2026-02-08 21:00:00,3.74e-06,3.77e-06,3.71e-06,3.74e-06,223146283032.0
2026-02-08 22:00:00,3.74e-06,3.78e-06,3.73e-06,3.77e-06,160742834514.0
2026-02-08 23:00:00,3.77e-06,3.86e-06,3.72e-06,3.78e-06,898401473198.0
2026-02-09 00:00:00,3.78e-06,3.8e-06,3.74e-06,3.78e-06,369315324972.0
2026-02-09 01:00:00,3.78e-06,3.82e-06,3.74e-06,3.79e-06,621984079468.0
2026-02-09 02:00:00,3.78e-06,3.84e-06,3.77e-06,3.81e-06,292797042173.0
2026-02-09 03:00:00,3.81e-06,3.85e-06,3.8e-06,3.84e-06,275770114503.0
2026-02-09 04:00:00,3.84e-06,3.85e-06,3.81e-06,3.83e-06,178189128146.0
2026-02-09 05:00:00,3.82e-06,3.83e-06,3.8e-06,3.82e-06,117380836816.0
2026-02-09 06:00:00,3.81e-06,3.81e-06,3.75e-06,3.77e-06,273261377774.0
2026-02-09 07:00:00,3.77e-06,3.79e-06,3.74e-06,3.76e-06,220398419385.0
2026-02-09 08:00:00,3.75e-06,3.76e-06,3.67e-06,3.71e-06,378245993717.0
2026-02-09 09:00:00,3.71e-06,3.72e-06,3.66e-06,3.67e-06,400497724273.0
2026-02-09 10:00:00,3.67e-06,3.69e-06,3.62e-06,3.64e-06,388431852338.0
2026-02-09 11:00:00,3.64e-06,3.67e-06,3.63e-06,3.67e-06,232634522022.0
2026-02-09 12:00:00,3.66e-06,3.7e-06,3.66e-06,3.69e-06,145490090704.0
2026-02-09 13:00:00,3.69e-06,3.7e-06,3.66e-06,3.66e-06,229706649708.0
2026-02-09 14:00:00,3.67e-06,3.76e-06,3.66e-06,3.74e-06,869840149373.0
2026-02-09 15:00:00,3.74e-06,3.78e-06,3.7e-06,3.77e-06,450543106273.0
2026-02-09 16:00:00,3.77e-06,3.84e-06,3.74e-06,3.8e-06,457928687619.0
2026-02-09 17:00:00,3.8e-06,3.85e-06,3.78e-06,3.84e-06,638773439014.0
2026-02-09 18:00:00,3.84e-06,3.86e-06,3.78e-06,3.81e-06,437303452959.0
2026-02-09 19:00:00,3.8e-06,3.83e-06,3.78e-06,3.82e-06,189902773418.0
2026-02-09 20:00:00,3.82e-06,3.83e-06,3.78e-06,3.81e-06,251167463237.0
2026-02-09 21:00:00,3.81e-06,3.83e-06,3.76e-06,3.82e-06,289648239813.0
2026-02-09 22:00:00,3.82e-06,3.84e-06,3.81e-06,3.83e-06,163430644232.0
2026-02-09 23:00:00,3.83e-06,3.85e-06,3.81e-06,3.81e-06,162948719858.0
2026-02-10 00:00:00,3.82e-06,3.83e-06,3.8e-06,3.81e-06,178466238139.0
2026-02-10 01:00:00,3.81e-06,3.85e-06,3.8e-06,3.82e-06,209402545477.0
2026-02-10 02:00:00,3.82e-06,3.83e-06,3.79e-06,3.8e-06,135403655918.0
2026-02-10 03:00:00,3.81e-06,3.81e-06,3.73e-06,3.76e-06,346466020572.0
2026-02-10 04:00:00,3.75e-06,3.79e-06,3.75e-06,3.78e-06,190975529672.0
2026-02-10 05:00:00,3.79e-06,3.79e-06,3.73e-06,3.74e-06,192270184349.0
2026-02-10 06:00:00,3.74e-06,3.76e-06,3.67e-06,3.67e-06,405776450562.0
2026-02-10 07:00:00,3.68e-06,3.71e-06,3.66e-06,3.67e-06,227642859361.0
2026-02-10 08:00:00,3.68e-06,3.7e-06,3.66e-06,3.68e-06,214030210006.0
2026-02-10 09:00:00,3.69e-06,3.71e-06,3.68e-06,3.68e-06,276608238212.0
2026-02-10 10:00:00,3.69e-06,3.69e-06,3.65e-06,3.66e-06,165774840713.0
2026-02-10 11:00:00,3.66e-06,3.67e-06,3.62e-06,3.64e-06,392236057083.0
2026-02-10 12:00:00,3.64e-06,3.66e-06,3.62e-06,3.63e-06,232190907808.0
2026-02-10 13:00:00,3.64e-06,3.67e-06,3.63e-06,3.66e-06,326719061891.0
2026-02-10 14:00:00,3.65e-06,3.69e-06,3.62e-06,3.65e-06,673613334880.0
2026-02-10 15:00:00,3.65e-06,3.67e-06,3.62e-06,3.64e-06,491310854362.0
2026-02-10 16:00:00,3.63e-06,3.68e-06,3.61e-06,3.65e-06,465524288834.0
2026-02-10 17:00:00,3.66e-06,3.71e-06,3.63e-06,3.69e-06,297356070701.0
2026-02-10 18:00:00,3.68e-06,3.69e-06,3.59e-06,3.63e-06,357479981519.0
2026-02-10 19:00:00,3.62e-06,3.66e-06,3.61e-06,3.65e-06,206381419958.0
2026-02-10 20:00:00,3.65e-06,3.67e-06,3.63e-06,3.65e-06,166262628960.0
2026-02-10 21:00:00,3.65e-06,3.67e-06,3.62e-06,3.66e-06,139439016304.0
2026-02-10 22:00:00,3.65e-06,3.67e-06,3.63e-06,3.64e-06,112824689678.0
2026-02-10 23:00:00,3.63e-06,3.66e-06,3.63e-06,3.64e-06,144372219770.0
2026-02-11 00:00:00,3.64e-06,3.68e-06,3.64e-06,3.67e-06,163485686316.0
2026-02-11 01:00:00,3.67e-06,3.68e-06,3.65e-06,3.67e-06,126489913523.0
2026-02-11 02:00:00,3.67e-06,3.72e-06,3.67e-06,3.68e-06,126376168285.0
2026-02-11 03:00:00,3.67e-06,3.7e-06,3.63e-06,3.67e-06,207997505867.0
2026-02-11 04:00:00,3.67e-06,3.68e-06,3.6e-06,3.62e-06,370660615062.0
2026-02-11 05:00:00,3.62e-06,3.64e-06,3.58e-06,3.59e-06,220506544825.0
2026-02-11 06:00:00,3.59e-06,3.6e-06,3.52e-06,3.54e-06,512782099463.0
2026-02-11 07:00:00,3.54e-06,3.57e-06,3.53e-06,3.55e-06,197942441607.0
2026-02-11 08:00:00,3.55e-06,3.56e-06,3.53e-06,3.54e-06,137282241616.0
2026-02-11 09:00:00,3.55e-06,3.56e-06,3.52e-06,3.54e-06,239885365057.0
2026-02-11 10:00:00,3.54e-06,3.55e-06,3.51e-06,3.52e-06,222768920723.0
2026-02-11 11:00:00,3.53e-06,3.55e-06,3.52e-06,3.54e-06,141542556628.0
2026-02-11 12:00:00,3.55e-06,3.58e-06,3.52e-06,3.57e-06,170539385893.0
2026-02-11 13:00:00,3.56e-06,3.63e-06,3.54e-06,3.62e-06,413755597108.0
2026-02-11 14:00:00,3.63e-06,3.74e-06,3.53e-06,3.53e-06,1157086914361.0
2026-02-11 15:00:00,3.54e-06,3.55e-06,3.46e-06,3.5e-06,1159871374960.0
2026-02-11 16:00:00,3.51e-06,3.59e-06,3.49e-06,3.5e-06,460716373567.0
2026-02-11 17:00:00,3.5e-06,3.58e-06,3.49e-06,3.54e-06,402673336770.0
2026-02-11 18:00:00,3.54e-06,3.63e-06,3.51e-06,3.61e-06,444795979193.0
2026-02-11 19:00:00,3.61e-06,3.64e-06,3.59e-06,3.6e-06,498350656097.0
2026-02-11 20:00:00,3.59e-06,3.63e-06,3.58e-06,3.61e-06,197705634967.0
2026-02-11 21:00:00,3.62e-06,3.67e-06,3.6e-06,3.63e-06,416493729313.0
2026-02-11 22:00:00,3.63e-06,3.64e-06,3.57e-06,3.58e-06,170117303374.0
2026-02-11 23:00:00,3.57e-06,3.58e-06,3.52e-06,3.57e-06,243024527570.0
2026-02-12 00:00:00,3.57e-06,3.63e-06,3.56e-06,3.61e-06,231940274682.0
2026-02-12 01:00:00,3.61e-06,3.65e-06,3.61e-06,3.61e-06,279926897087.0
2026-02-12 02:00:00,3.61e-06,3.64e-06,3.6e-06,3.62e-06,83571899945.0
2026-02-12 03:00:00,3.62e-06,3.64e-06,3.6e-06,3.63e-06,203688285988.0
2026-02-12 04:00:00,3.62e-06,3.65e-06,3.6e-06,3.64e-06,256483710027.0
2026-02-12 05:00:00,3.64e-06,3.69e-06,3.61e-06,3.67e-06,293593093729.0
2026-02-12 06:00:00,3.68e-06,3.72e-06,3.66e-06,3.67e-06,300635508519.0
2026-02-12 07:00:00,3.67e-06,3.7e-06,3.65e-06,3.69e-06,196340101039.0
2026-02-12 08:00:00,3.69e-06,3.71e-06,3.66e-06,3.69e-06,111242177162.0
2026-02-12 09:00:00,3.69e-06,3.73e-06,3.67e-06,3.72e-06,251735701960.0
2026-02-12 10:00:00,3.72e-06,3.77e-06,3.7e-06,3.77e-06,336566821801.0
2026-02-12 11:00:00,3.76e-06,3.77e-06,3.72e-06,3.74e-06,356055532789.0
2026-02-12 12:00:00,3.73e-06,3.74e-06,3.68e-06,3.69e-06,338799126331.0
2026-02-12 13:00:00,3.69e-06,3.77e-06,3.68e-06,3.77e-06,571860591427.0
2026-02-12 14:00:00,3.76e-06,3.77e-06,3.71e-06,3.74e-06,335105993843.0
2026-02-12 15:00:00,3.74e-06,3.76e-06,3.68e-06,3.69e-06,569326763602.0
2026-02-12 16:00:00,3.68e-06,3.7e-06,3.61e-06,3.62e-06,839356719750.0
2026-02-12 17:00:00,3.63e-06,3.65e-06,3.6e-06,3.6e-06,324253623050.0
2026-02-12 18:00:00,3.61e-06,3.66e-06,3.59e-06,3.64e-06,263944174519.0
2026-02-12 19:00:00,3.64e-06,3.7e-06,3.63e-06,3.65e-06,329582783521.0
2026-02-12 20:00:00,3.65e-06,3.67e-06,3.6e-06,3.62e-06,193828654608.0
2026-02-12 21:00:00,3.62e-06,3.65e-06,3.61e-06,3.64e-06,120828969780.0
2026-02-12 22:00:00,3.64e-06,3.69e-06,3.61e-06,3.68e-06,118965580718.0
2026-02-12 23:00:00,3.68e-06,3.74e-06,3.68e-06,3.71e-06,438313416937.0
2026-02-13 00:00:00,3.72e-06,3.73e-06,3.66e-06,3.68e-06,217879487025.0
2026-02-13 01:00:00,3.68e-06,3.72e-06,3.67e-06,3.7e-06,207244357343.0
2026-02-13 02:00:00,3.69e-06,3.73e-06,3.68e-06,3.72e-06,189178734968.0
2026-02-13 03:00:00,3.72e-06,3.72e-06,3.68e-06,3.7e-06,168151057849.0
2026-02-13 04:00:00,3.7e-06,3.7e-06,3.67e-06,3.67e-06,133274635748.0
2026-02-13 05:00:00,3.68e-06,3.7e-06,3.65e-06,3.66e-06,138606716225.0
2026-02-13 06:00:00,3.67e-06,3.68e-06,3.63e-06,3.67e-06,121044121179.0
2026-02-13 07:00:00,3.67e-06,3.72e-06,3.67e-06,3.69e-06,191514385384.0
2026-02-13 08:00:00,3.69e-06,3.73e-06,3.68e-06,3.72e-06,193130449251.0
2026-02-13 09:00:00,3.72e-06,3.72e-06,3.69e-06,3.69e-06,160184362209.0
2026-02-13 10:00:00,3.7e-06,3.71e-06,3.68e-06,3.69e-06,176342247954.0
2026-02-13 11:00:00,3.69e-06,3.7e-06,3.66e-06,3.69e-06,209924269258.0
2026-02-13 12:00:00,3.68e-06,3.69e-06,3.66e-06,3.66e-06,159420716959.0
2026-02-13 13:00:00,3.66e-06,3.72e-06,3.66e-06,3.68e-06,438378827905.0
2026-02-13 14:00:00,3.69e-06,3.76e-06,3.65e-06,3.72e-06,700942088716.0
2026-02-13 15:00:00,3.73e-06,3.81e-06,3.7e-06,3.74e-06,1055968622072.0
2026-02-13 16:00:00,3.75e-06,3.84e-06,3.72e-06,3.81e-06,617463960077.0
2026-02-13 17:00:00,3.81e-06,3.81e-06,3.77e-06,3.79e-06,259251419647.0
2026-02-13 18:00:00,3.79e-06,3.81e-06,3.76e-06,3.8e-06,353361596284.0
2026-02-13 19:00:00,3.8e-06,3.83e-06,3.78e-06,3.81e-06,317923683378.0
2026-02-13 20:00:00,3.81e-06,3.82e-06,3.79e-06,3.81e-06,186764045809.0
2026-02-13 21:00:00,3.81e-06,3.85e-06,3.8e-06,3.81e-06,228097051167.0
2026-02-13 22:00:00,3.82e-06,3.83e-06,3.79e-06,3.8e-06,194123311099.0
2026-02-13 23:00:00,3.8e-06,3.81e-06,3.78e-06,3.78e-06,175804755614.0
2026-02-14 00:00:00,3.78e-06,3.81e-06,3.76e-06,3.79e-06,285034065083.0
2026-02-14 01:00:00,3.79e-06,3.82e-06,3.78e-06,3.81e-06,215997809332.0
2026-02-14 02:00:00,3.81e-06,3.83e-06,3.8e-06,3.82e-06,173097965838.0
2026-02-14 03:00:00,3.81e-06,3.88e-06,3.8e-06,3.85e-06,369764775508.0
2026-02-14 04:00:00,3.85e-06,3.85e-06,3.81e-06,3.81e-06,134213265331.0
2026-02-14 05:00:00,3.82e-06,3.83e-06,3.78e-06,3.79e-06,223901972500.0
2026-02-14 06:00:00,3.8e-06,3.8e-06,3.77e-06,3.78e-06,248829266359.0
2026-02-14 07:00:00,3.78e-06,3.8e-06,3.77e-06,3.8e-06,215727683598.0
2026-02-14 08:00:00,3.8e-06,3.85e-06,3.79e-06,3.84e-06,379025457025.0
2026-02-14 09:00:00,3.84e-06,3.85e-06,3.82e-06,3.84e-06,251425834474.0
2026-02-14 10:00:00,3.84e-06,3.86e-06,3.82e-06,3.83e-06,276981794643.0
2026-02-14 11:00:00,3.84e-06,3.98e-06,3.83e-06,3.94e-06,908226488580.0
2026-02-14 12:00:00,3.95e-06,3.96e-06,3.9e-06,3.91e-06,434514858667.0
2026-02-14 13:00:00,3.9e-06,3.92e-06,3.87e-06,3.91e-06,285376350713.0
2026-02-14 14:00:00,3.91e-06,4.1e-06,3.91e-06,4.07e-06,898184097347.0
2026-02-14 15:00:00,4.08e-06,4.2e-06,4.04e-06,4.19e-06,2138296676312.0
2026-02-14 16:00:00,4.19e-06,4.43e-06,4.17e-06,4.4e-06,3146762026031.0
2026-02-14 17:00:00,4.41e-06,4.57e-06,4.39e-06,4.51e-06,2364357066530.0
2026-02-14 18:00:00,4.52e-06,4.63e-06,4.49e-06,4.61e-06,1367164524526.0
2026-02-14 19:00:00,4.61e-06,4.76e-06,4.57e-06,4.74e-06,1186836193723.0
2026-02-14 20:00:00,4.73e-06,4.81e-06,4.6e-06,4.75e-06,1672220723839.0
2026-02-14 21:00:00,4.76e-06,4.85e-06,4.72e-06,4.8e-06,1674317153538.0
2026-02-14 22:00:00,4.79e-06,5.01e-06,4.78e-06,4.91e-06,1598314299898.0
2026-02-14 23:00:00,4.92e-06,4.94e-06,4.71e-06,4.83e-06,2007710570184.0
2026-02-15 00:00:00,4.83e-06,4.9e-06,4.74e-06,4.81e-06,1099171712547.0
2026-02-15 01:00:00,4.8e-06,4.91e-06,4.77e-06,4.83e-06,1084410309938.0
2026-02-15 02:00:00,4.82e-06,4.89e-06,4.76e-06,4.85e-06,941391790984.0
2026-02-15 03:00:00,4.86e-06,4.96e-06,4.81e-06,4.94e-06,1480806468644.0
2026-02-15 04:00:00,4.94e-06,5.09e-06,4.89e-06,4.95e-06,2105455668141.0
2026-02-15 05:00:00,4.95e-06,4.99e-06,4.83e-06,4.87e-06,998202243164.0
2026-02-15 06:00:00,4.86e-06,4.91e-06,4.81e-06,4.87e-06,805095442683.0
2026-02-15 07:00:00,4.87e-06,4.98e-06,4.87e-06,4.88e-06,772850462172.0
2026-02-15 08:00:00,4.88e-06,4.93e-06,4.75e-06,4.77e-06,1539187960703.0
2026-02-15 09:00:00,4.76e-06,4.84e-06,4.75e-06,4.81e-06,791271112004.0
2026-02-15 10:00:00,4.8e-06,4.81e-06,4.63e-06,4.71e-06,1127949828645.0
2026-02-15 11:00:00,4.72e-06,4.73e-06,4.67e-06,4.71e-06,408792780972.0
2026-02-15 12:00:00,4.71e-06,4.72e-06,4.54e-06,4.55e-06,1305143965354.0
2026-02-15 13:00:00,4.55e-06,4.62e-06,4.51e-06,4.58e-06,1193611823038.0
2026-02-15 14:00:00,4.58e-06,4.7e-06,4.57e-06,4.65e-06,751210788523.0
2026-02-15 15:00:00,4.64e-06,4.69e-06,4.62e-06,4.65e-06,410127422497.0
2026-02-15 16:00:00,4.65e-06,4.67e-06,4.59e-06,4.61e-06,756778652321.0
2026-02-15 17:00:00,4.62e-06,4.62e-06,4.44e-06,4.52e-06,1217149355895.0
2026-02-15 18:00:00,4.51e-06,4.54e-06,4.41e-06,4.44e-06,785337179186.0
2026-02-15 19:00:00,4.44e-06,4.48e-06,4.39e-06,4.41e-06,1115539860842.0
2026-02-15 20:00:00,4.4e-06,4.45e-06,4.37e-06,4.39e-06,471124642687.0
2026-02-15 21:00:00,4.39e-06,4.42e-06,4.34e-06,4.37e-06,665362689475.0
2026-02-15 22:00:00,4.36e-06,4.42e-06,4.35e-06,4.41e-06,594272553985.0
2026-02-15 23:00:00,4.41e-06,4.46e-06,4.35e-06,4.42e-06,577252909226.0
2026-02-16 00:00:00,4.41e-06,4.49e-06,4.4e-06,4.48e-06,892242013132.0
2026-02-16 01:00:00,4.48e-06,4.5e-06,4.42e-06,4.45e-06,687588802688.0
2026-02-16 02:00:00,4.45e-06,4.5e-06,4.43e-06,4.44e-06,763207833307.0
2026-02-16 03:00:00,4.45e-06,4.47e-06,4.41e-06,4.45e-06,267651423469.0
2026-02-16 04:00:00,4.45e-06,4.56e-06,4.44e-06,4.55e-06,482722783881.0
2026-02-16 05:00:00,4.56e-06,4.57e-06,4.43e-06,4.47e-06,607723619961.0
2026-02-16 06:00:00,4.47e-06,4.51e-06,4.43e-06,4.49e-06,405930433387.0
2026-02-16 07:00:00,4.49e-06,4.54e-06,4.46e-06,4.47e-06,459768556044.0
2026-02-16 08:00:00,4.47e-06,4.54e-06,4.47e-06,4.53e-06,293105674872.0
2026-02-16 09:00:00,4.53e-06,4.57e-06,4.49e-06,4.52e-06,639758727319.0
2026-02-16 10:00:00,4.52e-06,4.53e-06,4.49e-06,4.5e-06,249081666582.0
2026-02-16 11:00:00,4.5e-06,4.53e-06,4.42e-06,4.5e-06,753396730621.0
2026-02-16 12:00:00,4.5e-06,4.58e-06,4.46e-06,4.55e-06,871960472785.0
2026-02-16 13:00:00,4.56e-06,4.57e-06,4.37e-06,4.38e-06,1881482203856.0
2026-02-16 14:00:00,4.37e-06,4.47e-06,4.36e-06,4.45e-06,977690478447.0
2026-02-16 15:00:00,4.44e-06,4.48e-06,4.37e-06,4.39e-06,903291199982.0
2026-02-16 16:00:00,4.38e-06,4.47e-06,4.38e-06,4.45e-06,500187750167.0
2026-02-16 17:00:00,4.44e-06,4.47e-06,4.41e-06,4.45e-06,331720126955.0
2026-02-16 18:00:00,4.45e-06,4.49e-06,4.43e-06,4.44e-06,444917008962.0
2026-02-16 19:00:00,4.44e-06,4.51e-06,4.43e-06,4.47e-06,258537103576.0
2026-02-16 20:00:00,4.46e-06,4.52e-06,4.44e-06,4.51e-06,303865917600.0
2026-02-16 21:00:00,4.51e-06,4.55e-06,4.47e-06,4.54e-06,397163335758.0
2026-02-16 22:00:00,4.53e-06,4.54e-06,4.46e-06,4.47e-06,268841776275.0
2026-02-16 23:00:00,4.47e-06,4.52e-06,4.47e-06,4.47e-06,247706445526.0
2026-02-17 00:00:00,4.48e-06,4.48e-06,4.42e-06,4.43e-06,361734849680.0
2026-02-17 01:00:00,4.43e-06,4.47e-06,4.41e-06,4.43e-06,222330206952.0
2026-02-17 02:00:00,4.43e-06,4.49e-06,4.42e-06,4.49e-06,330496705897.0
2026-02-17 03:00:00,4.48e-06,4.48e-06,4.42e-06,4.42e-06,260465651444.0
2026-02-17 04:00:00,4.43e-06,4.44e-06,4.38e-06,4.42e-06,391634033732.0
2026-02-17 05:00:00,4.41e-06,4.42e-06,4.37e-06,4.39e-06,283094044810.0
2026-02-17 06:00:00,4.4e-06,4.45e-06,4.39e-06,4.42e-06,143619624858.0
2026-02-17 07:00:00,4.42e-06,4.42e-06,4.35e-06,4.37e-06,161402784331.0
2026-02-17 08:00:00,4.38e-06,4.4e-06,4.32e-06,4.33e-06,277153382237.0
2026-02-17 09:00:00,4.34e-06,4.35e-06,4.32e-06,4.34e-06,243256869293.0
2026-02-17 10:00:00,4.33e-06,4.36e-06,4.29e-06,4.33e-06,352802227738.0
2026-02-17 11:00:00,4.32e-06,4.4e-06,4.32e-06,4.39e-06,294319346945.0
2026-02-17 12:00:00,4.39e-06,4.45e-06,4.38e-06,4.42e-06,360750370108.0
2026-02-17 13:00:00,4.42e-06,4.46e-06,4.4e-06,4.42e-06,350962532964.0
2026-02-17 14:00:00,4.42e-06,4.46e-06,4.34e-06,4.38e-06,829066297471.0
2026-02-17 15:00:00,4.38e-06,4.45e-06,4.37e-06,4.43e-06,700263113096.0
2026-02-17 16:00:00,4.42e-06,4.52e-06,4.42e-06,4.43e-06,998837309345.0
2026-02-17 17:00:00,4.43e-06,4.45e-06,4.37e-06,4.43e-06,511702607473.0
2026-02-17 18:00:00,4.42e-06,4.47e-06,4.41e-06,4.45e-06,378732597112.0
2026-02-17 19:00:00,4.45e-06,4.47e-06,4.4e-06,4.41e-06,255342260774.0
2026-02-17 20:00:00,4.41e-06,4.43e-06,4.37e-06,4.38e-06,394042072259.0
2026-02-17 21:00:00,4.39e-06,4.42e-06,4.37e-06,4.42e-06,122671229101.0
2026-02-17 22:00:00,4.42e-06,4.43e-06,4.38e-06,4.4e-06,130909939544.0
2026-02-17 23:00:00,4.39e-06,4.41e-06,4.38e-06,4.39e-06,162540847146.0
2026-02-18 00:00:00,4.4e-06,4.41e-06,4.36e-06,4.36e-06,245261893975.0
2026-02-18 01:00:00,4.37e-06,4.38e-06,4.34e-06,4.37e-06,267666737261.0
2026-02-18 02:00:00,4.37e-06,4.41e-06,4.36e-06,4.4e-06,171191908029.0
2026-02-18 03:00:00,4.4e-06,4.42e-06,4.39e-06,4.4e-06,159588047826.0
2026-02-18 04:00:00,4.4e-06,4.42e-06,4.39e-06,4.4e-06,183365575131.0
2026-02-18 05:00:00,4.4e-06,4.42e-06,4.39e-06,4.4e-06,116326866997.0
2026-02-18 06:00:00,4.4e-06,4.42e-06,4.39e-06,4.39e-06,137107226434.0
2026-02-18 07:00:00,4.39e-06,4.41e-06,4.36e-06,4.38e-06,288141549785.0
2026-02-18 08:00:00,4.39e-06,4.44e-06,4.38e-06,4.4e-06,335557999644.0
2026-02-18 09:00:00,4.41e-06,4.42e-06,4.37e-06,4.38e-06,191261307062.0
2026-02-18 10:00:00,4.39e-06,4.4e-06,4.32e-06,4.35e-06,397664366913.0
2026-02-18 11:00:00,4.35e-06,4.39e-06,4.32e-06,4.35e-06,621467451718.0
2026-02-18 12:00:00,4.35e-06,4.38e-06,4.33e-06,4.35e-06,199638993907.0
2026-02-18 13:00:00,4.34e-06,4.35e-06,4.28e-06,4.32e-06,403639508101.0
2026-02-18 14:00:00,4.32e-06,4.36e-06,4.3e-06,4.34e-06,577801092102.0
2026-02-18 15:00:00,4.35e-06,4.41e-06,4.33e-06,4.37e-06,794499183513.0
2026-02-18 16:00:00,4.38e-06,4.39e-06,4.29e-06,4.31e-06,482382327425.0
2026-02-18 17:00:00,4.31e-06,4.36e-06,4.3e-06,4.3e-06,209404166232.0
2026-02-18 18:00:00,4.31e-06,4.32e-06,4.24e-06,4.26e-06,602475489052.0
2026-02-18 19:00:00,4.25e-06,4.28e-06,4.21e-06,4.25e-06,597281595874.0
2026-02-18 20:00:00,4.25e-06,4.26e-06,4.21e-06,4.23e-06,399610009055.0
2026-02-18 21:00:00,4.24e-06,4.26e-06,4.21e-06,4.23e-06,192529241667.0
2026-02-18 22:00:00,4.23e-06,4.24e-06,4.18e-06,4.22e-06,319003788012.0
2026-02-18 23:00:00,4.22e-06,4.24e-06,4.19e-06,4.24e-06,214143054649.0
2026-02-19 00:00:00,4.23e-06,4.24e-06,4.2e-06,4.22e-06,175459897463.0
2026-02-19 01:00:00,4.22e-06,4.26e-06,4.21e-06,4.25e-06,211358744957.0
2026-02-19 02:00:00,4.25e-06,4.26e-06,4.21e-06,4.23e-06,140503507137.0
2026-02-19 03:00:00,4.23e-06,4.24e-06,4.2e-06,4.23e-06,104226257999.0
2026-02-19 04:00:00,4.23e-06,4.26e-06,4.22e-06,4.23e-06,137522997009.0
2026-02-19 05:00:00,4.23e-06,4.24e-06,4.18e-06,4.2e-06,138219065926.0
2026-02-19 06:00:00,4.19e-06,4.23e-06,4.19e-06,4.21e-06,168908971783.0
2026-02-19 07:00:00,4.21e-06,4.23e-06,4.19e-06,4.22e-06,228149973716.0
2026-02-19 08:00:00,4.22e-06,4.23e-06,4.16e-06,4.18e-06,179625378924.0
2026-02-19 09:00:00,4.18e-06,4.22e-06,4.17e-06,4.18e-06,191847390786.0
2026-02-19 10:00:00,4.18e-06,4.23e-06,4.17e-06,4.2e-06,203922025424.0
2026-02-19 11:00:00,4.21e-06,4.22e-06,4.2e-06,4.21e-06,97201990493.0
2026-02-19 12:00:00,4.21e-06,4.22e-06,4.18e-06,4.21e-06,244097567342.0
2026-02-19 13:00:00,4.2e-06,4.22e-06,4.13e-06,4.17e-06,404470434946.0
2026-02-19 14:00:00,4.17e-06,4.28e-06,4.16e-06,4.24e-06,523031141087.0
2026-02-19 15:00:00,4.24e-06,4.28e-06,4.16e-06,4.17e-06,453677639367.0
2026-02-19 16:00:00,4.17e-06,4.2e-06,4.12e-06,4.16e-06,439952036800.0
2026-02-19 17:00:00,4.16e-06,4.22e-06,4.14e-06,4.16e-06,232717579782.0
2026-02-19 18:00:00,4.17e-06,4.24e-06,4.15e-06,4.23e-06,315482678753.0
2026-02-19 19:00:00,4.23e-06,4.23e-06,4.17e-06,4.21e-06,238700672158.0
2026-02-19 20:00:00,4.21e-06,4.23e-06,4.18e-06,4.22e-06,141876288687.0
2026-02-19 21:00:00,4.23e-06,4.25e-06,4.21e-06,4.22e-06,154147490336.0
2026-02-19 22:00:00,4.23e-06,4.24e-06,4.2e-06,4.23e-06,93467687720.0
2026-02-19 23:00:00,4.22e-06,4.24e-06,4.2e-06,4.23e-06,184511061487.0
2026-02-20 00:00:00,4.23e-06,4.28e-06,4.22e-06,4.25e-06,490093161588.0
2026-02-20 01:00:00,4.25e-06,4.27e-06,4.24e-06,4.26e-06,291682529234.0
2026-02-20 02:00:00,4.25e-06,4.3e-06,4.25e-06,4.26e-06,256652837796.0
2026-02-20 03:00:00,4.25e-06,4.28e-06,4.22e-06,4.23e-06,397685855410.0
2026-02-20 04:00:00,4.23e-06,4.23e-06,4.16e-06,4.19e-06,290547415696.0
2026-02-20 05:00:00,4.19e-06,4.24e-06,4.17e-06,4.23e-06,267426889909.0
2026-02-20 06:00:00,4.23e-06,4.24e-06,4.2e-06,4.23e-06,212876700903.0
2026-02-20 07:00:00,4.23e-06,4.23e-06,4.18e-06,4.19e-06,193120946682.0
2026-02-20 08:00:00,4.19e-06,4.22e-06,4.18e-06,4.21e-06,159042758843.0
2026-02-20 09:00:00,4.2e-06,4.25e-06,4.2e-06,4.23e-06,364974449563.0
2026-02-20 10:00:00,4.23e-06,4.25e-06,4.22e-06,4.22e-06,178867928449.0
2026-02-20 11:00:00,4.22e-06,4.23e-06,4.17e-06,4.19e-06,301794516852.0
2026-02-20 12:00:00,4.19e-06,4.2e-06,4.14e-06,4.16e-06,289780692596.0
2026-02-20 13:00:00,4.16e-06,4.17e-06,4.06e-06,4.09e-06,1016031843795.0
2026-02-20 14:00:00,4.09e-06,4.2e-06,4.08e-06,4.18e-06,563377955032.0
2026-02-20 15:00:00,4.18e-06,4.32e-06,4.17e-06,4.31e-06,1459991748564.0
2026-02-20 16:00:00,4.31e-06,4.39e-06,4.26e-06,4.32e-06,1071153670795.0
2026-02-20 17:00:00,4.32e-06,4.32e-06,4.18e-06,4.28e-06,748018693408.0
2026-02-20 18:00:00,4.28e-06,4.3e-06,4.23e-06,4.27e-06,546464151083.0
2026-02-20 19:00:00,4.26e-06,4.28e-06,4.2e-06,4.22e-06,204213785193.0
2026-02-20 20:00:00,4.22e-06,4.25e-06,4.2e-06,4.22e-06,170078208448.0
2026-02-20 21:00:00,4.22e-06,4.24e-06,4.21e-06,4.22e-06,86088089523.0
2026-02-20 22:00:00,4.22e-06,4.26e-06,4.21e-06,4.25e-06,174886050525.0
2026-02-20 23:00:00,4.26e-06,4.27e-06,4.22e-06,4.26e-06,159500848589.0
2026-02-21 00:00:00,4.25e-06,4.27e-06,4.24e-06,4.26e-06,129596441428.0
2026-02-21 01:00:00,4.25e-06,4.29e-06,4.25e-06,4.27e-06,153367670011.0
2026-02-21 02:00:00,4.27e-06,4.3e-06,4.26e-06,4.28e-06,123475339169.0
2026-02-21 03:00:00,4.28e-06,4.29e-06,4.25e-06,4.27e-06,138698684755.0
2026-02-21 04:00:00,4.28e-06,4.31e-06,4.26e-06,4.3e-06,140535056048.0
2026-02-21 05:00:00,4.3e-06,4.32e-06,4.29e-06,4.29e-06,234656247978.0
2026-02-21 06:00:00,4.29e-06,4.33e-06,4.29e-06,4.3e-06,153206000692.0
2026-02-21 07:00:00,4.3e-06,4.33e-06,4.28e-06,4.31e-06,128699554402.0
2026-02-21 08:00:00,4.31e-06,4.34e-06,4.3e-06,4.34e-06,173055334665.0
2026-02-21 09:00:00,4.34e-06,4.42e-06,4.33e-06,4.36e-06,680445553700.0
2026-02-21 10:00:00,4.35e-06,4.36e-06,4.29e-06,4.3e-06,366361809665.0
2026-02-21 11:00:00,4.3e-06,4.31e-06,4.28e-06,4.3e-06,194153295560.0
2026-02-21 12:00:00,4.31e-06,4.31e-06,4.24e-06,4.27e-06,273023043746.0
2026-02-21 13:00:00,4.26e-06,4.31e-06,4.26e-06,4.31e-06,152950626241.0
2026-02-21 14:00:00,4.3e-06,4.34e-06,4.28e-06,4.28e-06,343238211157.0
2026-02-21 15:00:00,4.29e-06,4.29e-06,4.17e-06,4.21e-06,1484601205013.0
2026-02-21 16:00:00,4.21e-06,4.22e-06,4.17e-06,4.2e-06,394587989169.0
2026-02-21 17:00:00,4.2e-06,4.21e-06,4.17e-06,4.2e-06,258790587828.0
2026-02-21 18:00:00,4.2e-06,4.22e-06,4.19e-06,4.22e-06,250047582919.0
2026-02-21 19:00:00,4.22e-06,4.22e-06,4.19e-06,4.2e-06,131313079913.0
2026-02-21 20:00:00,4.21e-06,4.21e-06,4.15e-06,4.15e-06,276302721702.0
2026-02-21 21:00:00,4.16e-06,4.19e-06,4.15e-06,4.18e-06,182729154949.0
2026-02-21 22:00:00,4.18e-06,4.19e-06,4.15e-06,4.16e-06,154702709664.0
2026-02-21 23:00:00,4.15e-06,4.17e-06,4.12e-06,4.16e-06,256040898183.0
2026-02-22 00:00:00,4.16e-06,4.16e-06,4.12e-06,4.13e-06,301979218004.0
2026-02-22 01:00:00,4.13e-06,4.14e-06,4.11e-06,4.14e-06,160605247654.0
2026-02-22 02:00:00,4.14e-06,4.15e-06,4.08e-06,4.09e-06,349277390927.0
2026-02-22 03:00:00,4.08e-06,4.1e-06,4.05e-06,4.09e-06,248738129445.0
2026-02-22 04:00:00,4.08e-06,4.11e-06,4.08e-06,4.09e-06,118788670316.0
2026-02-22 05:00:00,4.09e-06,4.1e-06,4.07e-06,4.07e-06,73628309098.0
2026-02-22 06:00:00,4.08e-06,4.11e-06,4.06e-06,4.09e-06,219956923335.0
2026-02-22 07:00:00,4.09e-06,4.11e-06,4.08e-06,4.1e-06,107138062331.0
2026-02-22 08:00:00,4.1e-06,4.11e-06,4.08e-06,4.08e-06,244392982643.0
2026-02-22 09:00:00,4.09e-06,4.11e-06,4.07e-06,4.1e-06,110238968632.0
2026-02-22 10:00:00,4.11e-06,4.13e-06,4.1e-06,4.11e-06,209758437305.0
2026-02-22 11:00:00,4.11e-06,4.14e-06,4.1e-06,4.11e-06,160015135855.0
2026-02-22 12:00:00,4.1e-06,4.11e-06,4.05e-06,4.08e-06,457009450276.0
2026-02-22 13:00:00,4.07e-06,4.09e-06,4.05e-06,4.06e-06,291971127250.0
2026-02-22 14:00:00,4.07e-06,4.07e-06,4.02e-06,4.04e-06,447756703303.0
2026-02-22 15:00:00,4.05e-06,4.1e-06,4.04e-06,4.08e-06,401280215351.0
2026-02-22 16:00:00,4.09e-06,4.09e-06,4.06e-06,4.08e-06,125302733675.0
2026-02-22 17:00:00,4.09e-06,4.09e-06,4.05e-06,4.07e-06,223932532482.0
2026-02-22 18:00:00,4.08e-06,4.08e-06,4.05e-06,4.06e-06,124918546849.0
2026-02-22 19:00:00,4.05e-06,4.06e-06,4.03e-06,4.05e-06,101148364082.0
2026-02-22 20:00:00,4.04e-06,4.05e-06,4.01e-06,4.02e-06,147861785742.0
2026-02-22 21:00:00,4.02e-06,4.03e-06,3.98e-06,4.03e-06,254933143968.0
2026-02-22 22:00:00,4.02e-06,4.05e-06,4.01e-06,4.05e-06,122291381536.0
2026-02-22 23:00:00,4.04e-06,4.06e-06,4.02e-06,4.06e-06,149955696207.0
2026-02-23 00:00:00,4.06e-06,4.07e-06,4e-06,4e-06,193808593544.0
2026-02-23 01:00:00,4.01e-06,4.01e-06,3.85e-06,3.89e-06,1864386735244.0
2026-02-23 02:00:00,3.89e-06,3.92e-06,3.87e-06,3.91e-06,438140820015.0
2026-02-23 03:00:00,3.91e-06,3.94e-06,3.89e-06,3.92e-06,422683650165.0
2026-02-23 04:00:00,3.92e-06,3.93e-06,3.89e-06,3.9e-06,255902469480.0
2026-02-23 05:00:00,3.9e-06,3.94e-06,3.89e-06,3.93e-06,254236212776.0
2026-02-23 06:00:00,3.92e-06,4.03e-06,3.92e-06,4e-06,655435975752.0
2026-02-23 07:00:00,4e-06,4.06e-06,4e-06,4.01e-06,377046018880.0
2026-02-23 08:00:00,4.02e-06,4.04e-06,4e-06,4.03e-06,276813283492.0
2026-02-23 09:00:00,4.03e-06,4.08e-06,4.01e-06,4.07e-06,453824919217.0
2026-02-23 10:00:00,4.07e-06,4.09e-06,4.04e-06,4.05e-06,275872907852.0
2026-02-23 11:00:00,4.05e-06,4.12e-06,4.05e-06,4.11e-06,277845404616.0
2026-02-23 12:00:00,4.11e-06,4.22e-06,4.09e-06,4.17e-06,708817723764.0
2026-02-23 13:00:00,4.18e-06,4.19e-06,4.11e-06,4.12e-06,695295148459.0
2026-02-23 14:00:00,4.11e-06,4.13e-06,4.06e-06,4.07e-06,758027177304.0
2026-02-23 15:00:00,4.07e-06,4.08e-06,4.02e-06,4.02e-06,495673834276.0
2026-02-23 16:00:00,4.02e-06,4.07e-06,4e-06,4.02e-06,453641872543.0
2026-02-23 17:00:00,4.03e-06,4.05e-06,3.96e-06,4.03e-06,533601455590.0
2026-02-23 18:00:00,4.03e-06,4.07e-06,4e-06,4e-06,488234184583.0
2026-02-23 19:00:00,4e-06,4.02e-06,3.99e-06,4e-06,256026505076.0
2026-02-23 20:00:00,4e-06,4.01e-06,3.95e-06,3.98e-06,405071679053.0
2026-02-23 21:00:00,3.98e-06,3.99e-06,3.95e-06,3.98e-06,168583923684.0
2026-02-23 22:00:00,3.99e-06,4.02e-06,3.97e-06,3.99e-06,182921201157.0
2026-02-23 23:00:00,3.99e-06,4e-06,3.95e-06,3.97e-06,210027990284.0
2026-02-24 00:00:00,3.97e-06,3.99e-06,3.95e-06,3.96e-06,152879161343.0
2026-02-24 01:00:00,3.97e-06,4e-06,3.88e-06,3.95e-06,829183476540.0
2026-02-24 02:00:00,3.95e-06,3.97e-06,3.91e-06,3.92e-06,266522110564.0
2026-02-24 03:00:00,3.92e-06,3.93e-06,3.88e-06,3.9e-06,416679299893.0
2026-02-24 04:00:00,3.9e-06,3.91e-06,3.86e-06,3.91e-06,329020183142.0
2026-02-24 05:00:00,3.91e-06,3.93e-06,3.87e-06,3.89e-06,276279147766.0
2026-02-24 06:00:00,3.89e-06,3.92e-06,3.88e-06,3.9e-06,198518555759.0
2026-02-24 07:00:00,3.9e-06,3.94e-06,3.88e-06,3.93e-06,187435623228.0
2026-02-24 08:00:00,3.93e-06,3.94e-06,3.9e-06,3.92e-06,169824820963.0
2026-02-24 09:00:00,3.93e-06,3.93e-06,3.88e-06,3.89e-06,228448420059.0
2026-02-24 10:00:00,3.89e-06,3.92e-06,3.88e-06,3.9e-06,198411093944.0
2026-02-24 11:00:00,3.9e-06,3.92e-06,3.88e-06,3.91e-06,213203863654.0
2026-02-24 12:00:00,3.9e-06,3.92e-06,3.88e-06,3.9e-06,253283070088.0
2026-02-24 13:00:00,3.9e-06,3.94e-06,3.84e-06,3.91e-06,574929254484.0
2026-02-24 14:00:00,3.91e-06,3.99e-06,3.87e-06,3.97e-06,926398916767.0
2026-02-24 15:00:00,3.97e-06,4.01e-06,3.94e-06,3.96e-06,569154727988.0
2026-02-24 16:00:00,3.97e-06,4.02e-06,3.91e-06,3.95e-06,663533872322.0
2026-02-24 17:00:00,3.95e-06,3.98e-06,3.93e-06,3.95e-06,425064191577.0
2026-02-24 18:00:00,3.95e-06,3.96e-06,3.91e-06,3.93e-06,264751348093.0
2026-02-24 19:00:00,3.93e-06,3.95e-06,3.9e-06,3.93e-06,260901425858.0
2026-02-24 20:00:00,3.93e-06,3.95e-06,3.91e-06,3.94e-06,213285490230.0
2026-02-24 21:00:00,3.94e-06,3.94e-06,3.91e-06,3.94e-06,90442894398.0
2026-02-24 22:00:00,3.94e-06,3.99e-06,3.93e-06,3.95e-06,136544126051.0
2026-02-24 23:00:00,3.96e-06,3.96e-06,3.92e-06,3.95e-06,227998166984.0
2026-02-25 00:00:00,3.95e-06,3.97e-06,3.93e-06,3.96e-06,211407647919.0
2026-02-25 01:00:00,3.97e-06,4.16e-06,3.96e-06,4.08e-06,1756621798218.0
2026-02-25 02:00:00,4.08e-06,4.13e-06,4.03e-06,4.05e-06,596443910163.0
2026-02-25 03:00:00,4.05e-06,4.07e-06,4e-06,4.01e-06,549133092160.0
2026-02-25 04:00:00,4e-06,4.02e-06,3.97e-06,3.99e-06,403675263881.0
2026-02-25 05:00:00,4e-06,4.01e-06,3.91e-06,3.94e-06,409691613272.0
2026-02-25 06:00:00,3.95e-06,3.96e-06,3.92e-06,3.92e-06,245923975913.0
2026-02-25 07:00:00,3.93e-06,3.94e-06,3.89e-06,3.92e-06,281421620803.0
2026-02-25 08:00:00,3.93e-06,3.98e-06,3.91e-06,3.97e-06,348450589228.0
2026-02-25 09:00:00,3.97e-06,4.03e-06,3.96e-06,4.01e-06,421165506069.0
2026-02-25 10:00:00,4e-06,4.03e-06,3.99e-06,4e-06,297459100215.0
2026-02-25 11:00:00,4e-06,4.01e-06,3.96e-06,4e-06,285379846794.0
2026-02-25 12:00:00,4e-06,4.08e-06,3.99e-06,4.06e-06,713303029217.0
2026-02-25 13:00:00,4.06e-06,4.1e-06,4.03e-06,4.08e-06,823404883851.0
2026-02-25 14:00:00,4.09e-06,4.17e-06,4.05e-06,4.16e-06,1342693948388.0
2026-02-25 15:00:00,4.16e-06,4.2e-06,4.12e-06,4.18e-06,1296232550585.0
2026-02-25 16:00:00,4.18e-06,4.31e-06,4.16e-06,4.28e-06,1807798065184.0
2026-02-25 17:00:00,4.28e-06,4.36e-06,4.27e-06,4.33e-06,1106931406060.0
2026-02-25 18:00:00,4.33e-06,4.39e-06,4.29e-06,4.36e-06,1088127566637.0
2026-02-25 19:00:00,4.37e-06,4.38e-06,4.32e-06,4.36e-06,623939078558.0
2026-02-25 20:00:00,4.35e-06,4.38e-06,4.31e-06,4.34e-06,559231445182.0
2026-02-25 21:00:00,4.35e-06,4.45e-06,4.32e-06,4.36e-06,983049400145.0
2026-02-25 22:00:00,4.36e-06,4.39e-06,4.21e-06,4.23e-06,912895405603.0
2026-02-25 23:00:00,4.24e-06,4.25e-06,4.07e-06,4.14e-06,1321544847477.0
2026-02-26 00:00:00,4.13e-06,4.18e-06,4.09e-06,4.13e-06,1021738588698.0
2026-02-26 01:00:00,4.13e-06,4.15e-06,4.08e-06,4.08e-06,508850615735.0
2026-02-26 02:00:00,4.09e-06,4.12e-06,4.03e-06,4.12e-06,793210910888.0
2026-02-26 03:00:00,4.12e-06,4.12e-06,4.08e-06,4.1e-06,298008891215.0
2026-02-26 04:00:00,4.09e-06,4.15e-06,4.09e-06,4.13e-06,490335902051.0
2026-02-26 05:00:00,4.13e-06,4.13e-06,4.06e-06,4.09e-06,546685091311.0
2026-02-26 06:00:00,4.08e-06,4.09e-06,4.04e-06,4.06e-06,334611493227.0
2026-02-26 07:00:00,4.05e-06,4.06e-06,4.01e-06,4.04e-06,458814242887.0
2026-02-26 08:00:00,4.04e-06,4.05e-06,4.01e-06,4.02e-06,420452069840.0
2026-02-26 09:00:00,4.01e-06,4.07e-06,4e-06,4.06e-06,444134392014.0
2026-02-26 10:00:00,4.05e-06,4.07e-06,3.95e-06,3.96e-06,741883617281.0
2026-02-26 11:00:00,3.95e-06,3.97e-06,3.93e-06,3.97e-06,646755149387.0
2026-02-26 12:00:00,3.96e-06,4e-06,3.95e-06,3.99e-06,624054701665.0
2026-02-26 13:00:00,3.98e-06,4e-06,3.95e-06,3.97e-06,746681050164.0
2026-02-26 14:00:00,3.97e-06,3.99e-06,3.92e-06,3.95e-06,1121033176782.0
2026-02-26 15:00:00,3.95e-06,3.96e-06,3.86e-06,3.89e-06,1452835178226.0
2026-02-26 16:00:00,3.9e-06,3.9e-06,3.77e-06,3.8e-06,1885061912796.0
2026-02-26 17:00:00,3.8e-06,3.84e-06,3.78e-06,3.81e-06,850744374564.0
2026-02-26 18:00:00,3.81e-06,3.84e-06,3.78e-06,3.83e-06,769861645523.0
2026-02-26 19:00:00,3.82e-06,3.88e-06,3.82e-06,3.86e-06,951733765541.0
2026-02-26 20:00:00,3.86e-06,3.87e-06,3.83e-06,3.84e-06,416153437335.0
2026-02-26 21:00:00,3.84e-06,3.85e-06,3.78e-06,3.82e-06,619579709933.0
2026-02-26 22:00:00,3.82e-06,3.85e-06,3.82e-06,3.84e-06,257361836512.0
2026-02-26 23:00:00,3.84e-06,3.84e-06,3.82e-06,3.83e-06,302690161475.0
2026-02-27 00:00:00,3.83e-06,3.85e-06,3.8e-06,3.84e-06,379477784245.0
2026-02-27 01:00:00,3.84e-06,3.87e-06,3.82e-06,3.84e-06,525745544200.0
2026-02-27 02:00:00,3.84e-06,3.88e-06,3.83e-06,3.83e-06,351659344732.0
2026-02-27 03:00:00,3.84e-06,3.86e-06,3.81e-06,3.85e-06,408345024611.0
2026-02-27 04:00:00,3.84e-06,3.92e-06,3.84e-06,3.88e-06,659104493882.0
2026-02-27 05:00:00,3.88e-06,3.91e-06,3.87e-06,3.88e-06,318077932897.0
2026-02-27 06:00:00,3.88e-06,3.9e-06,3.85e-06,3.9e-06,372422093108.0
2026-02-27 07:00:00,3.89e-06,3.9e-06,3.85e-06,3.88e-06,230692604614.0
2026-02-27 08:00:00,3.89e-06,3.91e-06,3.86e-06,3.88e-06,263798376777.0
2026-02-27 09:00:00,3.88e-06,3.89e-06,3.82e-06,3.83e-06,377788332969.0
2026-02-27 10:00:00,3.83e-06,3.84e-06,3.75e-06,3.78e-06,838392647396.0
2026-02-27 11:00:00,3.78e-06,3.8e-06,3.7e-06,3.74e-06,981430683117.0
2026-02-27 12:00:00,3.73e-06,3.75e-06,3.71e-06,3.73e-06,538227615407.0
2026-02-27 13:00:00,3.73e-06,3.75e-06,3.67e-06,3.71e-06,658105644813.0
2026-02-27 14:00:00,3.72e-06,3.73e-06,3.67e-06,3.69e-06,450884478828.0
2026-02-27 15:00:00,3.69e-06,3.71e-06,3.67e-06,3.68e-06,793298468552.0
2026-02-27 16:00:00,3.69e-06,3.71e-06,3.65e-06,3.66e-06,710184633104.0
2026-02-27 17:00:00,3.65e-06,3.7e-06,3.63e-06,3.69e-06,571528256670.0
2026-02-27 18:00:00,3.68e-06,3.7e-06,3.66e-06,3.67e-06,195219060473.0
2026-02-27 19:00:00,3.66e-06,3.67e-06,3.64e-06,3.65e-06,165260797317.0
2026-02-27 20:00:00,3.65e-06,3.69e-06,3.65e-06,3.69e-06,241837872746.0
2026-02-27 21:00:00,3.69e-06,3.7e-06,3.66e-06,3.68e-06,217399238417.0
2026-02-27 22:00:00,3.67e-06,3.69e-06,3.59e-06,3.67e-06,535034206123.0
2026-02-27 23:00:00,3.66e-06,3.69e-06,3.65e-06,3.69e-06,150524436312.0
2026-02-28 00:00:00,3.69e-06,3.69e-06,3.67e-06,3.69e-06,180514890950.0
2026-02-28 01:00:00,3.68e-06,3.7e-06,3.64e-06,3.65e-06,251585064364.0
2026-02-28 02:00:00,3.65e-06,3.68e-06,3.64e-06,3.67e-06,228826216139.0
2026-02-28 03:00:00,3.67e-06,3.67e-06,3.64e-06,3.65e-06,247603749141.0
2026-02-28 04:00:00,3.66e-06,3.67e-06,3.63e-06,3.65e-06,205500904919.0
2026-02-28 05:00:00,3.65e-06,3.66e-06,3.61e-06,3.63e-06,284448397353.0
2026-02-28 06:00:00,3.63e-06,3.63e-06,3.45e-06,3.48e-06,2645401386986.0
2026-02-28 07:00:00,3.47e-06,3.54e-06,3.43e-06,3.51e-06,966802675195.0
2026-02-28 08:00:00,3.51e-06,3.51e-06,3.44e-06,3.45e-06,589682620391.0
2026-02-28 09:00:00,3.46e-06,3.48e-06,3.43e-06,3.45e-06,376410289510.0
2026-02-28 10:00:00,3.46e-06,3.49e-06,3.42e-06,3.46e-06,654165749121.0
2026-02-28 11:00:00,3.47e-06,3.49e-06,3.44e-06,3.45e-06,326641656350.0
2026-02-28 12:00:00,3.45e-06,3.49e-06,3.45e-06,3.47e-06,200774705318.0
2026-02-28 13:00:00,3.46e-06,3.57e-06,3.45e-06,3.56e-06,721524290904.0
2026-02-28 14:00:00,3.57e-06,3.59e-06,3.49e-06,3.5e-06,704480105531.0
2026-02-28 15:00:00,3.49e-06,3.55e-06,3.47e-06,3.54e-06,333366736571.0
2026-02-28 16:00:00,3.54e-06,3.55e-06,3.51e-06,3.55e-06,298081716268.0
2026-02-28 17:00:00,3.55e-06,3.55e-06,3.51e-06,3.54e-06,334724468897.0
2026-02-28 18:00:00,3.55e-06,3.63e-06,3.52e-06,3.6e-06,327020094416.0
2026-02-28 19:00:00,3.59e-06,3.65e-06,3.56e-06,3.61e-06,482446938970.0
2026-02-28 20:00:00,3.61e-06,3.67e-06,3.59e-06,3.65e-06,636554309970.0
2026-02-28 21:00:00,3.64e-06,3.65e-06,3.61e-06,3.65e-06,436462622743.0
2026-02-28 22:00:00,3.65e-06,3.7e-06,3.64e-06,3.67e-06,400039960723.0
2026-02-28 23:00:00,3.67e-06,3.68e-06,3.64e-06,3.65e-06,264699518778.0
2026-03-01 00:00:00,3.66e-06,3.67e-06,3.61e-06,3.64e-06,543648195069.0
2026-03-01 01:00:00,3.64e-06,3.74e-06,3.6e-06,3.7e-06,650588062084.0
2026-03-01 02:00:00,3.71e-06,3.79e-06,3.71e-06,3.74e-06,1204876067996.0
2026-03-01 03:00:00,3.75e-06,3.76e-06,3.66e-06,3.67e-06,423960535048.0
2026-03-01 04:00:00,3.67e-06,3.69e-06,3.63e-06,3.67e-06,452502824433.0
2026-03-01 05:00:00,3.67e-06,3.68e-06,3.65e-06,3.67e-06,135190911105.0
2026-03-01 06:00:00,3.66e-06,3.67e-06,3.59e-06,3.63e-06,456516369406.0
2026-03-01 07:00:00,3.62e-06,3.65e-06,3.61e-06,3.64e-06,244931349316.0
2026-03-01 08:00:00,3.64e-06,3.65e-06,3.56e-06,3.58e-06,463186212368.0
2026-03-01 09:00:00,3.57e-06,3.61e-06,3.56e-06,3.56e-06,339493974902.0
2026-03-01 10:00:00,3.56e-06,3.58e-06,3.54e-06,3.55e-06,325522453243.0
2026-03-01 11:00:00,3.55e-06,3.56e-06,3.53e-06,3.54e-06,262081729683.0
2026-03-01 12:00:00,3.55e-06,3.56e-06,3.51e-06,3.52e-06,450682369205.0
2026-03-01 13:00:00,3.52e-06,3.6e-06,3.49e-06,3.58e-06,818891501191.0
2026-03-01 14:00:00,3.57e-06,3.61e-06,3.51e-06,3.52e-06,670726274460.0
2026-03-01 15:00:00,3.52e-06,3.55e-06,3.51e-06,3.52e-06,395974297667.0
2026-03-01 16:00:00,3.52e-06,3.55e-06,3.43e-06,3.47e-06,823855159299.0
2026-03-01 17:00:00,3.47e-06,3.48e-06,3.42e-06,3.47e-06,747112017183.0
2026-03-01 18:00:00,3.47e-06,3.53e-06,3.46e-06,3.5e-06,423828902240.0
2026-03-01 19:00:00,3.49e-06,3.5e-06,3.42e-06,3.44e-06,387642099982.0
2026-03-01 20:00:00,3.43e-06,3.44e-06,3.36e-06,3.38e-06,1005325819561.0
2026-03-01 21:00:00,3.39e-06,3.44e-06,3.38e-06,3.43e-06,301930426824.0
2026-03-01 22:00:00,3.42e-06,3.48e-06,3.41e-06,3.43e-06,616730710623.0
2026-03-01 23:00:00,3.43e-06,3.48e-06,3.42e-06,3.45e-06,455089610952.0
2026-03-02 00:00:00,3.45e-06,3.53e-06,3.44e-06,3.5e-06,425769695029.0
2026-03-02 01:00:00,3.5e-06,3.54e-06,3.47e-06,3.47e-06,529690338032.0
2026-03-02 02:00:00,3.47e-06,3.49e-06,3.44e-06,3.46e-06,409146644867.0
2026-03-02 03:00:00,3.45e-06,3.5e-06,3.43e-06,3.48e-06,206082562948.0
2026-03-02 04:00:00,3.48e-06,3.48e-06,3.44e-06,3.44e-06,218228563180.0
2026-03-02 05:00:00,3.45e-06,3.47e-06,3.41e-06,3.44e-06,281833219598.0
2026-03-02 06:00:00,3.44e-06,3.45e-06,3.4e-06,3.44e-06,201132493612.0
2026-03-02 07:00:00,3.44e-06,3.44e-06,3.38e-06,3.41e-06,294563342268.0
2026-03-02 08:00:00,3.41e-06,3.44e-06,3.37e-06,3.43e-06,389167897865.0
2026-03-02 09:00:00,3.44e-06,3.49e-06,3.42e-06,3.46e-06,1478837801757.0
2026-03-02 10:00:00,3.47e-06,3.49e-06,3.45e-06,3.47e-06,256827251258.0
2026-03-02 11:00:00,3.47e-06,3.49e-06,3.45e-06,3.47e-06,203889022809.0
2026-03-02 12:00:00,3.47e-06,3.48e-06,3.44e-06,3.45e-06,149480392445.0
2026-03-02 13:00:00,3.45e-06,3.47e-06,3.43e-06,3.45e-06,458005969160.0
2026-03-02 14:00:00,3.44e-06,3.56e-06,3.44e-06,3.53e-06,890832344602.0
2026-03-02 15:00:00,3.54e-06,3.69e-06,3.53e-06,3.63e-06,2160871042717.0
2026-03-02 16:00:00,3.64e-06,3.7e-06,3.6e-06,3.64e-06,1302133200769.0
2026-03-02 17:00:00,3.64e-06,3.65e-06,3.54e-06,3.59e-06,930301079657.0
2026-03-02 18:00:00,3.59e-06,3.63e-06,3.55e-06,3.59e-06,426420497289.0
2026-03-02 19:00:00,3.59e-06,3.6e-06,3.55e-06,3.6e-06,362522979398.0
2026-03-02 20:00:00,3.59e-06,3.62e-06,3.55e-06,3.56e-06,389576710392.0
2026-03-02 21:00:00,3.56e-06,3.59e-06,3.53e-06,3.57e-06,217821385809.0
2026-03-02 22:00:00,3.58e-06,3.59e-06,3.55e-06,3.57e-06,226561777658.0
2026-03-02 23:00:00,3.56e-06,3.58e-06,3.5e-06,3.52e-06,423766231977.0
2026-03-03 00:00:00,3.52e-06,3.54e-06,3.48e-06,3.54e-06,398500231685.0
2026-03-03 01:00:00,3.53e-06,3.55e-06,3.49e-06,3.49e-06,259291129643.0
2026-03-03 02:00:00,3.5e-06,3.52e-06,3.47e-06,3.49e-06,312097471864.0
2026-03-03 03:00:00,3.49e-06,3.51e-06,3.46e-06,3.5e-06,147370425839.0
2026-03-03 04:00:00,3.5e-06,3.5e-06,3.45e-06,3.47e-06,229348990686.0
2026-03-03 05:00:00,3.46e-06,3.52e-06,3.45e-06,3.47e-06,309122739981.0
2026-03-03 06:00:00,3.48e-06,3.49e-06,3.46e-06,3.49e-06,190273140355.0
2026-03-03 07:00:00,3.49e-06,3.55e-06,3.47e-06,3.47e-06,1079932391811.0
2026-03-03 08:00:00,3.47e-06,3.48e-06,3.4e-06,3.42e-06,621732047374.0
2026-03-03 09:00:00,3.41e-06,3.44e-06,3.38e-06,3.4e-06,1160759309113.0
2026-03-03 10:00:00,3.4e-06,3.42e-06,3.37e-06,3.39e-06,391618227112.0
2026-03-03 11:00:00,3.4e-06,3.42e-06,3.38e-06,3.42e-06,226848969425.0
2026-03-03 12:00:00,3.42e-06,3.47e-06,3.41e-06,3.46e-06,345678750038.0
2026-03-03 13:00:00,3.45e-06,3.46e-06,3.42e-06,3.44e-06,268325642095.0
2026-03-03 14:00:00,3.44e-06,3.49e-06,3.39e-06,3.43e-06,653898605895.0
2026-03-03 15:00:00,3.43e-06,3.49e-06,3.34e-06,3.47e-06,1533501539658.0
2026-03-03 16:00:00,3.46e-06,3.55e-06,3.42e-06,3.47e-06,1050532736982.0
2026-03-03 17:00:00,3.47e-06,3.47e-06,3.41e-06,3.45e-06,643346644800.0
2026-03-03 18:00:00,3.45e-06,3.5e-06,3.44e-06,3.46e-06,341516424794.0
2026-03-03 19:00:00,3.46e-06,3.46e-06,3.42e-06,3.44e-06,444931710473.0
2026-03-03 20:00:00,3.44e-06,3.45e-06,3.41e-06,3.42e-06,360665860998.0
2026-03-03 21:00:00,3.43e-06,3.43e-06,3.39e-06,3.42e-06,250803033047.0
2026-03-03 22:00:00,3.43e-06,3.48e-06,3.42e-06,3.46e-06,198484577430.0
2026-03-03 23:00:00,3.46e-06,3.51e-06,3.45e-06,3.45e-06,292670180579.0
2026-03-04 00:00:00,3.46e-06,3.48e-06,3.42e-06,3.47e-06,430433224185.0
2026-03-04 01:00:00,3.46e-06,3.5e-06,3.44e-06,3.47e-06,383865219515.0
2026-03-04 02:00:00,3.47e-06,3.48e-06,3.45e-06,3.46e-06,238440673921.0
2026-03-04 03:00:00,3.45e-06,3.46e-06,3.39e-06,3.43e-06,454722519357.0
2026-03-04 04:00:00,3.42e-06,3.44e-06,3.39e-06,3.42e-06,210574920923.0
2026-03-04 05:00:00,3.43e-06,3.45e-06,3.4e-06,3.43e-06,148338800878.0
2026-03-04 06:00:00,3.44e-06,3.46e-06,3.41e-06,3.46e-06,287844055952.0
2026-03-04 07:00:00,3.45e-06,3.5e-06,3.44e-06,3.48e-06,294056098806.0
2026-03-04 08:00:00,3.48e-06,3.57e-06,3.46e-06,3.55e-06,927077144172.0
2026-03-04 09:00:00,3.56e-06,3.61e-06,3.54e-06,3.54e-06,1271117113690.0
2026-03-04 10:00:00,3.54e-06,3.58e-06,3.52e-06,3.55e-06,739069519346.0
2026-03-04 11:00:00,3.56e-06,3.58e-06,3.52e-06,3.55e-06,357611262967.0
2026-03-04 12:00:00,3.55e-06,3.57e-06,3.5e-06,3.55e-06,364732777667.0
2026-03-04 13:00:00,3.55e-06,3.67e-06,3.55e-06,3.65e-06,1429830508512.0
2026-03-04 14:00:00,3.64e-06,3.67e-06,3.58e-06,3.59e-06,1613261134186.0
2026-03-04 15:00:00,3.6e-06,3.74e-06,3.6e-06,3.73e-06,1434409358722.0
2026-03-04 16:00:00,3.74e-06,3.75e-06,3.63e-06,3.69e-06,1273912895105.0
2026-03-04 17:00:00,3.69e-06,3.78e-06,3.67e-06,3.72e-06,1210326863405.0
2026-03-04 18:00:00,3.73e-06,3.77e-06,3.7e-06,3.76e-06,794537735716.0
2026-03-04 19:00:00,3.76e-06,3.79e-06,3.72e-06,3.74e-06,895384675533.0
2026-03-04 20:00:00,3.74e-06,3.75e-06,3.71e-06,3.72e-06,458249988444.0
2026-03-04 21:00:00,3.72e-06,3.73e-06,3.67e-06,3.69e-06,736281346943.0
2026-03-04 22:00:00,3.7e-06,3.73e-06,3.64e-06,3.65e-06,464716504589.0
2026-03-04 23:00:00,3.65e-06,3.67e-06,3.63e-06,3.65e-06,524217886610.0
2026-03-05 00:00:00,3.65e-06,3.66e-06,3.61e-06,3.61e-06,440641740419.0
2026-03-05 01:00:00,3.61e-06,3.65e-06,3.58e-06,3.59e-06,558022626872.0
2026-03-05 02:00:00,3.59e-06,3.62e-06,3.58e-06,3.61e-06,224696589815.0
2026-03-05 03:00:00,3.6e-06,3.62e-06,3.59e-06,3.61e-06,221482442938.0
2026-03-05 04:00:00,3.6e-06,3.65e-06,3.6e-06,3.62e-06,357754407059.0
2026-03-05 05:00:00,3.61e-06,3.63e-06,3.58e-06,3.59e-06,251664114737.0
2026-03-05 06:00:00,3.6e-06,3.61e-06,3.56e-06,3.6e-06,491119803552.0
2026-03-05 07:00:00,3.6e-06,3.61e-06,3.52e-06,3.54e-06,457109869345.0
2026-03-05 08:00:00,3.54e-06,3.57e-06,3.53e-06,3.55e-06,281191744163.0
2026-03-05 09:00:00,3.56e-06,3.58e-06,3.55e-06,3.57e-06,454356319255.0
2026-03-05 10:00:00,3.57e-06,3.63e-06,3.55e-06,3.62e-06,634951878055.0
2026-03-05 11:00:00,3.62e-06,3.63e-06,3.53e-06,3.55e-06,698102053360.0
2026-03-05 12:00:00,3.55e-06,3.57e-06,3.52e-06,3.56e-06,430329567408.0
2026-03-05 13:00:00,3.56e-06,3.56e-06,3.49e-06,3.52e-06,844704242580.0
2026-03-05 14:00:00,3.52e-06,3.56e-06,3.5e-06,3.55e-06,895667889667.0
2026-03-05 15:00:00,3.55e-06,3.55e-06,3.47e-06,3.49e-06,844762519695.0
2026-03-05 16:00:00,3.49e-06,3.49e-06,3.41e-06,3.44e-06,851037118689.0
2026-03-05 17:00:00,3.44e-06,3.46e-06,3.41e-06,3.44e-06,594094907516.0
2026-03-05 18:00:00,3.43e-06,3.48e-06,3.43e-06,3.47e-06,364887680036.0
2026-03-05 19:00:00,3.47e-06,3.51e-06,3.46e-06,3.48e-06,460032866995.0
2026-03-05 20:00:00,3.48e-06,3.53e-06,3.48e-06,3.53e-06,425631707244.0
2026-03-05 21:00:00,3.52e-06,3.54e-06,3.49e-06,3.5e-06,312701243816.0
2026-03-05 22:00:00,3.5e-06,3.5e-06,3.47e-06,3.48e-06,133284355936.0
2026-03-05 23:00:00,3.49e-06,3.49e-06,3.46e-06,3.47e-06,149868553765.0
2026-03-06 00:00:00,3.48e-06,3.5e-06,3.47e-06,3.48e-06,228086366025.0
2026-03-06 01:00:00,3.48e-06,3.52e-06,3.46e-06,3.51e-06,346692826097.0
2026-03-06 02:00:00,3.51e-06,3.51e-06,3.47e-06,3.49e-06,249078584758.0
2026-03-06 03:00:00,3.48e-06,3.5e-06,3.47e-06,3.49e-06,162198255330.0
2026-03-06 04:00:00,3.49e-06,3.5e-06,3.46e-06,3.48e-06,306055566393.0
2026-03-06 05:00:00,3.49e-06,3.5e-06,3.46e-06,3.48e-06,231430276942.0
2026-03-06 06:00:00,3.49e-06,3.51e-06,3.48e-06,3.48e-06,149204587103.0
2026-03-06 07:00:00,3.48e-06,3.53e-06,3.47e-06,3.51e-06,280923292541.0
2026-03-06 08:00:00,3.51e-06,3.52e-06,3.45e-06,3.47e-06,468867224502.0
2026-03-06 09:00:00,3.47e-06,3.47e-06,3.42e-06,3.45e-06,470326884131.0
2026-03-06 10:00:00,3.45e-06,3.47e-06,3.44e-06,3.45e-06,218458072223.0
2026-03-06 11:00:00,3.45e-06,3.46e-06,3.43e-06,3.44e-06,207399703730.0
2026-03-06 12:00:00,3.45e-06,3.46e-06,3.42e-06,3.45e-06,350551833725.0
2026-03-06 13:00:00,3.45e-06,3.5e-06,3.42e-06,3.43e-06,731416461647.0
2026-03-06 14:00:00,3.42e-06,3.44e-06,3.32e-06,3.36e-06,2276855943470.0
2026-03-06 15:00:00,3.36e-06,3.4e-06,3.35e-06,3.37e-06,616090070974.0
2026-03-06 16:00:00,3.37e-06,3.39e-06,3.34e-06,3.37e-06,508020157360.0
2026-03-06 17:00:00,3.36e-06,3.38e-06,3.3e-06,3.33e-06,694802482996.0
2026-03-06 18:00:00,3.33e-06,3.39e-06,3.32e-06,3.36e-06,393852511004.0
2026-03-06 19:00:00,3.36e-06,3.39e-06,3.35e-06,3.37e-06,225217342010.0
2026-03-06 20:00:00,3.37e-06,3.38e-06,3.36e-06,3.37e-06,276152649762.0
2026-03-06 21:00:00,3.38e-06,3.39e-06,3.36e-06,3.39e-06,165298312197.0
2026-03-06 22:00:00,3.39e-06,3.4e-06,3.38e-06,3.38e-06,105434712766.0
2026-03-06 23:00:00,3.38e-06,3.41e-06,3.38e-06,3.39e-06,294210618731.0
2026-03-07 00:00:00,3.39e-06,3.4e-06,3.37e-06,3.38e-06,208481206200.0
2026-03-07 01:00:00,3.38e-06,3.4e-06,3.37e-06,3.39e-06,89341740164.0
2026-03-07 02:00:00,3.39e-06,3.4e-06,3.37e-06,3.39e-06,93040789158.0
2026-03-07 03:00:00,3.39e-06,3.43e-06,3.37e-06,3.38e-06,276598223379.0
2026-03-07 04:00:00,3.38e-06,3.39e-06,3.36e-06,3.37e-06,188262394821.0
2026-03-07 05:00:00,3.38e-06,3.38e-06,3.36e-06,3.36e-06,63386042464.0
2026-03-07 06:00:00,3.36e-06,3.37e-06,3.34e-06,3.35e-06,167300166991.0
2026-03-07 07:00:00,3.35e-06,3.36e-06,3.34e-06,3.36e-06,114459498383.0
2026-03-07 08:00:00,3.36e-06,3.36e-06,3.34e-06,3.35e-06,80108411801.0
2026-03-07 09:00:00,3.35e-06,3.37e-06,3.33e-06,3.36e-06,116711444924.0
2026-03-07 10:00:00,3.36e-06,3.37e-06,3.35e-06,3.36e-06,116163737394.0
2026-03-07 11:00:00,3.36e-06,3.37e-06,3.34e-06,3.36e-06,116381938438.0
2026-03-07 12:00:00,3.37e-06,3.37e-06,3.34e-06,3.34e-06,136591922362.0
2026-03-07 13:00:00,3.34e-06,3.36e-06,3.34e-06,3.35e-06,111155708338.0
2026-03-07 14:00:00,3.36e-06,3.36e-06,3.22e-06,3.28e-06,1413752653428.0
2026-03-07 15:00:00,3.28e-06,3.29e-06,3.25e-06,3.28e-06,429149698240.0
2026-03-07 16:00:00,3.28e-06,3.28e-06,3.23e-06,3.26e-06,362937556895.0
2026-03-07 17:00:00,3.26e-06,3.28e-06,3.25e-06,3.28e-06,83063396323.0
2026-03-07 18:00:00,3.28e-06,3.28e-06,3.24e-06,3.27e-06,312829323528.0
2026-03-07 19:00:00,3.26e-06,3.27e-06,3.23e-06,3.25e-06,306333191987.0
2026-03-07 20:00:00,3.25e-06,3.27e-06,3.24e-06,3.26e-06,193343617247.0
2026-03-07 21:00:00,3.25e-06,3.27e-06,3.23e-06,3.26e-06,143606630796.0
2026-03-07 22:00:00,3.26e-06,3.26e-06,3.2e-06,3.23e-06,380891256192.0
2026-03-07 23:00:00,3.22e-06,3.26e-06,3.22e-06,3.24e-06,160775595110.0
2026-03-08 00:00:00,3.25e-06,3.26e-06,3.23e-06,3.24e-06,200916913075.0
2026-03-08 01:00:00,3.24e-06,3.25e-06,3.21e-06,3.25e-06,190509003642.0
2026-03-08 02:00:00,3.25e-06,3.25e-06,3.19e-06,3.2e-06,305780839810.0
2026-03-08 03:00:00,3.19e-06,3.22e-06,3.18e-06,3.21e-06,216201594542.0
2026-03-08 04:00:00,3.2e-06,3.22e-06,3.17e-06,3.19e-06,183207415821.0
2026-03-08 05:00:00,3.19e-06,3.21e-06,3.19e-06,3.2e-06,191225959474.0
2026-03-08 06:00:00,3.2e-06,3.2e-06,3.18e-06,3.2e-06,116049927281.0
2026-03-08 07:00:00,3.2e-06,3.24e-06,3.19e-06,3.23e-06,148532623434.0
2026-03-08 08:00:00,3.23e-06,3.24e-06,3.21e-06,3.24e-06,102796345480.0
2026-03-08 09:00:00,3.23e-06,3.28e-06,3.22e-06,3.26e-06,515175229742.0
2026-03-08 10:00:00,3.25e-06,3.3e-06,3.25e-06,3.28e-06,306151484569.0
2026-03-08 11:00:00,3.27e-06,3.28e-06,3.23e-06,3.25e-06,456307235056.0
2026-03-08 12:00:00,3.25e-06,3.26e-06,3.2e-06,3.23e-06,336549733926.0
2026-03-08 13:00:00,3.24e-06,3.24e-06,3.18e-06,3.22e-06,465083713589.0
2026-03-08 14:00:00,3.22e-06,3.22e-06,3.18e-06,3.19e-06,290318224624.0
2026-03-08 15:00:00,3.2e-06,3.2e-06,3.16e-06,3.18e-06,450150295477.0
2026-03-08 16:00:00,3.18e-06,3.19e-06,3.14e-06,3.16e-06,312015673091.0
2026-03-08 17:00:00,3.16e-06,3.18e-06,3.14e-06,3.15e-06,257369095494.0
2026-03-08 18:00:00,3.16e-06,3.16e-06,3.13e-06,3.15e-06,166376574933.0
2026-03-08 19:00:00,3.14e-06,3.21e-06,3.13e-06,3.19e-06,242105466739.0
2026-03-08 20:00:00,3.19e-06,3.22e-06,3.17e-06,3.19e-06,250803252185.0
2026-03-08 21:00:00,3.2e-06,3.21e-06,3.17e-06,3.19e-06,145701357816.0
2026-03-08 22:00:00,3.2e-06,3.22e-06,3.12e-06,3.21e-06,885716147117.0
2026-03-08 23:00:00,3.21e-06,3.22e-06,3.17e-06,3.19e-06,357789478901.0
2026-03-09 00:00:00,3.19e-06,3.25e-06,3.18e-06,3.21e-06,438486594267.0
2026-03-09 01:00:00,3.21e-06,3.24e-06,3.2e-06,3.21e-06,212410289671.0
2026-03-09 02:00:00,3.22e-06,3.25e-06,3.19e-06,3.23e-06,172912422469.0
2026-03-09 03:00:00,3.23e-06,3.3e-06,3.22e-06,3.24e-06,573912039568.0
2026-03-09 04:00:00,3.25e-06,3.28e-06,3.24e-06,3.25e-06,183172936230.0
2026-03-09 05:00:00,3.26e-06,3.32e-06,3.25e-06,3.3e-06,592454128858.0
2026-03-09 06:00:00,3.3e-06,3.32e-06,3.26e-06,3.27e-06,396343123130.0
2026-03-09 07:00:00,3.26e-06,3.27e-06,3.22e-06,3.26e-06,162901595238.0
2026-03-09 08:00:00,3.25e-06,3.28e-06,3.23e-06,3.26e-06,228866253416.0
2026-03-09 09:00:00,3.26e-06,3.29e-06,3.24e-06,3.25e-06,369411211822.0
2026-03-09 10:00:00,3.25e-06,3.27e-06,3.23e-06,3.24e-06,560804585259.0
2026-03-09 11:00:00,3.25e-06,3.28e-06,3.23e-06,3.27e-06,580323511050.0
2026-03-09 12:00:00,3.28e-06,3.3e-06,3.27e-06,3.28e-06,287512756869.0
2026-03-09 13:00:00,3.28e-06,3.34e-06,3.27e-06,3.32e-06,495786775212.0
2026-03-09 14:00:00,3.32e-06,3.34e-06,3.29e-06,3.33e-06,421994669883.0
2026-03-09 15:00:00,3.33e-06,3.35e-06,3.3e-06,3.32e-06,648650574193.0
2026-03-09 16:00:00,3.32e-06,3.33e-06,3.29e-06,3.31e-06,333010919914.0
2026-03-09 17:00:00,3.31e-06,3.34e-06,3.3e-06,3.33e-06,246261237775.0
2026-03-09 18:00:00,3.32e-06,3.34e-06,3.3e-06,3.32e-06,205393075847.0
2026-03-09 19:00:00,3.32e-06,3.39e-06,3.28e-06,3.31e-06,592978940808.0
2026-03-09 20:00:00,3.32e-06,3.33e-06,3.29e-06,3.32e-06,183850131967.0
2026-03-09 21:00:00,3.32e-06,3.34e-06,3.3e-06,3.31e-06,178701765106.0
2026-03-09 22:00:00,3.31e-06,3.32e-06,3.23e-06,3.26e-06,516766854174.0
2026-03-09 23:00:00,3.25e-06,3.28e-06,3.25e-06,3.27e-06,195675137029.0
2026-03-10 00:00:00,3.26e-06,3.32e-06,3.26e-06,3.29e-06,236254509159.0
2026-03-10 01:00:00,3.29e-06,3.3e-06,3.26e-06,3.29e-06,239716444968.0
2026-03-10 02:00:00,3.28e-06,3.34e-06,3.27e-06,3.33e-06,430218300326.0
2026-03-10 03:00:00,3.32e-06,3.35e-06,3.28e-06,3.3e-06,371858735652.0
2026-03-10 04:00:00,3.29e-06,3.32e-06,3.29e-06,3.31e-06,328304174414.0
2026-03-10 05:00:00,3.31e-06,3.32e-06,3.27e-06,3.28e-06,180507176467.0
2026-03-10 06:00:00,3.29e-06,3.31e-06,3.27e-06,3.29e-06,142049914551.0
2026-03-10 07:00:00,3.3e-06,3.33e-06,3.28e-06,3.31e-06,293553923569.0
2026-03-10 08:00:00,3.32e-06,3.37e-06,3.32e-06,3.35e-06,575041116613.0
2026-03-10 09:00:00,3.34e-06,3.41e-06,3.34e-06,3.37e-06,499469118710.0
2026-03-10 10:00:00,3.38e-06,3.41e-06,3.35e-06,3.39e-06,383858317754.0
2026-03-10 11:00:00,3.39e-06,3.4e-06,3.37e-06,3.39e-06,347239417703.0
2026-03-10 12:00:00,3.38e-06,3.41e-06,3.36e-06,3.41e-06,476932767869.0
2026-03-10 13:00:00,3.41e-06,3.46e-06,3.34e-06,3.37e-06,1145376383285.0
2026-03-10 14:00:00,3.38e-06,3.46e-06,3.31e-06,3.45e-06,1174876005898.0
2026-03-10 15:00:00,3.45e-06,3.5e-06,3.43e-06,3.47e-06,1124846789239.0
2026-03-10 16:00:00,3.47e-06,3.53e-06,3.45e-06,3.51e-06,943185386544.0
2026-03-10 17:00:00,3.51e-06,3.52e-06,3.4e-06,3.42e-06,822748517898.0
2026-03-10 18:00:00,3.42e-06,3.42e-06,3.33e-06,3.35e-06,827875401607.0
2026-03-10 19:00:00,3.35e-06,3.35e-06,3.3e-06,3.34e-06,429341718053.0
2026-03-10 20:00:00,3.34e-06,3.36e-06,3.32e-06,3.34e-06,240711528570.0
2026-03-10 21:00:00,3.34e-06,3.35e-06,3.28e-06,3.3e-06,520043172979.0
2026-03-10 22:00:00,3.3e-06,3.31e-06,3.27e-06,3.29e-06,522080497131.0
2026-03-10 23:00:00,3.28e-06,3.31e-06,3.28e-06,3.29e-06,348690866909.0
2026-03-11 00:00:00,3.29e-06,3.32e-06,3.27e-06,3.31e-06,447332165389.0
2026-03-11 01:00:00,3.31e-06,3.31e-06,3.27e-06,3.28e-06,287192005308.0
2026-03-11 02:00:00,3.29e-06,3.3e-06,3.26e-06,3.3e-06,278227207833.0
2026-03-11 03:00:00,3.29e-06,3.31e-06,3.28e-06,3.29e-06,153757105966.0
2026-03-11 04:00:00,3.29e-06,3.32e-06,3.28e-06,3.31e-06,216003312622.0
2026-03-11 05:00:00,3.31e-06,3.32e-06,3.24e-06,3.27e-06,352320622021.0
2026-03-11 06:00:00,3.26e-06,3.29e-06,3.25e-06,3.28e-06,203435206322.0
2026-03-11 07:00:00,3.29e-06,3.29e-06,3.26e-06,3.27e-06,223966639763.0
2026-03-11 08:00:00,3.27e-06,3.29e-06,3.26e-06,3.28e-06,211295738378.0
2026-03-11 09:00:00,3.27e-06,3.28e-06,3.25e-06,3.26e-06,289978765684.0
2026-03-11 10:00:00,3.26e-06,3.29e-06,3.25e-06,3.28e-06,152101467263.0
2026-03-11 11:00:00,3.27e-06,3.3e-06,3.27e-06,3.29e-06,195183998967.0
2026-03-11 12:00:00,3.29e-06,3.36e-06,3.26e-06,3.31e-06,436508811769.0
2026-03-11 13:00:00,3.31e-06,3.39e-06,3.3e-06,3.33e-06,737703006200.0
2026-03-11 14:00:00,3.33e-06,3.39e-06,3.33e-06,3.35e-06,569031002593.0
2026-03-11 15:00:00,3.35e-06,3.36e-06,3.29e-06,3.33e-06,442868057627.0
2026-03-11 16:00:00,3.33e-06,3.37e-06,3.33e-06,3.36e-06,357601949975.0
2026-03-11 17:00:00,3.36e-06,3.4e-06,3.33e-06,3.37e-06,540958496535.0
2026-03-11 18:00:00,3.36e-06,3.4e-06,3.36e-06,3.39e-06,288515158350.0
2026-03-11 19:00:00,3.38e-06,3.39e-06,3.36e-06,3.36e-06,227828739132.0
2026-03-11 20:00:00,3.36e-06,3.37e-06,3.33e-06,3.35e-06,193618303801.0
2026-03-11 21:00:00,3.36e-06,3.37e-06,3.34e-06,3.35e-06,199451037744.0
2026-03-11 22:00:00,3.35e-06,3.38e-06,3.34e-06,3.35e-06,389647846495.0
2026-03-11 23:00:00,3.36e-06,3.36e-06,3.32e-06,3.33e-06,186179994767.0
2026-03-12 00:00:00,3.33e-06,3.34e-06,3.31e-06,3.33e-06,271211576602.0
2026-03-12 01:00:00,3.34e-06,3.34e-06,3.3e-06,3.32e-06,224894946831.0
2026-03-12 02:00:00,3.32e-06,3.33e-06,3.28e-06,3.28e-06,363263115916.0
2026-03-12 03:00:00,3.28e-06,3.31e-06,3.27e-06,3.29e-06,164842782498.0
2026-03-12 04:00:00,3.28e-06,3.3e-06,3.27e-06,3.27e-06,238442675353.0
2026-03-12 05:00:00,3.28e-06,3.29e-06,3.26e-06,3.28e-06,203158257439.0
2026-03-12 06:00:00,3.28e-06,3.28e-06,3.26e-06,3.27e-06,146076647516.0
2026-03-12 07:00:00,3.28e-06,3.31e-06,3.26e-06,3.29e-06,401015486550.0
2026-03-12 08:00:00,3.29e-06,3.32e-06,3.28e-06,3.3e-06,343886595842.0
2026-03-12 09:00:00,3.29e-06,3.32e-06,3.25e-06,3.3e-06,464214486766.0
2026-03-12 10:00:00,3.3e-06,3.35e-06,3.29e-06,3.34e-06,385593941350.0
2026-03-12 11:00:00,3.33e-06,3.36e-06,3.31e-06,3.33e-06,683200539528.0
2026-03-12 12:00:00,3.33e-06,3.36e-06,3.32e-06,3.33e-06,412705626356.0
2026-03-12 13:00:00,3.33e-06,3.35e-06,3.29e-06,3.31e-06,698931190572.0
2026-03-12 14:00:00,3.31e-06,3.34e-06,3.26e-06,3.28e-06,899436722230.0
2026-03-12 15:00:00,3.28e-06,3.32e-06,3.26e-06,3.3e-06,574863807696.0
2026-03-12 16:00:00,3.3e-06,3.33e-06,3.27e-06,3.32e-06,454262186956.0
2026-03-12 17:00:00,3.32e-06,3.35e-06,3.3e-06,3.32e-06,372020632403.0
2026-03-12 18:00:00,3.31e-06,3.33e-06,3.3e-06,3.32e-06,312610102679.0
2026-03-12 19:00:00,3.32e-06,3.37e-06,3.31e-06,3.36e-06,491296588796.0
2026-03-12 20:00:00,3.35e-06,3.36e-06,3.31e-06,3.31e-06,257186985434.0
2026-03-12 21:00:00,3.32e-06,3.36e-06,3.31e-06,3.36e-06,206183222840.0
2026-03-12 22:00:00,3.36e-06,3.37e-06,3.33e-06,3.35e-06,524188937767.0
2026-03-12 23:00:00,3.36e-06,3.4e-06,3.34e-06,3.36e-06,585979665822.0
2026-03-13 00:00:00,3.35e-06,3.45e-06,3.34e-06,3.41e-06,1359960733889.0
2026-03-13 01:00:00,3.42e-06,3.47e-06,3.41e-06,3.45e-06,540675770732.0
2026-03-13 02:00:00,3.45e-06,3.47e-06,3.41e-06,3.43e-06,384269520487.0
2026-03-13 03:00:00,3.43e-06,3.47e-06,3.42e-06,3.46e-06,544222531209.0
2026-03-13 04:00:00,3.46e-06,3.47e-06,3.44e-06,3.45e-06,320987611176.0
2026-03-13 05:00:00,3.45e-06,3.47e-06,3.42e-06,3.45e-06,328792443835.0
2026-03-13 06:00:00,3.44e-06,3.46e-06,3.41e-06,3.43e-06,453140906988.0
2026-03-13 07:00:00,3.43e-06,3.47e-06,3.43e-06,3.44e-06,470850973336.0
2026-03-13 08:00:00,3.44e-06,3.5e-06,3.43e-06,3.46e-06,465141730221.0
2026-03-13 09:00:00,3.47e-06,3.52e-06,3.45e-06,3.5e-06,530128711439.0
2026-03-13 10:00:00,3.5e-06,3.55e-06,3.49e-06,3.53e-06,764943901528.0
2026-03-13 11:00:00,3.54e-06,3.63e-06,3.53e-06,3.61e-06,1418902312575.0
2026-03-13 12:00:00,3.61e-06,3.68e-06,3.57e-06,3.62e-06,1733585275301.0
2026-03-13 13:00:00,3.61e-06,3.62e-06,3.55e-06,3.6e-06,1677083658045.0
2026-03-13 14:00:00,3.59e-06,3.61e-06,3.45e-06,3.48e-06,2312605172233.0
2026-03-13 15:00:00,3.48e-06,3.53e-06,3.46e-06,3.48e-06,920401738325.0
2026-03-13 16:00:00,3.48e-06,3.51e-06,3.46e-06,3.47e-06,1078447666836.0
2026-03-13 17:00:00,3.47e-06,3.49e-06,3.4e-06,3.41e-06,673463597044.0
2026-03-13 18:00:00,3.41e-06,3.43e-06,3.39e-06,3.4e-06,204429513746.0
2026-03-13 19:00:00,3.4e-06,3.41e-06,3.38e-06,3.4e-06,358087634106.0
2026-03-13 20:00:00,3.4e-06,3.41e-06,3.38e-06,3.41e-06,340119363049.0
2026-03-13 21:00:00,3.41e-06,3.43e-06,3.38e-06,3.4e-06,275647462478.0
2026-03-13 22:00:00,3.39e-06,3.4e-06,3.35e-06,3.37e-06,651889351447.0
2026-03-13 23:00:00,3.37e-06,3.38e-06,3.35e-06,3.38e-06,278498842963.0
2026-03-14 00:00:00,3.37e-06,3.4e-06,3.35e-06,3.37e-06,312482156401.0
2026-03-14 01:00:00,3.38e-06,3.42e-06,3.37e-06,3.4e-06,253944914153.0
2026-03-14 02:00:00,3.4e-06,3.43e-06,3.39e-06,3.41e-06,271360457203.0
2026-03-14 03:00:00,3.42e-06,3.43e-06,3.4e-06,3.4e-06,189810698065.0
2026-03-14 04:00:00,3.4e-06,3.44e-06,3.39e-06,3.4e-06,230562652778.0
2026-03-14 05:00:00,3.39e-06,3.41e-06,3.36e-06,3.37e-06,393718015110.0
2026-03-14 06:00:00,3.38e-06,3.38e-06,3.32e-06,3.34e-06,443863847776.0
2026-03-14 07:00:00,3.35e-06,3.35e-06,3.33e-06,3.35e-06,143529851869.0
2026-03-14 08:00:00,3.35e-06,3.36e-06,3.34e-06,3.35e-06,76818755080.0
2026-03-14 09:00:00,3.34e-06,3.36e-06,3.32e-06,3.34e-06,161146772940.0
2026-03-14 10:00:00,3.33e-06,3.34e-06,3.32e-06,3.32e-06,268502298612.0
2026-03-14 11:00:00,3.33e-06,3.35e-06,3.32e-06,3.35e-06,218376683005.0
2026-03-14 12:00:00,3.35e-06,3.35e-06,3.33e-06,3.34e-06,372522689059.0
2026-03-14 13:00:00,3.34e-06,3.37e-06,3.34e-06,3.37e-06,309559043200.0
2026-03-14 14:00:00,3.36e-06,3.39e-06,3.34e-06,3.34e-06,392804840666.0
2026-03-14 15:00:00,3.35e-06,3.36e-06,3.32e-06,3.34e-06,407749569061.0
2026-03-14 16:00:00,3.35e-06,3.36e-06,3.34e-06,3.35e-06,51658993753.0
2026-03-14 17:00:00,3.35e-06,3.36e-06,3.33e-06,3.33e-06,325896970115.0
2026-03-14 18:00:00,3.33e-06,3.33e-06,3.32e-06,3.33e-06,117832240737.0
2026-03-14 19:00:00,3.33e-06,3.33e-06,3.32e-06,3.32e-06,78593701009.0
2026-03-14 20:00:00,3.32e-06,3.33e-06,3.3e-06,3.32e-06,220665626082.0
2026-03-14 21:00:00,3.32e-06,3.34e-06,3.31e-06,3.34e-06,213231758640.0
2026-03-14 22:00:00,3.33e-06,3.35e-06,3.32e-06,3.34e-06,254260605491.0
2026-03-14 23:00:00,3.33e-06,3.37e-06,3.33e-06,3.36e-06,580084454326.0
2026-03-15 00:00:00,3.36e-06,3.36e-06,3.33e-06,3.34e-06,217816014096.0
2026-03-15 01:00:00,3.33e-06,3.35e-06,3.32e-06,3.35e-06,121745539297.0
2026-03-15 02:00:00,3.34e-06,3.4e-06,3.34e-06,3.38e-06,292638229847.0
2026-03-15 03:00:00,3.39e-06,3.4e-06,3.36e-06,3.37e-06,314352982724.0
2026-03-15 04:00:00,3.37e-06,3.38e-06,3.34e-06,3.36e-06,185517660072.0
2026-03-15 05:00:00,3.36e-06,3.38e-06,3.35e-06,3.36e-06,245944247527.0
2026-03-15 06:00:00,3.36e-06,3.36e-06,3.33e-06,3.35e-06,371248824605.0
2026-03-15 07:00:00,3.35e-06,3.37e-06,3.34e-06,3.36e-06,172845615186.0
2026-03-15 08:00:00,3.36e-06,3.39e-06,3.35e-06,3.38e-06,308945581775.0
2026-03-15 09:00:00,3.38e-06,3.39e-06,3.36e-06,3.37e-06,248526908434.0
2026-03-15 10:00:00,3.37e-06,3.39e-06,3.36e-06,3.37e-06,115922236220.0
2026-03-15 11:00:00,3.37e-06,3.39e-06,3.37e-06,3.39e-06,133939090068.0
2026-03-15 12:00:00,3.39e-06,3.39e-06,3.37e-06,3.38e-06,244652319833.0
2026-03-15 13:00:00,3.37e-06,3.39e-06,3.33e-06,3.36e-06,397403155136.0
2026-03-15 14:00:00,3.36e-06,3.37e-06,3.34e-06,3.37e-06,227326927814.0
2026-03-15 15:00:00,3.36e-06,3.37e-06,3.33e-06,3.34e-06,193663910464.0
2026-03-15 16:00:00,3.35e-06,3.35e-06,3.31e-06,3.33e-06,220546535391.0
2026-03-15 17:00:00,3.33e-06,3.39e-06,3.32e-06,3.37e-06,267492906283.0
2026-03-15 18:00:00,3.37e-06,3.38e-06,3.33e-06,3.34e-06,330794508611.0
2026-03-15 19:00:00,3.35e-06,3.37e-06,3.34e-06,3.36e-06,155440548444.0
2026-03-15 20:00:00,3.35e-06,3.39e-06,3.34e-06,3.37e-06,351135703288.0
2026-03-15 21:00:00,3.37e-06,3.39e-06,3.35e-06,3.38e-06,305164784068.0
2026-03-15 22:00:00,3.39e-06,3.46e-06,3.36e-06,3.44e-06,1054814301214.0
2026-03-15 23:00:00,3.44e-06,3.47e-06,3.4e-06,3.45e-06,810778362212.0
2026-03-16 00:00:00,3.46e-06,3.5e-06,3.45e-06,3.49e-06,657298781889.0
2026-03-16 01:00:00,3.49e-06,3.53e-06,3.46e-06,3.51e-06,668466838068.0
2026-03-16 02:00:00,3.5e-06,3.52e-06,3.47e-06,3.5e-06,430000706876.0
2026-03-16 03:00:00,3.5e-06,3.63e-06,3.49e-06,3.59e-06,1602201182033.0
2026-03-16 04:00:00,3.59e-06,3.7e-06,3.59e-06,3.67e-06,1472705617613.0
2026-03-16 05:00:00,3.67e-06,3.79e-06,3.66e-06,3.76e-06,1782409225797.0
2026-03-16 06:00:00,3.77e-06,3.89e-06,3.75e-06,3.89e-06,2066823542103.0
2026-03-16 07:00:00,3.89e-06,4.05e-06,3.87e-06,4.02e-06,2630619798384.0
2026-03-16 08:00:00,4.02e-06,4.1e-06,3.9e-06,3.91e-06,3624916512308.0
2026-03-16 09:00:00,3.91e-06,4.06e-06,3.9e-06,4.01e-06,2401720604264.0
2026-03-16 10:00:00,4.02e-06,4.05e-06,3.92e-06,3.96e-06,1751677303942.0
2026-03-16 11:00:00,3.96e-06,3.99e-06,3.88e-06,3.97e-06,1376209399382.0
2026-03-16 12:00:00,3.96e-06,4.07e-06,3.96e-06,4.07e-06,1350408246851.0
2026-03-16 13:00:00,4.07e-06,4.14e-06,3.95e-06,3.99e-06,1895138873630.0
2026-03-16 14:00:00,3.99e-06,4.08e-06,3.97e-06,4.03e-06,1353658641228.0
2026-03-16 15:00:00,4.03e-06,4.05e-06,3.89e-06,3.89e-06,1242110061439.0
2026-03-16 16:00:00,3.9e-06,3.96e-06,3.89e-06,3.93e-06,819309683824.0
2026-03-16 17:00:00,3.93e-06,3.97e-06,3.91e-06,3.94e-06,571879143180.0
2026-03-16 18:00:00,3.94e-06,4e-06,3.9e-06,3.96e-06,681365774561.0
2026-03-16 19:00:00,3.96e-06,4.03e-06,3.95e-06,4e-06,484657559647.0
2026-03-16 20:00:00,4e-06,4.03e-06,3.97e-06,3.98e-06,250917142059.0
2026-03-16 21:00:00,3.97e-06,4.01e-06,3.93e-06,3.97e-06,617658586657.0
2026-03-16 22:00:00,3.97e-06,4.03e-06,3.94e-06,4.02e-06,833145808716.0
2026-03-16 23:00:00,4.02e-06,4.05e-06,3.98e-06,4.01e-06,818427135085.0
2026-03-17 00:00:00,4e-06,4.03e-06,3.96e-06,4e-06,1149355632124.0
2026-03-17 01:00:00,4e-06,4.02e-06,3.95e-06,3.97e-06,782861145288.0
2026-03-17 02:00:00,3.98e-06,4e-06,3.92e-06,3.95e-06,764364913310.0
2026-03-17 03:00:00,3.94e-06,3.96e-06,3.9e-06,3.93e-06,954134855641.0
2026-03-17 04:00:00,3.92e-06,3.93e-06,3.83e-06,3.84e-06,1166614266573.0
2026-03-17 05:00:00,3.84e-06,3.85e-06,3.77e-06,3.8e-06,1507720576752.0
2026-03-17 06:00:00,3.81e-06,3.84e-06,3.78e-06,3.79e-06,734185625349.0
2026-03-17 07:00:00,3.79e-06,3.83e-06,3.78e-06,3.81e-06,657968019221.0
2026-03-17 08:00:00,3.81e-06,3.83e-06,3.79e-06,3.8e-06,401390960085.0
2026-03-17 09:00:00,3.8e-06,3.81e-06,3.76e-06,3.78e-06,819747693885.0
2026-03-17 10:00:00,3.78e-06,3.79e-06,3.73e-06,3.75e-06,786368130899.0
2026-03-17 11:00:00,3.75e-06,3.77e-06,3.7e-06,3.72e-06,646729538526.0
2026-03-17 12:00:00,3.71e-06,3.73e-06,3.65e-06,3.65e-06,720749450659.0
2026-03-17 13:00:00,3.65e-06,3.72e-06,3.64e-06,3.67e-06,670630607781.0
2026-03-17 14:00:00,3.66e-06,3.71e-06,3.64e-06,3.69e-06,898155257090.0
2026-03-17 15:00:00,3.68e-06,3.73e-06,3.62e-06,3.65e-06,1079431950494.0
2026-03-17 16:00:00,3.65e-06,3.68e-06,3.63e-06,3.66e-06,559906527011.0
2026-03-17 17:00:00,3.66e-06,3.7e-06,3.64e-06,3.7e-06,448010444194.0
2026-03-17 18:00:00,3.69e-06,3.73e-06,3.67e-06,3.73e-06,701949830128.0
2026-03-17 19:00:00,3.73e-06,3.74e-06,3.68e-06,3.68e-06,890858384080.0
2026-03-17 20:00:00,3.69e-06,3.7e-06,3.67e-06,3.69e-06,296125983762.0
2026-03-17 21:00:00,3.69e-06,3.73e-06,3.68e-06,3.72e-06,335138838998.0
2026-03-17 22:00:00,3.72e-06,3.73e-06,3.67e-06,3.69e-06,476578288523.0
2026-03-17 23:00:00,3.69e-06,3.71e-06,3.65e-06,3.66e-06,295231762646.0
2026-03-18 00:00:00,3.66e-06,3.69e-06,3.64e-06,3.69e-06,552828901297.0
2026-03-18 01:00:00,3.69e-06,3.71e-06,3.67e-06,3.69e-06,313410518499.0
2026-03-18 02:00:00,3.69e-06,3.76e-06,3.68e-06,3.72e-06,481653354939.0
2026-03-18 03:00:00,3.72e-06,3.8e-06,3.72e-06,3.74e-06,756178314932.0
2026-03-18 04:00:00,3.73e-06,3.75e-06,3.66e-06,3.69e-06,803835666947.0
2026-03-18 05:00:00,3.69e-06,3.73e-06,3.66e-06,3.68e-06,573021974487.0
2026-03-18 06:00:00,3.68e-06,3.7e-06,3.66e-06,3.67e-06,351774634888.0
2026-03-18 07:00:00,3.67e-06,3.68e-06,3.64e-06,3.67e-06,503751890260.0
2026-03-18 08:00:00,3.66e-06,3.69e-06,3.65e-06,3.67e-06,352229461463.0
2026-03-18 09:00:00,3.66e-06,3.68e-06,3.65e-06,3.67e-06,246831799106.0
2026-03-18 10:00:00,3.68e-06,3.69e-06,3.64e-06,3.67e-06,364294714770.0
2026-03-18 11:00:00,3.67e-06,3.68e-06,3.55e-06,3.59e-06,1348650141512.0
2026-03-18 12:00:00,3.58e-06,3.6e-06,3.51e-06,3.53e-06,980239702560.0
2026-03-18 13:00:00,3.52e-06,3.56e-06,3.5e-06,3.52e-06,751868112820.0
2026-03-18 14:00:00,3.52e-06,3.53e-06,3.45e-06,3.46e-06,1256097093514.0
2026-03-18 15:00:00,3.46e-06,3.5e-06,3.44e-06,3.46e-06,1034114369519.0
2026-03-18 16:00:00,3.47e-06,3.47e-06,3.44e-06,3.46e-06,598276591883.0
2026-03-18 17:00:00,3.46e-06,3.49e-06,3.43e-06,3.48e-06,428992106872.0
2026-03-18 18:00:00,3.48e-06,3.54e-06,3.47e-06,3.48e-06,760167768682.0
2026-03-18 19:00:00,3.48e-06,3.52e-06,3.47e-06,3.48e-06,424181178438.0
2026-03-18 20:00:00,3.47e-06,3.52e-06,3.45e-06,3.51e-06,498717729026.0
2026-03-18 21:00:00,3.51e-06,3.53e-06,3.5e-06,3.53e-06,264497877579.0
2026-03-18 22:00:00,3.52e-06,3.52e-06,3.49e-06,3.52e-06,300546655163.0
2026-03-18 23:00:00,3.51e-06,3.53e-06,3.5e-06,3.52e-06,339040931550.0
2026-03-19 00:00:00,3.53e-06,3.53e-06,3.51e-06,3.51e-06,204502199116.0
2026-03-19 01:00:00,3.51e-06,3.53e-06,3.51e-06,3.52e-06,121431055360.0
2026-03-19 02:00:00,3.52e-06,3.53e-06,3.49e-06,3.51e-06,222060842402.0
2026-03-19 03:00:00,3.51e-06,3.57e-06,3.51e-06,3.51e-06,321557815317.0
2026-03-19 04:00:00,3.52e-06,3.53e-06,3.48e-06,3.49e-06,244699963997.0
2026-03-19 05:00:00,3.49e-06,3.5e-06,3.46e-06,3.48e-06,209594692925.0
2026-03-19 06:00:00,3.48e-06,3.49e-06,3.45e-06,3.47e-06,263053040080.0
2026-03-19 07:00:00,3.47e-06,3.48e-06,3.42e-06,3.45e-06,483659088831.0
2026-03-19 08:00:00,3.45e-06,3.48e-06,3.44e-06,3.45e-06,373367039822.0
2026-03-19 09:00:00,3.45e-06,3.49e-06,3.45e-06,3.49e-06,476715303782.0
2026-03-19 10:00:00,3.48e-06,3.49e-06,3.45e-06,3.46e-06,212990884109.0
2026-03-19 11:00:00,3.46e-06,3.47e-06,3.44e-06,3.44e-06,187323798721.0
2026-03-19 12:00:00,3.44e-06,3.46e-06,3.34e-06,3.38e-06,2084607203924.0
2026-03-19 13:00:00,3.37e-06,3.43e-06,3.36e-06,3.41e-06,548852734547.0
2026-03-19 14:00:00,3.41e-06,3.42e-06,3.37e-06,3.39e-06,310809724532.0
2026-03-19 15:00:00,3.39e-06,3.41e-06,3.36e-06,3.41e-06,219303825220.0
2026-03-19 16:00:00,3.41e-06,3.41e-06,3.33e-06,3.35e-06,602581649007.0
2026-03-19 17:00:00,3.34e-06,3.38e-06,3.33e-06,3.37e-06,395937260073.0
2026-03-19 18:00:00,3.37e-06,3.38e-06,3.36e-06,3.38e-06,208717644715.0
2026-03-19 19:00:00,3.38e-06,3.43e-06,3.37e-06,3.39e-06,587493788891.0
2026-03-19 20:00:00,3.4e-06,3.42e-06,3.39e-06,3.41e-06,238283280601.0
2026-03-19 21:00:00,3.41e-06,3.43e-06,3.4e-06,3.41e-06,153059606255.0
2026-03-19 22:00:00,3.41e-06,3.43e-06,3.39e-06,3.4e-06,410162901440.0
2026-03-19 23:00:00,3.41e-06,3.42e-06,3.39e-06,3.42e-06,350315435884.0
2026-03-20 00:00:00,3.42e-06,3.44e-06,3.4e-06,3.42e-06,223761891734.0
2026-03-20 01:00:00,3.43e-06,3.46e-06,3.42e-06,3.43e-06,314726489625.0
2026-03-20 02:00:00,3.44e-06,3.44e-06,3.41e-06,3.43e-06,170378653418.0
2026-03-20 03:00:00,3.42e-06,3.45e-06,3.42e-06,3.43e-06,287680278533.0
2026-03-20 04:00:00,3.43e-06,3.45e-06,3.41e-06,3.44e-06,244077699936.0
2026-03-20 05:00:00,3.45e-06,3.48e-06,3.44e-06,3.47e-06,319296221115.0
2026-03-20 06:00:00,3.47e-06,3.49e-06,3.44e-06,3.45e-06,188308936690.0
2026-03-20 07:00:00,3.45e-06,3.46e-06,3.42e-06,3.45e-06,334721734054.0
2026-03-20 08:00:00,3.45e-06,3.48e-06,3.44e-06,3.45e-06,354080161599.0
2026-03-20 09:00:00,3.45e-06,3.46e-06,3.42e-06,3.43e-06,200529458390.0
2026-03-20 10:00:00,3.43e-06,3.45e-06,3.42e-06,3.45e-06,188854796593.0
2026-03-20 11:00:00,3.45e-06,3.47e-06,3.41e-06,3.42e-06,296652319255.0
2026-03-20 12:00:00,3.43e-06,3.44e-06,3.41e-06,3.41e-06,152711686516.0
2026-03-20 13:00:00,3.41e-06,3.45e-06,3.39e-06,3.4e-06,382371935194.0
2026-03-20 14:00:00,3.4e-06,3.44e-06,3.39e-06,3.4e-06,387462726640.0
2026-03-20 15:00:00,3.41e-06,3.44e-06,3.39e-06,3.44e-06,193990167839.0
2026-03-20 16:00:00,3.43e-06,3.45e-06,3.4e-06,3.43e-06,469867453186.0
2026-03-20 17:00:00,3.43e-06,3.44e-06,3.4e-06,3.43e-06,303882214571.0
2026-03-20 18:00:00,3.42e-06,3.44e-06,3.39e-06,3.39e-06,256794780292.0
2026-03-20 19:00:00,3.4e-06,3.41e-06,3.36e-06,3.4e-06,227837905367.0
2026-03-20 20:00:00,3.4e-06,3.41e-06,3.38e-06,3.4e-06,147341673929.0
2026-03-20 21:00:00,3.4e-06,3.44e-06,3.39e-06,3.43e-06,447530507466.0
2026-03-20 22:00:00,3.43e-06,3.46e-06,3.43e-06,3.44e-06,133700393726.0
2026-03-20 23:00:00,3.43e-06,3.44e-06,3.4e-06,3.41e-06,180655050170.0
2026-03-21 00:00:00,3.41e-06,3.44e-06,3.41e-06,3.43e-06,107534954090.0
2026-03-21 01:00:00,3.43e-06,3.44e-06,3.41e-06,3.42e-06,99265045248.0
2026-03-21 02:00:00,3.42e-06,3.44e-06,3.41e-06,3.44e-06,104387236595.0
2026-03-21 03:00:00,3.43e-06,3.44e-06,3.42e-06,3.44e-06,94631523426.0
2026-03-21 04:00:00,3.44e-06,3.45e-06,3.42e-06,3.44e-06,92687823395.0
2026-03-21 05:00:00,3.43e-06,3.46e-06,3.43e-06,3.44e-06,186859702862.0
2026-03-21 06:00:00,3.44e-06,3.46e-06,3.43e-06,3.44e-06,138448181886.0
2026-03-21 07:00:00,3.44e-06,3.45e-06,3.42e-06,3.42e-06,257602227572.0
2026-03-21 08:00:00,3.43e-06,3.43e-06,3.42e-06,3.42e-06,73581278123.0
2026-03-21 09:00:00,3.43e-06,3.44e-06,3.42e-06,3.43e-06,154186088605.0
2026-03-21 10:00:00,3.43e-06,3.43e-06,3.41e-06,3.41e-06,114950609387.0
2026-03-21 11:00:00,3.42e-06,3.42e-06,3.4e-06,3.42e-06,202691439416.0
2026-03-21 12:00:00,3.41e-06,3.42e-06,3.41e-06,3.42e-06,33201323043.0
2026-03-21 13:00:00,3.41e-06,3.42e-06,3.4e-06,3.41e-06,117304622113.0
2026-03-21 14:00:00,3.42e-06,3.44e-06,3.4e-06,3.42e-06,256040421325.0
2026-03-21 15:00:00,3.42e-06,3.45e-06,3.41e-06,3.44e-06,212398674156.0
2026-03-21 16:00:00,3.44e-06,3.45e-06,3.42e-06,3.42e-06,156404924217.0
2026-03-21 17:00:00,3.43e-06,3.43e-06,3.41e-06,3.41e-06,48653443833.0
2026-03-21 18:00:00,3.42e-06,3.42e-06,3.4e-06,3.41e-06,96980326704.0
2026-03-21 19:00:00,3.4e-06,3.41e-06,3.4e-06,3.4e-06,49689857534.0
2026-03-21 20:00:00,3.41e-06,3.44e-06,3.4e-06,3.44e-06,192561861360.0
2026-03-21 21:00:00,3.44e-06,3.45e-06,3.42e-06,3.43e-06,285534386597.0
2026-03-21 22:00:00,3.44e-06,3.44e-06,3.42e-06,3.43e-06,322504654570.0
2026-03-21 23:00:00,3.43e-06,3.44e-06,3.28e-06,3.32e-06,1793933956857.0
2026-03-22 00:00:00,3.32e-06,3.35e-06,3.25e-06,3.33e-06,1327766610787.0
2026-03-22 01:00:00,3.33e-06,3.35e-06,3.3e-06,3.32e-06,434575318771.0
2026-03-22 02:00:00,3.33e-06,3.36e-06,3.32e-06,3.34e-06,215487085055.0
2026-03-22 03:00:00,3.34e-06,3.38e-06,3.33e-06,3.35e-06,258535354659.0
2026-03-22 04:00:00,3.35e-06,3.37e-06,3.34e-06,3.36e-06,268845078590.0
2026-03-22 05:00:00,3.37e-06,3.37e-06,3.34e-06,3.35e-06,260010870775.0
2026-03-22 06:00:00,3.36e-06,3.36e-06,3.32e-06,3.35e-06,189964379855.0
2026-03-22 07:00:00,3.35e-06,3.35e-06,3.31e-06,3.32e-06,210967638813.0
2026-03-22 08:00:00,3.32e-06,3.33e-06,3.28e-06,3.31e-06,387570220569.0
2026-03-22 09:00:00,3.32e-06,3.33e-06,3.31e-06,3.31e-06,84163968182.0
2026-03-22 10:00:00,3.32e-06,3.32e-06,3.29e-06,3.3e-06,211770209064.0
2026-03-22 11:00:00,3.3e-06,3.31e-06,3.28e-06,3.29e-06,254869001808.0
2026-03-22 12:00:00,3.29e-06,3.34e-06,3.29e-06,3.3e-06,168698445186.0
2026-03-22 13:00:00,3.31e-06,3.33e-06,3.29e-06,3.31e-06,415148321754.0
2026-03-22 14:00:00,3.31e-06,3.32e-06,3.29e-06,3.3e-06,127424243103.0
2026-03-22 15:00:00,3.31e-06,3.32e-06,3.3e-06,3.31e-06,155932153412.0
2026-03-22 16:00:00,3.3e-06,3.32e-06,3.29e-06,3.32e-06,169436914355.0
2026-03-22 17:00:00,3.31e-06,3.31e-06,3.29e-06,3.31e-06,109492331924.0
2026-03-22 18:00:00,3.31e-06,3.31e-06,3.26e-06,3.29e-06,427106118202.0
2026-03-22 19:00:00,3.29e-06,3.29e-06,3.25e-06,3.27e-06,456588816859.0
2026-03-22 20:00:00,3.27e-06,3.29e-06,3.26e-06,3.26e-06,198239765711.0
2026-03-22 21:00:00,3.27e-06,3.28e-06,3.22e-06,3.25e-06,683798059986.0
2026-03-22 22:00:00,3.25e-06,3.3e-06,3.23e-06,3.29e-06,467943532245.0
2026-03-22 23:00:00,3.29e-06,3.31e-06,3.27e-06,3.28e-06,326265176574.0
2026-03-23 00:00:00,3.27e-06,3.3e-06,3.26e-06,3.29e-06,367349357722.0
2026-03-23 01:00:00,3.29e-06,3.33e-06,3.28e-06,3.3e-06,196782880118.0
2026-03-23 02:00:00,3.3e-06,3.34e-06,3.28e-06,3.33e-06,271891695844.0
2026-03-23 03:00:00,3.33e-06,3.35e-06,3.31e-06,3.32e-06,162631771436.0
2026-03-23 04:00:00,3.32e-06,3.34e-06,3.31e-06,3.34e-06,146152524319.0
2026-03-23 05:00:00,3.33e-06,3.36e-06,3.32e-06,3.35e-06,247355458904.0
2026-03-23 06:00:00,3.34e-06,3.35e-06,3.29e-06,3.3e-06,327951358501.0
2026-03-23 07:00:00,3.3e-06,3.31e-06,3.27e-06,3.28e-06,345754064593.0
2026-03-23 08:00:00,3.28e-06,3.31e-06,3.26e-06,3.27e-06,211015120206.0
2026-03-23 09:00:00,3.28e-06,3.29e-06,3.24e-06,3.29e-06,296951657518.0
2026-03-23 10:00:00,3.29e-06,3.31e-06,3.27e-06,3.29e-06,289076907506.0
2026-03-23 11:00:00,3.28e-06,3.49e-06,3.28e-06,3.38e-06,3015189443338.0
2026-03-23 12:00:00,3.38e-06,3.43e-06,3.35e-06,3.41e-06,737771545948.0
2026-03-23 13:00:00,3.41e-06,3.45e-06,3.38e-06,3.44e-06,940965603933.0
2026-03-23 14:00:00,3.45e-06,3.49e-06,3.43e-06,3.49e-06,895492892971.0
2026-03-23 15:00:00,3.49e-06,3.58e-06,3.44e-06,3.45e-06,1863756800916.0
2026-03-23 16:00:00,3.45e-06,3.47e-06,3.4e-06,3.46e-06,613877123362.0
2026-03-23 17:00:00,3.47e-06,3.51e-06,3.44e-06,3.5e-06,514234928657.0
2026-03-23 18:00:00,3.5e-06,3.53e-06,3.48e-06,3.52e-06,522851026466.0
2026-03-23 19:00:00,3.52e-06,3.55e-06,3.48e-06,3.49e-06,282624355032.0
2026-03-23 20:00:00,3.49e-06,3.53e-06,3.48e-06,3.51e-06,209439663508.0
2026-03-23 21:00:00,3.51e-06,3.53e-06,3.49e-06,3.5e-06,184209910136.0
2026-03-23 22:00:00,3.5e-06,3.5e-06,3.44e-06,3.46e-06,405407292891.0
2026-03-23 23:00:00,3.45e-06,3.47e-06,3.42e-06,3.46e-06,360596026657.0
2026-03-24 00:00:00,3.45e-06,3.47e-06,3.4e-06,3.43e-06,434017427551.0
2026-03-24 01:00:00,3.43e-06,3.43e-06,3.38e-06,3.41e-06,397484723017.0
2026-03-24 02:00:00,3.41e-06,3.44e-06,3.4e-06,3.4e-06,152263001561.0
2026-03-24 03:00:00,3.4e-06,3.44e-06,3.4e-06,3.43e-06,249996822159.0
2026-03-24 04:00:00,3.43e-06,3.45e-06,3.4e-06,3.41e-06,282135429178.0
2026-03-24 05:00:00,3.41e-06,3.43e-06,3.39e-06,3.42e-06,210895697927.0
2026-03-24 06:00:00,3.41e-06,3.43e-06,3.4e-06,3.43e-06,220307892210.0
2026-03-24 07:00:00,3.43e-06,3.5e-06,3.42e-06,3.49e-06,512314797885.0
2026-03-24 08:00:00,3.48e-06,3.49e-06,3.47e-06,3.47e-06,246839000962.0
2026-03-24 09:00:00,3.48e-06,3.48e-06,3.45e-06,3.47e-06,195586572825.0
2026-03-24 10:00:00,3.46e-06,3.47e-06,3.43e-06,3.44e-06,214243133095.0
2026-03-24 11:00:00,3.45e-06,3.45e-06,3.4e-06,3.43e-06,334188190118.0
2026-03-24 12:00:00,3.43e-06,3.44e-06,3.41e-06,3.43e-06,198998493785.0
2026-03-24 13:00:00,3.43e-06,3.44e-06,3.39e-06,3.41e-06,552337528449.0
2026-03-24 14:00:00,3.42e-06,3.44e-06,3.38e-06,3.43e-06,671628103191.0
2026-03-24 15:00:00,3.43e-06,3.45e-06,3.41e-06,3.41e-06,288011793277.0
2026-03-24 16:00:00,3.41e-06,3.43e-06,3.4e-06,3.42e-06,341110681469.0
2026-03-24 17:00:00,3.42e-06,3.42e-06,3.37e-06,3.39e-06,560372987844.0
2026-03-24 18:00:00,3.4e-06,3.44e-06,3.39e-06,3.42e-06,138712683419.0
2026-03-24 19:00:00,3.42e-06,3.44e-06,3.41e-06,3.43e-06,148746647147.0
2026-03-24 20:00:00,3.43e-06,3.51e-06,3.42e-06,3.48e-06,678193207660.0
2026-03-24 21:00:00,3.49e-06,3.5e-06,3.45e-06,3.49e-06,308329704418.0
2026-03-24 22:00:00,3.49e-06,3.51e-06,3.48e-06,3.5e-06,364773478989.0
2026-03-24 23:00:00,3.49e-06,3.54e-06,3.49e-06,3.53e-06,323271798611.0
2026-03-25 00:00:00,3.53e-06,3.56e-06,3.5e-06,3.53e-06,508532336622.0
2026-03-25 01:00:00,3.53e-06,3.54e-06,3.51e-06,3.52e-06,255070539228.0
2026-03-25 02:00:00,3.52e-06,3.53e-06,3.5e-06,3.5e-06,216742706708.0
2026-03-25 03:00:00,3.5e-06,3.54e-06,3.49e-06,3.52e-06,312113519825.0
2026-03-25 04:00:00,3.52e-06,3.55e-06,3.51e-06,3.55e-06,239733707502.0
2026-03-25 05:00:00,3.55e-06,3.59e-06,3.54e-06,3.56e-06,817188140349.0
2026-03-25 06:00:00,3.56e-06,3.62e-06,3.55e-06,3.59e-06,581334582020.0
2026-03-25 07:00:00,3.6e-06,3.62e-06,3.56e-06,3.57e-06,528134432660.0
2026-03-25 08:00:00,3.57e-06,3.6e-06,3.57e-06,3.57e-06,464176884975.0
2026-03-25 09:00:00,3.58e-06,3.58e-06,3.54e-06,3.55e-06,314953972419.0
2026-03-25 10:00:00,3.54e-06,3.56e-06,3.53e-06,3.54e-06,383228726658.0
2026-03-25 11:00:00,3.54e-06,3.58e-06,3.53e-06,3.55e-06,537163744015.0
2026-03-25 12:00:00,3.56e-06,3.59e-06,3.53e-06,3.57e-06,413190475085.0
2026-03-25 13:00:00,3.58e-06,3.61e-06,3.56e-06,3.56e-06,728396529135.0
2026-03-25 14:00:00,3.57e-06,3.58e-06,3.54e-06,3.54e-06,401598915828.0
2026-03-25 15:00:00,3.54e-06,3.56e-06,3.49e-06,3.52e-06,531251232930.0
2026-03-25 16:00:00,3.51e-06,3.57e-06,3.5e-06,3.54e-06,325280451314.0
2026-03-25 17:00:00,3.53e-06,3.55e-06,3.52e-06,3.54e-06,346461847995.0
2026-03-25 18:00:00,3.53e-06,3.56e-06,3.52e-06,3.53e-06,206372114699.0
2026-03-25 19:00:00,3.54e-06,3.55e-06,3.52e-06,3.53e-06,146189212327.0
2026-03-25 20:00:00,3.54e-06,3.54e-06,3.5e-06,3.52e-06,316533812469.0
2026-03-25 21:00:00,3.52e-06,3.53e-06,3.51e-06,3.51e-06,181060681012.0
2026-03-25 22:00:00,3.52e-06,3.55e-06,3.51e-06,3.54e-06,224685501068.0
2026-03-25 23:00:00,3.54e-06,3.55e-06,3.52e-06,3.55e-06,213701774664.0
2026-03-26 00:00:00,3.55e-06,3.55e-06,3.51e-06,3.53e-06,180324593866.0
2026-03-26 01:00:00,3.53e-06,3.54e-06,3.51e-06,3.53e-06,166936337448.0
2026-03-26 02:00:00,3.53e-06,3.53e-06,3.48e-06,3.5e-06,408560671216.0
2026-03-26 03:00:00,3.5e-06,3.51e-06,3.47e-06,3.49e-06,289272513552.0
2026-03-26 04:00:00,3.5e-06,3.5e-06,3.47e-06,3.48e-06,183834639674.0
2026-03-26 05:00:00,3.49e-06,3.49e-06,3.44e-06,3.44e-06,271288262286.0
2026-03-26 06:00:00,3.44e-06,3.45e-06,3.42e-06,3.44e-06,173187391240.0
2026-03-26 07:00:00,3.43e-06,3.46e-06,3.42e-06,3.44e-06,272234911921.0
2026-03-26 08:00:00,3.45e-06,3.45e-06,3.42e-06,3.44e-06,227556850057.0
2026-03-26 09:00:00,3.43e-06,3.45e-06,3.38e-06,3.4e-06,519429460654.0
2026-03-26 10:00:00,3.4e-06,3.42e-06,3.4e-06,3.42e-06,186149482971.0
2026-03-26 11:00:00,3.42e-06,3.42e-06,3.39e-06,3.4e-06,248086306096.0
2026-03-26 12:00:00,3.4e-06,3.41e-06,3.38e-06,3.4e-06,142877053090.0
2026-03-26 13:00:00,3.39e-06,3.45e-06,3.39e-06,3.43e-06,561163378674.0
2026-03-26 14:00:00,3.43e-06,3.43e-06,3.41e-06,3.43e-06,300276739472.0
2026-03-26 15:00:00,3.43e-06,3.43e-06,3.37e-06,3.39e-06,591910828397.0
2026-03-26 16:00:00,3.39e-06,3.39e-06,3.37e-06,3.39e-06,279074180607.0
2026-03-26 17:00:00,3.38e-06,3.4e-06,3.36e-06,3.38e-06,126980673739.0
2026-03-26 18:00:00,3.38e-06,3.39e-06,3.36e-06,3.37e-06,309911282803.0
2026-03-26 19:00:00,3.38e-06,3.38e-06,3.36e-06,3.37e-06,101295075213.0
2026-03-26 20:00:00,3.38e-06,3.45e-06,3.37e-06,3.43e-06,514381645391.0
2026-03-26 21:00:00,3.42e-06,3.45e-06,3.41e-06,3.43e-06,167236975165.0
2026-03-26 22:00:00,3.43e-06,3.44e-06,3.41e-06,3.43e-06,258045306839.0
2026-03-26 23:00:00,3.43e-06,3.44e-06,3.4e-06,3.41e-06,124832815805.0
2026-03-27 00:00:00,3.41e-06,3.42e-06,3.39e-06,3.41e-06,291396618239.0
2026-03-27 01:00:00,3.41e-06,3.43e-06,3.41e-06,3.42e-06,85919262624.0
2026-03-27 02:00:00,3.43e-06,3.44e-06,3.41e-06,3.41e-06,85674904646.0
2026-03-27 03:00:00,3.42e-06,3.43e-06,3.39e-06,3.4e-06,164233638009.0
2026-03-27 04:00:00,3.4e-06,3.4e-06,3.37e-06,3.4e-06,133592224615.0
2026-03-27 05:00:00,3.4e-06,3.41e-06,3.38e-06,3.38e-06,77649014590.0
2026-03-27 06:00:00,3.38e-06,3.4e-06,3.37e-06,3.38e-06,105256178192.0
2026-03-27 07:00:00,3.38e-06,3.4e-06,3.37e-06,3.4e-06,116359369555.0
2026-03-27 08:00:00,3.4e-06,3.41e-06,3.34e-06,3.38e-06,559099259308.0
2026-03-27 09:00:00,3.38e-06,3.38e-06,3.35e-06,3.36e-06,152443079672.0
2026-03-27 10:00:00,3.36e-06,3.36e-06,3.26e-06,3.27e-06,1565444987628.0
2026-03-27 11:00:00,3.27e-06,3.3e-06,3.25e-06,3.29e-06,545235740671.0
2026-03-27 12:00:00,3.29e-06,3.29e-06,3.26e-06,3.28e-06,430452133026.0
2026-03-27 13:00:00,3.27e-06,3.3e-06,3.26e-06,3.27e-06,427467884774.0
2026-03-27 14:00:00,3.27e-06,3.29e-06,3.25e-06,3.29e-06,546624091706.0
2026-03-27 15:00:00,3.28e-06,3.33e-06,3.27e-06,3.31e-06,497620300133.0
2026-03-27 16:00:00,3.3e-06,3.31e-06,3.28e-06,3.3e-06,348674347892.0
2026-03-27 17:00:00,3.3e-06,3.32e-06,3.28e-06,3.29e-06,251212530396.0
2026-03-27 18:00:00,3.29e-06,3.3e-06,3.26e-06,3.28e-06,328185526016.0
2026-03-27 19:00:00,3.28e-06,3.3e-06,3.26e-06,3.29e-06,148897529931.0
2026-03-27 20:00:00,3.29e-06,3.3e-06,3.27e-06,3.29e-06,277505641606.0
2026-03-27 21:00:00,3.29e-06,3.3e-06,3.27e-06,3.28e-06,184180350106.0
2026-03-27 22:00:00,3.28e-06,3.28e-06,3.26e-06,3.26e-06,289419408719.0
2026-03-27 23:00:00,3.27e-06,3.29e-06,3.25e-06,3.28e-06,335707789234.0
2026-03-28 00:00:00,3.28e-06,3.29e-06,3.27e-06,3.29e-06,208714964416.0
2026-03-28 01:00:00,3.28e-06,3.29e-06,3.26e-06,3.28e-06,313212462490.0
2026-03-28 02:00:00,3.28e-06,3.29e-06,3.26e-06,3.27e-06,211030841585.0
2026-03-28 03:00:00,3.26e-06,3.28e-06,3.25e-06,3.26e-06,199036015546.0
2026-03-28 04:00:00,3.27e-06,3.27e-06,3.25e-06,3.26e-06,137421977218.0
2026-03-28 05:00:00,3.27e-06,3.29e-06,3.26e-06,3.29e-06,77108701392.0
2026-03-28 06:00:00,3.29e-06,3.31e-06,3.28e-06,3.29e-06,172299858010.0
2026-03-28 07:00:00,3.29e-06,3.33e-06,3.28e-06,3.32e-06,293335836478.0
2026-03-28 08:00:00,3.32e-06,3.34e-06,3.31e-06,3.32e-06,166522602483.0
2026-03-28 09:00:00,3.32e-06,3.34e-06,3.31e-06,3.34e-06,165547462893.0
2026-03-28 10:00:00,3.34e-06,3.37e-06,3.31e-06,3.32e-06,224636820698.0
2026-03-28 11:00:00,3.32e-06,3.33e-06,3.3e-06,3.33e-06,189403124157.0
2026-03-28 12:00:00,3.33e-06,3.34e-06,3.31e-06,3.32e-06,161206171523.0
2026-03-28 13:00:00,3.32e-06,3.38e-06,3.3e-06,3.36e-06,456854281812.0
2026-03-28 14:00:00,3.36e-06,3.38e-06,3.34e-06,3.36e-06,360677947867.0
2026-03-28 15:00:00,3.35e-06,3.41e-06,3.34e-06,3.37e-06,418082257813.0
2026-03-28 16:00:00,3.37e-06,3.38e-06,3.34e-06,3.35e-06,343586938360.0
2026-03-28 17:00:00,3.36e-06,3.36e-06,3.34e-06,3.36e-06,110164691224.0
2026-03-28 18:00:00,3.36e-06,3.36e-06,3.34e-06,3.36e-06,47261329068.0
2026-03-28 19:00:00,3.36e-06,3.36e-06,3.33e-06,3.35e-06,105010001630.0
2026-03-28 20:00:00,3.35e-06,3.36e-06,3.34e-06,3.34e-06,112063473249.0
2026-03-28 21:00:00,3.35e-06,3.35e-06,3.3e-06,3.31e-06,224271895297.0
2026-03-28 22:00:00,3.32e-06,3.33e-06,3.3e-06,3.32e-06,260563157299.0
2026-03-28 23:00:00,3.31e-06,3.32e-06,3.27e-06,3.29e-06,381323568537.0
2026-03-29 00:00:00,3.28e-06,3.29e-06,3.27e-06,3.29e-06,169671861759.0
2026-03-29 01:00:00,3.28e-06,3.31e-06,3.28e-06,3.3e-06,146183872624.0
2026-03-29 02:00:00,3.29e-06,3.32e-06,3.29e-06,3.31e-06,89238782291.0
2026-03-29 03:00:00,3.31e-06,3.33e-06,3.3e-06,3.32e-06,163864668902.0
2026-03-29 04:00:00,3.32e-06,3.32e-06,3.31e-06,3.32e-06,24070581978.0
2026-03-29 05:00:00,3.32e-06,3.32e-06,3.3e-06,3.31e-06,128702233828.0
2026-03-29 06:00:00,3.31e-06,3.32e-06,3.3e-06,3.32e-06,66294502272.0
2026-03-29 07:00:00,3.31e-06,3.32e-06,3.29e-06,3.3e-06,205729608813.0
2026-03-29 08:00:00,3.3e-06,3.31e-06,3.29e-06,3.3e-06,80695315543.0
2026-03-29 09:00:00,3.3e-06,3.31e-06,3.29e-06,3.3e-06,189793114878.0
2026-03-29 10:00:00,3.29e-06,3.3e-06,3.27e-06,3.28e-06,186117513479.0
2026-03-29 11:00:00,3.28e-06,3.31e-06,3.28e-06,3.29e-06,98927699522.0
2026-03-29 12:00:00,3.29e-06,3.3e-06,3.26e-06,3.28e-06,349875805198.0
2026-03-29 13:00:00,3.28e-06,3.29e-06,3.23e-06,3.26e-06,441648655818.0
2026-03-29 14:00:00,3.25e-06,3.28e-06,3.24e-06,3.27e-06,211431788857.0
2026-03-29 15:00:00,3.27e-06,3.28e-06,3.25e-06,3.26e-06,336527415363.0
2026-03-29 16:00:00,3.26e-06,3.28e-06,3.25e-06,3.25e-06,217842003675.0
2026-03-29 17:00:00,3.25e-06,3.27e-06,3.24e-06,3.27e-06,234715009835.0
2026-03-29 18:00:00,3.26e-06,3.27e-06,3.25e-06,3.27e-06,129049882559.0
2026-03-29 19:00:00,3.26e-06,3.27e-06,3.26e-06,3.27e-06,59304849896.0
2026-03-29 20:00:00,3.26e-06,3.32e-06,3.26e-06,3.3e-06,170836918097.0
2026-03-29 21:00:00,3.3e-06,3.32e-06,3.29e-06,3.32e-06,149064921600.0
2026-03-29 22:00:00,3.31e-06,3.32e-06,3.17e-06,3.25e-06,1213133865028.0
2026-03-29 23:00:00,3.24e-06,3.29e-06,3.24e-06,3.28e-06,479881534050.0
2026-03-30 00:00:00,3.27e-06,3.35e-06,3.27e-06,3.3e-06,610015252691.0
2026-03-30 01:00:00,3.3e-06,3.35e-06,3.3e-06,3.33e-06,321366974699.0
2026-03-30 02:00:00,3.34e-06,3.38e-06,3.32e-06,3.34e-06,545607643270.0
2026-03-30 03:00:00,3.34e-06,3.35e-06,3.33e-06,3.35e-06,80520949124.0
2026-03-30 04:00:00,3.35e-06,3.37e-06,3.34e-06,3.36e-06,160498477085.0
2026-03-30 05:00:00,3.36e-06,3.39e-06,3.35e-06,3.38e-06,285307405287.0
2026-03-30 06:00:00,3.37e-06,3.4e-06,3.37e-06,3.38e-06,408730777769.0
2026-03-30 07:00:00,3.37e-06,3.41e-06,3.36e-06,3.4e-06,491071865719.0
2026-03-30 08:00:00,3.4e-06,3.42e-06,3.37e-06,3.37e-06,496532910285.0
2026-03-30 09:00:00,3.38e-06,3.39e-06,3.35e-06,3.35e-06,178361212278.0
2026-03-30 10:00:00,3.35e-06,3.37e-06,3.34e-06,3.36e-06,269420153712.0
2026-03-30 11:00:00,3.36e-06,3.4e-06,3.35e-06,3.36e-06,336075713737.0
2026-03-30 12:00:00,3.37e-06,3.38e-06,3.35e-06,3.36e-06,188234304040.0
2026-03-30 13:00:00,3.37e-06,3.38e-06,3.34e-06,3.34e-06,336057000962.0
2026-03-30 14:00:00,3.35e-06,3.38e-06,3.33e-06,3.37e-06,385391405845.0
2026-03-30 15:00:00,3.36e-06,3.39e-06,3.34e-06,3.37e-06,209602466372.0
2026-03-30 16:00:00,3.37e-06,3.38e-06,3.35e-06,3.37e-06,178708899165.0
2026-03-30 17:00:00,3.37e-06,3.38e-06,3.33e-06,3.35e-06,255577812137.0
2026-03-30 18:00:00,3.34e-06,3.36e-06,3.31e-06,3.31e-06,177402181834.0
2026-03-30 19:00:00,3.32e-06,3.32e-06,3.28e-06,3.3e-06,381932197047.0
2026-03-30 20:00:00,3.31e-06,3.32e-06,3.3e-06,3.31e-06,87949078766.0
2026-03-30 21:00:00,3.31e-06,3.36e-06,3.3e-06,3.34e-06,186851243134.0
2026-03-30 22:00:00,3.34e-06,3.35e-06,3.32e-06,3.33e-06,159921639525.0
2026-03-30 23:00:00,3.34e-06,3.34e-06,3.31e-06,3.32e-06,198290905415.0
2026-03-31 00:00:00,3.32e-06,3.35e-06,3.3e-06,3.34e-06,381844028707.0
2026-03-31 01:00:00,3.34e-06,3.4e-06,3.32e-06,3.37e-06,373461710043.0
2026-03-31 02:00:00,3.38e-06,3.39e-06,3.36e-06,3.38e-06,172991546472.0
2026-03-31 03:00:00,3.38e-06,3.38e-06,3.35e-06,3.36e-06,113062611473.0
2026-03-31 04:00:00,3.37e-06,3.39e-06,3.35e-06,3.37e-06,147350913018.0
2026-03-31 05:00:00,3.36e-06,3.39e-06,3.34e-06,3.39e-06,269516122583.0
2026-03-31 06:00:00,3.38e-06,3.39e-06,3.36e-06,3.38e-06,326065062304.0
2026-03-31 07:00:00,3.37e-06,3.38e-06,3.35e-06,3.36e-06,187730781069.0
2026-03-31 08:00:00,3.37e-06,3.37e-06,3.33e-06,3.33e-06,273337883810.0
2026-03-31 09:00:00,3.34e-06,3.34e-06,3.27e-06,3.29e-06,475549310791.0
2026-03-31 10:00:00,3.3e-06,3.32e-06,3.29e-06,3.29e-06,235072173423.0
2026-03-31 11:00:00,3.29e-06,3.34e-06,3.29e-06,3.33e-06,488669366478.0
2026-03-31 12:00:00,3.33e-06,3.35e-06,3.31e-06,3.31e-06,272315375260.0
2026-03-31 13:00:00,3.31e-06,3.38e-06,3.31e-06,3.36e-06,316335273037.0
2026-03-31 14:00:00,3.36e-06,3.4e-06,3.31e-06,3.34e-06,682267628253.0
2026-03-31 15:00:00,3.34e-06,3.38e-06,3.33e-06,3.33e-06,370579200620.0
2026-03-31 16:00:00,3.33e-06,3.41e-06,3.33e-06,3.38e-06,739699770038.0
2026-03-31 17:00:00,3.39e-06,3.43e-06,3.36e-06,3.38e-06,801795845549.0
2026-03-31 18:00:00,3.37e-06,3.41e-06,3.37e-06,3.4e-06,222285951421.0
2026-03-31 19:00:00,3.4e-06,3.42e-06,3.39e-06,3.41e-06,217467353777.0
2026-03-31 20:00:00,3.41e-06,3.43e-06,3.4e-06,3.42e-06,226948494062.0
2026-03-31 21:00:00,3.43e-06,3.44e-06,3.39e-06,3.39e-06,197259873535.0
2026-03-31 22:00:00,3.39e-06,3.4e-06,3.36e-06,3.37e-06,346334829430.0
2026-03-31 23:00:00,3.38e-06,3.41e-06,3.36e-06,3.41e-06,183648894412.0
2026-04-01 00:00:00,3.41e-06,3.43e-06,3.39e-06,3.43e-06,238643051248.0
2026-04-01 01:00:00,3.42e-06,3.43e-06,3.38e-06,3.39e-06,288204812752.0
2026-04-01 02:00:00,3.38e-06,3.4e-06,3.36e-06,3.37e-06,251526197652.0
2026-04-01 03:00:00,3.38e-06,3.42e-06,3.37e-06,3.42e-06,207003617022.0
2026-04-01 04:00:00,3.42e-06,3.43e-06,3.4e-06,3.42e-06,210664332847.0
2026-04-01 05:00:00,3.42e-06,3.48e-06,3.4e-06,3.47e-06,436484201179.0
2026-04-01 06:00:00,3.46e-06,3.53e-06,3.46e-06,3.51e-06,713402339518.0
2026-04-01 07:00:00,3.52e-06,3.52e-06,3.47e-06,3.48e-06,464633216145.0
2026-04-01 08:00:00,3.48e-06,3.5e-06,3.44e-06,3.45e-06,388572468252.0
2026-04-01 09:00:00,3.45e-06,3.46e-06,3.41e-06,3.44e-06,356337029424.0
2026-04-01 10:00:00,3.44e-06,3.44e-06,3.41e-06,3.43e-06,306537377054.0
2026-04-01 11:00:00,3.43e-06,3.44e-06,3.41e-06,3.42e-06,185985710930.0
2026-04-01 12:00:00,3.42e-06,3.46e-06,3.41e-06,3.43e-06,463148093470.0
2026-04-01 13:00:00,3.43e-06,3.45e-06,3.38e-06,3.4e-06,620915885292.0
2026-04-01 14:00:00,3.41e-06,3.45e-06,3.4e-06,3.43e-06,247982906952.0
2026-04-01 15:00:00,3.43e-06,3.46e-06,3.42e-06,3.44e-06,256759286750.0
2026-04-01 16:00:00,3.45e-06,3.5e-06,3.42e-06,3.48e-06,430750264628.0
2026-04-01 17:00:00,3.47e-06,3.52e-06,3.44e-06,3.45e-06,512911295923.0
2026-04-01 18:00:00,3.45e-06,3.46e-06,3.41e-06,3.41e-06,469381340367.0
2026-04-01 19:00:00,3.42e-06,3.46e-06,3.41e-06,3.45e-06,190733385666.0
2026-04-01 20:00:00,3.44e-06,3.45e-06,3.4e-06,3.42e-06,170560452903.0
2026-04-01 21:00:00,3.43e-06,3.46e-06,3.42e-06,3.43e-06,155675101768.0
2026-04-01 22:00:00,3.44e-06,3.44e-06,3.4e-06,3.41e-06,234497366452.0
2026-04-01 23:00:00,3.41e-06,3.42e-06,3.39e-06,3.4e-06,212854135157.0
2026-04-02 00:00:00,3.41e-06,3.45e-06,3.4e-06,3.43e-06,147030912650.0
2026-04-02 01:00:00,3.43e-06,3.44e-06,3.32e-06,3.34e-06,1132674520715.0
2026-04-02 02:00:00,3.35e-06,3.35e-06,3.28e-06,3.31e-06,660368161335.0
2026-04-02 03:00:00,3.31e-06,3.32e-06,3.28e-06,3.3e-06,395208518996.0
2026-04-02 04:00:00,3.3e-06,3.3e-06,3.26e-06,3.29e-06,388540584625.0
2026-04-02 05:00:00,3.29e-06,3.31e-06,3.26e-06,3.31e-06,382041479098.0
2026-04-02 06:00:00,3.31e-06,3.34e-06,3.29e-06,3.33e-06,165419608057.0
2026-04-02 07:00:00,3.33e-06,3.35e-06,3.32e-06,3.33e-06,293795057698.0
2026-04-02 08:00:00,3.33e-06,3.33e-06,3.3e-06,3.31e-06,238197418792.0
2026-04-02 09:00:00,3.31e-06,3.33e-06,3.29e-06,3.33e-06,265517138928.0
2026-04-02 10:00:00,3.32e-06,3.33e-06,3.29e-06,3.3e-06,265477210327.0
2026-04-02 11:00:00,3.29e-06,3.31e-06,3.27e-06,3.29e-06,283350860267.0
2026-04-02 12:00:00,3.3e-06,3.3e-06,3.27e-06,3.28e-06,329452704498.0
2026-04-02 13:00:00,3.29e-06,3.3e-06,3.26e-06,3.29e-06,310588498900.0
2026-04-02 14:00:00,3.29e-06,3.36e-06,3.28e-06,3.35e-06,468582437641.0
2026-04-02 15:00:00,3.35e-06,3.35e-06,3.31e-06,3.32e-06,329621473226.0
2026-04-02 16:00:00,3.33e-06,3.37e-06,3.31e-06,3.34e-06,470469002215.0
2026-04-02 17:00:00,3.35e-06,3.38e-06,3.32e-06,3.33e-06,380066726662.0
2026-04-02 18:00:00,3.34e-06,3.35e-06,3.32e-06,3.32e-06,225412928345.0
2026-04-02 19:00:00,3.33e-06,3.35e-06,3.31e-06,3.34e-06,147872855140.0
2026-04-02 20:00:00,3.33e-06,3.36e-06,3.33e-06,3.34e-06,112667476914.0
2026-04-02 21:00:00,3.34e-06,3.35e-06,3.32e-06,3.34e-06,136487066610.0
2026-04-02 22:00:00,3.35e-06,3.35e-06,3.33e-06,3.34e-06,70014191391.0
2026-04-02 23:00:00,3.34e-06,3.35e-06,3.32e-06,3.34e-06,157094827815.0
2026-04-03 00:00:00,3.34e-06,3.35e-06,3.32e-06,3.32e-06,223329623509.0
2026-04-03 01:00:00,3.33e-06,3.35e-06,3.32e-06,3.32e-06,192253164563.0
2026-04-03 02:00:00,3.32e-06,3.35e-06,3.31e-06,3.34e-06,273562240728.0
2026-04-03 03:00:00,3.34e-06,3.38e-06,3.33e-06,3.38e-06,226708806790.0
2026-04-03 04:00:00,3.37e-06,3.4e-06,3.35e-06,3.4e-06,220826946966.0
2026-04-03 05:00:00,3.4e-06,3.46e-06,3.39e-06,3.44e-06,1013774432436.0
2026-04-03 06:00:00,3.43e-06,3.49e-06,3.42e-06,3.46e-06,702127171099.0
2026-04-03 07:00:00,3.46e-06,3.49e-06,3.45e-06,3.45e-06,749406022580.0
2026-04-03 08:00:00,3.45e-06,3.5e-06,3.45e-06,3.47e-06,371563721326.0
2026-04-03 09:00:00,3.48e-06,3.51e-06,3.46e-06,3.49e-06,615585612645.0
2026-04-03 10:00:00,3.5e-06,3.51e-06,3.45e-06,3.48e-06,347752166776.0
2026-04-03 11:00:00,3.49e-06,3.5e-06,3.46e-06,3.47e-06,234129894320.0
2026-04-03 12:00:00,3.46e-06,3.52e-06,3.45e-06,3.46e-06,619437128208.0
2026-04-03 13:00:00,3.47e-06,3.5e-06,3.44e-06,3.5e-06,443800511647.0
2026-04-03 14:00:00,3.5e-06,3.5e-06,3.46e-06,3.47e-06,244401349879.0
2026-04-03 15:00:00,3.46e-06,3.47e-06,3.42e-06,3.42e-06,296265482115.0
2026-04-03 16:00:00,3.42e-06,3.45e-06,3.42e-06,3.44e-06,263743464544.0
2026-04-03 17:00:00,3.45e-06,3.45e-06,3.43e-06,3.44e-06,168137415812.0
2026-04-03 18:00:00,3.44e-06,3.46e-06,3.42e-06,3.42e-06,243100242670.0
2026-04-03 19:00:00,3.43e-06,3.43e-06,3.4e-06,3.42e-06,147391162569.0
2026-04-03 20:00:00,3.43e-06,3.44e-06,3.41e-06,3.42e-06,147954193541.0
2026-04-03 21:00:00,3.43e-06,3.46e-06,3.42e-06,3.44e-06,133568790539.0
2026-04-03 22:00:00,3.44e-06,3.44e-06,3.4e-06,3.42e-06,150581000044.0
2026-04-03 23:00:00,3.41e-06,3.42e-06,3.4e-06,3.42e-06,145860960383.0
2026-04-04 00:00:00,3.42e-06,3.42e-06,3.38e-06,3.39e-06,349890037989.0
2026-04-04 01:00:00,3.39e-06,3.4e-06,3.37e-06,3.39e-06,233456263747.0
2026-04-04 02:00:00,3.39e-06,3.39e-06,3.35e-06,3.36e-06,235641158158.0
2026-04-04 03:00:00,3.36e-06,3.38e-06,3.35e-06,3.38e-06,63505482313.0
2026-04-04 04:00:00,3.38e-06,3.41e-06,3.37e-06,3.39e-06,119677978179.0
2026-04-04 05:00:00,3.38e-06,3.39e-06,3.36e-06,3.37e-06,87957184658.0
2026-04-04 06:00:00,3.37e-06,3.4e-06,3.36e-06,3.4e-06,131227698405.0
2026-04-04 07:00:00,3.4e-06,3.4e-06,3.37e-06,3.38e-06,99919921788.0
2026-04-04 08:00:00,3.39e-06,3.39e-06,3.36e-06,3.37e-06,149049440323.0
2026-04-04 09:00:00,3.38e-06,3.38e-06,3.37e-06,3.38e-06,18911842755.0
2026-04-04 10:00:00,3.38e-06,3.39e-06,3.36e-06,3.38e-06,333112084757.0
2026-04-04 11:00:00,3.38e-06,3.39e-06,3.37e-06,3.39e-06,108956354958.0
2026-04-04 12:00:00,3.39e-06,3.39e-06,3.36e-06,3.38e-06,131153549637.0
2026-04-04 13:00:00,3.37e-06,3.38e-06,3.36e-06,3.36e-06,224267410229.0
2026-04-04 14:00:00,3.36e-06,3.37e-06,3.34e-06,3.36e-06,344395418110.0
2026-04-04 15:00:00,3.36e-06,3.4e-06,3.36e-06,3.37e-06,201956321752.0
2026-04-04 16:00:00,3.38e-06,3.39e-06,3.36e-06,3.36e-06,160069561558.0
2026-04-04 17:00:00,3.37e-06,3.42e-06,3.36e-06,3.41e-06,234382155328.0
2026-04-04 18:00:00,3.41e-06,3.42e-06,3.4e-06,3.4e-06,122746383997.0
2026-04-04 19:00:00,3.4e-06,3.46e-06,3.4e-06,3.4e-06,381967843486.0
2026-04-04 20:00:00,3.41e-06,3.42e-06,3.4e-06,3.4e-06,129645750123.0
2026-04-04 21:00:00,3.4e-06,3.42e-06,3.39e-06,3.41e-06,248667592534.0
2026-04-04 22:00:00,3.4e-06,3.41e-06,3.39e-06,3.41e-06,201749259714.0
2026-04-04 23:00:00,3.41e-06,3.41e-06,3.39e-06,3.4e-06,117826616344.0
2026-04-05 00:00:00,3.4e-06,3.41e-06,3.39e-06,3.4e-06,198970416903.0
2026-04-05 01:00:00,3.39e-06,3.4e-06,3.37e-06,3.38e-06,113373359587.0
2026-04-05 02:00:00,3.38e-06,3.39e-06,3.36e-06,3.38e-06,192539616414.0
2026-04-05 03:00:00,3.39e-06,3.4e-06,3.37e-06,3.38e-06,51606647827.0
2026-04-05 04:00:00,3.39e-06,3.39e-06,3.36e-06,3.37e-06,82449101749.0
2026-04-05 05:00:00,3.38e-06,3.38e-06,3.35e-06,3.35e-06,141956919551.0
2026-04-05 06:00:00,3.35e-06,3.36e-06,3.31e-06,3.34e-06,507718142584.0
2026-04-05 07:00:00,3.34e-06,3.34e-06,3.32e-06,3.32e-06,158103540544.0
2026-04-05 08:00:00,3.32e-06,3.34e-06,3.31e-06,3.34e-06,247304657342.0
2026-04-05 09:00:00,3.33e-06,3.35e-06,3.33e-06,3.34e-06,184705139562.0
2026-04-05 10:00:00,3.33e-06,3.35e-06,3.32e-06,3.32e-06,153604517942.0
2026-04-05 11:00:00,3.32e-06,3.34e-06,3.32e-06,3.32e-06,128452193817.0
2026-04-05 12:00:00,3.32e-06,3.33e-06,3.3e-06,3.31e-06,361768497746.0
2026-04-05 13:00:00,3.31e-06,3.33e-06,3.29e-06,3.32e-06,395314064002.0
2026-04-05 14:00:00,3.33e-06,3.34e-06,3.31e-06,3.32e-06,212846866503.0
2026-04-05 15:00:00,3.32e-06,3.37e-06,3.3e-06,3.34e-06,404725111719.0
2026-04-05 16:00:00,3.34e-06,3.35e-06,3.32e-06,3.33e-06,161774992521.0
2026-04-05 17:00:00,3.32e-06,3.34e-06,3.31e-06,3.34e-06,132748751779.0
2026-04-05 18:00:00,3.34e-06,3.35e-06,3.32e-06,3.34e-06,93542745479.0
2026-04-05 19:00:00,3.34e-06,3.35e-06,3.31e-06,3.33e-06,195876123029.0
2026-04-05 20:00:00,3.33e-06,3.34e-06,3.31e-06,3.33e-06,461653044670.0
2026-04-05 21:00:00,3.34e-06,3.34e-06,3.31e-06,3.32e-06,192628212391.0
2026-04-05 22:00:00,3.32e-06,3.4e-06,3.31e-06,3.39e-06,547826091401.0
2026-04-05 23:00:00,3.39e-06,3.5e-06,3.38e-06,3.49e-06,1023298816155.0
2026-04-06 00:00:00,3.49e-06,3.64e-06,3.49e-06,3.55e-06,2671114736490.0
2026-04-06 01:00:00,3.55e-06,3.6e-06,3.53e-06,3.54e-06,1121642880858.0
2026-04-06 02:00:00,3.54e-06,3.62e-06,3.54e-06,3.58e-06,703135104737.0
2026-04-06 03:00:00,3.57e-06,3.58e-06,3.51e-06,3.53e-06,514732106592.0
2026-04-06 04:00:00,3.54e-06,3.56e-06,3.51e-06,3.53e-06,742117475662.0
2026-04-06 05:00:00,3.53e-06,3.55e-06,3.51e-06,3.52e-06,529526198987.0
2026-04-06 06:00:00,3.51e-06,3.54e-06,3.49e-06,3.51e-06,494426380392.0
2026-04-06 07:00:00,3.52e-06,3.52e-06,3.47e-06,3.48e-06,372093106358.0
2026-04-06 08:00:00,3.49e-06,3.51e-06,3.46e-06,3.47e-06,340921614487.0
2026-04-06 09:00:00,3.47e-06,3.53e-06,3.47e-06,3.51e-06,662040305810.0
2026-04-06 10:00:00,3.51e-06,3.55e-06,3.51e-06,3.54e-06,254792617423.0
2026-04-06 11:00:00,3.54e-06,3.54e-06,3.51e-06,3.51e-06,231727171939.0
2026-04-06 12:00:00,3.52e-06,3.54e-06,3.5e-06,3.51e-06,362468506809.0
2026-04-06 13:00:00,3.51e-06,3.53e-06,3.49e-06,3.51e-06,402957614235.0
2026-04-06 14:00:00,3.5e-06,3.55e-06,3.48e-06,3.51e-06,563724691935.0
2026-04-06 15:00:00,3.51e-06,3.52e-06,3.48e-06,3.48e-06,233047208121.0
2026-04-06 16:00:00,3.49e-06,3.51e-06,3.47e-06,3.49e-06,363846083809.0
2026-04-06 17:00:00,3.49e-06,3.5e-06,3.45e-06,3.47e-06,308129492201.0
2026-04-06 18:00:00,3.46e-06,3.49e-06,3.46e-06,3.48e-06,120301054002.0
2026-04-06 19:00:00,3.47e-06,3.47e-06,3.43e-06,3.45e-06,234014591576.0
2026-04-06 20:00:00,3.45e-06,3.46e-06,3.44e-06,3.46e-06,91266281801.0
2026-04-06 21:00:00,3.45e-06,3.45e-06,3.42e-06,3.43e-06,143407417137.0
2026-04-06 22:00:00,3.43e-06,3.43e-06,3.32e-06,3.33e-06,1415204176416.0
2026-04-06 23:00:00,3.33e-06,3.34e-06,3.3e-06,3.32e-06,1029376628806.0
2026-04-07 00:00:00,3.32e-06,3.36e-06,3.31e-06,3.36e-06,522161320573.0
2026-04-07 01:00:00,3.35e-06,3.38e-06,3.34e-06,3.35e-06,428782243553.0
2026-04-07 02:00:00,3.35e-06,3.38e-06,3.33e-06,3.34e-06,285801713906.0
2026-04-07 03:00:00,3.34e-06,3.36e-06,3.34e-06,3.36e-06,61794295936.0
2026-04-07 04:00:00,3.36e-06,3.38e-06,3.35e-06,3.36e-06,183413163920.0
2026-04-07 05:00:00,3.36e-06,3.37e-06,3.34e-06,3.36e-06,189940345592.0
2026-04-07 06:00:00,3.36e-06,3.37e-06,3.33e-06,3.37e-06,309020410285.0
2026-04-07 07:00:00,3.36e-06,3.37e-06,3.35e-06,3.36e-06,160397637968.0
2026-04-07 08:00:00,3.35e-06,3.38e-06,3.35e-06,3.37e-06,195890581399.0
2026-04-07 09:00:00,3.37e-06,3.42e-06,3.36e-06,3.41e-06,289846503534.0
2026-04-07 10:00:00,3.4e-06,3.42e-06,3.35e-06,3.36e-06,417041403306.0
2026-04-07 11:00:00,3.36e-06,3.37e-06,3.34e-06,3.34e-06,271377886211.0
2026-04-07 12:00:00,3.35e-06,3.36e-06,3.32e-06,3.35e-06,478774833122.0
2026-04-07 13:00:00,3.34e-06,3.36e-06,3.33e-06,3.33e-06,318568192461.0
2026-04-07 14:00:00,3.33e-06,3.36e-06,3.32e-06,3.34e-06,386803962077.0
2026-04-07 15:00:00,3.33e-06,3.37e-06,3.33e-06,3.35e-06,340510459391.0
2026-04-07 16:00:00,3.36e-06,3.38e-06,3.35e-06,3.36e-06,264961084260.0
2026-04-07 17:00:00,3.36e-06,3.43e-06,3.34e-06,3.4e-06,503656023321.0
2026-04-07 18:00:00,3.41e-06,3.42e-06,3.37e-06,3.38e-06,272788283319.0
2026-04-07 19:00:00,3.39e-06,3.48e-06,3.38e-06,3.47e-06,1221153730804.0
2026-04-07 20:00:00,3.47e-06,3.51e-06,3.47e-06,3.49e-06,1062415963123.0
2026-04-07 21:00:00,3.48e-06,3.63e-06,3.48e-06,3.6e-06,1725565800858.0
2026-04-07 22:00:00,3.6e-06,3.75e-06,3.6e-06,3.74e-06,2649550660107.0
2026-04-07 23:00:00,3.74e-06,3.78e-06,3.7e-06,3.71e-06,1927771097625.0
2026-04-08 00:00:00,3.71e-06,3.78e-06,3.64e-06,3.66e-06,1381167056331.0
2026-04-08 01:00:00,3.66e-06,3.69e-06,3.65e-06,3.66e-06,624317185389.0
2026-04-08 02:00:00,3.66e-06,3.71e-06,3.66e-06,3.69e-06,696192917656.0
2026-04-08 03:00:00,3.7e-06,3.72e-06,3.69e-06,3.71e-06,429281358703.0
2026-04-08 04:00:00,3.7e-06,3.74e-06,3.68e-06,3.69e-06,603061477742.0
2026-04-08 05:00:00,3.69e-06,3.71e-06,3.68e-06,3.7e-06,291580096100.0
2026-04-08 06:00:00,3.7e-06,3.72e-06,3.68e-06,3.7e-06,505188498852.0
2026-04-08 07:00:00,3.69e-06,3.72e-06,3.68e-06,3.69e-06,260300505269.0
2026-04-08 08:00:00,3.69e-06,3.7e-06,3.66e-06,3.68e-06,385803692855.0
2026-04-08 09:00:00,3.68e-06,3.7e-06,3.66e-06,3.68e-06,310120791713.0
2026-04-08 10:00:00,3.68e-06,3.71e-06,3.68e-06,3.69e-06,254118547889.0
2026-04-08 11:00:00,3.69e-06,3.69e-06,3.61e-06,3.66e-06,591342686109.0
2026-04-08 12:00:00,3.66e-06,3.66e-06,3.62e-06,3.64e-06,393852478365.0
2026-04-08 13:00:00,3.63e-06,3.68e-06,3.63e-06,3.63e-06,839191408176.0
2026-04-08 14:00:00,3.63e-06,3.65e-06,3.57e-06,3.59e-06,909810210200.0
2026-04-08 15:00:00,3.59e-06,3.6e-06,3.56e-06,3.59e-06,404051033017.0
2026-04-08 16:00:00,3.59e-06,3.6e-06,3.57e-06,3.59e-06,209254044817.0
2026-04-08 17:00:00,3.59e-06,3.61e-06,3.56e-06,3.6e-06,313658292245.0
2026-04-08 18:00:00,3.59e-06,3.6e-06,3.52e-06,3.54e-06,361458130929.0
2026-04-08 19:00:00,3.54e-06,3.55e-06,3.52e-06,3.54e-06,256501189356.0
2026-04-08 20:00:00,3.54e-06,3.55e-06,3.53e-06,3.55e-06,213001487053.0
2026-04-08 21:00:00,3.55e-06,3.59e-06,3.54e-06,3.58e-06,582404489784.0
2026-04-08 22:00:00,3.58e-06,3.58e-06,3.55e-06,3.56e-06,378874886337.0
2026-04-08 23:00:00,3.56e-06,3.57e-06,3.52e-06,3.54e-06,479689559788.0
2026-04-09 00:00:00,3.55e-06,3.56e-06,3.51e-06,3.53e-06,462617031608.0
2026-04-09 01:00:00,3.53e-06,3.54e-06,3.49e-06,3.51e-06,407418052839.0
2026-04-09 02:00:00,3.51e-06,3.52e-06,3.5e-06,3.51e-06,177157990426.0
2026-04-09 03:00:00,3.51e-06,3.51e-06,3.49e-06,3.5e-06,213689671704.0
2026-04-09 04:00:00,3.5e-06,3.5e-06,3.47e-06,3.48e-06,164742349537.0
2026-04-09 05:00:00,3.48e-06,3.49e-06,3.47e-06,3.48e-06,140787140964.0
2026-04-09 06:00:00,3.48e-06,3.49e-06,3.47e-06,3.48e-06,156046665141.0
2026-04-09 07:00:00,3.49e-06,3.49e-06,3.45e-06,3.47e-06,184375873195.0
2026-04-09 08:00:00,3.46e-06,3.48e-06,3.44e-06,3.46e-06,236354637051.0
2026-04-09 09:00:00,3.45e-06,3.48e-06,3.43e-06,3.48e-06,268972258600.0
2026-04-09 10:00:00,3.48e-06,3.49e-06,3.46e-06,3.47e-06,298574460009.0
2026-04-09 11:00:00,3.46e-06,3.48e-06,3.45e-06,3.46e-06,185546357628.0
2026-04-09 12:00:00,3.47e-06,3.48e-06,3.45e-06,3.48e-06,218847545377.0
2026-04-09 13:00:00,3.48e-06,3.48e-06,3.45e-06,3.47e-06,400575682409.0
2026-04-09 14:00:00,3.47e-06,3.48e-06,3.43e-06,3.45e-06,427487302791.0
2026-04-09 15:00:00,3.45e-06,3.54e-06,3.44e-06,3.52e-06,1152836626020.0
2026-04-09 16:00:00,3.51e-06,3.55e-06,3.45e-06,3.49e-06,805876020137.0
2026-04-09 17:00:00,3.49e-06,3.53e-06,3.48e-06,3.52e-06,401020376853.0
2026-04-09 18:00:00,3.53e-06,3.54e-06,3.49e-06,3.53e-06,463369875989.0
2026-04-09 19:00:00,3.52e-06,3.55e-06,3.5e-06,3.55e-06,357153905823.0
2026-04-09 20:00:00,3.54e-06,3.59e-06,3.54e-06,3.58e-06,329956728965.0
2026-04-09 21:00:00,3.58e-06,3.64e-06,3.57e-06,3.6e-06,669671773109.0
2026-04-09 22:00:00,3.61e-06,3.68e-06,3.56e-06,3.56e-06,913924181546.0
2026-04-09 23:00:00,3.57e-06,3.58e-06,3.49e-06,3.51e-06,564762019036.0
2026-04-10 00:00:00,3.52e-06,3.52e-06,3.47e-06,3.5e-06,499163828164.0
2026-04-10 01:00:00,3.5e-06,3.53e-06,3.47e-06,3.48e-06,378926596227.0
2026-04-10 02:00:00,3.48e-06,3.52e-06,3.48e-06,3.5e-06,212411095005.0
2026-04-10 03:00:00,3.5e-06,3.52e-06,3.49e-06,3.5e-06,246647067197.0
2026-04-10 04:00:00,3.5e-06,3.55e-06,3.49e-06,3.53e-06,199125988588.0
2026-04-10 05:00:00,3.54e-06,3.57e-06,3.52e-06,3.55e-06,320392687865.0
2026-04-10 06:00:00,3.55e-06,3.57e-06,3.48e-06,3.5e-06,352066190076.0
2026-04-10 07:00:00,3.51e-06,3.52e-06,3.48e-06,3.49e-06,284209866156.0
2026-04-10 08:00:00,3.49e-06,3.5e-06,3.46e-06,3.48e-06,177080995614.0
2026-04-10 09:00:00,3.48e-06,3.52e-06,3.47e-06,3.5e-06,187496900233.0
2026-04-10 10:00:00,3.51e-06,3.51e-06,3.47e-06,3.49e-06,254263916913.0
2026-04-10 11:00:00,3.49e-06,3.51e-06,3.48e-06,3.5e-06,235381051900.0
2026-04-10 12:00:00,3.5e-06,3.54e-06,3.49e-06,3.53e-06,514282190228.0
2026-04-10 13:00:00,3.53e-06,3.54e-06,3.5e-06,3.53e-06,250793642233.0
2026-04-10 14:00:00,3.53e-06,3.6e-06,3.51e-06,3.57e-06,844573074896.0
2026-04-10 15:00:00,3.57e-06,3.6e-06,3.54e-06,3.57e-06,599247806426.0
2026-04-10 16:00:00,3.56e-06,3.62e-06,3.56e-06,3.6e-06,633025312321.0
2026-04-10 17:00:00,3.6e-06,3.61e-06,3.56e-06,3.59e-06,136518265923.0
2026-04-10 18:00:00,3.6e-06,3.63e-06,3.58e-06,3.62e-06,279730576088.0
2026-04-10 19:00:00,3.63e-06,3.7e-06,3.62e-06,3.69e-06,1068724543140.0
2026-04-10 20:00:00,3.69e-06,3.7e-06,3.63e-06,3.66e-06,686987341790.0
2026-04-10 21:00:00,3.66e-06,3.68e-06,3.63e-06,3.65e-06,362415680346.0
2026-04-10 22:00:00,3.66e-06,3.66e-06,3.63e-06,3.65e-06,386902315120.0
2026-04-10 23:00:00,3.65e-06,3.66e-06,3.62e-06,3.63e-06,248302343645.0
2026-04-11 00:00:00,3.62e-06,3.63e-06,3.59e-06,3.59e-06,146083829069.0
2026-04-11 01:00:00,3.59e-06,3.62e-06,3.58e-06,3.61e-06,287177011383.0
2026-04-11 02:00:00,3.61e-06,3.64e-06,3.6e-06,3.61e-06,221591408133.0
2026-04-11 03:00:00,3.61e-06,3.64e-06,3.59e-06,3.6e-06,135535591444.0
2026-04-11 04:00:00,3.59e-06,3.61e-06,3.58e-06,3.59e-06,95392950526.0
2026-04-11 05:00:00,3.59e-06,3.62e-06,3.57e-06,3.58e-06,219811459193.0
2026-04-11 06:00:00,3.57e-06,3.58e-06,3.56e-06,3.57e-06,225030125667.0
2026-04-11 07:00:00,3.57e-06,3.59e-06,3.57e-06,3.59e-06,96720251023.0
2026-04-11 08:00:00,3.59e-06,3.61e-06,3.57e-06,3.58e-06,158029693278.0
2026-04-11 09:00:00,3.59e-06,3.61e-06,3.58e-06,3.6e-06,212521383083.0
2026-04-11 10:00:00,3.6e-06,3.6e-06,3.57e-06,3.58e-06,176693533479.0
2026-04-11 11:00:00,3.58e-06,3.59e-06,3.57e-06,3.58e-06,181175476697.0
2026-04-11 12:00:00,3.58e-06,3.58e-06,3.55e-06,3.57e-06,250046680228.0
2026-04-11 13:00:00,3.57e-06,3.58e-06,3.53e-06,3.54e-06,514896988862.0
2026-04-11 14:00:00,3.55e-06,3.57e-06,3.54e-06,3.55e-06,207066350412.0
2026-04-11 15:00:00,3.56e-06,3.61e-06,3.55e-06,3.6e-06,336471787511.0
2026-04-11 16:00:00,3.6e-06,3.66e-06,3.59e-06,3.64e-06,460728551090.0
2026-04-11 17:00:00,3.64e-06,3.64e-06,3.61e-06,3.62e-06,242144220963.0
2026-04-11 18:00:00,3.62e-06,3.69e-06,3.6e-06,3.66e-06,528421376182.0
2026-04-11 19:00:00,3.67e-06,3.77e-06,3.66e-06,3.76e-06,940755987801.0
2026-04-11 20:00:00,3.77e-06,3.85e-06,3.69e-06,3.72e-06,1540234191760.0
2026-04-11 21:00:00,3.72e-06,3.75e-06,3.69e-06,3.71e-06,475638843371.0
2026-04-11 22:00:00,3.71e-06,3.74e-06,3.66e-06,3.69e-06,436765146851.0
2026-04-11 23:00:00,3.69e-06,3.69e-06,3.62e-06,3.64e-06,383819755535.0
2026-04-12 00:00:00,3.63e-06,3.65e-06,3.61e-06,3.63e-06,211912459973.0
2026-04-12 01:00:00,3.63e-06,3.66e-06,3.51e-06,3.53e-06,1253402657843.0
2026-04-12 02:00:00,3.52e-06,3.53e-06,3.49e-06,3.52e-06,784233129515.0
2026-04-12 03:00:00,3.52e-06,3.53e-06,3.48e-06,3.49e-06,492911711809.0
2026-04-12 04:00:00,3.48e-06,3.52e-06,3.48e-06,3.5e-06,357457452104.0
2026-04-12 05:00:00,3.5e-06,3.52e-06,3.49e-06,3.52e-06,299785067681.0
2026-04-12 06:00:00,3.52e-06,3.54e-06,3.51e-06,3.51e-06,461220543172.0
2026-04-12 07:00:00,3.52e-06,3.52e-06,3.49e-06,3.5e-06,228058550609.0
2026-04-12 08:00:00,3.5e-06,3.51e-06,3.49e-06,3.51e-06,87586773790.0
2026-04-12 09:00:00,3.51e-06,3.52e-06,3.5e-06,3.5e-06,77230790595.0
2026-04-12 10:00:00,3.51e-06,3.51e-06,3.48e-06,3.49e-06,349819745724.0
2026-04-12 11:00:00,3.49e-06,3.51e-06,3.48e-06,3.5e-06,373798495365.0
2026-04-12 12:00:00,3.5e-06,3.53e-06,3.49e-06,3.5e-06,248785736829.0
2026-04-12 13:00:00,3.49e-06,3.5e-06,3.45e-06,3.46e-06,432204367152.0
2026-04-12 14:00:00,3.45e-06,3.48e-06,3.44e-06,3.45e-06,393058379975.0
2026-04-12 15:00:00,3.45e-06,3.47e-06,3.44e-06,3.45e-06,110061784673.0
2026-04-12 16:00:00,3.45e-06,3.47e-06,3.45e-06,3.47e-06,137552396967.0
2026-04-12 17:00:00,3.47e-06,3.52e-06,3.46e-06,3.51e-06,304381109052.0
2026-04-12 18:00:00,3.51e-06,3.53e-06,3.48e-06,3.49e-06,231854479945.0
2026-04-12 19:00:00,3.49e-06,3.5e-06,3.47e-06,3.47e-06,104793870058.0
2026-04-12 20:00:00,3.47e-06,3.52e-06,3.47e-06,3.5e-06,225541495303.0
2026-04-12 21:00:00,3.5e-06,3.52e-06,3.49e-06,3.51e-06,130871029035.0
2026-04-12 22:00:00,3.51e-06,3.51e-06,3.45e-06,3.48e-06,484195983589.0
2026-04-12 23:00:00,3.47e-06,3.47e-06,3.44e-06,3.47e-06,317520742049.0
2026-04-13 00:00:00,3.47e-06,3.52e-06,3.45e-06,3.5e-06,303409202140.0
2026-04-13 01:00:00,3.5e-06,3.51e-06,3.49e-06,3.5e-06,193122993716.0
2026-04-13 02:00:00,3.51e-06,3.51e-06,3.47e-06,3.47e-06,120247449391.0
2026-04-13 03:00:00,3.48e-06,3.49e-06,3.46e-06,3.48e-06,153567171006.0
2026-04-13 04:00:00,3.49e-06,3.51e-06,3.47e-06,3.48e-06,213742655259.0
2026-04-13 05:00:00,3.48e-06,3.49e-06,3.46e-06,3.48e-06,126096736168.0
2026-04-13 06:00:00,3.49e-06,3.51e-06,3.48e-06,3.48e-06,158105545924.0
2026-04-13 07:00:00,3.48e-06,3.5e-06,3.46e-06,3.46e-06,199444840229.0
2026-04-13 08:00:00,3.47e-06,3.48e-06,3.45e-06,3.47e-06,123940316783.0
2026-04-13 09:00:00,3.48e-06,3.5e-06,3.47e-06,3.47e-06,103523295234.0
2026-04-13 10:00:00,3.48e-06,3.49e-06,3.46e-06,3.47e-06,217996112807.0
2026-04-13 11:00:00,3.48e-06,3.49e-06,3.47e-06,3.49e-06,213588097324.0
2026-04-13 12:00:00,3.49e-06,3.54e-06,3.47e-06,3.53e-06,431367746169.0
2026-04-13 13:00:00,3.52e-06,3.55e-06,3.48e-06,3.54e-06,511694572661.0
2026-04-13 14:00:00,3.54e-06,3.58e-06,3.5e-06,3.57e-06,648843138842.0
2026-04-13 15:00:00,3.58e-06,3.58e-06,3.49e-06,3.53e-06,626619099230.0
2026-04-13 16:00:00,3.53e-06,3.54e-06,3.49e-06,3.53e-06,483289561612.0
2026-04-13 17:00:00,3.52e-06,3.54e-06,3.5e-06,3.51e-06,292958338532.0
2026-04-13 18:00:00,3.51e-06,3.53e-06,3.48e-06,3.52e-06,219530786029.0
2026-04-13 19:00:00,3.52e-06,3.64e-06,3.52e-06,3.63e-06,907111309476.0
2026-04-13 20:00:00,3.62e-06,3.65e-06,3.58e-06,3.58e-06,832338914791.0
2026-04-13 21:00:00,3.58e-06,3.61e-06,3.57e-06,3.6e-06,331974556252.0
2026-04-13 22:00:00,3.6e-06,3.73e-06,3.6e-06,3.7e-06,1611416109374.0
2026-04-13 23:00:00,3.69e-06,3.77e-06,3.67e-06,3.75e-06,1379925549131.0
2026-04-14 00:00:00,3.75e-06,3.78e-06,3.7e-06,3.72e-06,943433613810.0
2026-04-14 01:00:00,3.72e-06,3.77e-06,3.7e-06,3.72e-06,598851896408.0
2026-04-14 02:00:00,3.73e-06,3.73e-06,3.7e-06,3.71e-06,889942812130.0
2026-04-14 03:00:00,3.71e-06,3.73e-06,3.69e-06,3.7e-06,529232849902.0
2026-04-14 04:00:00,3.71e-06,3.73e-06,3.69e-06,3.7e-06,443144385780.0
2026-04-14 05:00:00,3.69e-06,3.7e-06,3.63e-06,3.64e-06,871821647520.0
2026-04-14 06:00:00,3.65e-06,3.67e-06,3.64e-06,3.65e-06,273955828185.0
2026-04-14 07:00:00,3.65e-06,3.68e-06,3.64e-06,3.64e-06,432412164486.0
2026-04-14 08:00:00,3.65e-06,3.69e-06,3.63e-06,3.67e-06,490875904380.0
2026-04-14 09:00:00,3.68e-06,3.72e-06,3.66e-06,3.69e-06,484600001233.0
2026-04-14 10:00:00,3.7e-06,3.75e-06,3.69e-06,3.73e-06,646022418797.0
2026-04-14 11:00:00,3.72e-06,3.75e-06,3.69e-06,3.7e-06,565772231484.0
2026-04-14 12:00:00,3.71e-06,3.71e-06,3.67e-06,3.68e-06,260993555185.0
2026-04-14 13:00:00,3.68e-06,3.78e-06,3.68e-06,3.78e-06,1246062104140.0
2026-04-14 14:00:00,3.77e-06,3.8e-06,3.71e-06,3.71e-06,1326650496668.0
2026-04-14 15:00:00,3.72e-06,3.73e-06,3.66e-06,3.68e-06,788717075476.0
2026-04-14 16:00:00,3.69e-06,3.71e-06,3.64e-06,3.67e-06,646359863539.0
2026-04-14 17:00:00,3.66e-06,3.68e-06,3.62e-06,3.65e-06,553978808297.0
2026-04-14 18:00:00,3.65e-06,3.67e-06,3.56e-06,3.58e-06,711992406062.0
2026-04-14 19:00:00,3.57e-06,3.6e-06,3.55e-06,3.59e-06,303701761442.0
2026-04-14 20:00:00,3.58e-06,3.6e-06,3.57e-06,3.58e-06,247185421708.0
2026-04-14 21:00:00,3.58e-06,3.62e-06,3.58e-06,3.6e-06,260274757830.0
2026-04-14 22:00:00,3.61e-06,3.61e-06,3.56e-06,3.58e-06,496524207847.0
2026-04-14 23:00:00,3.57e-06,3.58e-06,3.56e-06,3.56e-06,286193992849.0
2026-04-15 00:00:00,3.57e-06,3.61e-06,3.56e-06,3.6e-06,488873537615.0
2026-04-15 01:00:00,3.6e-06,3.64e-06,3.59e-06,3.62e-06,313476039860.0
2026-04-15 02:00:00,3.62e-06,3.62e-06,3.57e-06,3.59e-06,311959702380.0
2026-04-15 03:00:00,3.6e-06,3.61e-06,3.58e-06,3.6e-06,192843620681.0
2026-04-15 04:00:00,3.6e-06,3.61e-06,3.58e-06,3.61e-06,305165993379.0
2026-04-15 05:00:00,3.6e-06,3.61e-06,3.56e-06,3.58e-06,572824886018.0
2026-04-15 06:00:00,3.59e-06,3.59e-06,3.54e-06,3.55e-06,147282039030.0
2026-04-15 07:00:00,3.56e-06,3.56e-06,3.52e-06,3.54e-06,482329757789.0
2026-04-15 08:00:00,3.54e-06,3.58e-06,3.54e-06,3.58e-06,362623565853.0
2026-04-15 09:00:00,3.58e-06,3.59e-06,3.56e-06,3.57e-06,165340432917.0
2026-04-15 10:00:00,3.57e-06,3.59e-06,3.54e-06,3.57e-06,387955753843.0
2026-04-15 11:00:00,3.57e-06,3.63e-06,3.57e-06,3.62e-06,267038338186.0
2026-04-15 12:00:00,3.62e-06,3.63e-06,3.6e-06,3.62e-06,273958956085.0
2026-04-15 13:00:00,3.63e-06,3.64e-06,3.59e-06,3.61e-06,481186392610.0
2026-04-15 14:00:00,3.61e-06,3.69e-06,3.6e-06,3.68e-06,649773208131.0
2026-04-15 15:00:00,3.68e-06,3.68e-06,3.62e-06,3.64e-06,768487474262.0
2026-04-15 16:00:00,3.64e-06,3.7e-06,3.64e-06,3.69e-06,655092455021.0
2026-04-15 17:00:00,3.69e-06,3.72e-06,3.66e-06,3.69e-06,592827815230.0
2026-04-15 18:00:00,3.69e-06,3.73e-06,3.68e-06,3.7e-06,573748571126.0
2026-04-15 19:00:00,3.71e-06,3.8e-06,3.7e-06,3.77e-06,1165761320164.0
2026-04-15 20:00:00,3.77e-06,3.78e-06,3.7e-06,3.72e-06,628904579619.0
2026-04-15 21:00:00,3.73e-06,3.74e-06,3.69e-06,3.73e-06,254401742884.0
2026-04-15 22:00:00,3.74e-06,3.78e-06,3.72e-06,3.73e-06,763297677058.0
2026-04-15 23:00:00,3.72e-06,3.73e-06,3.69e-06,3.72e-06,410150687730.0
2026-04-16 00:00:00,3.73e-06,3.75e-06,3.69e-06,3.75e-06,676882961561.0
2026-04-16 01:00:00,3.75e-06,3.77e-06,3.71e-06,3.75e-06,574809836195.0
2026-04-16 02:00:00,3.75e-06,3.95e-06,3.75e-06,3.86e-06,3104501686780.0
2026-04-16 03:00:00,3.87e-06,4.02e-06,3.85e-06,3.97e-06,2691285551368.0
2026-04-16 04:00:00,3.97e-06,4.04e-06,3.94e-06,3.96e-06,2011626631872.0
2026-04-16 05:00:00,3.96e-06,3.99e-06,3.89e-06,3.89e-06,1188112538158.0
2026-04-16 06:00:00,3.9e-06,3.94e-06,3.87e-06,3.91e-06,636529851695.0
2026-04-16 07:00:00,3.91e-06,3.93e-06,3.84e-06,3.86e-06,689056061633.0
2026-04-16 08:00:00,3.87e-06,3.87e-06,3.81e-06,3.81e-06,869819928482.0
2026-04-16 09:00:00,3.81e-06,3.86e-06,3.79e-06,3.8e-06,694279922738.0
2026-04-16 10:00:00,3.8e-06,3.81e-06,3.73e-06,3.76e-06,999126241566.0
2026-04-16 11:00:00,3.77e-06,3.8e-06,3.75e-06,3.78e-06,911119545811.0
2026-04-16 12:00:00,3.77e-06,3.85e-06,3.77e-06,3.85e-06,1089376437652.0
2026-04-16 13:00:00,3.85e-06,3.91e-06,3.73e-06,3.79e-06,1742277689282.0
2026-04-16 14:00:00,3.79e-06,3.8e-06,3.71e-06,3.77e-06,1088401390779.0
2026-04-16 15:00:00,3.77e-06,3.87e-06,3.76e-06,3.86e-06,913997691981.0
2026-04-16 16:00:00,3.87e-06,3.95e-06,3.84e-06,3.88e-06,2284212999268.0
2026-04-16 17:00:00,3.88e-06,3.93e-06,3.86e-06,3.93e-06,1096202314503.0
2026-04-16 18:00:00,3.93e-06,4.02e-06,3.9e-06,4e-06,1446312404816.0
2026-04-16 19:00:00,3.99e-06,4.05e-06,3.99e-06,4.04e-06,1480630501498.0
2026-04-16 20:00:00,4.03e-06,4.06e-06,3.95e-06,4e-06,1055593574990.0
2026-04-16 21:00:00,3.99e-06,4.02e-06,3.92e-06,3.95e-06,713888822455.0
2026-04-16 22:00:00,3.96e-06,3.99e-06,3.95e-06,3.96e-06,549663274141.0
2026-04-16 23:00:00,3.95e-06,3.99e-06,3.94e-06,3.98e-06,465867845633.0
2026-04-17 00:00:00,3.98e-06,4e-06,3.94e-06,3.99e-06,902824408520.0
2026-04-17 01:00:00,3.99e-06,4.04e-06,3.94e-06,3.95e-06,992366064728.0
2026-04-17 02:00:00,3.95e-06,3.97e-06,3.91e-06,3.93e-06,607184149444.0
2026-04-17 03:00:00,3.93e-06,3.95e-06,3.9e-06,3.93e-06,378847745176.0
2026-04-17 04:00:00,3.93e-06,3.95e-06,3.88e-06,3.89e-06,590790786028.0
2026-04-17 05:00:00,3.89e-06,3.9e-06,3.83e-06,3.83e-06,497094035848.0
2026-04-17 06:00:00,3.83e-06,3.89e-06,3.82e-06,3.88e-06,556952458295.0
2026-04-17 07:00:00,3.88e-06,3.9e-06,3.86e-06,3.88e-06,603090569883.0
2026-04-17 08:00:00,3.88e-06,3.93e-06,3.87e-06,3.91e-06,850222580250.0
2026-04-17 09:00:00,3.9e-06,3.98e-06,3.89e-06,3.94e-06,903157435570.0
2026-04-17 10:00:00,3.94e-06,3.95e-06,3.86e-06,3.88e-06,752157252335.0
2026-04-17 11:00:00,3.88e-06,3.96e-06,3.88e-06,3.93e-06,395505033262.0
2026-04-17 12:00:00,3.93e-06,3.99e-06,3.9e-06,3.98e-06,814474378070.0
2026-04-17 13:00:00,3.98e-06,4.07e-06,3.97e-06,4.05e-06,2533446208367.0
2026-04-17 14:00:00,4.05e-06,4.12e-06,4.02e-06,4.08e-06,2241853319232.0
2026-04-17 15:00:00,4.07e-06,4.08e-06,3.99e-06,4.02e-06,1147636738976.0
2026-04-17 16:00:00,4.03e-06,4.12e-06,4.02e-06,4.09e-06,1164688797448.0
2026-04-17 17:00:00,4.09e-06,4.12e-06,4.02e-06,4.08e-06,1255427446359.0
2026-04-17 18:00:00,4.08e-06,4.1e-06,4.02e-06,4.07e-06,760739904893.0
2026-04-17 19:00:00,4.07e-06,4.09e-06,4.03e-06,4.04e-06,629131748514.0
2026-04-17 20:00:00,4.04e-06,4.05e-06,3.97e-06,4.01e-06,806142673178.0
2026-04-17 21:00:00,4.02e-06,4.05e-06,3.98e-06,4e-06,286413572087.0
2026-04-17 22:00:00,4e-06,4.03e-06,3.99e-06,3.99e-06,291336284455.0
2026-04-17 23:00:00,3.99e-06,4e-06,3.94e-06,3.95e-06,532218639879.0
2026-04-18 00:00:00,3.96e-06,3.98e-06,3.92e-06,3.96e-06,517359486508.0
2026-04-18 01:00:00,3.96e-06,3.99e-06,3.94e-06,3.96e-06,371986755055.0
2026-04-18 02:00:00,3.96e-06,3.97e-06,3.92e-06,3.94e-06,270961543460.0
2026-04-18 03:00:00,3.94e-06,3.95e-06,3.91e-06,3.92e-06,364906806219.0
2026-04-18 04:00:00,3.92e-06,3.95e-06,3.91e-06,3.93e-06,383415258211.0
2026-04-18 05:00:00,3.93e-06,3.97e-06,3.93e-06,3.97e-06,316614094318.0
2026-04-18 06:00:00,3.96e-06,3.97e-06,3.93e-06,3.94e-06,281883749399.0
2026-04-18 07:00:00,3.94e-06,3.98e-06,3.93e-06,3.96e-06,401711333809.0
2026-04-18 08:00:00,3.96e-06,3.96e-06,3.87e-06,3.89e-06,977134217182.0
2026-04-18 09:00:00,3.89e-06,3.91e-06,3.85e-06,3.89e-06,461625746875.0
2026-04-18 10:00:00,3.9e-06,3.9e-06,3.85e-06,3.85e-06,518400205912.0
2026-04-18 11:00:00,3.86e-06,3.86e-06,3.79e-06,3.83e-06,1092138334012.0
2026-04-18 12:00:00,3.82e-06,3.84e-06,3.8e-06,3.84e-06,794447388203.0
2026-04-18 13:00:00,3.84e-06,3.85e-06,3.79e-06,3.82e-06,586846017154.0
2026-04-18 14:00:00,3.81e-06,3.84e-06,3.8e-06,3.83e-06,309670630210.0
2026-04-18 15:00:00,3.83e-06,3.85e-06,3.81e-06,3.82e-06,488409210342.0
2026-04-18 16:00:00,3.82e-06,3.83e-06,3.77e-06,3.8e-06,667972213356.0
2026-04-18 17:00:00,3.79e-06,3.81e-06,3.78e-06,3.79e-06,281808247946.0
2026-04-18 18:00:00,3.8e-06,3.8e-06,3.75e-06,3.76e-06,375026209399.0
2026-04-18 19:00:00,3.77e-06,3.8e-06,3.76e-06,3.78e-06,278827061967.0
2026-04-18 20:00:00,3.78e-06,3.8e-06,3.76e-06,3.79e-06,291145408461.0
2026-04-18 21:00:00,3.79e-06,3.81e-06,3.77e-06,3.8e-06,173875840274.0
2026-04-18 22:00:00,3.8e-06,3.81e-06,3.78e-06,3.81e-06,103679799994.0
2026-04-18 23:00:00,3.81e-06,3.82e-06,3.77e-06,3.77e-06,193169088552.0
2026-04-19 00:00:00,3.78e-06,3.79e-06,3.75e-06,3.78e-06,503392385265.0
2026-04-19 01:00:00,3.78e-06,3.8e-06,3.76e-06,3.77e-06,260931626368.0
2026-04-19 02:00:00,3.77e-06,3.79e-06,3.73e-06,3.76e-06,434263384977.0
2026-04-19 03:00:00,3.76e-06,3.79e-06,3.74e-06,3.76e-06,299874046499.0
2026-04-19 04:00:00,3.77e-06,3.78e-06,3.74e-06,3.75e-06,281206234012.0
2026-04-19 05:00:00,3.75e-06,3.8e-06,3.75e-06,3.77e-06,234319198910.0
2026-04-19 06:00:00,3.76e-06,3.81e-06,3.75e-06,3.78e-06,253308012474.0
2026-04-19 07:00:00,3.78e-06,3.79e-06,3.72e-06,3.76e-06,605781265680.0
2026-04-19 08:00:00,3.76e-06,3.77e-06,3.74e-06,3.74e-06,262182696017.0
2026-04-19 09:00:00,3.75e-06,3.75e-06,3.71e-06,3.73e-06,359631648880.0
2026-04-19 10:00:00,3.73e-06,3.73e-06,3.71e-06,3.71e-06,225091375986.0
2026-04-19 11:00:00,3.71e-06,3.76e-06,3.71e-06,3.75e-06,428787651438.0
2026-04-19 12:00:00,3.75e-06,3.8e-06,3.74e-06,3.77e-06,436606587060.0
2026-04-19 13:00:00,3.77e-06,3.82e-06,3.73e-06,3.79e-06,869997012869.0
2026-04-19 14:00:00,3.8e-06,3.85e-06,3.78e-06,3.8e-06,508238561544.0
2026-04-19 15:00:00,3.8e-06,3.8e-06,3.72e-06,3.8e-06,718664542938.0
2026-04-19 16:00:00,3.81e-06,3.83e-06,3.72e-06,3.75e-06,733003124194.0
2026-04-19 17:00:00,3.74e-06,3.77e-06,3.68e-06,3.7e-06,630465276573.0
2026-04-19 18:00:00,3.69e-06,3.73e-06,3.68e-06,3.72e-06,493099702747.0
2026-04-19 19:00:00,3.72e-06,3.75e-06,3.71e-06,3.74e-06,264247003893.0
2026-04-19 20:00:00,3.74e-06,3.74e-06,3.69e-06,3.71e-06,273705333951.0
2026-04-19 21:00:00,3.7e-06,3.73e-06,3.68e-06,3.69e-06,218319655646.0
2026-04-19 22:00:00,3.69e-06,3.69e-06,3.62e-06,3.66e-06,853195907420.0
2026-04-19 23:00:00,3.65e-06,3.66e-06,3.62e-06,3.65e-06,289323305481.0
2026-04-20 00:00:00,3.66e-06,3.71e-06,3.64e-06,3.69e-06,444863938023.0
2026-04-20 01:00:00,3.69e-06,3.72e-06,3.68e-06,3.7e-06,269368775646.0
2026-04-20 02:00:00,3.7e-06,3.72e-06,3.67e-06,3.69e-06,207634463186.0
2026-04-20 03:00:00,3.69e-06,3.72e-06,3.68e-06,3.7e-06,209013517006.0
2026-04-20 04:00:00,3.7e-06,3.74e-06,3.69e-06,3.74e-06,217044979412.0
2026-04-20 05:00:00,3.73e-06,3.74e-06,3.67e-06,3.69e-06,227211752614.0
2026-04-20 06:00:00,3.69e-06,3.74e-06,3.69e-06,3.71e-06,239179784161.0
2026-04-20 07:00:00,3.72e-06,3.8e-06,3.71e-06,3.75e-06,613694840983.0
2026-04-20 08:00:00,3.75e-06,3.76e-06,3.72e-06,3.73e-06,419744936241.0
2026-04-20 09:00:00,3.74e-06,3.78e-06,3.72e-06,3.76e-06,289595289758.0
2026-04-20 10:00:00,3.76e-06,3.8e-06,3.75e-06,3.76e-06,247130709835.0
2026-04-20 11:00:00,3.77e-06,3.78e-06,3.75e-06,3.76e-06,266187619989.0
2026-04-20 12:00:00,3.76e-06,3.78e-06,3.74e-06,3.77e-06,304885931723.0
2026-04-20 13:00:00,3.77e-06,3.78e-06,3.73e-06,3.78e-06,449799055680.0
2026-04-20 14:00:00,3.78e-06,3.8e-06,3.72e-06,3.74e-06,594830888274.0
2026-04-20 15:00:00,3.74e-06,3.8e-06,3.71e-06,3.78e-06,677117336666.0
2026-04-20 16:00:00,3.79e-06,3.79e-06,3.74e-06,3.74e-06,304006118345.0
2026-04-20 17:00:00,3.75e-06,3.8e-06,3.74e-06,3.79e-06,381425793414.0
2026-04-20 18:00:00,3.79e-06,3.85e-06,3.79e-06,3.84e-06,640492121293.0
2026-04-20 19:00:00,3.83e-06,3.84e-06,3.79e-06,3.8e-06,336683109982.0
2026-04-20 20:00:00,3.8e-06,3.83e-06,3.78e-06,3.82e-06,248451136015.0
2026-04-20 21:00:00,3.81e-06,3.83e-06,3.78e-06,3.79e-06,249129476787.0
2026-04-20 22:00:00,3.8e-06,3.8e-06,3.77e-06,3.78e-06,193936750875.0
2026-04-20 23:00:00,3.77e-06,3.77e-06,3.74e-06,3.76e-06,276381895971.0
2026-04-21 00:00:00,3.76e-06,3.77e-06,3.75e-06,3.76e-06,258459498324.0
2026-04-21 01:00:00,3.77e-06,3.78e-06,3.74e-06,3.74e-06,209167240231.0
2026-04-21 02:00:00,3.75e-06,3.76e-06,3.73e-06,3.74e-06,236638271313.0
2026-04-21 03:00:00,3.74e-06,3.76e-06,3.73e-06,3.74e-06,179849376026.0
2026-04-21 04:00:00,3.74e-06,3.78e-06,3.73e-06,3.77e-06,373715190982.0
2026-04-21 05:00:00,3.76e-06,3.8e-06,3.76e-06,3.78e-06,222692862964.0
2026-04-21 06:00:00,3.78e-06,3.81e-06,3.76e-06,3.79e-06,264844387662.0
2026-04-21 07:00:00,3.78e-06,3.8e-06,3.76e-06,3.77e-06,255734053406.0
2026-04-21 08:00:00,3.78e-06,3.83e-06,3.77e-06,3.8e-06,322014346681.0
2026-04-21 09:00:00,3.79e-06,3.83e-06,3.78e-06,3.82e-06,368992340061.0
2026-04-21 10:00:00,3.81e-06,3.84e-06,3.8e-06,3.83e-06,326622619562.0
2026-04-21 11:00:00,3.83e-06,3.84e-06,3.8e-06,3.81e-06,422494370135.0
2026-04-21 12:00:00,3.81e-06,3.81e-06,3.75e-06,3.77e-06,468457723414.0
2026-04-21 13:00:00,3.78e-06,3.78e-06,3.75e-06,3.78e-06,305815055650.0
2026-04-21 14:00:00,3.77e-06,3.83e-06,3.76e-06,3.77e-06,532767721150.0
2026-04-21 15:00:00,3.77e-06,3.8e-06,3.75e-06,3.78e-06,414759835760.0
2026-04-21 16:00:00,3.79e-06,3.82e-06,3.76e-06,3.77e-06,431128903273.0
2026-04-21 17:00:00,3.76e-06,3.78e-06,3.7e-06,3.74e-06,828883535935.0
2026-04-21 18:00:00,3.75e-06,3.76e-06,3.72e-06,3.75e-06,332024314648.0
2026-04-21 19:00:00,3.75e-06,3.78e-06,3.7e-06,3.72e-06,503098059766.0
2026-04-21 20:00:00,3.72e-06,3.8e-06,3.71e-06,3.77e-06,625980749123.0
2026-04-21 21:00:00,3.77e-06,3.78e-06,3.75e-06,3.77e-06,137554148439.0
2026-04-21 22:00:00,3.77e-06,3.78e-06,3.74e-06,3.76e-06,340823142632.0
2026-04-21 23:00:00,3.77e-06,3.83e-06,3.76e-06,3.81e-06,573203393739.0
2026-04-22 00:00:00,3.82e-06,3.83e-06,3.8e-06,3.82e-06,244786950814.0
2026-04-22 01:00:00,3.81e-06,3.82e-06,3.79e-06,3.79e-06,193743683374.0
2026-04-22 02:00:00,3.8e-06,3.93e-06,3.78e-06,3.91e-06,1518336883109.0
2026-04-22 03:00:00,3.92e-06,3.95e-06,3.86e-06,3.86e-06,943039886366.0
2026-04-22 04:00:00,3.87e-06,3.89e-06,3.85e-06,3.87e-06,364156400520.0
2026-04-22 05:00:00,3.88e-06,3.94e-06,3.87e-06,3.9e-06,913325109098.0
2026-04-22 06:00:00,3.89e-06,3.9e-06,3.86e-06,3.89e-06,384576272954.0
2026-04-22 07:00:00,3.89e-06,3.9e-06,3.87e-06,3.89e-06,308228204943.0
2026-04-22 08:00:00,3.89e-06,3.92e-06,3.88e-06,3.9e-06,298620047131.0
2026-04-22 09:00:00,3.9e-06,3.92e-06,3.89e-06,3.89e-06,300958356472.0
2026-04-22 10:00:00,3.89e-06,3.96e-06,3.87e-06,3.96e-06,571103969719.0
2026-04-22 11:00:00,3.95e-06,3.99e-06,3.91e-06,3.95e-06,741266121783.0
2026-04-22 12:00:00,3.94e-06,3.97e-06,3.9e-06,3.91e-06,439868451908.0
2026-04-22 13:00:00,3.92e-06,3.95e-06,3.89e-06,3.92e-06,532577482086.0
2026-04-22 14:00:00,3.92e-06,3.95e-06,3.9e-06,3.93e-06,667367833219.0
2026-04-22 15:00:00,3.93e-06,3.96e-06,3.9e-06,3.94e-06,611117198629.0
2026-04-22 16:00:00,3.93e-06,3.96e-06,3.88e-06,3.89e-06,555535479696.0
2026-04-22 17:00:00,3.9e-06,3.93e-06,3.88e-06,3.9e-06,309801486738.0
2026-04-22 18:00:00,3.9e-06,3.93e-06,3.89e-06,3.9e-06,142228762970.0
2026-04-22 19:00:00,3.9e-06,3.9e-06,3.84e-06,3.86e-06,330457094890.0
2026-04-22 20:00:00,3.86e-06,3.87e-06,3.83e-06,3.83e-06,197295478186.0
2026-04-22 21:00:00,3.84e-06,3.88e-06,3.83e-06,3.87e-06,159089482838.0
2026-04-22 22:00:00,3.86e-06,3.87e-06,3.83e-06,3.84e-06,270896154023.0
2026-04-22 23:00:00,3.85e-06,3.85e-06,3.78e-06,3.79e-06,486500928986.0
2026-04-23 00:00:00,3.8e-06,3.81e-06,3.73e-06,3.8e-06,803709680242.0
2026-04-23 01:00:00,3.81e-06,3.81e-06,3.77e-06,3.79e-06,272378364095.0
2026-04-23 02:00:00,3.8e-06,3.81e-06,3.75e-06,3.77e-06,440447409583.0
2026-04-23 03:00:00,3.77e-06,3.78e-06,3.72e-06,3.75e-06,527277013446.0
2026-04-23 04:00:00,3.76e-06,3.77e-06,3.74e-06,3.77e-06,292045322235.0
2026-04-23 05:00:00,3.76e-06,3.79e-06,3.75e-06,3.78e-06,291720613150.0
2026-04-23 06:00:00,3.78e-06,3.83e-06,3.77e-06,3.81e-06,366290655008.0
2026-04-23 07:00:00,3.81e-06,3.83e-06,3.79e-06,3.8e-06,215222929993.0
2026-04-23 08:00:00,3.79e-06,3.81e-06,3.77e-06,3.79e-06,211764967396.0
2026-04-23 09:00:00,3.79e-06,3.79e-06,3.73e-06,3.76e-06,746308043475.0
2026-04-23 10:00:00,3.76e-06,3.76e-06,3.73e-06,3.75e-06,420217502572.0
2026-04-23 11:00:00,3.75e-06,3.79e-06,3.75e-06,3.78e-06,363620700591.0
2026-04-23 12:00:00,3.78e-06,3.8e-06,3.77e-06,3.78e-06,243902125973.0
2026-04-23 13:00:00,3.79e-06,3.8e-06,3.77e-06,3.79e-06,361955960264.0
2026-04-23 14:00:00,3.78e-06,3.82e-06,3.77e-06,3.82e-06,360397736724.0
2026-04-23 15:00:00,3.82e-06,3.85e-06,3.8e-06,3.83e-06,510430565025.0
2026-04-23 16:00:00,3.83e-06,3.85e-06,3.79e-06,3.8e-06,283859795306.0
2026-04-23 17:00:00,3.8e-06,3.81e-06,3.7e-06,3.75e-06,1233383471459.0
2026-04-23 18:00:00,3.76e-06,3.78e-06,3.75e-06,3.75e-06,380447125731.0
2026-04-23 19:00:00,3.75e-06,3.79e-06,3.74e-06,3.77e-06,341072140168.0
2026-04-23 20:00:00,3.77e-06,3.82e-06,3.76e-06,3.79e-06,281206691114.0
2026-04-23 21:00:00,3.79e-06,3.83e-06,3.79e-06,3.81e-06,237505757716.0
2026-04-23 22:00:00,3.81e-06,3.84e-06,3.81e-06,3.82e-06,216558063333.0
2026-04-23 23:00:00,3.81e-06,3.84e-06,3.8e-06,3.82e-06,283378691680.0
2026-04-24 00:00:00,3.83e-06,3.87e-06,3.82e-06,3.87e-06,449813771153.0
2026-04-24 01:00:00,3.87e-06,3.88e-06,3.83e-06,3.87e-06,405944029804.0
2026-04-24 02:00:00,3.88e-06,3.89e-06,3.83e-06,3.84e-06,340756333434.0
2026-04-24 03:00:00,3.84e-06,3.85e-06,3.8e-06,3.83e-06,327651503869.0
2026-04-24 04:00:00,3.83e-06,3.84e-06,3.8e-06,3.82e-06,238349955597.0
2026-04-24 05:00:00,3.81e-06,3.85e-06,3.79e-06,3.83e-06,285239338047.0
2026-04-24 06:00:00,3.83e-06,3.86e-06,3.83e-06,3.83e-06,186143258961.0
2026-04-24 07:00:00,3.84e-06,3.86e-06,3.81e-06,3.83e-06,301268776522.0
2026-04-24 08:00:00,3.83e-06,3.85e-06,3.82e-06,3.84e-06,183771662843.0
2026-04-24 09:00:00,3.83e-06,3.84e-06,3.79e-06,3.8e-06,287766126357.0
2026-04-24 10:00:00,3.81e-06,3.85e-06,3.79e-06,3.84e-06,271356430761.0
2026-04-24 11:00:00,3.84e-06,3.87e-06,3.83e-06,3.86e-06,390746231516.0
2026-04-24 12:00:00,3.86e-06,3.89e-06,3.85e-06,3.86e-06,569728634502.0
2026-04-24 13:00:00,3.86e-06,3.89e-06,3.83e-06,3.84e-06,626090621094.0
2026-04-24 14:00:00,3.84e-06,3.86e-06,3.82e-06,3.85e-06,454272280093.0
2026-04-24 15:00:00,3.85e-06,3.89e-06,3.81e-06,3.89e-06,520632642383.0
2026-04-24 16:00:00,3.89e-06,3.9e-06,3.85e-06,3.87e-06,374955487925.0
2026-04-24 17:00:00,3.87e-06,3.89e-06,3.85e-06,3.88e-06,388208281263.0
2026-04-24 18:00:00,3.89e-06,3.89e-06,3.85e-06,3.89e-06,198969026703.0
2026-04-24 19:00:00,3.88e-06,3.91e-06,3.87e-06,3.88e-06,248094074275.0
2026-04-24 20:00:00,3.89e-06,3.92e-06,3.85e-06,3.91e-06,362849022431.0
2026-04-24 21:00:00,3.91e-06,3.93e-06,3.88e-06,3.89e-06,295063060095.0
2026-04-24 22:00:00,3.9e-06,3.9e-06,3.85e-06,3.86e-06,246242332633.0
2026-04-24 23:00:00,3.86e-06,3.87e-06,3.85e-06,3.87e-06,83756115858.0
2026-04-25 00:00:00,3.87e-06,3.88e-06,3.85e-06,3.87e-06,134255748745.0
2026-04-25 01:00:00,3.88e-06,3.9e-06,3.87e-06,3.88e-06,245556844484.0
2026-04-25 02:00:00,3.88e-06,3.9e-06,3.87e-06,3.88e-06,161862084359.0
2026-04-25 03:00:00,3.88e-06,3.9e-06,3.87e-06,3.88e-06,143784890689.0
2026-04-25 04:00:00,3.89e-06,3.9e-06,3.87e-06,3.87e-06,120579424263.0
2026-04-25 05:00:00,3.88e-06,3.89e-06,3.86e-06,3.88e-06,142849682146.0
2026-04-25 06:00:00,3.88e-06,3.9e-06,3.86e-06,3.87e-06,108923103878.0
2026-04-25 07:00:00,3.86e-06,3.88e-06,3.85e-06,3.86e-06,187676007052.0
2026-04-25 08:00:00,3.86e-06,3.88e-06,3.85e-06,3.87e-06,138128108739.0
2026-04-25 09:00:00,3.87e-06,3.89e-06,3.86e-06,3.89e-06,218976035546.0
2026-04-25 10:00:00,3.88e-06,3.9e-06,3.87e-06,3.88e-06,187947225582.0
2026-04-25 11:00:00,3.88e-06,3.88e-06,3.83e-06,3.84e-06,411322197324.0
2026-04-25 12:00:00,3.84e-06,3.85e-06,3.82e-06,3.83e-06,313870349880.0
2026-04-25 13:00:00,3.83e-06,3.86e-06,3.83e-06,3.86e-06,295302061563.0
2026-04-25 14:00:00,3.85e-06,3.86e-06,3.83e-06,3.83e-06,195196611887.0
2026-04-25 15:00:00,3.83e-06,3.86e-06,3.81e-06,3.82e-06,350007975327.0
2026-04-25 16:00:00,3.82e-06,3.84e-06,3.79e-06,3.82e-06,421454839373.0
2026-04-25 17:00:00,3.81e-06,3.83e-06,3.78e-06,3.81e-06,393902419865.0
2026-04-25 18:00:00,3.81e-06,3.83e-06,3.8e-06,3.81e-06,104435523018.0
2026-04-25 19:00:00,3.82e-06,3.82e-06,3.8e-06,3.82e-06,58213205390.0
2026-04-25 20:00:00,3.82e-06,3.83e-06,3.8e-06,3.82e-06,132858254466.0
2026-04-25 21:00:00,3.83e-06,3.84e-06,3.82e-06,3.83e-06,50909876105.0
2026-04-25 22:00:00,3.84e-06,3.85e-06,3.83e-06,3.84e-06,104488881544.0
2026-04-25 23:00:00,3.84e-06,3.86e-06,3.83e-06,3.85e-06,152894536432.0
2026-04-26 00:00:00,3.85e-06,3.86e-06,3.82e-06,3.83e-06,278341268659.0
2026-04-26 01:00:00,3.84e-06,3.84e-06,3.81e-06,3.82e-06,95945818579.0
2026-04-26 02:00:00,3.82e-06,3.85e-06,3.81e-06,3.83e-06,259274978765.0
2026-04-26 03:00:00,3.83e-06,3.87e-06,3.82e-06,3.84e-06,198167566224.0
2026-04-26 04:00:00,3.84e-06,3.86e-06,3.82e-06,3.84e-06,190519670745.0
2026-04-26 05:00:00,3.84e-06,3.89e-06,3.84e-06,3.86e-06,508275941370.0
2026-04-26 06:00:00,3.86e-06,3.91e-06,3.86e-06,3.89e-06,472185231545.0
2026-04-26 07:00:00,3.89e-06,3.91e-06,3.87e-06,3.89e-06,213620759608.0
2026-04-26 08:00:00,3.9e-06,3.9e-06,3.87e-06,3.89e-06,221500521837.0
2026-04-26 09:00:00,3.88e-06,3.9e-06,3.88e-06,3.9e-06,139418628799.0
2026-04-26 10:00:00,3.89e-06,3.91e-06,3.88e-06,3.9e-06,326220788763.0
2026-04-26 11:00:00,3.9e-06,3.95e-06,3.89e-06,3.94e-06,590280097305.0
2026-04-26 12:00:00,3.94e-06,3.95e-06,3.89e-06,3.89e-06,385458707221.0
2026-04-26 13:00:00,3.9e-06,3.91e-06,3.88e-06,3.89e-06,156752194052.0
2026-04-26 14:00:00,3.88e-06,3.93e-06,3.88e-06,3.92e-06,195219882494.0
2026-04-26 15:00:00,3.92e-06,3.93e-06,3.9e-06,3.93e-06,198012217323.0
2026-04-26 16:00:00,3.93e-06,3.93e-06,3.89e-06,3.9e-06,164875925099.0
2026-04-26 17:00:00,3.89e-06,3.92e-06,3.88e-06,3.91e-06,399358523328.0
2026-04-26 18:00:00,3.9e-06,3.92e-06,3.89e-06,3.91e-06,291513666831.0
2026-04-26 19:00:00,3.91e-06,3.94e-06,3.9e-06,3.92e-06,370246742281.0
2026-04-26 20:00:00,3.92e-06,3.94e-06,3.9e-06,3.92e-06,287474709592.0
2026-04-26 21:00:00,3.92e-06,3.93e-06,3.85e-06,3.91e-06,533411321690.0
2026-04-26 22:00:00,3.9e-06,3.92e-06,3.87e-06,3.89e-06,373128208894.0
2026-04-26 23:00:00,3.89e-06,3.92e-06,3.87e-06,3.9e-06,235604466107.0
2026-04-27 00:00:00,3.9e-06,3.94e-06,3.88e-06,3.94e-06,387153792121.0
2026-04-27 01:00:00,3.94e-06,3.98e-06,3.93e-06,3.97e-06,566986134502.0
2026-04-27 02:00:00,3.98e-06,4.02e-06,3.95e-06,3.99e-06,612362628023.0
2026-04-27 03:00:00,4e-06,4.03e-06,3.99e-06,4e-06,604256966355.0
2026-04-27 04:00:00,3.99e-06,4.01e-06,3.96e-06,3.98e-06,273227326569.0
2026-04-27 05:00:00,3.97e-06,3.98e-06,3.83e-06,3.86e-06,1501310131973.0
2026-04-27 06:00:00,3.85e-06,3.86e-06,3.81e-06,3.83e-06,945308312893.0
2026-04-27 07:00:00,3.83e-06,3.85e-06,3.81e-06,3.83e-06,542023989454.0
2026-04-27 08:00:00,3.83e-06,3.85e-06,3.81e-06,3.85e-06,348721908675.0
2026-04-27 09:00:00,3.84e-06,3.85e-06,3.83e-06,3.85e-06,204041874716.0
2026-04-27 10:00:00,3.84e-06,3.85e-06,3.83e-06,3.85e-06,229900889710.0
2026-04-27 11:00:00,3.84e-06,3.86e-06,3.82e-06,3.85e-06,156125861163.0
2026-04-27 12:00:00,3.86e-06,3.86e-06,3.83e-06,3.83e-06,168572967253.0
2026-04-27 13:00:00,3.83e-06,3.86e-06,3.82e-06,3.85e-06,244813151086.0
2026-04-27 14:00:00,3.85e-06,3.91e-06,3.84e-06,3.88e-06,535321368419.0
2026-04-27 15:00:00,3.87e-06,3.88e-06,3.76e-06,3.8e-06,1497553206985.0
2026-04-27 16:00:00,3.8e-06,3.81e-06,3.77e-06,3.78e-06,530111746115.0
2026-04-27 17:00:00,3.77e-06,3.83e-06,3.77e-06,3.81e-06,336944835869.0
2026-04-27 18:00:00,3.82e-06,3.84e-06,3.8e-06,3.82e-06,177154547646.0
2026-04-27 19:00:00,3.83e-06,3.84e-06,3.78e-06,3.82e-06,224630508729.0
2026-04-27 20:00:00,3.82e-06,3.84e-06,3.81e-06,3.82e-06,131390308203.0
2026-04-27 21:00:00,3.82e-06,3.84e-06,3.82e-06,3.83e-06,149389608515.0
2026-04-27 22:00:00,3.83e-06,3.88e-06,3.82e-06,3.88e-06,293169980388.0
2026-04-27 23:00:00,3.88e-06,3.92e-06,3.87e-06,3.91e-06,567284714106.0
2026-04-28 00:00:00,3.91e-06,3.91e-06,3.87e-06,3.9e-06,357461775283.0
2026-04-28 01:00:00,3.9e-06,3.91e-06,3.88e-06,3.89e-06,267163449456.0
2026-04-28 02:00:00,3.89e-06,3.9e-06,3.85e-06,3.86e-06,264900387809.0
2026-04-28 03:00:00,3.86e-06,3.88e-06,3.85e-06,3.87e-06,132662399538.0
2026-04-28 04:00:00,3.87e-06,3.9e-06,3.85e-06,3.88e-06,188720682344.0
2026-04-28 05:00:00,3.88e-06,3.91e-06,3.87e-06,3.89e-06,424515286572.0
2026-04-28 06:00:00,3.89e-06,3.91e-06,3.84e-06,3.86e-06,339544826003.0
2026-04-28 07:00:00,3.85e-06,3.86e-06,3.82e-06,3.86e-06,287585680243.0
2026-04-28 08:00:00,3.86e-06,3.89e-06,3.84e-06,3.87e-06,237980682659.0
2026-04-28 09:00:00,3.87e-06,3.88e-06,3.83e-06,3.85e-06,284395736073.0
2026-04-28 10:00:00,3.86e-06,3.87e-06,3.83e-06,3.85e-06,168118927233.0
2026-04-28 11:00:00,3.85e-06,3.85e-06,3.81e-06,3.83e-06,460351083642.0
2026-04-28 12:00:00,3.83e-06,3.85e-06,3.82e-06,3.84e-06,330839903781.0
2026-04-28 13:00:00,3.85e-06,3.88e-06,3.81e-06,3.85e-06,568650055357.0
2026-04-28 14:00:00,3.86e-06,3.87e-06,3.82e-06,3.86e-06,345677806622.0
2026-04-28 15:00:00,3.87e-06,3.88e-06,3.84e-06,3.88e-06,432635762919.0
2026-04-28 16:00:00,3.87e-06,3.88e-06,3.84e-06,3.86e-06,424758261089.0
2026-04-28 17:00:00,3.86e-06,3.88e-06,3.83e-06,3.86e-06,201890457973.0
2026-04-28 18:00:00,3.87e-06,3.9e-06,3.86e-06,3.9e-06,385485623434.0
2026-04-28 19:00:00,3.89e-06,3.91e-06,3.88e-06,3.89e-06,353075709266.0
2026-04-28 20:00:00,3.9e-06,3.91e-06,3.88e-06,3.89e-06,125535124923.0
2026-04-28 21:00:00,3.9e-06,3.91e-06,3.87e-06,3.89e-06,193601434065.0
2026-04-28 22:00:00,3.89e-06,3.91e-06,3.87e-06,3.87e-06,157655579979.0
2026-04-28 23:00:00,3.88e-06,3.89e-06,3.86e-06,3.88e-06,269914182338.0
2026-04-29 00:00:00,3.87e-06,3.9e-06,3.87e-06,3.89e-06,270642286954.0
2026-04-29 01:00:00,3.88e-06,3.89e-06,3.86e-06,3.88e-06,214089219940.0
2026-04-29 02:00:00,3.88e-06,3.9e-06,3.86e-06,3.87e-06,126225258500.0
2026-04-29 03:00:00,3.88e-06,3.92e-06,3.87e-06,3.91e-06,386855348071.0
2026-04-29 04:00:00,3.91e-06,3.95e-06,3.9e-06,3.94e-06,616784817832.0
2026-04-29 05:00:00,3.94e-06,3.95e-06,3.92e-06,3.92e-06,284413998797.0
2026-04-29 06:00:00,3.92e-06,3.94e-06,3.89e-06,3.91e-06,310920801222.0
2026-04-29 07:00:00,3.91e-06,3.96e-06,3.89e-06,3.94e-06,527454647211.0
2026-04-29 08:00:00,3.94e-06,3.97e-06,3.93e-06,3.94e-06,537761599348.0
2026-04-29 09:00:00,3.94e-06,4.06e-06,3.93e-06,4.05e-06,2050761054761.0
2026-04-29 10:00:00,4.04e-06,4.17e-06,4.04e-06,4.11e-06,3032225499119.0
2026-04-29 11:00:00,4.12e-06,4.15e-06,4.08e-06,4.11e-06,1246569975385.0
2026-04-29 12:00:00,4.11e-06,4.12e-06,3.95e-06,3.96e-06,1809227073715.0
2026-04-29 13:00:00,3.96e-06,3.98e-06,3.87e-06,3.91e-06,1188439046159.0
2026-04-29 14:00:00,3.91e-06,3.91e-06,3.86e-06,3.88e-06,724138276550.0
2026-04-29 15:00:00,3.88e-06,3.89e-06,3.81e-06,3.82e-06,1476441059397.0
2026-04-29 16:00:00,3.81e-06,3.85e-06,3.8e-06,3.83e-06,659589315234.0
2026-04-29 17:00:00,3.84e-06,3.88e-06,3.83e-06,3.88e-06,484917578157.0
2026-04-29 18:00:00,3.88e-06,3.89e-06,3.74e-06,3.82e-06,2105020513012.0
2026-04-29 19:00:00,3.82e-06,3.82e-06,3.78e-06,3.81e-06,306391839957.0
2026-04-29 20:00:00,3.81e-06,3.84e-06,3.79e-06,3.83e-06,398109523374.0
2026-04-29 21:00:00,3.82e-06,3.87e-06,3.82e-06,3.84e-06,318570184778.0
2026-04-29 22:00:00,3.84e-06,3.86e-06,3.83e-06,3.85e-06,162535760833.0
2026-04-29 23:00:00,3.85e-06,3.86e-06,3.83e-06,3.85e-06,172932461317.0
2026-04-30 00:00:00,3.86e-06,3.93e-06,3.84e-06,3.93e-06,697341400674.0
2026-04-30 01:00:00,3.93e-06,3.95e-06,3.89e-06,3.91e-06,683586625372.0
2026-04-30 02:00:00,3.92e-06,3.93e-06,3.81e-06,3.84e-06,697245142446.0
2026-04-30 03:00:00,3.83e-06,3.88e-06,3.83e-06,3.86e-06,405934803858.0
2026-04-30 04:00:00,3.86e-06,3.86e-06,3.8e-06,3.82e-06,362204168151.0
2026-04-30 05:00:00,3.82e-06,3.85e-06,3.8e-06,3.84e-06,328947938669.0
2026-04-30 06:00:00,3.84e-06,3.88e-06,3.82e-06,3.88e-06,233114070891.0
2026-04-30 07:00:00,3.87e-06,3.93e-06,3.87e-06,3.9e-06,682668387275.0
2026-04-30 08:00:00,3.91e-06,3.92e-06,3.88e-06,3.9e-06,406758938144.0
2026-04-30 09:00:00,3.89e-06,3.95e-06,3.89e-06,3.93e-06,1047043964144.0
2026-04-30 10:00:00,3.93e-06,3.95e-06,3.9e-06,3.91e-06,476741401975.0
2026-04-30 11:00:00,3.91e-06,3.94e-06,3.88e-06,3.89e-06,417409393784.0
2026-04-30 12:00:00,3.89e-06,3.92e-06,3.87e-06,3.87e-06,282918812020.0
2026-04-30 13:00:00,3.88e-06,3.89e-06,3.85e-06,3.87e-06,426653224998.0
2026-04-30 14:00:00,3.87e-06,3.89e-06,3.83e-06,3.87e-06,482178321252.0
2026-04-30 15:00:00,3.87e-06,3.91e-06,3.85e-06,3.89e-06,389430479639.0
2026-04-30 16:00:00,3.9e-06,3.9e-06,3.87e-06,3.88e-06,218332441679.0
2026-04-30 17:00:00,3.87e-06,3.89e-06,3.86e-06,3.88e-06,131665024636.0
2026-04-30 18:00:00,3.88e-06,3.9e-06,3.86e-06,3.88e-06,150844428081.0
2026-04-30 19:00:00,3.88e-06,3.9e-06,3.87e-06,3.89e-06,101450042127.0
2026-04-30 20:00:00,3.89e-06,3.89e-06,3.87e-06,3.88e-06,166156591809.0
2026-04-30 21:00:00,3.88e-06,3.89e-06,3.86e-06,3.86e-06,132674529121.0
2026-04-30 22:00:00,3.86e-06,3.88e-06,3.85e-06,3.86e-06,201891188721.0
2026-04-30 23:00:00,3.86e-06,3.89e-06,3.85e-06,3.88e-06,284664479026.0
2026-05-01 00:00:00,3.88e-06,3.91e-06,3.87e-06,3.88e-06,240564797361.0
2026-05-01 01:00:00,3.88e-06,3.93e-06,3.88e-06,3.93e-06,267109055651.0
2026-05-01 02:00:00,3.92e-06,3.94e-06,3.9e-06,3.93e-06,375696920713.0
2026-05-01 03:00:00,3.93e-06,3.99e-06,3.92e-06,3.94e-06,826645651950.0
2026-05-01 04:00:00,3.95e-06,3.97e-06,3.93e-06,3.96e-06,394263191798.0
2026-05-01 05:00:00,3.96e-06,3.98e-06,3.93e-06,3.95e-06,290976894169.0
2026-05-01 06:00:00,3.95e-06,3.96e-06,3.91e-06,3.92e-06,316072189042.0
2026-05-01 07:00:00,3.92e-06,3.94e-06,3.9e-06,3.93e-06,234639031373.0
2026-05-01 08:00:00,3.93e-06,3.95e-06,3.92e-06,3.94e-06,134790232665.0
2026-05-01 09:00:00,3.94e-06,3.94e-06,3.9e-06,3.91e-06,155609280621.0
2026-05-01 10:00:00,3.91e-06,3.93e-06,3.89e-06,3.93e-06,134589124682.0
2026-05-01 11:00:00,3.93e-06,3.94e-06,3.91e-06,3.93e-06,197590869311.0
2026-05-01 12:00:00,3.93e-06,3.97e-06,3.92e-06,3.96e-06,557130926018.0
2026-05-01 13:00:00,3.95e-06,4e-06,3.95e-06,3.98e-06,783279007476.0
2026-05-01 14:00:00,3.99e-06,4e-06,3.96e-06,3.98e-06,954038746408.0
2026-05-01 15:00:00,3.98e-06,4.03e-06,3.96e-06,4e-06,792204927954.0
2026-05-01 16:00:00,4e-06,4.01e-06,3.96e-06,3.98e-06,524907125187.0
2026-05-01 17:00:00,3.97e-06,4e-06,3.96e-06,3.99e-06,206561788490.0
2026-05-01 18:00:00,3.99e-06,3.99e-06,3.97e-06,3.99e-06,144789776412.0
2026-05-01 19:00:00,3.99e-06,4e-06,3.97e-06,3.99e-06,170102314499.0
2026-05-01 20:00:00,3.99e-06,3.99e-06,3.94e-06,3.96e-06,190946851126.0
2026-05-01 21:00:00,3.96e-06,3.98e-06,3.94e-06,3.96e-06,113362992130.0
2026-05-01 22:00:00,3.97e-06,3.98e-06,3.94e-06,3.95e-06,135933198773.0
2026-05-01 23:00:00,3.94e-06,3.95e-06,3.92e-06,3.94e-06,173073919032.0
2026-05-02 00:00:00,3.94e-06,3.95e-06,3.92e-06,3.94e-06,241215339462.0
2026-05-02 01:00:00,3.94e-06,3.95e-06,3.93e-06,3.93e-06,104377125904.0
2026-05-02 02:00:00,3.93e-06,3.95e-06,3.92e-06,3.93e-06,109956786688.0
2026-05-02 03:00:00,3.93e-06,3.94e-06,3.92e-06,3.94e-06,112899047846.0
2026-05-02 04:00:00,3.93e-06,3.94e-06,3.9e-06,3.91e-06,212962344029.0
2026-05-02 05:00:00,3.92e-06,3.93e-06,3.89e-06,3.91e-06,273560101166.0
2026-05-02 06:00:00,3.92e-06,3.95e-06,3.91e-06,3.94e-06,146680668599.0
2026-05-02 07:00:00,3.95e-06,3.95e-06,3.93e-06,3.94e-06,64304805117.0
2026-05-02 08:00:00,3.93e-06,3.94e-06,3.92e-06,3.92e-06,70359841942.0
2026-05-02 09:00:00,3.93e-06,3.95e-06,3.92e-06,3.94e-06,175055017324.0
2026-05-02 10:00:00,3.94e-06,3.95e-06,3.93e-06,3.93e-06,56037466080.0
2026-05-02 11:00:00,3.94e-06,3.94e-06,3.91e-06,3.92e-06,150736149494.0
2026-05-02 12:00:00,3.92e-06,3.93e-06,3.91e-06,3.91e-06,93696924544.0
2026-05-02 13:00:00,3.92e-06,3.95e-06,3.91e-06,3.94e-06,154265710645.0
2026-05-02 14:00:00,3.94e-06,3.96e-06,3.93e-06,3.95e-06,232217886890.0
2026-05-02 15:00:00,3.95e-06,3.98e-06,3.94e-06,3.98e-06,186525045258.0
2026-05-02 16:00:00,3.98e-06,4e-06,3.96e-06,3.99e-06,533493903497.0
2026-05-02 17:00:00,4e-06,4e-06,3.96e-06,3.96e-06,254974101368.0
2026-05-02 18:00:00,3.97e-06,3.98e-06,3.94e-06,3.96e-06,167669322981.0
2026-05-02 19:00:00,3.96e-06,3.99e-06,3.96e-06,3.98e-06,129887854573.0
2026-05-02 20:00:00,3.98e-06,3.99e-06,3.97e-06,3.98e-06,129542017020.0
2026-05-02 21:00:00,3.98e-06,4.01e-06,3.96e-06,3.99e-06,426758274851.0
2026-05-02 22:00:00,4e-06,4.01e-06,3.98e-06,4e-06,338703422377.0
2026-05-02 23:00:00,3.99e-06,4.01e-06,3.98e-06,3.99e-06,222783479063.0
2026-05-03 00:00:00,3.99e-06,4e-06,3.95e-06,3.96e-06,193579217317.0
2026-05-03 01:00:00,3.97e-06,3.97e-06,3.92e-06,3.93e-06,307733194793.0
2026-05-03 02:00:00,3.92e-06,3.94e-06,3.91e-06,3.92e-06,358650578265.0
2026-05-03 03:00:00,3.93e-06,3.95e-06,3.91e-06,3.95e-06,139579631545.0
2026-05-03 04:00:00,3.95e-06,3.96e-06,3.93e-06,3.95e-06,160860634369.0
2026-05-03 05:00:00,3.95e-06,3.95e-06,3.93e-06,3.93e-06,125742739576.0
2026-05-03 06:00:00,3.93e-06,3.94e-06,3.92e-06,3.92e-06,119531619316.0
2026-05-03 07:00:00,3.93e-06,3.96e-06,3.92e-06,3.94e-06,314870795757.0
2026-05-03 08:00:00,3.93e-06,3.95e-06,3.93e-06,3.94e-06,106268046841.0
2026-05-03 09:00:00,3.93e-06,3.96e-06,3.93e-06,3.94e-06,77040164585.0
2026-05-03 10:00:00,3.94e-06,3.96e-06,3.93e-06,3.94e-06,136477408233.0
2026-05-03 11:00:00,3.93e-06,3.97e-06,3.92e-06,3.96e-06,291724162519.0
2026-05-03 12:00:00,3.96e-06,3.98e-06,3.95e-06,3.95e-06,227281378898.0
2026-05-03 13:00:00,3.95e-06,3.98e-06,3.95e-06,3.95e-06,186457622214.0
2026-05-03 14:00:00,3.95e-06,3.98e-06,3.95e-06,3.97e-06,198456497066.0
2026-05-03 15:00:00,3.96e-06,3.98e-06,3.94e-06,3.96e-06,456598108110.0
2026-05-03 16:00:00,3.95e-06,3.97e-06,3.94e-06,3.94e-06,171847480778.0
2026-05-03 17:00:00,3.94e-06,3.96e-06,3.93e-06,3.95e-06,146586871671.0
2026-05-03 18:00:00,3.95e-06,3.96e-06,3.94e-06,3.94e-06,51576040997.0
2026-05-03 19:00:00,3.95e-06,3.97e-06,3.94e-06,3.96e-06,106740145447.0
2026-05-03 20:00:00,3.96e-06,3.99e-06,3.95e-06,3.96e-06,329773198660.0
2026-05-03 21:00:00,3.97e-06,3.99e-06,3.92e-06,3.93e-06,333075818180.0
2026-05-03 22:00:00,3.94e-06,4e-06,3.93e-06,3.99e-06,460819632590.0
2026-05-03 23:00:00,3.99e-06,4e-06,3.94e-06,3.94e-06,263975855571.0
2026-05-04 00:00:00,3.94e-06,3.97e-06,3.9e-06,3.96e-06,607335448625.0
2026-05-04 01:00:00,3.96e-06,4.04e-06,3.94e-06,4.03e-06,1204015659014.0
2026-05-04 02:00:00,4.03e-06,4.1e-06,4.02e-06,4.08e-06,1138714732088.0
2026-05-04 03:00:00,4.08e-06,4.1e-06,4.05e-06,4.09e-06,1019875723339.0
2026-05-04 04:00:00,4.1e-06,4.13e-06,4.08e-06,4.09e-06,840726376685.0
2026-05-04 05:00:00,4.09e-06,4.1e-06,4.04e-06,4.05e-06,637456943622.0
2026-05-04 06:00:00,4.06e-06,4.06e-06,3.98e-06,4.03e-06,555419311071.0
2026-05-04 07:00:00,4.03e-06,4.05e-06,4.02e-06,4.04e-06,331763199902.0
2026-05-04 08:00:00,4.03e-06,4.05e-06,4.01e-06,4.02e-06,236064418515.0
2026-05-04 09:00:00,4.03e-06,4.07e-06,4.01e-06,4.05e-06,328831212442.0
2026-05-04 10:00:00,4.06e-06,4.06e-06,3.93e-06,3.98e-06,1577066849909.0
2026-05-04 11:00:00,3.97e-06,4e-06,3.96e-06,3.99e-06,332420727485.0
2026-05-04 12:00:00,3.99e-06,4.01e-06,3.98e-06,3.98e-06,211525671602.0
2026-05-04 13:00:00,3.98e-06,4.02e-06,3.96e-06,3.98e-06,578139163310.0
2026-05-04 14:00:00,3.98e-06,4.08e-06,3.96e-06,4.05e-06,728146222369.0
2026-05-04 15:00:00,4.06e-06,4.06e-06,3.97e-06,4.01e-06,908716107852.0
2026-05-04 16:00:00,4.01e-06,4.04e-06,3.97e-06,4.01e-06,518101111802.0
2026-05-04 17:00:00,4.01e-06,4.07e-06,4.01e-06,4.05e-06,793702312903.0
2026-05-04 18:00:00,4.06e-06,4.07e-06,4.03e-06,4.04e-06,254827388669.0
2026-05-04 19:00:00,4.05e-06,4.05e-06,4e-06,4.01e-06,402780865190.0
2026-05-04 20:00:00,4e-06,4.03e-06,3.98e-06,4.01e-06,446543774089.0
2026-05-04 21:00:00,4e-06,4.03e-06,4e-06,4.01e-06,159269581866.0
2026-05-04 22:00:00,4.01e-06,4.03e-06,3.99e-06,4e-06,168435591366.0
2026-05-04 23:00:00,3.99e-06,4e-06,3.97e-06,3.99e-06,357722790601.0
2026-05-05 00:00:00,3.99e-06,4.01e-06,3.98e-06,4e-06,259888294755.0
2026-05-05 01:00:00,4e-06,4.04e-06,3.99e-06,4.02e-06,324464308977.0
2026-05-05 02:00:00,4.03e-06,4.04e-06,4.01e-06,4.03e-06,407553289259.0
2026-05-05 03:00:00,4.03e-06,4.06e-06,4.01e-06,4.03e-06,346651617722.0
2026-05-05 04:00:00,4.04e-06,4.06e-06,4.02e-06,4.04e-06,575982931827.0
2026-05-05 05:00:00,4.03e-06,4.08e-06,4.03e-06,4.07e-06,601693054734.0
2026-05-05 06:00:00,4.07e-06,4.08e-06,4.05e-06,4.08e-06,303224551217.0
2026-05-05 07:00:00,4.08e-06,4.11e-06,4.07e-06,4.07e-06,630502095519.0
2026-05-05 08:00:00,4.08e-06,4.1e-06,4.06e-06,4.08e-06,289984060275.0
2026-05-05 09:00:00,4.09e-06,4.1e-06,4.05e-06,4.07e-06,457134804854.0
2026-05-05 10:00:00,4.07e-06,4.09e-06,4.05e-06,4.08e-06,292382882713.0
2026-05-05 11:00:00,4.08e-06,4.09e-06,4.04e-06,4.09e-06,382280044283.0
2026-05-05 12:00:00,4.09e-06,4.1e-06,4.06e-06,4.08e-06,395514074423.0
2026-05-05 13:00:00,4.08e-06,4.14e-06,4.06e-06,4.11e-06,920703741994.0
2026-05-05 14:00:00,4.12e-06,4.16e-06,4.07e-06,4.09e-06,1231971177552.0
2026-05-05 15:00:00,4.09e-06,4.11e-06,4.08e-06,4.09e-06,521503446564.0
2026-05-05 16:00:00,4.09e-06,4.1e-06,4.05e-06,4.07e-06,774153192789.0
2026-05-05 17:00:00,4.06e-06,4.09e-06,4.05e-06,4.08e-06,489599554052.0
2026-05-05 18:00:00,4.08e-06,4.11e-06,4.08e-06,4.08e-06,200574366822.0
2026-05-05 19:00:00,4.09e-06,4.13e-06,4.08e-06,4.13e-06,446329331702.0
2026-05-05 20:00:00,4.12e-06,4.22e-06,4.11e-06,4.2e-06,1620794807754.0
2026-05-05 21:00:00,4.2e-06,4.23e-06,4.15e-06,4.19e-06,1125879406338.0
2026-05-05 22:00:00,4.2e-06,4.21e-06,4.11e-06,4.14e-06,975454087327.0
2026-05-05 23:00:00,4.13e-06,4.15e-06,4.09e-06,4.11e-06,382528169848.0
2026-05-06 00:00:00,4.11e-06,4.14e-06,4.1e-06,4.12e-06,360763881862.0
2026-05-06 01:00:00,4.13e-06,4.22e-06,4.12e-06,4.2e-06,476482978179.0
2026-05-06 02:00:00,4.2e-06,4.21e-06,4.15e-06,4.2e-06,470221526801.0
2026-05-06 03:00:00,4.2e-06,4.26e-06,4.18e-06,4.23e-06,801438358943.0
2026-05-06 04:00:00,4.24e-06,4.24e-06,4.18e-06,4.2e-06,434374721672.0
2026-05-06 05:00:00,4.19e-06,4.25e-06,4.19e-06,4.25e-06,622291744676.0
2026-05-06 06:00:00,4.25e-06,4.26e-06,4.22e-06,4.23e-06,527565394995.0
2026-05-06 07:00:00,4.24e-06,4.25e-06,4.21e-06,4.21e-06,511301449923.0
2026-05-06 08:00:00,4.22e-06,4.27e-06,4.2e-06,4.26e-06,1048004352283.0
2026-05-06 09:00:00,4.27e-06,4.27e-06,4.22e-06,4.27e-06,704898599271.0
2026-05-06 10:00:00,4.27e-06,4.28e-06,4.24e-06,4.25e-06,776251980895.0
2026-05-06 11:00:00,4.25e-06,4.27e-06,4.23e-06,4.26e-06,654782611544.0
2026-05-06 12:00:00,4.25e-06,4.26e-06,4.21e-06,4.22e-06,363656905836.0
2026-05-06 13:00:00,4.22e-06,4.23e-06,4.12e-06,4.13e-06,1539698607449.0
2026-05-06 14:00:00,4.14e-06,4.16e-06,4.08e-06,4.13e-06,929806786084.0
2026-05-06 15:00:00,4.14e-06,4.17e-06,4.12e-06,4.16e-06,509726475440.0
2026-05-06 16:00:00,4.16e-06,4.18e-06,4.13e-06,4.16e-06,619935125163.0
2026-05-06 17:00:00,4.15e-06,4.18e-06,4.13e-06,4.15e-06,370120406450.0
2026-05-06 18:00:00,4.15e-06,4.16e-06,4.12e-06,4.14e-06,329397524739.0
2026-05-06 19:00:00,4.14e-06,4.16e-06,4.12e-06,4.15e-06,255784250967.0
2026-05-06 20:00:00,4.14e-06,4.17e-06,4.13e-06,4.15e-06,191855400416.0
2026-05-06 21:00:00,4.15e-06,4.19e-06,4.14e-06,4.17e-06,277130603144.0
2026-05-06 22:00:00,4.18e-06,4.18e-06,4.13e-06,4.15e-06,234642520156.0
2026-05-06 23:00:00,4.14e-06,4.17e-06,4.11e-06,4.16e-06,371210621952.0
2026-05-07 00:00:00,4.16e-06,4.17e-06,4.1e-06,4.11e-06,489142111092.0
2026-05-07 01:00:00,4.12e-06,4.13e-06,4.07e-06,4.11e-06,532381064308.0
2026-05-07 02:00:00,4.11e-06,4.11e-06,4.07e-06,4.11e-06,182348279564.0
2026-05-07 03:00:00,4.11e-06,4.11e-06,4.08e-06,4.09e-06,150550743678.0
2026-05-07 04:00:00,4.09e-06,4.14e-06,4.08e-06,4.14e-06,202407282318.0
2026-05-07 05:00:00,4.14e-06,4.17e-06,4.14e-06,4.16e-06,346125817809.0
2026-05-07 06:00:00,4.16e-06,4.19e-06,4.13e-06,4.18e-06,435059096142.0
2026-05-07 07:00:00,4.18e-06,4.26e-06,4.17e-06,4.24e-06,1246526173834.0
2026-05-07 08:00:00,4.24e-06,4.25e-06,4.2e-06,4.22e-06,491014568955.0
2026-05-07 09:00:00,4.22e-06,4.22e-06,4.17e-06,4.18e-06,294822195561.0
2026-05-07 10:00:00,4.19e-06,4.21e-06,4.15e-06,4.18e-06,296271872242.0
2026-05-07 11:00:00,4.19e-06,4.21e-06,4.18e-06,4.19e-06,244712460468.0
2026-05-07 12:00:00,4.18e-06,4.28e-06,4.18e-06,4.25e-06,788353625833.0
2026-05-07 13:00:00,4.25e-06,4.26e-06,4.17e-06,4.19e-06,679646418996.0
2026-05-07 14:00:00,4.19e-06,4.2e-06,4.11e-06,4.14e-06,761659665434.0
2026-05-07 15:00:00,4.14e-06,4.17e-06,4.09e-06,4.12e-06,913431236662.0
2026-05-07 16:00:00,4.12e-06,4.15e-06,4.1e-06,4.11e-06,424572419667.0
2026-05-07 17:00:00,4.12e-06,4.16e-06,4.1e-06,4.16e-06,387603789415.0
2026-05-07 18:00:00,4.16e-06,4.21e-06,4.14e-06,4.15e-06,464421363562.0
2026-05-07 19:00:00,4.16e-06,4.18e-06,4.13e-06,4.15e-06,260210986084.0
2026-05-07 20:00:00,4.15e-06,4.18e-06,4.13e-06,4.14e-06,177807295240.0
2026-05-07 21:00:00,4.14e-06,4.15e-06,4.11e-06,4.12e-06,191410757506.0
2026-05-07 22:00:00,4.13e-06,4.16e-06,4.11e-06,4.15e-06,331811788046.0
2026-05-07 23:00:00,4.15e-06,4.17e-06,4.14e-06,4.15e-06,181436570282.0
2026-05-08 00:00:00,4.16e-06,4.17e-06,4.11e-06,4.14e-06,302462931150.0
2026-05-08 01:00:00,4.13e-06,4.14e-06,4.1e-06,4.13e-06,265551780458.0
2026-05-08 02:00:00,4.13e-06,4.13e-06,4.08e-06,4.12e-06,480962668138.0
2026-05-08 03:00:00,4.12e-06,4.15e-06,4.09e-06,4.13e-06,236256136550.0
2026-05-08 04:00:00,4.13e-06,4.15e-06,4.12e-06,4.13e-06,155108507079.0
2026-05-08 05:00:00,4.14e-06,4.15e-06,4.12e-06,4.13e-06,258744169991.0
2026-05-08 06:00:00,4.13e-06,4.15e-06,4.1e-06,4.13e-06,314820603533.0
2026-05-08 07:00:00,4.14e-06,4.15e-06,4.12e-06,4.14e-06,668857422584.0
2026-05-08 08:00:00,4.14e-06,4.19e-06,4.13e-06,4.17e-06,425537031678.0
2026-05-08 09:00:00,4.17e-06,4.21e-06,4.15e-06,4.18e-06,471901519323.0
2026-05-08 10:00:00,4.19e-06,4.23e-06,4.17e-06,4.2e-06,415410663957.0
2026-05-08 11:00:00,4.19e-06,4.2e-06,4.18e-06,4.2e-06,199713907656.0
2026-05-08 12:00:00,4.2e-06,4.22e-06,4.16e-06,4.17e-06,317915367747.0
2026-05-08 13:00:00,4.17e-06,4.2e-06,4.14e-06,4.19e-06,424085008563.0
2026-05-08 14:00:00,4.18e-06,4.26e-06,4.18e-06,4.23e-06,1045754635972.0
2026-05-08 15:00:00,4.24e-06,4.29e-06,4.2e-06,4.28e-06,953012176418.0
2026-05-08 16:00:00,4.28e-06,4.3e-06,4.23e-06,4.23e-06,641839616141.0
2026-05-08 17:00:00,4.24e-06,4.34e-06,4.23e-06,4.31e-06,1201264174931.0
2026-05-08 18:00:00,4.31e-06,4.36e-06,4.3e-06,4.34e-06,601760025367.0
2026-05-08 19:00:00,4.33e-06,4.37e-06,4.31e-06,4.33e-06,393527432205.0
2026-05-08 20:00:00,4.34e-06,4.35e-06,4.31e-06,4.32e-06,256677986558.0
2026-05-08 21:00:00,4.33e-06,4.35e-06,4.31e-06,4.35e-06,255069931811.0
2026-05-08 22:00:00,4.35e-06,4.35e-06,4.31e-06,4.32e-06,284179688887.0
2026-05-08 23:00:00,4.32e-06,4.33e-06,4.29e-06,4.32e-06,348396005089.0
2026-05-09 00:00:00,4.32e-06,4.35e-06,4.3e-06,4.33e-06,225936987743.0
2026-05-09 01:00:00,4.33e-06,4.37e-06,4.33e-06,4.34e-06,275930585000.0
2026-05-09 02:00:00,4.35e-06,4.36e-06,4.33e-06,4.34e-06,171870093865.0
2026-05-09 03:00:00,4.33e-06,4.36e-06,4.32e-06,4.33e-06,277804401732.0
2026-05-09 04:00:00,4.33e-06,4.37e-06,4.32e-06,4.33e-06,354220693695.0
2026-05-09 05:00:00,4.33e-06,4.36e-06,4.32e-06,4.34e-06,263749931413.0
2026-05-09 06:00:00,4.34e-06,4.36e-06,4.31e-06,4.33e-06,344931884013.0
2026-05-09 07:00:00,4.32e-06,4.34e-06,4.29e-06,4.31e-06,402249758251.0
2026-05-09 08:00:00,4.31e-06,4.33e-06,4.3e-06,4.31e-06,167794339056.0
2026-05-09 09:00:00,4.31e-06,4.32e-06,4.28e-06,4.3e-06,242524865093.0
2026-05-09 10:00:00,4.3e-06,4.32e-06,4.28e-06,4.31e-06,238814727419.0
2026-05-09 11:00:00,4.32e-06,4.33e-06,4.3e-06,4.32e-06,156172701880.0
2026-05-09 12:00:00,4.32e-06,4.33e-06,4.28e-06,4.3e-06,254294655931.0
2026-05-09 13:00:00,4.3e-06,4.31e-06,4.27e-06,4.29e-06,243692494424.0
2026-05-09 14:00:00,4.29e-06,4.3e-06,4.24e-06,4.26e-06,405802983523.0
2026-05-09 15:00:00,4.26e-06,4.27e-06,4.23e-06,4.25e-06,418444199210.0
2026-05-09 16:00:00,4.25e-06,4.27e-06,4.23e-06,4.25e-06,238531817567.0
2026-05-09 17:00:00,4.25e-06,4.29e-06,4.24e-06,4.27e-06,231879872326.0
2026-05-09 18:00:00,4.28e-06,4.29e-06,4.27e-06,4.27e-06,155938868462.0
2026-05-09 19:00:00,4.28e-06,4.29e-06,4.27e-06,4.28e-06,45297406479.0
2026-05-09 20:00:00,4.28e-06,4.28e-06,4.25e-06,4.27e-06,61238233058.0
2026-05-09 21:00:00,4.27e-06,4.28e-06,4.26e-06,4.27e-06,126899662763.0
2026-05-09 22:00:00,4.27e-06,4.27e-06,4.24e-06,4.26e-06,111812761009.0
2026-05-09 23:00:00,4.26e-06,4.27e-06,4.23e-06,4.25e-06,188729148000.0
2026-05-10 00:00:00,4.25e-06,4.26e-06,4.22e-06,4.23e-06,254840453664.0
2026-05-10 01:00:00,4.22e-06,4.23e-06,4.19e-06,4.21e-06,904180343913.0
2026-05-10 02:00:00,4.2e-06,4.24e-06,4.19e-06,4.22e-06,343697053874.0
2026-05-10 03:00:00,4.22e-06,4.25e-06,4.22e-06,4.23e-06,229308225993.0
2026-05-10 04:00:00,4.22e-06,4.25e-06,4.22e-06,4.23e-06,280033931241.0
2026-05-10 05:00:00,4.23e-06,4.25e-06,4.22e-06,4.24e-06,147605299531.0
2026-05-10 06:00:00,4.24e-06,4.24e-06,4.22e-06,4.24e-06,85986125794.0
2026-05-10 07:00:00,4.24e-06,4.26e-06,4.23e-06,4.23e-06,111455176950.0
2026-05-10 08:00:00,4.24e-06,4.29e-06,4.23e-06,4.28e-06,335991660630.0
2026-05-10 09:00:00,4.28e-06,4.29e-06,4.26e-06,4.27e-06,280795456974.0
2026-05-10 10:00:00,4.27e-06,4.28e-06,4.24e-06,4.28e-06,288060746381.0
2026-05-10 11:00:00,4.28e-06,4.28e-06,4.24e-06,4.26e-06,230967590683.0
2026-05-10 12:00:00,4.26e-06,4.27e-06,4.24e-06,4.26e-06,134112496686.0
2026-05-10 13:00:00,4.25e-06,4.28e-06,4.25e-06,4.28e-06,224197134276.0
2026-05-10 14:00:00,4.28e-06,4.28e-06,4.25e-06,4.27e-06,297740826952.0
2026-05-10 15:00:00,4.27e-06,4.32e-06,4.26e-06,4.32e-06,410166718958.0
2026-05-10 16:00:00,4.31e-06,4.37e-06,4.31e-06,4.36e-06,881548727658.0
2026-05-10 17:00:00,4.36e-06,4.59e-06,4.33e-06,4.48e-06,3215555716745.0
2026-05-10 18:00:00,4.49e-06,4.55e-06,4.47e-06,4.54e-06,1124475340330.0
2026-05-10 19:00:00,4.54e-06,4.54e-06,4.46e-06,4.48e-06,607069112684.0
2026-05-10 20:00:00,4.49e-06,4.52e-06,4.27e-06,4.33e-06,1638134884963.0
2026-05-10 21:00:00,4.33e-06,4.38e-06,4.28e-06,4.34e-06,652633242519.0
2026-05-10 22:00:00,4.34e-06,4.45e-06,4.34e-06,4.44e-06,1022785964618.0
2026-05-10 23:00:00,4.43e-06,4.45e-06,4.39e-06,4.41e-06,530663507915.0
2026-05-11 00:00:00,4.42e-06,4.43e-06,4.32e-06,4.34e-06,901691133029.0
2026-05-11 01:00:00,4.35e-06,4.39e-06,4.32e-06,4.35e-06,514524710268.0
2026-05-11 02:00:00,4.35e-06,4.36e-06,4.3e-06,4.32e-06,439743553694.0
2026-05-11 03:00:00,4.32e-06,4.33e-06,4.26e-06,4.29e-06,779518314127.0
2026-05-11 04:00:00,4.3e-06,4.32e-06,4.28e-06,4.32e-06,394677345345.0
2026-05-11 05:00:00,4.32e-06,4.35e-06,4.31e-06,4.34e-06,280445504874.0
2026-05-11 06:00:00,4.34e-06,4.36e-06,4.32e-06,4.33e-06,360533665806.0
2026-05-11 07:00:00,4.33e-06,4.33e-06,4.3e-06,4.32e-06,348444259343.0
2026-05-11 08:00:00,4.31e-06,4.34e-06,4.3e-06,4.32e-06,344176855231.0
2026-05-11 09:00:00,4.32e-06,4.34e-06,4.31e-06,4.33e-06,269136000664.0
2026-05-11 10:00:00,4.33e-06,4.36e-06,4.32e-06,4.32e-06,376289992172.0
2026-05-11 11:00:00,4.33e-06,4.34e-06,4.3e-06,4.33e-06,315868203659.0
2026-05-11 12:00:00,4.33e-06,4.34e-06,4.29e-06,4.3e-06,622197579286.0
2026-05-11 13:00:00,4.31e-06,4.34e-06,4.28e-06,4.32e-06,496632829265.0
2026-05-11 14:00:00,4.32e-06,4.35e-06,4.26e-06,4.3e-06,895467612308.0
2026-05-11 15:00:00,4.3e-06,4.36e-06,4.28e-06,4.34e-06,552124372375.0
2026-05-11 16:00:00,4.35e-06,4.37e-06,4.32e-06,4.34e-06,492884575667.0
2026-05-11 17:00:00,4.35e-06,4.39e-06,4.32e-06,4.37e-06,360324805214.0
2026-05-11 18:00:00,4.37e-06,4.38e-06,4.34e-06,4.36e-06,299823427064.0
2026-05-11 19:00:00,4.36e-06,4.39e-06,4.34e-06,4.38e-06,229340345258.0
2026-05-11 20:00:00,4.38e-06,4.39e-06,4.35e-06,4.35e-06,333140007753.0
2026-05-11 21:00:00,4.35e-06,4.38e-06,4.34e-06,4.35e-06,409024284078.0
2026-05-11 22:00:00,4.35e-06,4.37e-06,4.33e-06,4.35e-06,314663611557.0
2026-05-11 23:00:00,4.34e-06,4.36e-06,4.32e-06,4.35e-06,164307133391.0
2026-05-12 00:00:00,4.35e-06,4.36e-06,4.33e-06,4.33e-06,141224670216.0
2026-05-12 01:00:00,4.33e-06,4.35e-06,4.25e-06,4.28e-06,714144376002.0
2026-05-12 02:00:00,4.28e-06,4.31e-06,4.27e-06,4.3e-06,436146532696.0
2026-05-12 03:00:00,4.3e-06,4.31e-06,4.27e-06,4.28e-06,261908625611.0
2026-05-12 04:00:00,4.28e-06,4.31e-06,4.27e-06,4.3e-06,174488961464.0
2026-05-12 05:00:00,4.29e-06,4.31e-06,4.29e-06,4.3e-06,124275393505.0
2026-05-12 06:00:00,4.3e-06,4.31e-06,4.27e-06,4.28e-06,247092843372.0
2026-05-12 07:00:00,4.28e-06,4.29e-06,4.25e-06,4.27e-06,333508914631.0
2026-05-12 08:00:00,4.27e-06,4.28e-06,4.22e-06,4.24e-06,440919617809.0
2026-05-12 09:00:00,4.24e-06,4.25e-06,4.21e-06,4.23e-06,431880428130.0
2026-05-12 10:00:00,4.24e-06,4.25e-06,4.2e-06,4.22e-06,274486634735.0
2026-05-12 11:00:00,4.22e-06,4.22e-06,4.18e-06,4.21e-06,459295272029.0
2026-05-12 12:00:00,4.2e-06,4.21e-06,4.15e-06,4.2e-06,420304125874.0
2026-05-12 13:00:00,4.2e-06,4.22e-06,4.13e-06,4.15e-06,749768519084.0
2026-05-12 14:00:00,4.15e-06,4.17e-06,4.08e-06,4.11e-06,948131138751.0
2026-05-12 15:00:00,4.12e-06,4.13e-06,4.07e-06,4.1e-06,606285977846.0
2026-05-12 16:00:00,4.1e-06,4.12e-06,4.06e-06,4.08e-06,521040991303.0
2026-05-12 17:00:00,4.08e-06,4.14e-06,4.07e-06,4.12e-06,382387385146.0
2026-05-12 18:00:00,4.12e-06,4.15e-06,4.1e-06,4.12e-06,477403642356.0
2026-05-12 19:00:00,4.12e-06,4.16e-06,4.12e-06,4.15e-06,256948767594.0
2026-05-12 20:00:00,4.15e-06,4.17e-06,4.14e-06,4.16e-06,174680144572.0
2026-05-12 21:00:00,4.15e-06,4.17e-06,4.15e-06,4.16e-06,134356839953.0
2026-05-12 22:00:00,4.16e-06,4.19e-06,4.15e-06,4.15e-06,131941191777.0
2026-05-12 23:00:00,4.16e-06,4.17e-06,4.13e-06,4.14e-06,181989090082.0
2026-05-13 00:00:00,4.15e-06,4.17e-06,4.13e-06,4.16e-06,193930423118.0
2026-05-13 01:00:00,4.17e-06,4.21e-06,4.16e-06,4.19e-06,481526255975.0
2026-05-13 02:00:00,4.19e-06,4.21e-06,4.18e-06,4.19e-06,219131969816.0
2026-05-13 03:00:00,4.19e-06,4.21e-06,4.18e-06,4.2e-06,163922422397.0
2026-05-13 04:00:00,4.19e-06,4.23e-06,4.19e-06,4.22e-06,182322702458.0
2026-05-13 05:00:00,4.21e-06,4.22e-06,4.16e-06,4.19e-06,262861686524.0
2026-05-13 06:00:00,4.18e-06,4.2e-06,4.17e-06,4.18e-06,214859293216.0
2026-05-13 07:00:00,4.18e-06,4.2e-06,4.17e-06,4.19e-06,138694101446.0
2026-05-13 08:00:00,4.19e-06,4.21e-06,4.18e-06,4.2e-06,137984497466.0
2026-05-13 09:00:00,4.2e-06,4.27e-06,4.19e-06,4.25e-06,365376638775.0
2026-05-13 10:00:00,4.26e-06,4.26e-06,4.2e-06,4.21e-06,308654109307.0
2026-05-13 11:00:00,4.21e-06,4.22e-06,4.15e-06,4.17e-06,387693765077.0
2026-05-13 12:00:00,4.16e-06,4.18e-06,4.07e-06,4.12e-06,707465712640.0
2026-05-13 13:00:00,4.12e-06,4.13e-06,4.04e-06,4.07e-06,509536657712.0
2026-05-13 14:00:00,4.06e-06,4.1e-06,4.03e-06,4.08e-06,499955928854.0
2026-05-13 15:00:00,4.08e-06,4.09e-06,3.98e-06,3.99e-06,728661121691.0
2026-05-13 16:00:00,4e-06,4.07e-06,3.99e-06,4.06e-06,377433561352.0
2026-05-13 17:00:00,4.05e-06,4.08e-06,4.05e-06,4.07e-06,179617264027.0
2026-05-13 18:00:00,4.07e-06,4.11e-06,4.06e-06,4.09e-06,242088646310.0
2026-05-13 19:00:00,4.09e-06,4.1e-06,4.05e-06,4.06e-06,131881561386.0
2026-05-13 20:00:00,4.06e-06,4.08e-06,4.05e-06,4.07e-06,117622410910.0
2026-05-13 21:00:00,4.07e-06,4.07e-06,4.03e-06,4.05e-06,127043201673.0
2026-05-13 22:00:00,4.05e-06,4.07e-06,4.02e-06,4.06e-06,180530156665.0
2026-05-13 23:00:00,4.05e-06,4.07e-06,4.05e-06,4.05e-06,196144221453.0
2026-05-14 00:00:00,4.06e-06,4.1e-06,4.05e-06,4.09e-06,218168665700.0
2026-05-14 01:00:00,4.08e-06,4.09e-06,4.07e-06,4.08e-06,218581900220.0
2026-05-14 02:00:00,4.08e-06,4.1e-06,4.05e-06,4.06e-06,183153479966.0
2026-05-14 03:00:00,4.05e-06,4.07e-06,4e-06,4.02e-06,330200977277.0
2026-05-14 04:00:00,4.02e-06,4.05e-06,4e-06,4.05e-06,125755568629.0
2026-05-14 05:00:00,4.05e-06,4.09e-06,4.04e-06,4.08e-06,413796828391.0
2026-05-14 06:00:00,4.08e-06,4.09e-06,4.05e-06,4.06e-06,334812917466.0
2026-05-14 07:00:00,4.06e-06,4.07e-06,4.03e-06,4.04e-06,270851759322.0
2026-05-14 08:00:00,4.04e-06,4.06e-06,4.02e-06,4.05e-06,284681026002.0
2026-05-14 09:00:00,4.05e-06,4.05e-06,4.01e-06,4.03e-06,244867188322.0
2026-05-14 10:00:00,4.03e-06,4.05e-06,4.01e-06,4.04e-06,181219253950.0
2026-05-14 11:00:00,4.04e-06,4.04e-06,4e-06,4.01e-06,166181312449.0
2026-05-14 12:00:00,4e-06,4.05e-06,3.99e-06,4.05e-06,360217934615.0
2026-05-14 13:00:00,4.05e-06,4.08e-06,4.02e-06,4.04e-06,484117760414.0
2026-05-14 14:00:00,4.03e-06,4.12e-06,4.03e-06,4.12e-06,523376934720.0
2026-05-14 15:00:00,4.12e-06,4.13e-06,4.09e-06,4.11e-06,847296254120.0
2026-05-14 16:00:00,4.12e-06,4.16e-06,4.09e-06,4.15e-06,726362852344.0
2026-05-14 17:00:00,4.16e-06,4.18e-06,4.1e-06,4.17e-06,662159859459.0
2026-05-14 18:00:00,4.16e-06,4.21e-06,4.14e-06,4.2e-06,697468654461.0
2026-05-14 19:00:00,4.2e-06,4.22e-06,4.15e-06,4.16e-06,445644387034.0
2026-05-14 20:00:00,4.16e-06,4.18e-06,4.12e-06,4.15e-06,312157480636.0
2026-05-14 21:00:00,4.14e-06,4.16e-06,4.11e-06,4.13e-06,196420952748.0
2026-05-14 22:00:00,4.13e-06,4.15e-06,4.11e-06,4.13e-06,224619171385.0
2026-05-14 23:00:00,4.12e-06,4.13e-06,4.08e-06,4.1e-06,394359305621.0
2026-05-15 00:00:00,4.1e-06,4.13e-06,4.08e-06,4.1e-06,254264311533.0
2026-05-15 01:00:00,4.11e-06,4.12e-06,4.07e-06,4.08e-06,302761080183.0
2026-05-15 02:00:00,4.08e-06,4.1e-06,4.05e-06,4.1e-06,276926157446.0
2026-05-15 03:00:00,4.09e-06,4.1e-06,4.07e-06,4.09e-06,98484631027.0
2026-05-15 04:00:00,4.08e-06,4.09e-06,4.04e-06,4.05e-06,347108047376.0
2026-05-15 05:00:00,4.05e-06,4.07e-06,3.97e-06,3.99e-06,1893998760464.0
2026-05-15 06:00:00,3.99e-06,4.04e-06,3.98e-06,4.02e-06,388024519537.0
2026-05-15 07:00:00,4.03e-06,4.07e-06,4.02e-06,4.05e-06,321410017485.0
2026-05-15 08:00:00,4.04e-06,4.05e-06,4.01e-06,4.02e-06,198430861484.0
2026-05-15 09:00:00,4.02e-06,4.04e-06,4.01e-06,4.02e-06,216388870232.0
2026-05-15 10:00:00,4.02e-06,4.06e-06,4.01e-06,4.04e-06,205232292122.0
2026-05-15 11:00:00,4.05e-06,4.05e-06,4.02e-06,4.03e-06,101987738536.0
2026-05-15 12:00:00,4.02e-06,4.03e-06,3.99e-06,4e-06,332847016102.0
2026-05-15 13:00:00,4e-06,4e-06,3.83e-06,3.85e-06,1419760580161.0
2026-05-15 14:00:00,3.85e-06,3.9e-06,3.82e-06,3.88e-06,655871352619.0
2026-05-15 15:00:00,3.87e-06,3.88e-06,3.84e-06,3.87e-06,476075598481.0
2026-05-15 16:00:00,3.86e-06,3.93e-06,3.86e-06,3.92e-06,432698939014.0
2026-05-15 17:00:00,3.92e-06,3.95e-06,3.91e-06,3.94e-06,183076469806.0
2026-05-15 18:00:00,3.94e-06,3.95e-06,3.91e-06,3.93e-06,191106311538.0
2026-05-15 19:00:00,3.93e-06,3.94e-06,3.9e-06,3.92e-06,180984091192.0
2026-05-15 20:00:00,3.92e-06,3.92e-06,3.89e-06,3.9e-06,212185499324.0
2026-05-15 21:00:00,3.89e-06,3.91e-06,3.88e-06,3.88e-06,83398460221.0
2026-05-15 22:00:00,3.89e-06,3.91e-06,3.88e-06,3.91e-06,159198325675.0
2026-05-15 23:00:00,3.91e-06,3.91e-06,3.89e-06,3.91e-06,141864494578.0
2026-05-16 00:00:00,3.9e-06,3.92e-06,3.89e-06,3.91e-06,141639322641.0
2026-05-16 01:00:00,3.91e-06,3.92e-06,3.88e-06,3.9e-06,124108606347.0
2026-05-16 02:00:00,3.91e-06,3.91e-06,3.89e-06,3.89e-06,196447255620.0
2026-05-16 03:00:00,3.89e-06,3.9e-06,3.88e-06,3.9e-06,134160219522.0
2026-05-16 04:00:00,3.89e-06,3.9e-06,3.82e-06,3.86e-06,265415528074.0
2026-05-16 05:00:00,3.87e-06,3.87e-06,3.84e-06,3.85e-06,168572152867.0
2026-05-16 06:00:00,3.85e-06,3.86e-06,3.79e-06,3.81e-06,450659941130.0
2026-05-16 07:00:00,3.82e-06,3.82e-06,3.73e-06,3.79e-06,605532692729.0
2026-05-16 08:00:00,3.79e-06,3.8e-06,3.77e-06,3.77e-06,160439312154.0
2026-05-16 09:00:00,3.77e-06,3.78e-06,3.72e-06,3.74e-06,664467831863.0
2026-05-16 10:00:00,3.73e-06,3.74e-06,3.69e-06,3.73e-06,462837674517.0
2026-05-16 11:00:00,3.73e-06,3.75e-06,3.72e-06,3.75e-06,172177567345.0
2026-05-16 12:00:00,3.75e-06,3.75e-06,3.73e-06,3.74e-06,235138314923.0
2026-05-16 13:00:00,3.74e-06,3.75e-06,3.72e-06,3.74e-06,151652148011.0
2026-05-16 14:00:00,3.74e-06,3.77e-06,3.72e-06,3.75e-06,132812710065.0
2026-05-16 15:00:00,3.75e-06,3.78e-06,3.75e-06,3.77e-06,109608472214.0
2026-05-16 16:00:00,3.77e-06,3.8e-06,3.76e-06,3.78e-06,170595205906.0
2026-05-16 17:00:00,3.77e-06,3.8e-06,3.77e-06,3.79e-06,89815106705.0
2026-05-16 18:00:00,3.79e-06,3.79e-06,3.76e-06,3.77e-06,115814645036.0
2026-05-16 19:00:00,3.78e-06,3.78e-06,3.76e-06,3.77e-06,41114012438.0
2026-05-16 20:00:00,3.77e-06,3.79e-06,3.76e-06,3.77e-06,89447173251.0
2026-05-16 21:00:00,3.78e-06,3.78e-06,3.76e-06,3.77e-06,110823582264.0
2026-05-16 22:00:00,3.77e-06,3.77e-06,3.75e-06,3.76e-06,129271143988.0
2026-05-16 23:00:00,3.76e-06,3.77e-06,3.75e-06,3.76e-06,128010508447.0
2026-05-17 00:00:00,3.77e-06,3.78e-06,3.73e-06,3.74e-06,203182285062.0
2026-05-17 01:00:00,3.75e-06,3.76e-06,3.71e-06,3.72e-06,277878532100.0
2026-05-17 02:00:00,3.72e-06,3.74e-06,3.71e-06,3.74e-06,105425911126.0
2026-05-17 03:00:00,3.74e-06,3.77e-06,3.73e-06,3.77e-06,64062039326.0
2026-05-17 04:00:00,3.77e-06,3.79e-06,3.76e-06,3.77e-06,203737995606.0
2026-05-17 05:00:00,3.78e-06,3.8e-06,3.77e-06,3.78e-06,201963000721.0
2026-05-17 06:00:00,3.78e-06,3.78e-06,3.76e-06,3.77e-06,79374224189.0
2026-05-17 07:00:00,3.78e-06,3.8e-06,3.76e-06,3.79e-06,344900635534.0
2026-05-17 08:00:00,3.79e-06,3.79e-06,3.77e-06,3.78e-06,73153723765.0
2026-05-17 09:00:00,3.78e-06,3.79e-06,3.76e-06,3.78e-06,192614633792.0
2026-05-17 10:00:00,3.78e-06,3.81e-06,3.77e-06,3.79e-06,246503407740.0
2026-05-17 11:00:00,3.78e-06,3.79e-06,3.77e-06,3.78e-06,109148919789.0
2026-05-17 12:00:00,3.78e-06,3.79e-06,3.75e-06,3.77e-06,196609634372.0
2026-05-17 13:00:00,3.76e-06,3.77e-06,3.74e-06,3.75e-06,125603387399.0
2026-05-17 14:00:00,3.76e-06,3.76e-06,3.72e-06,3.73e-06,338790921661.0
2026-05-17 15:00:00,3.73e-06,3.75e-06,3.72e-06,3.74e-06,142043294058.0
2026-05-17 16:00:00,3.73e-06,3.75e-06,3.72e-06,3.72e-06,85062839641.0
2026-05-17 17:00:00,3.73e-06,3.73e-06,3.69e-06,3.73e-06,313948725897.0
2026-05-17 18:00:00,3.73e-06,3.75e-06,3.71e-06,3.75e-06,127284431482.0
2026-05-17 19:00:00,3.75e-06,3.78e-06,3.74e-06,3.76e-06,127487998880.0
2026-05-17 20:00:00,3.77e-06,3.77e-06,3.74e-06,3.76e-06,112234935257.0
2026-05-17 21:00:00,3.75e-06,3.77e-06,3.74e-06,3.76e-06,149988526613.0
2026-05-17 22:00:00,3.75e-06,3.76e-06,3.71e-06,3.73e-06,317065793798.0
2026-05-17 23:00:00,3.72e-06,3.73e-06,3.54e-06,3.68e-06,2265685990982.0
2026-05-18 00:00:00,3.67e-06,3.68e-06,3.63e-06,3.67e-06,521302396022.0
2026-05-18 01:00:00,3.66e-06,3.68e-06,3.63e-06,3.67e-06,252509687515.0
2026-05-18 02:00:00,3.67e-06,3.69e-06,3.66e-06,3.68e-06,156973689166.0
2026-05-18 03:00:00,3.67e-06,3.7e-06,3.65e-06,3.65e-06,105458811742.0
2026-05-18 04:00:00,3.65e-06,3.69e-06,3.64e-06,3.68e-06,129560380393.0
2026-05-18 05:00:00,3.68e-06,3.68e-06,3.64e-06,3.66e-06,126894430224.0
2026-05-18 06:00:00,3.66e-06,3.67e-06,3.61e-06,3.64e-06,498951195509.0
2026-05-18 07:00:00,3.64e-06,3.65e-06,3.61e-06,3.63e-06,206814081319.0
2026-05-18 08:00:00,3.64e-06,3.65e-06,3.62e-06,3.64e-06,114154863513.0
2026-05-18 09:00:00,3.64e-06,3.65e-06,3.61e-06,3.62e-06,109536775645.0
2026-05-18 10:00:00,3.63e-06,3.63e-06,3.6e-06,3.62e-06,134526480514.0
2026-05-18 11:00:00,3.62e-06,3.68e-06,3.6e-06,3.64e-06,358049611603.0
2026-05-18 12:00:00,3.65e-06,3.69e-06,3.64e-06,3.67e-06,448798027035.0
2026-05-18 13:00:00,3.68e-06,3.68e-06,3.62e-06,3.65e-06,619261541284.0
2026-05-18 14:00:00,3.66e-06,3.66e-06,3.61e-06,3.63e-06,407901248707.0
2026-05-18 15:00:00,3.63e-06,3.64e-06,3.59e-06,3.63e-06,447052513863.0
2026-05-18 16:00:00,3.63e-06,3.66e-06,3.61e-06,3.63e-06,136630889852.0
2026-05-18 17:00:00,3.64e-06,3.65e-06,3.63e-06,3.65e-06,170334143500.0
2026-05-18 18:00:00,3.65e-06,3.65e-06,3.59e-06,3.6e-06,331783653152.0
2026-05-18 19:00:00,3.6e-06,3.7e-06,3.6e-06,3.69e-06,538980355923.0
2026-05-18 20:00:00,3.69e-06,3.71e-06,3.66e-06,3.67e-06,197301643997.0
2026-05-18 21:00:00,3.67e-06,3.71e-06,3.66e-06,3.69e-06,240799874684.0
2026-05-18 22:00:00,3.7e-06,3.72e-06,3.68e-06,3.7e-06,208302835036.0
2026-05-18 23:00:00,3.69e-06,3.71e-06,3.68e-06,3.7e-06,228067140309.0
2026-05-19 00:00:00,3.7e-06,3.74e-06,3.69e-06,3.71e-06,178631457335.0
2026-05-19 01:00:00,3.71e-06,3.71e-06,3.67e-06,3.68e-06,170977754243.0
2026-05-19 02:00:00,3.68e-06,3.7e-06,3.66e-06,3.66e-06,113771872062.0
2026-05-19 03:00:00,3.66e-06,3.69e-06,3.66e-06,3.68e-06,63726838363.0
2026-05-19 04:00:00,3.69e-06,3.71e-06,3.67e-06,3.69e-06,76670706059.0
2026-05-19 05:00:00,3.7e-06,3.7e-06,3.66e-06,3.69e-06,143385001879.0
2026-05-19 06:00:00,3.69e-06,3.7e-06,3.68e-06,3.7e-06,117074780551.0
2026-05-19 07:00:00,3.69e-06,3.72e-06,3.68e-06,3.71e-06,111235045857.0
2026-05-19 08:00:00,3.7e-06,3.71e-06,3.68e-06,3.68e-06,176220759896.0
2026-05-19 09:00:00,3.68e-06,3.69e-06,3.65e-06,3.67e-06,132866633560.0
2026-05-19 10:00:00,3.67e-06,3.68e-06,3.64e-06,3.67e-06,160583375567.0
2026-05-19 11:00:00,3.66e-06,3.67e-06,3.64e-06,3.66e-06,185619271940.0
2026-05-19 12:00:00,3.65e-06,3.68e-06,3.64e-06,3.67e-06,92812470313.0
2026-05-19 13:00:00,3.68e-06,3.7e-06,3.66e-06,3.69e-06,231372512732.0
2026-05-19 14:00:00,3.69e-06,3.69e-06,3.62e-06,3.65e-06,457514149144.0
2026-05-19 15:00:00,3.64e-06,3.66e-06,3.63e-06,3.65e-06,132026040209.0
2026-05-19 16:00:00,3.65e-06,3.68e-06,3.63e-06,3.68e-06,117844450588.0
2026-05-19 17:00:00,3.68e-06,3.68e-06,3.65e-06,3.67e-06,99018236813.0
2026-05-19 18:00:00,3.67e-06,3.67e-06,3.63e-06,3.65e-06,176553818173.0
2026-05-19 19:00:00,3.65e-06,3.67e-06,3.63e-06,3.63e-06,107474651162.0
2026-05-19 20:00:00,3.64e-06,3.66e-06,3.63e-06,3.65e-06,80266968877.0
2026-05-19 21:00:00,3.66e-06,3.67e-06,3.65e-06,3.66e-06,96690966595.0
2026-05-19 22:00:00,3.66e-06,3.66e-06,3.62e-06,3.63e-06,85279422069.0
2026-05-19 23:00:00,3.63e-06,3.66e-06,3.63e-06,3.65e-06,73613095688.0
2026-05-20 00:00:00,3.65e-06,3.65e-06,3.62e-06,3.64e-06,143279022291.0
2026-05-20 01:00:00,3.64e-06,3.66e-06,3.62e-06,3.65e-06,159756516225.0
2026-05-20 02:00:00,3.65e-06,3.66e-06,3.63e-06,3.64e-06,91381873925.0
2026-05-20 03:00:00,3.64e-06,3.67e-06,3.63e-06,3.66e-06,63698042005.0
2026-05-20 04:00:00,3.65e-06,3.66e-06,3.64e-06,3.66e-06,93723782887.0
2026-05-20 05:00:00,3.66e-06,3.7e-06,3.66e-06,3.69e-06,205613617233.0
2026-05-20 06:00:00,3.69e-06,3.7e-06,3.67e-06,3.69e-06,89448481324.0
2026-05-20 07:00:00,3.7e-06,3.7e-06,3.67e-06,3.68e-06,59381549028.0
2026-05-20 08:00:00,3.67e-06,3.7e-06,3.67e-06,3.69e-06,207854927293.0
2026-05-20 09:00:00,3.68e-06,3.7e-06,3.67e-06,3.69e-06,123434537159.0
2026-05-20 10:00:00,3.69e-06,3.7e-06,3.68e-06,3.69e-06,51349402624.0
2026-05-20 11:00:00,3.69e-06,3.7e-06,3.67e-06,3.68e-06,88275279159.0
2026-05-20 12:00:00,3.68e-06,3.71e-06,3.67e-06,3.71e-06,133139100413.0
2026-05-20 13:00:00,3.71e-06,3.71e-06,3.66e-06,3.68e-06,234119382106.0
2026-05-20 14:00:00,3.68e-06,3.74e-06,3.65e-06,3.72e-06,386268763703.0
2026-05-20 15:00:00,3.73e-06,3.74e-06,3.69e-06,3.72e-06,288522627589.0
2026-05-20 16:00:00,3.73e-06,3.74e-06,3.69e-06,3.72e-06,301784545999.0
2026-05-20 17:00:00,3.72e-06,3.76e-06,3.72e-06,3.73e-06,235621201701.0
2026-05-20 18:00:00,3.74e-06,3.74e-06,3.71e-06,3.72e-06,137647665018.0
2026-05-20 19:00:00,3.72e-06,3.74e-06,3.7e-06,3.74e-06,114834993474.0
2026-05-20 20:00:00,3.74e-06,3.74e-06,3.71e-06,3.74e-06,104007989021.0
2026-05-20 21:00:00,3.74e-06,3.74e-06,3.71e-06,3.72e-06,94429896979.0
2026-05-20 22:00:00,3.72e-06,3.72e-06,3.68e-06,3.72e-06,177944391250.0
2026-05-20 23:00:00,3.72e-06,3.72e-06,3.7e-06,3.72e-06,54362442994.0
2026-05-21 00:00:00,3.72e-06,3.75e-06,3.71e-06,3.75e-06,119534299988.0
2026-05-21 01:00:00,3.75e-06,3.76e-06,3.74e-06,3.74e-06,143023228899.0
2026-05-21 02:00:00,3.75e-06,3.78e-06,3.74e-06,3.77e-06,138823616415.0
2026-05-21 03:00:00,3.76e-06,3.79e-06,3.75e-06,3.78e-06,132612240509.0
2026-05-21 04:00:00,3.78e-06,3.79e-06,3.76e-06,3.79e-06,128210293979.0
2026-05-21 05:00:00,3.79e-06,3.79e-06,3.74e-06,3.77e-06,123240534641.0
2026-05-21 06:00:00,3.76e-06,3.77e-06,3.74e-06,3.75e-06,346772326652.0
2026-05-21 07:00:00,3.75e-06,3.78e-06,3.74e-06,3.78e-06,104336695164.0
2026-05-21 08:00:00,3.77e-06,3.81e-06,3.77e-06,3.78e-06,198901349065.0
2026-05-21 09:00:00,3.78e-06,3.78e-06,3.74e-06,3.76e-06,101582578225.0
2026-05-21 10:00:00,3.75e-06,3.76e-06,3.7e-06,3.72e-06,465534612390.0
2026-05-21 11:00:00,3.72e-06,3.74e-06,3.71e-06,3.73e-06,92974995628.0
2026-05-21 12:00:00,3.73e-06,3.75e-06,3.71e-06,3.73e-06,251777742481.0
2026-05-21 13:00:00,3.73e-06,3.76e-06,3.71e-06,3.75e-06,212498493281.0
2026-05-21 14:00:00,3.75e-06,3.76e-06,3.72e-06,3.74e-06,150497203672.0
2026-05-21 15:00:00,3.74e-06,3.78e-06,3.73e-06,3.76e-06,193258991850.0
2026-05-21 16:00:00,3.76e-06,3.78e-06,3.73e-06,3.75e-06,154124271837.0
2026-05-21 17:00:00,3.75e-06,3.83e-06,3.75e-06,3.82e-06,714802312525.0
2026-05-21 18:00:00,3.81e-06,3.83e-06,3.78e-06,3.8e-06,427599418808.0
2026-05-21 19:00:00,3.79e-06,3.83e-06,3.79e-06,3.82e-06,176011612968.0
2026-05-21 20:00:00,3.82e-06,3.83e-06,3.81e-06,3.82e-06,85711147454.0
2026-05-21 21:00:00,3.81e-06,3.84e-06,3.8e-06,3.81e-06,120290932273.0
2026-05-21 22:00:00,3.81e-06,3.82e-06,3.79e-06,3.81e-06,139579345349.0
2026-05-21 23:00:00,3.81e-06,3.81e-06,3.79e-06,3.81e-06,70951054052.0
2026-05-22 00:00:00,3.81e-06,3.81e-06,3.76e-06,3.78e-06,129244317904.0
2026-05-22 01:00:00,3.77e-06,3.8e-06,3.77e-06,3.79e-06,46889286199.0
2026-05-22 02:00:00,3.8e-06,3.82e-06,3.79e-06,3.8e-06,99606692444.0
2026-05-22 03:00:00,3.81e-06,3.82e-06,3.78e-06,3.79e-06,140922004717.0
2026-05-22 04:00:00,3.8e-06,3.81e-06,3.78e-06,3.78e-06,94626735774.0
2026-05-22 05:00:00,3.78e-06,3.81e-06,3.77e-06,3.78e-06,55739310822.0
2026-05-22 06:00:00,3.78e-06,3.79e-06,3.77e-06,3.79e-06,153396978646.0
2026-05-22 07:00:00,3.79e-06,3.81e-06,3.76e-06,3.79e-06,139835475170.0
2026-05-22 08:00:00,3.8e-06,3.82e-06,3.78e-06,3.79e-06,223791500930.0
2026-05-22 09:00:00,3.8e-06,3.82e-06,3.78e-06,3.79e-06,178719942320.0
2026-05-22 10:00:00,3.79e-06,3.8e-06,3.77e-06,3.79e-06,71722337001.0
2026-05-22 11:00:00,3.78e-06,3.81e-06,3.77e-06,3.81e-06,114710471319.0
2026-05-22 12:00:00,3.8e-06,3.83e-06,3.79e-06,3.82e-06,188328923138.0
2026-05-22 13:00:00,3.83e-06,3.83e-06,3.79e-06,3.81e-06,317284566094.0
2026-05-22 14:00:00,3.81e-06,3.81e-06,3.74e-06,3.76e-06,415782471352.0
2026-05-22 15:00:00,3.75e-06,3.78e-06,3.73e-06,3.77e-06,240714574389.0
2026-05-22 16:00:00,3.76e-06,3.79e-06,3.75e-06,3.78e-06,128779099170.0
2026-05-22 17:00:00,3.78e-06,3.79e-06,3.75e-06,3.76e-06,106745120009.0
2026-05-22 18:00:00,3.76e-06,3.76e-06,3.64e-06,3.7e-06,791738566876.0
2026-05-22 19:00:00,3.7e-06,3.71e-06,3.64e-06,3.67e-06,492708656669.0
2026-05-22 20:00:00,3.67e-06,3.7e-06,3.66e-06,3.68e-06,219399477617.0
2026-05-22 21:00:00,3.69e-06,3.7e-06,3.68e-06,3.69e-06,79161863936.0
2026-05-22 22:00:00,3.69e-06,3.69e-06,3.64e-06,3.66e-06,168883667539.0
2026-05-22 23:00:00,3.65e-06,3.67e-06,3.57e-06,3.61e-06,408988814444.0
2026-05-23 00:00:00,3.6e-06,3.62e-06,3.58e-06,3.61e-06,298873604690.0
2026-05-23 01:00:00,3.61e-06,3.63e-06,3.6e-06,3.63e-06,137140992452.0
2026-05-23 02:00:00,3.63e-06,3.63e-06,3.61e-06,3.62e-06,112482436077.0
2026-05-23 03:00:00,3.63e-06,3.63e-06,3.62e-06,3.62e-06,110675542209.0
2026-05-23 04:00:00,3.62e-06,3.63e-06,3.58e-06,3.6e-06,164514163529.0
2026-05-23 05:00:00,3.59e-06,3.6e-06,3.57e-06,3.58e-06,173121562953.0
2026-05-23 06:00:00,3.58e-06,3.59e-06,3.56e-06,3.58e-06,124239185290.0
2026-05-23 07:00:00,3.58e-06,3.59e-06,3.44e-06,3.49e-06,1251719136101.0
2026-05-23 08:00:00,3.49e-06,3.5e-06,3.46e-06,3.49e-06,425158849046.0
2026-05-23 09:00:00,3.49e-06,3.5e-06,3.47e-06,3.48e-06,253662932218.0
2026-05-23 10:00:00,3.49e-06,3.5e-06,3.48e-06,3.49e-06,85420557085.0
2026-05-23 11:00:00,3.49e-06,3.5e-06,3.48e-06,3.48e-06,318891782188.0
2026-05-23 12:00:00,3.48e-06,3.49e-06,3.46e-06,3.48e-06,207919374132.0
2026-05-23 13:00:00,3.48e-06,3.54e-06,3.48e-06,3.53e-06,467913535635.0
2026-05-23 14:00:00,3.52e-06,3.57e-06,3.51e-06,3.57e-06,272809103486.0
2026-05-23 15:00:00,3.57e-06,3.59e-06,3.55e-06,3.58e-06,286512887929.0
2026-05-23 16:00:00,3.58e-06,3.59e-06,3.55e-06,3.57e-06,183902802661.0
2026-05-23 17:00:00,3.57e-06,3.58e-06,3.56e-06,3.58e-06,129590399479.0
2026-05-23 18:00:00,3.58e-06,3.64e-06,3.56e-06,3.6e-06,374412721322.0
2026-05-23 19:00:00,3.61e-06,3.63e-06,3.59e-06,3.62e-06,163973675542.0
2026-05-23 20:00:00,3.62e-06,3.75e-06,3.61e-06,3.74e-06,763613735623.0
2026-05-23 21:00:00,3.74e-06,3.76e-06,3.64e-06,3.67e-06,644883801498.0
2026-05-23 22:00:00,3.66e-06,3.68e-06,3.61e-06,3.63e-06,226641608510.0
2026-05-23 23:00:00,3.63e-06,3.66e-06,3.62e-06,3.65e-06,168053947531.0
2026-05-24 00:00:00,3.65e-06,3.66e-06,3.63e-06,3.64e-06,171052447027.0
2026-05-24 01:00:00,3.65e-06,3.66e-06,3.63e-06,3.65e-06,89981392199.0
2026-05-24 02:00:00,3.65e-06,3.65e-06,3.62e-06,3.64e-06,108191972666.0
2026-05-24 03:00:00,3.63e-06,3.65e-06,3.61e-06,3.63e-06,111632919400.0
2026-05-24 04:00:00,3.62e-06,3.64e-06,3.62e-06,3.63e-06,121634917041.0
2026-05-24 05:00:00,3.62e-06,3.63e-06,3.6e-06,3.62e-06,112263728721.0
2026-05-24 06:00:00,3.62e-06,3.64e-06,3.6e-06,3.63e-06,147015233053.0
2026-05-24 07:00:00,3.63e-06,3.64e-06,3.61e-06,3.61e-06,96440937196.0
2026-05-24 08:00:00,3.61e-06,3.63e-06,3.61e-06,3.62e-06,66924132265.0
2026-05-24 09:00:00,3.62e-06,3.64e-06,3.62e-06,3.63e-06,75576388272.0
2026-05-24 10:00:00,3.64e-06,3.66e-06,3.61e-06,3.63e-06,146996776286.0
2026-05-24 11:00:00,3.63e-06,3.64e-06,3.62e-06,3.63e-06,137644269089.0
2026-05-24 12:00:00,3.63e-06,3.63e-06,3.6e-06,3.61e-06,138246045345.0
2026-05-24 13:00:00,3.61e-06,3.62e-06,3.57e-06,3.59e-06,122606466092.0
2026-05-24 14:00:00,3.59e-06,3.59e-06,3.52e-06,3.58e-06,328961939758.0
2026-05-24 15:00:00,3.58e-06,3.59e-06,3.57e-06,3.58e-06,108846434686.0
2026-05-24 16:00:00,3.58e-06,3.6e-06,3.57e-06,3.58e-06,126034381725.0
2026-05-24 17:00:00,3.59e-06,3.6e-06,3.58e-06,3.6e-06,36441889608.0
2026-05-24 18:00:00,3.6e-06,3.6e-06,3.57e-06,3.58e-06,115262631020.0
2026-05-24 19:00:00,3.57e-06,3.59e-06,3.57e-06,3.58e-06,103863217424.0
2026-05-24 20:00:00,3.58e-06,3.59e-06,3.55e-06,3.56e-06,113789310240.0
2026-05-24 21:00:00,3.56e-06,3.58e-06,3.51e-06,3.52e-06,435867106651.0
2026-05-24 22:00:00,3.52e-06,3.58e-06,3.52e-06,3.55e-06,342855727428.0
2026-05-24 23:00:00,3.54e-06,3.59e-06,3.54e-06,3.58e-06,90358621190.0
2026-05-25 00:00:00,3.58e-06,3.6e-06,3.57e-06,3.58e-06,108648123824.0
2026-05-25 01:00:00,3.59e-06,3.59e-06,3.55e-06,3.55e-06,154048387257.0
2026-05-25 02:00:00,3.56e-06,3.59e-06,3.55e-06,3.56e-06,98204305632.0
2026-05-25 03:00:00,3.56e-06,3.56e-06,3.54e-06,3.55e-06,121081629219.0
2026-05-25 04:00:00,3.56e-06,3.6e-06,3.55e-06,3.58e-06,106644578270.0
2026-05-25 05:00:00,3.59e-06,3.62e-06,3.58e-06,3.6e-06,127456950010.0
2026-05-25 06:00:00,3.61e-06,3.62e-06,3.59e-06,3.6e-06,93864800345.0
2026-05-25 07:00:00,3.61e-06,3.62e-06,3.58e-06,3.6e-06,148917914052.0
2026-05-25 08:00:00,3.61e-06,3.61e-06,3.59e-06,3.6e-06,90326028785.0
2026-05-25 09:00:00,3.61e-06,3.62e-06,3.59e-06,3.61e-06,83328187454.0
2026-05-25 10:00:00,3.6e-06,3.63e-06,3.6e-06,3.62e-06,85734518071.0
2026-05-25 11:00:00,3.62e-06,3.63e-06,3.6e-06,3.61e-06,79208588852.0
2026-05-25 12:00:00,3.6e-06,3.62e-06,3.6e-06,3.6e-06,186136356534.0
2026-05-25 13:00:00,3.61e-06,3.62e-06,3.6e-06,3.62e-06,130590619152.0
2026-05-25 14:00:00,3.62e-06,3.64e-06,3.61e-06,3.64e-06,179506600433.0
2026-05-25 15:00:00,3.64e-06,3.66e-06,3.62e-06,3.64e-06,219507799380.0
2026-05-25 16:00:00,3.65e-06,3.66e-06,3.63e-06,3.66e-06,200751178800.0
2026-05-25 17:00:00,3.66e-06,3.66e-06,3.64e-06,3.64e-06,117675595049.0
2026-05-25 18:00:00,3.64e-06,3.66e-06,3.62e-06,3.64e-06,262333671208.0
2026-05-25 19:00:00,3.63e-06,3.64e-06,3.6e-06,3.61e-06,130860154330.0
2026-05-25 20:00:00,3.62e-06,3.63e-06,3.59e-06,3.61e-06,101780231814.0
2026-05-25 21:00:00,3.61e-06,3.61e-06,3.59e-06,3.6e-06,69212324974.0
2026-05-25 22:00:00,3.6e-06,3.6e-06,3.56e-06,3.56e-06,147704702617.0
2026-05-25 23:00:00,3.56e-06,3.6e-06,3.56e-06,3.6e-06,118042876980.0
2026-05-26 00:00:00,3.6e-06,3.6e-06,3.53e-06,3.57e-06,318012572731.0
2026-05-26 01:00:00,3.56e-06,3.57e-06,3.52e-06,3.54e-06,396223470227.0
2026-05-26 02:00:00,3.54e-06,3.55e-06,3.52e-06,3.55e-06,161871313537.0
2026-05-26 03:00:00,3.55e-06,3.55e-06,3.52e-06,3.54e-06,177189094237.0
2026-05-26 04:00:00,3.54e-06,3.57e-06,3.53e-06,3.56e-06,143442782930.0
2026-05-26 05:00:00,3.56e-06,3.59e-06,3.55e-06,3.58e-06,81049969839.0
2026-05-26 06:00:00,3.58e-06,3.58e-06,3.55e-06,3.57e-06,112344636329.0
2026-05-26 07:00:00,3.58e-06,3.58e-06,3.54e-06,3.55e-06,158423632176.0
2026-05-26 08:00:00,3.56e-06,3.57e-06,3.55e-06,3.56e-06,75746099032.0
2026-05-26 09:00:00,3.57e-06,3.58e-06,3.55e-06,3.56e-06,108608113756.0
2026-05-26 10:00:00,3.57e-06,3.64e-06,3.56e-06,3.64e-06,353910632849.0
2026-05-26 11:00:00,3.63e-06,3.64e-06,3.61e-06,3.62e-06,330904528630.0
2026-05-26 12:00:00,3.62e-06,3.62e-06,3.59e-06,3.61e-06,121734893725.0
2026-05-26 13:00:00,3.61e-06,3.63e-06,3.58e-06,3.62e-06,202707661740.0
2026-05-26 14:00:00,3.61e-06,3.65e-06,3.58e-06,3.6e-06,431498044515.0
2026-05-26 15:00:00,3.6e-06,3.61e-06,3.54e-06,3.58e-06,468933586467.0
2026-05-26 16:00:00,3.58e-06,3.58e-06,3.53e-06,3.55e-06,398713448196.0
2026-05-26 17:00:00,3.55e-06,3.56e-06,3.49e-06,3.53e-06,506763188371.0
2026-05-26 18:00:00,3.52e-06,3.54e-06,3.5e-06,3.52e-06,282307149489.0
2026-05-26 19:00:00,3.52e-06,3.54e-06,3.5e-06,3.53e-06,200130833802.0
2026-05-26 20:00:00,3.53e-06,3.53e-06,3.5e-06,3.52e-06,107970522133.0
2026-05-26 21:00:00,3.52e-06,3.53e-06,3.49e-06,3.5e-06,189834930784.0
2026-05-26 22:00:00,3.51e-06,3.52e-06,3.49e-06,3.5e-06,196747851643.0
2026-05-26 23:00:00,3.51e-06,3.53e-06,3.5e-06,3.52e-06,143468054142.0
2026-05-27 00:00:00,3.52e-06,3.55e-06,3.51e-06,3.54e-06,220141160927.0
2026-05-27 01:00:00,3.54e-06,3.55e-06,3.51e-06,3.52e-06,93167926414.0
2026-05-27 02:00:00,3.52e-06,3.53e-06,3.5e-06,3.53e-06,209303826406.0
2026-05-27 03:00:00,3.52e-06,3.53e-06,3.5e-06,3.51e-06,165272375310.0
2026-05-27 04:00:00,3.51e-06,3.52e-06,3.41e-06,3.51e-06,883519054234.0
2026-05-27 05:00:00,3.5e-06,3.53e-06,3.5e-06,3.53e-06,139557143774.0
2026-05-27 06:00:00,3.53e-06,3.55e-06,3.52e-06,3.54e-06,165091481929.0
2026-05-27 07:00:00,3.55e-06,3.56e-06,3.52e-06,3.53e-06,97331083240.0
2026-05-27 08:00:00,3.54e-06,3.55e-06,3.52e-06,3.53e-06,124169625593.0
2026-05-27 09:00:00,3.53e-06,3.54e-06,3.51e-06,3.53e-06,153142999997.0
2026-05-27 10:00:00,3.52e-06,3.54e-06,3.51e-06,3.53e-06,83987040125.0
2026-05-27 11:00:00,3.52e-06,3.54e-06,3.52e-06,3.53e-06,120310930625.0
2026-05-27 12:00:00,3.53e-06,3.57e-06,3.5e-06,3.55e-06,335564866615.0
2026-05-27 13:00:00,3.54e-06,3.55e-06,3.49e-06,3.52e-06,579566049495.0
2026-05-27 14:00:00,3.52e-06,3.54e-06,3.49e-06,3.54e-06,621489586434.0
2026-05-27 15:00:00,3.54e-06,3.6e-06,3.53e-06,3.57e-06,679891160750.0
2026-05-27 16:00:00,3.57e-06,3.59e-06,3.53e-06,3.55e-06,244718862627.0
2026-05-27 17:00:00,3.55e-06,3.55e-06,3.5e-06,3.51e-06,456705787150.0
2026-05-27 18:00:00,3.51e-06,3.53e-06,3.49e-06,3.53e-06,297931089350.0
2026-05-27 19:00:00,3.53e-06,3.55e-06,3.52e-06,3.54e-06,113378379043.0
2026-05-27 20:00:00,3.54e-06,3.55e-06,3.52e-06,3.54e-06,111482986262.0
2026-05-27 21:00:00,3.53e-06,3.54e-06,3.43e-06,3.46e-06,319616624866.0
2026-05-27 22:00:00,3.46e-06,3.49e-06,3.44e-06,3.46e-06,223049175303.0
2026-05-27 23:00:00,3.46e-06,3.48e-06,3.45e-06,3.48e-06,135669949066.0
2026-05-28 00:00:00,3.48e-06,3.49e-06,3.45e-06,3.48e-06,229364096697.0
2026-05-28 01:00:00,3.48e-06,3.48e-06,3.43e-06,3.46e-06,224654432778.0
2026-05-28 02:00:00,3.46e-06,3.47e-06,3.45e-06,3.46e-06,147398322714.0
2026-05-28 03:00:00,3.45e-06,3.46e-06,3.37e-06,3.39e-06,772154813222.0
2026-05-28 04:00:00,3.39e-06,3.39e-06,3.33e-06,3.37e-06,687200695718.0
2026-05-28 05:00:00,3.37e-06,3.37e-06,3.29e-06,3.33e-06,548087707274.0
2026-05-28 06:00:00,3.32e-06,3.35e-06,3.31e-06,3.34e-06,298728461509.0
2026-05-28 07:00:00,3.34e-06,3.37e-06,3.33e-06,3.37e-06,223350198590.0
2026-05-28 08:00:00,3.37e-06,3.37e-06,3.34e-06,3.34e-06,131019782687.0
2026-05-28 09:00:00,3.35e-06,3.37e-06,3.34e-06,3.37e-06,114769509245.0
2026-05-28 10:00:00,3.37e-06,3.38e-06,3.32e-06,3.33e-06,168427537820.0
2026-05-28 11:00:00,3.34e-06,3.34e-06,3.31e-06,3.32e-06,158792824335.0
2026-05-28 12:00:00,3.32e-06,3.34e-06,3.3e-06,3.34e-06,137647941665.0
2026-05-28 13:00:00,3.33e-06,3.35e-06,3.3e-06,3.33e-06,273856050831.0
2026-05-28 14:00:00,3.33e-06,3.36e-06,3.28e-06,3.34e-06,588446911044.0
2026-05-28 15:00:00,3.34e-06,3.35e-06,3.3e-06,3.34e-06,127903832693.0
2026-05-28 16:00:00,3.33e-06,3.38e-06,3.32e-06,3.38e-06,201309858605.0
2026-05-28 17:00:00,3.38e-06,3.41e-06,3.36e-06,3.4e-06,261524594546.0
2026-05-28 18:00:00,3.39e-06,3.44e-06,3.39e-06,3.43e-06,250830290379.0
2026-05-28 19:00:00,3.43e-06,3.43e-06,3.38e-06,3.39e-06,231449469853.0
2026-05-28 20:00:00,3.39e-06,3.43e-06,3.37e-06,3.41e-06,274017730616.0
2026-05-28 21:00:00,3.41e-06,3.43e-06,3.4e-06,3.42e-06,121996911078.0
2026-05-28 22:00:00,3.42e-06,3.43e-06,3.37e-06,3.38e-06,119030008491.0
2026-05-28 23:00:00,3.38e-06,3.39e-06,3.37e-06,3.39e-06,135022464015.0
2026-05-29 00:00:00,3.39e-06,3.41e-06,3.38e-06,3.4e-06,61924442892.0
2026-05-29 01:00:00,3.4e-06,3.41e-06,3.38e-06,3.4e-06,113829179131.0
2026-05-29 02:00:00,3.39e-06,3.41e-06,3.37e-06,3.38e-06,91348391107.0
2026-05-29 03:00:00,3.37e-06,3.4e-06,3.37e-06,3.37e-06,75168591858.0
2026-05-29 04:00:00,3.38e-06,3.39e-06,3.35e-06,3.39e-06,90429242942.0
2026-05-29 05:00:00,3.38e-06,3.41e-06,3.38e-06,3.39e-06,106386412768.0
2026-05-29 06:00:00,3.39e-06,3.42e-06,3.39e-06,3.4e-06,59535694990.0
2026-05-29 07:00:00,3.41e-06,3.43e-06,3.37e-06,3.39e-06,176810163400.0
2026-05-29 08:00:00,3.4e-06,3.42e-06,3.38e-06,3.4e-06,93495097390.0
2026-05-29 09:00:00,3.39e-06,3.42e-06,3.39e-06,3.4e-06,68982093968.0
2026-05-29 10:00:00,3.4e-06,3.41e-06,3.38e-06,3.4e-06,58742153016.0
2026-05-29 11:00:00,3.4e-06,3.4e-06,3.34e-06,3.36e-06,183535588538.0
2026-05-29 12:00:00,3.37e-06,3.37e-06,3.33e-06,3.35e-06,183983493032.0
2026-05-29 13:00:00,3.34e-06,3.36e-06,3.32e-06,3.35e-06,398044862075.0
2026-05-29 14:00:00,3.35e-06,3.38e-06,3.31e-06,3.36e-06,448587730870.0
2026-05-29 15:00:00,3.36e-06,3.46e-06,3.35e-06,3.42e-06,1026864796944.0
2026-05-29 16:00:00,3.43e-06,3.45e-06,3.39e-06,3.43e-06,251213368182.0
2026-05-29 17:00:00,3.44e-06,3.45e-06,3.41e-06,3.42e-06,227872429250.0
2026-05-29 18:00:00,3.42e-06,3.44e-06,3.37e-06,3.38e-06,179092924942.0
2026-05-29 19:00:00,3.39e-06,3.41e-06,3.36e-06,3.39e-06,103989593546.0
2026-05-29 20:00:00,3.4e-06,3.41e-06,3.38e-06,3.4e-06,74153009588.0
2026-05-29 21:00:00,3.39e-06,3.41e-06,3.37e-06,3.38e-06,116193187055.0
2026-05-29 22:00:00,3.38e-06,3.4e-06,3.37e-06,3.38e-06,72357891458.0
2026-05-29 23:00:00,3.39e-06,3.4e-06,3.37e-06,3.39e-06,98882705106.0
2026-05-30 00:00:00,3.39e-06,3.41e-06,3.37e-06,3.4e-06,143887468117.0
2026-05-30 01:00:00,3.4e-06,3.44e-06,3.39e-06,3.44e-06,140942949360.0
2026-05-30 02:00:00,3.44e-06,3.45e-06,3.43e-06,3.45e-06,168989234073.0
2026-05-30 03:00:00,3.45e-06,3.46e-06,3.42e-06,3.43e-06,168859288163.0
2026-05-30 04:00:00,3.43e-06,3.44e-06,3.38e-06,3.41e-06,296614006765.0
2026-05-30 05:00:00,3.4e-06,3.45e-06,3.4e-06,3.44e-06,108206670700.0
2026-05-30 06:00:00,3.43e-06,3.45e-06,3.42e-06,3.43e-06,125598363314.0
2026-05-30 07:00:00,3.42e-06,3.43e-06,3.41e-06,3.43e-06,89445951334.0
2026-05-30 08:00:00,3.43e-06,3.43e-06,3.4e-06,3.41e-06,109497561079.0
2026-05-30 09:00:00,3.4e-06,3.42e-06,3.4e-06,3.42e-06,56786472482.0
2026-05-30 10:00:00,3.41e-06,3.43e-06,3.41e-06,3.42e-06,90994743725.0
2026-05-30 11:00:00,3.41e-06,3.43e-06,3.4e-06,3.42e-06,66562825297.0
2026-05-30 12:00:00,3.42e-06,3.43e-06,3.41e-06,3.42e-06,27497426455.0
2026-05-30 13:00:00,3.42e-06,3.43e-06,3.4e-06,3.43e-06,86537743538.0
2026-05-30 14:00:00,3.42e-06,3.45e-06,3.42e-06,3.44e-06,124947587883.0
2026-05-30 15:00:00,3.44e-06,3.45e-06,3.42e-06,3.43e-06,76923149228.0
2026-05-30 16:00:00,3.44e-06,3.45e-06,3.42e-06,3.44e-06,88787540167.0
2026-05-30 17:00:00,3.44e-06,3.45e-06,3.42e-06,3.44e-06,146158088139.0
2026-05-30 18:00:00,3.44e-06,3.46e-06,3.43e-06,3.45e-06,75306025412.0
2026-05-30 19:00:00,3.45e-06,3.45e-06,3.43e-06,3.45e-06,44504556093.0
2026-05-30 20:00:00,3.45e-06,3.45e-06,3.43e-06,3.43e-06,56895325277.0
2026-05-30 21:00:00,3.43e-06,3.45e-06,3.43e-06,3.44e-06,22099428890.0
2026-05-30 22:00:00,3.43e-06,3.44e-06,3.4e-06,3.41e-06,206765556802.0
2026-05-30 23:00:00,3.41e-06,3.42e-06,3.39e-06,3.41e-06,112222857099.0
2026-05-31 00:00:00,3.41e-06,3.43e-06,3.4e-06,3.43e-06,60657428653.0
2026-05-31 01:00:00,3.43e-06,3.44e-06,3.42e-06,3.44e-06,75937663373.0
2026-05-31 02:00:00,3.44e-06,3.46e-06,3.42e-06,3.45e-06,154491216661.0
2026-05-31 03:00:00,3.44e-06,3.46e-06,3.44e-06,3.46e-06,78911164376.0
2026-05-31 04:00:00,3.45e-06,3.48e-06,3.44e-06,3.46e-06,356823040117.0
2026-05-31 05:00:00,3.47e-06,3.47e-06,3.44e-06,3.45e-06,71782405099.0
2026-05-31 06:00:00,3.44e-06,3.45e-06,3.43e-06,3.44e-06,28583163911.0
2026-05-31 07:00:00,3.44e-06,3.45e-06,3.41e-06,3.43e-06,124080052793.0
2026-05-31 08:00:00,3.43e-06,3.45e-06,3.42e-06,3.44e-06,63567943255.0
2026-05-31 09:00:00,3.43e-06,3.45e-06,3.42e-06,3.42e-06,39996432212.0
2026-05-31 10:00:00,3.42e-06,3.44e-06,3.41e-06,3.43e-06,61349044510.0
2026-05-31 11:00:00,3.43e-06,3.45e-06,3.43e-06,3.43e-06,41321318911.0
2026-05-31 12:00:00,3.43e-06,3.45e-06,3.42e-06,3.45e-06,154258736065.0
2026-05-31 13:00:00,3.44e-06,3.45e-06,3.42e-06,3.43e-06,403299435303.0
2026-05-31 14:00:00,3.43e-06,3.44e-06,3.36e-06,3.38e-06,781378200136.0
2026-05-31 15:00:00,3.38e-06,3.41e-06,3.37e-06,3.38e-06,118491284929.0
2026-05-31 16:00:00,3.38e-06,3.39e-06,3.35e-06,3.36e-06,374496161657.0
2026-05-31 17:00:00,3.36e-06,3.38e-06,3.34e-06,3.38e-06,239807838885.0
2026-05-31 18:00:00,3.37e-06,3.38e-06,3.36e-06,3.37e-06,126204160576.0
2026-05-31 19:00:00,3.38e-06,3.38e-06,3.35e-06,3.36e-06,44922539159.0
2026-05-31 20:00:00,3.37e-06,3.39e-06,3.37e-06,3.38e-06,145813541764.0
2026-05-31 21:00:00,3.38e-06,3.42e-06,3.38e-06,3.42e-06,37328865899.0
2026-05-31 22:00:00,3.42e-06,3.44e-06,3.4e-06,3.43e-06,211368167332.0
2026-05-31 23:00:00,3.43e-06,3.45e-06,3.39e-06,3.43e-06,257872024049.0
2026-06-01 00:00:00,3.43e-06,3.45e-06,3.42e-06,3.44e-06,265109109646.0
2026-06-01 01:00:00,3.44e-06,3.44e-06,3.38e-06,3.39e-06,177234776613.0
2026-06-01 02:00:00,3.38e-06,3.44e-06,3.37e-06,3.44e-06,118679209827.0
2026-06-01 03:00:00,3.44e-06,3.45e-06,3.42e-06,3.44e-06,232963950503.0
2026-06-01 04:00:00,3.44e-06,3.45e-06,3.39e-06,3.41e-06,265410366724.0
2026-06-01 05:00:00,3.4e-06,3.41e-06,3.38e-06,3.4e-06,170315580331.0
2026-06-01 06:00:00,3.4e-06,3.4e-06,3.35e-06,3.38e-06,343423050960.0
2026-06-01 07:00:00,3.38e-06,3.39e-06,3.33e-06,3.34e-06,270222964867.0
2026-06-01 08:00:00,3.35e-06,3.37e-06,3.33e-06,3.37e-06,167994753886.0
2026-06-01 09:00:00,3.37e-06,3.38e-06,3.35e-06,3.37e-06,179396491767.0
2026-06-01 10:00:00,3.37e-06,3.38e-06,3.35e-06,3.38e-06,118073145258.0
2026-06-01 11:00:00,3.37e-06,3.38e-06,3.34e-06,3.36e-06,191218405691.0
2026-06-01 12:00:00,3.35e-06,3.37e-06,3.32e-06,3.36e-06,379363398625.0
2026-06-01 13:00:00,3.36e-06,3.37e-06,3.31e-06,3.35e-06,628723585431.0
2026-06-01 14:00:00,3.34e-06,3.36e-06,3.32e-06,3.35e-06,361385193982.0
2026-06-01 15:00:00,3.34e-06,3.36e-06,3.31e-06,3.35e-06,278263073957.0
2026-06-01 16:00:00,3.35e-06,3.4e-06,3.32e-06,3.39e-06,391879688902.0
2026-06-01 17:00:00,3.39e-06,3.43e-06,3.38e-06,3.41e-06,404425389382.0
2026-06-01 18:00:00,3.41e-06,3.43e-06,3.39e-06,3.4e-06,190716922790.0
2026-06-01 19:00:00,3.4e-06,3.43e-06,3.39e-06,3.42e-06,233053349150.0
2026-06-01 20:00:00,3.42e-06,3.43e-06,3.4e-06,3.41e-06,134393821594.0
2026-06-01 21:00:00,3.42e-06,3.42e-06,3.38e-06,3.38e-06,136714117153.0
2026-06-01 22:00:00,3.38e-06,3.43e-06,3.36e-06,3.42e-06,303776000606.0
2026-06-01 23:00:00,3.42e-06,3.43e-06,3.4e-06,3.42e-06,106240974199.0
2026-06-02 00:00:00,3.42e-06,3.42e-06,3.39e-06,3.41e-06,112429203912.0
2026-06-02 01:00:00,3.41e-06,3.41e-06,3.36e-06,3.37e-06,174025651270.0
2026-06-02 02:00:00,3.36e-06,3.39e-06,3.33e-06,3.39e-06,402036586432.0
2026-06-02 03:00:00,3.39e-06,3.41e-06,3.39e-06,3.4e-06,147712293788.0
2026-06-02 04:00:00,3.4e-06,3.41e-06,3.37e-06,3.38e-06,184753425252.0
2026-06-02 05:00:00,3.37e-06,3.38e-06,3.34e-06,3.35e-06,143109529592.0
2026-06-02 06:00:00,3.35e-06,3.36e-06,3.32e-06,3.33e-06,237297904117.0
2026-06-02 07:00:00,3.33e-06,3.36e-06,3.3e-06,3.33e-06,250246332733.0
2026-06-02 08:00:00,3.33e-06,3.35e-06,3.32e-06,3.33e-06,164943516526.0
2026-06-02 09:00:00,3.34e-06,3.34e-06,3.31e-06,3.33e-06,210909529401.0
2026-06-02 10:00:00,3.33e-06,3.35e-06,3.31e-06,3.34e-06,180411656072.0
2026-06-02 11:00:00,3.35e-06,3.35e-06,3.31e-06,3.32e-06,178282829759.0
2026-06-02 12:00:00,3.32e-06,3.34e-06,3.3e-06,3.33e-06,402050456484.0
2026-06-02 13:00:00,3.33e-06,3.35e-06,3.32e-06,3.33e-06,220689838301.0
2026-06-02 14:00:00,3.33e-06,3.33e-06,3.21e-06,3.25e-06,1110085939621.0
2026-06-02 15:00:00,3.24e-06,3.25e-06,3.14e-06,3.19e-06,1106871277809.0
2026-06-02 16:00:00,3.19e-06,3.25e-06,3.17e-06,3.22e-06,520438982936.0
2026-06-02 17:00:00,3.22e-06,3.25e-06,3.21e-06,3.23e-06,253393193035.0
2026-06-02 18:00:00,3.23e-06,3.25e-06,3.17e-06,3.19e-06,297074927659.0
2026-06-02 19:00:00,3.19e-06,3.2e-06,3.09e-06,3.17e-06,951836978586.0
2026-06-02 20:00:00,3.16e-06,3.19e-06,3.12e-06,3.17e-06,298920095373.0
2026-06-02 21:00:00,3.17e-06,3.2e-06,3.15e-06,3.17e-06,157896853474.0
2026-06-02 22:00:00,3.17e-06,3.17e-06,3.07e-06,3.09e-06,625740356096.0
2026-06-02 23:00:00,3.09e-06,3.12e-06,3.04e-06,3.12e-06,689092542420.0
2026-06-03 00:00:00,3.12e-06,3.15e-06,3.11e-06,3.13e-06,270514967719.0
2026-06-03 01:00:00,3.13e-06,3.15e-06,3.1e-06,3.14e-06,220141792318.0
2026-06-03 02:00:00,3.14e-06,3.14e-06,3.11e-06,3.13e-06,216735047255.0
2026-06-03 03:00:00,3.13e-06,3.14e-06,3.04e-06,3.07e-06,492121117119.0
2026-06-03 04:00:00,3.07e-06,3.14e-06,3.06e-06,3.14e-06,314189390496.0
2026-06-03 05:00:00,3.14e-06,3.19e-06,3.13e-06,3.19e-06,381556229596.0
2026-06-03 06:00:00,3.18e-06,3.23e-06,3.17e-06,3.21e-06,178186001861.0
2026-06-03 07:00:00,3.2e-06,3.24e-06,3.19e-06,3.22e-06,194255011139.0
2026-06-03 08:00:00,3.22e-06,3.24e-06,3.2e-06,3.22e-06,125051488082.0
2026-06-03 09:00:00,3.21e-06,3.23e-06,3.2e-06,3.22e-06,192004083537.0
2026-06-03 10:00:00,3.21e-06,3.25e-06,3.21e-06,3.24e-06,197298735495.0
2026-06-03 11:00:00,3.24e-06,3.25e-06,3.21e-06,3.21e-06,275033150975.0
2026-06-03 12:00:00,3.22e-06,3.23e-06,3.19e-06,3.21e-06,156607124111.0
2026-06-03 13:00:00,3.22e-06,3.23e-06,3.2e-06,3.21e-06,432068290207.0
2026-06-03 14:00:00,3.22e-06,3.23e-06,3.17e-06,3.22e-06,402295853907.0
2026-06-03 15:00:00,3.22e-06,3.22e-06,3.16e-06,3.17e-06,316647658154.0
2026-06-03 16:00:00,3.16e-06,3.17e-06,3.1e-06,3.15e-06,535250060136.0
2026-06-03 17:00:00,3.14e-06,3.19e-06,3.11e-06,3.18e-06,389826898639.0
2026-06-03 18:00:00,3.18e-06,3.2e-06,3.15e-06,3.19e-06,244252583578.0
2026-06-03 19:00:00,3.18e-06,3.19e-06,3.13e-06,3.13e-06,278023825008.0
2026-06-03 20:00:00,3.13e-06,3.16e-06,3.08e-06,3.1e-06,507949159869.0
2026-06-03 21:00:00,3.09e-06,3.19e-06,3.08e-06,3.19e-06,291082672042.0
2026-06-03 22:00:00,3.18e-06,3.2e-06,3.13e-06,3.15e-06,364881584801.0
2026-06-03 23:00:00,3.15e-06,3.15e-06,3.11e-06,3.12e-06,259505794629.0
2026-06-04 00:00:00,3.13e-06,3.15e-06,3.06e-06,3.08e-06,547526110563.0
2026-06-04 01:00:00,3.09e-06,3.1e-06,2.96e-06,2.98e-06,1216633454579.0
2026-06-04 02:00:00,2.98e-06,3.02e-06,2.85e-06,2.99e-06,1631958401183.0
2026-06-04 03:00:00,3e-06,3.11e-06,3e-06,3.1e-06,540042304788.0
2026-06-04 04:00:00,3.11e-06,3.12e-06,3.07e-06,3.07e-06,350892761351.0
2026-06-04 05:00:00,3.08e-06,3.08e-06,3.02e-06,3.04e-06,424786312514.0
2026-06-04 06:00:00,3.04e-06,3.08e-06,3.03e-06,3.05e-06,334052930620.0
2026-06-04 07:00:00,3.05e-06,3.06e-06,2.99e-06,3e-06,517007404063.0
2026-06-04 08:00:00,3e-06,3.02e-06,2.97e-06,3e-06,385777888165.0
2026-06-04 09:00:00,3e-06,3e-06,2.91e-06,2.96e-06,496242147334.0
2026-06-04 10:00:00,2.96e-06,2.96e-06,2.9e-06,2.91e-06,550621777588.0
2026-06-04 11:00:00,2.92e-06,2.97e-06,2.9e-06,2.97e-06,292593025690.0
2026-06-04 12:00:00,2.97e-06,3.02e-06,2.93e-06,3.01e-06,464239164328.0
2026-06-04 13:00:00,3.02e-06,3.02e-06,2.94e-06,3e-06,447236649162.0
2026-06-04 14:00:00,3e-06,3.01e-06,2.98e-06,3e-06,318628203403.0
2026-06-04 15:00:00,3e-06,3.04e-06,2.98e-06,3.02e-06,348507850456.0
2026-06-04 16:00:00,3.01e-06,3.02e-06,2.98e-06,3.01e-06,325030241846.0
2026-06-04 17:00:00,3e-06,3.02e-06,2.96e-06,2.99e-06,332610885281.0
2026-06-04 18:00:00,3e-06,3.04e-06,2.97e-06,3.02e-06,285683085171.0
2026-06-04 19:00:00,3.02e-06,3.04e-06,2.99e-06,3e-06,223799257881.0
2026-06-04 20:00:00,3e-06,3e-06,2.95e-06,2.97e-06,172720205094.0
2026-06-04 21:00:00,2.97e-06,2.99e-06,2.88e-06,2.9e-06,364263519247.0
2026-06-04 22:00:00,2.9e-06,2.94e-06,2.89e-06,2.94e-06,598646119564.0
2026-06-04 23:00:00,2.93e-06,2.96e-06,2.91e-06,2.96e-06,283552000428.0
2026-06-05 00:00:00,2.95e-06,2.97e-06,2.92e-06,2.92e-06,352278268502.0
2026-06-05 01:00:00,2.92e-06,2.96e-06,2.9e-06,2.94e-06,344840729356.0
2026-06-05 02:00:00,2.94e-06,2.95e-06,2.86e-06,2.88e-06,449200149900.0
2026-06-05 03:00:00,2.87e-06,2.91e-06,2.86e-06,2.87e-06,561256456106.0
2026-06-05 04:00:00,2.87e-06,2.93e-06,2.85e-06,2.91e-06,448559525865.0
2026-06-05 05:00:00,2.91e-06,2.92e-06,2.82e-06,2.84e-06,598120403522.0
2026-06-05 06:00:00,2.83e-06,2.84e-06,2.68e-06,2.76e-06,1906213091461.0
2026-06-05 07:00:00,2.76e-06,2.81e-06,2.7e-06,2.8e-06,752539900092.0
2026-06-05 08:00:00,2.8e-06,2.8e-06,2.73e-06,2.74e-06,399634988459.0
2026-06-05 09:00:00,2.74e-06,2.81e-06,2.74e-06,2.8e-06,511190815667.0
2026-06-05 10:00:00,2.8e-06,2.82e-06,2.77e-06,2.79e-06,424584181254.0
2026-06-05 11:00:00,2.79e-06,2.81e-06,2.76e-06,2.78e-06,365594118428.0
2026-06-05 12:00:00,2.78e-06,2.8e-06,2.73e-06,2.77e-06,511599474083.0
2026-06-05 13:00:00,2.76e-06,2.83e-06,2.7e-06,2.71e-06,586120623925.0
2026-06-05 14:00:00,2.71e-06,2.77e-06,2.68e-06,2.73e-06,978189933981.0
2026-06-05 15:00:00,2.74e-06,2.74e-06,2.66e-06,2.7e-06,834981901447.0
2026-06-05 16:00:00,2.69e-06,2.79e-06,2.63e-06,2.79e-06,1186503277314.0
2026-06-05 17:00:00,2.79e-06,2.8e-06,2.74e-06,2.75e-06,412497363582.0
2026-06-05 18:00:00,2.75e-06,2.78e-06,2.64e-06,2.65e-06,584236944760.0
2026-06-05 19:00:00,2.65e-06,2.72e-06,2.6e-06,2.69e-06,903348974401.0
2026-06-05 20:00:00,2.68e-06,2.78e-06,2.65e-06,2.75e-06,813929172950.0
2026-06-05 21:00:00,2.76e-06,2.78e-06,2.74e-06,2.75e-06,377906249924.0
2026-06-05 22:00:00,2.75e-06,2.75e-06,2.7e-06,2.72e-06,618879122938.0
2026-06-05 23:00:00,2.72e-06,2.74e-06,2.64e-06,2.7e-06,436023651483.0
2026-06-06 00:00:00,2.7e-06,2.75e-06,2.69e-06,2.75e-06,330410746330.0
2026-06-06 01:00:00,2.74e-06,2.75e-06,2.7e-06,2.7e-06,345805780423.0
2026-06-06 02:00:00,2.71e-06,2.71e-06,2.67e-06,2.68e-06,372960472441.0
2026-06-06 03:00:00,2.68e-06,2.68e-06,2.64e-06,2.66e-06,376666552292.0
2026-06-06 04:00:00,2.66e-06,2.67e-06,2.52e-06,2.55e-06,1837390996730.0
2026-06-06 05:00:00,2.54e-06,2.64e-06,2.51e-06,2.63e-06,958000955666.0
2026-06-06 06:00:00,2.64e-06,2.68e-06,2.62e-06,2.64e-06,571091157730.0
2026-06-06 07:00:00,2.64e-06,2.7e-06,2.63e-06,2.67e-06,302769311737.0
2026-06-06 08:00:00,2.68e-06,2.73e-06,2.66e-06,2.72e-06,486629585436.0
2026-06-06 09:00:00,2.71e-06,2.74e-06,2.67e-06,2.69e-06,447720453791.0
2026-06-06 10:00:00,2.68e-06,2.69e-06,2.62e-06,2.65e-06,850775680609.0
2026-06-06 11:00:00,2.64e-06,2.68e-06,2.63e-06,2.67e-06,280823840634.0
2026-06-06 12:00:00,2.67e-06,2.71e-06,2.65e-06,2.7e-06,319881158264.0
2026-06-06 13:00:00,2.69e-06,2.71e-06,2.68e-06,2.7e-06,401894522891.0
2026-06-06 14:00:00,2.7e-06,2.72e-06,2.68e-06,2.69e-06,318747062794.0
2026-06-06 15:00:00,2.69e-06,2.7e-06,2.64e-06,2.67e-06,529681747167.0
2026-06-06 16:00:00,2.67e-06,2.69e-06,2.64e-06,2.67e-06,309619821868.0
2026-06-06 17:00:00,2.67e-06,2.68e-06,2.63e-06,2.65e-06,395735513223.0
2026-06-06 18:00:00,2.64e-06,2.68e-06,2.63e-06,2.66e-06,282397102721.0
2026-06-06 19:00:00,2.65e-06,2.68e-06,2.63e-06,2.65e-06,344259622450.0
2026-06-06 20:00:00,2.65e-06,2.66e-06,2.63e-06,2.65e-06,223974436895.0
2026-06-06 21:00:00,2.66e-06,2.68e-06,2.65e-06,2.66e-06,179604845729.0
2026-06-06 22:00:00,2.65e-06,2.67e-06,2.64e-06,2.66e-06,261272433411.0
2026-06-06 23:00:00,2.65e-06,2.69e-06,2.65e-06,2.69e-06,232547910643.0
2026-06-07 00:00:00,2.68e-06,2.69e-06,2.67e-06,2.68e-06,159370141809.0
2026-06-07 01:00:00,2.67e-06,2.77e-06,2.67e-06,2.74e-06,910691655177.0
2026-06-07 02:00:00,2.73e-06,2.75e-06,2.71e-06,2.74e-06,372092136729.0
2026-06-07 03:00:00,2.74e-06,2.75e-06,2.72e-06,2.72e-06,450164696646.0
2026-06-07 04:00:00,2.73e-06,2.75e-06,2.7e-06,2.75e-06,252426430232.0
2026-06-07 05:00:00,2.74e-06,2.76e-06,2.73e-06,2.75e-06,332918574197.0
2026-06-07 06:00:00,2.74e-06,2.77e-06,2.72e-06,2.76e-06,362066760641.0
2026-06-07 07:00:00,2.75e-06,2.77e-06,2.74e-06,2.76e-06,314630200967.0
2026-06-07 08:00:00,2.76e-06,2.8e-06,2.74e-06,2.8e-06,459826586780.0
2026-06-07 09:00:00,2.79e-06,2.82e-06,2.76e-06,2.77e-06,504351644501.0
2026-06-07 10:00:00,2.77e-06,2.78e-06,2.74e-06,2.75e-06,304684773915.0
2026-06-07 11:00:00,2.76e-06,2.78e-06,2.74e-06,2.77e-06,206203892096.0
2026-06-07 12:00:00,2.78e-06,2.78e-06,2.71e-06,2.74e-06,613173170613.0
2026-06-07 13:00:00,2.74e-06,2.75e-06,2.73e-06,2.74e-06,302131144136.0
2026-06-07 14:00:00,2.74e-06,2.79e-06,2.74e-06,2.76e-06,270539181091.0
2026-06-07 15:00:00,2.77e-06,2.78e-06,2.74e-06,2.76e-06,311301257518.0
2026-06-07 16:00:00,2.77e-06,2.78e-06,2.75e-06,2.77e-06,169860339769.0
2026-06-07 17:00:00,2.78e-06,2.8e-06,2.77e-06,2.77e-06,160733868131.0
2026-06-07 18:00:00,2.77e-06,2.79e-06,2.75e-06,2.76e-06,196555937416.0
2026-06-07 19:00:00,2.76e-06,2.76e-06,2.69e-06,2.7e-06,609835834644.0
2026-06-07 20:00:00,2.71e-06,2.75e-06,2.69e-06,2.74e-06,255901792270.0
2026-06-07 21:00:00,2.74e-06,2.75e-06,2.72e-06,2.73e-06,167343457506.0
2026-06-07 22:00:00,2.74e-06,2.89e-06,2.73e-06,2.8e-06,1458475349823.0
2026-06-07 23:00:00,2.79e-06,2.83e-06,2.79e-06,2.81e-06,325089735026.0
2026-06-08 00:00:00,2.82e-06,2.84e-06,2.8e-06,2.83e-06,319977115255.0
2026-06-08 01:00:00,2.83e-06,2.83e-06,2.76e-06,2.79e-06,302306528262.0
2026-06-08 02:00:00,2.79e-06,2.81e-06,2.79e-06,2.8e-06,335607578966.0
2026-06-08 03:00:00,2.8e-06,2.83e-06,2.79e-06,2.81e-06,173457315365.0
2026-06-08 04:00:00,2.81e-06,2.82e-06,2.76e-06,2.77e-06,186947207352.0
2026-06-08 05:00:00,2.77e-06,2.78e-06,2.74e-06,2.76e-06,227313467663.0
2026-06-08 06:00:00,2.77e-06,2.79e-06,2.76e-06,2.78e-06,215725866665.0
2026-06-08 07:00:00,2.78e-06,2.81e-06,2.76e-06,2.8e-06,183918033997.0
2026-06-08 08:00:00,2.8e-06,2.8e-06,2.76e-06,2.77e-06,236194409463.0
2026-06-08 09:00:00,2.77e-06,2.81e-06,2.77e-06,2.81e-06,336079644620.0
2026-06-08 10:00:00,2.81e-06,2.81e-06,2.78e-06,2.79e-06,236688104886.0
2026-06-08 11:00:00,2.8e-06,2.84e-06,2.78e-06,2.83e-06,457011944475.0
2026-06-08 12:00:00,2.83e-06,2.85e-06,2.79e-06,2.84e-06,405837541572.0
2026-06-08 13:00:00,2.85e-06,2.85e-06,2.81e-06,2.82e-06,425792003938.0
2026-06-08 14:00:00,2.83e-06,2.85e-06,2.81e-06,2.84e-06,222109865061.0
2026-06-08 15:00:00,2.84e-06,2.87e-06,2.83e-06,2.84e-06,286452414304.0
2026-06-08 16:00:00,2.83e-06,2.86e-06,2.81e-06,2.82e-06,247005994725.0
2026-06-08 17:00:00,2.82e-06,2.85e-06,2.81e-06,2.85e-06,219141373021.0
2026-06-08 18:00:00,2.85e-06,2.86e-06,2.83e-06,2.85e-06,193475210572.0
2026-06-08 19:00:00,2.84e-06,2.86e-06,2.83e-06,2.83e-06,225253712724.0
2026-06-08 20:00:00,2.83e-06,2.84e-06,2.81e-06,2.83e-06,217954979261.0
2026-06-08 21:00:00,2.84e-06,2.87e-06,2.83e-06,2.84e-06,341381651948.0
2026-06-08 22:00:00,2.83e-06,2.84e-06,2.81e-06,2.83e-06,258310671025.0
2026-06-08 23:00:00,2.83e-06,2.85e-06,2.8e-06,2.81e-06,394685720382.0
2026-06-09 00:00:00,2.81e-06,2.83e-06,2.75e-06,2.76e-06,635438558507.0
2026-06-09 01:00:00,2.76e-06,2.79e-06,2.75e-06,2.78e-06,242459296589.0
2026-06-09 02:00:00,2.79e-06,2.79e-06,2.75e-06,2.78e-06,195494489149.0
2026-06-09 03:00:00,2.78e-06,2.79e-06,2.76e-06,2.78e-06,163848957131.0
2026-06-09 04:00:00,2.77e-06,2.84e-06,2.77e-06,2.82e-06,300241496884.0
2026-06-09 05:00:00,2.82e-06,2.85e-06,2.81e-06,2.83e-06,240871424188.0
2026-06-09 06:00:00,2.83e-06,2.84e-06,2.81e-06,2.82e-06,228810708807.0
2026-06-09 07:00:00,2.82e-06,2.83e-06,2.79e-06,2.81e-06,195353657545.0
2026-06-09 08:00:00,2.82e-06,2.82e-06,2.79e-06,2.8e-06,259537124223.0
2026-06-09 09:00:00,2.8e-06,2.81e-06,2.78e-06,2.78e-06,103395303400.0
2026-06-09 10:00:00,2.78e-06,2.8e-06,2.77e-06,2.79e-06,182898116055.0
2026-06-09 11:00:00,2.79e-06,2.81e-06,2.77e-06,2.8e-06,200344764547.0
2026-06-09 12:00:00,2.8e-06,2.82e-06,2.79e-06,2.81e-06,162026549703.0
2026-06-09 13:00:00,2.82e-06,2.83e-06,2.77e-06,2.8e-06,300032594802.0
2026-06-09 14:00:00,2.79e-06,2.8e-06,2.72e-06,2.76e-06,711112990394.0
2026-06-09 15:00:00,2.76e-06,2.78e-06,2.73e-06,2.73e-06,333866435752.0
2026-06-09 16:00:00,2.74e-06,2.75e-06,2.69e-06,2.73e-06,807226953369.0
2026-06-09 17:00:00,2.74e-06,2.79e-06,2.73e-06,2.77e-06,384930134021.0
2026-06-09 18:00:00,2.77e-06,2.79e-06,2.76e-06,2.77e-06,438495355127.0
2026-06-09 19:00:00,2.77e-06,2.8e-06,2.77e-06,2.8e-06,357667890562.0
2026-06-09 20:00:00,2.79e-06,2.82e-06,2.79e-06,2.81e-06,230166814992.0
2026-06-09 21:00:00,2.8e-06,2.81e-06,2.77e-06,2.78e-06,80483037867.0
2026-06-09 22:00:00,2.78e-06,2.79e-06,2.76e-06,2.77e-06,189414965347.0
2026-06-09 23:00:00,2.77e-06,2.78e-06,2.76e-06,2.77e-06,219720545517.0
2026-06-10 00:00:00,2.77e-06,2.79e-06,2.75e-06,2.78e-06,194030651925.0
2026-06-10 01:00:00,2.78e-06,2.79e-06,2.74e-06,2.76e-06,176690430558.0
2026-06-10 02:00:00,2.76e-06,2.77e-06,2.72e-06,2.73e-06,291102631411.0
2026-06-10 03:00:00,2.73e-06,2.75e-06,2.72e-06,2.74e-06,95802764387.0
2026-06-10 04:00:00,2.74e-06,2.75e-06,2.71e-06,2.73e-06,104481009152.0
2026-06-10 05:00:00,2.73e-06,2.73e-06,2.71e-06,2.73e-06,184855870953.0
2026-06-10 06:00:00,2.73e-06,2.75e-06,2.71e-06,2.73e-06,183195155316.0
2026-06-10 07:00:00,2.74e-06,2.76e-06,2.73e-06,2.76e-06,78331577671.0
2026-06-10 08:00:00,2.75e-06,2.76e-06,2.71e-06,2.73e-06,178262900158.0
2026-06-10 09:00:00,2.72e-06,2.74e-06,2.7e-06,2.72e-06,454609703919.0
2026-06-10 10:00:00,2.72e-06,2.74e-06,2.71e-06,2.74e-06,130367432006.0
2026-06-10 11:00:00,2.73e-06,2.74e-06,2.69e-06,2.7e-06,304658880814.0
2026-06-10 12:00:00,2.71e-06,2.77e-06,2.7e-06,2.74e-06,415307221182.0
2026-06-10 13:00:00,2.74e-06,2.81e-06,2.74e-06,2.78e-06,613461344705.0
2026-06-10 14:00:00,2.78e-06,2.79e-06,2.74e-06,2.75e-06,469377880106.0
2026-06-10 15:00:00,2.75e-06,2.79e-06,2.74e-06,2.79e-06,619053776158.0
2026-06-10 16:00:00,2.78e-06,2.79e-06,2.71e-06,2.73e-06,450255468733.0
2026-06-10 17:00:00,2.73e-06,2.74e-06,2.69e-06,2.72e-06,480191987551.0
2026-06-10 18:00:00,2.72e-06,2.73e-06,2.7e-06,2.73e-06,222623815657.0
2026-06-10 19:00:00,2.72e-06,2.73e-06,2.69e-06,2.7e-06,333969888322.0
2026-06-10 20:00:00,2.7e-06,2.71e-06,2.67e-06,2.69e-06,426509791927.0
2026-06-10 21:00:00,2.69e-06,2.69e-06,2.64e-06,2.65e-06,374360771382.0
2026-06-10 22:00:00,2.66e-06,2.68e-06,2.64e-06,2.65e-06,423139459662.0
2026-06-10 23:00:00,2.66e-06,2.71e-06,2.65e-06,2.7e-06,348663745833.0
2026-06-11 00:00:00,2.7e-06,2.72e-06,2.69e-06,2.7e-06,271311313246.0
2026-06-11 01:00:00,2.7e-06,2.75e-06,2.7e-06,2.74e-06,294095582196.0
2026-06-11 02:00:00,2.74e-06,2.74e-06,2.71e-06,2.72e-06,191894261263.0
2026-06-11 03:00:00,2.73e-06,2.79e-06,2.71e-06,2.77e-06,430339933795.0
2026-06-11 04:00:00,2.77e-06,2.79e-06,2.76e-06,2.78e-06,303131199793.0
2026-06-11 05:00:00,2.77e-06,2.78e-06,2.76e-06,2.76e-06,285871662205.0
2026-06-11 06:00:00,2.76e-06,2.78e-06,2.75e-06,2.75e-06,283323175187.0
2026-06-11 07:00:00,2.75e-06,2.77e-06,2.75e-06,2.76e-06,102850611963.0
2026-06-11 08:00:00,2.75e-06,2.79e-06,2.75e-06,2.78e-06,388738287783.0
2026-06-11 09:00:00,2.78e-06,2.78e-06,2.75e-06,2.76e-06,197481260108.0
2026-06-11 10:00:00,2.75e-06,2.77e-06,2.74e-06,2.75e-06,174058863068.0
2026-06-11 11:00:00,2.76e-06,2.78e-06,2.75e-06,2.76e-06,322573405568.0
2026-06-11 12:00:00,2.77e-06,2.77e-06,2.72e-06,2.76e-06,330565368299.0
2026-06-11 13:00:00,2.76e-06,2.79e-06,2.74e-06,2.76e-06,269131088897.0
2026-06-11 14:00:00,2.76e-06,2.79e-06,2.75e-06,2.77e-06,335143351205.0
2026-06-11 15:00:00,2.77e-06,2.78e-06,2.75e-06,2.76e-06,222207137988.0
2026-06-11 16:00:00,2.77e-06,2.79e-06,2.75e-06,2.75e-06,198587064385.0
2026-06-11 17:00:00,2.76e-06,2.84e-06,2.73e-06,2.82e-06,906844637821.0
2026-06-11 18:00:00,2.83e-06,2.84e-06,2.8e-06,2.8e-06,525842180152.0
2026-06-11 19:00:00,2.8e-06,2.82e-06,2.79e-06,2.8e-06,388231915722.0
2026-06-11 20:00:00,2.8e-06,2.81e-06,2.78e-06,2.8e-06,209249101289.0
2026-06-11 21:00:00,2.8e-06,2.82e-06,2.79e-06,2.79e-06,115675745885.0
2026-06-11 22:00:00,2.8e-06,2.82e-06,2.79e-06,2.8e-06,247902665293.0
2026-06-11 23:00:00,2.79e-06,2.8e-06,2.78e-06,2.79e-06,244952009429.0
2026-06-12 00:00:00,2.79e-06,2.8e-06,2.78e-06,2.79e-06,132505865489.0
2026-06-12 01:00:00,2.79e-06,2.79e-06,2.77e-06,2.79e-06,269536389180.0
2026-06-12 02:00:00,2.79e-06,2.81e-06,2.78e-06,2.81e-06,161848895505.0
2026-06-12 03:00:00,2.8e-06,2.81e-06,2.8e-06,2.81e-06,169657266677.0
2026-06-12 04:00:00,2.81e-06,2.82e-06,2.8e-06,2.82e-06,109435368553.0
2026-06-12 05:00:00,2.81e-06,2.82e-06,2.78e-06,2.78e-06,184718129388.0
2026-06-12 06:00:00,2.78e-06,2.79e-06,2.75e-06,2.77e-06,332198743551.0
2026-06-12 07:00:00,2.77e-06,2.79e-06,2.76e-06,2.78e-06,381643909302.0
2026-06-12 08:00:00,2.79e-06,2.82e-06,2.78e-06,2.81e-06,301905967335.0
2026-06-12 09:00:00,2.81e-06,2.86e-06,2.81e-06,2.84e-06,393491194739.0
2026-06-12 10:00:00,2.83e-06,2.85e-06,2.81e-06,2.83e-06,434315234213.0
2026-06-12 11:00:00,2.82e-06,2.84e-06,2.81e-06,2.83e-06,314841331963.0
2026-06-12 12:00:00,2.83e-06,2.83e-06,2.81e-06,2.82e-06,315513942736.0
2026-06-12 13:00:00,2.82e-06,2.83e-06,2.78e-06,2.8e-06,796426235956.0
2026-06-12 14:00:00,2.8e-06,2.86e-06,2.79e-06,2.85e-06,1261856817547.0
2026-06-12 15:00:00,2.85e-06,2.88e-06,2.79e-06,2.81e-06,1440874811150.0
2026-06-12 16:00:00,2.8e-06,2.84e-06,2.79e-06,2.84e-06,808802494157.0
2026-06-12 17:00:00,2.83e-06,2.85e-06,2.81e-06,2.82e-06,570621445954.0
2026-06-12 18:00:00,2.83e-06,2.84e-06,2.8e-06,2.81e-06,344040399397.0
2026-06-12 19:00:00,2.82e-06,2.84e-06,2.81e-06,2.82e-06,328425656493.0
2026-06-12 20:00:00,2.82e-06,2.83e-06,2.81e-06,2.81e-06,225105470526.0
2026-06-12 21:00:00,2.81e-06,2.83e-06,2.8e-06,2.8e-06,156698757205.0
2026-06-12 22:00:00,2.81e-06,2.82e-06,2.8e-06,2.81e-06,161309714267.0
2026-06-12 23:00:00,2.8e-06,2.81e-06,2.79e-06,2.81e-06,230624978446.0
2026-06-13 00:00:00,2.81e-06,2.82e-06,2.79e-06,2.81e-06,269848589274.0
2026-06-13 01:00:00,2.81e-06,2.85e-06,2.81e-06,2.84e-06,302872509549.0
2026-06-13 02:00:00,2.84e-06,2.84e-06,2.82e-06,2.82e-06,120717715201.0
2026-06-13 03:00:00,2.82e-06,2.83e-06,2.8e-06,2.82e-06,280820524760.0
2026-06-13 04:00:00,2.81e-06,2.82e-06,2.8e-06,2.8e-06,135273553813.0
2026-06-13 05:00:00,2.8e-06,2.82e-06,2.78e-06,2.79e-06,192598766187.0
2026-06-13 06:00:00,2.8e-06,2.82e-06,2.79e-06,2.82e-06,141688499304.0
2026-06-13 07:00:00,2.82e-06,2.86e-06,2.8e-06,2.83e-06,591986752225.0
2026-06-13 08:00:00,2.84e-06,2.85e-06,2.82e-06,2.83e-06,265231610385.0
2026-06-13 09:00:00,2.84e-06,2.85e-06,2.82e-06,2.84e-06,308987114767.0
2026-06-13 10:00:00,2.84e-06,2.84e-06,2.82e-06,2.82e-06,71642347085.0
2026-06-13 11:00:00,2.83e-06,2.86e-06,2.82e-06,2.86e-06,398864669677.0
2026-06-13 12:00:00,2.85e-06,2.86e-06,2.84e-06,2.86e-06,177858277021.0
2026-06-13 13:00:00,2.85e-06,2.86e-06,2.84e-06,2.85e-06,287576882597.0
2026-06-13 14:00:00,2.86e-06,2.86e-06,2.84e-06,2.85e-06,392339491177.0
2026-06-13 15:00:00,2.85e-06,2.88e-06,2.85e-06,2.86e-06,894701021115.0
2026-06-13 16:00:00,2.86e-06,2.87e-06,2.83e-06,2.86e-06,523773569162.0
2026-06-13 17:00:00,2.85e-06,2.86e-06,2.84e-06,2.85e-06,271488105469.0
2026-06-13 18:00:00,2.85e-06,2.86e-06,2.84e-06,2.85e-06,187542458710.0
2026-06-13 19:00:00,2.84e-06,2.86e-06,2.83e-06,2.84e-06,88744193955.0
2026-06-13 20:00:00,2.85e-06,2.85e-06,2.83e-06,2.84e-06,148327489289.0
2026-06-13 21:00:00,2.84e-06,2.89e-06,2.84e-06,2.87e-06,385313528898.0
2026-06-13 22:00:00,2.87e-06,2.87e-06,2.85e-06,2.85e-06,222106308794.0
2026-06-13 23:00:00,2.86e-06,2.87e-06,2.84e-06,2.86e-06,171217184647.0
2026-06-14 00:00:00,2.85e-06,2.86e-06,2.84e-06,2.85e-06,79930448279.0
2026-06-14 01:00:00,2.85e-06,2.86e-06,2.84e-06,2.84e-06,159013944138.0
2026-06-14 02:00:00,2.84e-06,2.86e-06,2.84e-06,2.84e-06,77331058305.0
2026-06-14 03:00:00,2.85e-06,2.86e-06,2.84e-06,2.85e-06,170113591828.0
2026-06-14 04:00:00,2.85e-06,2.86e-06,2.82e-06,2.83e-06,406959526320.0
2026-06-14 05:00:00,2.83e-06,2.84e-06,2.81e-06,2.82e-06,245393270002.0
2026-06-14 06:00:00,2.83e-06,2.84e-06,2.82e-06,2.82e-06,148445352393.0
2026-06-14 07:00:00,2.82e-06,2.83e-06,2.81e-06,2.83e-06,171635154928.0
2026-06-14 08:00:00,2.83e-06,2.84e-06,2.81e-06,2.82e-06,295444035663.0
2026-06-14 09:00:00,2.82e-06,2.84e-06,2.8e-06,2.83e-06,253680487442.0
2026-06-14 10:00:00,2.83e-06,2.84e-06,2.82e-06,2.83e-06,216714669892.0
2026-06-14 11:00:00,2.83e-06,2.83e-06,2.82e-06,2.83e-06,16214122289.0
2026-06-14 12:00:00,2.83e-06,2.83e-06,2.79e-06,2.81e-06,334805929735.0
2026-06-14 13:00:00,2.81e-06,2.81e-06,2.79e-06,2.81e-06,284573468419.0
2026-06-14 14:00:00,2.81e-06,2.81e-06,2.77e-06,2.79e-06,583678747003.0
2026-06-14 15:00:00,2.78e-06,2.79e-06,2.78e-06,2.78e-06,44691789259.0
2026-06-14 16:00:00,2.78e-06,2.8e-06,2.77e-06,2.78e-06,319974643762.0
2026-06-14 17:00:00,2.77e-06,2.79e-06,2.77e-06,2.78e-06,220080019113.0
2026-06-14 18:00:00,2.77e-06,2.78e-06,2.76e-06,2.78e-06,73341477618.0
2026-06-14 19:00:00,2.77e-06,2.79e-06,2.77e-06,2.78e-06,93125488313.0
2026-06-14 20:00:00,2.78e-06,2.8e-06,2.77e-06,2.8e-06,49700232350.0
2026-06-14 21:00:00,2.8e-06,2.93e-06,2.78e-06,2.9e-06,1062744996663.0
2026-06-14 22:00:00,2.9e-06,2.91e-06,2.86e-06,2.89e-06,712668181754.0
2026-06-14 23:00:00,2.89e-06,2.92e-06,2.87e-06,2.92e-06,264197621330.0
2026-06-15 00:00:00,2.92e-06,2.94e-06,2.89e-06,2.91e-06,247580935126.0
2026-06-15 01:00:00,2.9e-06,2.91e-06,2.87e-06,2.89e-06,247164808281.0
2026-06-15 02:00:00,2.89e-06,2.93e-06,2.89e-06,2.9e-06,152636216802.0
2026-06-15 03:00:00,2.91e-06,2.93e-06,2.9e-06,2.91e-06,208018533014.0
2026-06-15 04:00:00,2.91e-06,2.93e-06,2.89e-06,2.9e-06,87508444674.0
2026-06-15 05:00:00,2.9e-06,2.94e-06,2.9e-06,2.91e-06,125609488934.0
2026-06-15 06:00:00,2.92e-06,2.93e-06,2.91e-06,2.91e-06,96035635448.0
2026-06-15 07:00:00,2.92e-06,2.93e-06,2.9e-06,2.9e-06,148070543101.0
2026-06-15 08:00:00,2.9e-06,2.92e-06,2.89e-06,2.9e-06,204369217484.0
2026-06-15 09:00:00,2.9e-06,2.92e-06,2.89e-06,2.9e-06,101400297337.0
2026-06-15 10:00:00,2.91e-06,2.96e-06,2.9e-06,2.95e-06,412115368905.0
2026-06-15 11:00:00,2.94e-06,3e-06,2.93e-06,2.99e-06,586778205477.0
2026-06-15 12:00:00,2.98e-06,3e-06,2.96e-06,2.99e-06,264337977497.0
2026-06-15 13:00:00,2.99e-06,3.03e-06,2.97e-06,3.01e-06,675703030010.0
2026-06-15 14:00:00,3.01e-06,3.03e-06,2.99e-06,3e-06,401566655595.0
2026-06-15 15:00:00,3.01e-06,3.05e-06,2.98e-06,3.04e-06,530723957314.0
2026-06-15 16:00:00,3.05e-06,3.08e-06,3.03e-06,3.06e-06,562877030486.0
2026-06-15 17:00:00,3.07e-06,3.14e-06,3.03e-06,3.11e-06,655586222390.0
2026-06-15 18:00:00,3.11e-06,3.11e-06,3.03e-06,3.04e-06,431487463621.0
2026-06-15 19:00:00,3.04e-06,3.05e-06,2.97e-06,2.99e-06,575604053633.0
2026-06-15 20:00:00,2.98e-06,3e-06,2.96e-06,2.97e-06,195720217247.0
2026-06-15 21:00:00,2.97e-06,2.99e-06,2.96e-06,2.97e-06,140781349004.0
2026-06-15 22:00:00,2.96e-06,2.99e-06,2.92e-06,2.93e-06,346636210226.0
2026-06-15 23:00:00,2.93e-06,2.95e-06,2.92e-06,2.94e-06,246763284137.0
2026-06-16 00:00:00,2.94e-06,2.97e-06,2.94e-06,2.95e-06,187392237570.0
2026-06-16 01:00:00,2.95e-06,2.96e-06,2.94e-06,2.95e-06,166264159132.0
2026-06-16 02:00:00,2.95e-06,2.95e-06,2.9e-06,2.93e-06,412784166934.0
2026-06-16 03:00:00,2.93e-06,2.97e-06,2.91e-06,2.96e-06,267916677022.0
2026-06-16 04:00:00,2.96e-06,2.97e-06,2.92e-06,2.93e-06,181948857768.0
2026-06-16 05:00:00,2.92e-06,2.95e-06,2.92e-06,2.94e-06,135893413374.0
2026-06-16 06:00:00,2.95e-06,2.97e-06,2.94e-06,2.97e-06,131501421441.0
2026-06-16 07:00:00,2.97e-06,2.97e-06,2.94e-06,2.97e-06,202741581968.0
2026-06-16 08:00:00,2.96e-06,3.02e-06,2.96e-06,3e-06,335380769507.0
2026-06-16 09:00:00,3e-06,3.01e-06,2.97e-06,2.98e-06,264073641934.0
2026-06-16 10:00:00,2.98e-06,3e-06,2.97e-06,2.98e-06,140202515979.0
2026-06-16 11:00:00,2.97e-06,2.98e-06,2.95e-06,2.97e-06,162543245407.0
2026-06-16 12:00:00,2.97e-06,3.01e-06,2.96e-06,2.99e-06,232300768958.0
2026-06-16 13:00:00,2.99e-06,3e-06,2.94e-06,2.95e-06,357513513971.0
2026-06-16 14:00:00,2.94e-06,2.96e-06,2.89e-06,2.91e-06,702271485544.0
2026-06-16 15:00:00,2.91e-06,2.95e-06,2.91e-06,2.93e-06,297623491006.0
2026-06-16 16:00:00,2.94e-06,2.95e-06,2.92e-06,2.92e-06,140276660972.0
2026-06-16 17:00:00,2.93e-06,2.98e-06,2.92e-06,2.97e-06,213543462068.0
2026-06-16 18:00:00,2.97e-06,3e-06,2.96e-06,2.98e-06,255645065481.0
2026-06-16 19:00:00,2.97e-06,2.98e-06,2.94e-06,2.95e-06,256122704922.0
2026-06-16 20:00:00,2.96e-06,2.98e-06,2.94e-06,2.98e-06,164048348991.0
2026-06-16 21:00:00,2.98e-06,2.98e-06,2.96e-06,2.97e-06,54381632345.0
2026-06-16 22:00:00,2.97e-06,2.98e-06,2.95e-06,2.97e-06,102592640359.0
2026-06-16 23:00:00,2.96e-06,2.97e-06,2.94e-06,2.95e-06,90426640496.0
2026-06-17 00:00:00,2.95e-06,2.97e-06,2.95e-06,2.97e-06,128647358422.0
2026-06-17 01:00:00,2.97e-06,3e-06,2.95e-06,3e-06,430249092146.0
2026-06-17 02:00:00,3e-06,3.02e-06,2.98e-06,3.01e-06,198247454338.0
2026-06-17 03:00:00,3.01e-06,3.01e-06,2.97e-06,2.99e-06,208731201435.0
2026-06-17 04:00:00,2.99e-06,3.01e-06,2.98e-06,2.99e-06,123882372880.0
2026-06-17 05:00:00,2.99e-06,3e-06,2.97e-06,2.99e-06,147761444711.0
2026-06-17 06:00:00,2.99e-06,2.99e-06,2.96e-06,2.97e-06,165431240215.0
2026-06-17 07:00:00,2.97e-06,2.99e-06,2.95e-06,2.97e-06,157030950904.0
2026-06-17 08:00:00,2.97e-06,2.97e-06,2.92e-06,2.93e-06,271841913210.0
2026-06-17 09:00:00,2.93e-06,2.95e-06,2.92e-06,2.94e-06,94259152473.0
2026-06-17 10:00:00,2.95e-06,2.95e-06,2.93e-06,2.94e-06,116657347736.0
2026-06-17 11:00:00,2.94e-06,2.94e-06,2.91e-06,2.92e-06,111179580430.0
2026-06-17 12:00:00,2.93e-06,2.96e-06,2.91e-06,2.95e-06,207270712991.0
2026-06-17 13:00:00,2.95e-06,2.97e-06,2.93e-06,2.96e-06,268379407956.0
2026-06-17 14:00:00,2.96e-06,2.97e-06,2.92e-06,2.95e-06,290952002276.0
2026-06-17 15:00:00,2.96e-06,3.02e-06,2.94e-06,3.02e-06,269540892340.0
2026-06-17 16:00:00,3.02e-06,3.04e-06,2.99e-06,3e-06,308358354137.0
2026-06-17 17:00:00,3e-06,3.02e-06,2.97e-06,3.01e-06,138021371013.0
2026-06-17 18:00:00,3.02e-06,3.02e-06,2.92e-06,2.98e-06,947478303976.0
2026-06-17 19:00:00,2.97e-06,2.99e-06,2.88e-06,2.9e-06,1070060140123.0
2026-06-17 20:00:00,2.91e-06,2.94e-06,2.89e-06,2.94e-06,272342943421.0
2026-06-17 21:00:00,2.94e-06,2.94e-06,2.9e-06,2.92e-06,122940224734.0
2026-06-17 22:00:00,2.91e-06,2.96e-06,2.88e-06,2.94e-06,293294591200.0
2026-06-17 23:00:00,2.94e-06,2.96e-06,2.93e-06,2.95e-06,117121073878.0
2026-06-18 00:00:00,2.95e-06,2.97e-06,2.94e-06,2.95e-06,117664425162.0
2026-06-18 01:00:00,2.95e-06,2.97e-06,2.93e-06,2.94e-06,121909813274.0
2026-06-18 02:00:00,2.94e-06,2.96e-06,2.93e-06,2.95e-06,130411862558.0
2026-06-18 03:00:00,2.95e-06,2.95e-06,2.9e-06,2.91e-06,160140371281.0
2026-06-18 04:00:00,2.91e-06,2.91e-06,2.85e-06,2.87e-06,204378849588.0
2026-06-18 05:00:00,2.87e-06,2.88e-06,2.84e-06,2.87e-06,294569077015.0
2026-06-18 06:00:00,2.88e-06,2.9e-06,2.86e-06,2.89e-06,523952257202.0
2026-06-18 07:00:00,2.89e-06,2.91e-06,2.87e-06,2.91e-06,168896648795.0
2026-06-18 08:00:00,2.91e-06,2.92e-06,2.89e-06,2.9e-06,119729675895.0
2026-06-18 09:00:00,2.91e-06,2.92e-06,2.9e-06,2.91e-06,116178384849.0
2026-06-18 10:00:00,2.91e-06,2.91e-06,2.88e-06,2.89e-06,183276464376.0
2026-06-18 11:00:00,2.9e-06,2.9e-06,2.87e-06,2.87e-06,109447270599.0
2026-06-18 12:00:00,2.88e-06,2.9e-06,2.87e-06,2.89e-06,105545364104.0
2026-06-18 13:00:00,2.89e-06,2.91e-06,2.85e-06,2.88e-06,243214016519.0
2026-06-18 14:00:00,2.88e-06,2.91e-06,2.86e-06,2.89e-06,352014858724.0
2026-06-18 15:00:00,2.88e-06,2.89e-06,2.77e-06,2.78e-06,754075964609.0
2026-06-18 16:00:00,2.78e-06,2.82e-06,2.77e-06,2.81e-06,320601441464.0
2026-06-18 17:00:00,2.81e-06,2.81e-06,2.77e-06,2.8e-06,180992881480.0
2026-06-18 18:00:00,2.8e-06,2.82e-06,2.78e-06,2.81e-06,191289608036.0
2026-06-18 19:00:00,2.8e-06,2.84e-06,2.8e-06,2.84e-06,82823947382.0
2026-06-18 20:00:00,2.84e-06,2.86e-06,2.83e-06,2.84e-06,150642709006.0
2026-06-18 21:00:00,2.84e-06,2.85e-06,2.82e-06,2.84e-06,113618237011.0
2026-06-18 22:00:00,2.84e-06,2.85e-06,2.82e-06,2.84e-06,95672161239.0
2026-06-18 23:00:00,2.84e-06,2.85e-06,2.82e-06,2.84e-06,83620346916.0
2026-06-19 00:00:00,2.85e-06,2.86e-06,2.84e-06,2.86e-06,26159492281.0
2026-06-19 01:00:00,2.85e-06,2.87e-06,2.84e-06,2.87e-06,139816846938.0
2026-06-19 02:00:00,2.87e-06,2.87e-06,2.84e-06,2.85e-06,71601011691.0
2026-06-19 03:00:00,2.86e-06,2.86e-06,2.79e-06,2.82e-06,310084297265.0
2026-06-19 04:00:00,2.82e-06,2.83e-06,2.78e-06,2.79e-06,254341666696.0
2026-06-19 05:00:00,2.79e-06,2.81e-06,2.78e-06,2.81e-06,65761955183.0
2026-06-19 06:00:00,2.81e-06,2.82e-06,2.79e-06,2.8e-06,114843004675.0
2026-06-19 07:00:00,2.81e-06,2.81e-06,2.77e-06,2.79e-06,102640863012.0
2026-06-19 08:00:00,2.79e-06,2.81e-06,2.78e-06,2.79e-06,51568403164.0
2026-06-19 09:00:00,2.8e-06,2.8e-06,2.78e-06,2.78e-06,104941307155.0
2026-06-19 10:00:00,2.78e-06,2.8e-06,2.77e-06,2.8e-06,50147101141.0
2026-06-19 11:00:00,2.79e-06,2.8e-06,2.78e-06,2.79e-06,95766686952.0
2026-06-19 12:00:00,2.8e-06,2.81e-06,2.77e-06,2.81e-06,149031666107.0
2026-06-19 13:00:00,2.8e-06,2.85e-06,2.79e-06,2.84e-06,274794308616.0
2026-06-19 14:00:00,2.84e-06,2.84e-06,2.82e-06,2.82e-06,125211993613.0
2026-06-19 15:00:00,2.83e-06,2.84e-06,2.81e-06,2.83e-06,81191643382.0
2026-06-19 16:00:00,2.83e-06,2.84e-06,2.8e-06,2.8e-06,169993627771.0
2026-06-19 17:00:00,2.81e-06,2.84e-06,2.79e-06,2.83e-06,121663065753.0
2026-06-19 18:00:00,2.83e-06,2.83e-06,2.8e-06,2.82e-06,93771679453.0
2026-06-19 19:00:00,2.82e-06,2.82e-06,2.79e-06,2.8e-06,125324660909.0
2026-06-19 20:00:00,2.81e-06,2.83e-06,2.79e-06,2.83e-06,95667882067.0
2026-06-19 21:00:00,2.83e-06,2.83e-06,2.79e-06,2.8e-06,67559223565.0
2026-06-19 22:00:00,2.81e-06,2.82e-06,2.8e-06,2.82e-06,9190916156.0
2026-06-19 23:00:00,2.81e-06,2.84e-06,2.8e-06,2.82e-06,157458233517.0
2026-06-20 00:00:00,2.83e-06,2.85e-06,2.82e-06,2.84e-06,159050480098.0
2026-06-20 01:00:00,2.83e-06,2.84e-06,2.82e-06,2.82e-06,111580177322.0
2026-06-20 02:00:00,2.82e-06,2.83e-06,2.8e-06,2.81e-06,116970586087.0
2026-06-20 03:00:00,2.82e-06,2.83e-06,2.81e-06,2.82e-06,64496412538.0
2026-06-20 04:00:00,2.83e-06,2.84e-06,2.82e-06,2.84e-06,85031229235.0
2026-06-20 05:00:00,2.83e-06,2.87e-06,2.83e-06,2.85e-06,298840672091.0
2026-06-20 06:00:00,2.86e-06,2.86e-06,2.84e-06,2.86e-06,71476782607.0
2026-06-20 07:00:00,2.86e-06,2.86e-06,2.83e-06,2.83e-06,90268261180.0
2026-06-20 08:00:00,2.84e-06,2.85e-06,2.83e-06,2.84e-06,146435796452.0
2026-06-20 09:00:00,2.84e-06,2.86e-06,2.83e-06,2.85e-06,142417255260.0
2026-06-20 10:00:00,2.85e-06,2.86e-06,2.83e-06,2.85e-06,66477272332.0
2026-06-20 11:00:00,2.84e-06,2.85e-06,2.83e-06,2.84e-06,62007610398.0
2026-06-20 12:00:00,2.84e-06,2.85e-06,2.82e-06,2.83e-06,93338005805.0
2026-06-20 13:00:00,2.83e-06,2.83e-06,2.8e-06,2.82e-06,159675696158.0
2026-06-20 14:00:00,2.82e-06,2.86e-06,2.79e-06,2.84e-06,366871458674.0
2026-06-20 15:00:00,2.84e-06,2.85e-06,2.82e-06,2.83e-06,202873053143.0
2026-06-20 16:00:00,2.84e-06,2.84e-06,2.81e-06,2.84e-06,119524981209.0
2026-06-20 17:00:00,2.83e-06,2.83e-06,2.8e-06,2.81e-06,106303915288.0
2026-06-20 18:00:00,2.81e-06,2.83e-06,2.81e-06,2.81e-06,53359537577.0
2026-06-20 19:00:00,2.81e-06,2.83e-06,2.81e-06,2.81e-06,45981171554.0
2026-06-20 20:00:00,2.82e-06,2.83e-06,2.81e-06,2.82e-06,97814574879.0
2026-06-20 21:00:00,2.83e-06,2.84e-06,2.82e-06,2.83e-06,56110971971.0
2026-06-20 22:00:00,2.83e-06,2.86e-06,2.82e-06,2.84e-06,105475334432.0
2026-06-20 23:00:00,2.84e-06,2.86e-06,2.83e-06,2.83e-06,56063777524.0
2026-06-21 00:00:00,2.84e-06,2.85e-06,2.83e-06,2.83e-06,28761068601.0
2026-06-21 01:00:00,2.84e-06,2.85e-06,2.83e-06,2.84e-06,97977516877.0
2026-06-21 02:00:00,2.84e-06,2.84e-06,2.83e-06,2.83e-06,31298115152.0
2026-06-21 03:00:00,2.83e-06,2.86e-06,2.83e-06,2.84e-06,110706250458.0
2026-06-21 04:00:00,2.85e-06,2.85e-06,2.82e-06,2.83e-06,84689731787.0
2026-06-21 05:00:00,2.83e-06,2.83e-06,2.81e-06,2.82e-06,126508765270.0
2026-06-21 06:00:00,2.82e-06,2.83e-06,2.81e-06,2.82e-06,36667922238.0
2026-06-21 07:00:00,2.82e-06,2.84e-06,2.82e-06,2.82e-06,33574086546.0
2026-06-21 08:00:00,2.83e-06,2.84e-06,2.81e-06,2.82e-06,87291780948.0
2026-06-21 09:00:00,2.83e-06,2.85e-06,2.82e-06,2.84e-06,111507200364.0
2026-06-21 10:00:00,2.85e-06,2.85e-06,2.83e-06,2.84e-06,59682880685.0
2026-06-21 11:00:00,2.84e-06,2.85e-06,2.81e-06,2.83e-06,52828191767.0
2026-06-21 12:00:00,2.83e-06,2.84e-06,2.81e-06,2.84e-06,167943162328.0
2026-06-21 13:00:00,2.84e-06,2.85e-06,2.83e-06,2.85e-06,107990414285.0
2026-06-21 14:00:00,2.84e-06,2.85e-06,2.82e-06,2.84e-06,43731854553.0
2026-06-21 15:00:00,2.84e-06,2.85e-06,2.83e-06,2.85e-06,97391240242.0
2026-06-21 16:00:00,2.85e-06,2.85e-06,2.82e-06,2.84e-06,186329379588.0
2026-06-21 17:00:00,2.84e-06,2.85e-06,2.83e-06,2.84e-06,37223196150.0
2026-06-21 18:00:00,2.83e-06,2.85e-06,2.82e-06,2.84e-06,122985580765.0
2026-06-21 19:00:00,2.84e-06,2.85e-06,2.83e-06,2.84e-06,19056769331.0
2026-06-21 20:00:00,2.85e-06,2.85e-06,2.81e-06,2.82e-06,156920567696.0
2026-06-21 21:00:00,2.83e-06,2.83e-06,2.78e-06,2.82e-06,342711480663.0
2026-06-21 22:00:00,2.81e-06,2.83e-06,2.79e-06,2.81e-06,328300905536.0
2026-06-21 23:00:00,2.81e-06,2.81e-06,2.78e-06,2.78e-06,249056648304.0
2026-06-22 00:00:00,2.79e-06,2.84e-06,2.79e-06,2.82e-06,138543240308.0
2026-06-22 01:00:00,2.83e-06,2.88e-06,2.82e-06,2.85e-06,453268358294.0
2026-06-22 02:00:00,2.85e-06,2.86e-06,2.83e-06,2.84e-06,91081318947.0
2026-06-22 03:00:00,2.83e-06,2.85e-06,2.81e-06,2.82e-06,145140020148.0
2026-06-22 04:00:00,2.82e-06,2.84e-06,2.81e-06,2.83e-06,58580105728.0
2026-06-22 05:00:00,2.83e-06,2.84e-06,2.82e-06,2.83e-06,85729421861.0
2026-06-22 06:00:00,2.83e-06,2.84e-06,2.82e-06,2.82e-06,63422997372.0
2026-06-22 07:00:00,2.83e-06,2.85e-06,2.82e-06,2.84e-06,70149354083.0
2026-06-22 08:00:00,2.85e-06,2.85e-06,2.83e-06,2.84e-06,79892285803.0
2026-06-22 09:00:00,2.85e-06,2.85e-06,2.83e-06,2.84e-06,87313111154.0
2026-06-22 10:00:00,2.84e-06,2.85e-06,2.83e-06,2.83e-06,123388724239.0
2026-06-22 11:00:00,2.84e-06,2.88e-06,2.83e-06,2.87e-06,286254084692.0
2026-06-22 12:00:00,2.88e-06,2.9e-06,2.86e-06,2.89e-06,441675394588.0
2026-06-22 13:00:00,2.9e-06,2.92e-06,2.88e-06,2.9e-06,330126243204.0
2026-06-22 14:00:00,2.91e-06,2.91e-06,2.85e-06,2.87e-06,265132647449.0
2026-06-22 15:00:00,2.87e-06,2.88e-06,2.84e-06,2.85e-06,303942379126.0
2026-06-22 16:00:00,2.85e-06,2.86e-06,2.83e-06,2.86e-06,177418746278.0
2026-06-22 17:00:00,2.85e-06,2.86e-06,2.83e-06,2.84e-06,243565819848.0
2026-06-22 18:00:00,2.85e-06,2.85e-06,2.81e-06,2.82e-06,325185564959.0
2026-06-22 19:00:00,2.82e-06,2.83e-06,2.81e-06,2.82e-06,187924716841.0
2026-06-22 20:00:00,2.82e-06,2.84e-06,2.81e-06,2.82e-06,115638422929.0
2026-06-22 21:00:00,2.83e-06,2.83e-06,2.8e-06,2.81e-06,141178223709.0
2026-06-22 22:00:00,2.82e-06,2.83e-06,2.79e-06,2.81e-06,409448337055.0
2026-06-22 23:00:00,2.81e-06,2.82e-06,2.8e-06,2.81e-06,148220252616.0
2026-06-23 00:00:00,2.81e-06,2.82e-06,2.79e-06,2.82e-06,159634722621.0
2026-06-23 01:00:00,2.81e-06,2.83e-06,2.79e-06,2.81e-06,247920547808.0
2026-06-23 02:00:00,2.82e-06,2.82e-06,2.8e-06,2.82e-06,63373336273.0
2026-06-23 03:00:00,2.81e-06,2.82e-06,2.8e-06,2.82e-06,72288590946.0
2026-06-23 04:00:00,2.81e-06,2.82e-06,2.79e-06,2.8e-06,50992462833.0
2026-06-23 05:00:00,2.79e-06,2.81e-06,2.77e-06,2.78e-06,148177946608.0
2026-06-23 06:00:00,2.79e-06,2.79e-06,2.71e-06,2.73e-06,704185718691.0
2026-06-23 07:00:00,2.73e-06,2.75e-06,2.72e-06,2.74e-06,240210448072.0
2026-06-23 08:00:00,2.73e-06,2.74e-06,2.66e-06,2.7e-06,954464308822.0
2026-06-23 09:00:00,2.7e-06,2.71e-06,2.69e-06,2.7e-06,161582782094.0
2026-06-23 10:00:00,2.71e-06,2.72e-06,2.69e-06,2.71e-06,93556035727.0
2026-06-23 11:00:00,2.7e-06,2.73e-06,2.69e-06,2.73e-06,138543805335.0
2026-06-23 12:00:00,2.73e-06,2.74e-06,2.71e-06,2.73e-06,142455413107.0
2026-06-23 13:00:00,2.72e-06,2.75e-06,2.7e-06,2.74e-06,265357005148.0
2026-06-23 14:00:00,2.74e-06,2.76e-06,2.71e-06,2.72e-06,337646062886.0
2026-06-23 15:00:00,2.72e-06,2.73e-06,2.69e-06,2.71e-06,278279462357.0
2026-06-23 16:00:00,2.71e-06,2.73e-06,2.69e-06,2.7e-06,236906558750.0
2026-06-23 17:00:00,2.7e-06,2.71e-06,2.67e-06,2.68e-06,154056259892.0
2026-06-23 18:00:00,2.68e-06,2.69e-06,2.67e-06,2.68e-06,79025779015.0
2026-06-23 19:00:00,2.68e-06,2.7e-06,2.67e-06,2.69e-06,96438644058.0
2026-06-23 20:00:00,2.7e-06,2.7e-06,2.68e-06,2.69e-06,37825561408.0
2026-06-23 21:00:00,2.69e-06,2.7e-06,2.68e-06,2.69e-06,82568629474.0
2026-06-23 22:00:00,2.69e-06,2.71e-06,2.68e-06,2.7e-06,125280566124.0
2026-06-23 23:00:00,2.69e-06,2.71e-06,2.68e-06,2.7e-06,140608402366.0
2026-06-24 00:00:00,2.69e-06,2.71e-06,2.69e-06,2.71e-06,164545625780.0
2026-06-24 01:00:00,2.71e-06,2.72e-06,2.69e-06,2.7e-06,98402543367.0
2026-06-24 02:00:00,2.71e-06,2.71e-06,2.68e-06,2.69e-06,122938225009.0
2026-06-24 03:00:00,2.69e-06,2.7e-06,2.67e-06,2.68e-06,125870801316.0
2026-06-24 04:00:00,2.68e-06,2.69e-06,2.64e-06,2.68e-06,118416511417.0
2026-06-24 05:00:00,2.68e-06,2.69e-06,2.67e-06,2.68e-06,114004023074.0
2026-06-24 06:00:00,2.68e-06,2.69e-06,2.66e-06,2.68e-06,85748470659.0
2026-06-24 07:00:00,2.68e-06,2.68e-06,2.65e-06,2.67e-06,143094044435.0
2026-06-24 08:00:00,2.67e-06,2.67e-06,2.65e-06,2.67e-06,143495842052.0
2026-06-24 09:00:00,2.66e-06,2.67e-06,2.64e-06,2.65e-06,204734610547.0
2026-06-24 10:00:00,2.65e-06,2.65e-06,2.62e-06,2.63e-06,222795271886.0
2026-06-24 11:00:00,2.63e-06,2.68e-06,2.61e-06,2.66e-06,376343970099.0
2026-06-24 12:00:00,2.66e-06,2.67e-06,2.64e-06,2.65e-06,157969613446.0
2026-06-24 13:00:00,2.65e-06,2.66e-06,2.58e-06,2.6e-06,898524353094.0
2026-06-24 14:00:00,2.6e-06,2.62e-06,2.59e-06,2.6e-06,392669903672.0
2026-06-24 15:00:00,2.6e-06,2.6e-06,2.51e-06,2.53e-06,631636377621.0
2026-06-24 16:00:00,2.53e-06,2.55e-06,2.44e-06,2.46e-06,939253944501.0
2026-06-24 17:00:00,2.46e-06,2.49e-06,2.42e-06,2.44e-06,859030469913.0
2026-06-24 18:00:00,2.44e-06,2.5e-06,2.43e-06,2.48e-06,1449167834665.0
2026-06-24 19:00:00,2.47e-06,2.49e-06,2.46e-06,2.49e-06,283567040297.0
2026-06-24 20:00:00,2.49e-06,2.54e-06,2.48e-06,2.54e-06,620586574929.0
2026-06-24 21:00:00,2.54e-06,2.54e-06,2.5e-06,2.53e-06,321522201294.0
2026-06-24 22:00:00,2.53e-06,2.55e-06,2.52e-06,2.53e-06,200507465984.0
2026-06-24 23:00:00,2.53e-06,2.55e-06,2.52e-06,2.53e-06,169011626315.0
2026-06-25 00:00:00,2.54e-06,2.56e-06,2.52e-06,2.53e-06,198801139780.0
2026-06-25 01:00:00,2.53e-06,2.54e-06,2.51e-06,2.53e-06,61998172773.0
2026-06-25 02:00:00,2.53e-06,2.53e-06,2.51e-06,2.52e-06,27551014679.0
2026-06-25 03:00:00,2.52e-06,2.53e-06,2.51e-06,2.52e-06,84972798447.0
2026-06-25 04:00:00,2.52e-06,2.55e-06,2.51e-06,2.55e-06,70499661374.0
2026-06-25 05:00:00,2.54e-06,2.57e-06,2.54e-06,2.55e-06,316921466992.0
2026-06-25 06:00:00,2.54e-06,2.56e-06,2.54e-06,2.54e-06,84123112907.0
2026-06-25 07:00:00,2.55e-06,2.55e-06,2.53e-06,2.54e-06,108299328240.0
2026-06-25 08:00:00,2.54e-06,2.54e-06,2.53e-06,2.53e-06,27831421124.0
2026-06-25 09:00:00,2.54e-06,2.55e-06,2.52e-06,2.53e-06,117501764974.0
2026-06-25 10:00:00,2.53e-06,2.54e-06,2.5e-06,2.5e-06,163693898804.0
2026-06-25 11:00:00,2.5e-06,2.51e-06,2.48e-06,2.49e-06,176839399639.0
2026-06-25 12:00:00,2.48e-06,2.51e-06,2.45e-06,2.48e-06,413316022044.0
2026-06-25 13:00:00,2.48e-06,2.5e-06,2.3e-06,2.32e-06,1971841732966.0
2026-06-25 14:00:00,2.32e-06,2.42e-06,2.32e-06,2.37e-06,1919783718600.0
2026-06-25 15:00:00,2.37e-06,2.38e-06,2.33e-06,2.38e-06,524255436091.0
2026-06-25 16:00:00,2.38e-06,2.4e-06,2.31e-06,2.31e-06,1151904198966.0
2026-06-25 17:00:00,2.32e-06,2.37e-06,2.31e-06,2.36e-06,693192856897.0
2026-06-25 18:00:00,2.36e-06,2.36e-06,2.31e-06,2.33e-06,431550928896.0
2026-06-25 19:00:00,2.32e-06,2.33e-06,2.31e-06,2.32e-06,374635844239.0
2026-06-25 20:00:00,2.32e-06,2.35e-06,2.31e-06,2.32e-06,386544083455.0
2026-06-25 21:00:00,2.32e-06,2.37e-06,2.31e-06,2.37e-06,321546478090.0
2026-06-25 22:00:00,2.36e-06,2.37e-06,2.34e-06,2.36e-06,497699982787.0
2026-06-25 23:00:00,2.36e-06,2.38e-06,2.34e-06,2.36e-06,272578310536.0
2026-06-26 00:00:00,2.36e-06,2.37e-06,2.34e-06,2.35e-06,214152870556.0
2026-06-26 01:00:00,2.35e-06,2.36e-06,2.32e-06,2.34e-06,313946603019.0
2026-06-26 02:00:00,2.34e-06,2.34e-06,2.27e-06,2.29e-06,690678478380.0
2026-06-26 03:00:00,2.29e-06,2.35e-06,2.27e-06,2.35e-06,584207959868.0
2026-06-26 04:00:00,2.34e-06,2.36e-06,2.33e-06,2.33e-06,190507570121.0
2026-06-26 05:00:00,2.34e-06,2.35e-06,2.32e-06,2.33e-06,315711816376.0
2026-06-26 06:00:00,2.34e-06,2.38e-06,2.32e-06,2.37e-06,286487004145.0
2026-06-26 07:00:00,2.36e-06,2.39e-06,2.36e-06,2.38e-06,217542402797.0
2026-06-26 08:00:00,2.38e-06,2.38e-06,2.35e-06,2.36e-06,181273672640.0
2026-06-26 09:00:00,2.36e-06,2.36e-06,2.33e-06,2.34e-06,201805529956.0
2026-06-26 10:00:00,2.34e-06,2.35e-06,2.32e-06,2.33e-06,264108856985.0
2026-06-26 11:00:00,2.33e-06,2.35e-06,2.29e-06,2.32e-06,464125501607.0
2026-06-26 12:00:00,2.32e-06,2.35e-06,2.3e-06,2.32e-06,321630048362.0
2026-06-26 13:00:00,2.31e-06,2.38e-06,2.3e-06,2.37e-06,593778404611.0
2026-06-26 14:00:00,2.38e-06,2.39e-06,2.35e-06,2.35e-06,595452502052.0
2026-06-26 15:00:00,2.35e-06,2.39e-06,2.34e-06,2.37e-06,634784006018.0
2026-06-26 16:00:00,2.37e-06,2.41e-06,2.36e-06,2.39e-06,324023025796.0
2026-06-26 17:00:00,2.39e-06,2.42e-06,2.38e-06,2.39e-06,211813066265.0
2026-06-26 18:00:00,2.4e-06,2.41e-06,2.38e-06,2.38e-06,108975965574.0
2026-06-26 19:00:00,2.38e-06,2.41e-06,2.38e-06,2.39e-06,277397706896.0
2026-06-26 20:00:00,2.38e-06,2.41e-06,2.37e-06,2.38e-06,368193069904.0
2026-06-26 21:00:00,2.39e-06,2.39e-06,2.37e-06,2.38e-06,94091219387.0
2026-06-26 22:00:00,2.38e-06,2.39e-06,2.36e-06,2.39e-06,67181054312.0
2026-06-26 23:00:00,2.39e-06,2.39e-06,2.38e-06,2.39e-06,11078699510.0
2026-06-27 00:00:00,2.39e-06,2.4e-06,2.37e-06,2.38e-06,178612668634.0
2026-06-27 01:00:00,2.39e-06,2.4e-06,2.38e-06,2.4e-06,88497146983.0
2026-06-27 02:00:00,2.4e-06,2.43e-06,2.39e-06,2.43e-06,368398138947.0
2026-06-27 03:00:00,2.42e-06,2.43e-06,2.41e-06,2.41e-06,88698051579.0
2026-06-27 04:00:00,2.41e-06,2.43e-06,2.41e-06,2.42e-06,74608959760.0
2026-06-27 05:00:00,2.41e-06,2.44e-06,2.4e-06,2.43e-06,189285825805.0
2026-06-27 06:00:00,2.43e-06,2.44e-06,2.41e-06,2.43e-06,230400683904.0
2026-06-27 07:00:00,2.43e-06,2.43e-06,2.41e-06,2.43e-06,67880969823.0
2026-06-27 08:00:00,2.43e-06,2.43e-06,2.41e-06,2.41e-06,151694474484.0
2026-06-27 09:00:00,2.41e-06,2.43e-06,2.4e-06,2.42e-06,223634073032.0
2026-06-27 10:00:00,2.42e-06,2.42e-06,2.41e-06,2.42e-06,31737181294.0
2026-06-27 11:00:00,2.42e-06,2.42e-06,2.39e-06,2.41e-06,208328952973.0
2026-06-27 12:00:00,2.41e-06,2.42e-06,2.39e-06,2.41e-06,86534760039.0
2026-06-27 13:00:00,2.42e-06,2.43e-06,2.41e-06,2.42e-06,112240262274.0
2026-06-27 14:00:00,2.43e-06,2.45e-06,2.42e-06,2.44e-06,279035741755.0
2026-06-27 15:00:00,2.44e-06,2.46e-06,2.44e-06,2.45e-06,196368656446.0
2026-06-27 16:00:00,2.44e-06,2.46e-06,2.44e-06,2.45e-06,183905715813.0
2026-06-27 17:00:00,2.44e-06,2.45e-06,2.41e-06,2.42e-06,157660620523.0
2026-06-27 18:00:00,2.42e-06,2.42e-06,2.39e-06,2.4e-06,142169089029.0
2026-06-27 19:00:00,2.4e-06,2.42e-06,2.37e-06,2.39e-06,182302755845.0
2026-06-27 20:00:00,2.4e-06,2.4e-06,2.38e-06,2.39e-06,66895925468.0
2026-06-27 21:00:00,2.39e-06,2.4e-06,2.37e-06,2.39e-06,115847372579.0
2026-06-27 22:00:00,2.38e-06,2.39e-06,2.35e-06,2.39e-06,282405426109.0
2026-06-27 23:00:00,2.39e-06,2.4e-06,2.37e-06,2.38e-06,138278141243.0
2026-06-28 00:00:00,2.38e-06,2.39e-06,2.37e-06,2.38e-06,55209066201.0
2026-06-28 01:00:00,2.38e-06,2.38e-06,2.36e-06,2.38e-06,25199329991.0
2026-06-28 02:00:00,2.37e-06,2.39e-06,2.36e-06,2.38e-06,67423277848.0
2026-06-28 03:00:00,2.37e-06,2.39e-06,2.37e-06,2.38e-06,141296847049.0
2026-06-28 04:00:00,2.38e-06,2.39e-06,2.37e-06,2.38e-06,72380895320.0
2026-06-28 05:00:00,2.39e-06,2.39e-06,2.36e-06,2.37e-06,65348397146.0
2026-06-28 06:00:00,2.38e-06,2.38e-06,2.35e-06,2.37e-06,73140994647.0
2026-06-28 07:00:00,2.36e-06,2.39e-06,2.36e-06,2.38e-06,43431710176.0
2026-06-28 08:00:00,2.39e-06,2.41e-06,2.38e-06,2.39e-06,231235312705.0
2026-06-28 09:00:00,2.4e-06,2.42e-06,2.38e-06,2.38e-06,309258482173.0
2026-06-28 10:00:00,2.38e-06,2.4e-06,2.37e-06,2.39e-06,222173401057.0
2026-06-28 11:00:00,2.39e-06,2.42e-06,2.39e-06,2.41e-06,194945070138.0
2026-06-28 12:00:00,2.41e-06,2.42e-06,2.39e-06,2.39e-06,115761139834.0
2026-06-28 13:00:00,2.39e-06,2.4e-06,2.37e-06,2.38e-06,93437309489.0
2026-06-28 14:00:00,2.38e-06,2.41e-06,2.38e-06,2.4e-06,142083889000.0
2026-06-28 15:00:00,2.39e-06,2.4e-06,2.37e-06,2.39e-06,180909850392.0
2026-06-28 16:00:00,2.39e-06,2.4e-06,2.37e-06,2.38e-06,195835124114.0
2026-06-28 17:00:00,2.39e-06,2.4e-06,2.36e-06,2.37e-06,189908851056.0
2026-06-28 18:00:00,2.37e-06,2.38e-06,2.36e-06,2.37e-06,88741762321.0
2026-06-28 19:00:00,2.37e-06,2.38e-06,2.35e-06,2.37e-06,144359328601.0
2026-06-28 20:00:00,2.36e-06,2.38e-06,2.35e-06,2.37e-06,181723304857.0
2026-06-28 21:00:00,2.38e-06,2.38e-06,2.33e-06,2.35e-06,179884043932.0
2026-06-28 22:00:00,2.35e-06,2.39e-06,2.31e-06,2.33e-06,695580295841.0
2026-06-28 23:00:00,2.33e-06,2.37e-06,2.33e-06,2.36e-06,305493446938.0
2026-06-29 00:00:00,2.35e-06,2.37e-06,2.32e-06,2.36e-06,356453967745.0
2026-06-29 01:00:00,2.37e-06,2.37e-06,2.34e-06,2.35e-06,133028178587.0
2026-06-29 02:00:00,2.35e-06,2.37e-06,2.32e-06,2.36e-06,216575160942.0
2026-06-29 03:00:00,2.37e-06,2.4e-06,2.36e-06,2.37e-06,407849812162.0
2026-06-29 04:00:00,2.37e-06,2.38e-06,2.34e-06,2.35e-06,86835475599.0
2026-06-29 05:00:00,2.36e-06,2.37e-06,2.33e-06,2.36e-06,117862520066.0
2026-06-29 06:00:00,2.37e-06,2.39e-06,2.35e-06,2.36e-06,186549099394.0
2026-06-29 07:00:00,2.36e-06,2.36e-06,2.34e-06,2.36e-06,263453920770.0
2026-06-29 08:00:00,2.36e-06,2.36e-06,2.32e-06,2.33e-06,270798088254.0
2026-06-29 09:00:00,2.34e-06,2.36e-06,2.33e-06,2.35e-06,98912085236.0
2026-06-29 10:00:00,2.35e-06,2.37e-06,2.35e-06,2.36e-06,124364007984.0
2026-06-29 11:00:00,2.35e-06,2.36e-06,2.33e-06,2.34e-06,120192245198.0
2026-06-29 12:00:00,2.35e-06,2.39e-06,2.33e-06,2.35e-06,557788512073.0
2026-06-29 13:00:00,2.36e-06,2.38e-06,2.32e-06,2.34e-06,758211649016.0
2026-06-29 14:00:00,2.33e-06,2.35e-06,2.31e-06,2.35e-06,593235616875.0
2026-06-29 15:00:00,2.35e-06,2.36e-06,2.32e-06,2.36e-06,347932296880.0
2026-06-29 16:00:00,2.36e-06,2.37e-06,2.33e-06,2.36e-06,265448095535.0
2026-06-29 17:00:00,2.35e-06,2.42e-06,2.35e-06,2.4e-06,463749365056.0
2026-06-29 18:00:00,2.4e-06,2.41e-06,2.38e-06,2.39e-06,228131279192.0
2026-06-29 19:00:00,2.39e-06,2.41e-06,2.38e-06,2.39e-06,271406904669.0
2026-06-29 20:00:00,2.4e-06,2.4e-06,2.37e-06,2.38e-06,141487176689.0
2026-06-29 21:00:00,2.37e-06,2.4e-06,2.36e-06,2.38e-06,108188828203.0
2026-06-29 22:00:00,2.39e-06,2.39e-06,2.35e-06,2.35e-06,76055071635.0
2026-06-29 23:00:00,2.35e-06,2.36e-06,2.34e-06,2.36e-06,93118980635.0
2026-06-30 00:00:00,2.35e-06,2.37e-06,2.33e-06,2.34e-06,230144234108.0
2026-06-30 01:00:00,2.34e-06,2.35e-06,2.32e-06,2.34e-06,170061907823.0
2026-06-30 02:00:00,2.33e-06,2.36e-06,2.32e-06,2.34e-06,138856235931.0
2026-06-30 03:00:00,2.34e-06,2.36e-06,2.33e-06,2.34e-06,126073226729.0
2026-06-30 04:00:00,2.34e-06,2.36e-06,2.33e-06,2.36e-06,113717225041.0
2026-06-30 05:00:00,2.35e-06,2.36e-06,2.33e-06,2.35e-06,107996144044.0
2026-06-30 06:00:00,2.34e-06,2.36e-06,2.34e-06,2.34e-06,73017776793.0
2026-06-30 07:00:00,2.35e-06,2.35e-06,2.33e-06,2.33e-06,84153182606.0
2026-06-30 08:00:00,2.33e-06,2.34e-06,2.32e-06,2.34e-06,335690144142.0
2026-06-30 09:00:00,2.34e-06,2.34e-06,2.33e-06,2.34e-06,111882373333.0
2026-06-30 10:00:00,2.34e-06,2.36e-06,2.33e-06,2.35e-06,298156275893.0
2026-06-30 11:00:00,2.35e-06,2.35e-06,2.32e-06,2.34e-06,171410837411.0
2026-06-30 12:00:00,2.33e-06,2.34e-06,2.29e-06,2.3e-06,423581708542.0
2026-06-30 13:00:00,2.3e-06,2.33e-06,2.29e-06,2.33e-06,571913201013.0
2026-06-30 14:00:00,2.33e-06,2.36e-06,2.31e-06,2.31e-06,463562731964.0
2026-06-30 15:00:00,2.32e-06,2.33e-06,2.3e-06,2.32e-06,189561461747.0
2026-06-30 16:00:00,2.32e-06,2.36e-06,2.31e-06,2.34e-06,371408557932.0
2026-06-30 17:00:00,2.35e-06,2.36e-06,2.32e-06,2.33e-06,134225654285.0
2026-06-30 18:00:00,2.33e-06,2.36e-06,2.32e-06,2.35e-06,219423504839.0
2026-06-30 19:00:00,2.34e-06,2.35e-06,2.33e-06,2.34e-06,196831594995.0
2026-06-30 20:00:00,2.34e-06,2.34e-06,2.32e-06,2.33e-06,120635653002.0
2026-06-30 21:00:00,2.32e-06,2.33e-06,2.31e-06,2.33e-06,138425577829.0
2026-06-30 22:00:00,2.33e-06,2.34e-06,2.32e-06,2.34e-06,111229829004.0
2026-06-30 23:00:00,2.33e-06,2.34e-06,2.32e-06,2.33e-06,117405162388.0
2026-07-01 00:00:00,2.32e-06,2.34e-06,2.31e-06,2.33e-06,93654690899.0
2026-07-01 01:00:00,2.33e-06,2.34e-06,2.26e-06,2.31e-06,1006035484845.0
2026-07-01 02:00:00,2.31e-06,2.34e-06,2.31e-06,2.32e-06,247929875133.0
2026-07-01 03:00:00,2.33e-06,2.35e-06,2.31e-06,2.33e-06,328099027462.0
2026-07-01 04:00:00,2.33e-06,2.35e-06,2.33e-06,2.34e-06,128228881176.0
2026-07-01 05:00:00,2.35e-06,2.35e-06,2.32e-06,2.34e-06,153568731115.0
2026-07-01 06:00:00,2.34e-06,2.34e-06,2.24e-06,2.27e-06,892711897561.0
2026-07-01 07:00:00,2.27e-06,2.28e-06,2.25e-06,2.27e-06,418724903383.0
2026-07-01 08:00:00,2.27e-06,2.29e-06,2.26e-06,2.29e-06,253743785659.0
2026-07-01 09:00:00,2.29e-06,2.29e-06,2.27e-06,2.29e-06,65204435331.0
2026-07-01 10:00:00,2.29e-06,2.29e-06,2.26e-06,2.27e-06,92837246467.0
2026-07-01 11:00:00,2.28e-06,2.29e-06,2.25e-06,2.26e-06,228703373831.0
2026-07-01 12:00:00,2.27e-06,2.27e-06,2.25e-06,2.26e-06,179432296632.0
2026-07-01 13:00:00,2.26e-06,2.3e-06,2.23e-06,2.3e-06,786772477166.0
2026-07-01 14:00:00,2.3e-06,2.32e-06,2.27e-06,2.31e-06,509137332954.0
2026-07-01 15:00:00,2.31e-06,2.37e-06,2.31e-06,2.36e-06,792061517140.0
2026-07-01 16:00:00,2.36e-06,2.37e-06,2.33e-06,2.33e-06,198286915231.0
2026-07-01 17:00:00,2.33e-06,2.37e-06,2.32e-06,2.36e-06,281154987551.0
2026-07-01 18:00:00,2.35e-06,2.36e-06,2.32e-06,2.33e-06,176851618950.0
2026-07-01 19:00:00,2.33e-06,2.34e-06,2.31e-06,2.32e-06,113516529259.0
2026-07-01 20:00:00,2.32e-06,2.34e-06,2.3e-06,2.33e-06,164867289629.0
2026-07-01 21:00:00,2.33e-06,2.4e-06,2.32e-06,2.38e-06,222912399711.0
2026-07-01 22:00:00,2.39e-06,2.4e-06,2.35e-06,2.35e-06,310781690530.0
2026-07-01 23:00:00,2.36e-06,2.36e-06,2.32e-06,2.33e-06,229756964265.0
2026-07-02 00:00:00,2.33e-06,2.33e-06,2.3e-06,2.32e-06,436482437735.0
2026-07-02 01:00:00,2.32e-06,2.36e-06,2.31e-06,2.33e-06,326902408795.0
2026-07-02 02:00:00,2.33e-06,2.36e-06,2.33e-06,2.35e-06,215302076019.0
2026-07-02 03:00:00,2.36e-06,2.4e-06,2.34e-06,2.39e-06,595141795135.0
2026-07-02 04:00:00,2.39e-06,2.4e-06,2.37e-06,2.39e-06,286411374800.0
2026-07-02 05:00:00,2.39e-06,2.39e-06,2.36e-06,2.37e-06,206539725446.0
2026-07-02 06:00:00,2.37e-06,2.38e-06,2.35e-06,2.37e-06,139683623878.0
2026-07-02 07:00:00,2.37e-06,2.38e-06,2.35e-06,2.38e-06,119122719086.0
2026-07-02 08:00:00,2.38e-06,2.41e-06,2.37e-06,2.39e-06,255522891098.0
2026-07-02 09:00:00,2.4e-06,2.43e-06,2.38e-06,2.41e-06,594293320139.0
2026-07-02 10:00:00,2.41e-06,2.43e-06,2.4e-06,2.43e-06,302563492782.0
2026-07-02 11:00:00,2.43e-06,2.45e-06,2.42e-06,2.43e-06,369401349640.0
2026-07-02 12:00:00,2.44e-06,2.45e-06,2.42e-06,2.43e-06,470900217056.0
2026-07-02 13:00:00,2.44e-06,2.5e-06,2.43e-06,2.47e-06,975439217797.0
2026-07-02 14:00:00,2.47e-06,2.49e-06,2.43e-06,2.44e-06,640231617698.0
2026-07-02 15:00:00,2.45e-06,2.46e-06,2.42e-06,2.43e-06,286427906819.0
2026-07-02 16:00:00,2.44e-06,2.45e-06,2.41e-06,2.43e-06,318134252586.0
2026-07-02 17:00:00,2.44e-06,2.45e-06,2.42e-06,2.44e-06,128751414320.0
2026-07-02 18:00:00,2.43e-06,2.44e-06,2.42e-06,2.44e-06,47502201492.0
2026-07-02 19:00:00,2.44e-06,2.45e-06,2.42e-06,2.43e-06,160411613577.0
2026-07-02 20:00:00,2.43e-06,2.45e-06,2.42e-06,2.44e-06,130061883280.0
2026-07-02 21:00:00,2.44e-06,2.44e-06,2.42e-06,2.43e-06,62463430632.0
2026-07-02 22:00:00,2.43e-06,2.44e-06,2.42e-06,2.44e-06,46508807990.0
2026-07-02 23:00:00,2.43e-06,2.46e-06,2.42e-06,2.45e-06,208697743864.0
2026-07-03 00:00:00,2.45e-06,2.45e-06,2.43e-06,2.43e-06,102734033085.0
2026-07-03 01:00:00,2.43e-06,2.46e-06,2.43e-06,2.45e-06,77917325383.0
